vpv1,ipv1,pv1_watt,vpv2,ipv2,pv2_watt,pac_total,freq,vac1,iac1,energia_hoy,energia_total,temp_inversor,Energìa PV1,Energìa PV2,codigo_error,irradiancia,temp1,temp2,timestamp
0,0,0.0,0,0,0.0,0.0,0,0,0,0.0,883.6,0,0.0,0.0,0,-38.845008416418494,22.687,22.5,2025-06-22 05:26:29
,0,0.0,0,0,0.0,0.0,0,0,0,0.0,883.6,0,0.0,0.0,0,-38.845008416418494,22.687,22.75,2025-06-22 05:26:47
0,0,0.0,0,0,0.0,0.0,0,0,0,0.0,883.6,0,0.0,0.0,0,-38.845008416418494,22.687,22.687,2025-06-22 05:27:49
0,0,0.0,0,0,0.0,0.0,0,0,0,0.0,883.6,0,0.0,0.0,0,-38.845008416418494,22.687,22.5,2025-06-22 05:28:32
134.6,0,0.0,134.3,0,0.0,0.0,59.99,215,0,0.0,883.6,23,0.0,0.0,0,-38.845008416418494,22.687,22.687,2025-06-22 05:28:52
148.1,0,0.0,148.1,0,0.0,0.0,59.99,214.7,0,0.0,883.6,23,0.0,0.0,0,-38.845008416418494,22.625,22.5,2025-06-22 05:29:35
149,0,0.0,148.9,0,0.0,0.0,59.98,214.7,0,0.0,883.6,23,0.0,0.0,0,-38.845008416418494,22.625,22.625,2025-06-22 05:29:54
150.6,0,0.0,150.4,0,0.0,0.0,60.04,214.9,0,0.0,883.6,23.1,0.0,0.0,0,-38.845008416418494,22.625,22.5,2025-06-22 05:30:37
151.2,0,0.0,151,0,0.0,0.0,60.02,215,0,0.0,883.6,23.1,0.0,0.0,0,-38.845008416418494,22.625,22.625,2025-06-22 05:30:57
152.2,0,0.0,152,0,0.0,0.0,60,215.1,0,0.0,883.6,23.1,0.0,0.0,0,-38.845008416418494,22.625,22.5,2025-06-22 05:31:40
152.5,0,0.0,152.3,0,0.0,0.0,59.98,214.9,0,0.0,883.6,23.1,0.0,0.0,0,0.0,22.625,22.625,2025-06-22 05:31:59
153.3,0,0.0,153.2,0,0.0,0.0,60.01,215.1,0,0.0,883.6,23.1,0.0,0.0,0,-38.845008416418494,22.625,22.5,2025-06-22 05:32:42
153.5,0,0.0,153.5,0,0.0,0.0,60.04,215.1,0,0.0,883.6,23.1,0.0,0.0,0,-38.845008416418494,22.625,22.625,2025-06-22 05:33:01
99.5,0,0.0,87,0,0.0,0.0,60.03,215,0,0.0,883.6,23.1,0.0,0.0,0,-38.845008416418494,22.625,22.5,2025-06-22 05:33:45
120.8,0,0.0,108.2,0,0.0,0.0,59.97,215.1,0,0.0,883.6,23.1,0.0,0.0,0,-38.845008416418494,22.625,22.625,2025-06-22 05:34:04
155.2,0,0.0,155.1,0,0.0,0.0,60,214.9,0,0.0,883.6,23.2,0.0,0.0,0,-38.845008416418494,22.625,22.562,2025-06-22 05:34:47
155.5,0,0.0,155.3,0,0.0,0.0,59.97,214.9,0,0.0,883.6,23.2,0.0,0.0,0,0.0,22.625,22.625,2025-06-22 05:35:06
156,0,0.0,155.8,0,0.0,0.0,60,214.8,0,0.0,883.6,23.2,0.0,0.0,0,0.0,22.625,22.562,2025-06-22 05:35:50
156.2,0,0.0,156,0,0.0,0.0,59.99,214.9,0,0.0,883.6,23.2,0.0,0.0,0,-38.845008416418494,22.687,22.687,2025-06-22 05:36:09
156.9,0,0.0,156.7,0,0.0,0.0,60.04,215,0,0.0,883.6,23.2,0.0,0.0,0,-38.845008416418494,22.625,22.562,2025-06-22 05:36:52
157.1,0,0.0,156.9,0,0.0,0.0,60.02,214.8,0,0.0,883.6,23.2,0.0,0.0,0,-38.845008416418494,22.687,22.687,2025-06-22 05:37:11
157.6,0,0.0,157.4,0,0.0,0.0,60.01,214.9,0,0.0,883.6,23.2,0.0,0.0,0,-38.845008416418494,22.625,22.562,2025-06-22 05:37:55
157.8,0,0.0,157.6,0,0.0,0.0,59.98,214.9,0,0.0,883.6,23.3,0.0,0.0,0,0.0,22.687,22.687,2025-06-22 05:38:14
99.8,0,0.0,86.7,0,0.0,0.0,59.99,215,0,0.0,883.6,23.3,0.0,0.0,0,0.0,22.687,22.562,2025-06-22 05:38:57
161.4,0,0.0,158,0,0.0,0.0,60,214.7,0,0.0,883.6,23.3,0.0,0.0,0,0.0,22.687,22.687,2025-06-22 05:39:16
158.6,0,0.0,158.3,0,0.0,0.0,60.03,214.9,0,0.0,883.6,23.3,0.0,0.0,0,0.0,22.687,22.562,2025-06-22 05:40:00
158.7,0,0.0,158.4,0,0.0,0.0,60.02,214.8,0,0.0,883.6,23.3,0.0,0.0,0,-38.845008416418494,22.687,22.687,2025-06-22 05:40:19
159.1,0,0.0,158.6,0,0.0,0.0,60.03,215,0,0.0,883.6,23.3,0.0,0.0,0,-38.845008416418494,22.687,22.562,2025-06-22 05:41:02
159.2,0,0.0,158.7,0,0.0,0.0,60.04,214.9,0,0.0,883.6,23.3,0.0,0.0,0,0.0,22.687,22.687,2025-06-22 05:41:21
159.3,0,0.0,158.8,0,0.0,0.0,60.01,215,0,0.0,883.6,23.4,0.0,0.0,0,0.0,22.687,22.562,2025-06-22 05:42:04
159.3,0,0.0,158.8,0,0.0,0.0,60.01,215,0,0.0,883.6,23.4,0.0,0.0,0,-38.845008416418494,22.75,22.75,2025-06-22 05:42:24
159.5,0,0.0,158.9,0,0.0,0.0,59.99,214.9,0,0.0,883.6,23.4,0.0,0.0,0,-38.845008416418494,22.75,22.625,2025-06-22 05:43:07
159.5,0,0.0,159,0,0.0,0.0,59.98,214.8,0,0.0,883.6,23.4,0.0,0.0,0,0.0,22.75,22.75,2025-06-22 05:43:26
162.2,0,0.0,159,0,0.0,0.0,60.02,215,0,0.0,883.6,23.4,0.0,0.0,0,0.0,22.75,22.625,2025-06-22 05:44:09
145.5,0,13.5,149.2,0,5.2,18.3,60.01,215,0.4,0.0,883.6,23.4,0.0,0.0,0,-38.845008416418494,22.75,22.812,2025-06-22 05:44:29
132.4,0,14.7,134.9,0,6.1,20.5,60,215,0.3,0.0,883.6,23.6,0.0,0.0,0,0.0,22.75,22.625,2025-06-22 05:45:12
124,0,14.3,143.5,0,5.1,19.3,60.04,214.6,0.4,0.0,883.6,23.6,0.0,0.0,0,0.0,22.75,22.812,2025-06-22 05:45:31
123.9,0,13.5,116.5,0,5.7,18.9,60.05,214.7,0.4,0.0,883.6,23.7,0.0,0.0,0,-38.845008416418494,22.75,22.625,2025-06-22 05:46:14
123.7,0,14.0,104.7,0,5.3,19.1,60.05,215,0.5,0.0,883.6,23.8,0.0,0.0,0,-38.845008416418494,22.75,22.812,2025-06-22 05:46:34
117.8,0,15.0,116.6,0,5.1,20.1,60.05,214.9,0.4,0.0,883.6,23.9,0.0,0.0,0,-38.845008416418494,22.812,22.625,2025-06-22 05:47:17
129.7,0,15.0,111.4,0,5.4,20.1,60.03,215,0.4,0.0,883.6,23.9,0.0,0.0,0,0.0,22.812,22.812,2025-06-22 05:47:36
132.9,0,15.1,108.2,0,5.7,20.6,60.04,215,0.5,0.0,883.6,24,0.0,0.0,0,0.0,22.812,22.625,2025-06-22 05:48:19
148.5,0,17.3,147.1,0,6.0,23.0,60.01,214.7,0.4,0.0,883.6,24,0.0,0.0,0,0.0,22.812,22.812,2025-06-22 05:48:38
120.9,0,17.2,140.2,0,7.0,23.9,59.99,214.8,0.4,0.0,883.6,24.1,0.0,0.0,0,-38.845008416418494,22.812,22.625,2025-06-22 05:49:22
123.8,0,17.3,132.1,0,6.4,23.7,59.98,215,0.4,0.0,883.6,24.2,0.0,0.0,0,0.0,22.812,22.812,2025-06-22 05:49:41
134.9,0,18.1,131,0,7.5,25.3,60,214.8,0.4,0.0,883.6,24.3,0.0,0.0,0,0.0,22.812,22.687,2025-06-22 05:50:24
129.8,0,19.5,135.8,0,6.6,25.8,60.03,214.9,0.3,0.0,883.6,24.3,0.0,0.0,0,0.0,22.812,22.812,2025-06-22 05:50:43
126.8,0,19.2,130.2,0,6.9,25.0,59.99,215,0.4,0.0,883.6,24.4,0.0,0.0,0,0.0,22.812,22.687,2025-06-22 05:51:27
127.1,0,18.3,120.5,0,7.3,25.6,60.01,214.9,0.4,0.0,883.6,24.4,0.0,0.0,0,0.0,22.812,22.812,2025-06-22 05:51:46
123.9,0,18.7,114.5,0,7.0,25.3,60,215,0.5,0.0,883.6,24.5,0.0,0.0,0,0.0,22.812,22.687,2025-06-22 05:52:29
126.6,0,18.5,146.4,0,6.1,20.5,59.98,215,0.4,0.0,883.6,24.6,0.0,0.0,0,0.0,22.812,22.875,2025-06-22 05:52:48
136.7,0,19.3,139.4,0,9.3,28.3,59.99,214.7,0.5,0.0,883.6,24.6,0.0,0.0,0,-38.845008416418494,22.812,22.687,2025-06-22 05:53:32
136.6,0,20.1,130.5,0,8.8,28.6,60,214.8,0.5,0.0,883.6,24.7,0.0,0.0,0,0.0,22.812,22.875,2025-06-22 05:53:51
139.7,0,21.7,133.3,0,8.7,29.9,60,214.7,0.4,0.0,883.6,24.8,0.0,0.0,0,0.0,22.875,22.625,2025-06-22 05:54:34
136.8,0,20.3,130.5,0,10.0,29.7,59.98,214.8,0.5,0.0,883.6,24.8,0.0,0.0,0,0.0,22.875,22.875,2025-06-22 05:54:53
135.6,0,21.0,132.7,0,10.9,31.5,60,214.8,0.4,0.0,883.6,24.9,0.0,0.0,0,0.0,22.875,22.687,2025-06-22 05:55:36
139.7,0,22.3,130.6,0,9.7,31.6,60.02,214.9,0.4,0.0,883.6,24.9,0.0,0.0,0,0.0,22.875,22.875,2025-06-22 05:55:56
143.2,0,23.2,139.4,0,12.2,34.9,59.98,214.7,0.4,0.0,883.6,25,0.0,0.0,0,0.0,22.875,22.687,2025-06-22 05:56:39
145.5,0,24.6,142.5,0,11.4,35.4,59.98,214.8,0.5,0.0,883.6,25,0.0,0.0,0,0.0,22.937,22.937,2025-06-22 05:56:58
145.9,0,25.0,134,0,12.0,36.7,59.99,214.8,0.4,0.0,883.6,25.1,0.0,0.0,0,0.0,22.875,22.75,2025-06-22 05:57:41
149.5,0,27.0,143.7,0,12.7,39.0,59.98,214.7,0.4,0.0,883.6,25.2,0.0,0.0,0,0.0,22.937,22.937,2025-06-22 05:58:01
145.6,0.1,27.9,139.2,0,13.3,40.6,60.04,214.6,0.4,0.0,883.6,25.2,0.0,0.0,0,0.0,22.937,22.75,2025-06-22 05:58:44
144,0.1,27.4,126,0,13.3,40.0,60.03,214.6,0.5,0.0,883.6,25.3,0.0,0.0,0,0.0,22.937,22.937,2025-06-22 05:59:03
145,0.1,29.9,145.1,0,15.4,44.3,59.96,214.7,0.4,0.0,883.6,25.4,0.0,0.0,0,0.0,22.937,22.75,2025-06-22 05:59:46
146.8,0.1,31.8,140.8,0,15.6,46.2,59.97,214.8,0.4,0.0,883.6,25.4,0.0,0.0,0,0.0,22.937,22.937,2025-06-22 06:00:06
153.1,0.1,33.3,141,0,17.3,48.3,59.99,214.6,0.4,0.0,883.6,25.5,0.0,0.0,0,0.0,22.937,22.75,2025-06-22 06:00:49
143.5,0.1,33.5,141.7,0,17.2,49.9,59.99,214.7,0.4,0.0,883.6,25.5,0.0,0.0,0,0.0,23.0,23.0,2025-06-22 06:01:08
142.7,0.1,36.0,148.5,0,18.5,53.6,60,214.7,0.4,0.0,883.6,25.6,0.0,0.0,0,0.0,23.0,22.812,2025-06-22 06:01:51
148.8,0.1,36.1,148.4,0,18.9,54.1,60.02,214.6,0.5,0.0,883.6,25.6,0.0,0.0,0,0.0,23.0,23.0,2025-06-22 06:02:11
149.5,0.1,37.4,142.6,0.1,21.0,57.8,60.01,214.9,0.5,0.0,883.6,25.7,0.0,0.0,0,0.0,23.0,22.812,2025-06-22 06:02:54
145.9,0.1,38.4,142.6,0.1,21.5,58.8,60.01,215,0.5,0.0,883.6,25.7,0.0,0.0,0,0.0,23.0,23.0,2025-06-22 06:03:13
145,0.1,39.5,148.6,0.1,22.7,61.1,60,215.1,0.5,0.0,883.6,25.8,0.0,0.0,0,0.0,23.0,22.812,2025-06-22 06:03:56
143.2,0.1,39.0,145.5,0.1,23.9,61.8,59.99,215,0.5,0.0,883.6,25.8,0.0,0.0,0,0.0,23.0,23.0,2025-06-22 06:04:15
154.8,0.1,41.3,145.7,0.1,24.8,65.2,60,215,0.5,0.0,883.6,25.9,0.0,0.0,0,0.0,23.0,22.75,2025-06-22 06:04:59
151.8,0.2,42.1,148.5,0.1,25.1,65.2,60.03,214.9,0.5,0.0,883.6,25.9,0.0,0.0,0,0.0,23.062,23.062,2025-06-22 06:05:18
147.5,0.2,42.7,144.5,0.1,25.9,67.5,60.01,215,0.5,0.0,883.6,26,0.0,0.0,0,0.0,23.0,22.812,2025-06-22 06:06:01
156.6,0.1,42.8,141.7,0.1,26.2,67.8,59.99,215,0.5,0.0,883.6,26,0.0,0.0,0,0.0,23.062,23.062,2025-06-22 06:06:20
153.5,0.2,44.7,138.7,0.1,26.5,70.0,59.99,214.9,0.5,0.0,883.6,26.1,0.0,0.0,0,0.0,23.062,22.812,2025-06-22 06:07:04
147.4,0.2,44.7,141.8,0.1,27.8,70.9,59.98,214.9,0.5,0.0,883.6,26.1,0.0,0.0,0,0.0,23.062,23.062,2025-06-22 06:07:23
150.7,0.2,46.7,147.4,0.1,29.4,74.8,60,214.7,0.4,0.0,883.6,26.2,0.0,0.0,0,0.0,23.062,22.812,2025-06-22 06:08:06
156.2,0.2,47.2,147.4,0.1,29.7,75.5,59.97,214.9,0.5,0.0,883.6,26.2,0.0,0.0,0,0.0,23.062,23.062,2025-06-22 06:08:25
144.7,0.2,48.3,147.6,0.1,31.5,78.6,60,214.9,0.5,0.0,883.6,26.3,0.0,0.0,0,0.0,23.062,22.812,2025-06-22 06:09:08
150.7,0.2,49.9,148,0.1,32.2,80.6,60.02,215,0.5,0.0,883.6,26.3,0.0,0.0,0,0.0,23.062,23.062,2025-06-22 06:09:28
150.7,0.2,52.4,147.6,0.1,33.3,84.1,60.03,215,0.5,0.0,883.6,26.4,0.0,0.0,0,0.0,23.125,22.875,2025-06-22 06:10:11
145.1,0.2,52.6,150.6,0.1,33.9,85.1,60.01,214.9,0.6,0.0,883.6,26.4,0.0,0.0,0,0.0,23.125,23.125,2025-06-22 06:10:30
147.9,0.2,55.0,150.1,0.1,36.0,89.4,60.05,214.8,0.6,0.0,883.6,26.5,0.0,0.0,0,0.0,23.125,22.875,2025-06-22 06:11:13
147.4,0.3,56.5,148.1,0.2,37.1,92.0,60.03,214.9,0.5,0.0,883.6,26.5,0.0,0.0,0,0.0,23.125,23.125,2025-06-22 06:11:33
152.2,0.3,58.0,145.9,0.2,38.3,94.5,59.99,214.9,0.5,0.0,883.6,26.5,0.0,0.0,0,0.0,23.125,22.812,2025-06-22 06:12:16
152,0.3,59.9,150.8,0.1,39.0,97.3,60.01,214.7,0.5,0.0,883.6,26.6,0.0,0.0,0,0.0,23.125,23.125,2025-06-22 06:12:35
152.2,0.3,62.0,147.6,0.2,40.4,100.2,60,214.9,0.5,0.0,883.6,26.6,0.0,0.0,0,0.0,23.187,22.875,2025-06-22 06:13:18
144.7,0.3,61.8,149.1,0.2,40.6,100.3,60.03,214.9,0.6,0.0,883.6,26.7,0.0,0.0,0,0.0,23.187,23.187,2025-06-22 06:13:38
146.8,0.3,65.0,147.8,0.2,41.6,104.7,60,215,0.5,0.0,883.6,26.8,0.0,0.0,0,0.0,23.187,22.937,2025-06-22 06:14:21
149.1,0.3,66.6,150.6,0.2,42.8,107.5,59.98,215,0.5,0.0,883.6,26.8,0.0,0.0,0,0.0,23.25,23.187,2025-06-22 06:14:40
153.8,0.3,68.9,153.5,0.2,43.5,110.4,59.99,214.8,0.6,0.0,883.6,26.9,0.0,0.0,0,0.0,23.187,22.937,2025-06-22 06:15:23
146.3,0.4,69.0,149.1,0.2,45.0,112.0,60.02,214.9,0.6,0.0,883.6,26.9,0.0,0.0,0,38.845008416418494,23.187,23.25,2025-06-22 06:15:43
146.1,0.4,69.8,149.1,0.2,47.2,114.8,59.99,214.6,0.6,0.0,883.6,27,0.0,0.0,0,0.0,23.25,23.0,2025-06-22 06:16:26
152.2,0.4,72.6,149,0.2,48.5,118.9,59.98,214.7,0.6,0.0,883.6,27,0.0,0.0,0,0.0,23.25,23.25,2025-06-22 06:16:45
153.6,0.4,75.4,150.6,0.2,51.1,124.3,59.99,214.9,0.6,0.0,883.6,27.1,0.0,0.0,0,38.845008416418494,23.25,23.062,2025-06-22 06:17:28
158.9,0.4,77.8,151.4,0.2,51.9,126.6,60.02,214.9,0.7,0.0,883.6,27.1,0.0,0.0,0,38.845008416418494,23.312,23.312,2025-06-22 06:17:48
159.6,0.4,79.1,154.9,0.2,54.1,130.8,59.99,214.7,0.7,0.0,883.6,27.2,0.0,0.0,0,38.845008416418494,23.312,23.062,2025-06-22 06:18:31
153.6,0.4,79.9,148.9,0.3,55.1,132.5,59.98,214.7,0.7,0.0,883.6,27.2,0.0,0.0,0,38.845008416418494,23.312,23.312,2025-06-22 06:18:50
156.7,0.4,83.3,153.2,0.3,57.7,138.4,60.05,215,0.7,0.0,883.6,27.3,0.0,0.0,0,38.845008416418494,23.312,23.125,2025-06-22 06:19:33
156.6,0.4,83.2,149.1,0.3,58.9,139.4,60.04,215,0.7,0.0,883.6,27.3,0.0,0.0,0,38.845008416418494,23.375,23.375,2025-06-22 06:19:53
154.3,0.4,85.7,152.1,0.3,60.4,143.2,60.02,215,0.7,0.0,883.6,27.4,0.0,0.0,0,38.845008416418494,23.375,23.125,2025-06-22 06:20:36
156.8,0.4,87.1,152.2,0.3,61.0,145.7,60.04,215,0.8,0.0,883.6,27.4,0.0,0.0,0,38.845008416418494,23.375,23.375,2025-06-22 06:20:55
156.6,0.5,89.9,149.7,0.3,61.9,149.0,59.99,215,0.7,0.0,883.6,27.4,0.0,0.0,0,38.845008416418494,23.375,23.062,2025-06-22 06:21:38
159.6,0.5,91.2,150.5,0.3,62.5,150.8,59.98,215,0.7,0.0,883.6,27.4,0.0,0.0,0,38.845008416418494,23.375,23.437,2025-06-22 06:21:57
159,0.5,95.6,150.6,0.3,64.2,156.7,60,214.9,0.7,0.0,883.6,27.5,0.0,0.0,0,38.845008416418494,23.437,23.125,2025-06-22 06:22:40
156.5,0.5,97.1,150.3,0.3,65.2,159.2,59.99,215,0.7,0.0,883.6,27.5,0.0,0.0,0,38.845008416418494,23.437,23.5,2025-06-22 06:23:00
159.6,0.5,101.6,153.5,0.4,69.1,167.6,59.98,215,0.7,0.0,883.6,27.6,0.0,0.0,0,38.845008416418494,23.437,23.187,2025-06-22 06:23:43
161.4,0.5,104.1,154.5,0.4,68.8,168.9,59.98,215,0.8,0.0,883.6,27.6,0.0,0.0,0,38.845008416418494,23.5,23.5,2025-06-22 06:24:02
156.7,0.6,106.1,153.3,0.4,74.2,176.8,59.98,215,0.8,0.0,883.6,27.6,0.0,0.0,0,38.845008416418494,23.5,23.187,2025-06-22 06:24:45
159.5,0.6,109.5,152.6,0.4,77.0,182.9,59.98,215,0.8,0.0,883.6,27.7,0.0,0.0,0,38.845008416418494,23.5,23.5,2025-06-22 06:25:05
159.8,0.6,114.0,154.9,0.4,81.5,191.8,60.01,215,0.8,0.0,883.6,27.7,0.0,0.0,0,38.845008416418494,23.5,23.125,2025-06-22 06:25:48
156.4,0.6,114.4,153.3,0.4,83.8,194.5,59.98,214.9,0.9,0.0,883.6,27.7,0.0,0.0,0,38.845008416418494,23.437,23.5,2025-06-22 06:26:07
159.6,0.7,120.4,155,0.5,89.6,206.6,60.03,214.9,0.9,0.0,883.6,27.8,0.0,0.0,0,38.845008416418494,23.5,23.125,2025-06-22 06:26:50
159.7,0.7,123.7,154.9,0.5,92.1,211.8,60.03,215,0.9,0.0,883.6,27.8,0.0,0.0,0,38.845008416418494,23.5,23.5,2025-06-22 06:27:10
157.6,0.7,129.2,154.2,0.5,95.7,220.7,60,214.7,1,0.0,883.6,27.9,0.0,0.0,0,38.845008416418494,23.562,23.187,2025-06-22 06:27:53
162.5,0.7,127.8,153.5,0.6,98.3,221.9,60,214.8,1,0.0,883.6,27.9,0.0,0.0,0,77.69001683283699,23.562,23.562,2025-06-22 06:28:12
159.6,0.8,137.1,155.2,0.6,101.1,233.5,59.98,215.1,1,0.0,883.6,28,0.0,0.0,0,77.69001683283699,23.625,23.312,2025-06-22 06:28:55
159.6,0.8,138.8,156.3,0.6,102.1,236.2,60.01,215,1.1,0.0,883.6,28,0.0,0.0,0,77.69001683283699,23.625,23.687,2025-06-22 06:29:15
161.1,0.8,142.3,156.3,0.6,104.1,241.7,59.99,215.2,1.1,0.0,883.6,28,0.0,0.0,0,77.69001683283699,23.687,23.312,2025-06-22 06:29:58
159.5,0.8,144.0,153.5,0.6,103.9,243.2,59.99,214.9,1.1,0.0,883.6,28.1,0.0,0.0,0,77.69001683283699,23.687,23.687,2025-06-22 06:30:17
156.5,0.8,144.5,157.3,0.5,99.9,240.6,59.99,214.9,1.1,0.0,883.6,28.1,0.0,0.0,0,77.69001683283699,23.625,23.375,2025-06-22 06:31:00
163,0.8,144.2,154.6,0.6,104.5,244.8,59.98,214.9,1.1,0.0,883.6,28.2,0.0,0.0,0,77.69001683283699,23.687,23.687,2025-06-22 06:31:20
159.6,0.8,147.8,159.7,0.5,99.1,243.0,60.02,215.4,1.1,0.0,883.6,28.2,0.0,0.0,0,77.69001683283699,23.687,23.437,2025-06-22 06:32:03
158.5,0.8,146.7,154,0.6,103.4,245.2,60.02,215.2,1.1,0.0,883.6,28.2,0.0,0.0,0,77.69001683283699,23.687,23.75,2025-06-22 06:32:22
159.7,0.9,149.5,153.4,0.6,103.1,247.8,60,215.3,1.1,0.0,883.6,28.3,0.0,0.0,0,77.69001683283699,23.75,23.5,2025-06-22 06:33:05
159.4,0.9,150.5,152.3,0.6,101.7,247.7,60,215.2,1.2,0.0,883.6,28.3,0.0,0.0,0,77.69001683283699,23.812,23.75,2025-06-22 06:33:25
156.4,0.9,151.6,153.5,0.6,103.7,250.1,60.02,215,1.1,0.0,883.6,28.4,0.0,0.0,0,77.69001683283699,23.812,23.562,2025-06-22 06:34:08
160.6,0.8,153.5,153.4,0.6,104.3,252.9,60.03,215.2,1.1,0.0,883.6,28.4,0.0,0.0,0,77.69001683283699,23.812,23.812,2025-06-22 06:34:27
162.5,0.9,154.0,150.6,0.6,103.6,252.0,60.01,215.2,1.2,0.0,883.6,28.4,0.0,0.0,0,77.69001683283699,23.75,23.687,2025-06-22 06:35:10
156.7,0.9,154.1,156.4,0.6,104.3,253.5,60.02,215,1.1,0.0,883.6,28.5,0.0,0.0,0,77.69001683283699,23.812,23.812,2025-06-22 06:35:29
159.6,0.9,155.1,153.5,0.6,105.4,255.5,59.98,214.9,1.2,0.0,883.6,28.5,0.0,0.0,0,77.69001683283699,23.812,23.687,2025-06-22 06:36:12
159.5,0.9,153.6,153.5,0.6,105.1,253.9,60.01,215,1.1,0.0,883.6,28.6,0.0,0.0,0,77.69001683283699,23.875,23.875,2025-06-22 06:36:32
158,0.9,152.3,154.6,0.6,104.4,251.8,60.04,215,1.1,0.0,883.6,28.6,0.0,0.0,0,77.69001683283699,23.875,23.75,2025-06-22 06:37:15
159.7,0.9,150.6,153.5,0.6,103.6,249.2,60.05,215.1,1.1,0.0,883.6,28.6,0.0,0.0,0,77.69001683283699,23.937,23.937,2025-06-22 06:37:34
162.4,0.8,144.1,150.5,0.6,101.4,240.6,59.96,214.9,1.1,0.1,883.7,28.7,0.0,0.0,0,77.69001683283699,23.937,23.75,2025-06-22 06:38:17
156.5,0.8,145.1,156.5,0.6,99.8,240.4,60.02,215.1,1,0.1,883.7,28.7,0.0,0.0,0,77.69001683283699,23.937,24.0,2025-06-22 06:38:37
161.6,0.8,138.6,155.4,0.6,97.8,231.7,60.02,215.1,1.1,0.1,883.7,28.8,0.0,0.0,0,77.69001683283699,24.0,23.687,2025-06-22 06:39:20
159.8,0.8,139.7,150.4,0.5,97.8,233.0,60.03,214.9,1.1,0.1,883.7,28.8,0.0,0.0,0,77.69001683283699,24.0,24.0,2025-06-22 06:39:39
159,0.8,136.2,153.6,0.5,97.0,227.3,59.99,215.1,1,0.1,883.7,28.8,0.0,0.0,0,77.69001683283699,24.0,23.687,2025-06-22 06:40:22
162.5,0.7,129.7,154.5,0.5,97.2,222.4,59.98,215.1,1,0.1,883.7,28.9,0.0,0.0,0,77.69001683283699,23.937,23.937,2025-06-22 06:40:42
159.7,0.7,131.2,150.1,0.5,94.8,221.7,60.01,215,0.9,0.1,883.7,28.9,0.0,0.0,0,77.69001683283699,23.875,23.562,2025-06-22 06:41:25
158.3,0.7,131.4,156.2,0.5,92.4,219.6,60,215,1,0.1,883.7,28.9,0.0,0.0,0,38.845008416418494,23.812,23.812,2025-06-22 06:41:44
162.6,0.7,127.1,153.5,0.5,92.6,215.7,60.02,214.8,1,0.1,883.7,29,0.0,0.0,0,77.69001683283699,23.875,23.562,2025-06-22 06:42:27
157.8,0.7,127.7,151.5,0.5,92.6,216.0,60.02,214.8,1,0.1,883.7,29,0.0,0.0,0,77.69001683283699,23.875,23.875,2025-06-22 06:42:47
159.7,0.7,130.3,153.5,0.5,92.8,219.0,60.02,214.8,1,0.1,883.7,29,0.0,0.0,0,77.69001683283699,23.875,23.5,2025-06-22 06:43:30
160.3,0.7,130.5,153.7,0.5,92.6,215.2,60.03,214.9,0.9,0.1,883.7,29.1,0.0,0.0,0,77.69001683283699,23.875,23.875,2025-06-22 06:43:49
156.5,0.7,129.5,150.6,0.5,91.7,216.8,60.01,214.8,0.9,0.1,883.7,29.1,0.0,0.0,0,77.69001683283699,23.812,23.5,2025-06-22 06:44:32
159.6,0.7,131.5,150.4,0.5,92.7,220.0,59.98,214.8,0.9,0.1,883.7,29.2,0.0,0.0,0,77.69001683283699,23.812,23.812,2025-06-22 06:44:52
159.5,0.7,134.7,155.3,0.5,95.1,225.3,60.04,214.8,0.9,0.1,883.7,29.2,0.0,0.0,0,77.69001683283699,23.812,23.5,2025-06-22 06:45:34
156.6,0.8,134.0,152,0.5,95.6,225.3,60.03,214.8,1,0.1,883.7,29.2,0.0,0.0,0,77.69001683283699,23.812,23.812,2025-06-22 06:45:54
159.5,0.8,140.4,152.9,0.6,100.8,236.5,60.02,214.9,1.1,0.1,883.7,29.2,0.0,0.0,0,77.69001683283699,23.812,23.5,2025-06-22 06:46:37
159.6,0.8,143.8,155,0.6,102.7,242.3,60.02,214.9,1,0.1,883.7,29.2,0.0,0.0,0,77.69001683283699,23.812,23.875,2025-06-22 06:46:57
162.5,0.9,148.3,152.7,0.6,107.3,250.7,60.02,215,1.2,0.1,883.7,29.3,0.0,0.0,0,77.69001683283699,23.812,23.562,2025-06-22 06:47:39
156.7,0.9,152.4,155.1,0.7,110.7,258.1,59.99,215,1.1,0.1,883.7,29.3,0.0,0.0,0,77.69001683283699,23.812,23.75,2025-06-22 06:47:59
159.5,0.9,162.7,154.9,0.7,116.7,274.0,60.02,215,1.2,0.1,883.7,29.4,0.0,0.0,0,77.69001683283699,23.812,23.625,2025-06-22 06:48:42
159.3,1,166.5,154,0.7,118.7,279.8,60.01,214.9,1.2,0.1,883.7,29.4,0.0,0.0,0,77.69001683283699,23.812,23.875,2025-06-22 06:49:01
162.6,0.9,167.7,151.9,0.7,122.5,283.7,60.04,214.9,1.2,0.1,883.7,29.5,0.0,0.0,0,77.69001683283699,23.875,23.562,2025-06-22 06:49:44
161.8,1,177.1,157.9,0.7,123.4,294.6,60.02,215,1.3,0.1,883.7,29.5,0.0,0.0,0,77.69001683283699,23.937,23.937,2025-06-22 06:50:04
162.5,1.1,182.7,154.6,0.8,128.9,305.4,60,215,1.3,0.1,883.7,29.5,0.0,0.0,0,77.69001683283699,23.937,23.687,2025-06-22 06:50:47
159.5,1.1,182.9,152.5,0.8,129.3,306.1,60.01,214.9,1.4,0.1,883.7,29.6,0.0,0.0,0,77.69001683283699,23.937,24.0,2025-06-22 06:51:06
162.8,1.1,178.4,157.9,0.8,134.2,308.7,59.96,214.9,1.4,0.1,883.7,29.7,0.0,0.0,0,116.53502524925548,23.937,23.75,2025-06-22 06:51:49
162.5,1.1,187.8,154.9,0.8,134.9,316.4,59.97,215,1.4,0.1,883.7,29.7,0.0,0.0,0,116.53502524925548,23.937,23.937,2025-06-22 06:52:09
159.7,1.1,188.7,154.9,0.8,134.4,316.8,59.99,215,1.4,0.1,883.7,29.8,0.0,0.0,0,116.53502524925548,23.937,23.75,2025-06-22 06:52:52
165.4,1.1,176.1,157.8,0.8,135.6,310.7,60,215,1.4,0.1,883.7,29.8,0.0,0.0,0,116.53502524925548,23.937,23.937,2025-06-22 06:53:11
162.1,1.1,186.4,152,0.8,133.6,314.8,60.02,214.9,1.4,0.1,883.7,29.8,0.1,0.0,0,116.53502524925548,23.937,23.75,2025-06-22 06:53:54
159.6,1.1,186.5,155,0.8,135.6,315.8,60.01,215,1.4,0.1,883.7,29.9,0.1,0.0,0,116.53502524925548,24.0,24.0,2025-06-22 06:54:14
162.2,1.1,184.5,152.2,0.8,132.9,311.6,59.99,215.2,1.4,0.1,883.7,29.9,0.1,0.0,0,77.69001683283699,23.937,23.812,2025-06-22 06:54:57
162.4,1.1,183.5,155,0.8,134.1,311.5,59.98,215.1,1.4,0.1,883.7,30,0.1,0.0,0,116.53502524925548,24.0,24.0,2025-06-22 06:55:16
156.9,1.1,180.4,155.2,0.8,131.8,306.3,60.01,215.2,1.4,0.1,883.7,30,0.1,0.0,0,116.53502524925548,24.0,23.75,2025-06-22 06:55:59
162.5,1.1,181.9,155,0.8,131.9,307.8,59.99,215.2,1.4,0.1,883.7,30.1,0.1,0.0,0,77.69001683283699,24.062,24.062,2025-06-22 06:56:19
159.6,1.1,182.0,155.1,0.7,130.1,306.2,59.98,215.3,1.4,0.1,883.7,30.2,0.1,0.0,0,116.53502524925548,24.062,23.812,2025-06-22 06:57:02
159.3,1.1,180.7,152.2,0.8,128.4,303.7,59.97,215,1.4,0.1,883.7,30.2,0.1,0.0,0,77.69001683283699,24.062,24.062,2025-06-22 06:57:21
159.7,1,182.6,157.8,0.8,127.1,302.6,59.99,215.1,1.4,0.1,883.7,30.2,0.1,0.0,0,116.53502524925548,24.062,23.75,2025-06-22 06:58:04
159,1.1,181.4,152.4,0.8,127.1,302.6,60.02,215.2,1.3,0.1,883.7,30.2,0.1,0.0,0,77.69001683283699,23.937,23.937,2025-06-22 06:58:24
156.5,1.1,180.1,155.4,0.8,126.1,300.2,59.98,215.4,1.4,0.1,883.7,30.3,0.1,0.0,0,77.69001683283699,23.812,23.812,2025-06-22 06:59:07
162.5,1.1,182.3,152.3,0.8,131.4,307.6,59.97,215.4,1.4,0.1,883.7,30.4,0.1,0.0,0,116.53502524925548,23.812,23.875,2025-06-22 06:59:26
160.3,1.1,183.8,155.6,0.8,129.2,306.8,59.96,215.3,1.4,0.1,883.7,30.4,0.1,0.0,0,77.69001683283699,23.875,23.937,2025-06-22 07:00:09
156.5,1.1,184.3,154.7,0.8,132.2,310.3,59.96,215.2,1.4,0.2,883.8,30.4,0.1,0.0,0,77.69001683283699,23.937,23.937,2025-06-22 07:00:29
159.6,1.1,190.7,152.8,0.8,135.4,319.8,59.99,215.4,1.4,0.2,883.8,30.5,0.1,0.0,0,116.53502524925548,24.0,24.062,2025-06-22 07:01:12
159.8,1.1,193.3,157.8,0.8,133.8,321.4,60.01,215.4,1.4,0.2,883.8,30.5,0.1,0.0,0,116.53502524925548,24.062,24.062,2025-06-22 07:01:31
157.9,1.2,197.7,155.7,0.9,141.0,329.1,60,215.5,1.5,0.2,883.8,30.5,0.1,0.0,0,116.53502524925548,24.125,24.062,2025-06-22 07:02:14
159.6,1.2,199.6,154.7,0.9,142.2,335.4,59.98,215.4,1.5,0.2,883.8,30.6,0.1,0.0,0,116.53502524925548,24.125,24.125,2025-06-22 07:02:34
162.5,1.2,203.6,155,0.9,149.6,346.4,60.01,215.5,1.6,0.2,883.8,30.6,0.1,0.0,0,116.53502524925548,24.125,24.125,2025-06-22 07:03:16
156.7,1.3,205.1,155,0.9,151.1,349.3,60.01,215.6,1.6,0.2,883.8,30.6,0.1,0.0,0,116.53502524925548,24.125,24.187,2025-06-22 07:03:36
159.5,1.3,212.6,152,1,155.1,360.7,60,215.5,1.6,0.2,883.8,30.7,0.1,0.0,0,116.53502524925548,24.187,24.125,2025-06-22 07:04:19
160.5,1.3,215.2,157.1,1,160.1,368.5,59.97,215.6,1.6,0.2,883.8,30.7,0.1,0.0,0,116.53502524925548,24.25,24.312,2025-06-22 07:04:38
159.5,1.4,220.7,155,1,164.9,378.1,60.03,215.6,1.7,0.2,883.8,30.7,0.1,0.0,0,116.53502524925548,24.375,24.062,2025-06-22 07:05:21
159.5,1.4,223.5,155,1,166.1,382.1,60.01,215.6,1.7,0.2,883.8,30.8,0.1,0.0,0,116.53502524925548,24.375,24.375,2025-06-22 07:05:41
162.5,1.4,231.1,161,1,164.1,387.7,60.04,215.6,1.7,0.2,883.8,30.8,0.1,0.0,0,116.53502524925548,24.5,24.125,2025-06-22 07:06:24
162.5,1.4,233.6,154.9,1.1,172.8,398.4,60.01,215.6,1.8,0.2,883.8,30.9,0.1,0.0,0,116.53502524925548,24.375,24.375,2025-06-22 07:06:43
162.4,1.5,241.6,154.9,1.1,178.7,412.1,59.99,215.6,1.8,0.2,883.8,30.9,0.1,0.1,0,116.53502524925548,24.375,24.187,2025-06-22 07:07:26
162.5,1.5,245.4,157.9,1,181.4,418.8,60.02,215.5,1.9,0.2,883.8,30.9,0.1,0.1,0,116.53502524925548,24.125,24.187,2025-06-22 07:07:46
164,1.5,237.6,157.9,1.2,189.7,418.9,60.04,215.4,2,0.2,883.8,31,0.1,0.1,0,116.53502524925548,24.187,24.125,2025-06-22 07:08:29
162.5,1.6,255.2,155,1.2,191.4,436.9,60.03,215.6,2,0.2,883.8,31.1,0.1,0.1,0,155.38003366567398,23.875,23.937,2025-06-22 07:08:48
160.6,1.6,262.3,159.6,1.2,192.0,445.0,59.99,215.5,2,0.2,883.8,31.1,0.1,0.1,0,155.38003366567398,23.937,24.187,2025-06-22 07:09:31
165.6,1.6,253.8,158,1.3,202.1,442.3,59.99,215.5,2.1,0.2,883.8,31.2,0.1,0.1,0,155.38003366567398,23.937,24.0,2025-06-22 07:09:51
161.6,1.7,269.5,156.1,1.3,209.0,467.4,60.04,215.6,2.2,0.2,883.8,31.3,0.1,0.1,0,155.38003366567398,24.0,24.25,2025-06-22 07:10:34
162.5,1.5,272.3,158.5,1.3,206.0,468.4,60.03,215.7,2.1,0.2,883.8,31.3,0.1,0.1,0,155.38003366567398,24.062,24.062,2025-06-22 07:10:53
159.6,1.7,280.1,157.9,1.4,222.4,488.0,59.99,215.7,2.3,0.2,883.8,31.3,0.1,0.1,0,155.38003366567398,24.125,24.5,2025-06-22 07:11:36
162.5,1.7,284.0,155.9,1.4,225.7,495.6,60.01,215.7,2.2,0.2,883.8,31.4,0.1,0.1,0,155.38003366567398,24.187,24.25,2025-06-22 07:11:56
162.5,1.8,294.4,160.9,1.4,229.1,507.7,59.99,215.7,2.3,0.2,883.8,31.4,0.1,0.1,0,155.38003366567398,24.312,24.562,2025-06-22 07:12:39
159.6,1.8,296.2,156.9,1.5,239.1,517.1,60.01,215.6,2.4,0.2,883.8,31.4,0.1,0.1,0,155.38003366567398,24.25,24.312,2025-06-22 07:12:58
162.5,1.9,312.2,157.8,1.7,266.3,557.7,59.99,215.4,2.5,0.2,883.8,31.5,0.1,0.1,0,155.38003366567398,24.187,24.5,2025-06-22 07:13:41
157.9,2.1,331.2,152.7,1.9,287.8,594.4,59.98,215.4,2.8,0.2,883.8,31.5,0.1,0.1,0,194.22504208209244,24.125,24.125,2025-06-22 07:14:01
159.6,2,323.5,157.8,1.7,277.3,582.6,59.99,215.4,2.7,0.3,883.9,31.5,0.1,0.1,0,194.22504208209244,24.0,24.5,2025-06-22 07:14:44
162.5,2.1,333.8,159.4,1.8,287.5,599.6,59.99,215.4,2.7,0.3,883.9,31.5,0.1,0.1,0,194.22504208209244,24.0,24.0,2025-06-22 07:15:03
153.4,2.2,349.4,156.4,2,321.3,642.7,59.99,215.6,2.9,0.3,883.9,31.6,0.1,0.1,0,194.22504208209244,23.937,24.562,2025-06-22 07:15:46
155.1,2.3,360.3,157.9,2.2,337.7,668.5,59.99,215.7,3.1,0.3,883.9,31.6,0.1,0.1,0,194.22504208209244,23.937,23.937,2025-06-22 07:16:06
156.6,2.5,384.2,156.5,2.4,366.9,716.8,59.98,215.6,3.4,0.3,883.9,31.6,0.1,0.1,0,194.22504208209244,23.937,24.5,2025-06-22 07:16:49
161,2.3,385.9,153.3,2.3,360.6,714.2,60.03,215.5,3.3,0.3,883.9,31.6,0.1,0.1,0,194.22504208209244,23.937,23.937,2025-06-22 07:17:08
162.8,2.6,418.1,155,2.7,429.4,808.6,60.02,216,3.7,0.3,883.9,31.7,0.1,0.1,0,233.07005049851097,24.062,24.75,2025-06-22 07:17:51
157.9,2.4,391.3,159.5,2.4,387.7,743.9,60.01,215.8,3.4,0.3,883.9,31.8,0.2,0.1,0,194.22504208209244,24.125,24.125,2025-06-22 07:18:10
159.1,2.7,421.4,157.5,2.6,424.2,806.6,60.02,215.8,3.7,0.3,883.9,31.9,0.2,0.1,0,233.07005049851097,24.437,25.062,2025-06-22 07:18:53
154.8,3.1,514.1,153.2,3.4,537.5,989.0,60.02,216.2,4.4,0.3,883.9,31.9,0.2,0.1,0,271.91505891492943,24.562,24.562,2025-06-22 07:19:13
161.6,3.3,528.2,159.4,4,634.4,1102.5,59.99,216.2,5,0.3,883.9,32.1,0.2,0.1,0,310.76006733134795,24.75,25.312,2025-06-22 07:19:56
160.9,3.5,551.9,159.5,3.9,612.7,1105.0,60,216.2,5.1,0.3,883.9,32.2,0.2,0.1,0,310.76006733134795,24.812,24.875,2025-06-22 07:20:15
159.7,3.9,619.4,155.1,4.7,724.2,1271.2,60,216.2,5.9,0.3,883.9,32.5,0.2,0.1,0,349.6050757477664,25.0,25.5,2025-06-22 07:20:58
158.1,3.9,616.8,153.3,4.6,719.6,1263.9,59.99,216.3,5.5,0.3,883.9,32.6,0.2,0.1,0,349.6050757477664,25.062,25.062,2025-06-22 07:21:18
162.3,2.6,429.2,157.7,2.7,432.3,822.4,59.98,215.8,3.7,0.4,884.0,32.7,0.2,0.1,0,233.07005049851097,25.187,25.625,2025-06-22 07:22:01
155.7,2.8,424.8,152.9,2.8,410.5,795.3,60.04,215.8,3.9,0.4,884.0,32.8,0.2,0.1,0,233.07005049851097,25.187,25.187,2025-06-22 07:22:20
159.6,4.2,663.2,160.9,4.7,719.2,1306.9,59.97,216.3,6.1,0.4,884.0,32.9,0.2,0.1,0,349.6050757477664,25.25,25.812,2025-06-22 07:23:03
158.7,3.1,514.2,156.7,3.3,567.2,994.3,59.99,215.9,4.3,0.4,884.0,33.1,0.2,0.1,0,271.91505891492943,25.312,25.312,2025-06-22 07:23:23
160.9,2.7,429.9,154.5,2.6,416.6,806.7,60.01,215.6,3.7,0.4,884.0,33.2,0.2,0.2,0,233.07005049851097,25.312,26.0,2025-06-22 07:24:06
158.5,2.4,393.4,153.4,2.3,362.9,722.3,59.99,215.7,3.4,0.4,884.0,33.2,0.2,0.2,0,233.07005049851097,25.25,25.25,2025-06-22 07:24:25
158.9,2.4,383.2,156.4,2.2,344.6,696.8,59.97,215.6,3.2,0.4,884.0,33.3,0.2,0.2,0,233.07005049851097,24.812,25.625,2025-06-22 07:25:08
154.9,2.4,381.0,153.4,2.2,345.6,693.5,59.98,215.8,3.2,0.4,884.0,33.3,0.2,0.2,0,233.07005049851097,24.625,24.625,2025-06-22 07:25:28
158.7,2.4,394.2,156.8,2.1,355.8,717.5,60.04,215.7,3.2,0.4,884.0,33.4,0.2,0.2,0,233.07005049851097,24.5,25.562,2025-06-22 07:26:11
158.1,2.6,404.7,156.5,2.4,367.5,737.5,60.02,215.7,3.4,0.4,884.0,33.4,0.2,0.2,0,233.07005049851097,24.562,24.562,2025-06-22 07:26:30
158.4,2.5,402.6,153.9,2.3,360.7,729.5,60,215.5,3.3,0.4,884.0,33.5,0.2,0.2,0,233.07005049851097,24.875,25.75,2025-06-22 07:27:13
158.1,2.5,399.8,156.6,2.3,355.9,723.2,60.04,215.7,3.2,0.4,884.0,33.5,0.2,0.2,0,233.07005049851097,25.0,25.0,2025-06-22 07:27:33
155.2,2.8,437.2,155,2.6,414.4,813.6,60.01,215.8,3.7,0.4,884.0,33.6,0.2,0.2,0,271.91505891492943,25.0,25.75,2025-06-22 07:28:16
158.1,2.6,416.0,154.9,2.4,373.7,753.7,60.06,215.7,3.5,0.4,884.0,33.7,0.2,0.2,0,233.07005049851097,24.5,24.5,2025-06-22 07:28:35
154.9,2.6,401.4,151.8,2.3,349.6,718.5,60.01,215.8,3.3,0.5,884.1,33.7,0.2,0.2,0,233.07005049851097,24.375,25.937,2025-06-22 07:29:18
160.3,2.5,396.8,154.1,2.2,344.4,710.0,60,215.8,3.3,0.5,884.1,33.7,0.2,0.2,0,233.07005049851097,24.437,24.437,2025-06-22 07:29:38
158.1,2.5,398.4,155,2.2,337.4,704.3,60.02,215.7,3.3,0.5,884.1,33.8,0.2,0.2,0,233.07005049851097,24.687,25.937,2025-06-22 07:30:21
156,2.5,397.4,152.7,2.2,338.0,704.5,59.99,215.7,3.3,0.5,884.1,33.8,0.2,0.2,0,233.07005049851097,24.812,24.875,2025-06-22 07:30:40
158.1,3,481.1,156.1,2.8,447.3,885.2,60.03,216,4,0.5,884.1,33.9,0.3,0.2,0,271.91505891492943,25.125,26.25,2025-06-22 07:31:23
160.4,2.8,450.5,154,2.5,404.3,812.8,60.02,215.9,3.7,0.5,884.1,34,0.3,0.2,0,271.91505891492943,25.25,25.25,2025-06-22 07:31:43
158.1,2.7,433.4,153.4,2.4,375.1,769.9,60.04,215.9,3.6,0.5,884.1,34.1,0.3,0.2,0,271.91505891492943,25.375,26.437,2025-06-22 07:32:25
155.8,2.7,424.1,156.5,2.3,362.0,750.8,60.04,215.8,3.5,0.5,884.1,34.1,0.3,0.2,0,271.91505891492943,25.5,25.5,2025-06-22 07:32:45
158.4,2.7,427.1,155.6,2.3,357.8,750.0,59.97,215.6,3.5,0.5,884.1,34.2,0.3,0.2,0,233.07005049851097,25.687,26.375,2025-06-22 07:33:28
158,2.6,408.2,153.6,2.2,336.9,712.9,59.97,215.6,3.3,0.5,884.1,34.2,0.3,0.2,0,233.07005049851097,25.75,25.75,2025-06-22 07:33:47
158,2.6,415.7,156.2,2.2,339.5,723.2,60.01,215.4,3.3,0.5,884.1,34.3,0.3,0.2,0,233.07005049851097,25.75,26.5,2025-06-22 07:34:30
154.8,2.5,398.2,156.6,2,318.8,687.2,60,215.3,3.2,0.5,884.1,34.3,0.3,0.2,0,233.07005049851097,25.812,25.812,2025-06-22 07:34:50
158.1,2.5,394.5,156,2,305.8,670.7,60.01,215.6,3.1,0.5,884.1,34.3,0.3,0.2,0,233.07005049851097,25.812,26.562,2025-06-22 07:35:33
158.2,2.5,387.9,153.5,1.9,302.1,663.8,59.97,215.5,3,0.5,884.1,34.4,0.3,0.2,0,233.07005049851097,25.75,25.75,2025-06-22 07:35:52
158.2,2.4,394.8,153.4,2,302.2,659.6,59.97,215.2,3,0.5,884.1,34.4,0.3,0.2,0,233.07005049851097,25.687,26.5,2025-06-22 07:36:35
158.2,2.4,395.0,155.8,1.9,299.1,664.8,60,215.3,3,0.5,884.1,34.4,0.3,0.2,0,233.07005049851097,25.562,25.562,2025-06-22 07:36:55
158.3,2.5,390.9,153.4,1.9,298.1,659.6,60.02,215.4,3,0.6,884.2,34.5,0.3,0.2,0,233.07005049851097,25.25,26.312,2025-06-22 07:37:38
160.7,2.5,389.8,153.2,1.9,299.7,660.5,60,215.1,3.1,0.6,884.2,34.6,0.3,0.2,0,233.07005049851097,25.062,25.062,2025-06-22 07:37:57
158,2.5,402.3,156.4,1.9,303.8,675.9,60.02,215.6,3.1,0.6,884.2,34.6,0.3,0.2,0,233.07005049851097,24.937,26.062,2025-06-22 07:38:40
158.2,2.5,403.1,153.7,2,305.0,677.5,60.03,215.6,3.1,0.6,884.2,34.7,0.3,0.2,0,233.07005049851097,24.937,24.937,2025-06-22 07:39:00
155.3,2.6,407.4,156.1,2,311.9,689.2,60.03,215.6,3.2,0.6,884.2,34.7,0.3,0.2,0,233.07005049851097,25.062,26.375,2025-06-22 07:39:43
157.8,2.6,406.9,153.6,2,306.9,683.6,59.99,215.6,3.1,0.6,884.2,34.8,0.3,0.2,0,233.07005049851097,25.187,25.187,2025-06-22 07:40:02
157.7,2.6,404.5,155.9,1.9,306.9,685.1,59.98,215.7,3.2,0.6,884.2,34.8,0.3,0.2,0,233.07005049851097,25.375,26.5,2025-06-22 07:40:45
155.3,2.6,401.6,156.2,1.9,305.0,679.5,60.01,215.6,3.1,0.6,884.2,34.8,0.3,0.2,0,233.07005049851097,25.437,25.437,2025-06-22 07:41:05
158.1,2.6,406.2,156.1,2,303.3,679.0,60.02,215.7,3.1,0.6,884.2,34.9,0.3,0.3,0,233.07005049851097,25.5,26.437,2025-06-22 07:41:48
158.1,2.6,405.9,153.4,1.9,303.0,679.5,60.02,215.7,3.1,0.6,884.2,34.9,0.3,0.3,0,233.07005049851097,25.562,25.562,2025-06-22 07:42:07
160.9,2.6,398.4,153.3,1.9,301.7,670.3,60,215.8,3.1,0.6,884.2,35,0.3,0.3,0,233.07005049851097,25.625,26.437,2025-06-22 07:42:50
160.6,2.5,402.0,156.4,1.9,300.0,672.9,60,215.8,3.1,0.6,884.2,35,0.3,0.3,0,233.07005049851097,25.687,25.687,2025-06-22 07:43:10
158.2,2.6,404.0,153.7,1.9,299.0,673.5,60.02,215.4,3.1,0.6,884.2,35,0.3,0.3,0,233.07005049851097,25.75,26.437,2025-06-22 07:43:53
158.6,2.6,402.8,156.2,1.9,302.2,675.2,60.02,215.3,3.1,0.6,884.2,35,0.3,0.3,0,233.07005049851097,25.75,25.75,2025-06-22 07:44:12
158,2.6,410.4,156.3,1.9,301.7,682.1,59.99,215.7,3.1,0.6,884.2,35,0.3,0.3,0,233.07005049851097,25.812,26.562,2025-06-22 07:44:55
158,2.6,412.3,158.6,1.9,291.2,675.2,60.01,215.7,3.1,0.6,884.2,35,0.3,0.3,0,233.07005049851097,25.875,25.875,2025-06-22 07:45:15
155.2,2.6,415.0,156.3,1.9,305.9,689.4,59.97,215.4,3.2,0.7,884.3,35,0.4,0.3,0,233.07005049851097,25.937,26.562,2025-06-22 07:45:58
155.3,2.7,414.9,156.2,2,307.9,692.0,60.03,215.5,3.2,0.7,884.3,35.1,0.4,0.3,0,233.07005049851097,26.0,26.0,2025-06-22 07:46:17
158.1,2.7,430.2,158.8,1.9,311.9,710.5,60.02,215.6,3.2,0.7,884.3,35.1,0.4,0.3,0,271.91505891492943,25.937,26.437,2025-06-22 07:47:00
158.1,2.8,435.4,153.5,2,318.2,721.0,60.03,215.5,3.4,0.7,884.3,35.1,0.4,0.3,0,271.91505891492943,26.0,26.0,2025-06-22 07:47:20
160.4,2.7,445.7,156.4,2.1,331.2,744.7,60.02,215.6,3.4,0.7,884.3,35.2,0.4,0.3,0,271.91505891492943,26.125,26.687,2025-06-22 07:48:02
158.1,2.8,456.5,150.5,2.2,334.8,755.4,60.05,215.6,3.5,0.7,884.3,35.2,0.4,0.3,0,271.91505891492943,26.187,26.187,2025-06-22 07:48:22
158.8,2.8,446.4,155.4,2.1,335.3,749.6,60.01,215.7,3.4,0.7,884.3,35.2,0.4,0.3,0,271.91505891492943,26.25,27.062,2025-06-22 07:49:05
161,2.8,441.6,157.9,2.1,325.5,741.7,60,215.8,3.4,0.7,884.3,35.3,0.4,0.3,0,271.91505891492943,26.187,26.187,2025-06-22 07:49:24
158.2,2.8,449.0,155.1,2.1,333.4,748.6,59.99,215.7,3.4,0.7,884.3,35.3,0.4,0.3,0,271.91505891492943,26.062,26.875,2025-06-22 07:50:07
158.1,2.9,453.8,157.1,2.1,344.4,763.0,60.04,215.5,3.5,0.7,884.3,35.4,0.4,0.3,0,271.91505891492943,26.0,26.0,2025-06-22 07:50:27
155.2,2.8,435.0,155,2.1,326.1,728.0,60.02,215.5,3.4,0.7,884.3,35.4,0.4,0.3,0,271.91505891492943,25.812,26.562,2025-06-22 07:51:10
155.6,2.8,435.5,155.5,2.1,317.3,722.3,59.97,215.7,3.3,0.7,884.3,35.4,0.4,0.3,0,271.91505891492943,25.812,25.812,2025-06-22 07:51:29
158.1,2.8,439.0,155,2.1,323.3,730.5,59.98,215.3,3.3,0.7,884.3,35.4,0.4,0.3,0,271.91505891492943,25.812,26.687,2025-06-22 07:52:12
157.4,2.8,442.2,155,2.1,330.8,739.2,59.99,215.4,3.5,0.7,884.3,35.4,0.4,0.3,0,271.91505891492943,25.875,25.875,2025-06-22 07:52:32
158.1,2.8,452.6,152,2.2,332.0,750.6,60.04,215.4,3.5,0.7,884.3,35.6,0.4,0.3,0,271.91505891492943,26.062,26.812,2025-06-22 07:53:15
158,2.8,441.6,152.8,2.1,324.4,734.7,60.02,215.5,3.4,0.7,884.3,35.6,0.4,0.3,0,271.91505891492943,26.125,26.125,2025-06-22 07:53:34
161.1,2.8,435.6,155,2.1,324.3,731.2,60,215.7,3.4,0.8,884.4,35.7,0.4,0.3,0,271.91505891492943,26.125,26.625,2025-06-22 07:54:17
159.6,2.8,443.8,154.9,2.1,327.8,734.7,59.99,215.4,3.4,0.8,884.4,35.7,0.4,0.3,0,271.91505891492943,25.625,25.625,2025-06-22 07:54:37
158.1,2.8,450.2,154.8,2.1,334.6,752.6,59.99,215.6,3.5,0.8,884.4,35.8,0.4,0.3,0,271.91505891492943,25.625,26.562,2025-06-22 07:55:20
158.2,2.8,441.3,155,2.1,324.7,734.2,60,215.3,3.4,0.8,884.4,35.8,0.4,0.3,0,271.91505891492943,25.75,25.812,2025-06-22 07:55:39
156.2,2.8,440.4,156.7,2,322.1,730.9,59.97,215.5,3.3,0.8,884.4,35.8,0.4,0.3,0,271.91505891492943,25.812,26.625,2025-06-22 07:56:22
158.2,2.8,441.4,155,2,322.2,732.4,60,215.6,3.3,0.8,884.4,35.8,0.4,0.3,0,271.91505891492943,25.812,25.875,2025-06-22 07:56:42
157,2.8,434.2,156.2,2,313.5,716.3,60.02,215.5,3.4,0.8,884.4,35.9,0.4,0.3,0,271.91505891492943,25.875,27.062,2025-06-22 07:57:25
155.1,2.8,434.8,157.9,2.1,313.8,717.9,60.01,215.4,3.4,0.8,884.4,35.9,0.4,0.3,0,271.91505891492943,25.937,25.937,2025-06-22 07:57:44
158,2.8,441.7,155,2,320.3,730.5,60.01,215.4,3.3,0.8,884.4,36,0.4,0.3,0,271.91505891492943,25.937,27.125,2025-06-22 07:58:27
158.1,2.8,442.1,155,2,320.4,730.5,59.98,215.4,3.4,0.8,884.4,36,0.4,0.3,0,271.91505891492943,25.937,26.0,2025-06-22 07:58:47
161.1,2.7,437.6,152.1,2.1,317.2,721.3,59.99,215.3,3.4,0.8,884.4,36.1,0.4,0.3,0,271.91505891492943,26.0,27.312,2025-06-22 07:59:30
160,2.7,444.9,152.6,2.1,320.8,729.8,60.01,215.4,3.3,0.8,884.4,36.1,0.5,0.3,0,271.91505891492943,26.0,26.0,2025-06-22 07:59:49
158.1,2.8,446.2,155,2.1,322.2,735.1,60.03,215.5,3.4,0.8,884.4,36.1,0.5,0.4,0,271.91505891492943,26.125,27.437,2025-06-22 08:00:32
159.3,2.8,441.6,154.2,2.1,320.8,729.6,60.03,215.5,3.4,0.8,884.4,36.1,0.5,0.4,0,271.91505891492943,26.187,26.187,2025-06-22 08:00:52
158.1,2.9,452.2,155,2,325.9,745.4,60.02,215.2,3.4,0.8,884.4,36.1,0.5,0.4,0,271.91505891492943,26.312,27.5,2025-06-22 08:01:34
158.1,2.9,453.7,155,2.1,327.9,748.5,60.01,215.2,3.5,0.8,884.4,36.2,0.5,0.4,0,271.91505891492943,26.375,26.375,2025-06-22 08:01:54
155.1,2.9,451.6,155,2,330.9,748.9,59.98,215.3,3.5,0.9,884.5,36.2,0.5,0.4,0,271.91505891492943,26.562,27.562,2025-06-22 08:02:37
156.2,2.9,457.8,153.2,2.1,330.1,748.4,59.98,215.3,3.5,0.9,884.5,36.2,0.5,0.4,0,271.91505891492943,26.625,26.625,2025-06-22 08:02:56
158.2,2.9,463.4,156.5,1.9,336.3,764.9,60,215.4,3.5,0.9,884.5,36.2,0.5,0.4,0,271.91505891492943,26.625,27.5,2025-06-22 08:03:39
158.1,2.9,464.5,155,2.2,339.2,767.8,60,215.6,3.5,0.9,884.5,36.2,0.5,0.4,0,271.91505891492943,26.687,26.687,2025-06-22 08:03:59
159.5,2.9,466.6,156.4,2.2,335.1,767.7,59.99,215.5,3.6,0.9,884.5,36.2,0.5,0.4,0,271.91505891492943,26.562,27.5,2025-06-22 08:04:42
158.2,3,468.9,158.5,2.2,337.9,773.0,59.98,215.6,3.5,0.9,884.5,36.2,0.5,0.4,0,271.91505891492943,26.5,26.562,2025-06-22 08:05:01
160,3,464.6,155,2.2,344.4,773.1,59.97,215.6,3.6,0.9,884.5,36.3,0.5,0.4,0,271.91505891492943,26.25,27.75,2025-06-22 08:05:44
161,3,466.9,154.4,2.2,343.5,775.3,59.98,215.7,3.7,0.9,884.5,36.3,0.5,0.4,0,271.91505891492943,26.187,26.187,2025-06-22 08:06:04
158.1,3,478.7,153.5,2.3,351.1,792.6,59.98,215.4,3.6,0.9,884.5,36.3,0.5,0.4,0,271.91505891492943,26.25,28.062,2025-06-22 08:06:47
158.1,3,476.0,154.9,2.3,352.9,796.6,59.99,215.5,3.6,0.9,884.5,36.4,0.5,0.4,0,271.91505891492943,26.312,26.312,2025-06-22 08:07:06
156.9,3.1,481.5,155.1,2.3,358.7,803.2,60,215.6,3.7,0.9,884.5,36.4,0.5,0.4,0,271.91505891492943,26.312,28.25,2025-06-22 08:07:49
158,3.1,493.5,153.7,2.4,361.3,814.6,59.97,215.4,3.8,0.9,884.5,36.4,0.5,0.4,0,271.91505891492943,26.375,26.375,2025-06-22 08:08:09
158.2,3.2,496.4,155,2.4,373.5,829.4,59.97,215.4,3.9,0.9,884.5,36.5,0.5,0.4,0,271.91505891492943,26.437,28.562,2025-06-22 08:08:52
156.3,3.2,493.2,155,2.4,376.7,830.5,59.98,215.3,3.9,0.9,884.5,36.5,0.5,0.4,0,310.76006733134795,26.562,26.562,2025-06-22 08:09:11
158.2,3.3,515.7,157.9,2.4,390.1,864.6,60.01,215.6,4,1.0,884.6,36.6,0.5,0.4,0,310.76006733134795,26.562,28.437,2025-06-22 08:09:54
158.1,3.3,527.1,153.1,2.6,399.0,881.4,60.02,215.6,4.1,1.0,884.6,36.7,0.5,0.4,0,310.76006733134795,26.687,26.687,2025-06-22 08:10:14
160.8,3.4,548.3,157.9,2.5,424.2,927.1,60.02,215.7,4.2,1.0,884.6,36.8,0.5,0.4,0,310.76006733134795,26.687,28.312,2025-06-22 08:10:57
158.6,3.5,575.7,155.7,2.8,442.2,968.5,60.01,215.8,4.4,1.0,884.6,36.8,0.5,0.4,0,349.6050757477664,26.687,26.687,2025-06-22 08:11:16
163.2,3.8,613.4,153.7,3.1,486.7,1017.7,59.99,216.1,4.7,1.0,884.6,36.9,0.6,0.4,0,349.6050757477664,26.687,28.375,2025-06-22 08:11:59
157,4.1,658.3,154.7,3.3,514.3,1111.8,59.99,216.1,5,1.0,884.6,36.9,0.6,0.4,0,388.4500841641849,26.687,26.687,2025-06-22 08:12:19
162,3.8,586.6,156.8,3,482.3,1017.1,60.02,215.9,4.8,1.0,884.6,37,0.6,0.4,0,349.6050757477664,26.687,28.625,2025-06-22 08:13:02
158.2,4.5,705.0,156.5,3.6,558.1,1196.6,60.05,216.1,5.5,1.0,884.6,37.2,0.6,0.4,0,427.2950925806034,26.5,26.562,2025-06-22 08:13:21
154.5,4,608.7,157.9,3.1,480.6,1034.4,60,215.7,4.8,1.0,884.6,37.3,0.6,0.4,0,349.6050757477664,26.312,28.75,2025-06-22 08:14:04
156.8,4,620.5,156.6,3.2,488.8,1052.9,59.96,215.8,4.8,1.0,884.6,37.3,0.6,0.4,0,349.6050757477664,26.125,26.187,2025-06-22 08:14:23
159.2,3.8,592.1,155.5,3,478.9,1017.9,60,215.9,4.6,1.0,884.6,37.4,0.6,0.4,0,349.6050757477664,26.437,28.937,2025-06-22 08:15:06
159.4,3.7,577.9,155,2.9,466.6,993.0,60.03,215.8,4.5,1.0,884.6,37.4,0.6,0.5,0,349.6050757477664,26.562,26.562,2025-06-22 08:15:26
156.2,4,623.1,155.2,3.2,503.2,1063.1,59.99,216,4.8,1.1,884.7,37.5,0.6,0.5,0,388.4500841641849,26.562,29.0,2025-06-22 08:16:09
156.6,4.1,644.4,156.5,3.4,536.1,1118.5,60.02,215.8,5.2,1.1,884.7,37.5,0.6,0.5,0,388.4500841641849,26.937,27.0,2025-06-22 08:16:28
159.4,4.2,664.0,156.4,3.6,563.9,1164.2,59.97,215.8,5.3,1.1,884.7,37.7,0.6,0.5,0,388.4500841641849,26.812,29.125,2025-06-22 08:17:11
152.9,4.7,696.9,156.2,4.1,622.9,1249.2,60,215.8,5.8,1.1,884.7,37.8,0.6,0.5,0,427.2950925806034,26.687,26.687,2025-06-22 08:17:31
154,5.7,836.9,158.1,4.8,733.2,1481.1,59.99,216.3,7.1,1.1,884.7,37.9,0.6,0.5,0,543.8301178298589,26.5,29.312,2025-06-22 08:18:14
155.5,5.6,867.7,149.6,5.1,757.3,1528.6,59.97,216.4,7.1,1.1,884.7,38,0.6,0.5,0,543.8301178298589,26.5,26.5,2025-06-22 08:18:33
156.7,8.2,1277.4,150.7,7.7,1165.5,2289.9,59.99,217.4,10.5,1.1,884.7,38.5,0.6,0.5,0,776.9001683283698,26.75,30.312,2025-06-22 08:19:16
154.9,8.4,1278.6,153,7.7,1167.8,2292.5,60,217.5,10.5,1.1,884.7,38.8,0.6,0.5,0,776.9001683283698,26.75,26.812,2025-06-22 08:19:36
153.1,6.4,982.5,153.2,5.9,903.5,1764.7,59.99,216.9,7.9,1.2,884.8,39.5,0.7,0.5,0,621.5201346626959,27.125,30.75,2025-06-22 08:20:19
156,6.2,1019.2,153,5.8,914.3,1781.6,60.03,216.8,8,1.2,884.8,39.6,0.7,0.5,0,582.6751262462774,27.25,27.312,2025-06-22 08:20:38
157.7,7.5,1150.4,148.8,7.2,1059.7,2071.6,60,217.1,9.7,1.2,884.8,39.7,0.7,0.5,0,738.0551599119514,27.312,30.687,2025-06-22 08:21:21
157.9,6.8,1055.5,152.6,6.6,969.5,1900.2,59.99,216.9,9,1.2,884.8,39.8,0.7,0.5,0,699.2101514955328,27.687,27.687,2025-06-22 08:21:41
153.5,7.5,1145.7,149.3,7,1051.4,2058.7,59.97,217.1,9.5,1.2,884.8,40.2,0.7,0.5,0,699.2101514955328,27.75,31.062,2025-06-22 08:22:24
153.5,7.7,1165.6,153,6.9,1057.7,2086.9,59.98,217.2,9.6,1.2,884.8,40.4,0.7,0.6,0,738.0551599119514,27.625,27.625,2025-06-22 08:22:43
150.7,6.5,980.5,153.4,5.4,827.2,1698.7,60.02,216.7,7.9,1.3,884.9,40.7,0.7,0.6,0,621.5201346626959,27.562,31.562,2025-06-22 08:23:26
150.8,5.1,777.8,153.4,4.3,665.4,1363.5,60.01,216.3,6.1,1.3,884.9,40.7,0.7,0.6,0,466.14010099702193,27.75,27.812,2025-06-22 08:23:46
152.5,6.7,988.3,149.3,5.3,773.1,1653.3,60.04,217,7.9,1.3,884.9,40.6,0.7,0.6,0,582.6751262462774,28.0,31.875,2025-06-22 08:24:29
153.1,7,1048.0,152,5.8,905.9,1838.6,60.03,217.1,8.5,1.3,884.9,40.6,0.7,0.6,0,621.5201346626959,28.062,28.062,2025-06-22 08:24:48
152.1,7.7,1149.7,149.4,7.1,1052.0,2063.3,60.03,217.5,9.4,1.3,884.9,40.9,0.7,0.6,0,738.0551599119514,28.312,32.25,2025-06-22 08:25:31
152.4,7.5,1159.0,151.8,7.1,1043.0,2064.9,60.02,217.6,9.3,1.3,884.9,40.9,0.8,0.6,0,738.0551599119514,28.437,28.437,2025-06-22 08:25:51
150.6,6.8,1006.5,150.3,6.1,905.1,1792.3,60,217.3,8.4,1.4,885.0,41.1,0.8,0.6,0,660.3651430791144,28.562,32.812,2025-06-22 08:26:34
152.2,7.2,1118.7,147.7,6.7,1011.2,1995.9,59.97,217.4,8.9,1.4,885.0,41.2,0.8,0.6,0,699.2101514955328,28.687,28.687,2025-06-22 08:26:53
153.6,7.3,1137.8,149.1,7,1031.8,2032.1,59.99,217.4,9.3,1.4,885.0,41.3,0.8,0.6,0,738.0551599119514,28.625,32.812,2025-06-22 08:27:36
152.2,7.3,1144.3,149.1,6.9,1023.6,2031.1,60,217.6,9.2,1.4,885.0,41.5,0.8,0.6,0,738.0551599119514,28.625,28.625,2025-06-22 08:27:56
151.1,7.6,1141.8,147.1,7,1026.8,2030.8,59.97,217.3,9.3,1.4,885.0,41.7,0.8,0.6,0,738.0551599119514,28.875,33.125,2025-06-22 08:28:39
149.2,7.4,1117.7,149,6.9,1008.4,1987.5,59.99,217.2,9.1,1.4,885.0,41.8,0.8,0.6,0,738.0551599119514,29.0,29.0,2025-06-22 08:28:58
150.6,7.6,1141.2,149,6.9,1018.8,2023.4,59.98,217.3,9.2,1.5,885.1,42,0.8,0.7,0,738.0551599119514,29.125,33.125,2025-06-22 08:29:41
151.2,7.3,1100.8,148.2,6.6,979.8,1949.4,59.98,217.2,8.8,1.5,885.1,42.1,0.8,0.7,0,699.2101514955328,29.187,29.187,2025-06-22 08:30:01
152,7.1,1067.7,146,6.3,935.9,1878.4,59.98,217,8.5,1.5,885.1,42.3,0.8,0.7,0,699.2101514955328,29.25,33.687,2025-06-22 08:30:43
149.2,7.2,1057.4,147,6.2,904.3,1838.4,59.97,217,8.5,1.5,885.1,42.3,0.8,0.7,0,660.3651430791144,29.312,29.312,2025-06-22 08:31:03
149.3,7.1,1070.8,149.1,6.1,911.2,1857.7,60,216.8,8.5,1.5,885.1,42.5,0.9,0.7,0,699.2101514955328,29.187,33.687,2025-06-22 08:31:46
149.2,7.6,1121.1,146.2,6.6,951.9,1941.3,59.98,217.1,8.9,1.5,885.1,42.6,0.9,0.7,0,738.0551599119514,29.0,29.0,2025-06-22 08:32:05
149.4,6.8,1010.1,143.5,5.9,822.6,1721.1,60,216.7,8.1,1.6,885.2,42.7,0.9,0.7,0,660.3651430791144,28.625,33.562,2025-06-22 08:32:48
152.3,6.9,1030.1,147.7,6,878.6,1795.1,59.99,216.9,8.3,1.6,885.2,42.7,0.9,0.7,0,660.3651430791144,28.562,28.5,2025-06-22 08:33:08
146,6.9,1016.6,147.1,6.1,899.5,1794.3,59.98,217,8.3,1.6,885.2,42.9,0.9,0.7,0,660.3651430791144,28.625,33.187,2025-06-22 08:33:51
150.5,6.9,1046.9,149.1,6.3,924.8,1851.8,60.04,217,8.5,1.6,885.2,42.9,0.9,0.7,0,699.2101514955328,28.812,28.812,2025-06-22 08:34:10
150.7,5.8,873.6,147.7,5.2,779.5,1553.8,60,216.5,7.1,1.6,885.2,43,0.9,0.7,0,543.8301178298589,28.937,33.625,2025-06-22 08:34:53
149.1,4.9,741.0,146,4.4,661.5,1323.6,60,216.3,6,1.6,885.2,43,0.9,0.7,0,466.14010099702193,29.062,29.125,2025-06-22 08:35:13
150.4,3.6,542.7,147.4,3.1,456.4,949.4,59.97,215.7,4.2,1.6,885.2,42.9,0.9,0.7,0,349.6050757477664,28.812,33.5,2025-06-22 08:35:56
154.9,3.4,513.6,149.1,3,443.2,911.4,59.99,215.8,4.2,1.6,885.2,42.8,0.9,0.8,0,310.76006733134795,28.5,28.5,2025-06-22 08:36:15
152.2,3.5,529.1,150.2,2.8,435.0,917.2,60.01,215.7,4.2,1.7,885.3,42.6,0.9,0.8,0,310.76006733134795,28.312,32.875,2025-06-22 08:36:58
152.3,3.5,518.2,149.2,2.7,429.4,901.3,60.02,215.8,4.1,1.7,885.3,42.5,0.9,0.8,0,310.76006733134795,28.125,28.125,2025-06-22 08:37:18
150.2,4.5,657.0,143.9,3.7,534.3,1127.7,59.98,216,5.2,1.7,885.3,42,0.9,0.8,0,427.2950925806034,27.937,31.625,2025-06-22 08:38:01
151,5.1,753.4,144.2,4.3,611.8,1292.2,59.98,216.4,6,1.7,885.3,42,0.9,0.8,0,504.9851094134404,28.0,28.0,2025-06-22 08:38:20
153.6,5.3,800.4,149.1,4.6,682.3,1399.6,60.01,216.4,6.5,1.7,885.3,42.2,1.0,0.8,0,504.9851094134404,28.0,31.562,2025-06-22 08:39:03
151.1,5.2,788.3,151.5,4.3,642.8,1352.0,59.99,216.3,6.2,1.7,885.3,42.3,1.0,0.8,0,504.9851094134404,28.437,28.437,2025-06-22 08:39:23
152.3,5,750.3,149.1,4,594.9,1271.6,60.03,216.2,6,1.7,885.3,42.4,1.0,0.8,0,466.14010099702193,28.437,31.875,2025-06-22 08:40:06
153.1,6.1,918.9,146.7,5.1,747.7,1570.4,60.05,216.8,7.3,1.7,885.3,42.4,1.0,0.8,0,582.6751262462774,28.562,28.562,2025-06-22 08:40:25
155.3,5.7,841.5,143.2,4.7,665.9,1421.3,60.03,216.4,6.7,1.7,885.3,42.5,1.0,0.8,0,543.8301178298589,28.562,32.187,2025-06-22 08:41:08
152.6,5.6,826.5,149.1,4.5,662.4,1404.5,60.04,216.4,6.6,1.8,885.4,42.5,1.0,0.8,0,504.9851094134404,28.625,28.625,2025-06-22 08:41:28
150.7,8.3,1230.1,146.1,6.9,1017.0,2101.7,60.04,217.5,9.6,1.8,885.4,42.6,1.0,0.8,0,776.9001683283698,28.937,32.687,2025-06-22 08:42:11
150.8,8.3,1234.3,150.5,6.8,1024.3,2119.7,60.04,217.3,9.7,1.8,885.4,42.8,1.0,0.8,0,776.9001683283698,29.125,29.125,2025-06-22 08:42:30
156,5.9,866.1,147.8,5.1,742.4,1514.5,60.01,216.5,7.2,1.8,885.4,43.1,1.0,0.8,0,582.6751262462774,29.375,33.062,2025-06-22 08:43:13
150.7,5.5,822.7,150.5,4.5,677.7,1415.3,60.02,216.3,6.4,1.8,885.4,43,1.0,0.8,0,543.8301178298589,29.375,29.375,2025-06-22 08:43:33
153.2,5.1,765.5,150.6,4.1,614.1,1304.9,60.03,216,6,1.8,885.4,42.9,1.0,0.8,0,504.9851094134404,29.437,33.312,2025-06-22 08:44:15
150.7,4.7,704.2,150.4,3.8,565.9,1201.9,60.03,215.8,5.5,1.8,885.4,42.8,1.0,0.8,0,427.2950925806034,29.5,29.5,2025-06-22 08:44:35
154.5,7.7,1131.3,151,6.2,939.1,1946.0,59.99,216.7,9,1.9,885.5,42.9,1.0,0.9,0,776.9001683283698,29.5,33.125,2025-06-22 08:45:18
154.6,5.5,836.7,148.7,4.6,728.5,1472.1,59.99,216.3,6.6,1.9,885.5,43,1.1,0.9,0,543.8301178298589,29.5,29.5,2025-06-22 08:45:37
150,5.7,837.5,151.9,4.5,640.8,1431.0,60.01,216.4,6.7,1.9,885.5,43,1.1,0.9,0,543.8301178298589,29.5,33.062,2025-06-22 08:46:20
145.7,6.1,925.2,149.1,5.3,794.9,1602.0,59.98,216.6,7.3,1.9,885.5,42.9,1.1,0.9,0,582.6751262462774,29.5,29.562,2025-06-22 08:46:40
156.3,4.9,726.0,149.2,3.9,579.9,1235.3,59.97,215.7,5.8,1.9,885.5,42.9,1.1,0.9,0,466.14010099702193,29.25,33.312,2025-06-22 08:47:23
151.8,5.6,858.7,146.5,4.8,714.7,1485.9,59.98,216.1,6.6,1.9,885.5,42.9,1.1,0.9,0,543.8301178298589,29.187,29.25,2025-06-22 08:47:42
156.4,4.6,713.6,149.3,3.9,571.6,1218.0,60.04,215.7,5.7,1.9,885.5,42.8,1.1,0.9,0,466.14010099702193,29.25,33.437,2025-06-22 08:48:25
151.9,7.9,1164.7,151.8,5.8,838.8,1891.2,60.03,216.8,9.1,1.9,885.5,42.8,1.1,0.9,0,738.0551599119514,29.25,29.25,2025-06-22 08:48:45
152.2,8,1199.8,145.8,6.6,978.2,2043.8,60,217.3,9.3,2.0,885.6,43.2,1.1,0.9,0,776.9001683283698,29.5,33.375,2025-06-22 08:49:28
151,7.7,1153.2,147.7,6.4,959.0,1983.7,60.03,217.1,8.9,2.0,885.6,43.4,1.1,0.9,0,738.0551599119514,29.562,29.562,2025-06-22 08:49:47
152.6,6.3,939.1,146,5.2,777.2,1615.5,60.01,216.4,7.5,2.0,885.6,43.7,1.1,0.9,0,621.5201346626959,29.812,33.812,2025-06-22 08:50:30
151.3,5.9,866.4,149.1,4.7,699.0,1477.4,60,216.3,6.9,2.0,885.6,43.6,1.1,0.9,0,543.8301178298589,29.875,29.937,2025-06-22 08:50:50
150.8,4.4,655.1,148.8,3.5,528.9,1126.0,60,216.1,5.2,2.0,885.6,43.6,1.1,0.9,0,388.4500841641849,29.812,33.625,2025-06-22 08:51:33
150.4,4.5,678.3,150.5,3.7,556.8,1170.8,59.98,216,5.3,2.0,885.6,43.4,1.1,0.9,0,427.2950925806034,29.75,29.75,2025-06-22 08:51:52
152.8,4.4,648.5,148.4,3.5,515.0,1104.0,59.99,216.1,5.1,2.0,885.6,43.1,1.2,0.9,0,427.2950925806034,29.687,33.25,2025-06-22 08:52:35
153.6,4.4,672.5,150.4,3.6,545.4,1155.8,59.97,216,5.2,2.0,885.6,43,1.2,0.9,0,427.2950925806034,29.75,29.75,2025-06-22 08:52:55
152.7,4.7,717.7,151.1,4,602.1,1248.0,60,216.3,5.6,2.1,885.7,43,1.2,0.9,0,466.14010099702193,29.875,33.375,2025-06-22 08:53:38
150.5,4.2,640.5,148.8,3.5,556.5,1134.0,59.99,216.2,4.9,2.1,885.7,43,1.2,1.0,0,388.4500841641849,29.812,29.812,2025-06-22 08:53:57
151.4,3.7,562.2,148.2,3,449.1,961.0,59.98,215.8,4.4,2.1,885.7,42.9,1.2,1.0,0,349.6050757477664,29.75,33.375,2025-06-22 08:54:40
153.6,3.4,550.9,149.1,2.9,434.8,939.4,59.97,215.9,4.2,2.1,885.7,42.8,1.2,1.0,0,349.6050757477664,29.687,29.75,2025-06-22 08:55:00
151,4.7,721.1,149.3,3.8,592.2,1240.9,60.02,216.1,5.6,2.1,885.7,42.6,1.2,1.0,0,466.14010099702193,29.625,33.187,2025-06-22 08:55:43
153.7,4.5,688.1,144.9,3.7,535.7,1159.4,59.99,216,5.2,2.1,885.7,42.6,1.2,1.0,0,427.2950925806034,29.625,29.687,2025-06-22 08:56:02
156.1,3.6,580.3,153.4,2.8,441.3,967.0,59.97,215.8,4.3,2.1,885.7,42.4,1.2,1.0,0,349.6050757477664,29.687,33.125,2025-06-22 08:56:45
150.7,4.2,631.7,146.8,3.2,468.2,1042.9,59.99,216.1,4.8,2.1,885.7,42.3,1.2,1.0,0,388.4500841641849,29.687,29.687,2025-06-22 08:57:05
152.2,4.8,724.2,150.6,3.6,535.7,1194.8,59.98,216,5.5,2.1,885.7,42.2,1.2,1.0,0,466.14010099702193,29.687,33.125,2025-06-22 08:57:47
155.1,4.5,688.2,152,3.4,511.3,1138.6,59.97,215.8,5.3,2.1,885.7,42.2,1.2,1.0,0,427.2950925806034,29.812,29.812,2025-06-22 08:58:07
151,5.3,764.4,149.3,3.7,548.7,1245.4,59.99,216.1,5.9,2.2,885.8,42.2,1.2,1.0,0,504.9851094134404,29.687,33.187,2025-06-22 08:58:50
149.2,5.8,865.0,152,4.3,659.7,1439.2,59.98,216.3,6.7,2.2,885.8,42.2,1.2,1.0,0,543.8301178298589,29.625,29.625,2025-06-22 08:59:09
148.7,5,737.5,149.3,3.6,565.9,1225.9,60.04,215.9,5.6,2.2,885.8,42.3,1.2,1.0,0,466.14010099702193,29.437,33.375,2025-06-22 08:59:52
146.3,5,743.0,152,3.6,553.3,1226.3,60.04,215.7,5.7,2.2,885.8,42.3,1.2,1.0,0,466.14010099702193,29.25,29.187,2025-06-22 09:00:12
152.5,5,764.0,152,3.7,566.5,1259.7,60,215.9,5.8,2.2,885.8,42.3,1.3,1.0,0,466.14010099702193,29.125,33.125,2025-06-22 09:00:55
152.2,4.6,704.9,151.8,3.4,525.5,1167.3,59.99,216,5.3,2.2,885.8,42.3,1.3,1.0,0,427.2950925806034,29.0,29.062,2025-06-22 09:01:14
157.9,4,604.7,151.9,3.1,464.9,1018.5,59.96,215.7,4.7,2.2,885.8,42.3,1.3,1.0,0,388.4500841641849,28.875,32.937,2025-06-22 09:01:57
152.2,4.2,642.7,152,3.1,470.5,1056.4,59.98,215.6,4.8,2.2,885.8,42.2,1.3,1.0,0,388.4500841641849,29.062,29.062,2025-06-22 09:02:17
150.8,4.4,651.5,149.2,3.2,470.1,1063.6,60.03,215.8,4.9,2.2,885.8,42.2,1.3,1.0,0,388.4500841641849,29.25,32.437,2025-06-22 09:03:00
152.2,4,601.2,149,3,450.9,1000.9,60.04,215.6,4.4,2.2,885.8,42.2,1.3,1.0,0,349.6050757477664,29.375,29.375,2025-06-22 09:03:19
156.5,4,593.5,150.5,3,445.4,989.2,60.03,215.8,4.6,2.3,885.9,42,1.3,1.0,0,349.6050757477664,29.5,32.187,2025-06-22 09:04:02
154.1,4.5,697.7,150.9,3.4,519.5,1154.0,60.04,216,5.3,2.3,885.9,41.9,1.3,1.0,0,427.2950925806034,29.5,29.562,2025-06-22 09:04:22
150.5,4.8,724.6,149.1,3.7,548.2,1204.2,59.96,216.1,5.5,2.3,885.9,41.9,1.3,1.0,0,466.14010099702193,29.562,32.312,2025-06-22 09:05:05
156.2,4.2,629.9,151,3.1,488.3,1062.6,59.98,216.1,4.9,2.3,885.9,41.9,1.3,1.0,0,388.4500841641849,29.437,29.437,2025-06-22 09:05:24
153.7,4.6,698.4,148.2,3.5,513.0,1148.6,59.99,216.1,5.3,2.3,885.9,41.8,1.3,1.1,0,427.2950925806034,29.562,32.562,2025-06-22 09:06:07
153.4,5.3,795.2,150.4,3.9,582.7,1304.4,59.99,216.2,6,2.3,885.9,41.8,1.3,1.1,0,504.9851094134404,29.562,29.562,2025-06-22 09:06:27
151.3,5.6,809.3,149.5,4.1,599.5,1332.2,59.99,216.3,6.3,2.3,885.9,42,1.3,1.1,0,504.9851094134404,29.312,32.812,2025-06-22 09:07:10
153.1,5.3,825.0,151.6,4.4,692.9,1437.4,60,216.3,6.3,2.3,885.9,42,1.3,1.1,0,504.9851094134404,29.125,29.062,2025-06-22 09:07:29
153.6,4.9,740.0,152,3.7,569.3,1240.0,59.98,216.1,5.6,2.3,885.9,42.2,1.3,1.1,0,466.14010099702193,28.937,32.687,2025-06-22 09:08:12
155.2,5.2,787.7,148.9,4,596.3,1315.4,59.98,216.1,6.1,2.3,885.9,42.2,1.3,1.1,0,504.9851094134404,29.062,29.062,2025-06-22 09:08:32
151.3,4.3,682.8,153.5,3.4,548.5,1147.6,59.97,215.8,5.2,2.4,886.0,42.2,1.3,1.1,0,427.2950925806034,29.187,32.5,2025-06-22 09:09:15
150.9,3.9,585.5,151.9,3,455.3,990.3,59.99,215.7,4.6,2.4,886.0,42.2,1.4,1.1,0,349.6050757477664,29.312,29.312,2025-06-22 09:09:34
153.5,3.5,538.4,153.4,2.8,424.6,919.3,60.01,215.5,4.2,2.4,886.0,42,1.4,1.1,0,310.76006733134795,29.437,32.562,2025-06-22 09:10:17
155.9,3.5,551.7,153,2.8,436.2,942.7,60.03,215.6,4.3,2.4,886.0,41.9,1.4,1.1,0,349.6050757477664,29.437,29.437,2025-06-22 09:10:37
149.2,5.5,821.2,150.7,4.1,610.0,1351.9,59.98,216.2,6.2,2.4,886.0,41.8,1.4,1.1,0,504.9851094134404,29.437,32.437,2025-06-22 09:11:20
151,5.4,807.8,152.3,4,609.5,1342.3,59.99,216.2,6.2,2.4,886.0,41.9,1.4,1.1,0,504.9851094134404,29.437,29.5,2025-06-22 09:11:39
155.4,5.8,890.2,149,4.4,659.7,1462.2,60,216.2,6.8,2.4,886.0,42,1.4,1.1,0,582.6751262462774,29.312,32.5,2025-06-22 09:12:22
155.3,5.3,793.5,153.7,3.8,595.8,1316.0,59.98,216.1,6.1,2.4,886.0,42.1,1.4,1.1,0,504.9851094134404,29.25,29.312,2025-06-22 09:12:41
157.8,6.5,973.7,155,4.8,722.3,1594.3,60.02,216.2,7.6,2.5,886.1,42.2,1.4,1.1,0,621.5201346626959,29.437,32.937,2025-06-22 09:13:24
152.4,7.3,1083.9,149.2,5.3,778.6,1751.2,60.01,216.5,8,2.5,886.1,42.3,1.4,1.1,0,699.2101514955328,29.312,29.312,2025-06-22 09:13:44
151.6,7.3,1106.4,150.4,5.4,811.6,1805.3,60.02,216.5,8.3,2.5,886.1,42.6,1.4,1.1,0,699.2101514955328,29.312,33.25,2025-06-22 09:14:27
153.6,7.1,1106.1,150.5,5.3,813.1,1806.7,59.98,216.8,8.2,2.5,886.1,42.7,1.4,1.1,0,699.2101514955328,29.312,29.312,2025-06-22 09:14:46
152,7.2,1084.5,152.1,5.2,802.2,1778.0,59.99,216.7,8.2,2.5,886.1,43,1.4,1.2,0,699.2101514955328,29.562,33.812,2025-06-22 09:15:29
150.7,7.2,1093.9,150.5,5.3,810.7,1792.6,60.02,216.7,8.3,2.5,886.1,43.2,1.4,1.2,0,699.2101514955328,29.687,29.687,2025-06-22 09:15:49
149.7,7.4,1096.3,152.2,5.4,810.9,1793.0,60,216.8,8.4,2.5,886.1,43.4,1.5,1.2,0,699.2101514955328,29.375,33.75,2025-06-22 09:16:32
150.5,7.5,1127.0,150.3,5.5,827.5,1837.3,60.05,216.9,8.4,2.6,886.2,43.5,1.5,1.2,0,738.0551599119514,29.375,29.375,2025-06-22 09:16:51
142.7,7.5,1129.7,150.2,5.4,847.7,1858.6,60,217,7.8,2.6,886.2,43.6,1.5,1.2,0,660.3651430791144,29.375,34.0,2025-06-22 09:17:34
147.4,4.8,724.8,147.6,3.7,563.6,1213.5,60,216.2,5.1,2.6,886.2,43.7,1.5,1.2,0,427.2950925806034,29.25,29.25,2025-06-22 09:17:54
150.4,4.5,664.2,145,3.3,474.4,1077.0,60,216.2,5.1,2.6,886.2,43.5,1.5,1.2,0,427.2950925806034,29.0,33.812,2025-06-22 09:18:37
155.4,4.3,635.0,147.2,3.3,478.6,1058.4,60.01,215.9,5,2.6,886.2,43.5,1.5,1.2,0,427.2950925806034,29.0,29.062,2025-06-22 09:18:56
150.4,4.1,614.7,150.4,3,455.4,1021.0,60.02,216.2,4.6,2.6,886.2,43.6,1.5,1.2,0,388.4500841641849,28.812,33.937,2025-06-22 09:19:39
147.8,4,580.0,151.9,2.9,418.2,953.7,59.99,216,4.4,2.6,886.2,43.6,1.5,1.2,0,349.6050757477664,28.75,28.812,2025-06-22 09:19:59
148.8,4.8,721.3,151.6,3.5,554.5,1209.5,60.01,215.9,5.3,2.6,886.2,43.6,1.5,1.2,0,466.14010099702193,29.187,33.937,2025-06-22 09:20:42
151.9,4.6,727.7,150.4,3.3,518.6,1182.0,60.03,215.9,5.2,2.6,886.2,43.7,1.5,1.2,0,427.2950925806034,29.187,29.25,2025-06-22 09:21:01
154,5.1,762.9,146.2,3.7,524.0,1218.6,60.03,216.3,5.8,2.7,886.3,43.7,1.5,1.2,0,504.9851094134404,29.312,33.937,2025-06-22 09:21:44
151.6,4.3,669.4,150.6,3.1,478.4,1072.5,60.03,216,4.9,2.7,886.3,43.7,1.5,1.2,0,427.2950925806034,29.375,29.375,2025-06-22 09:22:04
152.5,6.3,915.8,150.8,4.5,658.2,1499.3,60.01,216.4,7.1,2.7,886.3,43.7,1.5,1.2,0,621.5201346626959,29.312,34.062,2025-06-22 09:22:46
151.2,7.6,1111.7,150.9,5.2,753.5,1753.7,60.04,217,8.3,2.7,886.3,43.8,1.5,1.2,0,738.0551599119514,29.312,29.312,2025-06-22 09:23:06
154.6,4.6,751.3,149.9,3.5,531.9,1219.0,60,216.1,5.4,2.7,886.3,44,1.6,1.2,0,504.9851094134404,29.687,35.0,2025-06-22 09:23:49
151.3,5.7,822.0,155.4,3.8,547.5,1294.7,60,216.4,6.4,2.7,886.3,44,1.6,1.2,0,582.6751262462774,29.875,29.875,2025-06-22 09:24:09
147.4,5.1,750.8,152,3.3,520.7,1203.0,60.03,216.1,5.5,2.7,886.3,44,1.6,1.2,0,504.9851094134404,30.375,35.375,2025-06-22 09:24:51
149.1,4.4,647.1,150.4,3,456.8,1047.6,60.01,216.2,4.7,2.7,886.3,44,1.6,1.2,0,427.2950925806034,30.5,30.5,2025-06-22 09:25:11
155.5,3.9,578.1,152,2.8,417.3,951.2,60.03,215.9,4.4,2.7,886.3,43.9,1.6,1.3,0,388.4500841641849,30.625,35.187,2025-06-22 09:25:54
150.7,4.2,639.1,147.6,3.1,454.0,1038.4,60.03,216,4.8,2.7,886.3,43.8,1.6,1.3,0,427.2950925806034,30.562,30.562,2025-06-22 09:26:13
150,4.9,778.6,152,3.5,549.8,1212.3,60.02,215.8,5.4,2.8,886.4,43.6,1.6,1.3,0,466.14010099702193,30.5,34.812,2025-06-22 09:26:56
152.3,4.2,624.7,150.6,3,447.3,1020.7,60.03,215.7,4.8,2.8,886.4,43.6,1.6,1.3,0,427.2950925806034,30.625,30.625,2025-06-22 09:27:16
154.2,3.4,512.8,147.7,2.6,380.8,853.5,60.02,215.6,4,2.8,886.4,43.4,1.6,1.3,0,349.6050757477664,30.812,34.687,2025-06-22 09:27:59
153.6,3.3,494.3,147.6,2.5,373.0,828.6,60.03,215.6,3.9,2.8,886.4,43.3,1.6,1.3,0,349.6050757477664,30.812,30.812,2025-06-22 09:28:18
150.3,3.6,556.5,150.2,2.8,432.9,942.8,59.99,215.8,4.1,2.8,886.4,43,1.6,1.3,0,349.6050757477664,31.0,34.437,2025-06-22 09:29:01
152.2,3.3,494.9,149.2,2.5,371.2,826.8,60.02,215.7,3.9,2.8,886.4,43,1.6,1.3,0,310.76006733134795,31.062,31.062,2025-06-22 09:29:21
152.2,3.2,487.9,150.4,2.5,371.4,820.6,60.01,215.7,3.7,2.8,886.4,42.8,1.6,1.3,0,310.76006733134795,31.062,34.125,2025-06-22 09:30:04
152,3.1,483.5,147.5,2.4,367.7,814.1,60.05,215.6,3.6,2.8,886.4,42.7,1.6,1.3,0,310.76006733134795,30.937,30.937,2025-06-22 09:30:23
153.7,2.8,429.0,147.6,2.1,329.2,724.8,60.03,215.5,3.4,2.8,886.4,42.6,1.6,1.3,0,271.91505891492943,30.437,33.875,2025-06-22 09:31:06
155.6,2.8,423.5,150.6,2.2,327.5,720.0,60.03,215.6,3.3,2.8,886.4,42.6,1.6,1.3,0,271.91505891492943,30.125,30.125,2025-06-22 09:31:26
153.6,2.7,420.6,151.3,2,325.1,715.5,60.04,215.5,3.2,2.8,886.4,42.5,1.6,1.3,0,271.91505891492943,29.875,33.687,2025-06-22 09:32:09
153.6,2.7,417.8,150.6,2.1,323.0,711.8,60.03,215.7,3.2,2.8,886.4,42.5,1.6,1.3,0,271.91505891492943,29.937,29.937,2025-06-22 09:32:28
152.4,2.7,415.3,150.5,2.1,327.2,711.9,60.03,215.5,3.3,2.8,886.4,42.4,1.6,1.3,0,271.91505891492943,30.187,33.312,2025-06-22 09:33:11
150.7,2.6,406.1,151.1,2.1,316.6,692.6,60.01,215.5,3.2,2.8,886.4,42.3,1.6,1.3,0,271.91505891492943,30.062,30.062,2025-06-22 09:33:31
153.6,2.7,412.4,148.8,2.1,313.1,694.9,60.03,215.4,3.2,2.9,886.5,42.1,1.6,1.3,0,271.91505891492943,30.062,33.125,2025-06-22 09:34:14
153.7,2.7,412.5,146.9,2,314.3,697.9,60.04,215.4,3.2,2.9,886.5,42,1.6,1.3,0,271.91505891492943,30.125,30.187,2025-06-22 09:34:33
154.8,2.6,417.8,150.7,2.1,319.5,708.1,60.04,215.5,3.2,2.9,886.5,41.8,1.7,1.3,0,271.91505891492943,30.25,32.75,2025-06-22 09:35:16
153.6,2.6,420.1,150.6,2.1,321.0,711.3,60.02,215.6,3.3,2.9,886.5,41.7,1.7,1.3,0,271.91505891492943,30.312,30.312,2025-06-22 09:35:36
153.5,2.8,426.2,150.6,2.1,325.5,721.3,60.02,215.5,3.3,2.9,886.5,41.5,1.7,1.3,0,271.91505891492943,30.375,32.375,2025-06-22 09:36:18
151.7,2.8,427.2,148.5,2.2,326.6,722.7,60.03,215.6,3.3,2.9,886.5,41.5,1.7,1.3,0,271.91505891492943,30.5,30.5,2025-06-22 09:36:38
156.6,2.8,429.3,150.5,2.2,331.7,729.6,60.01,215.4,3.3,2.9,886.5,41.4,1.7,1.3,0,271.91505891492943,30.375,32.0,2025-06-22 09:37:21
156.7,2.8,430.1,150.5,2.2,332.6,731.9,60.01,215.5,3.4,2.9,886.5,41.4,1.7,1.3,0,271.91505891492943,30.125,30.187,2025-06-22 09:37:41
156.6,2.7,433.4,153.5,2.2,336.4,740.3,60.02,215.3,3.3,2.9,886.5,41.2,1.7,1.3,0,271.91505891492943,30.125,31.937,2025-06-22 09:38:23
153.6,2.8,436.2,152.2,2.2,339.1,743.5,60.03,215.6,3.5,2.9,886.5,41.2,1.7,1.3,0,271.91505891492943,30.187,30.187,2025-06-22 09:38:43
156.6,2.9,451.7,153.5,2.3,350.0,769.9,59.98,215.5,3.6,2.9,886.5,41,1.7,1.3,0,271.91505891492943,30.25,31.875,2025-06-22 09:39:26
157.6,2.8,461.7,154.7,2.2,348.0,763.5,60.01,215.2,3.6,2.9,886.5,41,1.7,1.3,0,271.91505891492943,30.312,30.375,2025-06-22 09:39:45
156.9,3.5,520.7,152.3,2.6,396.5,896.4,60.01,215.5,4.2,2.9,886.5,40.9,1.7,1.3,0,349.6050757477664,30.562,31.625,2025-06-22 09:40:28
156.7,3.5,535.8,155,2.6,401.7,897.1,59.99,215.6,4.2,2.9,886.5,40.9,1.7,1.3,0,349.6050757477664,30.625,30.625,2025-06-22 09:40:48
153.7,3.5,539.9,153.3,2.6,411.1,907.4,59.96,215.7,4.2,2.9,886.5,40.9,1.7,1.3,0,349.6050757477664,30.625,32.0,2025-06-22 09:41:31
152.1,3.6,550.0,152,2.7,416.8,922.9,60.01,216,4.2,3.0,886.6,40.9,1.7,1.3,0,349.6050757477664,30.687,30.75,2025-06-22 09:41:50
158.2,5.1,785.7,153.1,3.7,561.2,1278.7,59.97,216.3,6,3.0,886.6,40.9,1.7,1.4,0,543.8301178298589,30.687,32.625,2025-06-22 09:42:33
154.8,7,1098.5,155,4.9,755.7,1752.3,60,216.6,8.1,3.0,886.6,41.1,1.7,1.4,0,738.0551599119514,30.875,30.875,2025-06-22 09:42:53
153.9,6.2,891.7,153.3,4.2,609.6,1419.3,60.01,216.7,6.9,3.0,886.6,41.4,1.7,1.4,0,621.5201346626959,31.187,33.312,2025-06-22 09:43:36
157.6,7.6,1160.8,157.6,5.2,781.2,1822.4,59.99,217.2,8.5,3.0,886.6,41.5,1.7,1.4,0,815.7451767447883,31.25,31.25,2025-06-22 09:43:55
157.7,7.9,1178.0,157.5,5.2,801.3,1879.2,59.99,217.4,8.7,3.0,886.6,41.9,1.7,1.4,0,815.7451767447883,31.375,33.937,2025-06-22 09:44:38
154.3,8.7,1306.3,151.3,5.7,857.5,2035.5,59.97,217.5,9.3,3.0,886.6,42,1.8,1.4,0,893.4351935776253,31.5,31.562,2025-06-22 09:44:58
155,5.2,806.8,153.4,3.5,541.2,1276.8,60.02,216.4,5.7,3.1,886.7,42.2,1.8,1.4,0,543.8301178298589,31.687,34.625,2025-06-22 09:45:41
155.7,4.6,741.3,152.4,3.2,489.6,1170.2,60,216.1,5.2,3.1,886.7,42.1,1.8,1.4,0,504.9851094134404,31.75,31.75,2025-06-22 09:46:00
155.7,4.6,690.7,150.5,3.1,466.0,1100.1,59.99,216.4,5.1,3.1,886.7,41.9,1.8,1.4,0,466.14010099702193,31.875,35.062,2025-06-22 09:46:43
157.7,4.7,683.7,152.5,3.1,473.0,1100.3,59.98,216.1,5.2,3.1,886.7,41.8,1.8,1.4,0,466.14010099702193,31.812,31.812,2025-06-22 09:47:03
156,4.4,709.1,153.1,3.1,490.8,1142.8,60,216.1,5.1,3.1,886.7,41.8,1.8,1.4,0,466.14010099702193,31.937,34.625,2025-06-22 09:47:46
153.6,4.4,666.3,151.1,2.9,446.0,1056.3,59.98,216.1,4.8,3.1,886.7,41.8,1.8,1.4,0,427.2950925806034,32.0,31.937,2025-06-22 09:48:05
150.8,4.2,637.0,150.6,2.9,434.3,1014.1,60.01,215.7,4.6,3.1,886.7,41.6,1.8,1.4,0,427.2950925806034,32.0,34.312,2025-06-22 09:48:48
150.6,4.2,632.3,150.6,2.9,433.9,1014.6,60.04,215.8,4.6,3.1,886.7,41.6,1.8,1.4,0,427.2950925806034,32.0,32.0,2025-06-22 09:49:08
153.7,4.1,629.8,148.6,2.9,426.2,1005.0,60.03,216.1,4.6,3.1,886.7,41.5,1.8,1.4,0,427.2950925806034,31.812,33.812,2025-06-22 09:49:50
153.8,4.1,618.2,150.5,2.9,432.3,1001.7,60.02,216,4.6,3.1,886.7,41.5,1.8,1.4,0,388.4500841641849,31.625,31.625,2025-06-22 09:50:10
154,3.8,607.5,148.4,2.8,422.0,980.0,59.98,215.8,4.4,3.1,886.7,41.4,1.8,1.4,0,388.4500841641849,31.625,33.625,2025-06-22 09:50:53
153.7,3.9,599.8,147.2,2.8,423.3,975.2,59.99,215.9,4.4,3.2,886.8,41.4,1.8,1.4,0,388.4500841641849,31.5,31.5,2025-06-22 09:51:13
156.4,3.9,582.4,150.6,2.8,429.9,966.2,59.98,215.9,4.5,3.2,886.8,41.3,1.8,1.4,0,388.4500841641849,31.625,33.562,2025-06-22 09:51:55
156.2,3.8,594.4,150.7,2.9,431.6,977.4,59.99,216.1,4.4,3.2,886.8,41.3,1.8,1.4,0,388.4500841641849,31.75,31.75,2025-06-22 09:52:15
153.6,3.8,580.6,150.5,2.8,428.2,960.2,60.04,216,4.4,3.2,886.8,41.2,1.8,1.4,0,388.4500841641849,31.875,33.562,2025-06-22 09:52:58
154.1,3.8,580.0,151.1,2.7,429.8,962.2,60.04,216.1,4.4,3.2,886.8,41.2,1.9,1.4,0,388.4500841641849,31.937,32.0,2025-06-22 09:53:17
153.6,3.9,588.4,153.5,2.8,436.6,975.0,59.99,216.2,4.5,3.2,886.8,41.1,1.9,1.5,0,388.4500841641849,32.187,33.625,2025-06-22 09:54:00
153.6,3.9,593.5,149.3,2.9,437.8,981.7,59.99,216.1,4.5,3.2,886.8,41.1,1.9,1.5,0,388.4500841641849,32.187,32.187,2025-06-22 09:54:20
156.1,3.8,593.4,152,2.9,443.8,988.8,59.97,216,4.5,3.2,886.8,41.1,1.9,1.5,0,388.4500841641849,32.25,33.687,2025-06-22 09:55:03
153.9,3.8,602.9,152,2.9,448.8,1002.3,59.99,215.9,4.5,3.2,886.8,41.1,1.9,1.5,0,388.4500841641849,32.125,32.125,2025-06-22 09:55:22
154.2,4,606.5,154.4,2.8,450.1,1008.2,59.97,215.8,4.6,3.2,886.8,41.2,1.9,1.5,0,388.4500841641849,31.5,33.937,2025-06-22 09:56:05
156.4,4,607.3,152.1,2.9,453.5,1011.2,59.98,215.9,4.6,3.2,886.8,41.2,1.9,1.5,0,388.4500841641849,31.437,31.437,2025-06-22 09:56:25
153.7,4.1,620.2,152.7,3,450.4,1019.7,59.96,215.9,4.6,3.3,886.9,41.3,1.9,1.5,0,388.4500841641849,31.75,34.125,2025-06-22 09:57:08
153.6,4.1,623.6,152.3,3,454.8,1028.1,60.02,215.9,4.7,3.3,886.9,41.3,1.9,1.5,0,388.4500841641849,31.812,31.812,2025-06-22 09:57:27
151.3,4.2,624.7,151.7,3.1,465.4,1038.0,60.04,216.2,4.8,3.3,886.9,41.4,1.9,1.5,0,427.2950925806034,31.812,33.937,2025-06-22 09:58:10
150.7,4.2,635.3,152,3.1,469.5,1050.5,60.02,216.2,4.8,3.3,886.9,41.4,1.9,1.5,0,427.2950925806034,31.875,31.875,2025-06-22 09:58:30
153.2,4.3,655.9,149.5,3.1,473.1,1072.7,60.02,216.4,4.9,3.3,886.9,41.4,1.9,1.5,0,427.2950925806034,31.687,33.687,2025-06-22 09:59:13
156.6,4.3,665.4,149.2,3.2,483.9,1094.3,60.03,216.6,5.1,3.3,886.9,41.4,1.9,1.5,0,427.2950925806034,31.812,31.812,2025-06-22 09:59:32
156.7,4.3,704.0,152,3.3,511.0,1154.8,60.02,217,5.1,3.3,886.9,41.5,1.9,1.5,0,466.14010099702193,31.937,33.25,2025-06-22 10:00:15
153.7,4.7,719.5,152,3.4,512.6,1172.4,59.97,217.1,5.4,3.3,886.9,41.5,1.9,1.5,0,466.14010099702193,31.937,31.937,2025-06-22 10:00:35
156.7,4.5,736.7,152.2,3.4,531.1,1203.0,60.01,217.1,5.3,3.3,886.9,41.6,1.9,1.5,0,504.9851094134404,32.062,33.375,2025-06-22 10:01:18
156.6,5,762.0,152,3.5,544.2,1241.6,59.97,217.2,5.7,3.3,886.9,41.6,1.9,1.5,0,504.9851094134404,32.0,32.0,2025-06-22 10:01:37
156.7,5.5,835.8,151.9,3.8,583.2,1346.8,59.99,217.8,6.1,3.3,886.9,41.6,1.9,1.5,0,543.8301178298589,31.437,33.375,2025-06-22 10:02:20
156.6,5.5,849.9,154.8,3.9,584.0,1359.5,59.99,217.7,6.2,3.4,887.0,41.7,2.0,1.5,0,582.6751262462774,31.25,31.25,2025-06-22 10:02:40
154.2,5.5,838.2,151,3.8,578.9,1343.0,59.99,217.7,6.1,3.4,887.0,41.8,2.0,1.5,0,543.8301178298589,31.25,32.812,2025-06-22 10:03:22
155.4,5.9,895.9,153.7,4.1,601.2,1420.0,60,217.7,6.6,3.4,887.0,41.8,2.0,1.5,0,621.5201346626959,31.187,31.125,2025-06-22 10:03:42
154.8,6.1,910.3,148.2,4.1,602.9,1431.9,60.02,217.5,6.6,3.4,887.0,42.1,2.0,1.5,0,621.5201346626959,31.375,32.875,2025-06-22 10:04:25
154,6.1,988.2,155.9,4,638.7,1542.0,59.97,217.6,6.6,3.4,887.0,42.2,2.0,1.5,0,621.5201346626959,31.437,31.437,2025-06-22 10:04:45
154.3,5.3,810.1,151.2,3.6,546.2,1284.7,59.98,217.2,5.9,3.4,887.0,42.4,2.0,1.6,0,543.8301178298589,31.937,33.375,2025-06-22 10:05:27
152.2,5.2,795.1,153.5,3.5,537.4,1264.4,60.02,217.6,5.8,3.4,887.0,42.4,2.0,1.6,0,543.8301178298589,32.125,32.187,2025-06-22 10:05:47
155.1,5.2,793.7,155.1,3.3,516.1,1244.2,60.04,217.4,5.7,3.4,887.0,42.4,2.0,1.6,0,504.9851094134404,32.437,33.75,2025-06-22 10:06:30
155.2,5.2,792.4,153,3.4,527.7,1252.0,60.02,217.4,5.7,3.5,887.1,42.4,2.0,1.6,0,504.9851094134404,32.25,32.25,2025-06-22 10:06:49
155.1,5.2,798.9,153.5,3.5,534.9,1265.6,59.98,217.6,5.6,3.5,887.1,42.6,2.0,1.6,0,504.9851094134404,32.437,34.125,2025-06-22 10:07:32
153.5,5.5,829.4,150,3.7,545.1,1300.4,60.04,217.6,6,3.5,887.1,42.6,2.0,1.6,0,543.8301178298589,32.625,32.625,2025-06-22 10:07:52
153.4,6.3,959.8,148.9,4.1,608.0,1481.4,59.98,217.7,6.7,3.5,887.1,42.6,2.0,1.6,0,660.3651430791144,32.687,34.062,2025-06-22 10:08:35
153,6.1,907.9,152,3.9,593.2,1418.7,60,217.5,6.6,3.5,887.1,42.6,2.0,1.6,0,621.5201346626959,32.75,32.75,2025-06-22 10:08:54
153.6,5.7,866.8,155,3.8,565.4,1357.0,59.97,217.1,6.2,3.5,887.1,42.7,2.1,1.6,0,582.6751262462774,32.625,34.375,2025-06-22 10:09:37
153.7,6,900.5,153.6,3.8,587.6,1410.0,59.99,217.4,6.6,3.5,887.1,42.7,2.1,1.6,0,621.5201346626959,32.5,32.5,2025-06-22 10:09:57
153.7,6.1,927.7,152,4,603.7,1453.2,60,217.7,6.7,3.5,887.1,42.9,2.1,1.6,0,621.5201346626959,32.375,34.812,2025-06-22 10:10:40
155.9,6.4,957.2,149.2,4.1,610.7,1486.4,59.98,217.8,6.9,3.5,887.1,43,2.1,1.6,0,660.3651430791144,32.625,32.625,2025-06-22 10:10:59
150.4,7.5,1137.2,146.7,4.8,729.8,1748.5,59.98,217.9,7.7,3.6,887.2,43.1,2.1,1.6,0,776.9001683283698,33.125,35.062,2025-06-22 10:11:42
154.6,7.5,1163.2,153,4.7,725.2,1783.6,60.01,218.1,8.2,3.6,887.2,43.2,2.1,1.6,0,815.7451767447883,33.187,33.25,2025-06-22 10:12:02
150.7,6.7,992.8,149.3,4.2,622.3,1521.6,59.99,217.5,7.1,3.6,887.2,43.5,2.1,1.6,0,699.2101514955328,33.187,35.687,2025-06-22 10:12:45
149.2,6.2,931.5,150.4,4,595.0,1441.7,59.96,217.4,6.6,3.6,887.2,43.6,2.1,1.6,0,660.3651430791144,33.312,33.312,2025-06-22 10:13:04
153.9,6,913.1,149.1,3.9,586.1,1414.1,60,217.7,6.4,3.6,887.2,43.6,2.1,1.6,0,621.5201346626959,33.687,35.687,2025-06-22 10:13:47
152.2,5.7,855.1,150.4,3.7,552.5,1330.3,59.98,217.5,6.1,3.6,887.2,43.6,2.1,1.6,0,582.6751262462774,33.812,33.812,2025-06-22 10:14:07
152.2,5.5,830.8,149,3.6,542.7,1300.1,60.01,217.2,5.9,3.6,887.2,43.5,2.1,1.6,0,582.6751262462774,33.937,36.0,2025-06-22 10:14:50
152.4,5.1,768.1,150.5,3.4,511.2,1212.1,60,217.5,5.5,3.7,887.3,43.4,2.1,1.6,0,504.9851094134404,34.062,34.062,2025-06-22 10:15:09
151,4.7,706.7,153.5,3.1,475.5,1110.2,59.98,216.9,5,3.7,887.3,43.2,2.2,1.7,0,466.14010099702193,34.125,35.437,2025-06-22 10:15:52
150.4,4.6,689.5,151.9,3,474.9,1105.9,59.96,217.1,5,3.7,887.3,43.2,2.2,1.7,0,466.14010099702193,34.187,34.187,2025-06-22 10:16:12
152.3,4.5,670.2,150.5,3.1,462.9,1079.3,59.97,217.1,4.9,3.7,887.3,43,2.2,1.7,0,466.14010099702193,34.187,35.125,2025-06-22 10:16:54
150.4,4.4,659.2,152.4,3.1,455.7,1061.1,59.97,217.3,4.9,3.7,887.3,42.9,2.2,1.7,0,466.14010099702193,34.25,34.25,2025-06-22 10:17:14
152.2,4.4,663.0,150.5,3,457.5,1064.4,59.97,217.2,4.7,3.7,887.3,42.9,2.2,1.7,0,427.2950925806034,34.062,35.187,2025-06-22 10:17:57
152.2,4.4,661.5,150.4,3,456.1,1062.6,59.95,217.2,4.8,3.7,887.3,42.9,2.2,1.7,0,427.2950925806034,33.75,33.75,2025-06-22 10:18:17
154.8,4.2,656.4,147.4,3,452.0,1053.3,60.01,217.4,4.9,3.7,887.3,42.8,2.2,1.7,0,427.2950925806034,33.312,34.875,2025-06-22 10:18:59
152.6,4.2,665.6,149.9,3,451.5,1054.4,60.02,217.2,4.8,3.7,887.3,42.8,2.2,1.7,0,466.14010099702193,33.062,33.062,2025-06-22 10:19:19
152.5,4.3,648.9,150.4,3,455.3,1058.3,60,217.2,4.8,3.7,887.3,42.8,2.2,1.7,0,427.2950925806034,33.187,34.75,2025-06-22 10:20:02
152.2,4.3,652.0,150.7,3,454.3,1050.8,60.01,217.1,4.8,3.7,887.3,42.7,2.2,1.7,0,427.2950925806034,33.25,33.312,2025-06-22 10:20:22
151.4,4.4,661.0,151.1,3,459.9,1065.9,60.01,217.1,4.8,3.8,887.4,42.6,2.2,1.7,0,427.2950925806034,33.187,34.562,2025-06-22 10:21:04
152.1,4.4,668.6,150.5,3,463.5,1076.3,60.01,217.1,4.8,3.8,887.4,42.6,2.2,1.7,0,427.2950925806034,33.062,33.062,2025-06-22 10:21:24
149.6,4.6,679.6,148,3.2,466.6,1086.6,60.02,217.3,5.1,3.8,887.4,42.5,2.2,1.7,0,466.14010099702193,32.687,33.75,2025-06-22 10:22:07
149.2,4.8,715.5,153.6,3.1,487.6,1142.9,60.03,217.3,5.2,3.8,887.4,42.6,2.2,1.7,0,504.9851094134404,32.562,32.625,2025-06-22 10:22:26
155.5,5.8,867.4,153.6,3.8,570.4,1361.7,59.96,217.6,6.5,3.8,887.4,42.6,2.2,1.7,0,660.3651430791144,32.375,33.875,2025-06-22 10:23:09
150.8,5.7,858.6,152.3,3.7,560.7,1338.1,60.02,217.3,6.1,3.8,887.4,42.7,2.2,1.7,0,582.6751262462774,32.562,32.562,2025-06-22 10:23:29
152.5,4.4,689.3,151.8,3.1,471.5,1099.2,60.01,216.9,5,3.8,887.4,42.8,2.2,1.7,0,466.14010099702193,33.125,34.375,2025-06-22 10:24:12
152.2,4.4,683.4,151,3.1,472.1,1097.0,59.99,217.1,5,3.8,887.4,42.7,2.3,1.7,0,466.14010099702193,33.375,33.375,2025-06-22 10:24:31
152.4,4.6,691.1,152,3.1,475.1,1107.5,60.02,217.2,5.1,3.8,887.4,42.7,2.3,1.7,0,466.14010099702193,33.562,34.625,2025-06-22 10:25:14
154.7,5,735.6,149.9,3.3,496.0,1168.7,60.03,217.2,5.5,3.8,887.4,42.6,2.3,1.7,0,504.9851094134404,33.687,33.687,2025-06-22 10:25:34
153.4,5.9,911.1,152,3.8,580.6,1411.4,60.02,217.7,6.2,3.9,887.5,42.7,2.3,1.7,0,621.5201346626959,33.937,34.625,2025-06-22 10:26:17
151.1,5.4,819.0,152.4,3.4,542.0,1285.1,60.03,217.5,5.8,3.9,887.5,42.8,2.3,1.7,0,543.8301178298589,34.125,34.125,2025-06-22 10:26:36
154.3,4.9,733.8,152,3.1,496.5,1172.2,60.02,217.4,5.4,3.9,887.5,42.7,2.3,1.7,0,504.9851094134404,34.187,34.75,2025-06-22 10:27:19
149.9,4.9,730.5,152.1,3.2,491.7,1160.0,60.02,217.4,5.4,3.9,887.5,42.7,2.3,1.7,0,504.9851094134404,34.062,34.062,2025-06-22 10:27:39
149.4,5.3,765.8,154.8,3.2,496.0,1202.4,59.99,217.2,5.5,3.9,887.5,42.7,2.3,1.8,0,504.9851094134404,33.75,34.625,2025-06-22 10:28:22
151,6.6,964.4,155.1,3.8,589.1,1482.1,60.03,217.6,6.9,3.9,887.5,42.7,2.3,1.8,0,699.2101514955328,33.625,33.625,2025-06-22 10:28:41
150.3,7.3,1133.3,150.8,4.4,681.5,1712.4,60.03,217.9,7.6,3.9,887.5,43,2.3,1.8,0,776.9001683283698,33.687,35.187,2025-06-22 10:29:24
146.6,7.4,1125.3,151.5,4.4,680.5,1694.3,59.99,217.9,7.6,3.9,887.5,43.2,2.3,1.8,0,776.9001683283698,33.687,33.687,2025-06-22 10:29:44
150.5,7.2,1073.7,150.7,4.2,641.9,1619.3,60,217.9,7.4,4.0,887.6,43.3,2.3,1.8,0,738.0551599119514,34.125,36.125,2025-06-22 10:30:27
147.5,6.6,979.2,147.4,4,603.2,1494.4,60,217.8,6.8,4.0,887.6,43.4,2.3,1.8,0,699.2101514955328,34.312,34.375,2025-06-22 10:30:46
150.8,6.8,1005.0,150.5,4.1,612.0,1526.5,59.98,217.8,7.1,4.0,887.6,43.4,2.4,1.8,0,699.2101514955328,33.625,35.812,2025-06-22 10:31:29
150.6,7,1037.0,150.5,4.2,632.3,1574.2,60.04,218,7.2,4.0,887.6,43.4,2.4,1.8,0,738.0551599119514,33.437,33.437,2025-06-22 10:31:49
147.5,5.8,882.5,151.9,3.6,563.1,1352.9,60.02,217.3,6.1,4.0,887.6,43.5,2.4,1.8,0,582.6751262462774,33.187,35.375,2025-06-22 10:32:32
155.1,5.5,793.2,150.7,3.6,533.9,1288.7,60.01,217.2,6,4.0,887.6,43.5,2.4,1.8,0,582.6751262462774,33.187,33.25,2025-06-22 10:32:51
152.1,6.1,924.5,151.8,3.8,578.1,1421.3,60.04,217.6,6.5,4.0,887.6,43.5,2.4,1.8,0,660.3651430791144,33.5,35.625,2025-06-22 10:33:34
152.2,6.2,937.0,152.4,3.7,585.5,1440.3,60.02,217.7,6.6,4.0,887.6,43.5,2.4,1.8,0,660.3651430791144,33.687,33.687,2025-06-22 10:33:53
148.9,6.6,987.3,148.9,4.1,604.2,1508.1,60.03,217.6,6.9,4.1,887.7,43.5,2.4,1.8,0,699.2101514955328,34.062,36.0,2025-06-22 10:34:36
152.2,6.2,945.3,147.6,3.9,580.5,1441.6,60,217.6,6.5,4.1,887.7,43.5,2.4,1.8,0,660.3651430791144,34.0,34.062,2025-06-22 10:34:56
151.9,4.6,697.2,150.3,3.1,464.6,1102.3,60.02,217.1,5,4.1,887.7,43.5,2.4,1.8,0,466.14010099702193,33.875,36.375,2025-06-22 10:35:39
152.5,4.2,674.8,148.1,3,451.2,1069.7,60.02,217.1,4.8,4.1,887.7,43.4,2.4,1.8,0,466.14010099702193,33.687,33.687,2025-06-22 10:35:58
152.2,4.5,683.6,150.5,3,460.2,1087.6,60,217.1,4.8,4.1,887.7,43.3,2.4,1.8,0,466.14010099702193,33.562,35.75,2025-06-22 10:36:41
152.1,4.4,668.9,150.4,3,453.4,1064.5,59.96,217,4.8,4.1,887.7,43.3,2.4,1.8,0,427.2950925806034,33.437,33.437,2025-06-22 10:37:01
152.2,4.4,659.3,153.2,3,441.9,1048.9,59.98,216.9,4.8,4.1,887.7,43.2,2.4,1.8,0,427.2950925806034,33.0,35.375,2025-06-22 10:37:44
152.2,4.4,664.2,153.5,2.9,449.1,1059.6,60.02,217.1,4.9,4.1,887.7,43.1,2.4,1.8,0,427.2950925806034,32.687,32.687,2025-06-22 10:38:03
149.4,4.6,691.8,150.6,3,475.5,1109.5,59.98,217.2,5,4.1,887.7,43.2,2.5,1.9,0,466.14010099702193,32.375,34.937,2025-06-22 10:38:46
152.3,4.7,700.8,147.7,3.2,465.1,1106.5,60.04,217.2,5.1,4.1,887.7,43.2,2.5,1.9,0,466.14010099702193,32.375,32.375,2025-06-22 10:39:06
149.4,5,739.4,153.4,3.3,494.6,1170.2,60.01,217.4,5.4,4.2,887.8,43.3,2.5,1.9,0,504.9851094134404,32.812,35.312,2025-06-22 10:39:49
154.1,4.6,729.3,150.6,3.2,484.9,1149.2,60.03,217.4,5.2,4.2,887.8,43.3,2.5,1.9,0,504.9851094134404,33.0,33.0,2025-06-22 10:40:08
149.2,5.1,756.8,150.4,3.3,510.9,1202.6,59.99,217.2,5.5,4.2,887.8,43.2,2.5,1.9,0,504.9851094134404,33.375,35.25,2025-06-22 10:40:51
149.3,5,759.8,146.4,3.4,509.0,1186.8,60.01,217.2,5.5,4.2,887.8,43.2,2.5,1.9,0,504.9851094134404,33.5,33.5,2025-06-22 10:41:11
147.6,5,723.4,151.9,3.3,501.3,1160.7,60,217.3,5.3,4.2,887.8,43.3,2.5,1.9,0,504.9851094134404,33.625,35.062,2025-06-22 10:41:54
148.3,4.8,715.7,151.8,3.3,504.0,1157.1,60.02,217.1,5.1,4.2,887.8,43.3,2.5,1.9,0,504.9851094134404,33.812,33.875,2025-06-22 10:42:13
153.6,4.9,746.0,154.3,3.2,505.0,1187.7,60.02,217.2,5.4,4.2,887.8,43.2,2.5,1.9,0,504.9851094134404,33.937,34.75,2025-06-22 10:42:56
150.6,5.2,801.6,151.7,3.5,537.7,1269.2,60.01,217.3,5.8,4.2,887.8,43.2,2.5,1.9,0,543.8301178298589,34.0,34.0,2025-06-22 10:43:16
152.2,4.7,707.6,154.1,3.1,483.6,1132.9,60.02,217.2,5.1,4.2,887.8,43.2,2.5,1.9,0,466.14010099702193,34.187,34.812,2025-06-22 10:43:59
152.2,4.8,728.9,152.2,3.1,494.3,1161.5,60.01,217.3,5.3,4.3,887.9,43.3,2.5,1.9,0,466.14010099702193,34.25,34.25,2025-06-22 10:44:18
149.9,5.3,783.4,147.8,3.5,513.5,1225.1,60.02,217.5,5.6,4.3,887.9,43.3,2.5,1.9,0,543.8301178298589,34.375,34.562,2025-06-22 10:45:01
152.1,4.8,758.2,150.7,3.3,506.9,1199.5,60.01,217.1,5.4,4.3,887.9,43.3,2.5,1.9,0,504.9851094134404,34.375,34.437,2025-06-22 10:45:21
153.7,5.4,835.0,150.5,3.6,539.0,1292.8,59.98,217.2,5.9,4.3,887.9,43.3,2.5,1.9,0,582.6751262462774,34.5,34.625,2025-06-22 10:46:04
150.6,7.6,1083.3,145.3,4.4,618.7,1601.1,60.03,217.8,7.8,4.3,887.9,43.3,2.6,1.9,0,815.7451767447883,34.5,34.5,2025-06-22 10:46:23
152,8.5,1268.3,154.9,4.6,708.2,1863.7,59.98,218,8.5,4.3,887.9,43.6,2.6,1.9,0,893.4351935776253,34.625,35.25,2025-06-22 10:47:06
149.6,9.4,1399.6,151.9,4.9,745.9,2022.7,60.03,218.2,9.1,4.3,887.9,43.7,2.6,1.9,0,1009.9702188268808,34.375,34.375,2025-06-22 10:47:25
149.1,8.8,1297.7,157.9,4.7,706.2,1888.6,60.01,218.3,8.6,4.4,888.0,44,2.6,1.9,0,971.1252104104623,34.375,36.25,2025-06-22 10:48:08
148.1,9.7,1422.0,155,5,767.5,2059.3,60,218.4,9.4,4.4,888.0,44.1,2.6,1.9,0,1048.8152272432992,34.5,34.562,2025-06-22 10:48:28
147.7,9.7,1421.7,152,4.9,758.7,2046.9,59.99,218.6,9.3,4.4,888.0,44.5,2.6,1.9,0,1048.8152272432992,35.0,37.062,2025-06-22 10:49:11
147.6,9.3,1361.2,152.7,4.8,741.3,1976.0,60.03,218.3,8.9,4.4,888.0,44.7,2.6,2.0,0,1009.9702188268808,35.187,35.187,2025-06-22 10:49:30
147.7,8.4,1267.8,149.1,4.7,701.4,1849.5,60.01,218.4,8.5,4.4,888.0,44.9,2.6,2.0,0,932.2802019940439,35.5,37.625,2025-06-22 10:50:13
147.9,9.1,1317.6,155.1,4.7,720.4,1921.4,59.97,218.5,8.8,4.4,888.0,44.9,2.6,2.0,0,971.1252104104623,35.687,35.687,2025-06-22 10:50:33
149.3,9.2,1324.6,152.7,4.8,733.5,1934.8,60,218.5,8.9,4.5,888.1,45.2,2.7,2.0,0,1009.9702188268808,36.125,37.75,2025-06-22 10:51:16
151.2,8.4,1239.6,152.1,4.7,698.2,1822.5,60.03,218,8.3,4.5,888.1,45.3,2.7,2.0,0,971.1252104104623,36.312,36.312,2025-06-22 10:51:35
149.4,8.4,1234.5,151.4,4.5,682.8,1805.9,60,218.1,8.3,4.5,888.1,45.3,2.7,2.0,0,932.2802019940439,36.312,37.687,2025-06-22 10:52:18
143.4,9.1,1302.9,150.6,4.7,716.6,1892.9,60,218.3,8.8,4.5,888.1,45.3,2.7,2.0,0,1009.9702188268808,36.312,36.312,2025-06-22 10:52:38
146.3,9.4,1354.9,151.3,4.8,720.5,1947.1,59.99,218.3,8.9,4.5,888.1,45.6,2.7,2.0,0,1048.8152272432992,36.25,38.437,2025-06-22 10:53:21
146.2,9.5,1372.8,155,4.8,734.6,1976.1,60,218.3,9,4.5,888.1,45.8,2.7,2.0,0,1048.8152272432992,36.187,36.187,2025-06-22 10:53:40
147.2,9.3,1393.0,150.1,4.9,735.5,1972.1,59.98,218.3,9,4.6,888.2,46,2.7,2.0,0,1087.6602356597177,36.25,38.625,2025-06-22 10:54:23
146.2,9.5,1418.4,155,4.9,742.4,2024.3,59.96,218.5,9.1,4.6,888.2,46.1,2.7,2.0,0,1087.6602356597177,36.062,36.062,2025-06-22 10:54:43
148.4,9.8,1406.1,151.9,4.9,741.1,2018.6,60.02,218.5,9.3,4.6,888.2,46.3,2.8,2.0,0,1087.6602356597177,35.625,38.937,2025-06-22 10:55:26
148.1,9.6,1363.8,153.8,4.7,732.6,1972.2,59.97,218.3,9.1,4.6,888.2,46.5,2.8,2.0,0,1087.6602356597177,35.687,35.687,2025-06-22 10:55:45
146.2,9.5,1377.2,152,4.7,724.2,1969.5,59.98,218.4,8.9,4.6,888.2,46.7,2.8,2.0,0,1048.8152272432992,35.687,38.75,2025-06-22 10:56:28
146.2,9.4,1357.0,152,4.7,716.5,1944.3,59.99,218.4,8.9,4.6,888.2,46.7,2.8,2.0,0,1048.8152272432992,35.812,35.812,2025-06-22 10:56:48
143.3,9.7,1394.2,152.1,4.7,724.4,1982.2,60.01,218.3,9.1,4.7,888.3,46.8,2.8,2.0,0,1087.6602356597177,35.687,38.5,2025-06-22 10:57:31
142.4,9.9,1354.0,153.3,4.6,703.3,1928.5,60.01,218.2,8.9,4.7,888.3,46.9,2.8,2.1,0,1087.6602356597177,35.625,35.625,2025-06-22 10:57:50
145.7,9.5,1389.0,154.9,4.7,720.7,1979.0,59.99,217.9,8.7,4.7,888.3,46.8,2.8,2.1,0,1048.8152272432992,35.5,38.125,2025-06-22 10:58:33
148.4,7.7,1138.8,149.9,4.3,634.1,1679.1,59.99,217.6,7.7,4.7,888.3,46.8,2.8,2.1,0,893.4351935776253,35.187,35.187,2025-06-22 10:58:52
145.1,6.4,909.9,146.9,3.7,541.7,1365.4,60.01,217.4,6.4,4.7,888.3,46.9,2.8,2.1,0,699.2101514955328,35.437,38.687,2025-06-22 10:59:36
148.9,8.3,1211.1,150.8,4.4,645.2,1743.7,60.02,217.8,8.2,4.7,888.3,46.8,2.8,2.1,0,971.1252104104623,35.5,35.5,2025-06-22 10:59:55
150.3,5.7,799.4,149.3,3.5,515.6,1240.0,59.99,217,5.9,4.7,888.3,46.9,2.9,2.1,0,621.5201346626959,35.062,38.25,2025-06-22 11:00:38
142.4,8,1100.4,152,4.1,621.8,1622.1,60.03,217.5,7.6,4.8,888.4,46.8,2.9,2.1,0,893.4351935776253,34.875,34.875,2025-06-22 11:00:57
144.4,7.3,1023.4,146.9,3.9,561.0,1488.2,60,217.8,7.1,4.8,888.4,46.9,2.9,2.1,0,854.5901851612068,34.5,37.687,2025-06-22 11:01:41
148.1,6.9,1073.3,150.2,3.8,591.6,1569.8,60.03,217.7,6.6,4.8,888.4,47,2.9,2.1,0,738.0551599119514,34.562,34.562,2025-06-22 11:02:00
148,5.7,849.5,147.8,3.4,516.4,1290.4,60.01,217.5,5.7,4.8,888.4,46.8,2.9,2.1,0,621.5201346626959,34.875,38.0,2025-06-22 11:02:43
149,4.9,731.3,149,2.9,461.3,1129.6,60.02,217.3,4.9,4.8,888.4,46.6,2.9,2.1,0,543.8301178298589,35.0,35.0,2025-06-22 11:03:02
145.7,4.9,709.8,146,3,438.0,1080.9,60.03,217,4.9,4.8,888.4,46.2,2.9,2.1,0,504.9851094134404,35.187,38.0,2025-06-22 11:03:45
150.5,4.2,627.4,149,2.7,407.0,970.8,60.01,216.8,4.4,4.8,888.4,46.1,2.9,2.1,0,466.14010099702193,35.25,35.25,2025-06-22 11:04:05
147.6,3.2,468.7,149.1,2.2,337.4,769.2,60.03,216.7,3.5,4.8,888.4,45.7,2.9,2.1,0,349.6050757477664,35.25,37.687,2025-06-22 11:04:48
147.7,3,442.5,149.1,2.1,323.5,731.7,60.03,216.8,3.3,4.8,888.4,45.5,2.9,2.1,0,310.76006733134795,35.062,35.062,2025-06-22 11:05:07
144.5,2.7,394.2,145.7,2,296.6,662.1,60.04,216.6,3,4.8,888.4,45.3,2.9,2.1,0,271.91505891492943,34.687,36.812,2025-06-22 11:05:50
146,2.6,380.6,149,1.9,287.3,639.8,60.04,216.5,2.9,4.8,888.4,45.2,2.9,2.1,0,271.91505891492943,34.375,34.375,2025-06-22 11:06:10
147.9,2.3,343.3,149.1,1.8,264.0,582.6,60.04,216.3,2.6,4.8,888.4,45,2.9,2.1,0,233.07005049851097,34.0,36.062,2025-06-22 11:06:53
146.2,2.2,324.8,149.1,1.7,254.8,556.2,60.04,216.3,2.5,4.9,888.5,44.9,2.9,2.1,0,233.07005049851097,34.0,34.0,2025-06-22 11:07:12
147.7,2,306.6,152.1,1.6,233.3,521.4,60.03,215.9,2.4,4.9,888.5,44.7,2.9,2.1,0,194.22504208209244,34.0,35.25,2025-06-22 11:07:55
147.7,2,298.9,147.6,1.6,234.7,515.5,60.02,215.9,2.3,4.9,888.5,44.6,2.9,2.1,0,194.22504208209244,33.375,33.375,2025-06-22 11:08:15
150,1.9,287.5,147.5,1.5,226.2,496.6,60.01,216.1,2.3,4.9,888.5,44.5,2.9,2.1,0,155.38003366567398,33.062,34.312,2025-06-22 11:08:58
148.6,1.9,284.4,147.6,1.5,222.0,490.0,60.03,216.1,2.2,4.9,888.5,44.4,2.9,2.1,0,155.38003366567398,33.0,33.0,2025-06-22 11:09:17
149.1,1.8,278.6,149.1,1.4,213.7,478.2,59.98,215.8,2.2,4.9,888.5,44.2,2.9,2.1,0,155.38003366567398,33.0,33.5,2025-06-22 11:10:00
150.7,1.8,274.9,147.5,1.4,213.3,473.7,60.01,215.9,2.1,4.9,888.5,44.1,2.9,2.1,0,155.38003366567398,32.937,33.0,2025-06-22 11:10:19
148.8,1.8,262.6,146.5,1.4,206.4,455.2,60.02,216.1,2.1,4.9,888.5,43.9,2.9,2.1,0,155.38003366567398,32.812,33.25,2025-06-22 11:11:03
147.4,1.7,259.9,150.5,1.3,201.0,449.9,60.03,216.3,2,4.9,888.5,43.8,2.9,2.1,0,155.38003366567398,32.812,32.812,2025-06-22 11:11:22
150.6,1.7,252.5,145.6,1.3,191.0,436.2,60.01,216.4,2,4.9,888.5,43.6,3.0,2.1,0,155.38003366567398,32.687,33.375,2025-06-22 11:12:05
147.5,1.6,244.7,147.7,1.3,192.5,427.1,60.03,216.4,1.9,4.9,888.5,43.6,3.0,2.1,0,155.38003366567398,32.562,32.562,2025-06-22 11:12:24
150.7,1.6,241.8,150.5,1.2,187.0,420.5,60.02,216.3,1.9,4.9,888.5,43.5,3.0,2.1,0,155.38003366567398,32.25,33.25,2025-06-22 11:13:08
150.9,1.6,239.0,150.5,1.1,185.6,417.2,59.97,216.2,1.8,4.9,888.5,43.4,3.0,2.1,0,155.38003366567398,32.187,32.187,2025-06-22 11:13:27
151,1.5,236.0,147.7,1.2,182.1,409.9,59.99,216.1,1.9,4.9,888.5,43.2,3.0,2.2,0,116.53502524925548,32.187,32.937,2025-06-22 11:14:10
150.7,1.5,237.2,150.8,1.2,183.4,412.3,59.98,216.1,1.8,4.9,888.5,43.1,3.0,2.2,0,155.38003366567398,32.125,32.125,2025-06-22 11:14:29
150.5,1.5,237.2,150.4,1.2,184.2,413.2,60.01,216.1,1.9,4.9,888.5,42.9,3.0,2.2,0,155.38003366567398,32.062,32.375,2025-06-22 11:15:13
155.8,1.5,225.2,147.5,1.2,182.4,399.6,60.02,216.3,1.9,4.9,888.5,42.8,3.0,2.2,0,155.38003366567398,32.0,32.0,2025-06-22 11:15:32
153.7,1.6,241.8,150.8,1.2,184.3,421.9,59.99,216.3,1.9,4.9,888.5,42.6,3.0,2.2,0,155.38003366567398,32.0,31.75,2025-06-22 11:16:15
151.7,1.6,241.9,150.5,1.2,188.0,421.4,59.98,216.4,1.9,4.9,888.5,42.5,3.0,2.2,0,155.38003366567398,31.937,32.0,2025-06-22 11:16:34
153.6,1.5,250.5,147.5,1.2,186.9,428.6,59.97,216.1,1.9,4.9,888.5,42.3,3.0,2.2,0,155.38003366567398,31.687,31.375,2025-06-22 11:17:17
153.5,1.6,252.1,150.4,1.2,191.0,435.8,59.99,216.2,2,4.9,888.5,42.2,3.0,2.2,0,155.38003366567398,31.5,31.562,2025-06-22 11:17:37
153.5,1.7,258.6,149.2,1.2,191.8,441.1,60.01,216.2,2,4.9,888.5,42.1,3.0,2.2,0,155.38003366567398,31.5,31.187,2025-06-22 11:18:20
153.8,1.7,258.8,150.4,1.2,192.1,441.5,59.98,216.1,2,4.9,888.5,42,3.0,2.2,0,155.38003366567398,31.562,31.562,2025-06-22 11:18:39
154.1,1.6,261.4,153.5,1.2,187.4,440.0,59.97,215.9,2,4.9,888.5,41.8,3.0,2.2,0,155.38003366567398,31.625,31.125,2025-06-22 11:19:22
153.6,1.7,258.6,147.5,1.2,186.3,436.5,60.02,215.7,2,4.9,888.5,41.7,3.0,2.2,0,155.38003366567398,31.687,31.687,2025-06-22 11:19:42
153.3,1.6,256.2,150.6,1.2,187.7,436.0,59.99,215.8,2,5.0,888.6,41.5,3.0,2.2,0,155.38003366567398,31.812,31.187,2025-06-22 11:20:25
150.2,1.6,254.3,150.4,1.2,185.0,429.9,59.98,216,1.9,5.0,888.6,41.4,3.0,2.2,0,155.38003366567398,31.875,31.875,2025-06-22 11:20:44
153.8,1.6,253.4,150.8,1.2,185.7,429.1,60.03,216,1.9,5.0,888.6,41.3,3.0,2.2,0,155.38003366567398,31.937,31.187,2025-06-22 11:21:27
153.6,1.6,252.8,150.6,1.2,186.3,430.3,60,215.7,2,5.0,888.6,41.2,3.0,2.2,0,155.38003366567398,32.0,32.0,2025-06-22 11:21:47
156.8,1.6,244.0,147.5,1.2,184.2,419.1,59.96,216,2,5.0,888.6,41.1,3.0,2.2,0,155.38003366567398,31.875,31.125,2025-06-22 11:22:30
156.6,1.6,252.3,153.4,1.2,186.6,430.3,59.97,216.1,2,5.0,888.6,41.1,3.0,2.2,0,155.38003366567398,31.812,31.75,2025-06-22 11:22:49
159.2,1.5,245.0,147.6,1.2,187.1,424.4,59.98,216.4,1.9,5.0,888.6,41,3.0,2.2,0,155.38003366567398,31.75,31.0,2025-06-22 11:23:32
156.9,1.5,249.7,153.6,1.2,187.6,428.5,59.98,216.2,1.9,5.0,888.6,40.9,3.0,2.2,0,155.38003366567398,31.375,31.375,2025-06-22 11:23:51
157.1,1.6,242.9,150.4,1.2,190.0,424.2,60,216,1.9,5.0,888.6,40.8,3.0,2.2,0,155.38003366567398,30.875,30.687,2025-06-22 11:24:35
159.6,1.5,241.9,153.4,1.2,189.6,423.2,60.02,216,2,5.0,888.6,40.7,3.0,2.2,0,155.38003366567398,30.812,30.812,2025-06-22 11:24:54
159.5,1.5,248.0,153.5,1.2,192.3,431.9,60.03,216.2,2,5.0,888.6,40.6,3.0,2.2,0,155.38003366567398,30.812,30.187,2025-06-22 11:25:37
153.7,1.6,248.9,150.5,1.2,192.9,435.2,60,216.3,2,5.0,888.6,40.5,3.0,2.2,0,155.38003366567398,30.312,30.312,2025-06-22 11:25:56
156.7,1.6,255.6,152,1.2,195.1,441.8,59.99,216.1,2,5.0,888.6,40.4,3.0,2.2,0,155.38003366567398,30.312,29.562,2025-06-22 11:26:40
159.6,1.6,258.8,149,1.3,193.1,443.0,59.98,216,2,5.0,888.6,40.4,3.0,2.2,0,155.38003366567398,30.187,30.187,2025-06-22 11:26:59
159.7,1.6,260.4,152.1,1.2,194.8,445.7,60.01,216.5,2,5.0,888.6,40.3,3.0,2.2,0,155.38003366567398,29.937,28.812,2025-06-22 11:27:42
160.3,1.6,251.9,152,1.2,195.2,437.4,60.04,216.2,2,5.0,888.6,40.3,3.0,2.2,0,155.38003366567398,29.875,29.875,2025-06-22 11:28:01
159.6,1.6,257.2,149,1.2,190.9,438.8,60.02,216.1,2,5.0,888.6,40.2,3.0,2.2,0,155.38003366567398,29.437,27.937,2025-06-22 11:28:44
159.6,1.6,255.4,152,1.2,192.1,438.8,60.02,216,2,5.0,888.6,40.1,3.0,2.2,0,155.38003366567398,29.25,29.25,2025-06-22 11:29:04
156.7,1.5,246.8,155.2,1.2,183.6,425.5,59.99,215.9,1.9,5.0,888.6,40,3.0,2.2,0,155.38003366567398,29.0,27.437,2025-06-22 11:29:47
157.2,1.5,245.7,149.6,1.2,185.5,417.7,60.03,215.9,1.9,5.0,888.6,40,3.0,2.2,0,155.38003366567398,28.937,28.875,2025-06-22 11:30:06
159.5,1.5,241.7,154.7,1.1,181.9,415.4,60.02,216,1.9,5.0,888.6,39.9,3.0,2.2,0,155.38003366567398,28.687,27.125,2025-06-22 11:30:49
159,1.5,238.3,149.1,1.1,177.4,407.3,60.03,216,1.8,5.0,888.6,39.8,3.0,2.2,0,155.38003366567398,28.562,28.562,2025-06-22 11:31:09
162,1.4,232.8,151.5,1.1,174.8,399.1,60.01,216.1,1.8,5.0,888.6,39.7,3.0,2.2,0,155.38003366567398,28.437,26.937,2025-06-22 11:31:52
159.8,1.4,233.5,154.7,1.1,174.2,399.7,59.99,216.3,1.8,5.0,888.6,39.7,3.0,2.2,0,155.38003366567398,28.375,28.375,2025-06-22 11:32:11
160.4,1.4,223.8,152,1.1,171.0,386.9,60.02,216.2,1.8,5.0,888.6,39.6,3.0,2.2,0,155.38003366567398,28.25,26.875,2025-06-22 11:32:54
162.5,1.4,221.5,152.1,1.1,169.3,383.4,60.02,216.3,1.8,5.0,888.6,39.5,3.0,2.2,0,155.38003366567398,28.25,28.312,2025-06-22 11:33:14
159.7,1.4,226.0,154.3,1,165.3,384.1,60.03,216.2,1.7,5.0,888.6,39.4,3.0,2.2,0,155.38003366567398,28.25,26.812,2025-06-22 11:33:57
159.7,1.4,225.5,152,1,164.1,381.6,59.99,216.1,1.7,5.0,888.6,39.4,3.0,2.2,0,116.53502524925548,28.25,28.312,2025-06-22 11:34:16
157.5,1.4,224.9,149.2,1,160.5,375.2,60.04,216,1.7,5.1,888.7,39.3,3.0,2.2,0,155.38003366567398,28.062,26.687,2025-06-22 11:34:59
159.6,1.4,226.6,155,1,161.8,379.0,60.02,216,1.7,5.1,888.7,39.2,3.0,2.2,0,155.38003366567398,27.937,27.937,2025-06-22 11:35:19
159.6,1.4,228.4,151.9,1,162.3,383.0,59.99,216.3,1.7,5.1,888.7,39.1,3.0,2.2,0,155.38003366567398,27.812,26.625,2025-06-22 11:36:02
160.1,1.4,226.0,151.5,1,161.2,379.3,60.01,216.1,1.8,5.1,888.7,39,3.1,2.2,0,155.38003366567398,27.812,27.812,2025-06-22 11:36:21
159.6,1.3,228.9,152.1,1,160.9,382.2,60,216.2,1.7,5.1,888.7,38.9,3.1,2.2,0,155.38003366567398,27.812,26.625,2025-06-22 11:37:04
159.7,1.4,228.7,152,1,160.3,381.5,59.98,216.3,1.7,5.1,888.7,38.9,3.1,2.2,0,155.38003366567398,27.812,27.812,2025-06-22 11:37:24
162.5,1.4,223.0,149,1,155.9,371.5,59.99,216.2,1.7,5.1,888.7,38.8,3.1,2.2,0,155.38003366567398,27.75,26.625,2025-06-22 11:38:07
161.5,1.3,225.6,154.1,0.9,156.6,374.8,59.98,216.2,1.7,5.1,888.7,38.7,3.1,2.2,0,116.53502524925548,27.687,27.687,2025-06-22 11:38:26
159.6,1.4,224.1,155,0.9,152.4,369.2,59.99,216.2,1.7,5.1,888.7,38.6,3.1,2.2,0,116.53502524925548,27.625,26.5,2025-06-22 11:39:09
158.5,1.4,222.5,149.1,0.9,150.0,366.0,60,216,1.7,5.1,888.7,38.6,3.1,2.2,0,155.38003366567398,27.625,27.625,2025-06-22 11:39:28
160.4,1.4,221.0,152,0.9,151.9,365.6,60.02,216,1.6,5.1,888.7,38.5,3.1,2.2,0,116.53502524925548,27.562,26.437,2025-06-22 11:40:11
162.5,1.3,220.5,152.1,0.9,152.3,365.6,60.01,216.1,1.7,5.1,888.7,38.5,3.1,2.2,0,116.53502524925548,27.562,27.562,2025-06-22 11:40:31
160.5,1.4,223.4,149.8,1,153.2,369.4,60.04,216,1.6,5.1,888.7,38.3,3.1,2.2,0,116.53502524925548,27.312,25.937,2025-06-22 11:41:14
156.6,1.4,221.7,151.9,0.9,153.8,368.2,60.02,216,1.7,5.1,888.7,38.2,3.1,2.2,0,155.38003366567398,27.187,27.187,2025-06-22 11:41:33
162.5,1.3,225.7,152.9,1,156.1,374.2,60.01,215.9,1.7,5.1,888.7,38.1,3.1,2.2,0,155.38003366567398,27.062,25.687,2025-06-22 11:42:16
162.3,1.3,221.0,151.9,1,156.7,369.4,60.03,215.6,1.7,5.1,888.7,38,3.1,2.2,0,155.38003366567398,26.937,26.937,2025-06-22 11:42:36
162.5,1.3,225.2,152.8,1,156.6,374.4,60.01,215.7,1.6,5.1,888.7,37.8,3.1,2.2,0,116.53502524925548,26.937,25.5,2025-06-22 11:43:19
159.6,1.4,224.5,154.9,1,155.6,371.9,60,216,1.7,5.1,888.7,37.8,3.1,2.2,0,116.53502524925548,27.0,27.0,2025-06-22 11:43:38
165.1,1.4,220.1,155,0.9,155.4,367.9,59.98,215.6,1.6,5.1,888.7,37.8,3.1,2.2,0,116.53502524925548,27.0,25.437,2025-06-22 11:44:21
162.5,1.3,225.7,152.1,1,154.3,372.5,59.99,215.8,1.7,5.1,888.7,37.8,3.1,2.2,0,116.53502524925548,26.937,26.937,2025-06-22 11:44:41
159.7,1.4,225.4,155,1,155.4,372.9,59.98,215.9,1.7,5.1,888.7,37.7,3.1,2.2,0,155.38003366567398,26.75,25.437,2025-06-22 11:45:24
163.8,1.3,209.4,155,1,157.7,359.6,60,215.9,1.7,5.1,888.7,37.7,3.1,2.2,0,116.53502524925548,26.812,26.812,2025-06-22 11:45:43
162.6,1.4,224.6,151.9,1,155.6,372.8,60.04,216.1,1.7,5.1,888.7,37.5,3.1,2.2,0,116.53502524925548,26.625,25.312,2025-06-22 11:46:26
160.9,1.4,225.5,156.4,1,153.2,371.3,60.01,216.1,1.7,5.1,888.7,37.5,3.1,2.2,0,116.53502524925548,26.5,26.5,2025-06-22 11:46:46
165.7,1.3,214.9,155.2,0.9,154.8,355.3,60,215.8,1.6,5.1,888.7,37.4,3.1,2.2,0,116.53502524925548,26.437,25.25,2025-06-22 11:47:29
161.1,1.3,218.4,153.6,0.9,152.3,362.9,60,215.8,1.6,5.1,888.7,37.4,3.1,2.2,0,116.53502524925548,26.375,26.375,2025-06-22 11:47:48
160.8,1.3,217.8,156.3,0.9,145.6,356.3,60,215.9,1.7,5.1,888.7,37.3,3.1,2.3,0,116.53502524925548,26.375,25.375,2025-06-22 11:48:31
163,1.2,205.4,154.9,0.9,148.0,346.9,59.97,215.8,1.6,5.1,888.7,37.3,3.1,2.3,0,116.53502524925548,26.375,26.375,2025-06-22 11:48:51
161.1,1.2,213.0,153.5,0.9,145.2,351.2,60.02,216,1.5,5.1,888.7,37.2,3.1,2.3,0,116.53502524925548,26.312,25.25,2025-06-22 11:49:34
162.5,1.3,214.4,158.2,0.9,141.5,349.0,60.01,216,1.6,5.1,888.7,37.1,3.1,2.3,0,116.53502524925548,26.312,26.312,2025-06-22 11:49:53
163.1,1.1,213.0,153.5,0.9,141.5,347.7,59.97,216.1,1.5,5.1,888.7,37,3.1,2.3,0,116.53502524925548,26.25,25.187,2025-06-22 11:50:36
159.7,1.3,211.7,155,0.9,143.3,348.2,59.98,215.9,1.5,5.2,888.8,37,3.1,2.3,0,116.53502524925548,26.312,26.312,2025-06-22 11:50:56
162.8,1.3,213.1,155.5,0.8,143.2,348.3,59.97,215.6,1.6,5.2,888.8,36.9,3.1,2.3,0,116.53502524925548,26.312,25.187,2025-06-22 11:51:39
162.5,1.2,215.2,152,0.9,140.8,349.1,59.98,215.8,1.4,5.2,888.8,36.8,3.1,2.3,0,116.53502524925548,26.312,26.312,2025-06-22 11:51:58
159.5,1.3,217.1,158.3,0.8,142.6,351.6,60.03,215.7,1.6,5.2,888.8,36.8,3.1,2.3,0,116.53502524925548,26.312,25.312,2025-06-22 11:52:41
162.9,1.3,219.3,151.9,0.9,142.9,354.9,60.03,215.9,1.6,5.2,888.8,36.7,3.1,2.3,0,116.53502524925548,26.437,26.437,2025-06-22 11:53:00
162.5,1.3,227.3,158.1,0.8,144.5,364.6,59.96,215.7,1.6,5.2,888.8,36.7,3.1,2.3,0,116.53502524925548,26.562,25.437,2025-06-22 11:53:43
159.5,1.4,225.9,153.4,0.9,145.8,364.5,59.97,215.8,1.6,5.2,888.8,36.7,3.1,2.3,0,116.53502524925548,26.562,26.562,2025-06-22 11:54:03
162.7,1.4,227.8,155.1,0.9,149.4,372.4,60.01,215.8,1.7,5.2,888.8,36.6,3.1,2.3,0,155.38003366567398,26.625,25.375,2025-06-22 11:54:46
164.8,1.4,224.1,154.9,0.9,152.5,370.3,60.03,215.7,1.7,5.2,888.8,36.5,3.1,2.3,0,155.38003366567398,26.5,26.562,2025-06-22 11:55:05
165.3,1.4,237.9,157.9,0.9,153.2,384.3,60.02,216.1,1.7,5.2,888.8,36.4,3.1,2.3,0,155.38003366567398,26.375,25.25,2025-06-22 11:55:48
162.6,1.5,244.9,152.1,1,153.1,390.1,60.01,216,1.8,5.2,888.8,36.3,3.1,2.3,0,155.38003366567398,26.437,26.437,2025-06-22 11:56:08
165.2,1.5,245.6,157.9,0.9,156.8,387.5,60.01,216.2,1.8,5.2,888.8,36.3,3.1,2.3,0,155.38003366567398,26.5,25.312,2025-06-22 11:56:51
162.9,1.4,252.0,154.3,1,158.5,394.8,59.99,216.1,1.8,5.2,888.8,36.3,3.1,2.3,0,155.38003366567398,26.5,26.5,2025-06-22 11:57:10
162.4,1.5,256.5,153,1,160.7,409.1,59.97,216,1.9,5.2,888.8,36.2,3.1,2.3,0,155.38003366567398,26.437,25.312,2025-06-22 11:57:53
162.5,1.6,254.6,155,1,165.6,411.4,59.98,216.2,1.9,5.2,888.8,36.1,3.1,2.3,0,155.38003366567398,26.437,26.437,2025-06-22 11:58:13
161.7,1.6,262.7,151.9,1.1,166.5,420.9,60.01,216.3,1.9,5.2,888.8,36.1,3.1,2.3,0,155.38003366567398,26.5,25.5,2025-06-22 11:58:56
162.5,1.6,265.4,158.1,1,168.5,425.6,59.99,216.4,1.9,5.2,888.8,36.1,3.1,2.3,0,155.38003366567398,26.562,26.625,2025-06-22 11:59:15
160,1.6,263.1,154.4,1.1,174.2,428.7,59.98,216.2,2,5.2,888.8,36.1,3.1,2.3,0,155.38003366567398,26.687,25.5,2025-06-22 11:59:58
159.5,1.6,266.2,154.9,1.1,175.0,432.7,59.98,216.2,2,5.2,888.8,36.1,3.1,2.3,0,155.38003366567398,26.687,26.75,2025-06-22 12:00:18
162.4,1.6,268.5,154.9,1.1,177.0,437.1,60,216.2,2,5.2,888.8,36.2,3.1,2.3,0,155.38003366567398,27.0,25.687,2025-06-22 12:01:01
162.4,1.6,266.5,154.8,1.1,177.4,437.3,59.98,216.2,2,5.2,888.8,36.2,3.1,2.3,0,155.38003366567398,27.062,27.062,2025-06-22 12:01:20
165.4,1.5,263.2,155,1.1,179.6,434.8,60.02,216,1.9,5.2,888.8,36.2,3.1,2.3,0,155.38003366567398,27.0,25.75,2025-06-22 12:02:03
162.8,1.5,269.4,155.2,1.1,179.7,440.8,60.04,215.8,1.9,5.2,888.8,36.2,3.2,2.3,0,155.38003366567398,26.875,26.875,2025-06-22 12:02:23
162.8,1.6,263.6,154.9,1.1,183.2,437.7,60.01,215.8,2.1,5.2,888.8,36.1,3.2,2.3,0,155.38003366567398,26.75,25.75,2025-06-22 12:03:06
165.3,1.6,258.5,154.9,1.2,184.4,434.4,60.05,215.8,2,5.2,888.8,36.1,3.2,2.3,0,155.38003366567398,26.75,26.812,2025-06-22 12:03:25
162.5,1.6,271.4,152,1.2,184.9,447.6,60.03,216,2,5.2,888.8,36.1,3.2,2.3,0,155.38003366567398,26.812,25.75,2025-06-22 12:04:08
162.6,1.6,270.1,155.2,1.1,187.3,449.3,60.03,216,2,5.2,888.8,36.1,3.2,2.3,0,155.38003366567398,27.0,27.0,2025-06-22 12:04:27
160,1.6,267.2,154.8,1.2,188.2,444.0,60.01,216.1,2,5.2,888.8,36.1,3.2,2.3,0,155.38003366567398,26.875,25.625,2025-06-22 12:05:11
162.2,1.6,267.4,155,1.1,188.4,440.5,59.99,215.9,2,5.2,888.8,36,3.2,2.3,0,155.38003366567398,26.812,26.812,2025-06-22 12:05:30
162,1.6,260.6,154.9,1.2,186.9,438.4,60.02,216,2,5.3,888.9,36,3.2,2.3,0,155.38003366567398,26.812,25.562,2025-06-22 12:06:13
160,1.6,254.8,152,1.2,184.4,430.5,60.02,215.9,1.9,5.3,888.9,36,3.2,2.3,0,155.38003366567398,26.75,26.75,2025-06-22 12:06:32
162.9,1.4,250.9,157.4,1.1,178.5,421.0,60.02,215.8,1.8,5.3,888.9,36,3.2,2.3,0,155.38003366567398,26.687,25.375,2025-06-22 12:07:15
162.5,1.5,246.8,152,1.1,177.6,416.0,59.98,215.9,1.9,5.3,888.9,36,3.2,2.3,0,155.38003366567398,26.625,26.625,2025-06-22 12:07:35
165.2,1.4,224.9,154.9,1.1,176.4,394.0,60,216,1.8,5.3,888.9,35.8,3.2,2.3,0,155.38003366567398,26.375,25.187,2025-06-22 12:08:18
165.1,1.3,229.7,155,1.1,172.9,395.4,59.97,216,1.8,5.3,888.9,35.9,3.2,2.3,0,155.38003366567398,26.312,26.312,2025-06-22 12:08:37
162.5,1.4,226.8,154.9,1.1,169.3,388.3,60.01,216,1.7,5.3,888.9,35.9,3.2,2.3,0,116.53502524925548,26.437,25.375,2025-06-22 12:09:20
159.8,1.3,223.2,157.7,1,166.1,382.0,60,216,1.7,5.3,888.9,35.9,3.2,2.3,0,116.53502524925548,26.5,26.5,2025-06-22 12:09:40
166,1.3,202.1,151.9,1,163.6,363.0,60,215.9,1.6,5.3,888.9,35.9,3.2,2.3,0,116.53502524925548,26.562,25.25,2025-06-22 12:10:23
162.1,1.3,214.2,155,1,161.8,369.5,59.98,216.1,1.7,5.3,888.9,35.9,3.2,2.3,0,116.53502524925548,26.5,26.5,2025-06-22 12:10:42
159.9,1.3,209.9,155,1,159.0,361.8,60.02,215.8,1.6,5.3,888.9,35.9,3.2,2.3,0,116.53502524925548,26.5,25.187,2025-06-22 12:11:25
160,1.2,207.1,155,1,156.9,356.9,60.03,215.8,1.6,5.3,888.9,35.9,3.2,2.3,0,116.53502524925548,26.562,26.562,2025-06-22 12:11:45
162.2,1.2,202.9,155,0.9,154.3,350.4,59.98,215.8,1.6,5.3,888.9,35.9,3.2,2.3,0,116.53502524925548,26.687,25.312,2025-06-22 12:12:28
162.5,1.2,200.5,155,0.9,153.3,347.0,59.98,216.1,1.5,5.3,888.9,35.9,3.2,2.3,0,116.53502524925548,26.625,26.625,2025-06-22 12:12:47
158.9,1.2,195.0,154.4,0.9,150.1,338.2,59.97,216.1,1.6,5.3,888.9,35.9,3.2,2.3,0,116.53502524925548,26.625,25.375,2025-06-22 12:13:30
162.5,1.2,193.8,155,0.9,149.8,337.0,59.99,216,1.5,5.3,888.9,35.9,3.2,2.3,0,116.53502524925548,26.562,26.562,2025-06-22 12:13:50
159.7,1.1,192.3,152,0.9,148.1,333.2,59.97,215.8,1.5,5.3,888.9,35.9,3.2,2.3,0,116.53502524925548,26.562,25.375,2025-06-22 12:14:33
159.4,1.1,191.1,152,0.9,147.0,332.0,59.97,216,1.4,5.3,888.9,35.8,3.2,2.3,0,116.53502524925548,26.562,26.562,2025-06-22 12:14:52
161.3,1.1,188.3,150.4,0.9,143.3,325.1,59.97,215.9,1.5,5.3,888.9,35.8,3.2,2.3,0,116.53502524925548,26.5,25.437,2025-06-22 12:15:35
157.3,1.1,190.0,156.5,0.8,141.7,324.8,59.99,215.8,1.5,5.3,888.9,35.8,3.2,2.3,0,116.53502524925548,26.375,26.375,2025-06-22 12:15:55
156.5,1.1,186.5,153.3,0.8,138.3,318.4,59.99,215.9,1.4,5.3,888.9,35.8,3.2,2.3,0,77.69001683283699,26.25,25.25,2025-06-22 12:16:38
162.5,1.1,187.0,152.7,0.8,136.0,316.8,59.98,215.8,1.4,5.3,888.9,35.8,3.2,2.3,0,116.53502524925548,26.25,26.25,2025-06-22 12:16:57
159.6,1.1,188.1,153.5,0.8,135.8,317.9,59.98,215.6,1.4,5.3,888.9,35.8,3.2,2.3,0,116.53502524925548,26.125,25.125,2025-06-22 12:17:40
158.5,1.1,186.8,153.4,0.8,135.1,316.0,59.99,215.3,1.4,5.3,888.9,35.8,3.2,2.3,0,116.53502524925548,26.062,26.062,2025-06-22 12:17:59
159.5,1.1,189.3,150.2,0.8,134.6,317.7,59.98,215.7,1.5,5.3,888.9,35.8,3.2,2.3,0,116.53502524925548,26.062,25.062,2025-06-22 12:18:42
159.5,1.1,190.0,154.8,0.8,137.3,319.2,60,215.7,1.4,5.3,888.9,35.7,3.2,2.3,0,116.53502524925548,26.125,26.125,2025-06-22 12:19:02
156.5,1.1,188.7,153.5,0.8,138.9,321.2,59.98,216,1.4,5.3,888.9,35.7,3.2,2.3,0,116.53502524925548,26.25,25.187,2025-06-22 12:19:45
160.8,1.1,190.5,153.7,0.8,140.1,324.0,59.99,216.1,1.5,5.3,888.9,35.7,3.2,2.3,0,116.53502524925548,26.375,26.375,2025-06-22 12:20:04
160.9,1.1,191.6,151.7,0.9,142.9,328.2,59.97,216.1,1.5,5.3,888.9,35.7,3.2,2.3,0,116.53502524925548,26.375,25.312,2025-06-22 12:20:47
156.6,1.2,190.5,153.5,0.9,143.9,328.0,59.98,216,1.5,5.3,888.9,35.7,3.2,2.3,0,116.53502524925548,26.562,26.562,2025-06-22 12:21:07
159.6,1.2,194.7,155,0.9,147.4,335.5,60.03,216,1.5,5.3,888.9,35.7,3.2,2.3,0,116.53502524925548,26.562,25.437,2025-06-22 12:21:50
159.6,1.2,194.2,152,0.9,147.4,335.0,60.04,215.8,1.5,5.3,888.9,35.7,3.2,2.3,0,116.53502524925548,26.562,26.562,2025-06-22 12:22:09
158.4,1.2,195.5,156.6,0.9,148.9,337.7,60.01,215.9,1.5,5.4,889.0,35.6,3.2,2.3,0,116.53502524925548,26.562,25.375,2025-06-22 12:22:52
159.5,1.1,195.0,155.1,0.9,152.9,341.4,60.02,215.7,1.5,5.4,889.0,35.6,3.2,2.3,0,116.53502524925548,26.562,26.562,2025-06-22 12:23:12
162.5,1.1,194.6,154.9,0.9,154.7,342.6,60.02,216,1.6,5.4,889.0,35.6,3.2,2.3,0,116.53502524925548,26.562,25.375,2025-06-22 12:23:55
156.4,1.2,193.9,156.5,0.9,154.7,341.9,60.01,216.1,1.5,5.4,889.0,35.6,3.2,2.3,0,116.53502524925548,26.625,26.625,2025-06-22 12:24:14
159.6,1.2,196.3,155,1,156.4,345.7,59.98,216,1.5,5.4,889.0,35.6,3.2,2.3,0,116.53502524925548,26.562,25.5,2025-06-22 12:24:57
161,1.2,196.0,152.8,1,157.5,346.6,60.02,215.9,1.6,5.4,889.0,35.5,3.2,2.3,0,116.53502524925548,26.562,26.625,2025-06-22 12:25:17
159.6,1.2,199.3,155.1,1,158.8,351.5,59.98,215.8,1.6,5.4,889.0,35.5,3.2,2.3,0,116.53502524925548,26.625,25.5,2025-06-22 12:26:00
159.8,1.2,200.7,153.9,1,159.7,353.5,60.03,215.9,1.6,5.4,889.0,35.5,3.2,2.3,0,116.53502524925548,26.437,26.5,2025-06-22 12:26:19
156.3,1.2,202.8,158.1,1,158.1,354.1,59.97,215.9,1.6,5.4,889.0,35.5,3.2,2.4,0,116.53502524925548,26.5,25.562,2025-06-22 12:27:02
157.6,1.2,202.6,153,1,161.7,357.0,60,215.8,1.6,5.4,889.0,35.4,3.2,2.4,0,116.53502524925548,26.562,26.562,2025-06-22 12:27:22
162.5,1.1,209.6,154.8,1,164.3,367.0,60.02,216,1.6,5.4,889.0,35.4,3.2,2.4,0,116.53502524925548,26.562,25.562,2025-06-22 12:28:05
159.4,1.3,210.3,155,1,164.8,367.8,60.01,215.8,1.7,5.4,889.0,35.4,3.2,2.4,0,116.53502524925548,26.5,26.5,2025-06-22 12:28:24
161,1.3,213.9,156.1,1,165.6,372.2,60.05,215.9,1.7,5.4,889.0,35.4,3.2,2.4,0,116.53502524925548,26.375,25.5,2025-06-22 12:29:07
159.7,1.3,215.7,153.4,1,166.1,374.3,60.03,216.1,1.7,5.4,889.0,35.4,3.2,2.4,0,116.53502524925548,26.437,26.437,2025-06-22 12:29:27
163.1,1.1,220.9,153.3,1,166.5,379.9,59.99,216,1.6,5.4,889.0,35.4,3.2,2.4,0,116.53502524925548,26.562,25.5,2025-06-22 12:30:10
159.6,1.3,220.5,155.1,1,167.3,380.2,59.98,215.8,1.7,5.4,889.0,35.4,3.2,2.4,0,116.53502524925548,26.562,26.625,2025-06-22 12:30:29
162.5,1.4,223.6,155.9,1,169.0,385.6,60.01,215.7,1.7,5.4,889.0,35.4,3.3,2.4,0,116.53502524925548,26.562,25.437,2025-06-22 12:31:12
162.5,1.3,226.0,152,1,168.2,386.6,60,216,1.7,5.4,889.0,35.4,3.3,2.4,0,116.53502524925548,26.625,26.625,2025-06-22 12:31:32
159.6,1.4,226.1,153,1,169.2,387.1,60.04,215.9,1.8,5.4,889.0,35.4,3.3,2.4,0,116.53502524925548,26.625,25.5,2025-06-22 12:32:15
162.7,1.4,228.4,153.3,1.1,169.9,390.4,60,215.5,1.8,5.4,889.0,35.4,3.3,2.4,0,116.53502524925548,26.562,26.562,2025-06-22 12:32:34
162.5,1.4,228.1,151.9,1.1,169.2,389.6,59.98,215.7,1.8,5.4,889.0,35.4,3.3,2.4,0,155.38003366567398,26.562,25.312,2025-06-22 12:33:17
159.7,1.4,225.2,153.2,1.1,169.0,386.6,60.03,215.6,1.8,5.4,889.0,35.5,3.3,2.4,0,116.53502524925548,26.562,26.625,2025-06-22 12:33:36
161.9,1.4,213.4,154.9,1,170.2,375.6,60,215.5,1.7,5.4,889.0,35.5,3.3,2.4,0,116.53502524925548,26.5,25.187,2025-06-22 12:34:19
162.4,1.3,223.0,155.7,1,169.4,384.8,60.01,215.2,1.8,5.4,889.0,35.5,3.3,2.4,0,116.53502524925548,26.437,26.437,2025-06-22 12:34:39
159.3,1.3,218.6,151.9,1,166.9,378.0,59.99,215.3,1.7,5.4,889.0,35.5,3.3,2.4,0,116.53502524925548,26.375,25.312,2025-06-22 12:35:22
165.4,1.3,197.3,155,1,168.4,361.1,59.98,215.4,1.7,5.4,889.0,35.5,3.3,2.4,0,116.53502524925548,26.312,26.312,2025-06-22 12:35:41
162.5,1.3,210.4,154.9,0.9,164.4,366.6,59.99,215.4,1.7,5.4,889.0,35.6,3.3,2.4,0,116.53502524925548,26.312,25.312,2025-06-22 12:36:24
162.7,1.2,206.1,155,0.9,159.6,360.9,59.98,215.4,1.6,5.4,889.0,35.6,3.3,2.4,0,116.53502524925548,26.375,26.375,2025-06-22 12:36:44
162.4,1.2,199.1,152.6,0.9,158.8,350.8,60.03,215.4,1.6,5.4,889.0,35.6,3.3,2.4,0,116.53502524925548,26.437,25.312,2025-06-22 12:37:27
156,1.2,198.8,158,0.9,154.1,346.4,60.02,215.5,1.5,5.4,889.0,35.6,3.3,2.4,0,116.53502524925548,26.375,26.375,2025-06-22 12:37:46
159.6,1.2,195.9,155.1,0.9,154.6,343.4,60.01,214.8,1.5,5.4,889.0,35.6,3.3,2.4,0,116.53502524925548,26.375,25.312,2025-06-22 12:38:29
159.5,1.2,193.7,154.8,0.9,151.4,339.4,60.01,214.6,1.6,5.4,889.0,35.6,3.3,2.4,0,116.53502524925548,26.375,26.375,2025-06-22 12:38:49
159.6,1.2,192.5,155.1,0.9,152.5,338.2,60.04,215.1,1.5,5.5,889.1,35.5,3.3,2.4,0,116.53502524925548,26.375,25.312,2025-06-22 12:39:32
159.6,1.2,193.9,152.2,0.9,152.1,339.3,60.03,215.1,1.5,5.5,889.1,35.5,3.3,2.4,0,116.53502524925548,26.437,26.437,2025-06-22 12:39:51
162.5,1.1,193.3,157.8,0.9,149.6,338.0,59.99,215.1,1.6,5.5,889.1,35.5,3.3,2.4,0,116.53502524925548,26.562,25.312,2025-06-22 12:40:34
156.8,1.2,195.5,154.7,0.9,153.1,340.7,60.02,215.1,1.6,5.5,889.1,35.5,3.3,2.4,0,116.53502524925548,26.5,26.562,2025-06-22 12:40:54
159.6,1.2,199.2,152.1,1,154.5,346.6,60,215.2,1.6,5.5,889.1,35.5,3.3,2.4,0,116.53502524925548,26.375,25.375,2025-06-22 12:41:37
162.6,1.2,202.2,157.3,1,153.5,348.7,60.02,215.3,1.6,5.5,889.1,35.4,3.3,2.4,0,116.53502524925548,26.375,26.375,2025-06-22 12:41:56
159.6,1.3,209.5,154.7,1,158.3,360.5,60.03,215.3,1.7,5.5,889.1,35.4,3.3,2.4,0,116.53502524925548,26.25,25.5,2025-06-22 12:42:39
156.6,1.3,210.3,154.3,1,160.8,363.9,60,215.4,1.6,5.5,889.1,35.4,3.3,2.4,0,116.53502524925548,26.25,26.25,2025-06-22 12:42:59
162.2,1.3,222.0,157.5,1,162.5,377.2,60.03,215.6,1.7,5.5,889.1,35.3,3.3,2.4,0,116.53502524925548,26.312,25.5,2025-06-22 12:43:42
162.1,1.4,227.8,152.4,1,163.7,383.8,60.01,215.5,1.7,5.5,889.1,35.3,3.3,2.4,0,116.53502524925548,26.312,26.375,2025-06-22 12:44:01
164.8,1.3,237.1,157.9,1,167.4,396.7,60.03,215.5,1.9,5.5,889.1,35.3,3.3,2.4,0,155.38003366567398,26.375,25.437,2025-06-22 12:44:44
159.8,1.5,240.9,152,1.1,169.1,403.9,60.02,215.6,1.8,5.5,889.1,35.3,3.3,2.4,0,155.38003366567398,26.375,26.375,2025-06-22 12:45:04
162.5,1.6,256.9,155.4,1.1,176.0,424.4,60.05,215.7,1.9,5.5,889.1,35.3,3.3,2.4,0,155.38003366567398,26.437,25.5,2025-06-22 12:45:47
162.6,1.6,262.7,155,1.1,178.5,432.4,60.02,215.6,2,5.5,889.1,35.3,3.3,2.4,0,155.38003366567398,26.5,26.5,2025-06-22 12:46:06
162.3,1.7,274.8,152.1,1.1,180.7,446.7,60.01,215.5,2,5.5,889.1,35.3,3.3,2.4,0,155.38003366567398,26.625,25.5,2025-06-22 12:46:49
162.5,1.7,280.9,157.9,1.1,184.5,456.3,59.99,215.8,2.1,5.5,889.1,35.3,3.3,2.4,0,155.38003366567398,26.625,26.625,2025-06-22 12:47:08
159.8,1.8,290.6,157.8,1.2,188.8,467.8,60,215.6,2.1,5.5,889.1,35.3,3.3,2.4,0,194.22504208209244,26.625,25.562,2025-06-22 12:47:51
159.7,1.8,299.3,154.9,1.2,191.6,478.2,60.01,215.8,2.2,5.5,889.1,35.3,3.3,2.4,0,194.22504208209244,26.562,26.562,2025-06-22 12:48:11
162.5,1.9,313.9,158.1,1.2,197.3,498.9,60.03,215.7,2.3,5.5,889.1,35.4,3.3,2.4,0,194.22504208209244,26.375,25.812,2025-06-22 12:48:54
162.3,1.9,317.0,152.5,1.3,201.4,502.9,60,215.8,2.3,5.5,889.1,35.4,3.3,2.4,0,194.22504208209244,26.25,26.25,2025-06-22 12:49:13
162.6,1.9,331.8,157.7,1.3,209.4,521.2,60.03,215.7,2.4,5.5,889.1,35.4,3.3,2.4,0,194.22504208209244,25.875,25.625,2025-06-22 12:49:56
162.4,2.1,337.4,154.9,1.4,212.9,534.1,60.03,215.6,2.4,5.5,889.1,35.4,3.3,2.4,0,194.22504208209244,25.812,25.812,2025-06-22 12:50:16
163,2.1,344.1,152,1.4,217.4,543.6,60.03,215.2,2.5,5.5,889.1,35.4,3.3,2.4,0,233.07005049851097,25.937,25.5,2025-06-22 12:50:59
165.6,2.2,344.1,155,1.4,225.4,549.9,60,215.2,2.6,5.5,889.1,35.4,3.3,2.4,0,233.07005049851097,26.0,26.0,2025-06-22 12:51:18
162.4,2.2,364.7,160.2,1.4,231.9,577.5,60.02,214.6,2.6,5.5,889.1,35.5,3.3,2.4,0,233.07005049851097,26.125,25.75,2025-06-22 12:52:01
162.3,2.3,366.5,157.8,1.5,236.5,583.7,60.03,215.4,2.7,5.5,889.1,35.5,3.3,2.4,0,233.07005049851097,26.187,26.125,2025-06-22 12:52:21
160.3,2.3,376.6,158.8,1.5,237.8,594.9,60,215.4,2.7,5.6,889.2,35.5,3.3,2.4,0,233.07005049851097,26.187,25.875,2025-06-22 12:53:04
162.5,2.3,380.8,155.1,1.6,247.1,607.1,60.02,215.4,2.7,5.6,889.2,35.6,3.3,2.4,0,233.07005049851097,26.187,26.187,2025-06-22 12:53:23
161.6,2.4,383.6,152.2,1.6,249.6,614.8,59.96,215.4,2.9,5.6,889.2,35.6,3.3,2.4,0,233.07005049851097,26.187,26.0,2025-06-22 12:54:06
159.8,2.4,385.5,157.9,1.6,256.1,621.8,59.98,215.5,2.9,5.6,889.2,35.6,3.4,2.4,0,233.07005049851097,26.187,26.187,2025-06-22 12:54:26
162.5,2.4,395.2,157.9,1.5,260.0,633.1,59.98,215.5,2.8,5.6,889.2,35.7,3.4,2.4,0,233.07005049851097,26.062,26.062,2025-06-22 12:55:09
162.4,2.4,397.2,157.3,1.6,263.4,638.3,60,215.5,2.9,5.6,889.2,35.7,3.4,2.4,0,233.07005049851097,26.062,26.062,2025-06-22 12:55:28
165.5,2.5,390.6,154.7,1.7,266.7,634.8,60,215.5,2.9,5.6,889.2,35.7,3.4,2.4,0,233.07005049851097,26.062,26.125,2025-06-22 12:56:11
164.5,2.4,399.1,155,1.7,267.9,643.4,60.02,215.6,2.9,5.6,889.2,35.7,3.4,2.4,0,271.91505891492943,25.937,25.937,2025-06-22 12:56:31
162.5,2.5,401.7,157.9,1.7,270.1,647.9,60,215.8,3,5.6,889.2,35.7,3.4,2.4,0,271.91505891492943,25.75,25.937,2025-06-22 12:57:14
163.5,2.5,396.2,154.9,1.7,271.9,642.8,60.04,215.8,3,5.6,889.2,35.7,3.4,2.4,0,271.91505891492943,25.75,25.75,2025-06-22 12:57:33
162.5,2.5,404.8,155,1.7,272.6,650.5,59.99,215.8,2.9,5.6,889.2,35.7,3.4,2.4,0,271.91505891492943,25.875,25.937,2025-06-22 12:58:16
162.6,2.5,404.2,157.9,1.7,273.2,653.1,60.03,215.9,3,5.6,889.2,35.8,3.4,2.5,0,271.91505891492943,25.937,25.937,2025-06-22 12:58:36
161.8,2.5,398.5,154.9,1.8,275.7,649.2,59.97,215.8,3,5.6,889.2,35.8,3.4,2.5,0,271.91505891492943,25.75,25.812,2025-06-22 12:59:19
159.7,2.5,396.2,155,1.8,276.4,647.0,59.98,215.8,3,5.6,889.2,35.8,3.4,2.5,0,271.91505891492943,25.75,25.687,2025-06-22 12:59:38
162.5,2.4,400.2,157.9,1.7,276.0,651.8,60.03,215.9,3,5.6,889.2,35.9,3.4,2.5,0,233.07005049851097,25.687,25.625,2025-06-22 13:00:21
162.5,2.4,398.7,154.9,1.8,277.6,650.3,60,215.8,3,5.6,889.2,35.9,3.4,2.5,0,271.91505891492943,25.812,25.75,2025-06-22 13:00:40
164.2,2.3,394.0,155,1.8,278.1,647.4,60.02,215.8,2.9,5.6,889.2,35.9,3.4,2.5,0,271.91505891492943,26.062,25.875,2025-06-22 13:01:24
162.5,2.3,393.8,157.9,1.7,276.5,646.0,60.01,215.8,2.9,5.6,889.2,35.9,3.4,2.5,0,233.07005049851097,26.25,26.312,2025-06-22 13:01:43
164,2.4,382.5,153.9,1.8,275.8,645.9,60.02,215.8,3,5.7,889.3,36,3.4,2.5,0,271.91505891492943,26.75,26.125,2025-06-22 13:02:26
165.5,2.4,383.9,154.9,1.8,279.8,639.2,60.02,215.7,3,5.7,889.3,36,3.4,2.5,0,233.07005049851097,26.812,26.875,2025-06-22 13:02:45
162.5,2.4,391.8,157.9,1.7,279.6,647.2,60.04,215.6,2.9,5.7,889.3,35.9,3.4,2.5,0,233.07005049851097,27.0,26.312,2025-06-22 13:03:29
162.3,2.4,391.9,154.2,1.8,279.8,645.3,60.02,215.7,3,5.7,889.3,35.9,3.4,2.5,0,271.91505891492943,27.062,27.062,2025-06-22 13:03:48
159.6,2.4,388.9,155,1.8,286.0,650.1,60.01,215.8,3,5.7,889.3,35.9,3.4,2.5,0,271.91505891492943,26.812,26.25,2025-06-22 13:04:31
160.6,2.4,394.8,157.9,1.8,285.1,654.6,60.01,215.8,3,5.7,889.3,35.9,3.4,2.5,0,271.91505891492943,26.75,26.75,2025-06-22 13:04:50
162.4,2.5,397.6,154.8,1.8,290.0,659.3,59.99,215.8,3,5.7,889.3,35.9,3.4,2.5,0,271.91505891492943,26.937,26.125,2025-06-22 13:05:33
161.3,2.5,394.8,155,1.9,292.0,658.5,59.99,215.7,3.1,5.7,889.3,35.9,3.4,2.5,0,271.91505891492943,27.062,27.0,2025-06-22 13:05:53
162.5,2.3,401.3,157.9,1.8,289.4,663.1,60.01,215.6,3,5.7,889.3,35.9,3.4,2.5,0,271.91505891492943,27.187,26.312,2025-06-22 13:06:36
162.6,2.5,400.0,153.6,1.8,286.2,659.3,59.97,215.6,3.1,5.7,889.3,35.9,3.4,2.5,0,271.91505891492943,27.062,27.062,2025-06-22 13:06:55
165.5,2.4,380.3,156.5,1.7,282.3,639.0,59.98,215.4,3,5.7,889.3,35.9,3.4,2.5,0,271.91505891492943,26.875,26.5,2025-06-22 13:07:38
163.3,2.2,387.0,155,1.8,277.8,632.3,59.97,215.5,2.9,5.7,889.3,35.9,3.4,2.5,0,233.07005049851097,26.812,26.875,2025-06-22 13:07:58
162.3,2.3,378.8,156.5,1.7,262.9,620.3,60,215.6,2.9,5.7,889.3,35.9,3.4,2.5,0,233.07005049851097,26.875,26.5,2025-06-22 13:08:41
162.4,2.3,370.7,158.5,1.6,260.9,609.1,60.02,215.6,2.9,5.7,889.3,35.9,3.4,2.5,0,233.07005049851097,26.625,26.625,2025-06-22 13:09:00
161,2.3,372.4,155.3,1.6,256.7,607.7,59.98,215.8,2.8,5.7,889.3,35.9,3.5,2.5,0,233.07005049851097,26.5,26.562,2025-06-22 13:09:43
162.5,2.2,366.2,155,1.6,254.5,599.7,60,215.8,2.7,5.7,889.3,36,3.5,2.5,0,233.07005049851097,26.562,26.562,2025-06-22 13:10:03
160.5,2.2,354.5,155.9,1.6,253.5,586.6,60,215.7,2.7,5.7,889.3,35.9,3.5,2.5,0,233.07005049851097,26.812,26.5,2025-06-22 13:10:46
159.1,2.2,350.2,155,1.5,251.5,583.0,60.01,215.7,2.6,5.7,889.3,35.9,3.5,2.5,0,233.07005049851097,26.937,26.937,2025-06-22 13:11:05
162.5,2.1,345.1,157.4,1.6,248.6,575.8,59.98,215.8,2.7,5.8,889.4,35.9,3.5,2.5,0,233.07005049851097,26.937,26.562,2025-06-22 13:11:48
162.8,2.1,340.3,158.1,1.6,244.1,568.7,60,215.8,2.6,5.8,889.4,35.9,3.5,2.5,0,233.07005049851097,27.187,27.25,2025-06-22 13:12:07
165.4,1.9,325.0,154.9,1.5,240.9,545.7,60.02,215.5,2.5,5.8,889.4,35.9,3.5,2.5,0,233.07005049851097,27.25,26.5,2025-06-22 13:12:51
163.4,1.9,330.3,155,1.5,240.0,550.7,60.02,215.6,2.4,5.8,889.4,35.9,3.5,2.5,0,194.22504208209244,27.187,27.187,2025-06-22 13:13:10
162.5,1.9,310.6,151.7,1.5,230.9,523.6,60.01,215.5,2.4,5.8,889.4,35.9,3.5,2.5,0,194.22504208209244,27.187,26.5,2025-06-22 13:13:53
164.9,1.9,295.2,156.9,1.4,223.0,504.1,59.98,215.5,2.4,5.8,889.4,35.9,3.5,2.5,0,194.22504208209244,27.0,27.0,2025-06-22 13:14:12
165.2,1.8,300.4,155,1.4,220.2,505.0,59.99,215.5,2.4,5.8,889.4,35.9,3.5,2.5,0,194.22504208209244,27.187,26.375,2025-06-22 13:14:56
160.4,1.9,303.9,154.2,1.4,216.8,505.7,59.98,215.3,2.3,5.8,889.4,35.9,3.5,2.5,0,194.22504208209244,27.187,27.187,2025-06-22 13:15:15
162.5,1.9,302.0,155.1,1.3,205.6,494.1,59.97,215.6,2.3,5.8,889.4,35.9,3.5,2.5,0,194.22504208209244,27.0,26.187,2025-06-22 13:15:58
165.6,1.8,280.4,151.8,1.3,200.4,474.7,59.97,215.5,2.2,5.8,889.4,35.9,3.5,2.5,0,194.22504208209244,27.0,27.0,2025-06-22 13:16:17
162.5,1.8,288.7,154.9,1.2,188.5,466.5,60.03,215.4,2.2,5.8,889.4,35.8,3.5,2.5,0,194.22504208209244,27.0,26.187,2025-06-22 13:17:00
159.5,1.7,281.0,151.9,1.2,181.6,452.8,60.01,215.5,2,5.8,889.4,35.8,3.5,2.5,0,155.38003366567398,27.0,27.0,2025-06-22 13:17:20
162.2,1.6,258.3,154.5,1,162.0,412.0,59.99,215,1.9,5.8,889.4,35.7,3.5,2.5,0,155.38003366567398,26.625,26.25,2025-06-22 13:18:03
162.4,1.4,240.2,154.9,0.9,149.9,382.6,60.01,215,1.7,5.8,889.4,35.7,3.5,2.5,0,116.53502524925548,26.625,26.625,2025-06-22 13:18:22
156.9,1.3,211.3,152.3,0.8,138.5,342.9,59.98,215,1.6,5.8,889.4,35.7,3.5,2.5,0,116.53502524925548,26.625,26.125,2025-06-22 13:19:05
156.6,1.3,211.0,155.1,0.9,139.3,343.7,60,215.1,1.5,5.8,889.4,35.7,3.5,2.5,0,116.53502524925548,26.5,26.5,2025-06-22 13:19:25
159.5,1.4,220.6,151.9,0.9,144.8,360.1,59.97,215,1.7,5.8,889.4,35.6,3.5,2.5,0,116.53502524925548,26.375,26.0,2025-06-22 13:20:08
159.7,1.3,225.6,152,0.9,148.2,366.9,60,215.2,1.6,5.8,889.4,35.6,3.5,2.5,0,116.53502524925548,26.437,26.5,2025-06-22 13:20:27
159.7,1.4,232.8,154.8,1,155.2,380.5,59.98,215.4,1.7,5.8,889.4,35.6,3.5,2.5,0,116.53502524925548,26.437,26.062,2025-06-22 13:21:10
159.5,1.5,237.3,154.2,1,159.5,389.0,60,215.4,1.8,5.8,889.4,35.6,3.5,2.5,0,116.53502524925548,26.312,26.312,2025-06-22 13:21:30
159.6,1.5,249.0,152.1,1.1,173.9,414.8,60.03,215.5,1.9,5.8,889.4,35.5,3.5,2.5,0,155.38003366567398,26.312,25.937,2025-06-22 13:22:13
162.5,1.5,253.7,151.5,1.1,179.0,424.6,60.02,215.7,1.9,5.8,889.4,35.5,3.5,2.5,0,155.38003366567398,26.125,26.187,2025-06-22 13:22:32
164.9,1.5,263.0,157.6,1.1,187.2,438.9,60.02,215.4,1.9,5.8,889.4,35.6,3.5,2.5,0,155.38003366567398,26.375,25.875,2025-06-22 13:23:15
159.7,1.6,269.2,152.1,1.2,190.4,450.5,60.02,215.5,2.1,5.8,889.4,35.5,3.5,2.5,0,155.38003366567398,26.437,26.5,2025-06-22 13:23:35
162.5,1.7,278.1,155.2,1.2,195.2,463.3,60.03,215.7,2.2,5.8,889.4,35.5,3.5,2.6,0,155.38003366567398,26.625,25.812,2025-06-22 13:24:18
159.6,1.7,279.5,154.9,1.3,200.7,472.0,60.01,215.7,2.1,5.8,889.4,35.5,3.5,2.6,0,155.38003366567398,26.687,26.687,2025-06-22 13:24:37
162.2,1.8,285.9,154.7,1.3,202.7,480.7,59.98,215.7,2.2,5.9,889.5,35.5,3.5,2.6,0,155.38003366567398,26.812,25.812,2025-06-22 13:25:20
159.6,1.8,287.1,151.9,1.3,200.7,476.3,60.02,215.7,2.2,5.9,889.5,35.5,3.5,2.6,0,155.38003366567398,26.875,26.937,2025-06-22 13:25:40
162.5,1.7,287.8,155.1,1.2,197.8,474.5,59.98,215.7,2.1,5.9,889.5,35.5,3.5,2.6,0,155.38003366567398,26.812,25.875,2025-06-22 13:26:23
162.6,1.7,283.8,154.8,1.2,192.2,466.5,60,215.6,2.1,5.9,889.5,35.5,3.5,2.6,0,155.38003366567398,26.75,26.75,2025-06-22 13:26:42
165.6,1.6,256.1,155.2,1.2,192.9,440.7,59.98,215.6,2.1,5.9,889.5,35.5,3.5,2.6,0,155.38003366567398,26.562,25.687,2025-06-22 13:27:25
164.8,1.5,270.7,154.8,1.2,192.5,455.0,59.99,215.5,2,5.9,889.5,35.4,3.5,2.6,0,155.38003366567398,26.5,26.562,2025-06-22 13:27:45
162.4,1.7,277.7,158,1.2,192.3,460.5,60.03,215.2,2.1,5.9,889.5,35.4,3.5,2.6,0,155.38003366567398,26.437,25.562,2025-06-22 13:28:27
162.7,1.7,270.6,154.2,1.3,198.2,469.6,59.98,215.2,2.2,5.9,889.5,35.4,3.5,2.6,0,155.38003366567398,26.25,26.25,2025-06-22 13:28:47
162.5,1.8,291.8,155,1.3,204.3,482.3,60,215.2,2.2,5.9,889.5,35.3,3.5,2.6,0,155.38003366567398,25.75,25.562,2025-06-22 13:29:30
162.3,1.8,293.4,152.2,1.3,201.2,482.4,59.99,215.4,2.2,5.9,889.5,35.3,3.5,2.6,0,155.38003366567398,25.687,25.687,2025-06-22 13:29:50
162,1.8,290.6,152.6,1.3,205.6,482.2,60.02,215.2,2.2,5.9,889.5,35.3,3.6,2.6,0,155.38003366567398,25.875,25.5,2025-06-22 13:30:32
159.8,1.8,289.8,154.7,1.3,206.5,483.3,60.01,215.3,2.2,5.9,889.5,35.3,3.6,2.6,0,155.38003366567398,25.937,25.937,2025-06-22 13:30:52
162.5,1.8,293.1,154.1,1.3,205.7,485.8,60.04,214.9,2.2,5.9,889.5,35.3,3.6,2.6,0,155.38003366567398,26.0,25.437,2025-06-22 13:31:35
162.4,1.8,294.0,152.2,1.3,206.2,486.8,60.02,215,2.3,5.9,889.5,35.3,3.6,2.6,0,155.38003366567398,26.0,26.0,2025-06-22 13:31:54
164.1,1.7,295.7,155,1.3,212.1,494.8,60.01,214.9,2.2,5.9,889.5,35.3,3.6,2.6,0,155.38003366567398,26.062,25.5,2025-06-22 13:32:37
162.5,1.7,298.5,154.9,1.3,212.5,493.0,60.04,214.9,2.2,5.9,889.5,35.3,3.6,2.6,0,155.38003366567398,26.062,26.062,2025-06-22 13:32:57
163.6,1.8,286.5,154,1.4,214.4,498.6,60.04,215.5,2.3,5.9,889.5,35.3,3.6,2.6,0,194.22504208209244,25.937,25.562,2025-06-22 13:33:40
165.6,1.8,290.5,152.3,1.4,214.2,491.1,60.03,215.6,2.3,5.9,889.5,35.3,3.6,2.6,0,155.38003366567398,25.875,25.875,2025-06-22 13:33:59
162.5,1.8,301.4,154.9,1.4,216.0,502.9,60.03,215.4,2.3,5.9,889.5,35.3,3.6,2.6,0,155.38003366567398,25.937,25.687,2025-06-22 13:34:42
162.5,1.8,300.9,154.7,1.4,214.8,501.4,60,215.4,2.3,5.9,889.5,35.3,3.6,2.6,0,194.22504208209244,25.812,25.812,2025-06-22 13:35:02
159.6,1.8,296.9,155,1.3,217.3,499.3,60.04,215.6,2.3,5.9,889.5,35.2,3.6,2.6,0,155.38003366567398,25.437,25.5,2025-06-22 13:35:45
159.9,1.8,301.4,155,1.4,219.2,504.2,60.02,215.6,2.3,5.9,889.5,35.2,3.6,2.6,0,194.22504208209244,25.312,25.312,2025-06-22 13:36:04
162.5,1.8,302.3,151.9,1.4,216.5,503.2,60.01,215.4,2.3,5.9,889.5,35.1,3.6,2.6,0,194.22504208209244,25.437,25.375,2025-06-22 13:36:47
162,1.9,300.2,152.8,1.4,219.9,504.5,60,215.5,2.3,5.9,889.5,35.1,3.6,2.6,0,194.22504208209244,25.5,25.5,2025-06-22 13:37:07
162.6,1.7,305.7,152,1.4,219.4,507.8,59.96,215.5,2.3,6.0,889.6,35.1,3.6,2.6,0,194.22504208209244,25.625,25.437,2025-06-22 13:37:50
162.6,1.9,306.0,152,1.4,219.2,508.7,59.96,215.5,2.3,6.0,889.6,35.1,3.6,2.6,0,194.22504208209244,25.5,25.5,2025-06-22 13:38:09
165.5,1.9,298.8,154.4,1.4,221.1,503.3,59.97,215.6,2.3,6.0,889.6,35.1,3.6,2.6,0,194.22504208209244,25.375,25.5,2025-06-22 13:38:52
165.6,1.8,297.5,155,1.4,224.3,507.0,59.97,215.5,2.3,6.0,889.6,35,3.6,2.6,0,194.22504208209244,25.312,25.312,2025-06-22 13:39:12
162.6,1.9,310.3,157,1.4,223.7,518.3,59.98,215.5,2.4,6.0,889.6,35,3.6,2.6,0,194.22504208209244,25.25,25.5,2025-06-22 13:39:55
162.5,1.9,311.2,155,1.4,224.6,519.1,60.01,215.5,2.3,6.0,889.6,34.9,3.6,2.6,0,194.22504208209244,25.312,25.312,2025-06-22 13:40:14
160.6,1.9,313.1,158,1.4,222.9,518.9,59.97,215.5,2.3,6.0,889.6,34.8,3.6,2.6,0,194.22504208209244,25.125,25.0,2025-06-22 13:40:57
162.6,1.9,314.3,152.3,1.4,220.8,517.5,60.01,215.3,2.4,6.0,889.6,34.8,3.6,2.6,0,194.22504208209244,25.125,25.125,2025-06-22 13:41:17
161.4,1.9,310.1,157.9,1.4,221.7,516.4,60.03,215.4,2.4,6.0,889.6,34.8,3.6,2.6,0,194.22504208209244,25.062,24.875,2025-06-22 13:42:00
159.6,1.9,310.0,154.9,1.4,222.5,516.8,60.01,215.2,2.4,6.0,889.6,34.8,3.6,2.6,0,194.22504208209244,25.187,25.187,2025-06-22 13:42:19
162.5,1.9,313.9,154.9,1.4,219.9,516.9,59.99,215,2.4,6.0,889.6,34.8,3.6,2.6,0,194.22504208209244,25.187,25.0,2025-06-22 13:43:02
162.5,1.9,312.5,156.7,1.3,218.7,514.3,60.03,215.1,2.3,6.0,889.6,34.8,3.6,2.6,0,194.22504208209244,25.25,25.25,2025-06-22 13:43:22
165.5,1.8,300.1,152.2,1.3,210.2,496.7,60.02,215.3,2.3,6.0,889.6,34.8,3.6,2.6,0,194.22504208209244,25.375,24.937,2025-06-22 13:44:04
164.1,1.8,303.2,156.1,1.3,207.9,498.9,60.03,215.3,2.2,6.0,889.6,34.7,3.6,2.6,0,194.22504208209244,25.312,25.312,2025-06-22 13:44:24
162.5,1.8,293.0,158.2,1.3,199.6,480.5,60.02,215.5,2.2,6.0,889.6,34.7,3.6,2.6,0,155.38003366567398,25.5,25.125,2025-06-22 13:45:07
164.3,1.8,278.2,154.9,1.3,199.6,466.3,60,215.3,2.2,6.0,889.6,34.7,3.6,2.6,0,155.38003366567398,25.437,25.437,2025-06-22 13:45:26
162.6,1.7,280.3,155.2,1.2,189.6,460.0,60,215.4,2.1,6.0,889.6,34.6,3.6,2.6,0,155.38003366567398,25.437,25.0,2025-06-22 13:46:09
162.7,1.7,275.9,153.3,1.2,187.1,450.4,59.99,215.3,2,6.0,889.6,34.6,3.6,2.6,0,155.38003366567398,25.375,25.375,2025-06-22 13:46:29
162.5,1.7,272.0,155,1.1,182.1,445.5,59.98,215.3,2,6.0,889.6,34.6,3.6,2.6,0,155.38003366567398,25.625,24.937,2025-06-22 13:47:12
164.6,1.6,268.3,158,1.1,178.1,437.5,60.01,215.3,2,6.0,889.6,34.6,3.6,2.6,0,155.38003366567398,25.625,25.625,2025-06-22 13:47:31
160.8,1.6,271.2,153.6,1.1,174.7,437.1,59.98,215.5,2,6.0,889.6,34.6,3.6,2.6,0,155.38003366567398,25.562,25.062,2025-06-22 13:48:14
162.5,1.6,270.2,154.9,1.1,176.2,438.0,59.99,215.3,2,6.0,889.6,34.6,3.6,2.6,0,155.38003366567398,25.562,25.562,2025-06-22 13:48:34
160.8,1.6,263.6,152,1.1,172.1,427.2,59.99,215.5,2,6.0,889.6,34.6,3.6,2.6,0,155.38003366567398,25.562,25.187,2025-06-22 13:49:17
159.4,1.6,263.1,154.8,1.1,173.7,428.3,60.04,215.7,1.9,6.1,889.7,34.6,3.6,2.6,0,155.38003366567398,25.812,25.812,2025-06-22 13:49:36
160.7,1.6,258.4,157.9,1,170.9,420.9,59.96,215.6,1.9,6.1,889.7,34.6,3.6,2.6,0,155.38003366567398,26.062,25.25,2025-06-22 13:50:19
159.4,1.6,257.8,152.1,1.1,170.8,420.3,59.98,215.7,1.9,6.1,889.7,34.6,3.6,2.6,0,155.38003366567398,26.125,26.125,2025-06-22 13:50:39
162.5,1.6,259.2,157.2,1.1,173.4,424.3,60.03,215.6,1.9,6.1,889.7,34.6,3.7,2.6,0,155.38003366567398,26.125,25.312,2025-06-22 13:51:22
162.6,1.6,256.9,155,1,175.9,426.1,60.03,215.6,1.9,6.1,889.7,34.6,3.7,2.6,0,155.38003366567398,26.062,26.062,2025-06-22 13:51:41
165.6,1.5,251.4,152,1.1,174.6,418.2,60.04,215.2,2,6.1,889.7,34.6,3.7,2.6,0,155.38003366567398,26.0,25.312,2025-06-22 13:52:24
163.7,1.5,263.8,155,1.1,179.0,434.1,60.03,215.2,1.9,6.1,889.7,34.6,3.7,2.6,0,155.38003366567398,26.0,26.062,2025-06-22 13:52:44
162.5,1.6,262.7,154.9,1.1,179.8,437.2,60.02,215.2,2,6.1,889.7,34.6,3.7,2.6,0,155.38003366567398,26.125,25.312,2025-06-22 13:53:27
162.2,1.7,272.8,155,1.1,182.2,445.6,60.01,215.3,2,6.1,889.7,34.6,3.7,2.6,0,155.38003366567398,26.187,26.187,2025-06-22 13:53:46
165.7,1.6,273.5,155,1.2,184.4,449.9,60.05,215.3,2,6.1,889.7,34.6,3.7,2.7,0,155.38003366567398,26.062,25.187,2025-06-22 13:54:29
162.9,1.6,281.6,154.9,1.2,184.7,456.6,60.01,215.3,2,6.1,889.7,34.6,3.7,2.7,0,155.38003366567398,26.0,26.0,2025-06-22 13:54:49
162.6,1.7,274.0,151.9,1.2,183.4,454.7,59.98,215.3,2.1,6.1,889.7,34.6,3.7,2.7,0,155.38003366567398,26.125,25.125,2025-06-22 13:55:32
165.4,1.7,266.1,154.1,1.2,184.3,452.3,60.03,215.3,2.1,6.1,889.7,34.6,3.7,2.7,0,155.38003366567398,26.125,26.187,2025-06-22 13:55:51
161.2,1.7,283.0,155,1.2,185.1,459.0,60.02,215.3,2.1,6.1,889.7,34.6,3.7,2.7,0,155.38003366567398,26.125,25.0,2025-06-22 13:56:34
162.6,1.7,281.5,155.2,1.2,183.9,456.2,60.01,215.4,2.1,6.1,889.7,34.6,3.7,2.7,0,155.38003366567398,26.125,26.125,2025-06-22 13:56:53
160.4,1.7,274.9,155.9,1.1,182.3,448.3,60.02,215.2,2,6.1,889.7,34.6,3.7,2.7,0,155.38003366567398,26.062,25.062,2025-06-22 13:57:36
159.3,1.7,273.3,152,1.1,178.4,443.0,60.04,215.2,2,6.1,889.7,34.6,3.7,2.7,0,155.38003366567398,26.125,26.125,2025-06-22 13:57:56
162.2,1.7,273.3,155,1.1,178.1,442.5,60.02,215.4,2,6.1,889.7,34.5,3.7,2.7,0,155.38003366567398,26.187,25.125,2025-06-22 13:58:39
163.4,1.6,269.8,155,1.1,176.9,437.9,60.02,215.6,2,6.1,889.7,34.5,3.7,2.7,0,155.38003366567398,26.312,26.312,2025-06-22 13:58:58
162.3,1.6,270.6,151.9,1.1,171.7,435.7,60,215.6,2,6.1,889.7,34.6,3.7,2.7,0,155.38003366567398,26.25,25.062,2025-06-22 13:59:41
159.2,1.7,270.5,154.9,1.1,171.0,432.8,60.01,215.5,2,6.1,889.7,34.6,3.7,2.7,0,155.38003366567398,26.312,26.312,2025-06-22 14:00:01
162.6,1.6,271.1,155,1.1,170.2,432.7,60.01,215.3,1.9,6.1,889.7,34.6,3.7,2.7,0,155.38003366567398,26.25,25.0,2025-06-22 14:00:44
162.7,1.6,269.2,152.1,1.1,167.5,428.2,59.98,215.3,2,6.1,889.7,34.6,3.7,2.7,0,155.38003366567398,26.25,26.25,2025-06-22 14:01:03
159.4,1.6,263.6,154.9,1,163.2,418.5,60.04,215.4,1.9,6.1,889.7,34.6,3.7,2.7,0,155.38003366567398,26.125,24.937,2025-06-22 14:01:46
161.2,1.6,263.1,155,1,164.3,419.2,60.02,215.5,1.9,6.1,889.7,34.5,3.7,2.7,0,155.38003366567398,26.0,26.0,2025-06-22 14:02:06
162.7,1.5,253.5,152.1,1,159.3,404.8,60.02,215.5,1.8,6.1,889.7,34.5,3.7,2.7,0,155.38003366567398,26.0,24.75,2025-06-22 14:02:49
160.8,1.5,249.2,156.9,1,153.6,394.8,59.99,215.5,1.8,6.1,889.7,34.5,3.7,2.7,0,155.38003366567398,25.687,25.687,2025-06-22 14:03:08
162.5,1.4,241.8,155,0.9,152.2,386.3,60,215.5,1.7,6.2,889.8,34.6,3.7,2.7,0,155.38003366567398,25.625,24.687,2025-06-22 14:03:51
159.6,1.4,233.3,153.9,0.9,150.5,376.4,60.02,215.5,1.7,6.2,889.8,34.6,3.7,2.7,0,116.53502524925548,25.625,25.625,2025-06-22 14:04:11
162.4,1.3,224.6,156.7,0.9,140.5,358.6,60.04,215.5,1.7,6.2,889.8,34.6,3.7,2.7,0,116.53502524925548,25.625,24.812,2025-06-22 14:04:54
162.4,1.3,220.0,155,0.9,142.9,355.8,60.04,215.5,1.6,6.2,889.8,34.6,3.7,2.7,0,116.53502524925548,25.625,25.687,2025-06-22 14:05:13
162.4,1.2,213.2,153.7,0.8,139.6,346.0,60.03,215.5,1.6,6.2,889.8,34.6,3.7,2.7,0,116.53502524925548,25.687,24.75,2025-06-22 14:05:56
162.8,1.2,211.2,158.2,0.8,134.0,338.8,59.96,215.4,1.5,6.2,889.8,34.6,3.7,2.7,0,116.53502524925548,25.625,25.625,2025-06-22 14:06:16
162.5,1.2,204.7,152.6,0.8,132.6,330.7,59.98,215.2,1.5,6.2,889.8,34.5,3.7,2.7,0,116.53502524925548,25.5,24.75,2025-06-22 14:06:59
159.7,1.2,202.8,155.2,0.8,130.0,326.3,60.05,215.2,1.5,6.2,889.8,34.5,3.7,2.7,0,116.53502524925548,25.5,25.5,2025-06-22 14:07:18
156.6,1.2,194.6,157.5,0.7,119.1,307.5,59.98,215.1,1.4,6.2,889.8,34.4,3.7,2.7,0,77.69001683283699,25.375,24.625,2025-06-22 14:08:01
162.5,1.1,192.6,155,0.7,122.2,308.8,60.01,215,1.4,6.2,889.8,34.4,3.7,2.7,0,77.69001683283699,25.312,25.312,2025-06-22 14:08:20
162.4,1.1,183.5,151.6,0.7,115.8,293.9,59.97,215.1,1.3,6.2,889.8,34.4,3.7,2.7,0,77.69001683283699,25.312,24.625,2025-06-22 14:09:04
156.7,1.1,178.8,155,0.7,112.9,285.8,59.98,215,1.3,6.2,889.8,34.4,3.7,2.7,0,77.69001683283699,25.375,25.437,2025-06-22 14:09:23
159.4,1,169.4,152.3,0.6,107.2,272.0,59.96,215,1.2,6.2,889.8,34.3,3.7,2.7,0,77.69001683283699,25.437,24.687,2025-06-22 14:10:06
159.6,1,168.8,154.6,0.6,104.5,268.0,59.96,214.9,1.2,6.2,889.8,34.3,3.7,2.7,0,77.69001683283699,25.437,25.437,2025-06-22 14:10:25
156.6,0.9,158.6,152,0.6,100.7,254.5,59.97,214.8,1.1,6.2,889.8,34.2,3.7,2.7,0,77.69001683283699,25.437,24.812,2025-06-22 14:11:08
162.8,0.9,148.9,149.1,0.6,97.2,241.6,59.97,214.8,1.1,6.2,889.8,34.2,3.7,2.7,0,77.69001683283699,25.437,25.437,2025-06-22 14:11:28
159.5,0.8,148.5,151.6,0.5,92.6,237.1,59.96,214.9,1,6.2,889.8,34.1,3.7,2.7,0,77.69001683283699,25.312,24.812,2025-06-22 14:12:11
159.6,0.8,148.1,154.9,0.5,90.6,234.2,59.98,214.9,1,6.2,889.8,34.1,3.7,2.7,0,77.69001683283699,25.25,25.312,2025-06-22 14:12:30
161.7,0.7,140.4,151.9,0.5,88.7,218.5,59.98,215.2,0.9,6.2,889.8,34,3.7,2.7,0,77.69001683283699,25.187,24.75,2025-06-22 14:13:13
156.7,0.8,137.8,152,0.5,86.6,220.2,59.97,215,0.9,6.2,889.8,34,3.7,2.7,0,77.69001683283699,25.125,25.125,2025-06-22 14:13:33
159.6,0.7,135.3,155,0.4,80.7,211.9,59.99,214.9,1,6.2,889.8,33.9,3.7,2.7,0,77.69001683283699,25.0,24.687,2025-06-22 14:14:16
161.9,0.7,132.2,149.1,0.4,80.0,206.0,59.96,215,0.9,6.2,889.8,33.9,3.7,2.7,0,38.845008416418494,25.0,25.0,2025-06-22 14:14:35
156.6,0.7,128.8,155,0.4,75.6,200.5,59.96,215.2,0.9,6.2,889.8,33.8,3.7,2.7,0,77.69001683283699,24.937,24.625,2025-06-22 14:15:18
159.6,0.7,128.4,152.1,0.4,77.5,201.9,59.96,215.1,0.9,6.2,889.8,33.8,3.7,2.7,0,38.845008416418494,24.937,24.937,2025-06-22 14:15:38
159.6,0.6,124.4,150.5,0.4,76.4,196.9,60.02,215.2,0.8,6.2,889.8,33.7,3.7,2.7,0,38.845008416418494,25.0,24.562,2025-06-22 14:16:21
156.6,0.7,122.9,151.1,0.4,75.2,194.1,59.97,215,0.8,6.2,889.8,33.7,3.7,2.7,0,77.69001683283699,25.0,25.0,2025-06-22 14:16:40
156.7,0.6,119.9,151.8,0.4,73.4,189.6,59.97,215.1,0.9,6.2,889.8,33.6,3.7,2.7,0,38.845008416418494,25.0,24.5,2025-06-22 14:17:23
158.2,0.6,118.0,150.8,0.4,72.4,187.3,59.97,215.1,0.9,6.2,889.8,33.6,3.7,2.7,0,38.845008416418494,25.0,25.0,2025-06-22 14:17:43
156.6,0.6,114.9,152,0.4,70.7,182.6,59.97,215.1,0.9,6.2,889.8,33.6,3.7,2.7,0,38.845008416418494,25.0,24.5,2025-06-22 14:18:26
155.4,0.6,113.8,146.2,0.4,69.1,179.4,59.96,215.1,0.8,6.2,889.8,33.6,3.7,2.7,0,38.845008416418494,25.187,25.187,2025-06-22 14:18:45
158.4,0.6,111.9,148.1,0.4,68.6,177.0,59.96,215,0.8,6.2,889.8,33.6,3.7,2.7,0,38.845008416418494,25.187,24.5,2025-06-22 14:19:28
156.6,0.6,112.5,152,0.4,69.1,177.9,59.96,214.9,0.8,6.2,889.8,33.5,3.7,2.7,0,38.845008416418494,25.187,25.187,2025-06-22 14:19:48
153.6,0.6,109.8,151.2,0.4,69.5,175.9,59.97,214.8,0.8,6.2,889.8,33.5,3.8,2.7,0,38.845008416418494,24.875,24.5,2025-06-22 14:20:31
159.6,0.6,111.2,149.1,0.4,68.8,176.6,59.97,214.8,0.8,6.2,889.8,33.5,3.8,2.7,0,38.845008416418494,24.875,24.937,2025-06-22 14:20:50
158.4,0.6,113.5,150.6,0.4,70.5,180.5,59.98,214.7,0.8,6.2,889.8,33.5,3.8,2.7,0,38.845008416418494,24.937,24.375,2025-06-22 14:21:33
156.6,0.6,115.5,151.9,0.4,70.8,182.8,59.97,214.7,0.8,6.2,889.8,33.4,3.8,2.7,0,38.845008416418494,24.875,24.875,2025-06-22 14:21:52
158.7,0.7,120.4,151.2,0.4,74.3,190.3,59.97,214.8,0.9,6.2,889.8,33.3,3.8,2.7,0,38.845008416418494,24.812,24.312,2025-06-22 14:22:35
162.5,0.7,121.3,155,0.4,72.9,186.0,59.98,214.8,0.9,6.2,889.8,33.3,3.8,2.7,0,38.845008416418494,24.875,24.875,2025-06-22 14:22:55
159.7,0.7,134.1,152,0.5,82.4,212.3,59.98,214.5,1,6.2,889.8,33.3,3.8,2.7,0,77.69001683283699,24.812,24.312,2025-06-22 14:23:38
158.3,0.8,140.1,152.1,0.5,86.0,221.6,59.96,214.6,1,6.2,889.8,33.3,3.8,2.7,0,77.69001683283699,24.812,24.812,2025-06-22 14:23:57
162.5,0.8,151.7,156.6,0.5,91.9,239.2,59.99,214.9,1.1,6.2,889.8,33.2,3.8,2.7,0,77.69001683283699,24.875,24.312,2025-06-22 14:24:40
157.4,0.9,157.9,152.5,0.6,97.4,250.3,59.99,215,1.1,6.2,889.8,33.2,3.8,2.7,0,77.69001683283699,24.875,24.875,2025-06-22 14:25:00
159.6,1,174.0,152.3,0.6,105.0,273.6,60,214.9,1.2,6.2,889.8,33.2,3.8,2.7,0,77.69001683283699,24.937,24.375,2025-06-22 14:25:43
162.9,0.9,178.7,151.3,0.7,109.3,282.4,60.04,214.9,1.2,6.2,889.8,33.2,3.8,2.7,0,116.53502524925548,24.937,24.937,2025-06-22 14:26:02
162.5,1.1,193.5,157.8,0.7,115.7,303.5,60.04,215.2,1.4,6.2,889.8,33.2,3.8,2.7,0,77.69001683283699,25.062,24.437,2025-06-22 14:26:45
162.1,1.2,200.2,155.2,0.7,120.7,314.8,60.02,215.2,1.4,6.2,889.8,33.2,3.8,2.7,0,116.53502524925548,25.062,25.062,2025-06-22 14:27:05
165,1.2,197.9,155.6,0.7,130.4,324.6,60.03,215.3,1.5,6.3,889.9,33.2,3.8,2.7,0,116.53502524925548,25.187,24.5,2025-06-22 14:27:48
162.8,1.3,217.4,152,0.8,130.0,340.5,60.03,215.2,1.5,6.3,889.9,33.2,3.8,2.7,0,116.53502524925548,25.25,25.25,2025-06-22 14:28:07
159.6,1.4,224.2,157.8,0.8,134.3,351.3,60.01,215.1,1.6,6.3,889.9,33.3,3.8,2.7,0,116.53502524925548,25.375,24.375,2025-06-22 14:28:50
162.4,1.4,229.4,151.8,0.8,137.7,360.1,60.02,215.2,1.6,6.3,889.9,33.3,3.8,2.7,0,116.53502524925548,25.375,25.375,2025-06-22 14:29:10
162.3,1.4,229.0,152.2,0.9,138.5,360.8,60.03,215.1,1.6,6.3,889.9,33.3,3.8,2.7,0,116.53502524925548,25.437,24.437,2025-06-22 14:29:53
162.5,1.4,228.1,158,0.8,138.6,359.5,59.98,215.2,1.6,6.3,889.9,33.3,3.8,2.7,0,116.53502524925548,25.437,25.437,2025-06-22 14:30:12
159.5,1.3,217.4,155,0.8,139.5,350.0,60.02,215.1,1.6,6.3,889.9,33.3,3.8,2.7,0,116.53502524925548,25.437,24.562,2025-06-22 14:30:55
162.3,1.3,207.0,157.8,0.8,135.3,343.0,60.03,215.1,1.6,6.3,889.9,33.3,3.8,2.7,0,116.53502524925548,25.5,25.5,2025-06-22 14:31:15
162.4,1.2,205.3,155.1,0.8,135.3,334.0,60.03,215.1,1.5,6.3,889.9,33.3,3.8,2.7,0,116.53502524925548,25.5,24.687,2025-06-22 14:31:58
162.9,1,200.7,154.6,0.8,134.9,329.0,60.05,215,1.3,6.3,889.9,33.3,3.8,2.7,0,116.53502524925548,25.5,25.562,2025-06-22 14:32:17
162.4,1.1,191.4,154.9,0.8,130.8,315.5,60.02,215,1.4,6.3,889.9,33.3,3.8,2.7,0,116.53502524925548,25.625,24.625,2025-06-22 14:33:00
160.4,1.1,190.1,157.3,0.8,125.2,309.2,60.03,214.9,1.4,6.3,889.9,33.3,3.8,2.7,0,116.53502524925548,25.625,25.687,2025-06-22 14:33:20
159.8,1.1,181.1,155.1,0.8,126.0,301.1,60.03,214.6,1.3,6.3,889.9,33.3,3.8,2.7,0,77.69001683283699,25.625,24.562,2025-06-22 14:34:03
157.4,1,177.1,154.2,0.7,124.0,295.3,60.03,214.7,1.4,6.3,889.9,33.3,3.8,2.7,0,77.69001683283699,25.625,25.687,2025-06-22 14:34:22
159.4,1,172.9,151.9,0.7,121.3,288.2,60,214.9,1.3,6.3,889.9,33.4,3.8,2.7,0,77.69001683283699,25.562,24.5,2025-06-22 14:35:05
156.6,1,168.1,152,0.7,119.4,281.7,60.01,214.9,1.3,6.3,889.9,33.4,3.8,2.7,0,77.69001683283699,25.312,25.312,2025-06-22 14:35:25
160.1,1,166.2,155.1,0.7,115.6,276.4,60.02,214.8,1.3,6.3,889.9,33.3,3.8,2.7,0,77.69001683283699,25.125,24.625,2025-06-22 14:36:08
159.7,0.9,163.6,148.5,0.7,113.5,271.8,60.02,214.8,1.2,6.3,889.9,33.3,3.8,2.7,0,77.69001683283699,25.125,25.187,2025-06-22 14:36:27
156.6,0.9,158.2,149.1,0.7,109.3,262.4,59.98,214.7,1.2,6.3,889.9,33.3,3.8,2.7,0,77.69001683283699,25.187,24.687,2025-06-22 14:37:10
159.5,0.9,155.4,149.1,0.7,108.0,259.2,59.98,214.8,1.2,6.3,889.9,33.3,3.8,2.7,0,77.69001683283699,25.187,25.187,2025-06-22 14:37:29
159.6,0.9,157.4,152,0.6,106.5,258.8,60.03,214.9,1.1,6.3,889.9,33.3,3.8,2.7,0,77.69001683283699,25.062,24.437,2025-06-22 14:38:12
156.7,0.9,156.4,152,0.6,104.6,256.0,59.99,214.9,1.1,6.3,889.9,33.3,3.8,2.7,0,77.69001683283699,25.062,25.062,2025-06-22 14:38:32
162.9,0.9,150.5,151.9,0.6,104.1,249.9,59.98,214.9,1.1,6.3,889.9,33.3,3.8,2.7,0,77.69001683283699,25.0,24.437,2025-06-22 14:39:15
159.2,0.9,154.2,151.9,0.6,102.6,253.7,59.99,215,1.1,6.3,889.9,33.3,3.8,2.7,0,77.69001683283699,25.0,25.0,2025-06-22 14:39:34
159.6,0.9,155.4,154.8,0.6,99.6,249.5,60.02,215.1,1.1,6.3,889.9,33.3,3.8,2.7,0,77.69001683283699,24.937,24.312,2025-06-22 14:40:17
161.6,0.8,145.9,149.2,0.6,99.8,241.1,60.02,214.9,1.1,6.3,889.9,33.3,3.8,2.7,0,77.69001683283699,24.937,24.937,2025-06-22 14:40:37
159.6,0.9,151.5,151.8,0.6,98.9,245.4,59.98,214.9,1.1,6.3,889.9,33.3,3.8,2.7,0,77.69001683283699,24.812,24.187,2025-06-22 14:41:20
159.6,0.9,152.7,155,0.6,98.5,246.4,59.99,214.8,1.1,6.3,889.9,33.2,3.8,2.7,0,77.69001683283699,24.812,24.812,2025-06-22 14:41:39
161.9,0.8,149.5,152,0.6,99.9,244.8,60.03,214.8,1.1,6.3,889.9,33.2,3.8,2.7,0,77.69001683283699,24.812,24.187,2025-06-22 14:42:22
156.7,0.8,147.8,152,0.6,99.3,242.3,60,214.8,1.1,6.3,889.9,33.2,3.8,2.7,0,77.69001683283699,24.875,24.875,2025-06-22 14:42:42
159.5,0.8,147.9,154.3,0.5,99.3,242.0,59.99,214.8,1.1,6.3,889.9,33.2,3.8,2.7,0,77.69001683283699,24.812,24.125,2025-06-22 14:43:25
159.6,0.8,147.3,151.9,0.6,99.4,241.9,59.98,215,1.1,6.3,889.9,33.1,3.8,2.7,0,77.69001683283699,24.812,24.812,2025-06-22 14:43:44
156.5,0.8,143.0,149.1,0.6,97.2,235.8,59.99,215,1.1,6.3,889.9,33.1,3.8,2.8,0,77.69001683283699,24.875,24.187,2025-06-22 14:44:27
159.5,0.8,142.0,155,0.5,97.2,236.9,59.99,214.9,1.1,6.3,889.9,33.1,3.8,2.8,0,77.69001683283699,24.937,24.937,2025-06-22 14:44:47
159.7,0.8,141.6,152,0.6,98.2,235.1,59.98,214.8,1,6.3,889.9,33.1,3.8,2.8,0,77.69001683283699,25.0,24.25,2025-06-22 14:45:30
156.5,0.8,138.5,151.2,0.5,96.2,230.1,59.99,214.9,1,6.3,889.9,33.1,3.8,2.8,0,77.69001683283699,25.062,25.062,2025-06-22 14:45:49
159.7,0.8,137.7,152,0.5,96.3,229.4,59.99,214.7,1,6.3,889.9,33.1,3.8,2.8,0,77.69001683283699,25.062,24.25,2025-06-22 14:46:32
159.6,0.8,137.4,152,0.5,96.1,229.0,59.99,214.6,1,6.3,889.9,33.1,3.8,2.8,0,77.69001683283699,25.062,25.062,2025-06-22 14:46:52
156.8,0.8,134.1,149.3,0.5,93.6,223.4,59.99,214.8,1,6.3,889.9,33.1,3.8,2.8,0,77.69001683283699,24.875,24.187,2025-06-22 14:47:35
160.7,0.7,127.5,153.8,0.5,94.8,218.2,59.99,214.8,1,6.3,889.9,33.1,3.8,2.8,0,77.69001683283699,24.75,24.75,2025-06-22 14:47:54
159.5,0.7,133.2,154.9,0.5,91.1,221.0,60.01,214.7,1,6.3,889.9,33.1,3.8,2.8,0,77.69001683283699,24.562,24.125,2025-06-22 14:48:37
157.8,0.7,131.1,149.1,0.5,90.1,217.1,60.02,214.9,1,6.4,890.0,33.1,3.8,2.8,0,77.69001683283699,24.625,24.625,2025-06-22 14:48:57
160.4,0.7,125.4,152.1,0.5,90.2,211.2,60,214.9,1,6.4,890.0,33.1,3.8,2.8,0,77.69001683283699,24.687,24.25,2025-06-22 14:49:40
159.6,0.7,133.5,152.2,0.5,88.1,217.3,60.01,214.9,1,6.4,890.0,33.1,3.8,2.8,0,77.69001683283699,24.687,24.687,2025-06-22 14:49:59
157.7,0.7,134.2,149.8,0.5,87.8,218.1,59.99,214.5,1,6.4,890.0,33.1,3.8,2.8,0,77.69001683283699,24.75,24.312,2025-06-22 14:50:42
162.5,0.7,127.0,151.9,0.5,88.3,211.5,60.01,214.6,1,6.4,890.0,33,3.8,2.8,0,77.69001683283699,24.75,24.75,2025-06-22 14:51:02
158.5,0.8,135.1,155,0.5,84.8,215.6,59.96,215,1,6.4,890.0,33,3.8,2.8,0,77.69001683283699,24.875,24.375,2025-06-22 14:51:44
159.6,0.8,135.7,149,0.5,85.5,217.0,59.99,215.1,1,6.4,890.0,33,3.8,2.8,0,77.69001683283699,24.937,24.937,2025-06-22 14:52:04
160.8,0.7,135.7,150.6,0.5,85.4,217.2,59.98,214.9,1,6.4,890.0,32.9,3.8,2.8,0,77.69001683283699,24.937,24.25,2025-06-22 14:52:47
156.7,0.8,135.3,155,0.5,84.8,216.0,59.98,214.8,0.9,6.4,890.0,32.9,3.8,2.8,0,38.845008416418494,24.875,24.875,2025-06-22 14:53:06
159.6,0.8,136.2,152.1,0.5,85.5,217.6,60.02,215.1,1,6.4,890.0,32.9,3.8,2.8,0,77.69001683283699,24.875,24.25,2025-06-22 14:53:49
161.4,0.7,135.8,151.9,0.5,85.5,217.0,60.02,215.1,0.9,6.4,890.0,33,3.8,2.8,0,77.69001683283699,24.937,24.937,2025-06-22 14:54:09
156.6,0.8,133.6,155.1,0.4,82.5,211.9,60.03,215,0.9,6.4,890.0,32.9,3.8,2.8,0,77.69001683283699,24.875,24.312,2025-06-22 14:54:52
159.7,0.7,134.1,150,0.5,84.1,214.1,60.02,215.1,0.9,6.4,890.0,32.9,3.8,2.8,0,38.845008416418494,24.875,24.875,2025-06-22 14:55:11
159.5,0.7,133.4,149.1,0.5,82.2,211.2,60.01,215,0.9,6.4,890.0,32.8,3.8,2.8,0,77.69001683283699,24.812,24.25,2025-06-22 14:55:54
156.6,0.7,131.5,155,0.4,80.8,208.3,60.01,214.9,1,6.4,890.0,32.8,3.8,2.8,0,77.69001683283699,24.812,24.812,2025-06-22 14:56:14
159.5,0.7,125.0,152.1,0.4,79.8,200.4,59.99,214.9,0.9,6.4,890.0,32.8,3.8,2.8,0,77.69001683283699,24.812,24.375,2025-06-22 14:56:57
159.6,0.7,124.7,151.9,0.4,79.0,199.8,60.04,215,0.9,6.4,890.0,32.7,3.8,2.8,0,38.845008416418494,24.812,24.875,2025-06-22 14:57:16
156.6,0.7,120.8,153.7,0.4,74.4,191.5,60.02,215,0.9,6.4,890.0,32.7,3.8,2.8,0,38.845008416418494,24.812,24.437,2025-06-22 14:57:59
153.6,0.7,118.5,152,0.4,73.1,187.9,60.01,215,0.9,6.4,890.0,32.7,3.8,2.8,0,38.845008416418494,24.875,24.875,2025-06-22 14:58:19
153.6,0.7,116.9,150,0.4,71.3,184.6,60.04,214.8,0.8,6.4,890.0,32.7,3.9,2.8,0,38.845008416418494,24.937,24.375,2025-06-22 14:59:02
159.5,0.6,116.9,153.5,0.4,70.3,183.7,60.03,214.8,0.9,6.4,890.0,32.7,3.9,2.8,0,38.845008416418494,24.937,24.937,2025-06-22 14:59:21
157.8,0.6,113.6,152,0.4,68.9,179.0,60.03,214.5,0.9,6.4,890.0,32.7,3.9,2.8,0,38.845008416418494,24.875,24.375,2025-06-22 15:00:04
153.6,0.6,109.9,147.4,0.4,67.3,174.1,60.03,214.5,0.8,6.4,890.0,32.7,3.9,2.8,0,38.845008416418494,24.875,24.875,2025-06-22 15:00:24
156.5,0.5,105.3,153.5,0.3,61.7,163.8,59.99,214.7,0.7,6.4,890.0,32.7,3.9,2.8,0,38.845008416418494,24.875,24.312,2025-06-22 15:01:06
156.7,0.5,98.9,147.7,0.3,60.5,157.4,59.99,214.6,0.7,6.4,890.0,32.7,3.9,2.8,0,38.845008416418494,24.875,24.875,2025-06-22 15:01:26
156.6,0.4,88.9,148.1,0.3,53.7,138.8,59.98,214.7,0.7,6.4,890.0,32.7,3.9,2.8,0,38.845008416418494,24.812,24.187,2025-06-22 15:02:09
153.5,0.4,84.2,148.2,0.2,49.9,131.6,59.97,214.7,0.6,6.4,890.0,32.6,3.9,2.8,0,38.845008416418494,24.75,24.75,2025-06-22 15:02:29
156.1,0.4,78.0,147.4,0.2,45.8,121.6,60,214.7,0.5,6.4,890.0,32.6,3.9,2.8,0,38.845008416418494,24.75,24.125,2025-06-22 15:03:11
156.6,0.4,74.9,147.6,0.2,44.4,117.4,60,214.8,0.5,6.4,890.0,32.6,3.9,2.8,0,38.845008416418494,24.687,24.75,2025-06-22 15:03:31
156.6,0.3,68.8,144.5,0.2,40.0,107.0,60.04,214.7,0.7,6.4,890.0,32.6,3.9,2.8,0,38.845008416418494,24.687,24.125,2025-06-22 15:04:14
150.7,0.3,66.7,150.6,0.2,37.2,102.1,60.02,214.7,0.5,6.4,890.0,32.6,3.9,2.8,0,38.845008416418494,24.562,24.562,2025-06-22 15:04:34
150.5,0.3,62.0,144.6,0.1,35.9,96.3,59.96,214.8,0.5,6.4,890.0,32.5,3.9,2.8,0,38.845008416418494,24.437,23.937,2025-06-22 15:05:16
154.5,0.3,62.8,144.5,0.1,35.0,93.9,59.98,214.7,0.5,6.4,890.0,32.5,3.9,2.8,0,0.0,24.437,24.437,2025-06-22 15:05:36
153.6,0.3,60.0,144.4,0.1,31.1,89.5,59.98,214.8,0.5,6.4,890.0,32.4,3.9,2.8,0,0.0,24.437,23.937,2025-06-22 15:06:19
154.3,0.2,55.7,144.4,0.1,28.7,82.1,59.98,214.4,0.5,6.4,890.0,32.4,3.9,2.8,0,0.0,24.5,24.5,2025-06-22 15:06:38
153.4,0.2,49.2,142.9,0.1,23.8,71.7,60.02,214.4,0.4,6.4,890.0,32.4,3.9,2.8,0,0.0,24.5,23.875,2025-06-22 15:07:21
150.8,0.2,47.1,140.2,0.1,22.4,68.3,60,214.8,0.5,6.4,890.0,32.4,3.9,2.8,0,0.0,24.5,24.5,2025-06-22 15:07:41
148.1,0.2,48.2,141.8,0.1,23.9,70.8,60.01,214.8,0.3,6.4,890.0,32.3,3.9,2.8,0,0.0,24.562,23.812,2025-06-22 15:08:24
137.4,0.2,48.3,146.1,0.1,25.2,72.3,60,214.6,0.4,6.4,890.0,32.3,3.9,2.8,0,0.0,24.562,24.562,2025-06-22 15:08:43
153,0.2,55.7,140.3,0.1,28.6,82.8,60.03,214.7,0.5,6.4,890.0,32.3,3.9,2.8,0,0.0,24.625,23.812,2025-06-22 15:09:26
152.2,0.2,58.9,147.7,0.1,30.2,87.6,60.01,214.9,0.5,6.4,890.0,32.3,3.9,2.8,0,0.0,24.562,24.562,2025-06-22 15:09:46
153.8,0.3,60.7,147.7,0.1,31.8,90.8,60.02,214.9,0.5,6.4,890.0,32.3,3.9,2.8,0,0.0,24.5,23.812,2025-06-22 15:10:29
156.7,0.2,58.2,144.8,0.1,32.3,88.4,60,214.8,0.5,6.4,890.0,32.2,3.9,2.8,0,0.0,24.437,24.437,2025-06-22 15:10:48
148,0.3,65.1,147.6,0.2,37.1,100.7,60.01,214.9,0.5,6.4,890.0,32.2,3.9,2.8,0,38.845008416418494,24.375,23.75,2025-06-22 15:11:31
149.3,0.3,68.9,149.1,0.2,38.5,105.2,59.99,214.8,0.5,6.4,890.0,32.2,3.9,2.8,0,0.0,24.375,24.375,2025-06-22 15:11:51
156.8,0.4,73.9,147.8,0.2,43.4,115.1,60.02,214.6,0.5,6.4,890.0,32.2,3.9,2.8,0,38.845008416418494,24.437,23.687,2025-06-22 15:12:34
155.9,0.4,75.0,146,0.2,44.8,117.6,60.01,214.7,0.5,6.4,890.0,32.2,3.9,2.8,0,38.845008416418494,24.437,24.437,2025-06-22 15:12:53
159.7,0.3,73.4,148.6,0.2,46.5,117.8,60.02,214.7,0.6,6.4,890.0,32.2,3.9,2.8,0,38.845008416418494,24.437,23.687,2025-06-22 15:13:36
154.2,0.4,74.5,147.3,0.2,48.0,120.5,59.99,214.7,0.5,6.4,890.0,32.2,3.9,2.8,0,38.845008416418494,24.375,24.375,2025-06-22 15:13:56
159.6,0.3,75.5,147.5,0.2,49.6,122.9,60.01,214.6,0.6,6.4,890.0,32.1,3.9,2.8,0,38.845008416418494,24.125,23.687,2025-06-22 15:14:38
153.6,0.4,76.2,144.7,0.2,48.6,123.7,60.02,214.7,0.6,6.4,890.0,32.1,3.9,2.8,0,38.845008416418494,24.062,24.062,2025-06-22 15:14:58
156.4,0.4,81.2,153.5,0.2,51.0,130.1,60,214.4,0.6,6.4,890.0,32,3.9,2.8,0,38.845008416418494,23.937,23.562,2025-06-22 15:15:41
156.4,0.4,81.0,150.5,0.3,53.8,132.2,59.98,214.3,0.6,6.4,890.0,32,3.9,2.8,0,38.845008416418494,24.0,24.062,2025-06-22 15:16:01
156.1,0.4,81.7,145,0.3,52.3,131.7,60.01,214.4,0.7,6.4,890.0,32,3.9,2.8,0,38.845008416418494,24.125,23.5,2025-06-22 15:16:43
156.7,0.4,83.0,147.7,0.3,54.7,135.1,59.99,214.4,0.6,6.4,890.0,32,3.9,2.8,0,38.845008416418494,24.125,24.187,2025-06-22 15:17:03
156.8,0.4,86.0,153.4,0.3,56.4,139.7,59.98,214.9,0.6,6.4,890.0,32,3.9,2.8,0,38.845008416418494,24.25,23.5,2025-06-22 15:17:46
156.6,0.4,85.3,147.5,0.3,58.9,141.6,60.03,214.8,0.7,6.4,890.0,32,3.9,2.8,0,38.845008416418494,24.25,24.25,2025-06-22 15:18:06
157,0.5,93.7,150.5,0.3,64.2,154.9,60.04,215,0.7,6.4,890.0,31.9,3.9,2.8,0,38.845008416418494,24.25,23.562,2025-06-22 15:18:48
159.6,0.5,96.5,150.6,0.3,65.8,159.2,60.02,214.9,0.7,6.4,890.0,31.9,3.9,2.8,0,38.845008416418494,24.312,24.312,2025-06-22 15:19:08
156.6,0.5,100.1,153.1,0.4,67.0,163.9,60.02,214.9,0.8,6.4,890.0,31.9,3.9,2.8,0,38.845008416418494,24.312,23.562,2025-06-22 15:19:51
159.8,0.5,101.6,148.5,0.4,68.4,166.6,60.01,214.9,0.8,6.4,890.0,31.8,3.9,2.8,0,38.845008416418494,24.375,24.375,2025-06-22 15:20:10
159.6,0.6,105.1,150.4,0.4,69.9,171.7,60.01,215,0.8,6.4,890.0,31.8,3.9,2.8,0,38.845008416418494,24.312,23.625,2025-06-22 15:20:53
156.6,0.6,103.8,150.6,0.4,69.6,170.2,59.96,214.8,0.9,6.4,890.0,31.8,3.9,2.8,0,38.845008416418494,24.312,24.312,2025-06-22 15:21:13
159.6,0.5,99.1,147.7,0.4,68.8,165.3,60.03,214.9,0.8,6.4,890.0,31.8,3.9,2.8,0,38.845008416418494,24.375,23.625,2025-06-22 15:21:56
159.6,0.5,102.6,150.9,0.3,68.5,167.9,59.98,214.8,0.8,6.4,890.0,31.8,3.9,2.8,0,38.845008416418494,24.312,24.312,2025-06-22 15:22:15
157.1,0.5,101.8,153.5,0.3,65.8,164.5,59.98,214.9,0.8,6.4,890.0,31.8,3.9,2.8,0,38.845008416418494,24.25,23.562,2025-06-22 15:22:58
162.3,0.5,90.9,147.5,0.3,66.0,153.8,59.97,214.9,0.7,6.4,890.0,31.8,3.9,2.8,0,38.845008416418494,24.187,24.187,2025-06-22 15:23:18
159.1,0.5,99.1,148.2,0.3,65.0,160.8,60,214.9,0.8,6.4,890.0,31.7,3.9,2.8,0,38.845008416418494,24.187,23.562,2025-06-22 15:24:01
159.7,0.5,100.5,150.6,0.3,65.1,162.7,60.05,215,0.7,6.4,890.0,31.7,3.9,2.8,0,38.845008416418494,24.25,24.25,2025-06-22 15:24:20
161.8,0.5,93.4,150.7,0.3,66.7,157.8,60.01,214.7,0.7,6.4,890.0,31.7,3.9,2.8,0,38.845008416418494,24.25,23.625,2025-06-22 15:25:03
159.7,0.5,101.4,153.5,0.3,64.0,162.3,60.02,214.8,0.7,6.4,890.0,31.7,3.9,2.8,0,38.845008416418494,24.312,24.312,2025-06-22 15:25:23
159.5,0.5,97.9,150.3,0.3,60.8,155.8,60.02,214.8,0.7,6.4,890.0,31.7,3.9,2.8,0,38.845008416418494,24.375,23.562,2025-06-22 15:26:06
159.2,0.5,92.9,150.6,0.3,57.3,147.1,60.02,214.8,0.7,6.4,890.0,31.7,3.9,2.8,0,38.845008416418494,24.375,24.375,2025-06-22 15:26:25
156.5,0.4,88.8,147.5,0.3,56.2,142.4,59.99,214.8,0.7,6.4,890.0,31.7,3.9,2.8,0,38.845008416418494,24.375,23.562,2025-06-22 15:27:08
156.2,0.4,88.4,150.4,0.3,55.7,141.3,60.02,214.9,0.7,6.4,890.0,31.7,3.9,2.8,0,38.845008416418494,24.312,24.375,2025-06-22 15:27:28
156.6,0.4,87.2,149.1,0.3,53.0,137.6,59.98,214.8,0.7,6.4,890.0,31.7,3.9,2.8,0,38.845008416418494,24.312,23.5,2025-06-22 15:28:11
155.9,0.4,86.5,150.4,0.3,54.3,138.5,60.02,214.7,0.6,6.5,890.1,31.7,3.9,2.8,0,38.845008416418494,24.312,24.375,2025-06-22 15:28:30
156.5,0.4,87.9,153.6,0.2,53.3,138.7,60.02,214.8,0.6,6.5,890.1,31.7,3.9,2.8,0,38.845008416418494,24.375,23.562,2025-06-22 15:29:13
156.6,0.4,87.6,150.5,0.2,52.8,137.9,60,214.8,0.7,6.5,890.1,31.7,3.9,2.8,0,38.845008416418494,24.375,24.437,2025-06-22 15:29:33
156.7,0.4,82.5,146.6,0.2,48.6,128.6,60.01,214.7,0.6,6.5,890.1,31.7,3.9,2.8,0,38.845008416418494,24.437,23.562,2025-06-22 15:30:16
156.6,0.4,80.7,146.3,0.2,47.7,126.1,59.98,214.5,0.6,6.5,890.1,31.7,3.9,2.8,0,38.845008416418494,24.437,24.437,2025-06-22 15:30:35
155.7,0.4,75.5,146.1,0.2,45.7,118.9,59.99,214.5,0.6,6.5,890.1,31.7,3.9,2.8,0,38.845008416418494,24.437,23.437,2025-06-22 15:31:18
159.6,0.4,74.7,148.8,0.2,47.4,119.9,59.98,214.6,0.6,6.5,890.1,31.7,3.9,2.8,0,38.845008416418494,24.437,24.437,2025-06-22 15:31:38
154.7,0.3,71.8,143.7,0.2,42.2,111.9,60.01,214.7,0.5,6.5,890.1,31.7,3.9,2.8,0,38.845008416418494,24.437,23.437,2025-06-22 15:32:20
156.5,0.3,70.7,150.4,0.2,40.7,108.1,59.99,214.9,0.5,6.5,890.1,31.7,3.9,2.8,0,38.845008416418494,24.5,24.5,2025-06-22 15:32:40
157.4,0.3,72.6,150.3,0.2,39.2,109.6,59.96,214.8,0.6,6.5,890.1,31.7,3.9,2.8,0,38.845008416418494,24.5,23.375,2025-06-22 15:33:23
156.1,0.3,71.3,145.4,0.2,39.7,108.9,59.99,214.8,0.5,6.5,890.1,31.7,3.9,2.8,0,0.0,24.5,24.5,2025-06-22 15:33:42
156.6,0.3,62.8,147.8,0.1,33.9,94.4,60,214.8,0.4,6.5,890.1,31.7,3.9,2.8,0,0.0,24.437,23.312,2025-06-22 15:34:25
153.5,0.2,58.0,144.6,0.1,30.3,86.5,60,214.8,0.4,6.5,890.1,31.7,3.9,2.8,0,0.0,24.312,24.312,2025-06-22 15:34:45
150.8,0.2,52.6,144.5,0.1,28.8,80.0,59.99,214.9,0.5,6.5,890.1,31.7,3.9,2.8,0,0.0,24.187,23.25,2025-06-22 15:35:28
153.5,0.2,49.8,143.3,0.1,26.3,74.8,59.97,214.9,0.4,6.5,890.1,31.7,3.9,2.8,0,0.0,24.187,24.187,2025-06-22 15:35:47
150.7,0.2,48.3,144.6,0.1,24.6,71.8,60,214.6,0.4,6.5,890.1,31.6,3.9,2.8,0,0.0,24.062,23.187,2025-06-22 15:36:30
155.4,0.2,45.3,141.8,0.1,23.2,69.7,59.98,214.7,0.4,6.5,890.1,31.6,3.9,2.8,0,0.0,24.0,24.062,2025-06-22 15:36:50
146.1,0.2,46.3,141.9,0.1,22.4,66.9,59.98,214.7,0.5,6.5,890.1,31.6,3.9,2.8,0,0.0,24.0,23.125,2025-06-22 15:37:33
146.1,0.2,45.6,144.6,0.1,21.2,65.5,59.98,214.7,0.4,6.5,890.1,31.6,3.9,2.8,0,0.0,24.0,24.062,2025-06-22 15:37:52
144.7,0.1,43.5,146.1,0,16.7,59.1,59.97,214.7,0.4,6.5,890.1,31.4,3.9,2.8,0,0.0,23.937,23.062,2025-06-22 15:38:35
147.8,0.1,39.6,135.7,0,14.3,53.1,59.96,214.9,0.4,6.5,890.1,31.3,3.9,2.8,0,0.0,23.937,23.937,2025-06-22 15:38:55
141.8,0.1,35.1,138.2,0,11.4,45.7,59.96,214.8,0.4,6.5,890.1,31.1,3.9,2.8,0,0.0,23.875,23.0,2025-06-22 15:39:38
156,0.1,34.6,150.2,0,8.7,40.9,59.97,214.8,0.4,6.5,890.1,31.1,3.9,2.8,0,0.0,23.812,23.812,2025-06-22 15:39:57
141.4,0.1,33.1,138.4,0,8.7,41.1,59.96,214.8,0.4,6.5,890.1,31.1,3.9,2.8,0,0.0,23.812,22.937,2025-06-22 15:40:40
141.6,0.1,31.8,138.4,0,7.5,39.1,59.99,214.8,0.3,6.5,890.1,31.1,3.9,2.8,0,0.0,23.75,23.75,2025-06-22 15:41:00
141.7,0,29.3,137.7,0,4.5,33.5,59.97,214.6,0.3,6.5,890.1,31.1,3.9,2.8,0,0.0,23.75,22.937,2025-06-22 15:41:43
141.5,0,27.0,138.1,0,3.8,30.3,60,214.7,0.5,6.5,890.1,31.1,3.9,2.8,0,0.0,23.687,23.687,2025-06-22 15:42:02
139.7,0,24.6,138,0,3.5,27.7,59.98,214.7,0.5,6.5,890.1,31.2,3.9,2.8,0,0.0,23.75,23.0,2025-06-22 15:42:45
141.6,0,23.7,137.8,0,3.6,27.0,60.05,214.8,0.5,6.5,890.1,31.2,3.9,2.8,0,0.0,23.75,23.75,2025-06-22 15:43:05
136.6,0,19.3,153.3,0,3.2,22.2,60.03,214.4,0.4,6.5,890.1,31.2,3.9,2.8,0,0.0,23.625,23.0,2025-06-22 15:43:48
143.3,0,23.2,137.5,0,3.6,26.5,60.03,214.5,0.3,6.5,890.1,31.2,3.9,2.8,0,-38.845008416418494,23.625,23.625,2025-06-22 15:44:07
131.5,0,22.3,126.6,0,3.3,25.3,60.03,214.7,0.4,6.5,890.1,31.2,3.9,2.8,0,0.0,23.625,22.937,2025-06-22 15:44:50
132.2,0,22.7,141,0,3.7,26.3,60.01,214.7,0.4,6.5,890.1,31.2,3.9,2.8,0,0.0,23.625,23.625,2025-06-22 15:45:10
141,0,18.8,154.9,0,3.1,21.6,60,214.7,0.3,6.5,890.1,31.1,3.9,2.8,0,0.0,23.562,22.875,2025-06-22 15:45:53
138.3,0,19.1,154.7,0,3.2,22.1,59.97,214.7,0.3,6.5,890.1,31.1,3.9,2.8,0,0.0,23.5,23.5,2025-06-22 15:46:12
123.2,0,14.1,157.8,0,2.3,16.2,60,214.8,0.3,6.5,890.1,31.1,3.9,2.8,0,0.0,23.312,22.875,2025-06-22 15:46:55
123.3,0,15.4,158.2,0,2.7,18.0,60.01,214.8,0.3,6.5,890.1,31.1,3.9,2.8,0,0.0,23.25,23.25,2025-06-22 15:47:15
132.7,0,16.0,158.9,0,2.5,18.2,60,214.8,0.2,6.5,890.1,31.1,3.9,2.8,0,0.0,23.187,22.875,2025-06-22 15:47:57
153.9,0,23.3,148.5,0,4.5,27.6,60.02,214.9,0.4,6.5,890.1,31.1,3.9,2.8,0,0.0,23.125,23.187,2025-06-22 15:48:17
141.8,0,24.3,108.6,0,3.5,27.4,60.02,214.9,0.2,6.5,890.1,31,3.9,2.8,0,0.0,23.125,22.875,2025-06-22 15:49:00
130.1,0,24.3,117.3,0,3.4,27.4,60,214.9,0.4,6.5,890.1,31,3.9,2.8,0,0.0,23.062,23.062,2025-06-22 15:49:19
124.6,0,24.2,115.4,0,3.0,26.8,59.99,215,0.4,6.5,890.1,31,3.9,2.8,0,0.0,23.062,22.875,2025-06-22 15:50:02
124.2,0,25.1,126.6,0,3.6,28.4,60.02,215,0.4,6.5,890.1,31,3.9,2.8,0,0.0,23.125,23.125,2025-06-22 15:50:22
133.2,0,25.7,135.5,0,4.6,29.8,60,214.8,0.3,6.5,890.1,30.9,3.9,2.8,0,0.0,23.187,22.937,2025-06-22 15:51:05
121.4,0,26.2,138.6,0,3.6,29.4,60.02,214.7,0.4,6.5,890.1,30.9,3.9,2.8,0,0.0,23.187,23.25,2025-06-22 15:51:24
127.2,0,26.3,136.8,0,4.1,30.0,60.03,215,0.4,6.5,890.1,30.9,3.9,2.8,0,0.0,23.187,22.937,2025-06-22 15:52:07
127.6,0,26.3,135.9,0,4.1,30.1,60.04,214.8,0.3,6.5,890.1,30.9,3.9,2.8,0,0.0,23.25,23.25,2025-06-22 15:52:27
142.5,0,26.6,139.1,0,4.3,30.4,60.02,214.7,0.3,6.5,890.1,30.9,3.9,2.8,0,0.0,23.375,22.937,2025-06-22 15:53:10
141.7,0,26.9,138.8,0,4.0,30.2,60.02,214.6,0.4,6.5,890.1,30.9,3.9,2.8,0,0.0,23.437,23.437,2025-06-22 15:53:29
145.2,0,27.0,133.5,0,4.1,30.5,60.02,214.8,0.4,6.5,890.1,30.9,3.9,2.8,0,0.0,23.625,22.937,2025-06-22 15:54:12
139.2,0,26.8,138.2,0,4.1,30.5,60.03,214.7,0.3,6.5,890.1,30.9,3.9,2.8,0,0.0,23.687,23.75,2025-06-22 15:54:32
142.5,0,28.3,136,0,5.5,33.2,60.01,214.9,0.4,6.5,890.1,30.9,3.9,2.8,0,0.0,23.75,22.937,2025-06-22 15:55:15
142.3,0,28.6,130.2,0,4.8,33.1,60.01,214.8,0.3,6.5,890.1,30.9,3.9,2.8,0,0.0,23.812,23.812,2025-06-22 15:55:34
131.1,0.1,27.7,130,0,4.9,32.1,60.03,214.9,0.4,6.5,890.1,30.9,3.9,2.8,0,0.0,23.812,23.0,2025-06-22 15:56:17
133.8,0,27.7,133.4,0,4.9,32.2,60.04,214.9,0.4,6.5,890.1,30.9,3.9,2.8,0,0.0,23.687,23.687,2025-06-22 15:56:37
138.1,0,27.2,128.6,0,4.2,30.9,60.02,214.9,0.3,6.5,890.1,30.9,3.9,2.8,0,0.0,23.5,23.062,2025-06-22 15:57:20
131.1,0,25.2,128.2,0,4.0,29.2,59.98,214.9,0.3,6.5,890.1,30.9,3.9,2.8,0,0.0,23.5,23.5,2025-06-22 15:57:39
138.9,0,25.1,138.3,0,4.9,29.5,60.04,214.9,0.3,6.5,890.1,30.9,3.9,2.8,0,0.0,23.437,23.062,2025-06-22 15:58:22
131,0,24.4,133,0,4.7,29.0,60.02,215,0.3,6.5,890.1,30.9,3.9,2.8,0,0.0,23.437,23.437,2025-06-22 15:58:42
122.2,0,23.4,129.2,0,4.5,27.8,60.04,214.6,0.4,6.5,890.1,30.9,3.9,2.8,0,0.0,23.5,23.125,2025-06-22 15:59:24
134.4,0,24.1,139.4,0,4.2,28.0,60.03,214.7,0.5,6.5,890.1,30.8,3.9,2.8,0,0.0,23.5,23.5,2025-06-22 15:59:44
137.1,0,23.3,142.6,0,4.1,27.0,60.03,214.8,0.3,6.5,890.1,30.8,3.9,2.8,0,0.0,23.312,23.062,2025-06-22 16:00:27
134,0,23.2,139.3,0,4.0,27.0,60.03,214.7,0.3,6.5,890.1,30.8,3.9,2.8,0,-38.845008416418494,23.187,23.187,2025-06-22 16:00:47
132.5,0,20.7,126.3,0,3.4,23.9,60.03,214.7,0.4,6.5,890.1,30.7,3.9,2.8,0,0.0,23.0,22.812,2025-06-22 16:01:29
141.4,0,21.2,119.1,0,3.2,24.2,60,214.9,0.3,6.5,890.1,30.6,3.9,2.8,0,0.0,22.937,22.937,2025-06-22 16:01:49
126.7,0,17.2,156.4,0,2.7,19.8,60.01,215,0.4,6.5,890.1,30.6,3.9,2.8,0,-38.845008416418494,23.062,22.812,2025-06-22 16:02:32
111.7,0,14.8,155.5,0,2.4,22.6,59.98,215,0.4,6.5,890.1,30.6,3.9,2.8,0,0.0,23.187,23.187,2025-06-22 16:02:51
129.5,0,22.6,155.3,0,2.8,25.2,60.03,214.9,0.3,6.5,890.1,30.5,3.9,2.8,0,0.0,23.375,22.812,2025-06-22 16:03:34
147.2,0,24.4,155.3,0,2.9,27.0,60.01,214.9,0.3,6.5,890.1,30.5,3.9,2.8,0,0.0,23.437,23.437,2025-06-22 16:03:54
141.7,0,22.8,158.1,0,2.7,25.2,59.99,214.8,0.4,6.5,890.1,30.5,3.9,2.8,0,0.0,23.437,22.812,2025-06-22 16:04:37
141.6,0.1,24.5,157,0,2.7,26.9,59.99,214.8,0.3,6.5,890.1,30.5,3.9,2.8,0,0.0,23.375,23.375,2025-06-22 16:04:56
146.3,0,29.5,138.1,0,7.0,36.1,59.99,214.9,0.4,6.5,890.1,30.5,3.9,2.8,0,0.0,23.187,22.812,2025-06-22 16:05:39
137.2,0.1,28.9,140.3,0,7.3,35.6,60.01,214.9,0.3,6.5,890.1,30.5,3.9,2.8,0,0.0,23.125,23.125,2025-06-22 16:05:59
137.3,0.1,30.1,146.1,0,7.3,36.8,60.01,214.8,0.4,6.5,890.1,30.4,3.9,2.8,0,0.0,23.062,22.875,2025-06-22 16:06:42
146,0.1,30.8,134.4,0,8.3,38.4,59.98,214.8,0.5,6.5,890.1,30.4,3.9,2.8,0,0.0,23.062,23.062,2025-06-22 16:07:01
137.4,0.1,31.2,139,0,10.4,40.4,59.97,214.6,0.4,6.5,890.1,30.4,3.9,2.8,0,0.0,23.125,22.875,2025-06-22 16:07:44
135.4,0.1,32.2,134.8,0,9.9,41.5,59.98,214.6,0.3,6.5,890.1,30.4,3.9,2.8,0,0.0,23.187,23.187,2025-06-22 16:08:04
140.3,0.1,33.4,119.5,0,8.8,41.6,60.02,214.6,0.4,6.5,890.1,30.4,3.9,2.8,0,0.0,23.062,22.875,2025-06-22 16:08:47
145,0.1,34.5,131.9,0,10.4,44.2,60.02,214.7,0.4,6.5,890.1,30.4,3.9,2.8,0,0.0,23.062,23.062,2025-06-22 16:09:06
152.9,0.1,38.5,149.5,0,9.4,47.1,60.01,214.7,0.4,6.5,890.1,30.4,3.9,2.8,0,0.0,23.0,22.812,2025-06-22 16:09:49
145.4,0.1,37.2,139,0,13.3,49.6,60,214.8,0.4,6.5,890.1,30.3,3.9,2.8,0,0.0,23.0,23.0,2025-06-22 16:10:09
142.5,0.1,38.7,136.3,0,14.5,52.6,60.02,214.9,0.4,6.5,890.1,30.3,3.9,2.8,0,0.0,23.0,22.812,2025-06-22 16:10:52
142.4,0.1,39.1,127.3,0,13.8,51.7,60.02,214.8,0.4,6.5,890.1,30.3,3.9,2.8,0,0.0,23.0,23.0,2025-06-22 16:11:11
145.5,0.1,40.0,141.9,0,14.8,53.9,60.03,214.8,0.4,6.5,890.1,30.3,3.9,2.8,0,0.0,23.0,22.75,2025-06-22 16:11:54
145.6,0.1,39.9,144.1,0,14.9,53.8,60.01,214.8,0.5,6.5,890.1,30.2,3.9,2.8,0,0.0,23.062,23.125,2025-06-22 16:12:14
146.9,0.1,40.4,139,0,15.3,54.8,60.03,215.3,0.5,6.5,890.1,30.2,3.9,2.8,0,0.0,23.187,22.812,2025-06-22 16:12:56
152.4,0.1,42.7,138.7,0,15.3,57.1,60.01,215.4,0.4,6.5,890.1,30.2,3.9,2.8,0,0.0,23.25,23.25,2025-06-22 16:13:16
133.5,0.2,40.9,133.1,0,16.3,56.2,60,215.3,0.1,6.5,890.1,30.2,3.9,2.8,0,0.0,23.312,22.875,2025-06-22 16:13:59
147.3,0.2,44.0,140.5,0,16.8,59.8,60.02,215.3,0.5,6.5,890.1,30.2,3.9,2.8,0,0.0,23.375,23.375,2025-06-22 16:14:19
143.5,0.2,44.8,131.6,0,17.1,60.8,60.03,215.2,0.4,6.5,890.1,30.2,3.9,2.8,0,0.0,23.437,23.0,2025-06-22 16:15:01
147.3,0.2,44.6,137.5,0.1,18.6,62.1,60.01,215.2,0.4,6.5,890.1,30.2,3.9,2.8,0,0.0,23.437,23.437,2025-06-22 16:15:21
144.3,0.2,44.9,134.2,0,18.7,62.5,60.02,215.3,0.4,6.5,890.1,30.2,3.9,2.8,0,0.0,23.437,23.0,2025-06-22 16:16:04
144.5,0.2,45.0,142.3,0.1,19.3,63.3,60.02,215.2,0.4,6.5,890.1,30.2,3.9,2.8,0,0.0,23.437,23.437,2025-06-22 16:16:24
143,0.2,45.2,125.8,0.1,18.0,62.2,60.03,215.2,0.4,6.5,890.1,30.2,3.9,2.8,0,0.0,23.437,23.0,2025-06-22 16:17:06
153.3,0.2,47.8,134.6,0.1,19.7,66.3,60,215.3,0.3,6.5,890.1,30.2,3.9,2.8,0,0.0,23.375,23.375,2025-06-22 16:17:26
153.1,0.2,50.6,146.5,0.1,22.6,72.0,60.01,215.6,0.5,6.5,890.1,30.2,3.9,2.8,0,0.0,23.375,22.937,2025-06-22 16:18:09
142.6,0.2,50.4,147.9,0.1,23.1,72.5,59.99,215.8,0.4,6.5,890.1,30.2,3.9,2.8,0,0.0,23.375,23.375,2025-06-22 16:18:28
148.3,0.2,52.8,147.8,0.1,24.3,76.0,59.98,215.7,0.5,6.5,890.1,30.2,3.9,2.8,0,0.0,23.25,22.875,2025-06-22 16:19:11
157.5,0.2,53.8,150.8,0.1,24.3,76.8,60.01,215.5,0.5,6.5,890.1,30.2,3.9,2.8,0,0.0,23.187,23.187,2025-06-22 16:19:31
147.8,0.2,56.2,144.6,0.1,26.1,80.9,60.01,215.4,0.5,6.5,890.1,30.2,3.9,2.8,0,0.0,23.187,22.812,2025-06-22 16:20:14
148.4,0.2,58.6,149.6,0.1,26.0,82.8,60.02,215.5,0.5,6.5,890.1,30.2,3.9,2.8,0,0.0,23.187,23.187,2025-06-22 16:20:33
145.4,0.3,59.6,141.7,0.1,27.2,85.2,59.99,215.6,0.5,6.5,890.1,30.2,3.9,2.8,0,0.0,23.25,22.812,2025-06-22 16:21:16
145.3,0.3,61.8,147.7,0.1,27.7,88.1,59.97,215.6,0.5,6.5,890.1,30.2,3.9,2.8,0,0.0,23.312,23.312,2025-06-22 16:21:36
145.3,0.3,64.0,144.7,0.1,29.9,92.1,59.98,215,0.5,6.5,890.1,30.2,3.9,2.8,0,0.0,23.375,22.875,2025-06-22 16:22:19
149.2,0.3,66.1,148.5,0.1,30.7,95.1,59.99,215,0.6,6.5,890.1,30.2,3.9,2.8,0,0.0,23.375,23.437,2025-06-22 16:22:38
151.3,0.3,67.5,150.6,0.1,32.8,98.4,59.99,214.9,0.6,6.5,890.1,30.1,3.9,2.8,0,0.0,23.25,22.812,2025-06-22 16:23:21
145.3,0.3,66.1,145.6,0.1,32.6,97.0,59.99,215.2,0.5,6.5,890.1,30.1,3.9,2.8,0,0.0,23.187,23.187,2025-06-22 16:23:41
148.1,0.3,67.8,144.4,0.1,33.5,99.4,59.98,215.4,0.5,6.5,890.1,30.1,3.9,2.8,0,0.0,23.187,22.812,2025-06-22 16:24:24
148.4,0.3,69.0,149.2,0.1,34.4,101.7,60.03,215.4,0.5,6.5,890.1,30.1,3.9,2.8,0,0.0,23.312,23.312,2025-06-22 16:24:43
150.9,0.3,70.2,150.2,0.1,36.0,104.4,60,215.4,0.5,6.5,890.1,30.1,3.9,2.8,0,0.0,23.437,22.875,2025-06-22 16:25:26
145.6,0.4,70.0,152,0.1,35.5,103.7,59.99,215.4,0.5,6.5,890.1,30.2,3.9,2.8,0,0.0,23.5,23.5,2025-06-22 16:25:46
145.9,0.4,69.6,149.7,0.1,36.3,104.0,60.02,215.5,0.6,6.5,890.1,30.2,3.9,2.8,0,0.0,23.437,22.937,2025-06-22 16:26:29
158.8,0.3,72.9,155,0.1,35.8,106.9,59.98,215.5,0.5,6.5,890.1,30.2,3.9,2.8,0,0.0,23.437,23.437,2025-06-22 16:26:48
151.2,0.4,73.7,149.3,0.2,37.2,108.9,60.02,215.8,0.5,6.5,890.1,30.2,3.9,2.8,0,38.845008416418494,23.437,22.875,2025-06-22 16:27:31
148.3,0.4,74.1,149.3,0.2,38.0,110.0,60.03,215.9,0.5,6.5,890.1,30.2,3.9,2.8,0,38.845008416418494,23.437,23.437,2025-06-22 16:27:51
155.7,0.4,74.2,149.5,0.2,38.3,110.5,60.04,215.9,0.6,6.5,890.1,30.2,3.9,2.8,0,0.0,23.437,22.937,2025-06-22 16:28:33
155.8,0.3,73.9,146.3,0.2,38.3,110.7,60.03,215.9,0.5,6.5,890.1,30.2,3.9,2.8,0,38.845008416418494,23.437,23.5,2025-06-22 16:28:53
155.9,0.3,74.0,147.8,0.2,39.9,112.2,60.01,216,0.6,6.5,890.1,30.2,3.9,2.8,0,38.845008416418494,23.562,23.0,2025-06-22 16:29:36
155.8,0.4,75.5,153.7,0.2,38.8,112.1,60.02,215.9,0.6,6.5,890.1,30.2,3.9,2.8,0,0.0,23.625,23.625,2025-06-22 16:29:56
155.6,0.3,73.5,146.2,0.2,40.5,111.9,60.01,215.9,0.5,6.5,890.1,30.2,3.9,2.8,0,0.0,23.687,22.937,2025-06-22 16:30:38
158.7,0.4,74.2,146.4,0.2,40.0,112.2,60.01,215.8,0.6,6.5,890.1,30.2,3.9,2.8,0,0.0,23.75,23.75,2025-06-22 16:30:58
155.8,0.4,74.9,149.2,0.2,41.6,114.1,60.02,215.9,0.5,6.5,890.1,30.2,3.9,2.8,0,38.845008416418494,23.75,22.812,2025-06-22 16:31:41
152.8,0.4,75.2,152.1,0.2,40.8,114.0,60.01,216,0.5,6.5,890.1,30.3,3.9,2.8,0,38.845008416418494,23.75,23.812,2025-06-22 16:32:01
155.8,0.4,76.3,153.6,0.2,40.4,114.5,60.02,216,0.6,6.5,890.1,30.3,3.9,2.8,0,38.845008416418494,23.812,22.812,2025-06-22 16:32:43
155.8,0.4,75.8,153.6,0.2,40.2,114.6,60.03,216,0.6,6.5,890.1,30.3,3.9,2.8,0,38.845008416418494,23.687,23.75,2025-06-22 16:33:03
156.1,0.4,75.4,147.8,0.2,40.6,114.1,59.98,216,0.6,6.5,890.1,30.3,3.9,2.8,0,38.845008416418494,23.75,22.812,2025-06-22 16:33:46
155.8,0.3,75.2,150.4,0.2,41.1,114.1,60,215.9,0.5,6.5,890.1,30.3,3.9,2.8,0,0.0,23.75,23.75,2025-06-22 16:34:05
156.1,0.4,74.9,149.2,0.2,40.4,113.0,60,215.9,0.5,6.5,890.1,30.4,3.9,2.8,0,38.845008416418494,23.687,22.812,2025-06-22 16:34:48
158.8,0.3,74.3,146.6,0.2,39.8,112.1,60,215.7,0.6,6.5,890.1,30.4,3.9,2.8,0,0.0,23.687,23.687,2025-06-22 16:35:08
156,0.4,73.9,149.2,0.2,39.7,111.6,59.99,215.7,0.5,6.5,890.1,30.4,3.9,2.8,0,38.845008416418494,23.687,22.812,2025-06-22 16:35:51
152.6,0.4,73.6,148.2,0.2,39.2,110.7,60.01,215.8,0.6,6.5,890.1,30.4,3.9,2.8,0,0.0,23.687,23.687,2025-06-22 16:36:10
149.7,0.4,72.9,146.2,0.2,38.7,109.4,60.03,215.7,0.5,6.5,890.1,30.4,3.9,2.8,0,0.0,23.812,22.812,2025-06-22 16:36:53
150.8,0.4,72.9,149.2,0.2,39.2,110.0,59.99,215.7,0.5,6.5,890.1,30.4,3.9,2.8,0,38.845008416418494,23.812,23.875,2025-06-22 16:37:13
149.9,0.3,72.5,152.1,0.2,38.7,109.5,60.01,215.7,0.6,6.5,890.1,30.4,3.9,2.8,0,38.845008416418494,23.875,22.875,2025-06-22 16:37:56
152.9,0.4,71.7,146.2,0.2,39.0,108.8,60,215.7,0.5,6.5,890.1,30.4,3.9,2.8,0,38.845008416418494,23.687,23.687,2025-06-22 16:38:15
149.9,0.4,71.8,148.1,0.2,39.0,108.6,59.98,215.6,0.6,6.5,890.1,30.5,3.9,2.8,0,38.845008416418494,23.687,22.812,2025-06-22 16:38:58
152.9,0.3,72.4,147.9,0.2,38.7,108.9,59.99,215.6,0.6,6.5,890.1,30.5,3.9,2.8,0,0.0,23.625,23.625,2025-06-22 16:39:18
147,0.4,72.3,150.5,0.2,39.1,109.3,59.96,215.6,0.5,6.5,890.1,30.5,3.9,2.8,0,38.845008416418494,23.687,22.75,2025-06-22 16:40:01
152.7,0.3,73.7,153.6,0.1,37.0,108.8,59.99,215.5,0.5,6.5,890.1,30.5,3.9,2.8,0,38.845008416418494,23.687,23.687,2025-06-22 16:40:20
148.7,0.4,72.2,147.7,0.2,38.3,108.5,59.98,215.8,0.5,6.5,890.1,30.5,3.9,2.8,0,38.845008416418494,23.687,22.812,2025-06-22 16:41:03
152.9,0.4,72.8,153.7,0.2,36.4,106.8,59.99,215.9,0.6,6.5,890.1,30.5,3.9,2.8,0,38.845008416418494,23.687,23.75,2025-06-22 16:41:23
148.5,0.3,70.8,149,0.2,37.2,106.3,60.05,215.8,0.5,6.5,890.1,30.5,3.9,2.8,0,38.845008416418494,23.75,22.75,2025-06-22 16:42:06
147,0.3,70.3,149.3,0.2,36.5,104.8,60.04,215.8,0.6,6.5,890.1,30.6,3.9,2.8,0,38.845008416418494,23.75,23.75,2025-06-22 16:42:25
146.8,0.3,69.1,149.3,0.1,35.5,102.9,59.99,215.6,0.5,6.5,890.1,30.6,4.0,2.8,0,38.845008416418494,23.625,22.75,2025-06-22 16:43:08
152.7,0.3,69.6,150.2,0.1,34.5,102.2,60,215.5,0.5,6.5,890.1,30.6,4.0,2.8,0,38.845008416418494,23.562,23.625,2025-06-22 16:43:28
157.4,0.3,68.6,146.3,0.1,33.9,100.6,59.96,215.7,0.5,6.5,890.1,30.6,4.0,2.8,0,0.0,23.562,22.75,2025-06-22 16:44:10
158.8,0.3,67.9,149.2,0.1,33.7,99.7,59.98,215.6,0.4,6.5,890.1,30.6,4.0,2.8,0,0.0,23.562,23.625,2025-06-22 16:44:30
154.2,0.3,66.2,149.2,0.1,32.6,97.0,60.03,215.9,0.5,6.5,890.1,30.5,4.0,2.8,0,0.0,23.625,22.75,2025-06-22 16:45:13
154.2,0.3,65.1,143.3,0.1,31.7,95.0,60.03,215.9,0.5,6.5,890.1,30.5,4.0,2.8,0,0.0,23.625,23.687,2025-06-22 16:45:33
151.4,0.3,62.4,143.4,0.1,31.3,92.0,59.98,215.9,0.5,6.5,890.1,30.5,4.0,2.8,0,0.0,23.625,22.75,2025-06-22 16:46:15
155.9,0.3,63.2,145.1,0.1,30.4,92.4,60.03,215.8,0.5,6.5,890.1,30.5,4.0,2.8,0,38.845008416418494,23.625,23.625,2025-06-22 16:46:35
157.1,0.3,60.1,147.5,0.1,30.2,89.3,60.02,215.7,0.5,6.5,890.1,30.5,4.0,2.8,0,0.0,23.687,22.812,2025-06-22 16:47:18
154.2,0.3,61.0,144.8,0.1,28.9,88.3,60.02,215.7,0.5,6.5,890.1,30.6,4.0,2.8,0,0.0,23.687,23.687,2025-06-22 16:47:37
153.2,0.2,59.3,145.2,0.1,28.1,85.8,60.02,215.8,0.5,6.5,890.1,30.5,4.0,2.8,0,0.0,23.562,22.687,2025-06-22 16:48:20
157.3,0.2,58.1,146.1,0.1,27.6,84.2,60.01,215.8,0.5,6.5,890.1,30.4,4.0,2.8,0,0.0,23.5,23.5,2025-06-22 16:48:40
154.3,0.2,58.2,144.1,0.1,25.6,82.3,59.99,215.7,0.5,6.5,890.1,30.4,4.0,2.8,0,0.0,23.5,22.687,2025-06-22 16:49:23
154.5,0.2,56.8,149.2,0.1,24.5,80.3,59.97,215.8,0.5,6.5,890.1,30.5,4.0,2.8,0,0.0,23.5,23.5,2025-06-22 16:49:42
152.7,0.2,56.4,147.6,0.1,23.4,78.5,59.99,215.7,0.5,6.5,890.1,30.5,4.0,2.8,0,0.0,23.5,22.687,2025-06-22 16:50:25
154.3,0.2,55.3,143.3,0.1,22.4,75.9,60,215.6,0.4,6.5,890.1,30.5,4.0,2.8,0,0.0,23.562,23.562,2025-06-22 16:50:45
157.2,0.2,51.8,146.2,0.1,23.0,74.0,59.97,215.7,0.3,6.5,890.1,30.5,4.0,2.8,0,0.0,23.562,22.75,2025-06-22 16:51:28
154.3,0.2,53.9,142.1,0.1,20.7,73.4,60,215.8,0.5,6.5,890.1,30.5,4.0,2.8,0,0.0,23.562,23.562,2025-06-22 16:51:47
153.2,0.2,52.8,146.1,0.1,21.0,72.7,60.02,215.7,0.5,6.5,890.1,30.4,4.0,2.8,0,0.0,23.375,22.562,2025-06-22 16:52:30
155.6,0.2,53.5,147.4,0.1,20.5,72.3,60.01,215.7,0.4,6.5,890.1,30.4,4.0,2.8,0,0.0,23.375,23.375,2025-06-22 16:52:50
157.4,0.2,49.8,147.4,0.1,21.4,70.0,60.02,215.7,0.4,6.5,890.1,30.4,4.0,2.8,0,0.0,23.375,22.625,2025-06-22 16:53:33
151.7,0.2,50.9,147.3,0,20.3,70.0,59.99,215.7,0.4,6.5,890.1,30.4,4.0,2.8,0,0.0,23.375,23.375,2025-06-22 16:53:52
152.7,0.2,52.0,149.4,0,18.6,69.1,60.05,215.9,0.5,6.6,890.2,30.4,4.0,2.8,0,0.0,23.375,22.562,2025-06-22 16:54:35
151.6,0.2,49.3,141.6,0.1,20.0,68.3,60.02,215.8,0.4,6.6,890.2,30.5,4.0,2.8,0,0.0,23.375,23.375,2025-06-22 16:54:55
151.4,0.2,47.7,141.6,0.1,19.9,66.5,60.01,216,0.3,6.6,890.2,30.5,4.0,2.8,0,0.0,23.375,22.625,2025-06-22 16:55:37
157.4,0.2,45.9,142.6,0.1,21.2,66.1,60,215.9,0.3,6.6,890.2,30.5,4.0,2.8,0,0.0,23.437,23.437,2025-06-22 16:55:57
154.4,0.2,48.1,147.4,0,18.9,66.1,60.01,215.6,0.5,6.6,890.2,30.5,4.0,2.8,0,0.0,23.437,22.562,2025-06-22 16:56:40
154.3,0.2,46.9,141.6,0.1,18.9,64.7,60.01,215.7,0.4,6.6,890.2,30.5,4.0,2.8,0,0.0,23.437,23.437,2025-06-22 16:57:00
150.5,0.2,45.8,146.2,0,18.4,63.3,60.01,215.8,0.3,6.6,890.2,30.5,4.0,2.8,0,0.0,23.375,22.625,2025-06-22 16:57:42
153.4,0.1,45.6,147,0,18.9,63.4,60.03,215.9,0.4,6.6,890.2,30.5,4.0,2.8,0,0.0,23.437,23.437,2025-06-22 16:58:02
154.1,0.1,44.1,143.8,0,18.3,61.4,60.01,215.9,0.4,6.6,890.2,30.5,4.0,2.8,0,0.0,23.375,22.687,2025-06-22 16:58:45
144.4,0.2,43.6,143.8,0,17.8,60.3,60.01,216,0.3,6.6,890.2,30.5,4.0,2.8,0,0.0,23.312,23.312,2025-06-22 16:59:05
142.3,0.1,40.4,137.5,0,17.9,57.4,59.97,215.9,0.4,6.6,890.2,30.5,4.0,2.8,0,0.0,23.187,22.687,2025-06-22 16:59:47
144.5,0.1,41.8,137,0,16.9,58.0,59.98,216,0.4,6.6,890.2,30.5,4.0,2.8,0,0.0,23.187,23.187,2025-06-22 17:00:07
143.9,0.1,41.1,135.2,0,16.6,56.6,60.01,215.8,0.3,6.6,890.2,30.5,4.0,2.8,0,0.0,23.125,22.75,2025-06-22 17:00:50
151.9,0.1,41.6,142.2,0,17.7,58.3,59.97,215.7,0.4,6.6,890.2,30.5,4.0,2.8,0,0.0,23.062,23.062,2025-06-22 17:01:10
158.3,0.1,40.2,154.4,0,10.1,49.6,60,215.8,0.3,6.6,890.2,30.5,4.0,2.8,0,0.0,23.062,22.75,2025-06-22 17:01:52
143.7,0.1,40.9,137.4,0,16.9,56.7,59.96,215.8,0.3,6.6,890.2,30.5,4.0,2.8,0,0.0,23.125,23.125,2025-06-22 17:02:12
141.1,0.1,39.8,143,0,16.7,55.6,60.01,215.8,0.3,6.6,890.2,30.5,4.0,2.8,0,0.0,23.187,22.625,2025-06-22 17:02:55
140.8,0.1,40.3,143.4,0,16.4,55.8,59.98,215.8,0.3,6.6,890.2,30.5,4.0,2.8,0,0.0,23.25,23.25,2025-06-22 17:03:14
143.9,0.1,40.0,143.4,0,15.7,54.6,59.97,215.7,0.4,6.6,890.2,30.5,4.0,2.8,0,0.0,23.25,22.5,2025-06-22 17:03:57
143.6,0.1,39.8,146.2,0,15.4,54.8,60.04,215.7,0.4,6.6,890.2,30.5,4.0,2.8,0,0.0,23.312,23.312,2025-06-22 17:04:17
140.9,0.1,38.3,140.6,0,15.3,53.2,60.02,215.5,0.4,6.6,890.2,30.5,4.0,2.8,0,0.0,23.375,22.562,2025-06-22 17:05:00
144.3,0.1,38.9,145.7,0,15.2,53.7,60.02,215.5,0.3,6.6,890.2,30.5,4.0,2.8,0,0.0,23.437,23.437,2025-06-22 17:05:19
137.6,0.1,36.1,137.3,0,15.4,50.4,60.04,215.9,0.4,6.6,890.2,30.5,4.0,2.8,0,0.0,23.437,22.562,2025-06-22 17:06:02
151.5,0.1,37.2,142.9,0,15.2,51.5,60.03,215.8,0.4,6.6,890.2,30.5,4.0,2.8,0,0.0,23.5,23.5,2025-06-22 17:06:22
143.1,0.1,35.9,139.5,0,15.3,50.4,60,215.6,0.4,6.6,890.2,30.6,4.0,2.8,0,0.0,23.312,22.625,2025-06-22 17:07:05
142.8,0.1,35.6,139.9,0,15.1,49.6,60,215.5,0.3,6.6,890.2,30.6,4.0,2.8,0,0.0,23.375,23.375,2025-06-22 17:07:24
140,0.1,34.5,136.9,0,13.8,47.2,59.99,215.5,0.4,6.6,890.2,30.6,4.0,2.8,0,0.0,23.437,22.625,2025-06-22 17:08:07
140.2,0.1,33.7,130.6,0,12.8,45.7,60,215.5,0.4,6.6,890.2,30.6,4.0,2.8,0,0.0,23.437,23.437,2025-06-22 17:08:27
142.9,0.1,33.6,139.9,0,13.1,46.2,60.02,215.7,0.4,6.6,890.2,30.6,4.0,2.8,0,0.0,23.375,22.625,2025-06-22 17:09:09
143.2,0.1,32.7,139.7,0,13.1,45.1,60.02,215.9,0.4,6.6,890.2,30.6,4.0,2.8,0,0.0,23.375,23.375,2025-06-22 17:09:29
143.1,0.1,32.3,139.8,0,11.9,43.5,60.03,215.9,0.4,6.6,890.2,30.6,4.0,2.8,0,0.0,23.375,22.687,2025-06-22 17:10:12
138.6,0.1,30.2,132.1,0,11.6,41.0,60.01,215.9,0.4,6.6,890.2,30.6,4.0,2.8,0,0.0,23.312,23.312,2025-06-22 17:10:32
144.3,0.1,30.4,127.2,0,9.8,39.6,59.99,215.7,0.4,6.6,890.2,30.6,4.0,2.8,0,0.0,23.312,22.687,2025-06-22 17:11:14
150.4,0.1,30.5,136.1,0,10.0,39.9,60.01,215.7,0.3,6.6,890.2,30.6,4.0,2.8,0,0.0,23.312,23.312,2025-06-22 17:11:34
150.6,0.1,30.4,135.7,0,8.6,38.5,60.02,215.7,0.4,6.6,890.2,30.6,4.0,2.8,0,0.0,23.187,22.687,2025-06-22 17:12:17
141.9,0.1,28.9,129.8,0,8.1,36.5,60.01,215.7,0.3,6.6,890.2,30.6,4.0,2.8,0,0.0,23.125,23.187,2025-06-22 17:12:37
146.4,0,27.4,137.4,0,7.9,36.3,60.03,215.8,0.4,6.6,890.2,30.6,4.0,2.8,0,0.0,23.062,22.625,2025-06-22 17:13:19
143.2,0,26.8,131.5,0,7.1,33.5,60.03,215.9,0.4,6.6,890.2,30.6,4.0,2.8,0,0.0,23.062,23.062,2025-06-22 17:13:39
143.4,0,26.3,131.4,0,6.0,31.8,59.98,215.8,0.3,6.6,890.2,30.5,4.0,2.8,0,0.0,23.0,22.687,2025-06-22 17:14:22
148.9,0,26.8,142.6,0,5.6,32.0,59.99,215.8,0.3,6.6,890.2,30.5,4.0,2.8,0,0.0,23.062,23.062,2025-06-22 17:14:42
136.6,0,23.1,121.7,0,5.1,27.5,59.97,215.8,0.3,6.6,890.2,30.5,4.0,2.8,0,0.0,23.125,22.687,2025-06-22 17:15:24
142.9,0,22.8,119.5,0,4.5,27.5,59.97,215.9,0.4,6.6,890.2,30.5,4.0,2.8,0,0.0,23.125,23.125,2025-06-22 17:15:44
133.7,0,22.3,124,0,3.8,25.7,60.02,215.7,0.4,6.6,890.2,30.5,4.0,2.8,0,0.0,23.125,22.75,2025-06-22 17:16:27
139.6,0,21.9,122.5,0,3.7,25.6,59.97,215.8,0.3,6.6,890.2,30.5,4.0,2.8,0,0.0,23.062,23.062,2025-06-22 17:16:46
144.2,0,22.2,140.9,0,4.1,25.9,59.95,215.7,0.4,6.6,890.2,30.5,4.0,2.8,0,-38.845008416418494,23.062,22.812,2025-06-22 17:17:29
138.4,0,20.1,129.5,0,4.1,24.0,59.98,215.8,0.3,6.6,890.2,30.5,4.0,2.8,0,0.0,23.187,23.187,2025-06-22 17:17:49
123.3,0,13.3,155.9,0,2.8,15.6,60.01,215.6,0.4,6.6,890.2,30.5,4.0,2.8,0,0.0,23.187,22.75,2025-06-22 17:18:32
153.1,0,1.9,151.3,0,1.9,4.2,60.04,215.7,0.4,6.6,890.2,30.5,4.0,2.8,0,0.0,23.25,23.25,2025-06-22 17:18:51
120.1,0,13.0,153.7,0,3.4,16.3,59.98,215.7,0.3,6.6,890.2,30.4,4.0,2.8,0,0.0,23.312,22.625,2025-06-22 17:19:34
122,0,10.3,155.6,0,2.7,12.9,59.99,215.8,0.4,6.6,890.2,30.4,4.0,2.8,0,-38.845008416418494,23.375,23.375,2025-06-22 17:19:54
122.7,0,13.8,147.9,0,4.0,17.6,60.02,215.9,0.3,6.6,890.2,30.5,4.0,2.8,0,0.0,23.437,22.687,2025-06-22 17:20:37
127.6,0,12.2,151.1,0,4.3,16.3,60.02,215.7,0.4,6.6,890.2,30.5,4.0,2.8,0,0.0,23.437,23.437,2025-06-22 17:20:56
148.4,0,13.9,134.2,0,4.7,17.9,60,215.8,0.3,6.6,890.2,30.5,4.0,2.8,0,-38.845008416418494,23.437,22.687,2025-06-22 17:21:39
139.5,0,13.8,126.9,0,4.4,18.3,60,215.7,0.4,6.6,890.2,30.5,4.0,2.8,0,-38.845008416418494,23.437,23.437,2025-06-22 17:21:59
111.9,0,7.7,154.9,0,2.9,9.6,59.99,215.8,0.3,6.6,890.2,30.5,4.0,2.8,0,0.0,23.375,22.75,2025-06-22 17:22:41
112.7,0,6.5,155.4,0,2.5,8.5,60.01,215.8,0.3,6.6,890.2,30.4,4.0,2.8,0,-38.845008416418494,23.312,23.312,2025-06-22 17:23:01
129.8,0,9.4,147.7,0,4.4,13.9,59.96,215.8,0.4,6.6,890.2,30.4,4.0,2.8,0,0.0,23.062,22.75,2025-06-22 17:23:44
123.8,0,8.8,149.3,0,4.2,12.9,59.98,215.9,0.3,6.6,890.2,30.4,4.0,2.8,0,0.0,23.0,23.0,2025-06-22 17:24:04
115.5,0,5.7,153.9,0,3.1,8.8,60.03,215.8,0.3,6.6,890.2,30.3,4.0,2.8,0,-38.845008416418494,22.875,22.625,2025-06-22 17:24:46
124.2,0,5.6,154.1,0,3.3,8.9,59.99,215.8,0.4,6.6,890.2,30.3,4.0,2.8,0,0.0,22.875,22.875,2025-06-22 17:25:06
128.3,0,6.9,147.9,0,4.5,11.2,59.97,215.8,0.3,6.6,890.2,30.3,4.0,2.8,0,-38.845008416418494,22.875,22.562,2025-06-22 17:25:49
125.7,0,8.3,125.1,0,4.6,12.3,59.98,215.8,0.3,6.6,890.2,30.2,4.0,2.8,0,-38.845008416418494,22.75,22.75,2025-06-22 17:26:09
117.3,0,5.2,146.2,0,4.2,10.3,60,215.7,0.4,6.6,890.2,30.2,4.0,2.8,0,-38.845008416418494,22.75,22.5,2025-06-22 17:26:51
114.5,0,4.6,150.8,0,3.7,8.3,60,215.8,0.4,6.6,890.2,30.2,4.0,2.8,0,-38.845008416418494,22.75,22.75,2025-06-22 17:27:11
145.4,0,6.3,141.8,0,5.2,11.6,60,215.8,0.3,6.6,890.2,30.2,4.0,2.8,0,-38.845008416418494,22.75,22.5,2025-06-22 17:27:54
133.9,0,4.6,150.3,0,3.8,8.3,60,215.8,0.4,6.6,890.2,30.2,4.0,2.8,0,-38.845008416418494,22.75,22.75,2025-06-22 17:28:14
136.8,0,3.3,153.3,0,2.9,6.0,60,215.8,0.3,6.6,890.2,30.2,4.0,2.8,0,-38.845008416418494,22.75,22.562,2025-06-22 17:28:56
139.8,0,4.0,150.5,0,3.7,7.8,60.02,215.9,0.4,6.6,890.2,30.1,4.0,2.8,0,0.0,22.812,22.812,2025-06-22 17:29:16
139.8,0,4.4,147.5,0,4.1,8.6,60.02,215.6,0.3,6.6,890.2,30.1,4.0,2.8,0,-38.845008416418494,22.875,22.625,2025-06-22 17:29:59
133,0,5.0,128.4,0,4.4,9.2,60,215.6,0.4,6.6,890.2,30.1,4.0,2.8,0,-38.845008416418494,22.875,22.875,2025-06-22 17:30:18
117.6,0,2.6,149.5,0,3.2,5.8,59.99,215.6,0.3,6.6,890.2,30.1,4.0,2.8,0,-38.845008416418494,22.875,22.625,2025-06-22 17:31:01
135.4,0,3.7,146.6,0,3.7,7.3,59.99,215.4,0.3,6.6,890.2,30.1,4.0,2.8,0,-38.845008416418494,22.875,22.875,2025-06-22 17:31:21
119.9,0,3.8,127.1,0,3.6,7.2,59.99,215.7,0.4,6.6,890.2,30.1,4.0,2.8,0,-38.845008416418494,22.937,22.562,2025-06-22 17:32:04
150.4,0,1.9,151.6,0,1.9,3.7,60.01,215.7,0.4,6.6,890.2,30.1,4.0,2.8,0,-38.845008416418494,22.937,23.0,2025-06-22 17:32:23
148.8,0,1.9,149.6,0,2.0,3.9,59.97,215.4,0.3,6.6,890.2,30.1,4.0,2.8,0,-38.845008416418494,23.0,22.437,2025-06-22 17:33:06
151.9,0,1.5,145.6,0,1.4,3.0,60,215.4,0.4,6.6,890.2,30.1,4.0,2.8,0,-38.845008416418494,23.0,23.0,2025-06-22 17:33:26
154.1,0,1.0,147.5,0,1.0,1.8,60.02,215.6,0.4,6.6,890.2,30.1,4.0,2.8,0,-38.845008416418494,22.937,22.375,2025-06-22 17:34:09
144.8,0,2.8,141,0,2.7,5.8,60.03,215.6,0.3,6.6,890.2,30,4.0,2.8,0,-38.845008416418494,22.937,23.0,2025-06-22 17:34:28
153.2,0,0.8,149.9,0,0.8,1.5,59.99,215.6,0.3,6.6,890.2,30,4.0,2.8,0,-38.845008416418494,23.0,22.375,2025-06-22 17:35:11
150.8,0,1.2,147.5,0,1.1,2.1,59.99,215.4,0.3,6.6,890.2,30,4.0,2.8,0,-38.845008416418494,23.062,23.062,2025-06-22 17:35:31
124.1,0,2.7,129.6,0,2.9,5.4,59.98,215.4,0.4,6.6,890.2,30,4.0,2.8,0,-38.845008416418494,23.062,22.375,2025-06-22 17:36:14
147.8,0,1.4,144.6,0,1.4,2.9,60,215.3,0.3,6.6,890.2,30,4.0,2.8,0,-38.845008416418494,23.062,23.062,2025-06-22 17:36:33
146.2,0,1.1,151,0,1.1,2.0,60.02,215.5,0.4,6.6,890.2,30,4.0,2.8,0,-38.845008416418494,23.062,22.375,2025-06-22 17:37:16
150.1,0,1.4,147.5,0,1.3,2.6,59.98,215.5,0.5,6.6,890.2,30,4.0,2.8,0,-38.845008416418494,23.062,23.062,2025-06-22 17:37:36
147.7,0,1.2,146.9,0,1.3,2.4,60.03,215.8,0.4,6.6,890.2,30,4.0,2.8,0,-38.845008416418494,23.062,22.437,2025-06-22 17:38:18
152.2,0,0.3,150.3,0,0.3,0.6,60.03,215.8,0.4,6.6,890.2,30,4.0,2.8,0,-38.845008416418494,23.062,23.062,2025-06-22 17:38:38
148.2,0,1.4,143.9,0,1.4,2.6,60,215.8,0.4,6.6,890.2,30,4.0,2.8,0,-38.845008416418494,22.937,22.5,2025-06-22 17:39:21
145.8,0,1.6,148,0,1.7,3.5,60.04,215.8,0.4,6.6,890.2,30,4.0,2.8,0,-38.845008416418494,22.875,22.937,2025-06-22 17:39:41
123,0,2.1,129.1,0,2.1,3.8,60.03,215.8,0.4,6.6,890.2,30,4.0,2.8,0,-38.845008416418494,22.812,22.5,2025-06-22 17:40:23
135.6,0,1.5,148.1,0,1.7,3.2,60.03,215.8,0.3,6.6,890.2,30,4.0,2.8,0,-38.845008416418494,22.812,22.812,2025-06-22 17:40:43
148.2,0,0.5,148.8,0,0.5,0.9,59.97,215.7,0.4,6.6,890.2,30,4.0,2.8,0,-38.845008416418494,22.75,22.5,2025-06-22 17:41:26
148.3,0,0.7,148.6,0,0.7,1.1,60.01,215.7,0.4,6.6,890.2,30,4.0,2.8,0,-38.845008416418494,22.812,22.812,2025-06-22 17:41:46
150.3,0,0.4,148.2,0,0.4,0.8,59.99,215.7,0.4,6.6,890.2,30,4.0,2.8,0,-38.845008416418494,23.0,22.5,2025-06-22 17:42:28
148,0,0.7,147.8,0,0.7,1.4,60,215.7,0.4,6.6,890.2,30,4.0,2.8,0,-38.845008416418494,23.0,23.0,2025-06-22 17:42:48
131.2,0,1.3,130.2,0,1.4,2.9,60.03,215.7,0.4,6.6,890.2,30,4.0,2.8,0,-38.845008416418494,23.0,22.5,2025-06-22 17:43:31
145.7,0,1.2,135,0,1.3,2.7,60.04,215.7,0.5,6.6,890.2,30,4.0,2.8,0,-38.845008416418494,23.0,23.0,2025-06-22 17:43:50
134,0,1.2,127.6,0,1.1,2.3,60.02,215.7,0.4,6.6,890.2,30,4.0,2.8,0,-38.845008416418494,23.0,22.437,2025-06-22 17:44:33
143.4,0,1.2,127.8,0,1.0,2.0,60.03,215.7,0.4,6.6,890.2,30,4.0,2.8,0,-38.845008416418494,23.062,23.062,2025-06-22 17:44:53
148.2,0,0.4,139.1,0,0.4,0.8,60.02,215.7,0.4,6.6,890.2,30,4.0,2.8,0,-38.845008416418494,23.062,22.437,2025-06-22 17:45:36
149.3,0,0.8,138.9,0,0.8,1.6,60.03,215.7,0.4,6.6,890.2,30,4.0,2.8,0,-38.845008416418494,23.062,23.062,2025-06-22 17:45:55
145.7,0,0.8,136,0,0.7,1.6,60,215.4,0.4,6.6,890.2,30,4.0,2.8,0,-38.845008416418494,23.062,22.437,2025-06-22 17:46:38
148.2,0,0.3,139.1,0,0.3,0.8,59.98,215.3,0.4,6.6,890.2,30,4.0,2.8,0,-38.845008416418494,23.062,23.125,2025-06-22 17:46:58
122.7,0,0.7,125.7,0,0.7,1.4,60,215.6,0.5,6.6,890.2,30,4.0,2.8,0,-38.845008416418494,23.125,22.437,2025-06-22 17:47:41
144.8,0,0.5,136.7,0,0.6,1.2,60.02,215.6,0.4,6.6,890.2,30,4.0,2.8,0,-38.845008416418494,23.125,23.125,2025-06-22 17:48:00
140.9,0,1.4,138.5,0,1.4,4.7,60.03,215.7,0.3,6.6,890.2,30,4.0,2.8,0,-38.845008416418494,23.062,22.437,2025-06-22 17:48:43
117.3,0,0.8,109.4,0,0.8,1.4,59.99,215.6,0.4,6.6,890.2,30,4.0,2.8,0,-38.845008416418494,23.125,23.125,2025-06-22 17:49:03
145.8,0,0.5,137.8,0,0.5,0.7,60.01,215.6,0.4,6.6,890.2,29.9,4.0,2.8,0,-38.845008416418494,23.062,22.437,2025-06-22 17:49:45
139,0,0.4,141.3,0,0.4,1.0,60.01,215.6,0.4,6.6,890.2,29.9,4.0,2.8,0,-38.845008416418494,23.062,23.062,2025-06-22 17:50:05
139.1,0,0.2,140.5,0,0.2,0.5,60,215.6,0.4,6.6,890.2,29.9,4.0,2.8,0,-38.845008416418494,23.062,22.437,2025-06-22 17:50:48
144.4,0,0.5,138,0,0.4,0.9,60.02,215.5,0.4,6.6,890.2,29.9,4.0,2.8,0,-38.845008416418494,23.0,23.062,2025-06-22 17:51:08
111.3,0,0.6,112,0,0.6,1.2,59.99,215.5,0.2,6.6,890.2,29.9,4.0,2.8,0,-38.845008416418494,22.937,22.437,2025-06-22 17:51:50
140,0,0.4,137.5,0,0.3,0.9,59.98,215.6,0.4,6.6,890.2,29.9,4.0,2.8,0,-38.845008416418494,22.875,22.937,2025-06-22 17:52:10
137.2,0,0.1,137.8,0,0.2,0.4,60.01,215.5,0.4,6.6,890.2,29.8,4.0,2.8,0,-38.845008416418494,22.937,22.5,2025-06-22 17:52:53
109,0,0.4,115.4,0,0.4,0.9,60,215.6,0.5,6.6,890.2,29.8,4.0,2.8,0,-38.845008416418494,22.812,22.812,2025-06-22 17:53:13
139.7,0,0.7,130.7,0,0.4,0.9,60,215.3,0.4,6.6,890.2,29.8,4.0,2.8,0,-38.845008416418494,22.812,22.5,2025-06-22 17:53:55
138.8,0,0.2,135.7,0,0.2,0.5,59.98,215.4,0.4,6.6,890.2,29.8,4.0,2.8,0,-38.845008416418494,22.812,22.812,2025-06-22 17:54:15
139.3,0,0.5,131.2,0,0.4,0.9,59.97,215.6,0.3,6.6,890.2,29.8,4.0,2.8,0,-38.845008416418494,22.75,22.437,2025-06-22 17:54:58
138.6,0,0.4,133.9,0,0.3,0.7,60.01,215.7,0.4,6.6,890.2,29.7,4.0,2.8,0,-38.845008416418494,22.75,22.75,2025-06-22 17:55:18
108.5,0,0.6,99.3,0,0.5,1.1,59.97,215.6,0.4,6.6,890.2,29.7,4.0,2.8,0,-38.845008416418494,22.75,22.437,2025-06-22 17:56:00
134.4,0,0.4,116.9,0,0.3,0.8,59.99,215.7,0.4,6.6,890.2,29.6,4.0,2.8,0,-38.845008416418494,22.75,22.75,2025-06-22 17:56:20
135,0,0.3,130.1,0,0.3,0.7,60.04,215.7,0.3,6.6,890.2,29.6,4.0,2.8,0,-38.845008416418494,22.687,22.375,2025-06-22 17:57:03
112.7,0,0.2,103.5,0,0.4,1.0,60.01,215.7,0.4,6.6,890.2,29.5,4.0,2.8,0,-38.845008416418494,22.687,22.687,2025-06-22 17:57:22
128.3,0,0.4,124.7,0,0.3,0.7,60.01,215.6,0.4,6.6,890.2,29.5,4.0,2.8,0,-38.845008416418494,22.687,22.437,2025-06-22 17:58:05
131,0,0.5,124.7,0,0.4,0.9,60.01,215.7,0.3,6.6,890.2,29.5,4.0,2.8,0,-38.845008416418494,22.687,22.687,2025-06-22 17:58:25
128.6,0,0.5,117.2,0,0.4,1.0,60.03,215.5,0.5,6.6,890.2,29.4,4.0,2.8,0,-38.845008416418494,22.687,22.437,2025-06-22 17:59:08
128.1,0,0.2,123.5,0,0.2,0.6,60.03,215.5,0.3,6.6,890.2,29.4,4.0,2.8,0,-38.845008416418494,22.687,22.75,2025-06-22 17:59:27
