vpv1,ipv1,pv1_watt,vpv2,ipv2,pv2_watt,pac_total,freq,vac1,iac1,energia_hoy,energia_total,temp_inversor,Energìa PV1,Energìa PV2,codigo_error,irradiancia_incidente,temp1,temp2,timestamp
,0,0.0,0,0,0.0,0.0,0,0,0,0.0,1265.9,0,0.0,0.0,0,0.0,20.437,85.0,2025-10-06 05:29:23
,0,0.0,0,0,0.0,0.0,0,0,0,0.0,1265.9,0,0.0,0.0,0,-38.845008416418494,20.5,85.0,2025-10-06 05:30:26
,,0.0,0,0,0.0,0.0,0,0,0,0.0,1265.9,0,0.0,0.0,0,-38.845008416418494,20.437,85.0,2025-10-06 05:31:31
88.1,0,0.0,87.9,0,0.0,0.0,59.98,212.9,0,0.0,1265.9,21.1,0.0,0.0,0,-38.845008416418494,20.437,85.0,2025-10-06 05:32:33
148.5,0,0.0,148.4,0,0.0,0.0,60.01,213.1,0,0.0,1265.9,21.2,0.0,0.0,0,-38.845008416418494,20.5,85.0,2025-10-06 05:33:36
151.3,0,0.0,151.1,0,0.0,0.0,60.04,212.9,0,0.0,1265.9,21.2,0.0,0.0,0,-38.845008416418494,20.5,85.0,2025-10-06 05:34:38
152.4,0,0.0,152.2,0,0.0,0.0,59.99,212.6,0,0.0,1265.9,21.3,0.0,0.0,0,-38.845008416418494,20.5,85.0,2025-10-06 05:35:40
153.2,0,0.0,153.2,0,0.0,0.0,60,212.9,0,0.0,1265.9,21.3,0.0,0.0,0,0.0,20.5,85.0,2025-10-06 05:36:43
99.8,0,0.0,96.6,0,0.0,0.0,59.98,212.8,0,0.0,1265.9,21.3,0.0,0.0,0,0.0,20.5,85.0,2025-10-06 05:37:45
154.9,0,0.0,154.8,0,0.0,0.0,59.99,212.9,0,0.0,1265.9,21.3,0.0,0.0,0,0.0,20.5,85.0,2025-10-06 05:38:48
155.8,0,0.0,155.6,0,0.0,0.0,60.01,212.9,0,0.0,1265.9,21.3,0.0,0.0,0,0.0,20.5,85.0,2025-10-06 05:39:50
156.5,0,0.0,156.3,0,0.0,0.0,60.02,213.2,0,0.0,1265.9,21.3,0.0,0.0,0,0.0,20.437,85.0,2025-10-06 05:40:53
157.1,0,0.0,156.9,0,0.0,0.0,60,213.2,0,0.0,1265.9,21.4,0.0,0.0,0,0.0,20.5,85.0,2025-10-06 05:41:55
157.8,0,0.0,157.6,0,0.0,0.0,59.97,213,0,0.0,1265.9,21.4,0.0,0.0,0,0.0,20.437,85.0,2025-10-06 05:42:57
158.4,0,0.0,158.3,0,0.0,0.0,60.03,212.6,0,0.0,1265.9,21.4,0.0,0.0,0,0.0,20.437,85.0,2025-10-06 05:44:00
159,0,0.0,158.8,0,0.0,0.0,59.96,212.7,0,0.0,1265.9,21.4,0.0,0.0,0,0.0,20.5,85.0,2025-10-06 05:45:02
159.5,0,0.0,159.4,0,0.0,0.0,59.97,212.8,0,0.0,1265.9,21.5,0.0,0.0,0,-38.845008416418494,20.5,85.0,2025-10-06 05:46:05
160.2,0,0.0,160,0,0.0,0.0,59.98,212.7,0,0.0,1265.9,21.5,0.0,0.0,0,0.0,20.5,85.0,2025-10-06 05:47:07
160.6,0,0.0,160.5,0,0.0,0.0,60,212.7,0,0.0,1265.9,21.5,0.0,0.0,0,0.0,20.562,85.0,2025-10-06 05:48:10
161.1,0,0.0,160.9,0,0.0,0.0,60.02,212.9,0,0.0,1265.9,21.6,0.0,0.0,0,0.0,20.562,85.0,2025-10-06 05:49:12
161.5,0,0.0,161.4,0,0.0,0.0,60.02,213,0,0.0,1265.9,21.6,0.0,0.0,0,0.0,20.562,85.0,2025-10-06 05:50:14
162,0,0.0,161.8,0,0.0,0.0,59.96,213,0,0.0,1265.9,21.6,0.0,0.0,0,0.0,20.562,85.0,2025-10-06 05:51:17
162.4,0,0.0,162.3,0,0.0,0.0,60.01,212.7,0,0.0,1265.9,21.6,0.0,0.0,0,0.0,20.562,85.0,2025-10-06 05:52:19
121.9,0,0.0,121.6,0,0.0,0.0,60.01,212.9,0,0.0,1265.9,21.6,0.0,0.0,0,0.0,20.5,85.0,2025-10-06 05:53:22
128,0,11.5,130.1,0,11.3,22.6,60.02,213,0.4,0.0,1265.9,21.8,0.0,0.0,0,0.0,20.562,85.0,2025-10-06 05:54:24
128.2,0,12.5,135.8,0,12.4,24.6,60.01,212.7,0.4,0.0,1265.9,22,0.0,0.0,0,0.0,20.562,85.0,2025-10-06 05:55:26
131.2,0.1,13.7,138.7,0,13.3,26.5,59.99,212.3,0.4,0.0,1265.9,22.1,0.0,0.0,0,0.0,20.562,85.0,2025-10-06 05:56:29
143.2,0,14.4,130.7,0.1,14.3,28.6,60.01,212.3,0.4,0.0,1265.9,22.3,0.0,0.0,0,0.0,20.625,85.0,2025-10-06 05:57:31
135.7,0.1,15.8,131.3,0.1,14.3,29.7,60.01,212.6,0.6,0.0,1265.9,22.4,0.0,0.0,0,0.0,20.625,85.0,2025-10-06 05:58:34
156.7,0,16.9,143.4,0,16.4,32.8,59.98,212.8,0.4,0.0,1265.9,22.5,0.0,0.0,0,0.0,20.687,85.0,2025-10-06 05:59:36
142,0.1,17.7,143.3,0.1,16.8,33.6,59.99,212.5,0.4,0.0,1265.9,22.6,0.0,0.0,0,0.0,20.687,85.0,2025-10-06 06:00:39
136,0.1,18.5,137.4,0.1,17.6,35.6,60,212.3,0.4,0.0,1265.9,22.8,0.0,0.0,0,0.0,20.75,85.0,2025-10-06 06:01:41
150.7,0.1,20.5,144.4,0.1,18.1,38.0,60.01,212.3,0.4,0.0,1265.9,22.8,0.0,0.0,0,0.0,20.75,85.0,2025-10-06 06:02:44
146.2,0.1,21.2,135.5,0.1,19.2,40.0,60.03,212.3,0.4,0.0,1265.9,23,0.0,0.0,0,0.0,20.812,85.0,2025-10-06 06:03:46
142.9,0.1,22.1,141.5,0.1,19.9,41.3,59.99,212.4,0.4,0.0,1265.9,23.1,0.0,0.0,0,0.0,20.812,85.0,2025-10-06 06:04:48
143.1,0.1,23.5,135.5,0.1,21.2,43.9,60.02,212.5,0.5,0.0,1265.9,23.2,0.0,0.0,0,0.0,20.875,85.0,2025-10-06 06:05:51
128.4,0.1,23.9,138.6,0.1,22.3,45.4,59.99,212.5,0.5,0.0,1265.9,23.3,0.0,0.0,0,0.0,20.937,85.0,2025-10-06 06:06:53
131.3,0.1,26.1,143.3,0.1,22.7,48.0,59.96,212.4,0.5,0.0,1265.9,23.4,0.0,0.0,0,0.0,20.937,85.0,2025-10-06 06:07:56
134.2,0.1,27.4,144.6,0.1,23.9,50.3,59.98,212.6,0.4,0.0,1265.9,23.5,0.0,0.0,0,0.0,20.937,85.0,2025-10-06 06:08:58
135,0.1,28.9,143.1,0.1,26.1,54.1,59.97,212.4,0.5,0.0,1265.9,23.6,0.0,0.0,0,0.0,21.0,85.0,2025-10-06 06:10:01
125.4,0.2,29.9,140.1,0.1,26.8,55.9,59.97,212.4,0.4,0.0,1265.9,23.7,0.0,0.0,0,0.0,21.0,85.0,2025-10-06 06:11:03
147.4,0.2,32.4,138.2,0.2,28.5,60.0,60,212.5,0.5,0.0,1265.9,23.8,0.0,0.0,0,0.0,21.062,85.0,2025-10-06 06:12:06
147.7,0.2,33.2,136,0.2,29.4,61.7,59.98,212.5,0.6,0.0,1265.9,23.9,0.0,0.0,0,0.0,21.125,85.0,2025-10-06 06:13:08
149.2,0.2,34.4,134.1,0.2,29.9,63.4,60.03,212.3,0.5,0.0,1265.9,24,0.0,0.0,0,0.0,21.125,85.0,2025-10-06 06:14:10
149.1,0.2,36.9,144.7,0.2,32.1,67.8,60,212.6,0.5,0.0,1265.9,24.1,0.0,0.0,0,0.0,21.187,85.0,2025-10-06 06:15:13
146.7,0.2,38.5,142.3,0.2,33.5,71.1,60,212.4,0.5,0.0,1265.9,24.2,0.0,0.0,0,0.0,21.187,85.0,2025-10-06 06:16:15
144.5,0.2,39.2,143.9,0.2,34.5,72.4,60.01,212.4,0.5,0.0,1265.9,24.3,0.0,0.0,0,0.0,21.187,85.0,2025-10-06 06:17:18
146.2,0.2,40.5,143.2,0.2,35.8,74.8,59.97,212.4,0.6,0.0,1265.9,24.4,0.0,0.0,0,0.0,21.25,85.0,2025-10-06 06:18:20
149.2,0.2,42.2,135.5,0.2,35.4,76.2,60.02,212.7,0.4,0.0,1265.9,24.5,0.0,0.0,0,0.0,21.312,85.0,2025-10-06 06:19:23
149.1,0.2,43.3,138.6,0.2,37.5,79.3,60.05,212.8,0.5,0.0,1265.9,24.6,0.0,0.0,0,0.0,21.375,85.0,2025-10-06 06:20:25
146,0.2,44.8,141.7,0.2,40.5,83.1,60.03,212.7,0.4,0.0,1265.9,24.7,0.0,0.0,0,0.0,21.437,85.0,2025-10-06 06:21:27
150.5,0.3,46.5,144.3,0.2,42.0,86.8,60.04,212.6,0.6,0.0,1265.9,24.8,0.0,0.0,0,0.0,21.437,85.0,2025-10-06 06:22:30
146.2,0.3,48.0,143.4,0.2,43.9,90.0,60,212.6,0.5,0.0,1265.9,24.9,0.0,0.0,0,0.0,21.437,85.0,2025-10-06 06:23:32
146.7,0.3,49.0,140.8,0.3,43.5,90.9,59.99,212.7,0.5,0.0,1265.9,24.9,0.0,0.0,0,0.0,21.5,85.0,2025-10-06 06:24:35
151.1,0.3,49.8,141.7,0.2,44.2,92.3,60.02,212.6,0.5,0.0,1265.9,25,0.0,0.0,0,0.0,21.562,85.0,2025-10-06 06:25:37
150.7,0.3,50.8,143.4,0.2,44.9,93.8,59.98,212.3,0.5,0.0,1265.9,25.1,0.0,0.0,0,0.0,21.625,85.0,2025-10-06 06:26:40
147.4,0.3,51.5,141.7,0.3,45.8,95.5,60.03,212.2,0.5,0.0,1265.9,25.2,0.0,0.0,0,0.0,21.625,85.0,2025-10-06 06:27:42
147.7,0.3,52.7,141.8,0.3,46.5,97.4,60.01,212.3,0.5,0.0,1265.9,25.3,0.0,0.0,0,0.0,21.687,85.0,2025-10-06 06:28:45
150.6,0.3,53.7,144.6,0.3,46.9,98.8,60.04,212.6,0.4,0.0,1265.9,25.4,0.0,0.0,0,0.0,21.625,85.0,2025-10-06 06:29:47
149.1,0.3,56.5,143.3,0.3,47.2,101.3,60.01,212.5,0.5,0.0,1265.9,25.4,0.0,0.0,0,0.0,21.625,85.0,2025-10-06 06:30:49
150.6,0.3,57.4,141.9,0.3,48.2,103.8,60,212.5,0.5,0.0,1265.9,25.5,0.0,0.0,0,0.0,21.625,85.0,2025-10-06 06:31:52
147.6,0.3,58.6,149,0.3,48.5,105.1,59.99,212.5,0.6,0.0,1265.9,25.5,0.0,0.0,0,0.0,21.562,85.0,2025-10-06 06:32:54
147.6,0.4,59.6,146.2,0.3,51.3,109.3,59.98,212.6,0.6,0.0,1265.9,25.6,0.0,0.0,0,0.0,21.625,85.0,2025-10-06 06:33:57
149.8,0.4,60.8,141.8,0.3,52.1,110.8,60.01,212.7,0.6,0.0,1265.9,25.6,0.0,0.0,0,0.0,21.625,85.0,2025-10-06 06:34:59
150.5,0.4,62.7,143,0.3,54.1,114.4,59.98,212.5,0.7,0.0,1265.9,25.7,0.0,0.0,0,0.0,21.625,85.0,2025-10-06 06:36:02
149.1,0.4,64.1,147.5,0.3,55.3,117.1,60.02,212.4,0.6,0.0,1265.9,25.8,0.0,0.0,0,0.0,21.687,85.0,2025-10-06 06:37:04
152.1,0.4,65.8,144.6,0.3,57.5,121.1,59.97,212.6,0.5,0.0,1265.9,25.9,0.0,0.0,0,0.0,21.687,85.0,2025-10-06 06:38:06
146.2,0.4,66.6,144.7,0.4,59.8,124.0,59.99,212.6,0.6,0.0,1265.9,26,0.0,0.0,0,0.0,21.687,85.0,2025-10-06 06:39:09
148.8,0.4,70.0,147.8,0.4,61.9,129.4,60.03,212.8,0.6,0.0,1265.9,26,0.0,0.0,0,38.845008416418494,21.687,85.0,2025-10-06 06:40:11
149.1,0.4,71.7,141.8,0.4,62.9,132.2,60.04,212.8,0.8,0.0,1265.9,26.1,0.0,0.0,0,38.845008416418494,21.812,85.0,2025-10-06 06:41:14
146,0.4,72.3,144.5,0.4,65.3,135.2,60,212.8,0.7,0.0,1265.9,26.2,0.0,0.0,0,38.845008416418494,21.937,85.0,2025-10-06 06:42:16
151.4,0.4,73.9,145.3,0.4,65.9,137.1,60.01,212.7,0.7,0.0,1265.9,26.3,0.0,0.0,0,38.845008416418494,22.0,85.0,2025-10-06 06:43:19
148.9,0.5,75.7,141.6,0.4,64.9,138.0,60.02,212.5,0.7,0.0,1265.9,26.4,0.0,0.0,0,38.845008416418494,22.062,85.0,2025-10-06 06:44:21
148.5,0.5,77.5,147.1,0.4,66.1,140.9,59.98,212.7,0.7,0.0,1265.9,26.4,0.0,0.0,0,38.845008416418494,22.125,85.0,2025-10-06 06:45:23
152.1,0.5,78.4,144.6,0.4,68.6,144.0,60.01,212.5,0.7,0.0,1265.9,26.5,0.0,0.0,0,38.845008416418494,22.187,85.0,2025-10-06 06:46:26
149.2,0.5,80.4,141.8,0.4,70.0,147.3,60.01,212.2,0.7,0.0,1265.9,26.5,0.0,0.0,0,38.845008416418494,22.312,85.0,2025-10-06 06:47:28
149,0.5,82.5,147.6,0.4,70.2,149.8,59.98,212.5,0.7,0.0,1265.9,26.6,0.0,0.0,0,38.845008416418494,22.375,85.0,2025-10-06 06:48:31
152,0.5,83.3,144.8,0.4,70.7,151.2,60.02,212.5,0.7,0.0,1265.9,26.7,0.0,0.0,0,38.845008416418494,22.437,85.0,2025-10-06 06:49:33
146,0.5,84.5,144.8,0.5,73.5,155.3,59.98,212.6,0.7,0.0,1265.9,26.8,0.0,0.0,0,38.845008416418494,22.5,85.0,2025-10-06 06:50:36
149.4,0.5,87.4,147.5,0.4,73.8,158.1,59.99,212.2,0.7,0.0,1265.9,26.8,0.0,0.0,0,38.845008416418494,22.625,85.0,2025-10-06 06:51:38
149.3,0.5,88.0,141.9,0.5,73.9,159.3,60,212.4,0.8,0.0,1265.9,26.9,0.0,0.0,0,38.845008416418494,22.687,85.0,2025-10-06 06:52:41
146.1,0.6,88.7,146,0.5,76.4,161.9,60.02,212.6,0.8,0.0,1265.9,27,0.0,0.0,0,38.845008416418494,22.687,85.0,2025-10-06 06:53:43
152.1,0.6,94.0,146.1,0.5,80.7,171.3,59.99,212.5,0.7,0.0,1265.9,27.1,0.0,0.0,0,38.845008416418494,22.75,85.0,2025-10-06 06:54:45
149,0.6,98.4,143.3,0.5,83.6,179.2,59.99,212.3,0.8,0.0,1265.9,27.1,0.0,0.0,0,38.845008416418494,22.875,85.0,2025-10-06 06:55:48
149.1,0.6,100.0,146.2,0.5,85.4,181.9,60.04,212.4,0.9,0.0,1265.9,27.2,0.0,0.0,0,38.845008416418494,22.937,85.0,2025-10-06 06:56:50
152.2,0.6,103.8,146.1,0.6,88.8,188.9,60,212.4,0.8,0.1,1266.0,27.3,0.0,0.0,0,38.845008416418494,23.062,85.0,2025-10-06 06:57:53
148.4,0.7,104.5,143.8,0.6,88.2,188.6,59.99,212.5,0.9,0.1,1266.0,27.3,0.0,0.0,0,38.845008416418494,23.125,85.0,2025-10-06 06:58:55
149,0.7,108.4,149.2,0.6,89.7,194.4,60.05,212.2,0.8,0.1,1266.0,27.4,0.0,0.0,0,38.845008416418494,23.25,85.0,2025-10-06 06:59:58
150.9,0.7,111.7,145.2,0.6,93.4,201.1,60,212.3,0.9,0.1,1266.0,27.4,0.0,0.0,0,38.845008416418494,23.312,85.0,2025-10-06 07:01:00
152.1,0.7,115.1,147.5,0.6,97.3,207.6,59.97,212.8,1,0.1,1266.0,27.4,0.0,0.0,0,38.845008416418494,23.375,85.0,2025-10-06 07:02:02
153.4,0.8,121.7,143,0.7,101.9,218.6,59.98,212.7,1,0.1,1266.0,27.5,0.0,0.0,0,38.845008416418494,23.5,85.0,2025-10-06 07:03:05
147.6,0.8,130.3,149.1,0.7,110.1,235.1,60,212.5,1,0.1,1266.0,27.5,0.0,0.0,0,38.845008416418494,23.562,85.0,2025-10-06 07:04:07
150.5,0.9,133.9,149,0.7,111.4,239.6,59.98,212.5,1.1,0.1,1266.0,27.6,0.0,0.0,0,77.69001683283699,23.625,85.0,2025-10-06 07:05:10
150.6,0.8,137.2,145.9,0.7,112.4,242.6,59.99,212.4,1.1,0.1,1266.0,27.7,0.0,0.0,0,77.69001683283699,23.75,85.0,2025-10-06 07:06:12
147.3,0.9,142.3,147.5,0.8,117.6,250.8,60.02,212.4,1.1,0.1,1266.0,27.7,0.0,0.0,0,77.69001683283699,23.812,85.0,2025-10-06 07:07:15
148.9,1,151.8,149.2,0.8,122.5,264.6,60.02,212.4,1.3,0.1,1266.0,27.8,0.0,0.0,0,77.69001683283699,23.875,85.0,2025-10-06 07:08:17
151.8,1,158.9,149,0.8,127.6,276.5,59.97,212.5,1.2,0.1,1266.0,27.9,0.0,0.0,0,77.69001683283699,24.062,85.0,2025-10-06 07:09:19
168.7,1,175.4,151.3,0.9,134.2,299.3,60.04,212.3,1.4,0.1,1266.0,28,0.0,0.0,0,77.69001683283699,24.25,85.0,2025-10-06 07:10:22
168.8,1.1,181.5,146.4,0.9,138.6,307.0,59.97,212.4,1.4,0.1,1266.0,28,0.0,0.0,0,77.69001683283699,24.375,85.0,2025-10-06 07:11:24
165.9,1.1,183.9,149.1,0.9,142.2,311.8,59.98,212.5,1.4,0.1,1266.0,28.1,0.0,0.0,0,77.69001683283699,24.5,85.0,2025-10-06 07:12:27
171.8,1,180.8,149.1,0.9,145.2,313.1,59.96,212.5,1.5,0.1,1266.0,28.2,0.0,0.0,0,77.69001683283699,24.625,85.0,2025-10-06 07:13:29
168.9,1.1,198.0,145.9,1,149.2,330.2,59.96,212.7,1.5,0.1,1266.0,28.3,0.0,0.0,0,77.69001683283699,24.812,85.0,2025-10-06 07:14:32
165.8,1.2,199.1,152,1,151.3,333.4,59.99,212.4,1.5,0.1,1266.0,28.3,0.0,0.0,0,77.69001683283699,24.937,85.0,2025-10-06 07:15:34
169.1,1.1,192.9,148,0.9,144.5,322.3,60.03,212.1,1.5,0.1,1266.0,28.4,0.1,0.0,0,77.69001683283699,25.062,85.0,2025-10-06 07:16:37
168,0.9,156.2,149.7,0.7,119.5,268.0,60.01,212.3,1.2,0.1,1266.0,28.4,0.1,0.0,0,77.69001683283699,25.187,85.0,2025-10-06 07:17:39
168.4,0.9,156.0,149,0.7,116.7,266.0,59.97,212.8,1.2,0.1,1266.0,28.5,0.1,0.0,0,77.69001683283699,25.25,85.0,2025-10-06 07:18:41
167.6,0.8,162.4,144.7,0.8,120.6,273.7,60.03,212.8,1.2,0.1,1266.0,28.5,0.1,0.0,0,77.69001683283699,25.375,85.0,2025-10-06 07:19:44
167.6,0.9,162.1,150.5,0.8,122.5,277.0,60.04,212.4,1.2,0.2,1266.1,28.6,0.1,0.0,0,77.69001683283699,25.437,85.0,2025-10-06 07:20:46
164.5,0.9,160.6,147.6,0.8,121.7,273.5,60.04,212.5,1.2,0.2,1266.1,28.6,0.1,0.0,0,77.69001683283699,25.5,85.0,2025-10-06 07:21:49
167.4,0.9,163.3,144.7,0.8,120.8,274.4,59.99,212.6,1.2,0.2,1266.1,28.6,0.1,0.0,0,77.69001683283699,25.437,85.0,2025-10-06 07:22:51
167.8,1,170.3,147.9,0.8,130.6,289.2,60.01,212.5,1.4,0.2,1266.1,28.7,0.1,0.0,0,77.69001683283699,25.562,85.0,2025-10-06 07:23:54
164.3,1.1,180.0,146,0.9,134.8,302.1,60,212.6,1.4,0.2,1266.1,28.8,0.1,0.1,0,77.69001683283699,25.687,85.0,2025-10-06 07:24:56
167.3,1.1,192.3,151.8,0.9,142.6,321.2,59.99,212.7,1.5,0.2,1266.1,28.8,0.1,0.1,0,77.69001683283699,25.687,85.0,2025-10-06 07:25:58
167.4,1.3,221.5,149.1,1.1,161.3,363.0,60,212.7,1.7,0.2,1266.1,28.9,0.1,0.1,0,116.53502524925548,25.75,85.0,2025-10-06 07:27:01
164.4,1.3,219.6,153.5,1,159.3,359.5,60,212.7,1.6,0.2,1266.1,29.1,0.1,0.1,0,116.53502524925548,25.812,85.0,2025-10-06 07:28:03
170.5,1.3,212.6,147.7,1,159.7,353.8,60.03,212.4,1.7,0.2,1266.1,29.2,0.1,0.1,0,116.53502524925548,25.812,85.0,2025-10-06 07:29:06
167.4,1.3,228.7,150.5,1.1,165.6,374.4,60.03,211.9,1.7,0.2,1266.1,29.2,0.1,0.1,0,116.53502524925548,25.875,85.0,2025-10-06 07:30:08
167.3,1.3,227.9,150.6,1,162.8,369.2,59.98,212.7,1.6,0.2,1266.1,29.3,0.1,0.1,0,116.53502524925548,26.062,85.0,2025-10-06 07:31:11
167,1.4,228.9,147.6,1.1,164.8,372.5,59.97,212,1.7,0.2,1266.1,29.3,0.1,0.1,0,116.53502524925548,26.187,85.0,2025-10-06 07:32:13
168,1.4,235.1,151,1.1,170.5,384.8,60.02,212.5,1.8,0.2,1266.1,29.4,0.1,0.1,0,116.53502524925548,26.375,85.0,2025-10-06 07:33:15
166.9,1.5,244.4,150.6,1.1,176.6,397.8,60.04,212.5,1.9,0.2,1266.1,29.4,0.1,0.1,0,116.53502524925548,26.375,85.0,2025-10-06 07:34:18
167.4,1.5,259.0,148,1.2,183.5,417.2,60,212.7,1.9,0.2,1266.1,29.5,0.1,0.1,0,116.53502524925548,26.437,85.0,2025-10-06 07:35:20
167.4,1.6,269.0,153.5,1.2,187.8,431.4,60.02,212.7,2,0.2,1266.1,29.6,0.1,0.1,0,155.38003366567398,26.5,85.0,2025-10-06 07:36:23
167,1.7,290.2,150.4,1.3,201.9,465.3,60.02,212.6,2.1,0.2,1266.1,29.7,0.1,0.1,0,155.38003366567398,26.562,85.0,2025-10-06 07:37:25
167.4,1.7,296.4,150.4,1.3,204.1,472.1,60.04,212.7,2.2,0.3,1266.2,29.8,0.1,0.1,0,155.38003366567398,26.687,85.0,2025-10-06 07:38:28
170.4,1.7,279.4,153.8,1.2,195.0,445.6,60.02,212.6,2.1,0.3,1266.2,29.9,0.1,0.1,0,155.38003366567398,26.812,85.0,2025-10-06 07:39:30
167.3,1.6,274.3,147.7,1.2,184.8,434.6,59.98,212.7,2,0.3,1266.2,30.1,0.1,0.1,0,155.38003366567398,26.812,85.0,2025-10-06 07:40:32
167.3,1.5,258.8,150.5,1.1,171.7,405.9,60.03,212.4,1.9,0.3,1266.2,30.2,0.1,0.1,0,155.38003366567398,26.812,85.0,2025-10-06 07:41:35
167.4,1.6,271.5,148.4,1.2,176.4,422.6,59.98,212,1.9,0.3,1266.2,30.3,0.1,0.1,0,155.38003366567398,26.937,85.0,2025-10-06 07:42:37
166.2,1.7,281.4,153.5,1.2,182.5,438.7,59.96,212.4,2,0.3,1266.2,30.4,0.2,0.1,0,155.38003366567398,27.125,85.0,2025-10-06 07:43:40
167.4,1.7,289.6,149.3,1.2,184.1,447.5,60.04,212.2,2.1,0.3,1266.2,30.5,0.2,0.1,0,155.38003366567398,27.25,85.0,2025-10-06 07:44:42
167.4,1.7,289.8,150.4,1.2,183.5,448.2,60.04,212.4,2.1,0.3,1266.2,30.6,0.2,0.1,0,155.38003366567398,27.312,85.0,2025-10-06 07:45:45
168,1.6,292.0,153.6,1.2,190.4,457.4,60.03,212.6,2.1,0.3,1266.2,30.7,0.2,0.1,0,155.38003366567398,27.437,85.0,2025-10-06 07:46:47
166.8,1.8,297.6,147.6,1.3,191.9,463.5,59.98,212.5,2.2,0.3,1266.2,30.7,0.2,0.1,0,194.22504208209244,27.5,85.0,2025-10-06 07:47:49
167.5,1.9,315.6,150.2,1.3,193.2,478.2,60.01,212.7,2.2,0.3,1266.2,30.8,0.2,0.1,0,194.22504208209244,27.562,85.0,2025-10-06 07:48:52
167.3,1.8,279.5,150.5,1.1,183.8,443.2,60.03,212.7,2.1,0.3,1266.2,30.8,0.2,0.1,0,155.38003366567398,27.812,85.0,2025-10-06 07:49:54
169.8,1.7,293.9,147.4,1.2,182.8,426.3,60.02,212.5,2.1,0.4,1266.3,30.9,0.2,0.1,0,155.38003366567398,27.812,85.0,2025-10-06 07:50:57
167.5,1.8,295.7,152.2,1.2,179.2,449.2,60.02,212.1,2.1,0.4,1266.3,30.9,0.2,0.1,0,155.38003366567398,27.875,85.0,2025-10-06 07:51:59
164.5,1.7,288.5,150.5,1.1,177.1,440.2,60.03,211.8,2,0.4,1266.3,30.9,0.2,0.1,0,155.38003366567398,28.0,85.0,2025-10-06 07:53:02
167.8,1.4,288.9,149.4,1.2,176.1,440.7,60,212.6,1.8,0.4,1266.3,30.9,0.2,0.1,0,155.38003366567398,28.187,85.0,2025-10-06 07:54:04
166.7,1.7,280.7,153.5,1.1,170.2,427.5,60.03,212.7,1.9,0.4,1266.3,31,0.2,0.1,0,155.38003366567398,28.187,85.0,2025-10-06 07:55:06
163.7,1.7,280.1,148.3,1.1,170.5,423.5,60,212.5,1.9,0.4,1266.3,31,0.2,0.1,0,155.38003366567398,28.375,85.0,2025-10-06 07:56:09
164.4,1.7,283.4,147.6,1.1,171.3,431.1,60,212.5,2,0.4,1266.3,31,0.2,0.1,0,155.38003366567398,28.5,85.0,2025-10-06 07:57:11
164.2,1.7,281.0,150.3,1.1,171.0,427.9,59.96,212.5,2,0.4,1266.3,31,0.2,0.2,0,155.38003366567398,28.437,85.0,2025-10-06 07:58:14
167.4,1.6,275.2,147.6,1.1,168.6,420.7,59.96,211.9,2,0.4,1266.3,31,0.2,0.2,0,155.38003366567398,28.562,85.0,2025-10-06 07:59:16
164.6,1.6,270.9,150.6,1.1,166.7,414.1,59.98,212.4,1.9,0.4,1266.3,31,0.2,0.2,0,155.38003366567398,28.5,85.0,2025-10-06 08:00:19
165.9,1.6,263.1,149.3,1.1,163.5,405.1,59.98,212.6,1.9,0.4,1266.3,30.9,0.2,0.2,0,155.38003366567398,28.562,85.0,2025-10-06 08:01:18
164.3,1.6,269.1,150.4,1,164.5,410.6,59.97,212.7,1.9,0.4,1266.3,30.9,0.2,0.2,0,155.38003366567398,28.625,85.0,2025-10-06 08:01:21
164.3,1.6,265.7,152,1.1,161.6,405.2,60.02,212.2,1.9,0.4,1266.3,31,0.2,0.2,0,155.38003366567398,28.625,85.0,2025-10-06 08:02:21
161.2,1.6,261.6,150.4,1.1,162.9,402.5,60.01,212.2,1.9,0.4,1266.3,31,0.2,0.2,0,155.38003366567398,28.625,85.0,2025-10-06 08:02:24
163,1.6,269.3,150.4,1.1,165.0,410.6,59.99,212.1,1.9,0.4,1266.3,31,0.2,0.2,0,155.38003366567398,28.5,85.0,2025-10-06 08:03:23
164.4,1.6,269.4,153.6,1,163.3,410.2,59.98,212.1,1.9,0.4,1266.3,31,0.2,0.2,0,155.38003366567398,28.5,85.0,2025-10-06 08:03:26
162.3,1.7,276.2,149.5,1.1,169.7,426.3,59.97,212.2,2,0.4,1266.3,31.1,0.2,0.2,0,155.38003366567398,28.5,85.0,2025-10-06 08:04:26
164.4,1.6,281.3,147.7,1.1,170.5,426.9,59.98,212.1,1.9,0.4,1266.3,31.1,0.2,0.2,0,155.38003366567398,28.625,85.0,2025-10-06 08:04:28
164.5,1.7,289.7,149,1.1,175.6,440.6,59.96,212.3,2,0.5,1266.4,31.1,0.3,0.2,0,155.38003366567398,28.687,85.0,2025-10-06 08:05:28
164.4,1.6,290.1,149.1,1.2,175.8,439.7,59.97,212.2,2,0.5,1266.4,31.1,0.3,0.2,0,155.38003366567398,28.687,85.0,2025-10-06 08:05:31
164.4,1.8,293.6,146.2,1.2,175.4,442.6,59.96,212.2,2,0.5,1266.4,31.2,0.3,0.2,0,155.38003366567398,28.75,85.0,2025-10-06 08:06:31
167.7,1.7,286.9,149.2,1.2,176.6,439.4,60.01,212.3,2.1,0.5,1266.4,31.2,0.3,0.2,0,155.38003366567398,28.75,85.0,2025-10-06 08:06:33
164.3,1.7,283.7,156.3,1.1,174.6,436.2,59.97,212.3,2,0.5,1266.4,31.3,0.3,0.2,0,155.38003366567398,28.75,85.0,2025-10-06 08:07:33
165.1,1.7,279.6,158.5,1.1,174.0,431.5,59.97,212.3,2,0.5,1266.4,31.3,0.3,0.2,0,155.38003366567398,28.75,85.0,2025-10-06 08:07:36
164.4,1.6,277.2,159.4,1.1,173.3,427.7,59.95,211.9,1.9,0.5,1266.4,31.4,0.3,0.2,0,155.38003366567398,28.562,85.0,2025-10-06 08:08:36
165.7,1.7,270.3,161.2,1,172.1,421.0,59.94,211.9,1.9,0.5,1266.4,31.4,0.3,0.2,0,155.38003366567398,28.562,85.0,2025-10-06 08:08:38
167.1,1.6,263.7,162,1,162.0,406.1,59.99,212,1.9,0.5,1266.4,31.5,0.3,0.2,0,155.38003366567398,28.375,85.0,2025-10-06 08:09:38
164.3,1.6,271.8,159.5,1,170.7,422.3,59.99,212,1.9,0.5,1266.4,31.5,0.3,0.2,0,155.38003366567398,28.375,85.0,2025-10-06 08:09:41
164.5,1.7,276.3,159.1,1.1,173.6,428.8,60.03,212,2,0.5,1266.4,31.6,0.3,0.2,0,155.38003366567398,28.062,85.0,2025-10-06 08:10:41
162.8,1.7,272.9,156.3,1.1,171.1,421.3,60.02,212,1.9,0.5,1266.4,31.6,0.3,0.2,0,155.38003366567398,28.062,85.0,2025-10-06 08:10:43
164.4,1.7,275.1,159.4,1.1,173.9,426.3,60,212,2,0.5,1266.4,31.7,0.3,0.2,0,155.38003366567398,27.937,85.0,2025-10-06 08:11:43
164.2,1.6,275.6,162.3,1,165.2,421.0,60.02,212,2,0.5,1266.4,31.7,0.3,0.2,0,155.38003366567398,27.937,85.0,2025-10-06 08:11:46
161.5,1.7,274.8,159.4,1.1,171.6,425.8,60.03,211.3,2,0.5,1266.4,31.7,0.3,0.2,0,155.38003366567398,27.875,85.0,2025-10-06 08:12:46
164.4,1.7,279.3,159.4,1.1,177.0,433.5,60.02,211.3,1.9,0.5,1266.4,31.7,0.3,0.2,0,155.38003366567398,27.875,85.0,2025-10-06 08:12:48
164.7,1.7,283.5,156.5,1.1,179.1,438.8,60.01,210.9,2,0.5,1266.4,31.8,0.3,0.2,0,194.22504208209244,27.875,85.0,2025-10-06 08:13:48
164.2,1.6,286.2,156.5,1.1,177.4,439.7,59.99,210.9,2,0.5,1266.4,31.8,0.3,0.2,0,155.38003366567398,27.875,85.0,2025-10-06 08:13:51
164.4,1.7,288.1,159,1.1,179.7,444.5,60.03,211.6,2,0.5,1266.4,31.9,0.3,0.2,0,194.22504208209244,27.812,85.0,2025-10-06 08:14:50
167.7,1.7,283.4,159.4,1,181.6,438.6,60.04,211.6,2,0.5,1266.4,31.9,0.3,0.2,0,194.22504208209244,27.875,85.0,2025-10-06 08:14:53
166.7,1.7,291.1,161.8,1.1,179.7,448.1,60.01,211.9,2.1,0.5,1266.4,32,0.3,0.2,0,194.22504208209244,27.875,85.0,2025-10-06 08:15:53
164,1.8,291.4,159.4,1.1,184.3,451.7,60,211.8,2.1,0.5,1266.4,32,0.3,0.2,0,194.22504208209244,27.875,85.0,2025-10-06 08:15:55
165.4,1.8,285.9,158.8,1.1,182.6,453.1,59.98,211.8,2.1,0.5,1266.4,32.1,0.3,0.2,0,194.22504208209244,27.875,85.0,2025-10-06 08:16:55
162.7,1.8,292.6,160.6,1,184.4,453.2,59.97,211.9,2,0.5,1266.4,32.1,0.3,0.2,0,194.22504208209244,27.875,85.0,2025-10-06 08:16:58
164.4,1.8,294.4,162.1,1.1,174.9,447.1,59.98,211.8,2.1,0.5,1266.4,32.1,0.3,0.2,0,194.22504208209244,27.875,85.0,2025-10-06 08:17:58
162.7,1.8,290.9,159.4,1.1,186.1,452.0,59.96,211.8,2.2,0.5,1266.4,32.1,0.3,0.2,0,194.22504208209244,27.875,85.0,2025-10-06 08:18:00
161.6,1.8,290.7,156.4,1.1,184.8,449.8,59.96,211.7,2.1,0.6,1266.5,32.1,0.3,0.2,0,194.22504208209244,27.687,85.0,2025-10-06 08:19:00
164.5,1.8,295.5,157.5,1.1,184.7,456.1,59.98,211.7,2.1,0.6,1266.5,32.1,0.3,0.2,0,194.22504208209244,27.687,85.0,2025-10-06 08:19:03
164.3,1.8,298.4,159.4,1.2,188.6,462.1,59.97,211.7,2.1,0.6,1266.5,32.2,0.3,0.2,0,194.22504208209244,27.687,85.0,2025-10-06 08:20:03
167.3,1.7,295.6,162.4,1.1,181.8,455.1,59.97,211.8,2,0.6,1266.5,32.2,0.3,0.2,0,194.22504208209244,27.875,85.0,2025-10-06 08:20:05
164.3,1.8,303.3,162.3,1.2,182.0,461.1,59.95,211.7,2.1,0.6,1266.5,32.2,0.3,0.2,0,194.22504208209244,27.75,85.0,2025-10-06 08:21:05
164.2,1.8,298.9,159.4,1.2,192.7,466.8,59.96,211.7,2.2,0.6,1266.5,32.2,0.3,0.2,0,194.22504208209244,27.687,85.0,2025-10-06 08:21:08
167.4,1.8,299.7,159.4,1.2,195.0,468.7,60.01,211.8,2.2,0.6,1266.5,32.3,0.3,0.2,0,194.22504208209244,27.75,85.0,2025-10-06 08:22:08
164.4,1.8,306.8,156.4,1.2,193.2,472.9,60.01,211.9,2.2,0.6,1266.5,32.3,0.3,0.2,0,194.22504208209244,27.75,85.0,2025-10-06 08:22:10
164.4,1.9,309.1,158.2,1.2,197.0,477.3,59.98,211.8,2.2,0.6,1266.5,32.3,0.3,0.2,0,194.22504208209244,27.687,85.0,2025-10-06 08:23:10
161.8,1.9,307.1,159.4,1.2,198.2,474.4,59.98,211.8,2.2,0.6,1266.5,32.3,0.3,0.2,0,194.22504208209244,27.687,85.0,2025-10-06 08:23:13
162.6,1.9,308.7,160.7,1.1,199.7,481.3,60.02,211.6,2.2,0.6,1266.5,32.4,0.3,0.2,0,194.22504208209244,27.625,85.0,2025-10-06 08:24:13
163.8,1.9,308.9,159.5,1.2,199.8,481.7,60.02,211.6,2.2,0.6,1266.5,32.4,0.3,0.2,0,194.22504208209244,27.625,85.0,2025-10-06 08:24:15
163.1,1.9,305.8,157.7,1.3,202.8,481.3,60.03,211.8,2.3,0.6,1266.5,32.4,0.3,0.2,0,194.22504208209244,27.562,85.0,2025-10-06 08:25:15
165,1.8,310.2,159.3,1.2,202.3,485.0,60.04,211.9,2.2,0.6,1266.5,32.4,0.3,0.2,0,194.22504208209244,27.562,85.0,2025-10-06 08:25:18
164.3,1.9,311.6,155.2,1.3,203.1,485.8,59.97,211.8,2.2,0.6,1266.5,32.5,0.4,0.2,0,194.22504208209244,27.562,85.0,2025-10-06 08:26:17
167.3,1.9,300.6,153.9,1.3,203.0,476.6,59.98,212.2,2.3,0.6,1266.5,32.5,0.4,0.2,0,194.22504208209244,27.562,85.0,2025-10-06 08:26:20
167.4,1.8,306.9,156.3,1.3,209.7,489.0,60.01,212.1,2.3,0.6,1266.5,32.5,0.4,0.2,0,194.22504208209244,27.5,85.0,2025-10-06 08:27:20
164.6,1.9,313.1,157.6,1.3,211.3,495.1,60.01,212.1,2.3,0.6,1266.5,32.5,0.4,0.2,0,194.22504208209244,27.5,85.0,2025-10-06 08:27:23
164.2,1.9,314.6,156.4,1.3,212.5,497.2,59.99,211.4,2.3,0.6,1266.5,32.5,0.4,0.2,0,194.22504208209244,27.562,85.0,2025-10-06 08:28:22
164.3,1.9,316.4,156.7,1.3,212.0,495.0,59.99,211.5,2.3,0.6,1266.5,32.6,0.4,0.2,0,233.07005049851097,27.562,85.0,2025-10-06 08:28:25
164.4,1.9,320.9,156.2,1.4,215.7,506.1,59.98,212.3,2.3,0.6,1266.5,32.6,0.4,0.2,0,233.07005049851097,27.562,85.0,2025-10-06 08:29:25
164.5,1.9,317.8,156.4,1.4,217.1,503.9,59.97,212.4,2.3,0.6,1266.5,32.6,0.4,0.2,0,233.07005049851097,27.562,85.0,2025-10-06 08:29:27
161.4,2,321.6,159.4,1.2,219.3,509.4,60.02,212.2,2.3,0.6,1266.5,32.7,0.4,0.2,0,233.07005049851097,27.75,85.0,2025-10-06 08:30:27
164.5,2,325.9,159.7,1.4,209.0,505.4,60.03,211.4,2.4,0.6,1266.5,32.7,0.4,0.2,0,233.07005049851097,27.75,85.0,2025-10-06 08:30:30
164.4,2,330.4,158,1.4,222.4,521.4,60.03,211.7,2.4,0.7,1266.6,32.8,0.4,0.3,0,233.07005049851097,27.937,85.0,2025-10-06 08:31:30
166.6,1.9,328.9,159.4,1.4,222.7,521.2,60.03,211.6,2.4,0.7,1266.6,32.8,0.4,0.3,0,233.07005049851097,27.937,85.0,2025-10-06 08:31:32
165.3,2,325.4,159.4,1.4,225.0,519.1,60.02,212.2,2.5,0.7,1266.6,32.9,0.4,0.3,0,233.07005049851097,28.125,85.0,2025-10-06 08:32:35
164.4,2,336.8,156.3,1.4,228.2,531.9,60.03,212.1,2.4,0.7,1266.6,33,0.4,0.3,0,233.07005049851097,28.125,85.0,2025-10-06 08:33:37
161.7,2.1,335.1,159.5,1.4,231.6,533.5,60.01,211.9,2.5,0.7,1266.6,33.1,0.4,0.3,0,233.07005049851097,28.125,85.0,2025-10-06 08:34:40
164.3,2.1,346.6,159.3,1.5,236.5,551.2,60.02,211.9,2.5,0.7,1266.6,33.1,0.4,0.3,0,233.07005049851097,28.187,85.0,2025-10-06 08:35:42
164.4,2,353.8,159.4,1.5,241.4,561.9,60.05,212.2,2.5,0.7,1266.6,33.1,0.4,0.3,0,233.07005049851097,28.25,85.0,2025-10-06 08:36:44
167.4,2.2,354.2,156.4,1.6,246.5,566.1,60.02,212.3,2.7,0.7,1266.6,33.1,0.4,0.3,0,271.91505891492943,28.5,85.0,2025-10-06 08:37:47
163.7,2.2,367.0,153.7,1.6,249.7,582.4,60,212.1,2.7,0.7,1266.6,33.2,0.4,0.3,0,271.91505891492943,28.5,85.0,2025-10-06 08:38:49
161.8,2.3,369.9,157,1.6,254.9,588.7,59.98,212.2,2.7,0.7,1266.6,33.3,0.4,0.3,0,271.91505891492943,28.5,85.0,2025-10-06 08:39:52
163.9,2.3,374.6,154.1,1.6,257.2,594.7,59.98,212.2,2.7,0.7,1266.6,33.4,0.4,0.3,0,271.91505891492943,28.75,85.0,2025-10-06 08:40:54
164.3,2.3,384.4,156.3,1.7,264.0,610.1,59.97,212.2,2.8,0.8,1266.7,33.4,0.4,0.3,0,271.91505891492943,28.937,85.0,2025-10-06 08:41:57
165.8,2.2,388.0,156.5,1.7,267.2,616.1,60.06,211.6,2.8,0.8,1266.7,33.3,0.5,0.3,0,271.91505891492943,29.062,85.0,2025-10-06 08:42:59
166.7,2.4,384.5,159.4,1.7,267.2,614.8,60.03,212.2,2.9,0.8,1266.7,33.4,0.5,0.3,0,271.91505891492943,29.0,85.0,2025-10-06 08:44:01
164.5,2.4,391.6,156.4,1.7,273.3,624.9,59.98,212.1,2.9,0.8,1266.7,33.4,0.5,0.3,0,271.91505891492943,29.25,85.0,2025-10-06 08:45:04
161.5,2.4,389.9,156.4,1.7,277.3,627.5,59.99,211.8,2.9,0.8,1266.7,33.5,0.5,0.3,0,271.91505891492943,29.437,85.0,2025-10-06 08:46:06
164.4,2.4,401.9,159.7,1.8,276.7,639.2,60.01,211.4,3,0.8,1266.7,33.5,0.5,0.3,0,310.76006733134795,29.562,85.0,2025-10-06 08:47:09
164.4,2.3,408.6,156.3,1.8,282.6,650.8,60,212.4,3,0.8,1266.7,33.5,0.5,0.3,0,310.76006733134795,29.75,85.0,2025-10-06 08:48:11
167.2,2.5,392.2,154.4,1.8,287.4,639.1,60.03,212.1,3.1,0.8,1266.7,33.6,0.5,0.3,0,310.76006733134795,29.562,85.0,2025-10-06 08:49:14
164.4,2.5,416.1,155.4,1.8,286.0,659.0,60.02,212.3,3.1,0.8,1266.7,33.6,0.5,0.3,0,310.76006733134795,29.875,85.0,2025-10-06 08:50:16
162.7,2.5,411.0,156.4,1.8,290.7,660.1,59.99,212.3,3.1,0.8,1266.7,33.7,0.5,0.3,0,310.76006733134795,30.062,85.0,2025-10-06 08:51:18
162.9,2.5,404.8,157.6,1.8,292.5,653.1,60.03,212.3,3,0.9,1266.8,33.7,0.5,0.3,0,310.76006733134795,29.75,85.0,2025-10-06 08:52:21
164.4,2.5,408.2,158.5,1.9,284.9,657.6,59.99,212.3,3.1,0.9,1266.8,33.7,0.5,0.3,0,310.76006733134795,30.062,85.0,2025-10-06 08:53:23
164.9,2.3,409.4,159.6,1.8,288.7,644.8,59.99,212.3,2.9,0.9,1266.8,33.8,0.5,0.4,0,310.76006733134795,30.187,85.0,2025-10-06 08:54:26
164.5,2.5,397.6,156.3,1.9,294.1,648.6,59.99,212.1,3.1,0.9,1266.8,33.8,0.5,0.4,0,310.76006733134795,30.25,85.0,2025-10-06 08:55:28
164.4,2.5,414.9,159.4,1.9,292.8,665.7,60.01,212,3.1,0.9,1266.8,33.8,0.5,0.4,0,310.76006733134795,30.312,85.0,2025-10-06 08:56:31
161.3,2.6,415.1,156.4,1.9,301.4,673.3,60.02,212.2,3.1,0.9,1266.8,33.8,0.5,0.4,0,310.76006733134795,30.375,85.0,2025-10-06 08:57:33
164.7,2.6,420.8,153.6,1.9,301.0,680.3,59.99,212,3.2,0.9,1266.8,33.8,0.6,0.4,0,310.76006733134795,30.312,85.0,2025-10-06 08:58:35
164.4,2.4,423.8,157.1,1.8,304.3,681.3,59.99,212.3,3.1,0.9,1266.8,33.9,0.6,0.4,0,310.76006733134795,30.375,85.0,2025-10-06 08:59:38
167.1,2.5,395.4,156.4,1.9,304.5,658.3,60.02,211.7,3.2,1.0,1266.9,34.1,0.6,0.4,0,310.76006733134795,30.625,85.0,2025-10-06 09:00:40
164.4,2.6,425.7,153.4,1.9,302.6,683.8,60.02,211.7,3.2,1.0,1266.9,34.1,0.6,0.4,0,310.76006733134795,30.5,85.0,2025-10-06 09:01:43
164,2.6,422.5,156.4,1.9,302.8,681.9,59.97,212.3,3.2,1.0,1266.9,34.1,0.6,0.4,0,310.76006733134795,30.5,85.0,2025-10-06 09:02:45
161.6,2.5,414.7,153.5,1.9,301.4,673.6,59.99,211.7,3.2,1.0,1266.9,34.1,0.6,0.4,0,310.76006733134795,30.625,85.0,2025-10-06 09:03:48
164.4,2.5,414.5,153.4,1.9,299.3,670.5,60.01,212.2,3.1,1.0,1266.9,34.1,0.6,0.4,0,310.76006733134795,30.875,85.0,2025-10-06 09:04:50
166.4,2.2,397.1,153.3,1.9,295.2,652.5,60.02,212.1,2.9,1.0,1266.9,34.1,0.6,0.4,0,310.76006733134795,30.687,85.0,2025-10-06 09:05:53
165.4,2.4,358.7,156.3,1.8,294.0,613.8,60.02,212,3,1.0,1266.9,34.2,0.6,0.4,0,310.76006733134795,30.75,85.0,2025-10-06 09:06:55
164.4,2.4,395.9,153.8,1.9,290.7,647.2,60.02,212,3,1.0,1266.9,34.3,0.6,0.4,0,310.76006733134795,30.687,85.0,2025-10-06 09:07:57
161.7,2.4,387.7,154,1.8,291.6,637.2,59.98,212,3,1.0,1266.9,34.4,0.6,0.4,0,310.76006733134795,30.562,85.0,2025-10-06 09:09:00
164.4,2.4,389.6,153.5,1.9,290.2,637.5,59.98,212.2,3,1.1,1267.0,34.6,0.6,0.4,0,310.76006733134795,30.312,85.0,2025-10-06 09:10:02
164.4,2.3,391.9,153.5,1.8,291.3,641.7,60,212.1,2.9,1.1,1267.0,34.6,0.6,0.4,0,310.76006733134795,30.687,85.0,2025-10-06 09:11:05
167.3,2.3,369.4,156.4,1.9,291.3,622.5,60.05,212,3,1.1,1267.0,34.6,0.6,0.4,0,310.76006733134795,30.812,85.0,2025-10-06 09:12:07
164.3,2.4,384.5,153.5,1.9,296.2,640.3,60.03,212.2,3,1.1,1267.0,34.6,0.7,0.4,0,310.76006733134795,30.937,85.0,2025-10-06 09:13:10
164.3,2.5,406.2,153.5,1.9,299.4,662.2,59.99,212.3,3.1,1.1,1267.0,34.6,0.7,0.5,0,310.76006733134795,30.812,85.0,2025-10-06 09:14:12
163.9,2.5,412.8,156.4,1.9,301.3,670.9,60,212.3,3.1,1.1,1267.0,34.7,0.7,0.5,0,310.76006733134795,31.0,85.0,2025-10-06 09:15:14
164.5,2.6,423.6,153.4,2,306.4,685.4,60.04,212.3,3.2,1.1,1267.0,34.8,0.7,0.5,0,349.6050757477664,31.187,85.0,2025-10-06 09:16:17
166,2.3,423.2,152.9,2,305.8,681.4,60.01,211.8,3.2,1.1,1267.0,34.8,0.7,0.5,0,310.76006733134795,31.25,85.0,2025-10-06 09:17:19
166,2.6,401.4,157.3,2,304.0,691.2,60.04,212.1,3.3,1.1,1267.0,34.8,0.7,0.5,0,349.6050757477664,31.062,85.0,2025-10-06 09:18:22
164.4,2.7,438.4,153.6,2,313.8,705.8,60.01,212,3.3,1.2,1267.1,34.9,0.7,0.5,0,349.6050757477664,30.937,85.0,2025-10-06 09:19:24
161.4,2.7,437.6,156.4,2,315.6,705.9,60,211.5,3.3,1.2,1267.1,35,0.7,0.5,0,349.6050757477664,30.937,85.0,2025-10-06 09:20:27
164.4,2.8,451.5,159.4,2,309.0,713.6,60,211.6,3.4,1.2,1267.1,35.2,0.7,0.5,0,349.6050757477664,31.187,85.0,2025-10-06 09:21:29
164.4,2.6,472.6,156.4,1.9,324.0,748.8,60.02,212.2,3.3,1.2,1267.1,35.3,0.7,0.5,0,388.4500841641849,31.375,85.0,2025-10-06 09:22:32
167.1,3.1,467.4,156.4,2.1,333.1,751.1,60.02,212.3,3.7,1.2,1267.1,35.4,0.7,0.5,0,388.4500841641849,31.437,85.0,2025-10-06 09:23:34
164.4,3.1,502.8,153.6,2.1,330.3,781.8,60.02,212.1,3.7,1.2,1267.1,35.6,0.7,0.5,0,388.4500841641849,31.5,85.0,2025-10-06 09:24:36
162.3,3.1,500.6,158.3,2,333.4,784.2,60.01,212,3.6,1.2,1267.1,35.7,0.7,0.5,0,388.4500841641849,31.5,85.0,2025-10-06 09:25:39
163.2,3,496.6,156.4,2.1,335.1,780.4,60,212.2,3.7,1.3,1267.2,35.6,0.8,0.5,0,388.4500841641849,31.625,85.0,2025-10-06 09:26:41
164.5,3,495.3,153.4,2.1,332.6,776.3,60,211.9,3.6,1.3,1267.2,35.6,0.8,0.5,0,388.4500841641849,31.562,85.0,2025-10-06 09:27:44
162.7,2.9,471.7,156.4,2.1,327.5,750.2,60,211.7,3.5,1.3,1267.2,35.6,0.8,0.5,0,349.6050757477664,31.5,85.0,2025-10-06 09:28:46
164.5,2.9,470.5,153.5,2.1,330.2,750.6,60.01,212.1,3.5,1.3,1267.2,35.6,0.8,0.5,0,388.4500841641849,31.625,85.0,2025-10-06 09:29:49
158.4,2.9,458.9,153.6,2.1,328.2,738.0,59.99,212.1,3.5,1.3,1267.2,35.7,0.8,0.5,0,349.6050757477664,31.625,85.0,2025-10-06 09:30:51
164.5,2.8,464.4,156.6,2.1,329.0,743.1,59.98,212.1,3.5,1.3,1267.2,35.7,0.8,0.5,0,388.4500841641849,32.0,85.0,2025-10-06 09:31:54
161.1,2.9,473.4,153.1,2.1,332.3,756.0,59.97,212.2,3.6,1.3,1267.2,35.7,0.8,0.6,0,388.4500841641849,32.062,85.0,2025-10-06 09:32:56
164.3,2.9,475.4,152,2.1,327.7,753.6,59.97,212,3.6,1.3,1267.2,35.7,0.8,0.6,0,388.4500841641849,32.187,85.0,2025-10-06 09:33:58
164.4,3,489.7,156.3,2.1,336.0,775.5,59.97,212,3.7,1.4,1267.3,35.8,0.8,0.6,0,388.4500841641849,32.25,85.0,2025-10-06 09:35:01
164.4,2.9,481.2,156.4,2.1,333.0,764.2,60.03,212.1,3.6,1.4,1267.3,35.7,0.8,0.6,0,388.4500841641849,32.062,85.0,2025-10-06 09:36:03
161.3,3,486.5,153.6,2.2,336.1,771.3,60,212.2,3.6,1.4,1267.3,35.7,0.8,0.6,0,388.4500841641849,32.125,85.0,2025-10-06 09:37:06
159.2,3,473.8,151.1,2.2,333.1,761.9,59.97,211.6,3.6,1.4,1267.3,35.7,0.8,0.6,0,388.4500841641849,31.937,85.0,2025-10-06 09:38:08
161.4,2.9,474.8,156.5,2.1,332.5,758.0,60.04,212,3.6,1.4,1267.3,35.8,0.9,0.6,0,388.4500841641849,32.0,85.0,2025-10-06 09:39:10
164.3,2.8,467.8,153.5,2.2,331.9,750.1,60.01,211.9,3.5,1.4,1267.3,35.9,0.9,0.6,0,388.4500841641849,32.187,85.0,2025-10-06 09:40:13
161.6,3,487.8,150.4,2.2,331.0,769.0,60.02,212,3.6,1.4,1267.3,35.9,0.9,0.6,0,388.4500841641849,32.187,85.0,2025-10-06 09:41:15
164.3,3.1,511.4,159.3,2.2,337.8,793.8,60.04,212.2,3.8,1.4,1267.3,36,0.9,0.6,0,388.4500841641849,32.187,85.0,2025-10-06 09:42:18
161.6,3.3,531.2,156,2.2,344.6,823.1,60.03,212.2,3.9,1.5,1267.4,36.1,0.9,0.6,0,427.2950925806034,32.187,85.0,2025-10-06 09:43:20
162,3.2,535.8,156.4,2,345.9,827.5,60,211.4,3.8,1.5,1267.4,36.2,0.9,0.6,0,427.2950925806034,32.187,85.0,2025-10-06 09:44:23
164,3.3,524.4,156.6,2.2,344.3,817.1,60.02,211.4,3.9,1.5,1267.4,36.4,0.9,0.6,0,427.2950925806034,32.062,85.0,2025-10-06 09:45:25
161.3,3.2,517.8,153.5,2.2,341.2,805.6,60.01,211.9,3.8,1.5,1267.4,36.5,0.9,0.6,0,388.4500841641849,32.312,85.0,2025-10-06 09:46:28
160.9,3.2,512.0,156.4,2.1,339.6,791.2,60,211.9,3.7,1.5,1267.4,36.6,0.9,0.6,0,388.4500841641849,32.062,85.0,2025-10-06 09:47:30
158.9,3.2,507.6,153.5,2.2,339.4,794.5,59.97,212,3.7,1.5,1267.4,36.7,0.9,0.6,0,388.4500841641849,31.875,85.0,2025-10-06 09:48:32
161.3,3.2,516.2,155.3,2.2,340.8,805.2,59.99,211.8,3.8,1.5,1267.4,36.8,0.9,0.6,0,388.4500841641849,31.812,85.0,2025-10-06 09:49:35
164,3.1,511.5,156.5,2.2,340.7,800.3,59.98,211.9,3.7,1.6,1267.5,36.9,0.9,0.6,0,388.4500841641849,31.812,85.0,2025-10-06 09:50:37
162.2,3.2,504.8,153.2,2.2,335.8,788.1,59.99,211.7,3.7,1.6,1267.5,37,1.0,0.7,0,388.4500841641849,32.125,85.0,2025-10-06 09:51:40
161.5,3.1,506.8,144.6,2.2,317.9,772.5,60.01,211.6,3.5,1.6,1267.5,37.1,1.0,0.7,0,388.4500841641849,32.187,85.0,2025-10-06 09:52:42
159.1,3.1,492.9,146.1,2.1,318.3,760.2,60.03,211.8,3.6,1.6,1267.5,37.1,1.0,0.7,0,388.4500841641849,32.375,85.0,2025-10-06 09:53:45
161.4,3,490.6,153.6,2.2,337.7,778.5,60.02,211.2,3.6,1.6,1267.5,37.1,1.0,0.7,0,388.4500841641849,32.375,85.0,2025-10-06 09:54:47
161.4,2.9,479.3,154,2.2,336.8,765.4,60.02,211.3,3.6,1.6,1267.5,37.1,1.0,0.7,0,388.4500841641849,32.937,85.0,2025-10-06 09:55:50
164.4,2.9,465.4,153.8,2.1,335.7,753.4,60.04,210.7,3.6,1.6,1267.5,37.1,1.0,0.7,0,388.4500841641849,32.625,85.0,2025-10-06 09:56:52
161.4,2.9,468.5,156.5,2.2,334.1,754.2,60.04,210.9,3.6,1.7,1267.6,37.1,1.0,0.7,0,388.4500841641849,32.312,85.0,2025-10-06 09:57:54
159,2.9,461.8,153.8,2.2,336.3,748.7,60,211.2,3.5,1.7,1267.6,37.1,1.0,0.7,0,349.6050757477664,32.312,85.0,2025-10-06 09:58:57
160.9,2.9,455.3,150.7,2.2,334.7,742.2,59.97,210.7,3.5,1.7,1267.6,37.2,1.0,0.7,0,349.6050757477664,32.187,85.0,2025-10-06 09:59:59
161.4,2.8,458.4,152.6,2.2,330.7,740.1,60.05,211.3,3.5,1.7,1267.6,37.3,1.0,0.7,0,349.6050757477664,32.062,85.0,2025-10-06 10:01:02
163.4,2.7,456.1,152.6,2.2,332.2,739.2,60.05,211.3,3.5,1.7,1267.6,37.3,1.0,0.7,0,349.6050757477664,31.937,85.0,2025-10-06 10:02:04
162.5,2.8,449.8,155.5,2.1,336.0,737.1,60.02,211.3,3.5,1.7,1267.6,37.1,1.0,0.7,0,349.6050757477664,31.937,85.0,2025-10-06 10:03:06
163.2,2.7,449.4,153.5,2.2,337.3,739.0,59.97,211.4,3.5,1.7,1267.6,37,1.1,0.7,0,349.6050757477664,32.312,85.0,2025-10-06 10:04:09
161.4,2.8,451.0,156.4,2.2,334.3,738.9,59.96,211.4,3.4,1.7,1267.6,37,1.1,0.7,0,349.6050757477664,32.375,85.0,2025-10-06 10:05:11
161.4,2.8,449.7,153.4,2.2,336.9,738.6,59.98,211.3,3.5,1.8,1267.7,37,1.1,0.7,0,349.6050757477664,32.375,85.0,2025-10-06 10:06:14
164.5,2.7,446.8,153.6,2.2,337.6,738.0,60,211.3,3.5,1.8,1267.7,37.1,1.1,0.7,0,349.6050757477664,32.5,85.0,2025-10-06 10:07:16
161.2,2.8,447.9,156.3,2.1,335.1,736.0,60,211.4,3.5,1.8,1267.7,37.2,1.1,0.7,0,349.6050757477664,32.625,85.0,2025-10-06 10:08:19
163,2.7,449.2,153.5,2.2,339.3,741.4,60,211.3,3.5,1.8,1267.7,37.2,1.1,0.8,0,349.6050757477664,32.625,85.0,2025-10-06 10:09:21
164.4,2.7,444.9,153.5,2.2,342.2,739.9,59.98,211.3,3.5,1.8,1267.7,37.2,1.1,0.8,0,349.6050757477664,32.687,85.0,2025-10-06 10:10:24
163.1,2.8,449.9,156.2,2.2,340.0,743.7,59.97,211,3.5,1.8,1267.7,37.3,1.1,0.8,0,349.6050757477664,32.625,85.0,2025-10-06 10:11:26
162.2,2.7,450.2,153.5,2.2,345.1,745.6,60,210.5,3.6,1.8,1267.7,37.5,1.1,0.8,0,349.6050757477664,32.562,85.0,2025-10-06 10:12:28
164.4,2.7,450.0,156.6,2.1,344.3,747.5,60,211.3,3.5,1.8,1267.7,37.5,1.1,0.8,0,349.6050757477664,32.625,85.0,2025-10-06 10:13:31
164.4,2.8,451.9,153.2,2.2,343.1,746.7,59.98,211.4,3.5,1.9,1267.8,37.5,1.1,0.8,0,349.6050757477664,32.875,85.0,2025-10-06 10:14:33
161.4,2.8,452.9,153.5,2.3,349.2,752.7,59.99,211.7,3.5,1.9,1267.8,37.6,1.1,0.8,0,349.6050757477664,32.75,85.0,2025-10-06 10:15:36
161.7,2.8,453.7,153.5,2.3,350.0,754.7,60,211.3,3.5,1.9,1267.8,37.6,1.1,0.8,0,349.6050757477664,32.937,85.0,2025-10-06 10:16:38
161.4,2.8,456.3,150.5,2.2,349.8,752.2,59.98,211.2,3.5,1.9,1267.8,37.6,1.2,0.8,0,349.6050757477664,32.875,85.0,2025-10-06 10:17:41
161.2,2.8,458.0,153.5,2.3,353.2,761.1,60.02,210.7,3.6,1.9,1267.8,37.6,1.2,0.8,0,349.6050757477664,33.0,85.0,2025-10-06 10:18:43
164.2,2.8,454.5,153.9,2.2,354.4,759.7,60,211,3.6,1.9,1267.8,37.6,1.2,0.8,0,388.4500841641849,32.687,85.0,2025-10-06 10:19:45
161.3,2.8,459.4,156.1,2.3,350.1,761.7,60.01,211.7,3.6,1.9,1267.8,37.5,1.2,0.8,0,388.4500841641849,33.0,85.0,2025-10-06 10:20:48
161.1,2.9,461.0,153.6,2.3,357.6,768.0,59.98,211.3,3.6,2.0,1267.9,37.4,1.2,0.8,0,388.4500841641849,32.937,85.0,2025-10-06 10:21:50
158.9,2.9,452.7,153.3,2.3,356.0,763.4,60.04,211.2,3.6,2.0,1267.9,37.4,1.2,0.8,0,388.4500841641849,33.125,85.0,2025-10-06 10:22:53
161.5,2.9,462.1,153.5,2.3,356.1,767.2,59.99,211.3,3.7,2.0,1267.9,37.3,1.2,0.8,0,388.4500841641849,33.312,85.0,2025-10-06 10:23:55
164.2,2.8,461.8,153.5,2.3,361.0,772.3,59.99,211.3,3.6,2.0,1267.9,37.2,1.2,0.8,0,388.4500841641849,33.375,85.0,2025-10-06 10:24:58
162,2.9,458.7,155.9,2.3,359.9,768.9,59.97,211.3,3.6,2.0,1267.9,37.2,1.2,0.9,0,388.4500841641849,33.312,85.0,2025-10-06 10:26:00
161.4,2.9,461.9,154.1,2.3,358.9,769.6,60.01,211.7,3.6,2.0,1267.9,37.2,1.2,0.9,0,388.4500841641849,33.5,85.0,2025-10-06 10:27:03
159,2.9,453.5,153.5,2.4,363.3,765.7,60.01,211.7,3.6,2.0,1267.9,37.2,1.2,0.9,0,388.4500841641849,33.5,85.0,2025-10-06 10:28:05
164.4,2.9,459.4,150.5,2.3,357.8,765.7,59.99,211.6,3.6,2.0,1267.9,37.3,1.2,0.9,0,388.4500841641849,33.5,85.0,2025-10-06 10:29:07
161.4,2.9,460.8,153.5,2.4,363.8,774.0,59.98,211,3.6,2.1,1268.0,37.4,1.3,0.9,0,388.4500841641849,33.562,85.0,2025-10-06 10:30:10
164.4,2.8,455.9,153.5,2.3,365.6,771.0,59.98,210.9,3.6,2.1,1268.0,37.4,1.3,0.9,0,388.4500841641849,33.5,85.0,2025-10-06 10:31:12
161.3,2.8,457.5,156.5,2.4,360.8,769.5,60.04,211.9,3.7,2.1,1268.0,37.5,1.3,0.9,0,388.4500841641849,33.562,85.0,2025-10-06 10:32:15
161.4,2.8,458.2,153.5,2.4,365.7,770.6,60,211.5,3.6,2.1,1268.0,37.5,1.3,0.9,0,349.6050757477664,33.625,85.0,2025-10-06 10:33:17
160.6,2.8,451.8,151.4,2.4,364.7,765.6,60.01,211.5,3.6,2.1,1268.0,37.6,1.3,0.9,0,388.4500841641849,33.062,85.0,2025-10-06 10:34:20
161.3,2.8,458.0,152.4,2.4,361.5,769.4,59.96,211.4,3.7,2.1,1268.0,37.5,1.3,0.9,0,388.4500841641849,32.875,85.0,2025-10-06 10:35:22
162.5,2.7,456.8,153.5,2.4,367.5,774.2,59.96,211.6,3.6,2.1,1268.0,37.5,1.3,0.9,0,388.4500841641849,33.375,85.0,2025-10-06 10:36:24
163.3,2.8,451.1,154.5,2.3,368.5,769.9,59.99,211.7,3.6,2.2,1268.1,37.5,1.3,0.9,0,388.4500841641849,33.5,85.0,2025-10-06 10:37:27
161.4,2.8,456.6,153.5,2.4,367.5,773.8,59.98,212,3.7,2.2,1268.1,37.5,1.3,0.9,0,388.4500841641849,33.562,85.0,2025-10-06 10:38:29
158.3,2.8,449.2,153.5,2.4,369.2,767.8,59.98,211.7,3.6,2.2,1268.1,37.6,1.3,0.9,0,388.4500841641849,33.562,85.0,2025-10-06 10:39:32
161.7,2.8,455.8,150.2,2.4,365.8,770.5,59.99,211.3,3.7,2.2,1268.1,37.6,1.3,0.9,0,388.4500841641849,33.5,85.0,2025-10-06 10:40:34
161.4,2.8,458.9,153.8,2.4,369.0,776.7,60.04,211.1,3.7,2.2,1268.1,37.6,1.3,0.9,0,388.4500841641849,33.5,85.0,2025-10-06 10:41:36
164.3,2.8,458.8,153.5,2.3,371.9,775.8,59.98,211.7,3.7,2.2,1268.1,37.6,1.3,1.0,0,388.4500841641849,33.437,32.625,2025-10-06 10:42:39
161.5,2.9,460.1,155.4,2.4,368.2,780.0,60.04,211.5,3.7,2.2,1268.1,37.6,1.4,1.0,0,388.4500841641849,33.187,32.312,2025-10-06 10:43:41
160.1,2.9,464.9,153.5,2.4,374.4,787.4,60.03,211.5,3.7,2.2,1268.1,37.7,1.4,1.0,0,388.4500841641849,33.187,32.312,2025-10-06 10:44:44
159.4,2.9,459.2,152.3,2.4,375.4,783.7,60.04,211.6,3.7,2.3,1268.2,37.7,1.4,1.0,0,388.4500841641849,33.562,32.312,2025-10-06 10:45:46
161.4,2.9,470.1,151.5,2.4,371.7,789.6,60.02,211.6,3.8,2.3,1268.2,37.8,1.4,1.0,0,388.4500841641849,33.187,32.062,2025-10-06 10:46:49
161.8,2.8,472.6,153.4,2.5,378.2,797.0,60.01,211.8,3.8,2.3,1268.2,37.8,1.4,1.0,0,388.4500841641849,33.625,32.062,2025-10-06 10:47:51
164.2,2.9,472.2,156.5,2.4,376.9,798.5,60.01,211.9,3.7,2.3,1268.2,37.9,1.4,1.0,0,388.4500841641849,33.5,32.0,2025-10-06 10:48:53
161.4,3,480.1,153.6,2.5,379.6,807.8,60.01,212,3.8,2.3,1268.2,38,1.4,1.0,0,388.4500841641849,33.625,32.125,2025-10-06 10:49:56
158.2,3,478.5,153.5,2.5,384.1,810.4,60.01,211.6,3.8,2.3,1268.2,38.1,1.4,1.0,0,388.4500841641849,33.375,32.312,2025-10-06 10:50:58
161.5,3,485.0,150.4,2.5,382.1,813.1,60,211.6,3.9,2.3,1268.2,38.1,1.4,1.0,0,388.4500841641849,33.562,32.25,2025-10-06 10:52:01
161.4,3,490.6,153.3,2.5,388.6,825.0,59.98,210.9,3.9,2.4,1268.3,38.1,1.4,1.0,0,388.4500841641849,33.187,32.0,2025-10-06 10:53:03
164.3,3.1,486.7,153.6,2.4,391.0,823.5,59.94,211.8,3.9,2.4,1268.3,38.2,1.4,1.0,0,388.4500841641849,33.375,32.125,2025-10-06 10:54:06
161.5,3.1,495.6,156.3,2.5,385.9,827.9,60.04,211.7,3.9,2.4,1268.3,38.3,1.4,1.0,0,388.4500841641849,33.5,32.312,2025-10-06 10:55:08
161,3.1,500.3,153.5,2.5,394.6,839.4,60.01,211,3.9,2.4,1268.3,38.5,1.5,1.0,0,427.2950925806034,33.437,32.562,2025-10-06 10:56:11
158.8,3.1,496.1,153.3,2.6,395.8,836.8,60.04,211.5,3.9,2.4,1268.3,38.5,1.5,1.0,0,427.2950925806034,33.437,32.625,2025-10-06 10:57:13
161.2,3.2,510.1,153.5,2.6,393.7,847.9,60.02,211.3,4,2.4,1268.3,38.5,1.5,1.1,0,427.2950925806034,33.437,32.562,2025-10-06 10:58:15
164.1,3.1,512.6,153.5,2.6,399.7,855.7,60.01,211.6,4,2.4,1268.3,38.6,1.5,1.1,0,427.2950925806034,33.562,32.812,2025-10-06 10:59:18
162,3.2,510.1,155.9,2.5,399.2,853.7,59.99,211.7,4,2.5,1268.4,38.7,1.5,1.1,0,427.2950925806034,33.625,33.187,2025-10-06 11:00:20
161.4,3.2,521.0,154.1,2.6,397.2,861.3,60.03,211.9,4.1,2.5,1268.4,38.7,1.5,1.1,0,427.2950925806034,33.875,33.562,2025-10-06 11:01:23
159.1,3.3,522.8,153.5,2.6,403.2,863.8,60,211.7,4.1,2.5,1268.4,38.8,1.5,1.1,0,427.2950925806034,33.937,33.812,2025-10-06 11:02:25
160.9,3.3,529.2,150.4,2.6,398.9,869.9,59.97,211.6,4.1,2.5,1268.4,38.7,1.5,1.1,0,427.2950925806034,33.75,34.0,2025-10-06 11:03:28
161.4,3.2,538.3,153.4,2.6,406.7,886.4,60.01,211.7,4.1,2.5,1268.4,38.7,1.5,1.1,0,427.2950925806034,33.812,33.875,2025-10-06 11:04:30
164.3,3.4,533.0,153.7,2.6,409.6,882.4,60.05,211.7,4.2,2.5,1268.4,38.7,1.5,1.1,0,466.14010099702193,34.0,33.687,2025-10-06 11:05:33
161.2,3.5,551.7,156.3,2.7,405.5,898.5,60.05,211.1,4.2,2.6,1268.5,38.6,1.5,1.1,0,466.14010099702193,34.0,33.812,2025-10-06 11:06:35
161.4,3.5,560.3,153.5,2.7,414.0,911.0,60.02,211,4.2,2.6,1268.5,38.6,1.6,1.1,0,466.14010099702193,34.062,33.0,2025-10-06 11:07:37
161.2,3.5,562.1,150.9,2.7,414.0,916.2,60.05,211.2,4.2,2.6,1268.5,38.6,1.6,1.1,0,466.14010099702193,34.0,32.75,2025-10-06 11:08:40
161.4,3.5,563.9,153.2,2.7,412.6,914.9,60.03,211.8,4.3,2.6,1268.5,38.6,1.6,1.1,0,466.14010099702193,34.062,32.625,2025-10-06 11:09:42
163.2,3.3,562.4,153.5,2.7,417.0,913.9,60.03,211.9,4.2,2.6,1268.5,38.6,1.6,1.1,0,466.14010099702193,34.437,33.0,2025-10-06 11:10:45
162.8,3.4,519.8,155.5,2.6,413.0,875.4,60.04,211.7,4.2,2.6,1268.5,38.6,1.6,1.1,0,427.2950925806034,34.625,33.562,2025-10-06 11:11:47
161.4,3.3,538.3,154.6,2.7,411.5,890.6,60.04,212,4.1,2.6,1268.5,38.5,1.6,1.1,0,427.2950925806034,34.75,33.75,2025-10-06 11:12:50
158.8,3.3,516.9,153.4,2.6,407.1,865.9,60.01,211.8,4.1,2.7,1268.6,38.6,1.6,1.2,0,427.2950925806034,34.687,33.562,2025-10-06 11:13:52
161.5,3.2,519.1,150.8,2.6,400.1,861.1,60.01,212,4.1,2.7,1268.6,38.5,1.6,1.2,0,427.2950925806034,34.312,33.687,2025-10-06 11:14:54
161.4,3.1,531.5,153.4,2.6,407.0,880.2,60.02,211.9,4,2.7,1268.6,38.4,1.6,1.2,0,427.2950925806034,34.625,33.812,2025-10-06 11:15:57
164.2,3.4,522.0,153.4,2.5,409.5,876.1,60,211.6,4.2,2.7,1268.6,38.3,1.6,1.2,0,427.2950925806034,34.562,34.0,2025-10-06 11:16:59
161.5,3.3,539.7,154.3,2.6,403.6,885.2,59.99,211.5,4.2,2.7,1268.6,38.2,1.6,1.2,0,427.2950925806034,34.875,34.062,2025-10-06 11:18:02
159.2,3.4,542.4,153.5,2.7,412.6,896.7,60.02,211.7,4.2,2.7,1268.6,38.2,1.7,1.2,0,427.2950925806034,35.0,34.187,2025-10-06 11:19:04
160.7,3.4,538.8,151.4,2.7,413.5,893.5,59.99,211,4.2,2.8,1268.7,38.3,1.7,1.2,0,466.14010099702193,34.75,34.125,2025-10-06 11:20:07
161.4,3.4,544.5,152.5,2.7,410.4,895.1,59.99,212,4.2,2.8,1268.7,38.4,1.7,1.2,0,427.2950925806034,34.562,33.687,2025-10-06 11:21:09
162.5,3.1,544.3,153.5,2.7,415.1,885.2,60.02,211.9,4.1,2.8,1268.7,38.5,1.7,1.2,0,466.14010099702193,34.437,33.687,2025-10-06 11:22:11
163.8,3.4,519.6,156.5,2.6,410.2,891.8,59.98,211.5,4.2,2.8,1268.7,38.6,1.7,1.2,0,427.2950925806034,34.5,34.062,2025-10-06 11:23:14
161.4,3.4,551.8,153.5,2.7,415.4,907.3,59.99,211.8,4.2,2.8,1268.7,38.5,1.7,1.2,0,466.14010099702193,34.562,33.875,2025-10-06 11:24:16
158.5,3.4,536.0,153.5,2.7,415.0,892.4,60.04,211.8,4.2,2.8,1268.7,38.5,1.7,1.2,0,427.2950925806034,34.437,33.5,2025-10-06 11:25:19
161.5,3.3,535.5,150.4,2.6,409.1,886.6,60.01,211.8,4.2,2.8,1268.7,38.6,1.7,1.2,0,427.2950925806034,34.187,33.562,2025-10-06 11:26:21
161.4,3.2,537.2,153.7,2.7,413.1,889.8,59.99,211.4,4.1,2.9,1268.8,38.5,1.7,1.2,0,466.14010099702193,34.562,33.625,2025-10-06 11:27:24
163.9,3.3,512.0,154.5,2.6,411.2,864.3,60.02,211.7,4.2,2.9,1268.8,38.4,1.7,1.3,0,427.2950925806034,34.562,33.812,2025-10-06 11:28:26
161.5,3.4,543.5,155.5,2.7,406.4,890.7,60.01,211.5,4.2,2.9,1268.8,38.3,1.7,1.3,0,466.14010099702193,34.687,34.062,2025-10-06 11:29:28
160.4,3.4,545.0,153.5,2.7,414.8,899.7,60.03,211.6,4.2,2.9,1268.8,38.4,1.8,1.3,0,427.2950925806034,34.812,34.125,2025-10-06 11:30:31
159.3,3.3,528.0,152.6,2.7,412.1,881.4,60.03,212,4.2,2.9,1268.8,38.3,1.8,1.3,0,427.2950925806034,34.812,34.375,2025-10-06 11:31:33
161.4,3.3,531.3,151.1,2.7,409.0,881.9,60.06,211.9,4.1,2.9,1268.8,38.3,1.8,1.3,0,427.2950925806034,34.875,34.375,2025-10-06 11:32:36
164,3,512.0,153.5,2.6,408.2,857.8,60,211.9,3.9,3.0,1268.9,38.3,1.8,1.3,0,427.2950925806034,34.937,34.375,2025-10-06 11:33:38
161.8,3.2,502.4,156.4,2.5,400.3,846.7,59.98,211.5,4.1,3.0,1268.9,38.2,1.8,1.3,0,427.2950925806034,35.062,34.375,2025-10-06 11:34:41
161.4,3.2,511.2,153.7,2.6,398.5,855.3,60.01,211.4,4,3.0,1268.9,38.1,1.8,1.3,0,427.2950925806034,35.0,34.375,2025-10-06 11:35:43
158.6,3.1,499.8,153.5,2.6,399.2,839.8,59.97,211.9,4,3.0,1268.9,38.1,1.8,1.3,0,427.2950925806034,35.062,34.312,2025-10-06 11:36:46
161.4,3.1,494.4,152.6,2.6,396.1,836.2,60.03,211.9,3.9,3.0,1268.9,38.1,1.8,1.3,0,427.2950925806034,34.937,33.937,2025-10-06 11:37:48
161.8,2.8,488.5,151.3,2.5,389.9,824.2,59.97,211.9,3.8,3.0,1268.9,38.1,1.8,1.3,0,388.4500841641849,34.562,33.75,2025-10-06 11:38:50
164.1,3,452.6,153.6,2.5,391.0,792.7,60.04,211.7,3.9,3.0,1268.9,38,1.8,1.3,0,388.4500841641849,34.75,33.562,2025-10-06 11:39:53
161.3,3,475.7,153.6,2.4,390.1,816.9,60.03,211.8,3.8,3.1,1269.0,37.9,1.8,1.3,0,388.4500841641849,34.562,33.375,2025-10-06 11:40:55
161.5,2.9,471.0,153.6,2.4,387.3,799.5,60,212,3.8,3.1,1269.0,37.9,1.9,1.3,0,388.4500841641849,34.562,33.375,2025-10-06 11:41:58
161.5,2.9,459.9,153.7,2.5,379.4,787.1,59.97,211.8,3.8,3.1,1269.0,37.9,1.9,1.4,0,388.4500841641849,34.687,33.312,2025-10-06 11:43:00
161.4,2.8,456.6,153.5,2.5,381.0,785.9,60,210.9,3.7,3.1,1269.0,37.8,1.9,1.4,0,388.4500841641849,34.687,33.125,2025-10-06 11:44:03
163.2,2.6,445.9,151,2.5,375.1,772.1,59.98,211.5,3.6,3.1,1269.0,37.8,1.9,1.4,0,388.4500841641849,34.562,33.187,2025-10-06 11:45:05
162.6,2.8,426.0,152.9,2.4,372.3,754.3,60.01,211.5,3.6,3.1,1269.0,37.6,1.9,1.4,0,349.6050757477664,34.562,33.187,2025-10-06 11:46:07
161.4,2.8,448.7,153.5,2.4,375.3,772.9,59.98,210.9,3.6,3.1,1269.0,37.6,1.9,1.4,0,388.4500841641849,34.187,33.25,2025-10-06 11:47:10
158.7,2.8,440.4,156.3,2.4,367.8,759.2,60,211.8,3.6,3.1,1269.0,37.6,1.9,1.4,0,388.4500841641849,34.25,33.187,2025-10-06 11:48:12
161.4,2.8,447.1,153.5,2.4,376.0,772.3,60.01,211.7,3.6,3.2,1269.1,37.6,1.9,1.4,0,349.6050757477664,34.25,33.0,2025-10-06 11:49:15
161.4,2.6,449.3,153.4,2.5,377.4,775.5,60,211.1,3.5,3.2,1269.1,37.6,1.9,1.4,0,349.6050757477664,34.125,32.937,2025-10-06 11:50:17
164.3,2.8,437.6,150.6,2.4,369.3,756.7,60.02,211.5,3.7,3.2,1269.1,37.5,1.9,1.4,0,388.4500841641849,34.125,32.687,2025-10-06 11:51:20
161.4,2.8,455.4,150.5,2.5,376.5,782.7,60,211.7,3.7,3.2,1269.1,37.4,1.9,1.4,0,388.4500841641849,,32.437,2025-10-06 11:52:22
159,2.9,460.8,153.5,2.5,384.1,792.8,60.03,211.6,3.7,3.2,1269.1,37.4,1.9,1.4,0,388.4500841641849,,32.625,2025-10-06 11:53:25
161.4,2.9,462.3,153.4,2.5,382.7,792.4,60,211.5,3.8,3.2,1269.1,37.4,1.9,1.4,0,388.4500841641849,,32.625,2025-10-06 11:53:29
160.8,2.9,458.1,155.3,2.4,385.1,791.5,60.03,211.6,3.7,3.2,1269.1,37.4,1.9,1.4,0,388.4500841641849,34.0,32.75,2025-10-06 11:54:27
164.3,2.8,455.5,153.5,2.5,386.2,790.7,60.03,211.7,3.7,3.2,1269.1,37.4,1.9,1.4,0,388.4500841641849,34.062,32.687,2025-10-06 11:54:31
161.4,2.9,469.5,154.7,2.5,382.5,800.4,60.05,211.6,3.8,3.2,1269.1,37.4,2.0,1.4,0,388.4500841641849,34.375,33.0,2025-10-06 11:55:30
161.5,2.9,466.2,150.5,2.5,383.9,797.4,60.06,211.7,3.8,3.2,1269.1,37.4,2.0,1.4,0,388.4500841641849,34.312,33.0,2025-10-06 11:55:33
162.9,2.8,477.0,153.5,2.5,390.2,804.2,60.02,211.6,3.8,3.3,1269.2,37.4,2.0,1.4,0,388.4500841641849,34.437,33.125,2025-10-06 11:56:32
161.4,3,478.7,153.8,2.5,388.3,812.8,60.01,211.7,3.9,3.3,1269.2,37.4,2.0,1.4,0,388.4500841641849,34.437,33.125,2025-10-06 11:56:36
161.3,3,485.3,153.5,2.6,397.0,828.0,60.03,211.6,3.9,3.3,1269.2,37.4,2.0,1.4,0,388.4500841641849,34.625,33.187,2025-10-06 11:57:34
158.2,3,477.9,155,2.6,395.5,821.1,60.04,211.6,3.9,3.3,1269.2,37.4,2.0,1.4,0,388.4500841641849,34.562,33.187,2025-10-06 11:57:38
161.5,3.1,492.8,155,2.6,397.0,837.7,60.02,211.8,3.9,3.3,1269.2,37.5,2.0,1.5,0,388.4500841641849,34.375,33.0,2025-10-06 11:58:37
161.4,3.1,493.5,153,2.6,399.4,837.2,60.03,211.9,4,3.3,1269.2,37.5,2.0,1.5,0,388.4500841641849,34.375,33.062,2025-10-06 11:58:41
158.6,3.1,489.0,155,2.6,399.2,833.0,60,211.9,4,3.3,1269.2,37.5,2.0,1.5,0,388.4500841641849,34.5,32.875,2025-10-06 11:59:39
162.8,3,496.4,152,2.6,401.1,841.9,60.01,211.7,3.9,3.3,1269.2,37.5,2.0,1.5,0,427.2950925806034,34.5,32.875,2025-10-06 11:59:43
161.4,3.1,498.6,152.1,2.6,403.4,846.8,60.04,211.3,4,3.3,1269.2,37.6,2.0,1.5,0,427.2950925806034,34.562,32.812,2025-10-06 12:00:42
163.4,3.1,493.4,155,2.6,404.3,843.3,60.06,211.4,4,3.3,1269.2,37.6,2.0,1.5,0,427.2950925806034,34.562,32.812,2025-10-06 12:00:46
161.4,3.1,506.6,155,2.6,408.0,857.6,60.02,211.5,4,3.3,1269.2,37.8,2.0,1.5,0,427.2950925806034,34.562,32.875,2025-10-06 12:01:44
161.3,3.1,506.4,156.9,2.6,397.3,848.3,60.04,211.6,4.1,3.3,1269.2,37.8,2.0,1.5,0,427.2950925806034,34.562,32.875,2025-10-06 12:01:48
162.3,3.2,506.3,156,2.6,402.3,853.5,60.03,211.9,4.1,3.3,1269.2,37.8,2.0,1.5,0,427.2950925806034,34.625,32.687,2025-10-06 12:02:47
160,3.2,510.4,153.8,2.7,409.0,856.1,60.04,211.9,4,3.3,1269.2,37.9,2.0,1.5,0,427.2950925806034,34.625,32.75,2025-10-06 12:02:50
161.3,3.2,515.0,153,2.7,413.8,871.1,60.04,211.5,4.2,3.4,1269.3,37.9,2.0,1.5,0,427.2950925806034,34.625,33.0,2025-10-06 12:03:49
163.5,3.2,514.0,155.1,2.7,413.8,869.5,60.03,211.5,4.1,3.4,1269.3,38,2.0,1.5,0,427.2950925806034,34.687,32.937,2025-10-06 12:03:53
163,3.1,519.1,153.9,2.7,416.7,876.4,60.03,211.7,4.1,3.4,1269.3,38,2.0,1.5,0,427.2950925806034,34.625,33.062,2025-10-06 12:04:51
161.4,3.2,519.3,157.9,2.6,410.5,871.0,60.04,211.7,4.1,3.4,1269.3,38,2.0,1.5,0,427.2950925806034,34.687,33.125,2025-10-06 12:04:55
162.7,3.2,515.9,156.4,2.6,417.5,876.0,60.05,212.1,4.2,3.4,1269.3,38,2.0,1.5,0,427.2950925806034,34.5,33.187,2025-10-06 12:05:54
158.4,3.2,511.5,154.9,2.7,419.4,872.9,60.04,212,4.2,3.4,1269.3,38.1,2.0,1.5,0,427.2950925806034,34.562,33.25,2025-10-06 12:05:58
161.3,3.2,519.4,155,2.7,420.2,881.8,60.02,211.9,4.1,3.4,1269.3,38.1,2.1,1.5,0,427.2950925806034,34.312,33.25,2025-10-06 12:06:56
161.5,3.2,516.6,152,2.7,419.2,880.1,60.03,211.9,4.2,3.4,1269.3,38.1,2.1,1.5,0,427.2950925806034,34.375,33.25,2025-10-06 12:07:00
158.6,3.2,513.6,151.9,2.7,420.9,875.9,60,211.9,4.2,3.4,1269.3,38.2,2.1,1.5,0,427.2950925806034,34.562,33.25,2025-10-06 12:07:59
161.4,3.1,521.6,155,2.6,421.8,885.0,59.99,211.9,4.1,3.4,1269.3,38.2,2.1,1.5,0,427.2950925806034,34.5,33.187,2025-10-06 12:08:03
161.4,3.2,522.3,155,2.7,423.2,886.7,59.97,212,4.2,3.4,1269.3,38.2,2.1,1.5,0,427.2950925806034,34.75,33.375,2025-10-06 12:09:01
163.3,3.2,512.8,156.7,2.7,412.8,868.0,59.97,212.1,4.2,3.4,1269.3,38.2,2.1,1.5,0,427.2950925806034,34.812,33.375,2025-10-06 12:09:05
161.4,3.2,523.9,155,2.6,425.4,890.2,60.02,211.9,4.1,3.5,1269.4,38.2,2.1,1.5,0,427.2950925806034,34.687,33.125,2025-10-06 12:10:04
161.4,3.2,523.4,155,2.7,425.3,889.7,60.01,211.9,4.2,3.5,1269.4,38.2,2.1,1.5,0,427.2950925806034,34.687,33.125,2025-10-06 12:10:07
164.4,3.2,515.1,151.8,2.8,424.6,879.0,59.97,212.2,4.2,3.5,1269.4,38.4,2.1,1.5,0,427.2950925806034,34.625,33.125,2025-10-06 12:11:06
160.1,3.2,522.6,154.9,2.7,425.8,889.9,59.96,212.1,4.2,3.5,1269.4,38.4,2.1,1.5,0,427.2950925806034,34.562,33.062,2025-10-06 12:11:10
161.3,3.2,522.9,155,2.7,426.2,890.7,60.01,212.3,4.2,3.5,1269.4,38.4,2.1,1.5,0,427.2950925806034,34.75,33.187,2025-10-06 12:12:08
159.3,3.2,513.9,152.1,2.8,425.6,881.4,60.01,212.3,4.2,3.5,1269.4,38.5,2.1,1.5,0,427.2950925806034,34.75,33.25,2025-10-06 12:12:12
159.7,3.3,523.8,155,2.7,427.4,893.3,59.98,212.4,4.2,3.5,1269.4,38.5,2.1,1.6,0,427.2950925806034,34.875,33.187,2025-10-06 12:13:11
161.4,3.3,524.9,157.6,2.8,423.6,890.3,59.97,212.4,4.2,3.5,1269.4,38.5,2.1,1.6,0,427.2950925806034,34.875,33.187,2025-10-06 12:13:15
159.9,3.3,523.0,157,2.8,420.1,883.6,60.02,212.3,4.2,3.5,1269.4,38.6,2.1,1.6,0,427.2950925806034,34.812,33.625,2025-10-06 12:14:13
164.3,3.2,527.2,151.8,2.8,432.1,900.1,60.03,212.3,4.2,3.5,1269.4,38.6,2.1,1.6,0,427.2950925806034,34.812,33.625,2025-10-06 12:14:17
161.5,3.3,537.2,157.1,2.8,424.6,902.6,59.99,212.5,4.2,3.5,1269.4,38.7,2.1,1.6,0,427.2950925806034,34.937,33.75,2025-10-06 12:15:16
161.6,3.3,533.3,151.9,2.9,435.5,908.0,59.99,212.5,4.2,3.5,1269.4,38.7,2.1,1.6,0,427.2950925806034,34.937,33.812,2025-10-06 12:15:20
162.1,3.2,543.0,152,2.9,440.1,915.4,60.03,212.5,4.2,3.5,1269.4,38.6,2.1,1.6,0,466.14010099702193,34.875,34.0,2025-10-06 12:16:18
161.4,3.4,543.7,152,2.9,440.2,923.0,60.03,212.5,4.2,3.5,1269.4,38.6,2.1,1.6,0,427.2950925806034,34.875,34.0,2025-10-06 12:16:22
164,3.4,542.6,152.1,2.9,440.9,928.7,60.03,211.7,4.3,3.6,1269.5,38.5,2.1,1.6,0,466.14010099702193,34.625,33.875,2025-10-06 12:17:21
158.7,3.4,545.3,154.6,2.8,444.0,924.5,60.02,211.6,4.3,3.6,1269.5,38.5,2.1,1.6,0,466.14010099702193,34.625,33.875,2025-10-06 12:17:24
161.4,3.4,551.1,155,2.9,446.1,935.3,60.03,212.3,4.3,3.6,1269.5,38.5,2.2,1.6,0,466.14010099702193,35.0,33.75,2025-10-06 12:18:23
161.1,3.4,552.1,155,2.9,445.7,935.9,60.01,212.2,4.3,3.6,1269.5,38.4,2.2,1.6,0,466.14010099702193,35.062,33.75,2025-10-06 12:18:27
158.2,3.4,548.2,152,2.9,448.7,933.4,60.03,211.5,4.3,3.6,1269.5,38.5,2.2,1.6,0,466.14010099702193,35.375,34.0,2025-10-06 12:19:25
162,3.3,554.3,152,2.9,449.0,940.3,60.02,211.5,4.3,3.6,1269.5,38.5,2.2,1.6,0,466.14010099702193,35.375,34.0,2025-10-06 12:19:29
161.8,3.4,548.9,155,2.9,448.1,934.5,59.98,212.1,4.3,3.6,1269.5,38.5,2.2,1.6,0,466.14010099702193,35.125,33.937,2025-10-06 12:20:28
164.2,3.4,535.7,151.6,2.9,449.0,924.8,59.99,212.1,4.3,3.6,1269.5,38.6,2.2,1.6,0,466.14010099702193,35.062,33.937,2025-10-06 12:20:32
161.4,3.5,559.6,152,3,454.2,948.5,60.02,212.3,4.3,3.6,1269.5,38.5,2.2,1.6,0,466.14010099702193,35.25,34.125,2025-10-06 12:21:30
161.4,3.5,559.5,152,3,454.3,949.7,60.04,212.4,4.4,3.6,1269.5,38.5,2.2,1.6,0,466.14010099702193,35.312,34.125,2025-10-06 12:21:34
163.9,3.5,545.2,152,3,458.2,942.8,60.01,212.6,4.4,3.6,1269.5,38.5,2.2,1.6,0,466.14010099702193,35.312,34.062,2025-10-06 12:22:33
161.3,3.5,563.9,155,2.9,456.7,949.9,60.02,212.6,4.4,3.6,1269.5,38.5,2.2,1.6,0,466.14010099702193,35.312,34.125,2025-10-06 12:22:37
161.4,3.5,566.4,155,2.9,458.5,961.0,60,212.6,4.4,3.7,1269.6,38.5,2.2,1.6,0,466.14010099702193,35.312,34.125,2025-10-06 12:23:35
158.7,3.5,560.4,152,3,460.9,956.5,60,212.5,4.5,3.7,1269.6,38.5,2.2,1.6,0,466.14010099702193,35.375,34.125,2025-10-06 12:23:39
161,3.5,566.7,152,3,461.8,963.3,60.01,212.5,4.4,3.7,1269.6,38.5,2.2,1.6,0,466.14010099702193,35.687,34.125,2025-10-06 12:24:38
161.4,3.5,566.4,151.9,3,456.6,957.8,60.01,212.4,4.4,3.7,1269.6,38.5,2.2,1.6,0,466.14010099702193,35.75,34.125,2025-10-06 12:24:41
158.9,3.5,554.3,154.7,3,459.4,950.1,60.04,212.5,4.4,3.7,1269.6,38.5,2.2,1.6,0,466.14010099702193,35.375,34.312,2025-10-06 12:25:40
163.4,3.3,559.9,149.2,3,459.6,956.1,60.03,212.4,4.3,3.7,1269.6,38.5,2.2,1.6,0,466.14010099702193,35.375,34.312,2025-10-06 12:25:44
161.3,3.5,565.4,152,3,464.9,965.4,59.98,212.4,4.4,3.7,1269.6,38.5,2.2,1.7,0,466.14010099702193,35.687,34.375,2025-10-06 12:26:43
162.7,3.5,543.0,151.6,3.1,459.0,935.0,59.98,212.3,4.5,3.7,1269.6,38.5,2.2,1.7,0,466.14010099702193,35.562,34.312,2025-10-06 12:26:46
163.7,3.3,559.7,149.3,3.1,461.5,951.6,59.98,211.9,4.3,3.7,1269.6,38.5,2.2,1.7,0,466.14010099702193,35.812,34.312,2025-10-06 12:27:45
161.3,3.5,565.4,151.9,3.1,465.7,966.0,60.01,212.1,4.4,3.7,1269.6,38.5,2.2,1.7,0,466.14010099702193,35.875,34.312,2025-10-06 12:27:49
162.3,3.5,542.9,151.8,3.1,462.4,940.9,60.02,211.9,4.5,3.7,1269.6,38.5,2.2,1.7,0,466.14010099702193,35.937,34.187,2025-10-06 12:28:47
159.4,3.5,555.2,155,3.1,462.5,953.3,60.03,212,4.4,3.7,1269.6,38.5,2.2,1.7,0,466.14010099702193,35.937,34.125,2025-10-06 12:28:51
161.4,3.5,565.8,152.1,3.1,468.1,968.7,60.01,212.5,4.5,3.8,1269.7,38.6,2.3,1.7,0,466.14010099702193,36.375,34.062,2025-10-06 12:29:50
161.4,3.5,564.0,152,3.1,467.4,968.0,60.03,212.5,4.5,3.8,1269.7,38.6,2.3,1.7,0,466.14010099702193,36.375,34.125,2025-10-06 12:29:54
158.7,3.5,559.8,154.5,3,466.6,963.4,60.04,212.4,4.5,3.8,1269.7,38.6,2.3,1.7,0,466.14010099702193,36.25,34.187,2025-10-06 12:30:52
161.5,3.3,563.2,152,3.1,468.3,966.3,60.04,212.5,4.3,3.8,1269.7,38.6,2.3,1.7,0,466.14010099702193,36.312,34.312,2025-10-06 12:30:56
161.2,3.5,554.7,152.6,3.1,468.4,965.1,60,212.5,4.5,3.8,1269.7,38.7,2.3,1.7,0,466.14010099702193,36.187,34.562,2025-10-06 12:31:55
164.2,3.4,535.9,149.4,3.1,461.2,935.7,59.99,212.3,4.5,3.8,1269.7,38.7,2.3,1.7,0,466.14010099702193,36.187,34.625,2025-10-06 12:31:59
161.5,3.3,564.3,152,3.1,471.6,970.4,60.03,212.7,4.3,3.8,1269.7,38.6,2.3,1.7,0,466.14010099702193,36.375,34.562,2025-10-06 12:32:57
161.5,3.5,556.0,152,3.1,471.8,971.8,60.02,212.7,4.5,3.8,1269.7,38.6,2.3,1.7,0,466.14010099702193,36.375,34.625,2025-10-06 12:33:01
164.2,3.4,528.7,149.1,3.1,463.0,930.7,59.99,212.1,4.5,3.8,1269.7,38.6,2.3,1.7,0,466.14010099702193,36.75,34.187,2025-10-06 12:33:59
159.1,3.5,558.1,154,3,469.5,963.4,59.99,212.2,4.4,3.8,1269.7,38.6,2.3,1.7,0,466.14010099702193,36.812,34.562,2025-10-06 12:34:03
161.4,3.5,558.0,151.9,3.1,473.0,965.3,59.97,212.3,4.5,3.8,1269.7,38.8,2.3,1.7,0,466.14010099702193,36.75,34.312,2025-10-06 12:35:02
160.7,3.5,555.9,153.1,3.1,467.4,961.8,59.98,212.3,4.5,3.8,1269.7,38.8,2.3,1.7,0,466.14010099702193,36.75,34.937,2025-10-06 12:35:06
161.4,3.5,563.4,152,3,473.0,970.4,60.01,212.5,4.4,3.9,1269.8,38.7,2.3,1.7,0,466.14010099702193,36.812,35.0,2025-10-06 12:36:04
161.4,3.5,564.0,152,3.1,472.7,971.1,60,212.6,4.5,3.9,1269.8,38.7,2.3,1.7,0,466.14010099702193,36.812,35.062,2025-10-06 12:36:08
158.6,3.5,555.6,155,3.1,469.6,961.6,60.02,212,4.5,3.9,1269.8,38.7,2.3,1.7,0,466.14010099702193,37.0,35.312,2025-10-06 12:37:07
162.4,3.2,562.9,150.2,3.1,473.3,969.8,60.03,212,4.3,3.9,1269.8,38.8,2.3,1.7,0,466.14010099702193,37.062,35.375,2025-10-06 12:37:11
161.4,3.5,562.6,152,3.1,473.8,971.4,59.97,211.5,4.5,3.9,1269.8,38.9,2.3,1.7,0,466.14010099702193,37.125,34.937,2025-10-06 12:38:09
163.5,3.5,526.3,150.8,3.1,472.7,962.9,59.98,211.6,4.5,3.9,1269.8,38.9,2.3,1.7,0,466.14010099702193,37.125,34.937,2025-10-06 12:38:13
162.9,3.2,553.7,149.7,3.1,468.8,959.5,59.99,212,4.3,3.9,1269.8,39,2.3,1.8,0,466.14010099702193,37.0,34.375,2025-10-06 12:39:12
161.4,3.5,558.6,151.9,3.1,471.6,965.2,59.98,212,4.4,3.9,1269.8,39,2.3,1.8,0,466.14010099702193,37.0,34.375,2025-10-06 12:39:16
163.3,3.5,529.1,151.1,3.1,465.3,932.4,60,212.2,4.5,3.9,1269.8,39.1,2.4,1.8,0,466.14010099702193,37.062,33.812,2025-10-06 12:40:14
158.4,3.5,550.6,155,3.1,465.6,951.5,60,212.2,4.5,3.9,1269.8,39,2.4,1.8,0,466.14010099702193,37.062,34.062,2025-10-06 12:40:18
161.4,3.5,555.6,152,3.1,469.3,959.8,59.96,212.2,4.4,3.9,1269.8,39.1,2.4,1.8,0,466.14010099702193,37.0,33.937,2025-10-06 12:41:17
161.5,3.4,552.6,152,3.1,467.4,956.0,59.97,212.2,4.4,3.9,1269.8,39.1,2.4,1.8,0,466.14010099702193,36.937,34.187,2025-10-06 12:41:20
159.7,3.4,553.8,155,3,461.6,944.0,60.01,212.2,4.4,4.0,1269.9,39.1,2.4,1.8,0,466.14010099702193,37.0,34.625,2025-10-06 12:42:19
161.3,3.3,554.2,152,3.1,467.8,955.9,60,212.1,4.3,4.0,1269.9,39.1,2.4,1.8,0,466.14010099702193,37.0,34.625,2025-10-06 12:42:23
161.4,3.4,551.7,152,3.1,465.7,953.5,60.04,212.3,4.4,4.0,1269.9,39.2,2.4,1.8,0,466.14010099702193,36.812,34.812,2025-10-06 12:43:21
163.8,3.4,517.1,150.7,3.1,460.3,915.6,60.02,212.3,4.4,4.0,1269.9,39.2,2.4,1.8,0,466.14010099702193,36.812,34.875,2025-10-06 12:43:25
161.4,3.3,552.5,152,3.1,467.4,956.2,60.01,212.5,4.2,4.0,1269.9,39.2,2.4,1.8,0,466.14010099702193,37.125,35.125,2025-10-06 12:44:24
161.3,3.4,551.9,152,3.1,467.4,955.8,60.02,212.5,4.4,4.0,1269.9,39.2,2.4,1.8,0,466.14010099702193,37.125,35.062,2025-10-06 12:44:28
164,3.3,524.8,149.1,3,458.3,922.0,60.04,212.4,4.4,4.0,1269.9,39.3,2.4,1.8,0,466.14010099702193,37.312,34.625,2025-10-06 12:45:26
159.9,3.4,546.4,153,2.9,463.6,946.4,60.02,212.4,4.3,4.0,1269.9,39.3,2.4,1.8,0,466.14010099702193,37.25,34.562,2025-10-06 12:45:30
161.5,3.4,538.7,152,3,461.0,942.5,60.04,212.4,4.4,4.0,1269.9,39.4,2.4,1.8,0,466.14010099702193,37.062,34.125,2025-10-06 12:46:29
159.8,3.4,537.3,153.9,3,455.5,930.3,60.04,212.4,4.4,4.0,1269.9,39.4,2.4,1.8,0,466.14010099702193,37.062,34.125,2025-10-06 12:46:33
161.4,3.4,546.6,153.8,2.9,464.7,945.1,60.03,211.8,4.3,4.0,1269.9,39.3,2.4,1.8,0,466.14010099702193,37.125,34.437,2025-10-06 12:47:31
161.4,3.4,548.2,152,3.1,466.4,950.7,60.03,211.9,4.4,4.0,1269.9,39.3,2.4,1.8,0,466.14010099702193,37.062,34.5,2025-10-06 12:47:35
160.4,3.5,547.9,153.1,3.1,465.4,949.9,59.96,212.3,4.5,4.1,1270.0,39.2,2.4,1.8,0,466.14010099702193,36.75,34.5,2025-10-06 12:48:34
162.1,3.2,538.7,149.1,3.1,467.0,944.9,59.97,211.9,4.2,4.1,1270.0,39.2,2.4,1.8,0,466.14010099702193,36.75,34.562,2025-10-06 12:48:37
161.4,3.5,564.1,152,3.2,480.1,978.7,59.97,211.9,4.5,4.1,1270.0,39.1,2.4,1.8,0,466.14010099702193,37.062,34.75,2025-10-06 12:49:36
161.6,3.5,550.4,152.1,3.1,477.8,962.0,59.98,212,4.5,4.1,1270.0,39.1,2.4,1.8,0,466.14010099702193,37.062,34.812,2025-10-06 12:49:40
162.3,3.2,567.3,150.3,3.2,483.5,984.0,60,212.2,4.4,4.1,1270.0,39.1,2.4,1.8,0,466.14010099702193,37.062,35.125,2025-10-06 12:50:38
161.4,3.5,568.3,152,3.1,483.9,985.2,60,212.3,4.4,4.1,1270.0,39.1,2.5,1.8,0,466.14010099702193,37.062,35.187,2025-10-06 12:50:42
163.8,3.6,537.7,150.2,3.2,483.4,985.6,59.98,212,4.6,4.1,1270.0,39.1,2.5,1.8,0,466.14010099702193,37.312,35.437,2025-10-06 12:51:41
158.4,3.5,567.5,154.9,3.2,484.9,987.0,59.98,212.1,4.6,4.1,1270.0,39.1,2.5,1.8,0,466.14010099702193,37.375,35.437,2025-10-06 12:51:45
161.4,3.6,579.4,151.9,3.3,496.5,1008.9,59.99,212,4.7,4.1,1270.0,39.1,2.5,1.9,0,504.9851094134404,37.375,35.25,2025-10-06 12:52:43
161.6,3.6,575.1,152.2,3.3,496.9,1010.6,60,211.9,4.6,4.1,1270.0,39.1,2.5,1.9,0,504.9851094134404,37.375,35.312,2025-10-06 12:52:47
158.3,3.6,573.6,155,3.2,494.0,1001.0,60,211.9,4.7,4.1,1270.0,39.1,2.5,1.9,0,504.9851094134404,37.375,35.5,2025-10-06 12:53:46
161.8,3.3,581.7,150.8,3.3,499.7,1012.7,59.99,211.8,4.6,4.1,1270.0,39.1,2.5,1.9,0,504.9851094134404,37.312,35.5,2025-10-06 12:53:50
161.6,3.6,572.7,151.9,3.3,494.8,1002.9,59.98,212,4.7,4.2,1270.1,39.1,2.5,1.9,0,504.9851094134404,37.562,35.75,2025-10-06 12:54:48
163.9,3.5,534.4,149.8,3.3,491.6,962.5,59.98,212.3,4.7,4.2,1270.1,39.1,2.5,1.9,0,504.9851094134404,37.625,35.812,2025-10-06 12:54:52
161.4,3.4,564.1,152,3.2,489.0,986.5,59.98,212.4,4.5,4.2,1270.1,39.2,2.5,1.9,0,466.14010099702193,37.437,35.562,2025-10-06 12:55:50
161.5,3.5,559.4,152,3.2,487.4,979.7,59.97,212.5,4.6,4.2,1270.1,39.2,2.5,1.9,0,466.14010099702193,37.5,35.562,2025-10-06 12:55:55
163.6,3.1,523.1,149,3.1,465.5,928.5,59.99,212.5,4.3,4.2,1270.1,39.3,2.5,1.9,0,466.14010099702193,37.625,35.437,2025-10-06 12:56:53
161.2,3.3,537.0,152.1,2.9,467.6,941.6,59.99,212.5,4.3,4.2,1270.1,39.4,2.5,1.9,0,466.14010099702193,37.625,35.437,2025-10-06 12:56:57
162.5,3.2,483.9,152,2.9,448.5,898.7,60.01,212.6,4.2,4.2,1270.1,39.5,2.5,1.9,0,427.2950925806034,37.25,35.187,2025-10-06 12:57:55
158.6,3.2,508.4,155,2.9,442.7,896.6,60.01,212.4,4.2,4.2,1270.1,39.5,2.5,1.9,0,427.2950925806034,37.25,35.187,2025-10-06 12:57:59
160.4,3.2,512.7,152.7,2.8,444.4,897.0,59.99,211.6,4.2,4.2,1270.1,39.4,2.5,1.9,0,427.2950925806034,37.062,34.625,2025-10-06 12:58:58
161.4,3.2,513.0,152,2.9,444.4,898.2,59.98,211.7,4.2,4.2,1270.1,39.4,2.5,1.9,0,427.2950925806034,37.062,34.625,2025-10-06 12:59:02
159.2,3.2,506.8,154.4,2.9,437.3,886.2,60.01,212,4.2,4.2,1270.1,39.5,2.5,1.9,0,427.2950925806034,36.937,34.562,2025-10-06 13:00:00
163.4,2.9,507.7,149.3,2.9,442.1,888.5,60,212.2,4.1,4.2,1270.1,39.5,2.5,1.9,0,427.2950925806034,37.0,34.625,2025-10-06 13:00:04
161.4,3.2,513.0,152,2.9,441.2,893.3,60.04,212,4.2,4.3,1270.2,39.5,2.5,1.9,0,427.2950925806034,36.687,34.875,2025-10-06 13:01:03
162.7,3.2,481.0,151.6,2.9,437.3,857.9,60.03,212,4.2,4.3,1270.2,39.5,2.5,1.9,0,427.2950925806034,36.687,34.875,2025-10-06 13:01:07
161.7,3,523.8,151.6,2.9,447.9,910.8,59.98,212.2,4.1,4.3,1270.2,39.4,2.6,1.9,0,427.2950925806034,36.562,34.375,2025-10-06 13:02:05
161.4,3.3,524.0,152,2.9,447.6,912.1,59.99,212.3,4.2,4.3,1270.2,39.3,2.6,1.9,0,427.2950925806034,36.687,34.375,2025-10-06 13:02:09
164.1,3.4,519.3,152.3,3.1,466.1,934.9,60.03,212.4,4.4,4.3,1270.2,39.3,2.6,1.9,0,466.14010099702193,36.75,34.5,2025-10-06 13:03:07
159,3.4,547.5,154.7,3,462.1,941.5,60.03,212.3,4.4,4.3,1270.2,39.3,2.6,1.9,0,466.14010099702193,36.75,34.5,2025-10-06 13:03:12
161.4,3.5,563.7,152,3.2,481.0,978.3,60,212.3,4.5,4.3,1270.2,39.3,2.6,1.9,0,466.14010099702193,36.937,34.562,2025-10-06 13:04:10
161.4,3.5,565.7,152.1,3.2,483.5,982.2,59.98,212.4,4.5,4.3,1270.2,39.3,2.6,1.9,0,466.14010099702193,36.875,34.687,2025-10-06 13:04:14
158.5,3.6,575.4,154.7,3.1,493.0,996.8,59.97,211.5,4.7,4.3,1270.2,39.3,2.6,2.0,0,504.9851094134404,37.062,34.812,2025-10-06 13:05:12
161.5,3.4,578.3,151.8,3.3,494.1,1004.8,59.98,211.6,4.5,4.3,1270.2,39.3,2.6,2.0,0,504.9851094134404,37.125,34.75,2025-10-06 13:05:16
161.2,3.5,556.3,152.6,3.1,473.9,965.2,59.99,212.4,4.5,4.3,1270.2,39.4,2.6,2.0,0,466.14010099702193,36.875,35.062,2025-10-06 13:06:15
164.1,3.4,532.4,149.2,3.1,473.6,945.4,59.99,212.4,4.5,4.3,1270.2,39.4,2.6,2.0,0,466.14010099702193,36.937,35.062,2025-10-06 13:06:19
161.4,3.4,552.3,152,3.1,470.7,958.2,60.02,211.7,4.3,4.4,1270.3,39.4,2.6,2.0,0,466.14010099702193,37.062,35.5,2025-10-06 13:07:17
161.6,3.4,540.4,152,3.1,468.8,956.8,60.01,211.6,4.4,4.4,1270.3,39.4,2.6,2.0,0,466.14010099702193,37.062,35.437,2025-10-06 13:07:21
162.8,3.1,519.0,149.3,3.1,470.1,928.5,60.01,212.3,4.4,4.4,1270.3,39.4,2.6,2.0,0,466.14010099702193,37.125,35.625,2025-10-06 13:08:20
161.4,3.5,552.9,154.3,3,473.0,962.8,60,212.3,4.4,4.4,1270.3,39.4,2.6,2.0,0,466.14010099702193,37.062,35.687,2025-10-06 13:08:24
161.4,3.5,566.5,152,3.2,489.9,989.7,60.01,212.3,4.6,4.4,1270.3,39.4,2.6,2.0,0,504.9851094134404,37.125,35.75,2025-10-06 13:09:22
161,3.5,562.9,152.9,3.2,483.6,981.0,60.03,212.2,4.6,4.4,1270.3,39.4,2.6,2.0,0,466.14010099702193,37.125,35.75,2025-10-06 13:09:26
161.3,3.5,556.6,152.1,3,480.2,972.0,59.99,211.9,4.4,4.4,1270.3,39.4,2.6,2.0,0,466.14010099702193,37.25,35.437,2025-10-06 13:10:25
161.4,3.4,555.2,152,3.1,479.8,969.8,59.98,212,4.5,4.4,1270.3,39.4,2.6,2.0,0,466.14010099702193,37.25,35.5,2025-10-06 13:10:29
158.8,3.5,551.3,155,3.2,477.7,964.7,59.98,211.8,4.6,4.4,1270.3,39.3,2.6,2.0,0,466.14010099702193,37.25,34.625,2025-10-06 13:11:27
162.6,3.2,559.1,150.2,3.2,486.0,980.0,59.99,211.8,4.3,4.4,1270.3,39.3,2.6,2.0,0,466.14010099702193,37.125,34.625,2025-10-06 13:11:31
161.4,3.5,561.0,151.9,3.2,493.1,990.0,60,211.9,4.6,4.4,1270.3,39.5,2.6,2.0,0,466.14010099702193,36.875,34.812,2025-10-06 13:12:29
163.5,3.5,522.0,150.7,3.2,488.1,976.7,59.99,211.8,4.6,4.4,1270.3,39.5,2.6,2.0,0,466.14010099702193,36.812,34.875,2025-10-06 13:12:33
161.4,3.1,543.6,149.6,3.2,483.4,965.2,60,211.7,4.3,4.5,1270.4,39.4,2.7,2.0,0,466.14010099702193,36.937,35.125,2025-10-06 13:13:32
161.4,3.4,549.4,152,3.2,484.0,968.7,59.99,211.8,4.5,4.5,1270.4,39.4,2.7,2.0,0,466.14010099702193,36.937,35.25,2025-10-06 13:13:36
163.1,3.5,521.4,152,3.3,494.8,950.9,60.02,212,4.6,4.5,1270.4,39.4,2.7,2.0,0,466.14010099702193,37.187,35.625,2025-10-06 13:14:34
158.6,3.5,549.3,149.1,3.3,492.8,976.5,60.01,211.9,4.5,4.5,1270.4,39.4,2.7,2.0,0,466.14010099702193,37.187,35.687,2025-10-06 13:14:38
161.3,3.4,551.5,151.9,3.2,494.8,981.8,59.95,211.8,4.6,4.5,1270.4,39.3,2.7,2.0,0,466.14010099702193,37.312,36.0,2025-10-06 13:15:37
161.4,3.4,548.6,149.1,3.3,491.7,975.9,59.97,211.8,4.5,4.5,1270.4,39.3,2.7,2.0,0,466.14010099702193,37.312,36.0,2025-10-06 13:15:41
159.5,3.4,539.1,149.1,3.2,485.8,960.7,59.96,211.2,4.4,4.5,1270.4,39.2,2.7,2.0,0,466.14010099702193,37.25,36.125,2025-10-06 13:16:39
161.4,3.2,540.4,152,3.1,486.2,962.9,59.97,211.3,4.3,4.5,1270.4,39.2,2.7,2.0,0,466.14010099702193,37.25,36.125,2025-10-06 13:16:43
160,3.3,524.6,149.1,3.2,480.1,946.9,59.95,211.4,4.4,4.5,1270.4,39.3,2.7,2.1,0,466.14010099702193,37.187,35.937,2025-10-06 13:17:42
163.7,3.2,515.3,151.9,3.1,480.1,928.4,59.95,211.5,4.4,4.5,1270.4,39.3,2.7,2.1,0,466.14010099702193,37.187,35.937,2025-10-06 13:17:46
161.4,3.2,513.6,152,3.1,464.0,916.5,59.97,211.5,4.2,4.5,1270.4,39.3,2.7,2.1,0,427.2950925806034,36.812,35.75,2025-10-06 13:18:44
162.2,3.2,483.6,149,3.1,464.6,916.2,59.96,211.4,4.2,4.5,1270.4,39.3,2.7,2.1,0,427.2950925806034,36.812,35.75,2025-10-06 13:18:48
163.9,2.8,476.8,151.9,3,454.3,875.7,59.94,211.5,4.1,4.6,1270.5,39.3,2.7,2.1,0,427.2950925806034,36.812,35.5,2025-10-06 13:19:46
160.2,3.1,500.0,152,3,453.8,895.1,59.96,211.7,4.2,4.6,1270.5,39.3,2.7,2.1,0,427.2950925806034,36.812,35.5,2025-10-06 13:19:50
161.9,2.9,447.5,148.7,2.8,422.0,813.0,59.96,211.9,3.9,4.6,1270.5,39.3,2.7,2.1,0,388.4500841641849,36.875,35.25,2025-10-06 13:20:49
159.1,2.9,462.2,149.6,2.8,420.4,828.3,59.97,211.9,3.9,4.6,1270.5,39.3,2.7,2.1,0,388.4500841641849,36.812,35.187,2025-10-06 13:20:53
161.4,2.8,450.0,152.1,2.6,401.2,798.6,60.01,211.9,3.7,4.6,1270.5,39.2,2.7,2.1,0,388.4500841641849,36.312,34.625,2025-10-06 13:21:51
161.4,2.8,448.3,149.1,2.7,401.5,797.4,60,211.8,3.8,4.6,1270.5,39.2,2.7,2.1,0,388.4500841641849,36.312,34.562,2025-10-06 13:21:55
158.5,2.7,439.2,149,2.6,392.6,777.6,60.02,211.8,3.7,4.6,1270.5,39.2,2.7,2.1,0,388.4500841641849,35.937,34.062,2025-10-06 13:22:54
161.4,2.4,441.8,151.9,2.6,394.1,784.2,60.03,211.9,3.5,4.6,1270.5,39.2,2.7,2.1,0,349.6050757477664,35.937,34.0,2025-10-06 13:22:58
161.4,2.7,437.3,152,2.5,389.2,775.3,60.03,211.7,3.7,4.6,1270.5,39.1,2.7,2.1,0,349.6050757477664,35.687,34.125,2025-10-06 13:23:56
164.2,2.7,404.8,155.1,2.5,384.4,744.9,60.05,211.7,3.7,4.6,1270.5,39.1,2.7,2.1,0,349.6050757477664,35.812,34.125,2025-10-06 13:24:00
161.9,2.5,433.8,154.1,2.5,377.7,761.9,60.03,211.5,3.5,4.6,1270.5,39.1,2.8,2.1,0,349.6050757477664,35.937,33.875,2025-10-06 13:24:59
161.4,2.7,433.4,149.1,2.6,384.1,767.7,60.03,211.5,3.6,4.6,1270.5,39.1,2.8,2.1,0,349.6050757477664,35.875,33.812,2025-10-06 13:25:02
164,2.7,399.0,151.1,2.5,381.5,734.7,60.05,211.5,3.6,4.6,1270.5,39.1,2.8,2.1,0,349.6050757477664,36.0,33.687,2025-10-06 13:26:01
158.5,2.7,427.5,151.8,2.5,380.9,758.6,60.03,211.5,3.6,4.6,1270.5,39.1,2.8,2.1,0,349.6050757477664,36.0,33.625,2025-10-06 13:26:05
161.4,2.7,429.2,149.8,2.5,378.6,757.5,60.02,211.5,3.6,4.7,1270.6,39,2.8,2.1,0,349.6050757477664,35.875,33.75,2025-10-06 13:27:03
161.1,2.7,425.8,154.6,2.4,376.1,752.8,60.02,211.5,3.6,4.7,1270.6,39,2.8,2.1,0,349.6050757477664,35.875,33.75,2025-10-06 13:27:07
161,2.7,430.2,155,2.4,376.3,748.9,60,211.4,3.5,4.7,1270.6,38.8,2.8,2.1,0,349.6050757477664,36.0,33.75,2025-10-06 13:28:06
161.4,2.7,431.0,152,2.5,380.3,760.2,60,211.4,3.5,4.7,1270.6,38.8,2.8,2.1,0,349.6050757477664,35.937,33.75,2025-10-06 13:28:10
161.7,2.7,427.2,152,2.5,379.0,756.0,60,211.5,3.6,4.7,1270.6,38.7,2.8,2.1,0,349.6050757477664,35.875,33.75,2025-10-06 13:29:08
163.5,2.6,423.6,149.7,2.5,376.8,735.6,60,211.6,3.6,4.7,1270.6,38.7,2.8,2.1,0,349.6050757477664,35.875,33.687,2025-10-06 13:29:12
161.4,2.6,428.2,149.1,2.5,376.0,753.7,60.02,211.7,3.6,4.7,1270.6,38.6,2.8,2.1,0,349.6050757477664,35.687,33.312,2025-10-06 13:30:11
161.4,2.6,427.8,152.4,2.4,378.3,756.0,60.03,211.2,3.5,4.7,1270.6,38.6,2.8,2.1,0,349.6050757477664,35.687,33.25,2025-10-06 13:30:15
163.9,2.5,422.2,152,2.4,378.7,752.7,60.05,211,3.5,4.7,1270.6,38.6,2.8,2.1,0,349.6050757477664,35.187,33.062,2025-10-06 13:31:13
161.2,2.7,428.7,152,2.5,379.4,758.1,60.05,211,3.5,4.7,1270.6,38.6,2.8,2.1,0,349.6050757477664,35.25,33.062,2025-10-06 13:31:17
161.6,2.6,415.6,152.1,2.5,372.6,751.7,60.08,211.5,3.5,4.7,1270.6,38.6,2.8,2.2,0,349.6050757477664,35.312,33.062,2025-10-06 13:32:16
158.4,2.6,418.0,149,2.5,372.2,740.2,60.05,211.4,3.5,4.7,1270.6,38.6,2.8,2.2,0,349.6050757477664,35.312,33.125,2025-10-06 13:32:19
161.4,2.6,426.4,149,2.5,374.4,750.5,60.03,211.4,3.5,4.7,1270.6,38.5,2.8,2.2,0,349.6050757477664,35.25,33.187,2025-10-06 13:33:18
161.4,2.6,427.4,152,2.5,377.6,754.5,60.06,211.3,3.6,4.7,1270.6,38.5,2.8,2.2,0,349.6050757477664,35.25,33.25,2025-10-06 13:33:22
159.5,2.7,422.2,152,2.5,378.4,751.1,60.05,210.7,3.6,4.7,1270.6,38.6,2.8,2.2,0,349.6050757477664,35.312,33.312,2025-10-06 13:34:20
161.7,2.5,428.2,154.7,2.5,376.0,750.5,60.05,210.6,3.5,4.7,1270.6,38.6,2.8,2.2,0,349.6050757477664,35.312,33.312,2025-10-06 13:34:24
161.4,2.6,426.3,149.9,2.5,373.8,749.6,60.04,211.3,3.5,4.8,1270.7,38.5,2.8,2.2,0,349.6050757477664,34.875,33.062,2025-10-06 13:35:23
161.7,2.6,422.4,154.9,2.4,372.7,745.7,60.04,211.3,3.5,4.8,1270.7,38.5,2.8,2.2,0,349.6050757477664,34.812,33.125,2025-10-06 13:35:27
162,2.5,427.2,154.4,2.5,371.9,749.8,60.03,211.4,3.5,4.8,1270.7,38.4,2.8,2.2,0,349.6050757477664,35.187,33.062,2025-10-06 13:36:25
161.4,2.6,427.5,149,2.5,376.3,753.8,60.02,211.4,3.5,4.8,1270.7,38.4,2.8,2.2,0,349.6050757477664,35.25,33.125,2025-10-06 13:36:29
164.2,2.6,415.0,149.4,2.5,377.9,750.8,59.99,211.6,3.5,4.8,1270.7,38.4,2.8,2.2,0,349.6050757477664,35.187,33.25,2025-10-06 13:37:28
158.5,2.6,424.2,154.7,2.4,376.6,752.2,59.97,211.6,3.6,4.8,1270.7,38.4,2.8,2.2,0,349.6050757477664,35.187,33.375,2025-10-06 13:37:32
161.5,2.6,421.6,152.1,2.4,370.9,744.5,60,211.7,3.5,4.8,1270.7,38.4,2.8,2.2,0,349.6050757477664,35.312,33.312,2025-10-06 13:38:30
161.2,2.6,416.4,154.5,2.3,370.0,738.1,60.01,211.7,3.5,4.8,1270.7,38.4,2.8,2.2,0,349.6050757477664,35.312,33.375,2025-10-06 13:38:34
158.6,2.6,413.5,152,2.4,368.1,733.0,59.96,211.8,3.5,4.8,1270.7,38.3,2.9,2.2,0,349.6050757477664,35.25,33.437,2025-10-06 13:39:33
161.4,2.6,419.1,152,2.4,367.8,737.3,59.97,211.8,3.5,4.8,1270.7,38.3,2.9,2.2,0,349.6050757477664,35.187,33.437,2025-10-06 13:39:36
161.2,2.6,412.4,154.6,2.3,364.4,728.4,59.96,211.7,3.4,4.8,1270.7,38.3,2.9,2.2,0,349.6050757477664,35.187,33.5,2025-10-06 13:40:35
164.4,2.6,405.1,152,2.4,366.0,720.9,59.98,211.8,3.4,4.8,1270.7,38.3,2.9,2.2,0,349.6050757477664,35.125,33.437,2025-10-06 13:40:39
161.4,2.5,412.3,152.5,2.4,357.9,722.3,60.02,211.7,3.4,4.8,1270.7,38.3,2.9,2.2,0,349.6050757477664,35.25,33.312,2025-10-06 13:41:38
161.4,2.6,411.6,149.1,2.4,357.4,719.5,60.02,211.7,3.4,4.8,1270.7,38.2,2.9,2.2,0,349.6050757477664,35.187,33.312,2025-10-06 13:41:41
163.7,2.5,410.4,152.6,2.4,362.6,714.9,60.02,211.9,3.4,4.8,1270.7,38.2,2.9,2.2,0,349.6050757477664,34.937,33.187,2025-10-06 13:42:40
161.4,2.6,412.2,149.1,2.4,359.7,721.7,60.01,211.9,3.4,4.8,1270.7,38.2,2.9,2.2,0,349.6050757477664,34.875,33.187,2025-10-06 13:42:44
161.4,2.5,410.1,151.5,2.4,361.9,723.4,59.97,211.7,3.4,4.9,1270.8,38.1,2.9,2.2,0,349.6050757477664,35.062,33.062,2025-10-06 13:43:42
158.6,2.5,403.9,152,2.4,360.7,716.2,59.99,211.8,3.4,4.9,1270.8,38.1,2.9,2.2,0,349.6050757477664,35.062,33.125,2025-10-06 13:43:46
161.1,2.5,410.8,149.5,2.4,360.0,721.3,60,211.7,3.3,4.9,1270.8,38.1,2.9,2.2,0,349.6050757477664,35.0,33.312,2025-10-06 13:44:45
161.4,2.5,410.0,152,2.3,362.2,725.1,60.01,211.7,3.4,4.9,1270.8,38.1,2.9,2.2,0,349.6050757477664,35.0,33.312,2025-10-06 13:44:48
158.7,2.6,405.9,149.2,2.4,365.7,721.5,59.99,211.4,3.5,4.9,1270.8,38.1,2.9,2.2,0,349.6050757477664,34.937,33.437,2025-10-06 13:45:47
161.4,2.4,410.8,153.9,2.3,368.6,731.8,59.99,211.3,3.4,4.9,1270.8,38.1,2.9,2.2,0,349.6050757477664,34.937,33.437,2025-10-06 13:45:51
161.2,2.6,413.4,152,2.4,371.6,735.9,60.01,211.5,3.5,4.9,1270.8,38,2.9,2.2,0,349.6050757477664,34.937,33.562,2025-10-06 13:46:50
162.8,2.5,403.3,153.3,2.4,367.5,723.8,60.03,211.6,3.5,4.9,1270.8,38,2.9,2.2,0,349.6050757477664,34.937,33.562,2025-10-06 13:46:53
161.4,2.4,406.2,154.6,2.3,363.0,719.0,60.05,211.4,3.3,4.9,1270.8,38.1,2.9,2.2,0,349.6050757477664,34.875,33.562,2025-10-06 13:47:52
161.4,2.5,405.6,152,2.4,363.9,721.7,60.03,211.4,3.4,4.9,1270.8,38.1,2.9,2.2,0,349.6050757477664,34.812,33.562,2025-10-06 13:47:56
161.9,2.5,388.8,152.4,2.3,352.6,695.6,60.02,211.6,3.3,4.9,1270.8,38,2.9,2.3,0,349.6050757477664,34.937,33.562,2025-10-06 13:48:55
159.5,2.5,398.5,150.1,2.3,355.4,707.8,60.02,211.6,3.3,4.9,1270.8,38,2.9,2.3,0,349.6050757477664,34.937,33.5,2025-10-06 13:48:58
161.3,2.4,394.2,151.9,2.3,351.9,698.8,59.98,211.5,3.3,4.9,1270.8,38,2.9,2.3,0,349.6050757477664,35.062,33.375,2025-10-06 13:49:57
160.2,2.4,387.8,150.6,2.3,351.6,697.5,59.98,211.4,3.3,4.9,1270.8,38,2.9,2.3,0,349.6050757477664,35.062,33.312,2025-10-06 13:50:01
159.2,2.4,388.0,149.8,2.3,346.2,689.3,60.02,211.8,3.2,4.9,1270.8,37.9,2.9,2.3,0,349.6050757477664,35.062,33.437,2025-10-06 13:50:59
161.4,2.4,389.5,152,2.2,346.8,691.9,60.03,211.7,3.2,4.9,1270.8,37.9,2.9,2.3,0,310.76006733134795,35.062,33.437,2025-10-06 13:51:03
160.5,2.4,379.1,151.1,2.2,336.9,670.3,60.01,211.6,3.2,5.0,1270.9,37.9,2.9,2.3,0,310.76006733134795,35.0,33.562,2025-10-06 13:52:02
164.3,2.2,373.0,155.5,2.2,334.6,666.9,60,211.5,3.1,5.0,1270.9,37.9,2.9,2.3,0,310.76006733134795,34.937,33.562,2025-10-06 13:52:05
161.4,2.3,378.2,152,2.2,333.0,667.1,60.04,211.4,3.1,5.0,1270.9,37.8,2.9,2.3,0,310.76006733134795,35.0,33.437,2025-10-06 13:53:04
161.6,2.3,366.7,151.3,2.2,330.3,657.2,60.01,211.4,3.1,5.0,1270.9,37.8,2.9,2.3,0,310.76006733134795,35.0,33.437,2025-10-06 13:53:08
164.5,2.2,361.6,152,2.1,326.4,648.5,60.03,211.4,3,5.0,1270.9,37.8,3.0,2.3,0,310.76006733134795,34.75,33.312,2025-10-06 13:54:07
161.5,2.3,372.8,151.7,2.1,325.6,656.3,60.04,211.6,3.1,5.0,1270.9,37.8,3.0,2.3,0,310.76006733134795,34.812,33.25,2025-10-06 13:54:10
160.5,2.3,364.4,151.9,2.1,322.1,645.8,60.05,211.6,3,5.0,1270.9,37.7,3.0,2.3,0,310.76006733134795,34.562,33.062,2025-10-06 13:55:09
158.4,2.3,364.7,153.4,2.1,318.1,639.3,60.04,211.6,3,5.0,1270.9,37.7,3.0,2.3,0,310.76006733134795,34.562,33.062,2025-10-06 13:55:13
161.4,2.3,364.8,152,2,319.7,643.8,60,211,3,5.0,1270.9,37.6,3.0,2.3,0,310.76006733134795,34.562,32.875,2025-10-06 13:56:12
161.4,2.2,365.0,152,2.1,319.5,643.9,59.99,210.8,3,5.0,1270.9,37.6,3.0,2.3,0,310.76006733134795,34.562,32.875,2025-10-06 13:56:15
158.5,2.2,357.6,155.1,2.1,312.9,633.6,60.04,211.5,3,5.0,1270.9,37.6,3.0,2.3,0,310.76006733134795,34.687,32.812,2025-10-06 13:57:14
162.1,2.1,363.0,150.3,2.1,316.8,639.8,60.02,211.5,2.9,5.0,1270.9,37.6,3.0,2.3,0,310.76006733134795,34.687,32.812,2025-10-06 13:57:18
162,2.2,359.3,152,2.1,315.6,635.0,59.98,210.5,3,5.0,1270.9,37.6,3.0,2.3,0,310.76006733134795,34.312,32.312,2025-10-06 13:58:16
163.8,2.2,346.9,150.4,2.1,311.3,619.8,59.99,210.5,3,5.0,1270.9,37.6,3.0,2.3,0,310.76006733134795,34.25,32.312,2025-10-06 13:58:20
163.2,2.1,357.9,149.9,2,311.9,630.1,60.01,211.3,2.9,5.0,1270.9,37.6,3.0,2.3,0,271.91505891492943,34.562,32.375,2025-10-06 13:59:19
161.3,2.2,357.2,152,2,312.1,628.7,60.01,211.3,2.9,5.0,1270.9,37.6,3.0,2.3,0,271.91505891492943,34.5,32.375,2025-10-06 13:59:22
162.8,2.2,345.4,150.9,2,303.5,611.7,60,210.7,2.9,5.0,1270.9,37.6,3.0,2.3,0,271.91505891492943,34.562,32.312,2025-10-06 14:00:21
160.8,2.2,349.2,155,1.9,303.6,614.6,59.99,210.7,2.9,5.0,1270.9,37.6,3.0,2.3,0,271.91505891492943,34.562,32.375,2025-10-06 14:00:25
161.4,2.2,351.0,152,2,304.1,615.9,59.98,211.2,2.9,5.1,1271.0,37.6,3.0,2.3,0,271.91505891492943,34.562,32.125,2025-10-06 14:01:24
161.7,2.2,349.1,151.8,2,301.7,611.2,59.98,211.2,2.9,5.1,1271.0,37.6,3.0,2.3,0,271.91505891492943,34.562,32.125,2025-10-06 14:01:27
159.7,2.2,348.5,153.3,1.9,300.2,610.5,60.03,211.4,2.8,5.1,1271.0,37.7,3.0,2.3,0,271.91505891492943,34.312,31.937,2025-10-06 14:02:26
161.4,2.1,348.5,152,2,300.5,609.7,59.99,211.4,2.8,5.1,1271.0,37.7,3.0,2.3,0,271.91505891492943,34.375,31.937,2025-10-06 14:02:30
159.8,2.1,346.3,152,1.9,297.7,604.6,59.99,211.3,2.9,5.1,1271.0,37.6,3.0,2.3,0,271.91505891492943,34.312,32.187,2025-10-06 14:03:29
164.3,2.1,342.7,148.9,1.9,295.1,598.8,59.98,211.3,2.8,5.1,1271.0,37.6,3.0,2.3,0,271.91505891492943,34.312,32.187,2025-10-06 14:03:32
161.4,2.1,343.5,152,1.9,296.2,601.3,60.02,211.5,2.7,5.1,1271.0,37.6,3.0,2.3,0,271.91505891492943,34.25,32.125,2025-10-06 14:04:31
161.4,2.1,340.5,152,1.9,293.6,600.7,60.02,211.4,2.8,5.1,1271.0,37.5,3.0,2.3,0,271.91505891492943,34.187,32.187,2025-10-06 14:04:35
164.5,2,338.7,149,1.9,290.4,587.2,59.99,211.7,2.7,5.1,1271.0,37.4,3.0,2.3,0,271.91505891492943,33.937,32.062,2025-10-06 14:05:33
161.4,2.1,341.6,152.7,1.8,293.0,596.5,60.01,211.8,2.8,5.1,1271.0,37.4,3.0,2.3,0,271.91505891492943,34.0,32.062,2025-10-06 14:05:37
161.4,2.1,337.7,152.3,1.9,290.0,589.8,60.02,211.6,2.8,5.1,1271.0,37.4,3.0,2.3,0,271.91505891492943,34.0,32.125,2025-10-06 14:06:36
159.2,2.1,333.8,154.5,1.9,286.9,584.3,60.02,211.7,2.8,5.1,1271.0,37.4,3.0,2.3,0,271.91505891492943,34.062,32.125,2025-10-06 14:06:40
161.4,2.1,338.1,152,1.8,289.4,589.4,59.97,211.6,2.7,5.1,1271.0,37.4,3.0,2.4,0,271.91505891492943,34.062,32.25,2025-10-06 14:07:38
161.5,2.1,338.0,152,1.9,289.1,588.9,59.98,211.4,2.8,5.1,1271.0,37.4,3.0,2.4,0,271.91505891492943,34.062,32.25,2025-10-06 14:07:42
159.8,2.1,330.8,153.9,1.9,283.0,577.0,60.04,211.4,2.7,5.1,1271.0,37.4,3.0,2.4,0,271.91505891492943,33.687,32.187,2025-10-06 14:08:41
161.8,2,336.0,151.6,1.9,287.3,585.1,60.04,211.5,2.7,5.1,1271.0,37.4,3.0,2.4,0,271.91505891492943,33.625,32.187,2025-10-06 14:08:44
161.4,2.1,333.4,152,1.8,285.1,581.5,60.03,211.2,2.7,5.1,1271.0,37.4,3.0,2.4,0,271.91505891492943,33.75,32.125,2025-10-06 14:09:43
164.2,2.1,329.0,149.3,1.8,282.6,577.4,60.03,211.2,2.7,5.1,1271.0,37.4,3.0,2.4,0,271.91505891492943,33.75,32.062,2025-10-06 14:09:47
161.9,2,332.6,151.3,1.8,283.1,578.1,59.96,211.3,2.6,5.1,1271.0,37.2,3.0,2.4,0,271.91505891492943,33.75,32.062,2025-10-06 14:10:46
161.4,2.1,332.6,152,1.8,282.2,577.6,59.97,211.3,2.7,5.1,1271.0,37.2,3.0,2.4,0,271.91505891492943,33.687,32.062,2025-10-06 14:10:49
161.7,2,329.9,149.2,1.8,275.3,568.6,60.03,211.4,2.7,5.2,1271.1,37.1,3.1,2.4,0,271.91505891492943,33.437,31.75,2025-10-06 14:11:48
161.6,2,328.6,154.7,1.8,279.8,571.9,60.02,211.5,2.6,5.2,1271.1,37.1,3.1,2.4,0,271.91505891492943,33.437,31.687,2025-10-06 14:11:52
164.1,2,326.7,151.5,1.8,274.9,566.1,60.01,211.1,2.6,5.2,1271.1,37.2,3.1,2.4,0,271.91505891492943,33.375,31.625,2025-10-06 14:12:50
158.6,2,325.3,152,1.8,278.3,568.0,60.01,211,2.6,5.2,1271.1,37.2,3.1,2.4,0,271.91505891492943,33.375,31.625,2025-10-06 14:12:54
158.5,2,321.9,154.9,1.7,273.0,561.4,60,211,2.6,5.2,1271.1,37.3,3.1,2.4,0,271.91505891492943,33.375,31.687,2025-10-06 14:13:53
161.3,2,325.7,152,1.8,276.0,566.1,60,211.1,2.6,5.2,1271.1,37.3,3.1,2.4,0,271.91505891492943,33.375,31.687,2025-10-06 14:13:57
161.4,2,324.0,152,1.8,274.3,563.2,59.96,211.3,2.6,5.2,1271.1,37.4,3.1,2.4,0,271.91505891492943,33.375,31.5,2025-10-06 14:14:55
164.5,1.9,322.7,155,1.8,271.0,560.4,59.96,211.2,2.6,5.2,1271.1,37.4,3.1,2.4,0,271.91505891492943,33.312,31.562,2025-10-06 14:14:59
164.4,1.9,322.0,155,1.7,270.4,558.9,59.97,211.4,2.6,5.2,1271.1,37.3,3.1,2.4,0,271.91505891492943,33.25,31.5,2025-10-06 14:15:58
161.4,2,322.9,152,1.8,272.8,560.3,59.97,211.3,2.6,5.2,1271.1,37.3,3.1,2.4,0,271.91505891492943,33.25,31.5,2025-10-06 14:16:02
164.4,1.9,320.6,152,1.8,272.6,558.1,60.02,211,2.6,5.2,1271.1,37.2,3.1,2.4,0,271.91505891492943,33.312,31.812,2025-10-06 14:17:00
161.5,2,321.1,152.1,1.8,272.6,557.9,60.03,211,2.6,5.2,1271.1,37.2,3.1,2.4,0,271.91505891492943,33.312,31.812,2025-10-06 14:17:04
161.4,2,319.9,152,1.8,271.6,556.2,59.97,211.5,2.6,5.2,1271.1,37.2,3.1,2.4,0,271.91505891492943,33.062,31.875,2025-10-06 14:18:03
161.3,2,319.2,155,1.7,269.3,554.2,59.97,211.6,2.6,5.2,1271.1,37.2,3.1,2.4,0,271.91505891492943,33.0,31.875,2025-10-06 14:18:06
161.3,2,317.6,154.9,1.7,267.0,551.5,59.98,211.3,2.6,5.2,1271.1,37.1,3.1,2.4,0,271.91505891492943,33.062,31.812,2025-10-06 14:19:05
164.5,1.9,315.8,152,1.8,269.4,550.6,59.98,211.2,2.6,5.2,1271.1,37.1,3.1,2.4,0,233.07005049851097,33.062,31.812,2025-10-06 14:19:09
164.4,1.9,313.2,152.2,1.8,269.5,547.9,59.95,211.1,2.5,5.2,1271.1,37.2,3.1,2.4,0,271.91505891492943,32.937,31.812,2025-10-06 14:20:08
161.5,1.9,315.2,151.3,1.7,266.1,546.5,59.95,211.1,2.6,5.2,1271.1,37.2,3.1,2.4,0,233.07005049851097,32.937,31.812,2025-10-06 14:20:11
161.6,1.9,313.5,149.4,1.7,263.1,542.6,59.97,210.4,2.6,5.2,1271.1,37.2,3.1,2.4,0,233.07005049851097,32.75,32.0,2025-10-06 14:21:10
160.4,1.9,310.0,153.6,1.7,267.7,543.1,59.98,210.5,2.5,5.2,1271.1,37.2,3.1,2.4,0,233.07005049851097,32.75,32.0,2025-10-06 14:21:14
158.5,1.9,307.1,149.1,1.7,262.6,537.6,59.96,211,2.5,5.3,1271.2,37.2,3.1,2.4,0,233.07005049851097,32.875,32.062,2025-10-06 14:22:12
162.9,1.9,312.8,153.2,1.7,267.8,546.0,59.96,211.1,2.5,5.3,1271.2,37.2,3.1,2.4,0,233.07005049851097,32.875,32.062,2025-10-06 14:22:16
161.5,1.9,310.3,152,1.7,266.9,542.9,59.98,210.5,2.5,5.3,1271.2,37.1,3.1,2.4,0,233.07005049851097,33.062,32.062,2025-10-06 14:23:15
163.2,1.9,309.8,154.5,1.7,263.5,540.8,59.98,210.5,2.6,5.3,1271.2,37.1,3.1,2.4,0,233.07005049851097,33.062,32.062,2025-10-06 14:23:18
162.6,1.9,309.0,150,1.7,265.4,541.2,59.95,211.4,2.5,5.3,1271.2,37,3.1,2.4,0,233.07005049851097,33.187,31.937,2025-10-06 14:24:17
160.3,1.9,308.9,152.1,1.7,265.4,541.0,59.96,211.4,2.5,5.3,1271.2,37,3.1,2.4,0,233.07005049851097,33.187,31.937,2025-10-06 14:24:21
159.8,1.9,306.0,152.1,1.7,260.8,533.9,60.01,211.4,2.5,5.3,1271.2,37,3.1,2.4,0,233.07005049851097,33.312,32.0,2025-10-06 14:25:20
161.4,1.9,306.9,155,1.6,257.8,531.8,60.01,211.4,2.5,5.3,1271.2,37,3.1,2.4,0,233.07005049851097,33.312,32.062,2025-10-06 14:25:23
161.4,1.9,302.8,155,1.6,252.3,522.9,59.99,211.5,2.4,5.3,1271.2,37.1,3.1,2.4,0,233.07005049851097,33.125,32.187,2025-10-06 14:26:22
164.4,1.8,300.9,151.6,1.7,256.5,525.0,59.98,211.5,2.4,5.3,1271.2,37.1,3.1,2.4,0,233.07005049851097,33.125,32.187,2025-10-06 14:26:26
164.4,1.8,298.5,152,1.6,254.8,522.3,60.03,211.4,2.4,5.3,1271.2,37.1,3.1,2.4,0,233.07005049851097,33.187,32.125,2025-10-06 14:27:25
161.4,1.8,300.9,152.4,1.6,251.9,520.7,60.01,211.5,2.4,5.3,1271.2,37.1,3.1,2.4,0,233.07005049851097,33.187,32.125,2025-10-06 14:27:28
161.3,1.8,299.3,155.2,1.6,250.4,516.6,60.04,211.6,2.3,5.3,1271.2,37.2,3.1,2.4,0,233.07005049851097,32.937,32.062,2025-10-06 14:28:27
161.8,1.8,296.4,151.9,1.6,250.0,516.5,60.02,211.5,2.4,5.3,1271.2,37.2,3.1,2.4,0,233.07005049851097,32.937,32.125,2025-10-06 14:28:31
161.4,1.8,296.0,152.1,1.6,248.8,513.3,60.02,211.5,2.4,5.3,1271.2,37.3,3.1,2.5,0,233.07005049851097,32.875,32.0,2025-10-06 14:29:30
164.3,1.8,296.3,155,1.6,247.7,511.4,60.03,211.5,2.4,5.3,1271.2,37.3,3.1,2.5,0,233.07005049851097,32.875,32.062,2025-10-06 14:29:33
164.6,1.8,293.5,155.1,1.6,246.2,509.5,60.05,211.2,2.3,5.3,1271.2,37.2,3.2,2.5,0,233.07005049851097,32.812,31.75,2025-10-06 14:30:32
161.5,1.8,294.9,151.9,1.6,247.2,511.0,60.04,211.2,2.4,5.3,1271.2,37.2,3.2,2.5,0,233.07005049851097,32.812,31.75,2025-10-06 14:30:36
158.4,1.8,289.7,152,1.6,244.7,504.0,60.03,211.4,2.4,5.3,1271.2,37.1,3.2,2.5,0,233.07005049851097,32.625,31.5,2025-10-06 14:31:34
162.2,1.7,292.7,149.8,1.6,241.2,503.5,60.02,210.9,2.3,5.3,1271.2,37.1,3.2,2.5,0,233.07005049851097,32.625,31.5,2025-10-06 14:31:38
158.3,1.8,287.4,148.8,1.6,241.1,497.7,60.02,210.6,2.4,5.3,1271.2,37,3.2,2.5,0,233.07005049851097,32.437,31.5,2025-10-06 14:32:37
162,1.7,290.8,152.6,1.5,244.2,504.8,60.01,210.6,2.4,5.3,1271.2,37,3.2,2.5,0,233.07005049851097,32.437,31.437,2025-10-06 14:32:40
161.4,1.8,288.6,153.3,1.5,242.0,500.9,59.96,210.5,2.3,5.4,1271.3,36.9,3.2,2.5,0,233.07005049851097,32.312,31.375,2025-10-06 14:33:39
164.7,1.8,286.0,154.7,1.6,240.3,496.7,59.96,210.6,2.3,5.4,1271.3,36.9,3.2,2.5,0,233.07005049851097,32.312,31.375,2025-10-06 14:33:43
162.1,1.7,286.6,155,1.5,239.2,497.3,60.01,211,2.3,5.4,1271.3,36.8,3.2,2.5,0,233.07005049851097,32.562,31.437,2025-10-06 14:34:42
161.7,1.8,285.2,152,1.6,241.0,497.9,60.01,211.1,2.4,5.4,1271.3,36.8,3.2,2.5,0,233.07005049851097,32.625,31.375,2025-10-06 14:34:45
161.4,1.7,283.9,152,1.5,238.8,494.5,60.01,210.9,2.3,5.4,1271.3,36.8,3.2,2.5,0,233.07005049851097,32.562,31.187,2025-10-06 14:35:44
161.4,1.7,282.1,151.9,1.5,236.8,490.9,60.01,211,2.3,5.4,1271.3,36.8,3.2,2.5,0,233.07005049851097,32.562,31.25,2025-10-06 14:35:48
161.2,1.7,282.2,149.4,1.5,233.3,487.8,59.98,211.1,2.3,5.4,1271.3,36.8,3.2,2.5,0,233.07005049851097,32.5,31.375,2025-10-06 14:36:46
164.4,1.7,280.1,154.9,1.5,236.9,488.9,59.99,211,2.3,5.4,1271.3,36.8,3.2,2.5,0,233.07005049851097,32.5,31.375,2025-10-06 14:36:50
161.2,1.7,279.2,155.1,1.5,233.2,486.3,59.98,211.2,2.2,5.4,1271.3,36.7,3.2,2.5,0,233.07005049851097,32.562,31.375,2025-10-06 14:37:49
164.4,1.7,278.9,152.3,1.5,233.9,485.0,59.99,211.3,2.2,5.4,1271.3,36.7,3.2,2.5,0,233.07005049851097,32.562,31.312,2025-10-06 14:37:53
161.4,1.7,277.7,152,1.5,233.9,484.3,60.02,211.4,2.2,5.4,1271.3,36.6,3.2,2.5,0,233.07005049851097,32.5,31.187,2025-10-06 14:38:51
161.2,1.7,274.5,151.9,1.5,230.3,484.0,60.01,211.3,2.2,5.4,1271.3,36.6,3.2,2.5,0,233.07005049851097,32.562,31.312,2025-10-06 14:38:55
161.4,1.7,273.7,151.9,1.5,230.1,476.7,59.98,211.6,2.2,5.4,1271.3,36.5,3.2,2.5,0,233.07005049851097,32.687,31.375,2025-10-06 14:39:54
163.8,1.6,272.6,155,1.5,229.3,476.1,59.98,211.4,2.2,5.4,1271.3,36.5,3.2,2.5,0,194.22504208209244,32.687,31.437,2025-10-06 14:39:58
164.2,1.6,272.5,154.7,1.4,229.1,473.9,59.97,211.1,2.2,5.4,1271.3,36.5,3.2,2.5,0,194.22504208209244,32.562,31.25,2025-10-06 14:40:56
161.6,1.7,273.1,152,1.5,230.4,476.2,59.99,211.3,2.2,5.4,1271.3,36.5,3.2,2.5,0,194.22504208209244,32.562,31.25,2025-10-06 14:41:00
164.1,1.6,271.1,152.4,1.5,226.3,472.3,59.97,211.1,2.2,5.4,1271.3,36.5,3.2,2.5,0,194.22504208209244,32.5,31.062,2025-10-06 14:41:59
161.5,1.7,271.4,149,1.5,224.3,468.3,59.98,211.1,2.2,5.4,1271.3,36.5,3.2,2.5,0,194.22504208209244,32.5,31.187,2025-10-06 14:42:02
164.4,1.6,269.6,149.8,1.5,223.7,466.4,60,211.1,2.2,5.4,1271.3,36.6,3.2,2.5,0,194.22504208209244,32.25,31.0,2025-10-06 14:43:01
161.4,1.6,269.7,152,1.4,226.6,469.7,60,211.1,2.2,5.4,1271.3,36.6,3.2,2.5,0,194.22504208209244,32.25,31.062,2025-10-06 14:43:05
161.4,1.6,267.9,155,1.4,223.8,465.9,59.97,211.2,2.2,5.4,1271.3,36.6,3.2,2.5,0,194.22504208209244,32.125,30.937,2025-10-06 14:44:04
164.5,1.6,266.0,152,1.5,225.9,467.9,59.97,211.2,2.2,5.4,1271.3,36.6,3.2,2.5,0,194.22504208209244,32.125,31.0,2025-10-06 14:44:07
164.4,1.6,265.7,152.1,1.5,225.8,464.9,60,210.6,2.1,5.4,1271.3,36.5,3.2,2.5,0,194.22504208209244,32.125,30.812,2025-10-06 14:45:06
161.4,1.6,266.4,151.4,1.5,222.4,461.9,60.01,210.7,2.2,5.4,1271.3,36.5,3.2,2.5,0,194.22504208209244,32.187,30.812,2025-10-06 14:45:10
164.4,1.6,265.5,149.1,1.4,221.8,459.6,60.03,210.7,2.1,5.5,1271.4,36.5,3.2,2.5,0,194.22504208209244,32.0,30.812,2025-10-06 14:46:08
164.4,1.6,265.0,154.1,1.4,225.0,463.4,60.04,210.8,2.1,5.5,1271.4,36.5,3.2,2.5,0,194.22504208209244,32.062,30.812,2025-10-06 14:46:12
164.4,1.6,262.6,152,1.4,223.1,461.4,59.98,211.5,2.1,5.5,1271.4,36.4,3.2,2.5,0,194.22504208209244,31.937,30.75,2025-10-06 14:47:11
166.2,1.6,228.5,153.1,1.4,222.1,428.8,60.01,211.5,2.2,5.5,1271.4,36.4,3.2,2.5,0,194.22504208209244,31.937,30.75,2025-10-06 14:47:15
165.7,1.6,234.1,152.4,1.4,221.7,431.8,59.99,211.5,2.1,5.5,1271.4,36.3,3.2,2.5,0,194.22504208209244,31.937,30.687,2025-10-06 14:48:13
162.5,1.6,262.5,150.2,1.4,222.6,459.2,59.99,211.5,2.1,5.5,1271.4,36.3,3.2,2.5,0,194.22504208209244,31.937,30.625,2025-10-06 14:48:17
165.8,1.6,228.6,149.4,1.4,220.4,427.6,59.98,211.4,2.1,5.5,1271.4,36.3,3.2,2.5,0,194.22504208209244,32.0,30.687,2025-10-06 14:49:16
162.6,1.6,260.0,152,1.4,222.0,455.6,59.98,211.4,2.1,5.5,1271.4,36.3,3.2,2.5,0,194.22504208209244,32.0,30.625,2025-10-06 14:49:19
165.9,1.5,224.3,151.3,1.4,216.4,417.7,60.01,211.3,2.1,5.5,1271.4,36.2,3.2,2.5,0,194.22504208209244,32.062,30.687,2025-10-06 14:50:18
163.1,1.6,254.9,155,1.4,215.5,446.3,60.01,211.3,2.1,5.5,1271.4,36.2,3.2,2.5,0,194.22504208209244,32.062,30.75,2025-10-06 14:50:22
164.3,1.5,249.1,152.1,1.4,214.9,439.2,60.01,211.5,2,5.5,1271.4,36.1,3.2,2.5,0,194.22504208209244,32.062,30.812,2025-10-06 14:51:21
161.4,1.5,248.5,152,1.4,212.7,437.5,60.01,211.5,2,5.5,1271.4,36.1,3.2,2.5,0,194.22504208209244,32.062,30.812,2025-10-06 14:51:24
161.5,1.4,237.1,152,1.3,208.5,422.9,59.97,211.1,1.9,5.5,1271.4,36.1,3.2,2.5,0,194.22504208209244,32.0,30.937,2025-10-06 14:52:23
161.2,1.4,236.0,151.8,1.3,206.3,420.6,59.96,211,1.9,5.5,1271.4,36.1,3.2,2.5,0,194.22504208209244,32.0,30.937,2025-10-06 14:52:27
164.5,1.3,218.0,152,1.3,195.3,395.5,60.02,211,1.8,5.5,1271.4,36.1,3.3,2.5,0,155.38003366567398,32.062,30.875,2025-10-06 14:53:26
161.4,1.4,223.2,155.4,1.2,192.3,397.3,60,211.2,1.8,5.5,1271.4,36.1,3.3,2.5,0,155.38003366567398,32.062,30.937,2025-10-06 14:53:29
161.4,1.3,209.2,151.9,1.1,180.8,374.2,60.01,211,1.8,5.5,1271.4,36,3.3,2.5,0,155.38003366567398,31.937,30.875,2025-10-06 14:54:28
158.2,1.3,208.8,151.7,1.1,179.6,371.2,60.01,210.9,1.7,5.5,1271.4,36,3.3,2.5,0,155.38003366567398,31.937,30.937,2025-10-06 14:54:32
161.4,1.2,202.8,149.2,1.1,164.7,353.0,60.02,210.9,1.6,5.5,1271.4,36,3.3,2.5,0,155.38003366567398,32.0,30.875,2025-10-06 14:55:30
161.4,1.2,202.5,153.6,1,167.0,354.6,60.01,210.9,1.7,5.5,1271.4,36,3.3,2.5,0,155.38003366567398,32.0,30.812,2025-10-06 14:55:34
161.5,1.2,198.3,155,1,157.3,343.1,60.01,211.3,1.5,5.5,1271.4,36,3.3,2.6,0,155.38003366567398,31.562,30.75,2025-10-06 14:56:33
160.1,1.2,196.3,150.4,1,159.7,342.3,60.02,211.2,1.5,5.5,1271.4,36,3.3,2.6,0,155.38003366567398,31.5,30.812,2025-10-06 14:56:36
161.4,1.2,198.0,149.9,1,157.3,341.1,60.01,211.1,1.6,5.5,1271.4,36,3.3,2.6,0,155.38003366567398,31.5,30.562,2025-10-06 14:57:35
159.9,1.2,194.7,150.5,1,154.5,335.5,60.01,210.7,1.6,5.5,1271.4,36,3.3,2.6,0,155.38003366567398,31.5,30.5,2025-10-06 14:57:39
161.4,1.2,196.6,149.2,1,154.6,336.9,60.02,210.7,1.5,5.5,1271.4,35.9,3.3,2.6,0,155.38003366567398,31.375,30.25,2025-10-06 14:58:38
163.7,1.2,188.0,152,1,157.3,331.5,60.03,210.6,1.5,5.5,1271.4,35.9,3.3,2.6,0,155.38003366567398,31.375,30.187,2025-10-06 14:58:41
161.4,1.2,196.4,152,1,158.5,340.4,59.97,210.7,1.6,5.5,1271.4,35.8,3.3,2.6,0,155.38003366567398,31.375,30.187,2025-10-06 14:59:40
159.5,1.2,193.0,152,1,157.2,338.5,59.99,210.7,1.6,5.5,1271.4,35.8,3.3,2.6,0,155.38003366567398,31.375,30.187,2025-10-06 14:59:44
161.4,1.2,194.8,153.6,1,155.1,336.9,60,211.4,1.6,5.6,1271.5,35.7,3.3,2.6,0,155.38003366567398,31.25,30.062,2025-10-06 15:00:43
158.5,1.2,191.5,148.8,1,156.6,335.4,60.01,211.4,1.5,5.6,1271.5,35.7,3.3,2.6,0,155.38003366567398,31.25,30.062,2025-10-06 15:00:46
160.1,1.2,190.3,150.4,1,157.7,336.1,59.99,211.4,1.6,5.6,1271.5,35.6,3.3,2.6,0,155.38003366567398,31.25,30.062,2025-10-06 15:01:45
164.4,1.1,189.0,152.3,1,157.2,332.6,59.99,211.3,1.5,5.6,1271.5,35.6,3.3,2.6,0,155.38003366567398,31.25,30.062,2025-10-06 15:01:49
159.9,1.2,191.0,149,1,156.3,332.3,60.03,210.9,1.5,5.6,1271.5,35.5,3.3,2.6,0,155.38003366567398,31.0,30.0,2025-10-06 15:02:47
161.9,1.2,193.1,152,1,158.1,336.7,60.02,211,1.5,5.6,1271.5,35.5,3.3,2.6,0,155.38003366567398,31.0,29.937,2025-10-06 15:02:51
161.2,1.2,192.9,152,0.9,158.3,338.4,59.99,211,1.5,5.6,1271.5,35.5,3.3,2.6,0,155.38003366567398,31.0,29.875,2025-10-06 15:03:50
164.3,1.1,191.8,151.9,1,155.9,333.7,59.98,210.9,1.6,5.6,1271.5,35.5,3.3,2.6,0,155.38003366567398,31.0,29.875,2025-10-06 15:03:53
158.6,1.2,193.3,151.9,1,156.3,336.6,59.98,211,1.5,5.6,1271.5,35.4,3.3,2.6,0,155.38003366567398,30.687,29.812,2025-10-06 15:04:52
161.3,1.2,195.8,149.1,1,156.7,338.3,59.97,211.1,1.5,5.6,1271.5,35.4,3.3,2.6,0,155.38003366567398,30.687,29.812,2025-10-06 15:04:56
164.5,1.2,193.4,149.1,1,156.7,336.5,60,211,1.6,5.6,1271.5,35.3,3.3,2.6,0,155.38003366567398,30.687,29.625,2025-10-06 15:05:55
160.7,1.2,196.8,151.5,1,157.0,340.0,59.99,210.9,1.5,5.6,1271.5,35.3,3.3,2.6,0,155.38003366567398,30.687,29.625,2025-10-06 15:05:58
161.3,1.2,198.0,148.8,1,155.9,339.7,60.01,211.2,1.6,5.6,1271.5,35.2,3.3,2.6,0,155.38003366567398,30.812,29.562,2025-10-06 15:06:57
159.2,1.2,195.3,152,1,156.0,337.3,60.01,211.2,1.6,5.6,1271.5,35.2,3.3,2.6,0,155.38003366567398,30.812,29.562,2025-10-06 15:07:01
161.3,1.2,198.6,149,1,157.0,340.4,59.98,211.3,1.6,5.6,1271.5,35.2,3.3,2.6,0,155.38003366567398,30.812,29.562,2025-10-06 15:08:00
164.3,1.2,196.0,146.1,1,154.3,334.7,59.99,211.2,1.5,5.6,1271.5,35.2,3.3,2.6,0,155.38003366567398,30.812,29.5,2025-10-06 15:08:03
161.3,1.2,197.6,152,1,156.7,340.3,59.98,210.7,1.5,5.6,1271.5,35.1,3.3,2.6,0,155.38003366567398,30.75,29.5,2025-10-06 15:09:02
164.2,1.2,193.2,152,1,156.7,336.3,59.98,210.6,1.6,5.6,1271.5,35.1,3.3,2.6,0,155.38003366567398,30.812,29.5,2025-10-06 15:09:06
158.4,1.2,190.4,148.3,1,155.7,332.1,59.99,211.4,1.5,5.6,1271.5,35,3.3,2.6,0,155.38003366567398,30.625,29.5,2025-10-06 15:10:04
161.4,1.2,193.9,149.1,1,154.6,332.8,59.99,211.5,1.5,5.6,1271.5,35,3.3,2.6,0,155.38003366567398,30.687,29.5,2025-10-06 15:10:08
161,1.1,184.6,153.4,0.9,150.3,322.7,60.01,211.2,1.5,5.6,1271.5,35,3.3,2.6,0,155.38003366567398,30.687,29.562,2025-10-06 15:11:07
161.3,1.1,182.1,150.5,1,152.4,322.0,60,211.1,1.5,5.6,1271.5,35,3.3,2.6,0,155.38003366567398,30.687,29.562,2025-10-06 15:11:10
161.2,1,171.5,147.9,0.9,144.6,305.6,60.01,211.2,1.4,5.6,1271.5,34.9,3.3,2.6,0,116.53502524925548,30.687,29.625,2025-10-06 15:12:09
161.3,1,168.5,150.6,0.9,144.6,303.2,60.03,211.2,1.4,5.6,1271.5,34.9,3.3,2.6,0,116.53502524925548,30.687,29.625,2025-10-06 15:12:13
161.4,1,161.3,153.7,0.8,133.3,287.3,60.03,211.1,1.3,5.6,1271.5,34.9,3.3,2.6,0,116.53502524925548,30.437,29.625,2025-10-06 15:13:12
161.3,1,148.0,150.7,0.9,132.7,274.2,60.03,211.1,1.3,5.6,1271.5,34.9,3.3,2.6,0,116.53502524925548,30.437,29.625,2025-10-06 15:13:15
161.8,0.9,147.5,150.5,0.8,127.0,269.5,60.03,211.1,1.2,5.6,1271.5,34.8,3.3,2.6,0,116.53502524925548,30.437,29.562,2025-10-06 15:14:14
158.9,0.9,154.9,150,0.8,126.0,273.8,60.01,211.1,1.3,5.6,1271.5,34.8,3.3,2.6,0,116.53502524925548,30.437,29.562,2025-10-06 15:14:18
158.7,0.9,154.1,150.5,0.8,121.3,269.3,60,210.4,1.2,5.6,1271.5,34.8,3.3,2.6,0,116.53502524925548,30.375,29.375,2025-10-06 15:15:17
161.1,0.9,155.5,147.6,0.8,120.4,269.3,59.97,210.4,1.3,5.6,1271.5,34.8,3.3,2.6,0,116.53502524925548,30.375,29.437,2025-10-06 15:15:20
161.3,0.9,155.3,147.8,0.8,118.0,268.9,59.96,210.3,1.3,5.6,1271.5,34.8,3.3,2.6,0,116.53502524925548,30.312,29.312,2025-10-06 15:16:19
164.7,0.9,147.4,150.5,0.7,118.6,260.2,59.99,210.3,1.2,5.6,1271.5,34.8,3.3,2.6,0,116.53502524925548,30.312,29.312,2025-10-06 15:16:23
163.7,0.9,147.2,148.3,0.7,117.5,259.8,59.97,211,1.3,5.6,1271.5,34.8,3.3,2.6,0,116.53502524925548,30.187,29.187,2025-10-06 15:17:22
161.4,1,159.4,150.5,0.7,118.1,271.5,59.98,211,1.2,5.6,1271.5,34.8,3.3,2.6,0,116.53502524925548,30.187,29.187,2025-10-06 15:17:25
160.8,1,160.9,150.5,0.7,118.8,271.8,60,211.3,1.2,5.6,1271.5,34.7,3.3,2.6,0,116.53502524925548,30.187,29.187,2025-10-06 15:18:24
158.6,1,158.1,147.7,0.8,117.7,269.3,60.02,211.2,1.2,5.6,1271.5,34.7,3.3,2.6,0,116.53502524925548,30.187,29.187,2025-10-06 15:18:27
158.8,1,158.6,150.8,0.7,120.5,272.4,60,211.3,1.3,5.6,1271.5,34.6,3.3,2.6,0,116.53502524925548,30.25,29.125,2025-10-06 15:19:26
161.4,0.9,161.5,153.5,0.8,119.3,273.0,60,211.3,1.2,5.6,1271.5,34.6,3.3,2.6,0,116.53502524925548,30.25,29.187,2025-10-06 15:19:30
161.4,0.9,161.1,150.6,0.8,123.6,277.6,60.03,211.4,1.3,5.7,1271.6,34.6,3.3,2.6,0,116.53502524925548,30.125,29.125,2025-10-06 15:20:29
161.6,1,161.0,147.7,0.8,123.2,277.0,60.03,211.5,1.3,5.7,1271.6,34.6,3.3,2.6,0,116.53502524925548,30.125,29.125,2025-10-06 15:20:32
161.4,1,160.4,150.5,0.8,124.7,277.5,60.01,211.2,1.3,5.7,1271.6,34.6,3.3,2.6,0,116.53502524925548,29.937,29.25,2025-10-06 15:21:31
160.5,1,158.8,151.5,0.8,123.8,276.3,60.02,211.3,1.3,5.7,1271.6,34.6,3.3,2.6,0,116.53502524925548,30.0,29.25,2025-10-06 15:21:35
158.4,0.9,156.8,147.5,0.8,125.4,275.1,59.99,211.4,1.2,5.7,1271.6,34.6,3.3,2.6,0,116.53502524925548,30.062,29.187,2025-10-06 15:22:34
162.9,0.8,157.9,150.5,0.8,126.4,278.7,59.99,211.3,1.2,5.7,1271.6,34.6,3.3,2.6,0,116.53502524925548,30.062,29.25,2025-10-06 15:22:37
163.7,0.8,153.4,150.9,0.8,123.3,271.8,59.96,211.3,1.2,5.7,1271.6,34.5,3.3,2.6,0,116.53502524925548,29.937,29.187,2025-10-06 15:23:36
160.9,0.9,154.2,148.6,0.8,124.8,273.7,59.95,211.1,1.2,5.7,1271.6,34.5,3.3,2.6,0,116.53502524925548,29.937,29.187,2025-10-06 15:23:40
161.2,0.9,151.3,150.5,0.8,120.5,266.5,59.98,211,1.2,5.7,1271.6,34.5,3.3,2.6,0,116.53502524925548,29.812,29.125,2025-10-06 15:24:39
158.3,0.9,149.4,153.6,0.7,118.0,262.4,59.99,211,1.2,5.7,1271.6,34.5,3.3,2.6,0,116.53502524925548,29.812,29.125,2025-10-06 15:24:42
160.7,0.9,145.2,150.5,0.7,116.0,256.1,60.02,211.3,1.2,5.7,1271.6,34.5,3.3,2.6,0,116.53502524925548,29.812,29.062,2025-10-06 15:25:41
164.5,0.8,136.5,147.6,0.7,115.5,247.6,60.02,211.3,1.1,5.7,1271.6,34.5,3.3,2.6,0,116.53502524925548,29.812,29.062,2025-10-06 15:25:45
163.1,0.8,142.5,152.4,0.7,109.9,236.1,60.02,211.2,1.1,5.7,1271.6,34.4,3.4,2.6,0,116.53502524925548,29.625,28.875,2025-10-06 15:26:43
161.4,0.8,142.4,150.4,0.7,110.5,249.1,60.02,211.2,1.1,5.7,1271.6,34.4,3.4,2.6,0,116.53502524925548,29.562,28.937,2025-10-06 15:26:47
161.2,0.8,138.9,150.4,0.7,108.0,242.1,60.04,210.7,1.2,5.7,1271.6,34.3,3.4,2.6,0,116.53502524925548,29.562,28.75,2025-10-06 15:27:46
158.6,0.8,136.5,147.5,0.7,107.4,239.3,60.05,210.7,1.1,5.7,1271.6,34.3,3.4,2.6,0,116.53502524925548,29.562,28.75,2025-10-06 15:27:49
158.6,0.8,132.5,147.7,0.7,105.3,233.2,60.03,210.6,1,5.7,1271.6,34.2,3.4,2.6,0,116.53502524925548,29.562,28.625,2025-10-06 15:28:48
161.4,0.7,134.3,150.5,0.7,105.9,235.6,60.03,210.8,1,5.7,1271.6,34.2,3.4,2.6,0,77.69001683283699,29.562,28.625,2025-10-06 15:28:52
161.3,0.7,129.8,150.3,0.7,103.8,228.9,60.02,211.2,0.9,5.7,1271.6,34.2,3.4,2.6,0,77.69001683283699,29.625,28.562,2025-10-06 15:29:51
161.5,0.8,123.7,150.5,0.6,103.2,227.9,60,211.1,1,5.7,1271.6,34.2,3.4,2.6,0,77.69001683283699,29.625,28.562,2025-10-06 15:29:54
161.3,0.7,120.6,147.7,0.6,100.0,215.6,60.02,210.4,1,5.7,1271.6,34.1,3.4,2.6,0,77.69001683283699,29.562,28.5,2025-10-06 15:30:53
158.6,0.7,121.2,150.5,0.6,99.8,216.7,60.03,210.4,1,5.7,1271.6,34.1,3.4,2.6,0,77.69001683283699,29.562,28.562,2025-10-06 15:30:57
158.4,0.7,113.7,147.5,0.6,94.9,204.4,60.02,210.9,0.9,5.7,1271.6,34.1,3.4,2.6,0,77.69001683283699,29.5,28.5,2025-10-06 15:31:56
161.4,0.7,114.2,150.5,0.6,95.3,206.1,60.03,210.9,1,5.7,1271.6,34.1,3.4,2.6,0,77.69001683283699,29.5,28.5,2025-10-06 15:31:59
160.7,0.6,105.5,147,0.6,88.6,190.5,60,211.4,0.9,5.7,1271.6,34.1,3.4,2.6,0,77.69001683283699,29.312,28.437,2025-10-06 15:32:58
158.5,0.6,105.7,148.8,0.5,89.9,191.8,59.98,211.3,0.9,5.7,1271.6,34.1,3.4,2.6,0,77.69001683283699,29.312,28.437,2025-10-06 15:33:02
157.6,0.6,99.0,150.6,0.5,85.0,180.5,59.97,211.3,0.8,5.7,1271.6,34.1,3.4,2.6,0,77.69001683283699,29.312,28.437,2025-10-06 15:34:00
159.1,0.5,100.0,147.5,0.5,85.2,180.2,59.97,211.4,0.8,5.7,1271.6,34.1,3.4,2.6,0,77.69001683283699,29.312,28.437,2025-10-06 15:34:04
158.5,0.6,97.2,144.7,0.5,79.2,173.1,60,211,0.8,5.7,1271.6,34,3.4,2.6,0,77.69001683283699,29.187,28.375,2025-10-06 15:35:03
155.5,0.6,95.9,147.5,0.5,80.5,173.1,59.99,210.9,0.9,5.7,1271.6,34,3.4,2.6,0,77.69001683283699,29.187,28.375,2025-10-06 15:35:06
160,0.5,95.1,150,0.5,78.2,170.1,60,211.1,0.7,5.7,1271.6,34,3.4,2.6,0,77.69001683283699,29.187,28.375,2025-10-06 15:36:05
158.2,0.5,94.8,147.5,0.5,77.6,169.1,59.99,211,0.7,5.7,1271.6,34,3.4,2.6,0,38.845008416418494,29.187,28.312,2025-10-06 15:36:09
155.6,0.5,93.6,150.6,0.4,74.5,164.5,60.02,210.4,0.8,5.7,1271.6,34,3.4,2.6,0,77.69001683283699,29.062,28.25,2025-10-06 15:37:08
158.5,0.5,94.8,147.7,0.4,74.8,166.4,60.02,210.5,0.8,5.7,1271.6,34,3.4,2.6,0,77.69001683283699,29.0,28.25,2025-10-06 15:37:11
158.9,0.5,95.2,147.2,0.4,72.7,164.7,59.99,210.8,0.7,5.7,1271.6,34,3.4,2.6,0,77.69001683283699,29.0,28.187,2025-10-06 15:38:10
155.4,0.5,94.9,150.5,0.4,72.6,164.3,60,211,0.7,5.7,1271.6,34,3.4,2.6,0,77.69001683283699,29.0,28.187,2025-10-06 15:38:14
158.5,0.6,97.7,147.6,0.4,71.9,166.4,59.99,211.3,0.7,5.7,1271.6,33.9,3.4,2.6,0,77.69001683283699,28.875,28.125,2025-10-06 15:39:13
161.4,0.6,96.7,144.7,0.4,70.3,164.4,59.97,211.2,0.8,5.7,1271.6,33.9,3.4,2.6,0,77.69001683283699,28.875,28.125,2025-10-06 15:39:16
158.6,0.6,98.6,149,0.4,72.6,167.9,59.96,211.3,0.7,5.7,1271.6,33.9,3.4,2.6,0,77.69001683283699,28.812,28.062,2025-10-06 15:40:15
158.7,0.6,98.9,151.9,0.4,71.3,167.0,59.98,211.3,0.8,5.7,1271.6,33.9,3.4,2.6,0,77.69001683283699,28.812,28.062,2025-10-06 15:40:19
158.4,0.6,98.7,149.1,0.4,75.2,170.4,59.99,210.6,0.8,5.7,1271.6,33.8,3.4,2.6,0,77.69001683283699,28.812,28.062,2025-10-06 15:41:18
158.5,0.6,98.2,146.7,0.4,74.0,169.0,59.98,210.7,0.8,5.7,1271.6,33.8,3.4,2.6,0,77.69001683283699,28.812,28.125,2025-10-06 15:41:21
158.2,0.6,99.9,152,0.5,77.0,173.6,59.99,211.2,0.8,5.7,1271.6,33.8,3.4,2.6,0,77.69001683283699,28.75,28.062,2025-10-06 15:42:20
161.4,0.6,98.9,149,0.5,79.4,175.5,59.99,211.2,0.8,5.7,1271.6,33.8,3.4,2.6,0,77.69001683283699,28.75,28.062,2025-10-06 15:42:23
161.4,0.6,104.6,147.2,0.5,82.4,183.4,59.99,211.5,0.9,5.7,1271.6,33.7,3.4,2.6,0,77.69001683283699,28.75,28.062,2025-10-06 15:43:22
164.5,0.6,88.0,149.3,0.5,83.6,168.7,59.98,211.4,0.9,5.7,1271.6,33.7,3.4,2.6,0,77.69001683283699,28.75,28.062,2025-10-06 15:43:26
164,0.6,102.1,150.9,0.5,88.9,186.3,60.01,211.2,0.9,5.7,1271.6,33.7,3.4,2.6,0,77.69001683283699,28.75,28.125,2025-10-06 15:44:25
161.4,0.7,114.5,151.9,0.5,87.5,197.5,60.04,211.2,0.9,5.7,1271.6,33.7,3.4,2.6,0,77.69001683283699,28.75,28.125,2025-10-06 15:44:28
160.7,0.7,124.3,150.4,0.6,94.0,214.1,60.03,211.3,0.9,5.7,1271.6,33.7,3.4,2.6,0,77.69001683283699,28.812,28.062,2025-10-06 15:45:27
161.6,0.7,124.0,147.7,0.6,93.6,213.4,60.02,211.2,1,5.7,1271.6,33.7,3.4,2.6,0,77.69001683283699,28.812,28.062,2025-10-06 15:45:31
159.1,0.8,132.2,149.2,0.6,101.1,231.0,59.99,211.2,1.1,5.7,1271.6,33.7,3.4,2.6,0,116.53502524925548,28.75,28.125,2025-10-06 15:46:30
164.2,0.8,133.9,149,0.6,101.3,230.8,59.99,211.2,1,5.7,1271.6,33.7,3.4,2.7,0,77.69001683283699,28.75,28.125,2025-10-06 15:46:33
161.4,0.8,142.1,152,0.7,107.8,244.8,60.01,211.2,1.1,5.7,1271.6,33.7,3.4,2.7,0,116.53502524925548,28.687,28.187,2025-10-06 15:47:32
158.4,0.8,140.5,151.9,0.7,108.3,243.8,60.01,211.1,1,5.7,1271.6,33.7,3.4,2.7,0,116.53502524925548,28.687,28.187,2025-10-06 15:47:36
164.5,0.9,147.1,149.2,0.7,112.4,254.5,60,211.2,1.1,5.8,1271.7,33.7,3.4,2.7,0,116.53502524925548,28.812,28.25,2025-10-06 15:48:35
165.4,0.9,129.0,146.6,0.7,112.3,235.5,60,211,1.2,5.8,1271.7,33.7,3.4,2.7,0,116.53502524925548,28.812,28.25,2025-10-06 15:48:38
164.4,0.9,152.1,152,0.7,115.8,261.9,60.01,211.3,1.1,5.8,1271.7,33.7,3.4,2.7,0,116.53502524925548,28.812,28.25,2025-10-06 15:49:37
165.7,0.9,131.7,155,0.7,113.4,259.6,60,211.4,1.2,5.8,1271.7,33.7,3.4,2.7,0,116.53502524925548,28.812,28.25,2025-10-06 15:49:40
165,0.9,137.2,152,0.8,118.9,250.1,60,211.2,1.2,5.8,1271.7,33.7,3.4,2.7,0,116.53502524925548,28.875,28.375,2025-10-06 15:50:39
162.1,0.9,152.4,149.1,0.8,118.9,264.9,60,211,1.2,5.8,1271.7,33.7,3.4,2.7,0,116.53502524925548,28.875,28.375,2025-10-06 15:50:43
165.2,0.9,133.8,149.1,0.8,120.9,267.4,59.99,210.8,1.2,5.8,1271.7,33.6,3.4,2.7,0,116.53502524925548,28.875,28.25,2025-10-06 15:51:42
161.5,0.9,152.2,149.1,0.8,120.4,266.6,60,210.9,1.2,5.8,1271.7,33.6,3.4,2.7,0,116.53502524925548,28.875,28.312,2025-10-06 15:51:45
161.5,0.9,151.2,149.1,0.8,121.8,266.3,60,211.5,1.2,5.8,1271.7,33.6,3.4,2.7,0,116.53502524925548,28.812,28.375,2025-10-06 15:52:44
164.6,0.9,149.9,151.9,0.8,122.3,266.6,60.01,211.6,1.2,5.8,1271.7,33.6,3.4,2.7,0,116.53502524925548,28.812,28.375,2025-10-06 15:52:48
161.4,0.9,147.3,149.4,0.8,121.6,262.8,60.02,211.6,1.1,5.8,1271.7,33.6,3.4,2.7,0,116.53502524925548,28.812,28.375,2025-10-06 15:53:47
164.5,0.8,145.5,149.2,0.8,121.7,262.2,60.02,211.6,1.2,5.8,1271.7,33.6,3.4,2.7,0,116.53502524925548,28.812,28.375,2025-10-06 15:53:50
161.4,0.8,140.9,149.3,0.7,118.5,254.3,59.99,211.6,1.1,5.8,1271.7,33.5,3.4,2.7,0,116.53502524925548,28.875,28.375,2025-10-06 15:54:49
158.5,0.8,138.2,149.3,0.7,117.8,251.6,60,211.2,1.1,5.8,1271.7,33.5,3.4,2.7,0,116.53502524925548,28.937,28.437,2025-10-06 15:54:53
158.4,0.8,130.7,149,0.7,113.1,239.2,60.02,211.4,1.1,5.8,1271.7,33.5,3.4,2.7,0,116.53502524925548,29.0,28.437,2025-10-06 15:55:52
161.4,0.8,131.9,149.9,0.7,112.9,240.2,60.03,211.5,1.1,5.8,1271.7,33.5,3.4,2.7,0,116.53502524925548,29.0,28.375,2025-10-06 15:55:55
161.4,0.7,126.0,149.1,0.7,107.8,229.5,60.02,211.5,1.1,5.8,1271.7,33.5,3.4,2.7,0,77.69001683283699,29.0,28.437,2025-10-06 15:56:54
162.5,0.7,121.7,146.1,0.7,106.2,223.3,60.03,211.4,1,5.8,1271.7,33.5,3.4,2.7,0,77.69001683283699,29.0,28.437,2025-10-06 15:56:58
161.6,0.7,118.0,151.7,0.6,105.0,218.5,60.02,211.5,1,5.8,1271.7,33.5,3.4,2.7,0,77.69001683283699,29.0,28.375,2025-10-06 15:57:56
159.6,0.7,123.4,150.2,0.7,104.5,222.7,60.03,211.5,1,5.8,1271.7,33.5,3.4,2.7,0,77.69001683283699,29.0,28.375,2025-10-06 15:58:00
158.9,0.7,120.3,146.1,0.7,102.6,218.7,60.03,211.6,1,5.8,1271.7,33.5,3.4,2.7,0,77.69001683283699,28.937,28.437,2025-10-06 15:58:59
160.2,0.7,118.9,149.2,0.7,103.8,220.3,60.03,211.5,1,5.8,1271.7,33.5,3.4,2.7,0,77.69001683283699,28.937,28.437,2025-10-06 15:59:02
160.8,0.7,119.3,149.7,0.7,103.1,218.0,59.99,211.1,1,5.8,1271.7,33.5,3.4,2.7,0,77.69001683283699,28.937,28.437,2025-10-06 16:00:01
162.9,0.6,113.0,146.1,0.7,103.3,212.6,60.01,211.1,1,5.8,1271.7,33.5,3.4,2.7,0,77.69001683283699,29.0,28.437,2025-10-06 16:00:05
163.5,0.7,120.4,149.1,0.6,105.0,215.0,60.01,211.7,1.1,5.8,1271.7,33.5,3.4,2.7,0,77.69001683283699,29.0,28.5,2025-10-06 16:01:04
161.4,0.7,121.9,152,0.7,103.5,221.1,60,211.6,1,5.8,1271.7,33.5,3.4,2.7,0,77.69001683283699,29.0,28.5,2025-10-06 16:01:07
161.5,0.7,124.1,145.9,0.7,103.7,223.3,60,211.5,1,5.8,1271.7,33.4,3.4,2.7,0,77.69001683283699,28.937,28.5,2025-10-06 16:02:06
158.5,0.7,122.2,149,0.7,104.9,222.7,60,211.6,1,5.8,1271.7,33.5,3.4,2.7,0,77.69001683283699,29.0,28.5,2025-10-06 16:02:10
158.7,0.7,123.9,152,0.7,105.1,224.7,60.02,211.6,1.1,5.8,1271.7,33.5,3.4,2.7,0,77.69001683283699,29.0,28.562,2025-10-06 16:03:09
161.5,0.7,126.1,149.1,0.7,106.2,227.9,60.02,211.6,1,5.8,1271.7,33.5,3.4,2.7,0,77.69001683283699,29.0,28.562,2025-10-06 16:03:12
161.2,0.7,126.8,149,0.7,106.9,229.3,59.99,211.4,1,5.8,1271.7,33.5,3.4,2.7,0,77.69001683283699,28.937,28.562,2025-10-06 16:04:11
161.5,0.7,124.5,152,0.7,107.0,229.3,59.99,211.5,1,5.8,1271.7,33.5,3.4,2.7,0,77.69001683283699,28.937,28.562,2025-10-06 16:04:15
161.4,0.7,125.8,149.1,0.7,108.5,229.7,59.98,211.8,1,5.8,1271.7,33.5,3.4,2.7,0,77.69001683283699,28.812,28.5,2025-10-06 16:05:14
158.5,0.7,124.4,147.8,0.7,106.6,226.4,59.99,211.7,1,5.8,1271.7,33.5,3.4,2.7,0,77.69001683283699,28.875,28.5,2025-10-06 16:05:17
158.6,0.7,123.7,151.9,0.7,106.9,225.9,59.99,211.8,1,5.8,1271.7,33.5,3.4,2.7,0,77.69001683283699,28.812,28.437,2025-10-06 16:06:16
161.4,0.7,124.9,149.1,0.7,108.1,228.6,59.98,211.8,1.1,5.8,1271.7,33.5,3.4,2.7,0,77.69001683283699,28.812,28.5,2025-10-06 16:06:19
161.3,0.7,122.1,148.5,0.7,104.9,222.6,60.01,211.7,1,5.8,1271.7,33.5,3.4,2.7,0,77.69001683283699,28.812,28.5,2025-10-06 16:07:18
162.9,0.7,114.7,150.4,0.6,105.6,216.4,60.03,211.8,1,5.8,1271.7,33.5,3.4,2.7,0,77.69001683283699,28.812,28.5,2025-10-06 16:07:22
162.7,0.7,110.0,149.2,0.6,101.8,207.6,60.01,211.3,0.9,5.8,1271.7,33.5,3.4,2.7,0,77.69001683283699,28.812,28.5,2025-10-06 16:08:21
160.5,0.7,117.8,151.9,0.6,100.1,213.8,60,211.4,1,5.8,1271.7,33.5,3.4,2.7,0,77.69001683283699,28.812,28.5,2025-10-06 16:08:24
159.2,0.7,113.8,151.1,0.6,96.9,206.7,60.03,211.3,0.9,5.8,1271.7,33.5,3.4,2.7,0,77.69001683283699,28.875,28.5,2025-10-06 16:09:23
159.2,0.7,113.2,151.3,0.6,96.6,206.4,60.01,211.4,1,5.8,1271.7,33.5,3.4,2.7,0,77.69001683283699,28.875,28.5,2025-10-06 16:09:27
160.3,0.6,110.4,146.1,0.6,92.4,198.9,60,211.4,0.9,5.8,1271.7,33.5,3.4,2.7,0,77.69001683283699,28.75,28.375,2025-10-06 16:10:26
164.7,0.6,106.2,149.1,0.6,93.7,195.6,60.01,211.3,0.9,5.8,1271.7,33.5,3.4,2.7,0,77.69001683283699,28.812,28.375,2025-10-06 16:10:29
162.4,0.5,109.2,147.7,0.6,91.3,184.9,59.98,210.7,0.9,5.8,1271.7,33.5,3.4,2.7,0,77.69001683283699,28.75,28.375,2025-10-06 16:11:28
161.2,0.6,109.5,152.5,0.5,89.6,195.4,59.98,210.8,0.8,5.8,1271.7,33.5,3.4,2.7,0,77.69001683283699,28.75,28.375,2025-10-06 16:11:32
161.2,0.6,106.9,152,0.5,86.4,189.6,59.96,211.6,0.8,5.8,1271.7,33.5,3.4,2.7,0,77.69001683283699,28.625,28.375,2025-10-06 16:12:31
158.5,0.6,105.9,149.1,0.5,87.2,189.5,59.96,211.7,0.9,5.8,1271.7,33.5,3.4,2.7,0,77.69001683283699,28.625,28.312,2025-10-06 16:12:34
158.5,0.6,101.8,144.5,0.5,82.9,181.2,59.98,211.4,0.9,5.8,1271.7,33.5,3.4,2.7,0,77.69001683283699,28.625,28.187,2025-10-06 16:13:33
161.4,0.6,103.7,147.6,0.5,84.2,184.2,59.99,211.4,0.7,5.8,1271.7,33.5,3.4,2.7,0,77.69001683283699,28.625,28.187,2025-10-06 16:13:36
161.4,0.4,99.9,147.5,0.5,79.8,176.6,59.99,211.2,0.8,5.9,1271.8,33.4,3.4,2.7,0,77.69001683283699,28.625,28.125,2025-10-06 16:14:36
161.8,0.6,92.4,144.8,0.5,79.0,174.5,59.99,211.1,0.8,5.9,1271.8,33.4,3.4,2.7,0,77.69001683283699,28.625,28.062,2025-10-06 16:14:39
161.5,0.5,89.4,147.5,0.4,75.7,167.8,60.02,211,0.8,5.9,1271.8,33.4,3.4,2.7,0,77.69001683283699,28.625,28.062,2025-10-06 16:15:38
158.5,0.5,95.4,149.6,0.4,73.6,165.9,60.02,210.6,0.8,5.9,1271.8,33.4,3.4,2.7,0,77.69001683283699,28.625,28.0,2025-10-06 16:15:41
161.5,0.5,92.5,144.6,0.4,70.9,160.4,60,210.6,0.7,5.9,1271.8,33.3,3.4,2.7,0,77.69001683283699,28.562,28.0,2025-10-06 16:16:40
164,0.5,77.3,147.6,0.4,72.4,147.1,59.99,210.6,0.7,5.9,1271.8,33.3,3.4,2.7,0,77.69001683283699,28.562,28.0,2025-10-06 16:16:44
158.5,0.5,91.0,149.3,0.4,68.8,156.8,59.98,211.1,0.7,5.9,1271.8,33.3,3.5,2.7,0,38.845008416418494,28.5,27.937,2025-10-06 16:17:43
158.9,0.5,91.2,147,0.4,69.6,157.6,59.99,211.2,0.8,5.9,1271.8,33.3,3.5,2.7,0,77.69001683283699,28.5,27.937,2025-10-06 16:17:46
160.7,0.5,90.7,147.5,0.4,69.2,156.9,60.03,211.5,0.7,5.9,1271.8,33.3,3.5,2.7,0,77.69001683283699,28.437,27.875,2025-10-06 16:18:45
161,0.5,90.5,150.5,0.4,67.8,155.4,60.02,211.5,0.7,5.9,1271.8,33.3,3.5,2.7,0,77.69001683283699,28.437,27.875,2025-10-06 16:18:49
160.6,0.5,89.3,149.4,0.4,68.4,154.6,60.03,210.9,0.8,5.9,1271.8,33.3,3.5,2.7,0,38.845008416418494,28.437,27.875,2025-10-06 16:19:48
161.5,0.5,88.5,144.2,0.4,68.8,154.3,60.04,211,0.7,5.9,1271.8,33.3,3.5,2.7,0,38.845008416418494,28.437,27.875,2025-10-06 16:19:51
156.8,0.5,86.1,147.7,0.4,68.7,152.9,60.04,211,0.8,5.9,1271.8,33.2,3.5,2.7,0,38.845008416418494,28.375,27.812,2025-10-06 16:20:50
161.5,0.5,86.5,144.7,0.4,68.7,151.7,60.04,211,0.7,5.9,1271.8,33.2,3.5,2.7,0,38.845008416418494,28.375,27.812,2025-10-06 16:20:54
158.4,0.5,84.7,144.8,0.4,68.7,150.6,60.02,211.5,0.7,5.9,1271.8,33.2,3.5,2.7,0,38.845008416418494,28.375,27.75,2025-10-06 16:21:53
155.5,0.5,83.5,147.4,0.4,68.4,149.0,60.01,211.5,0.7,5.9,1271.8,33.2,3.5,2.7,0,77.69001683283699,28.375,27.75,2025-10-06 16:21:56
161.4,0.4,80.9,149.1,0.4,69.1,147.3,60.04,211.5,0.7,5.9,1271.8,33.2,3.5,2.7,0,38.845008416418494,28.312,27.75,2025-10-06 16:22:55
158.7,0.5,81.7,152,0.4,67.8,146.9,60.04,211.5,0.7,5.9,1271.8,33.2,3.5,2.7,0,38.845008416418494,28.312,27.75,2025-10-06 16:22:58
155.5,0.4,78.3,144.3,0.4,68.9,144.4,60.01,211.8,0.7,5.9,1271.8,33.2,3.5,2.7,0,38.845008416418494,28.312,27.75,2025-10-06 16:23:57
158.3,0.4,79.3,147.6,0.4,69.6,145.5,60.01,211.7,0.7,5.9,1271.8,33.2,3.5,2.7,0,38.845008416418494,28.312,27.75,2025-10-06 16:24:01
155.1,0.4,74.8,147.3,0.4,68.2,140.5,60.01,211.4,0.7,5.9,1271.8,33.2,3.5,2.7,0,38.845008416418494,28.25,27.687,2025-10-06 16:25:00
157.9,0.4,74.3,144.6,0.4,68.3,141.1,60.01,211.4,0.6,5.9,1271.8,33.2,3.5,2.7,0,38.845008416418494,28.187,27.687,2025-10-06 16:25:03
158.8,0.4,72.2,147.8,0.4,67.6,137.6,60.01,211.7,0.7,5.9,1271.8,33.2,3.5,2.7,0,38.845008416418494,28.25,27.75,2025-10-06 16:26:02
161.2,0.4,67.2,150.3,0.4,66.9,131.5,60.01,211.7,0.6,5.9,1271.8,33.2,3.5,2.7,0,38.845008416418494,28.312,27.687,2025-10-06 16:26:06
160.5,0.4,64.0,144.1,0.4,65.8,127.4,60.01,211.8,0.6,5.9,1271.8,33.2,3.5,2.7,0,38.845008416418494,28.25,27.687,2025-10-06 16:27:05
158.1,0.4,69.7,146.5,0.4,66.4,133.6,60.01,211.9,0.7,5.9,1271.8,33.2,3.5,2.7,0,38.845008416418494,28.25,27.687,2025-10-06 16:27:08
157.4,0.4,67.4,147.6,0.4,64.5,129.7,60.02,211.8,0.6,5.9,1271.8,33.2,3.5,2.7,0,38.845008416418494,28.187,27.437,2025-10-06 16:28:07
155.5,0.4,67.0,147.5,0.4,64.6,129.2,60.03,211.8,0.6,5.9,1271.8,33.2,3.5,2.7,0,38.845008416418494,28.187,27.562,2025-10-06 16:28:11
156.7,0.4,64.9,145.8,0.4,62.9,125.4,60.03,211.7,0.6,5.9,1271.8,33.2,3.5,2.7,0,38.845008416418494,28.25,27.625,2025-10-06 16:29:10
158.6,0.3,65.6,146.2,0.4,63.0,123.4,60.01,211.7,0.6,5.9,1271.8,33.2,3.5,2.7,0,38.845008416418494,28.25,27.625,2025-10-06 16:29:13
158.9,0.3,64.0,149.2,0.3,60.5,122.4,60.04,211.8,0.5,5.9,1271.8,33.2,3.5,2.7,0,38.845008416418494,28.187,27.562,2025-10-06 16:30:12
158.5,0.3,63.8,151.9,0.3,59.6,121.2,60.04,211.7,0.6,5.9,1271.8,33.2,3.5,2.7,0,38.845008416418494,28.187,27.562,2025-10-06 16:30:15
158.5,0.3,61.3,144.6,0.3,57.6,117.2,60.02,211.5,0.6,5.9,1271.8,33.1,3.5,2.7,0,38.845008416418494,28.062,27.5,2025-10-06 16:31:14
155.5,0.3,60.9,144.5,0.3,57.7,116.4,60.02,211.6,0.5,5.9,1271.8,33.1,3.5,2.7,0,38.845008416418494,28.062,27.5,2025-10-06 16:31:18
155.5,0.3,60.0,144.5,0.3,55.3,113.2,59.99,211.5,0.6,5.9,1271.8,33.1,3.5,2.7,0,38.845008416418494,28.0,27.437,2025-10-06 16:32:17
155.9,0.3,60.1,147.6,0.3,55.8,113.8,59.98,211.6,0.5,5.9,1271.8,33.1,3.5,2.7,0,38.845008416418494,28.0,27.437,2025-10-06 16:32:20
155.4,0.3,58.2,144.6,0.3,53.6,109.8,59.98,211.5,0.6,5.9,1271.8,33.1,3.5,2.7,0,38.845008416418494,27.875,27.375,2025-10-06 16:33:19
158.4,0.3,58.6,147,0.3,53.1,110.0,59.98,211.6,0.6,5.9,1271.8,33.1,3.5,2.7,0,38.845008416418494,27.875,27.437,2025-10-06 16:33:23
157.2,0.3,57.3,144.7,0.3,51.7,106.9,60,211.8,0.5,5.9,1271.8,33,3.5,2.7,0,38.845008416418494,27.812,27.375,2025-10-06 16:34:22
159.1,0.3,55.8,142.5,0.3,51.4,103.2,60.01,212,0.6,5.9,1271.8,33,3.5,2.7,0,38.845008416418494,27.875,27.375,2025-10-06 16:34:25
157,0.3,55.7,144.6,0.3,50.0,103.6,59.99,211.6,0.6,5.9,1271.8,33,3.5,2.7,0,38.845008416418494,27.812,27.375,2025-10-06 16:35:24
158.9,0.3,52.5,141.7,0.3,49.1,99.8,59.98,211.7,0.5,5.9,1271.8,33,3.5,2.7,0,38.845008416418494,27.812,27.375,2025-10-06 16:35:28
159.7,0.3,51.3,145.1,0.3,49.2,98.6,59.99,211.8,0.6,5.9,1271.8,32.9,3.5,2.7,0,38.845008416418494,27.75,27.375,2025-10-06 16:36:27
156.8,0.3,55.1,144.8,0.3,49.1,102.4,59.98,211.8,0.5,5.9,1271.8,32.9,3.5,2.7,0,38.845008416418494,27.75,27.312,2025-10-06 16:36:30
156.9,0.3,54.6,141.8,0.3,47.2,99.9,59.97,211.5,0.5,5.9,1271.8,32.9,3.5,2.7,0,38.845008416418494,27.687,27.375,2025-10-06 16:37:29
154,0.3,54.4,141.7,0.3,47.0,99.5,59.99,211.4,0.6,5.9,1271.8,32.9,3.5,2.7,0,38.845008416418494,27.687,27.312,2025-10-06 16:37:32
154,0.3,53.7,143.3,0.3,46.7,98.6,59.97,211.7,0.5,5.9,1271.8,32.9,3.5,2.7,0,38.845008416418494,27.687,27.312,2025-10-06 16:38:32
157,0.2,54.8,146.2,0.2,47.4,100.3,59.98,211.7,0.5,5.9,1271.8,32.9,3.5,2.7,0,38.845008416418494,27.687,27.312,2025-10-06 16:38:35
154.1,0.3,53.4,144.6,0.2,46.6,98.1,59.97,211.4,0.6,5.9,1271.8,32.9,3.5,2.7,0,38.845008416418494,27.562,27.25,2025-10-06 16:39:34
157.1,0.3,54.2,141.6,0.2,45.9,98.6,59.97,211.5,0.5,5.9,1271.8,32.9,3.5,2.7,0,38.845008416418494,27.562,27.25,2025-10-06 16:39:37
153.8,0.3,53.2,146.2,0.2,46.0,96.9,60.04,211.6,0.5,5.9,1271.8,32.8,3.5,2.7,0,38.845008416418494,27.562,27.187,2025-10-06 16:40:36
157.1,0.2,53.1,141.3,0.2,45.9,97.0,60.03,211.3,0.5,5.9,1271.8,32.8,3.5,2.7,0,38.845008416418494,27.562,27.25,2025-10-06 16:40:40
154,0.3,52.6,145.8,0.2,44.1,94.9,60,211,0.5,5.9,1271.8,32.8,3.5,2.7,0,38.845008416418494,27.5,27.125,2025-10-06 16:41:39
157,0.3,53.3,146.1,0.2,44.6,96.2,60,211,0.5,5.9,1271.8,32.8,3.5,2.7,0,38.845008416418494,27.5,27.125,2025-10-06 16:41:42
156.9,0.3,51.7,143.8,0.2,43.6,93.5,60.02,211.2,0.5,5.9,1271.8,32.7,3.5,2.7,0,38.845008416418494,27.5,27.0,2025-10-06 16:42:41
155.1,0.3,51.5,144.8,0.2,43.2,93.1,60.02,211.2,0.5,5.9,1271.8,32.7,3.5,2.7,0,38.845008416418494,27.5,27.0,2025-10-06 16:42:45
157.1,0.2,50.6,143.8,0.2,41.5,90.5,60.01,211.2,0.4,5.9,1271.8,32.7,3.5,2.7,0,38.845008416418494,27.437,26.937,2025-10-06 16:43:44
154.1,0.3,50.2,143.2,0.2,41.4,89.9,60,211.3,0.4,5.9,1271.8,32.7,3.5,2.7,0,38.845008416418494,27.437,26.937,2025-10-06 16:43:47
153.9,0.2,49.5,142,0.2,40.0,87.8,60.02,211.9,0.5,5.9,1271.8,32.6,3.5,2.7,0,38.845008416418494,27.437,26.812,2025-10-06 16:44:46
157,0.2,49.4,144.8,0.2,41.1,89.1,60.02,212,0.5,5.9,1271.8,32.6,3.5,2.7,0,38.845008416418494,27.437,26.812,2025-10-06 16:44:49
157.1,0.2,48.0,144.6,0.2,39.4,86.3,59.98,211.6,0.5,5.9,1271.8,32.6,3.5,2.7,0,38.845008416418494,27.437,26.75,2025-10-06 16:45:49
157.3,0.2,46.9,142,0.2,39.0,85.5,60,211.6,0.5,5.9,1271.8,32.6,3.5,2.7,0,38.845008416418494,27.437,26.687,2025-10-06 16:45:52
156.9,0.2,47.3,149.1,0.2,37.4,82.9,60.04,211.7,0.4,5.9,1271.8,32.5,3.5,2.7,0,38.845008416418494,27.375,26.687,2025-10-06 16:46:51
153.9,0.2,46.0,146,0.2,37.6,82.3,60.03,211.7,0.4,5.9,1271.8,32.5,3.5,2.7,0,38.845008416418494,27.375,26.625,2025-10-06 16:46:54
156.9,0.2,44.3,146.1,0.2,35.9,78.9,59.98,211.8,0.4,5.9,1271.8,32.5,3.5,2.7,0,38.845008416418494,27.312,26.625,2025-10-06 16:47:53
157.3,0.2,42.1,143.3,0.2,36.1,76.6,59.98,211.8,0.5,5.9,1271.8,32.5,3.5,2.7,0,38.845008416418494,27.312,26.625,2025-10-06 16:47:57
157.1,0.2,42.2,143.1,0.2,34.3,75.1,60,212,0.5,5.9,1271.8,32.5,3.5,2.7,0,0.0,27.25,26.625,2025-10-06 16:48:56
156.8,0.2,41.7,143.2,0.2,33.6,73.9,59.99,211.9,0.4,5.9,1271.8,32.5,3.5,2.7,0,0.0,27.25,26.562,2025-10-06 16:48:59
156.2,0.2,37.1,134.3,0.2,30.4,67.4,60.02,211.7,0.5,5.9,1271.8,32.4,3.5,2.7,0,0.0,27.25,26.625,2025-10-06 16:49:58
153.6,0.2,39.9,137.3,0.1,30.7,69.1,60.03,211.7,0.4,5.9,1271.8,32.4,3.5,2.7,0,0.0,27.25,26.125,2025-10-06 16:50:02
154.1,0.2,38.7,142.1,0.1,28.9,66.8,59.99,211.6,0.5,5.9,1271.8,32.4,3.5,2.7,0,0.0,27.187,26.5,2025-10-06 16:51:01
150.9,0.2,38.0,144.6,0.1,29.4,66.2,60,211.5,0.5,5.9,1271.8,32.4,3.5,2.7,0,0.0,27.187,26.5,2025-10-06 16:51:04
153.3,0.2,36.3,141.8,0.1,27.7,62.9,60,211.4,0.4,5.9,1271.8,32.4,3.5,2.7,0,0.0,27.0,26.437,2025-10-06 16:52:03
154.5,0.1,37.3,141.2,0.1,27.7,63.8,60.01,211.4,0.3,5.9,1271.8,32.4,3.5,2.7,0,0.0,27.0,26.437,2025-10-06 16:52:06
154,0.2,35.7,138.8,0.1,25.7,60.8,59.98,210.8,0.3,5.9,1271.8,32.4,3.5,2.7,0,0.0,26.937,26.375,2025-10-06 16:53:06
151.1,0.2,35.4,141.5,0.1,26.2,60.6,59.98,210.8,0.4,5.9,1271.8,32.4,3.5,2.7,0,0.0,26.937,26.375,2025-10-06 16:53:09
151.2,0.1,34.5,144.5,0.1,24.8,58.2,60.03,211.8,0.4,5.9,1271.8,32.4,3.5,2.7,0,0.0,26.875,26.375,2025-10-06 16:54:08
154,0.2,34.8,141.7,0.1,25.6,59.3,60.05,211.8,0.5,5.9,1271.8,32.4,3.5,2.7,0,0.0,26.875,26.375,2025-10-06 16:54:11
155.5,0.1,32.7,144.6,0.1,22.9,55.2,60.03,211.9,0.4,5.9,1271.8,32.4,3.5,2.7,0,0.0,26.812,26.375,2025-10-06 16:55:10
158.4,0.1,27.0,146,0.1,23.6,53.7,60.03,211.9,0.4,5.9,1271.8,32.4,3.5,2.7,0,0.0,26.812,26.375,2025-10-06 16:55:14
151.2,0.1,32.2,144.3,0.1,21.6,52.9,59.98,212,0.4,5.9,1271.8,32.4,3.5,2.7,0,0.0,26.75,26.375,2025-10-06 16:56:13
148.1,0.1,31.4,146.1,0.1,21.9,52.3,59.99,212,0.4,5.9,1271.8,32.4,3.5,2.7,0,0.0,26.75,26.375,2025-10-06 16:56:16
146.6,0.1,29.9,143.2,0.1,21.3,50.3,60,211.3,0.3,5.9,1271.8,32.4,3.5,2.7,0,0.0,26.687,26.187,2025-10-06 16:57:15
146.8,0.1,29.9,145.8,0.1,21.1,50.1,60,211.2,0.3,5.9,1271.8,32.4,3.5,2.7,0,0.0,26.687,26.312,2025-10-06 16:57:19
145.1,0.1,29.2,138.5,0.1,20.2,48.7,60,211.9,0.4,5.9,1271.8,32.4,3.5,2.7,0,0.0,26.625,85.0,2025-10-06 16:58:18
145.1,0.1,28.9,138.9,0.1,20.2,48.3,59.98,211.9,0.4,5.9,1271.8,32.4,3.5,2.7,0,0.0,26.625,26.187,2025-10-06 16:58:21
145.1,0.1,28.3,137.3,0.1,18.4,45.8,60.02,211.9,0.4,5.9,1271.8,32.3,3.5,2.7,0,0.0,26.562,26.062,2025-10-06 16:59:20
145,0.1,28.0,140.2,0.1,18.6,45.9,60.02,211.8,0.3,5.9,1271.8,32.3,3.5,2.7,0,0.0,26.562,26.062,2025-10-06 16:59:23
141,0.1,25.8,132.4,0.1,16.9,42.0,59.98,211.5,0.4,5.9,1271.8,32.3,3.5,2.7,0,0.0,26.5,26.062,2025-10-06 17:00:23
139.3,0.1,26.5,132.3,0.1,16.7,41.8,59.98,211.6,0.4,5.9,1271.8,32.3,3.5,2.7,0,0.0,26.5,26.0,2025-10-06 17:00:26
142.2,0.1,25.0,142.8,0,16.4,40.9,60,211.5,0.4,5.9,1271.8,32.3,3.5,2.7,0,0.0,26.437,26.0,2025-10-06 17:01:25
142.5,0.1,25.6,141.5,0.1,15.7,40.5,59.99,211.6,0.3,5.9,1271.8,32.3,3.5,2.7,0,0.0,26.437,26.0,2025-10-06 17:01:28
145.2,0.1,22.9,135.2,0,13.8,36.2,60.03,211.6,0.3,5.9,1271.8,32.2,3.5,2.7,0,0.0,26.375,25.937,2025-10-06 17:02:27
150.1,0.1,23.6,136.1,0,13.9,37.1,60.03,211.6,0.5,5.9,1271.8,32.2,3.5,2.7,0,0.0,26.375,25.875,2025-10-06 17:02:31
142.5,0.1,22.4,138.2,0,13.3,35.3,60.02,211.9,0.4,5.9,1271.8,32.2,3.5,2.7,0,0.0,26.312,25.875,2025-10-06 17:03:30
144.5,0.1,22.2,135.9,0,13.1,34.7,60.03,211.9,0.3,5.9,1271.8,32.2,3.5,2.7,0,0.0,26.312,25.875,2025-10-06 17:03:33
149.7,0.1,21.2,137.4,0,11.5,32.2,59.98,211.2,0.4,5.9,1271.8,32.2,3.5,2.7,0,0.0,26.25,25.75,2025-10-06 17:04:32
146.8,0.1,20.7,136.6,0,11.5,31.7,59.99,211.2,0.3,5.9,1271.8,32.2,3.5,2.7,0,0.0,26.25,25.75,2025-10-06 17:04:35
148.9,0.1,20.0,139.5,0,9.7,29.5,59.97,211.8,0.4,5.9,1271.8,32.2,3.5,2.7,0,0.0,26.187,25.687,2025-10-06 17:05:35
146.6,0.1,19.5,136.4,0,9.5,28.7,59.98,211.9,0.4,5.9,1271.8,32.2,3.5,2.7,0,0.0,26.187,25.687,2025-10-06 17:05:38
154.6,0.1,17.4,138.2,0,8.1,24.8,59.98,211.8,0.2,5.9,1271.8,32.2,3.5,2.7,0,0.0,26.125,25.625,2025-10-06 17:06:37
151.4,0,19.3,135.4,0,7.4,26.4,59.97,211.7,0.5,5.9,1271.8,32.2,3.5,2.7,0,0.0,26.125,25.625,2025-10-06 17:06:40
140,0,17.1,126.5,0,6.5,23.3,59.98,211.8,0.3,5.9,1271.8,32.2,3.5,2.7,0,0.0,26.062,25.562,2025-10-06 17:07:40
139.9,0,17.1,120.5,0,6.0,22.9,59.98,211.9,0.3,5.9,1271.8,32.2,3.5,2.7,0,0.0,26.062,25.562,2025-10-06 17:07:43
130.5,0,15.8,133.3,0,5.1,21.0,59.99,211.7,0.4,5.9,1271.8,32.1,3.5,2.7,0,0.0,26.0,25.437,2025-10-06 17:08:42
132.1,0,16.6,131.8,0,4.6,21.0,59.97,211.6,0.4,5.9,1271.8,32.1,3.5,2.7,0,0.0,26.062,25.5,2025-10-06 17:08:45
142.4,0,14.9,122,0,3.7,18.4,60,211.9,0.4,5.9,1271.8,32.1,3.5,2.7,0,0.0,26.0,25.437,2025-10-06 17:09:45
144.4,0,15.1,122,0,3.7,18.7,60,211.9,0.4,5.9,1271.8,32.1,3.5,2.7,0,0.0,26.0,25.437,2025-10-06 17:09:48
146.2,0,14.6,138.3,0,3.2,17.7,59.99,211.7,0.3,5.9,1271.8,32.1,3.5,2.7,0,0.0,25.937,25.375,2025-10-06 17:10:47
146.5,0,14.1,132.2,0,3.0,17.5,60.01,211.7,0.2,5.9,1271.8,32.1,3.5,2.7,0,0.0,25.937,25.375,2025-10-06 17:10:50
134.4,0,13.1,131.7,0,2.3,15.2,60.03,211.6,0.4,5.9,1271.8,32.1,3.5,2.7,0,0.0,25.875,25.312,2025-10-06 17:11:49
135.7,0,12.8,129.1,0,2.2,14.8,60.03,211.7,0.3,5.9,1271.8,32.1,3.5,2.7,0,0.0,25.937,25.312,2025-10-06 17:11:53
139,0,11.4,125.1,0,2.0,13.3,59.98,211.6,0.4,5.9,1271.8,32.1,3.5,2.7,0,0.0,25.875,25.25,2025-10-06 17:12:52
142,0,10.6,128,0,1.9,12.4,59.98,211.7,0.3,5.9,1271.8,32.1,3.5,2.7,0,0.0,25.875,25.25,2025-10-06 17:12:55
133.1,0,6.7,150.6,0,1.4,7.1,60.02,210.8,0.4,5.9,1271.8,32.1,3.5,2.7,0,0.0,25.75,25.25,2025-10-06 17:13:54
135.8,0,6.8,151,0,1.4,7.0,60.03,210.9,0.3,5.9,1271.8,32.1,3.5,2.7,0,0.0,25.75,25.25,2025-10-06 17:13:57
146.1,0,7.6,138.2,0,1.6,9.2,59.97,210.7,0.3,5.9,1271.8,32.1,3.5,2.7,0,0.0,25.687,25.187,2025-10-06 17:14:57
142.6,0,7.2,137.2,0,1.6,8.9,59.98,210.8,0.4,5.9,1271.8,32.1,3.5,2.7,0,0.0,25.687,25.125,2025-10-06 17:15:00
138.4,0,4.7,148.9,0,1.3,4.7,60.04,211.7,0.4,5.9,1271.8,32.1,3.5,2.7,0,-38.845008416418494,25.625,25.125,2025-10-06 17:15:59
136.6,0,4.2,150.8,0,1.1,4.7,60.04,211.8,0.4,5.9,1271.8,32.1,3.5,2.7,0,-38.845008416418494,25.625,25.062,2025-10-06 17:16:02
135.2,0,5.3,129,0,1.4,6.7,60.05,211.8,0.3,5.9,1271.8,32.1,3.5,2.7,0,0.0,25.562,25.062,2025-10-06 17:17:01
128.9,0,4.5,125,0,1.2,5.5,60.02,211.8,0.4,5.9,1271.8,32.1,3.5,2.7,0,-38.845008416418494,25.562,25.062,2025-10-06 17:17:05
129.4,0,2.3,147,0,0.8,2.8,59.99,211.9,0.4,5.9,1271.8,32,3.5,2.7,0,0.0,25.5,25.0,2025-10-06 17:18:04
132.8,0,2.0,147.6,0,0.7,2.5,59.99,211.8,0.3,5.9,1271.8,32,3.5,2.7,0,-38.845008416418494,25.437,24.937,2025-10-06 17:18:07
123.9,0,1.3,148.3,0,0.6,1.8,59.99,212,0.3,5.9,1271.8,32,3.5,2.7,0,0.0,25.437,24.875,2025-10-06 17:19:06
128.3,0,1.4,148.3,0,0.7,1.9,60.01,212,0.3,5.9,1271.8,32,3.5,2.7,0,-38.845008416418494,25.437,24.875,2025-10-06 17:19:10
124.7,0,1.7,141.1,0,0.9,2.3,60.04,211.8,0.4,5.9,1271.8,31.9,3.5,2.7,0,0.0,25.375,24.812,2025-10-06 17:20:09
124.8,0,2.1,144.3,0,1.1,2.4,60.04,211.8,0.4,5.9,1271.8,31.9,3.5,2.7,0,0.0,25.375,24.812,2025-10-06 17:20:12
146.9,0,3.3,143.6,0,2.6,1.7,60.03,211.9,0.3,5.9,1271.8,31.9,3.5,2.7,0,-38.845008416418494,25.312,24.75,2025-10-06 17:21:11
136.7,0,1.9,128.6,0,1.0,2.6,60.03,211.9,0.3,5.9,1271.8,31.9,3.5,2.7,0,-38.845008416418494,25.312,24.75,2025-10-06 17:21:14
131.5,0,0.8,137.6,0,0.4,1.3,60.02,211.6,0.4,5.9,1271.8,31.8,3.5,2.7,0,-38.845008416418494,25.25,24.687,2025-10-06 17:22:14
131.7,0,1.3,140.7,0,0.7,1.9,60,211.6,0.3,5.9,1271.8,31.8,3.5,2.7,0,-38.845008416418494,25.25,24.687,2025-10-06 17:22:17
126.6,0,0.8,138.5,0,0.6,1.3,60,211.5,0.3,5.9,1271.8,31.8,3.5,2.7,0,-38.845008416418494,25.187,24.687,2025-10-06 17:23:16
130.2,0,0.8,142,0,0.5,1.4,60.01,211.4,0.4,5.9,1271.8,31.8,3.5,2.7,0,-38.845008416418494,25.187,24.687,2025-10-06 17:23:19
119.6,0,0.5,137.4,0,0.3,0.8,59.99,211.5,0.5,5.9,1271.8,31.8,3.5,2.7,0,-38.845008416418494,25.125,24.562,2025-10-06 17:24:18
124.3,0,0.7,140.5,0,0.5,1.1,60,211.5,0.3,5.9,1271.8,31.8,3.5,2.7,0,-38.845008416418494,25.125,24.562,2025-10-06 17:24:22
122.3,0,0.8,140.2,0,0.6,1.3,60.01,210.8,0.4,5.9,1271.8,31.7,3.5,2.7,0,-38.845008416418494,25.062,24.562,2025-10-06 17:25:21
119.2,0,1.0,140.2,0,0.8,1.4,60,210.8,0.3,5.9,1271.8,31.7,3.5,2.7,0,-38.845008416418494,25.062,24.5,2025-10-06 17:25:24
123.6,0,0.8,135,0,0.4,1.1,60,211.2,0.4,5.9,1271.8,31.7,3.5,2.7,0,-38.845008416418494,25.062,24.5,2025-10-06 17:26:23
121.8,0,1.1,138.8,0,0.8,1.6,60.02,211.3,0.4,5.9,1271.8,31.7,3.5,2.7,0,-38.845008416418494,25.0,24.562,2025-10-06 17:26:27
126.8,0,0.3,138.4,0,0.3,0.7,59.98,211.9,0.4,5.9,1271.8,31.6,3.5,2.7,0,-38.845008416418494,25.0,24.5,2025-10-06 17:27:26
133.2,0,0.2,138.3,0,0.1,0.5,59.98,211.9,0.4,5.9,1271.8,31.6,3.5,2.7,0,-38.845008416418494,25.0,24.437,2025-10-06 17:27:29
139.3,0,0.5,137.5,0,0.4,1.1,59.98,211.9,0.3,5.9,1271.8,31.6,3.5,2.7,0,-38.845008416418494,24.937,24.437,2025-10-06 17:28:28
137.8,0,0.5,137.4,0,0.5,0.8,59.99,211.9,0.3,5.9,1271.8,31.5,3.5,2.7,0,-38.845008416418494,24.937,24.437,2025-10-06 17:28:31
134.6,0,0.7,136.3,0,0.5,1.2,59.99,211.8,0.3,5.9,1271.8,31.5,3.5,2.7,0,-38.845008416418494,24.875,24.375,2025-10-06 17:29:31
136.7,0,0.5,136.3,0,0.4,1.0,60,211.8,0.3,5.9,1271.8,31.5,3.5,2.7,0,-38.845008416418494,24.875,24.375,2025-10-06 17:29:34
137.8,0,0.7,126.3,0,0.5,1.3,60,211.4,0.4,5.9,1271.8,31.5,3.5,2.7,0,-38.845008416418494,24.875,24.312,2025-10-06 17:30:33
135,0,0.5,130.3,0,0.5,1.2,60,211.4,0.4,5.9,1271.8,31.5,3.5,2.7,0,-38.845008416418494,24.812,24.312,2025-10-06 17:30:36
135.3,0,0.4,130.7,0,0.3,0.7,59.99,211.7,0.3,5.9,1271.8,31.5,3.5,2.7,0,-38.845008416418494,24.812,24.312,2025-10-06 17:31:35
134.6,0,0.3,133.1,0,0.3,0.7,60,211.6,0.3,5.9,1271.8,31.5,3.5,2.7,0,-38.845008416418494,24.812,24.312,2025-10-06 17:31:39
133.8,0,0.6,126.2,0,0.5,1.0,59.99,211.5,0.3,5.9,1271.8,31.5,3.5,2.7,0,-38.845008416418494,24.75,24.125,2025-10-06 17:32:38
133.7,0,0.3,129.8,0,0.2,0.6,59.98,211.4,0.4,5.9,1271.8,31.5,3.5,2.7,0,-38.845008416418494,24.75,24.187,2025-10-06 17:32:41
131,0,0.5,128.2,0,0.5,1.1,59.98,211.5,0.3,5.9,1271.8,31.5,3.5,2.7,0,-38.845008416418494,24.687,24.187,2025-10-06 17:33:40
128.1,0,0.4,128.1,0,0.4,0.8,59.99,211.5,0.3,5.9,1271.8,31.5,3.5,2.7,0,-38.845008416418494,24.687,24.187,2025-10-06 17:33:44
127.8,0,0.8,125.1,0,0.7,1.5,60.04,211.2,0.3,5.9,1271.8,31.5,3.5,2.7,0,-38.845008416418494,24.687,24.187,2025-10-06 17:34:43
127.5,0,0.7,124.9,0,0.6,1.4,60.07,211.2,0.4,5.9,1271.8,31.5,3.5,2.7,0,-38.845008416418494,24.687,24.187,2025-10-06 17:34:46
123.7,0,0.3,118.1,0,0.3,0.7,60.04,211.2,0.4,5.9,1271.8,31.4,3.5,2.7,0,-38.845008416418494,24.625,24.187,2025-10-06 17:35:45
123.5,0,0.9,120.9,0,0.3,0.7,60.02,211.2,0.4,5.9,1271.8,31.4,3.5,2.7,0,-38.845008416418494,24.625,24.125,2025-10-06 17:35:49
94.6,0,2.2,103.5,0,0.6,2.3,60,210.9,0.4,5.9,1271.8,31.4,3.5,2.7,0,-38.845008416418494,24.562,24.125,2025-10-06 17:36:48
117.8,0,0.2,99.8,0,0.1,0.3,59.99,210.9,0,5.9,1271.8,31.4,3.5,2.7,0,-38.845008416418494,24.562,24.125,2025-10-06 17:36:51
111.2,0,2.4,86.8,0,1.9,4.4,60,211,0.6,5.9,1271.8,31.3,3.5,2.7,0,-38.845008416418494,24.562,24.187,2025-10-06 17:37:50
110.1,0,2.4,84.1,0,1.9,4.8,59.99,211,0.3,5.9,1271.8,31.3,3.5,2.7,0,-38.845008416418494,24.562,24.125,2025-10-06 17:37:53
87.4,0,0.2,54.4,0,0.3,1.0,59.98,211.4,0.4,5.9,1271.8,31.2,3.5,2.7,0,-38.845008416418494,24.5,24.125,2025-10-06 17:38:52
83.5,0,0.2,91.6,0,0.2,0.5,59.99,211.5,0,5.9,1271.8,31.2,3.5,2.7,0,0.0,24.562,24.125,2025-10-06 17:38:56
100.9,0,0.0,97.7,0,0.0,0.0,60,211.4,0,5.9,1271.8,31.1,3.5,2.7,0,-38.845008416418494,24.5,24.187,2025-10-06 17:39:55
100.4,0,0.0,97.4,0,0.0,0.0,60.02,211.4,0,5.9,1271.8,31.1,3.5,2.7,0,-38.845008416418494,24.5,24.125,2025-10-06 17:39:58
