vpv1,ipv1,pv1_watt,vpv2,ipv2,pv2_watt,pac_total,freq,vac1,iac1,energia_hoy,energia_total,temp_inversor,Energìa PV1,Energìa PV2,codigo_error,irradiancia_incidente,temp1,temp2,timestamp
,,0.0,0,0,0.0,0.0,0,0,0,0.0,1205.7,0,0.0,0.0,0,-38.845008416418494,24.375,85.0,2025-09-25 05:35:50
0,0,0.0,0,0,0.0,0.0,0,0,0,0.0,1205.7,0,0.0,0.0,0,-38.845008416418494,24.437,85.0,2025-09-25 05:37:11
,0,0.0,0,0,0.0,0.0,0,0,0,0.0,1205.7,0,0.0,0.0,0,-38.845008416418494,24.437,85.0,2025-09-25 05:37:57
,,0.0,0,0,0.0,0.0,0,0,0,0.0,1205.7,0,0.0,0.0,0,-38.845008416418494,24.437,85.0,2025-09-25 05:38:16
0,0,0.0,0,0,0.0,0.0,0,0,0,0.0,1205.7,0,0.0,0.0,0,0.0,24.437,85.0,2025-09-25 05:39:00
,0,0.0,0,0,0.0,0.0,0,0,0,0.0,1205.7,0,0.0,0.0,0,-38.845008416418494,24.437,85.0,2025-09-25 05:39:19
0,0,0.0,0,0,0.0,0.0,0,0,0,0.0,1205.7,0,0.0,0.0,0,0.0,24.437,85.0,2025-09-25 05:40:21
,,0.0,0,0,0.0,0.0,0,0,0,0.0,1205.7,0,0.0,0.0,0,0.0,24.437,85.0,2025-09-25 05:41:08
0,0,0.0,0,0,0.0,0.0,0,0,0,0.0,1205.7,0,0.0,0.0,0,-38.845008416418494,24.437,85.0,2025-09-25 05:41:24
0,0,0.0,0,0,0.0,0.0,0,0,0,0.0,1205.7,0,0.0,0.0,0,-38.845008416418494,24.437,85.0,2025-09-25 05:42:10
140.2,0,0.0,142.3,0,0.0,0.0,59.98,212,0,0.0,1205.7,24.5,0.0,0.0,0,0.0,24.437,85.0,2025-09-25 05:42:26
146.3,0,0.0,146.1,0,0.0,0.0,59.98,212.2,0,0.0,1205.7,24.6,0.0,0.0,0,-38.845008416418494,24.437,85.0,2025-09-25 05:43:13
146.5,0,0.0,146.4,0,0.0,0.0,60.02,212,0,0.0,1205.7,24.6,0.0,0.0,0,-38.845008416418494,24.437,85.0,2025-09-25 05:43:29
147.9,0,0.0,147.8,0,0.0,0.0,60,212.2,0,0.0,1205.7,24.6,0.0,0.0,0,-38.845008416418494,24.437,85.0,2025-09-25 05:44:15
148.4,0,0.0,148.3,0,0.0,0.0,60.03,212.1,0,0.0,1205.7,24.6,0.0,0.0,0,-38.845008416418494,24.437,85.0,2025-09-25 05:44:31
148.6,0,0.0,148.5,0,0.0,0.0,59.99,212,0,0.0,1205.7,24.6,0.0,0.0,0,0.0,24.437,85.0,2025-09-25 05:45:17
149.5,0,0.0,149.4,0,0.0,0.0,60.03,212.5,0,0.0,1205.7,24.6,0.0,0.0,0,-38.845008416418494,24.437,85.0,2025-09-25 05:45:34
148.8,0,0.0,148.7,0,0.0,0.0,60.02,212.5,0,0.0,1205.7,24.6,0.0,0.0,0,0.0,24.437,85.0,2025-09-25 05:46:20
148.8,0,0.0,148.8,0,0.0,0.0,59.99,212.5,0,0.0,1205.7,24.6,0.0,0.0,0,-38.845008416418494,24.437,85.0,2025-09-25 05:46:36
99.6,0,0.0,82.7,0,0.0,0.0,60.01,212.3,0,0.0,1205.7,24.7,0.0,0.0,0,0.0,24.437,85.0,2025-09-25 05:47:22
99.7,0,0.0,81.4,0,0.0,0.0,59.99,212.5,0,0.0,1205.7,24.7,0.0,0.0,0,0.0,24.437,85.0,2025-09-25 05:47:39
148.8,0,0.0,148.7,0,0.0,0.0,60.01,212.3,0,0.0,1205.7,24.7,0.0,0.0,0,0.0,24.437,85.0,2025-09-25 05:48:25
148.6,0,0.0,148.6,0,0.0,0.0,60,212.4,0,0.0,1205.7,24.7,0.0,0.0,0,0.0,24.437,85.0,2025-09-25 05:48:41
148.9,0,0.0,149.2,0,0.0,0.0,59.99,212.1,0,0.0,1205.7,24.7,0.0,0.0,0,0.0,24.437,85.0,2025-09-25 05:49:27
148.7,0,0.0,148.7,0,0.0,0.0,59.99,212.1,0,0.0,1205.7,24.7,0.0,0.0,0,0.0,24.437,85.0,2025-09-25 05:49:44
149.4,0,0.0,149.3,0,0.0,0.0,59.99,212.2,0,0.0,1205.7,24.8,0.0,0.0,0,0.0,24.437,85.0,2025-09-25 05:50:30
149.6,0,0.0,149.5,0,0.0,0.0,60.03,212.3,0,0.0,1205.7,24.8,0.0,0.0,0,0.0,24.437,85.0,2025-09-25 05:50:46
149.2,0,0.0,149.1,0,0.0,0.0,60,212.3,0,0.0,1205.7,24.8,0.0,0.0,0,0.0,24.5,85.0,2025-09-25 05:51:32
148.6,0,0.0,148.5,0,0.0,0.0,59.99,212.4,0,0.0,1205.7,24.8,0.0,0.0,0,0.0,24.5,85.0,2025-09-25 05:51:48
151.1,0,0.0,150.9,0,0.0,0.0,59.99,212.1,0,0.0,1205.7,24.8,0.0,0.0,0,0.0,24.5,85.0,2025-09-25 05:52:35
99.4,0,0.0,87.1,0,0.0,0.0,60.01,212.1,0,0.0,1205.7,24.8,0.0,0.0,0,0.0,24.5,85.0,2025-09-25 05:52:51
156.6,0,0.0,152.6,0,0.0,0.0,60.02,212.2,0,0.0,1205.7,24.9,0.0,0.0,0,0.0,24.5,85.0,2025-09-25 05:53:37
151.8,0,0.0,151.5,0,0.0,0.0,60.03,212.1,0,0.0,1205.7,24.9,0.0,0.0,0,0.0,24.5,85.0,2025-09-25 05:53:53
152.5,0,0.0,152.3,0,0.0,0.0,60,212,0,0.0,1205.7,24.9,0.0,0.0,0,0.0,24.562,85.0,2025-09-25 05:54:40
152.7,0,0.0,152.6,0,0.0,0.0,59.99,212,0,0.0,1205.7,24.9,0.0,0.0,0,0.0,24.5,85.0,2025-09-25 05:54:56
152.9,0,0.0,152.8,0,0.0,0.0,60.01,212.1,0,0.0,1205.7,24.9,0.0,0.0,0,0.0,24.5,85.0,2025-09-25 05:55:42
152.9,0,0.0,152.8,0,0.0,0.0,60,212.2,0,0.0,1205.7,24.9,0.0,0.0,0,0.0,24.5,85.0,2025-09-25 05:55:58
153.2,0,0.0,153.2,0,0.0,0.0,60.04,212.6,0,0.0,1205.7,24.9,0.0,0.0,0,0.0,24.5,85.0,2025-09-25 05:56:45
153.5,0,0.0,153.6,0,0.0,0.0,60.04,212.6,0,0.0,1205.7,24.9,0.0,0.0,0,0.0,24.5,85.0,2025-09-25 05:57:01
154.4,0,0.0,154.3,0,0.0,0.0,60.03,212.5,0,0.0,1205.7,24.9,0.0,0.0,0,0.0,24.5,85.0,2025-09-25 05:57:47
154.6,0,0.0,154.5,0,0.0,0.0,60.03,212.5,0,0.0,1205.7,24.9,0.0,0.0,0,0.0,24.562,85.0,2025-09-25 05:58:03
158.8,0,0.0,155,0,0.0,0.0,60.02,212.4,0,0.0,1205.7,24.9,0.0,0.0,0,0.0,24.562,85.0,2025-09-25 05:58:49
154.8,0,0.0,154.7,0,0.0,0.0,60.02,212.5,0,0.0,1205.7,24.9,0.0,0.0,0,0.0,24.562,85.0,2025-09-25 05:59:06
155.3,0,0.0,155.1,0,0.0,0.0,60.02,212.3,0,0.0,1205.7,25,0.0,0.0,0,0.0,24.562,85.0,2025-09-25 05:59:52
155.6,0,0.0,155.4,0,0.0,0.0,59.99,212.3,0,0.0,1205.7,25,0.0,0.0,0,0.0,24.562,85.0,2025-09-25 06:00:08
156.5,0,0.0,155.9,0,0.0,0.0,60,212.3,0,0.0,1205.7,25,0.0,0.0,0,0.0,24.562,85.0,2025-09-25 06:00:54
156.5,0,0.0,156,0,0.0,0.0,59.98,212.4,0,0.0,1205.7,25,0.0,0.0,0,0.0,24.562,85.0,2025-09-25 06:01:11
156.5,0,0.0,156.2,0,0.0,0.0,60.04,212.4,0,0.0,1205.7,25,0.0,0.0,0,0.0,24.562,85.0,2025-09-25 06:01:57
156.8,0,0.0,156.6,0,0.0,0.0,60.01,212.3,0,0.0,1205.7,25,0.0,0.0,0,0.0,24.562,85.0,2025-09-25 06:02:13
158.5,0,0.0,157.7,0,0.0,0.0,59.98,212.4,0,0.0,1205.7,25,0.0,0.0,0,0.0,24.562,85.0,2025-09-25 06:02:59
158.7,0,0.0,157.9,0,0.0,0.0,59.98,212,0,0.0,1205.7,25,0.0,0.0,0,0.0,24.562,85.0,2025-09-25 06:03:16
161.2,0,0.0,157.9,0,0.0,0.0,59.99,212.1,0,0.0,1205.7,25.1,0.0,0.0,0,0.0,24.562,85.0,2025-09-25 06:04:02
158.6,0,0.0,157.9,0,0.0,0.0,60.02,212.1,0,0.0,1205.7,25.1,0.0,0.0,0,0.0,24.562,85.0,2025-09-25 06:04:18
158.8,0,0.0,158.3,0,0.0,0.0,59.97,212.2,0,0.0,1205.7,25.1,0.0,0.0,0,0.0,24.562,85.0,2025-09-25 06:05:04
159.2,0,0.0,158.5,0,0.0,0.0,59.99,212.3,0,0.0,1205.7,25.1,0.0,0.0,0,0.0,24.625,85.0,2025-09-25 06:05:20
160.1,0,0.0,159.3,0,0.0,0.0,59.99,212.2,0,0.0,1205.7,25.1,0.0,0.0,0,0.0,24.625,85.0,2025-09-25 06:06:07
160.6,0,0.0,159.8,0,0.0,0.0,59.98,212.1,0,0.0,1205.7,25.1,0.0,0.0,0,0.0,24.562,85.0,2025-09-25 06:06:23
161.9,0,0.0,160.9,0,0.0,0.0,60.02,212.1,0,0.0,1205.7,25.2,0.0,0.0,0,0.0,24.562,85.0,2025-09-25 06:07:09
162.3,0,0.0,161.2,0,0.0,0.0,60.01,212.5,0,0.0,1205.7,25.2,0.0,0.0,0,0.0,24.562,85.0,2025-09-25 06:07:25
163.6,0,0.0,162.2,0,0.0,0.0,60.03,212.3,0,0.0,1205.7,25.2,0.0,0.0,0,0.0,24.562,85.0,2025-09-25 06:08:12
163.8,0,0.0,162.5,0,0.0,0.0,59.99,212.4,0,0.0,1205.7,25.2,0.0,0.0,0,0.0,24.562,85.0,2025-09-25 06:08:28
140.8,0.1,21.0,141.4,0.1,19.8,37.8,60.01,212.6,0.5,0.0,1205.7,25.2,0.0,0.0,0,0.0,24.562,85.0,2025-09-25 06:09:14
130.8,0.1,21.6,145.4,0.1,19.9,38.0,60,212.6,0.5,0.0,1205.7,25.3,0.0,0.0,0,0.0,24.562,85.0,2025-09-25 06:09:30
143.9,0.1,25.0,132.3,0.1,21.3,44.9,60.02,212.4,0.4,0.0,1205.7,25.4,0.0,0.0,0,0.0,24.562,85.0,2025-09-25 06:10:17
142.4,0.1,26.3,147.1,0.1,22.8,47.6,60.04,212.3,0.4,0.0,1205.7,25.5,0.0,0.0,0,0.0,24.562,85.0,2025-09-25 06:10:33
158.7,0.2,28.2,150,0.1,23.8,52.3,60.01,212.2,0.5,0.0,1205.7,25.6,0.0,0.0,0,0.0,24.625,85.0,2025-09-25 06:11:19
157.3,0.2,32.3,148.9,0.1,26.2,55.2,59.98,212.2,0.5,0.0,1205.7,25.6,0.0,0.0,0,0.0,24.625,85.0,2025-09-25 06:11:35
161.5,0.1,25.7,146.9,0.1,27.3,50.4,59.98,212.2,0.4,0.0,1205.7,25.8,0.0,0.0,0,0.0,24.687,85.0,2025-09-25 06:12:21
157.5,0.2,31.3,147.1,0.1,26.5,55.9,59.99,212.1,0.5,0.0,1205.7,25.8,0.0,0.0,0,0.0,24.687,85.0,2025-09-25 06:12:38
158.8,0.1,29.4,140.8,0.1,25.8,53.8,60.01,212.4,0.5,0.0,1205.7,25.9,0.0,0.0,0,0.0,24.687,85.0,2025-09-25 06:13:24
155.9,0.1,29.4,144.2,0.1,26.1,54.0,59.99,212.4,0.5,0.0,1205.7,25.9,0.0,0.0,0,0.0,24.687,85.0,2025-09-25 06:13:40
152.9,0.2,31.3,147.3,0.1,27.9,57.5,60.01,211.8,0.5,0.0,1205.7,26,0.0,0.0,0,0.0,24.75,85.0,2025-09-25 06:14:26
155.9,0.2,32.2,147.1,0.1,28.3,59.4,60.02,211.9,0.5,0.0,1205.7,26,0.0,0.0,0,0.0,24.75,85.0,2025-09-25 06:14:42
157.3,0.2,34.7,145.6,0.2,32.8,66.3,60.01,211.9,0.5,0.0,1205.7,26.1,0.0,0.0,0,0.0,24.812,85.0,2025-09-25 06:15:29
158.9,0.2,36.3,148.3,0.2,33.7,68.4,59.97,211.8,0.5,0.0,1205.7,26.1,0.0,0.0,0,0.0,24.812,85.0,2025-09-25 06:15:45
155.8,0.2,41.5,145.6,0.2,40.7,80.2,60,211.9,0.5,0.0,1205.7,26.3,0.0,0.0,0,38.845008416418494,24.875,85.0,2025-09-25 06:16:31
159.2,0.2,43.3,146,0.2,41.4,84.0,60,211.9,0.5,0.0,1205.7,26.3,0.0,0.0,0,38.845008416418494,24.875,85.0,2025-09-25 06:16:47
158.7,0.3,49.2,150.1,0.3,46.1,93.0,59.97,212,0.5,0.0,1205.7,26.4,0.0,0.0,0,38.845008416418494,24.875,85.0,2025-09-25 06:17:34
161.5,0.3,52.1,153,0.3,47.9,98.0,59.97,212.2,0.5,0.0,1205.7,26.4,0.0,0.0,0,38.845008416418494,24.937,85.0,2025-09-25 06:17:50
161.5,0.3,61.7,146.6,0.4,57.1,116.1,60.01,212.7,0.6,0.0,1205.7,26.5,0.0,0.0,0,38.845008416418494,25.0,85.0,2025-09-25 06:18:36
158.8,0.4,64.3,147,0.4,59.7,121.1,60.02,212.6,0.6,0.0,1205.7,26.5,0.0,0.0,0,38.845008416418494,25.0,85.0,2025-09-25 06:18:52
159.2,0.4,69.3,152.1,0.4,60.5,126.5,60,212.5,0.7,0.0,1205.7,26.6,0.0,0.0,0,38.845008416418494,25.062,85.0,2025-09-25 06:19:39
158.9,0.4,69.7,151.7,0.3,60.5,126.7,59.97,212.5,0.6,0.0,1205.7,26.7,0.0,0.0,0,38.845008416418494,25.062,85.0,2025-09-25 06:19:55
164.7,0.4,70.1,153.1,0.3,60.5,126.0,59.98,212.4,0.7,0.0,1205.7,26.8,0.0,0.0,0,38.845008416418494,25.125,85.0,2025-09-25 06:20:41
161.7,0.4,72.9,148.5,0.4,60.2,129.6,59.99,212.3,0.7,0.0,1205.7,26.8,0.0,0.0,0,38.845008416418494,25.125,85.0,2025-09-25 06:20:57
160.1,0.4,77.1,150,0.4,61.7,134.5,59.97,212.3,0.7,0.0,1205.7,26.8,0.0,0.0,0,38.845008416418494,25.187,85.0,2025-09-25 06:21:43
161.6,0.4,77.8,147,0.4,62.4,136.0,59.99,212,0.8,0.0,1205.7,26.9,0.0,0.0,0,38.845008416418494,25.187,85.0,2025-09-25 06:22:00
160.8,0.5,80.8,149.7,0.4,67.0,143.2,60.02,212.2,0.7,0.0,1205.7,27,0.0,0.0,0,38.845008416418494,25.25,85.0,2025-09-25 06:22:46
163.9,0.5,82.5,149.8,0.4,69.3,147.5,60.01,212.1,0.7,0.0,1205.7,27,0.0,0.0,0,38.845008416418494,25.312,85.0,2025-09-25 06:23:02
164.1,0.5,85.7,153,0.5,80.3,161.1,59.98,212.5,0.8,0.0,1205.7,27.1,0.0,0.0,0,38.845008416418494,25.375,85.0,2025-09-25 06:23:48
164.2,0.5,81.7,154.3,0.5,85.7,164.5,59.99,212.5,0.7,0.0,1205.7,27.2,0.0,0.0,0,38.845008416418494,25.375,85.0,2025-09-25 06:24:05
167.2,0.6,91.1,142.7,0.7,99.4,186.6,60,212.4,0.9,0.0,1205.7,27.3,0.0,0.0,0,38.845008416418494,25.437,85.0,2025-09-25 06:24:51
164.3,0.6,102.3,144.3,0.7,108.4,203.2,60.01,212.1,0.9,0.0,1205.7,27.3,0.0,0.0,0,38.845008416418494,25.5,85.0,2025-09-25 06:25:07
160,0.9,141.0,140.1,1.2,172.8,295.3,60.02,212.3,1.4,0.0,1205.7,27.4,0.0,0.0,0,77.69001683283699,25.562,85.0,2025-09-25 06:25:53
157.2,1,162.6,145.1,1.2,183.7,323.5,60.03,212.3,1.5,0.0,1205.7,27.4,0.0,0.0,0,77.69001683283699,25.687,85.0,2025-09-25 06:26:10
149.7,0.7,115.3,147.7,0.7,113.9,218.1,60.03,212.2,0.9,0.0,1205.7,27.5,0.0,0.0,0,77.69001683283699,25.812,85.0,2025-09-25 06:26:56
148.2,0.7,111.0,148.6,0.7,109.4,209.8,60.02,212.2,0.9,0.0,1205.7,27.5,0.0,0.0,0,38.845008416418494,25.875,85.0,2025-09-25 06:27:12
149.6,0.7,108.5,148,0.7,115.3,213.1,60.04,212.1,1,0.0,1205.7,27.6,0.0,0.0,0,38.845008416418494,26.0,85.0,2025-09-25 06:27:58
150.4,0.7,103.2,145.5,0.7,110.9,204.3,60.04,212.4,1,0.0,1205.7,27.7,0.0,0.0,0,38.845008416418494,26.062,85.0,2025-09-25 06:28:14
147.3,0.7,105.9,143.7,0.8,119.7,215.5,60.03,212.3,1,0.0,1205.7,27.8,0.0,0.0,0,38.845008416418494,26.25,85.0,2025-09-25 06:29:01
149.2,0.7,103.0,145.6,0.7,115.0,208.0,60.01,212.7,0.9,0.0,1205.7,27.8,0.0,0.0,0,38.845008416418494,26.375,85.0,2025-09-25 06:29:17
152.3,0.7,108.8,155.2,0.8,127.6,225.7,60.02,212.7,1,0.0,1205.7,27.9,0.0,0.0,0,38.845008416418494,26.5,85.0,2025-09-25 06:30:03
153.5,0.8,132.1,155.7,0.9,145.9,262.4,60.06,212.8,1.2,0.0,1205.7,27.9,0.0,0.0,0,77.69001683283699,26.562,85.0,2025-09-25 06:30:19
164,0.8,131.4,148.6,1,151.0,267.2,60,212.7,1.2,0.0,1205.7,28,0.0,0.0,0,77.69001683283699,26.75,85.0,2025-09-25 06:31:05
165,0.8,136.2,154.4,1,157.3,278.1,60.03,212.9,1.2,0.0,1205.7,28.1,0.0,0.0,0,77.69001683283699,26.812,85.0,2025-09-25 06:31:22
170.9,1.4,245.3,148.7,2.1,312.2,517.8,60.03,213.1,2.4,0.0,1205.7,28.2,0.0,0.0,0,116.53502524925548,27.0,85.0,2025-09-25 06:32:08
166.7,1.4,230.9,149,2,295.0,488.2,60.01,213.1,2.3,0.0,1205.7,28.3,0.0,0.0,0,116.53502524925548,27.125,85.0,2025-09-25 06:32:24
167.9,1.1,197.6,148.5,1.5,232.0,399.6,60.01,212.8,1.8,0.0,1205.7,28.5,0.0,0.0,0,116.53502524925548,27.375,85.0,2025-09-25 06:33:10
167.9,1,178.4,148.6,1.4,207.5,360.6,60.03,213,1.6,0.0,1205.7,28.5,0.0,0.0,0,77.69001683283699,27.5,85.0,2025-09-25 06:33:27
166.6,1.4,229.0,150.3,2.1,292.5,483.4,60.02,213.1,2.3,0.0,1205.7,28.6,0.0,0.0,0,116.53502524925548,27.75,85.0,2025-09-25 06:34:13
162.5,1.8,294.4,145.7,2.6,381.3,626.6,59.97,213.3,2.9,0.0,1205.7,28.7,0.0,0.0,0,155.38003366567398,27.875,85.0,2025-09-25 06:34:29
169.4,1.8,309.2,150,2.5,382.8,643.0,60.04,213.1,2.9,0.0,1205.7,28.9,0.0,0.0,0,155.38003366567398,28.25,85.0,2025-09-25 06:35:15
171,1.7,295.7,147.2,2.4,358.5,607.9,60.02,213.3,2.8,0.0,1205.7,29,0.0,0.0,0,116.53502524925548,28.375,85.0,2025-09-25 06:35:32
167.3,2,335.5,148.9,2.7,404.9,687.3,60,212.9,3.2,0.0,1205.7,29.2,0.0,0.0,0,155.38003366567398,28.75,85.0,2025-09-25 06:36:18
172.1,1.9,319.5,150,2.6,399.5,665.2,60.02,212.9,3.2,0.0,1205.7,29.3,0.0,0.0,0,155.38003366567398,28.812,85.0,2025-09-25 06:36:34
167.4,1.9,330.8,150,2.6,392.4,670.5,59.98,212.9,3.1,0.1,1205.8,29.5,0.0,0.0,0,155.38003366567398,29.25,85.0,2025-09-25 06:37:20
169.2,2,334.6,152.9,2.7,397.0,679.5,59.98,213,3.2,0.1,1205.8,29.5,0.0,0.0,0,155.38003366567398,29.375,85.0,2025-09-25 06:37:37
170.1,1.9,346.9,151.1,2.6,411.8,704.6,59.99,212.9,3.2,0.1,1205.8,29.8,0.0,0.0,0,155.38003366567398,29.875,85.0,2025-09-25 06:38:23
166.4,2,340.8,147.1,2.8,408.0,696.0,60.01,213,3.3,0.1,1205.8,29.8,0.0,0.0,0,155.38003366567398,30.0,85.0,2025-09-25 06:38:39
171.7,2.1,325.2,150,2.8,414.6,704.5,60.05,212.8,3.4,0.1,1205.8,30,0.0,0.0,0,155.38003366567398,30.5,85.0,2025-09-25 06:39:25
169.3,2.1,354.1,150,2.7,414.1,713.6,60.04,212.8,3.4,0.1,1205.8,30.1,0.0,0.0,0,155.38003366567398,30.625,85.0,2025-09-25 06:39:42
169.3,2.1,353.3,148.5,2.8,411.7,709.0,60.03,212.9,3.3,0.1,1205.8,30.2,0.0,0.0,0,155.38003366567398,31.0,85.0,2025-09-25 06:40:28
168.4,1.3,245.7,149.2,1.7,280.2,488.9,60.01,212.7,2.1,0.1,1205.8,30.3,0.0,0.0,0,116.53502524925548,31.187,85.0,2025-09-25 06:40:44
163.3,1.2,207.0,144.1,1.6,237.8,414.3,60.01,212.5,1.9,0.1,1205.8,30.3,0.0,0.0,0,116.53502524925548,31.437,85.0,2025-09-25 06:41:30
167.5,1.3,221.5,149.1,1.9,276.5,462.5,60.03,212.7,2.2,0.1,1205.8,30.4,0.0,0.0,0,116.53502524925548,31.5,85.0,2025-09-25 06:41:47
167.7,2,340.3,146.9,2.5,382.3,670.4,60.02,213.2,3.1,0.1,1205.8,30.5,0.0,0.0,0,155.38003366567398,31.937,85.0,2025-09-25 06:42:32
169.7,2,345.5,147,2.7,397.3,682.6,60.01,213.1,3.2,0.1,1205.8,30.5,0.0,0.0,0,155.38003366567398,32.125,85.0,2025-09-25 06:42:49
167.9,2,339.2,147.4,2.7,392.4,678.2,60.01,213,3.2,0.1,1205.8,30.7,0.0,0.0,0,155.38003366567398,32.437,85.0,2025-09-25 06:43:35
170.7,2,334.7,147.1,2.7,397.8,679.5,59.97,213.3,3.2,0.1,1205.8,30.7,0.0,0.0,0,155.38003366567398,32.437,85.0,2025-09-25 06:43:51
164.7,2.1,344.1,147,2.7,402.5,692.6,60,213.4,3.2,0.1,1205.8,30.9,0.0,0.1,0,155.38003366567398,32.687,85.0,2025-09-25 06:44:37
167.8,2.1,349.2,147.1,2.7,403.3,698.3,60,213.4,3.2,0.1,1205.8,30.9,0.0,0.1,0,155.38003366567398,32.687,85.0,2025-09-25 06:44:54
167.7,2.1,352.9,148.2,2.6,403.8,702.6,59.99,213.5,3.2,0.1,1205.8,31.1,0.0,0.1,0,155.38003366567398,32.937,85.0,2025-09-25 06:45:40
167.8,2.1,352.6,144.3,2.7,398.5,696.4,59.99,213.4,3.2,0.1,1205.8,31.1,0.0,0.1,0,155.38003366567398,33.062,85.0,2025-09-25 06:45:56
166.8,1.8,308.4,149.4,2.5,350.0,611.1,60.04,213.3,3,0.2,1205.9,31.3,0.1,0.1,0,155.38003366567398,33.375,85.0,2025-09-25 06:46:42
167.5,1.8,322.1,146.8,2.2,355.9,604.8,60.03,212.7,2.7,0.2,1205.9,31.3,0.1,0.1,0,116.53502524925548,33.5,85.0,2025-09-25 06:46:59
166.7,2.3,376.9,145.1,2.9,419.2,738.9,60.01,212.9,3.5,0.2,1205.9,31.5,0.1,0.1,0,155.38003366567398,33.437,85.0,2025-09-25 06:47:45
166.3,2.1,375.6,147,2.8,418.4,737.8,59.98,212.9,3.4,0.2,1205.9,31.5,0.1,0.1,0,155.38003366567398,33.625,85.0,2025-09-25 06:48:01
166.3,1.8,306.7,144,2.1,306.3,568.7,59.99,212.7,2.6,0.2,1205.9,31.7,0.1,0.1,0,116.53502524925548,33.75,85.0,2025-09-25 06:48:47
163.6,1.7,288.1,144.8,2,288.5,535.8,59.99,212.6,2.4,0.2,1205.9,31.7,0.1,0.1,0,116.53502524925548,33.625,85.0,2025-09-25 06:49:04
157.4,2.2,346.0,144.1,2.6,376.5,669.9,59.98,212.8,3.1,0.2,1205.9,31.8,0.1,0.1,0,155.38003366567398,33.875,85.0,2025-09-25 06:49:50
164.1,2.3,376.3,144.9,2.6,374.4,696.2,60,212.9,3.3,0.2,1205.9,31.9,0.1,0.1,0,194.22504208209244,33.937,85.0,2025-09-25 06:50:06
166.3,2.3,384.9,147,2.4,356.8,689.0,59.98,213.2,3.1,0.2,1205.9,31.9,0.1,0.1,0,194.22504208209244,34.0,85.0,2025-09-25 06:50:52
164.2,2.3,384.1,148.9,2.4,369.0,698.9,60.01,213.3,3.3,0.2,1205.9,32,0.1,0.1,0,194.22504208209244,34.062,85.0,2025-09-25 06:51:09
164.9,2.5,405.4,142.6,2.6,370.9,721.4,60.02,213.2,3.4,0.2,1205.9,32.1,0.1,0.1,0,194.22504208209244,34.187,85.0,2025-09-25 06:51:55
166.3,2,357.2,144.1,2.1,302.5,602.9,60.02,213,2.8,0.2,1205.9,32.2,0.1,0.1,0,194.22504208209244,34.125,85.0,2025-09-25 06:52:11
161.5,1.5,242.5,147.2,1.4,207.5,418.0,59.98,213.1,1.9,0.2,1205.9,32.2,0.1,0.1,0,155.38003366567398,33.937,85.0,2025-09-25 06:52:57
164.8,1.5,245.9,155.9,1.4,215.6,431.8,59.99,213,1.9,0.2,1205.9,32.2,0.1,0.1,0,155.38003366567398,33.875,85.0,2025-09-25 06:53:13
160.9,1.6,267.5,153.8,1.5,231.8,465.8,60,212.9,2.1,0.2,1205.9,32.3,0.1,0.1,0,155.38003366567398,33.75,85.0,2025-09-25 06:53:59
160.6,1.7,268.3,156,1.5,231.1,467.1,59.99,213.3,2.2,0.2,1205.9,32.4,0.1,0.1,0,155.38003366567398,33.687,85.0,2025-09-25 06:54:16
165.9,1.5,236.5,155.5,1.3,199.3,408.1,60,213.1,1.9,0.2,1205.9,32.4,0.1,0.1,0,155.38003366567398,33.687,85.0,2025-09-25 06:55:02
162.9,1.5,242.4,153.1,1.2,193.1,407.1,59.99,213.1,1.8,0.2,1205.9,32.4,0.1,0.1,0,155.38003366567398,33.625,85.0,2025-09-25 06:55:18
163.1,1.5,245.2,155.9,1.2,190.4,407.3,59.98,212.9,1.9,0.2,1205.9,32.5,0.1,0.1,0,155.38003366567398,33.125,85.0,2025-09-25 06:56:04
163.3,1.4,245.6,150,1.2,187.2,403.3,60.01,213.2,1.8,0.2,1205.9,32.5,0.1,0.1,0,155.38003366567398,33.062,85.0,2025-09-25 06:56:21
163.2,1.5,248.0,152.9,1.1,180.6,400.9,60.04,213,1.8,0.3,1206.0,32.6,0.1,0.1,0,155.38003366567398,33.0,85.0,2025-09-25 06:57:07
166.2,1.5,232.8,154.5,1.1,173.1,381.1,59.97,213,1.8,0.3,1206.0,32.6,0.1,0.1,0,155.38003366567398,32.812,85.0,2025-09-25 06:57:23
160.3,1.4,223.9,152.9,0.9,144.6,348.6,60,212.6,1.6,0.3,1206.0,32.7,0.1,0.1,0,155.38003366567398,32.437,85.0,2025-09-25 06:58:09
163.5,1.3,215.4,151.3,0.8,135.6,331.6,59.99,212.5,1.5,0.3,1206.0,32.7,0.1,0.1,0,155.38003366567398,32.312,85.0,2025-09-25 06:58:26
160.6,1.1,179.1,149.8,0.7,117.5,281.6,59.99,212.7,1.3,0.3,1206.0,32.8,0.1,0.1,0,116.53502524925548,32.125,85.0,2025-09-25 06:59:12
160.4,1,165.1,148.3,0.7,109.8,261.4,60,212.3,1.2,0.3,1206.0,32.8,0.1,0.1,0,116.53502524925548,32.125,85.0,2025-09-25 06:59:28
159.8,0.8,126.3,146.4,0.6,95.4,214.9,59.98,212.5,1,0.3,1206.0,32.9,0.1,0.1,0,77.69001683283699,32.187,85.0,2025-09-25 07:00:14
162.6,0.7,103.3,147.7,0.6,93.0,197.6,59.98,212.2,1,0.3,1206.0,32.9,0.1,0.1,0,77.69001683283699,32.125,85.0,2025-09-25 07:00:31
158,0.6,98.4,147.2,0.5,85.0,178.8,60.03,212.3,0.8,0.3,1206.0,32.9,0.1,0.1,0,77.69001683283699,32.062,85.0,2025-09-25 07:01:17
156.7,0.6,93.9,147,0.5,82.6,172.2,59.98,212.4,0.8,0.3,1206.0,32.9,0.1,0.1,0,77.69001683283699,32.0,85.0,2025-09-25 07:01:33
157.4,0.5,90.8,149.2,0.4,74.1,160.8,59.98,212.4,0.7,0.3,1206.0,33,0.1,0.1,0,77.69001683283699,31.875,85.0,2025-09-25 07:02:19
160.4,0.5,88.9,146.9,0.5,73.8,158.6,59.97,212.5,0.7,0.3,1206.0,33,0.1,0.1,0,77.69001683283699,31.75,85.0,2025-09-25 07:02:36
155.4,0.5,88.6,144.3,0.4,70.8,155.0,60.01,212.4,0.8,0.3,1206.0,33,0.1,0.1,0,77.69001683283699,31.625,85.0,2025-09-25 07:03:21
157.8,0.5,88.7,149.9,0.4,68.4,153.1,60,212.3,0.8,0.3,1206.0,33,0.1,0.1,0,38.845008416418494,31.625,85.0,2025-09-25 07:03:38
154.4,0.5,85.1,150,0.4,65.5,147.0,60.01,212.5,0.6,0.3,1206.0,33,0.1,0.1,0,38.845008416418494,31.375,85.0,2025-09-25 07:04:24
157.4,0.4,85.2,144.1,0.4,66.5,147.7,60,212.4,0.7,0.3,1206.0,33,0.1,0.1,0,38.845008416418494,31.312,85.0,2025-09-25 07:04:41
157.5,0.5,82.2,143.9,0.4,64.8,143.2,60.01,212.6,0.6,0.3,1206.0,33,0.1,0.1,0,38.845008416418494,31.25,85.0,2025-09-25 07:05:26
157.3,0.5,80.6,145.2,0.4,64.7,142.6,59.98,212.5,0.6,0.3,1206.0,33,0.1,0.1,0,38.845008416418494,31.187,85.0,2025-09-25 07:05:43
160.3,0.5,73.3,145.6,0.4,65.9,136.4,59.97,212.6,0.7,0.3,1206.0,33,0.1,0.1,0,38.845008416418494,31.062,85.0,2025-09-25 07:06:29
154.4,0.5,77.1,147.1,0.4,66.4,140.8,59.97,212.6,0.6,0.3,1206.0,33,0.1,0.1,0,38.845008416418494,31.0,85.0,2025-09-25 07:06:46
157.3,0.5,79.4,145.4,0.4,67.2,142.5,59.97,212.5,0.7,0.3,1206.0,33,0.1,0.1,0,38.845008416418494,30.875,85.0,2025-09-25 07:07:31
154.9,0.5,79.2,151.3,0.4,65.0,141.7,59.99,212.6,0.6,0.3,1206.0,33,0.1,0.1,0,38.845008416418494,30.75,85.0,2025-09-25 07:07:48
160.4,0.5,83.9,149.9,0.4,67.9,148.3,59.96,212,0.7,0.3,1206.0,32.9,0.1,0.1,0,38.845008416418494,30.625,85.0,2025-09-25 07:08:34
160.4,0.5,86.8,147.1,0.4,70.3,154.1,59.98,211.9,0.8,0.3,1206.0,32.9,0.1,0.1,0,77.69001683283699,30.562,85.0,2025-09-25 07:08:51
160.2,0.5,94.6,145.6,0.5,73.8,164.3,59.98,212,0.7,0.3,1206.0,32.9,0.1,0.1,0,77.69001683283699,30.437,85.0,2025-09-25 07:09:36
157.4,0.6,96.2,148.6,0.5,76.2,168.9,59.98,212.2,0.7,0.3,1206.0,33,0.1,0.1,0,77.69001683283699,30.437,85.0,2025-09-25 07:09:53
157.5,0.6,101.6,146.9,0.5,81.2,179.0,59.98,211.9,0.8,0.3,1206.0,33,0.1,0.1,0,77.69001683283699,30.312,85.0,2025-09-25 07:10:39
162.9,0.5,103.0,148.2,0.5,83.0,182.5,59.98,211.8,0.8,0.3,1206.0,32.9,0.1,0.1,0,77.69001683283699,30.25,85.0,2025-09-25 07:10:55
160.3,0.6,106.2,146.3,0.6,88.1,188.9,59.98,211.8,0.9,0.3,1206.0,33,0.1,0.1,0,77.69001683283699,30.187,85.0,2025-09-25 07:11:41
160.2,0.6,107.8,146.6,0.6,89.5,193.0,59.99,212.4,0.9,0.3,1206.0,33,0.1,0.1,0,77.69001683283699,30.125,85.0,2025-09-25 07:11:58
162.9,0.7,113.1,147,0.6,96.6,203.8,59.98,212.3,1,0.3,1206.0,33,0.1,0.1,0,77.69001683283699,30.062,85.0,2025-09-25 07:12:43
158.1,0.7,116.5,150,0.6,98.3,208.6,59.98,212.1,1,0.3,1206.0,33,0.1,0.1,0,77.69001683283699,30.0,85.0,2025-09-25 07:13:00
160.4,0.7,122.9,150.2,0.7,105.2,221.2,59.96,212.4,1,0.3,1206.0,33,0.1,0.1,0,77.69001683283699,30.0,85.0,2025-09-25 07:13:46
163.3,0.7,122.4,150,0.7,107.0,221.7,59.97,212.5,1,0.3,1206.0,33,0.1,0.1,0,77.69001683283699,30.0,85.0,2025-09-25 07:14:03
157.4,0.7,121.8,150,0.7,106.2,220.6,59.98,212.5,1,0.3,1206.0,33,0.1,0.1,0,77.69001683283699,29.937,85.0,2025-09-25 07:14:48
160.4,0.7,121.5,149.8,0.7,105.3,219.5,60,212.6,1,0.3,1206.0,33.1,0.1,0.1,0,77.69001683283699,29.875,85.0,2025-09-25 07:15:05
163.3,0.7,114.1,147.2,0.6,98.3,206.8,59.99,212.3,1,0.3,1206.0,33.1,0.1,0.1,0,77.69001683283699,29.75,85.0,2025-09-25 07:15:51
157.5,0.7,113.5,147.3,0.6,94.5,202.4,59.97,212.4,0.9,0.3,1206.0,33.1,0.1,0.1,0,77.69001683283699,29.75,85.0,2025-09-25 07:16:08
160.5,0.7,111.0,149.8,0.5,85.2,191.8,59.99,212.2,0.9,0.3,1206.0,33.1,0.1,0.1,0,77.69001683283699,29.687,85.0,2025-09-25 07:16:53
160.3,0.7,109.1,147.2,0.5,83.9,188.2,59.97,212.3,0.8,0.3,1206.0,33,0.1,0.1,0,77.69001683283699,29.625,85.0,2025-09-25 07:17:10
157.9,0.6,100.5,147.2,0.5,80.0,176.7,60,212.1,0.8,0.3,1206.0,33,0.1,0.1,0,77.69001683283699,29.625,85.0,2025-09-25 07:17:56
163.6,0.6,92.1,144.1,0.5,78.2,167.7,59.97,212.3,0.8,0.3,1206.0,33,0.1,0.1,0,77.69001683283699,29.625,85.0,2025-09-25 07:18:13
160.6,0.4,93.1,150.1,0.5,77.9,167.9,59.99,211.9,0.7,0.3,1206.0,33,0.1,0.1,0,77.69001683283699,29.562,85.0,2025-09-25 07:18:58
160.3,0.5,92.8,149.9,0.5,79.2,168.8,60.02,211.8,0.7,0.3,1206.0,33,0.1,0.2,0,77.69001683283699,29.5,85.0,2025-09-25 07:19:15
160.7,0.6,96.7,148.7,0.5,82.0,175.2,60.03,211.8,0.9,0.3,1206.0,33,0.1,0.2,0,77.69001683283699,29.25,85.0,2025-09-25 07:20:01
159.3,0.6,99.0,150,0.5,82.2,177.5,60.01,211.7,0.8,0.3,1206.0,33,0.1,0.2,0,77.69001683283699,29.25,85.0,2025-09-25 07:20:17
160.2,0.7,111.4,147.1,0.5,83.7,189.0,60.03,211.9,0.9,0.3,1206.0,32.9,0.1,0.2,0,77.69001683283699,29.312,85.0,2025-09-25 07:21:03
159,0.7,114.1,144.1,0.5,84.5,193.1,60.03,212.1,0.9,0.3,1206.0,32.9,0.2,0.2,0,77.69001683283699,29.25,85.0,2025-09-25 07:21:20
163.4,0.7,120.3,149.9,0.6,91.5,206.7,60.02,211.8,1,0.3,1206.0,32.9,0.2,0.2,0,77.69001683283699,29.25,85.0,2025-09-25 07:22:06
163.3,0.7,120.7,152.8,0.6,93.0,209.0,60.02,211.9,1,0.3,1206.0,32.9,0.2,0.2,0,77.69001683283699,29.25,85.0,2025-09-25 07:22:22
161.6,0.7,124.0,151.5,0.7,104.1,222.4,59.99,212.2,1,0.3,1206.0,32.9,0.2,0.2,0,77.69001683283699,29.25,85.0,2025-09-25 07:23:08
161.8,0.7,123.9,153,0.7,106.8,224.7,60.01,212.1,1,0.3,1206.0,32.9,0.2,0.2,0,77.69001683283699,29.25,85.0,2025-09-25 07:23:25
159.1,0.8,126.4,147.3,0.7,116.6,236.0,60.03,212,1,0.3,1206.0,32.9,0.2,0.2,0,77.69001683283699,29.187,85.0,2025-09-25 07:24:11
161.9,0.8,127.7,149.9,0.8,118.8,238.6,60.04,211.9,1,0.3,1206.0,32.9,0.2,0.2,0,77.69001683283699,29.187,85.0,2025-09-25 07:24:27
161.6,0.8,127.0,153,0.8,124.4,245.2,60.01,211.9,1.2,0.3,1206.0,32.8,0.2,0.2,0,116.53502524925548,29.187,85.0,2025-09-25 07:25:13
161.9,0.8,129.3,156,0.8,124.6,245.5,60.03,212,1.1,0.3,1206.0,32.8,0.2,0.2,0,77.69001683283699,29.187,85.0,2025-09-25 07:25:30
164.8,0.8,133.1,151.4,0.9,142.1,265.1,60.02,212.2,1.3,0.3,1206.0,32.8,0.2,0.2,0,116.53502524925548,29.187,85.0,2025-09-25 07:26:15
159,0.9,142.0,153,0.9,145.8,275.9,60.03,212.2,1.2,0.4,1206.1,32.8,0.2,0.2,0,116.53502524925548,29.187,85.0,2025-09-25 07:26:32
164.8,1,158.7,150.1,1,156.8,300.2,60.02,212.1,1.4,0.4,1206.1,32.8,0.2,0.2,0,116.53502524925548,29.125,85.0,2025-09-25 07:27:18
165,1,166.1,150,1,159.7,310.7,60.02,212.1,1.4,0.4,1206.1,32.8,0.2,0.2,0,116.53502524925548,29.187,85.0,2025-09-25 07:27:35
163.3,1.1,187.1,153.2,1,169.4,337.5,59.98,212.4,1.5,0.4,1206.1,32.8,0.2,0.2,0,116.53502524925548,29.25,85.0,2025-09-25 07:28:20
163.5,1.2,194.9,154.3,1.1,170.3,345.3,60.01,212.4,1.5,0.4,1206.1,32.8,0.2,0.2,0,116.53502524925548,29.25,85.0,2025-09-25 07:28:37
163.4,1.3,218.8,155.9,1.1,177.1,374.1,59.98,212.4,1.7,0.4,1206.1,32.8,0.2,0.2,0,155.38003366567398,29.25,85.0,2025-09-25 07:29:23
161.8,1.4,226.8,152.9,1.1,180.8,383.4,60.01,212.5,1.8,0.4,1206.1,32.8,0.2,0.2,0,155.38003366567398,29.187,85.0,2025-09-25 07:29:40
164.6,1.5,250.7,156.2,1.2,184.0,408.2,60.02,212,1.9,0.4,1206.1,32.8,0.2,0.2,0,155.38003366567398,29.312,85.0,2025-09-25 07:30:25
165.1,1.5,248.5,155.8,1.2,186.7,408.4,60.04,212,1.9,0.4,1206.1,32.9,0.2,0.2,0,155.38003366567398,29.312,85.0,2025-09-25 07:30:42
165.9,1.4,233.5,158.5,1,174.9,384.2,60.05,211.9,1.7,0.4,1206.1,32.9,0.2,0.2,0,155.38003366567398,29.375,85.0,2025-09-25 07:31:28
161.4,1.4,232.7,154.8,1.1,179.1,388.1,60.04,211.7,1.8,0.4,1206.1,32.9,0.2,0.2,0,155.38003366567398,29.375,85.0,2025-09-25 07:31:45
165.9,1.4,240.9,156.5,1.1,183.1,399.4,60.02,211,1.8,0.4,1206.1,32.9,0.2,0.2,0,155.38003366567398,29.437,85.0,2025-09-25 07:32:30
161.3,1.4,228.5,156,1.1,176.9,381.8,60,211.1,1.8,0.4,1206.1,32.9,0.2,0.2,0,155.38003366567398,29.437,85.0,2025-09-25 07:32:47
163.2,1.3,211.6,155.9,1.1,180.3,368.9,59.99,210.9,1.7,0.4,1206.1,32.9,0.2,0.2,0,155.38003366567398,29.5,85.0,2025-09-25 07:33:33
163.4,1.4,227.5,155.9,1.1,184.6,388.5,60.03,211.5,1.8,0.4,1206.1,32.9,0.2,0.2,0,155.38003366567398,29.5,85.0,2025-09-25 07:33:49
154.6,1.7,268.5,154.5,1.3,207.9,447.2,60.01,212.4,2.1,0.4,1206.1,33,0.2,0.2,0,194.22504208209244,29.625,85.0,2025-09-25 07:34:35
152.9,1.8,283.9,157.5,1.3,212.6,463.6,60.02,212.2,2.2,0.4,1206.1,33,0.2,0.2,0,194.22504208209244,29.625,85.0,2025-09-25 07:34:52
151.5,2,309.7,157.5,1.4,219.5,493.9,60.01,212.3,2.3,0.4,1206.1,33.1,0.2,0.2,0,233.07005049851097,29.687,85.0,2025-09-25 07:35:37
151.4,2,314.1,156,1.4,224.3,502.8,60,212.3,2.3,0.4,1206.1,33.1,0.2,0.2,0,233.07005049851097,29.687,85.0,2025-09-25 07:35:54
153.2,2.2,336.8,155.9,1.6,245.3,542.5,59.99,212.4,2.5,0.4,1206.1,33.1,0.2,0.2,0,233.07005049851097,29.875,85.0,2025-09-25 07:36:40
152.9,2.3,347.2,157.4,1.6,254.2,561.5,59.97,212.5,2.6,0.4,1206.1,33.1,0.2,0.2,0,271.91505891492943,29.937,85.0,2025-09-25 07:36:57
166.3,2,369.3,155.5,1.7,273.0,600.6,60.02,212.5,2.6,0.4,1206.1,33.1,0.2,0.2,0,271.91505891492943,30.062,85.0,2025-09-25 07:37:42
163.1,2.1,358.6,155,1.7,272.6,589.5,59.98,212.4,2.7,0.4,1206.1,33.1,0.2,0.2,0,271.91505891492943,30.125,85.0,2025-09-25 07:37:59
166.3,2,338.2,154.5,1.7,261.8,559.2,59.98,212.6,2.6,0.4,1206.1,33.1,0.2,0.2,0,233.07005049851097,30.312,85.0,2025-09-25 07:38:45
163.3,2,325.9,156.6,1.6,252.3,540.7,59.99,212.5,2.5,0.4,1206.1,33.1,0.2,0.2,0,233.07005049851097,30.312,85.0,2025-09-25 07:39:02
163.3,1.9,309.9,153.6,1.6,244.3,515.6,60.02,212.4,2.4,0.4,1206.1,33.1,0.2,0.2,0,233.07005049851097,30.5,85.0,2025-09-25 07:39:47
165.8,1.9,299.4,154.5,1.6,248.6,512.8,60.01,212.5,2.4,0.4,1206.1,33.1,0.2,0.2,0,233.07005049851097,30.5,85.0,2025-09-25 07:40:04
162.4,1.8,300.3,154.5,1.6,258.9,522.1,60.04,212.1,2.5,0.5,1206.2,33.1,0.2,0.2,0,233.07005049851097,30.562,85.0,2025-09-25 07:40:50
163.3,1.9,306.1,152,1.7,260.8,528.8,60.02,212.2,2.5,0.5,1206.2,33.1,0.2,0.2,0,233.07005049851097,30.625,85.0,2025-09-25 07:41:07
163.3,1.9,312.4,151.5,1.8,272.5,546.3,59.99,212.3,2.5,0.5,1206.2,33.1,0.2,0.2,0,233.07005049851097,30.812,85.0,2025-09-25 07:41:52
163.2,1.9,311.4,157.6,1.7,277.4,546.5,59.99,212.3,2.5,0.5,1206.2,33.2,0.2,0.2,0,233.07005049851097,30.812,85.0,2025-09-25 07:42:09
164.8,1.9,322.5,154.6,1.9,302.3,582.0,59.97,212.1,2.7,0.5,1206.2,33.2,0.2,0.2,0,233.07005049851097,30.937,85.0,2025-09-25 07:42:55
163.4,2.1,334.1,154.5,2,312.4,601.7,60.04,212.1,2.8,0.5,1206.2,33.3,0.2,0.2,0,271.91505891492943,31.0,85.0,2025-09-25 07:43:11
166.3,2.2,365.6,156.1,2.1,329.7,650.4,60.04,212.3,3,0.5,1206.2,33.4,0.2,0.2,0,271.91505891492943,31.25,85.0,2025-09-25 07:43:57
166.3,2.3,380.5,154.2,2.2,347.3,678.2,60.04,212.3,3.2,0.5,1206.2,33.5,0.2,0.2,0,271.91505891492943,31.312,85.0,2025-09-25 07:44:14
157.4,2.6,406.4,157.5,2.5,392.8,743.8,60.02,212.9,3.6,0.5,1206.2,33.5,0.2,0.2,0,310.76006733134795,31.375,85.0,2025-09-25 07:45:00
154.6,3.2,474.9,156,2.9,440.6,851.4,60.03,213.2,4.2,0.5,1206.2,33.6,0.2,0.2,0,349.6050757477664,31.437,85.0,2025-09-25 07:45:16
166.3,3.1,520.2,160.3,2.9,463.8,920.6,60,213.1,4.2,0.5,1206.2,33.8,0.3,0.2,0,349.6050757477664,31.625,85.0,2025-09-25 07:46:02
166.4,3.5,570.7,163.1,3.1,496.2,1002.5,60.04,213.3,4.7,0.5,1206.2,33.9,0.3,0.2,0,349.6050757477664,31.625,85.0,2025-09-25 07:46:19
166.9,4.3,690.2,155.9,3.7,577.3,1180.3,59.99,213.7,5.6,0.5,1206.2,34.2,0.3,0.3,0,427.2950925806034,31.687,85.0,2025-09-25 07:47:04
164,4.9,805.5,152.7,4.2,645.8,1352.8,59.98,213.9,6.3,0.5,1206.2,34.3,0.3,0.3,0,504.9851094134404,31.75,85.0,2025-09-25 07:47:21
167.6,4.6,740.8,157.4,3.8,608.7,1257.0,59.99,213.7,5.9,0.6,1206.3,34.7,0.3,0.3,0,466.14010099702193,32.125,85.0,2025-09-25 07:48:07
164.9,4.6,742.4,162.1,3.5,596.2,1249.0,59.97,213.8,5.8,0.6,1206.3,34.8,0.3,0.3,0,466.14010099702193,32.312,85.0,2025-09-25 07:48:24
163.4,4.9,811.4,159,4.1,640.6,1354.1,59.98,214,6.3,0.6,1206.3,35.1,0.3,0.3,0,543.8301178298589,32.562,85.0,2025-09-25 07:49:09
163.1,5,814.5,161.9,3.7,647.0,1363.9,59.99,214.2,6.2,0.6,1206.3,35.2,0.3,0.3,0,543.8301178298589,32.75,85.0,2025-09-25 07:49:26
163.5,5.2,839.1,160.5,4.2,658.5,1396.2,59.98,214.2,6.6,0.6,1206.3,35.4,0.3,0.3,0,582.6751262462774,33.125,85.0,2025-09-25 07:50:12
162.8,5.5,934.5,159.9,4,685.3,1487.2,60.02,214,6.3,0.6,1206.3,35.5,0.3,0.3,0,504.9851094134404,33.125,85.0,2025-09-25 07:50:29
163.3,5.6,913.5,158.8,4.4,695.1,1501.7,60.03,213.6,7,0.6,1206.3,35.7,0.3,0.3,0,582.6751262462774,33.812,85.0,2025-09-25 07:51:14
164.2,4.5,714.1,161,3.5,540.7,1167.1,60.03,213.3,5.6,0.6,1206.3,35.8,0.3,0.3,0,466.14010099702193,34.0,85.0,2025-09-25 07:51:31
161.2,2.5,427.1,155.8,2.2,352.0,726.7,60.04,212.4,3.3,0.6,1206.3,35.8,0.3,0.3,0,310.76006733134795,34.125,85.0,2025-09-25 07:52:17
160.9,2.4,380.3,153.3,2.1,316.2,648.4,60.05,212.4,3,0.6,1206.3,35.7,0.3,0.3,0,271.91505891492943,34.125,85.0,2025-09-25 07:52:34
156.7,3.1,478.8,152.5,2.4,373.5,803.8,60.04,212.4,3.8,0.7,1206.4,35.6,0.3,0.3,0,349.6050757477664,34.375,85.0,2025-09-25 07:53:19
158.4,2.4,388.0,151.9,1.9,298.3,637.5,60.03,212.2,2.9,0.7,1206.4,35.6,0.3,0.3,0,271.91505891492943,34.312,85.0,2025-09-25 07:53:36
155.8,2,318.1,153,1.6,250.2,529.8,60.04,211.4,2.5,0.7,1206.4,35.5,0.3,0.3,0,233.07005049851097,34.125,85.0,2025-09-25 07:54:22
159.5,1.9,310.1,152.5,1.5,233.0,508.4,60.02,211.5,2.3,0.7,1206.4,35.5,0.3,0.3,0,194.22504208209244,34.125,85.0,2025-09-25 07:54:39
158.9,1.5,246.2,149.9,1.2,188.5,406.9,59.97,212.2,1.9,0.7,1206.4,35.4,0.4,0.3,0,194.22504208209244,34.125,85.0,2025-09-25 07:55:24
160.9,1.4,222.0,150.3,1.2,187.2,384.2,59.98,212.2,1.8,0.7,1206.4,35.3,0.4,0.3,0,155.38003366567398,33.937,85.0,2025-09-25 07:55:41
158.7,1.5,236.4,149.9,1.1,189.2,398.1,59.98,212.3,1.8,0.7,1206.4,35.2,0.4,0.3,0,194.22504208209244,33.875,85.0,2025-09-25 07:56:27
156.3,1.5,244.7,149.9,1.3,194.0,409.4,59.97,212.4,1.9,0.7,1206.4,35.2,0.4,0.3,0,194.22504208209244,34.0,85.0,2025-09-25 07:56:43
164.6,1.7,265.1,150.3,1.4,218.2,437.1,60.01,212.5,2.2,0.7,1206.4,35.2,0.4,0.3,0,233.07005049851097,33.812,85.0,2025-09-25 07:57:29
158.9,1.9,305.9,150.1,1.5,230.4,499.2,60.01,212.6,2.3,0.7,1206.4,35.2,0.4,0.3,0,233.07005049851097,33.75,85.0,2025-09-25 07:57:46
162.4,2.2,347.4,155,1.7,249.9,556.7,59.99,212.1,2.7,0.7,1206.4,35.1,0.4,0.3,0,271.91505891492943,33.437,85.0,2025-09-25 07:58:31
157.5,2.2,354.2,152.8,1.7,260.6,573.9,59.99,212.3,2.7,0.7,1206.4,35.2,0.4,0.3,0,271.91505891492943,33.5,85.0,2025-09-25 07:58:48
162.7,2.2,347.4,152.1,1.6,240.6,548.5,59.99,212.9,2.5,0.7,1206.4,35.3,0.4,0.3,0,271.91505891492943,33.437,85.0,2025-09-25 07:59:34
160.4,2,327.0,149.9,1.5,225.0,509.7,60,212.8,2.3,0.7,1206.4,35.3,0.4,0.3,0,233.07005049851097,33.437,85.0,2025-09-25 07:59:51
158.3,1.6,253.8,150.2,1.2,193.5,418.9,60,212.7,1.9,0.7,1206.4,35.4,0.4,0.3,0,194.22504208209244,33.5,85.0,2025-09-25 08:00:36
159.9,1.5,240.7,150,1.2,185.7,398.8,60.01,212.8,1.8,0.7,1206.4,35.4,0.4,0.3,0,194.22504208209244,33.437,85.0,2025-09-25 08:00:53
163.5,1.4,208.9,150.7,1.1,179.4,373.2,59.96,212.6,1.8,0.7,1206.4,35.4,0.4,0.3,0,155.38003366567398,33.125,85.0,2025-09-25 08:01:39
157.3,1.4,225.7,150.8,1.2,180.2,381.4,59.98,212.2,1.7,0.7,1206.4,35.3,0.4,0.3,0,155.38003366567398,33.125,85.0,2025-09-25 08:01:56
160.8,1.3,233.9,150.1,1.3,196.8,398.9,59.98,212.2,1.8,0.7,1206.4,35.3,0.4,0.3,0,155.38003366567398,33.125,85.0,2025-09-25 08:02:41
158.4,1.5,239.7,152.6,1.3,206.9,417.9,60.02,212.3,1.9,0.7,1206.4,35.3,0.4,0.3,0,155.38003366567398,33.125,85.0,2025-09-25 08:02:58
165.6,1.4,265.4,154.5,1.5,242.6,477.7,60,213,2.1,0.7,1206.4,35.3,0.4,0.3,0,194.22504208209244,32.937,85.0,2025-09-25 08:03:44
161.3,2.1,325.4,155,1.7,264.3,556.1,60.02,213.1,2.6,0.7,1206.4,35.3,0.4,0.3,0,233.07005049851097,32.937,85.0,2025-09-25 08:04:01
156,2.9,442.3,157.6,2,310.9,701.1,60.01,213.5,3.4,0.7,1206.4,35.2,0.4,0.4,0,310.76006733134795,32.937,85.0,2025-09-25 08:04:46
160.2,3.2,512.1,155.8,2.1,337.3,792.6,60.01,213.6,3.7,0.7,1206.4,35.2,0.4,0.4,0,310.76006733134795,32.875,85.0,2025-09-25 08:05:03
158.8,2.5,398.7,157.5,1.7,266.6,622.0,59.99,213,2.9,0.8,1206.5,35.3,0.4,0.4,0,271.91505891492943,33.0,85.0,2025-09-25 08:05:48
161.7,2.4,385.4,157.3,1.6,262.4,605.1,60.02,213,2.8,0.8,1206.5,35.3,0.4,0.4,0,271.91505891492943,33.062,85.0,2025-09-25 08:06:06
161.7,2.3,363.9,154.7,1.6,255.2,577.6,59.98,212.9,2.7,0.8,1206.5,35.3,0.4,0.4,0,271.91505891492943,33.062,85.0,2025-09-25 08:06:51
161.9,2.2,358.2,157.5,1.6,245.6,565.1,59.99,212.8,2.6,0.8,1206.5,35.4,0.4,0.4,0,233.07005049851097,33.062,85.0,2025-09-25 08:07:08
161.7,1.7,283.6,151.6,1.2,196.6,451.3,60.01,212.7,2.1,0.8,1206.5,35.3,0.4,0.4,0,194.22504208209244,33.0,85.0,2025-09-25 08:07:53
159,1.5,253.4,154.3,1.2,189.1,415.2,60,212.7,1.9,0.8,1206.5,35.3,0.4,0.4,0,155.38003366567398,33.062,85.0,2025-09-25 08:08:10
158.8,1.3,212.9,151.5,1.2,179.8,370.2,60.01,212.8,1.6,0.8,1206.5,35.2,0.4,0.4,0,155.38003366567398,33.0,85.0,2025-09-25 08:08:56
158.4,1.3,212.6,155.9,1.2,178.7,368.9,60.01,212.6,1.7,0.8,1206.5,35.2,0.4,0.4,0,155.38003366567398,33.0,85.0,2025-09-25 08:09:13
160.2,1.5,244.5,154.5,1.3,210.0,424.9,60,212.9,1.9,0.8,1206.5,35.2,0.4,0.4,0,155.38003366567398,32.812,85.0,2025-09-25 08:09:58
149.3,1.7,253.2,154.4,1.4,223.9,445.4,59.99,212.8,2,0.8,1206.5,35.2,0.4,0.4,0,194.22504208209244,32.812,85.0,2025-09-25 08:10:15
150.2,2.2,326.5,156.2,1.8,272.1,557.7,59.99,212.2,2.6,0.8,1206.5,35.2,0.4,0.4,0,233.07005049851097,32.75,85.0,2025-09-25 08:11:01
149.3,2.4,360.7,155.1,1.9,297.1,612.3,60.04,212.4,2.9,0.8,1206.5,35.2,0.4,0.4,0,271.91505891492943,32.812,85.0,2025-09-25 08:11:18
148.6,3.1,461.6,157.3,2.2,352.2,760.3,60.02,212.5,3.6,0.8,1206.5,35.4,0.4,0.4,0,349.6050757477664,32.875,85.0,2025-09-25 08:12:03
147.9,3.2,493.2,155.7,2.3,369.1,802.4,60.01,213.1,3.7,0.8,1206.5,35.4,0.4,0.4,0,349.6050757477664,32.875,85.0,2025-09-25 08:12:20
152.5,2.9,435.6,159.8,2.1,346.4,728.4,59.98,212.4,3.4,0.8,1206.5,35.4,0.4,0.4,0,310.76006733134795,32.937,85.0,2025-09-25 08:13:06
161.2,2.9,461.0,155.3,2.2,352.3,758.2,59.98,212.4,3.6,0.8,1206.5,35.5,0.4,0.4,0,310.76006733134795,33.0,85.0,2025-09-25 08:13:23
159.3,3.2,518.5,159.6,2.4,385.7,843.9,60.01,213.2,3.9,0.8,1206.5,35.6,0.5,0.4,0,310.76006733134795,33.062,85.0,2025-09-25 08:14:08
160.3,2.7,434.3,155.7,2.1,339.0,721.2,60.02,213,3.3,0.8,1206.5,35.6,0.5,0.4,0,310.76006733134795,33.0,85.0,2025-09-25 08:14:25
165,3,478.5,156.4,2.5,388.0,808.6,60,213.1,4,0.9,1206.6,35.6,0.5,0.4,0,388.4500841641849,33.187,85.0,2025-09-25 08:15:11
167.3,2.9,491.9,159,2.6,401.3,836.8,59.99,213.3,4.1,0.9,1206.6,35.6,0.5,0.4,0,388.4500841641849,33.125,85.0,2025-09-25 08:15:28
163.5,5.4,829.8,158.7,3.7,574.8,1330.9,59.98,213.4,6.4,0.9,1206.6,35.8,0.5,0.4,0,582.6751262462774,33.0,85.0,2025-09-25 08:16:13
161.9,5.2,814.0,163.2,3.7,573.0,1294.9,60,213.3,6.3,0.9,1206.6,35.9,0.5,0.4,0,582.6751262462774,33.187,85.0,2025-09-25 08:16:30
163.6,4.8,766.8,160.2,3.2,518.2,1200.5,59.99,213.3,5.6,0.9,1206.6,36.2,0.5,0.4,0,504.9851094134404,33.5,85.0,2025-09-25 08:17:15
164.2,4.3,681.7,160.1,2.9,466.0,1095.3,60.01,213.3,4.9,0.9,1206.6,36.3,0.5,0.4,0,427.2950925806034,33.562,85.0,2025-09-25 08:17:33
161.8,5.4,869.6,158.9,3.6,582.3,1353.7,59.99,213.7,6.3,0.9,1206.6,36.4,0.5,0.4,0,582.6751262462774,33.687,85.0,2025-09-25 08:18:18
160.9,5.3,836.9,156.9,3.6,556.1,1298.7,60.02,213.1,6.1,0.9,1206.6,36.5,0.5,0.4,0,543.8301178298589,33.812,85.0,2025-09-25 08:18:35
161.8,5,815.0,161.8,3.5,550.0,1273.8,59.96,213.3,5.9,0.9,1206.6,36.7,0.5,0.4,0,543.8301178298589,34.0,85.0,2025-09-25 08:19:20
159.3,4.7,767.1,158.1,3.3,534.7,1214.0,60,213.3,5.6,0.9,1206.6,36.8,0.5,0.4,0,504.9851094134404,34.0,85.0,2025-09-25 08:19:37
164.2,5,800.9,158.9,3.4,573.8,1284.8,60,213.4,6,1.0,1206.7,36.9,0.5,0.4,0,543.8301178298589,34.187,85.0,2025-09-25 08:20:23
161.7,5.3,825.8,156.6,3.6,568.9,1297.4,60.02,213.4,6.1,1.0,1206.7,36.9,0.5,0.4,0,543.8301178298589,34.312,85.0,2025-09-25 08:20:40
161.9,5.2,836.1,161.6,3.6,550.4,1296.8,60.03,213.3,6.1,1.0,1206.7,37.1,0.5,0.5,0,543.8301178298589,34.437,85.0,2025-09-25 08:21:25
161.1,3.3,541.3,156.4,2.4,402.7,881.4,60.03,212.8,4,1.0,1206.7,37.2,0.5,0.5,0,310.76006733134795,34.437,85.0,2025-09-25 08:21:42
157.6,3.7,591.9,157.9,2.4,383.5,908.9,59.99,212.9,4.2,1.0,1206.7,37.1,0.6,0.5,0,349.6050757477664,34.25,85.0,2025-09-25 08:22:28
158.2,4.1,644.0,158.9,2.7,430.8,990.1,59.98,213.2,4.6,1.0,1206.7,37.1,0.6,0.5,0,388.4500841641849,34.187,85.0,2025-09-25 08:22:45
154.6,4.9,746.2,156.9,3.5,542.0,1196.9,59.98,212.8,5.7,1.0,1206.7,37.3,0.6,0.5,0,543.8301178298589,34.187,85.0,2025-09-25 08:23:30
161.6,5.1,818.3,161.4,3.2,526.0,1254.5,59.97,212.7,5.8,1.0,1206.7,37.4,0.6,0.5,0,504.9851094134404,34.312,85.0,2025-09-25 08:23:47
157.3,5.1,807.4,157.4,3.3,527.2,1245.5,59.98,212.9,5.7,1.0,1206.7,37.6,0.6,0.5,0,504.9851094134404,34.312,85.0,2025-09-25 08:24:32
159.4,5.2,801.4,159.6,3.3,503.9,1227.2,59.96,213,5.8,1.0,1206.7,37.6,0.6,0.5,0,504.9851094134404,34.375,85.0,2025-09-25 08:24:50
158.6,3.8,633.7,154.4,2.6,415.8,937.7,59.99,212.8,4.3,1.1,1206.8,37.6,0.6,0.5,0,388.4500841641849,34.375,85.0,2025-09-25 08:25:35
157.7,4.4,687.5,156.2,2.9,453.1,1064.0,60.03,213,5.1,1.1,1206.8,37.7,0.6,0.5,0,466.14010099702193,34.312,85.0,2025-09-25 08:25:52
159.1,5,791.3,160.4,3,493.4,1198.3,60.01,213,5.6,1.1,1206.8,37.7,0.6,0.5,0,504.9851094134404,34.375,85.0,2025-09-25 08:26:37
158.9,5.4,849.8,157.4,3.4,538.3,1295.3,60,213.2,6,1.1,1206.8,37.7,0.6,0.5,0,543.8301178298589,34.5,85.0,2025-09-25 08:26:55
159.2,4.7,743.7,153.3,3.2,472.2,1132.5,60.03,213,5.3,1.1,1206.8,37.8,0.6,0.5,0,543.8301178298589,34.687,85.0,2025-09-25 08:27:40
160.4,5.1,723.4,154.5,3.5,532.3,1177.3,60.02,213.2,6,1.1,1206.8,37.9,0.6,0.5,0,543.8301178298589,34.687,85.0,2025-09-25 08:27:57
149.8,2.7,408.2,152.9,2,307.5,664.7,60.03,212.4,3.1,1.1,1206.8,38,0.6,0.5,0,271.91505891492943,34.812,85.0,2025-09-25 08:28:42
149.7,2.8,440.3,155.8,2.1,325.9,713.2,59.99,212.5,3.2,1.1,1206.8,37.9,0.6,0.5,0,310.76006733134795,34.812,85.0,2025-09-25 08:29:00
153.2,2.3,341.8,156,1.7,251.8,554.0,59.99,212.4,2.6,1.1,1206.8,37.8,0.6,0.5,0,233.07005049851097,34.75,85.0,2025-09-25 08:29:45
157.3,2.3,366.1,152.9,1.7,259.7,583.4,60.01,212.4,2.8,1.1,1206.8,37.7,0.6,0.5,0,233.07005049851097,34.687,85.0,2025-09-25 08:30:02
157.6,2.4,377.1,153,1.6,248.6,579.6,60,212.3,2.7,1.1,1206.8,37.7,0.6,0.5,0,233.07005049851097,34.687,85.0,2025-09-25 08:30:47
154.8,2.7,406.2,153.2,2.1,313.9,667.8,60,212.2,3.4,1.1,1206.8,37.7,0.6,0.5,0,349.6050757477664,34.562,85.0,2025-09-25 08:31:05
158.3,5.5,896.7,154.5,3.3,508.2,1307.6,59.99,213.1,6,1.2,1206.9,37.7,0.7,0.5,0,582.6751262462774,34.75,85.0,2025-09-25 08:31:50
159.9,5.9,934.1,157.9,3.4,537.2,1370.1,60.04,213.1,6.4,1.2,1206.9,37.8,0.7,0.5,0,621.5201346626959,34.75,85.0,2025-09-25 08:32:07
160.6,2.2,407.0,158.2,1.7,251.2,614.8,60.02,212,2.6,1.2,1206.9,38,0.7,0.5,0,271.91505891492943,34.812,85.0,2025-09-25 08:32:52
156,2.9,417.4,155.9,1.8,278.2,646.6,60,212.2,3.2,1.2,1206.9,37.9,0.7,0.5,0,271.91505891492943,34.625,85.0,2025-09-25 08:33:09
157,2.9,441.3,154.9,1.9,288.6,679.3,60,212.3,3.3,1.2,1206.9,37.8,0.7,0.5,0,310.76006733134795,34.625,85.0,2025-09-25 08:33:55
161.6,2.8,512.0,156.4,2.1,324.1,782.4,60.03,212.3,3.5,1.2,1206.9,37.8,0.7,0.5,0,349.6050757477664,34.5,85.0,2025-09-25 08:34:12
153.1,4.7,673.2,154.3,2.7,407.8,1026.5,60.01,212.8,5,1.2,1206.9,37.8,0.7,0.5,0,466.14010099702193,33.875,85.0,2025-09-25 08:34:57
150.9,4.8,777.5,153,2.9,458.3,1101.3,60.02,212.6,5.2,1.2,1206.9,37.8,0.7,0.6,0,504.9851094134404,34.062,85.0,2025-09-25 08:35:14
160.4,5.8,922.4,157.3,3.3,524.7,1348.4,60.03,213.3,6.3,1.2,1206.9,38,0.7,0.6,0,621.5201346626959,34.437,85.0,2025-09-25 08:36:00
154.6,5.7,877.4,157.4,3.2,501.0,1284.6,60,213.4,6,1.2,1206.9,38.1,0.7,0.6,0,543.8301178298589,34.437,85.0,2025-09-25 08:36:17
158.9,6,939.7,157.5,3.3,526.4,1365.2,60,213,6.3,1.2,1206.9,38.1,0.7,0.6,0,621.5201346626959,34.5,85.0,2025-09-25 08:37:02
157.6,5.9,915.1,157.5,3.2,522.4,1339.0,60.01,212.9,6.3,1.3,1207.0,38.2,0.7,0.6,0,621.5201346626959,34.687,85.0,2025-09-25 08:37:19
157.4,5.9,921.7,157.4,3.3,517.9,1340.7,60,212.9,6.2,1.3,1207.0,38.4,0.7,0.6,0,621.5201346626959,34.875,85.0,2025-09-25 08:38:04
154.6,6,913.5,160.4,3.3,509.4,1326.4,60.02,212.8,6.3,1.3,1207.0,38.4,0.7,0.6,0,621.5201346626959,34.937,85.0,2025-09-25 08:38:22
159.7,5.9,929.8,154.2,3.3,524.8,1335.3,60,213.7,6.4,1.3,1207.0,38.7,0.7,0.6,0,621.5201346626959,35.062,85.0,2025-09-25 08:39:07
157.4,6.1,944.6,157.4,3.4,533.5,1381.6,60.02,213.7,6.5,1.3,1207.0,38.7,0.8,0.6,0,621.5201346626959,35.062,85.0,2025-09-25 08:39:24
160.2,5.8,902.9,155.6,3.3,511.5,1319.9,60,213.5,6.2,1.3,1207.0,38.9,0.8,0.6,0,621.5201346626959,35.125,85.0,2025-09-25 08:40:09
156.4,4.8,813.8,156.7,3,466.6,1196.7,60.03,213.4,5.3,1.3,1207.0,39,0.8,0.6,0,543.8301178298589,35.187,85.0,2025-09-25 08:40:27
155,6.2,956.5,155.2,3.5,544.4,1397.6,60.01,213.6,6.6,1.3,1207.0,39.1,0.8,0.6,0,660.3651430791144,35.25,85.0,2025-09-25 08:41:12
157.5,6.3,981.0,158.1,3.5,549.5,1424.6,60.04,213.2,6.6,1.3,1207.0,39.1,0.8,0.6,0,660.3651430791144,35.312,85.0,2025-09-25 08:41:29
154.9,6.4,992.1,158.9,3.4,545.6,1434.2,60.03,213.2,6.7,1.4,1207.1,39.3,0.8,0.6,0,699.2101514955328,35.562,85.0,2025-09-25 08:42:14
154.4,6.6,1002.2,156.3,3.5,546.0,1442.3,60,213.2,6.7,1.4,1207.1,39.4,0.8,0.6,0,699.2101514955328,35.625,85.0,2025-09-25 08:42:32
154.5,6.7,1017.2,158.6,3.6,546.4,1456.5,60.02,213.2,6.8,1.4,1207.1,39.6,0.8,0.6,0,699.2101514955328,35.812,85.0,2025-09-25 08:43:17
152.2,6.7,1015.3,155.9,3.6,560.7,1467.6,60.03,213.3,6.9,1.4,1207.1,39.6,0.8,0.6,0,699.2101514955328,35.812,85.0,2025-09-25 08:43:34
154.8,6.3,1004.1,155.9,3.6,558.3,1447.7,60.03,213,6.7,1.4,1207.1,39.9,0.8,0.6,0,699.2101514955328,36.0,85.0,2025-09-25 08:44:19
153.6,6.5,980.8,158.8,3.5,542.2,1431.3,60.01,213.2,6.8,1.4,1207.1,40,0.8,0.6,0,699.2101514955328,36.062,85.0,2025-09-25 08:44:36
151.5,6.6,998.1,153,3.5,547.8,1432.8,59.97,213.1,6.7,1.4,1207.1,40.3,0.8,0.6,0,699.2101514955328,35.937,85.0,2025-09-25 08:45:22
152.9,6.6,999.6,155.8,3.5,545.6,1437.6,59.98,212.9,6.7,1.4,1207.1,40.3,0.9,0.6,0,699.2101514955328,35.875,85.0,2025-09-25 08:45:39
156.4,6.1,980.5,155.9,3.4,535.7,1413.5,59.99,213,6.5,1.5,1207.2,40.5,0.9,0.6,0,699.2101514955328,36.062,85.0,2025-09-25 08:46:24
154.4,6.4,975.9,153.1,3.4,523.0,1394.5,59.99,213.1,6.6,1.5,1207.2,40.6,0.9,0.7,0,660.3651430791144,36.25,85.0,2025-09-25 08:46:41
155.7,6.3,931.8,158.5,3.2,520.0,1351.4,60.02,213.3,6.5,1.5,1207.2,40.6,0.9,0.7,0,660.3651430791144,36.375,85.0,2025-09-25 08:47:26
154.4,6.1,969.9,155.9,3.3,522.1,1389.8,59.98,213.7,6.3,1.5,1207.2,40.6,0.9,0.7,0,660.3651430791144,36.25,85.0,2025-09-25 08:47:44
154.2,5.4,1009.4,156,2.8,514.4,1372.1,59.99,213.7,5.4,1.5,1207.2,40.8,0.9,0.7,0,504.9851094134404,36.062,85.0,2025-09-25 08:48:29
154.4,4.3,711.4,151.2,2.4,371.7,995.3,59.99,213.3,4.4,1.5,1207.2,40.8,0.9,0.7,0,427.2950925806034,35.937,85.0,2025-09-25 08:48:46
147.2,3.6,524.7,152.2,2.7,362.5,821.6,60,213.2,4.2,1.5,1207.2,40.4,0.9,0.7,0,582.6751262462774,35.937,85.0,2025-09-25 08:49:31
140.4,6.5,905.4,159.3,3.3,473.8,1281.5,59.98,213.7,6.3,1.5,1207.2,40.3,0.9,0.7,0,699.2101514955328,36.0,85.0,2025-09-25 08:49:49
151.8,6.5,986.7,153.3,3.4,524.2,1406.2,60.02,213.9,6.7,1.5,1207.2,40.4,0.9,0.7,0,699.2101514955328,36.187,85.0,2025-09-25 08:50:34
152.9,6.6,992.6,155.9,3.4,532.8,1420.4,59.97,214,6.6,1.6,1207.3,40.5,0.9,0.7,0,699.2101514955328,36.25,85.0,2025-09-25 08:50:51
152.8,6.5,991.7,155.8,3.4,531.8,1419.3,60.04,213.9,6.6,1.6,1207.3,40.6,0.9,0.7,0,699.2101514955328,36.375,85.0,2025-09-25 08:51:36
151,6.4,972.9,154,3.3,522.0,1394.5,60.04,213.9,6.4,1.6,1207.3,40.6,0.9,0.7,0,660.3651430791144,36.437,85.0,2025-09-25 08:51:54
151.6,6.4,961.8,148.7,3.3,499.1,1359.0,60,213.7,6.4,1.6,1207.3,40.6,1.0,0.7,0,660.3651430791144,36.5,85.0,2025-09-25 08:52:39
153.4,6.5,946.0,157.1,3.1,511.1,1357.7,60,213.1,6.5,1.6,1207.3,40.7,1.0,0.7,0,699.2101514955328,36.437,85.0,2025-09-25 08:52:56
150.7,3.2,527.4,148.8,2,301.3,745.0,59.97,211.3,3.5,1.6,1207.3,40.8,1.0,0.7,0,388.4500841641849,36.562,85.0,2025-09-25 08:53:41
152.3,2.9,465.4,144.2,1.8,266.6,675.5,59.98,211.3,3.1,1.6,1207.3,40.7,1.0,0.7,0,271.91505891492943,36.312,85.0,2025-09-25 08:53:59
151.6,2,311.0,151.5,1.5,230.1,503.2,59.99,211.8,2.4,1.6,1207.3,40.4,1.0,0.7,0,194.22504208209244,36.312,85.0,2025-09-25 08:54:44
154.5,2,316.0,151.5,1.5,234.6,513.3,60.01,211,2.3,1.6,1207.3,40.3,1.0,0.7,0,233.07005049851097,36.125,85.0,2025-09-25 08:55:01
155.5,2.9,516.8,148.9,2,326.9,776.3,59.99,211.4,3.3,1.6,1207.3,40.1,1.0,0.7,0,349.6050757477664,36.25,85.0,2025-09-25 08:55:46
146,2.6,428.7,146.7,1.7,282.2,660.6,60,211.8,2.8,1.6,1207.3,40.2,1.0,0.7,0,271.91505891492943,36.312,85.0,2025-09-25 08:56:03
154.5,2.5,380.1,155.1,1.5,260.5,598.1,60.02,212,2.7,1.6,1207.3,40,1.0,0.7,0,271.91505891492943,36.187,85.0,2025-09-25 08:56:48
154.4,2.4,389.1,149.8,1.7,264.5,609.5,60.03,212.1,2.8,1.6,1207.3,40,1.0,0.7,0,271.91505891492943,36.25,85.0,2025-09-25 08:57:06
152.3,4.2,716.0,157.4,2.2,387.7,1022.0,60.03,212.4,4.2,1.7,1207.4,40.1,1.0,0.7,0,466.14010099702193,36.375,85.0,2025-09-25 08:57:51
154.2,4.2,676.2,157.1,2.6,413.9,1001.2,60,212.3,4.4,1.7,1207.4,40.2,1.0,0.7,0,504.9851094134404,36.437,85.0,2025-09-25 08:58:08
152.8,1.7,263.1,148.9,1.3,206.9,439.3,59.99,211.9,2,1.7,1207.4,40.2,1.0,0.7,0,194.22504208209244,36.25,85.0,2025-09-25 08:58:53
154.4,1.5,232.8,150.2,1.3,203.7,408.7,60,212,1.9,1.7,1207.4,40.1,1.0,0.7,0,155.38003366567398,36.25,85.0,2025-09-25 08:59:11
152.8,1.5,239.3,145.7,1.4,204.9,414.3,60.03,212.1,1.9,1.7,1207.4,39.8,1.0,0.7,0,155.38003366567398,36.125,85.0,2025-09-25 08:59:56
150,1.6,242.3,150,1.4,215.4,426.8,60,211.9,2,1.7,1207.4,39.7,1.0,0.7,0,155.38003366567398,36.125,85.0,2025-09-25 09:00:13
157.5,1.7,259.4,145.7,1.5,222.4,450.1,60.02,212.4,2.1,1.7,1207.4,39.6,1.0,0.7,0,194.22504208209244,36.0,85.0,2025-09-25 09:00:58
153.1,1.8,269.6,149.4,1.5,231.7,468.1,60.03,212.4,2.2,1.7,1207.4,39.5,1.0,0.7,0,194.22504208209244,35.937,85.0,2025-09-25 09:01:16
155.9,2,308.6,151.8,1.7,257.5,527.8,59.98,212.4,2.5,1.7,1207.4,39.4,1.0,0.7,0,233.07005049851097,35.937,85.0,2025-09-25 09:02:01
152.9,2.2,330.6,145.7,1.9,272.2,563.3,59.98,212.5,2.7,1.7,1207.4,39.3,1.0,0.7,0,271.91505891492943,35.75,85.0,2025-09-25 09:02:18
148.6,2.9,428.7,150,2.1,316.6,697.5,59.97,212.8,3.1,1.7,1207.4,39.2,1.0,0.8,0,310.76006733134795,35.875,85.0,2025-09-25 09:03:03
150.8,3.4,471.5,150.6,2.3,339.5,753.5,59.98,212.9,3.9,1.7,1207.4,39.2,1.0,0.8,0,388.4500841641849,35.937,85.0,2025-09-25 09:03:21
150.3,7.3,1089.3,155.6,3.5,546.6,1523.3,60.01,213.8,7,1.7,1207.4,39.3,1.0,0.8,0,815.7451767447883,36.062,85.0,2025-09-25 09:04:06
160.3,6.9,1106.7,155.7,3.3,529.4,1526.6,60.02,213.7,7,1.7,1207.4,39.5,1.0,0.8,0,776.9001683283698,36.187,85.0,2025-09-25 09:04:23
156.6,2.9,459.2,150.6,2,310.6,716.5,59.99,212.7,3.3,1.8,1207.5,39.8,1.1,0.8,0,310.76006733134795,36.25,85.0,2025-09-25 09:05:08
156.3,3.6,509.6,150.4,2.2,329.2,781.1,60.01,212.7,3.9,1.8,1207.5,39.7,1.1,0.8,0,427.2950925806034,36.25,85.0,2025-09-25 09:05:26
160.6,3.3,519.1,145.7,2.4,350.6,809.4,60.03,212.6,3.8,1.8,1207.5,39.7,1.1,0.8,0,388.4500841641849,35.562,85.0,2025-09-25 09:06:11
159.7,5,753.6,153.4,2.7,400.8,1115.2,60.03,213.1,5.3,1.8,1207.5,39.8,1.1,0.8,0,582.6751262462774,35.375,85.0,2025-09-25 09:06:28
157.4,7.3,1122.5,157.1,3.4,537.1,1543.3,59.97,212.8,7.3,1.8,1207.5,40,1.1,0.8,0,815.7451767447883,35.75,85.0,2025-09-25 09:07:13
156,7.1,1103.8,158.8,3.4,537.2,1528.6,59.99,212.6,7.3,1.8,1207.5,40.2,1.1,0.8,0,776.9001683283698,35.875,85.0,2025-09-25 09:07:31
155.8,7.5,1156.0,158.8,3.5,549.6,1592.3,60,212.8,7.5,1.8,1207.5,40.4,1.1,0.8,0,854.5901851612068,36.187,85.0,2025-09-25 09:08:15
156.5,7.4,1167.4,157.9,3.5,550.5,1601.1,60.01,212.9,7.4,1.8,1207.5,40.5,1.1,0.8,0,854.5901851612068,36.25,85.0,2025-09-25 09:08:33
156,7.9,1207.7,158.9,3.5,552.7,1639.6,60.01,212.3,7.5,1.8,1207.5,40.6,1.1,0.8,0,893.4351935776253,36.375,85.0,2025-09-25 09:09:18
152.9,8.1,1217.9,153,3.5,543.1,1638.0,60.01,212.6,7.7,1.9,1207.6,40.6,1.1,0.8,0,893.4351935776253,36.25,85.0,2025-09-25 09:09:36
158.7,6.9,1013.0,156,3.3,509.2,1418.1,59.99,212.1,7,1.9,1207.6,40.6,1.1,0.8,0,854.5901851612068,36.375,85.0,2025-09-25 09:10:20
156,4,616.9,157.2,2.4,359.5,911.1,60,211.8,4.2,1.9,1207.6,40.7,1.1,0.8,0,466.14010099702193,36.375,85.0,2025-09-25 09:10:38
159.2,4.4,645.5,148.7,2.5,361.7,938.8,60.02,212.3,4.7,1.9,1207.6,40.6,1.2,0.8,0,582.6751262462774,36.437,85.0,2025-09-25 09:11:23
156.8,4,654.6,154.7,2.4,366.8,927.3,59.99,212.2,4.2,1.9,1207.6,40.6,1.2,0.8,0,504.9851094134404,36.562,85.0,2025-09-25 09:11:40
154.2,2.6,416.7,151.7,1.7,262.4,630.4,60.02,211.9,2.9,1.9,1207.6,40.7,1.2,0.8,0,310.76006733134795,36.437,85.0,2025-09-25 09:12:25
154.5,2.4,375.7,145.4,1.7,249.9,582.6,60.03,211.7,2.7,1.9,1207.6,40.6,1.2,0.8,0,310.76006733134795,36.5,85.0,2025-09-25 09:12:43
152.9,2.2,332.9,148.4,1.6,240.2,534.2,60,212.2,2.5,1.9,1207.6,40.4,1.2,0.8,0,271.91505891492943,36.312,85.0,2025-09-25 09:13:28
154.4,2.1,326.9,148.7,1.6,238.2,526.6,60.03,212.2,2.4,1.9,1207.6,40.3,1.2,0.8,0,233.07005049851097,36.25,85.0,2025-09-25 09:13:45
156.1,2.1,327.7,150.3,1.6,243.9,533.5,59.97,212.3,2.5,1.9,1207.6,40.1,1.2,0.8,0,233.07005049851097,36.312,85.0,2025-09-25 09:14:30
159.4,1.8,319.3,145.4,1.7,246.3,528.4,59.98,212.1,2.4,1.9,1207.6,40.1,1.2,0.8,0,233.07005049851097,36.125,85.0,2025-09-25 09:14:48
156.2,2,317.9,149.4,1.6,251.8,529.9,60,212,2.4,1.9,1207.6,39.9,1.2,0.8,0,233.07005049851097,35.937,85.0,2025-09-25 09:15:33
158.3,2,297.5,148.5,1.7,252.5,531.1,59.98,212,2.5,1.9,1207.6,39.8,1.2,0.8,0,233.07005049851097,36.0,85.0,2025-09-25 09:15:50
155.3,2,309.6,151,1.7,254.5,531.4,60.04,212.1,2.5,1.9,1207.6,39.7,1.2,0.8,0,233.07005049851097,36.0,85.0,2025-09-25 09:16:35
157.4,1.9,309.5,148.8,1.7,257.4,528.1,60.01,212.1,2.4,1.9,1207.6,39.7,1.2,0.8,0,233.07005049851097,35.937,85.0,2025-09-25 09:16:53
157.4,1.9,303.7,148.1,1.7,252.5,518.3,59.99,211.9,2.4,1.9,1207.6,39.5,1.2,0.8,0,233.07005049851097,35.937,85.0,2025-09-25 09:17:37
154.8,1.9,300.2,148.5,1.7,254.2,516.5,60.01,211.7,2.4,1.9,1207.6,39.5,1.2,0.8,0,233.07005049851097,36.0,85.0,2025-09-25 09:17:55
160.4,1.9,314.9,145.5,1.7,254.9,530.2,60.01,211.9,2.6,2.0,1207.7,39.5,1.2,0.8,0,233.07005049851097,35.875,85.0,2025-09-25 09:18:40
157.3,2,322.8,151.9,1.7,256.7,542.1,60,211.9,2.5,2.0,1207.7,39.5,1.2,0.8,0,271.91505891492943,35.812,85.0,2025-09-25 09:18:57
157.3,1.9,303.8,148.6,1.7,260.9,525.4,60,211.1,2.4,2.0,1207.7,39.4,1.2,0.8,0,233.07005049851097,35.625,85.0,2025-09-25 09:19:42
157.3,1.8,292.6,148.9,1.7,259.1,512.7,59.99,211.2,2.4,2.0,1207.7,39.3,1.2,0.9,0,233.07005049851097,35.625,85.0,2025-09-25 09:20:00
157.5,1.6,259.3,151.4,1.7,251.8,481.7,60.03,211.5,2.3,2.0,1207.7,39.2,1.2,0.9,0,194.22504208209244,35.625,85.0,2025-09-25 09:20:45
157.3,1.6,263.1,151.8,1.6,254.7,481.5,59.99,211.4,2.2,2.0,1207.7,39.2,1.2,0.9,0,194.22504208209244,35.625,85.0,2025-09-25 09:21:02
160.3,1.7,278.2,151.4,1.7,262.5,506.7,59.98,211.7,2.3,2.0,1207.7,39.1,1.2,0.9,0,233.07005049851097,35.5,85.0,2025-09-25 09:21:47
161.9,1.5,293.4,151.5,1.8,269.1,522.1,60.02,211.7,2.3,2.0,1207.7,39.1,1.2,0.9,0,233.07005049851097,35.5,85.0,2025-09-25 09:22:05
157,2.1,334.9,152.3,1.8,289.5,582.1,60,211.6,2.7,2.0,1207.7,39,1.2,0.9,0,271.91505891492943,35.437,85.0,2025-09-25 09:22:50
159.1,2.3,364.2,151.7,1.9,299.5,618.4,60.02,211.1,2.9,2.0,1207.7,39,1.2,0.9,0,271.91505891492943,35.375,85.0,2025-09-25 09:23:07
161.6,2.7,439.5,151.6,2.1,324.5,711.5,60,211.2,3.4,2.0,1207.7,38.9,1.2,0.9,0,349.6050757477664,35.437,85.0,2025-09-25 09:23:52
160.7,3,478.8,152.7,2.2,343.0,767.0,60.03,211.6,3.6,2.0,1207.7,38.9,1.2,0.9,0,349.6050757477664,35.5,85.0,2025-09-25 09:24:10
165.7,6.4,1032.1,147.5,3.5,504.8,1431.9,60.03,212.8,6.9,2.0,1207.7,39.1,1.2,0.9,0,893.4351935776253,35.562,85.0,2025-09-25 09:24:55
163.9,8.1,1223.1,147,3.8,559.0,1710.8,60.03,213.2,8.3,2.0,1207.7,39.2,1.2,0.9,0,971.1252104104623,35.625,85.0,2025-09-25 09:25:12
158.8,8.1,1270.2,163.1,3.6,554.0,1703.0,60.04,213.7,8.1,2.0,1207.7,39.6,1.3,0.9,0,932.2802019940439,36.0,85.0,2025-09-25 09:25:57
160.8,7.7,1205.1,160.6,3.3,526.1,1614.5,60.02,213.5,7.8,2.1,1207.8,39.8,1.3,0.9,0,893.4351935776253,36.062,85.0,2025-09-25 09:26:15
159.1,7.5,1251.5,161.6,3.5,549.9,1667.2,60.01,212.6,7.7,2.1,1207.8,40,1.3,0.9,0,932.2802019940439,36.062,85.0,2025-09-25 09:26:59
156.6,7,1085.8,156,2.9,476.2,1464.6,60,212.4,6.8,2.1,1207.8,40,1.3,0.9,0,738.0551599119514,36.062,85.0,2025-09-25 09:27:17
154.4,2.7,417.1,152.9,1.9,289.0,656.4,60.03,211.6,3,2.1,1207.8,40.1,1.3,0.9,0,310.76006733134795,36.062,85.0,2025-09-25 09:28:02
154.6,2.5,387.3,153,1.8,277.0,618.7,60.01,212,2.9,2.1,1207.8,40,1.3,0.9,0,271.91505891492943,35.812,85.0,2025-09-25 09:28:20
159.8,2.1,367.3,152.9,1.6,257.8,584.6,60.01,212,2.7,2.1,1207.8,39.6,1.3,0.9,0,271.91505891492943,35.562,85.0,2025-09-25 09:29:04
157.2,2.4,376.1,150.3,1.6,251.0,584.9,59.98,211.8,2.8,2.1,1207.8,39.6,1.3,0.9,0,271.91505891492943,35.625,85.0,2025-09-25 09:29:22
152.8,2.8,429.6,155.8,1.6,259.8,643.0,59.99,212.2,3.1,2.1,1207.8,39.4,1.3,0.9,0,310.76006733134795,35.562,85.0,2025-09-25 09:30:07
157.4,2.8,445.8,155.8,1.7,264.3,664.3,60,212,3.1,2.1,1207.8,39.4,1.3,0.9,0,310.76006733134795,35.625,85.0,2025-09-25 09:30:24
159,6.9,911.5,153,2.6,388.0,1326.8,59.99,212.9,6.5,2.1,1207.8,39.4,1.3,0.9,0,738.0551599119514,35.562,85.0,2025-09-25 09:31:09
156.5,7.2,1126.7,153.9,2.8,427.5,1451.5,60,213.1,6.7,2.1,1207.8,39.4,1.3,0.9,0,815.7451767447883,35.625,85.0,2025-09-25 09:31:27
158.9,7,1130.9,161.8,2.6,428.9,1456.6,59.98,212.9,6.7,2.2,1207.9,39.8,1.3,0.9,0,815.7451767447883,35.562,85.0,2025-09-25 09:32:12
158,7.2,1124.9,156.7,2.7,429.8,1451.3,59.99,212.8,6.8,2.2,1207.9,39.9,1.3,0.9,0,815.7451767447883,35.625,85.0,2025-09-25 09:32:29
156.2,6.9,1071.7,158.5,2.6,413.4,1387.6,60,212.8,6.5,2.2,1207.9,40,1.4,0.9,0,776.9001683283698,35.687,85.0,2025-09-25 09:33:14
155.9,7.1,1092.5,160.7,2.5,414.9,1407.7,59.98,212.9,6.6,2.2,1207.9,40,1.4,0.9,0,815.7451767447883,35.687,85.0,2025-09-25 09:33:32
155.8,7.1,1096.6,158.8,2.6,410.4,1407.9,60.04,212.4,6.6,2.2,1207.9,40.3,1.4,0.9,0,815.7451767447883,35.562,85.0,2025-09-25 09:34:16
153.9,7,1075.3,158.8,2.5,402.9,1360.7,60.03,212.5,6.4,2.2,1207.9,40.3,1.4,0.9,0,776.9001683283698,35.562,85.0,2025-09-25 09:34:34
155.9,6.6,1065.1,158.8,2.5,398.1,1365.9,60.03,212.6,6.3,2.2,1207.9,40.3,1.4,0.9,0,776.9001683283698,35.562,85.0,2025-09-25 09:35:19
154.6,7,1077.0,156,2.5,397.2,1375.4,60,212.4,6.5,2.2,1207.9,40.3,1.4,0.9,0,776.9001683283698,35.625,85.0,2025-09-25 09:35:37
158.3,6.8,1040.7,158.9,2.4,402.3,1342.1,59.99,212.9,6.4,2.3,1208.0,40.5,1.4,1.0,0,776.9001683283698,35.687,85.0,2025-09-25 09:36:21
155.8,6.9,1064.3,158.8,2.5,400.3,1366.5,60.02,212.9,6.2,2.3,1208.0,40.5,1.4,1.0,0,776.9001683283698,35.625,85.0,2025-09-25 09:36:39
152.9,7.1,1074.5,159.4,2.6,403.7,1378.6,60.04,211.5,6.6,2.3,1208.0,40.6,1.4,1.0,0,815.7451767447883,35.75,85.0,2025-09-25 09:37:24
152.8,6.9,1072.3,158.9,2.5,412.6,1385.0,60.03,211.8,6.4,2.3,1208.0,40.6,1.4,1.0,0,815.7451767447883,35.75,85.0,2025-09-25 09:37:42
153.9,5,849.8,158.6,2.1,345.5,1106.1,60.03,212.5,4.8,2.3,1208.0,40.8,1.4,1.0,0,543.8301178298589,35.812,85.0,2025-09-25 09:38:26
152.3,4.9,914.6,154.2,2.1,343.3,1182.0,60.04,212.3,4.5,2.3,1208.0,40.8,1.4,1.0,0,504.9851094134404,35.812,85.0,2025-09-25 09:38:44
156,7.3,1122.6,154.5,2.7,413.8,1433.7,59.99,212.7,6.8,2.3,1208.0,40.8,1.5,1.0,0,854.5901851612068,35.875,85.0,2025-09-25 09:39:29
155.7,7.3,1111.2,158.9,2.6,413.6,1423.9,59.97,212.7,6.6,2.3,1208.0,40.8,1.5,1.0,0,815.7451767447883,35.937,85.0,2025-09-25 09:39:46
153.9,7.1,1068.6,159.9,2.5,388.0,1371.2,59.98,212.6,6.4,2.3,1208.0,40.9,1.5,1.0,0,815.7451767447883,36.0,85.0,2025-09-25 09:40:31
150.2,6.7,1088.1,160.6,2.3,399.6,1388.4,59.99,212.6,6,2.4,1208.1,40.9,1.5,1.0,0,738.0551599119514,36.0,85.0,2025-09-25 09:40:49
155.9,7.3,1107.3,151.1,2.7,406.7,1410.3,60,212.2,6.8,2.4,1208.1,41.1,1.5,1.0,0,854.5901851612068,36.0,85.0,2025-09-25 09:41:34
151.8,7.7,1165.3,154.5,2.6,407.5,1464.6,59.99,212.2,6.9,2.4,1208.1,41.2,1.5,1.0,0,893.4351935776253,36.062,85.0,2025-09-25 09:41:51
152.5,4.1,572.1,155.4,1.8,278.7,791.8,60.01,212.1,4,2.4,1208.1,41.3,1.5,1.0,0,427.2950925806034,35.812,85.0,2025-09-25 09:42:36
148.4,6.3,935.2,156.5,2.3,340.8,1187.1,60,212.6,5.7,2.4,1208.1,41.3,1.5,1.0,0,738.0551599119514,35.75,85.0,2025-09-25 09:42:54
153.8,5.9,711.0,160.7,2.5,373.0,1013.6,60,212.4,6,2.4,1208.1,41.1,1.5,1.0,0,893.4351935776253,35.812,85.0,2025-09-25 09:43:39
153.4,7.7,1184.4,157.5,2.7,433.7,1510.7,60.01,212.6,7.1,2.4,1208.1,41.1,1.5,1.0,0,893.4351935776253,35.937,85.0,2025-09-25 09:43:56
151.5,8.1,1204.4,157.4,2.8,440.0,1532.9,60.02,212.7,7.1,2.4,1208.1,41.5,1.5,1.0,0,932.2802019940439,35.937,85.0,2025-09-25 09:44:41
151.4,8,1204.8,154.4,2.8,436.7,1528.7,60,212.6,7.2,2.4,1208.1,41.6,1.6,1.0,0,932.2802019940439,36.125,85.0,2025-09-25 09:44:59
148.4,7.9,1165.8,159.7,2.6,432.0,1490.8,60.02,212.7,7,2.5,1208.2,41.7,1.6,1.0,0,893.4351935776253,36.437,85.0,2025-09-25 09:45:43
151.5,7.9,1175.2,157.4,2.7,428.9,1495.7,60.02,212.7,6.9,2.5,1208.2,41.8,1.6,1.0,0,893.4351935776253,36.5,85.0,2025-09-25 09:46:01
151.5,7.7,1161.9,158.3,2.6,408.0,1464.3,60.02,212.9,6.9,2.5,1208.2,42,1.6,1.0,0,893.4351935776253,36.5,85.0,2025-09-25 09:46:46
148.4,7.7,1140.6,157.4,2.5,411.8,1441.3,60.01,212.7,6.8,2.5,1208.2,42.1,1.6,1.0,0,893.4351935776253,36.562,85.0,2025-09-25 09:47:04
152.9,7.2,1120.0,157.4,2.5,399.4,1417.9,60.01,212.6,6.5,2.5,1208.2,42.3,1.6,1.0,0,854.5901851612068,36.812,85.0,2025-09-25 09:47:48
152,7.5,1129.5,157.4,2.5,397.5,1424.2,60.03,212.6,6.6,2.5,1208.2,42.3,1.6,1.0,0,854.5901851612068,36.75,85.0,2025-09-25 09:48:06
150.7,7.5,1107.0,158.8,2.5,381.0,1393.9,60,212.3,6.7,2.5,1208.2,42.3,1.6,1.0,0,854.5901851612068,36.75,85.0,2025-09-25 09:48:51
149.9,7.6,1142.0,158.5,2.4,400.0,1439.9,60.01,212.4,6.6,2.5,1208.2,42.4,1.6,1.0,0,854.5901851612068,36.75,85.0,2025-09-25 09:49:09
154.3,7.2,1049.7,149.6,2.3,350.3,1330.7,60.01,212.1,6.2,2.6,1208.3,42.4,1.6,1.0,0,776.9001683283698,36.625,85.0,2025-09-25 09:49:53
148.2,7.5,1097.8,145.6,2.5,369.8,1363.5,59.97,212.3,6.5,2.6,1208.3,42.3,1.7,1.0,0,854.5901851612068,36.625,85.0,2025-09-25 09:50:11
154.6,5.3,802.8,155.9,2.4,379.9,1104.2,60,212.7,5.2,2.6,1208.3,42.3,1.7,1.0,0,776.9001683283698,36.437,85.0,2025-09-25 09:50:56
151.5,7.6,1140.2,155.4,2.5,396.7,1434.8,59.98,213,6.7,2.6,1208.3,42.3,1.7,1.0,0,854.5901851612068,36.562,85.0,2025-09-25 09:51:14
151.5,7.5,1123.7,157.5,2.5,391.8,1412.7,60.01,212.7,6.6,2.6,1208.3,42.5,1.7,1.1,0,854.5901851612068,36.75,85.0,2025-09-25 09:51:58
150.7,7.5,1120.9,157.4,2.5,392.1,1397.4,60,212.9,6.5,2.6,1208.3,42.6,1.7,1.1,0,854.5901851612068,36.75,85.0,2025-09-25 09:52:16
151.5,7.3,1127.5,154.5,2.4,389.9,1415.7,60.03,212.3,6.6,2.6,1208.3,42.6,1.7,1.1,0,854.5901851612068,36.687,85.0,2025-09-25 09:53:01
148.9,7.5,1119.5,157.4,2.5,381.2,1398.7,60.02,212.1,6.7,2.6,1208.3,42.7,1.7,1.1,0,854.5901851612068,36.75,85.0,2025-09-25 09:53:18
153.7,7.2,1086.6,154.5,2.5,389.9,1365.2,60.02,212.1,6.6,2.7,1208.4,42.8,1.7,1.1,0,854.5901851612068,36.687,85.0,2025-09-25 09:54:03
151.5,7.3,1086.4,151.1,2.5,383.5,1371.1,60.03,212.1,6.5,2.7,1208.4,42.8,1.7,1.1,0,854.5901851612068,36.687,85.0,2025-09-25 09:54:21
151.6,7.6,1132.5,157.5,2.5,403.0,1433.5,60.01,212.8,6.7,2.7,1208.4,42.9,1.7,1.1,0,893.4351935776253,36.875,85.0,2025-09-25 09:55:06
148.4,7.6,1132.8,154.5,2.6,409.5,1439.6,60.03,213,6.8,2.7,1208.4,42.9,1.7,1.1,0,893.4351935776253,36.875,85.0,2025-09-25 09:55:23
147.6,7.9,1142.7,155.5,2.7,418.5,1452.7,59.98,212.9,7,2.7,1208.4,42.8,1.8,1.1,0,932.2802019940439,36.937,85.0,2025-09-25 09:56:08
150.1,6.8,1141.0,157.2,2.6,414.3,1385.6,59.98,212.3,6.1,2.7,1208.4,42.8,1.8,1.1,0,776.9001683283698,37.0,85.0,2025-09-25 09:56:26
151.4,6.8,1030.6,152.7,2.6,408.7,1342.6,59.99,212.1,6.3,2.7,1208.4,42.9,1.8,1.1,0,893.4351935776253,37.187,85.0,2025-09-25 09:57:10
151.7,7.7,1151.8,156.5,2.7,414.7,1461.4,59.99,212.5,6.9,2.7,1208.4,43,1.8,1.1,0,932.2802019940439,37.0,85.0,2025-09-25 09:57:28
150.7,3.2,481.1,149.9,1.8,266.0,697.0,60.01,211.4,3.3,2.7,1208.4,43,1.8,1.1,0,349.6050757477664,37.187,85.0,2025-09-25 09:58:13
148.5,4,641.9,151.9,1.8,279.9,855.4,60,211.8,3.8,2.8,1208.5,42.8,1.8,1.1,0,388.4500841641849,37.125,85.0,2025-09-25 09:58:31
149.3,3.4,491.6,150.1,1.9,293.1,740.0,60.05,211.5,3.5,2.8,1208.5,42.5,1.8,1.1,0,427.2950925806034,37.125,85.0,2025-09-25 09:59:15
150.3,5.1,703.1,150.3,2.2,337.9,968.9,60.03,211.6,4.8,2.8,1208.5,42.4,1.8,1.1,0,582.6751262462774,37.187,85.0,2025-09-25 09:59:33
151.2,3.7,555.6,150.1,2,300.1,798.3,60.02,210.8,3.8,2.8,1208.5,42.4,1.8,1.1,0,427.2950925806034,37.187,85.0,2025-09-25 10:00:18
151.9,3.9,618.6,153,2,306.5,863.2,60.02,211.2,4,2.8,1208.5,42.4,1.8,1.1,0,466.14010099702193,37.187,85.0,2025-09-25 10:00:36
150.1,5.1,823.8,154.2,2.2,374.3,1121.6,60.01,211.5,4.8,2.8,1208.5,42.3,1.8,1.1,0,582.6751262462774,37.25,85.0,2025-09-25 10:01:20
150.6,7.4,1044.4,151.9,2.8,416.5,1344.3,59.99,211.9,6.9,2.8,1208.5,42.3,1.8,1.1,0,1009.9702188268808,37.062,85.0,2025-09-25 10:01:38
150.5,7.6,1086.1,151.4,2.5,394.8,1378.6,60,211.9,6.7,2.8,1208.5,42.6,1.8,1.1,0,893.4351935776253,37.25,85.0,2025-09-25 10:02:23
152.7,7,1070.9,154.9,2.6,402.7,1375.3,59.99,212,6.4,2.8,1208.5,42.6,1.9,1.1,0,854.5901851612068,37.375,85.0,2025-09-25 10:02:41
153.3,4.9,818.0,148.4,2.2,345.5,1041.6,60,211.7,4.6,2.8,1208.5,42.6,1.9,1.1,0,543.8301178298589,37.5,85.0,2025-09-25 10:03:25
144.4,4.8,783.3,154.4,2,328.2,1046.2,59.98,211.8,4.5,2.9,1208.6,42.5,1.9,1.1,0,504.9851094134404,37.562,85.0,2025-09-25 10:03:43
153.1,3.9,585.1,150.4,2,298.8,827.3,59.99,211.1,4,2.9,1208.6,42.2,1.9,1.1,0,466.14010099702193,37.437,85.0,2025-09-25 10:04:28
155,3.2,526.8,153.1,2,307.6,780.5,59.98,211,3.6,2.9,1208.6,42,1.9,1.1,0,427.2950925806034,37.437,85.0,2025-09-25 10:04:45
151.8,3.2,468.6,151.7,1.8,270.6,690.5,60.01,211.6,3.3,2.9,1208.6,41.7,1.9,1.1,0,388.4500841641849,37.437,85.0,2025-09-25 10:05:30
152.1,3.4,623.8,149.6,1.9,303.9,868.9,59.98,211.9,3.4,2.9,1208.6,41.6,1.9,1.1,0,388.4500841641849,37.187,85.0,2025-09-25 10:05:48
148.9,6.2,787.3,151.8,2.5,352.8,1057.5,60,211.4,6.2,2.9,1208.6,41.4,1.9,1.1,0,971.1252104104623,37.187,85.0,2025-09-25 10:06:33
147.6,3.1,466.3,152.1,1.7,265.5,681.4,59.98,210.8,3.1,2.9,1208.6,41.4,1.9,1.1,0,349.6050757477664,37.125,85.0,2025-09-25 10:06:50
151.5,8.5,1273.5,154.4,2.8,430.7,1590.5,60.02,211.9,7.5,2.9,1208.6,41.4,1.9,1.1,0,1009.9702188268808,37.25,85.0,2025-09-25 10:07:35
148.8,8.5,1261.8,154.7,2.7,433.4,1580.8,60,211.8,7.3,2.9,1208.6,41.5,1.9,1.1,0,932.2802019940439,37.375,85.0,2025-09-25 10:07:53
152.1,8.3,1253.7,154.6,2.8,439.1,1576.7,60.02,211.9,7.5,2.9,1208.6,41.4,1.9,1.2,0,971.1252104104623,37.5,85.0,2025-09-25 10:08:38
155.1,8,1190.1,151.8,2.9,438.8,1516.6,60,211.7,7.3,2.9,1208.6,41.6,1.9,1.2,0,971.1252104104623,37.625,85.0,2025-09-25 10:08:55
152.2,4.2,668.5,155.6,2,319.6,923.1,60,210.5,4.1,3.0,1208.7,41.9,1.9,1.2,0,427.2950925806034,37.75,85.0,2025-09-25 10:09:40
152,4.2,726.7,157.5,2.2,336.4,984.5,59.98,209.9,4.3,3.0,1208.7,41.9,2.0,1.2,0,543.8301178298589,37.875,85.0,2025-09-25 10:09:58
152.9,8.1,1245.9,155.9,2.8,434.6,1567.1,60,210.5,7.2,3.0,1208.7,42,2.0,1.2,0,1009.9702188268808,37.875,85.0,2025-09-25 10:10:42
150,8.3,1238.0,155.9,2.6,427.3,1551.5,59.98,210.8,7.3,3.0,1208.7,42.1,2.0,1.2,0,1009.9702188268808,37.812,85.0,2025-09-25 10:11:00
150.1,8.4,1259.2,155.7,2.8,436.4,1582.3,60,211,7.5,3.0,1208.7,42.4,2.0,1.2,0,1009.9702188268808,38.062,85.0,2025-09-25 10:11:45
149.8,8.5,1247.9,155.9,2.8,435.6,1564.8,59.98,211.1,7.5,3.0,1208.7,42.5,2.0,1.2,0,1009.9702188268808,38.187,85.0,2025-09-25 10:12:03
150.3,5.8,793.2,152.9,2.2,339.4,1065.7,60.05,210.4,5.3,3.0,1208.7,42.5,2.0,1.2,0,582.6751262462774,38.312,85.0,2025-09-25 10:12:47
139.7,8.2,1149.1,155.7,2.7,414.6,1454.0,60.03,211,6.9,3.0,1208.7,42.5,2.0,1.2,0,971.1252104104623,38.375,85.0,2025-09-25 10:13:05
152.5,7.1,927.4,156.9,2.4,361.0,1197.3,60.01,210.9,6.6,3.0,1208.7,42.6,2.0,1.2,0,854.5901851612068,38.437,85.0,2025-09-25 10:13:50
149.4,4.1,663.3,152.5,2,316.9,915.8,60.01,209.9,4,3.1,1208.8,42.7,2.0,1.2,0,466.14010099702193,38.375,85.0,2025-09-25 10:14:08
153,6.7,1120.9,152.9,2.4,369.3,1390.8,60.04,210.4,6,3.1,1208.8,42.5,2.0,1.2,0,776.9001683283698,38.125,85.0,2025-09-25 10:14:52
148.3,5.3,883.5,150.9,2.1,335.7,1081.1,60.05,210.2,4.9,3.1,1208.8,42.5,2.0,1.2,0,582.6751262462774,38.062,85.0,2025-09-25 10:15:10
151.8,8.2,1291.2,152.8,2.8,432.1,1590.7,60.04,210.9,7.4,3.1,1208.8,42.6,2.1,1.2,0,1048.8152272432992,38.0,85.0,2025-09-25 10:15:55
150.7,8.7,1283.2,157.4,2.7,433.1,1613.0,60.03,211.4,7.6,3.1,1208.8,42.7,2.1,1.2,0,1048.8152272432992,38.187,85.0,2025-09-25 10:16:12
151.5,7.9,1230.3,154.6,2.7,422.6,1542.8,60.01,211.3,7.1,3.1,1208.8,42.8,2.1,1.2,0,971.1252104104623,38.187,85.0,2025-09-25 10:16:57
152,8.2,1207.1,154.5,2.6,425.5,1521.3,60,211.5,7.3,3.1,1208.8,42.8,2.1,1.2,0,971.1252104104623,38.187,85.0,2025-09-25 10:17:15
151.6,8.3,1232.8,158.6,2.5,413.5,1532.7,59.97,211.7,7.2,3.1,1208.8,42.8,2.1,1.2,0,1009.9702188268808,38.375,85.0,2025-09-25 10:18:00
153.1,6.5,877.3,153.1,2.4,356.7,1161.9,59.98,211.1,6,3.1,1208.8,42.9,2.1,1.2,0,815.7451767447883,38.312,85.0,2025-09-25 10:18:17
146.1,8.6,1191.8,153,2.6,403.5,1482.4,60,211.7,7.2,3.2,1208.9,42.6,2.1,1.2,0,1009.9702188268808,38.375,85.0,2025-09-25 10:19:02
139.1,8.3,1189.0,152.9,2.6,404.5,1482.3,59.99,211.6,6.8,3.2,1208.9,42.7,2.1,1.2,0,971.1252104104623,38.375,85.0,2025-09-25 10:19:20
144.3,8.3,1162.6,156.6,2.5,384.3,1447.2,60.01,211.4,6.9,3.2,1208.9,42.7,2.1,1.2,0,971.1252104104623,38.312,85.0,2025-09-25 10:20:05
144.2,8.3,1173.3,155.9,2.5,399.8,1474.8,59.98,211.5,7.1,3.2,1208.9,42.7,2.1,1.2,0,971.1252104104623,38.437,85.0,2025-09-25 10:20:22
147,2.6,387.5,149.6,1.7,263.6,606.0,60.01,210.4,2.9,3.2,1208.9,42.7,2.1,1.2,0,310.76006733134795,38.312,85.0,2025-09-25 10:21:07
150.4,2.5,377.6,148,1.8,265.0,596.7,60.03,210.3,2.8,3.2,1208.9,42.6,2.1,1.2,0,271.91505891492943,38.312,85.0,2025-09-25 10:21:25
151.5,2.7,407.2,150.1,1.8,276.1,636.1,59.99,210.1,3,3.2,1208.9,42.3,2.2,1.2,0,310.76006733134795,38.25,85.0,2025-09-25 10:22:10
143.6,3.2,446.6,152.9,1.9,290.5,686.5,60.01,210.2,3.3,3.2,1208.9,42.2,2.2,1.2,0,388.4500841641849,38.125,85.0,2025-09-25 10:22:27
143.7,9,1220.1,156.2,2.9,419.6,1522.3,60.04,211.2,7.6,3.2,1208.9,42.4,2.2,1.2,0,1087.6602356597177,38.0,85.0,2025-09-25 10:23:12
151.9,9.3,1206.2,154.4,3,435.8,1547.5,60.03,211,8.1,3.2,1208.9,42.4,2.2,1.2,0,1126.5052440761365,38.187,85.0,2025-09-25 10:23:30
153,3.3,499.5,153,2.1,322.1,765.5,60,209.1,3.7,3.3,1209.0,42.5,2.2,1.3,0,388.4500841641849,38.25,85.0,2025-09-25 10:24:14
152.8,3.1,478.8,151.2,2.1,318.0,740.2,59.99,209,3.5,3.3,1209.0,42.4,2.2,1.3,0,349.6050757477664,38.25,85.0,2025-09-25 10:24:32
152.8,2.9,441.6,150.2,2,304.5,694.9,59.98,209.6,3.3,3.3,1209.0,42.2,2.2,1.3,0,349.6050757477664,38.25,85.0,2025-09-25 10:25:17
151.4,2.8,415.5,150,1.9,297.2,663.6,60.01,209.8,3.2,3.3,1209.0,42.2,2.2,1.3,0,310.76006733134795,38.062,85.0,2025-09-25 10:25:34
153,2.8,420.7,150,1.9,295.8,667.3,59.96,209.2,3.2,3.3,1209.0,42,2.2,1.3,0,310.76006733134795,38.0,85.0,2025-09-25 10:26:19
155.9,2.8,426.0,153,2,300.4,677.7,60.01,209.4,3.2,3.3,1209.0,41.9,2.2,1.3,0,310.76006733134795,38.0,85.0,2025-09-25 10:26:37
157.7,2.7,461.4,150,2.1,317.8,729.0,60,210.1,3.3,3.3,1209.0,41.8,2.2,1.3,0,349.6050757477664,37.875,85.0,2025-09-25 10:27:22
153,3.2,481.0,153,2.1,328.0,754.4,60.02,210.2,3.7,3.3,1209.0,41.8,2.2,1.3,0,388.4500841641849,37.937,85.0,2025-09-25 10:27:39
148.3,4.2,669.5,156.4,2.2,374.1,971.8,59.97,210.4,4.3,3.3,1209.0,41.9,2.2,1.3,0,582.6751262462774,37.812,85.0,2025-09-25 10:28:24
156.8,8.6,1288.5,157.4,3,465.2,1636.5,60.03,211.4,8,3.3,1209.0,42,2.2,1.3,0,1048.8152272432992,37.562,85.0,2025-09-25 10:28:42
154.6,8.9,1325.9,152,3,460.5,1667.2,60.03,211.4,8,3.3,1209.0,42.3,2.2,1.3,0,1087.6602356597177,37.687,85.0,2025-09-25 10:29:27
149.6,3.3,505.5,153.6,2.1,330.6,780.4,59.98,210.2,3.7,3.3,1209.0,42.4,2.2,1.3,0,388.4500841641849,37.625,85.0,2025-09-25 10:29:44
153.2,4.7,690.4,154.9,2.2,341.5,992.1,60.03,211.2,4.4,3.3,1209.0,42,2.2,1.3,0,466.14010099702193,37.625,85.0,2025-09-25 10:30:29
152.6,3.1,482.2,153,2.1,318.5,747.8,60.01,210.8,3.5,3.4,1209.1,41.9,2.2,1.3,0,349.6050757477664,37.812,85.0,2025-09-25 10:30:47
156.7,3,490.3,153,2.1,326.4,766.2,60.02,210.9,3.7,3.4,1209.1,41.7,2.3,1.3,0,388.4500841641849,37.562,85.0,2025-09-25 10:31:31
155.8,3.1,480.6,154.2,2,324.1,751.5,60.04,210.9,3.5,3.4,1209.1,41.6,2.3,1.3,0,349.6050757477664,37.5,85.0,2025-09-25 10:31:49
155.9,3.3,505.0,156.4,2.2,329.7,780.7,60.01,210.8,3.8,3.4,1209.1,41.5,2.3,1.3,0,388.4500841641849,37.75,85.0,2025-09-25 10:32:34
156.7,3.3,543.7,153,2.2,345.7,822.7,59.98,210.8,3.9,3.4,1209.1,41.5,2.3,1.3,0,427.2950925806034,37.687,85.0,2025-09-25 10:32:52
155.8,4,646.1,154.5,2.3,352.3,934.1,60.01,211,4.3,3.4,1209.1,41.5,2.3,1.3,0,504.9851094134404,37.562,85.0,2025-09-25 10:33:36
158,7,1087.3,153.2,2.8,423.3,1411.5,59.95,211.7,6.9,3.4,1209.1,41.5,2.3,1.3,0,971.1252104104623,37.625,85.0,2025-09-25 10:33:54
153.8,3.9,859.0,156.1,2.2,336.6,1117.0,60,211,4.1,3.4,1209.1,41.9,2.3,1.3,0,427.2950925806034,38.0,85.0,2025-09-25 10:34:39
155,4.7,614.1,156,2,316.1,867.4,59.98,210.7,4.9,3.4,1209.1,41.8,2.3,1.3,0,543.8301178298589,38.062,85.0,2025-09-25 10:34:57
157.5,6.7,917.3,152.2,2.5,376.3,1281.4,59.99,210.6,6.2,3.4,1209.1,41.6,2.3,1.3,0,854.5901851612068,38.0,85.0,2025-09-25 10:35:41
156,2.5,397.1,146.9,1.8,274.3,625.9,60.02,209.5,3,3.4,1209.1,41.6,2.3,1.3,0,310.76006733134795,38.125,85.0,2025-09-25 10:35:59
155.9,2.5,395.8,150,1.8,279.0,630.1,59.99,209.5,3,3.4,1209.1,41.3,2.3,1.3,0,310.76006733134795,38.0,85.0,2025-09-25 10:36:44
152.5,2.6,401.3,150,1.9,283.3,638.5,60.01,209.5,3,3.4,1209.1,41.2,2.3,1.3,0,310.76006733134795,38.0,85.0,2025-09-25 10:37:01
157.1,2.8,459.7,150.6,2,308.3,717.5,59.97,210,3.3,3.5,1209.2,41.1,2.3,1.3,0,349.6050757477664,38.062,85.0,2025-09-25 10:37:46
153.1,3.3,501.5,153,2.1,323.6,770.3,60.01,209.9,3.7,3.5,1209.2,41.1,2.3,1.3,0,388.4500841641849,38.125,85.0,2025-09-25 10:38:04
149,5.4,805.5,150.7,2.5,379.3,1105.0,60,210.5,5.1,3.5,1209.2,41.2,2.3,1.3,0,660.3651430791144,38.0,85.0,2025-09-25 10:38:49
151.6,3.7,558.2,152.3,2.3,369.0,865.5,59.97,210.1,4.1,3.5,1209.2,41.3,2.3,1.3,0,466.14010099702193,37.875,85.0,2025-09-25 10:39:06
152,6.6,1124.7,150.1,2.9,440.2,1378.1,60.02,211,6.5,3.5,1209.2,41.6,2.3,1.3,0,815.7451767447883,38.187,85.0,2025-09-25 10:39:51
147.2,8.8,1302.9,155.4,3,447.9,1631.3,60.01,211.3,7.8,3.5,1209.2,41.7,2.4,1.3,0,1048.8152272432992,38.312,85.0,2025-09-25 10:40:09
154.7,4.3,713.4,152.8,2.3,363.1,999.2,59.99,210,4.4,3.5,1209.2,41.9,2.4,1.3,0,543.8301178298589,38.375,85.0,2025-09-25 10:40:54
151.8,6.5,1094.9,149.3,2.5,408.5,1411.0,60.02,210.3,5.3,3.5,1209.2,41.9,2.4,1.3,0,621.5201346626959,38.25,85.0,2025-09-25 10:41:11
149.4,5.1,843.2,152.9,2.4,351.2,1116.0,60,210.9,4.8,3.5,1209.2,41.7,2.4,1.4,0,660.3651430791144,38.312,85.0,2025-09-25 10:41:56
142.8,3.1,450.4,147.5,2.1,317.6,713.3,60.03,210.2,3.3,3.5,1209.2,41.7,2.4,1.4,0,388.4500841641849,38.25,85.0,2025-09-25 10:42:14
157.3,2.5,393.0,151.7,1.9,298.4,642.0,59.98,210.1,3,3.5,1209.2,41.8,2.4,1.4,0,310.76006733134795,38.25,85.0,2025-09-25 10:42:58
154.4,2.6,398.3,151.5,1.9,298.3,648.4,60,210,3.1,3.5,1209.2,41.7,2.4,1.4,0,310.76006733134795,38.25,85.0,2025-09-25 10:43:16
157.4,2.6,413.3,154.6,2,298.0,663.9,59.99,210.5,3.2,3.6,1209.3,41.5,2.4,1.4,0,349.6050757477664,38.0,85.0,2025-09-25 10:44:01
151.8,2.9,445.6,148.7,2,302.4,699.2,60.03,210.6,3.3,3.6,1209.3,41.4,2.4,1.4,0,349.6050757477664,37.875,85.0,2025-09-25 10:44:18
156,4.3,655.5,152.4,2.1,338.0,926.1,60.03,210.9,4.4,3.6,1209.3,41.3,2.4,1.4,0,543.8301178298589,37.687,85.0,2025-09-25 10:45:03
158.6,6.2,958.0,150.3,2.4,360.2,1232.1,60.03,211.2,6.1,3.6,1209.3,41.4,2.4,1.4,0,738.0551599119514,37.75,85.0,2025-09-25 10:45:21
152.3,4.3,692.7,150.2,2.4,361.8,985.2,60.04,210.9,4.4,3.6,1209.3,41.5,2.4,1.4,0,504.9851094134404,37.75,85.0,2025-09-25 10:46:06
156,3.5,541.3,151.6,2.3,345.9,827.5,60.04,210.4,3.9,3.6,1209.3,41.5,2.4,1.4,0,427.2950925806034,37.812,85.0,2025-09-25 10:46:23
155.9,3.3,523.6,150.9,2.4,362.7,826.7,60,210,3.9,3.6,1209.3,41.5,2.4,1.4,0,388.4500841641849,37.875,85.0,2025-09-25 10:47:08
154.6,3.7,540.6,150.2,2.5,370.9,847.6,59.98,210.3,4.2,3.6,1209.3,41.4,2.4,1.4,0,427.2950925806034,37.875,85.0,2025-09-25 10:47:26
156.5,3.5,569.3,151.5,2.4,370.8,875.6,60.02,210.3,4.1,3.6,1209.3,41.3,2.4,1.4,0,427.2950925806034,37.937,85.0,2025-09-25 10:48:11
150.7,5.5,782.9,151.3,2.7,403.6,1125.2,60.03,210.6,5.5,3.6,1209.3,41.3,2.4,1.4,0,738.0551599119514,38.0,85.0,2025-09-25 10:48:28
155.9,2.6,404.8,147.9,2.3,351.5,703.4,60.01,210.4,3.3,3.6,1209.3,41.2,2.4,1.4,0,310.76006733134795,38.125,85.0,2025-09-25 10:49:13
158.9,2.5,379.6,150,2.3,349.1,679.8,60.03,210.3,3.3,3.6,1209.3,41.2,2.4,1.4,0,310.76006733134795,38.0,85.0,2025-09-25 10:49:31
152.7,2.5,384.9,150,2.2,339.7,675.0,60.01,210,3.2,3.6,1209.3,41,2.5,1.4,0,310.76006733134795,37.937,85.0,2025-09-25 10:50:16
156,2.5,390.3,147.2,2.2,331.3,672.4,60.03,209.9,3.2,3.7,1209.4,41,2.5,1.4,0,310.76006733134795,37.875,85.0,2025-09-25 10:50:33
155.8,3,456.1,150.1,2.2,340.0,744.2,60.02,209.7,3.6,3.7,1209.4,40.9,2.5,1.4,0,349.6050757477664,37.937,85.0,2025-09-25 10:51:18
158,7.6,1069.7,153.2,2.9,428.6,1402.1,60.01,210.5,7.3,3.7,1209.4,40.9,2.5,1.4,0,1009.9702188268808,38.062,85.0,2025-09-25 10:51:36
154.3,6,964.7,146.5,2.7,411.9,1290.7,59.97,209.8,5.9,3.7,1209.4,41.3,2.5,1.4,0,738.0551599119514,38.562,85.0,2025-09-25 10:52:20
157.4,8.1,1264.0,152.9,2.9,442.5,1593.1,59.98,210.2,7.6,3.7,1209.4,41.5,2.5,1.4,0,1048.8152272432992,38.312,85.0,2025-09-25 10:52:38
155.9,2.5,393.1,148.6,2,307.0,651.5,60,209.5,3,3.7,1209.4,41.5,2.5,1.4,0,310.76006733134795,38.437,85.0,2025-09-25 10:53:23
158.8,2.3,347.3,151,1.9,299.2,603.0,60.04,210,2.9,3.7,1209.4,41.4,2.5,1.4,0,271.91505891492943,38.312,85.0,2025-09-25 10:53:41
153.2,2.3,354.8,150.6,2,295.5,606.4,59.97,209.9,2.9,3.7,1209.4,41.2,2.5,1.4,0,271.91505891492943,38.062,85.0,2025-09-25 10:54:25
155.8,2.3,364.3,148,2,294.9,615.0,59.98,210,2.9,3.7,1209.4,41.1,2.5,1.4,0,271.91505891492943,37.875,85.0,2025-09-25 10:54:43
156,2.4,368.8,151.5,2,308.5,630.7,60,210,3,3.7,1209.4,40.9,2.5,1.4,0,271.91505891492943,37.625,85.0,2025-09-25 10:55:28
153.5,2.4,371.2,151.5,2,312.1,637.3,59.99,209.9,3,3.7,1209.4,40.9,2.5,1.4,0,271.91505891492943,37.437,85.0,2025-09-25 10:55:45
158.9,2.6,403.4,151.5,2.1,319.3,672.6,59.99,210.2,3.2,3.7,1209.4,40.9,2.5,1.4,0,310.76006733134795,37.562,85.0,2025-09-25 10:56:30
157.9,3.9,492.9,148.9,2.3,334.2,775.5,59.98,210.3,4.5,3.7,1209.4,40.9,2.5,1.4,0,543.8301178298589,37.562,85.0,2025-09-25 10:56:48
157.6,5.2,733.0,154.5,2.4,350.4,1009.5,59.97,210.8,5.2,3.8,1209.5,41,2.5,1.4,0,621.5201346626959,37.687,85.0,2025-09-25 10:57:33
155.8,8.9,1371.3,154.5,3,454.7,1705.3,59.99,212,8.1,3.8,1209.5,40.9,2.5,1.4,0,1126.5052440761365,37.687,85.0,2025-09-25 10:57:50
152.3,6.4,1092.7,153,2.5,407.4,1354.9,59.99,211.6,5.8,3.8,1209.5,41.3,2.5,1.5,0,660.3651430791144,38.75,85.0,2025-09-25 10:58:35
150,3,464.2,152.9,2.1,324.0,734.3,59.99,210.8,3.4,3.8,1209.5,41.3,2.5,1.5,0,349.6050757477664,38.625,85.0,2025-09-25 10:58:53
154.6,2.7,425.8,147.4,2.1,316.6,693.3,59.99,210.7,3.2,3.8,1209.5,41.1,2.6,1.5,0,310.76006733134795,38.187,85.0,2025-09-25 10:59:38
157.4,2.9,443.3,153.1,2.1,321.2,711.2,60.01,210.6,3.4,3.8,1209.5,41.1,2.6,1.5,0,349.6050757477664,38.125,85.0,2025-09-25 10:59:55
158.8,2.6,410.4,148.8,2.1,321.8,683.8,60,210.3,3.2,3.8,1209.5,41,2.6,1.5,0,310.76006733134795,37.875,85.0,2025-09-25 11:00:40
158.9,2.6,414.5,151.4,2.1,323.8,687.4,59.99,210.3,3.3,3.8,1209.5,41,2.6,1.5,0,310.76006733134795,37.937,85.0,2025-09-25 11:00:58
158.9,2.6,421.8,151.3,2.1,320.6,692.1,59.99,211,3.2,3.8,1209.5,41.1,2.6,1.5,0,310.76006733134795,37.687,85.0,2025-09-25 11:01:43
161.5,2.6,393.6,151.5,2.1,324.1,653.9,60.01,210.9,3.2,3.8,1209.5,41,2.6,1.5,0,310.76006733134795,37.562,85.0,2025-09-25 11:02:00
156.6,3,466.4,151.3,2.3,343.1,756.6,59.99,210.7,3.7,3.8,1209.5,40.8,2.6,1.5,0,388.4500841641849,37.375,85.0,2025-09-25 11:02:45
158.9,4.1,653.0,153.4,2.4,372.3,958.1,60.03,210.5,4.3,3.8,1209.5,40.7,2.6,1.5,0,504.9851094134404,37.5,85.0,2025-09-25 11:03:03
159,3.9,609.5,153,2.5,375.9,921.2,59.99,209.8,4.3,3.8,1209.5,40.9,2.6,1.5,0,466.14010099702193,37.5,85.0,2025-09-25 11:03:48
159.9,6.6,1114.9,149.2,2.8,447.2,1457.5,59.97,211.1,6,3.9,1209.6,40.9,2.6,1.5,0,621.5201346626959,37.75,85.0,2025-09-25 11:04:05
158.8,3.7,580.8,154.5,2.4,373.1,890.4,60,210.1,4.2,3.9,1209.6,41,2.6,1.5,0,427.2950925806034,37.75,85.0,2025-09-25 11:04:50
157.5,4.3,661.3,156.2,2.5,377.7,970.5,60.03,210.5,4.6,3.9,1209.6,41.1,2.6,1.5,0,543.8301178298589,37.75,85.0,2025-09-25 11:05:08
160.5,7.7,1140.5,151.6,3,458.2,1490.9,59.99,211.5,7.5,3.9,1209.6,41.4,2.6,1.5,0,1009.9702188268808,38.125,85.0,2025-09-25 11:05:52
160.2,5.6,880.7,146.5,3,464.3,1265.7,60.03,211.1,5.9,3.9,1209.6,41.6,2.6,1.5,0,776.9001683283698,38.312,85.0,2025-09-25 11:06:10
158.9,3.2,511.5,151.5,2.3,356.0,806.7,60.04,210.4,3.8,3.9,1209.6,41.6,2.6,1.5,0,388.4500841641849,38.5,85.0,2025-09-25 11:06:55
161.3,2.5,438.7,151,2.2,336.6,717.8,60.04,210.1,3.3,3.9,1209.6,41.6,2.6,1.5,0,349.6050757477664,38.437,85.0,2025-09-25 11:07:13
158.9,2.5,398.4,151.5,2.1,323.1,674.1,59.97,210.4,3.2,3.9,1209.6,41.6,2.6,1.5,0,310.76006733134795,38.187,85.0,2025-09-25 11:07:57
161.2,2.2,380.2,148.6,2.2,323.9,659.0,59.98,210.3,3,3.9,1209.6,41.6,2.6,1.5,0,310.76006733134795,38.125,85.0,2025-09-25 11:08:15
158.9,2.9,451.6,150.4,2.3,345.1,744.4,59.98,210.3,3.5,3.9,1209.6,41.5,2.6,1.5,0,388.4500841641849,37.875,85.0,2025-09-25 11:09:00
161.5,2.7,449.4,148.6,2.4,351.6,748.4,59.96,210.5,3.6,3.9,1209.6,41.4,2.6,1.5,0,388.4500841641849,37.75,85.0,2025-09-25 11:09:17
156.7,2.9,461.2,152.5,2.3,351.0,759.0,59.98,210.6,3.6,3.9,1209.6,41.3,2.6,1.5,0,388.4500841641849,37.687,85.0,2025-09-25 11:10:02
159.1,2.8,440.9,151.6,2.4,354.8,752.0,59.98,210.3,3.6,3.9,1209.6,41.2,2.6,1.5,0,349.6050757477664,37.687,85.0,2025-09-25 11:10:20
157.9,2.7,425.1,151.5,2.3,348.7,722.8,60.02,210.6,3.5,4.0,1209.7,41.3,2.7,1.5,0,349.6050757477664,37.75,85.0,2025-09-25 11:11:05
158.9,2.7,424.5,151.4,2.3,346.8,719.8,60,210.6,3.4,4.0,1209.7,41.4,2.7,1.5,0,349.6050757477664,37.812,85.0,2025-09-25 11:11:22
158.8,2.5,396.7,155.1,2.1,323.5,674.5,59.98,210.2,3.2,4.0,1209.7,41.4,2.7,1.5,0,310.76006733134795,37.5,85.0,2025-09-25 11:12:07
156.9,2.4,381.7,149.1,2.1,327.7,661.4,59.98,210.4,3.1,4.0,1209.7,41.3,2.7,1.5,0,310.76006733134795,37.437,85.0,2025-09-25 11:12:25
161.7,2.3,380.7,151.5,2.1,316.0,650.9,59.98,210.5,3.2,4.0,1209.7,41.3,2.7,1.5,0,310.76006733134795,37.375,85.0,2025-09-25 11:13:10
158.9,2.5,403.8,151.5,2,311.7,668.5,59.98,210.5,3.1,4.0,1209.7,41.2,2.7,1.5,0,310.76006733134795,37.312,85.0,2025-09-25 11:13:27
158.8,2.5,402.2,150,2,303.3,657.8,59.98,210.3,3,4.0,1209.7,41.1,2.7,1.5,0,310.76006733134795,37.375,85.0,2025-09-25 11:14:12
158.4,2.4,378.1,149.6,1.9,295.0,619.8,60,209.6,2.9,4.0,1209.7,41.1,2.7,1.5,0,310.76006733134795,37.375,85.0,2025-09-25 11:14:30
159,2.3,386.1,150,1.8,290.7,630.8,59.99,209.7,2.9,4.0,1209.7,41,2.7,1.5,0,310.76006733134795,37.187,85.0,2025-09-25 11:15:15
156,2.7,415.0,146.8,2,293.2,660.3,60.02,209.6,3.1,4.0,1209.7,40.9,2.7,1.5,0,349.6050757477664,37.062,85.0,2025-09-25 11:15:32
154.3,7.2,1103.9,150.6,2.8,426.8,1427.5,60.04,211.3,6.8,4.0,1209.7,40.9,2.7,1.6,0,932.2802019940439,37.625,85.0,2025-09-25 11:16:17
161.5,6.7,1072.9,153,2.8,422.9,1398.8,60.03,211.4,6.6,4.0,1209.7,41.1,2.7,1.6,0,893.4351935776253,38.0,85.0,2025-09-25 11:16:35
158.8,6.3,985.8,151.7,2.7,411.7,1305.5,60.01,210.9,6.2,4.0,1209.7,41.3,2.7,1.6,0,815.7451767447883,38.25,85.0,2025-09-25 11:17:20
155.9,6.5,1004.9,153,2.7,418.7,1328.1,60.01,211,6.3,4.0,1209.7,41.4,2.7,1.6,0,854.5901851612068,38.375,85.0,2025-09-25 11:17:37
155.5,6.3,976.1,150.9,2.8,417.3,1300.4,60,211,6.1,4.1,1209.8,41.4,2.7,1.6,0,815.7451767447883,38.5,85.0,2025-09-25 11:18:22
157.8,6.4,991.5,152.8,2.8,422.1,1319.7,60.01,211.1,6.2,4.1,1209.8,41.5,2.7,1.6,0,815.7451767447883,38.687,85.0,2025-09-25 11:18:40
156,6.6,1019.2,154.2,2.7,432.6,1355.4,60.01,210.9,6.4,4.1,1209.8,41.6,2.7,1.6,0,854.5901851612068,39.0,85.0,2025-09-25 11:19:24
157.4,6.6,1029.3,152.2,2.9,433.3,1365.6,60.03,210.8,6.4,4.1,1209.8,41.6,2.7,1.6,0,854.5901851612068,39.187,85.0,2025-09-25 11:19:42
159.5,5.8,950.2,151.8,2.8,429.4,1280.4,59.98,210.9,5.7,4.1,1209.8,41.7,2.8,1.6,0,776.9001683283698,39.25,85.0,2025-09-25 11:20:27
158,3.5,576.0,149.9,2.4,359.9,874.2,60,210.3,4.1,4.1,1209.8,41.7,2.8,1.6,0,466.14010099702193,39.125,85.0,2025-09-25 11:20:45
157.5,3.2,502.6,148.5,2.4,351.6,798.1,59.99,210.3,3.8,4.1,1209.8,41.5,2.8,1.6,0,388.4500841641849,38.812,85.0,2025-09-25 11:21:29
154.8,6.1,952.4,151.3,2.9,434.3,1294.5,60.02,211.1,6,4.1,1209.8,41.4,2.8,1.6,0,738.0551599119514,38.812,85.0,2025-09-25 11:21:47
151.4,7.6,1142.3,158.7,3.1,505.6,1540.2,60.04,211.2,7.4,4.1,1209.8,41.6,2.8,1.6,0,1009.9702188268808,39.312,85.0,2025-09-25 11:22:32
157.2,8,1209.4,151.6,3.5,543.5,1634.7,60.03,211.2,7.8,4.2,1209.9,41.7,2.8,1.6,0,1009.9702188268808,39.75,85.0,2025-09-25 11:22:50
157.8,8.2,1301.0,147,3.9,575.2,1750.7,60.01,211.4,8.3,4.2,1209.9,42,2.8,1.6,0,1126.5052440761365,40.562,85.0,2025-09-25 11:23:34
152.9,8.9,1347.9,153,3.8,578.4,1794.3,59.95,211.6,8.5,4.2,1209.9,42.2,2.8,1.6,0,1165.3502524925548,40.937,85.0,2025-09-25 11:23:52
150.9,6.2,958.8,151.4,3.2,490.6,1326.4,59.97,211,6.1,4.2,1209.9,42.3,2.8,1.6,0,699.2101514955328,40.875,85.0,2025-09-25 11:24:37
154.4,3.9,602.8,148.5,2.7,407.2,942.5,59.98,210.6,4.4,4.2,1209.9,42.3,2.8,1.6,0,504.9851094134404,40.625,85.0,2025-09-25 11:24:55
152.1,8.8,1338.0,153.6,3.8,571.5,1779.2,59.98,212.1,8.4,4.2,1209.9,42.2,2.8,1.6,0,1165.3502524925548,40.375,85.0,2025-09-25 11:25:39
153,8.7,1299.1,152,3.7,559.6,1729.6,59.97,211.4,8.3,4.2,1209.9,42.3,2.8,1.6,0,1126.5052440761365,40.562,85.0,2025-09-25 11:25:57
154.3,3.9,611.2,148.8,2.8,421.3,963.8,60.01,210.5,4.5,4.2,1209.9,42.4,2.9,1.6,0,504.9851094134404,40.562,85.0,2025-09-25 11:26:42
152.5,3.7,558.2,148.9,2.7,400.2,893.1,59.99,210.1,4.2,4.2,1209.9,42.4,2.9,1.6,0,466.14010099702193,40.437,85.0,2025-09-25 11:26:59
153.5,6.9,1009.8,154.1,3.4,490.8,1398.9,60,210.6,7,4.3,1210.0,42.2,2.9,1.6,0,932.2802019940439,40.562,85.0,2025-09-25 11:27:44
149.1,4.5,651.5,146.2,2.9,417.8,997.1,59.97,210.8,4.8,4.3,1210.0,42.3,2.9,1.6,0,621.5201346626959,40.437,85.0,2025-09-25 11:28:02
141.6,4.1,596.2,148.9,2.7,421.2,946.3,60.01,211,4.2,4.3,1210.0,42.3,2.9,1.6,0,504.9851094134404,40.812,85.0,2025-09-25 11:28:47
145.2,7.7,1025.2,150.2,3.6,538.5,1446.4,59.98,211.9,7,4.3,1210.0,42.3,2.9,1.6,0,971.1252104104623,41.0,85.0,2025-09-25 11:29:04
149.4,6.9,990.6,147,3.4,481.4,1358.6,59.99,211.4,6.7,4.3,1210.0,42.6,2.9,1.7,0,932.2802019940439,41.5,85.0,2025-09-25 11:29:49
144,7.7,1101.9,141.5,3.7,513.2,1492.7,60.01,211.6,7.2,4.3,1210.0,42.6,2.9,1.7,0,1009.9702188268808,41.687,85.0,2025-09-25 11:30:07
153.9,7.3,1129.8,150,3.6,536.7,1552.8,60.02,211.9,7.3,4.3,1210.0,42.9,2.9,1.7,0,971.1252104104623,42.062,85.0,2025-09-25 11:30:51
151.5,7.6,1131.3,150,3.6,533.6,1549.0,60.01,211.6,7.4,4.3,1210.0,42.9,2.9,1.7,0,971.1252104104623,42.0,85.0,2025-09-25 11:31:09
151.6,7.1,1053.3,147.2,3.4,503.7,1449.5,60.02,211.3,6.9,4.4,1210.1,43,2.9,1.7,0,932.2802019940439,42.125,85.0,2025-09-25 11:31:54
148.3,6.9,1046.5,150,3.3,492.5,1420.0,60.02,211.1,6.8,4.4,1210.1,43,2.9,1.7,0,893.4351935776253,42.312,85.0,2025-09-25 11:32:12
150.3,3.1,448.6,148.7,2.3,339.0,733.1,59.99,210.4,3.5,4.4,1210.1,43,3.0,1.7,0,388.4500841641849,42.0,85.0,2025-09-25 11:32:56
152.9,2.7,419.3,148.5,2.2,331.8,700.4,59.99,210.5,3.3,4.4,1210.1,42.8,3.0,1.7,0,349.6050757477664,41.312,85.0,2025-09-25 11:33:14
154.3,2.5,346.6,146.8,2.1,312.1,644.8,60.02,210.2,3.1,4.4,1210.1,42.6,3.0,1.7,0,310.76006733134795,40.75,85.0,2025-09-25 11:33:59
152.9,2.5,383.9,147.1,2.1,312.8,648.3,60.03,209.8,3.1,4.4,1210.1,42.5,3.0,1.7,0,310.76006733134795,40.625,85.0,2025-09-25 11:34:17
153.1,2.4,360.8,147.3,2,318.0,631.8,60.03,210.1,2.9,4.4,1210.1,42.2,3.0,1.7,0,310.76006733134795,40.562,85.0,2025-09-25 11:35:01
154.3,2.1,354.0,147.4,2.1,318.7,627.1,59.98,210.2,2.9,4.4,1210.1,42.2,3.0,1.7,0,310.76006733134795,40.5,85.0,2025-09-25 11:35:19
152.4,2.3,351.9,147.5,2,310.5,617.8,60.01,210,2.9,4.4,1210.1,42.1,3.0,1.7,0,310.76006733134795,39.937,85.0,2025-09-25 11:36:04
154,2.4,357.4,149.1,2,308.6,629.2,59.99,210,3,4.4,1210.1,42,3.0,1.7,0,310.76006733134795,39.937,85.0,2025-09-25 11:36:22
154.7,3,453.7,150,2.2,330.3,732.6,60,209.9,3.6,4.4,1210.1,41.9,3.0,1.7,0,388.4500841641849,39.437,85.0,2025-09-25 11:37:06
161.2,5,767.8,149,3.2,453.5,1139.1,60.03,210.6,5.8,4.4,1210.1,41.9,3.0,1.7,0,854.5901851612068,39.625,85.0,2025-09-25 11:37:24
157.3,6.8,1036.7,151.5,3.5,519.5,1452.9,60,210.5,7,4.4,1210.1,42.2,3.0,1.7,0,893.4351935776253,40.812,85.0,2025-09-25 11:38:09
154.5,7,1090.5,148.6,3.7,541.0,1520.8,60.02,210.5,7.2,4.5,1210.2,42.3,3.0,1.7,0,932.2802019940439,41.125,85.0,2025-09-25 11:38:26
154.3,7,1074.8,151.4,3.5,536.7,1502.1,59.99,211.4,7.1,4.5,1210.2,42.6,3.0,1.7,0,932.2802019940439,41.5,85.0,2025-09-25 11:39:11
151.7,6.9,1043.7,148.7,3.6,528.4,1463.6,60.03,211.7,7,4.5,1210.2,42.7,3.0,1.7,0,932.2802019940439,41.687,85.0,2025-09-25 11:39:29
156,7.2,1159.0,149.8,3.6,547.4,1591.6,59.99,211.7,7.1,4.5,1210.2,42.9,3.0,1.7,0,893.4351935776253,42.187,85.0,2025-09-25 11:40:14
153,5.7,914.0,150,3.2,488.2,1305.5,60.04,211.6,5.8,4.5,1210.2,43,3.0,1.7,0,776.9001683283698,41.937,85.0,2025-09-25 11:40:31
155.6,3.5,540.2,150.6,2.6,382.8,861.0,60.03,211.4,4.1,4.5,1210.2,42.9,3.0,1.7,0,466.14010099702193,41.562,85.0,2025-09-25 11:41:16
154.5,3.7,560.7,148.7,2.7,404.9,908.0,60.02,211.4,4.3,4.5,1210.2,42.9,3.0,1.7,0,504.9851094134404,41.437,85.0,2025-09-25 11:41:34
154.9,7.5,1162.5,149.2,3.9,586.8,1629.8,60.04,212.1,7.7,4.5,1210.2,43.1,3.1,1.7,0,1009.9702188268808,41.75,85.0,2025-09-25 11:42:19
152.8,6.2,1004.9,149.5,3.4,516.2,1421.4,60.04,211.8,6.2,4.5,1210.2,43.2,3.1,1.7,0,699.2101514955328,42.0,85.0,2025-09-25 11:42:36
154.8,3.8,579.6,148.5,2.8,423.2,936.1,60,211.2,4.2,4.6,1210.3,43.2,3.1,1.8,0,466.14010099702193,41.75,85.0,2025-09-25 11:43:21
157.9,3.5,505.0,146.7,2.8,412.3,853.3,60.02,211.1,4.2,4.6,1210.3,43.2,3.1,1.8,0,466.14010099702193,41.625,85.0,2025-09-25 11:43:39
159,7.1,1039.4,148.2,4.1,614.9,1543.0,60.02,212.1,7.6,4.6,1210.3,43.2,3.1,1.8,0,1048.8152272432992,41.562,85.0,2025-09-25 11:44:24
157.8,7.8,1195.7,147.4,4.4,647.8,1715.8,60.02,212.2,8.3,4.6,1210.3,43.2,3.1,1.8,0,1126.5052440761365,41.937,85.0,2025-09-25 11:44:41
155.6,8.5,1281.8,150,4.4,656.8,1806.7,60.02,212,8.5,4.6,1210.3,43.6,3.1,1.8,0,1165.3502524925548,42.437,85.0,2025-09-25 11:45:26
150.1,6.6,1081.5,148.3,3.9,605.0,1490.8,60.02,211.5,6.9,4.6,1210.3,43.6,3.1,1.8,0,971.1252104104623,42.5,85.0,2025-09-25 11:45:44
156.1,6.1,948.8,148.2,3.3,521.6,1369.9,59.98,211.1,6.3,4.6,1210.3,43.6,3.1,1.8,0,738.0551599119514,42.312,85.0,2025-09-25 11:46:28
158.6,6.7,999.9,149.7,3.6,555.3,1447.5,59.98,211.3,6.8,4.6,1210.3,43.6,3.1,1.8,0,854.5901851612068,42.25,85.0,2025-09-25 11:46:46
158.3,3.2,480.3,149.9,2.6,390.9,811.7,60.03,210.5,4,4.7,1210.4,43.4,3.1,1.8,0,427.2950925806034,41.812,85.0,2025-09-25 11:47:31
152.9,3,469.9,150,2.5,373.0,785.3,60.01,210.6,3.8,4.7,1210.4,43.3,3.1,1.8,0,388.4500841641849,41.687,85.0,2025-09-25 11:47:49
157.5,2.6,448.8,152.4,2.3,354.6,749.9,60,210.3,3.4,4.7,1210.4,43.3,3.1,1.8,0,388.4500841641849,41.062,85.0,2025-09-25 11:48:33
156,2.9,452.8,146.9,2.4,352.8,749.7,60,210.2,3.6,4.7,1210.4,43.3,3.1,1.8,0,349.6050757477664,40.687,85.0,2025-09-25 11:48:51
152.2,3.5,527.9,148.8,2.8,405.4,870.1,60.02,210.5,4.2,4.7,1210.4,43.2,3.2,1.8,0,543.8301178298589,40.437,85.0,2025-09-25 11:49:36
146.3,4.9,751.7,152.8,3.3,495.5,1163.9,60.02,210.9,5.2,4.7,1210.4,43.2,3.2,1.8,0,660.3651430791144,40.687,85.0,2025-09-25 11:49:53
143.2,6.4,911.3,148.6,3.6,537.1,1345.1,60.03,211.1,6.3,4.7,1210.4,43.3,3.2,1.8,0,815.7451767447883,40.875,85.0,2025-09-25 11:50:38
149.9,6.3,964.2,151.5,3.6,538.7,1395.8,60.01,211.5,6.4,4.7,1210.4,43.4,3.2,1.8,0,815.7451767447883,41.062,85.0,2025-09-25 11:50:56
152.7,2.7,411.1,147.2,2.2,332.5,692.5,60.03,210.4,3.2,4.7,1210.4,43.4,3.2,1.8,0,310.76006733134795,41.25,85.0,2025-09-25 11:51:41
151,2.4,375.5,148.5,2.1,314.6,642.1,60,210.6,2.9,4.7,1210.4,43.3,3.2,1.8,0,271.91505891492943,41.062,85.0,2025-09-25 11:51:58
155.9,2.2,358.1,147.1,2,296.3,609.0,59.98,210.6,2.8,4.7,1210.4,43.1,3.2,1.8,0,271.91505891492943,40.312,85.0,2025-09-25 11:52:43
154.5,2.4,363.3,148.6,2,291.7,609.7,60.03,210.9,2.8,4.7,1210.4,43,3.2,1.8,0,271.91505891492943,40.187,85.0,2025-09-25 11:53:01
155.9,2.6,404.3,147.2,2,296.4,651.8,60.02,211.6,3.1,4.7,1210.4,42.9,3.2,1.8,0,310.76006733134795,40.062,85.0,2025-09-25 11:53:46
153.9,4.8,728.2,149.6,2.8,409.0,1060.5,60.01,212.2,5,4.7,1210.4,42.9,3.2,1.8,0,621.5201346626959,40.0,85.0,2025-09-25 11:54:03
156,4.8,759.6,150,2.9,438.7,1119.8,59.98,211.9,5.1,4.8,1210.5,42.9,3.2,1.8,0,582.6751262462774,40.187,85.0,2025-09-25 11:54:48
156,4.6,600.5,147.6,2.7,375.7,961.0,59.97,211.7,4.9,4.8,1210.5,42.7,3.2,1.8,0,582.6751262462774,40.062,85.0,2025-09-25 11:55:06
156.1,3.4,525.2,147.3,2.5,364.6,836.8,59.98,211.4,3.9,4.8,1210.5,42.7,3.2,1.8,0,427.2950925806034,39.375,85.0,2025-09-25 11:55:51
158.6,4.3,686.2,150,2.7,405.9,1020.4,60,211.5,4.7,4.8,1210.5,42.7,3.2,1.8,0,504.9851094134404,39.625,85.0,2025-09-25 11:56:08
159.2,3,444.5,148.2,2.4,360.1,749.3,60.01,211.2,3.7,4.8,1210.5,42.8,3.2,1.9,0,388.4500841641849,39.812,85.0,2025-09-25 11:56:53
157.4,3,471.0,149.9,2.4,355.8,769.6,60,211.3,3.5,4.8,1210.5,42.8,3.2,1.9,0,388.4500841641849,39.812,85.0,2025-09-25 11:57:11
160.7,5.9,914.9,151.5,3.6,544.6,1367.6,59.97,212.1,6.4,4.8,1210.5,42.8,3.2,1.9,0,815.7451767447883,39.687,85.0,2025-09-25 11:57:56
157.9,3.7,648.1,150.1,2.8,431.8,1010.2,60.01,211.3,4.2,4.8,1210.5,42.8,3.2,1.9,0,504.9851094134404,39.875,85.0,2025-09-25 11:58:13
155.9,3.1,480.8,145.3,2.6,387.1,808.9,59.99,211,3.8,4.8,1210.5,42.7,3.2,1.9,0,388.4500841641849,39.75,85.0,2025-09-25 11:58:58
158.2,4,573.0,148.9,3.1,431.2,984.8,60.01,211,4.8,4.8,1210.5,42.6,3.2,1.9,0,621.5201346626959,39.75,85.0,2025-09-25 11:59:16
159.5,5.7,983.8,150.4,4,595.3,1437.6,59.98,211.7,6.7,4.8,1210.5,42.7,3.3,1.9,0,854.5901851612068,40.062,85.0,2025-09-25 12:00:00
158.4,6.3,968.7,150,3.9,587.9,1452.7,60.02,211.6,6.8,4.9,1210.6,42.8,3.3,1.9,0,854.5901851612068,40.187,85.0,2025-09-25 12:00:18
154.4,5.6,924.8,149.9,3.8,578.6,1405.1,60.03,211.4,6.3,4.9,1210.6,43,3.3,1.9,0,815.7451767447883,40.562,85.0,2025-09-25 12:01:03
155.9,3.8,554.4,150.8,2.8,418.5,909.8,60.01,210.9,4.5,4.9,1210.6,43,3.3,1.9,0,543.8301178298589,40.562,85.0,2025-09-25 12:01:20
150,3.6,538.0,147.1,2.8,414.6,887.5,60,210.8,4.2,4.9,1210.6,43,3.3,1.9,0,466.14010099702193,41.312,85.0,2025-09-25 12:02:05
157.4,5.7,977.5,153,3.8,571.7,1444.3,60.03,211.4,5.7,4.9,1210.6,42.9,3.3,1.9,0,621.5201346626959,41.187,85.0,2025-09-25 12:02:23
151.4,7.2,1098.1,143,4.1,619.3,1598.8,60.02,211.4,7.1,4.9,1210.6,42.8,3.3,1.9,0,893.4351935776253,41.062,85.0,2025-09-25 12:03:08
151.5,3.3,497.7,144.4,2.6,382.0,817.4,60.01,210.3,3.9,4.9,1210.6,42.9,3.3,1.9,0,427.2950925806034,41.0,85.0,2025-09-25 12:03:25
152.8,3.5,519.5,145.4,2.6,388.9,848.2,60.02,210.3,4.1,4.9,1210.6,42.8,3.3,1.9,0,466.14010099702193,40.375,85.0,2025-09-25 12:04:10
152.4,4.4,673.5,148.7,2.9,443.8,1028.0,59.98,210.6,4.7,4.9,1210.6,42.7,3.3,1.9,0,543.8301178298589,40.687,85.0,2025-09-25 12:04:28
155.5,6.6,1087.0,150.2,3.9,580.1,1560.3,60,211.2,7.1,4.9,1210.6,42.9,3.3,1.9,0,893.4351935776253,41.187,85.0,2025-09-25 12:05:13
156.7,4.6,691.5,151.8,2.9,431.1,1044.4,59.99,210.8,4.9,4.9,1210.6,43,3.3,1.9,0,543.8301178298589,41.375,85.0,2025-09-25 12:05:30
153.8,4.1,580.8,150,2.9,435.7,949.1,60,210.8,4.6,5.0,1210.7,43,3.3,1.9,0,543.8301178298589,41.312,85.0,2025-09-25 12:06:15
153,4.5,735.7,151.4,3.1,479.0,1128.1,60.01,211.1,5.1,5.0,1210.7,43,3.3,1.9,0,582.6751262462774,41.375,85.0,2025-09-25 12:06:33
160.3,7.7,1089.7,146.5,5,711.4,1669.7,59.98,211.8,8.5,5.0,1210.7,43.2,3.3,1.9,0,1126.5052440761365,41.875,85.0,2025-09-25 12:07:18
153.4,8.2,1251.9,148.6,4.8,729.1,1845.0,60,211.8,8.6,5.0,1210.7,43.3,3.4,1.9,0,1126.5052440761365,42.25,85.0,2025-09-25 12:07:35
152.9,4.6,819.1,148.4,3.3,520.2,1163.9,60.03,210.9,5.2,5.0,1210.7,43.7,3.4,1.9,0,582.6751262462774,42.812,85.0,2025-09-25 12:08:20
155.9,5,751.5,144.1,3.6,513.2,1189.7,60,211,5.7,5.0,1210.7,43.7,3.4,1.9,0,699.2101514955328,42.812,85.0,2025-09-25 12:08:38
154.6,4.4,669.4,147.2,3.8,563.9,1146.1,59.98,210.9,5.4,5.0,1210.7,43.5,3.4,2.0,0,699.2101514955328,42.625,85.0,2025-09-25 12:09:23
151.5,8.1,1213.8,151.5,4.9,739.0,1816.5,59.98,211.8,8.5,5.0,1210.7,43.5,3.4,2.0,0,1087.6602356597177,42.937,85.0,2025-09-25 12:09:40
155.1,8,1193.9,148.6,5.1,747.0,1804.5,60.04,211.7,8.6,5.1,1210.8,43.9,3.4,2.0,0,1126.5052440761365,43.937,85.0,2025-09-25 12:10:25
156,4.8,719.1,141.4,3.9,549.1,1179.1,60.03,210.7,5.8,5.1,1210.8,44,3.4,2.0,0,738.0551599119514,43.937,85.0,2025-09-25 12:10:43
150.1,4.3,652.1,148.6,3.3,490.9,1060.8,60.05,211.1,4.8,5.1,1210.8,44.1,3.4,2.0,0,504.9851094134404,43.937,85.0,2025-09-25 12:11:28
150.2,7.5,1144.6,148.6,5.1,738.2,1753.2,60.03,212.2,8,5.1,1210.8,44,3.4,2.0,0,1048.8152272432992,43.812,85.0,2025-09-25 12:11:45
152.8,8.3,1259.1,145.5,5.3,774.9,1890.7,60.01,212.5,8.7,5.1,1210.8,44.2,3.4,2.0,0,1165.3502524925548,44.5,85.0,2025-09-25 12:12:30
150.1,8.4,1252.4,145.6,5.3,771.1,1879.4,59.99,212.6,8.8,5.1,1210.8,44.3,3.4,2.0,0,1165.3502524925548,44.937,85.0,2025-09-25 12:12:48
152.8,3.7,576.5,148.6,2.9,429.6,930.4,59.98,210.8,4.3,5.1,1210.8,44.3,3.5,2.0,0,466.14010099702193,44.5,85.0,2025-09-25 12:13:32
150.4,3.6,544.5,143,2.9,410.9,889.1,59.97,210.9,4.2,5.1,1210.8,44.2,3.5,2.0,0,466.14010099702193,43.937,85.0,2025-09-25 12:13:50
146.1,7.4,1070.1,146.4,4.5,663.9,1611.3,59.98,211.8,7.5,5.2,1210.9,44,3.5,2.0,0,1009.9702188268808,43.812,85.0,2025-09-25 12:14:35
143.6,3.9,553.1,149.2,2.9,430.6,917.6,59.98,210.7,4.3,5.2,1210.9,44,3.5,2.0,0,504.9851094134404,43.937,85.0,2025-09-25 12:14:52
151.4,3.1,464.4,148.1,2.6,373.1,779.7,59.98,210.7,3.7,5.2,1210.9,43.8,3.5,2.0,0,388.4500841641849,43.312,85.0,2025-09-25 12:15:37
156.4,3.3,453.1,150.9,2.8,399.1,792.6,60.02,210.8,4.2,5.2,1210.9,43.8,3.5,2.0,0,543.8301178298589,43.187,85.0,2025-09-25 12:15:55
152.5,6.9,1047.6,143.8,4.6,654.8,1583.6,60.02,211.4,7.3,5.2,1210.9,43.9,3.5,2.0,0,932.2802019940439,44.062,85.0,2025-09-25 12:16:40
154.7,6.9,1016.9,148.8,4.3,651.8,1556.0,60.01,211.5,7.4,5.2,1210.9,44,3.5,2.0,0,971.1252104104623,44.312,85.0,2025-09-25 12:16:57
153.1,5.2,779.5,144.5,3.4,504.2,1194.8,60.01,211.2,5.7,5.2,1210.9,44.1,3.5,2.0,0,699.2101514955328,44.5,85.0,2025-09-25 12:17:42
151.8,4.2,652.9,149.8,2.9,438.1,1018.2,60.01,211,4.6,5.2,1210.9,44.1,3.5,2.0,0,582.6751262462774,44.5,85.0,2025-09-25 12:18:00
150.2,2.8,430.9,147.2,2.2,321.9,700.9,60.02,210.6,3.3,5.2,1210.9,43.8,3.5,2.0,0,349.6050757477664,43.75,85.0,2025-09-25 12:18:45
155.7,2.6,394.2,147,2.1,310.0,657.0,60.03,210.7,3.2,5.2,1210.9,43.7,3.5,2.0,0,349.6050757477664,43.187,85.0,2025-09-25 12:19:02
152.8,3.9,590.6,147.2,2.7,394.7,919.8,59.99,211.5,4.2,5.3,1211.0,43.5,3.5,2.0,0,504.9851094134404,43.0,85.0,2025-09-25 12:19:47
155.6,2.9,446.4,147.1,2.1,328.6,723.2,60,211.1,3.4,5.3,1211.0,43.4,3.5,2.1,0,388.4500841641849,42.75,85.0,2025-09-25 12:20:05
152.8,3.3,507.9,148.6,2.3,352.5,801.5,60.01,211.3,3.7,5.3,1211.0,43.3,3.5,2.1,0,427.2950925806034,42.25,85.0,2025-09-25 12:20:50
150,2.9,447.1,148.9,2.1,314.8,710.2,60.01,211.1,3.4,5.3,1211.0,43.2,3.5,2.1,0,388.4500841641849,42.187,85.0,2025-09-25 12:21:07
152.8,2.6,405.8,148.6,1.9,285.6,644.1,59.99,210.9,2.9,5.3,1211.0,43.2,3.5,2.1,0,349.6050757477664,41.937,85.0,2025-09-25 12:21:52
156,2.6,391.1,145.6,1.9,280.2,625.9,59.99,211.5,2.9,5.3,1211.0,43.1,3.5,2.1,0,310.76006733134795,41.937,85.0,2025-09-25 12:22:10
153.4,2.2,347.7,145.8,1.8,266.0,572.1,60.02,211.3,2.7,5.3,1211.0,42.8,3.5,2.1,0,271.91505891492943,40.687,85.0,2025-09-25 12:22:54
155.2,2.1,330.3,148,1.7,259.8,550.5,60,211.2,2.5,5.3,1211.0,42.7,3.5,2.1,0,271.91505891492943,40.687,85.0,2025-09-25 12:23:12
159.1,1.7,266.5,147.3,1.6,245.1,476.1,59.99,210.9,2.4,5.3,1211.0,42.3,3.5,2.1,0,233.07005049851097,39.5,85.0,2025-09-25 12:23:57
155.8,1.9,292.1,146.2,1.6,241.0,497.5,59.99,210.9,2.3,5.3,1211.0,42.2,3.5,2.1,0,233.07005049851097,39.25,85.0,2025-09-25 12:24:15
156,1.9,289.1,146.6,1.6,246.9,499.2,59.99,210.9,2.4,5.3,1211.0,42,3.6,2.1,0,233.07005049851097,38.75,85.0,2025-09-25 12:24:59
157.1,1.7,295.5,147.3,1.7,249.0,507.5,60.01,210.9,2.3,5.3,1211.0,42,3.6,2.1,0,233.07005049851097,38.687,85.0,2025-09-25 12:25:17
155.8,1.9,296.5,150,1.7,248.2,509.2,60.02,211.1,2.4,5.3,1211.0,41.9,3.6,2.1,0,233.07005049851097,38.75,85.0,2025-09-25 12:26:02
157.9,1.9,277.0,145.2,1.6,243.0,496.5,60,211.1,2.4,5.3,1211.0,41.8,3.6,2.1,0,233.07005049851097,38.75,85.0,2025-09-25 12:26:19
152.8,1.9,287.5,149.9,1.6,240.6,496.3,60.04,211.3,2.3,5.3,1211.0,41.8,3.6,2.1,0,233.07005049851097,38.687,85.0,2025-09-25 12:27:04
155.8,1.8,289.0,144,1.6,237.5,489.8,60.02,210.8,2.3,5.3,1211.0,41.7,3.6,2.1,0,233.07005049851097,38.687,85.0,2025-09-25 12:27:22
155.8,1.8,281.3,147.1,1.5,231.2,478.5,60.01,210,2.3,5.3,1211.0,41.7,3.6,2.1,0,233.07005049851097,38.437,85.0,2025-09-25 12:28:07
153.2,1.8,284.3,147.1,1.5,231.3,481.1,60.02,210.5,2.2,5.3,1211.0,41.7,3.6,2.1,0,233.07005049851097,38.312,85.0,2025-09-25 12:28:24
155.4,2,303.0,150,1.5,236.7,504.4,59.99,210.4,2.4,5.3,1211.0,41.6,3.6,2.1,0,233.07005049851097,37.812,85.0,2025-09-25 12:29:09
158.9,2,318.1,150,1.6,238.7,520.6,60,210.7,2.4,5.3,1211.0,41.5,3.6,2.1,0,233.07005049851097,37.875,85.0,2025-09-25 12:29:27
159.6,2.1,344.1,147.1,1.7,255.9,560.3,60,210.6,2.6,5.3,1211.0,41.5,3.6,2.1,0,271.91505891492943,37.562,85.0,2025-09-25 12:30:12
154.3,2.3,352.4,149.9,1.7,262.7,574.5,60,210.6,2.7,5.4,1211.1,41.5,3.6,2.1,0,271.91505891492943,37.75,85.0,2025-09-25 12:30:29
158.9,2.8,433.4,149.7,2.1,314.4,698.3,60.01,211.6,3.3,5.4,1211.1,41.4,3.6,2.1,0,349.6050757477664,37.875,85.0,2025-09-25 12:31:14
159,2.8,462.0,149.4,2.2,332.4,742.2,59.97,211.8,3.5,5.4,1211.1,41.4,3.6,2.1,0,388.4500841641849,37.625,85.0,2025-09-25 12:31:32
159.7,3.1,497.5,151.4,2.3,359.4,799.3,59.97,211.8,3.7,5.4,1211.1,41.4,3.6,2.1,0,388.4500841641849,37.75,85.0,2025-09-25 12:32:17
160.2,2.8,464.1,149.9,2.2,343.2,753.9,59.99,211.9,3.5,5.4,1211.1,41.4,3.6,2.1,0,388.4500841641849,37.687,85.0,2025-09-25 12:32:34
158.7,2.6,415.6,148.5,2.1,325.9,692.3,60,212.3,3.1,5.4,1211.1,41.4,3.6,2.1,0,310.76006733134795,37.625,85.0,2025-09-25 12:33:19
158.8,2.3,364.2,149.6,1.9,297.9,619.0,59.96,212,2.9,5.4,1211.1,41.3,3.6,2.1,0,271.91505891492943,37.75,85.0,2025-09-25 12:33:37
156.2,2.1,332.1,148.6,1.7,270.7,564.8,60,212.3,2.6,5.4,1211.1,41.3,3.6,2.1,0,271.91505891492943,37.625,85.0,2025-09-25 12:34:21
159,2.2,344.5,148.5,1.8,269.5,573.5,60.02,212.3,2.6,5.4,1211.1,41.2,3.6,2.1,0,271.91505891492943,37.625,85.0,2025-09-25 12:34:39
158.9,2.3,372.4,150,1.9,286.9,616.0,60.03,212.2,2.9,5.4,1211.1,40.9,3.6,2.1,0,310.76006733134795,37.062,85.0,2025-09-25 12:35:24
159.5,2.3,379.1,150.7,1.9,294.3,622.3,60,212.1,2.9,5.4,1211.1,40.8,3.6,2.1,0,271.91505891492943,37.125,85.0,2025-09-25 12:35:41
161.9,2.4,372.7,151.6,1.9,288.3,619.3,59.99,212.2,2.9,5.4,1211.1,40.9,3.6,2.1,0,310.76006733134795,37.25,85.0,2025-09-25 12:36:26
159.2,2.5,401.4,151.7,2,300.7,653.9,60,212.4,3.1,5.4,1211.1,40.9,3.6,2.1,0,310.76006733134795,37.187,85.0,2025-09-25 12:36:44
159,4.8,749.6,143.6,3.5,496.2,1160.4,59.99,212.5,5.5,5.4,1211.1,41.1,3.6,2.1,0,660.3651430791144,37.625,85.0,2025-09-25 12:37:29
163.4,4.9,787.8,147,3.7,541.7,1239.7,60.02,212.6,5.8,5.4,1211.1,41.2,3.6,2.1,0,699.2101514955328,37.812,85.0,2025-09-25 12:37:46
161.6,4.6,725.7,150.1,3.5,520.3,1162.7,60.03,211.8,5.5,5.5,1211.2,41.5,3.6,2.1,0,621.5201346626959,38.25,85.0,2025-09-25 12:38:31
160.4,4.6,738.2,150,3.4,528.0,1180.4,60.02,211.9,5.4,5.5,1211.2,41.6,3.6,2.1,0,621.5201346626959,38.25,85.0,2025-09-25 12:38:49
160.4,5.1,816.1,148.6,3.9,578.7,1300.2,60.04,212.7,6.1,5.5,1211.2,41.6,3.7,2.2,0,699.2101514955328,38.875,85.0,2025-09-25 12:39:34
157.3,5.2,825.0,148.6,4,591.9,1314.1,60.01,212.6,6.2,5.5,1211.2,41.8,3.7,2.2,0,738.0551599119514,39.187,85.0,2025-09-25 12:39:51
161.3,5.2,869.1,152.8,3.9,612.0,1365.5,59.99,213,6.3,5.5,1211.2,41.9,3.7,2.2,0,776.9001683283698,39.062,85.0,2025-09-25 12:40:36
160.5,5.4,861.1,149.5,4,614.8,1376.9,60,212.8,6.4,5.5,1211.2,42,3.7,2.2,0,738.0551599119514,39.437,85.0,2025-09-25 12:40:54
160.5,5,777.3,148.5,3.8,570.8,1263.7,60.03,212.1,5.9,5.5,1211.2,42.1,3.7,2.2,0,699.2101514955328,40.0,85.0,2025-09-25 12:41:39
160.9,4.8,799.4,150.4,3.8,577.9,1284.5,60.05,212.8,5.8,5.5,1211.2,42.2,3.7,2.2,0,699.2101514955328,40.0,85.0,2025-09-25 12:41:56
162.9,4.2,695.7,151.5,3.4,531.1,1146.4,60.03,212.5,5.4,5.5,1211.2,42.3,3.7,2.2,0,621.5201346626959,39.562,85.0,2025-09-25 12:42:41
160.1,4,650.7,149.9,3.2,487.8,1062.2,60.03,212.4,4.8,5.5,1211.2,42.2,3.7,2.2,0,543.8301178298589,39.687,85.0,2025-09-25 12:42:59
156.5,3.8,564.2,150.2,3.1,455.3,950.2,60.03,212.1,4.6,5.6,1211.3,42,3.7,2.2,0,543.8301178298589,39.375,85.0,2025-09-25 12:43:44
155.2,4.4,688.0,149.8,3.5,524.1,1129.9,60.01,212.2,5.2,5.6,1211.3,42,3.7,2.2,0,621.5201346626959,39.5,85.0,2025-09-25 12:44:01
160.5,4.4,734.9,148.6,3.6,546.5,1194.8,60.02,212.1,5.4,5.6,1211.3,42.1,3.7,2.2,0,621.5201346626959,39.687,85.0,2025-09-25 12:44:46
157.7,4.8,748.6,148.6,3.8,564.1,1230.0,60.01,212.3,5.8,5.6,1211.3,42.1,3.7,2.2,0,660.3651430791144,39.75,85.0,2025-09-25 12:45:04
162.6,4.9,769.0,153,4,588.2,1250.9,60,212.5,6.1,5.6,1211.3,42.2,3.7,2.2,0,699.2101514955328,39.875,85.0,2025-09-25 12:45:48
161.2,4.9,737.9,150,3.8,574.9,1222.6,59.98,212.5,5.9,5.6,1211.3,42.2,3.7,2.2,0,660.3651430791144,40.0,85.0,2025-09-25 12:46:06
158.5,4.5,698.7,150,3.5,532.3,1147.7,59.98,212,5.3,5.6,1211.3,42.3,3.7,2.2,0,621.5201346626959,40.25,85.0,2025-09-25 12:46:51
162.3,3.9,677.8,149.9,3.5,530.8,1128.9,59.98,212.3,5.2,5.6,1211.3,42.3,3.7,2.2,0,621.5201346626959,40.312,85.0,2025-09-25 12:47:08
160.4,4.7,744.1,151.5,3.7,566.2,1221.3,59.99,212.7,5.7,5.6,1211.3,42.4,3.8,2.2,0,660.3651430791144,40.437,85.0,2025-09-25 12:47:53
160.5,4.7,745.1,153.1,3.7,565.9,1221.6,59.99,212.7,5.8,5.6,1211.3,42.4,3.8,2.2,0,660.3651430791144,40.312,85.0,2025-09-25 12:48:11
155.8,4.9,764.4,147,4,584.5,1256.4,60,212,5.8,5.7,1211.4,42.6,3.8,2.2,0,660.3651430791144,40.875,85.0,2025-09-25 12:48:56
157.6,4.8,754.1,148.7,3.8,581.4,1243.3,59.97,211.9,5.8,5.7,1211.4,42.7,3.8,2.2,0,660.3651430791144,41.0,85.0,2025-09-25 12:49:13
155.6,4.9,752.8,148.1,3.9,593.4,1265.1,59.98,212,5.9,5.7,1211.4,42.8,3.8,2.2,0,660.3651430791144,41.062,85.0,2025-09-25 12:49:58
159.9,4.7,733.8,150.3,3.9,578.3,1221.6,59.98,212,5.9,5.7,1211.4,42.9,3.8,2.3,0,660.3651430791144,41.125,85.0,2025-09-25 12:50:16
155.6,3.2,510.4,149.8,2.8,419.2,867.5,60.01,210.2,4.1,5.7,1211.4,42.8,3.8,2.3,0,427.2950925806034,40.312,85.0,2025-09-25 12:51:01
156.4,3.1,488.5,149.6,2.7,401.7,828.9,60.01,210.4,4,5.7,1211.4,42.7,3.8,2.3,0,427.2950925806034,40.312,85.0,2025-09-25 12:51:18
152.8,4.9,736.4,150,3.9,579.2,1225.0,60.02,211.1,5.9,5.7,1211.4,42.7,3.8,2.3,0,660.3651430791144,40.687,85.0,2025-09-25 12:52:03
157.4,5,777.2,150.3,3.9,598.8,1282.7,60.01,211.2,6,5.7,1211.4,42.8,3.8,2.3,0,699.2101514955328,40.687,85.0,2025-09-25 12:52:21
157.3,5.3,830.1,147.1,4.3,640.4,1369.9,60,212.1,6.3,5.7,1211.4,42.9,3.8,2.3,0,738.0551599119514,40.687,85.0,2025-09-25 12:53:06
160.4,5.2,836.0,147.2,4.3,646.3,1380.8,59.98,212.1,6.5,5.7,1211.4,43,3.8,2.3,0,738.0551599119514,40.937,85.0,2025-09-25 12:53:23
160.4,4.9,770.9,147.4,4.2,596.6,1274.4,60.02,212.2,6.2,5.8,1211.5,43.1,3.8,2.3,0,738.0551599119514,41.187,85.0,2025-09-25 12:54:08
156,5.3,805.9,148.7,4.3,638.4,1345.0,60,212.4,6.3,5.8,1211.5,43.2,3.8,2.3,0,738.0551599119514,41.25,85.0,2025-09-25 12:54:26
160.1,5.3,830.5,150,4.4,649.0,1371.0,60.03,212.4,6.4,5.8,1211.5,43.3,3.8,2.3,0,738.0551599119514,41.312,85.0,2025-09-25 12:55:10
157.3,5.2,813.3,147,4.3,642.4,1356.0,60.02,212.5,6.3,5.8,1211.5,43.3,3.8,2.3,0,738.0551599119514,41.375,85.0,2025-09-25 12:55:28
156.3,5,730.4,150,4,557.1,1195.8,59.99,212.5,6,5.8,1211.5,43.1,3.9,2.3,0,699.2101514955328,41.25,85.0,2025-09-25 12:56:13
156.2,5.2,821.8,147.3,4.4,651.8,1374.8,60.02,212.8,6.4,5.8,1211.5,43,3.9,2.3,0,738.0551599119514,41.125,85.0,2025-09-25 12:56:30
159.8,4.8,753.9,149.4,4.1,605.9,1265.0,59.99,212.6,6,5.8,1211.5,43,3.9,2.3,0,660.3651430791144,41.625,85.0,2025-09-25 12:57:15
159.6,5.2,818.8,147.2,4.6,662.6,1384.7,59.98,212.7,6.6,5.8,1211.5,43.1,3.9,2.3,0,776.9001683283698,41.687,85.0,2025-09-25 12:57:33
160.1,5.5,847.2,148.4,4.7,688.3,1432.6,59.99,212.7,6.8,5.9,1211.6,43.3,3.9,2.3,0,776.9001683283698,41.562,85.0,2025-09-25 12:58:18
157.3,5.2,819.4,149,4.4,662.2,1381.5,60,212.6,6.5,5.9,1211.6,43.4,3.9,2.3,0,738.0551599119514,41.875,85.0,2025-09-25 12:58:35
157.4,5.4,839.4,152.9,4.5,668.3,1411.0,60.03,212.3,6.7,5.9,1211.6,43.4,3.9,2.3,0,776.9001683283698,42.0,85.0,2025-09-25 12:59:20
158.7,5.1,835.2,148.5,4.6,677.4,1397.1,59.98,212.2,6.6,5.9,1211.6,43.4,3.9,2.3,0,776.9001683283698,42.375,85.0,2025-09-25 12:59:38
157.4,5.5,855.0,145.6,4.8,697.6,1447.2,60,212.4,6.7,5.9,1211.6,43.3,3.9,2.4,0,776.9001683283698,42.187,85.0,2025-09-25 13:00:23
157.4,5.4,847.5,145.6,4.7,684.9,1426.7,59.98,212.4,6.7,5.9,1211.6,43.3,3.9,2.4,0,776.9001683283698,42.125,85.0,2025-09-25 13:00:40
157.3,5.2,808.0,145.7,4.5,655.5,1361.9,59.99,212.6,6.5,5.9,1211.6,43.5,3.9,2.4,0,738.0551599119514,42.375,85.0,2025-09-25 13:01:25
157.3,5.2,811.7,148.6,4.5,655.3,1367.0,60.02,212.8,6.3,5.9,1211.6,43.5,3.9,2.4,0,738.0551599119514,42.5,85.0,2025-09-25 13:01:43
159.3,4.2,735.5,154.8,3.5,578.7,1226.4,59.99,212.5,5.2,6.0,1211.7,43.5,3.9,2.4,0,582.6751262462774,42.5,85.0,2025-09-25 13:02:28
160.1,3.2,505.6,151.3,3,444.9,881.2,59.99,212.1,4.1,6.0,1211.7,43.5,3.9,2.4,0,427.2950925806034,42.062,85.0,2025-09-25 13:02:45
156.9,2.9,450.3,149,2.6,385.7,779.0,60.01,211.8,3.7,6.0,1211.7,43,4.0,2.4,0,388.4500841641849,41.125,85.0,2025-09-25 13:03:30
157.3,2.8,448.8,148.6,2.5,379.9,770.4,59.99,211.8,3.6,6.0,1211.7,42.8,4.0,2.4,0,388.4500841641849,40.562,85.0,2025-09-25 13:03:48
157.4,2.8,441.2,148.1,2.5,366.8,753.3,60.02,211.6,3.5,6.0,1211.7,42.5,4.0,2.4,0,349.6050757477664,40.625,85.0,2025-09-25 13:04:33
156.7,2.8,436.5,149.6,2.5,363.5,744.6,60.04,211.6,3.6,6.0,1211.7,42.5,4.0,2.4,0,349.6050757477664,40.5,85.0,2025-09-25 13:04:50
160.2,4.1,666.3,148.5,3.7,553.9,1138.1,60.04,211.8,5.3,6.0,1211.7,42.5,4.0,2.4,0,582.6751262462774,40.312,85.0,2025-09-25 13:05:35
159.2,3.3,533.9,150.3,2.9,444.2,913.6,60.03,211.6,4.2,6.0,1211.7,42.5,4.0,2.4,0,466.14010099702193,40.375,85.0,2025-09-25 13:05:53
157.8,2.8,447.3,148.5,2.5,371.6,762.9,59.98,211.3,3.6,6.0,1211.7,42.2,4.0,2.4,0,388.4500841641849,40.125,85.0,2025-09-25 13:06:38
162.4,2.9,420.9,146.6,2.5,374.8,741.5,60.01,210.7,3.7,6.0,1211.7,42.3,4.0,2.4,0,388.4500841641849,40.062,85.0,2025-09-25 13:06:55
160.2,4.2,682.8,149.7,3.6,548.9,1147.5,60.01,212.3,5.1,6.0,1211.7,42.3,4.0,2.4,0,543.8301178298589,40.125,85.0,2025-09-25 13:07:40
159.2,4.5,705.6,145.8,4,576.5,1213.7,59.99,212.4,5.7,6.0,1211.7,42.4,4.0,2.4,0,621.5201346626959,40.187,85.0,2025-09-25 13:07:57
163,3.9,594.4,148.5,3.4,511.7,1034.0,59.99,212.1,4.9,6.0,1211.7,42.5,4.0,2.4,0,543.8301178298589,40.375,85.0,2025-09-25 13:08:42
162.5,3.6,570.9,151.5,3.1,475.0,973.9,60.01,212.2,4.6,6.0,1211.7,42.5,4.0,2.4,0,504.9851094134404,40.375,85.0,2025-09-25 13:09:00
160.3,3.5,561.4,145.9,3.2,465.9,957.8,60.01,212.1,4.5,6.1,1211.8,42.6,4.0,2.4,0,504.9851094134404,40.187,85.0,2025-09-25 13:09:45
160.4,3.6,577.5,151.5,3.2,476.1,983.9,59.97,212,4.5,6.1,1211.8,42.6,4.0,2.4,0,504.9851094134404,40.062,85.0,2025-09-25 13:10:02
160.3,3.4,546.7,150.8,2.9,450.3,930.3,59.97,212.4,4.3,6.1,1211.8,42.7,4.0,2.4,0,466.14010099702193,40.125,85.0,2025-09-25 13:10:47
157.2,3.4,546.0,148.6,3,459.0,938.5,59.98,212.1,4.4,6.1,1211.8,42.7,4.0,2.4,0,466.14010099702193,40.312,85.0,2025-09-25 13:11:05
161.8,3.3,567.4,148.6,3.2,471.7,971.9,60,211.9,4.3,6.1,1211.8,42.8,4.0,2.4,0,504.9851094134404,40.187,85.0,2025-09-25 13:11:50
160.5,3.5,555.9,145.5,3.1,456.7,944.9,60,211.8,4.4,6.1,1211.8,42.7,4.0,2.4,0,466.14010099702193,40.187,85.0,2025-09-25 13:12:07
162.1,3.3,483.9,150.5,2.8,429.9,879.9,60.02,212.2,4.2,6.1,1211.8,42.7,4.0,2.5,0,427.2950925806034,39.812,85.0,2025-09-25 13:12:52
160.4,2.9,513.2,148.6,2.8,422.8,870.8,60.02,212.1,4,6.1,1211.8,42.6,4.0,2.5,0,427.2950925806034,39.812,85.0,2025-09-25 13:13:10
160.5,3.2,509.9,148.6,2.8,420.4,867.3,60.01,212.3,4,6.1,1211.8,42.5,4.0,2.5,0,427.2950925806034,39.75,85.0,2025-09-25 13:13:55
162.6,3.2,470.4,149.9,2.7,420.5,831.3,59.98,212.1,4.1,6.1,1211.8,42.5,4.0,2.5,0,427.2950925806034,39.687,85.0,2025-09-25 13:14:12
157.4,3,479.7,148.6,2.7,402.6,822.4,59.99,211.4,3.9,6.1,1211.8,42.5,4.1,2.5,0,427.2950925806034,39.75,85.0,2025-09-25 13:14:57
160.4,3,479.2,150.5,2.6,391.1,811.6,60.01,211.5,3.9,6.1,1211.8,42.5,4.1,2.5,0,427.2950925806034,39.75,85.0,2025-09-25 13:15:15
160.5,3,476.3,145.7,2.6,389.9,806.4,59.97,212,3.8,6.2,1211.9,42.4,4.1,2.5,0,427.2950925806034,40.062,85.0,2025-09-25 13:15:59
159.3,3,480.8,148.6,2.7,397.4,819.3,59.99,212.2,3.9,6.2,1211.9,42.4,4.1,2.5,0,427.2950925806034,39.875,85.0,2025-09-25 13:16:17
160.4,2.5,436.5,151.6,2.4,355.7,738.5,59.99,211.9,3.3,6.2,1211.9,42.5,4.1,2.5,0,349.6050757477664,39.625,85.0,2025-09-25 13:17:02
158,2.7,427.5,148.7,2.4,353.4,729.3,59.99,212.1,3.5,6.2,1211.9,42.4,4.1,2.5,0,349.6050757477664,39.625,85.0,2025-09-25 13:17:20
162.9,2.6,405.6,148.5,2.3,347.6,689.4,59.97,211.4,3.4,6.2,1211.9,42.3,4.1,2.5,0,349.6050757477664,39.5,85.0,2025-09-25 13:18:04
160.3,2.6,424.6,151.6,2.2,346.6,718.8,59.98,211.4,3.4,6.2,1211.9,42.1,4.1,2.5,0,349.6050757477664,39.437,85.0,2025-09-25 13:18:22
160.4,2.6,415.3,146.6,2.3,339.4,705.2,59.99,211.2,3.3,6.2,1211.9,41.7,4.1,2.5,0,349.6050757477664,39.062,85.0,2025-09-25 13:19:07
162.8,2.3,403.7,148.4,2.2,335.7,691.7,60,211.1,3.3,6.2,1211.9,41.7,4.1,2.5,0,349.6050757477664,39.125,85.0,2025-09-25 13:19:25
158.6,2.5,406.9,147.2,2.2,330.4,688.3,59.96,211.4,3.2,6.2,1211.9,41.8,4.1,2.5,0,349.6050757477664,38.812,85.0,2025-09-25 13:20:09
160.8,2.5,388.6,148.7,2.2,333.4,676.4,60.04,211.5,3.2,6.2,1211.9,41.8,4.1,2.5,0,349.6050757477664,38.75,85.0,2025-09-25 13:20:27
158.8,2.5,394.4,146.8,2.2,328.5,674.4,60.04,211.7,3.1,6.2,1211.9,41.8,4.1,2.5,0,349.6050757477664,38.687,85.0,2025-09-25 13:21:12
160.4,2.5,395.3,151.2,2.2,318.2,667.8,60.04,211.5,3.1,6.2,1211.9,41.9,4.1,2.5,0,310.76006733134795,38.687,85.0,2025-09-25 13:21:30
160.4,2.4,391.3,148.7,2.1,321.9,665.6,59.99,211.8,3.2,6.2,1211.9,41.9,4.1,2.5,0,310.76006733134795,38.437,85.0,2025-09-25 13:22:14
158,2.4,382.7,149,2.1,320.5,655.9,60.02,211.6,3.1,6.2,1211.9,41.9,4.1,2.5,0,310.76006733134795,38.437,85.0,2025-09-25 13:22:32
161,2.1,381.3,150.5,2.1,313.1,637.5,59.98,211.5,2.9,6.2,1211.9,41.9,4.1,2.5,0,310.76006733134795,38.562,85.0,2025-09-25 13:23:17
160.4,2.4,378.9,148.9,2,312.4,645.5,59.99,211.6,3,6.2,1211.9,41.9,4.1,2.5,0,310.76006733134795,38.625,85.0,2025-09-25 13:23:34
160.1,2.3,360.0,148.4,2.1,307.2,622.1,59.98,211.5,3,6.2,1211.9,42,4.1,2.5,0,310.76006733134795,38.375,85.0,2025-09-25 13:24:19
160.6,2,371.6,148.8,2,306.9,633.4,59.98,211.2,2.8,6.3,1212.0,41.9,4.1,2.5,0,310.76006733134795,38.25,85.0,2025-09-25 13:24:37
160.2,2.3,366.9,148.6,2,303.8,625.8,59.98,210.5,2.9,6.3,1212.0,41.8,4.1,2.5,0,310.76006733134795,38.062,85.0,2025-09-25 13:25:21
163.5,2.3,345.3,151.3,2,299.1,605.7,59.98,210.5,3,6.3,1212.0,41.8,4.1,2.5,0,310.76006733134795,38.125,85.0,2025-09-25 13:25:39
157.1,2.2,356.3,148.4,2,297.7,611.1,60.03,210.6,3,6.3,1212.0,41.6,4.1,2.5,0,310.76006733134795,37.687,85.0,2025-09-25 13:26:24
160.7,2.2,359.1,151.3,1.9,295.3,611.4,60.03,211.2,2.9,6.3,1212.0,41.5,4.1,2.5,0,310.76006733134795,37.625,85.0,2025-09-25 13:26:42
160.3,2.2,348.1,148.5,1.9,287.4,596.1,60.01,211.6,2.8,6.3,1212.0,41.5,4.1,2.5,0,271.91505891492943,37.687,85.0,2025-09-25 13:27:26
157.6,2.2,348.9,148.6,1.9,287.8,595.3,59.99,211.6,2.8,6.3,1212.0,41.5,4.1,2.5,0,310.76006733134795,37.625,85.0,2025-09-25 13:27:44
161.3,2,350.4,148.6,1.9,287.1,595.4,60.02,211.5,2.7,6.3,1212.0,41.5,4.1,2.5,0,271.91505891492943,37.437,85.0,2025-09-25 13:28:29
160.1,2.2,345.8,148.5,1.9,285.6,589.2,60.04,211.7,2.7,6.3,1212.0,41.5,4.1,2.5,0,271.91505891492943,37.437,85.0,2025-09-25 13:28:47
162.8,2.2,330.9,150.6,1.9,281.0,570.6,60.01,211.7,2.7,6.3,1212.0,41.4,4.1,2.5,0,271.91505891492943,37.437,85.0,2025-09-25 13:29:31
160.4,2.2,346.2,148.5,1.9,282.9,586.6,60.02,211.7,2.7,6.3,1212.0,41.4,4.1,2.5,0,271.91505891492943,37.312,85.0,2025-09-25 13:29:49
160.2,2.1,342.9,147.5,1.9,281.8,583.3,59.97,211.7,2.7,6.3,1212.0,41.2,4.2,2.5,0,271.91505891492943,37.187,85.0,2025-09-25 13:30:34
162.5,2.1,328.3,151.5,1.8,277.4,566.0,59.97,211.4,2.7,6.3,1212.0,41.2,4.2,2.6,0,271.91505891492943,37.062,85.0,2025-09-25 13:30:52
159.6,2.1,331.5,148.6,1.8,274.4,565.3,59.98,211.6,2.6,6.3,1212.0,41.2,4.2,2.6,0,271.91505891492943,36.937,85.0,2025-09-25 13:31:36
160.5,2,325.6,145.6,1.8,267.7,552.0,59.98,211.5,2.6,6.3,1212.0,41.2,4.2,2.6,0,271.91505891492943,36.75,85.0,2025-09-25 13:31:54
157.8,1.9,303.3,148.7,1.7,263.6,531.8,60.01,211.3,2.5,6.3,1212.0,41.1,4.2,2.6,0,271.91505891492943,36.312,85.0,2025-09-25 13:32:39
160.4,1.9,301.9,152,1.7,256.3,522.0,59.97,211.2,2.4,6.3,1212.0,41,4.2,2.6,0,233.07005049851097,36.187,85.0,2025-09-25 13:32:56
160.5,1.8,288.3,151.4,1.6,248.2,501.8,59.98,211.2,2.3,6.3,1212.0,40.9,4.2,2.6,0,233.07005049851097,36.125,85.0,2025-09-25 13:33:41
157.5,1.7,278.5,145.7,1.6,240.7,487.3,59.97,211.2,2.3,6.3,1212.0,40.9,4.2,2.6,0,233.07005049851097,36.25,85.0,2025-09-25 13:33:59
162.8,1.6,279.3,148.6,1.5,234.6,482.3,59.96,211.4,2.2,6.3,1212.0,40.6,4.2,2.6,0,233.07005049851097,36.062,85.0,2025-09-25 13:34:44
160.4,1.7,282.3,148.5,1.5,232.2,481.1,59.96,210.4,2.2,6.4,1212.1,40.5,4.2,2.6,0,233.07005049851097,35.75,85.0,2025-09-25 13:35:01
161,1.8,276.7,148.6,1.5,232.3,475.2,59.96,210.5,2.3,6.4,1212.1,40.3,4.2,2.6,0,233.07005049851097,35.5,85.0,2025-09-25 13:35:46
161.9,1.6,285.2,148.6,1.5,232.4,483.4,59.97,210.5,2.2,6.4,1212.1,40.3,4.2,2.6,0,233.07005049851097,35.687,85.0,2025-09-25 13:36:04
160.3,1.8,284.8,151.5,1.5,229.9,481.3,59.96,210.7,2.3,6.4,1212.1,40.1,4.2,2.6,0,233.07005049851097,35.375,85.0,2025-09-25 13:36:48
161.8,1.7,276.7,147.6,1.5,226.1,470.6,59.97,210.5,2.2,6.4,1212.1,40,4.2,2.6,0,233.07005049851097,35.312,85.0,2025-09-25 13:37:06
160.3,1.7,279.8,151.4,1.5,226.1,472.5,59.97,210.4,2.2,6.4,1212.1,39.8,4.2,2.6,0,233.07005049851097,35.187,85.0,2025-09-25 13:37:51
161.6,1.7,279.2,145.7,1.5,223.9,469.8,60.01,211,2.2,6.4,1212.1,39.8,4.2,2.6,0,233.07005049851097,34.937,85.0,2025-09-25 13:38:09
160.1,1.7,276.4,148.6,1.5,227.0,471.0,60,210.8,2.2,6.4,1212.1,39.6,4.2,2.6,0,233.07005049851097,35.125,85.0,2025-09-25 13:38:53
162.4,1.7,271.4,148.6,1.5,224.4,465.6,60.02,210.9,2.2,6.4,1212.1,39.6,4.2,2.6,0,233.07005049851097,35.125,85.0,2025-09-25 13:39:11
163.3,1.6,263.1,145.6,1.4,215.2,448.0,60.04,211,2.1,6.4,1212.1,39.6,4.2,2.6,0,233.07005049851097,34.875,85.0,2025-09-25 13:39:56
160.4,1.6,262.1,151.4,1.4,213.9,446.5,60.02,210.7,2,6.4,1212.1,39.5,4.2,2.6,0,233.07005049851097,34.875,85.0,2025-09-25 13:40:14
160.3,1.5,248.1,148.6,1.3,203.1,423.2,60.03,210.8,2,6.4,1212.1,39.4,4.2,2.6,0,194.22504208209244,34.937,85.0,2025-09-25 13:40:58
163.4,1.5,239.3,148.5,1.3,199.9,412.1,60.03,210.7,1.9,6.4,1212.1,39.4,4.2,2.6,0,194.22504208209244,34.937,85.0,2025-09-25 13:41:16
160.3,1.5,237.8,148.6,1.2,191.0,400.4,60.02,211.2,1.8,6.4,1212.1,39.4,4.2,2.6,0,194.22504208209244,34.875,85.0,2025-09-25 13:42:01
160.4,1.4,230.8,148.3,1.2,188.0,393.4,59.98,211.3,1.8,6.4,1212.1,39.4,4.2,2.6,0,194.22504208209244,34.937,85.0,2025-09-25 13:42:19
159.6,1.4,223.8,150.7,1.1,179.9,380.6,60,211.3,1.7,6.4,1212.1,39.4,4.2,2.6,0,194.22504208209244,34.875,85.0,2025-09-25 13:43:03
160.3,1.4,224.4,148.6,1.2,178.5,379.1,60,211.3,1.7,6.4,1212.1,39.4,4.2,2.6,0,194.22504208209244,34.625,85.0,2025-09-25 13:43:21
160.4,1.3,218.1,145.7,1.1,170.0,364.3,59.97,211.3,1.7,6.4,1212.1,39.2,4.2,2.6,0,194.22504208209244,34.625,85.0,2025-09-25 13:44:05
158.8,1.3,212.0,150.1,1.1,167.5,357.7,59.99,211.2,1.7,6.4,1212.1,39.2,4.2,2.6,0,194.22504208209244,34.562,85.0,2025-09-25 13:44:24
161.5,1.2,209.7,146.7,1.1,165.8,354.0,59.97,211.4,1.5,6.4,1212.1,39.1,4.2,2.6,0,155.38003366567398,34.375,85.0,2025-09-25 13:45:08
160.5,1.3,206.5,148.6,1.1,163.6,349.2,59.98,211.3,1.6,6.4,1212.1,39.1,4.2,2.6,0,155.38003366567398,34.312,85.0,2025-09-25 13:45:26
162.4,1.2,190.1,151.5,1,157.3,336.0,59.99,211.6,1.5,6.4,1212.1,39.1,4.2,2.6,0,155.38003366567398,34.312,85.0,2025-09-25 13:46:10
161.1,1.1,199.1,147.7,1,157.4,336.4,60,211.4,1.5,6.4,1212.1,39.1,4.2,2.6,0,155.38003366567398,34.25,85.0,2025-09-25 13:46:29
162.4,1.2,193.1,148.3,1,152.2,323.9,60.03,211.5,1.5,6.4,1212.1,39,4.2,2.6,0,155.38003366567398,34.187,85.0,2025-09-25 13:47:13
160.8,1.1,192.6,151.5,0.9,147.2,313.5,60.02,211.6,1.4,6.4,1212.1,39,4.2,2.6,0,155.38003366567398,34.125,85.0,2025-09-25 13:47:31
160.3,1.1,182.5,145.8,0.9,141.1,307.0,60.03,211,1.4,6.4,1212.1,38.9,4.2,2.6,0,155.38003366567398,34.0,85.0,2025-09-25 13:48:15
160.4,1.1,183.7,148.7,0.9,140.9,307.6,60,210.4,1.4,6.4,1212.1,38.8,4.2,2.6,0,155.38003366567398,33.875,85.0,2025-09-25 13:48:34
163.4,1,166.6,151.5,0.9,133.3,287.0,60.03,211.1,1.4,6.4,1212.1,38.7,4.2,2.6,0,155.38003366567398,33.75,85.0,2025-09-25 13:49:18
160.6,1.1,173.8,145.2,0.9,133.2,291.8,59.98,210.9,1.3,6.4,1212.1,38.7,4.2,2.6,0,116.53502524925548,33.75,85.0,2025-09-25 13:49:36
157.1,1.1,171.3,148.6,0.8,129.3,285.1,59.97,210.5,1.3,6.5,1212.2,38.6,4.2,2.6,0,116.53502524925548,33.812,85.0,2025-09-25 13:50:20
163,0.9,165.2,148.4,0.8,126.6,278.9,59.96,210.7,1.3,6.5,1212.2,38.6,4.2,2.6,0,116.53502524925548,33.75,85.0,2025-09-25 13:50:38
160.5,1,168.3,145.2,0.8,122.6,276.7,59.97,210.7,1.3,6.5,1212.2,38.6,4.2,2.6,0,116.53502524925548,33.5,85.0,2025-09-25 13:51:23
160.4,1,168.4,148.6,0.8,122.6,276.5,59.98,210.8,1.2,6.5,1212.2,38.5,4.2,2.6,0,116.53502524925548,33.437,85.0,2025-09-25 13:51:41
163,1,148.5,150.4,0.8,115.6,253.6,59.98,210.8,1.2,6.5,1212.2,38.5,4.2,2.6,0,116.53502524925548,33.437,85.0,2025-09-25 13:52:25
157.5,1,162.6,145.6,0.8,115.7,264.2,59.99,211,1.2,6.5,1212.2,38.5,4.2,2.6,0,116.53502524925548,33.375,85.0,2025-09-25 13:52:43
159.5,1,162.5,148.6,0.7,113.2,263.5,59.99,210.8,1.2,6.5,1212.2,38.5,4.2,2.6,0,116.53502524925548,33.375,85.0,2025-09-25 13:53:27
160.7,0.9,162.4,151.1,0.7,109.4,259.3,59.97,210.8,1,6.5,1212.2,38.5,4.2,2.6,0,116.53502524925548,33.25,85.0,2025-09-25 13:53:46
158,1,156.3,148.1,0.7,109.0,254.1,60,210.8,1.2,6.5,1212.2,38.4,4.2,2.6,0,116.53502524925548,33.062,85.0,2025-09-25 13:54:30
160.5,0.9,155.2,148.6,0.7,108.9,252.4,60,210.8,1.1,6.5,1212.2,38.3,4.2,2.6,0,116.53502524925548,32.937,85.0,2025-09-25 13:54:48
160.5,0.8,152.6,151.6,0.6,104.1,247.6,60.01,210.7,1.1,6.5,1212.2,38.3,4.2,2.6,0,116.53502524925548,33.0,85.0,2025-09-25 13:55:32
157.5,0.9,148.2,148.2,0.7,105.8,243.9,59.99,210.9,1.1,6.5,1212.2,38.2,4.3,2.6,0,116.53502524925548,33.0,85.0,2025-09-25 13:55:51
160.1,0.9,144.0,145.9,0.7,103.1,237.1,59.99,211.6,1.1,6.5,1212.2,38.2,4.3,2.6,0,116.53502524925548,32.937,85.0,2025-09-25 13:56:35
160.5,0.7,142.3,151.6,0.6,102.8,232.0,59.99,211.5,1,6.5,1212.2,38.2,4.3,2.6,0,116.53502524925548,32.875,85.0,2025-09-25 13:56:53
160.1,0.8,139.9,148.7,0.7,105.6,236.9,60.01,211.5,1.1,6.5,1212.2,38.1,4.3,2.6,0,116.53502524925548,32.812,85.0,2025-09-25 13:57:37
160.4,0.9,143.0,148.2,0.7,105.8,240.0,60,210.7,1.2,6.5,1212.2,38,4.3,2.6,0,116.53502524925548,32.75,85.0,2025-09-25 13:57:56
163,0.8,142.3,151.3,0.7,108.0,241.5,60.04,210.8,1.1,6.5,1212.2,37.9,4.3,2.6,0,116.53502524925548,32.5,85.0,2025-09-25 13:58:40
157.5,0.9,147.5,148.6,0.7,109.6,246.7,60.02,210.6,1.1,6.5,1212.2,37.9,4.3,2.6,0,116.53502524925548,32.5,85.0,2025-09-25 13:58:58
157.7,0.9,148.5,145.5,0.7,108.5,246.8,60.02,210.8,1.1,6.5,1212.2,37.9,4.3,2.6,0,116.53502524925548,32.5,85.0,2025-09-25 13:59:42
162.6,0.8,147.9,151,0.7,109.0,247.3,60,210.7,1.2,6.5,1212.2,37.9,4.3,2.6,0,116.53502524925548,32.5,85.0,2025-09-25 14:00:01
160.2,0.9,150.4,148.8,0.7,108.0,249.5,60.03,210.5,1.1,6.5,1212.2,37.8,4.3,2.6,0,116.53502524925548,32.562,85.0,2025-09-25 14:00:45
157.8,0.9,151.2,145.6,0.7,107.5,246.1,60.02,210.6,1.1,6.5,1212.2,37.8,4.3,2.6,0,116.53502524925548,32.5,85.0,2025-09-25 14:01:03
159.9,0.9,155.5,149.3,0.7,109.6,254.0,60.03,211.3,1.1,6.5,1212.2,37.8,4.3,2.6,0,116.53502524925548,32.312,85.0,2025-09-25 14:01:47
160.5,1,158.7,148.5,0.7,110.2,257.1,60.02,211.2,1.2,6.5,1212.2,37.8,4.3,2.6,0,116.53502524925548,32.25,85.0,2025-09-25 14:02:06
157.2,1,157.0,145.4,0.7,108.2,253.5,60.03,210.5,1.1,6.5,1212.2,37.7,4.3,2.6,0,116.53502524925548,32.312,85.0,2025-09-25 14:02:49
163.7,1,151.7,148.7,0.7,109.6,252.2,60.01,210.6,1.1,6.5,1212.2,37.7,4.3,2.6,0,116.53502524925548,32.375,85.0,2025-09-25 14:03:08
160.4,1,159.4,151.4,0.7,108.5,256.9,60.02,210.5,1.1,6.5,1212.2,37.7,4.3,2.6,0,116.53502524925548,32.375,85.0,2025-09-25 14:03:52
160.3,1,159.2,145.7,0.7,108.5,255.9,60.04,210.4,1.2,6.5,1212.2,37.7,4.3,2.6,0,116.53502524925548,32.375,85.0,2025-09-25 14:04:11
163.6,1,149.7,148.7,0.7,109.9,249.9,60.04,210.5,1.2,6.5,1212.2,37.8,4.3,2.6,0,116.53502524925548,32.25,85.0,2025-09-25 14:04:54
157.4,1,155.6,151.5,0.7,108.6,254.0,60.02,210.6,1.2,6.5,1212.2,37.7,4.3,2.6,0,116.53502524925548,32.125,85.0,2025-09-25 14:05:13
160.2,0.9,157.7,145.7,0.7,108.0,252.1,60.02,210.8,1.2,6.5,1212.2,37.7,4.3,2.6,0,116.53502524925548,32.062,85.0,2025-09-25 14:05:57
162.8,0.9,155.2,148.8,0.7,108.0,252.6,60.02,210.6,1.1,6.5,1212.2,37.7,4.3,2.6,0,116.53502524925548,32.125,85.0,2025-09-25 14:06:15
160.1,0.9,153.4,151.5,0.6,103.4,247.3,59.99,210.6,1.1,6.5,1212.2,37.6,4.3,2.6,0,116.53502524925548,32.125,85.0,2025-09-25 14:06:59
160.4,0.9,153.4,146.1,0.7,103.8,247.8,59.96,210.5,1.2,6.5,1212.2,37.6,4.3,2.6,0,116.53502524925548,32.0,85.0,2025-09-25 14:07:18
162.9,0.9,152.0,148.3,0.7,101.4,244.4,60.03,210.7,1.1,6.5,1212.2,37.6,4.3,2.6,0,116.53502524925548,31.937,85.0,2025-09-25 14:08:02
157.5,0.9,150.2,151.5,0.6,99.2,239.9,60.01,210.8,1.2,6.5,1212.2,37.6,4.3,2.6,0,116.53502524925548,31.937,85.0,2025-09-25 14:08:20
160.3,0.9,151.3,148.6,0.6,99.8,241.5,60.01,211.2,1,6.5,1212.2,37.5,4.3,2.7,0,116.53502524925548,32.0,85.0,2025-09-25 14:09:04
160.4,0.9,151.1,148,0.6,98.5,240.8,59.99,211,1.1,6.5,1212.2,37.5,4.3,2.7,0,116.53502524925548,31.937,85.0,2025-09-25 14:09:23
157.4,0.9,148.7,151.5,0.6,96.5,235.9,59.97,211.2,1.1,6.5,1212.2,37.4,4.3,2.7,0,116.53502524925548,31.687,85.0,2025-09-25 14:10:07
160.4,0.9,150.3,145.4,0.6,97.9,238.1,59.97,211.1,1.1,6.5,1212.2,37.4,4.3,2.7,0,116.53502524925548,31.625,85.0,2025-09-25 14:10:25
160.4,0.9,150.5,148.5,0.6,99.1,241.3,60.01,211.2,1,6.5,1212.2,37.3,4.3,2.7,0,116.53502524925548,31.562,85.0,2025-09-25 14:11:09
157.6,0.9,149.0,151.6,0.6,97.7,238.5,59.97,211.2,1.1,6.5,1212.2,37.3,4.3,2.7,0,116.53502524925548,31.5,85.0,2025-09-25 14:11:28
160.2,0.9,151.1,148.6,0.7,101.2,243.4,59.96,211.1,1.1,6.5,1212.2,37.2,4.3,2.7,0,116.53502524925548,31.375,85.0,2025-09-25 14:12:12
160.3,0.9,152.1,148.7,0.6,101.3,244.2,59.99,211.3,1.1,6.5,1212.2,37.1,4.3,2.7,0,116.53502524925548,31.375,85.0,2025-09-25 14:12:30
160.4,0.9,152.8,151.3,0.6,102.5,245.8,60.01,211.2,1.1,6.5,1212.2,37,4.3,2.7,0,116.53502524925548,31.437,85.0,2025-09-25 14:13:14
160.4,0.9,152.6,148.5,0.7,105.2,248.2,60,211.2,1.1,6.5,1212.2,37,4.3,2.7,0,116.53502524925548,31.5,85.0,2025-09-25 14:13:33
157.5,0.9,151.2,145.7,0.7,105.3,246.6,59.98,211.2,1.2,6.6,1212.3,37,4.3,2.7,0,116.53502524925548,31.562,85.0,2025-09-25 14:14:17
159.9,0.9,152.6,151.6,0.7,105.1,249.1,59.96,211.2,1.1,6.6,1212.3,37.1,4.3,2.7,0,116.53502524925548,31.437,85.0,2025-09-25 14:14:35
160.3,0.9,149.5,148.6,0.7,106.8,246.9,59.98,210.6,1.2,6.6,1212.3,37,4.3,2.7,0,116.53502524925548,31.187,85.0,2025-09-25 14:15:19
158.3,0.9,147.0,147.5,0.7,105.2,242.8,59.99,210.6,1.1,6.6,1212.3,37,4.3,2.7,0,116.53502524925548,31.187,85.0,2025-09-25 14:15:38
161.5,0.9,136.7,150.7,0.6,103.1,231.6,59.99,210.4,1.1,6.6,1212.3,36.9,4.3,2.7,0,116.53502524925548,31.312,85.0,2025-09-25 14:16:21
159.2,0.8,138.6,148.5,0.7,102.5,232.7,59.99,210.3,1,6.6,1212.3,36.9,4.3,2.7,0,116.53502524925548,31.312,85.0,2025-09-25 14:16:40
158.5,0.9,141.4,145.6,0.6,99.3,232.9,60.01,210.3,1,6.6,1212.3,36.8,4.3,2.7,0,116.53502524925548,31.187,85.0,2025-09-25 14:17:24
161.6,0.8,143.3,150,0.6,100.5,236.4,59.99,210.4,1.1,6.6,1212.3,36.8,4.3,2.7,0,116.53502524925548,31.125,85.0,2025-09-25 14:17:43
157.4,0.9,146.7,149.8,0.7,101.3,240.8,60.03,210.6,1.1,6.6,1212.3,36.7,4.3,2.7,0,116.53502524925548,31.062,85.0,2025-09-25 14:18:26
161.2,0.9,148.4,145.7,0.7,102.6,239.4,60.01,210.6,1.1,6.6,1212.3,36.6,4.3,2.7,0,116.53502524925548,31.0,85.0,2025-09-25 14:18:45
162.3,0.9,153.8,147.4,0.7,106.3,250.8,60.01,210.4,1.1,6.6,1212.3,36.5,4.3,2.7,0,116.53502524925548,31.0,85.0,2025-09-25 14:19:29
157.4,0.9,154.0,151.4,0.7,106.7,249.9,60,210.4,1.2,6.6,1212.3,36.5,4.3,2.7,0,116.53502524925548,31.0,85.0,2025-09-25 14:19:47
157.4,1,155.9,148.7,0.7,108.8,253.8,59.98,210.3,1.2,6.6,1212.3,36.5,4.3,2.7,0,116.53502524925548,31.0,85.0,2025-09-25 14:20:31
163.6,0.9,158.2,148.5,0.7,108.5,256.4,59.97,210.5,1.1,6.6,1212.3,36.5,4.3,2.7,0,116.53502524925548,31.0,85.0,2025-09-25 14:20:50
160.5,1,159.5,151.5,0.7,109.5,258.0,60,210.8,1.1,6.6,1212.3,36.5,4.3,2.7,0,116.53502524925548,31.187,85.0,2025-09-25 14:21:34
157.4,1,157.4,148.6,0.7,110.6,257.2,60.01,210.8,1.2,6.6,1212.3,36.5,4.3,2.7,0,116.53502524925548,31.187,85.0,2025-09-25 14:21:52
163.3,0.9,160.7,145.6,0.7,110.5,259.2,59.99,211.4,1.1,6.6,1212.3,36.6,4.3,2.7,0,116.53502524925548,31.125,85.0,2025-09-25 14:22:36
160.7,1,159.0,148.6,0.7,112.3,261.3,60.02,211.4,1.2,6.6,1212.3,36.6,4.3,2.7,0,116.53502524925548,31.0,85.0,2025-09-25 14:22:55
160.5,1,160.0,151.5,0.7,112.2,261.1,60.03,211.3,1.2,6.6,1212.3,36.5,4.3,2.7,0,116.53502524925548,31.0,85.0,2025-09-25 14:23:39
160.5,1,159.1,145.6,0.7,112.2,258.5,60.02,211.4,1.2,6.6,1212.3,36.5,4.3,2.7,0,116.53502524925548,31.062,85.0,2025-09-25 14:23:57
157.1,0.9,155.3,148.6,0.7,113.7,257.4,60.03,211.1,1.1,6.6,1212.3,36.5,4.3,2.7,0,116.53502524925548,31.187,85.0,2025-09-25 14:24:41
161.2,0.9,156.9,150.5,0.7,112.8,258.7,60.02,211,1.2,6.6,1212.3,36.5,4.3,2.7,0,116.53502524925548,31.187,85.0,2025-09-25 14:25:00
159.8,0.9,153.2,147.1,0.7,112.3,255.2,60.01,211.2,1.1,6.6,1212.3,36.5,4.3,2.7,0,116.53502524925548,31.125,85.0,2025-09-25 14:25:44
158.3,0.9,150.9,148.6,0.7,112.3,253.1,60.02,211.1,1.2,6.6,1212.3,36.5,4.3,2.7,0,116.53502524925548,31.187,85.0,2025-09-25 14:26:02
161.4,0.9,153.4,151.5,0.7,110.5,253.5,60.02,211.1,1.1,6.6,1212.3,36.5,4.3,2.7,0,116.53502524925548,31.062,85.0,2025-09-25 14:26:46
160.5,0.9,152.3,147.6,0.7,110.2,251.5,60.01,210.6,1.2,6.6,1212.3,36.5,4.3,2.7,0,116.53502524925548,31.125,85.0,2025-09-25 14:27:05
158.5,0.9,145.9,146.7,0.7,107.6,243.3,59.99,210.7,1.1,6.6,1212.3,36.5,4.3,2.7,0,116.53502524925548,31.0,85.0,2025-09-25 14:27:48
159.9,0.9,146.1,151.5,0.7,105.7,242.6,60.02,210.8,1.1,6.6,1212.3,36.4,4.3,2.7,0,116.53502524925548,30.875,85.0,2025-09-25 14:28:07
158.4,0.9,145.1,148.6,0.7,105.9,243.1,60.02,211,1.1,6.6,1212.3,36.3,4.3,2.7,0,116.53502524925548,30.875,85.0,2025-09-25 14:28:51
163.3,0.9,144.6,148.7,0.7,105.6,240.6,60.03,210.3,1.1,6.6,1212.3,36.3,4.3,2.7,0,116.53502524925548,30.812,85.0,2025-09-25 14:29:10
160.5,0.9,146.7,151.7,0.7,105.4,242.7,60.03,210.3,1.1,6.6,1212.3,36.2,4.3,2.7,0,116.53502524925548,30.75,85.0,2025-09-25 14:29:53
160.5,0.9,146.2,148.5,0.7,107.3,243.0,60.02,210.3,1.1,6.6,1212.3,36.2,4.3,2.7,0,116.53502524925548,30.812,85.0,2025-09-25 14:30:12
163.4,0.8,141.8,145.5,0.7,106.6,237.8,60.01,210.2,1.1,6.6,1212.3,36.2,4.3,2.7,0,116.53502524925548,31.0,85.0,2025-09-25 14:30:56
160.4,0.9,143.2,151.6,0.7,105.5,239.5,59.98,210.9,1.1,6.6,1212.3,36.2,4.3,2.7,0,116.53502524925548,30.937,85.0,2025-09-25 14:31:15
160.2,0.8,137.0,148.5,0.7,104.0,233.1,59.97,210.4,1.1,6.6,1212.3,36.1,4.3,2.7,0,116.53502524925548,30.875,85.0,2025-09-25 14:31:58
159,0.8,135.2,146.8,0.7,103.6,229.5,60,210.4,1,6.6,1212.3,36.1,4.3,2.7,0,116.53502524925548,30.937,85.0,2025-09-25 14:32:17
163.2,0.8,123.5,148.6,0.6,104.3,220.9,60.03,211.4,1,6.6,1212.3,36.1,4.3,2.7,0,77.69001683283699,31.0,85.0,2025-09-25 14:33:00
158.3,0.7,122.6,148.6,0.7,105.0,219.2,60.03,211.5,1,6.6,1212.3,36.1,4.3,2.7,0,77.69001683283699,30.937,85.0,2025-09-25 14:33:20
160.3,0.7,120.5,145.3,0.7,101.5,214.6,60.03,211.4,1,6.6,1212.3,36.1,4.3,2.7,0,77.69001683283699,31.0,85.0,2025-09-25 14:34:03
160.8,0.6,119.6,147.9,0.6,100.6,213.2,60.01,211.6,0.9,6.6,1212.3,36.1,4.3,2.7,0,77.69001683283699,31.0,85.0,2025-09-25 14:34:22
158.4,0.7,117.8,146.6,0.6,95.7,205.5,60.02,211.5,1,6.6,1212.3,36.1,4.3,2.7,0,77.69001683283699,31.0,85.0,2025-09-25 14:35:05
160.3,0.7,119.6,151.4,0.6,93.5,207.0,60.01,211.4,1,6.6,1212.3,36.1,4.3,2.7,0,77.69001683283699,30.875,85.0,2025-09-25 14:35:24
160.9,0.6,121.2,148.6,0.6,93.5,207.6,60.02,211.2,0.9,6.6,1212.3,36,4.3,2.7,0,77.69001683283699,30.812,85.0,2025-09-25 14:36:08
157.3,0.7,119.3,148.8,0.6,92.5,205.4,60.04,211.1,1,6.6,1212.3,36,4.3,2.7,0,77.69001683283699,30.875,85.0,2025-09-25 14:36:27
160.3,0.7,117.6,149.1,0.6,91.7,203.0,60.04,211.1,1,6.6,1212.3,36,4.4,2.7,0,77.69001683283699,30.937,85.0,2025-09-25 14:37:10
160.4,0.7,115.1,148.6,0.6,91.7,199.5,60.05,211.1,0.8,6.6,1212.3,36,4.4,2.7,0,77.69001683283699,30.937,85.0,2025-09-25 14:37:29
157.4,0.6,107.0,148.4,0.5,87.1,188.1,60.04,211,0.8,6.6,1212.3,35.9,4.4,2.7,0,77.69001683283699,30.75,85.0,2025-09-25 14:38:13
161,0.6,98.4,148.6,0.5,84.6,179.9,60.03,211.1,0.8,6.6,1212.3,35.9,4.4,2.7,0,77.69001683283699,30.75,85.0,2025-09-25 14:38:32
160.4,0.6,105.0,151.6,0.5,80.8,181.4,59.99,210.2,0.8,6.6,1212.3,35.9,4.4,2.7,0,77.69001683283699,30.812,85.0,2025-09-25 14:39:15
157.3,0.6,104.4,148.6,0.5,83.1,181.6,60.02,210.4,0.9,6.7,1212.4,35.9,4.4,2.7,0,77.69001683283699,30.812,85.0,2025-09-25 14:39:34
160.9,0.6,98.1,151.4,0.5,81.1,174.6,59.98,211,0.9,6.7,1212.4,35.9,4.4,2.7,0,77.69001683283699,30.75,85.0,2025-09-25 14:40:18
160.6,0.6,103.7,148.5,0.5,81.7,180.4,59.96,210.9,0.9,6.7,1212.4,35.9,4.4,2.7,0,77.69001683283699,30.75,85.0,2025-09-25 14:40:37
157.4,0.6,104.8,145.7,0.5,79.7,179.4,60.01,210.9,0.8,6.7,1212.4,35.8,4.4,2.7,0,77.69001683283699,30.687,85.0,2025-09-25 14:41:20
163.1,0.6,91.4,149.5,0.5,79.7,166.8,59.98,211.1,0.8,6.7,1212.4,35.8,4.4,2.7,0,77.69001683283699,30.687,85.0,2025-09-25 14:41:39
160.2,0.6,105.5,148.6,0.5,78.5,179.0,59.99,211,0.8,6.7,1212.4,35.8,4.4,2.7,0,77.69001683283699,30.687,85.0,2025-09-25 14:42:23
159.7,0.6,105.5,146,0.5,78.3,178.4,60,211.1,0.8,6.7,1212.4,35.7,4.4,2.7,0,77.69001683283699,30.687,85.0,2025-09-25 14:42:42
163,0.6,97.8,147.1,0.5,76.5,159.4,60,210.2,0.8,6.7,1212.4,35.7,4.4,2.7,0,77.69001683283699,30.5,85.0,2025-09-25 14:43:25
157.6,0.6,98.0,147.1,0.5,75.5,168.2,60.01,210.3,0.8,6.7,1212.4,35.6,4.4,2.7,0,77.69001683283699,30.437,85.0,2025-09-25 14:43:44
159.6,0.6,94.2,147.1,0.4,72.1,162.4,59.98,210.6,0.8,6.7,1212.4,35.6,4.4,2.7,0,77.69001683283699,30.5,85.0,2025-09-25 14:44:27
160.4,0.4,92.9,150,0.4,70.2,153.7,60.02,210.4,0.7,6.7,1212.4,35.6,4.4,2.7,0,77.69001683283699,30.5,85.0,2025-09-25 14:44:47
160.4,0.5,90.0,142.8,0.4,68.6,154.4,60.02,211,0.7,6.7,1212.4,35.6,4.4,2.7,0,77.69001683283699,30.5,85.0,2025-09-25 14:45:30
160.7,0.5,80.8,145.6,0.4,68.4,144.8,60.02,211,0.7,6.7,1212.4,35.6,4.4,2.7,0,38.845008416418494,30.5,85.0,2025-09-25 14:45:49
160.4,0.4,89.0,142.6,0.4,64.3,148.1,60.01,211.1,0.6,6.7,1212.4,35.5,4.4,2.7,0,38.845008416418494,30.5,85.0,2025-09-25 14:46:32
160.4,0.5,88.1,148.6,0.4,63.3,147.2,59.97,211.1,0.7,6.7,1212.4,35.5,4.4,2.7,0,77.69001683283699,30.437,85.0,2025-09-25 14:46:51
157.5,0.5,87.7,145.4,0.4,61.0,144.6,60,210.8,0.7,6.7,1212.4,35.5,4.4,2.7,0,38.845008416418494,30.375,85.0,2025-09-25 14:47:35
157.4,0.5,87.9,142.8,0.4,59.8,144.3,60.02,210.8,0.7,6.7,1212.4,35.5,4.4,2.7,0,77.69001683283699,30.375,85.0,2025-09-25 14:47:54
157.4,0.5,87.4,142.6,0.4,58.9,142.5,60.01,211,0.7,6.7,1212.4,35.5,4.4,2.7,0,38.845008416418494,30.375,85.0,2025-09-25 14:48:37
159.7,0.5,87.3,145.6,0.4,58.5,141.3,59.97,211,0.7,6.7,1212.4,35.5,4.4,2.7,0,38.845008416418494,30.312,85.0,2025-09-25 14:48:56
160.4,0.5,86.1,148.6,0.3,55.7,139.1,59.98,210.7,0.6,6.7,1212.4,35.5,4.4,2.7,0,77.69001683283699,30.25,85.0,2025-09-25 14:49:40
154.6,0.5,85.0,142.6,0.3,55.8,137.2,60.02,210.8,0.7,6.7,1212.4,35.4,4.4,2.7,0,38.845008416418494,30.25,85.0,2025-09-25 14:49:59
156.9,0.5,85.1,145.1,0.4,56.1,137.5,60.01,210.7,0.7,6.7,1212.4,35.4,4.4,2.7,0,38.845008416418494,30.25,85.0,2025-09-25 14:50:42
160.3,0.5,85.2,148.5,0.4,57.0,139.5,59.98,210.7,0.7,6.7,1212.4,35.4,4.4,2.7,0,38.845008416418494,30.25,85.0,2025-09-25 14:51:01
158.4,0.5,88.9,150.9,0.3,59.6,144.4,60.01,210.4,0.7,6.7,1212.4,35.4,4.4,2.7,0,38.845008416418494,30.125,85.0,2025-09-25 14:51:45
160.4,0.4,91.1,142.6,0.4,60.4,148.1,60.01,210.3,0.7,6.7,1212.4,35.3,4.4,2.7,0,38.845008416418494,30.187,85.0,2025-09-25 14:52:04
157.4,0.6,93.8,148.7,0.4,60.9,151.1,60.02,210.3,0.6,6.7,1212.4,35.3,4.4,2.7,0,77.69001683283699,30.125,85.0,2025-09-25 14:52:47
160.6,0.6,95.6,145.6,0.4,60.7,153.4,60.03,210.6,0.8,6.7,1212.4,35.2,4.4,2.7,0,77.69001683283699,30.125,85.0,2025-09-25 14:53:06
160.5,0.5,97.1,145.6,0.4,58.7,152.0,60.03,210.7,0.7,6.7,1212.4,35.2,4.4,2.7,0,77.69001683283699,30.125,85.0,2025-09-25 14:53:49
157.4,0.6,95.4,145.5,0.4,57.8,149.0,60,210.6,0.7,6.7,1212.4,35.2,4.4,2.7,0,77.69001683283699,30.125,85.0,2025-09-25 14:54:09
160.3,0.5,92.1,145.6,0.3,57.0,146.7,60.02,210.6,0.6,6.7,1212.4,35.2,4.4,2.7,0,77.69001683283699,30.062,85.0,2025-09-25 14:54:52
160.5,0.5,92.2,145.6,0.3,56.0,144.9,60.02,210,0.7,6.7,1212.4,35.1,4.4,2.7,0,38.845008416418494,30.062,85.0,2025-09-25 14:55:11
157.2,0.5,85.2,142.6,0.3,52.5,133.4,60.04,209.8,0.6,6.7,1212.4,35.1,4.4,2.7,0,38.845008416418494,30.0,85.0,2025-09-25 14:55:54
157.4,0.5,82.1,148.4,0.3,51.3,130.7,60.04,210.2,0.7,6.7,1212.4,35.1,4.4,2.7,0,38.845008416418494,30.0,85.0,2025-09-25 14:56:14
160.4,0.4,70.8,144,0.3,47.6,116.7,60.03,210.4,0.5,6.7,1212.4,35,4.4,2.7,0,38.845008416418494,29.937,85.0,2025-09-25 14:56:57
156.9,0.4,68.4,144.1,0.3,46.5,112.4,60.04,210.8,0.6,6.7,1212.4,35,4.4,2.7,0,38.845008416418494,29.937,85.0,2025-09-25 14:57:16
157.5,0.3,59.2,141.2,0.2,42.2,99.4,60.04,210.9,0.5,6.7,1212.4,35,4.4,2.7,0,38.845008416418494,29.937,85.0,2025-09-25 14:57:59
157.4,0.3,54.0,143.7,0.2,39.9,92.3,60.05,210.9,0.5,6.7,1212.4,35,4.4,2.7,0,38.845008416418494,29.937,85.0,2025-09-25 14:58:19
154.5,0.2,44.6,141.3,0.2,34.4,77.8,60.04,210.8,0.5,6.7,1212.4,35,4.4,2.7,0,0.0,29.875,85.0,2025-09-25 14:59:02
151.9,0.2,41.2,144,0.2,32.8,72.4,60.03,210.8,0.4,6.7,1212.4,35,4.4,2.7,0,0.0,29.875,85.0,2025-09-25 14:59:21
154,0.2,36.8,141.2,0.2,28.3,63.9,60.05,210.5,0.4,6.7,1212.4,34.9,4.4,2.7,0,0.0,29.812,85.0,2025-09-25 15:00:04
151.2,0.2,36.9,137.9,0.1,26.6,62.3,60.05,210.9,0.4,6.7,1212.4,34.9,4.4,2.7,0,0.0,29.75,85.0,2025-09-25 15:00:24
154.1,0.2,34.7,141.1,0.1,24.4,60.7,60.03,211.1,0.3,6.7,1212.4,34.9,4.4,2.7,0,0.0,29.75,85.0,2025-09-25 15:01:07
151.5,0.2,39.7,141.2,0.1,23.7,62.6,60.02,211,0.4,6.7,1212.4,34.9,4.4,2.7,0,0.0,29.687,85.0,2025-09-25 15:01:26
147.5,0.2,42.6,136.9,0.1,25.0,66.5,60,211.1,0.4,6.7,1212.4,34.9,4.4,2.7,0,0.0,29.625,85.0,2025-09-25 15:02:09
154.4,0.2,46.1,144.1,0.1,27.3,72.4,60.01,210.6,0.5,6.7,1212.4,34.9,4.4,2.7,0,0.0,29.562,85.0,2025-09-25 15:02:28
151.5,0.3,48.9,139.8,0.2,29.8,77.4,60.02,210.8,0.5,6.7,1212.4,34.9,4.4,2.7,0,38.845008416418494,29.562,85.0,2025-09-25 15:03:12
157.3,0.3,51.9,142.4,0.2,30.6,81.0,60.01,210.8,0.4,6.7,1212.4,34.8,4.4,2.7,0,38.845008416418494,29.5,85.0,2025-09-25 15:03:31
152.9,0.3,55.4,141,0.2,31.2,85.0,60.01,210.6,0.6,6.7,1212.4,34.8,4.4,2.7,0,38.845008416418494,29.437,85.0,2025-09-25 15:04:14
156.1,0.3,53.6,138.2,0.2,31.2,83.3,60.02,210.5,0.4,6.7,1212.4,34.8,4.4,2.7,0,38.845008416418494,29.437,85.0,2025-09-25 15:04:33
155.9,0.3,52.1,144.1,0.2,33.5,84.7,60.04,210.6,0.6,6.7,1212.4,34.8,4.4,2.7,0,38.845008416418494,29.375,85.0,2025-09-25 15:05:16
153.4,0.3,51.7,143.9,0.2,34.1,84.2,60.04,210.5,0.6,6.7,1212.4,34.8,4.4,2.7,0,38.845008416418494,29.375,85.0,2025-09-25 15:05:36
155.8,0.3,55.3,138.1,0.2,33.6,87.4,60.03,210.5,0.5,6.7,1212.4,34.7,4.4,2.7,0,38.845008416418494,29.25,85.0,2025-09-25 15:06:19
156.3,0.3,55.9,139.2,0.2,33.0,87.9,60.05,210.4,0.5,6.7,1212.4,34.6,4.4,2.7,0,38.845008416418494,29.25,85.0,2025-09-25 15:06:38
155.8,0.3,57.8,145.2,0.2,33.8,90.1,60.03,210.3,0.6,6.7,1212.4,34.6,4.4,2.7,0,38.845008416418494,29.312,85.0,2025-09-25 15:07:21
156.4,0.3,57.5,142.1,0.2,33.5,89.5,60.03,210.9,0.5,6.7,1212.4,34.6,4.4,2.7,0,38.845008416418494,29.312,85.0,2025-09-25 15:07:41
156.5,0.3,49.9,139.6,0.2,32.0,80.4,60.04,210.3,0.5,6.7,1212.4,34.6,4.4,2.7,0,38.845008416418494,29.25,85.0,2025-09-25 15:08:24
155.8,0.3,47.8,142.1,0.2,32.2,78.4,60.04,210.2,0.5,6.7,1212.4,34.6,4.4,2.7,0,38.845008416418494,29.25,85.0,2025-09-25 15:08:43
153.3,0.2,43.9,142.4,0.2,30.4,73.1,60.04,210.6,0.5,6.7,1212.4,34.6,4.4,2.7,0,38.845008416418494,29.25,85.0,2025-09-25 15:09:26
158.8,0.2,36.3,136.9,0.1,29.1,64.4,60.04,210.7,0.6,6.7,1212.4,34.6,4.4,2.7,0,38.845008416418494,29.25,85.0,2025-09-25 15:09:46
152.9,0.2,40.9,142.4,0.1,27.8,67.5,60.05,210,0.5,6.7,1212.4,34.5,4.4,2.7,0,0.0,29.187,85.0,2025-09-25 15:10:29
151.4,0.2,39.9,142.7,0.1,27.6,66.6,60.01,210,0.4,6.7,1212.4,34.5,4.4,2.7,0,0.0,29.187,85.0,2025-09-25 15:10:48
154.3,0.2,39.1,142.3,0.1,27.3,64.8,60.03,210.9,0.5,6.7,1212.4,34.5,4.4,2.7,0,0.0,29.125,85.0,2025-09-25 15:11:31
154.4,0.2,38.0,136.6,0.1,27.1,64.0,60.03,211.1,0.4,6.7,1212.4,34.5,4.4,2.7,0,0.0,29.062,85.0,2025-09-25 15:11:51
151.6,0.2,38.3,142.6,0.1,28.2,65.3,60,211.1,0.5,6.7,1212.4,34.4,4.4,2.7,0,0.0,29.0,85.0,2025-09-25 15:12:34
157.1,0.2,38.2,142.3,0.1,28.8,64.8,59.99,211.3,0.5,6.7,1212.4,34.4,4.4,2.7,0,38.845008416418494,29.0,85.0,2025-09-25 15:12:53
157.4,0.2,37.7,142.6,0.2,30.6,67.1,59.97,210.5,0.3,6.7,1212.4,34.4,4.4,2.7,0,0.0,28.937,85.0,2025-09-25 15:13:36
151.6,0.2,40.0,142.7,0.2,31.6,70.3,59.98,210.6,0.4,6.7,1212.4,34.4,4.4,2.7,0,0.0,28.937,85.0,2025-09-25 15:13:56
152.9,0.2,43.3,141.1,0.2,34.1,75.9,60.02,210.8,0.5,6.7,1212.4,34.3,4.4,2.7,0,0.0,28.937,85.0,2025-09-25 15:14:38
156.6,0.2,44.2,145.6,0.2,34.8,78.7,60,210.6,0.4,6.7,1212.4,34.3,4.4,2.7,0,0.0,28.937,85.0,2025-09-25 15:14:58
153,0.3,50.3,144.2,0.2,37.9,87.0,59.96,210.8,0.5,6.7,1212.4,34.3,4.4,2.7,0,0.0,28.937,85.0,2025-09-25 15:15:41
145.2,0.3,52.5,141.3,0.2,38.6,89.4,59.98,210.7,0.5,6.7,1212.4,34.3,4.4,2.7,0,38.845008416418494,28.937,85.0,2025-09-25 15:16:00
146.6,0.4,58.6,144.3,0.2,41.3,98.0,59.99,210.6,0.5,6.7,1212.4,34.3,4.4,2.7,0,38.845008416418494,28.937,85.0,2025-09-25 15:16:43
145.6,0.4,61.6,145.8,0.2,42.3,102.0,59.99,210.6,0.5,6.7,1212.4,34.2,4.4,2.7,0,38.845008416418494,28.937,85.0,2025-09-25 15:17:03
148.5,0.4,67.1,145.2,0.3,44.4,109.5,60.02,210.3,0.5,6.7,1212.4,34.2,4.4,2.7,0,38.845008416418494,28.937,85.0,2025-09-25 15:17:46
152.9,0.4,70.5,146.9,0.3,44.6,112.5,59.98,210.3,0.6,6.7,1212.4,34.2,4.4,2.7,0,38.845008416418494,28.875,85.0,2025-09-25 15:18:05
157.7,0.4,76.4,147.1,0.3,47.1,121.3,59.99,210.5,0.6,6.7,1212.4,34.1,4.4,2.7,0,38.845008416418494,28.875,85.0,2025-09-25 15:18:48
161.8,0.5,75.9,147.1,0.3,48.7,122.0,59.97,210.9,0.6,6.7,1212.4,34.1,4.4,2.7,0,38.845008416418494,28.875,85.0,2025-09-25 15:19:08
159,0.5,85.8,150,0.3,49.7,132.8,60,210.9,0.6,6.7,1212.4,34.1,4.4,2.7,0,38.845008416418494,28.937,85.0,2025-09-25 15:19:51
158.8,0.5,87.6,144.3,0.3,51.9,136.9,60.01,210.9,0.6,6.7,1212.4,34.1,4.4,2.7,0,38.845008416418494,28.937,85.0,2025-09-25 15:20:10
161,0.5,95.0,144.2,0.3,55.4,147.0,60.01,210.9,0.7,6.7,1212.4,34,4.4,2.7,0,38.845008416418494,28.875,85.0,2025-09-25 15:20:53
157.4,0.6,96.4,149.3,0.3,57.7,150.9,59.98,210.2,0.7,6.7,1212.4,34,4.4,2.7,0,77.69001683283699,28.937,85.0,2025-09-25 15:21:13
160.1,0.6,104.7,151.4,0.3,59.8,160.5,60.01,210.4,0.8,6.7,1212.4,34,4.4,2.7,0,77.69001683283699,28.937,85.0,2025-09-25 15:21:56
158.5,0.6,106.7,148.6,0.4,63.4,166.3,59.97,210.9,0.7,6.7,1212.4,34,4.4,2.7,0,77.69001683283699,29.0,85.0,2025-09-25 15:22:15
160.5,0.7,112.3,142.5,0.4,66.4,173.2,60,210.5,0.8,6.7,1212.4,33.9,4.4,2.7,0,77.69001683283699,29.0,85.0,2025-09-25 15:22:58
157.2,0.7,112.7,144,0.4,69.2,175.4,60.01,210.5,0.8,6.7,1212.4,33.9,4.4,2.7,0,77.69001683283699,28.937,85.0,2025-09-25 15:23:17
161.8,0.7,117.8,150.1,0.5,73.9,185.1,60,210.9,0.9,6.7,1212.4,33.9,4.4,2.7,0,77.69001683283699,28.875,85.0,2025-09-25 15:24:01
160.3,0.7,119.1,151.4,0.4,75.8,188.8,60.04,211.2,0.9,6.7,1212.4,33.8,4.4,2.7,0,77.69001683283699,28.875,85.0,2025-09-25 15:24:20
164.9,0.7,116.2,148.7,0.5,79.1,186.3,60.01,211.2,0.8,6.7,1212.4,33.8,4.4,2.7,0,77.69001683283699,28.937,85.0,2025-09-25 15:25:03
160.5,0.7,118.9,147.2,0.5,79.9,194.3,60.01,210.7,0.9,6.7,1212.4,33.8,4.4,2.7,0,77.69001683283699,29.0,85.0,2025-09-25 15:25:22
160.2,0.7,122.3,147,0.5,81.2,197.0,60.01,210.7,0.9,6.7,1212.4,33.8,4.4,2.7,0,77.69001683283699,29.062,85.0,2025-09-25 15:26:05
164.9,0.7,116.3,150.1,0.5,81.9,193.0,60.01,210.7,0.9,6.7,1212.4,33.8,4.4,2.7,0,77.69001683283699,29.125,85.0,2025-09-25 15:26:25
160.4,0.7,121.5,145.5,0.5,82.1,196.0,60.01,210.6,0.9,6.7,1212.4,33.8,4.4,2.7,0,77.69001683283699,29.062,85.0,2025-09-25 15:27:08
161.9,0.7,123.4,149.8,0.5,83.5,199.8,59.99,210.7,0.9,6.7,1212.4,33.8,4.4,2.7,0,77.69001683283699,29.125,85.0,2025-09-25 15:27:27
163,0.7,124.2,151.1,0.5,85.5,201.6,59.98,210.6,0.8,6.8,1212.5,33.8,4.4,2.7,0,77.69001683283699,29.187,85.0,2025-09-25 15:28:10
158.9,0.7,122.8,147.1,0.5,85.1,200.8,60.02,210.7,0.9,6.8,1212.5,33.9,4.4,2.7,0,77.69001683283699,29.187,85.0,2025-09-25 15:28:30
161.8,0.7,126.0,153.1,0.5,85.3,203.6,60.03,210.6,0.9,6.8,1212.5,33.9,4.4,2.7,0,77.69001683283699,29.125,85.0,2025-09-25 15:29:13
161.7,0.7,125.9,147.1,0.5,86.8,204.8,60.02,210.6,0.9,6.8,1212.5,33.8,4.4,2.7,0,77.69001683283699,29.125,85.0,2025-09-25 15:29:32
158.9,0.8,125.2,146.7,0.5,86.8,204.7,60.01,210.6,0.9,6.8,1212.5,33.8,4.4,2.7,0,77.69001683283699,29.187,85.0,2025-09-25 15:30:15
161.8,0.8,127.0,148.5,0.5,88.5,207.6,59.97,210.6,1,6.8,1212.5,33.7,4.4,2.7,0,77.69001683283699,29.25,85.0,2025-09-25 15:30:35
161.7,0.8,128.0,150,0.6,89.6,209.7,59.97,210.9,1,6.8,1212.5,33.8,4.4,2.7,0,77.69001683283699,29.25,85.0,2025-09-25 15:31:18
158.9,0.8,126.0,144.1,0.6,87.0,205.8,59.96,211.1,0.9,6.8,1212.5,33.8,4.4,2.7,0,77.69001683283699,29.312,85.0,2025-09-25 15:31:37
162,0.8,126.0,153.2,0.5,88.9,207.6,59.97,211.2,1,6.8,1212.5,33.7,4.4,2.8,0,77.69001683283699,29.312,85.0,2025-09-25 15:32:20
161.8,0.8,128.4,147,0.6,90.2,211.0,59.97,211.2,1,6.8,1212.5,33.7,4.4,2.8,0,77.69001683283699,29.375,85.0,2025-09-25 15:32:39
159,0.8,126.8,148.4,0.6,89.9,209.6,59.98,211.4,1,6.8,1212.5,33.8,4.4,2.8,0,77.69001683283699,29.375,85.0,2025-09-25 15:33:23
164.2,0.8,120.4,146.3,0.6,88.8,202.7,59.99,211.3,1,6.8,1212.5,33.8,4.4,2.8,0,77.69001683283699,29.437,85.0,2025-09-25 15:33:42
161.8,0.8,125.9,146.6,0.6,88.7,207.8,60.01,211.4,1,6.8,1212.5,33.9,4.4,2.8,0,77.69001683283699,29.437,85.0,2025-09-25 15:34:25
161.3,0.8,126.8,148.5,0.6,89.8,207.0,60.03,211.2,1,6.8,1212.5,33.9,4.4,2.8,0,77.69001683283699,29.375,85.0,2025-09-25 15:34:44
164.1,0.7,118.0,151.1,0.6,88.5,200.8,60.04,211.3,1,6.8,1212.5,33.8,4.4,2.8,0,77.69001683283699,29.375,85.0,2025-09-25 15:35:27
162.1,0.7,123.9,148.6,0.6,88.4,206.9,60.01,211.3,1,6.8,1212.5,33.8,4.4,2.8,0,77.69001683283699,29.312,85.0,2025-09-25 15:35:47
161.2,0.7,124.8,148.1,0.6,89.3,207.2,60.03,211.4,0.9,6.8,1212.5,33.7,4.4,2.8,0,77.69001683283699,29.312,85.0,2025-09-25 15:36:30
164.8,0.7,121.3,145.6,0.6,87.8,203.7,60.04,211,0.9,6.8,1212.5,33.7,4.4,2.8,0,77.69001683283699,29.375,85.0,2025-09-25 15:36:49
159.2,0.7,122.8,148.7,0.5,87.9,204.5,60.01,210.2,1,6.8,1212.5,33.7,4.4,2.8,0,77.69001683283699,29.375,85.0,2025-09-25 15:37:32
161.8,0.7,124.4,151.6,0.5,88.9,206.5,60,210.1,0.9,6.8,1212.5,33.7,4.4,2.8,0,77.69001683283699,29.375,85.0,2025-09-25 15:37:52
161.8,0.6,123.1,148.8,0.6,88.4,199.6,60.03,210.7,0.9,6.8,1212.5,33.7,4.4,2.8,0,77.69001683283699,29.375,85.0,2025-09-25 15:38:35
159,0.7,120.5,145.6,0.6,87.6,200.5,59.98,210.6,0.9,6.8,1212.5,33.7,4.4,2.8,0,77.69001683283699,29.312,85.0,2025-09-25 15:38:54
161.7,0.7,121.0,148.5,0.5,87.1,200.1,60.03,210.7,0.9,6.8,1212.5,33.6,4.4,2.8,0,77.69001683283699,29.312,85.0,2025-09-25 15:39:37
161.8,0.6,119.9,151.2,0.5,86.8,199.7,60.01,210.7,0.9,6.8,1212.5,33.5,4.4,2.8,0,77.69001683283699,29.375,85.0,2025-09-25 15:39:57
158.9,0.7,116.5,148.6,0.5,85.5,195.3,60,210.6,1,6.8,1212.5,33.5,4.4,2.8,0,77.69001683283699,29.312,85.0,2025-09-25 15:40:40
161.7,0.7,115.7,148.5,0.5,85.3,194.2,60.04,210,0.9,6.8,1212.5,33.5,4.4,2.8,0,77.69001683283699,29.312,85.0,2025-09-25 15:40:59
161.8,0.7,115.8,148.1,0.5,84.1,192.7,60,210.1,0.9,6.8,1212.5,33.5,4.4,2.8,0,77.69001683283699,29.375,85.0,2025-09-25 15:41:42
158.9,0.7,113.1,149,0.5,83.8,190.6,60.03,210,0.8,6.8,1212.5,33.5,4.4,2.8,0,77.69001683283699,29.375,85.0,2025-09-25 15:42:02
163.1,0.7,102.1,147.6,0.5,83.0,179.5,59.97,211,0.9,6.8,1212.5,33.5,4.4,2.8,0,77.69001683283699,29.25,85.0,2025-09-25 15:42:45
161.7,0.7,112.7,148.8,0.5,83.1,189.5,59.99,211,0.9,6.8,1212.5,33.5,4.4,2.8,0,77.69001683283699,29.312,85.0,2025-09-25 15:43:04
159.4,0.7,111.6,148.6,0.5,82.6,186.6,60.02,211.2,0.9,6.8,1212.5,33.5,4.4,2.8,0,77.69001683283699,29.375,85.0,2025-09-25 15:43:47
165.2,0.6,97.9,151.5,0.5,82.1,177.5,60.01,211.1,0.9,6.8,1212.5,33.5,4.4,2.8,0,77.69001683283699,29.375,85.0,2025-09-25 15:44:06
161.2,0.7,110.9,148.7,0.5,81.7,186.9,60.02,211.3,0.9,6.8,1212.5,33.5,4.5,2.8,0,77.69001683283699,29.437,85.0,2025-09-25 15:44:49
158.8,0.7,110.7,148.8,0.5,81.4,184.6,60.02,211.3,0.9,6.8,1212.5,33.5,4.5,2.8,0,77.69001683283699,29.375,85.0,2025-09-25 15:45:09
165,0.7,96.1,148.8,0.5,81.4,169.3,60.03,211.4,0.8,6.8,1212.5,33.5,4.5,2.8,0,77.69001683283699,29.437,85.0,2025-09-25 15:45:52
161.9,0.7,110.5,151.6,0.5,79.9,184.6,60.02,211.1,0.9,6.8,1212.5,33.5,4.5,2.8,0,77.69001683283699,29.437,85.0,2025-09-25 15:46:11
161.8,0.7,111.4,148.7,0.5,80.8,186.3,59.99,211.3,0.8,6.8,1212.5,33.5,4.5,2.8,0,77.69001683283699,29.5,85.0,2025-09-25 15:46:54
164.1,0.6,107.7,145.6,0.5,79.2,182.4,60.02,211.3,0.8,6.8,1212.5,33.5,4.5,2.8,0,77.69001683283699,29.5,85.0,2025-09-25 15:47:14
158.7,0.7,109.2,148.6,0.5,79.5,184.1,60.03,211.3,0.9,6.8,1212.5,33.5,4.5,2.8,0,77.69001683283699,29.562,85.0,2025-09-25 15:47:57
161.5,0.6,110.0,149,0.5,80.5,184.8,60.02,211.3,0.9,6.8,1212.5,33.5,4.5,2.8,0,77.69001683283699,29.5,85.0,2025-09-25 15:48:16
164.3,0.5,106.6,145.7,0.5,79.5,179.9,60.02,210.8,0.8,6.8,1212.5,33.5,4.5,2.8,0,77.69001683283699,29.562,85.0,2025-09-25 15:48:59
159,0.6,107.8,148.7,0.5,78.7,181.0,60.01,210.8,0.9,6.8,1212.5,33.5,4.5,2.8,0,77.69001683283699,29.625,85.0,2025-09-25 15:49:19
161.7,0.6,107.9,151.4,0.5,77.6,180.0,59.99,210.3,0.8,6.8,1212.5,33.6,4.5,2.8,0,77.69001683283699,29.625,85.0,2025-09-25 15:50:02
161.9,0.6,109.8,145.5,0.5,77.7,180.8,59.99,210.5,0.8,6.8,1212.5,33.6,4.5,2.8,0,77.69001683283699,29.562,85.0,2025-09-25 15:50:21
159,0.7,108.8,148,0.5,77.1,179.9,60.02,210.4,0.8,6.8,1212.5,33.6,4.5,2.8,0,77.69001683283699,29.5,85.0,2025-09-25 15:51:04
161.4,0.7,108.2,151.5,0.5,77.3,179.4,60.02,210.3,0.9,6.8,1212.5,33.6,4.5,2.8,0,77.69001683283699,29.5,85.0,2025-09-25 15:51:24
161.9,0.7,113.1,149.2,0.5,78.6,184.8,60.01,210.5,0.9,6.8,1212.5,33.6,4.5,2.8,0,77.69001683283699,29.5,85.0,2025-09-25 15:52:07
158.9,0.7,111.9,145.5,0.5,77.7,183.4,60.04,210.7,0.8,6.8,1212.5,33.6,4.5,2.8,0,77.69001683283699,29.5,85.0,2025-09-25 15:52:26
163.4,0.7,113.1,148.7,0.5,79.7,187.7,60.04,210.7,0.8,6.8,1212.5,33.6,4.5,2.8,0,77.69001683283699,29.5,85.0,2025-09-25 15:53:09
161.7,0.7,116.4,148.6,0.5,81.1,190.1,60.03,210.5,0.8,6.8,1212.5,33.6,4.5,2.8,0,77.69001683283699,29.5,85.0,2025-09-25 15:53:29
158.8,0.7,116.1,148.7,0.5,81.3,190.8,59.99,211.2,0.9,6.8,1212.5,33.6,4.5,2.8,0,77.69001683283699,29.437,85.0,2025-09-25 15:54:12
162.1,0.7,106.2,148.5,0.5,80.7,180.7,60.02,211.3,0.8,6.8,1212.5,33.6,4.5,2.8,0,77.69001683283699,29.5,85.0,2025-09-25 15:54:31
161.7,0.7,118.9,145.7,0.5,81.3,192.7,59.98,211.2,0.9,6.8,1212.5,33.7,4.5,2.8,0,77.69001683283699,29.625,85.0,2025-09-25 15:55:14
159.3,0.7,119.6,148.6,0.5,83.0,194.8,60.02,211.2,0.9,6.8,1212.5,33.7,4.5,2.8,0,77.69001683283699,29.625,85.0,2025-09-25 15:55:34
165.1,0.7,108.2,151.3,0.5,81.7,184.6,60,211.3,0.8,6.8,1212.5,33.7,4.5,2.8,0,77.69001683283699,29.625,85.0,2025-09-25 15:56:17
161.3,0.7,118.3,146.2,0.5,82.3,193.9,60.03,211.3,0.8,6.8,1212.5,33.7,4.5,2.8,0,77.69001683283699,29.562,85.0,2025-09-25 15:56:36
161.8,0.7,118.8,148.3,0.5,82.1,192.9,60,211.4,0.9,6.8,1212.5,33.7,4.5,2.8,0,77.69001683283699,29.562,85.0,2025-09-25 15:57:19
163.4,0.6,105.5,151.5,0.5,81.2,182.1,60.02,211.3,0.9,6.8,1212.5,33.7,4.5,2.8,0,77.69001683283699,29.625,85.0,2025-09-25 15:57:38
161.5,0.7,115.5,148.6,0.5,82.2,191.9,60,211.5,0.8,6.8,1212.5,33.8,4.5,2.8,0,77.69001683283699,29.625,85.0,2025-09-25 15:58:21
161.7,0.7,116.7,148.7,0.5,82.1,191.9,60.02,211.5,0.9,6.8,1212.5,33.8,4.5,2.8,0,77.69001683283699,29.625,85.0,2025-09-25 15:58:41
163.3,0.6,116.2,147.9,0.5,80.0,187.0,59.99,211.6,0.8,6.9,1212.6,33.8,4.5,2.8,0,77.69001683283699,29.562,85.0,2025-09-25 15:59:24
158.7,0.7,113.8,151.5,0.5,78.9,186.5,60,211.5,0.9,6.9,1212.6,33.8,4.5,2.8,0,77.69001683283699,29.5,85.0,2025-09-25 15:59:43
161.8,0.7,113.0,148.7,0.5,80.3,186.9,59.98,210.8,0.9,6.9,1212.6,33.8,4.5,2.8,0,77.69001683283699,29.437,85.0,2025-09-25 16:00:26
161.8,0.5,113.3,148.5,0.5,79.4,187.3,59.98,210.7,0.8,6.9,1212.6,33.8,4.5,2.8,0,77.69001683283699,29.437,85.0,2025-09-25 16:00:46
158.8,0.7,110.8,150.5,0.5,76.8,181.3,60,210.8,0.9,6.9,1212.6,33.8,4.5,2.8,0,77.69001683283699,29.437,85.0,2025-09-25 16:01:29
160.8,0.7,110.3,146.3,0.5,77.8,182.2,59.99,210.8,0.8,6.9,1212.6,33.8,4.5,2.8,0,77.69001683283699,29.5,85.0,2025-09-25 16:01:48
161.8,0.6,110.1,145.6,0.5,76.7,180.0,60,210.8,0.9,6.9,1212.6,33.8,4.5,2.8,0,77.69001683283699,29.437,85.0,2025-09-25 16:02:31
158.8,0.6,107.4,148.5,0.5,76.5,178.4,60,210.8,0.8,6.9,1212.6,33.8,4.5,2.8,0,77.69001683283699,29.437,85.0,2025-09-25 16:02:51
161.7,0.6,103.7,151.5,0.4,74.0,172.2,59.98,210.8,0.8,6.9,1212.6,33.8,4.5,2.8,0,77.69001683283699,29.437,85.0,2025-09-25 16:03:34
161.8,0.6,106.3,149.8,0.5,74.0,174.8,60,210.8,0.9,6.9,1212.6,33.8,4.5,2.8,0,77.69001683283699,29.437,85.0,2025-09-25 16:03:53
159.3,0.6,102.8,147.4,0.5,73.5,171.4,60.05,210.7,0.7,6.9,1212.6,33.8,4.5,2.8,0,77.69001683283699,29.375,85.0,2025-09-25 16:04:36
161.7,0.6,102.8,145.7,0.5,72.7,170.5,60.04,210.6,0.7,6.9,1212.6,33.8,4.5,2.8,0,77.69001683283699,29.375,85.0,2025-09-25 16:04:56
159.1,0.6,100.3,147,0.4,71.2,167.8,60.03,211.3,0.8,6.9,1212.6,33.8,4.5,2.8,0,77.69001683283699,29.312,85.0,2025-09-25 16:05:39
163.5,0.6,86.9,147.2,0.4,71.0,164.5,60.02,211.3,0.7,6.9,1212.6,33.8,4.5,2.8,0,77.69001683283699,29.312,85.0,2025-09-25 16:05:58
161.8,0.6,97.3,149.3,0.4,70.0,163.5,60,211.4,0.7,6.9,1212.6,33.8,4.5,2.8,0,77.69001683283699,29.25,85.0,2025-09-25 16:06:41
160.3,0.6,96.7,147.2,0.4,68.7,162.0,60.02,211.3,0.8,6.9,1212.6,33.8,4.5,2.8,0,77.69001683283699,29.25,85.0,2025-09-25 16:07:01
160.1,0.6,94.9,144.2,0.4,66.7,157.8,59.98,211.3,0.7,6.9,1212.6,33.7,4.5,2.8,0,77.69001683283699,29.125,85.0,2025-09-25 16:07:43
158.9,0.6,94.8,150,0.4,65.4,157.0,60.03,211.3,0.7,6.9,1212.6,33.7,4.5,2.8,0,77.69001683283699,29.125,85.0,2025-09-25 16:08:03
160.4,0.5,93.5,148.7,0.4,66.2,155.4,60,211.4,0.7,6.9,1212.6,33.7,4.5,2.8,0,77.69001683283699,29.125,85.0,2025-09-25 16:08:46
155.9,0.5,91.9,147.1,0.4,65.4,153.0,59.99,211.4,0.7,6.9,1212.6,33.7,4.5,2.8,0,77.69001683283699,29.125,85.0,2025-09-25 16:09:05
155.8,0.5,90.5,147.1,0.4,64.4,151.1,59.99,211.3,0.7,6.9,1212.6,33.7,4.5,2.8,0,38.845008416418494,29.062,85.0,2025-09-25 16:09:48
158.7,0.5,91.4,147.1,0.4,63.8,151.2,59.98,211.1,0.7,6.9,1212.6,33.7,4.5,2.8,0,38.845008416418494,29.062,85.0,2025-09-25 16:10:08
160.2,0.5,90.6,147.3,0.4,62.8,148.3,60,211.4,0.7,6.9,1212.6,33.7,4.5,2.8,0,38.845008416418494,29.0,85.0,2025-09-25 16:10:51
158.8,0.5,90.3,144.9,0.4,61.5,148.1,60.01,211,0.7,6.9,1212.6,33.7,4.5,2.8,0,38.845008416418494,29.062,85.0,2025-09-25 16:11:10
155.8,0.5,87.4,145.6,0.4,62.0,146.2,60.05,210.6,0.8,6.9,1212.6,33.7,4.5,2.8,0,38.845008416418494,28.937,85.0,2025-09-25 16:11:53
161.8,0.5,86.0,145.6,0.4,61.9,142.9,60.05,210.6,0.7,6.9,1212.6,33.7,4.5,2.8,0,38.845008416418494,28.937,85.0,2025-09-25 16:12:13
159.3,0.5,84.5,143,0.4,59.5,140.0,60.03,210.5,0.6,6.9,1212.6,33.7,4.5,2.8,0,38.845008416418494,28.937,85.0,2025-09-25 16:12:56
159,0.5,84.1,151.6,0.3,56.1,137.5,60.03,210.7,0.6,6.9,1212.6,33.7,4.5,2.8,0,38.845008416418494,28.937,85.0,2025-09-25 16:13:15
156,0.5,78.3,148.6,0.3,54.7,130.4,60.03,210.6,0.6,6.9,1212.6,33.7,4.5,2.8,0,38.845008416418494,28.812,85.0,2025-09-25 16:13:58
159.9,0.4,71.8,144,0.3,54.2,123.7,60.01,210.6,0.6,6.9,1212.6,33.7,4.5,2.8,0,38.845008416418494,28.812,85.0,2025-09-25 16:14:18
158.9,0.4,70.9,145.6,0.3,48.8,117.5,60.03,210.6,0.6,6.9,1212.6,33.7,4.5,2.8,0,38.845008416418494,28.812,85.0,2025-09-25 16:15:01
157.8,0.4,68.4,142.7,0.3,44.6,109.3,60.03,210.6,0.5,6.9,1212.6,33.6,4.5,2.8,0,38.845008416418494,28.812,85.0,2025-09-25 16:15:20
159.2,0.3,58.9,145.4,0.2,38.4,96.1,60.03,210.7,0.5,6.9,1212.6,33.7,4.5,2.8,0,38.845008416418494,28.75,85.0,2025-09-25 16:16:03
158.9,0.3,54.7,142.6,0.2,34.5,87.7,60.03,210.9,0.4,6.9,1212.6,33.7,4.5,2.8,0,38.845008416418494,28.75,85.0,2025-09-25 16:16:23
159,0.3,47.0,145.7,0.1,28.8,74.8,60.03,211,0.5,6.9,1212.6,33.7,4.5,2.8,0,0.0,28.75,85.0,2025-09-25 16:17:05
156,0.3,47.3,142.6,0.1,25.9,72.0,60,211.1,0.4,6.9,1212.6,33.7,4.5,2.8,0,0.0,28.75,85.0,2025-09-25 16:17:25
152.8,0.2,40.4,142.8,0.1,21.2,60.6,60.04,211.2,0.4,6.9,1212.6,33.6,4.5,2.8,0,0.0,28.687,85.0,2025-09-25 16:18:08
153,0.2,37.4,147.2,0.1,17.7,54.2,60.01,211.2,0.4,6.9,1212.6,33.6,4.5,2.8,0,0.0,28.687,85.0,2025-09-25 16:18:27
154.6,0.1,27.9,137.7,0.1,15.4,41.9,60.02,211.4,0.4,6.9,1212.6,33.6,4.5,2.8,0,0.0,28.687,85.0,2025-09-25 16:19:10
152.9,0.1,27.2,139.9,0,13.7,40.0,59.97,211.3,0.3,6.9,1212.6,33.6,4.5,2.8,0,0.0,28.687,85.0,2025-09-25 16:19:30
153,0.1,25.0,140.9,0,10.6,35.0,60.02,211.2,0.5,6.9,1212.6,33.6,4.5,2.8,0,0.0,28.625,85.0,2025-09-25 16:20:13
146.9,0.1,24.2,138,0,10.3,34.0,60.03,210.6,0.4,6.9,1212.6,33.6,4.5,2.8,0,0.0,28.625,85.0,2025-09-25 16:20:32
146.9,0.1,21.7,133.8,0,8.5,29.8,59.99,210.5,0.5,6.9,1212.6,33.6,4.5,2.8,0,0.0,28.562,85.0,2025-09-25 16:21:15
148.7,0.1,21.2,132.5,0,8.1,28.7,60,210.6,0.3,6.9,1212.6,33.6,4.5,2.8,0,0.0,28.562,85.0,2025-09-25 16:21:35
144.1,0.1,18.7,133.8,0,7.6,25.8,60,210.3,0.5,6.9,1212.6,33.7,4.5,2.8,0,0.0,28.562,85.0,2025-09-25 16:22:18
147.2,0.1,18.9,137.9,0,6.7,25.4,60.02,210.2,0.3,6.9,1212.6,33.6,4.5,2.8,0,0.0,28.5,85.0,2025-09-25 16:22:37
150.2,0.1,17.8,138.1,0,6.0,23.5,59.99,210,0.2,6.9,1212.6,33.6,4.5,2.8,0,0.0,28.5,85.0,2025-09-25 16:23:20
147.6,0.1,17.5,135.4,0,6.1,23.3,59.99,209.9,0.3,6.9,1212.6,33.6,4.5,2.8,0,0.0,28.5,85.0,2025-09-25 16:23:40
138.6,0.1,16.9,137.5,0,5.5,22.2,60,210.3,0.3,6.9,1212.6,33.6,4.5,2.8,0,0.0,28.437,85.0,2025-09-25 16:24:23
135.5,0.1,15.6,129.3,0,5.5,20.9,60.01,210.2,0.5,6.9,1212.6,33.6,4.5,2.8,0,0.0,28.437,85.0,2025-09-25 16:24:42
141.4,0.1,15.7,134.7,0,4.9,20.3,59.99,210.2,0.3,6.9,1212.6,33.6,4.5,2.8,0,0.0,28.437,85.0,2025-09-25 16:25:25
147.6,0.1,15.9,133.8,0,4.3,20.0,60,210.3,0.3,6.9,1212.6,33.7,4.5,2.8,0,0.0,28.375,85.0,2025-09-25 16:25:45
143.4,0.1,15.0,140.4,0,3.8,18.7,60.04,210.2,0.2,6.9,1212.6,33.6,4.5,2.8,0,0.0,28.312,85.0,2025-09-25 16:26:27
147.7,0.1,14.9,140.4,0,3.2,17.8,60.02,210.4,0.5,6.9,1212.6,33.5,4.5,2.8,0,0.0,28.312,85.0,2025-09-25 16:26:47
148.8,0.1,14.7,136.4,0,3.7,18.2,60.03,210.4,0.2,6.9,1212.6,33.5,4.5,2.8,0,0.0,28.25,85.0,2025-09-25 16:27:30
146.7,0,15.0,136.5,0,4.2,18.8,59.98,210.3,0.3,6.9,1212.6,33.5,4.5,2.8,0,0.0,28.187,85.0,2025-09-25 16:27:49
142.9,0.1,15.0,130.4,0,4.6,19.4,60.01,210.5,0.4,6.9,1212.6,33.5,4.5,2.8,0,0.0,28.187,85.0,2025-09-25 16:28:32
142.9,0.1,15.8,127.5,0,4.6,20.0,60.01,210.4,0.4,6.9,1212.6,33.5,4.5,2.8,0,0.0,28.125,85.0,2025-09-25 16:28:52
142.9,0.1,15.8,138.9,0,4.7,20.2,60.02,210.9,0.4,6.9,1212.6,33.5,4.5,2.8,0,0.0,28.062,85.0,2025-09-25 16:29:35
140.6,0.1,16.7,141.6,0,4.1,20.3,59.99,210.9,0.2,6.9,1212.6,33.5,4.5,2.8,0,0.0,28.062,85.0,2025-09-25 16:29:54
152.4,0.1,14.4,128,0,4.8,19.4,59.98,211,0.3,6.9,1212.6,33.3,4.5,2.8,0,0.0,28.0,85.0,2025-09-25 16:30:37
149.3,0.1,15.9,119.4,0,4.1,19.7,59.98,211,0.2,6.9,1212.6,33.3,4.5,2.8,0,0.0,28.0,85.0,2025-09-25 16:30:57
141.1,0.1,15.6,130.5,0,4.7,20.1,59.99,211.1,0.4,6.9,1212.6,33.3,4.5,2.8,0,0.0,27.937,85.0,2025-09-25 16:31:40
143.8,0.1,15.4,131.1,0,4.6,19.6,59.99,211.1,0.4,6.9,1212.6,33.3,4.5,2.8,0,0.0,28.0,85.0,2025-09-25 16:31:59
146.3,0,15.3,133.9,0,4.2,19.3,60.01,211,0.5,6.9,1212.6,33.3,4.5,2.8,0,0.0,27.937,85.0,2025-09-25 16:32:42
146.4,0.1,14.8,134.2,0,4.0,18.7,60,210.8,0.3,6.9,1212.6,33.3,4.5,2.8,0,0.0,27.937,85.0,2025-09-25 16:33:02
143.5,0,14.0,128.2,0,3.8,17.6,59.97,210.8,0.3,6.9,1212.6,33.2,4.5,2.8,0,0.0,27.875,85.0,2025-09-25 16:33:44
143.7,0,13.2,122.3,0,3.9,17.1,59.98,210.9,0.4,6.9,1212.6,33.2,4.5,2.8,0,0.0,27.875,85.0,2025-09-25 16:34:04
139.1,0,13.1,133.8,0,3.5,16.4,59.97,210.8,0.4,6.9,1212.6,33.2,4.5,2.8,0,0.0,27.812,85.0,2025-09-25 16:34:47
148,0,12.3,124.7,0,3.6,15.7,59.98,210.7,0.4,6.9,1212.6,33.1,4.5,2.8,0,0.0,27.812,85.0,2025-09-25 16:35:07
147.7,0,12.5,112.4,0,3.1,14.7,59.98,210.4,0.3,6.9,1212.6,33.1,4.5,2.8,0,0.0,27.687,85.0,2025-09-25 16:35:49
147.7,0,11.9,109.4,0,2.5,14.2,59.97,210.4,0.3,6.9,1212.6,33.1,4.5,2.8,0,0.0,27.687,85.0,2025-09-25 16:36:09
141.9,0,11.7,118.3,0,2.7,14.1,59.98,210.4,0.3,6.9,1212.6,33.1,4.5,2.8,0,0.0,27.687,85.0,2025-09-25 16:36:52
136.1,0,11.9,130.3,0,3.0,14.6,59.98,210.5,0.3,6.9,1212.6,33.1,4.5,2.8,0,0.0,27.687,85.0,2025-09-25 16:37:11
140.4,0,12.9,132.9,0,2.9,15.7,60,210.7,0.4,6.9,1212.6,33,4.5,2.8,0,0.0,27.625,85.0,2025-09-25 16:37:54
147.8,0,13.2,124.1,0,2.7,15.8,60.02,210.9,0.4,6.9,1212.6,33,4.5,2.8,0,0.0,27.625,85.0,2025-09-25 16:38:14
139.2,0,13.3,123.6,0,3.2,16.3,60,210.9,0.4,6.9,1212.6,33,4.5,2.8,0,0.0,27.625,85.0,2025-09-25 16:38:56
140.9,0,13.4,121.6,0,3.1,16.3,59.99,210.9,0.3,6.9,1212.6,33,4.5,2.8,0,0.0,27.625,85.0,2025-09-25 16:39:16
142.8,0,13.9,131.8,0,3.7,17.4,60,210.6,0.4,6.9,1212.6,33,4.5,2.8,0,0.0,27.562,85.0,2025-09-25 16:39:59
148.7,0,14.2,127.8,0,3.3,17.4,60.03,210.3,0.3,6.9,1212.6,33,4.5,2.8,0,0.0,27.562,85.0,2025-09-25 16:40:19
150.4,0,12.9,133,0,3.8,17.6,60.01,210.8,0.4,6.9,1212.6,33,4.5,2.8,0,0.0,27.5,85.0,2025-09-25 16:41:01
139.9,0.1,14.1,131.5,0,4.1,18.0,60.02,210.8,0.4,6.9,1212.6,33,4.5,2.8,0,0.0,27.5,85.0,2025-09-25 16:41:21
139.8,0.1,15.0,136,0,4.3,19.3,60.02,210.7,0.4,6.9,1212.6,33,4.5,2.8,0,0.0,27.5,85.0,2025-09-25 16:42:04
139.1,0.1,14.4,127.9,0,4.8,19.0,60.02,211.3,0.4,6.9,1212.6,33,4.5,2.8,0,0.0,27.5,85.0,2025-09-25 16:42:24
142.6,0.1,14.7,135.3,0,4.1,18.7,59.98,211.2,0.3,6.9,1212.6,33,4.5,2.8,0,0.0,27.5,85.0,2025-09-25 16:43:06
149.5,0,15.0,133.7,0,4.1,18.9,59.98,211.2,0.2,6.9,1212.6,33,4.5,2.8,0,0.0,27.5,85.0,2025-09-25 16:43:26
146.9,0,14.3,133.9,0,4.1,18.2,59.99,211.3,0.3,6.9,1212.6,33,4.5,2.8,0,0.0,27.437,85.0,2025-09-25 16:44:09
146.4,0,14.5,132.1,0,4.1,18.0,59.98,211.4,0.4,6.9,1212.6,33,4.5,2.8,0,0.0,27.437,85.0,2025-09-25 16:44:28
143.7,0,12.7,130.9,0,4.1,16.7,60.01,211.4,0.5,6.9,1212.6,33,4.5,2.8,0,0.0,27.437,85.0,2025-09-25 16:45:11
137.5,0,13.7,133.7,0,4.4,17.8,60,211.3,0.4,6.9,1212.6,33,4.5,2.8,0,0.0,27.375,85.0,2025-09-25 16:45:31
143.4,0,12.5,125.1,0,3.9,16.1,59.98,211.3,0.2,6.9,1212.6,33,4.5,2.8,0,0.0,27.375,85.0,2025-09-25 16:46:14
137.5,0,12.8,125.1,0,4.4,17.0,59.98,211.2,0.5,6.9,1212.6,33,4.5,2.8,0,0.0,27.375,85.0,2025-09-25 16:46:33
142.8,0,13.5,136.5,0,3.9,17.1,60.03,210.7,0.4,6.9,1212.6,32.9,4.5,2.8,0,0.0,27.312,85.0,2025-09-25 16:47:16
142,0,13.2,124.1,0,4.6,17.4,60,210.8,0.5,6.9,1212.6,32.9,4.5,2.8,0,0.0,27.312,85.0,2025-09-25 16:47:36
138.9,0.1,14.0,131.4,0,5.4,19.3,59.98,210.8,0.3,6.9,1212.6,32.9,4.5,2.8,0,0.0,27.312,85.0,2025-09-25 16:48:18
136.6,0,14.1,125.6,0,5.4,19.1,60.01,210.8,0.4,6.9,1212.6,32.9,4.5,2.8,0,0.0,27.25,85.0,2025-09-25 16:48:38
139.5,0.1,14.6,128.3,0,5.9,20.3,59.96,210,0.4,6.9,1212.6,32.8,4.5,2.8,0,0.0,27.125,85.0,2025-09-25 16:49:21
140.1,0.1,14.8,128.7,0,6.1,20.8,60.03,210.2,0.3,6.9,1212.6,32.8,4.5,2.8,0,0.0,27.062,85.0,2025-09-25 16:49:41
146.5,0.1,16.6,137.2,0,6.7,23.0,59.99,210.9,0.3,6.9,1212.6,32.7,4.5,2.8,0,0.0,27.0,85.0,2025-09-25 16:50:23
145.9,0.1,17.0,130.8,0,6.8,23.5,60.01,210.9,0.5,6.9,1212.6,32.7,4.5,2.8,0,0.0,26.937,85.0,2025-09-25 16:50:43
152.4,0.1,5.6,142.8,0,5.1,20.2,59.98,210.9,0.4,6.9,1212.6,32.6,4.5,2.8,0,0.0,26.937,85.0,2025-09-25 16:51:26
141.7,0.1,17.6,135.6,0,6.6,23.9,60.01,210.8,0.5,6.9,1212.6,32.6,4.5,2.8,0,0.0,26.937,85.0,2025-09-25 16:51:45
151,0.1,17.5,135.5,0,5.6,22.9,60,211.4,0.4,6.9,1212.6,32.6,4.5,2.8,0,0.0,26.75,85.0,2025-09-25 16:52:28
139.3,0.1,17.0,126.8,0,5.6,22.4,60,211.4,0.4,6.9,1212.6,32.6,4.5,2.8,0,0.0,26.812,85.0,2025-09-25 16:52:48
142,0.1,15.6,123.2,0,4.7,20.0,60.01,211.4,0.3,6.9,1212.6,32.7,4.5,2.8,0,0.0,26.75,85.0,2025-09-25 16:53:31
145.2,0.1,15.3,126.4,0,4.8,19.8,60.01,211.5,0.3,6.9,1212.6,32.7,4.5,2.8,0,0.0,26.75,85.0,2025-09-25 16:53:50
148,0,14.8,134.6,0,4.5,19.0,60.03,211.4,0.3,6.9,1212.6,32.7,4.5,2.8,0,0.0,26.687,85.0,2025-09-25 16:54:33
151.1,0,13.4,126.4,0,3.7,17.3,60.04,211.5,0.3,6.9,1212.6,32.7,4.5,2.8,0,0.0,26.687,85.0,2025-09-25 16:54:53
142.3,0,13.2,122.7,0,4.1,17.8,60.03,211.4,0.4,6.9,1212.6,32.7,4.5,2.8,0,0.0,26.687,85.0,2025-09-25 16:55:35
147.1,0,13.6,124.6,0,3.8,17.2,60.02,211.2,0.5,6.9,1212.6,32.7,4.5,2.8,0,0.0,26.687,85.0,2025-09-25 16:55:55
153,0,3.9,138.9,0,3.3,14.0,59.97,211.4,0.4,6.9,1212.6,32.7,4.5,2.8,0,0.0,26.562,85.0,2025-09-25 16:56:38
149.2,0,14.7,128.6,0,4.1,18.8,59.98,211.4,0.3,6.9,1212.6,32.7,4.5,2.8,0,0.0,26.5,85.0,2025-09-25 16:56:58
147.3,0,15.0,128.2,0,4.1,18.8,60,211.5,0.3,6.9,1212.6,32.7,4.5,2.8,0,0.0,26.437,85.0,2025-09-25 16:57:40
147,0.1,15.0,122.8,0,4.0,18.9,60.02,211.5,0.4,6.9,1212.6,32.7,4.5,2.8,0,0.0,26.375,85.0,2025-09-25 16:58:00
138,0.1,14.4,139.9,0,4.4,18.6,60.01,211.5,0.5,6.9,1212.6,32.7,4.5,2.8,0,0.0,26.375,85.0,2025-09-25 16:58:43
139.7,0.1,15.1,133,0,4.5,19.5,60.02,211.7,0.3,6.9,1212.6,32.7,4.5,2.8,0,0.0,26.312,85.0,2025-09-25 16:59:02
134.9,0.1,14.7,136.9,0,4.3,19.1,60.03,211.5,0.3,6.9,1212.6,32.7,4.5,2.8,0,0.0,26.25,85.0,2025-09-25 16:59:45
142,0.1,14.9,134,0,4.4,19.9,60.01,211.1,0.5,6.9,1212.6,32.7,4.5,2.8,0,0.0,26.187,85.0,2025-09-25 17:00:05
139.1,0.1,15.4,128.1,0,4.5,19.6,60.03,210.8,0.4,6.9,1212.6,32.7,4.5,2.8,0,0.0,26.187,85.0,2025-09-25 17:00:48
141.9,0.1,14.8,125.2,0,4.3,19.0,59.98,210.8,0.4,6.9,1212.6,32.7,4.5,2.8,0,0.0,26.125,85.0,2025-09-25 17:01:07
142,0,13.8,127.9,0,4.1,18.3,60,210.8,0.3,6.9,1212.6,32.7,4.5,2.8,0,0.0,26.062,85.0,2025-09-25 17:01:50
138.8,0,13.4,128,0,4.1,17.4,59.99,211.1,0.4,6.9,1212.6,32.7,4.5,2.8,0,0.0,26.062,85.0,2025-09-25 17:02:10
146.5,0,12.4,129.9,0,3.1,15.3,60.02,211.6,0.2,6.9,1212.6,32.7,4.5,2.8,0,0.0,25.937,85.0,2025-09-25 17:02:52
147.4,0,11.7,124.6,0,2.9,14.4,60.01,211.4,0.2,6.9,1212.6,32.7,4.5,2.8,0,0.0,26.0,85.0,2025-09-25 17:03:12
138.8,0,10.4,119.5,0,2.5,11.8,60.02,211.2,0.4,6.9,1212.6,32.6,4.5,2.8,0,0.0,26.0,85.0,2025-09-25 17:03:55
148.2,0,9.9,140.9,0,1.8,11.4,60.01,211.4,0.2,6.9,1212.6,32.6,4.5,2.8,0,0.0,26.062,85.0,2025-09-25 17:04:15
136.1,0,9.0,129.5,0,2.0,10.1,60.02,211.5,0.3,6.9,1212.6,32.7,4.5,2.8,0,0.0,26.062,85.0,2025-09-25 17:04:57
137.8,0,8.5,130.1,0,1.8,9.5,59.98,211.4,0.3,6.9,1212.6,32.7,4.5,2.8,0,0.0,26.062,85.0,2025-09-25 17:05:17
132,0,7.0,129.2,0,1.3,7.1,60.01,211.5,0.3,6.9,1212.6,32.7,4.5,2.8,0,0.0,26.0,85.0,2025-09-25 17:06:00
134,0,5.7,123.4,0,1.2,6.0,60,211.6,0.4,6.9,1212.6,32.7,4.5,2.8,0,0.0,26.0,85.0,2025-09-25 17:06:19
126.1,0,5.7,127.4,0,1.1,6.1,60.03,211.5,0.3,6.9,1212.6,32.7,4.5,2.8,0,-38.845008416418494,25.812,85.0,2025-09-25 17:07:02
132.3,0,4.7,121.4,0,0.9,5.1,60.02,211.5,0.2,6.9,1212.6,32.7,4.5,2.8,0,-38.845008416418494,25.812,85.0,2025-09-25 17:07:22
137.8,0,2.8,145.5,0,0.6,3.1,59.99,211.2,0.3,6.9,1212.6,32.7,4.5,2.8,0,-38.845008416418494,25.812,85.0,2025-09-25 17:08:05
135.6,0,1.8,147.6,0,0.4,2.1,60.01,211.1,0.3,6.9,1212.6,32.7,4.5,2.8,0,0.0,25.812,85.0,2025-09-25 17:08:24
138.2,0,3.3,135.2,0,0.8,3.6,60,211.2,0.1,6.9,1212.6,32.7,4.5,2.8,0,0.0,25.75,85.0,2025-09-25 17:09:07
140.7,0,2.7,131.9,0,0.6,3.2,60,211.1,0.3,6.9,1212.6,32.7,4.5,2.8,0,0.0,25.75,85.0,2025-09-25 17:09:27
135.1,0,1.5,145.1,0,0.3,1.9,60.03,211.1,0.3,6.9,1212.6,32.7,4.5,2.8,0,-38.845008416418494,25.75,85.0,2025-09-25 17:10:10
138.8,0,1.8,146.3,0,0.5,2.4,60,211.2,0.3,6.9,1212.6,32.7,4.5,2.8,0,-38.845008416418494,25.75,85.0,2025-09-25 17:10:29
136.7,0,1.3,145.9,0,0.3,1.3,59.99,211.3,0.3,6.9,1212.6,32.7,4.5,2.8,0,0.0,25.687,85.0,2025-09-25 17:11:12
133.6,0,1.6,144.6,0,0.5,1.9,59.97,211.4,0.5,6.9,1212.6,32.7,4.5,2.8,0,-38.845008416418494,25.75,85.0,2025-09-25 17:11:32
125.9,0,1.9,135.6,0,0.6,2.2,60.01,211.4,0.4,6.9,1212.6,32.7,4.5,2.8,0,-38.845008416418494,25.75,85.0,2025-09-25 17:12:14
132.8,0,2.3,131.3,0,0.6,3.1,60.01,211.5,0.4,6.9,1212.6,32.7,4.5,2.8,0,0.0,25.75,85.0,2025-09-25 17:12:34
139.1,0,2.2,128.9,0,0.6,2.5,60,210.9,0.3,6.9,1212.6,32.7,4.5,2.8,0,-38.845008416418494,25.75,85.0,2025-09-25 17:13:17
133.4,0,2.4,137.4,0,0.7,2.8,60,210.8,0.2,6.9,1212.6,32.7,4.5,2.8,0,0.0,25.75,85.0,2025-09-25 17:13:36
129.5,0,2.0,134.4,0,0.6,2.4,60,210.6,0.4,6.9,1212.6,32.7,4.5,2.8,0,-38.845008416418494,25.687,85.0,2025-09-25 17:14:19
136.3,0,1.2,140.5,0,0.4,1.4,59.99,210.7,0.4,6.9,1212.6,32.7,4.5,2.8,0,-38.845008416418494,25.687,85.0,2025-09-25 17:14:39
129.6,0,1.3,139,0,0.4,1.5,60.02,210.2,0.5,6.9,1212.6,32.7,4.5,2.8,0,-38.845008416418494,25.687,85.0,2025-09-25 17:15:22
130.2,0,1.3,142.7,0,0.3,1.5,60,210.1,0.3,6.9,1212.6,32.7,4.5,2.8,0,-38.845008416418494,25.687,85.0,2025-09-25 17:15:41
117.8,0,0.8,139.9,0,0.3,1.3,60.01,210.9,0.5,6.9,1212.6,32.7,4.5,2.8,0,-38.845008416418494,25.687,85.0,2025-09-25 17:16:24
124,0,0.7,141.5,0,0.2,0.9,59.99,210.7,0.4,6.9,1212.6,32.7,4.5,2.8,0,-38.845008416418494,25.687,85.0,2025-09-25 17:16:44
135.6,0,1.1,107,0,0.2,1.1,60.02,210.7,0.3,6.9,1212.6,32.7,4.5,2.8,0,-38.845008416418494,25.687,85.0,2025-09-25 17:17:26
129.4,0,0.9,135.5,0,0.3,1.2,59.99,210.6,0.2,6.9,1212.6,32.7,4.5,2.8,0,-38.845008416418494,25.625,85.0,2025-09-25 17:17:46
126.4,0,1.0,138.1,0,0.4,1.4,60.01,210.7,0.2,6.9,1212.6,32.7,4.5,2.8,0,-38.845008416418494,25.625,85.0,2025-09-25 17:18:29
133.6,0,0.8,138.8,0,0.3,1.1,60.02,210.7,0.3,6.9,1212.6,32.7,4.5,2.8,0,-38.845008416418494,25.625,85.0,2025-09-25 17:18:49
121.8,0,0.6,138,0,0.2,0.6,60,210.5,0.3,6.9,1212.6,32.7,4.5,2.8,0,-38.845008416418494,25.562,85.0,2025-09-25 17:19:31
124.9,0,0.5,137.9,0,0.2,0.8,59.99,210.6,0.3,6.9,1212.6,32.7,4.5,2.8,0,-38.845008416418494,25.562,85.0,2025-09-25 17:19:51
128.3,0,0.6,134.8,0,0.3,0.9,60.01,210.7,0.4,6.9,1212.6,32.7,4.5,2.8,0,-38.845008416418494,25.625,85.0,2025-09-25 17:20:34
124.1,0,0.8,137.5,0,0.4,1.0,60.02,210.9,0.4,6.9,1212.6,32.7,4.5,2.8,0,0.0,25.562,85.0,2025-09-25 17:20:54
120.9,0,1.0,112.2,0,0.2,1.0,60.03,210.8,0.2,6.9,1212.6,32.7,4.5,2.8,0,-38.845008416418494,25.625,85.0,2025-09-25 17:21:36
130.3,0,0.8,132.2,0,0.3,1.1,60.01,210.9,0.3,6.9,1212.6,32.7,4.5,2.8,0,-38.845008416418494,25.625,85.0,2025-09-25 17:21:56
125.5,0,0.9,124.2,0,0.3,1.1,60.01,210.3,0.3,6.9,1212.6,32.6,4.5,2.8,0,-38.845008416418494,25.562,85.0,2025-09-25 17:22:39
134.1,0,1.3,127.8,0,0.5,1.4,60,210.3,0.3,6.9,1212.6,32.6,4.5,2.8,0,-38.845008416418494,25.562,85.0,2025-09-25 17:22:58
122.5,0,0.7,134.6,0,0.3,0.9,59.99,210.8,0.4,6.9,1212.6,32.6,4.5,2.8,0,-38.845008416418494,25.562,85.0,2025-09-25 17:23:41
127.4,0,0.4,136.1,0,0.2,0.6,60,210.7,0.4,6.9,1212.6,32.6,4.5,2.8,0,-38.845008416418494,25.562,85.0,2025-09-25 17:24:01
117,0,0.6,134.2,0,0.2,0.6,60.02,210.7,0.3,6.9,1212.6,32.6,4.5,2.8,0,-38.845008416418494,25.625,85.0,2025-09-25 17:24:43
116.7,0,0.4,130.4,0,0.1,0.7,59.98,211.1,0.3,6.9,1212.6,32.6,4.5,2.8,0,-38.845008416418494,25.625,85.0,2025-09-25 17:25:03
124.4,0,0.8,105.6,0,0.2,1.0,60,211.2,0.5,6.9,1212.6,32.5,4.5,2.8,0,-38.845008416418494,25.562,85.0,2025-09-25 17:25:46
121.2,0,1.0,124.8,0,0.4,1.4,60,211,0.4,6.9,1212.6,32.5,4.5,2.8,0,-38.845008416418494,25.562,85.0,2025-09-25 17:26:06
118.3,0,0.5,105.7,0,0.1,0.7,59.99,210.8,0.3,6.9,1212.6,32.5,4.5,2.8,0,-38.845008416418494,25.625,85.0,2025-09-25 17:26:48
134.6,0,0.2,135.6,0,0.1,0.4,59.98,210.3,0.3,6.9,1212.6,32.5,4.5,2.8,0,-38.845008416418494,25.562,85.0,2025-09-25 17:27:08
125.3,0,0.9,127.4,0,0.4,1.2,60.01,210.3,0.4,6.9,1212.6,32.6,4.5,2.8,0,-38.845008416418494,25.562,85.0,2025-09-25 17:27:51
125.6,0,0.5,131.4,0,0.2,0.8,60.02,210.3,0.4,6.9,1212.6,32.6,4.5,2.8,0,-38.845008416418494,25.562,85.0,2025-09-25 17:28:11
126.8,0,1.0,129,0,0.5,1.4,59.98,210.9,0.4,6.9,1212.6,32.6,4.5,2.8,0,0.0,25.625,85.0,2025-09-25 17:28:53
131.5,0,0.9,131.6,0,0.5,1.0,60.01,210.9,0.3,6.9,1212.6,32.6,4.5,2.8,0,-38.845008416418494,25.625,85.0,2025-09-25 17:29:13
118.6,0,0.7,107.8,0,0.2,0.8,60.04,210.9,0.4,6.9,1212.6,32.6,4.5,2.8,0,-38.845008416418494,25.687,85.0,2025-09-25 17:29:56
128.3,0,0.3,122,0,0.1,0.5,60.04,210.9,0.3,6.9,1212.6,32.6,4.5,2.8,0,-38.845008416418494,25.687,85.0,2025-09-25 17:30:16
119.3,0,0.5,108.9,0,0.1,0.8,60,210.2,0.3,6.9,1212.6,32.6,4.5,2.8,0,-38.845008416418494,25.687,85.0,2025-09-25 17:30:58
128.6,0,0.7,130.4,0,0.3,1.0,60,210.1,0.5,6.9,1212.6,32.6,4.5,2.8,0,-38.845008416418494,25.687,85.0,2025-09-25 17:31:18
126,0,0.3,131,0,0.1,0.5,60.02,210,0.3,6.9,1212.6,32.6,4.5,2.8,0,-38.845008416418494,25.625,85.0,2025-09-25 17:32:01
135.8,0,0.4,125,0,0.2,0.6,59.99,210.2,0.4,6.9,1212.6,32.6,4.5,2.8,0,-38.845008416418494,25.625,85.0,2025-09-25 17:32:20
120.7,0,0.4,130,0,0.2,0.7,60.02,210.2,0.4,6.9,1212.6,32.6,4.5,2.8,0,-38.845008416418494,25.625,85.0,2025-09-25 17:33:03
116.3,0,0.5,129.5,0,0.2,0.7,60.03,210.3,0.3,6.9,1212.6,32.6,4.5,2.8,0,-38.845008416418494,25.625,85.0,2025-09-25 17:33:23
123.6,0,0.7,110.5,0,0.2,1.1,59.99,210.1,0.4,6.9,1212.6,32.6,4.5,2.8,0,-38.845008416418494,25.625,85.0,2025-09-25 17:34:05
120.8,0,0.7,100.3,0,0.3,0.9,59.99,210.2,0.4,6.9,1212.6,32.6,4.5,2.8,0,-38.845008416418494,25.625,85.0,2025-09-25 17:34:25
109.6,0,0.4,101.5,0,0.1,0.5,59.99,210.3,0.4,6.9,1212.6,32.6,4.5,2.8,0,-38.845008416418494,25.562,85.0,2025-09-25 17:35:08
124.4,0,0.6,98.4,0,0.2,0.9,60,210.4,0.3,6.9,1212.6,32.6,4.5,2.8,0,-38.845008416418494,25.562,85.0,2025-09-25 17:35:28
123.7,0,0.5,124.5,0,0.3,1.2,60.02,210.5,0.4,6.9,1212.6,32.5,4.5,2.8,0,-38.845008416418494,25.562,85.0,2025-09-25 17:36:10
117.9,0,0.4,123.5,0,0.2,0.7,59.99,210.4,0.4,6.9,1212.6,32.5,4.5,2.8,0,-38.845008416418494,25.562,85.0,2025-09-25 17:36:30
105.9,0,0.1,121.8,0,0.0,0.3,59.99,210.4,0.4,6.9,1212.6,32.4,4.5,2.8,0,-38.845008416418494,25.5,85.0,2025-09-25 17:37:13
103.3,0,0.6,120.8,0,0.4,1.0,60.01,210.4,0.4,6.9,1212.6,32.4,4.5,2.8,0,-38.845008416418494,25.5,85.0,2025-09-25 17:37:33
101.8,0,0.5,118.6,0,0.3,0.9,59.97,210.4,0.3,6.9,1212.6,32.4,4.5,2.8,0,-38.845008416418494,25.5,85.0,2025-09-25 17:38:15
89.6,0,0.6,83.3,0,0.3,0.9,60.01,210.7,0.4,6.9,1212.6,32.3,4.5,2.8,0,-38.845008416418494,25.5,85.0,2025-09-25 17:38:35
119.3,0,0.4,99.4,0,0.0,0.5,60.03,210.2,0,6.9,1212.6,32.3,4.5,2.8,0,-38.845008416418494,25.5,85.0,2025-09-25 17:39:18
111.1,0,3.4,102.2,0,0.9,3.6,60.04,210.3,0.3,6.9,1212.6,32.2,4.5,2.8,0,-38.845008416418494,25.437,85.0,2025-09-25 17:39:37
110.1,0,3.3,84.2,0,1.6,4.6,60.01,209.6,0,6.9,1212.6,32.1,4.5,2.8,0,-38.845008416418494,25.5,85.0,2025-09-25 17:40:20
98.7,0,2.0,87,0,0.9,5.1,60.03,209.6,0.3,6.9,1212.6,32.1,4.5,2.8,0,-38.845008416418494,25.5,85.0,2025-09-25 17:40:40
84,0,0.5,86.4,0,0.4,1.1,60.01,210.2,0.2,6.9,1212.6,32.1,4.5,2.8,0,-38.845008416418494,25.5,85.0,2025-09-25 17:41:23
70.2,0,0.5,97.9,0,0.4,1.0,60.01,210.4,0.3,6.9,1212.6,32.1,4.5,2.8,0,-38.845008416418494,25.5,85.0,2025-09-25 17:41:42
74.2,0,0.5,92.7,0,0.4,0.9,59.99,209.9,0.4,6.9,1212.6,32.1,4.5,2.8,0,-38.845008416418494,25.5,85.0,2025-09-25 17:42:25
70.1,0,0.6,90.4,0,0.4,1.0,60.01,209.8,0.3,6.9,1212.6,32.1,4.5,2.8,0,-38.845008416418494,25.562,85.0,2025-09-25 17:42:45
70.4,0,0.1,85.4,0,0.1,0.3,60.01,209.4,0.3,6.9,1212.6,32.1,4.5,2.8,0,-38.845008416418494,25.5,85.0,2025-09-25 17:43:27
74,0,0.3,83.3,0,0.1,0.4,60.03,209.4,0.4,6.9,1212.6,32.1,4.5,2.8,0,-38.845008416418494,25.5,85.0,2025-09-25 17:43:47
77.3,0,2.4,78.2,0,1.4,5.0,60.01,210.1,0.4,6.9,1212.6,32.1,4.5,2.8,0,-38.845008416418494,25.437,85.0,2025-09-25 17:44:30
73.4,0,1.6,75.7,0,0.9,2.5,59.98,210.2,0.3,6.9,1212.6,32,4.5,2.8,0,-38.845008416418494,25.437,85.0,2025-09-25 17:44:50
78.6,0,0.0,70.2,0,0.0,0.0,60,210.2,0,6.9,1212.6,32,4.5,2.8,0,-38.845008416418494,25.437,85.0,2025-09-25 17:45:32
