vpv1,ipv1,pv1_watt,vpv2,ipv2,pv2_watt,pac_total,freq,vac1,iac1,energia_hoy,energia_total,temp_inversor,Energìa PV1,Energìa PV2,codigo_error,irradiancia,temp1,temp2,timestamp
,0,0.0,0,0,0.0,0.0,0,0,0,0.0,857.0,0,0.0,0.0,0,-38.845008416418494,22.0,22.0,2025-06-16 05:25:03
,,0.0,0,0,0.0,0.0,0,0,0,0.0,857.0,0,0.0,0.0,0,-38.845008416418494,22.0,22.0,2025-06-16 05:25:58
0,0,0.0,0,0,0.0,0.0,0,0,0,0.0,857.0,0,0.0,0.0,0,-38.845008416418494,22.0,22.0,2025-06-16 05:26:05
,,0.0,0,0,0.0,0.0,0,0,0,0.0,857.0,0,0.0,0.0,0,-38.845008416418494,22.0,22.0,2025-06-16 05:27:03
,,0.0,0,0,0.0,0.0,0,0,0,0.0,857.0,0,0.0,0.0,0,-38.845008416418494,22.0,22.0,2025-06-16 05:28:13
0,0,0.0,0,0,0.0,0.0,0,0,0,0.0,857.0,0,0.0,0.0,0,-38.845008416418494,22.062,22.062,2025-06-16 05:29:09
0,0,0.0,0,0,0.0,0.0,0,0,0,0.0,857.0,0,0.0,0.0,0,-38.845008416418494,22.062,22.062,2025-06-16 05:29:15
0,0,0.0,0,0,0.0,0.0,0,0,0,0.0,857.0,0,0.0,0.0,0,-38.845008416418494,22.062,22.062,2025-06-16 05:30:11
,0,0.0,0,0,0.0,0.0,0,0,0,0.0,857.0,0,0.0,0.0,0,-38.845008416418494,22.125,22.125,2025-06-16 05:30:19
117.8,0,0.0,117.7,0,0.0,0.0,59.98,210.7,0,0.0,857.0,22.3,0.0,0.0,0,-38.845008416418494,22.125,22.125,2025-06-16 05:31:14
146,0,0.0,145.8,0,0.0,0.0,59.97,210.6,0,0.0,857.0,22.3,0.0,0.0,0,-38.845008416418494,22.125,22.125,2025-06-16 05:31:21
146.9,0,0.0,146.7,0,0.0,0.0,59.99,210.8,0,0.0,857.0,22.3,0.0,0.0,0,-38.845008416418494,22.125,22.125,2025-06-16 05:32:16
146.9,0,0.0,146.7,0,0.0,0.0,59.98,210.7,0,0.0,857.0,22.3,0.0,0.0,0,-38.845008416418494,22.125,22.125,2025-06-16 05:32:23
147.6,0,0.0,147.4,0,0.0,0.0,60.01,210.8,0,0.0,857.0,22.3,0.0,0.0,0,-38.845008416418494,22.125,22.187,2025-06-16 05:33:19
147.7,0,0.0,147.5,0,0.0,0.0,60.06,211,0,0.0,857.0,22.4,0.0,0.0,0,-38.845008416418494,22.187,22.187,2025-06-16 05:33:26
148.4,0,0.0,148.3,0,0.0,0.0,60.05,211.1,0,0.0,857.0,22.4,0.0,0.0,0,-38.845008416418494,22.125,22.187,2025-06-16 05:34:21
148.3,0,0.0,148.2,0,0.0,0.0,60.03,210.9,0,0.0,857.0,22.4,0.0,0.0,0,-38.845008416418494,22.187,22.187,2025-06-16 05:34:28
149.2,0,0.0,149.1,0,0.0,0.0,60.03,211,0,0.0,857.0,22.4,0.0,0.0,0,-38.845008416418494,22.125,22.125,2025-06-16 05:35:24
149.4,0,0.0,149.3,0,0.0,0.0,60.01,210.9,0,0.0,857.0,22.4,0.0,0.0,0,-38.845008416418494,22.125,22.125,2025-06-16 05:35:31
99.5,0,0.0,76.6,0,0.0,0.0,59.96,210.9,0,0.0,857.0,22.5,0.0,0.0,0,-38.845008416418494,22.125,22.125,2025-06-16 05:36:26
99.5,0,0.0,76.5,0,0.0,0.0,60,210.7,0,0.0,857.0,22.5,0.0,0.0,0,-38.845008416418494,22.125,22.125,2025-06-16 05:36:33
150.9,0,0.0,150.7,0,0.0,0.0,60.01,210.8,0,0.0,857.0,22.5,0.0,0.0,0,-38.845008416418494,22.125,22.125,2025-06-16 05:37:28
151,0,0.0,150.8,0,0.0,0.0,59.99,210.7,0,0.0,857.0,22.5,0.0,0.0,0,-38.845008416418494,22.125,22.125,2025-06-16 05:37:36
151.9,0,0.0,151.6,0,0.0,0.0,60.03,210.7,0,0.0,857.0,22.5,0.0,0.0,0,-38.845008416418494,22.125,22.125,2025-06-16 05:38:31
151.9,0,0.0,151.7,0,0.0,0.0,60.03,210.9,0,0.0,857.0,22.5,0.0,0.0,0,-38.845008416418494,22.125,22.125,2025-06-16 05:38:38
152.5,0,0.0,152.4,0,0.0,0.0,59.99,211,0,0.0,857.0,22.5,0.0,0.0,0,-38.845008416418494,22.125,22.125,2025-06-16 05:39:33
152.6,0,0.0,152.5,0,0.0,0.0,60,210.9,0,0.0,857.0,22.5,0.0,0.0,0,-38.845008416418494,22.125,22.125,2025-06-16 05:39:41
153.3,0,0.0,153.3,0,0.0,0.0,60,210.8,0,0.0,857.0,22.5,0.0,0.0,0,-38.845008416418494,22.125,22.187,2025-06-16 05:40:36
153.4,0,0.0,153.4,0,0.0,0.0,59.97,210.8,0,0.0,857.0,22.5,0.0,0.0,0,-38.845008416418494,22.125,22.125,2025-06-16 05:40:43
99.4,0,0.0,91,0,0.0,0.0,59.99,211,0,0.0,857.0,22.5,0.0,0.0,0,-38.845008416418494,22.125,22.125,2025-06-16 05:41:38
99.1,0,0.0,83.7,0,0.0,0.0,59.98,210.8,0,0.0,857.0,22.5,0.0,0.0,0,-38.845008416418494,22.125,22.125,2025-06-16 05:41:46
155.2,0,0.0,155,0,0.0,0.0,59.99,210.9,0,0.0,857.0,22.6,0.0,0.0,0,-38.845008416418494,22.125,22.125,2025-06-16 05:42:41
155.3,0,0.0,155.1,0,0.0,0.0,59.98,210.9,0,0.0,857.0,22.6,0.0,0.0,0,-38.845008416418494,22.125,22.125,2025-06-16 05:42:48
156.1,0,0.0,155.9,0,0.0,0.0,60,210.9,0,0.0,857.0,22.6,0.0,0.0,0,-38.845008416418494,22.125,22.125,2025-06-16 05:43:43
156.4,0,0.0,156.1,0,0.0,0.0,60,210.8,0,0.0,857.0,22.6,0.0,0.0,0,-38.845008416418494,22.125,22.125,2025-06-16 05:43:51
157.2,0,0.0,157,0,0.0,0.0,60.01,210.9,0,0.0,857.0,22.6,0.0,0.0,0,0.0,22.125,22.125,2025-06-16 05:44:46
157.3,0,0.0,157,0,0.0,0.0,60,210.8,0,0.0,857.0,22.6,0.0,0.0,0,-38.845008416418494,22.125,22.125,2025-06-16 05:44:53
158.2,0,0.0,158,0,0.0,0.0,59.98,210.7,0,0.0,857.0,22.7,0.0,0.0,0,-38.845008416418494,22.125,22.125,2025-06-16 05:45:48
158.3,0,0.0,158.1,0,0.0,0.0,59.99,210.7,0,0.0,857.0,22.7,0.0,0.0,0,0.0,22.125,22.125,2025-06-16 05:45:56
159.3,0,0.0,159,0,0.0,0.0,59.99,210.9,0,0.0,857.0,22.7,0.0,0.0,0,0.0,22.125,22.125,2025-06-16 05:46:51
142.1,0,0.0,129.6,0,0.0,0.0,59.99,211,0,0.0,857.0,22.7,0.0,0.0,0,-38.845008416418494,22.125,22.125,2025-06-16 05:46:58
160.3,0,0.0,159.8,0,0.0,0.0,60.02,210.9,0,0.0,857.0,22.7,0.0,0.0,0,-38.845008416418494,22.125,22.125,2025-06-16 05:47:53
160.4,0,0.0,159.9,0,0.0,0.0,60.01,211,0,0.0,857.0,22.7,0.0,0.0,0,0.0,22.125,22.125,2025-06-16 05:48:00
160.9,0,0.0,160.3,0,0.0,0.0,60.05,211,0,0.0,857.0,22.7,0.0,0.0,0,0.0,22.125,22.125,2025-06-16 05:48:56
160.9,0,0.0,160.4,0,0.0,0.0,60.03,211,0,0.0,857.0,22.7,0.0,0.0,0,0.0,22.125,22.125,2025-06-16 05:49:03
161.5,0,0.0,160.8,0,0.0,0.0,60.01,210.7,0,0.0,857.0,22.7,0.0,0.0,0,0.0,22.062,22.062,2025-06-16 05:49:58
161.6,0,0.0,160.9,0,0.0,0.0,60.03,210.7,0,0.0,857.0,22.7,0.0,0.0,0,0.0,22.062,22.062,2025-06-16 05:50:05
162.3,0,0.0,161.3,0,0.0,0.0,59.97,210.6,0,0.0,857.0,22.8,0.0,0.0,0,0.0,22.062,22.062,2025-06-16 05:51:01
162.4,0,0.0,161.4,0,0.0,0.0,59.98,210.6,0,0.0,857.0,22.8,0.0,0.0,0,0.0,22.062,22.062,2025-06-16 05:51:08
99.7,0,0.0,81.3,0,0.0,0.0,59.96,210.7,0,0.0,857.0,22.8,0.0,0.0,0,0.0,22.062,22.062,2025-06-16 05:52:03
157.8,0,0.0,151.2,0,0.0,0.0,59.97,210.8,0,0.0,857.0,22.8,0.0,0.0,0,0.0,22.062,22.062,2025-06-16 05:52:10
146.4,0.1,19.1,143.5,0,12.1,30.7,60.02,210.5,0.4,0.0,857.0,22.9,0.0,0.0,0,0.0,22.062,22.062,2025-06-16 05:53:05
152.1,0.1,19.1,144.7,0,12.5,31.1,60.03,210.5,0.3,0.0,857.0,23,0.0,0.0,0,0.0,22.0,22.062,2025-06-16 05:53:13
146.2,0.1,20.4,140.6,0,13.4,33.3,60.01,210.8,0.3,0.0,857.0,23.1,0.0,0.0,0,0.0,22.0,22.0,2025-06-16 05:54:08
140.2,0.1,20.7,147.8,0,13.4,33.7,60.03,210.8,0.4,0.0,857.0,23.1,0.0,0.0,0,0.0,22.0,22.0,2025-06-16 05:54:15
152.3,0.1,21.7,149.3,0,14.7,35.8,60.04,210.8,0.5,0.0,857.0,23.3,0.0,0.0,0,0.0,22.0,22.062,2025-06-16 05:55:10
141.9,0.1,21.7,147.8,0.1,15.2,36.3,60.01,210.8,0.4,0.0,857.0,23.3,0.0,0.0,0,0.0,22.0,22.062,2025-06-16 05:55:18
146.3,0.1,22.7,143.5,0.1,15.5,37.9,59.97,210.9,0.5,0.0,857.0,23.4,0.0,0.0,0,0.0,22.062,22.062,2025-06-16 05:56:13
150.7,0.1,23.7,143.4,0.1,15.1,38.2,59.98,211,0.4,0.0,857.0,23.4,0.0,0.0,0,0.0,22.062,22.062,2025-06-16 05:56:20
151.1,0.1,25.2,146.7,0.1,16.4,41.0,60,210.9,0.5,0.0,857.0,23.6,0.0,0.0,0,0.0,22.062,22.062,2025-06-16 05:57:15
144.9,0.1,24.2,142.3,0.1,15.6,39.8,60.01,210.8,0.4,0.0,857.0,23.6,0.0,0.0,0,0.0,22.062,22.062,2025-06-16 05:57:23
141,0.1,25.1,150.9,0.1,16.4,40.9,60.01,210.8,0.4,0.0,857.0,23.7,0.0,0.0,0,0.0,22.062,22.062,2025-06-16 05:58:18
151.1,0.1,26.1,147.5,0.1,16.7,42.1,60.02,210.8,0.5,0.0,857.0,23.7,0.0,0.0,0,0.0,22.062,22.062,2025-06-16 05:58:25
148.2,0.1,26.3,139.3,0.1,16.4,41.7,60.04,210.8,0.5,0.0,857.0,23.8,0.0,0.0,0,0.0,22.125,22.062,2025-06-16 05:59:20
153.9,0.1,25.6,151,0.1,16.6,41.4,60.04,210.7,0.5,0.0,857.0,23.8,0.0,0.0,0,0.0,22.062,22.062,2025-06-16 05:59:28
151,0.1,25.3,142.2,0.1,16.6,41.2,59.98,210.6,0.4,0.0,857.0,23.9,0.0,0.0,0,0.0,22.125,22.125,2025-06-16 06:00:23
151,0.1,25.2,138.9,0.1,16.1,40.7,59.98,210.7,0.4,0.0,857.0,24,0.0,0.0,0,0.0,22.125,22.125,2025-06-16 06:00:30
148.3,0.1,24.4,140.2,0.1,15.1,38.9,60,210.6,0.4,0.0,857.0,24,0.0,0.0,0,0.0,22.187,22.187,2025-06-16 06:01:25
151.2,0.1,24.7,142.9,0.1,15.1,38.9,60,210.7,0.5,0.0,857.0,24.1,0.0,0.0,0,0.0,22.187,22.187,2025-06-16 06:01:32
142.3,0.1,22.0,144.5,0,14.0,35.3,60.01,210.6,0.4,0.0,857.0,24.2,0.0,0.0,0,0.0,22.187,22.25,2025-06-16 06:02:28
141,0.1,22.0,144.6,0,14.0,35.4,60.01,210.6,0.4,0.0,857.0,24.2,0.0,0.0,0,0.0,22.25,22.25,2025-06-16 06:02:35
148.2,0.1,21.3,145.7,0,12.7,33.5,59.99,210.5,0.4,0.0,857.0,24.3,0.0,0.0,0,0.0,22.25,22.25,2025-06-16 06:03:30
148.8,0.1,21.2,141.8,0,12.4,33.2,59.97,210.5,0.4,0.0,857.0,24.3,0.0,0.0,0,0.0,22.187,22.25,2025-06-16 06:03:37
148.2,0.1,21.5,148.3,0,11.2,32.2,60.02,210.5,0.5,0.0,857.0,24.4,0.0,0.0,0,0.0,22.25,22.25,2025-06-16 06:04:32
147.8,0.1,20.8,142.1,0,11.9,32.3,60.01,210.5,0.4,0.0,857.0,24.4,0.0,0.0,0,0.0,22.25,22.25,2025-06-16 06:04:40
148.5,0.1,21.8,143.7,0,12.1,33.4,60.02,210.6,0.4,0.0,857.0,24.5,0.0,0.0,0,0.0,22.312,22.312,2025-06-16 06:05:35
150.3,0.1,20.6,140.5,0,11.8,32.8,59.99,210.5,0.4,0.0,857.0,24.5,0.0,0.0,0,0.0,22.312,22.312,2025-06-16 06:05:42
146.6,0.1,21.5,146.7,0,12.2,33.0,59.98,210.5,0.4,0.0,857.0,24.6,0.0,0.0,0,0.0,22.312,22.312,2025-06-16 06:06:37
151.9,0.1,20.5,142.8,0,11.9,31.9,59.98,210.5,0.4,0.0,857.0,24.6,0.0,0.0,0,0.0,22.312,22.312,2025-06-16 06:06:45
146.5,0.1,22.1,143.8,0,12.5,34.1,60.01,210.4,0.4,0.0,857.0,24.7,0.0,0.0,0,0.0,22.375,22.375,2025-06-16 06:07:40
146.6,0.1,22.1,140,0,12.4,34.0,60.02,210.4,0.4,0.0,857.0,24.8,0.0,0.0,0,0.0,22.375,22.375,2025-06-16 06:07:47
143.6,0.1,22.8,140.8,0,13.0,35.4,59.99,210.4,0.4,0.0,857.0,24.9,0.0,0.0,0,0.0,22.437,22.437,2025-06-16 06:08:42
152.1,0.1,22.9,144,0,13.6,35.9,60,210.3,0.4,0.0,857.0,24.9,0.0,0.0,0,0.0,22.437,22.437,2025-06-16 06:08:50
148.6,0.1,24.2,143.4,0.1,14.6,38.3,60.03,210.3,0.5,0.0,857.0,24.9,0.0,0.0,0,0.0,22.437,22.437,2025-06-16 06:09:45
150.7,0.1,24.7,147,0,14.1,38.6,60.03,210.2,0.5,0.0,857.0,24.9,0.0,0.0,0,0.0,22.437,22.437,2025-06-16 06:09:52
147.5,0.1,26.6,144.3,0.1,15.0,40.9,59.99,210.3,0.4,0.0,857.0,25.1,0.0,0.0,0,0.0,22.437,22.437,2025-06-16 06:10:47
153.4,0.1,26.0,144.5,0,15.4,40.8,60,210.3,0.4,0.0,857.0,25.1,0.0,0.0,0,0.0,22.437,22.437,2025-06-16 06:10:55
148,0.1,28.5,141.8,0.1,16.0,44.0,60,210.4,0.4,0.0,857.0,25.2,0.0,0.0,0,0.0,22.437,22.437,2025-06-16 06:11:50
150.4,0.1,28.0,135.4,0.1,15.8,43.0,59.95,210.3,0.4,0.0,857.0,25.2,0.0,0.0,0,0.0,22.437,22.437,2025-06-16 06:11:57
156.7,0.1,28.6,147.1,0.1,17.1,45.1,59.99,210.2,0.4,0.0,857.0,25.3,0.0,0.0,0,0.0,22.437,22.437,2025-06-16 06:12:52
150.6,0.2,30.9,150.1,0.1,17.1,47.2,59.98,210.2,0.4,0.0,857.0,25.3,0.0,0.0,0,0.0,22.437,22.437,2025-06-16 06:13:00
146.2,0.2,31.7,139.9,0.1,18.7,49.6,59.98,210,0.4,0.0,857.0,25.4,0.0,0.0,0,0.0,22.437,22.437,2025-06-16 06:13:55
146.2,0.2,32.4,151,0.1,19.3,50.9,59.98,210,0.4,0.0,857.0,25.4,0.0,0.0,0,0.0,22.437,22.437,2025-06-16 06:14:02
143.8,0.2,33.0,148.1,0.1,20.5,52.6,59.99,210.4,0.5,0.0,857.0,25.5,0.0,0.0,0,0.0,22.5,22.5,2025-06-16 06:14:57
154.2,0.2,34.3,149,0.1,20.6,53.5,60,210.3,0.5,0.0,857.0,25.5,0.0,0.0,0,0.0,22.5,22.5,2025-06-16 06:15:04
155.1,0.2,34.8,149,0.1,21.5,55.4,59.97,210,0.4,0.0,857.0,25.5,0.0,0.0,0,0.0,22.5,22.5,2025-06-16 06:16:00
149.1,0.2,35.7,143,0.1,21.4,56.1,59.98,210.2,0.5,0.0,857.0,25.5,0.0,0.0,0,0.0,22.5,22.5,2025-06-16 06:16:07
149.5,0.2,36.0,148.6,0.1,22.2,57.2,59.96,210.1,0.4,0.0,857.0,25.6,0.0,0.0,0,0.0,22.437,22.437,2025-06-16 06:17:02
155,0.2,36.4,146.2,0.1,22.3,57.8,59.97,210.2,0.5,0.0,857.0,25.6,0.0,0.0,0,0.0,22.437,22.437,2025-06-16 06:17:09
146.2,0.2,36.7,149,0.1,23.5,59.1,59.96,210.1,0.5,0.0,857.0,25.7,0.0,0.0,0,0.0,22.437,22.437,2025-06-16 06:18:04
140.4,0.2,35.3,143.1,0.1,23.0,57.4,59.94,209.9,0.4,0.0,857.0,25.7,0.0,0.0,0,0.0,22.437,22.437,2025-06-16 06:18:12
152.1,0.2,38.1,142.9,0.1,23.8,60.7,60.01,211.3,0.6,0.0,857.0,25.8,0.0,0.0,0,0.0,22.437,22.437,2025-06-16 06:19:07
152.3,0.2,37.3,143.1,0.1,23.8,60.2,59.99,211.4,0.4,0.0,857.0,25.8,0.0,0.0,0,0.0,22.437,22.5,2025-06-16 06:19:14
152.4,0.2,39.8,148.2,0.1,25.4,63.5,60.01,211.6,0.4,0.0,857.0,25.8,0.0,0.0,0,0.0,22.562,22.562,2025-06-16 06:20:09
152.3,0.2,39.5,147.5,0.1,25.6,63.9,60.02,211.6,0.5,0.0,857.0,25.8,0.0,0.0,0,0.0,22.562,22.562,2025-06-16 06:20:17
153.5,0.2,42.9,148.9,0.1,27.8,69.5,60,211.7,0.5,0.0,857.0,25.9,0.0,0.0,0,0.0,22.562,22.562,2025-06-16 06:21:12
153.3,0.2,42.8,153.6,0.1,27.2,68.7,59.98,211.7,0.4,0.0,857.0,25.9,0.0,0.0,0,0.0,22.562,22.562,2025-06-16 06:21:19
150.7,0.2,45.7,145.9,0.1,30.6,74.6,60,211.6,0.5,0.0,857.0,26,0.0,0.0,0,0.0,22.5,22.5,2025-06-16 06:22:14
156.5,0.2,45.3,145.9,0.2,30.6,75.0,60.02,211.7,0.5,0.0,857.0,26,0.0,0.0,0,0.0,22.5,22.5,2025-06-16 06:22:22
150.7,0.3,50.9,151.6,0.2,35.2,84.6,60.04,211.6,0.5,0.0,857.0,26.1,0.0,0.0,0,0.0,22.5,22.562,2025-06-16 06:23:17
147.9,0.3,51.8,153.2,0.2,36.1,86.1,60.05,211.5,0.6,0.0,857.0,26.1,0.0,0.0,0,0.0,22.562,22.562,2025-06-16 06:23:24
150.7,0.3,56.7,157.6,0.2,41.8,98.2,60.04,211.6,0.6,0.0,857.0,26.1,0.0,0.0,0,0.0,22.562,22.625,2025-06-16 06:24:19
151.9,0.3,58.8,152,0.2,43.3,100.2,60.02,211.6,0.5,0.0,857.0,26.1,0.0,0.0,0,0.0,22.625,22.625,2025-06-16 06:24:27
155.2,0.4,64.8,155.1,0.3,48.8,111.5,60.05,211.8,0.5,0.0,857.0,26.2,0.0,0.0,0,0.0,22.687,22.687,2025-06-16 06:25:22
152,0.4,64.5,151.8,0.3,48.5,111.5,60.05,211.8,0.6,0.0,857.0,26.2,0.0,0.0,0,0.0,22.687,22.687,2025-06-16 06:25:29
160.5,0.4,70.7,157.8,0.3,55.2,123.8,60.03,211.8,0.6,0.0,857.0,26.2,0.0,0.0,0,38.845008416418494,22.75,22.75,2025-06-16 06:26:24
154.9,0.4,72.4,154.6,0.3,55.2,125.3,60.04,211.7,0.6,0.0,857.0,26.2,0.0,0.0,0,38.845008416418494,22.75,22.75,2025-06-16 06:26:32
158.1,0.5,80.1,156.2,0.3,58.5,136.0,60.03,211.8,0.7,0.0,857.0,26.3,0.0,0.0,0,38.845008416418494,22.75,22.75,2025-06-16 06:27:27
158.3,0.4,81.2,152.9,0.3,58.4,136.3,60.01,211.7,0.7,0.0,857.0,26.3,0.0,0.0,0,0.0,22.75,22.75,2025-06-16 06:27:34
157.9,0.5,86.8,156.8,0.4,62.6,146.6,60.04,211.7,0.6,0.0,857.0,26.4,0.0,0.0,0,38.845008416418494,22.687,22.687,2025-06-16 06:28:29
158,0.5,87.9,160.1,0.4,58.5,143.4,60.03,211.7,0.7,0.0,857.0,26.4,0.0,0.0,0,38.845008416418494,22.687,22.687,2025-06-16 06:28:36
160.3,0.5,89.7,154.8,0.4,64.2,149.1,59.97,211.5,0.7,0.0,857.0,26.4,0.0,0.0,0,38.845008416418494,22.687,22.687,2025-06-16 06:29:31
155.1,0.5,90.0,159.2,0.4,63.8,150.9,60.03,211.7,0.7,0.0,857.0,26.4,0.0,0.0,0,38.845008416418494,22.625,22.687,2025-06-16 06:29:39
155.1,0.5,88.9,154.6,0.4,64.1,150.2,60.05,211.5,0.7,0.0,857.0,26.5,0.0,0.0,0,38.845008416418494,22.687,22.687,2025-06-16 06:30:34
159.9,0.5,86.9,154.8,0.4,64.1,147.9,60.03,211.3,0.8,0.0,857.0,26.5,0.0,0.0,0,38.845008416418494,22.687,22.687,2025-06-16 06:30:41
158.1,0.5,90.3,162.2,0.4,58.1,145.4,60.04,211.3,0.8,0.0,857.0,26.5,0.0,0.0,0,38.845008416418494,22.75,22.75,2025-06-16 06:31:36
157.9,0.5,89.8,157.4,0.4,63.4,150.4,60.03,211.3,0.7,0.0,857.0,26.5,0.0,0.0,0,38.845008416418494,22.687,22.75,2025-06-16 06:31:44
161,0.5,86.2,154.8,0.4,63.6,147.1,59.99,211.4,0.7,0.0,857.0,26.6,0.0,0.0,0,38.845008416418494,22.75,22.75,2025-06-16 06:32:39
156.2,0.5,88.0,154.9,0.4,63.9,150.1,60.01,211.6,0.7,0.0,857.0,26.6,0.0,0.0,0,38.845008416418494,22.75,22.812,2025-06-16 06:32:46
161,0.5,87.3,154.7,0.4,65.0,150.4,60.03,211.6,0.7,0.0,857.0,26.7,0.0,0.0,0,38.845008416418494,22.75,22.75,2025-06-16 06:33:41
158.1,0.5,90.4,154.8,0.4,65.1,152.5,60.02,211.6,0.7,0.0,857.0,26.7,0.0,0.0,0,38.845008416418494,22.75,22.75,2025-06-16 06:33:49
158.2,0.5,93.3,160.7,0.4,65.8,156.2,60.02,211.6,0.7,0.0,857.0,26.7,0.0,0.0,0,38.845008416418494,22.875,22.875,2025-06-16 06:34:44
158.1,0.5,92.8,154.8,0.4,66.5,156.4,60.04,211.5,0.7,0.0,857.0,26.8,0.0,0.0,0,38.845008416418494,22.875,22.875,2025-06-16 06:34:51
155.5,0.6,95.5,156.2,0.4,69.7,162.0,60.04,211.5,0.7,0.0,857.0,26.8,0.0,0.0,0,38.845008416418494,22.937,23.0,2025-06-16 06:35:46
161.3,0.5,93.8,159.4,0.4,69.9,161.2,60.05,211.6,0.8,0.0,857.0,26.8,0.0,0.0,0,38.845008416418494,23.0,23.0,2025-06-16 06:35:54
160.8,0.6,99.0,153.6,0.4,74.3,170.0,60.02,211.5,0.7,0.0,857.0,26.9,0.0,0.0,0,38.845008416418494,23.0,23.0,2025-06-16 06:36:49
155.1,0.6,99.9,154.7,0.4,74.1,170.7,60.02,211.6,0.7,0.0,857.0,26.9,0.0,0.0,0,38.845008416418494,23.0,23.0,2025-06-16 06:36:56
157.2,0.6,106.4,160.6,0.5,80.6,184.6,59.97,211.5,0.8,0.0,857.0,27,0.0,0.0,0,38.845008416418494,23.0,23.0,2025-06-16 06:37:51
161.8,0.6,107.5,157.7,0.5,81.0,184.9,59.97,211.5,0.9,0.0,857.0,27,0.0,0.0,0,38.845008416418494,23.0,23.062,2025-06-16 06:37:59
158.1,0.7,116.5,149,0.5,86.3,198.4,59.96,211.5,1,0.0,857.0,27.1,0.0,0.0,0,38.845008416418494,23.062,23.062,2025-06-16 06:38:54
160.6,0.7,118.8,154.5,0.5,89.4,203.1,59.98,211.6,1,0.0,857.0,27.1,0.0,0.0,0,38.845008416418494,23.062,23.062,2025-06-16 06:39:01
159.6,0.7,128.8,153.3,0.6,98.9,222.7,59.98,211.6,1,0.0,857.0,27.1,0.0,0.0,0,38.845008416418494,23.062,23.062,2025-06-16 06:39:56
158.7,0.8,130.4,153.8,0.6,100.4,224.7,59.97,211.6,1,0.0,857.0,27.1,0.0,0.0,0,38.845008416418494,23.062,23.062,2025-06-16 06:40:04
159.7,0.9,143.0,156.3,0.7,110.6,245.3,59.98,211.6,1.1,0.0,857.0,27.2,0.0,0.0,0,38.845008416418494,23.125,23.125,2025-06-16 06:40:59
160,0.9,144.8,153.4,0.7,111.4,246.7,60,211.6,1.1,0.0,857.0,27.2,0.0,0.0,0,77.69001683283699,23.125,23.187,2025-06-16 06:41:06
162.5,0.9,158.1,157.7,0.7,120.4,267.5,60.02,211.4,1.2,0.0,857.0,27.4,0.0,0.0,0,77.69001683283699,23.187,23.187,2025-06-16 06:42:01
162.7,0.9,154.5,163.6,0.7,123.0,268.5,60.01,211.4,1.2,0.0,857.0,27.4,0.0,0.0,0,77.69001683283699,23.187,23.187,2025-06-16 06:42:08
159.7,1,167.4,159.1,0.8,129.3,284.4,59.98,211.6,1.4,0.0,857.0,27.4,0.0,0.0,0,77.69001683283699,23.187,23.187,2025-06-16 06:43:03
162.4,1,170.0,165.1,0.7,128.2,285.9,60,211.6,1.3,0.0,857.0,27.4,0.0,0.0,0,77.69001683283699,23.25,23.25,2025-06-16 06:43:11
164,1,174.0,157.1,0.8,133.4,294.5,60.01,211.4,1.2,0.0,857.0,27.5,0.0,0.0,0,77.69001683283699,23.312,23.312,2025-06-16 06:44:06
159.5,1.1,174.0,156.1,0.8,133.5,293.9,60.02,211.4,1.3,0.0,857.0,27.5,0.0,0.0,0,77.69001683283699,23.312,23.375,2025-06-16 06:44:13
162.6,1.1,180.6,161.1,0.8,135.9,303.9,60,211.6,1.4,0.0,857.0,27.7,0.0,0.0,0,77.69001683283699,23.437,23.437,2025-06-16 06:45:08
162.5,1.1,181.8,163.6,0.7,138.6,307.4,59.99,211.5,1.3,0.0,857.0,27.7,0.0,0.0,0,77.69001683283699,23.437,23.437,2025-06-16 06:45:16
159.6,1.2,193.0,160.7,0.9,154.3,331.0,59.98,211.4,1.5,0.0,857.0,27.8,0.0,0.0,0,77.69001683283699,23.437,23.437,2025-06-16 06:46:11
163,1.2,197.3,163.9,0.9,157.6,339.1,60.01,211.5,1.5,0.0,857.0,27.8,0.0,0.0,0,77.69001683283699,23.437,23.437,2025-06-16 06:46:18
162.4,1.3,213.0,162.2,1,174.2,366.4,60.01,211.5,1.7,0.0,857.0,28,0.0,0.0,0,77.69001683283699,23.437,23.437,2025-06-16 06:47:13
159.9,1.3,213.3,159,1.1,176.4,368.9,59.99,211.6,1.7,0.1,857.1,28,0.0,0.0,0,116.53502524925548,23.437,23.437,2025-06-16 06:47:21
159.7,1.4,219.9,163.6,1.1,184.9,382.2,60.04,211.7,1.8,0.1,857.1,28.1,0.0,0.0,0,116.53502524925548,23.5,23.5,2025-06-16 06:48:16
162.7,1.4,224.5,163.5,1.1,189.2,391.1,60.03,211.7,1.8,0.1,857.1,28.1,0.0,0.0,0,116.53502524925548,23.5,23.5,2025-06-16 06:48:23
162.5,1.3,219.6,162,1,172.0,370.5,60,211.6,1.7,0.1,857.1,28.2,0.0,0.0,0,116.53502524925548,23.437,23.5,2025-06-16 06:49:18
162.5,1.2,220.9,168.4,1,153.8,357.4,60.01,211.7,1.7,0.1,857.1,28.3,0.0,0.0,0,116.53502524925548,23.437,23.5,2025-06-16 06:49:26
162.6,1.4,228.1,162.2,1.1,184.8,390.3,59.99,211.8,1.8,0.1,857.1,28.4,0.0,0.0,0,116.53502524925548,23.562,23.562,2025-06-16 06:50:21
162.5,1.4,233.9,156.2,1.2,188.5,397.0,59.99,211.8,1.8,0.1,857.1,28.4,0.0,0.0,0,116.53502524925548,23.562,23.562,2025-06-16 06:50:28
159.3,1.5,246.9,160.7,1.2,208.3,427.6,59.99,211.9,2,0.1,857.1,28.4,0.0,0.0,0,116.53502524925548,23.5,23.562,2025-06-16 06:51:23
162.5,1.5,247.5,163.6,1.2,207.5,429.0,59.98,211.9,2,0.1,857.1,28.5,0.0,0.0,0,116.53502524925548,23.562,23.562,2025-06-16 06:51:31
162.4,1.4,231.6,163.5,1.1,186.6,394.3,60.02,211.8,1.8,0.1,857.1,28.6,0.0,0.0,0,116.53502524925548,23.562,23.562,2025-06-16 06:52:26
160.2,1.4,227.6,163.4,1.1,183.1,388.1,60.03,211.6,1.8,0.1,857.1,28.6,0.0,0.0,0,116.53502524925548,23.562,23.562,2025-06-16 06:52:33
162.5,1.4,226.4,160.7,1.1,180.5,384.1,60.02,211.4,1.8,0.1,857.1,28.8,0.0,0.0,0,116.53502524925548,23.625,23.625,2025-06-16 06:53:28
160.2,1.4,226.8,164.2,1.1,174.4,380.0,60.03,211.5,1.8,0.1,857.1,28.8,0.0,0.0,0,116.53502524925548,23.625,23.625,2025-06-16 06:53:36
161.5,1.5,246.0,158.7,1.3,208.3,427.6,60.01,211.9,1.9,0.1,857.1,28.9,0.0,0.0,0,116.53502524925548,23.625,23.625,2025-06-16 06:54:31
164.5,1.5,250.7,158.1,1.4,222.2,438.4,59.99,211.9,2.1,0.1,857.1,28.9,0.0,0.0,0,116.53502524925548,23.625,23.625,2025-06-16 06:54:38
159,1.7,265.7,154.7,1.5,236.3,468.4,59.98,211.6,2.2,0.1,857.1,29.1,0.0,0.0,0,116.53502524925548,23.625,23.625,2025-06-16 06:55:33
161,1.6,265.4,157.5,1.5,235.5,469.5,60,211.6,2.2,0.1,857.1,29.1,0.0,0.0,0,116.53502524925548,23.625,23.625,2025-06-16 06:55:40
162.7,1.7,286.5,159.1,1.6,264.2,517.1,59.97,211.6,2.4,0.1,857.1,29.2,0.0,0.0,0,116.53502524925548,23.625,23.625,2025-06-16 06:56:35
164.1,1.8,286.9,163.5,1.6,266.4,519.9,60,211.7,2.4,0.1,857.1,29.3,0.0,0.0,0,155.38003366567398,23.625,23.625,2025-06-16 06:56:43
162.5,1.8,289.2,162.1,1.6,270.1,524.9,60.01,211.9,2.4,0.1,857.1,29.4,0.1,0.0,0,155.38003366567398,23.687,23.687,2025-06-16 06:57:38
166,1.7,275.5,165.2,1.6,268.3,511.0,59.97,211.9,2.4,0.1,857.1,29.4,0.1,0.0,0,116.53502524925548,23.687,23.687,2025-06-16 06:57:45
162.5,1.8,295.7,165.2,1.6,279.5,540.1,60,212,2.4,0.1,857.1,29.6,0.1,0.0,0,155.38003366567398,23.687,23.687,2025-06-16 06:58:40
165.9,1.8,286.5,162.1,1.6,273.1,524.8,60.04,211.9,2.4,0.1,857.1,29.6,0.1,0.0,0,116.53502524925548,23.687,23.75,2025-06-16 06:58:48
159.4,1.8,293.9,162.2,1.7,277.4,535.8,60.01,212,2.5,0.1,857.1,29.7,0.1,0.0,0,155.38003366567398,23.75,23.75,2025-06-16 06:59:43
158.3,2,316.8,159.6,1.9,308.8,584.5,60.01,212,2.8,0.1,857.1,29.7,0.1,0.0,0,155.38003366567398,23.75,23.75,2025-06-16 06:59:50
161,2.3,372.1,162.7,2.3,380.2,704.8,59.99,212.1,3.3,0.2,857.2,29.9,0.1,0.0,0,194.22504208209244,23.75,23.75,2025-06-16 07:00:45
164.1,2.4,394.9,158.9,2.5,392.7,735.1,60.01,212.2,3.5,0.2,857.2,30,0.1,0.0,0,194.22504208209244,23.75,23.75,2025-06-16 07:00:53
162.5,2.3,380.3,163.6,2.3,375.1,708.2,60,212.1,3.3,0.2,857.2,30.2,0.1,0.1,0,155.38003366567398,23.875,23.875,2025-06-16 07:01:48
164.3,2.3,380.1,168.6,2.3,350.2,684.5,60.02,212.1,3.3,0.2,857.2,30.2,0.1,0.1,0,194.22504208209244,23.875,23.875,2025-06-16 07:01:55
165.3,2.5,400.0,161.1,2.4,397.4,746.0,59.98,212.1,3.5,0.2,857.2,30.4,0.1,0.1,0,194.22504208209244,23.625,23.625,2025-06-16 07:02:50
162.5,2.5,406.4,165.1,2.4,402.7,756.7,59.97,212.1,3.5,0.2,857.2,30.4,0.1,0.1,0,194.22504208209244,23.562,23.562,2025-06-16 07:02:58
159.6,2.5,396.9,162.1,2.4,385.5,730.5,59.99,212.1,3.5,0.2,857.2,30.6,0.1,0.1,0,194.22504208209244,23.437,23.5,2025-06-16 07:03:53
162.4,2.5,402.8,163.6,2.4,387.4,738.7,59.99,212.2,3.5,0.2,857.2,30.6,0.1,0.1,0,194.22504208209244,23.437,23.5,2025-06-16 07:04:00
158.1,2.8,443.0,162.1,2.7,436.3,819.5,59.97,212.2,3.9,0.2,857.2,30.8,0.1,0.1,0,233.07005049851097,23.75,23.812,2025-06-16 07:04:55
159.6,2.9,454.0,165.3,2.8,465.3,858.5,59.99,212.2,4.1,0.2,857.2,30.8,0.1,0.1,0,233.07005049851097,23.812,23.812,2025-06-16 07:05:03
161.1,4,646.5,162.3,4.4,706.5,1264.3,60,212.5,5.9,0.2,857.2,31,0.1,0.1,0,310.76006733134795,24.0,24.0,2025-06-16 07:05:58
163.8,3.9,643.1,165.1,4.3,709.7,1266.6,59.98,212.6,5.8,0.2,857.2,31.1,0.1,0.1,0,310.76006733134795,24.0,24.0,2025-06-16 07:06:05
161.7,3.6,556.7,165.3,3.7,598.6,1079.6,59.98,212.3,5.2,0.2,857.2,31.4,0.1,0.1,0,271.91505891492943,24.187,24.187,2025-06-16 07:07:00
161.1,4.3,675.5,167,4.5,727.0,1309.8,59.96,212.7,6.3,0.2,857.2,31.5,0.1,0.1,0,349.6050757477664,24.187,24.187,2025-06-16 07:07:08
162,3.4,535.9,165.3,3.4,555.3,1021.8,59.95,212.1,4.8,0.3,857.3,31.8,0.1,0.1,0,271.91505891492943,24.25,24.312,2025-06-16 07:08:03
164,3.4,555.6,160.6,3.6,573.1,1056.0,59.97,212.3,4.9,0.3,857.3,31.8,0.1,0.1,0,271.91505891492943,24.312,24.312,2025-06-16 07:08:10
162.2,3.7,584.5,161.3,3.7,587.8,1106.4,59.98,212.3,5.2,0.3,857.3,32.1,0.1,0.1,0,271.91505891492943,24.25,24.25,2025-06-16 07:09:05
162,4,641.6,161.2,3.9,636.4,1193.0,60.02,212.6,5.6,0.3,857.3,32.1,0.1,0.1,0,310.76006733134795,24.25,24.25,2025-06-16 07:09:12
158.1,3.1,483.6,163.5,2.8,466.7,887.9,59.99,212.2,4.2,0.3,857.3,32.4,0.1,0.1,0,233.07005049851097,24.375,24.375,2025-06-16 07:10:07
158,3,477.6,162.5,2.8,461.5,877.6,59.98,212.1,4.1,0.3,857.3,32.4,0.1,0.1,0,233.07005049851097,24.437,24.437,2025-06-16 07:10:15
162.4,3.7,600.7,160.5,3.4,572.3,1093.3,59.98,212.4,5,0.3,857.3,32.6,0.2,0.1,0,271.91505891492943,24.187,24.187,2025-06-16 07:11:10
162.5,3.5,569.1,161.2,3.2,521.1,1018.1,59.98,212.3,4.8,0.3,857.3,32.7,0.2,0.1,0,271.91505891492943,24.062,24.062,2025-06-16 07:11:17
162.4,4.1,658.1,163.4,3.7,624.3,1198.4,60.01,212.5,5.4,0.3,857.3,32.9,0.2,0.1,0,310.76006733134795,23.625,23.625,2025-06-16 07:12:12
162.1,3.8,617.6,163,3.4,562.3,1095.9,59.98,212.3,5,0.3,857.3,32.9,0.2,0.1,0,310.76006733134795,23.562,23.562,2025-06-16 07:12:20
159.7,2.9,457.4,160.7,2.2,379.1,781.2,59.99,212,3.6,0.3,857.3,33.1,0.2,0.1,0,233.07005049851097,23.5,23.562,2025-06-16 07:13:15
159.8,2.9,459.8,157.8,2.4,384.6,788.8,59.98,211.9,3.7,0.4,857.4,33.1,0.2,0.1,0,233.07005049851097,23.5,23.562,2025-06-16 07:13:22
159.5,3,484.4,153.4,2.6,407.3,832.0,60.02,211.2,3.9,0.4,857.4,33.1,0.2,0.2,0,233.07005049851097,23.5,23.562,2025-06-16 07:14:17
162.4,2.9,477.2,151.9,2.6,398.7,817.2,60.02,211.2,3.8,0.4,857.4,33.1,0.2,0.2,0,233.07005049851097,23.5,23.5,2025-06-16 07:14:25
154.4,3.9,600.9,148,3.7,540.7,1063.4,60.05,212.4,4.9,0.4,857.4,33.2,0.2,0.2,0,310.76006733134795,23.437,23.437,2025-06-16 07:15:20
156.6,3.9,608.6,147.4,3.7,541.8,1071.2,60.03,212.4,5.1,0.4,857.4,33.2,0.2,0.2,0,310.76006733134795,23.437,23.5,2025-06-16 07:15:27
159.7,4.3,672.0,151.9,3.9,584.5,1175.5,60.01,212.5,5.6,0.4,857.4,33.5,0.2,0.2,0,349.6050757477664,24.187,24.25,2025-06-16 07:16:22
154,4.6,702.0,153.4,4.4,663.9,1276.6,59.98,212.7,6.1,0.4,857.4,33.5,0.2,0.2,0,388.4500841641849,24.312,24.312,2025-06-16 07:16:30
163.3,4.5,690.5,154.3,4.5,680.1,1303.6,60,212.7,6.2,0.4,857.4,33.8,0.2,0.2,0,349.6050757477664,25.0,25.0,2025-06-16 07:17:25
161.1,4.4,725.1,151.7,4.6,690.4,1321.6,60.03,212.7,6.1,0.4,857.4,33.8,0.2,0.2,0,349.6050757477664,25.0,25.062,2025-06-16 07:17:32
163.4,4.6,722.5,154.9,4.5,701.4,1328.1,60.01,212.9,6.3,0.4,857.4,34.1,0.2,0.2,0,388.4500841641849,24.562,24.562,2025-06-16 07:18:27
158.2,4.6,733.5,151.8,4.7,708.0,1345.2,59.99,212.8,6.3,0.4,857.4,34.1,0.2,0.2,0,388.4500841641849,24.5,24.562,2025-06-16 07:18:35
158,4.6,725.9,154.9,4.5,698.6,1330.4,60,212.8,6.2,0.5,857.5,34.4,0.2,0.2,0,388.4500841641849,24.5,24.5,2025-06-16 07:19:30
158.3,4.6,739.6,156.3,4.6,712.0,1355.8,60.01,212.9,6.4,0.5,857.5,34.5,0.2,0.2,0,388.4500841641849,24.437,24.437,2025-06-16 07:19:37
160.9,5,783.5,154.8,5,767.4,1447.4,60.02,212.9,6.8,0.5,857.5,34.8,0.3,0.2,0,388.4500841641849,24.437,24.437,2025-06-16 07:20:32
158,4.8,780.8,154.7,5,759.5,1436.6,60,212.7,6.8,0.5,857.5,34.8,0.3,0.2,0,388.4500841641849,24.375,24.437,2025-06-16 07:20:40
158.2,4.7,731.1,154.8,4.6,717.4,1354.1,60,212.7,6.4,0.5,857.5,35.2,0.3,0.2,0,349.6050757477664,24.062,24.062,2025-06-16 07:21:35
158.2,4.5,728.3,161.5,4.4,723.7,1358.0,60.02,212.7,6.3,0.5,857.5,35.2,0.3,0.2,0,388.4500841641849,23.937,23.937,2025-06-16 07:21:42
158.1,4.6,717.3,161.2,4.4,694.2,1319.5,60,212.8,6.2,0.5,857.5,35.5,0.3,0.2,0,349.6050757477664,23.75,23.812,2025-06-16 07:22:37
159,4.6,706.7,159.3,4.5,712.2,1326.0,60.01,212.7,6.3,0.5,857.5,35.6,0.3,0.2,0,349.6050757477664,23.875,23.875,2025-06-16 07:22:44
156.4,4.5,694.0,159.2,4.3,692.1,1295.3,60.01,212.8,6.1,0.6,857.6,35.9,0.3,0.3,0,349.6050757477664,24.312,24.312,2025-06-16 07:23:39
158.2,4.4,695.8,161.1,4.1,681.4,1288.4,59.96,212.9,5.9,0.6,857.6,35.9,0.3,0.3,0,349.6050757477664,24.312,24.375,2025-06-16 07:23:47
158.1,4.4,685.4,158.1,4.3,674.5,1270.9,60.03,212.7,5.9,0.6,857.6,36.1,0.3,0.3,0,349.6050757477664,24.062,24.125,2025-06-16 07:24:42
155.7,4.4,683.0,160.7,4.2,647.5,1243.2,60.03,212.8,5.9,0.6,857.6,36.1,0.3,0.3,0,349.6050757477664,24.062,24.062,2025-06-16 07:24:49
158.6,4.1,674.0,157.1,4.2,652.4,1239.9,60.01,212.7,5.7,0.6,857.6,36.3,0.3,0.3,0,349.6050757477664,24.062,24.062,2025-06-16 07:25:44
157.2,4.2,661.9,159.2,4.1,653.9,1234.9,60,212.5,5.7,0.6,857.6,36.4,0.3,0.3,0,349.6050757477664,24.062,24.125,2025-06-16 07:25:52
160.6,4,604.0,159.2,3.9,613.3,1152.8,59.98,212.7,5.4,0.6,857.6,36.5,0.3,0.3,0,310.76006733134795,24.187,24.187,2025-06-16 07:26:47
158.2,3.9,625.7,156.3,3.8,603.9,1148.9,60,212.8,5.3,0.6,857.6,36.5,0.3,0.3,0,310.76006733134795,24.187,24.187,2025-06-16 07:26:54
158.2,4,632.5,161.5,3.5,604.3,1159.2,60,212.7,5.3,0.6,857.6,36.5,0.3,0.3,0,310.76006733134795,24.062,24.062,2025-06-16 07:27:49
160.9,4,622.1,159.2,3.9,625.9,1168.2,60.01,212.8,5.5,0.6,857.6,36.6,0.3,0.3,0,349.6050757477664,24.062,24.0,2025-06-16 07:27:57
155,4.4,680.6,160,4.2,645.7,1240.4,60.01,212.9,5.9,0.7,857.7,36.8,0.3,0.3,0,349.6050757477664,24.062,24.062,2025-06-16 07:28:52
158.1,4.4,679.4,159.1,4,672.7,1266.5,60,213,5.8,0.7,857.7,36.8,0.3,0.3,0,349.6050757477664,24.125,24.125,2025-06-16 07:28:59
158.3,4.6,725.5,159.2,4.5,714.2,1345.9,60.04,213,6.2,0.7,857.7,37,0.4,0.3,0,388.4500841641849,24.25,24.25,2025-06-16 07:29:54
158,4.7,731.0,161.7,4.5,681.4,1316.3,60.04,213,6.3,0.7,857.7,37,0.4,0.3,0,388.4500841641849,24.187,24.25,2025-06-16 07:30:02
161.9,4.3,667.3,157,4.4,697.9,1299.8,59.97,212.8,6.1,0.7,857.7,37.2,0.4,0.3,0,388.4500841641849,24.062,24.125,2025-06-16 07:30:57
156.6,4.6,715.4,159.7,4.3,682.6,1307.9,59.97,213,6.1,0.7,857.7,37.2,0.4,0.3,0,388.4500841641849,24.062,24.062,2025-06-16 07:31:04
155.7,4.3,681.6,159.2,4.1,658.4,1253.7,60.03,212.9,5.9,0.7,857.7,37.2,0.4,0.3,0,349.6050757477664,24.187,24.187,2025-06-16 07:31:59
158,4.3,679.7,157,4.2,652.0,1246.0,60.02,212.7,5.8,0.7,857.7,37.2,0.4,0.4,0,349.6050757477664,24.187,24.25,2025-06-16 07:32:07
155.7,4.2,668.7,159.2,4,640.5,1224.0,60.02,212.7,5.7,0.8,857.8,37.3,0.4,0.4,0,349.6050757477664,24.687,24.75,2025-06-16 07:33:02
156.7,4.2,657.5,157.1,4,626.6,1201.3,60.01,212.8,5.5,0.8,857.8,37.3,0.4,0.4,0,349.6050757477664,24.75,24.75,2025-06-16 07:33:09
160.7,4.2,638.8,159.3,4,629.7,1185.7,60.02,212.5,5.8,0.8,857.8,37.4,0.4,0.4,0,349.6050757477664,25.062,25.062,2025-06-16 07:34:04
155.2,4.4,672.3,159.2,4,642.0,1229.2,60.01,212.6,5.6,0.8,857.8,37.4,0.4,0.4,0,349.6050757477664,25.062,25.062,2025-06-16 07:34:11
158.3,4.1,684.5,159.1,4.1,649.3,1236.3,60.02,212.7,5.7,0.8,857.8,37.4,0.4,0.4,0,349.6050757477664,24.625,24.625,2025-06-16 07:35:07
156.5,4.3,680.7,156.3,4.1,638.1,1233.9,60.02,212.7,5.8,0.8,857.8,37.4,0.4,0.4,0,349.6050757477664,24.625,24.625,2025-06-16 07:35:14
160.7,4.2,649.3,160.1,3.9,594.4,1161.1,59.98,212.7,5.6,0.8,857.8,37.3,0.4,0.4,0,349.6050757477664,24.312,24.375,2025-06-16 07:36:09
158.1,4.1,660.8,159.2,3.8,622.4,1200.5,59.98,212.7,5.3,0.8,857.8,37.3,0.4,0.4,0,349.6050757477664,24.312,24.312,2025-06-16 07:36:16
158.8,4.2,635.8,161.2,3.5,605.7,1159.2,59.98,212.7,5.3,0.8,857.8,37.5,0.4,0.4,0,349.6050757477664,24.312,24.312,2025-06-16 07:37:11
155,4.3,662.6,156.2,4,621.7,1201.7,59.98,212.7,5.6,0.8,857.8,37.5,0.4,0.4,0,349.6050757477664,24.312,24.312,2025-06-16 07:37:19
155.1,4.7,723.5,154.6,4.4,678.2,1310.1,60.03,212.8,6.1,0.9,857.9,37.6,0.5,0.4,0,388.4500841641849,24.25,24.312,2025-06-16 07:38:14
158.1,4.6,724.4,157.7,4.3,678.4,1310.4,60.01,212.9,6.1,0.9,857.9,37.7,0.5,0.4,0,388.4500841641849,24.312,24.312,2025-06-16 07:38:21
155.1,4.5,692.1,157.8,4.1,642.4,1248.3,60.01,212.7,5.8,0.9,857.9,37.8,0.5,0.4,0,349.6050757477664,24.5,24.5,2025-06-16 07:39:16
154.9,4.3,687.1,157.8,4.1,639.7,1240.3,60.04,212.7,5.7,0.9,857.9,37.8,0.5,0.4,0,349.6050757477664,24.5,24.5,2025-06-16 07:39:24
159.1,4,622.1,160.4,3.6,554.1,1101.2,60.02,212.5,5.3,0.9,857.9,37.9,0.5,0.4,0,349.6050757477664,24.437,24.437,2025-06-16 07:40:19
157.1,4,630.0,157.7,3.7,585.9,1137.2,60.03,212.5,5.3,0.9,857.9,37.9,0.5,0.4,0,349.6050757477664,24.437,24.437,2025-06-16 07:40:26
158.1,4.5,708.6,157.9,4.2,660.7,1282.0,60.02,212.7,6,0.9,857.9,38,0.5,0.4,0,388.4500841641849,24.5,24.5,2025-06-16 07:41:21
158.1,4.6,716.0,159,4,666.2,1294.4,60.04,212.8,6,0.9,857.9,38,0.5,0.4,0,388.4500841641849,24.5,24.5,2025-06-16 07:41:29
155.4,4.3,672.6,157.5,3.9,619.7,1208.9,60.04,212.7,5.6,0.9,857.9,38.1,0.5,0.5,0,349.6050757477664,24.5,24.5,2025-06-16 07:42:24
156.4,4.2,665.0,159.7,3.9,587.7,1170.8,60.04,212.8,5.6,0.9,857.9,38.1,0.5,0.5,0,349.6050757477664,24.5,24.562,2025-06-16 07:42:31
155.2,4.7,716.9,155.1,4.3,657.7,1283.6,59.96,212.9,6.1,1.0,858.0,38.2,0.5,0.5,0,388.4500841641849,24.687,24.687,2025-06-16 07:43:26
156.8,4.8,729.5,157.7,4.3,679.4,1321.6,59.97,212.9,6.2,1.0,858.0,38.2,0.5,0.5,0,388.4500841641849,24.75,24.75,2025-06-16 07:43:33
155.1,4.8,740.2,157.8,4.4,685.8,1335.2,59.97,213,6.2,1.0,858.0,38.4,0.5,0.5,0,388.4500841641849,24.75,24.75,2025-06-16 07:44:29
156.1,4.8,748.2,154.9,4.4,683.5,1338.7,59.99,213,6.3,1.0,858.0,38.4,0.5,0.5,0,388.4500841641849,24.75,24.687,2025-06-16 07:44:36
157.7,5,788.6,159.8,4.3,720.2,1412.9,60.03,213.2,6.5,1.0,858.0,38.5,0.5,0.5,0,427.2950925806034,24.437,24.437,2025-06-16 07:45:31
155.1,5.1,785.1,157.8,4.6,722.2,1407.5,60.04,213,6.6,1.0,858.0,38.5,0.5,0.5,0,427.2950925806034,24.5,24.5,2025-06-16 07:45:38
155.2,3.5,543.9,154.8,3.1,494.7,972.1,60.03,212.4,4.3,1.0,858.0,38.7,0.5,0.5,0,271.91505891492943,25.125,25.187,2025-06-16 07:46:34
155,3.2,492.0,154.6,2.7,438.9,871.0,60.02,212.3,4.1,1.0,858.0,38.7,0.6,0.5,0,233.07005049851097,25.187,25.25,2025-06-16 07:46:41
149.5,5.3,779.6,157.8,4.6,717.7,1397.8,60.04,213.1,6.6,1.1,858.1,38.5,0.6,0.5,0,427.2950925806034,25.25,25.25,2025-06-16 07:47:36
149.2,5.4,801.1,159.2,4.7,735.1,1433.7,60.02,213,6.7,1.1,858.1,38.5,0.6,0.5,0,427.2950925806034,25.25,25.25,2025-06-16 07:47:43
157.7,4.8,731.0,156.2,4.3,672.7,1329.0,60,213,6.1,1.1,858.1,38.8,0.6,0.5,0,388.4500841641849,25.5,25.5,2025-06-16 07:48:39
156.6,4.6,748.7,157.6,4.3,669.2,1326.4,60,213,6.2,1.1,858.1,38.8,0.6,0.5,0,388.4500841641849,25.562,25.562,2025-06-16 07:48:46
156.5,4.6,721.0,153.5,4.1,630.3,1262.4,60.02,212.7,5.9,1.1,858.1,39,0.6,0.5,0,388.4500841641849,25.312,25.312,2025-06-16 07:49:41
156.5,4.5,705.7,156.1,4,625.5,1243.1,60.01,212.6,5.8,1.1,858.1,39,0.6,0.5,0,388.4500841641849,25.312,25.312,2025-06-16 07:49:48
153.6,4.6,707.9,156.2,4,632.0,1251.8,59.97,212.7,5.9,1.1,858.1,39.2,0.6,0.5,0,388.4500841641849,25.062,25.0,2025-06-16 07:50:43
156.7,4.6,712.0,154.4,4.1,631.7,1255.9,59.96,212.8,5.8,1.1,858.1,39.2,0.6,0.6,0,388.4500841641849,25.0,25.0,2025-06-16 07:50:51
156.6,4.9,766.6,156.2,4.2,675.7,1347.7,60.02,212.6,6.3,1.1,858.1,39.4,0.6,0.6,0,427.2950925806034,24.875,24.875,2025-06-16 07:51:46
155.2,5,767.1,154.8,4.3,664.5,1338.6,60.03,212.6,6.3,1.1,858.1,39.4,0.6,0.6,0,427.2950925806034,24.875,24.937,2025-06-16 07:51:53
153.6,4.5,702.9,159,3.9,600.3,1220.3,60.01,212.8,5.7,1.2,858.2,39.5,0.6,0.6,0,349.6050757477664,25.062,25.062,2025-06-16 07:52:48
156.6,4.5,695.5,156.1,3.8,600.0,1210.2,59.99,212.8,5.6,1.2,858.2,39.6,0.6,0.6,0,388.4500841641849,25.062,25.062,2025-06-16 07:52:56
156.6,4.4,691.7,156.2,3.8,593.5,1200.9,60,212.8,5.6,1.2,858.2,39.6,0.6,0.6,0,388.4500841641849,25.062,25.062,2025-06-16 07:53:51
159.4,4.2,677.8,159.1,3.7,588.9,1185.1,60.04,212.8,5.6,1.2,858.2,39.6,0.6,0.6,0,388.4500841641849,25.062,25.062,2025-06-16 07:53:58
158.5,4.7,762.1,153.7,4.2,651.3,1323.3,60.04,212.9,6,1.2,858.2,39.6,0.6,0.6,0,427.2950925806034,25.0,25.062,2025-06-16 07:54:53
153.6,5,770.2,156.2,4.2,656.1,1332.5,60.04,213,6.2,1.2,858.2,39.6,0.7,0.6,0,427.2950925806034,25.0,25.062,2025-06-16 07:55:01
156.6,5,774.9,150.7,4.2,641.9,1323.0,60.01,213,6.1,1.2,858.2,39.6,0.7,0.6,0,427.2950925806034,25.187,25.25,2025-06-16 07:55:56
156.6,4.6,709.9,149.9,3.8,590.9,1214.7,60.04,212.9,5.7,1.2,858.2,39.6,0.7,0.6,0,388.4500841641849,25.312,25.312,2025-06-16 07:56:03
152.3,4.9,757.5,155.1,4,630.3,1298.9,60.04,213,6,1.3,858.3,39.8,0.7,0.6,0,427.2950925806034,25.5,25.562,2025-06-16 07:56:58
154.8,4.7,761.5,157.9,3.8,605.2,1272.5,60.02,213,5.7,1.3,858.3,39.8,0.7,0.6,0,388.4500841641849,25.562,25.625,2025-06-16 07:57:06
155.2,5.1,811.5,157.6,4.2,668.2,1382.8,60.05,213.2,6.4,1.3,858.3,39.8,0.7,0.6,0,466.14010099702193,25.5,25.5,2025-06-16 07:58:01
153.9,5.2,799.0,156.1,4.1,640.8,1345.6,60.03,213.1,6.3,1.3,858.3,39.8,0.7,0.6,0,427.2950925806034,25.437,25.437,2025-06-16 07:58:08
153.4,5.9,905.3,153,4.6,729.5,1527.3,59.97,213.1,6.9,1.3,858.3,40,0.7,0.6,0,504.9851094134404,25.625,25.687,2025-06-16 07:59:03
156.5,5.9,876.7,157.5,4.4,715.7,1488.4,59.96,213.1,7.1,1.3,858.3,40,0.7,0.6,0,504.9851094134404,25.687,25.687,2025-06-16 07:59:10
153.8,6.1,920.1,156.4,4.7,718.2,1531.6,59.96,213.1,7.3,1.3,858.3,40.2,0.7,0.7,0,543.8301178298589,25.937,26.0,2025-06-16 08:00:06
152.1,6,917.5,154.6,4.6,709.3,1517.1,59.97,213,7.1,1.3,858.3,40.2,0.7,0.7,0,504.9851094134404,25.937,25.937,2025-06-16 08:00:13
150.5,6.1,902.7,156.1,4.5,710.6,1505.6,59.98,212.9,6.9,1.4,858.4,40.5,0.7,0.7,0,504.9851094134404,26.25,26.25,2025-06-16 08:01:08
153.2,6.1,932.0,158.8,4.5,693.3,1515.7,60,213,7.1,1.4,858.4,40.5,0.7,0.7,0,504.9851094134404,26.25,26.25,2025-06-16 08:01:15
155.1,5.5,847.2,156.9,4.1,646.3,1395.4,59.99,213,6.5,1.4,858.4,40.7,0.8,0.7,0,466.14010099702193,26.375,26.375,2025-06-16 08:02:11
155,5.4,825.3,157.5,3.9,617.8,1349.7,59.98,212.9,6.3,1.4,858.4,40.8,0.8,0.7,0,466.14010099702193,26.375,26.312,2025-06-16 08:02:18
154.3,5.4,826.8,154,4.1,622.7,1354.4,60,212.9,6.4,1.4,858.4,40.9,0.8,0.7,0,466.14010099702193,26.25,26.25,2025-06-16 08:03:13
155,5.2,804.2,157.6,3.9,613.4,1324.2,59.99,213,6,1.4,858.4,40.9,0.8,0.7,0,466.14010099702193,26.187,26.187,2025-06-16 08:03:20
153.1,4.2,629.5,155.2,2.8,440.7,1001.8,60.02,212.6,4.7,1.4,858.4,40.9,0.8,0.7,0,349.6050757477664,25.875,25.937,2025-06-16 08:04:16
152.3,4.3,646.5,150.3,3,449.9,1023.9,60,212.6,4.8,1.4,858.4,40.9,0.8,0.7,0,349.6050757477664,25.812,25.812,2025-06-16 08:04:23
153.9,4.7,702.6,153,3.2,484.4,1111.3,60.02,212.9,5.3,1.4,858.4,40.9,0.8,0.7,0,427.2950925806034,25.75,25.812,2025-06-16 08:05:18
156.3,4.8,728.8,154.9,3.3,507.7,1157.1,60,212.8,5.3,1.4,858.4,40.9,0.8,0.7,0,388.4500841641849,25.812,25.812,2025-06-16 08:05:25
153.5,4.3,655.3,152,2.9,447.4,1030.0,59.96,212.7,4.8,1.5,858.5,41,0.8,0.7,0,388.4500841641849,25.687,25.75,2025-06-16 08:06:20
154.1,4.3,655.1,157.1,2.9,435.1,1020.0,59.98,212.8,4.8,1.5,858.5,41,0.8,0.7,0,388.4500841641849,25.75,25.75,2025-06-16 08:06:28
150.8,4.4,663.8,151.8,3.1,472.9,1061.5,59.99,212.8,5,1.5,858.5,41,0.8,0.7,0,388.4500841641849,25.937,25.937,2025-06-16 08:07:23
153.8,4.5,674.8,154.9,3,465.6,1066.3,60,212.8,5,1.5,858.5,41,0.8,0.7,0,427.2950925806034,26.0,26.0,2025-06-16 08:07:30
153.4,4,618.1,156.1,2.6,406.5,958.8,60.04,212.6,4.3,1.5,858.5,41,0.8,0.7,0,349.6050757477664,26.625,26.625,2025-06-16 08:08:25
153.6,3.9,597.9,155.8,2.5,388.6,924.7,60.03,212.6,4.2,1.5,858.5,41,0.8,0.7,0,349.6050757477664,26.687,26.75,2025-06-16 08:08:33
153.5,3.5,538.7,156.1,2.3,345.6,828.5,59.99,212.4,4,1.5,858.5,40.8,0.8,0.7,0,310.76006733134795,26.812,26.812,2025-06-16 08:09:28
153.7,3.4,540.6,156.3,2,359.0,843.3,59.99,212.4,3.8,1.5,858.5,40.8,0.8,0.7,0,310.76006733134795,26.875,26.875,2025-06-16 08:09:35
150.4,3.3,512.6,151.7,2.2,338.7,791.1,60.03,212.3,3.7,1.5,858.5,40.6,0.8,0.7,0,271.91505891492943,26.812,26.812,2025-06-16 08:10:30
153.5,3.2,489.8,151.4,2.1,322.4,759.8,60.02,212.1,3.6,1.5,858.5,40.6,0.8,0.7,0,271.91505891492943,26.875,26.875,2025-06-16 08:10:37
150.8,3.1,458.4,154.3,2.1,324.3,732.7,59.99,212,3.5,1.5,858.5,40.4,0.9,0.7,0,271.91505891492943,27.062,27.062,2025-06-16 08:11:33
154,3.1,463.6,156.7,2,311.6,725.8,60,212.1,3.5,1.5,858.5,40.4,0.9,0.7,0,271.91505891492943,27.062,27.125,2025-06-16 08:11:40
153.7,3,456.0,156.4,2,321.1,727.6,60.03,212.2,3.4,1.6,858.6,40.3,0.9,0.8,0,271.91505891492943,27.187,27.25,2025-06-16 08:12:35
154.7,2.9,448.2,156.2,2,318.2,718.1,60.04,212,3.3,1.6,858.6,40.2,0.9,0.8,0,271.91505891492943,27.25,27.312,2025-06-16 08:12:42
153.6,2.6,400.1,154.6,1.7,269.4,628.0,60.03,212,2.9,1.6,858.6,40,0.9,0.8,0,233.07005049851097,27.437,27.437,2025-06-16 08:13:38
155.8,2.6,382.0,157,1.7,251.2,602.0,60.02,212,2.9,1.6,858.6,40,0.9,0.8,0,194.22504208209244,27.5,27.5,2025-06-16 08:13:45
153.7,2.5,385.8,156.2,1.6,253.6,598.0,59.98,211.9,2.8,1.6,858.6,39.8,0.9,0.8,0,194.22504208209244,27.25,27.25,2025-06-16 08:14:40
156,2.5,372.3,158.4,1.5,248.6,584.5,59.98,211.9,2.8,1.6,858.6,39.7,0.9,0.8,0,194.22504208209244,27.25,27.312,2025-06-16 08:14:47
155.1,2.5,383.0,153.2,1.6,246.8,591.7,59.98,211.8,2.8,1.6,858.6,39.5,0.9,0.8,0,194.22504208209244,27.437,27.437,2025-06-16 08:15:43
155.1,2.5,384.8,156.2,1.6,249.2,595.9,60,211.9,2.7,1.6,858.6,39.5,0.9,0.8,0,194.22504208209244,27.437,27.5,2025-06-16 08:15:50
155.1,2.5,384.6,156.2,1.6,247.9,594.7,59.98,211.8,2.7,1.6,858.6,39.3,0.9,0.8,0,194.22504208209244,27.375,27.375,2025-06-16 08:16:45
152.6,2.5,378.1,156,1.6,248.4,588.5,59.96,211.8,2.8,1.6,858.6,39.3,0.9,0.8,0,194.22504208209244,27.375,27.375,2025-06-16 08:16:52
158,2.5,375.3,156.1,1.5,248.2,587.6,60.01,211.8,2.7,1.6,858.6,39.2,0.9,0.8,0,194.22504208209244,27.312,27.312,2025-06-16 08:17:48
155,2.5,382.8,153.4,1.6,244.5,589.7,60.01,211.8,2.8,1.6,858.6,39.2,0.9,0.8,0,194.22504208209244,27.312,27.312,2025-06-16 08:17:55
155.1,2.5,380.8,153.3,1.6,243.5,589.5,60.01,211.9,2.8,1.6,858.6,39.1,0.9,0.8,0,194.22504208209244,27.0,27.0,2025-06-16 08:18:50
155.1,2.4,385.3,159.1,1.5,243.8,592.7,60,212,2.7,1.6,858.6,39.1,0.9,0.8,0,194.22504208209244,27.0,27.0,2025-06-16 08:18:57
155.1,2.6,403.5,157.5,1.6,260.8,625.0,60,212,2.9,1.6,858.6,39,0.9,0.8,0,233.07005049851097,27.125,27.125,2025-06-16 08:19:53
158.1,2.6,397.7,160.2,1.5,259.6,619.8,59.98,211.9,2.9,1.6,858.6,39,0.9,0.8,0,233.07005049851097,27.125,27.125,2025-06-16 08:20:00
153.3,2.6,395.8,159.6,1.6,256.0,612.9,60.01,212,2.9,1.6,858.6,38.8,0.9,0.8,0,233.07005049851097,27.25,27.25,2025-06-16 08:20:55
155,2.6,402.6,157.3,1.6,261.8,625.3,60.02,212.1,2.9,1.6,858.6,38.8,0.9,0.8,0,233.07005049851097,27.25,27.25,2025-06-16 08:21:02
158.6,2.4,406.6,159.6,1.8,282.5,647.9,59.99,211.8,3,1.7,858.7,38.7,0.9,0.8,0,233.07005049851097,27.375,27.375,2025-06-16 08:21:57
156.4,2.7,419.8,159.1,1.8,292.6,668.6,60.03,211.9,3.2,1.7,858.7,38.7,0.9,0.8,0,233.07005049851097,27.437,27.375,2025-06-16 08:22:04
155.5,2.3,368.4,158.5,1.6,249.2,582.1,59.97,211.8,2.7,1.7,858.7,38.5,0.9,0.8,0,194.22504208209244,27.437,27.437,2025-06-16 08:23:00
154.4,2.4,363.1,160.7,1.4,247.4,574.5,59.99,211.9,2.6,1.7,858.7,38.5,0.9,0.8,0,194.22504208209244,27.437,27.437,2025-06-16 08:23:07
157.8,2.4,364.5,156,1.6,248.5,576.5,59.98,211.6,2.7,1.7,858.7,38.4,0.9,0.8,0,194.22504208209244,27.0,27.0,2025-06-16 08:24:02
155.1,2.4,366.1,160.5,1.4,228.5,558.5,59.99,211.5,2.7,1.7,858.7,38.3,0.9,0.8,0,194.22504208209244,27.062,27.062,2025-06-16 08:24:09
155.1,2.4,373.6,156.3,1.6,251.2,587.9,60,211.5,2.7,1.7,858.7,38.2,0.9,0.8,0,194.22504208209244,27.0,27.062,2025-06-16 08:25:05
158.1,2.4,374.2,156.2,1.5,251.8,589.4,60,211.5,2.8,1.7,858.7,38.1,0.9,0.8,0,194.22504208209244,27.062,27.125,2025-06-16 08:25:12
158.1,2.5,395.0,159.2,1.6,264.5,621.1,60.02,211.6,2.9,1.7,858.7,38,0.9,0.8,0,233.07005049851097,27.125,27.125,2025-06-16 08:26:07
155.2,2.6,397.7,156.3,1.6,266.0,623.3,60.01,211.5,2.9,1.7,858.7,38,0.9,0.8,0,233.07005049851097,27.0,27.0,2025-06-16 08:26:14
158.1,2.8,431.3,156.3,1.8,281.1,671.0,60.01,211.6,3.1,1.7,858.7,37.9,1.0,0.8,0,233.07005049851097,27.25,27.25,2025-06-16 08:27:10
160.9,2.8,422.8,162.5,1.8,270.5,656.4,60.02,211.6,3.2,1.7,858.7,37.8,1.0,0.8,0,233.07005049851097,27.312,27.312,2025-06-16 08:27:17
155.4,3,462.5,157.3,1.8,293.2,707.2,60.01,211.8,3.4,1.7,858.7,37.8,1.0,0.8,0,271.91505891492943,27.437,27.437,2025-06-16 08:28:12
158.2,3,463.5,159.3,1.9,298.7,721.7,60,211.8,3.4,1.7,858.7,37.7,1.0,0.8,0,271.91505891492943,27.437,27.437,2025-06-16 08:28:19
158.1,3.1,495.1,159.3,1.9,314.0,758.7,60.02,212.1,3.6,1.7,858.7,37.6,1.0,0.8,0,271.91505891492943,27.562,27.562,2025-06-16 08:29:15
155.9,3.2,497.5,157,2,315.6,764.4,59.98,212.1,3.5,1.7,858.7,37.6,1.0,0.8,0,271.91505891492943,27.562,27.562,2025-06-16 08:29:22
158.5,2.9,492.6,159.9,1.9,316.3,758.8,60,212,3.5,1.7,858.7,37.6,1.0,0.8,0,271.91505891492943,27.687,27.687,2025-06-16 08:30:17
157.2,3.1,488.8,158.3,2,315.2,754.0,60,212.1,3.6,1.7,858.7,37.6,1.0,0.8,0,271.91505891492943,27.687,27.687,2025-06-16 08:30:24
160.7,3.1,475.2,156.8,2,317.2,745.2,60.03,212,3.6,1.8,858.8,37.5,1.0,0.8,0,271.91505891492943,27.812,27.812,2025-06-16 08:31:20
158.1,3.1,492.5,159.1,2,320.8,763.9,60.04,212,3.6,1.8,858.8,37.5,1.0,0.8,0,271.91505891492943,27.812,27.812,2025-06-16 08:31:27
158,3.2,498.9,162,2,326.3,777.3,59.98,211.9,3.7,1.8,858.8,37.5,1.0,0.8,0,271.91505891492943,27.812,27.812,2025-06-16 08:32:22
159.3,3,500.8,157.9,2,328.1,765.3,59.97,211.8,3.6,1.8,858.8,37.5,1.0,0.8,0,271.91505891492943,27.812,27.812,2025-06-16 08:32:29
158.2,3.3,519.7,162.6,2.1,326.7,794.8,60.03,212.2,3.8,1.8,858.8,37.4,1.0,0.8,0,310.76006733134795,27.875,27.875,2025-06-16 08:33:24
158.1,3.3,524.1,162.2,2.1,346.8,818.3,60.02,212.2,3.9,1.8,858.8,37.4,1.0,0.8,0,310.76006733134795,27.875,27.937,2025-06-16 08:33:32
158.3,3.7,570.3,162.1,2.3,379.5,892.6,60.02,212.3,4.2,1.8,858.8,37.4,1.0,0.9,0,349.6050757477664,27.875,27.875,2025-06-16 08:34:27
158.2,3.8,589.4,159.2,2.4,383.1,913.5,60.03,212.3,4.2,1.8,858.8,37.4,1.0,0.9,0,349.6050757477664,27.875,27.875,2025-06-16 08:34:34
153.5,6.1,921.8,157.6,3.9,612.1,1432.7,60.01,213,6.7,1.8,858.8,37.6,1.0,0.9,0,582.6751262462774,28.0,28.0,2025-06-16 08:35:29
158.2,6.1,953.8,153.3,4.1,626.6,1476.0,60.02,213,6.9,1.8,858.8,37.6,1.0,0.9,0,582.6751262462774,28.062,28.062,2025-06-16 08:35:37
152,5.4,805.2,147.6,3.7,541.1,1260.8,60.04,212.8,6,1.8,858.8,38,1.0,0.9,0,504.9851094134404,28.437,28.437,2025-06-16 08:36:32
152.4,5.7,840.0,146,3.9,554.8,1312.6,60.02,212.9,6.2,1.8,858.8,38,1.0,0.9,0,543.8301178298589,28.437,28.5,2025-06-16 08:36:39
158.1,4.8,764.4,152.1,3.2,513.1,1195.3,60.03,212.5,5.4,1.9,858.9,38.1,1.1,0.9,0,466.14010099702193,28.812,28.875,2025-06-16 08:37:34
154.9,4.8,749.2,150.5,3.3,501.1,1169.9,60,212.5,5.5,1.9,858.9,38.1,1.1,0.9,0,466.14010099702193,28.875,28.875,2025-06-16 08:37:41
161.2,5.6,834.2,152,4.2,619.3,1356.9,60.02,212.5,6.7,1.9,858.9,38.2,1.1,0.9,0,582.6751262462774,29.0,29.0,2025-06-16 08:38:37
156.5,6,935.0,149.9,4.3,650.7,1481.7,59.99,212.4,6.9,1.9,858.9,38.2,1.1,0.9,0,582.6751262462774,29.0,29.062,2025-06-16 08:38:44
152.3,6.3,1066.3,154.6,4.5,766.2,1713.6,60.03,212.8,7.1,1.9,858.9,38.5,1.1,0.9,0,582.6751262462774,28.625,28.687,2025-06-16 08:39:39
158,5.8,920.7,155.3,4.2,613.8,1440.9,60.04,212.5,7,1.9,858.9,38.5,1.1,0.9,0,621.5201346626959,28.562,28.562,2025-06-16 08:39:46
156.5,5.1,792.5,154.2,3.8,592.3,1295.6,60.06,212.3,6,1.9,858.9,38.7,1.1,0.9,0,504.9851094134404,28.875,28.937,2025-06-16 08:40:42
156.6,5.1,793.8,150.6,3.9,569.7,1275.3,60.03,212.5,6,1.9,858.9,38.7,1.1,0.9,0,504.9851094134404,29.0,29.0,2025-06-16 08:40:49
158,4.1,620.7,153.3,2.8,430.5,989.0,60.04,212.3,4.7,2.0,859.0,38.9,1.1,0.9,0,388.4500841641849,28.812,28.812,2025-06-16 08:41:44
155,4.1,626.3,153.3,2.7,422.4,982.0,60.04,212.2,4.4,2.0,859.0,38.9,1.1,0.9,0,349.6050757477664,28.875,28.875,2025-06-16 08:41:51
155.1,4,614.7,159.1,2.6,423.4,972.6,60.04,212.1,4.5,2.0,859.0,38.8,1.1,0.9,0,349.6050757477664,29.0,29.0,2025-06-16 08:42:47
158.1,3.9,616.7,156.1,2.7,423.9,975.4,60.04,212.2,4.6,2.0,859.0,38.8,1.1,0.9,0,388.4500841641849,28.937,29.0,2025-06-16 08:42:54
155.1,4.3,668.1,159.2,2.8,445.1,1044.5,60.05,212.1,4.8,2.0,859.0,38.9,1.1,0.9,0,388.4500841641849,29.062,29.062,2025-06-16 08:43:49
158,4.2,645.3,159.2,2.6,439.7,1018.5,60.02,211.9,4.7,2.0,859.0,38.9,1.1,0.9,0,388.4500841641849,28.937,28.937,2025-06-16 08:43:56
152.3,3.4,520.7,161.4,2,343.3,811.8,60,211.6,3.8,2.0,859.0,38.9,1.1,0.9,0,310.76006733134795,28.75,28.75,2025-06-16 08:44:52
155.1,3.4,514.7,159.4,2.2,343.2,804.7,60,211.7,3.8,2.0,859.0,38.9,1.1,0.9,0,310.76006733134795,28.75,28.812,2025-06-16 08:44:59
154.7,3.5,525.8,161.3,2.1,332.3,812.9,59.97,211.6,3.9,2.0,859.0,38.9,1.2,0.9,0,310.76006733134795,28.812,28.812,2025-06-16 08:45:54
155.1,3.5,533.7,159.2,2.2,350.5,828.1,60.02,211.7,3.8,2.0,859.0,38.9,1.2,0.9,0,310.76006733134795,28.875,28.875,2025-06-16 08:46:01
155.1,3.4,525.5,161.8,2.1,321.0,794.1,60.02,211.4,3.8,2.0,859.0,38.8,1.2,1.0,0,310.76006733134795,28.875,28.875,2025-06-16 08:46:56
156.6,3.3,539.4,158.2,2.1,338.8,823.8,60.02,211.5,3.9,2.0,859.0,38.8,1.2,1.0,0,310.76006733134795,28.875,28.875,2025-06-16 08:47:04
150.5,6.8,951.9,153.9,3.6,537.8,1387.3,60.05,212.4,7.1,2.0,859.0,38.9,1.2,1.0,0,582.6751262462774,28.562,28.562,2025-06-16 08:47:59
149,7.7,1148.2,154.1,4.6,706.6,1727.8,60.04,212.9,8.1,2.1,859.1,38.9,1.2,1.0,0,699.2101514955328,28.562,28.562,2025-06-16 08:48:06
151,7.6,1145.3,147.9,5.2,760.9,1771.1,60.03,213,8.5,2.1,859.1,39.5,1.2,1.0,0,738.0551599119514,28.687,28.687,2025-06-16 08:49:01
152.2,6,905.4,151,4.1,661.8,1460.5,60.04,212.6,6.9,2.1,859.1,39.6,1.2,1.0,0,582.6751262462774,28.812,28.812,2025-06-16 08:49:09
154.6,6.5,963.1,144.4,4,564.3,1452.6,60.04,212.8,6.9,2.1,859.1,40,1.2,1.0,0,504.9851094134404,29.125,29.125,2025-06-16 08:50:04
153.6,5.4,969.2,139.5,3.9,551.4,1340.2,60.04,212.5,5.8,2.1,859.1,40,1.2,1.0,0,504.9851094134404,29.187,29.187,2025-06-16 08:50:11
150.9,3.2,470.3,157.8,1.8,291.9,713.1,60.04,211.8,3.4,2.1,859.1,39.6,1.2,1.0,0,271.91505891492943,29.312,29.375,2025-06-16 08:51:06
149.4,3.7,534.9,157.7,2,312.9,792.6,60.01,211.9,3.8,2.1,859.1,39.6,1.2,1.0,0,310.76006733134795,29.312,29.375,2025-06-16 08:51:13
153.5,2.8,435.1,154.7,1.7,271.8,664.6,60.04,211.6,3.1,2.1,859.1,39.4,1.2,1.0,0,233.07005049851097,29.375,29.375,2025-06-16 08:52:09
150.7,2.8,422.0,151.8,1.7,263.0,642.4,60.03,211.6,3,2.1,859.1,39.3,1.2,1.0,0,233.07005049851097,29.312,29.375,2025-06-16 08:52:16
156.2,2.5,402.1,157.6,1.6,257.2,620.3,59.99,211.4,2.9,2.2,859.2,39,1.2,1.0,0,233.07005049851097,28.562,28.562,2025-06-16 08:53:11
153.6,2.7,409.0,157.7,1.6,261.9,629.9,59.98,211.5,3,2.2,859.2,39,1.2,1.0,0,233.07005049851097,28.562,28.562,2025-06-16 08:53:18
154.1,2.7,404.0,156.4,1.7,263.9,627.6,59.98,211.5,2.9,2.2,859.2,38.7,1.2,1.0,0,233.07005049851097,28.25,28.25,2025-06-16 08:54:14
153.5,2.5,410.2,156.2,1.6,263.4,631.3,59.96,211.5,2.9,2.2,859.2,38.7,1.3,1.0,0,233.07005049851097,28.25,28.187,2025-06-16 08:54:21
151.1,2.6,401.2,151.6,1.7,259.0,618.9,60.02,211.3,2.9,2.2,859.2,38.6,1.3,1.0,0,233.07005049851097,27.687,27.625,2025-06-16 08:55:16
153.6,2.7,409.1,154.1,1.7,260.2,627.3,60.04,211.3,2.9,2.2,859.2,38.6,1.3,1.0,0,233.07005049851097,27.562,27.562,2025-06-16 08:55:23
152.1,3.7,543.4,156.1,2.3,359.9,846.0,60.02,212,4.1,2.2,859.2,38.5,1.3,1.0,0,349.6050757477664,27.625,27.625,2025-06-16 08:56:19
151.6,4.4,646.8,155.6,2.5,381.1,962.3,60.02,212.2,4.6,2.2,859.2,38.5,1.3,1.0,0,388.4500841641849,27.687,27.687,2025-06-16 08:56:26
148.9,5.2,811.5,151.6,3.3,501.6,1222.4,60.03,212.4,5.5,2.2,859.2,38.7,1.3,1.0,0,466.14010099702193,28.125,28.125,2025-06-16 08:57:21
151.1,5,714.7,148.8,3.2,462.9,1101.9,60,212.2,5.4,2.2,859.2,38.8,1.3,1.0,0,466.14010099702193,28.187,28.187,2025-06-16 08:57:28
156.2,3.5,545.8,142.6,2.3,337.8,826.6,60.03,212,3.7,2.2,859.2,38.9,1.3,1.0,0,310.76006733134795,28.5,28.5,2025-06-16 08:58:23
155.2,3.3,505.7,141.8,2.1,300.2,745.3,60.03,211.8,3.5,2.2,859.2,38.9,1.3,1.0,0,271.91505891492943,28.5,28.437,2025-06-16 08:58:31
158.3,5.2,773.9,150.5,3.4,506.7,1211.0,60.01,212.3,5.7,2.2,859.2,38.9,1.3,1.0,0,504.9851094134404,28.687,28.75,2025-06-16 08:59:26
153.8,5.2,796.6,149,3.6,536.9,1245.2,60.03,212.2,5.9,2.2,859.2,38.9,1.3,1.0,0,543.8301178298589,28.75,28.812,2025-06-16 08:59:33
155.4,3.7,557.0,150.7,2.2,329.1,829.1,59.95,211.5,4,2.3,859.3,38.8,1.3,1.0,0,349.6050757477664,29.062,29.062,2025-06-16 09:00:28
155.7,4.5,659.8,150.7,2.8,392.5,989.7,59.95,211.8,4.9,2.3,859.3,38.8,1.3,1.0,0,427.2950925806034,29.062,29.062,2025-06-16 09:00:36
153.6,7.9,1198.0,148.8,4.9,734.5,1802.0,59.96,212.9,8.5,2.3,859.3,39.2,1.3,1.1,0,738.0551599119514,29.0,29.062,2025-06-16 09:01:31
150.6,7.9,1184.0,148.9,4.9,732.7,1785.3,59.97,212.9,8.5,2.3,859.3,39.3,1.3,1.1,0,738.0551599119514,29.0,29.0,2025-06-16 09:01:38
153,5.1,878.9,143.1,3.5,562.3,1349.1,59.98,212.1,5.5,2.3,859.3,39.6,1.3,1.1,0,466.14010099702193,29.187,29.187,2025-06-16 09:02:33
150.9,5.5,805.3,146,3,432.4,1152.1,59.97,212,5.6,2.3,859.3,39.6,1.4,1.1,0,466.14010099702193,29.187,29.187,2025-06-16 09:02:41
153.7,7.1,1071.7,139.5,4.7,651.6,1606.3,59.99,212.7,7.4,2.3,859.3,39.9,1.4,1.1,0,660.3651430791144,29.625,29.687,2025-06-16 09:03:36
156,7.2,1072.5,139.5,4.8,663.5,1616.2,60,212.8,7.7,2.3,859.3,39.9,1.4,1.1,0,699.2101514955328,29.687,29.687,2025-06-16 09:03:43
151.6,6.6,1028.1,145.7,4.2,624.9,1534.5,60.03,212.6,7.1,2.4,859.4,40.1,1.4,1.1,0,621.5201346626959,30.187,30.25,2025-06-16 09:04:38
153.2,5.5,835.8,146.9,3.9,579.2,1318.6,60.02,212.3,6.3,2.4,859.4,40.1,1.4,1.1,0,543.8301178298589,30.25,30.312,2025-06-16 09:04:46
149,8.2,1235.8,149.1,5.4,779.0,1875.7,59.98,213.1,8.8,2.4,859.4,40.4,1.4,1.1,0,815.7451767447883,30.687,30.687,2025-06-16 09:05:41
152.4,8.4,1247.1,147.7,5.2,772.3,1880.4,60,213.2,8.7,2.4,859.4,40.5,1.4,1.1,0,776.9001683283698,30.75,30.75,2025-06-16 09:05:48
154.6,8.6,1304.5,157.7,5.3,835.6,1993.7,59.98,213.2,9.4,2.4,859.4,41,1.4,1.1,0,893.4351935776253,31.25,31.312,2025-06-16 09:06:43
151.9,8.9,1316.9,158.2,5.2,834.4,2004.7,59.99,213,9.3,2.4,859.4,41.1,1.4,1.1,0,893.4351935776253,31.25,31.25,2025-06-16 09:06:50
146,6.4,1111.4,153.7,4,727.1,1529.1,59.97,212.4,6.9,2.5,859.5,41.4,1.4,1.1,0,660.3651430791144,31.5,31.5,2025-06-16 09:07:46
151.3,8.6,1333.1,152,5.4,824.6,1973.7,59.97,213,8.9,2.5,859.5,41.5,1.5,1.1,0,854.5901851612068,31.437,31.437,2025-06-16 09:07:53
144.7,3.4,492.7,149.7,2.2,341.5,778.7,59.98,211.3,3.7,2.5,859.5,41.6,1.5,1.1,0,310.76006733134795,30.687,30.687,2025-06-16 09:08:48
151,3.4,511.1,152.4,2.3,342.8,799.5,59.98,211.6,3.9,2.5,859.5,41.5,1.5,1.1,0,310.76006733134795,30.687,30.562,2025-06-16 09:08:55
152.5,4.6,697.1,152.2,3.2,492.1,1113.3,59.99,212.1,5.1,2.5,859.5,40.9,1.5,1.1,0,466.14010099702193,30.125,30.125,2025-06-16 09:09:51
149.8,6.8,1057.8,156.4,4.8,731.3,1671.2,60,212.9,7.6,2.5,859.5,40.9,1.5,1.2,0,738.0551599119514,30.187,30.187,2025-06-16 09:09:58
150.7,3.5,529.1,154.3,2.1,339.6,814.4,59.99,211.9,3.8,2.5,859.5,41,1.5,1.2,0,310.76006733134795,30.625,30.625,2025-06-16 09:10:53
153.3,3.5,538.4,153.4,2.2,343.8,826.2,59.98,211.8,4,2.5,859.5,41,1.5,1.2,0,349.6050757477664,30.625,30.625,2025-06-16 09:11:00
143.2,3.6,523.3,153.4,2.1,332.0,798.5,59.96,211.6,3.7,2.5,859.5,41,1.5,1.2,0,349.6050757477664,30.75,30.75,2025-06-16 09:11:55
145.7,3.5,516.2,154.3,2.1,323.9,786.7,59.97,211.6,3.7,2.5,859.5,41,1.5,1.2,0,310.76006733134795,30.75,30.812,2025-06-16 09:12:03
154.2,3,484.3,151.8,2,312.4,747.5,59.97,211.3,3.5,2.6,859.6,40.8,1.5,1.2,0,310.76006733134795,30.875,30.875,2025-06-16 09:12:58
150.7,3.2,495.6,151.8,2,313.2,757.8,60.05,211.3,3.6,2.6,859.6,40.7,1.5,1.2,0,310.76006733134795,30.875,30.812,2025-06-16 09:13:05
153.6,3.1,485.3,154.8,2,311.7,746.7,60.02,211.5,3.5,2.6,859.6,40.6,1.5,1.2,0,310.76006733134795,30.562,30.562,2025-06-16 09:14:00
150.7,3.1,476.4,151.8,2.1,318.7,744.8,60.01,211.5,3.5,2.6,859.6,40.6,1.5,1.2,0,310.76006733134795,30.562,30.562,2025-06-16 09:14:08
156.5,3,467.1,154.8,2.1,325.0,742.8,59.98,211.5,3.5,2.6,859.6,40.5,1.5,1.2,0,310.76006733134795,30.312,30.375,2025-06-16 09:15:03
153.6,3.1,473.7,157.7,2.1,310.8,736.5,60,211.4,3.5,2.6,859.6,40.5,1.5,1.2,0,310.76006733134795,30.375,30.375,2025-06-16 09:15:10
153.5,3,464.4,151.4,2.1,326.0,740.6,60.04,211.4,3.5,2.6,859.6,40.1,1.5,1.2,0,271.91505891492943,30.375,30.375,2025-06-16 09:16:05
153.5,2.9,465.6,154.7,2.1,329.6,743.9,60.04,211.4,3.5,2.6,859.6,40.1,1.5,1.2,0,271.91505891492943,30.375,30.375,2025-06-16 09:16:13
153.6,2.9,449.9,154.8,2.1,326.1,728.4,60.01,211.4,3.4,2.6,859.6,40.1,1.5,1.2,0,271.91505891492943,30.625,30.625,2025-06-16 09:17:08
154,2.9,446.5,152.1,2.1,324.1,723.2,60.01,211.5,3.4,2.6,859.6,40.1,1.5,1.2,0,271.91505891492943,30.625,30.687,2025-06-16 09:17:15
152.1,2.9,436.0,156,2,326.7,715.0,60.04,211.7,3.3,2.6,859.6,40.1,1.5,1.2,0,271.91505891492943,30.875,30.937,2025-06-16 09:18:10
154.2,2.9,440.8,154.3,2.1,323.3,718.6,60.03,211.7,3.4,2.6,859.6,40.1,1.5,1.2,0,271.91505891492943,30.937,30.937,2025-06-16 09:18:18
154.9,2.9,449.8,156.7,2.1,331.1,734.0,60.04,211.7,3.5,2.6,859.6,40,1.6,1.2,0,271.91505891492943,31.0,31.0,2025-06-16 09:19:13
151,3,449.4,154.8,2.2,337.2,739.9,60.05,211.8,3.4,2.6,859.6,40,1.6,1.2,0,271.91505891492943,31.0,30.937,2025-06-16 09:19:20
156.6,3,465.5,154.9,2.2,347.9,763.8,60,211.6,3.6,2.6,859.6,40,1.6,1.2,0,310.76006733134795,30.812,30.812,2025-06-16 09:20:15
154.2,3,468.1,156.5,2.2,352.5,770.7,59.98,211.5,3.6,2.6,859.6,40,1.6,1.2,0,310.76006733134795,30.75,30.75,2025-06-16 09:20:22
156.6,3.2,496.5,159.2,2.3,361.4,808.6,59.98,211.5,3.8,2.7,859.7,40,1.6,1.2,0,310.76006733134795,30.5,30.5,2025-06-16 09:21:18
154.3,3.2,494.2,156.1,2.3,368.5,809.7,59.97,211.6,3.9,2.7,859.7,40,1.6,1.2,0,310.76006733134795,30.5,30.5,2025-06-16 09:21:25
157,3.2,509.7,156.2,2.4,374.9,831.3,60.02,211.8,3.9,2.7,859.7,40,1.6,1.2,0,349.6050757477664,30.437,30.437,2025-06-16 09:22:20
156.5,3.3,521.2,159.2,2.3,372.2,839.4,60.01,211.8,4,2.7,859.7,40,1.6,1.2,0,310.76006733134795,30.437,30.437,2025-06-16 09:22:27
156.8,3.3,508.5,159.3,2.3,375.0,833.1,59.99,211.6,4,2.7,859.7,40.1,1.6,1.2,0,310.76006733134795,30.687,30.75,2025-06-16 09:23:23
156.6,3.2,516.3,156.1,2.4,376.1,838.3,59.99,211.6,3.9,2.7,859.7,40.1,1.6,1.2,0,310.76006733134795,30.75,30.75,2025-06-16 09:23:30
156.7,3.2,507.4,156.2,2.3,366.5,821.9,59.99,211.7,3.8,2.7,859.7,40,1.6,1.2,0,310.76006733134795,30.937,30.937,2025-06-16 09:24:25
159.5,3.2,494.4,156.2,2.2,368.3,810.9,59.97,211.6,3.9,2.7,859.7,40,1.6,1.2,0,310.76006733134795,31.0,31.0,2025-06-16 09:24:32
153.2,3.2,496.0,156.1,2.3,360.2,799.1,60.01,211.4,3.8,2.7,859.7,40,1.6,1.2,0,310.76006733134795,31.187,31.25,2025-06-16 09:25:27
156.6,3.2,494.4,157,2.3,353.3,800.8,60.04,211.4,3.8,2.7,859.7,40,1.6,1.2,0,310.76006733134795,31.25,31.25,2025-06-16 09:25:35
156.6,3.1,485.3,154.1,2.2,345.7,780.8,60.03,211.8,3.7,2.7,859.7,39.9,1.6,1.2,0,310.76006733134795,31.375,31.375,2025-06-16 09:26:30
154.3,3.1,481.7,156,2.2,348.9,780.3,60.03,211.7,3.7,2.7,859.7,39.9,1.6,1.2,0,310.76006733134795,31.375,31.437,2025-06-16 09:26:37
156.9,2.9,469.8,156,2.2,343.8,764.2,59.97,211.7,3.5,2.7,859.7,39.8,1.6,1.3,0,310.76006733134795,31.375,31.375,2025-06-16 09:27:32
155.8,3,461.8,154.2,2.2,342.1,754.1,60,211.6,3.6,2.7,859.7,39.8,1.6,1.3,0,271.91505891492943,31.312,31.312,2025-06-16 09:27:40
159.3,2.9,441.4,153.7,2.2,337.0,731.6,60.02,211.9,3.5,2.8,859.8,39.7,1.6,1.3,0,271.91505891492943,31.437,31.437,2025-06-16 09:28:35
156.6,2.9,455.5,157.5,2.2,336.2,743.5,60.03,212,3.5,2.8,859.8,39.7,1.6,1.3,0,271.91505891492943,31.437,31.437,2025-06-16 09:28:42
156.5,2.9,448.0,153.8,2.1,332.3,732.2,60.01,212.1,3.5,2.8,859.8,39.6,1.6,1.3,0,271.91505891492943,31.062,31.062,2025-06-16 09:29:37
157.9,2.7,447.3,156.2,2.1,336.7,727.5,60.03,212.1,3.4,2.8,859.8,39.6,1.6,1.3,0,271.91505891492943,31.0,31.0,2025-06-16 09:29:45
156.1,2.9,452.2,156.2,2.1,332.2,733.2,60,212.1,3.5,2.8,859.8,39.6,1.6,1.3,0,271.91505891492943,30.875,30.875,2025-06-16 09:30:40
156.6,2.9,451.9,156.4,2.1,333.2,738.6,59.99,212.1,3.5,2.8,859.8,39.6,1.6,1.3,0,271.91505891492943,30.937,30.937,2025-06-16 09:30:47
156.6,3,464.8,159.2,2.1,336.5,752.3,60.01,212.1,3.5,2.8,859.8,39.5,1.7,1.3,0,310.76006733134795,31.0,31.0,2025-06-16 09:31:42
156.7,3,469.8,153.2,2.2,334.3,755.4,59.98,212.1,3.5,2.8,859.8,39.5,1.7,1.3,0,310.76006733134795,31.0,31.0,2025-06-16 09:31:50
151.7,4.6,640.0,162.1,2.5,398.2,972.1,59.98,212.3,5.1,2.8,859.8,39.6,1.7,1.3,0,466.14010099702193,31.0,31.0,2025-06-16 09:32:45
149.4,6.1,1009.8,162.2,3.5,576.6,1483.6,59.99,213.1,6.4,2.8,859.8,39.6,1.7,1.3,0,582.6751262462774,31.0,31.0,2025-06-16 09:32:52
158.1,3.1,493.7,156.5,2.2,339.5,782.7,59.99,211.9,3.7,2.8,859.8,39.7,1.7,1.3,0,310.76006733134795,30.812,30.875,2025-06-16 09:33:47
158.1,3.1,491.7,156.3,2.1,336.8,777.0,59.99,211.8,3.6,2.8,859.8,39.6,1.7,1.3,0,310.76006733134795,30.812,30.875,2025-06-16 09:33:54
158.1,2.9,481.3,156.2,2.1,332.0,763.9,59.97,212.1,3.5,2.8,859.8,39.5,1.7,1.3,0,310.76006733134795,31.0,31.0,2025-06-16 09:34:50
157.1,3,471.2,157.4,2.1,325.7,747.1,60,212,3.6,2.8,859.8,39.5,1.7,1.3,0,310.76006733134795,31.062,31.062,2025-06-16 09:34:57
158.3,2.7,446.5,156.2,2,321.2,720.8,59.98,212.2,3.3,2.9,859.9,39.3,1.7,1.3,0,271.91505891492943,31.187,31.25,2025-06-16 09:35:52
155.2,2.9,444.4,157.9,2,320.7,717.6,59.96,212.1,3.3,2.9,859.9,39.3,1.7,1.3,0,271.91505891492943,31.25,31.25,2025-06-16 09:35:59
158.1,2.8,445.6,159.2,2,320.6,718.7,59.97,211.8,3.4,2.9,859.9,39.2,1.7,1.3,0,271.91505891492943,31.312,31.312,2025-06-16 09:36:55
158.1,2.8,449.0,157.9,2,322.4,723.0,59.99,211.8,3.4,2.9,859.9,39.2,1.7,1.3,0,271.91505891492943,31.312,31.312,2025-06-16 09:37:02
151.2,4.6,641.0,159.3,2.8,436.0,1006.3,60.01,212.4,4.9,2.9,859.9,39.3,1.7,1.3,0,466.14010099702193,31.25,31.312,2025-06-16 09:37:57
150.9,4.1,622.3,159.4,2.5,411.4,942.6,60.01,212.2,4.3,2.9,859.9,39.4,1.7,1.3,0,427.2950925806034,31.312,31.312,2025-06-16 09:38:04
160.9,3,452.7,154.8,2,313.8,724.2,59.98,211.7,3.5,2.9,859.9,39.4,1.7,1.3,0,310.76006733134795,31.312,31.312,2025-06-16 09:38:59
158,2.9,466.6,157.6,2,313.9,732.1,59.99,211.6,3.4,2.9,859.9,39.4,1.7,1.3,0,310.76006733134795,31.375,31.375,2025-06-16 09:39:07
159.1,2.9,434.0,157.6,1.9,309.4,697.0,59.98,211.9,3.4,2.9,859.9,39.4,1.7,1.3,0,271.91505891492943,31.437,31.437,2025-06-16 09:40:02
158.2,2.9,453.3,154.7,1.9,306.8,712.8,59.96,211.9,3.4,2.9,859.9,39.4,1.7,1.3,0,271.91505891492943,31.437,31.437,2025-06-16 09:40:09
157.5,3.6,549.0,151.7,2.4,363.3,855.9,60.01,212.1,4.1,2.9,859.9,39.4,1.7,1.3,0,388.4500841641849,31.312,31.312,2025-06-16 09:41:04
153.4,3.5,542.6,151.6,2.2,353.8,837.2,60.04,212.1,4,2.9,859.9,39.4,1.7,1.3,0,349.6050757477664,31.25,31.25,2025-06-16 09:41:12
156.6,3.3,513.4,150.8,2.2,330.1,789.3,60.03,211.9,3.7,2.9,859.9,39.6,1.7,1.3,0,310.76006733134795,31.25,31.25,2025-06-16 09:42:07
159.5,3.3,511.0,153.3,2.1,332.7,785.9,60.03,211.9,3.8,2.9,859.9,39.6,1.7,1.3,0,310.76006733134795,31.312,31.312,2025-06-16 09:42:14
154.5,3,473.5,155.6,2,312.4,727.6,60.03,211.9,3.4,2.9,859.9,39.6,1.8,1.3,0,310.76006733134795,31.187,31.187,2025-06-16 09:43:09
156.7,3,472.4,157.8,1.9,311.7,734.9,60.02,211.9,3.4,2.9,859.9,39.6,1.8,1.3,0,271.91505891492943,31.187,31.187,2025-06-16 09:43:17
155.5,2.8,445.9,157.6,1.8,286.2,688.6,60.01,211.6,3.2,3.0,860.0,39.5,1.8,1.3,0,271.91505891492943,31.25,31.25,2025-06-16 09:44:12
155.4,2.8,441.7,156.3,1.7,286.1,683.8,59.98,211.5,3.1,3.0,860.0,39.5,1.8,1.3,0,271.91505891492943,31.312,31.312,2025-06-16 09:44:19
156.6,2.7,437.8,157.7,1.9,297.6,690.6,60.02,211.5,3.2,3.0,860.0,39.4,1.8,1.4,0,271.91505891492943,31.437,31.437,2025-06-16 09:45:14
154.6,2.8,434.9,160,1.9,283.3,675.1,60.03,211.5,3.2,3.0,860.0,39.4,1.8,1.4,0,271.91505891492943,31.437,31.437,2025-06-16 09:45:22
159.6,2.7,416.3,155,1.8,281.4,652.1,60,211.6,3.1,3.0,860.0,39.3,1.8,1.4,0,271.91505891492943,31.375,31.375,2025-06-16 09:46:17
156.7,2.8,430.2,160.7,1.8,268.4,654.7,60,211.7,3.2,3.0,860.0,39.3,1.8,1.4,0,271.91505891492943,31.375,31.375,2025-06-16 09:46:24
156.6,2.6,408.4,157.4,1.7,269.1,636.6,60.01,211.8,3,3.0,860.0,39.2,1.8,1.4,0,233.07005049851097,31.312,31.312,2025-06-16 09:47:19
157,2.5,400.8,161.1,1.5,261.5,624.8,60.04,211.8,2.9,3.0,860.0,39.2,1.8,1.4,0,233.07005049851097,31.312,31.312,2025-06-16 09:47:27
156.6,2.5,392.4,158.6,1.7,254.6,605.4,60.01,211.7,2.9,3.0,860.0,39.1,1.8,1.4,0,233.07005049851097,31.375,31.375,2025-06-16 09:48:22
156.6,2.5,382.8,158.1,1.7,266.2,610.3,60.02,211.8,2.9,3.0,860.0,39.1,1.8,1.4,0,233.07005049851097,31.375,31.375,2025-06-16 09:48:29
156.2,2.4,368.2,154.8,1.7,261.9,591.9,60,211.6,2.8,3.0,860.0,39,1.8,1.4,0,233.07005049851097,30.812,30.812,2025-06-16 09:49:24
156.6,2.4,371.0,157.8,1.6,254.3,588.2,59.98,211.7,2.7,3.0,860.0,39,1.8,1.4,0,233.07005049851097,30.75,30.75,2025-06-16 09:49:31
156.6,2.3,363.0,157.8,1.6,261.9,588.7,59.99,211.7,2.7,3.0,860.0,39,1.8,1.4,0,233.07005049851097,30.625,30.687,2025-06-16 09:50:26
153.6,2.3,359.1,154.7,1.7,261.4,583.9,59.99,211.7,2.7,3.0,860.0,39,1.8,1.4,0,194.22504208209244,30.687,30.687,2025-06-16 09:50:34
158.1,2.2,370.8,155.7,1.7,275.6,606.9,60,211.8,2.8,3.0,860.0,39,1.8,1.4,0,233.07005049851097,30.875,30.875,2025-06-16 09:51:29
156.6,2.4,370.6,157.9,1.7,276.9,613.9,60.03,211.8,2.9,3.0,860.0,39,1.8,1.4,0,233.07005049851097,30.875,30.875,2025-06-16 09:51:36
158.2,2.6,400.0,160.7,1.8,298.1,663.9,60.03,212,3.1,3.0,860.0,38.9,1.8,1.4,0,233.07005049851097,31.0,31.0,2025-06-16 09:52:31
157.3,2.5,414.8,159.6,1.9,302.3,674.4,60.01,211.6,3.1,3.0,860.0,38.9,1.8,1.4,0,233.07005049851097,31.0,31.0,2025-06-16 09:52:39
156.7,3.1,487.0,162.1,2.1,332.6,769.3,60.04,211.9,3.6,3.1,860.1,38.9,1.8,1.4,0,310.76006733134795,30.812,30.812,2025-06-16 09:53:34
154.4,3.1,478.1,159.3,2.1,341.3,767.9,60.04,211.9,3.7,3.1,860.1,38.9,1.8,1.4,0,310.76006733134795,30.687,30.687,2025-06-16 09:53:41
156.7,3.5,545.5,159.2,2.3,371.7,861.5,60.03,212.4,4.1,3.1,860.1,39,1.8,1.4,0,349.6050757477664,30.25,30.25,2025-06-16 09:54:36
156.6,3.5,551.4,162.1,2.3,375.6,870.6,60.02,212.3,4.1,3.1,860.1,39,1.8,1.4,0,349.6050757477664,30.312,30.312,2025-06-16 09:54:44
159.6,4.9,797.1,159.3,3.1,494.7,1209.0,60.02,212.6,5.4,3.1,860.1,39,1.8,1.4,0,543.8301178298589,30.562,30.562,2025-06-16 09:55:39
159.7,3.9,670.0,161.7,2.6,424.7,1012.7,60.04,212.3,4.7,3.1,860.1,39.1,1.8,1.4,0,427.2950925806034,30.5,30.5,2025-06-16 09:55:46
159.6,4.6,709.2,157.7,2.7,424.2,1067.4,60,212.5,5,3.1,860.1,39.1,1.9,1.4,0,466.14010099702193,30.25,30.312,2025-06-16 09:56:41
153.3,4.6,703.0,160.6,2.7,435.6,1068.7,60,212.4,4.9,3.1,860.1,39.1,1.9,1.4,0,466.14010099702193,30.312,30.312,2025-06-16 09:56:49
156.6,4.3,688.2,158.5,2.6,406.8,1027.4,60.03,212.4,4.7,3.1,860.1,39.2,1.9,1.4,0,427.2950925806034,30.812,30.875,2025-06-16 09:57:44
156.6,4.5,690.1,160.6,2.5,408.7,1029.8,60.02,212.3,4.9,3.1,860.1,39.2,1.9,1.4,0,466.14010099702193,30.875,30.875,2025-06-16 09:57:51
156.5,4.5,702.0,155.1,2.6,414.6,1045.7,60.02,212.4,4.8,3.1,860.1,39.3,1.9,1.4,0,466.14010099702193,31.187,31.187,2025-06-16 09:58:46
153.7,4.5,683.7,157.9,2.6,412.3,1027.1,60.05,212.5,4.8,3.1,860.1,39.3,1.9,1.4,0,427.2950925806034,31.062,31.062,2025-06-16 09:58:54
158.1,4.4,710.4,156.9,2.7,416.1,1055.2,60.04,213.2,4.9,3.2,860.2,39.3,1.9,1.4,0,466.14010099702193,31.312,31.312,2025-06-16 09:59:49
157,4.9,733.4,157.8,2.8,432.8,1120.1,60.06,213.3,5.3,3.2,860.2,39.3,1.9,1.4,0,504.9851094134404,31.375,31.437,2025-06-16 09:59:56
155.4,4.1,644.8,156.2,2.5,392.6,971.4,60.06,213,4.5,3.2,860.2,39.4,1.9,1.4,0,427.2950925806034,31.875,31.875,2025-06-16 10:00:51
157,4,630.6,154.5,2.4,378.9,945.7,60.05,213,4.4,3.2,860.2,39.4,1.9,1.4,0,388.4500841641849,31.937,32.0,2025-06-16 10:00:59
155.5,3.7,572.5,159.5,2.2,351.1,865.9,60.06,212.9,4.1,3.2,860.2,39.4,1.9,1.4,0,349.6050757477664,32.312,32.312,2025-06-16 10:01:54
155.5,3.7,573.9,156.2,2.3,362.7,877.5,60.05,212.8,4.1,3.2,860.2,39.4,1.9,1.4,0,388.4500841641849,32.375,32.375,2025-06-16 10:02:01
156.6,3.3,531.2,156.7,2.2,342.4,819.5,60.05,213,3.7,3.2,860.2,39.4,1.9,1.5,0,349.6050757477664,32.5,32.5,2025-06-16 10:02:56
154.6,3.4,521.8,155.5,2.2,342.0,809.5,60.06,213,3.8,3.2,860.2,39.4,1.9,1.5,0,349.6050757477664,32.562,32.562,2025-06-16 10:03:03
159.6,3.2,490.3,154.8,2,334.4,771.1,60.06,213,3.7,3.2,860.2,39.3,1.9,1.5,0,310.76006733134795,32.687,32.687,2025-06-16 10:03:58
156.6,3.2,504.9,152.9,2.1,329.3,783.9,60.05,212.9,3.7,3.2,860.2,39.3,1.9,1.5,0,310.76006733134795,32.687,32.687,2025-06-16 10:04:06
156.6,3.1,484.4,157.8,2.1,318.7,752.7,60.04,212.9,3.6,3.2,860.2,39.3,1.9,1.5,0,310.76006733134795,32.812,32.812,2025-06-16 10:05:01
157.2,2.9,472.6,154.8,2.1,325.1,744.9,60.03,212.9,3.4,3.2,860.2,39.3,1.9,1.5,0,310.76006733134795,32.812,32.812,2025-06-16 10:05:08
156.6,3.1,476.7,154.8,2.1,321.7,747.6,60,212.8,3.5,3.3,860.3,39.2,2.0,1.5,0,310.76006733134795,32.5,32.5,2025-06-16 10:06:03
156.7,3.1,468.8,157.7,2,318.0,738.2,59.98,212.7,3.5,3.3,860.3,39.2,2.0,1.5,0,310.76006733134795,32.5,32.5,2025-06-16 10:06:11
156,3.1,471.3,152.5,2.1,320.5,742.2,60,212.8,3.5,3.3,860.3,39.2,2.0,1.5,0,310.76006733134795,32.5,32.5,2025-06-16 10:07:06
156.6,3.1,476.2,154.8,2.1,321.1,747.6,60,212.8,3.4,3.3,860.3,39.2,2.0,1.5,0,310.76006733134795,32.5,32.5,2025-06-16 10:07:13
156.6,3,470.4,155.6,2.1,326.1,747.7,59.97,213.1,3.5,3.3,860.3,39.2,2.0,1.5,0,310.76006733134795,32.562,32.562,2025-06-16 10:08:08
153.4,3,464.4,154.9,2,328.7,745.1,59.99,213.1,3.5,3.3,860.3,39.1,2.0,1.5,0,310.76006733134795,32.562,32.562,2025-06-16 10:08:16
158.1,2.8,455.2,157.7,2.1,334.6,742.3,60,212.9,3.4,3.3,860.3,39.1,2.0,1.5,0,271.91505891492943,32.562,32.562,2025-06-16 10:09:11
157,2.9,454.5,154.6,2.1,334.6,743.0,59.98,212.9,3.5,3.3,860.3,39,2.0,1.5,0,271.91505891492943,32.562,32.562,2025-06-16 10:09:18
158.2,2.9,437.9,155.8,2.1,332.7,734.3,60.03,213.1,3.4,3.3,860.3,38.9,2.0,1.5,0,271.91505891492943,32.562,32.562,2025-06-16 10:10:13
157.2,2.7,450.0,157.7,2.1,334.2,737.4,60,213.2,3.4,3.3,860.3,38.9,2.0,1.5,0,271.91505891492943,32.562,32.562,2025-06-16 10:10:21
156.6,2.8,445.0,157.6,2.1,329.0,725.6,60,213.1,3.3,3.3,860.3,38.9,2.0,1.5,0,271.91505891492943,32.437,32.437,2025-06-16 10:11:16
159.1,2.8,430.0,157,2.1,330.1,714.1,60.02,213,3.4,3.3,860.3,38.9,2.0,1.5,0,271.91505891492943,32.437,32.437,2025-06-16 10:11:23
153.8,2.9,448.5,157.8,2,333.2,733.3,60,213,3.4,3.3,860.3,38.8,2.0,1.5,0,271.91505891492943,32.312,32.312,2025-06-16 10:12:18
156.6,2.9,457.9,155.1,2.1,329.3,737.8,60.02,213.1,3.5,3.3,860.3,38.8,2.0,1.5,0,310.76006733134795,32.312,32.312,2025-06-16 10:12:26
156.6,3.2,490.5,160.8,2.2,338.9,778.7,60.01,213.2,3.7,3.3,860.3,38.7,2.0,1.5,0,310.76006733134795,32.062,32.062,2025-06-16 10:13:21
156.3,3.2,494.9,157.6,2.2,347.5,785.4,60.02,212.1,3.7,3.3,860.3,38.7,2.0,1.5,0,310.76006733134795,32.062,32.062,2025-06-16 10:13:28
156.6,3.2,516.2,157.3,2.2,355.1,816.2,60.01,214.3,3.8,3.4,860.4,38.7,2.0,1.5,0,349.6050757477664,31.687,31.75,2025-06-16 10:14:23
156.7,3.3,515.2,160.6,2.1,354.8,816.5,60.03,214.3,3.8,3.4,860.4,38.7,2.0,1.5,0,349.6050757477664,31.75,31.75,2025-06-16 10:14:31
157.9,3.6,543.4,155.6,2.4,373.0,860.7,60.02,215.4,4,3.4,860.4,38.7,2.0,1.5,0,349.6050757477664,31.875,31.875,2025-06-16 10:15:26
156.7,3.7,574.5,157.9,2.4,377.1,893.2,60,215.4,4.2,3.4,860.4,38.7,2.0,1.5,0,388.4500841641849,31.937,31.937,2025-06-16 10:15:33
157.1,3.6,561.0,157.7,2.3,372.1,875.3,60.03,215.4,4.1,3.4,860.4,38.7,2.0,1.5,0,349.6050757477664,32.187,32.187,2025-06-16 10:16:28
158.1,3.6,562.0,160.4,2.3,367.6,873.0,60,215.1,4,3.4,860.4,38.7,2.0,1.5,0,349.6050757477664,32.187,32.187,2025-06-16 10:16:35
160,3.5,525.4,157.7,2.3,367.8,840.6,59.99,215.1,4,3.4,860.4,38.8,2.0,1.5,0,349.6050757477664,32.375,32.375,2025-06-16 10:17:31
158.1,3.4,548.5,154.9,2.3,361.9,854.2,60,215.1,3.9,3.4,860.4,38.8,2.0,1.5,0,349.6050757477664,32.375,32.375,2025-06-16 10:17:38
156.6,3.5,550.1,159,2.2,372.5,862.3,59.99,215.2,4,3.4,860.4,38.8,2.1,1.5,0,349.6050757477664,32.437,32.5,2025-06-16 10:18:33
157.5,3.6,554.5,157.7,2.4,373.9,872.2,59.98,215.2,4.1,3.4,860.4,38.8,2.1,1.5,0,349.6050757477664,32.5,32.5,2025-06-16 10:18:40
158.8,3.5,568.2,160.8,2.4,387.7,897.8,60.03,215.3,4.1,3.4,860.4,38.8,2.1,1.5,0,388.4500841641849,32.062,32.062,2025-06-16 10:19:35
156.4,3.9,608.5,157.7,2.5,396.9,943.5,60.02,215.3,4.4,3.4,860.4,38.8,2.1,1.5,0,388.4500841641849,32.0,32.062,2025-06-16 10:19:43
153.7,3.9,603.3,157.5,2.5,392.2,932.9,59.98,215.4,4.3,3.5,860.5,38.9,2.1,1.6,0,388.4500841641849,31.937,31.937,2025-06-16 10:20:38
156.6,3.9,611.9,157.9,2.4,391.9,942.5,60,215.4,4.2,3.5,860.5,38.9,2.1,1.6,0,388.4500841641849,31.812,31.812,2025-06-16 10:20:45
156.7,4.1,632.8,157.7,2.5,397.8,967.4,60.02,215.5,4.4,3.5,860.5,39,2.1,1.6,0,388.4500841641849,32.0,32.062,2025-06-16 10:21:40
156.7,4.1,640.3,160.8,2.5,387.7,966.0,59.99,215.3,4.4,3.5,860.5,39,2.1,1.6,0,427.2950925806034,32.0,32.0,2025-06-16 10:21:48
156.9,4.9,734.2,156.3,2.9,441.1,1117.6,60.03,215.8,5.2,3.5,860.5,39.1,2.1,1.6,0,466.14010099702193,32.125,32.125,2025-06-16 10:22:43
162.8,9.6,1413.3,155.8,5,713.4,1977.2,60.02,217.2,9.8,3.5,860.5,39.1,2.1,1.6,0,1087.6602356597177,32.125,32.187,2025-06-16 10:22:50
152.2,9.6,1531.2,145.9,5,712.3,2092.5,59.99,217.1,9.3,3.5,860.5,39.9,2.1,1.6,0,1048.8152272432992,31.937,31.937,2025-06-16 10:23:45
158.6,8.3,1335.6,150.3,4.8,705.0,1904.0,60.02,217,8.6,3.5,860.5,40,2.1,1.6,0,971.1252104104623,32.0,32.0,2025-06-16 10:23:53
154,5.4,812.1,151.5,3.2,483.5,1211.0,60.02,216.1,5.6,3.5,860.5,40.4,2.1,1.6,0,543.8301178298589,32.375,32.437,2025-06-16 10:24:48
153.5,5.3,813.2,152.7,3.2,495.1,1222.9,60.03,216.1,5.6,3.6,860.6,40.4,2.1,1.6,0,543.8301178298589,32.437,32.5,2025-06-16 10:24:55
158.1,5.6,879.4,151.9,3.3,504.0,1294.8,59.99,216.1,5.9,3.6,860.6,40.7,2.2,1.6,0,582.6751262462774,32.812,32.812,2025-06-16 10:25:50
154.3,5.6,862.8,156.2,3.3,518.4,1287.8,60.01,216.3,5.8,3.6,860.6,40.7,2.2,1.6,0,582.6751262462774,32.875,32.937,2025-06-16 10:25:58
153.2,7.7,1027.0,158.2,3.6,571.8,1498.9,60.04,216.6,7.8,3.6,860.6,40.8,2.2,1.6,0,738.0551599119514,32.812,32.812,2025-06-16 10:26:53
153.4,8.8,1315.9,161,4.4,693.3,1903.2,60.03,217.1,8.8,3.6,860.6,40.8,2.2,1.6,0,1009.9702188268808,32.812,32.812,2025-06-16 10:27:00
153.4,9.5,1313.1,160.6,4.9,745.5,2020.7,60,217.3,9.7,3.6,860.6,41.4,2.2,1.6,0,1126.5052440761365,33.562,33.562,2025-06-16 10:27:55
156.7,9.3,1302.1,162.1,4.9,696.6,1862.2,59.98,216.9,9.9,3.6,860.6,41.5,2.2,1.6,0,1204.1952609089733,33.625,33.625,2025-06-16 10:28:03
152.5,5.6,809.3,153.5,2.9,443.4,1171.4,59.99,216.2,5.6,3.7,860.7,41.4,2.2,1.6,0,543.8301178298589,33.812,33.875,2025-06-16 10:28:58
152.6,5.9,945.8,153,3.4,540.7,1389.5,59.97,216.3,5.8,3.7,860.7,41.3,2.2,1.6,0,621.5201346626959,33.875,33.875,2025-06-16 10:29:05
152.1,4.8,722.1,154.7,2.7,429.7,1078.0,59.97,216.1,4.8,3.7,860.7,41.2,2.2,1.6,0,466.14010099702193,33.625,33.625,2025-06-16 10:30:00
149.2,4.4,672.7,154.7,2.5,411.2,1015.3,59.96,215.9,4.5,3.7,860.7,41.2,2.2,1.6,0,427.2950925806034,33.5,33.5,2025-06-16 10:30:07
152.2,3.8,594.2,154.8,2.4,372.0,905.6,60.04,216,4.1,3.7,860.7,41,2.2,1.6,0,388.4500841641849,33.312,33.312,2025-06-16 10:31:03
149.3,3.9,581.0,157.7,2.4,363.2,885.9,60.01,215.8,4.2,3.7,860.7,41,2.2,1.7,0,388.4500841641849,33.312,33.312,2025-06-16 10:31:10
154.6,3.5,538.5,152.1,2.3,351.7,826.4,60.01,215.1,3.9,3.7,860.7,40.8,2.3,1.7,0,349.6050757477664,33.562,33.562,2025-06-16 10:32:05
152.2,3.6,539.6,154.8,2.3,354.2,836.7,60.01,215.1,3.9,3.7,860.7,40.8,2.3,1.7,0,349.6050757477664,33.562,33.562,2025-06-16 10:32:12
152.2,3.4,510.9,154.8,2.2,350.0,807.9,60.02,215.4,3.7,3.7,860.7,40.6,2.3,1.7,0,310.76006733134795,33.5,33.562,2025-06-16 10:33:07
154.1,3.2,505.8,152.4,2.2,348.4,803.1,60.02,215.5,3.7,3.7,860.7,40.6,2.3,1.7,0,310.76006733134795,33.562,33.562,2025-06-16 10:33:15
151.3,3.4,514.7,155.4,2.2,362.0,822.0,60.02,215.2,3.7,3.7,860.7,40.4,2.3,1.7,0,310.76006733134795,33.625,33.625,2025-06-16 10:34:10
153.3,3.4,509.3,154.1,2.3,358.1,813.9,60.02,215.1,3.9,3.7,860.7,40.4,2.3,1.7,0,310.76006733134795,33.562,33.625,2025-06-16 10:34:17
149.8,3.6,534.8,155.2,2.4,380.8,857.9,59.98,215.4,4,3.8,860.8,40.4,2.3,1.7,0,349.6050757477664,33.437,33.437,2025-06-16 10:35:12
153.4,3.6,544.1,152.8,2.5,382.0,866.8,60.01,215.3,4.1,3.8,860.8,40.4,2.3,1.7,0,349.6050757477664,33.437,33.437,2025-06-16 10:35:20
155.3,4.4,675.3,156.2,2.8,431.0,1044.3,60.01,215.6,4.7,3.8,860.8,40.3,2.3,1.7,0,427.2950925806034,33.562,33.625,2025-06-16 10:36:15
153.6,4.2,643.4,157.8,2.7,424.4,1003.0,60.03,215.7,4.6,3.8,860.8,40.3,2.3,1.7,0,427.2950925806034,33.625,33.687,2025-06-16 10:36:22
154,4.4,663.2,154.4,2.9,443.1,1036.7,59.96,215.9,4.8,3.8,860.8,40.3,2.3,1.7,0,466.14010099702193,33.812,33.812,2025-06-16 10:37:17
153.6,4.5,676.3,154.8,2.9,448.7,1055.0,59.96,215.7,4.8,3.8,860.8,40.3,2.3,1.7,0,466.14010099702193,33.812,33.812,2025-06-16 10:37:25
152.5,9.3,1381.0,159.3,4.7,747.9,1993.2,59.97,217,9.2,3.8,860.8,40.4,2.3,1.7,0,1009.9702188268808,33.187,33.187,2025-06-16 10:38:20
153.7,8.4,1198.5,160.4,4.5,716.4,1784.0,59.97,216.7,8.9,3.8,860.8,40.5,2.3,1.7,0,1009.9702188268808,33.0,33.0,2025-06-16 10:38:27
151.8,6.8,1099.2,150,3.5,550.7,1545.2,60,216.4,6.6,3.8,860.8,40.9,2.3,1.7,0,582.6751262462774,32.312,32.312,2025-06-16 10:39:22
153.4,5.6,853.2,153.4,3.4,515.2,1276.9,60,216.1,5.9,3.8,860.8,40.9,2.3,1.7,0,621.5201346626959,32.312,32.25,2025-06-16 10:39:30
153.3,4.8,722.4,153.7,3.1,474.9,1129.4,60.03,216.1,5.3,3.9,860.9,41,2.3,1.7,0,504.9851094134404,32.562,32.625,2025-06-16 10:40:25
156.6,5.3,784.3,159.5,3.3,506.8,1209.1,60.02,216.1,5.8,3.9,860.9,41,2.3,1.7,0,621.5201346626959,32.687,32.75,2025-06-16 10:40:32
153.5,4.1,625.0,156,2.8,438.1,997.0,60.01,215.5,4.5,3.9,860.9,41.3,2.4,1.7,0,427.2950925806034,33.437,33.5,2025-06-16 10:41:27
152,4,610.6,158.1,2.8,416.0,962.2,60.02,215.4,4.4,3.9,860.9,41.3,2.4,1.7,0,427.2950925806034,33.562,33.562,2025-06-16 10:41:34
153.7,3.6,583.7,153.4,2.7,418.4,938.7,59.97,215.5,4.2,3.9,860.9,41,2.4,1.7,0,388.4500841641849,33.125,33.125,2025-06-16 10:42:30
151.8,3.8,579.0,156.2,2.7,423.3,938.7,59.97,215.6,4.3,3.9,860.9,41,2.4,1.7,0,388.4500841641849,33.062,33.062,2025-06-16 10:42:37
156.5,4.1,609.7,156.2,2.8,435.9,982.4,60.03,215.7,4.6,3.9,860.9,40.9,2.4,1.7,0,427.2950925806034,33.25,33.25,2025-06-16 10:43:32
153.6,4.2,642.4,155,2.8,440.0,1015.8,60.03,215.5,4.6,3.9,860.9,40.9,2.4,1.7,0,427.2950925806034,33.312,33.312,2025-06-16 10:43:39
153.5,4.3,656.6,156.2,2.7,440.4,1028.2,60.03,215.5,4.6,3.9,860.9,40.9,2.4,1.7,0,427.2950925806034,33.625,33.625,2025-06-16 10:44:35
154.1,4.1,654.5,154.2,2.8,438.9,1016.3,60.03,215.5,4.6,3.9,860.9,40.9,2.4,1.8,0,427.2950925806034,33.562,33.625,2025-06-16 10:44:42
153.7,4.5,681.8,156.6,2.9,445.0,1056.7,60.04,215.9,4.8,4.0,861.0,40.8,2.4,1.8,0,466.14010099702193,33.937,33.937,2025-06-16 10:45:37
153.8,4.5,678.0,156.2,2.9,449.4,1056.8,60.04,215.9,4.9,4.0,861.0,40.9,2.4,1.8,0,466.14010099702193,33.937,34.0,2025-06-16 10:45:44
154.6,7,980.2,159.1,3.5,541.8,1420.2,60,216.5,7.2,4.0,861.0,41,2.4,1.8,0,776.9001683283698,33.812,33.812,2025-06-16 10:46:40
155.1,9.5,1375.6,160.6,4.6,652.9,1888.8,59.97,217,9.4,4.0,861.0,41,2.4,1.8,0,1048.8152272432992,33.875,33.875,2025-06-16 10:46:47
151.8,6.4,1051.2,154.9,3.4,532.5,1485.9,59.98,216.5,6.4,4.0,861.0,41.8,2.4,1.8,0,660.3651430791144,34.312,34.375,2025-06-16 10:47:42
148.9,9.6,1421.5,159.8,4.2,646.7,1926.4,59.97,217,9,4.0,861.0,41.8,2.4,1.8,0,1009.9702188268808,34.375,34.375,2025-06-16 10:47:49
149.7,4.4,669.8,152.4,2.7,421.0,1021.8,60.01,215.6,4.6,4.0,861.0,41.8,2.5,1.8,0,427.2950925806034,34.437,34.437,2025-06-16 10:48:44
152.2,4.2,635.4,154.9,2.6,406.5,981.8,59.99,215.3,4.5,4.0,861.0,41.8,2.5,1.8,0,388.4500841641849,34.437,34.437,2025-06-16 10:48:52
149.9,3.7,557.2,154.2,2.4,377.7,869.1,60.03,215.5,4.1,4.0,861.0,41.6,2.5,1.8,0,349.6050757477664,33.875,33.875,2025-06-16 10:49:47
152.3,3.7,554.9,153.3,2.4,376.1,872.3,60.04,215.6,4.1,4.1,861.1,41.6,2.5,1.8,0,349.6050757477664,33.75,33.75,2025-06-16 10:49:54
152.1,3.5,529.4,154.8,2.2,368.0,841.5,60.01,215.5,3.8,4.1,861.1,41.5,2.5,1.8,0,310.76006733134795,33.312,33.312,2025-06-16 10:50:49
150.8,3.5,528.0,153.1,2.4,363.0,834.9,60,215.5,3.9,4.1,861.1,41.5,2.5,1.8,0,310.76006733134795,33.187,33.25,2025-06-16 10:50:57
152.2,3.3,524.6,157.7,2.4,365.1,834.7,60.01,215.2,3.9,4.1,861.1,41.4,2.5,1.8,0,310.76006733134795,33.0,33.062,2025-06-16 10:51:52
150.3,3.5,515.6,154.9,2.4,372.9,832.9,60,214.9,3.9,4.1,861.1,41.4,2.5,1.8,0,310.76006733134795,32.937,33.0,2025-06-16 10:51:59
155.1,3.4,513.6,154.8,2.4,373.3,832.3,59.98,215.2,3.9,4.1,861.1,41.3,2.5,1.8,0,310.76006733134795,32.312,32.375,2025-06-16 10:52:54
152.3,3.4,516.0,155.5,2.3,373.9,829.8,59.98,215.4,3.8,4.1,861.1,41.3,2.5,1.8,0,310.76006733134795,32.375,32.375,2025-06-16 10:53:02
152.2,3.3,503.1,154.9,2.3,363.3,812.0,59.99,215.2,3.7,4.1,861.1,41.3,2.5,1.8,0,310.76006733134795,32.25,32.25,2025-06-16 10:53:57
152.5,3.2,501.0,154.7,2.3,361.1,809.3,59.97,215.1,3.7,4.1,861.1,41.3,2.5,1.8,0,310.76006733134795,32.25,32.312,2025-06-16 10:54:04
152.2,3.3,506.7,154,2.3,352.9,805.4,59.99,215.3,3.7,4.1,861.1,41.2,2.5,1.8,0,310.76006733134795,32.562,32.562,2025-06-16 10:54:59
157.8,3.1,496.6,154.8,2.3,356.2,801.8,59.96,215.1,3.7,4.1,861.1,41.2,2.5,1.8,0,310.76006733134795,32.625,32.625,2025-06-16 10:55:06
156.8,3.5,510.7,154.8,2.3,362.4,820.9,60.02,215.5,3.9,4.1,861.1,41.2,2.5,1.8,0,349.6050757477664,33.0,33.0,2025-06-16 10:56:02
152.2,3.5,536.7,151.5,2.3,359.0,839.7,60.01,215.3,3.9,4.1,861.1,41.2,2.5,1.8,0,349.6050757477664,33.062,33.062,2025-06-16 10:56:09
157.1,3.7,548.5,156.2,2.3,369.0,862.1,59.96,215.7,4.1,4.2,861.2,41.1,2.5,1.8,0,349.6050757477664,32.375,32.375,2025-06-16 10:57:04
155.1,3.8,578.0,154.8,2.4,368.6,886.8,59.98,215.6,4.2,4.2,861.2,41.1,2.5,1.8,0,349.6050757477664,32.312,32.312,2025-06-16 10:57:11
158.5,5,880.9,143.6,3.2,505.3,1202.1,60.01,216,5.2,4.2,861.2,41.1,2.5,1.8,0,582.6751262462774,31.5,31.5,2025-06-16 10:58:07
159.9,4.5,654.8,143.1,3.5,471.4,1051.5,59.97,215.8,5.4,4.2,861.2,41.1,2.5,1.8,0,738.0551599119514,31.5,31.5,2025-06-16 10:58:14
154.3,3.4,527.9,153.3,2.3,359.5,832.1,60.01,215.3,3.9,4.2,861.2,41.2,2.6,1.9,0,349.6050757477664,31.875,31.875,2025-06-16 10:59:09
153.6,3.5,537.3,156,2.3,355.8,838.7,60.01,215.2,3.9,4.2,861.2,41.1,2.6,1.9,0,349.6050757477664,31.875,31.937,2025-06-16 10:59:16
150.6,3.2,482.4,150.3,2.3,351.6,782.3,60.01,215.6,3.7,4.2,861.2,40.9,2.6,1.9,0,310.76006733134795,31.937,31.937,2025-06-16 11:00:11
153.6,3.2,483.6,153.4,2.3,355.0,787.4,60,215.5,3.7,4.2,861.2,40.9,2.6,1.9,0,310.76006733134795,31.937,31.937,2025-06-16 11:00:19
153.7,2.9,443.5,153.4,2.2,342.1,740.4,59.98,215.1,3.4,4.2,861.2,40.7,2.6,1.9,0,271.91505891492943,31.937,32.0,2025-06-16 11:01:14
153.5,2.9,443.2,153.2,2.2,342.1,737.1,59.97,215.1,3.3,4.2,861.2,40.7,2.6,1.9,0,271.91505891492943,32.062,32.062,2025-06-16 11:01:21
153.6,2.6,424.3,153.5,2.1,328.7,707.1,60,215.4,3.3,4.2,861.2,40.5,2.6,1.9,0,271.91505891492943,32.375,32.437,2025-06-16 11:02:16
150.7,2.7,415.4,150.4,2.1,328.3,698.7,60.03,215.4,3.2,4.2,861.2,40.5,2.6,1.9,0,271.91505891492943,32.437,32.437,2025-06-16 11:02:24
156.5,2.7,400.9,154.5,2,318.0,675.2,60.01,215,3.2,4.2,861.2,40.4,2.6,1.9,0,233.07005049851097,32.687,32.75,2025-06-16 11:03:19
153.5,2.6,408.7,150.7,2,314.5,678.6,60.01,215,3.1,4.2,861.2,40.4,2.6,1.9,0,271.91505891492943,32.75,32.75,2025-06-16 11:03:26
153.6,2.5,392.9,155.1,2,302.2,652.8,60.01,214.9,3,4.3,861.3,40.3,2.6,1.9,0,233.07005049851097,33.125,33.125,2025-06-16 11:04:21
155.8,2.4,388.0,153.3,1.9,302.5,648.3,59.98,214.9,3,4.3,861.3,40.3,2.6,1.9,0,233.07005049851097,33.125,33.187,2025-06-16 11:04:29
152.7,2.4,363.1,154.2,1.8,285.9,610.8,60.04,214.9,2.8,4.3,861.3,40.2,2.6,1.9,0,233.07005049851097,32.187,32.187,2025-06-16 11:05:24
154.4,2.3,353.3,152.5,1.8,280.2,594.7,60.02,215,2.8,4.3,861.3,40.1,2.6,1.9,0,233.07005049851097,32.125,32.125,2025-06-16 11:05:31
151.5,2.1,318.5,154,1.6,254.4,539.5,60.01,214.8,2.5,4.3,861.3,40,2.6,1.9,0,194.22504208209244,31.312,31.25,2025-06-16 11:06:26
153.5,2.1,319.9,152.5,1.6,250.6,537.8,60.01,214.9,2.4,4.3,861.3,40,2.6,1.9,0,194.22504208209244,31.125,31.125,2025-06-16 11:06:34
153.7,2,304.8,153.3,1.5,233.3,506.9,60.03,215,2.3,4.3,861.3,39.8,2.6,1.9,0,194.22504208209244,30.625,30.625,2025-06-16 11:07:29
150.9,2,299.3,153.1,1.5,231.4,500.2,60.03,215,2.2,4.3,861.3,39.8,2.6,1.9,0,194.22504208209244,30.562,30.562,2025-06-16 11:07:36
156.6,1.9,295.2,156.2,1.4,220.0,486.8,60.01,215.4,2.3,4.3,861.3,39.6,2.6,1.9,0,194.22504208209244,29.875,29.875,2025-06-16 11:08:31
153.4,1.9,297.5,156.2,1.4,224.9,493.6,60,215.4,2.2,4.3,861.3,39.5,2.6,1.9,0,194.22504208209244,29.812,29.812,2025-06-16 11:08:39
156.6,1.9,301.8,153.3,1.4,225.1,497.4,60.03,215.7,2.3,4.3,861.3,39.4,2.6,1.9,0,194.22504208209244,29.687,29.75,2025-06-16 11:09:34
150.8,2,300.5,159.2,1.4,219.1,492.3,60.04,215.5,2.3,4.3,861.3,39.4,2.6,1.9,0,194.22504208209244,29.75,29.687,2025-06-16 11:09:41
156.7,1.9,305.8,159.2,1.4,218.9,496.4,59.99,215.6,2.3,4.3,861.3,39.3,2.6,1.9,0,194.22504208209244,29.75,29.812,2025-06-16 11:10:36
156.7,2,304.7,156.3,1.4,222.2,498.3,59.99,215.4,2.3,4.3,861.3,39.3,2.6,1.9,0,194.22504208209244,29.812,29.812,2025-06-16 11:10:43
153.5,1.8,287.3,155.9,1.3,206.4,468.3,60.02,215.7,2.1,4.3,861.3,39.3,2.6,1.9,0,194.22504208209244,29.875,29.875,2025-06-16 11:11:39
156.1,1.8,284.3,158.1,1.1,203.4,462.5,60,215.6,2,4.3,861.3,39.2,2.6,1.9,0,155.38003366567398,29.875,29.875,2025-06-16 11:11:46
151.2,1.7,258.7,152.3,1.2,181.9,418.4,60,215.3,1.9,4.3,861.3,39.2,2.6,1.9,0,155.38003366567398,29.687,29.687,2025-06-16 11:12:41
156.6,1.6,257.2,155.4,1.1,178.7,414.0,59.97,215.3,1.8,4.3,861.3,39.1,2.6,1.9,0,155.38003366567398,29.687,29.687,2025-06-16 11:12:48
156.6,1.5,242.8,150.8,1,161.5,384.8,60.02,215.2,1.7,4.3,861.3,39.1,2.6,1.9,0,155.38003366567398,29.75,29.75,2025-06-16 11:13:44
152.7,1.6,241.3,153.2,1,162.5,383.6,60,214.9,1.8,4.3,861.3,39.1,2.6,1.9,0,155.38003366567398,29.812,29.812,2025-06-16 11:13:51
153.4,1.5,241.6,153.5,0.9,155.6,378.1,60.01,215.1,1.7,4.3,861.3,38.9,2.7,1.9,0,116.53502524925548,29.812,29.812,2025-06-16 11:14:46
156.6,1.5,240.6,150.4,1,155.0,376.5,60.02,215.2,1.7,4.3,861.3,38.9,2.7,1.9,0,116.53502524925548,29.812,29.812,2025-06-16 11:14:53
156.6,1.6,257.9,153.4,1,164.9,403.5,59.97,215.1,1.8,4.3,861.3,38.9,2.7,1.9,0,155.38003366567398,29.875,29.875,2025-06-16 11:15:48
151,1.7,257.4,153.3,1.1,166.9,404.0,60,215.1,1.8,4.3,861.3,38.9,2.7,1.9,0,155.38003366567398,29.812,29.812,2025-06-16 11:15:56
159.2,1.6,269.2,148.9,1.2,180.5,426.3,59.99,215,1.9,4.4,861.4,38.8,2.7,1.9,0,155.38003366567398,29.687,29.687,2025-06-16 11:16:51
156.7,1.8,277.3,154.8,1.2,184.8,438.1,59.98,215.1,2,4.4,861.4,38.8,2.7,1.9,0,155.38003366567398,29.687,29.687,2025-06-16 11:16:58
159.1,1.7,281.3,154.6,1.3,200.3,456.4,60.01,215.4,2,4.4,861.4,38.8,2.7,1.9,0,155.38003366567398,29.687,29.687,2025-06-16 11:17:53
156.6,1.8,281.5,154.8,1.3,202.5,458.0,60,215.5,2.1,4.4,861.4,38.8,2.7,1.9,0,155.38003366567398,29.687,29.687,2025-06-16 11:18:01
156.4,1.7,270.7,154.3,1.3,209.4,454.6,59.97,215.2,2.1,4.4,861.4,38.7,2.7,1.9,0,155.38003366567398,29.812,29.875,2025-06-16 11:18:56
156.6,1.7,278.6,154.8,1.4,211.6,463.7,59.98,215.3,2,4.4,861.4,38.7,2.7,1.9,0,116.53502524925548,29.875,29.875,2025-06-16 11:19:03
156.3,1.8,279.3,157,1.4,221.2,469.7,59.99,214.9,2.2,4.4,861.4,38.7,2.7,1.9,0,116.53502524925548,29.75,29.75,2025-06-16 11:19:58
159.8,1.8,266.9,154.8,1.4,224.2,466.7,59.98,215,2.1,4.4,861.4,38.7,2.7,1.9,0,155.38003366567398,29.75,29.687,2025-06-16 11:20:06
154.4,1.8,280.8,154.8,1.5,232.6,484.0,60.01,215.2,2.2,4.4,861.4,38.6,2.7,1.9,0,155.38003366567398,29.562,29.625,2025-06-16 11:21:01
156.5,1.8,284.7,156.1,1.4,234.0,489.2,60.03,215.1,2.2,4.4,861.4,38.6,2.7,1.9,0,155.38003366567398,29.562,29.625,2025-06-16 11:21:08
156.5,1.9,299.4,154.6,1.6,244.7,512.7,59.97,215.3,2.3,4.4,861.4,38.6,2.7,1.9,0,155.38003366567398,29.375,29.375,2025-06-16 11:22:03
155.3,1.9,301.2,154.8,1.6,245.5,515.7,59.99,215.3,2.3,4.4,861.4,38.6,2.7,1.9,0,155.38003366567398,29.312,29.375,2025-06-16 11:22:11
156.7,2,326.3,155,1.6,255.4,548.4,60.01,215.4,2.5,4.4,861.4,38.7,2.7,1.9,0,155.38003366567398,29.5,29.562,2025-06-16 11:23:06
155.5,2.1,331.4,157.7,1.6,260.6,558.1,60.01,215.5,2.6,4.4,861.4,38.7,2.7,1.9,0,155.38003366567398,29.562,29.562,2025-06-16 11:23:13
156.9,2.4,381.9,157.7,1.8,283.1,625.0,60,215.3,2.9,4.4,861.4,38.7,2.7,2.0,0,194.22504208209244,29.75,29.75,2025-06-16 11:24:08
155.7,2.5,388.9,160.2,1.8,283.8,628.7,60,215.4,2.9,4.4,861.4,38.7,2.7,2.0,0,194.22504208209244,29.75,29.75,2025-06-16 11:24:15
158.3,2.9,459.0,157.6,2,316.5,730.0,59.99,215.6,3.4,4.4,861.4,38.8,2.7,2.0,0,233.07005049851097,29.562,29.625,2025-06-16 11:25:11
158.2,3,471.5,159.1,2,323.9,746.7,59.97,215.8,3.5,4.4,861.4,38.8,2.7,2.0,0,271.91505891492943,29.562,29.562,2025-06-16 11:25:18
160.6,3.5,562.7,159.2,2.2,358.8,866.6,60.01,215.7,4,4.4,861.4,38.9,2.7,2.0,0,310.76006733134795,29.312,29.312,2025-06-16 11:26:13
161.3,3.6,557.9,159.2,2.3,363.4,864.4,60.03,215.7,4.1,4.4,861.4,38.8,2.7,2.0,0,349.6050757477664,29.25,29.25,2025-06-16 11:26:20
161.1,5.3,842.1,158.3,2.9,457.6,1220.3,59.96,216.3,5.6,4.5,861.5,38.9,2.7,2.0,0,543.8301178298589,29.125,29.187,2025-06-16 11:27:15
159,7,1038.1,161.2,3.2,487.9,1430.1,59.97,216.7,7.1,4.5,861.5,38.9,2.7,2.0,0,738.0551599119514,29.125,29.125,2025-06-16 11:27:23
160.5,8.8,1316.5,158.7,4.1,638.5,1827.7,59.98,216.9,8.9,4.5,861.5,39.2,2.7,2.0,0,1048.8152272432992,29.375,29.437,2025-06-16 11:28:18
156.7,7.5,1264.8,154.5,3.6,573.2,1659.3,59.98,216.6,7.4,4.5,861.5,39.3,2.7,2.0,0,815.7451767447883,29.437,29.5,2025-06-16 11:28:25
154.7,9.5,1475.4,161,4.3,677.4,1982.5,59.97,217.4,9.1,4.5,861.5,39.7,2.8,2.0,0,1048.8152272432992,30.187,30.187,2025-06-16 11:29:20
158.2,9.7,1482.6,159.7,4.1,678.8,2016.3,59.98,217.4,9.2,4.5,861.5,39.8,2.8,2.0,0,1087.6602356597177,30.312,30.312,2025-06-16 11:29:28
158.4,9,1324.4,158,4.1,629.9,1824.2,60.02,217.3,8.9,4.5,861.5,40.3,2.8,2.0,0,1009.9702188268808,30.812,30.812,2025-06-16 11:30:23
153.5,9.4,1469.3,155.2,4.1,657.0,1983.8,60.03,217.4,8.9,4.6,861.6,40.4,2.8,2.0,0,1009.9702188268808,30.875,30.875,2025-06-16 11:30:30
156.6,4.3,687.9,157.7,2.7,422.1,1040.3,60.04,216.4,4.6,4.6,861.6,40.2,2.8,2.0,0,427.2950925806034,30.625,30.625,2025-06-16 11:31:25
154,4.7,719.5,160.4,2.7,420.5,1068.7,60.03,216.4,5,4.6,861.6,40.2,2.8,2.0,0,466.14010099702193,30.625,30.687,2025-06-16 11:31:33
153.3,7,1051.2,153.1,3.5,559.4,1502.7,59.96,216.8,6.9,4.6,861.6,40.3,2.8,2.0,0,815.7451767447883,30.75,30.75,2025-06-16 11:32:28
149.5,6.1,956.8,156.5,3.3,530.8,1344.8,59.95,216.5,6.1,4.6,861.6,40.3,2.8,2.0,0,699.2101514955328,30.812,30.875,2025-06-16 11:32:35
152.3,8.1,1196.3,159.2,3.8,594.3,1681.4,59.95,216.9,7.8,4.6,861.6,40.7,2.8,2.0,0,932.2802019940439,31.687,31.687,2025-06-16 11:33:30
149.2,6.7,992.7,156,3.3,532.6,1427.8,59.96,216.6,6.7,4.6,861.6,40.8,2.8,2.0,0,738.0551599119514,31.75,31.75,2025-06-16 11:33:38
153.5,8.3,1264.7,157.7,3.6,573.1,1719.4,59.97,217.1,7.8,4.7,861.7,41,2.9,2.0,0,893.4351935776253,32.062,32.062,2025-06-16 11:34:33
150.9,6.9,1106.4,156.1,3.3,540.4,1546.2,59.98,216.9,6.6,4.7,861.7,41.1,2.9,2.0,0,738.0551599119514,32.0,32.0,2025-06-16 11:34:40
152.2,8.8,1327.4,158.1,3.7,577.4,1779.2,60.01,217.1,8.2,4.7,861.7,41.4,2.9,2.1,0,1009.9702188268808,32.187,32.187,2025-06-16 11:35:35
149.6,8.9,1324.7,156.2,3.7,585.0,1777.8,59.99,217,8.2,4.7,861.7,41.5,2.9,2.1,0,1009.9702188268808,31.875,31.875,2025-06-16 11:35:43
152.6,8.4,1321.4,156.1,3.7,582.4,1778.3,59.97,217.2,8,4.7,861.7,41.7,2.9,2.1,0,1009.9702188268808,32.0,32.062,2025-06-16 11:36:38
151.4,8.8,1314.6,158.3,3.6,578.8,1767.7,59.98,217.1,8.2,4.7,861.7,41.8,2.9,2.1,0,1009.9702188268808,32.062,32.125,2025-06-16 11:36:45
149.6,7.4,1128.6,154.3,3.3,515.9,1529.2,59.98,216.8,7,4.7,861.7,42.1,2.9,2.1,0,815.7451767447883,32.75,32.75,2025-06-16 11:37:40
149.2,6.1,905.7,153.4,2.9,449.3,1268.0,59.98,216.3,5.9,4.7,861.7,42.2,2.9,2.1,0,660.3651430791144,32.812,32.875,2025-06-16 11:37:47
148.5,9.1,1322.4,151.8,3.8,579.7,1774.6,59.99,217,8.2,4.8,861.8,42.4,3.0,2.1,0,1009.9702188268808,32.687,32.687,2025-06-16 11:38:43
149.2,9.1,1336.6,154.9,3.8,585.2,1792.3,59.97,216.9,8.3,4.8,861.8,42.4,3.0,2.1,0,1009.9702188268808,32.75,32.75,2025-06-16 11:38:50
147.8,9.3,1362.1,154.9,4,613.2,1842.1,59.99,216.9,8.5,4.8,861.8,42.6,3.0,2.1,0,1048.8152272432992,32.562,32.562,2025-06-16 11:39:45
149.4,8.6,1263.8,151.8,3.9,594.2,1733.1,59.99,216.9,8.2,4.8,861.8,42.7,3.0,2.1,0,971.1252104104623,32.437,32.437,2025-06-16 11:39:52
151,8.8,1292.0,156.2,4.1,638.8,1801.5,59.98,217.1,8.3,4.8,861.8,42.9,3.0,2.1,0,1048.8152272432992,32.437,32.437,2025-06-16 11:40:48
148.2,9.7,1395.4,159.2,4.2,639.7,1899.2,59.99,217.4,8.9,4.8,861.8,42.9,3.0,2.1,0,1087.6602356597177,32.437,32.5,2025-06-16 11:40:55
148.8,9.7,1431.1,156.2,4.3,661.8,1951.6,60,217.4,8.7,4.9,861.9,43.3,3.0,2.1,0,1048.8152272432992,32.562,32.562,2025-06-16 11:41:50
149.1,9,1327.7,157.4,4.2,632.9,1827.5,60,217.3,8.5,4.9,861.9,43.4,3.0,2.1,0,1048.8152272432992,32.562,32.562,2025-06-16 11:41:57
150,6,874.1,158.8,3.4,505.4,1293.1,60.02,216.5,6.1,4.9,861.9,43.5,3.0,2.1,0,699.2101514955328,32.187,32.187,2025-06-16 11:42:52
147.5,6.5,930.5,155.3,3.5,539.9,1374.1,60.02,216.6,6.4,4.9,861.9,43.5,3.0,2.1,0,738.0551599119514,32.187,32.187,2025-06-16 11:43:00
149.2,4.5,666.1,155.7,2.8,437.8,1033.6,60.01,216.2,4.7,4.9,861.9,43.4,3.1,2.1,0,466.14010099702193,32.187,32.187,2025-06-16 11:43:55
149.1,4.3,645.2,154.4,2.8,430.1,1007.8,60,216.2,4.6,4.9,861.9,43.4,3.1,2.1,0,427.2950925806034,32.312,32.312,2025-06-16 11:44:02
149.3,3.8,562.9,153.1,2.6,405.1,906.6,60.02,216.2,4.1,4.9,861.9,43.1,3.1,2.1,0,349.6050757477664,33.0,33.062,2025-06-16 11:44:57
147.4,3.8,555.4,156.2,2.6,401.2,897.7,60.04,216,4.1,4.9,861.9,43.1,3.1,2.1,0,349.6050757477664,33.125,33.125,2025-06-16 11:45:05
149.4,3.5,537.5,153.4,2.5,392.5,871.1,60.03,216.1,4.1,4.9,861.9,42.8,3.1,2.1,0,349.6050757477664,33.125,33.125,2025-06-16 11:46:00
147.5,3.6,534.6,153.3,2.5,391.3,858.8,60.04,216.1,4,4.9,861.9,42.8,3.1,2.1,0,349.6050757477664,33.125,33.187,2025-06-16 11:46:07
152,3.6,533.5,156.2,2.5,388.0,862.1,60.02,215.8,4,5.0,862.0,42.6,3.1,2.2,0,349.6050757477664,32.625,32.625,2025-06-16 11:47:02
152.3,3.5,528.3,153.5,2.5,386.6,857.2,60.03,215.8,4,5.0,862.0,42.6,3.1,2.2,0,349.6050757477664,32.5,32.5,2025-06-16 11:47:10
152.2,3.6,536.3,156.2,2.5,390.3,868.5,60.02,216.1,4,5.0,862.0,42.5,3.1,2.2,0,349.6050757477664,32.187,32.187,2025-06-16 11:48:05
152.2,3.6,542.9,159.2,2.5,377.7,863.8,60.02,216.1,4,5.0,862.0,42.5,3.1,2.2,0,349.6050757477664,32.187,32.187,2025-06-16 11:48:12
152.2,3.7,566.4,153.4,2.6,397.7,904.4,60.02,216.2,4.2,5.0,862.0,42.4,3.1,2.2,0,349.6050757477664,32.062,32.125,2025-06-16 11:49:07
149.1,3.8,562.3,156,2.6,399.0,901.1,60.01,216.1,4.2,5.0,862.0,42.4,3.1,2.2,0,349.6050757477664,32.125,32.062,2025-06-16 11:49:15
154.8,3.8,597.2,156.2,2.6,413.8,948.0,60,216.2,4.4,5.0,862.0,42.4,3.1,2.2,0,388.4500841641849,31.875,31.875,2025-06-16 11:50:10
152.2,4,602.4,156.2,2.7,418.1,958.6,59.97,216.2,4.3,5.0,862.0,42.4,3.1,2.2,0,388.4500841641849,31.875,31.875,2025-06-16 11:50:17
155.1,4.4,674.6,156.2,2.8,450.8,1053.7,60.02,216.3,4.8,5.0,862.0,42.4,3.1,2.2,0,466.14010099702193,31.75,31.75,2025-06-16 11:51:12
156.3,4.1,668.8,155.4,2.9,444.0,1044.0,60.02,216.2,4.7,5.0,862.0,42.4,3.1,2.2,0,466.14010099702193,31.687,31.687,2025-06-16 11:51:19
152.6,4.3,667.0,156,2.8,446.5,1044.9,60.04,215.6,4.8,5.0,862.0,42.2,3.1,2.2,0,466.14010099702193,31.75,31.75,2025-06-16 11:52:15
153.9,4.3,660.7,156.1,2.8,442.0,1034.0,60.04,215.6,4.8,5.0,862.0,42.2,3.1,2.2,0,155.38003366567398,31.812,31.812,2025-06-16 11:52:22
155.1,3.8,586.7,153.3,2.6,401.5,927.0,60.03,215.4,4.2,5.1,862.1,41.9,3.1,2.2,0,116.53502524925548,31.875,31.875,2025-06-16 11:53:17
153.4,3.8,582.0,156.2,2.6,405.5,927.5,60.03,215.6,4.2,5.1,862.1,41.9,3.1,2.2,0,116.53502524925548,31.812,31.812,2025-06-16 11:53:24
155.1,3.2,530.9,156.1,2.5,388.9,864.6,60,215.5,3.9,5.1,862.1,41.7,3.2,2.2,0,349.6050757477664,32.0,32.0,2025-06-16 11:54:19
153.7,3.4,519.6,154.5,2.5,387.1,849.9,60.03,215.5,3.9,5.1,862.1,41.7,3.2,2.2,0,349.6050757477664,32.0,32.062,2025-06-16 11:54:27
158,3.2,470.9,156.2,2.2,372.7,793.9,59.97,215.8,3.7,5.1,862.1,41.5,3.2,2.2,0,310.76006733134795,32.25,32.312,2025-06-16 11:55:22
155.1,3.2,488.6,156.2,2.4,370.5,806.0,59.98,215.6,3.7,5.1,862.1,41.5,3.2,2.2,0,310.76006733134795,32.312,32.375,2025-06-16 11:55:29
155.1,3.1,474.3,156.5,2.3,357.2,784.2,59.98,215.8,3.6,5.1,862.1,41.6,3.2,2.2,0,310.76006733134795,32.5,32.5,2025-06-16 11:56:24
158,2.9,461.1,156.3,2.3,366.5,776.6,59.97,215.6,3.6,5.1,862.1,41.6,3.2,2.2,0,310.76006733134795,32.5,32.5,2025-06-16 11:56:32
152.6,3.1,475.6,156.2,2.3,364.6,790.3,60,215.8,3.7,5.1,862.1,41.7,3.2,2.2,0,310.76006733134795,32.312,32.312,2025-06-16 11:57:27
155.1,3.1,476.6,159.3,2.3,358.1,785.8,60,215.9,3.7,5.1,862.1,41.7,3.2,2.2,0,271.91505891492943,32.312,32.312,2025-06-16 11:57:34
154.5,3.3,500.4,153.9,2.4,372.0,819.5,59.98,216,3.8,5.1,862.1,41.7,3.2,2.2,0,310.76006733134795,32.0,32.0,2025-06-16 11:58:29
155.1,3.3,513.1,156.2,2.4,372.9,833.0,59.97,216,3.8,5.1,862.1,41.7,3.2,2.2,0,310.76006733134795,32.062,32.062,2025-06-16 11:58:37
152.3,4,600.4,154,2.6,402.7,941.5,60.04,216.1,4.3,5.1,862.1,41.6,3.2,2.2,0,427.2950925806034,31.75,31.75,2025-06-16 11:59:32
151.2,5.1,744.5,151.3,2.9,434.1,1107.6,60.03,216.4,5.1,5.1,862.1,41.6,3.2,2.2,0,543.8301178298589,31.812,31.812,2025-06-16 11:59:39
140.8,4.4,620.1,157.7,2.6,420.7,980.6,59.97,216.3,4.5,5.2,862.2,42,3.2,2.2,0,427.2950925806034,32.125,32.125,2025-06-16 12:00:34
146.3,4.4,638.7,158.5,2.4,417.7,989.8,59.96,216.1,4.4,5.2,862.2,42,3.2,2.2,0,427.2950925806034,32.062,32.062,2025-06-16 12:00:42
147.8,4.1,608.4,160.7,2.5,393.8,940.0,59.98,216.1,4.4,5.2,862.2,41.9,3.2,2.2,0,388.4500841641849,32.437,32.437,2025-06-16 12:01:37
152.2,4.1,613.8,157.7,2.6,410.5,960.8,59.98,216.2,4.4,5.2,862.2,41.9,3.2,2.3,0,388.4500841641849,32.5,32.562,2025-06-16 12:01:44
155.2,4,621.1,157.7,2.6,414.4,972.5,59.98,216,4.4,5.2,862.2,41.9,3.2,2.3,0,388.4500841641849,32.875,32.875,2025-06-16 12:02:39
152.5,4.1,616.7,157.9,2.5,416.9,970.1,59.99,215.9,4.4,5.2,862.2,41.9,3.2,2.3,0,388.4500841641849,32.937,32.937,2025-06-16 12:02:46
158,4.3,650.2,157.6,2.7,426.7,1013.0,59.97,216.2,4.6,5.2,862.2,41.8,3.2,2.3,0,427.2950925806034,33.187,33.187,2025-06-16 12:03:42
155.1,4.3,657.9,160.7,2.7,412.4,1013.0,59.99,216.2,4.7,5.2,862.2,41.8,3.2,2.3,0,427.2950925806034,33.187,33.25,2025-06-16 12:03:49
155.1,4.4,674.8,154.5,2.8,434.2,1045.1,60.04,216.4,4.8,5.2,862.2,42,3.3,2.3,0,427.2950925806034,33.437,33.437,2025-06-16 12:04:44
157.8,4.2,674.2,157.7,2.8,441.1,1049.2,60.02,216.3,4.8,5.2,862.2,42,3.3,2.3,0,427.2950925806034,33.5,33.5,2025-06-16 12:04:51
153.1,4.5,688.6,157.7,2.8,449.9,1070.8,60.04,216.4,4.9,5.3,862.3,42.2,3.3,2.3,0,466.14010099702193,32.937,32.937,2025-06-16 12:05:47
155.5,4.5,687.2,154.8,2.9,447.9,1066.0,60.01,216.7,4.9,5.3,862.3,42.2,3.3,2.3,0,466.14010099702193,32.75,32.75,2025-06-16 12:05:54
154.2,4.8,730.4,159.2,2.8,465.6,1123.6,59.96,216.2,5.1,5.3,862.3,42.2,3.3,2.3,0,504.9851094134404,32.937,32.875,2025-06-16 12:06:49
155.1,5,765.2,157.5,3,471.2,1160.8,59.98,216.3,5.3,5.3,862.3,42.2,3.3,2.3,0,504.9851094134404,32.875,32.875,2025-06-16 12:06:56
154.3,8.9,1163.0,158.3,3.8,543.7,1596.7,60.02,217.1,8.5,5.3,862.3,42.3,3.3,2.3,0,1048.8152272432992,33.062,33.062,2025-06-16 12:07:51
148,6.9,1242.4,156.8,3.8,651.5,1633.5,60,216.9,6.8,5.3,862.3,42.4,3.3,2.3,0,776.9001683283698,33.125,33.125,2025-06-16 12:07:59
152,6,905.0,151.4,3.3,509.8,1331.9,60,216.7,6.1,5.3,862.3,42.9,3.3,2.3,0,621.5201346626959,33.75,33.75,2025-06-16 12:08:54
153.6,5.4,830.8,153.3,3.1,482.9,1232.8,59.99,216.7,5.7,5.3,862.3,43,3.3,2.3,0,582.6751262462774,33.875,33.875,2025-06-16 12:09:01
150.6,8.9,1330.1,154.8,4,618.1,1821.9,59.99,217.8,8.4,5.4,862.4,43.2,3.3,2.3,0,971.1252104104623,34.25,34.25,2025-06-16 12:09:56
151.3,6.3,945.8,155.4,3.4,544.5,1396.1,59.97,217,6.4,5.4,862.4,43.2,3.3,2.3,0,660.3651430791144,34.312,34.312,2025-06-16 12:10:04
143.3,7.3,1034.7,153.7,3.6,523.9,1457.2,60.02,217.2,6.9,5.4,862.4,43.4,3.4,2.3,0,776.9001683283698,33.812,33.812,2025-06-16 12:10:59
140.9,7.5,1114.3,151.6,3.8,586.8,1588.7,59.99,217.4,7,5.4,862.4,43.4,3.4,2.3,0,776.9001683283698,33.812,33.875,2025-06-16 12:11:06
149.3,8.6,1281.2,151.8,4.1,627.1,1783.7,60.01,217.7,8.3,5.4,862.4,43.7,3.4,2.3,0,1009.9702188268808,34.062,34.062,2025-06-16 12:12:01
151.8,8.4,1302.5,154.9,4.1,638.9,1794.5,60.03,217.8,8.2,5.4,862.4,43.7,3.4,2.3,0,971.1252104104623,34.062,33.937,2025-06-16 12:12:09
150.7,8.4,1286.3,156.2,3.9,642.8,1804.1,60.03,217.6,8.1,5.4,862.4,44.2,3.4,2.3,0,971.1252104104623,34.25,34.312,2025-06-16 12:13:04
153.4,8.4,1238.5,156.2,4,621.0,1738.5,60.05,217.8,8.1,5.4,862.4,44.2,3.4,2.3,0,932.2802019940439,34.375,34.437,2025-06-16 12:13:11
152.3,6.2,939.6,154.4,3.4,524.6,1369.9,60.01,216.7,6.3,5.5,862.5,44.4,3.4,2.4,0,660.3651430791144,34.687,34.687,2025-06-16 12:14:06
149.1,6.2,932.0,156.9,3.3,513.9,1354.8,60.01,216.8,6.2,5.5,862.5,44.4,3.4,2.4,0,660.3651430791144,34.687,34.687,2025-06-16 12:14:14
153,4.6,728.5,154.7,3,465.0,1118.9,59.99,216.4,5,5.5,862.5,44.5,3.4,2.4,0,504.9851094134404,34.625,34.625,2025-06-16 12:15:09
151.8,4.8,716.4,156.2,3,466.5,1109.1,59.99,216.2,5.1,5.5,862.5,44.5,3.4,2.4,0,466.14010099702193,34.625,34.687,2025-06-16 12:15:16
154.4,4.6,673.0,156.2,2.9,459.1,1062.7,59.99,216.5,4.9,5.5,862.5,44.4,3.4,2.4,0,466.14010099702193,33.875,33.875,2025-06-16 12:16:11
152.2,4.6,694.6,153.8,3,458.5,1081.7,59.98,216.7,4.9,5.5,862.5,44.4,3.4,2.4,0,466.14010099702193,33.875,33.75,2025-06-16 12:16:18
152.1,4.2,641.0,156.7,2.6,446.5,1020.7,60,216.7,4.5,5.5,862.5,44.1,3.4,2.4,0,427.2950925806034,32.875,32.875,2025-06-16 12:17:13
153.8,4,630.6,155.6,2.8,442.8,992.1,60.01,216.5,4.6,5.5,862.5,44,3.4,2.4,0,388.4500841641849,32.75,32.75,2025-06-16 12:17:21
151.6,3.9,586.2,158.8,2.7,419.8,934.7,60,216.5,4.2,5.5,862.5,43.8,3.5,2.4,0,388.4500841641849,32.437,32.437,2025-06-16 12:18:16
152.1,3.8,581.6,156.2,2.5,422.8,942.7,60,216.4,4.2,5.5,862.5,43.7,3.5,2.4,0,388.4500841641849,32.562,32.562,2025-06-16 12:18:23
152.4,3.7,563.1,156.2,2.6,414.9,919.3,60.01,216.4,4.2,5.5,862.5,43.5,3.5,2.4,0,349.6050757477664,32.125,32.125,2025-06-16 12:19:18
152.1,3.8,566.5,159.1,2.6,398.8,904.9,60.01,216.5,4.2,5.6,862.6,43.4,3.5,2.4,0,349.6050757477664,32.062,32.062,2025-06-16 12:19:26
152.3,3.8,576.6,153.2,2.7,414.9,929.8,59.99,216.5,4.2,5.6,862.6,43.1,3.5,2.4,0,349.6050757477664,31.687,31.687,2025-06-16 12:20:21
149.3,3.8,568.7,156.2,2.7,418.9,926.8,60.01,216.5,4.2,5.6,862.6,43,3.5,2.4,0,388.4500841641849,31.687,31.687,2025-06-16 12:20:28
154.9,3.9,612.3,156.1,2.8,431.0,980.6,60.03,216.8,4.5,5.6,862.6,42.7,3.5,2.4,0,388.4500841641849,31.5,31.5,2025-06-16 12:21:23
151.9,4.1,618.4,156.2,2.8,436.3,992.0,60.01,216.8,4.5,5.6,862.6,42.7,3.5,2.4,0,388.4500841641849,31.5,31.5,2025-06-16 12:21:31
153.8,4.4,680.2,156.2,2.9,465.1,1074.3,60.01,216.8,4.9,5.6,862.6,42.5,3.5,2.4,0,466.14010099702193,32.0,32.062,2025-06-16 12:22:26
151.8,4.6,682.6,155.8,3,464.7,1076.8,60.04,216.8,5,5.6,862.6,42.5,3.5,2.4,0,466.14010099702193,32.187,32.187,2025-06-16 12:22:33
152.2,5.2,777.2,158.5,3.3,497.2,1195.7,60,216.9,5.6,5.6,862.6,42.6,3.5,2.4,0,543.8301178298589,33.187,33.187,2025-06-16 12:23:28
155.2,5.2,795.7,156.2,3.3,521.5,1236.1,59.98,216.9,5.7,5.6,862.6,42.6,3.5,2.4,0,543.8301178298589,33.312,33.312,2025-06-16 12:23:36
154,8.3,1314.8,158.7,4.4,663.7,1852.6,60.03,217.8,8.4,5.6,862.6,42.7,3.5,2.4,0,1009.9702188268808,34.812,34.875,2025-06-16 12:24:31
151.8,9,1342.9,156.2,4.4,687.4,1896.6,60.02,217.6,8.8,5.7,862.7,42.8,3.5,2.4,0,1048.8152272432992,34.875,35.187,2025-06-16 12:24:38
153.1,8.2,1223.1,156.1,4.2,651.9,1755.0,60.03,217.5,8.1,5.7,862.7,43.1,3.6,2.4,0,932.2802019940439,37.437,37.5,2025-06-16 12:25:33
152.4,7.9,1166.9,154.1,4.1,629.5,1679.6,60.04,217.4,7.8,5.7,862.7,43.2,3.6,2.4,0,893.4351935776253,37.75,37.75,2025-06-16 12:25:41
150.6,8.2,1220.2,155.7,4.1,639.4,1739.2,59.98,217.6,8,5.7,862.7,43.3,3.6,2.5,0,932.2802019940439,38.562,38.562,2025-06-16 12:26:36
150.9,6.8,1091.2,153,3.8,601.6,1537.2,60.01,217.2,6.9,5.7,862.7,43.3,3.6,2.5,0,776.9001683283698,38.562,38.562,2025-06-16 12:26:43
150.7,4.7,708.7,153.4,3.1,480.9,1112.8,60,216.7,5.1,5.7,862.7,43.3,3.6,2.5,0,504.9851094134404,38.0,38.0,2025-06-16 12:27:38
150.7,4.7,700.0,156.2,3,477.9,1103.8,60.01,216.7,4.9,5.7,862.7,43.3,3.6,2.5,0,504.9851094134404,37.937,37.937,2025-06-16 12:27:45
150.7,4.3,638.5,156.4,2.9,452.8,1023.3,59.99,216.6,4.7,5.7,862.7,43.3,3.6,2.5,0,427.2950925806034,37.437,37.5,2025-06-16 12:28:40
147.7,4.2,623.8,156.2,2.9,452.4,1009.7,59.97,216.6,4.6,5.8,862.8,43.3,3.6,2.5,0,427.2950925806034,37.5,37.437,2025-06-16 12:28:48
153.2,4,614.0,153.4,2.9,443.2,992.8,59.97,216.4,4.5,5.8,862.8,43.3,3.6,2.5,0,388.4500841641849,37.125,37.125,2025-06-16 12:29:43
150.6,4.1,613.4,156.2,2.8,440.7,987.9,59.97,216.6,4.5,5.8,862.8,43.3,3.6,2.5,0,388.4500841641849,37.062,37.125,2025-06-16 12:29:50
151.1,4.1,614.8,153.6,2.9,445.4,995.6,59.99,216.4,4.6,5.8,862.8,43.3,3.6,2.5,0,427.2950925806034,36.875,36.812,2025-06-16 12:30:45
150.6,4,618.5,157.7,2.9,427.8,984.4,60,216.2,4.5,5.8,862.8,43.3,3.6,2.5,0,427.2950925806034,36.812,36.812,2025-06-16 12:30:53
150.2,4.2,625.3,156.2,2.9,454.6,1020.7,60.03,215.2,4.6,5.8,862.8,43.3,3.6,2.5,0,427.2950925806034,36.562,36.562,2025-06-16 12:31:48
154.7,3.9,630.5,153.3,2.9,452.3,1017.1,60.02,215.7,4.5,5.8,862.8,43.3,3.6,2.5,0,427.2950925806034,36.562,36.562,2025-06-16 12:31:55
145,4.9,698.3,156.2,3.1,476.0,1098.8,60,215.4,5.1,5.8,862.8,43.4,3.6,2.5,0,504.9851094134404,36.125,36.125,2025-06-16 12:32:50
145.6,5.3,747.2,153.3,3.2,489.7,1159.0,60.01,215.6,5.4,5.8,862.8,43.4,3.6,2.5,0,543.8301178298589,36.062,36.125,2025-06-16 12:32:58
148.6,5.9,865.8,151.8,3.5,528.8,1304.5,60.01,215.8,5.9,5.8,862.8,43.3,3.7,2.5,0,621.5201346626959,35.937,35.937,2025-06-16 12:33:53
149.3,5.7,829.7,153.2,3.4,521.6,1265.9,60,215.8,5.9,5.8,862.8,43.3,3.7,2.5,0,621.5201346626959,35.875,35.875,2025-06-16 12:34:00
154,5.7,881.9,156.2,3.4,529.3,1321.5,59.96,216.1,6.1,5.9,862.9,43.6,3.7,2.5,0,660.3651430791144,36.312,36.375,2025-06-16 12:34:55
151.3,6.5,956.8,155.1,3.6,558.6,1428.1,59.97,215.9,6.6,5.9,862.9,43.7,3.7,2.5,0,699.2101514955328,36.437,36.437,2025-06-16 12:35:03
150.8,6.6,973.7,156.2,3.7,568.6,1443.2,59.97,216,6.7,5.9,862.9,43.7,3.7,2.5,0,738.0551599119514,36.937,37.0,2025-06-16 12:35:58
145.2,6.6,979.9,156.1,3.7,580.5,1458.7,59.96,216.1,6.6,5.9,862.9,43.7,3.7,2.5,0,738.0551599119514,37.062,37.062,2025-06-16 12:36:05
150.8,5,742.9,153.7,3.2,498.2,1162.4,60.01,215.4,5.3,5.9,862.9,43.6,3.7,2.5,0,504.9851094134404,37.125,37.125,2025-06-16 12:37:00
154,4.9,735.8,159,3,482.7,1142.2,60.02,215.6,5.3,5.9,862.9,43.6,3.7,2.5,0,504.9851094134404,37.062,37.062,2025-06-16 12:37:08
148.4,4.9,726.4,158.1,2.9,489.1,1140.0,59.98,215.4,5.1,5.9,862.9,43.3,3.7,2.6,0,504.9851094134404,36.562,36.562,2025-06-16 12:38:03
146.3,5.2,750.5,155,3.3,504.5,1174.1,59.97,215.4,5.4,5.9,862.9,43.2,3.7,2.6,0,543.8301178298589,36.5,36.5,2025-06-16 12:38:10
154.1,4.7,724.4,157.9,2.9,491.9,1141.6,60.01,215.4,5.2,6.0,863.0,43.2,3.7,2.6,0,504.9851094134404,36.0,35.937,2025-06-16 12:39:05
152.4,5,752.6,154.8,3.3,504.8,1176.6,60.04,215.6,5.5,6.0,863.0,43.2,3.7,2.6,0,543.8301178298589,35.812,35.812,2025-06-16 12:39:12
143.3,7.9,1115.1,156.1,4.1,639.4,1637.6,60,215.8,7.6,6.0,863.0,43.5,3.7,2.6,0,893.4351935776253,36.5,36.562,2025-06-16 12:40:07
146,7.9,1129.2,153.3,4.1,639.7,1652.7,60.01,215.9,7.7,6.0,863.0,43.6,3.7,2.6,0,893.4351935776253,36.687,36.687,2025-06-16 12:40:15
155.2,7.6,1108.6,154.6,4.1,629.5,1664.1,60.04,216.2,8,6.0,863.0,44.1,3.8,2.6,0,971.1252104104623,37.937,37.937,2025-06-16 12:41:10
154.4,7.6,1121.9,155.1,4.2,644.7,1653.9,60.02,216,7.8,6.0,863.0,44.1,3.8,2.6,0,893.4351935776253,38.125,38.125,2025-06-16 12:41:17
149.7,7.2,1046.4,144.5,3.9,567.7,1509.4,59.98,215.8,7.2,6.0,863.0,44.3,3.8,2.6,0,776.9001683283698,38.812,38.812,2025-06-16 12:42:12
150.2,7.5,1108.0,148.9,4.1,607.2,1602.8,60.01,215.9,7.5,6.0,863.0,44.4,3.8,2.6,0,815.7451767447883,38.812,38.812,2025-06-16 12:42:20
149,6.6,992.2,156.1,4,608.5,1496.7,60.04,215.8,6.9,6.1,863.1,44.7,3.8,2.6,0,738.0551599119514,38.062,38.062,2025-06-16 12:43:15
152.2,6.4,967.8,153.2,3.9,596.8,1463.9,60.04,215.9,6.7,6.1,863.1,44.7,3.8,2.6,0,738.0551599119514,38.062,38.0,2025-06-16 12:43:22
152.2,5.1,765.6,150.4,3.5,526.4,1204.0,60.01,215.4,5.6,6.1,863.1,44.8,3.8,2.6,0,543.8301178298589,37.312,37.312,2025-06-16 12:44:17
154.7,5,732.8,153.3,3.5,530.2,1191.2,60,215.2,5.5,6.1,863.1,44.8,3.8,2.6,0,543.8301178298589,37.125,37.125,2025-06-16 12:44:25
149.3,4.6,698.2,153.2,3.3,512.3,1131.8,60.03,215.2,5.3,6.1,863.1,44.7,3.8,2.6,0,504.9851094134404,35.75,35.75,2025-06-16 12:45:20
152.2,4.6,699.4,150.1,3.3,504.7,1125.1,60.02,215.3,5.2,6.1,863.1,44.7,3.8,2.6,0,504.9851094134404,35.562,35.562,2025-06-16 12:45:27
152.2,4.4,662.4,155.2,3.1,491.9,1083.2,60.02,214.9,4.9,6.1,863.1,44.6,3.8,2.6,0,466.14010099702193,34.625,34.625,2025-06-16 12:46:22
148.9,4.4,653.8,153.7,3.2,488.9,1070.5,60.02,214.8,4.9,6.1,863.1,44.6,3.8,2.6,0,466.14010099702193,34.5,34.562,2025-06-16 12:46:30
153.7,4.1,652.6,154.3,3.1,477.5,1059.1,60.05,215.2,4.8,6.1,863.1,44.5,3.9,2.6,0,427.2950925806034,34.562,34.562,2025-06-16 12:47:25
152.4,4.3,651.1,153.4,3.1,482.9,1062.3,60.04,215.2,4.8,6.1,863.1,44.5,3.9,2.6,0,427.2950925806034,34.625,34.625,2025-06-16 12:47:32
153.7,4.5,671.2,153.3,3.2,485.8,1084.4,59.98,214.8,5.1,6.2,863.2,44.3,3.9,2.6,0,466.14010099702193,34.5,34.5,2025-06-16 12:48:27
152.2,4.5,688.6,155.9,3.2,482.7,1095.8,59.97,214.7,5,6.2,863.2,44.4,3.9,2.6,0,466.14010099702193,34.562,34.562,2025-06-16 12:48:35
152,4.9,741.2,151.4,3.3,505.3,1156.9,59.98,215,5.3,6.2,863.2,44.5,3.9,2.7,0,504.9851094134404,35.187,35.25,2025-06-16 12:49:30
154.4,4.9,720.4,153.3,3.3,501.4,1145.8,59.98,215,5.3,6.2,863.2,44.6,3.9,2.7,0,504.9851094134404,35.25,35.312,2025-06-16 12:49:37
149.1,5,743.3,153.2,3.3,522.7,1185.6,59.99,215.1,5.5,6.2,863.2,44.7,3.9,2.7,0,504.9851094134404,35.75,35.75,2025-06-16 12:50:32
152.4,5.1,763.0,150.8,3.4,507.5,1190.9,59.97,215.3,5.6,6.2,863.2,44.8,3.9,2.7,0,543.8301178298589,35.812,35.812,2025-06-16 12:50:40
152.4,6.4,962.4,153.5,3.8,581.1,1443.2,59.98,215.5,6.6,6.2,863.2,44.8,3.9,2.7,0,738.0551599119514,35.937,36.0,2025-06-16 12:51:35
152.1,6,906.9,153.2,3.8,579.9,1391.2,59.97,215.5,6.4,6.2,863.2,44.8,3.9,2.7,0,660.3651430791144,36.0,36.062,2025-06-16 12:51:42
154.8,8.2,1251.0,152,4.6,690.1,1813.4,59.99,216,8.4,6.2,863.2,44.9,3.9,2.7,0,1009.9702188268808,36.875,36.937,2025-06-16 12:52:37
152.5,8.4,1250.3,156.1,4.5,680.6,1807.2,60,215.9,8.5,6.3,863.3,44.9,3.9,2.7,0,1009.9702188268808,37.125,37.125,2025-06-16 12:52:44
149,8.6,1272.8,150.1,4.5,686.2,1829.2,59.98,216,8.5,6.3,863.3,45.3,3.9,2.7,0,1009.9702188268808,38.687,38.75,2025-06-16 12:53:40
149.2,8.7,1279.6,153.3,4.5,695.9,1845.1,60.01,215.8,8.5,6.3,863.3,45.4,3.9,2.7,0,1009.9702188268808,38.937,39.0,2025-06-16 12:53:47
146.2,8.7,1259.2,153.3,4.5,689.5,1816.2,59.98,216.1,8.5,6.3,863.3,45.5,4.0,2.7,0,1009.9702188268808,39.562,39.562,2025-06-16 12:54:42
149.2,8.7,1279.9,150.7,4.5,684.2,1832.1,59.98,215.9,8.5,6.3,863.3,45.6,4.0,2.7,0,1009.9702188268808,39.75,39.812,2025-06-16 12:54:49
150,6.1,939.8,151.4,3.6,577.1,1422.0,59.95,215.4,6.3,6.3,863.3,46,4.0,2.7,0,699.2101514955328,40.812,40.812,2025-06-16 12:55:44
149.3,6.2,907.3,153.3,3.5,535.6,1349.6,59.97,215.3,6.2,6.3,863.3,46,4.0,2.7,0,699.2101514955328,40.875,40.875,2025-06-16 12:55:52
149.1,5.5,808.9,151.4,3.2,485.0,1210.0,59.98,215.3,5.6,6.4,863.4,46,4.0,2.7,0,582.6751262462774,40.25,40.187,2025-06-16 12:56:47
146.9,5.5,802.6,153.3,3.2,489.9,1210.8,59.97,215.2,5.6,6.4,863.4,45.9,4.0,2.7,0,582.6751262462774,40.0,39.937,2025-06-16 12:56:54
148.1,5.4,794.2,153.5,3.2,481.9,1193.2,60,215.3,5.4,6.4,863.4,45.8,4.0,2.7,0,582.6751262462774,39.125,39.125,2025-06-16 12:57:49
148.2,5.1,757.2,150.6,3.1,466.2,1145.1,59.97,215.3,5.3,6.4,863.4,45.8,4.0,2.7,0,543.8301178298589,39.0,39.0,2025-06-16 12:57:57
151.7,4.7,705.2,156.1,2.8,436.9,1068.8,60,214.9,4.9,6.4,863.4,45.6,4.0,2.7,0,504.9851094134404,38.0,38.0,2025-06-16 12:58:52
149.3,4.4,663.7,153.1,2.8,428.5,1023.4,60,215.1,4.6,6.4,863.4,45.6,4.0,2.7,0,466.14010099702193,37.687,37.687,2025-06-16 12:58:59
152.2,3.9,599.0,153.3,2.5,387.5,926.9,60.01,215,4.2,6.4,863.4,45.5,4.0,2.8,0,388.4500841641849,35.75,35.75,2025-06-16 12:59:54
154.9,3.8,570.4,153.3,2.4,387.6,899.8,59.98,214.9,4.2,6.4,863.4,45.5,4.0,2.8,0,388.4500841641849,35.562,35.562,2025-06-16 13:00:02
152.6,3.6,529.2,153.2,2.3,362.4,835.8,60.04,214.9,3.9,6.4,863.4,45.4,4.1,2.8,0,349.6050757477664,34.437,34.437,2025-06-16 13:00:57
152.1,3.4,541.6,156.2,2.3,357.0,843.7,60.03,214.7,3.9,6.4,863.4,45.3,4.1,2.8,0,349.6050757477664,34.437,34.437,2025-06-16 13:01:04
152.2,3.4,520.7,150.1,2.2,345.8,812.8,59.97,214.7,3.7,6.5,863.5,45.1,4.1,2.8,0,349.6050757477664,33.937,33.937,2025-06-16 13:01:59
154.9,3.4,502.4,153.2,2.2,345.8,795.1,59.96,214.6,3.8,6.5,863.5,45.1,4.1,2.8,0,310.76006733134795,33.75,33.75,2025-06-16 13:02:07
149.1,3.3,498.7,153.9,2.2,336.6,778.9,59.97,214.3,3.7,6.5,863.5,44.9,4.1,2.8,0,310.76006733134795,33.25,33.25,2025-06-16 13:03:02
152.2,3.3,500.3,150.2,2.2,334.1,784.0,59.97,214.4,3.6,6.5,863.5,44.9,4.1,2.8,0,310.76006733134795,33.25,33.25,2025-06-16 13:03:09
152.2,3.3,496.1,153.8,2,329.9,775.2,60.01,214.7,3.6,6.5,863.5,44.8,4.1,2.8,0,310.76006733134795,33.187,33.187,2025-06-16 13:04:04
149.9,3.3,496.7,152.4,2.1,326.5,772.5,60,214.9,3.6,6.5,863.5,44.7,4.1,2.8,0,310.76006733134795,33.187,33.25,2025-06-16 13:04:12
152.2,3.6,551.2,153.6,2.2,348.4,844.6,60.04,214.7,3.9,6.5,863.5,44.6,4.1,2.8,0,388.4500841641849,32.5,32.5,2025-06-16 13:05:07
152.2,3.6,550.2,152.4,2.2,343.3,837.8,60.03,214.8,3.9,6.5,863.5,44.5,4.1,2.8,0,388.4500841641849,32.5,32.562,2025-06-16 13:05:14
155,3.5,532.5,156.3,2.2,332.6,813.4,60.01,214.8,3.8,6.5,863.5,44.4,4.1,2.8,0,349.6050757477664,32.937,32.937,2025-06-16 13:06:09
153.5,3.5,525.3,152.9,2.2,334.6,808.7,60.01,214.7,3.8,6.5,863.5,44.4,4.1,2.8,0,349.6050757477664,33.0,33.062,2025-06-16 13:06:16
152.2,3.1,465.4,153.3,2,304.8,723.1,60.03,214.5,3.4,6.5,863.5,44.3,4.1,2.8,0,310.76006733134795,33.5,33.5,2025-06-16 13:07:12
152.1,3,460.1,156.2,1.9,299.7,714.0,60.03,214.7,3.3,6.5,863.5,44.3,4.1,2.8,0,310.76006733134795,33.5,33.5,2025-06-16 13:07:19
152,2.9,435.8,153.3,1.9,289.1,682.0,59.98,214.5,3.1,6.5,863.5,44.2,4.1,2.8,0,271.91505891492943,33.375,33.437,2025-06-16 13:08:14
155.1,2.8,436.2,156.2,1.8,284.5,678.2,60,214.5,3.1,6.5,863.5,44.1,4.1,2.8,0,271.91505891492943,33.375,33.375,2025-06-16 13:08:21
157.4,2.6,432.9,150.5,1.8,283.1,674.8,60,214.8,3,6.5,863.5,44.1,4.1,2.8,0,271.91505891492943,33.687,33.687,2025-06-16 13:09:16
152.1,2.9,440.6,153.2,1.8,284.5,681.6,60,214.8,3.1,6.5,863.5,44,4.1,2.8,0,271.91505891492943,33.687,33.687,2025-06-16 13:09:24
152.4,2.7,420.0,152.9,1.7,269.0,647.4,60.04,214.4,3,6.6,863.6,43.9,4.1,2.8,0,271.91505891492943,33.687,33.687,2025-06-16 13:10:19
155.1,2.7,411.0,153.2,1.7,269.5,639.5,60.03,214.3,2.9,6.6,863.6,43.8,4.1,2.8,0,233.07005049851097,33.687,33.687,2025-06-16 13:10:26
154.9,2.4,378.3,153,1.6,248.6,590.1,59.99,214.6,2.7,6.6,863.6,43.6,4.1,2.8,0,233.07005049851097,33.625,33.625,2025-06-16 13:11:21
155.2,2.4,373.9,153.3,1.6,247.4,586.2,60.01,214.4,2.7,6.6,863.6,43.5,4.1,2.8,0,233.07005049851097,33.562,33.625,2025-06-16 13:11:29
155.1,2.3,352.4,153.7,1.5,236.0,555.5,59.96,214.4,2.5,6.6,863.6,43.3,4.1,2.8,0,194.22504208209244,33.437,33.5,2025-06-16 13:12:24
157.2,2.2,330.5,152.1,1.5,231.7,529.3,59.98,214.4,2.5,6.6,863.6,43.2,4.1,2.8,0,194.22504208209244,33.437,33.5,2025-06-16 13:12:31
155.2,2.1,335.3,153.2,1.5,228.1,531.2,59.97,213.8,2.4,6.6,863.6,43.1,4.1,2.8,0,194.22504208209244,33.312,33.312,2025-06-16 13:13:26
152,2.2,332.9,151.7,1.5,227.9,527.7,59.97,214,2.4,6.6,863.6,43.1,4.1,2.8,0,194.22504208209244,33.312,33.25,2025-06-16 13:13:34
155.1,2.1,328.4,153.3,1.4,223.9,522.1,59.99,214.3,2.4,6.6,863.6,42.9,4.2,2.8,0,194.22504208209244,32.5,32.562,2025-06-16 13:14:29
155.9,2,328.4,154.4,1.4,224.0,522.0,59.97,214.2,2.3,6.6,863.6,42.9,4.2,2.8,0,194.22504208209244,32.562,32.562,2025-06-16 13:14:36
158.1,2.1,318.8,153.3,1.4,225.2,514.2,59.98,214,2.4,6.6,863.6,42.7,4.2,2.8,0,194.22504208209244,32.062,32.062,2025-06-16 13:15:31
155.2,2.1,334.5,151.4,1.4,225.0,529.2,59.98,214,2.4,6.6,863.6,42.7,4.2,2.8,0,194.22504208209244,31.875,31.875,2025-06-16 13:15:39
154.8,2.2,342.0,153.6,1.4,224.4,536.6,60.02,214,2.5,6.6,863.6,42.5,4.2,2.8,0,194.22504208209244,31.187,31.187,2025-06-16 13:16:34
158.5,2.1,336.5,153.2,1.4,227.2,528.2,60,214.1,2.4,6.6,863.6,42.5,4.2,2.8,0,194.22504208209244,31.187,31.187,2025-06-16 13:16:41
152.5,2.3,351.1,156.2,1.4,226.0,545.9,59.98,214.3,2.5,6.6,863.6,42.3,4.2,2.8,0,194.22504208209244,31.187,31.062,2025-06-16 13:17:36
155.1,2.3,348.3,150.3,1.5,226.1,541.1,59.99,214.2,2.6,6.6,863.6,42.3,4.2,2.8,0,194.22504208209244,31.0,31.0,2025-06-16 13:17:43
154.7,2.3,355.3,155.5,1.4,229.3,552.6,59.97,214.1,2.6,6.6,863.6,42.1,4.2,2.8,0,233.07005049851097,30.562,30.562,2025-06-16 13:18:39
155.1,2.3,360.3,150.4,1.5,226.9,553.1,59.99,214.1,2.5,6.6,863.6,42.1,4.2,2.8,0,233.07005049851097,30.562,30.562,2025-06-16 13:18:46
155.1,2.3,362.4,155.3,1.4,226.5,556.6,60.04,214.1,2.6,6.6,863.6,41.9,4.2,2.8,0,233.07005049851097,30.75,30.75,2025-06-16 13:19:41
152.1,2.3,359.3,150.2,1.5,225.1,547.0,60.04,214.3,2.5,6.6,863.6,41.9,4.2,2.8,0,233.07005049851097,30.75,30.812,2025-06-16 13:19:48
156.8,2.2,360.7,152.4,1.4,222.4,546.4,59.98,213.8,2.6,6.7,863.7,41.7,4.2,2.8,0,233.07005049851097,30.937,30.937,2025-06-16 13:20:44
155.3,2.3,360.6,153.5,1.4,222.3,549.9,59.98,213.9,2.5,6.7,863.7,41.7,4.2,2.8,0,233.07005049851097,30.937,30.875,2025-06-16 13:20:51
155.1,2.3,356.2,150.2,1.4,215.5,539.7,59.98,213.8,2.5,6.7,863.7,41.6,4.2,2.9,0,233.07005049851097,30.625,30.625,2025-06-16 13:21:46
155.7,2.2,356.7,155.1,1.4,216.8,542.8,59.98,213.8,2.5,6.7,863.7,41.6,4.2,2.9,0,233.07005049851097,30.625,30.625,2025-06-16 13:21:53
158.2,2.2,352.0,156.2,1.4,214.4,535.1,60.04,213.8,2.4,6.7,863.7,41.4,4.2,2.9,0,233.07005049851097,30.312,30.375,2025-06-16 13:22:48
155.1,2.3,353.6,151.1,1.4,212.0,534.3,60.05,213.7,2.5,6.7,863.7,41.3,4.2,2.9,0,233.07005049851097,30.312,30.312,2025-06-16 13:22:56
154.1,2.2,349.3,156.2,1.4,211.7,530.3,60.02,213.8,2.5,6.7,863.7,41.2,4.2,2.9,0,233.07005049851097,30.125,30.187,2025-06-16 13:23:51
155.3,2.1,350.2,150.7,1.4,209.4,528.9,60.01,213.9,2.4,6.7,863.7,41.2,4.2,2.9,0,233.07005049851097,30.125,30.125,2025-06-16 13:23:58
158.1,2.2,345.1,156.2,1.3,209.7,525.6,59.99,213.7,2.4,6.7,863.7,41,4.2,2.9,0,233.07005049851097,30.0,30.0,2025-06-16 13:24:53
155,2.2,346.5,156.4,1.3,208.8,525.8,59.98,214,2.4,6.7,863.7,40.9,4.2,2.9,0,233.07005049851097,30.0,30.062,2025-06-16 13:25:01
151.9,2.2,338.2,151.2,1.3,207.0,516.2,59.96,213.9,2.4,6.7,863.7,40.8,4.2,2.9,0,194.22504208209244,30.25,30.25,2025-06-16 13:25:56
154.8,2.2,340.7,156.3,1.3,206.9,519.0,59.99,213.9,2.4,6.7,863.7,40.8,4.2,2.9,0,194.22504208209244,30.375,30.375,2025-06-16 13:26:03
158,2.1,338.5,154.3,1.3,205.7,516.1,60.04,214,2.3,6.7,863.7,40.6,4.2,2.9,0,194.22504208209244,30.25,30.25,2025-06-16 13:26:58
155.3,2.2,336.8,155.9,1.3,198.4,508.0,60.02,214,2.4,6.7,863.7,40.6,4.2,2.9,0,194.22504208209244,30.187,30.25,2025-06-16 13:27:06
155.1,2.2,337.1,156.2,1.3,204.9,514.5,59.97,213.9,2.4,6.7,863.7,40.4,4.2,2.9,0,194.22504208209244,30.437,30.437,2025-06-16 13:28:01
157.7,2.1,335.0,153.6,1.3,204.4,511.8,59.99,213.8,2.3,6.7,863.7,40.4,4.2,2.9,0,194.22504208209244,30.5,30.5,2025-06-16 13:28:08
153.6,2.1,328.1,158.4,1.2,191.6,495.2,60.03,213.9,2.3,6.7,863.7,40.3,4.2,2.9,0,194.22504208209244,30.5,30.5,2025-06-16 13:29:03
155.6,2.1,331.9,155.9,1.3,203.0,507.5,60.04,213.9,2.3,6.7,863.7,40.2,4.2,2.9,0,194.22504208209244,30.437,30.5,2025-06-16 13:29:11
156.5,2.1,327.8,153.3,1.3,200.8,501.8,60.04,214.1,2.3,6.7,863.7,40.1,4.2,2.9,0,194.22504208209244,30.562,30.562,2025-06-16 13:30:06
153,2.1,323.3,158.8,1.2,189.0,487.9,60.03,214,2.4,6.7,863.7,40.1,4.2,2.9,0,194.22504208209244,30.625,30.687,2025-06-16 13:30:13
155,2.1,327.8,156.3,1.3,201.5,500.7,60.03,214.2,2.3,6.7,863.7,40,4.2,2.9,0,194.22504208209244,30.937,30.937,2025-06-16 13:31:08
155.6,2.1,327.7,155.6,1.3,202.1,502.0,60.03,214,2.3,6.7,863.7,40,4.2,2.9,0,194.22504208209244,31.0,31.0,2025-06-16 13:31:15
155,2.1,328.7,159.9,1.2,189.8,494.1,59.99,213.7,2.4,6.8,863.8,39.8,4.3,2.9,0,194.22504208209244,31.25,31.312,2025-06-16 13:32:11
158.2,2.1,328.7,153.6,1.3,200.4,502.0,59.98,213.7,2.3,6.8,863.8,39.8,4.3,2.9,0,194.22504208209244,31.312,31.312,2025-06-16 13:32:18
158.1,1.9,331.6,156.2,1.3,203.6,507.4,59.96,213.9,2.2,6.8,863.8,39.7,4.3,2.9,0,194.22504208209244,31.5,31.562,2025-06-16 13:33:13
155.3,2.1,330.2,156.2,1.2,201.0,504.6,60.01,214,2.3,6.8,863.8,39.7,4.3,2.9,0,194.22504208209244,31.562,31.562,2025-06-16 13:33:20
158.2,2.1,326.0,153.3,1.3,203.4,506.8,59.98,213.5,2.4,6.8,863.8,39.6,4.3,2.9,0,194.22504208209244,31.125,31.125,2025-06-16 13:34:15
158.1,2.1,331.7,156.3,1.3,205.8,509.2,59.97,213.5,2.3,6.8,863.8,39.5,4.3,2.9,0,194.22504208209244,31.0,31.0,2025-06-16 13:34:23
155.1,2.1,326.4,157,1.1,205.1,504.6,60,213.6,2.3,6.8,863.8,39.4,4.3,2.9,0,194.22504208209244,30.875,30.875,2025-06-16 13:35:18
158.7,2.1,314.3,153.3,1.3,202.6,488.8,59.97,213.7,2.3,6.8,863.8,39.4,4.3,2.9,0,194.22504208209244,30.812,30.812,2025-06-16 13:35:25
158,2,320.6,156.3,1.3,201.2,494.3,60,213.9,2.3,6.8,863.8,39.4,4.3,2.9,0,194.22504208209244,30.75,30.812,2025-06-16 13:36:20
155.4,2,319.0,156.3,1.3,201.7,493.1,60.02,213.8,2.3,6.8,863.8,39.4,4.3,2.9,0,194.22504208209244,30.812,30.812,2025-06-16 13:36:28
160.3,1.9,290.9,153.3,1.2,194.2,459.9,60.01,213.7,2.2,6.8,863.8,39.3,4.3,2.9,0,194.22504208209244,30.937,30.937,2025-06-16 13:37:23
157.5,1.9,305.2,156.9,1.2,188.9,475.6,60.02,213.7,2.2,6.8,863.8,39.3,4.3,2.9,0,194.22504208209244,30.937,30.937,2025-06-16 13:37:30
157.4,1.9,296.3,156.2,1.2,190.5,461.7,59.96,213.9,2.1,6.8,863.8,39.2,4.3,2.9,0,194.22504208209244,30.812,30.812,2025-06-16 13:38:25
161.3,1.7,279.0,153.3,1.2,188.6,445.2,60,214,2,6.8,863.8,39.2,4.3,2.9,0,194.22504208209244,30.75,30.75,2025-06-16 13:38:33
155.5,1.8,288.3,155.9,1.2,185.2,451.3,60.01,213.9,2.1,6.8,863.8,39.1,4.3,2.9,0,155.38003366567398,30.25,30.25,2025-06-16 13:39:28
158.1,1.8,288.8,156.2,1.2,187.7,454.2,60,214,2.1,6.8,863.8,39.1,4.3,2.9,0,155.38003366567398,30.187,30.187,2025-06-16 13:39:35
161.2,1.7,278.5,153,1.2,185.8,443.8,59.96,214.1,2,6.8,863.8,39,4.3,2.9,0,155.38003366567398,29.875,29.875,2025-06-16 13:40:30
155.1,1.8,285.1,159.3,1.2,179.2,443.0,60,214,2.1,6.8,863.8,39,4.3,2.9,0,155.38003366567398,29.875,29.875,2025-06-16 13:40:38
158.1,1.8,282.4,156.3,1.2,184.5,445.9,60.03,214.1,2,6.8,863.8,38.9,4.3,2.9,0,155.38003366567398,29.562,29.562,2025-06-16 13:41:33
158.1,1.5,283.4,156.2,1.2,186.1,447.0,60.04,213.8,2,6.8,863.8,38.9,4.3,2.9,0,155.38003366567398,29.562,29.562,2025-06-16 13:41:40
158.1,1.8,280.7,159,1.2,181.0,435.9,60,213.9,2,6.8,863.8,38.7,4.3,2.9,0,155.38003366567398,29.562,29.625,2025-06-16 13:42:35
158.1,1.8,279.4,155.5,1.1,182.4,439.2,60.01,214,2,6.8,863.8,38.7,4.3,2.9,0,155.38003366567398,29.562,29.625,2025-06-16 13:42:43
158.1,1.6,279.2,155,1.1,183.4,440.0,60.01,213.9,1.9,6.8,863.8,38.7,4.3,2.9,0,155.38003366567398,29.625,29.625,2025-06-16 13:43:38
155.1,1.8,277.3,158.2,1.1,180.9,437.2,60.01,213.8,2,6.8,863.8,38.7,4.3,2.9,0,155.38003366567398,29.625,29.625,2025-06-16 13:43:45
158,1.7,276.9,154.3,1.1,179.6,434.7,59.99,213.7,2,6.8,863.8,38.5,4.3,2.9,0,155.38003366567398,29.375,29.375,2025-06-16 13:44:40
158,1.7,277.4,156.2,1.1,181.3,437.9,60.02,213.8,2,6.8,863.8,38.5,4.3,2.9,0,155.38003366567398,29.375,29.312,2025-06-16 13:44:47
155.7,1.7,274.6,156.9,1.1,181.3,433.5,59.99,213.4,2,6.9,863.9,38.5,4.3,2.9,0,155.38003366567398,29.5,29.562,2025-06-16 13:45:43
158.4,1.7,275.8,153.3,1.1,179.5,433.7,60.02,213.4,2,6.9,863.9,38.5,4.3,2.9,0,155.38003366567398,29.625,29.625,2025-06-16 13:45:50
158.2,1.6,276.7,156.1,1.1,181.0,435.5,60.03,213.3,1.9,6.9,863.9,38.4,4.3,2.9,0,155.38003366567398,30.0,30.062,2025-06-16 13:46:45
155.2,1.7,274.3,156.3,1.1,181.1,433.3,60.05,213.7,2,6.9,863.9,38.4,4.3,2.9,0,155.38003366567398,30.062,30.062,2025-06-16 13:46:52
158.2,1.7,276.0,153.3,1.1,178.8,432.6,59.97,213.5,2,6.9,863.9,38.3,4.3,2.9,0,155.38003366567398,30.25,30.25,2025-06-16 13:47:47
155.2,1.7,274.3,156.1,1.1,180.1,431.4,59.97,213.4,2,6.9,863.9,38.3,4.3,2.9,0,155.38003366567398,30.25,30.25,2025-06-16 13:47:55
158.5,1.7,275.9,156.2,1.1,180.5,433.6,59.99,213.5,2,6.9,863.9,38.1,4.3,2.9,0,155.38003366567398,30.375,30.375,2025-06-16 13:48:50
158,1.8,277.3,153.3,1.1,178.4,433.4,60.01,213.7,2,6.9,863.9,38.1,4.3,2.9,0,155.38003366567398,30.25,30.25,2025-06-16 13:48:57
158.1,1.7,278.8,156.2,1.1,177.1,434.4,60.03,213.9,2,6.9,863.9,38.1,4.3,2.9,0,155.38003366567398,30.0,30.0,2025-06-16 13:49:52
155,1.7,275.9,156.2,1.1,180.2,434.1,60.03,213.9,2,6.9,863.9,38.1,4.3,2.9,0,155.38003366567398,30.0,30.0,2025-06-16 13:50:00
160.7,1.6,277.4,153.3,1.1,180.4,436.0,59.97,213.5,2,6.9,863.9,38,4.3,2.9,0,155.38003366567398,29.812,29.812,2025-06-16 13:50:55
158.2,1.8,280.5,159.3,1.1,175.9,436.3,59.95,213.7,2,6.9,863.9,38,4.3,2.9,0,155.38003366567398,29.812,29.812,2025-06-16 13:51:02
158,1.8,273.7,155.9,1.1,183.3,442.4,60.02,213.6,2.1,6.9,863.9,37.9,4.3,2.9,0,155.38003366567398,29.75,29.75,2025-06-16 13:51:57
159.3,1.6,284.3,154.2,1.2,183.0,444.5,60.02,213.5,2,6.9,863.9,37.9,4.4,2.9,0,155.38003366567398,29.75,29.812,2025-06-16 13:52:05
158.1,1.8,287.5,159.1,1.2,177.3,441.9,59.99,214.1,2,6.9,863.9,37.8,4.4,3.0,0,155.38003366567398,29.625,29.625,2025-06-16 13:53:00
159.9,1.8,273.3,155,1.1,182.8,434.7,60,214,2.1,6.9,863.9,37.8,4.4,3.0,0,155.38003366567398,29.562,29.562,2025-06-16 13:53:07
155.2,1.8,285.4,153.2,1.2,184.5,446.1,60,214.1,2,6.9,863.9,37.5,4.4,3.0,0,155.38003366567398,29.375,29.375,2025-06-16 13:54:02
158,1.8,289.4,157.8,1.2,180.3,446.1,60,213.9,2.1,6.9,863.9,37.5,4.4,3.0,0,155.38003366567398,29.375,29.375,2025-06-16 13:54:10
158,1.8,294.6,156.1,1.2,189.6,458.9,60.04,213.8,2.1,6.9,863.9,37.5,4.4,3.0,0,194.22504208209244,29.375,29.375,2025-06-16 13:55:05
156.6,1.9,295.4,154.8,1.2,187.8,454.2,60.03,214,2.1,6.9,863.9,37.5,4.4,3.0,0,155.38003366567398,29.375,29.375,2025-06-16 13:55:12
158.3,1.8,300.5,156.3,1.2,192.7,466.2,60.02,213.7,2.1,6.9,863.9,37.5,4.4,3.0,0,194.22504208209244,29.625,29.625,2025-06-16 13:56:07
158.1,1.9,302.0,156.3,1.2,193.3,468.6,60.01,213.7,2.2,6.9,863.9,37.5,4.4,3.0,0,194.22504208209244,29.687,29.687,2025-06-16 13:56:15
158.5,1.9,303.2,153.1,1.2,194.0,472.0,60.04,213.5,2.2,6.9,863.9,37.5,4.4,3.0,0,194.22504208209244,29.875,29.875,2025-06-16 13:57:10
158,1.9,308.5,156,1.2,193.6,477.8,60.02,213.6,2.2,6.9,863.9,37.5,4.4,3.0,0,194.22504208209244,29.937,29.937,2025-06-16 13:57:17
158.1,2,315.1,156.3,1.2,199.0,486.5,59.99,213.5,2.3,6.9,863.9,37.5,4.4,3.0,0,194.22504208209244,30.062,30.062,2025-06-16 13:58:12
161,2,311.8,153.2,1.3,197.6,482.4,60.01,213.5,2.2,7.0,864.0,37.6,4.4,3.0,0,194.22504208209244,30.062,30.062,2025-06-16 13:58:20
155.2,2,318.2,156.3,1.2,196.7,488.3,60,213.7,2.3,7.0,864.0,37.6,4.4,3.0,0,194.22504208209244,30.125,30.125,2025-06-16 13:59:15
157.9,2,318.0,156.3,1.2,199.2,491.5,59.99,213.7,2.3,7.0,864.0,37.6,4.4,3.0,0,194.22504208209244,30.125,30.125,2025-06-16 13:59:22
157.8,2,319.0,156,1.2,200.1,494.1,59.98,213.9,2.2,7.0,864.0,37.7,4.4,3.0,0,194.22504208209244,30.125,30.125,2025-06-16 14:00:17
158,2,322.1,157.7,1.2,199.9,494.5,60,213.9,2.2,7.0,864.0,37.7,4.4,3.0,0,194.22504208209244,30.125,30.125,2025-06-16 14:00:24
158,1.9,322.8,156.1,1.2,198.0,492.8,60.02,214,2.2,7.0,864.0,37.6,4.4,3.0,0,194.22504208209244,30.312,30.312,2025-06-16 14:01:20
156.8,2,318.6,157.5,1.2,197.8,488.5,60,213.9,2.3,7.0,864.0,37.6,4.4,3.0,0,194.22504208209244,30.312,30.312,2025-06-16 14:01:27
161,2,315.9,159.1,1.2,194.4,482.3,60.01,213.7,2.2,7.0,864.0,37.7,4.4,3.0,0,194.22504208209244,30.25,30.25,2025-06-16 14:02:22
158.2,2,321.2,153.4,1.2,194.3,488.3,60.03,213.8,2.2,7.0,864.0,37.7,4.4,3.0,0,194.22504208209244,30.25,30.187,2025-06-16 14:02:29
158,2,321.4,153.4,1.2,193.6,486.4,60.03,213.8,2.3,7.0,864.0,37.7,4.4,3.0,0,194.22504208209244,29.937,29.937,2025-06-16 14:03:24
159.1,1.9,321.2,158,1.2,194.2,484.2,60.02,213.8,2.2,7.0,864.0,37.7,4.4,3.0,0,194.22504208209244,29.937,30.0,2025-06-16 14:03:32
158,2,321.3,156.2,1.2,194.5,488.2,60.04,214,2.2,7.0,864.0,37.8,4.4,3.0,0,194.22504208209244,30.0,30.0,2025-06-16 14:04:27
160.1,2,319.9,156.2,1.2,194.7,486.1,60.03,213.9,2.2,7.0,864.0,37.8,4.4,3.0,0,194.22504208209244,30.0,30.062,2025-06-16 14:04:34
155.2,2,318.0,159,1.2,193.0,484.0,60.04,213.8,2.3,7.0,864.0,37.6,4.4,3.0,0,194.22504208209244,30.25,30.25,2025-06-16 14:05:29
158,2,320.6,153.2,1.2,191.9,485.5,60.04,214,2.2,7.0,864.0,37.6,4.4,3.0,0,194.22504208209244,30.187,30.187,2025-06-16 14:05:37
158.1,2,320.4,153.4,1.2,190.8,482.7,60,213.4,2.2,7.0,864.0,37.6,4.4,3.0,0,194.22504208209244,29.687,29.687,2025-06-16 14:06:32
155,2,315.8,159.3,1.2,192.2,480.8,60.01,213.3,2.2,7.0,864.0,37.6,4.4,3.0,0,194.22504208209244,29.687,29.687,2025-06-16 14:06:39
160.5,1.9,317.4,158.9,1.2,192.5,482.5,60.02,213.6,2.2,7.0,864.0,37.6,4.4,3.0,0,194.22504208209244,29.5,29.5,2025-06-16 14:07:34
158.3,2,318.3,155.9,1.2,191.8,482.9,60.02,213.7,2.2,7.0,864.0,37.6,4.4,3.0,0,194.22504208209244,29.5,29.5,2025-06-16 14:07:42
158.7,2,313.2,153.3,1.2,190.6,476.4,60.04,213.7,2.2,7.0,864.0,37.6,4.4,3.0,0,194.22504208209244,29.625,29.625,2025-06-16 14:08:37
158.1,1.9,317.5,162.2,1.2,176.7,469.9,60.03,213.3,2.2,7.0,864.0,37.6,4.4,3.0,0,194.22504208209244,29.625,29.625,2025-06-16 14:08:44
158.1,2,315.4,159.2,1.2,191.4,480.5,60.04,213.5,2.2,7.0,864.0,37.7,4.4,3.0,0,194.22504208209244,29.625,29.687,2025-06-16 14:09:39
159.6,2,307.6,156.2,1.2,192.9,474.2,60.03,213.5,2.2,7.0,864.0,37.7,4.4,3.0,0,194.22504208209244,29.687,29.75,2025-06-16 14:09:47
155,2,309.4,159.1,1.2,193.5,476.8,60.04,213.7,2.2,7.1,864.1,37.7,4.4,3.0,0,194.22504208209244,29.625,29.687,2025-06-16 14:10:42
158.1,2,314.3,160.9,1.2,179.2,470.8,60.04,213.6,2.2,7.1,864.1,37.7,4.4,3.0,0,194.22504208209244,29.687,29.625,2025-06-16 14:10:49
158.1,2,316.4,159.1,1.2,196.4,485.8,60.02,213.5,2.2,7.1,864.1,37.7,4.5,3.0,0,194.22504208209244,29.75,29.75,2025-06-16 14:11:44
156.5,2,317.4,153.3,1.2,196.0,485.0,60.03,213.5,2.2,7.1,864.1,37.7,4.5,3.0,0,194.22504208209244,29.75,29.812,2025-06-16 14:11:51
158.4,1.9,319.0,157.8,1.2,202.3,493.3,60.04,213.8,2.2,7.1,864.1,37.8,4.5,3.0,0,194.22504208209244,29.937,29.937,2025-06-16 14:12:47
156.5,2,314.2,154.8,1.3,201.6,490.1,60.05,213.7,2.2,7.1,864.1,37.8,4.5,3.0,0,194.22504208209244,29.875,29.875,2025-06-16 14:12:54
161,2,315.3,153.3,1.3,204.1,492.9,60.04,213.7,2.3,7.1,864.1,37.7,4.5,3.0,0,194.22504208209244,29.562,29.562,2025-06-16 14:13:49
158,2,322.7,159.1,1.2,205.9,499.2,60.05,213.7,2.3,7.1,864.1,37.7,4.5,3.0,0,194.22504208209244,29.562,29.562,2025-06-16 14:13:56
158.1,2.1,325.9,156.4,1.3,207.6,503.2,60.02,213.8,2.3,7.1,864.1,37.5,4.5,3.0,0,194.22504208209244,29.5,29.5,2025-06-16 14:14:52
161,2,320.3,156.2,1.3,209.1,499.9,60.03,213.9,2.3,7.1,864.1,37.5,4.5,3.0,0,194.22504208209244,29.5,29.5,2025-06-16 14:14:59
155.1,2.1,327.2,153.3,1.3,208.0,505.7,60,213.8,2.3,7.1,864.1,37.4,4.5,3.0,0,194.22504208209244,29.437,29.437,2025-06-16 14:15:54
157.9,2.1,328.5,157.5,1.3,211.5,511.5,59.99,214,2.4,7.1,864.1,37.4,4.5,3.0,0,194.22504208209244,29.437,29.437,2025-06-16 14:16:01
157.9,2.1,331.2,159.2,1.3,212.9,514.2,60.01,213.9,2.4,7.1,864.1,37.3,4.5,3.0,0,194.22504208209244,29.375,29.375,2025-06-16 14:16:56
158.1,2.1,334.9,156,1.3,213.0,517.4,60.01,214,2.3,7.1,864.1,37.3,4.5,3.0,0,194.22504208209244,29.437,29.437,2025-06-16 14:17:04
158.1,2.1,339.2,159.2,1.3,215.3,523.6,60.03,214,2.4,7.1,864.1,37.3,4.5,3.0,0,194.22504208209244,29.5,29.5,2025-06-16 14:17:59
155,2.1,337.1,159.2,1.2,215.4,519.5,60.01,213.9,2.3,7.1,864.1,37.3,4.5,3.0,0,194.22504208209244,29.5,29.562,2025-06-16 14:18:06
161,2.2,337.5,159.1,1.4,217.4,523.6,60.02,213.7,2.4,7.1,864.1,37.3,4.5,3.0,0,194.22504208209244,29.437,29.437,2025-06-16 14:19:01
158.2,2.2,342.7,157.6,1.3,217.5,528.6,60.02,213.8,2.4,7.1,864.1,37.3,4.5,3.0,0,194.22504208209244,29.437,29.5,2025-06-16 14:19:08
158.2,2.2,345.1,162.5,1.3,206.1,518.6,59.99,213.7,2.4,7.1,864.1,37.3,4.5,3.0,0,194.22504208209244,29.437,29.437,2025-06-16 14:20:04
159.1,2.1,346.0,157.5,1.3,219.0,532.8,60,213.9,2.4,7.1,864.1,37.3,4.5,3.0,0,194.22504208209244,29.437,29.437,2025-06-16 14:20:11
161,2.2,347.3,162.5,1.4,209.3,526.1,60.01,213.7,2.5,7.1,864.1,37.3,4.5,3.0,0,194.22504208209244,29.562,29.625,2025-06-16 14:21:06
157.6,2.2,351.9,157.2,1.4,222.8,541.1,59.98,213.5,2.5,7.1,864.1,37.3,4.5,3.0,0,233.07005049851097,29.625,29.625,2025-06-16 14:21:13
158,2.3,356.7,153.3,1.4,224.3,546.0,59.98,214,2.5,7.1,864.1,37.3,4.5,3.0,0,194.22504208209244,29.562,29.562,2025-06-16 14:22:09
161.2,2.2,352.7,158.1,1.4,227.9,547.4,59.99,213.9,2.5,7.1,864.1,37.3,4.5,3.0,0,233.07005049851097,29.562,29.562,2025-06-16 14:22:16
155.8,2.3,359.4,156.2,1.4,228.0,551.9,59.99,213.7,2.5,7.2,864.2,37.4,4.5,3.1,0,233.07005049851097,29.375,29.375,2025-06-16 14:23:11
161.3,2.2,357.6,161.9,1.4,221.5,546.6,59.99,213.7,2.6,7.2,864.2,37.4,4.5,3.1,0,233.07005049851097,29.312,29.312,2025-06-16 14:23:18
157.2,2.3,357.2,156.1,1.4,227.8,550.6,59.97,214,2.5,7.2,864.2,37.4,4.5,3.1,0,233.07005049851097,29.437,29.375,2025-06-16 14:24:14
158.3,2.3,360.0,159.3,1.4,220.7,547.8,59.96,213.9,2.5,7.2,864.2,37.4,4.5,3.1,0,233.07005049851097,29.375,29.375,2025-06-16 14:24:21
158,2.3,360.1,160.5,1.3,225.8,553.9,59.97,213.7,2.5,7.2,864.2,37.4,4.5,3.1,0,233.07005049851097,29.125,29.125,2025-06-16 14:25:16
154.8,2.3,357.3,156.2,1.4,228.7,551.5,59.97,213.8,2.6,7.2,864.2,37.4,4.5,3.1,0,233.07005049851097,29.125,29.125,2025-06-16 14:25:23
159.3,2.2,361.8,157.8,1.4,230.4,557.9,59.98,213.8,2.6,7.2,864.2,37.3,4.5,3.1,0,233.07005049851097,29.375,29.375,2025-06-16 14:26:19
158.2,2.3,359.6,159.2,1.4,230.5,555.6,59.96,213.8,2.6,7.2,864.2,37.3,4.5,3.1,0,233.07005049851097,29.375,29.375,2025-06-16 14:26:26
159.7,2.3,359.4,162.2,1.3,219.9,549.9,60.02,213.7,2.6,7.2,864.2,37.3,4.5,3.1,0,194.22504208209244,29.5,29.5,2025-06-16 14:27:21
158.1,2.3,363.8,156.3,1.5,231.4,561.0,60.03,213.9,2.6,7.2,864.2,37.3,4.5,3.1,0,233.07005049851097,29.5,29.562,2025-06-16 14:27:28
158.2,2.3,366.7,159.2,1.4,236.0,567.1,60.01,213.8,2.5,7.2,864.2,37.3,4.5,3.1,0,233.07005049851097,29.625,29.687,2025-06-16 14:28:24
160.4,2.2,362.9,156.2,1.5,235.3,563.3,60.02,213.9,2.6,7.2,864.2,37.3,4.5,3.1,0,233.07005049851097,29.625,29.625,2025-06-16 14:28:31
158.1,2.3,368.5,159.2,1.5,238.0,570.2,60.01,213.8,2.7,7.2,864.2,37.2,4.6,3.1,0,233.07005049851097,29.562,29.562,2025-06-16 14:29:26
158.1,2.3,369.5,159.2,1.5,239.2,572.5,60,213.8,2.6,7.2,864.2,37.2,4.6,3.1,0,233.07005049851097,29.5,29.5,2025-06-16 14:29:33
157.8,2.3,369.0,162.2,1.5,228.5,564.7,60.03,214,2.6,7.2,864.2,37.3,4.6,3.1,0,233.07005049851097,29.562,29.562,2025-06-16 14:30:28
158.1,2.3,370.5,156.2,1.5,237.5,573.0,60,213.8,2.7,7.2,864.2,37.3,4.6,3.1,0,233.07005049851097,29.562,29.625,2025-06-16 14:30:35
154.9,2.4,368.2,159.3,1.5,241.8,574.0,60.02,213.8,2.6,7.2,864.2,37.4,4.6,3.1,0,233.07005049851097,29.75,29.75,2025-06-16 14:31:31
160.9,2.3,370.0,159.3,1.4,242.9,577.4,60.04,213.9,2.6,7.2,864.2,37.4,4.6,3.1,0,233.07005049851097,29.75,29.812,2025-06-16 14:31:38
159.6,2.4,370.9,158,1.5,242.7,577.8,59.98,213.7,2.7,7.2,864.2,37.4,4.6,3.1,0,233.07005049851097,30.062,30.062,2025-06-16 14:32:33
158,2.4,373.2,159.3,1.5,244.0,582.0,59.98,213.8,2.7,7.2,864.2,37.4,4.6,3.1,0,233.07005049851097,30.125,30.125,2025-06-16 14:32:40
159.3,2.3,374.6,160.2,1.4,244.2,582.6,59.98,213.9,2.6,7.3,864.3,37.4,4.6,3.1,0,233.07005049851097,30.062,30.062,2025-06-16 14:33:36
155.6,2.4,373.2,156.2,1.5,242.4,578.3,59.98,213.8,2.6,7.3,864.3,37.4,4.6,3.1,0,233.07005049851097,30.0,30.0,2025-06-16 14:33:43
158,2.4,375.5,159.2,1.5,245.1,584.6,60,213.9,2.7,7.3,864.3,37.4,4.6,3.1,0,233.07005049851097,29.687,29.687,2025-06-16 14:34:38
160.2,2.3,375.5,159.2,1.5,245.4,584.9,60.02,213.8,2.7,7.3,864.3,37.4,4.6,3.1,0,233.07005049851097,29.625,29.625,2025-06-16 14:34:45
155.8,2.4,371.8,156.1,1.5,243.1,583.0,60.04,213.8,2.7,7.3,864.3,37.4,4.6,3.1,0,233.07005049851097,29.437,29.437,2025-06-16 14:35:41
158.9,2.4,375.7,160.2,1.5,233.0,573.7,60.03,214,2.7,7.3,864.3,37.3,4.6,3.1,0,233.07005049851097,29.375,29.375,2025-06-16 14:35:48
161.1,2.3,376.1,159.2,1.5,245.7,586.6,59.99,213.9,2.7,7.3,864.3,37.3,4.6,3.1,0,233.07005049851097,29.25,29.25,2025-06-16 14:36:43
156,2.4,376.6,157.2,1.5,243.3,578.9,59.98,213.9,2.7,7.3,864.3,37.3,4.6,3.1,0,233.07005049851097,29.25,29.25,2025-06-16 14:36:50
158.1,2.4,376.8,159.3,1.5,242.1,583.1,60.02,213.9,2.7,7.3,864.3,37.2,4.6,3.1,0,233.07005049851097,29.312,29.375,2025-06-16 14:37:46
158.1,2.3,376.4,159.2,1.5,244.3,585.4,60.02,214,2.7,7.3,864.3,37.2,4.6,3.1,0,233.07005049851097,29.312,29.312,2025-06-16 14:37:53
155.1,2.4,373.6,156.1,1.5,244.2,581.1,60,213.9,2.7,7.3,864.3,37,4.6,3.1,0,233.07005049851097,29.312,29.312,2025-06-16 14:38:48
161,2.4,374.9,162.1,1.5,234.0,573.1,59.95,214,2.7,7.3,864.3,36.9,4.6,3.1,0,233.07005049851097,29.312,29.312,2025-06-16 14:38:55
160.9,2.4,377.4,159.5,1.5,244.7,584.0,60.02,214.2,2.7,7.3,864.3,36.7,4.6,3.1,0,233.07005049851097,29.187,29.187,2025-06-16 14:39:51
158,2.4,375.2,159.2,1.5,243.8,583.1,60.01,214,2.7,7.3,864.3,36.7,4.6,3.1,0,233.07005049851097,29.125,29.125,2025-06-16 14:39:58
156.2,2.4,369.0,161.3,1.5,228.5,564.0,60.01,214,2.7,7.3,864.3,36.5,4.6,3.1,0,233.07005049851097,29.0,29.0,2025-06-16 14:40:53
159.5,2.3,376.5,156.3,1.5,240.9,581.5,60.02,214.1,2.7,7.3,864.3,36.5,4.6,3.1,0,233.07005049851097,28.937,28.937,2025-06-16 14:41:00
161.3,2.1,372.8,158.4,1.5,242.0,579.5,59.98,213.8,2.5,7.3,864.3,36.4,4.6,3.1,0,233.07005049851097,28.937,28.937,2025-06-16 14:41:56
158.1,2.3,372.6,160.9,1.4,239.6,577.0,59.97,213.8,2.6,7.3,864.3,36.4,4.6,3.1,0,233.07005049851097,28.937,28.937,2025-06-16 14:42:03
160.8,2.3,367.4,156.6,1.5,239.4,573.0,60.02,214.1,2.7,7.3,864.3,36.4,4.6,3.1,0,233.07005049851097,28.937,28.937,2025-06-16 14:42:58
161,2.3,371.5,159.2,1.5,241.9,577.5,60.01,214,2.7,7.3,864.3,36.3,4.6,3.1,0,233.07005049851097,28.937,28.937,2025-06-16 14:43:05
158.1,2.3,368.7,159.3,1.4,240.3,566.0,59.99,213.7,2.6,7.4,864.4,36.3,4.6,3.1,0,233.07005049851097,29.062,29.062,2025-06-16 14:44:01
163.2,2.3,346.5,156.2,1.5,238.0,551.7,60.01,213.9,2.6,7.4,864.4,36.3,4.6,3.1,0,233.07005049851097,29.062,29.062,2025-06-16 14:44:07
158,2.3,367.3,159.2,1.5,239.4,571.7,59.99,214,2.7,7.4,864.4,36.1,4.7,3.1,0,233.07005049851097,28.875,28.875,2025-06-16 14:45:03
161.1,2.3,367.5,159.3,1.5,239.8,572.7,59.97,214.1,2.6,7.4,864.4,36.1,4.7,3.1,0,233.07005049851097,28.875,28.875,2025-06-16 14:45:10
160.9,2.3,369.3,159.3,1.5,239.6,574.1,59.98,214,2.6,7.4,864.4,36,4.7,3.1,0,233.07005049851097,29.0,29.0,2025-06-16 14:46:05
161.2,2.3,370.3,156.4,1.5,238.0,573.8,59.98,213.9,2.7,7.4,864.4,35.9,4.7,3.1,0,233.07005049851097,29.0,29.0,2025-06-16 14:46:12
163.2,2.1,369.1,159.6,1.5,235.2,570.8,59.99,214.1,2.6,7.4,864.4,35.9,4.7,3.1,0,233.07005049851097,29.062,29.062,2025-06-16 14:47:08
158.1,2.3,371.9,159.1,1.5,243.3,579.1,60.01,214.1,2.6,7.4,864.4,35.8,4.7,3.1,0,233.07005049851097,29.062,29.062,2025-06-16 14:47:15
161,2.4,376.2,156.2,1.5,242.4,583.3,59.98,214.1,2.7,7.4,864.4,35.7,4.7,3.2,0,233.07005049851097,29.0,29.0,2025-06-16 14:48:10
161,2.2,377.2,159.2,1.5,242.0,584.2,59.97,214.2,2.7,7.4,864.4,35.7,4.7,3.2,0,233.07005049851097,29.0,29.062,2025-06-16 14:48:17
160.3,2.4,381.2,159.5,1.4,250.0,594.8,60.03,214,2.7,7.4,864.4,35.8,4.7,3.2,0,233.07005049851097,29.125,29.125,2025-06-16 14:49:13
161,2.4,382.2,156,1.6,248.6,595.2,60.02,214,2.8,7.4,864.4,35.8,4.7,3.2,0,233.07005049851097,29.125,29.125,2025-06-16 14:49:20
160.6,2.4,387.5,158.8,1.6,258.7,609.0,60.02,214,2.8,7.4,864.4,35.9,4.7,3.2,0,233.07005049851097,29.25,29.25,2025-06-16 14:50:15
161,2.3,388.9,160.9,1.6,245.6,597.4,60.02,214,2.8,7.4,864.4,35.9,4.7,3.2,0,233.07005049851097,29.25,29.312,2025-06-16 14:50:22
160.9,2.4,392.0,159.1,1.6,264.7,619.0,60.01,214.3,2.9,7.4,864.4,35.9,4.7,3.2,0,233.07005049851097,29.437,29.437,2025-06-16 14:51:18
161.8,2.3,394.5,157.9,1.7,266.9,622.6,60.02,214.4,2.8,7.4,864.4,35.9,4.7,3.2,0,233.07005049851097,29.437,29.437,2025-06-16 14:51:25
160.9,2.5,398.4,162.1,1.7,259.3,620.0,59.97,214.3,2.9,7.4,864.4,35.9,4.7,3.2,0,271.91505891492943,29.25,29.25,2025-06-16 14:52:20
161.7,2.3,401.3,157,1.7,273.6,634.6,59.97,214.2,2.9,7.4,864.4,35.9,4.7,3.2,0,271.91505891492943,29.25,29.25,2025-06-16 14:52:27
161,2.5,406.4,159.2,1.8,283.7,646.9,60.02,214.1,2.9,7.4,864.4,35.9,4.7,3.2,0,271.91505891492943,29.25,29.25,2025-06-16 14:53:23
163.5,2.5,387.7,159.6,1.6,286.0,634.9,60.01,214,3,7.5,864.5,35.9,4.7,3.2,0,271.91505891492943,29.25,29.25,2025-06-16 14:53:30
158.1,2.6,409.4,159.2,1.8,294.4,662.1,59.98,214,3.1,7.5,864.5,35.8,4.7,3.2,0,271.91505891492943,29.312,29.312,2025-06-16 14:54:25
161,2.6,414.4,159.2,1.8,296.0,668.4,59.99,214.1,3.1,7.5,864.5,35.8,4.7,3.2,0,271.91505891492943,29.312,29.375,2025-06-16 14:54:32
161,2.7,429.8,160.2,2,303.3,688.6,59.98,214,3.3,7.5,864.5,35.9,4.7,3.2,0,271.91505891492943,29.437,29.437,2025-06-16 14:55:28
157.8,2.7,426.9,156,2,318.8,701.5,59.98,214.1,3.3,7.5,864.5,35.9,4.7,3.2,0,310.76006733134795,29.437,29.437,2025-06-16 14:55:35
162.7,2.5,433.3,159.2,2,323.6,712.2,60.04,214.3,3.2,7.5,864.5,35.9,4.7,3.2,0,310.76006733134795,29.5,29.5,2025-06-16 14:56:30
161,2.7,430.1,156.3,2.1,321.6,707.4,60.04,214.1,3.3,7.5,864.5,35.9,4.7,3.2,0,310.76006733134795,29.5,29.5,2025-06-16 14:56:37
162.4,2.7,415.3,157.4,2.1,325.2,695.3,60.01,213.9,3.3,7.5,864.5,35.9,4.7,3.2,0,310.76006733134795,29.437,29.437,2025-06-16 14:57:32
161,2.6,434.5,159.2,1.9,327.7,715.6,60,214,3.2,7.5,864.5,35.9,4.7,3.2,0,310.76006733134795,29.437,29.437,2025-06-16 14:57:40
161,2.7,438.8,156.2,2.1,335.4,727.4,59.98,214,3.3,7.5,864.5,36,4.7,3.2,0,310.76006733134795,29.437,29.437,2025-06-16 14:58:35
163.4,2.6,430.6,156.6,2.1,335.0,706.3,59.97,214,3.3,7.5,864.5,36,4.7,3.2,0,310.76006733134795,29.437,29.437,2025-06-16 14:58:42
158.1,2.6,416.5,156.2,2,315.1,685.8,60.02,214,3.1,7.5,864.5,36,4.7,3.2,0,271.91505891492943,29.562,29.562,2025-06-16 14:59:37
161,2.6,418.4,157,1.9,313.2,687.3,60.01,213.9,3.1,7.5,864.5,36,4.7,3.2,0,271.91505891492943,29.625,29.562,2025-06-16 14:59:44
161.1,2.5,409.7,156.1,1.9,306.3,673.5,60,214.1,3.1,7.5,864.5,36.1,4.8,3.2,0,271.91505891492943,29.812,29.875,2025-06-16 15:00:40
160.4,2.6,408.4,156.1,1.9,302.8,668.4,60,214,3.1,7.5,864.5,36.1,4.8,3.2,0,271.91505891492943,29.812,29.812,2025-06-16 15:00:47
158.1,2.5,404.5,159.2,1.9,302.0,664.3,60.02,214.4,3.1,7.5,864.5,36,4.8,3.2,0,271.91505891492943,29.875,29.875,2025-06-16 15:01:42
160.9,2.5,407.5,153.7,1.9,303.9,669.4,60.01,214.4,3.1,7.5,864.5,36,4.8,3.2,0,271.91505891492943,29.875,29.875,2025-06-16 15:01:49
160.9,2.6,413.3,156.2,2,315.6,683.6,59.99,214.1,3.1,7.6,864.6,36.1,4.8,3.2,0,271.91505891492943,29.75,29.812,2025-06-16 15:02:45
163.9,2.6,393.1,159.1,2,315.4,671.6,59.99,214.4,3.2,7.6,864.6,36.1,4.8,3.2,0,271.91505891492943,29.812,29.75,2025-06-16 15:02:52
159,2.5,406.5,157.3,2,312.0,675.4,59.99,214.4,3.1,7.6,864.6,36.2,4.8,3.2,0,271.91505891492943,29.687,29.687,2025-06-16 15:03:47
163.7,2.3,398.3,156.1,2,315.8,670.9,59.98,214.3,3.1,7.6,864.6,36.2,4.8,3.2,0,271.91505891492943,29.687,29.687,2025-06-16 15:03:54
162.9,2.5,385.9,156.2,2,316.5,661.0,59.96,214.3,3.1,7.6,864.6,36.2,4.8,3.2,0,271.91505891492943,29.687,29.687,2025-06-16 15:04:50
161,2.5,403.5,153.2,2,314.0,674.8,60.01,214.4,3.1,7.6,864.6,36.2,4.8,3.2,0,271.91505891492943,29.687,29.687,2025-06-16 15:04:57
161,2.5,408.2,156.1,2,322.8,686.6,60.02,214,3.2,7.6,864.6,36.1,4.8,3.2,0,271.91505891492943,29.625,29.625,2025-06-16 15:05:52
158.3,2.6,406.9,156.2,2.1,324.2,687.1,60.01,214.1,3.2,7.6,864.6,36.1,4.8,3.2,0,271.91505891492943,29.625,29.625,2025-06-16 15:05:59
162,2.4,412.2,154.6,2.1,325.0,677.0,60.04,214.1,3.2,7.6,864.6,36.1,4.8,3.2,0,271.91505891492943,29.625,29.625,2025-06-16 15:06:55
160.6,2.6,408.6,156.8,2.1,327.3,695.2,60.03,214.2,3.2,7.6,864.6,36.1,4.8,3.2,0,271.91505891492943,29.625,29.562,2025-06-16 15:07:02
160.9,2.5,397.5,156.2,2,318.4,671.2,60,214.3,3.1,7.6,864.6,36.1,4.8,3.3,0,271.91505891492943,29.437,29.5,2025-06-16 15:07:57
161.3,2.5,403.2,156.2,2,320.3,678.9,60.04,214.1,3.1,7.6,864.6,36.1,4.8,3.3,0,271.91505891492943,29.437,29.437,2025-06-16 15:08:04
163.9,2.3,378.6,153.2,1.9,304.0,643.3,59.96,214.1,3.1,7.6,864.6,36,4.8,3.3,0,271.91505891492943,29.5,29.5,2025-06-16 15:09:00
158.3,2.4,388.7,156.1,1.9,304.7,651.8,59.99,214.4,3,7.6,864.6,36,4.8,3.3,0,233.07005049851097,29.437,29.437,2025-06-16 15:09:07
161,2.4,387.5,159.2,1.9,300.1,647.3,60,214.3,3,7.6,864.6,36,4.8,3.3,0,233.07005049851097,29.437,29.437,2025-06-16 15:10:02
161,2.2,387.4,153.5,1.9,297.8,644.0,60.01,214.3,2.9,7.6,864.6,36,4.8,3.3,0,271.91505891492943,29.375,29.437,2025-06-16 15:10:09
163.9,2.4,378.7,153.1,2,304.8,635.8,59.97,214.2,3,7.6,864.6,35.9,4.8,3.3,0,271.91505891492943,29.437,29.437,2025-06-16 15:11:04
161,2.4,390.0,156.2,1.9,309.0,656.8,59.97,214.4,3.1,7.7,864.7,35.9,4.8,3.3,0,233.07005049851097,29.437,29.437,2025-06-16 15:11:12
161,2.5,402.8,157.8,2.1,325.0,683.8,60.04,214.4,3.1,7.7,864.7,35.9,4.8,3.3,0,271.91505891492943,29.5,29.5,2025-06-16 15:12:07
161,2.5,401.0,156.3,2.1,329.2,685.8,60.02,214.1,3.2,7.7,864.7,35.9,4.8,3.3,0,271.91505891492943,29.562,29.562,2025-06-16 15:12:14
162,2.3,405.5,154.7,2.1,330.7,691.3,60.03,214.2,3.1,7.7,864.7,36,4.8,3.3,0,271.91505891492943,29.625,29.625,2025-06-16 15:13:09
160.8,2.5,403.8,156.2,2.2,338.4,698.0,60.02,214.3,3.3,7.7,864.7,36.1,4.8,3.3,0,271.91505891492943,29.625,29.625,2025-06-16 15:13:16
163.3,2.4,373.5,156.2,2,320.6,654.1,60,214.3,3.1,7.7,864.7,36.1,4.8,3.3,0,271.91505891492943,29.625,29.687,2025-06-16 15:14:12
160.9,2.4,395.2,153.7,2,319.1,671.9,59.98,214.5,3.1,7.7,864.7,36.1,4.8,3.3,0,271.91505891492943,29.625,29.687,2025-06-16 15:14:19
161.5,2.1,380.9,157,1.8,299.2,624.0,60.01,214.2,2.8,7.7,864.7,36.1,4.9,3.3,0,233.07005049851097,29.812,29.812,2025-06-16 15:15:14
158.2,2.4,377.8,155.6,1.9,294.0,630.6,60.02,214.2,2.9,7.7,864.7,36.1,4.9,3.3,0,233.07005049851097,29.812,29.812,2025-06-16 15:15:21
161,2.3,377.2,156.1,1.9,295.3,632.1,59.97,214.4,2.9,7.7,864.7,36.2,4.9,3.3,0,233.07005049851097,29.687,29.687,2025-06-16 15:16:17
161,2.3,378.0,156.3,1.9,296.9,633.9,59.98,214.2,2.9,7.7,864.7,36.2,4.9,3.3,0,233.07005049851097,29.687,29.625,2025-06-16 15:16:24
158.1,2.5,394.9,156.2,2.1,331.9,682.6,59.98,214.2,3.2,7.7,864.7,36.2,4.9,3.3,0,271.91505891492943,29.562,29.562,2025-06-16 15:17:19
161.1,2.5,399.9,156.4,2.2,343.6,701.4,59.98,214.4,3.3,7.7,864.7,36.2,4.9,3.3,0,271.91505891492943,29.562,29.562,2025-06-16 15:17:26
161.2,2.5,395.5,157.7,2.1,325.5,676.7,59.99,214.2,3.2,7.7,864.7,36.3,4.9,3.3,0,271.91505891492943,29.875,29.875,2025-06-16 15:18:22
161,2.5,394.9,157.8,1.9,328.3,679.4,59.99,214.4,3.1,7.7,864.7,36.4,4.9,3.3,0,271.91505891492943,29.875,29.875,2025-06-16 15:18:29
161.1,2.4,390.8,157.7,1.9,327.4,675.1,59.99,214.3,3.1,7.7,864.7,36.3,4.9,3.3,0,271.91505891492943,30.062,30.062,2025-06-16 15:19:24
161,2.4,389.2,154.8,2,319.1,664.1,60.02,214.1,3.1,7.7,864.7,36.4,4.9,3.3,0,233.07005049851097,30.062,30.0,2025-06-16 15:19:31
161.4,2.3,373.8,157,1.9,303.6,636.2,59.99,214.3,2.9,7.8,864.8,36.3,4.9,3.3,0,233.07005049851097,29.812,29.875,2025-06-16 15:20:27
161.1,2.3,375.7,157.7,1.8,302.4,639.2,59.98,214.2,2.9,7.8,864.8,36.3,4.9,3.3,0,233.07005049851097,29.875,29.875,2025-06-16 15:20:34
158.1,2.4,372.0,155.1,1.9,298.2,629.5,59.99,213.9,2.9,7.8,864.8,36.2,4.9,3.3,0,233.07005049851097,29.625,29.625,2025-06-16 15:21:29
162.9,2.3,349.2,157.7,1.9,299.8,610.5,60.02,214.1,2.9,7.8,864.8,36.2,4.9,3.3,0,233.07005049851097,29.562,29.562,2025-06-16 15:21:36
161,2.3,367.8,157.9,1.7,294.6,622.5,59.99,214.2,2.9,7.8,864.8,36.1,4.9,3.3,0,233.07005049851097,29.5,29.5,2025-06-16 15:22:32
159.1,2.3,368.0,154.8,1.9,292.1,620.2,60,214.4,2.9,7.8,864.8,36.1,4.9,3.3,0,233.07005049851097,29.5,29.5,2025-06-16 15:22:39
164.1,2.2,343.6,157.8,1.8,290.9,597.1,60.04,214.4,2.9,7.8,864.8,36,4.9,3.3,0,233.07005049851097,29.437,29.5,2025-06-16 15:23:34
159.5,2.2,363.6,157.7,1.8,291.2,616.0,60.03,214.3,2.8,7.8,864.8,36,4.9,3.3,0,233.07005049851097,29.5,29.5,2025-06-16 15:23:41
160.8,2.3,362.6,154.7,1.8,288.1,610.5,60.02,214.5,2.8,7.8,864.8,36.1,4.9,3.3,0,233.07005049851097,29.562,29.562,2025-06-16 15:24:36
161.3,2.1,362.1,159.4,1.8,284.8,593.3,60,214.5,2.8,7.8,864.8,36.1,4.9,3.3,0,233.07005049851097,29.562,29.562,2025-06-16 15:24:44
161,2.2,359.3,157.7,1.8,288.2,609.6,59.97,214.4,2.8,7.8,864.8,36,4.9,3.3,0,233.07005049851097,29.625,29.625,2025-06-16 15:25:39
161.1,2.2,360.2,154.8,1.8,287.1,608.1,59.97,214.6,2.8,7.8,864.8,36,4.9,3.3,0,233.07005049851097,29.625,29.625,2025-06-16 15:25:46
161.1,2.2,357.3,157.7,1.8,288.3,607.0,60.02,214.5,2.8,7.8,864.8,36,4.9,3.3,0,233.07005049851097,29.562,29.625,2025-06-16 15:26:41
160.9,2.2,358.6,157.7,1.8,288.4,608.7,59.99,214.3,2.7,7.8,864.8,36,4.9,3.3,0,233.07005049851097,29.625,29.562,2025-06-16 15:26:48
160.9,2.2,355.8,154.8,1.8,284.6,601.4,59.99,214.4,2.7,7.8,864.8,35.9,4.9,3.4,0,233.07005049851097,29.562,29.562,2025-06-16 15:27:44
157.8,2.2,354.2,157.6,1.8,280.7,598.2,59.98,214.3,2.8,7.8,864.8,36,4.9,3.4,0,233.07005049851097,29.562,29.562,2025-06-16 15:27:51
161,2.2,354.5,157.7,1.7,287.5,604.5,60.02,214,2.8,7.8,864.8,36,4.9,3.4,0,233.07005049851097,29.562,29.562,2025-06-16 15:28:46
161,2,354.8,154.6,1.8,285.3,598.4,59.99,214.1,2.7,7.8,864.8,36,4.9,3.4,0,233.07005049851097,29.562,29.562,2025-06-16 15:28:53
158,2.2,352.7,157.9,1.8,286.9,601.6,60.01,213.9,2.7,7.8,864.8,36,4.9,3.4,0,233.07005049851097,29.75,29.75,2025-06-16 15:29:49
161,2.2,354.2,157.6,1.8,289.1,605.2,60.01,214,2.8,7.8,864.8,36,4.9,3.4,0,233.07005049851097,29.75,29.75,2025-06-16 15:29:56
158.2,2.2,348.2,157.7,1.8,286.6,599.2,60.02,213.8,2.8,7.9,864.9,36,4.9,3.4,0,233.07005049851097,29.812,29.875,2025-06-16 15:30:51
162.9,2.2,331.3,155.9,1.8,286.9,582.1,60.01,213.9,2.8,7.9,864.9,36,4.9,3.4,0,233.07005049851097,29.875,29.812,2025-06-16 15:30:58
161,2.1,347.3,154.8,1.8,280.7,590.7,60.01,213.8,2.7,7.9,864.9,36,5.0,3.4,0,233.07005049851097,29.875,29.875,2025-06-16 15:31:54
159.7,2.2,348.9,160,1.8,270.5,583.9,60.02,213.9,2.7,7.9,864.9,36,5.0,3.4,0,233.07005049851097,29.937,29.937,2025-06-16 15:32:01
164,2.1,326.6,157.6,1.8,281.8,574.7,59.98,214.1,2.7,7.9,864.9,36,5.0,3.4,0,233.07005049851097,29.875,29.875,2025-06-16 15:32:56
159.1,2.1,345.2,156.4,1.8,282.1,586.9,59.97,214.2,2.7,7.9,864.9,35.9,5.0,3.4,0,233.07005049851097,29.875,29.875,2025-06-16 15:33:03
164,2.1,322.3,154.9,1.8,277.6,568.0,60.03,214.1,2.7,7.9,864.9,35.9,5.0,3.4,0,233.07005049851097,29.75,29.75,2025-06-16 15:33:59
159,2.1,340.5,161.3,1.6,270.3,576.6,60.02,214.1,2.7,7.9,864.9,35.9,5.0,3.4,0,233.07005049851097,29.687,29.687,2025-06-16 15:34:06
162,2.1,323.7,158.4,1.7,266.6,555.9,59.99,214.4,2.7,7.9,864.9,35.8,5.0,3.4,0,233.07005049851097,29.812,29.75,2025-06-16 15:35:01
161.1,2.1,337.4,157.7,1.7,274.8,577.1,60,214.4,2.6,7.9,864.9,35.8,5.0,3.4,0,233.07005049851097,29.75,29.75,2025-06-16 15:35:08
158.8,2.1,335.3,156.8,1.7,271.0,570.4,59.97,214.4,2.7,7.9,864.9,35.8,5.0,3.4,0,194.22504208209244,29.812,29.812,2025-06-16 15:36:04
161.1,2.1,334.9,157.8,1.7,271.8,571.9,59.98,214.4,2.6,7.9,864.9,35.8,5.0,3.4,0,194.22504208209244,29.812,29.875,2025-06-16 15:36:11
158.1,2.1,332.4,157.8,1.7,271.8,569.1,60.04,214.3,2.7,7.9,864.9,35.7,5.0,3.4,0,233.07005049851097,29.812,29.812,2025-06-16 15:37:06
158,2.1,332.5,157.4,1.6,271.6,568.6,60.03,214.3,2.5,7.9,864.9,35.7,5.0,3.4,0,233.07005049851097,29.75,29.75,2025-06-16 15:37:13
161,2.1,330.6,154.9,1.7,268.8,564.2,60,214.4,2.6,7.9,864.9,35.7,5.0,3.4,0,194.22504208209244,29.625,29.687,2025-06-16 15:38:08
158.3,2.1,329.1,157.9,1.7,271.1,568.0,60.04,214.2,2.6,7.9,864.9,35.6,5.0,3.4,0,233.07005049851097,29.687,29.687,2025-06-16 15:38:16
158.1,2.1,328.6,157.5,1.7,270.7,565.4,60.04,214.3,2.5,7.9,864.9,35.7,5.0,3.4,0,233.07005049851097,29.875,29.875,2025-06-16 15:39:11
161,2,327.6,154.7,1.7,268.9,562.0,60.04,214.3,2.6,7.9,864.9,35.7,5.0,3.4,0,233.07005049851097,29.875,29.875,2025-06-16 15:39:18
158,2.1,326.2,157.2,1.7,268.4,563.9,59.99,214.3,2.6,7.9,864.9,35.7,5.0,3.4,0,194.22504208209244,30.0,30.062,2025-06-16 15:40:13
158,2.1,326.2,157.9,1.7,270.4,562.7,59.96,214.3,2.6,7.9,865.0,35.7,5.0,3.4,0,194.22504208209244,30.062,30.125,2025-06-16 15:40:20
161.1,2,324.4,155,1.7,271.9,561.7,59.97,214,2.6,8.0,865.0,35.8,5.0,3.4,0,194.22504208209244,30.062,30.125,2025-06-16 15:41:16
155.6,2,320.5,160.4,1.7,259.2,547.2,59.97,214,2.6,8.0,865.0,35.8,5.0,3.4,0,233.07005049851097,30.062,30.062,2025-06-16 15:41:23
158.2,2,321.3,154.7,1.7,267.2,554.4,60,214.2,2.5,8.0,865.0,35.9,5.0,3.4,0,194.22504208209244,30.187,30.187,2025-06-16 15:42:18
158.6,2,321.4,160.3,1.7,262.4,548.5,59.99,214,2.6,8.0,865.0,35.9,5.0,3.4,0,194.22504208209244,30.187,30.187,2025-06-16 15:42:25
157.4,2,315.7,157.7,1.6,264.9,548.6,60.01,214.1,2.5,8.0,865.0,35.9,5.0,3.4,0,194.22504208209244,30.0,30.0,2025-06-16 15:43:21
158.1,2,317.2,154.2,1.7,265.1,548.8,60.01,214,2.5,8.0,865.0,35.9,5.0,3.4,0,194.22504208209244,29.937,30.0,2025-06-16 15:43:28
160.1,1.9,315.7,153.9,1.7,266.0,548.1,60.01,214.2,2.5,8.0,865.0,35.9,5.0,3.4,0,194.22504208209244,29.875,29.937,2025-06-16 15:44:23
155.1,2,313.3,155.9,1.7,264.2,544.2,60,214.1,2.5,8.0,865.0,35.9,5.0,3.4,0,194.22504208209244,29.937,29.937,2025-06-16 15:44:30
159.2,2,311.3,156,1.7,265.7,543.6,60.01,214,2.5,8.0,865.0,35.9,5.0,3.4,0,194.22504208209244,30.0,30.0,2025-06-16 15:45:26
158.1,2,312.6,159,1.7,261.4,541.0,60.01,214.1,2.5,8.0,865.0,35.9,5.0,3.4,0,194.22504208209244,30.0,30.0,2025-06-16 15:45:33
156.3,2,309.2,157.6,1.6,264.8,533.8,60.03,214.2,2.5,8.0,865.0,35.9,5.0,3.4,0,194.22504208209244,29.937,29.937,2025-06-16 15:46:28
161,1.9,308.1,153.1,1.7,261.8,538.0,60.02,214.3,2.5,8.0,865.0,35.9,5.0,3.4,0,194.22504208209244,29.937,29.937,2025-06-16 15:46:35
158.1,1.9,306.5,156.2,1.6,263.0,536.8,60.02,214.3,2.4,8.0,865.0,35.9,5.0,3.4,0,194.22504208209244,30.0,30.0,2025-06-16 15:47:31
158.1,1.9,305.7,156.9,1.6,262.1,535.2,60.03,214.4,2.4,8.0,865.0,35.9,5.0,3.4,0,194.22504208209244,30.0,30.0,2025-06-16 15:47:38
161,1.9,300.6,156.2,1.6,260.6,528.5,60.03,214.2,2.4,8.0,865.0,35.7,5.0,3.4,0,194.22504208209244,29.937,29.937,2025-06-16 15:48:33
158.2,1.9,301.7,158.9,1.6,252.5,523.3,60.02,214.1,2.4,8.0,865.0,35.7,5.0,3.4,0,194.22504208209244,29.937,29.875,2025-06-16 15:48:40
158,1.9,298.6,153.4,1.6,252.4,519.1,60.02,214,2.4,8.0,865.0,35.7,5.0,3.5,0,194.22504208209244,30.062,30.062,2025-06-16 15:49:36
161,1.8,294.8,156.2,1.6,255.5,519.0,60.03,213.9,2.4,8.0,865.0,35.7,5.0,3.5,0,194.22504208209244,30.062,30.062,2025-06-16 15:49:43
158.1,1.8,292.8,156.2,1.5,245.4,507.8,59.97,214.2,2.3,8.0,865.0,35.7,5.1,3.5,0,194.22504208209244,30.0,29.937,2025-06-16 15:50:38
158,1.8,292.0,156.1,1.5,245.6,504.1,59.98,214.1,2.3,8.0,865.0,35.7,5.1,3.5,0,194.22504208209244,29.937,29.937,2025-06-16 15:50:45
161.2,1.7,284.2,158.3,1.4,237.7,490.6,59.99,214,2.2,8.1,865.1,35.6,5.1,3.5,0,194.22504208209244,29.75,29.812,2025-06-16 15:51:40
155.2,1.8,284.8,156.3,1.5,233.8,490.7,59.99,213.9,2.2,8.1,865.1,35.6,5.1,3.5,0,194.22504208209244,29.75,29.75,2025-06-16 15:51:48
158.8,1.8,277.4,156.2,1.5,232.3,481.7,59.99,213.7,2.2,8.1,865.1,35.6,5.1,3.5,0,155.38003366567398,29.75,29.812,2025-06-16 15:52:43
158,1.8,281.8,153.4,1.5,229.4,483.3,60.01,213.6,2.2,8.1,865.1,35.6,5.1,3.5,0,194.22504208209244,29.812,29.812,2025-06-16 15:52:50
159.2,1.8,273.7,157.9,1.4,229.4,476.2,60.04,213.8,2.1,8.1,865.1,35.7,5.1,3.5,0,155.38003366567398,30.0,30.0,2025-06-16 15:53:45
158.2,1.7,278.8,156.1,1.4,226.8,478.6,60.02,213.8,2.2,8.1,865.1,35.7,5.1,3.5,0,155.38003366567398,30.0,30.0,2025-06-16 15:53:53
158,1.7,276.2,156.1,1.4,227.4,475.9,60.02,213.9,2.2,8.1,865.1,35.7,5.1,3.5,0,155.38003366567398,30.0,30.0,2025-06-16 15:54:48
160.7,1.7,275.5,153.3,1.4,225.0,474.6,60.03,213.7,2.2,8.1,865.1,35.7,5.1,3.5,0,155.38003366567398,29.937,29.937,2025-06-16 15:54:55
158.4,1.7,272.4,156.2,1.4,223.0,468.0,60.03,213.9,2.2,8.1,865.1,35.5,5.1,3.5,0,155.38003366567398,29.75,29.75,2025-06-16 15:55:50
160.7,1.7,267.8,155.3,1.4,223.4,465.1,60.01,214,2.1,8.1,865.1,35.5,5.1,3.5,0,155.38003366567398,29.75,29.75,2025-06-16 15:55:57
158.1,1.7,269.4,156.2,1.4,220.3,463.7,60.03,213.7,2,8.1,865.1,35.6,5.1,3.5,0,155.38003366567398,29.687,29.75,2025-06-16 15:56:53
155.8,1.7,265.4,158.8,1.4,213.3,453.6,60.02,213.7,2.1,8.1,865.1,35.6,5.1,3.5,0,155.38003366567398,29.75,29.75,2025-06-16 15:57:00
158,1.6,266.6,156.3,1.4,215.6,456.5,60.03,213.8,2.1,8.1,865.1,35.5,5.1,3.5,0,155.38003366567398,29.562,29.562,2025-06-16 15:57:55
155.3,1.7,261.6,156.3,1.4,216.9,453.9,60.02,213.9,2.1,8.1,865.1,35.5,5.1,3.5,0,155.38003366567398,29.562,29.5,2025-06-16 15:58:02
161,1.6,260.4,156.2,1.3,212.6,448.1,60.04,214.3,2.1,8.1,865.1,35.5,5.1,3.5,0,155.38003366567398,29.5,29.5,2025-06-16 15:58:58
158.2,1.6,262.7,156.2,1.3,214.1,451.8,60.02,214.2,2.1,8.1,865.1,35.5,5.1,3.5,0,155.38003366567398,29.5,29.5,2025-06-16 15:59:05
157.9,1.6,260.0,157.9,1.2,211.3,447.8,60.02,214.1,2,8.1,865.1,35.5,5.1,3.5,0,155.38003366567398,29.5,29.5,2025-06-16 16:00:00
158.4,1.6,259.5,153.4,1.3,209.7,442.7,60,214.2,2,8.1,865.1,35.5,5.1,3.5,0,155.38003366567398,29.5,29.5,2025-06-16 16:00:07
156,1.6,256.2,155.4,1.3,206.8,438.4,60.02,213.9,2,8.1,865.1,35.6,5.1,3.5,0,155.38003366567398,29.625,29.625,2025-06-16 16:01:03
158.3,1.6,254.0,156.3,1.3,208.7,438.3,60,214.2,2,8.1,865.1,35.6,5.1,3.5,0,155.38003366567398,29.625,29.625,2025-06-16 16:01:10
156.8,1.6,251.1,154.5,1.3,206.7,433.3,59.99,213.9,2,8.1,865.1,35.5,5.1,3.5,0,155.38003366567398,29.562,29.562,2025-06-16 16:02:05
158.1,1.6,253.8,158.8,1.2,204.6,434.9,60.01,213.8,2,8.1,865.1,35.5,5.1,3.5,0,155.38003366567398,29.562,29.562,2025-06-16 16:02:12
158.3,1.6,251.2,158.4,1.2,197.2,425.1,59.96,214,2,8.1,865.1,35.5,5.1,3.5,0,155.38003366567398,29.562,29.562,2025-06-16 16:03:08
155.6,1.6,249.4,156.2,1.3,204.7,430.5,59.99,214,2,8.1,865.1,35.5,5.1,3.5,0,155.38003366567398,29.562,29.562,2025-06-16 16:03:15
158.1,1.6,248.2,156.1,1.2,199.5,425.9,59.99,213.9,1.9,8.1,865.1,35.5,5.1,3.5,0,155.38003366567398,29.562,29.562,2025-06-16 16:04:10
155.8,1.5,247.3,156.3,1.3,202.2,423.2,59.98,214,1.9,8.1,865.1,35.5,5.1,3.5,0,155.38003366567398,29.5,29.5,2025-06-16 16:04:17
161,1.5,242.4,156.1,1.2,200.5,420.5,60.02,213.9,1.9,8.2,865.2,35.4,5.1,3.5,0,155.38003366567398,29.375,29.375,2025-06-16 16:05:13
158.1,1.5,244.9,159,1.2,193.0,415.9,60,214,2,8.2,865.2,35.4,5.1,3.5,0,155.38003366567398,29.375,29.312,2025-06-16 16:05:20
158,1.5,241.8,156.1,1.2,198.2,417.0,60.04,214.1,1.9,8.2,865.2,35.5,5.1,3.5,0,155.38003366567398,29.312,29.375,2025-06-16 16:06:15
158.2,1.5,243.1,153.5,1.2,195.2,414.8,60.02,213.9,1.8,8.2,865.2,35.5,5.1,3.5,0,155.38003366567398,29.375,29.312,2025-06-16 16:06:22
158.1,1.5,239.5,156,1.2,193.3,410.3,59.98,213.8,1.9,8.2,865.2,35.5,5.1,3.5,0,155.38003366567398,29.375,29.375,2025-06-16 16:07:17
158.1,1.4,241.0,156.1,1.1,195.4,413.8,60,213.9,1.9,8.2,865.2,35.5,5.1,3.5,0,155.38003366567398,29.375,29.375,2025-06-16 16:07:24
158.2,1.5,236.6,156.3,1.2,193.0,409.2,60.01,213.9,1.9,8.2,865.2,35.5,5.1,3.5,0,155.38003366567398,29.375,29.312,2025-06-16 16:08:20
158,1.4,238.3,156.2,1.2,192.9,409.3,60.01,213.9,1.8,8.2,865.2,35.5,5.1,3.5,0,116.53502524925548,29.312,29.312,2025-06-16 16:08:27
156.5,1.5,235.7,154.7,1.2,190.8,404.2,59.98,213.6,1.8,8.2,865.2,35.6,5.1,3.5,0,155.38003366567398,29.25,29.25,2025-06-16 16:09:22
161,1.5,232.6,156.7,1.2,186.9,398.3,59.98,213.5,1.8,8.2,865.2,35.6,5.1,3.5,0,116.53502524925548,29.25,29.25,2025-06-16 16:09:29
158.2,1.5,232.8,158.1,1.2,181.0,394.7,59.98,213.8,1.8,8.2,865.2,35.5,5.1,3.5,0,116.53502524925548,29.25,29.312,2025-06-16 16:10:25
158.1,1.4,232.9,155.7,1.2,186.0,398.2,59.99,213.9,1.8,8.2,865.2,35.5,5.1,3.5,0,116.53502524925548,29.25,29.312,2025-06-16 16:10:32
158.8,1.4,230.8,155.4,1.2,186.9,396.7,59.98,214.2,1.8,8.2,865.2,35.6,5.1,3.5,0,155.38003366567398,29.312,29.375,2025-06-16 16:11:27
155,1.4,226.9,158.2,1.1,185.7,392.4,59.99,214.3,1.7,8.2,865.2,35.6,5.1,3.5,0,155.38003366567398,29.312,29.375,2025-06-16 16:11:34
155.6,1.4,224.5,156.2,1.1,184.3,392.5,59.98,214.3,1.8,8.2,865.2,35.5,5.1,3.5,0,116.53502524925548,29.312,29.375,2025-06-16 16:12:30
158.1,1.4,228.2,154.1,1.1,184.2,392.3,60,214.3,1.8,8.2,865.2,35.5,5.1,3.5,0,116.53502524925548,29.312,29.375,2025-06-16 16:12:37
155,1.4,222.5,153,1.1,179.4,383.3,59.99,214.2,1.7,8.2,865.2,35.5,5.1,3.5,0,116.53502524925548,29.312,29.312,2025-06-16 16:13:32
159.3,1.4,221.2,157.8,1.1,174.1,382.0,59.98,214.2,1.7,8.2,865.2,35.5,5.1,3.5,0,116.53502524925548,29.312,29.312,2025-06-16 16:13:39
154.8,1.4,222.3,156.1,1.1,180.1,381.9,60.01,214,1.7,8.2,865.2,35.5,5.2,3.5,0,116.53502524925548,29.187,29.25,2025-06-16 16:14:35
158.2,1.4,222.4,153.4,1.1,177.6,380.5,60.02,214,1.7,8.2,865.2,35.5,5.2,3.5,0,116.53502524925548,29.187,29.25,2025-06-16 16:14:42
155.1,1.4,217.8,156.4,1.1,172.9,372.9,59.96,214,1.7,8.2,865.2,35.5,5.2,3.5,0,116.53502524925548,29.062,29.062,2025-06-16 16:15:37
158.2,1.4,220.3,156.1,1.1,176.8,377.9,59.97,213.8,1.8,8.2,865.2,35.5,5.2,3.5,0,116.53502524925548,29.062,29.062,2025-06-16 16:15:44
158.2,1.4,215.1,153.6,1.1,173.8,371.5,60.02,213.9,1.7,8.2,865.2,35.5,5.2,3.5,0,116.53502524925548,28.812,28.812,2025-06-16 16:16:40
158,1.3,219.0,159.2,1.1,169.5,368.3,60.01,213.7,1.7,8.2,865.2,35.5,5.2,3.5,0,116.53502524925548,28.812,28.812,2025-06-16 16:16:47
158.4,1.4,215.5,156.2,1.1,172.5,369.5,60,214,1.7,8.2,865.2,35.4,5.2,3.5,0,116.53502524925548,28.937,28.937,2025-06-16 16:17:42
158.1,1.3,215.2,156.2,1.1,172.0,368.9,60.05,213.9,1.7,8.2,865.2,35.4,5.2,3.5,0,116.53502524925548,28.937,28.937,2025-06-16 16:17:49
161.2,1.3,204.7,158.8,1.1,162.7,351.9,60.01,213.7,1.7,8.2,865.2,35.4,5.2,3.5,0,116.53502524925548,29.062,29.062,2025-06-16 16:18:44
158.1,1.3,213.3,154.9,1,167.1,363.0,60,213.8,1.6,8.2,865.2,35.4,5.2,3.5,0,116.53502524925548,29.125,29.125,2025-06-16 16:18:51
161,1.3,204.2,155.6,1,167.0,355.5,59.99,213.8,1.6,8.2,865.2,35.4,5.2,3.6,0,116.53502524925548,29.062,29.062,2025-06-16 16:19:47
158,1.3,210.5,157.7,1,166.3,359.8,59.99,213.7,1.6,8.2,865.2,35.4,5.2,3.6,0,116.53502524925548,29.062,29.062,2025-06-16 16:19:54
158.2,1.2,208.3,153.7,1,162.6,353.2,59.99,213.6,1.6,8.3,865.3,35.4,5.2,3.6,0,116.53502524925548,29.187,29.187,2025-06-16 16:20:49
156.5,1.3,205.4,156.2,1,164.0,352.4,60,213.8,1.6,8.3,865.3,35.4,5.2,3.6,0,116.53502524925548,29.187,29.187,2025-06-16 16:20:56
157.9,1.3,204.1,156.2,0.9,157.7,347.8,59.99,213.8,1.5,8.3,865.3,35.4,5.2,3.6,0,116.53502524925548,29.062,29.062,2025-06-16 16:21:52
157,1.3,204.3,153.2,1,159.0,347.2,59.97,213.9,1.5,8.3,865.3,35.4,5.2,3.6,0,116.53502524925548,29.062,29.125,2025-06-16 16:21:59
158.3,1.2,198.2,156.2,1,157.9,340.6,60.01,213.9,1.6,8.3,865.3,35.4,5.2,3.6,0,116.53502524925548,29.062,29.062,2025-06-16 16:22:54
158.1,1.2,201.5,156.3,1,157.7,344.5,59.99,213.9,1.5,8.3,865.3,35.3,5.2,3.6,0,116.53502524925548,29.062,29.062,2025-06-16 16:23:01
158.1,1.2,199.2,153.2,1,153.8,337.8,59.99,213.8,1.5,8.3,865.3,35.3,5.2,3.6,0,116.53502524925548,29.062,29.062,2025-06-16 16:23:57
161.2,1.2,194.2,156,1,152.8,332.6,60,213.8,1.5,8.3,865.3,35.3,5.2,3.6,0,116.53502524925548,29.0,29.0,2025-06-16 16:24:04
160.5,1.2,193.9,156.1,0.9,152.8,333.1,60.02,214,1.5,8.3,865.3,35.3,5.2,3.6,0,116.53502524925548,29.0,29.0,2025-06-16 16:24:59
158.2,1.2,194.2,153.2,0.9,151.5,331.5,60.01,214,1.5,8.3,865.3,35.3,5.2,3.6,0,116.53502524925548,28.937,28.937,2025-06-16 16:25:06
158,1.2,192.9,156.5,0.9,148.5,327.8,59.99,214.1,1.5,8.3,865.3,35.2,5.2,3.6,0,116.53502524925548,28.812,28.812,2025-06-16 16:26:02
155.1,1.2,190.8,156.3,0.9,148.8,325.6,59.98,214.1,1.5,8.3,865.3,35.2,5.2,3.6,0,116.53502524925548,28.812,28.812,2025-06-16 16:26:09
155.1,1.2,186.9,153.2,0.9,145.0,318.6,60.04,214.1,1.5,8.3,865.3,35.2,5.2,3.6,0,116.53502524925548,28.812,28.875,2025-06-16 16:27:04
158.2,1.2,185.8,159.3,0.9,137.9,315.2,60.02,214.1,1.4,8.3,865.3,35.2,5.2,3.6,0,116.53502524925548,28.875,28.875,2025-06-16 16:27:11
161.1,1.2,179.6,156.1,0.9,142.9,310.3,60.01,213.9,1.4,8.3,865.3,35.2,5.2,3.6,0,77.69001683283699,29.0,29.0,2025-06-16 16:28:07
156.5,1.2,183.3,154.8,0.9,142.5,314.6,60,213.9,1.5,8.3,865.3,35.2,5.2,3.6,0,116.53502524925548,29.0,29.0,2025-06-16 16:28:14
155.2,1.1,181.3,154.8,0.8,140.8,309.5,60,213.9,1.3,8.3,865.3,35.2,5.2,3.6,0,116.53502524925548,28.937,28.937,2025-06-16 16:29:09
160.3,1.1,175.4,153.8,0.9,140.2,304.2,60,213.9,1.4,8.3,865.3,35.2,5.2,3.6,0,77.69001683283699,28.937,28.937,2025-06-16 16:29:16
158,1,180.3,154.9,0.8,136.7,306.3,59.98,213.9,1.3,8.3,865.3,35.2,5.2,3.6,0,116.53502524925548,28.812,28.812,2025-06-16 16:30:12
155.1,1.1,177.4,154.2,0.8,137.0,303.3,59.98,213.9,1.4,8.3,865.3,35.2,5.2,3.6,0,77.69001683283699,28.812,28.812,2025-06-16 16:30:19
158.1,1.1,177.2,155.3,0.8,131.9,298.5,60,213.9,1.3,8.3,865.3,35.2,5.2,3.6,0,77.69001683283699,28.875,28.937,2025-06-16 16:31:14
158,1.1,176.7,152.3,0.8,133.3,298.7,59.99,213.9,1.3,8.3,865.3,35.2,5.2,3.6,0,77.69001683283699,28.875,28.875,2025-06-16 16:31:21
158.1,1.1,174.2,152.7,0.8,131.4,294.4,59.99,214,1.3,8.3,865.3,35.3,5.2,3.6,0,77.69001683283699,28.812,28.812,2025-06-16 16:32:16
154.7,1.1,171.6,157.8,0.8,128.0,289.9,59.99,213.8,1.3,8.3,865.3,35.3,5.2,3.6,0,77.69001683283699,28.812,28.875,2025-06-16 16:32:23
159.1,1.1,163.0,153.5,0.8,127.2,281.6,59.97,213.8,1.3,8.3,865.3,35.3,5.2,3.6,0,77.69001683283699,28.812,28.812,2025-06-16 16:33:19
158.3,1.1,168.8,154.8,0.8,128.2,287.4,59.96,213.7,1.3,8.3,865.3,35.3,5.2,3.6,0,77.69001683283699,28.812,28.812,2025-06-16 16:33:26
156.5,1,167.4,156.2,0.7,125.0,284.8,60,213.9,1.3,8.3,865.3,35.2,5.2,3.6,0,77.69001683283699,28.875,28.875,2025-06-16 16:34:21
160.7,1,164.0,151.7,0.8,123.2,279.8,59.99,214,1.3,8.3,865.3,35.2,5.2,3.6,0,77.69001683283699,28.875,28.937,2025-06-16 16:34:28
156.3,1,163.1,154.8,0.8,123.1,278.1,60.03,213.7,1.3,8.3,865.3,35.1,5.2,3.6,0,77.69001683283699,28.75,28.75,2025-06-16 16:35:24
158.2,1,163.2,154.8,0.8,122.8,277.7,60.03,213.8,1.2,8.3,865.3,35.1,5.2,3.6,0,77.69001683283699,28.75,28.75,2025-06-16 16:35:31
161.3,0.9,152.1,151.9,0.7,119.0,264.6,59.98,214,1.1,8.3,865.3,35.1,5.2,3.6,0,77.69001683283699,28.562,28.625,2025-06-16 16:36:26
155.1,1,158.2,154.7,0.7,120.4,270.9,60,213.9,1.2,8.3,865.3,35.1,5.2,3.6,0,77.69001683283699,28.562,28.562,2025-06-16 16:36:33
158.1,1,158.1,154.8,0.7,117.4,267.2,60.02,213.7,1.1,8.3,865.3,35,5.2,3.6,0,77.69001683283699,28.312,28.312,2025-06-16 16:37:29
158.2,0.9,157.4,151.7,0.7,115.3,264.9,60.02,213.9,1.1,8.3,865.3,35,5.2,3.6,0,77.69001683283699,28.312,28.375,2025-06-16 16:37:36
155.1,0.9,152.0,154.5,0.7,112.2,258.6,59.97,213.7,1.1,8.3,865.3,35,5.2,3.6,0,77.69001683283699,28.375,28.437,2025-06-16 16:38:31
158,0.9,151.5,154.8,0.7,114.0,259.4,59.98,213.9,1.1,8.3,865.3,35,5.2,3.6,0,77.69001683283699,28.375,28.437,2025-06-16 16:38:38
158.1,0.8,151.1,151.8,0.7,110.1,255.2,60.02,213.8,1.1,8.3,865.3,35,5.2,3.6,0,77.69001683283699,28.5,28.5,2025-06-16 16:39:34
155.2,0.9,149.2,157.7,0.7,106.7,249.8,60.01,213.7,1.2,8.4,865.4,35,5.2,3.6,0,77.69001683283699,28.437,28.5,2025-06-16 16:39:41
158.4,0.9,146.8,154.8,0.7,109.3,250.7,60.03,213.6,1.1,8.4,865.4,35,5.2,3.6,0,77.69001683283699,28.437,28.437,2025-06-16 16:40:36
158.3,0.9,146.2,152.1,0.7,108.1,250.2,60.03,213.8,1.1,8.4,865.4,34.9,5.2,3.6,0,77.69001683283699,28.437,28.437,2025-06-16 16:40:43
155,0.9,143.8,156.5,0.6,101.6,240.6,60.04,213.9,1.2,8.4,865.4,34.9,5.2,3.6,0,77.69001683283699,28.437,28.437,2025-06-16 16:41:39
158.6,0.9,138.0,154.6,0.6,105.2,238.2,60.04,213.9,1.1,8.4,865.4,34.9,5.2,3.6,0,77.69001683283699,28.437,28.437,2025-06-16 16:41:46
158.1,0.9,141.0,153.1,0.6,103.6,239.8,60.02,214,1.1,8.4,865.4,34.9,5.2,3.6,0,77.69001683283699,28.5,28.5,2025-06-16 16:42:41
155.5,0.9,140.8,157.3,0.6,101.6,238.0,60.01,213.7,1.1,8.4,865.4,34.9,5.2,3.6,0,77.69001683283699,28.5,28.5,2025-06-16 16:42:48
158.1,0.8,138.0,153.1,0.6,100.0,234.0,60.01,213.9,1.1,8.4,865.4,34.9,5.2,3.6,0,77.69001683283699,28.5,28.562,2025-06-16 16:43:44
155.6,0.8,137.6,154.7,0.6,100.6,233.7,60.02,214,1,8.4,865.4,34.9,5.2,3.6,0,77.69001683283699,28.562,28.562,2025-06-16 16:43:51
156.2,0.8,135.3,158.2,0.6,94.2,225.3,60.02,213.8,1,8.4,865.4,34.9,5.2,3.6,0,77.69001683283699,28.437,28.437,2025-06-16 16:44:46
158.1,0.8,134.8,151.8,0.6,96.8,227.2,60.02,213.9,1,8.4,865.4,34.9,5.2,3.6,0,77.69001683283699,28.375,28.437,2025-06-16 16:44:53
154.8,0.8,132.7,154.7,0.6,95.6,224.0,59.99,213.8,1,8.4,865.4,34.9,5.2,3.6,0,77.69001683283699,28.187,28.187,2025-06-16 16:45:48
155.1,0.8,132.0,154.8,0.5,95.2,223.2,60.01,213.8,1,8.4,865.4,34.9,5.2,3.6,0,77.69001683283699,28.125,28.187,2025-06-16 16:45:55
158.2,0.8,129.0,151.8,0.5,92.2,216.9,60.04,214,0.9,8.4,865.4,34.9,5.2,3.6,0,77.69001683283699,28.062,28.125,2025-06-16 16:46:51
152.1,0.8,127.2,154.9,0.5,91.8,214.9,60.04,214,1,8.4,865.4,34.9,5.2,3.6,0,77.69001683283699,28.125,28.125,2025-06-16 16:46:58
155.2,0.8,127.1,154.8,0.5,91.0,213.9,60,214.1,1,8.4,865.4,34.8,5.3,3.6,0,77.69001683283699,27.937,27.937,2025-06-16 16:47:53
155.1,0.7,125.9,151.7,0.5,90.3,212.0,60.01,214.1,0.9,8.4,865.4,34.8,5.3,3.6,0,38.845008416418494,27.937,28.0,2025-06-16 16:48:00
158.2,0.7,123.4,156.1,0.5,88.9,208.3,60,214.1,0.9,8.4,865.4,34.7,5.3,3.6,0,77.69001683283699,28.0,28.0,2025-06-16 16:48:56
155.3,0.8,123.5,151.9,0.5,87.6,207.2,59.98,214.1,0.9,8.4,865.4,34.7,5.3,3.6,0,38.845008416418494,28.062,28.062,2025-06-16 16:49:03
153.7,0.7,121.5,154.8,0.5,85.9,203.4,60.02,214,0.8,8.4,865.4,34.6,5.3,3.6,0,38.845008416418494,28.062,28.062,2025-06-16 16:49:58
157.7,0.7,120.3,154.8,0.5,85.9,202.3,60.01,214.1,0.9,8.4,865.4,34.6,5.3,3.6,0,38.845008416418494,28.062,28.062,2025-06-16 16:50:05
158.1,0.7,117.4,151.8,0.5,83.2,196.8,60.03,214.3,0.9,8.4,865.4,34.5,5.3,3.6,0,38.845008416418494,28.062,28.062,2025-06-16 16:51:01
152.3,0.7,116.4,154.8,0.5,83.7,195.8,60.05,214.2,0.9,8.4,865.4,34.5,5.3,3.6,0,38.845008416418494,28.062,28.125,2025-06-16 16:51:08
153.8,0.7,113.5,150.4,0.5,80.8,190.7,60.02,214.2,0.9,8.4,865.4,34.4,5.3,3.6,0,38.845008416418494,28.062,28.062,2025-06-16 16:52:03
155.9,0.7,114.9,156.2,0.5,78.8,189.9,60.05,214.3,0.8,8.4,865.4,34.4,5.3,3.6,0,38.845008416418494,28.062,28.062,2025-06-16 16:52:10
155.1,0.7,113.3,153.2,0.5,79.3,189.2,59.98,214,0.9,8.4,865.4,34.3,5.3,3.6,0,38.845008416418494,28.062,28.062,2025-06-16 16:53:06
155.2,0.7,113.2,153.3,0.5,79.0,188.5,60,214.1,0.8,8.4,865.4,34.3,5.3,3.6,0,38.845008416418494,28.062,28.062,2025-06-16 16:53:13
158.2,0.6,109.1,150.4,0.5,76.5,182.1,59.96,214,0.9,8.4,865.4,34.2,5.3,3.6,0,38.845008416418494,28.0,28.062,2025-06-16 16:54:08
152.1,0.7,108.9,156.1,0.4,74.0,179.7,59.99,213.9,0.9,8.4,865.4,34.2,5.3,3.6,0,38.845008416418494,28.0,28.0,2025-06-16 16:54:15
152.3,0.7,107.0,156.3,0.4,72.4,175.9,60,214.1,0.8,8.4,865.4,34.1,5.3,3.6,0,38.845008416418494,28.0,28.0,2025-06-16 16:55:11
158.1,0.7,106.7,150.4,0.4,73.9,177.1,59.97,214,0.8,8.4,865.4,34,5.3,3.6,0,38.845008416418494,28.0,28.062,2025-06-16 16:55:18
154.5,0.6,104.9,153.4,0.4,72.7,174.1,60.01,214,0.8,8.4,865.4,33.9,5.3,3.6,0,38.845008416418494,27.937,27.937,2025-06-16 16:56:13
155.1,0.6,105.6,153.3,0.4,73.0,175.2,60.02,214,0.8,8.4,865.4,33.9,5.3,3.6,0,38.845008416418494,27.937,27.937,2025-06-16 16:56:20
155.2,0.6,103.9,150.1,0.4,70.3,170.7,59.96,214.1,0.7,8.4,865.4,33.7,5.3,3.6,0,38.845008416418494,28.0,28.0,2025-06-16 16:57:15
155.1,0.6,104.0,156.3,0.4,67.1,168.7,59.99,214.1,0.8,8.4,865.4,33.7,5.3,3.6,0,38.845008416418494,27.937,28.0,2025-06-16 16:57:23
152.2,0.6,99.6,153.9,0.4,69.3,165.4,60,214.1,0.8,8.4,865.4,33.7,5.3,3.6,0,38.845008416418494,27.937,27.937,2025-06-16 16:58:18
158.5,0.6,98.0,150.2,0.4,68.8,164.4,59.98,214,0.7,8.4,865.4,33.6,5.3,3.6,0,38.845008416418494,27.937,27.937,2025-06-16 16:58:25
157.8,0.6,95.1,153.8,0.4,67.9,160.1,60.03,214.1,0.8,8.4,865.4,33.5,5.3,3.6,0,38.845008416418494,27.937,27.937,2025-06-16 16:59:20
154.5,0.6,96.6,150.4,0.4,67.0,160.5,60.02,214,0.7,8.4,865.4,33.5,5.3,3.6,0,38.845008416418494,27.937,27.937,2025-06-16 16:59:27
157.9,0.6,92.3,148.8,0.4,64.5,154.2,60,213.9,0.7,8.4,865.4,33.5,5.3,3.6,0,38.845008416418494,27.75,27.75,2025-06-16 17:00:23
154.2,0.6,95.1,154.8,0.4,64.7,156.7,60.01,214.2,0.7,8.4,865.4,33.5,5.3,3.6,0,38.845008416418494,27.75,27.812,2025-06-16 17:00:30
154.9,0.5,94.2,150.4,0.4,63.0,153.6,59.96,214,0.8,8.4,865.4,33.5,5.3,3.6,0,38.845008416418494,27.625,27.687,2025-06-16 17:01:25
156.7,0.5,94.3,154,0.4,59.9,151.2,59.99,214.2,0.7,8.4,865.4,33.5,5.3,3.6,0,38.845008416418494,27.625,27.625,2025-06-16 17:01:32
152.3,0.5,90.8,156.4,0.3,59.8,148.0,59.98,214.1,0.7,8.4,865.4,33.4,5.3,3.6,0,38.845008416418494,27.687,27.687,2025-06-16 17:02:28
155.1,0.5,91.5,150.3,0.3,61.1,149.8,59.98,214,0.7,8.4,865.4,33.4,5.3,3.6,0,38.845008416418494,27.75,27.75,2025-06-16 17:02:35
158,0.5,87.3,153.2,0.3,59.5,144.4,60.03,214.2,0.7,8.4,865.4,33.4,5.3,3.6,0,38.845008416418494,27.75,27.75,2025-06-16 17:03:30
152.2,0.5,87.6,153.3,0.3,60.0,144.9,60.02,214.3,0.7,8.4,865.4,33.3,5.3,3.6,0,38.845008416418494,27.687,27.687,2025-06-16 17:03:37
154.9,0.5,87.1,151.6,0.3,57.3,141.7,60.01,213.9,0.7,8.4,865.4,33.3,5.3,3.6,0,38.845008416418494,27.687,27.687,2025-06-16 17:04:33
155.1,0.5,87.1,150.2,0.3,57.4,141.8,60.01,214,0.7,8.4,865.4,33.3,5.3,3.6,0,38.845008416418494,27.687,27.687,2025-06-16 17:04:40
152.1,0.5,84.0,150.4,0.3,56.2,137.4,60.02,213.9,0.7,8.4,865.4,33.3,5.3,3.6,0,38.845008416418494,27.687,27.687,2025-06-16 17:05:35
155.1,0.5,83.7,150.2,0.3,55.8,136.7,60.02,213.9,0.6,8.4,865.4,33.3,5.3,3.6,0,38.845008416418494,27.687,27.687,2025-06-16 17:05:42
155.1,0.4,83.1,151.9,0.3,54.5,134.9,59.98,213.7,0.6,8.4,865.4,33.3,5.3,3.6,0,0.0,27.687,27.687,2025-06-16 17:06:38
152.1,0.5,81.9,151.9,0.3,55.1,133.5,59.98,213.8,0.7,8.4,865.4,33.3,5.3,3.6,0,0.0,27.687,27.687,2025-06-16 17:06:45
155.1,0.5,80.1,148.9,0.3,51.8,129.6,60.02,213.8,0.6,8.4,865.4,33.2,5.3,3.6,0,38.845008416418494,27.687,27.687,2025-06-16 17:07:40
155.1,0.5,80.7,153.1,0.3,49.7,127.8,60.05,213.9,0.6,8.4,865.4,33.2,5.3,3.6,0,38.845008416418494,27.687,27.687,2025-06-16 17:07:47
155.1,0.4,77.9,151.4,0.3,50.8,126.4,60,213.9,0.5,8.4,865.4,33.3,5.3,3.6,0,38.845008416418494,27.562,27.625,2025-06-16 17:08:43
152.2,0.4,77.5,150.5,0.3,50.7,126.0,59.99,213.8,0.6,8.4,865.4,33.3,5.3,3.6,0,38.845008416418494,27.562,27.625,2025-06-16 17:08:50
158,0.4,71.5,149,0.3,48.9,118.4,60.01,213.9,0.5,8.4,865.4,33.2,5.3,3.6,0,0.0,27.625,27.625,2025-06-16 17:09:45
153.4,0.4,74.6,152.7,0.2,49.4,121.7,60.02,213.9,0.6,8.4,865.4,33.2,5.3,3.6,0,38.845008416418494,27.687,27.687,2025-06-16 17:09:52
155,0.4,73.7,148.9,0.3,46.8,118.4,60.01,214.1,0.6,8.4,865.4,33.1,5.3,3.6,0,0.0,27.75,27.75,2025-06-16 17:10:48
155.1,0.4,73.8,154,0.2,46.2,117.3,60,214.1,0.6,8.4,865.4,33.1,5.3,3.6,0,0.0,27.75,27.75,2025-06-16 17:10:55
152.4,0.4,71.6,150.1,0.2,45.0,114.5,59.98,214,0.6,8.4,865.4,33.1,5.3,3.6,0,38.845008416418494,27.75,27.75,2025-06-16 17:11:50
152.1,0.4,71.4,150.4,0.2,45.0,114.3,60.01,214.2,0.6,8.4,865.4,33.1,5.3,3.6,0,0.0,27.75,27.75,2025-06-16 17:11:57
152.3,0.4,68.9,150.3,0.2,44.4,111.3,59.98,214.3,0.5,8.4,865.4,33,5.3,3.6,0,0.0,27.75,27.75,2025-06-16 17:12:52
152.2,0.4,69.2,150.5,0.2,44.1,111.3,60.01,214.2,0.5,8.4,865.4,33,5.3,3.6,0,0.0,27.75,27.75,2025-06-16 17:13:00
152.1,0.4,67.9,152.6,0.2,41.8,107.8,60,214.2,0.5,8.4,865.4,32.9,5.3,3.6,0,0.0,27.687,27.75,2025-06-16 17:13:55
152.2,0.4,67.3,147.4,0.2,41.9,106.5,60.03,214.2,0.5,8.5,865.5,32.9,5.3,3.6,0,38.845008416418494,27.75,27.687,2025-06-16 17:14:02
154.2,0.4,64.8,146.9,0.2,40.2,102.8,60.02,214,0.5,8.5,865.5,32.8,5.3,3.6,0,0.0,27.75,27.75,2025-06-16 17:14:57
149,0.4,65.2,152,0.2,40.5,102.2,60.03,214,0.5,8.5,865.5,32.8,5.3,3.6,0,38.845008416418494,27.75,27.75,2025-06-16 17:15:04
149.5,0.4,62.9,151.6,0.2,38.1,99.7,60,214.3,0.5,8.5,865.5,32.8,5.3,3.6,0,0.0,27.687,27.75,2025-06-16 17:16:00
155.2,0.4,62.5,146.6,0.2,38.6,99.3,59.99,214.4,0.5,8.5,865.5,32.8,5.3,3.6,0,0.0,27.687,27.75,2025-06-16 17:16:07
152.7,0.3,62.1,148.8,0.2,37.5,97.8,59.96,214.1,0.5,8.5,865.5,32.8,5.3,3.6,0,0.0,27.687,27.687,2025-06-16 17:17:02
152.1,0.3,61.6,148.8,0.2,37.7,97.5,59.99,214.2,0.5,8.5,865.5,32.8,5.3,3.6,0,0.0,27.687,27.687,2025-06-16 17:17:09
152,0.3,60.7,148.9,0.2,35.6,94.6,60.02,214,0.4,8.5,865.5,32.7,5.3,3.6,0,0.0,27.812,27.812,2025-06-16 17:18:05
151.8,0.3,60.1,148.8,0.2,35.6,94.0,60.01,214,0.5,8.5,865.5,32.7,5.3,3.6,0,0.0,27.812,27.812,2025-06-16 17:18:12
149.3,0.3,57.9,145.8,0.2,34.2,89.8,59.98,213.9,0.4,8.5,865.5,32.6,5.3,3.6,0,0.0,27.875,27.937,2025-06-16 17:19:07
155,0.3,56.5,151.8,0.2,32.7,87.2,60.01,213.9,0.4,8.5,865.5,32.6,5.3,3.6,0,0.0,27.875,27.875,2025-06-16 17:19:14
152.3,0.3,56.4,146,0.2,32.4,87.3,60,213.6,0.4,8.5,865.5,32.6,5.3,3.6,0,0.0,27.812,27.812,2025-06-16 17:20:10
152.2,0.3,56.5,146,0.2,32.5,87.4,59.98,213.6,0.6,8.5,865.5,32.6,5.3,3.6,0,0.0,27.75,27.75,2025-06-16 17:20:17
154.1,0.3,53.8,143.9,0.2,31.2,83.8,60.01,213.6,0.5,8.5,865.5,32.6,5.3,3.6,0,0.0,27.687,27.75,2025-06-16 17:21:12
149.2,0.3,53.8,148.8,0.1,31.4,83.6,60.01,213.6,0.5,8.5,865.5,32.6,5.3,3.6,0,0.0,27.75,27.75,2025-06-16 17:21:19
150.4,0.3,52.8,145.8,0.1,29.8,81.2,59.98,213.9,0.5,8.5,865.5,32.6,5.3,3.6,0,0.0,27.687,27.75,2025-06-16 17:22:15
154.9,0.2,50.5,140.5,0.1,29.5,78.9,60,213.8,0.5,8.5,865.5,32.6,5.3,3.6,0,0.0,27.75,27.687,2025-06-16 17:22:22
155,0.2,48.0,139.9,0.1,27.5,74.3,59.99,213.8,0.4,8.5,865.5,32.5,5.3,3.6,0,0.0,27.75,27.75,2025-06-16 17:23:17
149.2,0.3,50.9,145.9,0.1,28.0,76.9,60,213.8,0.4,8.5,865.5,32.5,5.3,3.6,0,0.0,27.75,27.75,2025-06-16 17:23:24
150.4,0.3,49.1,148.9,0.1,26.2,74.1,60.01,213.6,0.4,8.5,865.5,32.5,5.3,3.6,0,0.0,27.687,27.687,2025-06-16 17:24:19
148.7,0.2,48.9,144,0.1,26.5,74.1,60.03,213.9,0.4,8.5,865.5,32.5,5.3,3.6,0,0.0,27.687,27.687,2025-06-16 17:24:27
149.1,0.2,48.0,146.2,0.1,24.3,71.1,60.03,213.9,0.5,8.5,865.5,32.4,5.3,3.6,0,0.0,27.812,27.812,2025-06-16 17:25:22
149.2,0.2,47.9,145.1,0.1,24.3,70.9,60.03,214.1,0.4,8.5,865.5,32.4,5.3,3.6,0,0.0,27.812,27.812,2025-06-16 17:25:29
149.2,0.2,45.9,144.2,0.1,23.3,68.0,60.01,214,0.5,8.5,865.5,32.3,5.3,3.6,0,0.0,27.812,27.875,2025-06-16 17:26:24
152.2,0.2,45.0,147.3,0.1,23.9,67.7,60.03,214,0.5,8.5,865.5,32.3,5.3,3.6,0,0.0,27.875,27.875,2025-06-16 17:26:32
146.1,0.2,43.3,144.4,0.1,23.1,65.3,60.02,213.9,0.5,8.5,865.5,32.3,5.3,3.6,0,0.0,28.0,28.0,2025-06-16 17:27:27
152,0.2,42.9,144.1,0.1,22.7,64.5,60,213.7,0.5,8.5,865.5,32.3,5.3,3.6,0,0.0,28.0,28.0,2025-06-16 17:27:34
149.3,0.2,41.8,139.9,0.1,20.8,62.1,60,213.9,0.4,8.5,865.5,32.2,5.3,3.6,0,0.0,28.062,28.062,2025-06-16 17:28:29
149.2,0.2,42.3,145.9,0.1,20.9,62.5,60,213.9,0.4,8.5,865.5,32.2,5.3,3.6,0,0.0,28.062,28.062,2025-06-16 17:28:36
150.5,0.2,39.5,145.9,0.1,20.3,58.8,60,213.9,0.5,8.5,865.5,32.2,5.3,3.6,0,0.0,28.062,28.062,2025-06-16 17:29:32
149.2,0.2,40.1,139.9,0.1,19.6,58.4,59.98,213.9,0.4,8.5,865.5,32.2,5.3,3.6,0,0.0,28.0,28.0,2025-06-16 17:29:39
149.3,0.2,38.7,140.1,0.1,17.7,55.5,60,214,0.4,8.5,865.5,32.1,5.3,3.6,0,0.0,27.937,27.937,2025-06-16 17:30:34
149,0.2,39.4,145.9,0.1,17.8,56.2,59.98,213.9,0.5,8.5,865.5,32.1,5.3,3.6,0,0.0,27.937,27.937,2025-06-16 17:30:41
148.4,0.2,37.3,145.2,0.1,16.7,53.7,60.01,214.2,0.4,8.5,865.5,32,5.3,3.6,0,0.0,27.875,27.875,2025-06-16 17:31:37
149.2,0.2,37.6,142.9,0.1,16.7,53.6,60.02,214.2,0.3,8.5,865.5,32,5.3,3.6,0,0.0,27.812,27.875,2025-06-16 17:31:44
149.2,0.2,36.5,140.7,0.1,15.4,50.6,59.99,214.7,0.5,8.5,865.5,32,5.3,3.6,0,0.0,27.812,27.812,2025-06-16 17:32:39
152,0.2,34.8,148.9,0,14.6,49.6,59.98,214.6,0.5,8.5,865.5,32,5.3,3.6,0,0.0,27.812,27.812,2025-06-16 17:32:46
150,0.1,33.6,135.4,0,14.1,47.0,60,214.9,0.4,8.5,865.5,32,5.3,3.6,0,0.0,27.812,27.812,2025-06-16 17:33:42
146.3,0.2,33.5,143,0,14.4,47.2,59.98,215.1,0.4,8.5,865.5,32,5.3,3.6,0,0.0,27.812,27.812,2025-06-16 17:33:49
146.1,0.1,32.4,141.4,0,13.5,44.9,60.03,215.1,0.5,8.5,865.5,32,5.3,3.6,0,0.0,27.75,27.812,2025-06-16 17:34:44
143.5,0.1,31.8,149,0,11.7,42.7,60.01,215.1,0.3,8.5,865.5,32,5.3,3.6,0,0.0,27.812,27.812,2025-06-16 17:34:51
143,0.1,30.1,136,0,11.8,41.1,60.01,215.2,0.4,8.5,865.5,32,5.3,3.6,0,0.0,27.75,27.75,2025-06-16 17:35:47
148.3,0.1,30.3,131.5,0,11.6,41.3,60.02,215.2,0.4,8.5,865.5,32,5.3,3.6,0,0.0,27.75,27.75,2025-06-16 17:35:54
146.1,0.1,28.6,137.7,0,10.9,38.9,60.02,215.3,0.4,8.5,865.5,32,5.3,3.6,0,0.0,27.687,27.687,2025-06-16 17:36:49
157.6,0.1,21.5,152.9,0,8.0,7.0,60.02,215.1,0.4,8.5,865.5,32,5.3,3.6,0,0.0,27.687,27.687,2025-06-16 17:36:56
144,0.1,27.8,141.3,0,9.3,36.5,60,215,0.4,8.5,865.5,32,5.3,3.6,0,0.0,27.625,27.625,2025-06-16 17:37:51
147.5,0.1,27.5,139.8,0,9.4,36.4,60,215,0.4,8.5,865.5,32,5.3,3.6,0,0.0,27.625,27.687,2025-06-16 17:37:59
147.4,0.1,25.2,138.5,0,8.6,33.4,60,215.1,0.3,8.5,865.5,32,5.3,3.6,0,0.0,27.687,27.687,2025-06-16 17:38:54
148.3,0.1,25.3,142.9,0,7.5,32.3,60,214.9,0.4,8.5,865.5,32,5.3,3.6,0,0.0,27.687,27.687,2025-06-16 17:39:01
145.4,0.1,24.6,140,0,7.1,31.2,59.98,214.9,0.3,8.5,865.5,31.9,5.3,3.6,0,0.0,27.625,27.625,2025-06-16 17:39:56
142.4,0.1,24.5,140.5,0,6.7,30.8,60,214.9,0.5,8.5,865.5,31.9,5.3,3.6,0,-38.845008416418494,27.625,27.625,2025-06-16 17:40:04
139.6,0.1,21.6,123.8,0,5.7,26.8,59.98,215.1,0.4,8.5,865.5,32,5.3,3.6,0,0.0,27.625,27.625,2025-06-16 17:40:59
143.2,0.1,21.7,126.7,0,5.8,27.2,59.97,215.4,0.4,8.5,865.5,32,5.3,3.6,0,0.0,27.625,27.625,2025-06-16 17:41:06
139.9,0.1,20.9,136.3,0,5.1,25.6,60,215.2,0.4,8.5,865.5,31.9,5.3,3.6,0,0.0,27.625,27.687,2025-06-16 17:42:01
142.7,0.1,21.1,136.9,0,4.6,25.1,60.02,215.4,0.3,8.5,865.5,31.9,5.3,3.6,0,-38.845008416418494,27.625,27.625,2025-06-16 17:42:08
142.4,0.1,17.9,121.6,0,4.3,22.1,60.02,215.2,0.4,8.5,865.5,31.9,5.3,3.6,0,-38.845008416418494,27.625,27.625,2025-06-16 17:43:04
140.9,0.1,18.2,119.7,0,4.2,22.1,60.01,215.2,0.4,8.5,865.5,31.9,5.3,3.6,0,-38.845008416418494,27.625,27.625,2025-06-16 17:43:11
138.1,0.1,17.4,134.2,0,3.4,20.5,60.02,215.2,0.4,8.5,865.5,31.8,5.3,3.6,0,-38.845008416418494,27.562,27.562,2025-06-16 17:44:06
137.8,0.1,17.5,137.6,0,3.2,20.5,60.02,215.1,0.3,8.5,865.5,31.8,5.3,3.6,0,-38.845008416418494,27.625,27.625,2025-06-16 17:44:13
137.6,0,15.9,128.5,0,2.6,18.4,60.01,215.3,0.3,8.5,865.5,31.8,5.3,3.6,0,-38.845008416418494,27.562,27.562,2025-06-16 17:45:09
134.9,0,15.2,128.6,0,2.7,17.7,60.02,215.4,0.3,8.5,865.5,31.8,5.3,3.6,0,-38.845008416418494,27.562,27.562,2025-06-16 17:45:16
133.7,0,14.1,132.8,0,2.1,16.0,60,215.3,0.4,8.5,865.5,31.8,5.3,3.6,0,-38.845008416418494,27.562,27.562,2025-06-16 17:46:11
133.9,0,13.8,127.4,0,1.7,15.2,59.99,215.3,0.4,8.5,865.5,31.8,5.3,3.6,0,0.0,27.562,27.562,2025-06-16 17:46:18
139.5,0,12.1,127.1,0,1.6,13.7,59.98,215.3,0.4,8.5,865.5,31.8,5.3,3.6,0,-38.845008416418494,27.5,27.5,2025-06-16 17:47:13
139.6,0,12.2,136,0,1.8,13.9,59.99,215.2,0.4,8.5,865.5,31.8,5.3,3.6,0,-38.845008416418494,27.5,27.5,2025-06-16 17:47:21
134,0,9.9,130.7,0,1.6,11.4,59.99,215.4,0.3,8.5,865.5,31.8,5.3,3.6,0,-38.845008416418494,27.437,27.437,2025-06-16 17:48:16
131.4,0,10.1,119.3,0,1.5,11.5,60,215.4,0.3,8.5,865.5,31.8,5.3,3.6,0,-38.845008416418494,27.437,27.437,2025-06-16 17:48:23
125.5,0,7.0,144,0,1.3,7.8,60.01,215.3,0.3,8.5,865.5,31.8,5.3,3.6,0,-38.845008416418494,27.5,27.5,2025-06-16 17:49:18
125.3,0,5.4,149.7,0,1.1,5.6,60.01,215.4,0.3,8.5,865.5,31.8,5.3,3.6,0,-38.845008416418494,27.5,27.5,2025-06-16 17:49:26
128.1,0,4.6,149.2,0,1.1,5.0,60.01,215.4,0.3,8.5,865.5,31.8,5.3,3.6,0,-38.845008416418494,27.562,27.562,2025-06-16 17:50:21
130.2,0,5.0,146.4,0,1.2,5.6,60.01,215.3,0.4,8.5,865.5,31.8,5.3,3.6,0,-38.845008416418494,27.562,27.5,2025-06-16 17:50:28
129.7,0,3.6,149.4,0,0.8,3.3,60.02,215.6,0.4,8.5,865.5,31.8,5.3,3.6,0,-38.845008416418494,27.437,27.437,2025-06-16 17:51:23
133.9,0,4.0,146.8,0,1.0,4.4,60.01,215.5,0.4,8.5,865.5,31.8,5.3,3.6,0,-38.845008416418494,27.375,27.375,2025-06-16 17:51:31
141.5,0,3.3,131.4,0,1.2,3.8,60,215.3,0.4,8.5,865.5,31.9,5.3,3.6,0,-38.845008416418494,27.312,27.312,2025-06-16 17:52:26
132.9,0,3.9,122.3,0,1.2,4.5,59.98,215.4,0.4,8.5,865.5,31.9,5.3,3.6,0,-38.845008416418494,27.25,27.25,2025-06-16 17:52:33
127.8,0,2.2,145,0,0.7,2.6,59.99,215.4,0.3,8.5,865.5,32,5.3,3.6,0,-38.845008416418494,27.125,27.125,2025-06-16 17:53:28
135.7,0,3.2,136,0,1.3,4.1,59.99,215.6,0.3,8.5,865.5,32,5.3,3.6,0,-38.845008416418494,27.125,27.125,2025-06-16 17:53:35
121.9,0,2.7,130.1,0,0.9,3.0,60.02,215.7,0.4,8.5,865.5,32,5.3,3.6,0,-38.845008416418494,27.0,27.0,2025-06-16 17:54:31
125.9,0,1.7,141.1,0,0.7,2.3,60.02,215.6,0.5,8.5,865.5,32,5.3,3.6,0,-38.845008416418494,27.0,27.0,2025-06-16 17:54:38
122.9,0,2.6,135.2,0,1.0,2.8,60.03,215.7,0.4,8.5,865.5,32,5.3,3.6,0,-38.845008416418494,26.875,26.937,2025-06-16 17:55:33
119,0,2.2,140,0,1.1,2.8,60.03,215.5,0.3,8.5,865.5,32,5.3,3.6,0,-38.845008416418494,26.875,26.937,2025-06-16 17:55:40
117.8,0,0.7,141.7,0,0.4,1.1,60.03,215.7,0.3,8.5,865.5,32,5.3,3.6,0,-38.845008416418494,26.75,26.812,2025-06-16 17:56:36
135.9,0,1.8,128.9,0,1.0,2.6,60.05,215.7,0.4,8.5,865.5,32,5.3,3.6,0,-38.845008416418494,26.75,26.75,2025-06-16 17:56:43
128.4,0,1.1,140,0,0.7,1.5,60.04,215.4,0.4,8.5,865.5,32.1,5.3,3.6,0,-38.845008416418494,26.687,26.625,2025-06-16 17:57:38
133.4,0,0.9,137.4,0,0.5,1.5,60.02,215.4,0.4,8.5,865.5,32.1,5.3,3.6,0,-38.845008416418494,26.625,26.687,2025-06-16 17:57:45
126.6,0,0.9,113.9,0,0.5,1.4,59.98,215.3,0.4,8.5,865.5,32.2,5.3,3.6,0,-38.845008416418494,26.562,26.562,2025-06-16 17:58:41
124.7,0,1.1,125.1,0,0.8,1.8,59.97,215.3,0.4,8.5,865.5,32.2,5.3,3.6,0,-38.845008416418494,26.562,26.562,2025-06-16 17:58:48
132,0,0.9,134.4,0,0.7,0.9,60,215.2,0.4,8.5,865.5,32.2,5.3,3.6,0,-38.845008416418494,26.375,26.437,2025-06-16 17:59:43
125,0,0.6,138.5,0,0.4,1.0,59.99,215.1,0.4,8.5,865.5,32.2,5.3,3.6,0,-38.845008416418494,26.375,26.375,2025-06-16 17:59:50
