vpv1,ipv1,pv1_watt,pac_total,freq,vac1,iac1,energia_hoy,energia_total,temp_inversor,Energìa PV1,Energìa PV2,codigo_error,irradiancia,temp1,temp2,timestamp
,0,0.0,0.0,0,0,0,0.0,614.5,0,0.0,0.0,0,-582.6751262462772,,,2025-05-09 05:12:00
0,0,0.0,0.0,0,0,0,0.0,614.5,0,0.0,0.0,0,-8740.126893694161,,,2025-05-09 05:13:01
0,0,0.0,0.0,0,0,0,0.0,614.5,0,0.0,0.0,0,6020.976304544867,,,2025-05-09 05:13:28
144.5,0,0.0,0.0,60.02,211.8,0,0.0,614.5,22.9,0.0,0.0,0,-776.9001683283698,,,2025-05-09 05:14:02
147.5,0,0.0,0.0,60.02,211.9,0,0.0,614.5,22.9,0.0,0.0,0,2097.6304544865984,,,2025-05-09 05:14:29
148.6,0,0.0,0.0,60.04,212,0,0.0,614.5,22.9,0.0,0.0,0,-1048.8152272432988,,,2025-05-09 05:15:02
148.9,0,0.0,0.0,60.02,211.8,0,0.0,614.5,23,0.0,0.0,0,2991.0656480642238,,,2025-05-09 05:15:30
148.8,0,0.0,0.0,60.01,211.6,0,0.0,614.5,23,0.0,0.0,0,7341.706590703096,,,2025-05-09 05:16:03
149,0,0.0,0.0,60.02,211.5,0,0.0,614.5,23,0.0,0.0,0,5943.286287712031,,,2025-05-09 05:16:30
149.3,0,0.0,0.0,59.99,211.5,0,0.0,614.5,23,0.0,0.0,0,-854.5901851612068,,,2025-05-09 05:17:04
148.6,0,0.0,0.0,59.99,211.6,0,0.0,614.5,23,0.0,0.0,0,7108.636540204585,,,2025-05-09 05:17:31
148.8,0,0.0,0.0,60.01,211.5,0,0.0,614.5,23,0.0,0.0,0,-1281.8852777418106,,,2025-05-09 05:18:04
150.4,0,0.0,0.0,60.02,211.6,0,0.0,614.5,23.1,0.0,0.0,0,-1553.8003366567402,,,2025-05-09 05:18:32
99.7,0,0.0,0.0,60.01,211.7,0,0.0,614.5,23.1,0.0,0.0,0,1398.4203029910655,,,2025-05-09 05:19:05
62.3,0,0.0,0.0,60.01,72,0,0.0,614.5,0,0.0,0.0,0,1243.0402693253914,,,2025-05-09 05:19:32
152.8,0,0.0,0.0,60.02,211.9,0,0.0,614.5,23.1,0.0,0.0,0,2719.150589149295,,,2025-05-09 05:20:06
153.5,0,0.0,0.0,59.99,211.7,0,0.0,614.5,23.1,0.0,0.0,0,5011.006085717986,,,2025-05-09 05:20:33
154.6,0,0.0,0.0,60.04,211.8,0,0.0,614.5,23.1,0.0,0.0,0,-1243.0402693253914,,,2025-05-09 05:21:06
155.3,0,0.0,0.0,60.02,211.8,0,0.0,614.5,23.1,0.0,0.0,0,-1048.8152272432994,,,2025-05-09 05:21:34
155.8,0,0.0,0.0,60.03,211.9,0,0.0,614.5,23.1,0.0,0.0,0,2486.0805386507836,,,2025-05-09 05:22:07
156.1,0,0.0,0.0,60.03,211.8,0,0.0,614.5,23.1,0.0,0.0,0,3379.515732228409,,,2025-05-09 05:22:35
156.4,0,0.0,0.0,60,211.8,0,0.0,614.5,23.2,0.0,0.0,0,1942.250420820924,,,2025-05-09 05:23:07
156.6,0,0.0,0.0,60.04,211.9,0,0.0,614.5,23.2,0.0,0.0,0,6720.186456040399,,,2025-05-09 05:23:35
156.9,0,0.0,0.0,60.02,211.8,0,0.0,614.5,23.2,0.0,0.0,0,5360.611161465752,,,2025-05-09 05:24:08
107.4,0,0.0,0.0,60.02,211.9,0,0.0,614.5,23.2,0.0,0.0,0,-38.84500841641853,,,2025-05-09 05:24:36
157.5,0,0.0,0.0,60.01,211.8,0,0.0,614.5,23.2,0.0,0.0,0,5593.681211964264,,,2025-05-09 05:25:09
157.7,0,0.0,0.0,59.98,211.7,0,0.0,614.5,23.2,0.0,0.0,0,6487.116405541889,,,2025-05-09 05:25:37
158,0,0.0,0.0,59.99,211.9,0,0.0,614.5,23.2,0.0,0.0,0,-1514.9553282403217,,,2025-05-09 05:26:09
158.3,0,0.0,0.0,59.97,211.9,0,0.0,614.5,23.3,0.0,0.0,0,-388.4500841641853,,,2025-05-09 05:26:37
158.5,0,0.0,0.0,59.97,211.8,0,0.0,614.5,23.3,0.0,0.0,0,5904.441279295612,,,2025-05-09 05:27:10
158.8,0,0.0,0.0,60.01,212,0,0.0,614.5,23.3,0.0,0.0,0,5982.131296128448,,,2025-05-09 05:27:38
159,0,0.0,0.0,59.97,212,0,0.0,614.5,23.3,0.0,0.0,0,-1398.4203029910655,,,2025-05-09 05:28:11
159.2,0,0.0,0.0,59.98,212,0,0.0,614.5,23.3,0.0,0.0,0,38.84500841641853,,,2025-05-09 05:28:39
159.3,0,0.0,0.0,60.01,211.9,0,0.0,614.5,23.3,0.0,0.0,0,6836.721481289655,,,2025-05-09 05:29:11
125.9,0,0.0,0.0,60,212,0,0.0,614.5,23.3,0.0,0.0,0,6836.721481289655,,,2025-05-09 05:29:39
133.8,0,11.5,21.2,59.99,212.1,0.4,0.0,614.5,23.4,0.0,0.0,0,-2719.150589149295,,,2025-05-09 05:30:12
145.7,0,11.0,21.1,60.02,212.1,0.5,0.0,614.5,23.5,0.0,0.0,0,-349.60507574776676,,,2025-05-09 05:30:40
134.1,0,11.6,21.7,60.02,212.1,0.4,0.0,614.5,23.6,0.0,0.0,0,1942.2504208209248,,,2025-05-09 05:31:13
130.9,0,12.1,22.5,59.98,212,0.4,0.0,614.5,23.7,0.0,0.0,0,-427.2950925806038,,,2025-05-09 05:31:41
133.8,0,12.5,23.7,60,211.8,0.4,0.0,614.5,23.8,0.0,0.0,0,3729.1208079761755,,,2025-05-09 05:32:13
140.1,0,13.1,25.0,60.02,211.8,0.5,0.0,614.5,23.9,0.0,0.0,0,-427.2950925806038,,,2025-05-09 05:32:42
146.1,0,13.5,25.4,59.98,211.8,0.4,0.0,614.5,23.9,0.0,0.0,0,3301.825715395572,,,2025-05-09 05:33:14
143,0,14.2,26.6,59.99,211.7,0.4,0.0,614.5,24,0.0,0.0,0,2214.1654797358547,,,2025-05-09 05:33:42
142.1,0,13.9,26.9,60.02,211.7,0.5,0.0,614.5,24,0.0,0.0,0,3496.0507574776652,,,2025-05-09 05:34:15
132.9,0.1,14.4,27.3,59.99,211.7,0.4,0.0,614.5,24.1,0.0,0.0,0,3496.0507574776643,,,2025-05-09 05:34:43
129.2,0.1,14.5,27.3,59.99,211.5,0.5,0.0,614.5,24.2,0.0,0.0,0,-543.8301178298586,,,2025-05-09 05:35:15
138,0.1,15.0,28.9,59.98,211.5,0.4,0.0,614.5,24.2,0.0,0.0,0,-310.76006733134824,,,2025-05-09 05:35:44
146.9,0,16.2,30.1,59.99,211.8,0.4,0.0,614.5,24.3,0.0,0.0,0,4506.020976304546,,,2025-05-09 05:36:16
149.9,0,16.2,30.3,60.01,211.9,0.4,0.0,614.5,24.3,0.0,0.0,0,-427.2950925806038,,,2025-05-09 05:36:44
147,0.1,16.9,31.5,59.98,211.8,0.3,0.0,614.5,24.4,0.0,0.0,0,5282.9211446329155,,,2025-05-09 05:37:17
141,0.1,17.6,32.2,60,211.9,0.4,0.0,614.5,24.5,0.0,0.0,0,-2253.010488152273,,,2025-05-09 05:37:45
147.2,0.1,17.4,32.8,60,212,0,0.0,614.5,24.5,0.0,0.0,0,-2680.305580732876,,,2025-05-09 05:38:17
139.5,0.1,17.8,33.9,60,212,0.4,0.0,614.5,24.6,0.0,0.0,0,3806.8108248090125,,,2025-05-09 05:38:46
150.9,0.1,18.8,35.9,60.02,212,0.4,0.0,614.5,24.6,0.0,0.0,0,2291.855496568691,,,2025-05-09 05:39:18
139.9,0.1,19.2,37.1,59.97,212.1,0.5,0.0,614.5,24.7,0.0,0.0,0,-2097.630454486599,,,2025-05-09 05:39:47
139.7,0.1,20.6,38.8,59.98,212.3,0.5,0.0,614.5,24.8,0.0,0.0,0,-1942.2504208209248,,,2025-05-09 05:40:19
137,0.1,20.5,40.3,60,212.2,0.4,0.0,614.5,24.8,0.0,0.0,0,5205.231127800078,,,2025-05-09 05:40:47
142.4,0.1,22.2,42.5,59.99,212.2,0.4,0.0,614.5,24.9,0.0,0.0,0,854.5901851612068,,,2025-05-09 05:41:19
145.9,0.1,23.0,43.8,60.03,212.1,0.4,0.0,614.5,24.9,0.0,0.0,0,-2719.150589149295,,,2025-05-09 05:41:48
139.9,0.1,23.6,45.9,60.01,212.1,0.6,0.0,614.5,25,0.0,0.0,0,4234.1059173896165,,,2025-05-09 05:42:20
141.2,0.1,24.7,48.2,60.02,212.2,0.5,0.0,614.5,25,0.0,0.0,0,3107.600673313479,,,2025-05-09 05:42:49
149.1,0.1,26.9,52.7,60.04,212.2,0.5,0.0,614.5,25.1,0.0,0.0,0,-2952.220639647806,,,2025-05-09 05:43:21
142.7,0.1,29.1,58.9,60.01,212.3,0.4,0.0,614.5,25.2,0.0,0.0,0,543.8301178298593,,,2025-05-09 05:43:49
151.6,0.2,32.8,67.1,60.05,212.3,0.5,0.0,614.5,25.2,0.0,0.0,0,2058.7854460701806,,,2025-05-09 05:44:21
149.3,0.2,35.1,72.6,60.04,212.4,0.5,0.0,614.5,25.2,0.0,0.0,0,-582.6751262462778,,,2025-05-09 05:44:50
145.1,0.2,36.9,80.2,60,212.2,0.5,0.0,614.5,25.3,0.0,0.0,0,3496.0507574776643,,,2025-05-09 05:45:22
148.9,0.2,39.0,82.9,60,212.4,0.5,0.0,614.5,25.4,0.0,0.0,0,-3107.60067331348,,,2025-05-09 05:45:51
150.8,0.2,41.3,90.7,60.04,212.5,0.6,0.0,614.5,25.4,0.0,0.0,0,3146.4456817298983,,,2025-05-09 05:46:23
150.5,0.2,42.3,97.0,60.01,212.4,0.6,0.0,614.5,25.5,0.0,0.0,0,-3068.7556648970613,,,2025-05-09 05:46:51
151.6,0.2,43.6,105.7,60.01,212.4,0.7,0.0,614.5,25.5,0.0,0.0,0,-2952.220639647806,,,2025-05-09 05:47:23
150.2,0.2,44.6,110.7,60,212.5,0.5,0.0,614.5,25.6,0.0,0.0,0,3224.1356985627353,,,2025-05-09 05:47:52
155.7,0.2,45.7,117.9,60.04,212.5,0.7,0.0,614.5,25.7,0.0,0.0,0,3651.4307911433393,,,2025-05-09 05:48:24
156.1,0.3,48.5,127.4,60.04,212.5,0.7,0.0,614.5,25.7,0.0,0.0,0,2602.615563900039,,,2025-05-09 05:48:53
156.2,0.3,50.3,134.1,60.03,212.3,0.7,0.0,614.5,25.8,0.0,0.0,0,1553.8003366567402,,,2025-05-09 05:49:24
157.7,0.3,56.8,147.4,60.02,212.2,0.7,0.0,614.5,25.8,0.0,0.0,0,3301.825715395572,,,2025-05-09 05:49:54
160.6,0.4,69.8,167.2,60,212.6,0.8,0.0,614.5,25.9,0.0,0.0,0,3340.6707238119902,,,2025-05-09 05:50:25
152,0.5,82.0,204.1,60.02,212.6,0.9,0.0,614.5,25.9,0.0,0.0,0,-1748.0253787388315,,,2025-05-09 05:50:54
157.5,0.6,95.0,265.0,59.97,212.4,1.2,0.0,614.5,26,0.0,0.0,0,1748.0253787388322,,,2025-05-09 05:51:26
163.5,0.6,105.9,342.7,60.03,212.4,1.6,0.0,614.5,26.1,0.0,0.0,0,-194.22504208209264,,,2025-05-09 05:51:55
162.1,0.7,111.1,407.7,59.98,212.8,1.9,0.0,614.5,26.1,0.0,0.0,0,-466.1401009970216,,,2025-05-09 05:52:26
159.4,0.6,102.7,361.9,60.02,212.8,1.6,0.0,614.5,26.2,0.0,0.0,0,4894.471060468731,,,2025-05-09 05:52:56
159.2,0.5,91.3,301.1,59.99,213,1.3,0.0,614.5,26.3,0.0,0.0,0,-2874.530622814968,,,2025-05-09 05:53:27
156.2,0.5,84.1,270.3,60.02,212.9,1.2,0.0,614.5,26.4,0.0,0.0,0,2447.235530234365,,,2025-05-09 05:53:56
155.9,0.4,69.9,206.4,59.98,212.7,0.9,0.0,614.5,26.4,0.0,0.0,0,699.2101514955327,,,2025-05-09 05:54:28
153.1,0.4,63.3,177.9,59.98,212.7,0.8,0.0,614.5,26.5,0.0,0.0,0,-2602.615563900039,,,2025-05-09 05:54:57
159.3,0.3,56.3,149.3,60,212.7,0.7,0.0,614.5,26.5,0.0,0.0,0,-2874.530622814968,,,2025-05-09 05:55:28
156.2,0.3,60.8,149.6,60.02,212.6,0.7,0.0,614.5,26.5,0.0,0.0,0,2447.235530234365,,,2025-05-09 05:55:58
157.6,0.4,61.7,149.4,60.01,212.7,0.7,0.0,614.5,26.6,0.0,0.0,0,-2952.220639647805,,,2025-05-09 05:56:29
148.8,0.4,65.5,172.9,60.01,212.7,0.7,0.0,614.5,26.6,0.0,0.0,0,2486.080538650784,,,2025-05-09 05:56:59
153.4,0.4,62.5,154.8,60.02,212.5,0.7,0.0,614.5,26.7,0.0,0.0,0,3068.755664897061,,,2025-05-09 05:57:30
155.3,0.4,63.5,162.0,60.02,212.4,0.8,0.0,614.5,26.7,0.0,0.0,0,-2602.6155639000385,,,2025-05-09 05:57:59
152,0.4,68.0,177.4,59.99,212.3,0.8,0.0,614.5,26.8,0.0,0.0,0,-2019.9404376537611,,,2025-05-09 05:58:30
150.4,0.4,69.6,193.1,60.02,212.2,0.9,0.0,614.5,26.8,0.0,0.0,0,2486.0805386507836,,,2025-05-09 05:59:00
150.3,0.4,62.0,155.2,60.02,212.2,0.7,0.0,614.5,26.9,0.0,0.0,0,1437.2653114074847,,,2025-05-09 05:59:31
154.7,0.4,66.1,169.1,60.03,212.1,0.8,0.0,614.5,27,0.0,0.0,0,4583.710993137383,,,2025-05-09 06:00:01
154.8,0.4,66.0,166.7,60.03,212.1,0.7,0.0,614.5,27,0.0,0.0,0,-2563.7705554836207,,,2025-05-09 06:00:32
148.8,0.5,76.6,200.5,60.02,212.3,0.9,0.0,614.5,27.1,0.0,0.0,0,4700.246018386639,,,2025-05-09 06:01:01
146.2,0.5,86.5,234.8,59.99,212.5,1.1,0.0,614.5,27.1,0.0,0.0,0,-1359.5752945746476,,,2025-05-09 06:01:32
150.1,0.7,113.7,322.6,60.03,212.5,1.5,0.0,614.5,27.2,0.0,0.0,0,-38.84500841641853,,,2025-05-09 06:02:02
157.8,0.7,120.9,361.5,60.03,212.6,1.6,0.0,614.5,27.3,0.0,0.0,0,2563.7705554836207,,,2025-05-09 06:02:33
159.4,1,161.3,469.5,60.03,212.6,2.1,0.0,614.5,27.3,0.0,0.0,0,3340.670723811991,,,2025-05-09 06:03:03
156.2,1.1,176.3,548.5,59.98,212.6,2.6,0.0,614.5,27.4,0.0,0.0,0,776.9001683283698,,,2025-05-09 06:03:34
162.2,1.4,221.8,680.3,60.01,212.8,3.2,0.0,614.5,27.6,0.0,0.0,0,1670.335361905996,,,2025-05-09 06:04:04
160.6,1.5,238.3,739.9,60.03,212.8,3.5,0.0,614.5,27.7,0.0,0.0,0,1437.2653114074847,,,2025-05-09 06:04:34
160.6,1.5,241.1,723.8,60.01,212.6,3.4,0.0,614.5,27.9,0.0,0.0,0,4156.415900556779,,,2025-05-09 06:05:04
163.6,1.4,230.0,699.4,60.02,212,3.2,0.0,614.5,28,0.0,0.0,0,1204.1952609089735,,,2025-05-09 06:05:35
160.6,1.3,227.7,706.9,60.02,211.6,3.3,0.1,614.6,28.2,0.0,0.0,0,815.7451767447891,,,2025-05-09 06:06:05
160.6,1.5,242.8,718.8,60.02,211.7,3.4,0.1,614.6,28.3,0.0,0.0,0,-3457.205749061245,,,2025-05-09 06:06:36
154.7,1.6,245.4,735.1,60.03,211.7,3.4,0.1,614.6,28.4,0.0,0.0,0,-1709.1803703224136,,,2025-05-09 06:07:06
159.3,1.6,253.6,763.3,60.02,211.6,3.6,0.1,614.6,28.5,0.0,0.0,0,-1359.5752945746476,,,2025-05-09 06:07:36
162.1,1.6,258.9,771.6,60,211.5,3.6,0.1,614.6,28.7,0.0,0.0,0,-3068.755664897061,,,2025-05-09 06:08:06
164.2,1.5,242.7,737.0,60.01,211.4,3.5,0.1,614.6,28.8,0.0,0.0,0,5127.541110967241,,,2025-05-09 06:08:37
161.1,1.6,257.0,760.1,60.04,211.4,3.6,0.1,614.6,28.9,0.0,0.0,0,4739.0910268030575,,,2025-05-09 06:09:07
162.1,1.7,273.0,791.2,60.02,211.4,3.8,0.1,614.6,29,0.0,0.1,0,4350.640942638872,,,2025-05-09 06:09:38
164.6,1.7,267.0,796.8,60,211.1,3.8,0.1,614.6,29.2,0.0,0.1,0,1281.8852777418106,,,2025-05-09 06:10:08
163.4,1.6,281.9,803.9,60.02,211.2,3.8,0.1,614.6,29.3,0.0,0.1,0,3185.290690146317,,,2025-05-09 06:10:38
164.6,1.6,285.6,821.1,60.05,211.1,3.9,0.1,614.6,29.4,0.0,0.1,0,-3301.825715395572,,,2025-05-09 06:11:08
162.3,1.7,285.0,812.5,59.99,211.3,3.8,0.1,614.6,29.5,0.0,0.1,0,1165.350252492555,,,2025-05-09 06:11:39
160.8,1.8,295.9,800.5,60.03,211.1,3.9,0.1,614.6,29.6,0.0,0.1,0,-2641.460572316457,,,2025-05-09 06:12:09
161.4,1.9,309.2,863.9,59.98,211.3,4.1,0.1,614.6,29.7,0.0,0.1,0,932.2802019940447,,,2025-05-09 06:12:39
162.2,1.9,315.0,869.3,59.97,211.2,4.1,0.1,614.6,29.8,0.0,0.1,0,4739.091026803057,,,2025-05-09 06:13:10
161.1,2,325.8,878.1,59.98,211.4,4.2,0.2,614.7,29.9,0.0,0.1,0,1359.5752945746476,,,2025-05-09 06:13:40
160.1,2,329.7,881.9,60,211.5,4.2,0.2,614.7,30,0.0,0.1,0,-2719.150589149294,,,2025-05-09 06:14:11
159.3,2,330.4,884.5,59.98,211.5,4.2,0.2,614.7,30.1,0.0,0.1,0,0.0,,,2025-05-09 06:14:41
158.9,2,328.8,870.2,59.99,211.3,4.1,0.2,614.7,30.2,0.0,0.1,0,-388.4500841641853,,,2025-05-09 06:15:11
160.5,2,326.9,865.0,59.98,211.4,4.1,0.2,614.7,30.3,0.0,0.1,0,4039.8808753075236,,,2025-05-09 06:15:41
163.1,2.1,332.0,884.7,60,211.5,4.2,0.2,614.7,30.4,0.0,0.1,0,4700.246018386639,,,2025-05-09 06:16:12
162.2,2.1,338.9,897.4,60.03,211.4,4.2,0.2,614.7,30.5,0.0,0.1,0,-2835.68561439855,,,2025-05-09 06:16:42
162.2,2,330.0,880.6,60,211.4,4.2,0.2,614.7,30.6,0.0,0.1,0,4622.556001553802,,,2025-05-09 06:17:13
163.7,1.9,325.0,868.0,59.99,211.3,4,0.2,614.7,30.7,0.0,0.1,0,-2330.70050498511,,,2025-05-09 06:17:43
162.1,1.9,328.8,878.0,60.01,211.3,4.1,0.2,614.7,30.8,0.0,0.1,0,2058.7854460701806,,,2025-05-09 06:18:13
159.2,2.1,329.1,838.9,60.02,211.3,4,0.2,614.7,31,0.0,0.1,0,1359.575294574647,,,2025-05-09 06:18:43
159.2,2,329.3,869.8,59.97,211.2,4.1,0.2,614.7,31.1,0.1,0.1,0,-349.60507574776676,,,2025-05-09 06:19:14
162.8,1.9,306.6,815.3,59.98,211.1,3.9,0.2,614.7,31.2,0.1,0.2,0,-1281.8852777418106,,,2025-05-09 06:19:44
162.1,1.9,311.3,807.8,60.01,211.1,3.9,0.2,614.7,31.3,0.1,0.2,0,4311.795934222454,,,2025-05-09 06:20:15
153.1,2.3,347.1,931.4,59.98,211.1,4.3,0.3,614.8,31.4,0.1,0.2,0,932.2802019940439,,,2025-05-09 06:20:45
162,2.2,358.6,944.6,60,211.2,4.4,0.3,614.8,31.6,0.1,0.2,0,77.69001683283706,,,2025-05-09 06:21:15
162.1,2.2,361.8,946.1,59.97,211.3,4.3,0.3,614.8,31.7,0.1,0.2,0,2913.375631231387,,,2025-05-09 06:21:45
162.2,2.3,369.8,956.6,60.03,211.5,4.4,0.3,614.8,31.8,0.1,0.2,0,3340.6707238119902,,,2025-05-09 06:22:16
162.2,2.3,377.9,972.2,60.03,211.6,4.5,0.3,614.8,32,0.1,0.2,0,427.2950925806038,,,2025-05-09 06:22:46
161.8,2.4,383.3,980.3,60.03,211.3,4.6,0.3,614.8,32.2,0.1,0.2,0,-1126.5052440761358,,,2025-05-09 06:23:17
162,2.3,365.0,930.4,60.01,211.3,4.3,0.3,614.8,32.3,0.1,0.2,0,2330.7005049851095,,,2025-05-09 06:23:47
162,2.1,345.8,885.2,59.99,211.3,4.1,0.3,614.8,32.4,0.1,0.2,0,-1709.1803703224136,,,2025-05-09 06:24:18
161.4,1.8,297.1,724.2,60,211,3.4,0.3,614.8,32.5,0.1,0.2,0,-854.5901851612076,,,2025-05-09 06:24:47
154.4,1.6,258.6,658.5,59.99,211.2,2.9,0.3,614.8,32.5,0.1,0.2,0,-1592.645345073158,,,2025-05-09 06:25:18
159.2,1,173.4,383.2,59.99,210.7,1.7,0.3,614.8,32.5,0.1,0.2,0,77.69001683283706,,,2025-05-09 06:25:48
156.1,0.8,137.1,291.3,60.04,210.7,1.3,0.3,614.8,32.5,0.1,0.2,0,-271.91505891492966,,,2025-05-09 06:26:19
153.2,0.9,139.9,313.5,60.03,210.8,1.4,0.3,614.8,32.4,0.1,0.2,0,466.14010099702233,,,2025-05-09 06:26:49
158.7,1.2,184.1,437.3,60.04,211,2.1,0.3,614.8,32.4,0.1,0.2,0,1942.2504208209248,,,2025-05-09 06:27:20
159.2,1.4,227.4,563.7,60,211.1,2.6,0.3,614.8,32.5,0.1,0.2,0,3690.275799559757,,,2025-05-09 06:27:49
159.7,2.2,353.5,920.3,60.05,211.7,4.3,0.3,614.8,32.6,0.1,0.2,0,504.98510941344085,,,2025-05-09 06:28:20
160.8,2.4,376.2,977.8,60.02,211.8,4.5,0.4,614.9,32.7,0.1,0.2,0,3185.290690146317,,,2025-05-09 06:28:50
158.1,2.5,392.3,1010.8,59.98,211.7,4.7,0.4,614.9,32.9,0.1,0.2,0,2291.855496568691,,,2025-05-09 06:29:21
160.4,2.5,396.3,1015.7,59.97,211.7,4.7,0.4,614.9,33.1,0.1,0.2,0,1553.8003366567395,,,2025-05-09 06:29:51
160.9,2.3,365.1,948.5,59.97,211.5,4.4,0.4,614.9,33.2,0.1,0.2,0,2524.925547067202,,,2025-05-09 06:30:22
157.7,2.5,385.6,985.7,60.01,211.7,4.7,0.4,614.9,33.3,0.1,0.3,0,3806.8108248090125,,,2025-05-09 06:30:51
162,2.5,400.0,1011.7,60,211.5,4.7,0.4,614.9,33.4,0.1,0.3,0,-815.7451767447891,,,2025-05-09 06:31:23
162.1,2.5,403.6,1021.7,60.02,211.7,4.8,0.4,614.9,33.5,0.1,0.3,0,-233.07005049851116,,,2025-05-09 06:31:52
162.1,2.5,409.1,1033.1,60.01,211.7,4.8,0.4,614.9,33.6,0.1,0.3,0,3301.825715395572,,,2025-05-09 06:32:23
162.1,2.5,406.7,1036.3,60.01,211.6,4.8,0.4,614.9,33.6,0.1,0.3,0,699.2101514955327,,,2025-05-09 06:32:53
162.1,2.5,414.8,1036.2,60.03,211.8,4.8,0.4,614.9,33.7,0.1,0.3,0,0.0,,,2025-05-09 06:33:24
162.1,2.5,413.2,1036.7,59.98,211.6,4.8,0.4,614.9,33.8,0.1,0.3,0,1320.730286158229,,,2025-05-09 06:33:53
163.2,2.5,411.5,1030.2,60.02,211.5,4.8,0.4,614.9,34,0.1,0.3,0,-504.98510941344085,,,2025-05-09 06:34:25
162.1,2.5,410.8,1027.4,59.98,211.5,4.8,0.5,615.0,34.1,0.1,0.3,0,-427.2950925806038,,,2025-05-09 06:34:54
159,2.6,412.2,1029.9,59.97,211.6,4.8,0.5,615.0,34.1,0.1,0.3,0,116.53502524925486,,,2025-05-09 06:35:25
163.5,2.4,413.2,1029.9,59.99,211.7,4.7,0.5,615.0,34.2,0.1,0.3,0,3923.3458500582683,,,2025-05-09 06:35:54
159.2,2.6,416.6,1033.1,60.02,211.7,4.8,0.5,615.0,34.4,0.1,0.3,0,3962.1908584746866,,,2025-05-09 06:36:26
164.7,2.6,401.0,1015.2,59.98,211.7,4.8,0.5,615.0,34.5,0.2,0.3,0,1204.1952609089735,,,2025-05-09 06:36:55
159.2,2.6,421.9,1038.3,60.02,211.7,4.9,0.5,615.0,34.7,0.2,0.3,0,582.6751262462778,,,2025-05-09 06:37:27
162.2,2.6,424.8,1042.9,60.01,211.9,4.9,0.5,615.0,34.8,0.2,0.3,0,3612.5857827269206,,,2025-05-09 06:37:56
164.9,2.6,412.2,1042.6,60.03,212.8,4.9,0.5,615.0,34.9,0.2,0.3,0,2991.065648064224,,,2025-05-09 06:38:27
157.4,2.8,428.9,1055.3,60.03,213.1,4.8,0.5,615.0,35,0.2,0.3,0,582.6751262462778,,,2025-05-09 06:38:56
160.6,2.8,444.0,1076.0,59.98,213.1,5,0.5,615.0,35.1,0.2,0.3,0,1009.9702188268809,,,2025-05-09 06:39:28
163.5,2.7,428.2,1056.6,60,213,5,0.5,615.0,35.2,0.2,0.4,0,-1048.8152272432988,,,2025-05-09 06:39:57
157.7,2.8,437.5,1061.3,60.01,212.9,4.9,0.6,615.1,35.2,0.2,0.4,0,2796.8406059821323,,,2025-05-09 06:40:29
159.2,2.8,445.6,1065.1,60.03,212.9,5,0.6,615.1,35.3,0.2,0.4,0,1942.250420820924,,,2025-05-09 06:40:58
159.7,2.7,446.0,1067.8,60.01,213.2,4.9,0.6,615.1,35.4,0.2,0.4,0,1709.180370322413,,,2025-05-09 06:41:30
159.2,2.9,453.2,1056.0,60,213.2,5,0.6,615.1,35.5,0.2,0.4,0,2796.8406059821323,,,2025-05-09 06:41:58
159.2,2.8,455.1,1081.5,59.98,213.2,5,0.6,615.1,35.6,0.2,0.4,0,1592.6453450731588,,,2025-05-09 06:42:30
159.2,2.8,442.2,1040.0,60.02,212.9,4.8,0.6,615.1,35.7,0.2,0.4,0,2214.1654797358533,,,2025-05-09 06:42:59
160.2,2.6,428.8,988.0,60.03,212.9,4.6,0.6,615.1,35.7,0.2,0.4,0,-971.1252104104617,,,2025-05-09 06:43:31
159.1,2.8,439.9,1020.2,59.99,213,4.7,0.6,615.1,35.7,0.2,0.4,0,1631.4903534895773,,,2025-05-09 06:44:00
161.9,2.8,454.4,1054.2,59.98,213,4.8,0.6,615.1,35.9,0.2,0.4,0,2408.390521817947,,,2025-05-09 06:44:32
159.2,2.9,463.8,1067.2,60.01,212.9,5,0.6,615.1,35.9,0.2,0.4,0,-1281.88527774181,,,2025-05-09 06:45:00
160.7,2.9,475.0,1085.4,60.01,212.9,5.1,0.6,615.1,36.1,0.2,0.4,0,-1359.575294574647,,,2025-05-09 06:45:32
159.2,3.1,483.6,1105.4,60.01,212.8,5.1,0.7,615.2,36.1,0.2,0.4,0,2253.010488152273,,,2025-05-09 06:46:01
162.2,2.9,480.6,1106.4,59.97,212.7,5.1,0.7,615.2,36.2,0.2,0.4,0,2563.770555483621,,,2025-05-09 06:46:33
159.2,3.1,490.0,1110.3,60.02,212.8,5.2,0.7,615.2,36.3,0.2,0.4,0,1553.8003366567402,,,2025-05-09 06:47:02
161.1,3,496.3,1120.1,60.02,212.9,5.2,0.7,615.2,36.4,0.2,0.4,0,1048.8152272432988,,,2025-05-09 06:47:34
159.2,3.2,507.4,1146.0,60.02,212.9,5.3,0.7,615.2,36.5,0.2,0.4,0,-427.29509258060233,,,2025-05-09 06:48:02
162.1,3.1,502.2,1145.0,60.04,213,5.3,0.7,615.2,36.5,0.2,0.5,0,2757.995597565714,,,2025-05-09 06:48:34
159.1,3.2,511.3,1149.3,60.01,212.9,5.3,0.7,615.2,36.6,0.2,0.5,0,2408.390521817947,,,2025-05-09 06:49:03
161.7,3.1,514.5,1164.8,60.02,212.9,5.4,0.7,615.2,36.6,0.3,0.5,0,-1009.9702188268802,,,2025-05-09 06:49:35
159.2,3.3,527.1,1180.8,59.99,213,5.5,0.7,615.2,36.7,0.3,0.5,0,-971.1252104104617,,,2025-05-09 06:50:04
162.1,3.2,521.6,1187.3,60,212.9,5.5,0.7,615.2,36.8,0.3,0.5,0,1048.8152272432994,,,2025-05-09 06:50:36
159.2,3.4,539.0,1205.1,59.99,213.1,5.6,0.7,615.2,36.8,0.3,0.5,0,2719.1505891492952,,,2025-05-09 06:51:04
161.9,3.4,536.2,1209.0,60.03,213.2,5.6,0.8,615.3,36.9,0.3,0.5,0,2291.8554965686917,,,2025-05-09 06:51:37
159.2,3.4,547.0,1217.0,60,213.3,5.7,0.8,615.3,36.9,0.3,0.5,0,1476.1103198239032,,,2025-05-09 06:52:05
161.8,3.4,535.9,1211.6,60.02,213.1,5.7,0.8,615.3,36.9,0.3,0.5,0,-1126.5052440761358,,,2025-05-09 06:52:37
159.2,3.5,552.0,1225.0,60.02,213.1,5.6,0.8,615.3,37,0.3,0.5,0,1903.4054124045063,,,2025-05-09 06:53:06
162,3.5,540.0,1215.4,60.03,212.9,5.7,0.8,615.3,37,0.3,0.5,0,1942.2504208209248,,,2025-05-09 06:53:38
159.2,3.5,554.3,1223.5,60.02,213.1,5.7,0.8,615.3,37,0.3,0.5,0,-1009.9702188268802,,,2025-05-09 06:54:06
161.5,3.5,539.9,1212.2,59.99,213,5.7,0.8,615.3,37,0.3,0.5,0,-1165.3502524925543,,,2025-05-09 06:54:39
159.2,3.4,560.3,1228.5,59.99,212.9,5.7,0.8,615.3,37.1,0.3,0.5,0,1864.560403988087,,,2025-05-09 06:55:07
162,3.5,543.8,1209.0,59.97,213.1,5.7,0.8,615.3,37.2,0.3,0.5,0,-621.520134662695,,,2025-05-09 06:55:39
159.2,3.4,559.3,1225.0,59.98,213,5.6,0.9,615.4,37.3,0.3,0.5,0,-427.2950925806038,,,2025-05-09 06:56:08
161.2,3.5,541.3,1203.9,60,213,5.6,0.9,615.4,37.4,0.3,0.6,0,-504.98510941343943,,,2025-05-09 06:56:40
159.1,3.6,562.8,1223.0,60,212.9,5.7,0.9,615.4,37.4,0.3,0.6,0,1981.0954292373442,,,2025-05-09 06:57:08
156.2,3.7,574.5,1252.8,60.02,212.9,5.8,0.9,615.4,37.6,0.3,0.6,0,-1204.1952609089728,,,2025-05-09 06:57:41
159.3,3.5,580.8,1260.9,60.01,213,5.8,0.9,615.4,37.7,0.3,0.6,0,1281.8852777418106,,,2025-05-09 06:58:09
156.6,3.7,586.4,1264.2,59.99,213,5.9,0.9,615.4,37.8,0.3,0.6,0,2369.5455134015288,,,2025-05-09 06:58:41
156.1,3.8,585.7,1255.8,60.01,213,5.9,0.9,615.4,37.9,0.3,0.6,0,1243.040269325392,,,2025-05-09 06:59:09
156.7,3.8,594.3,1270.8,60.02,213,6,0.9,615.4,38,0.3,0.6,0,116.53502524925558,,,2025-05-09 06:59:42
158.9,3.9,601.5,1282.1,60.02,212.9,6,0.9,615.4,38.1,0.3,0.6,0,-1048.8152272432988,,,2025-05-09 07:00:10
158.8,3.9,612.0,1292.5,60.02,213,6,0.9,615.4,38.2,0.4,0.6,0,1165.3502524925557,,,2025-05-09 07:00:43
156.1,4,625.4,1311.4,60,213.1,6.1,1.0,615.5,38.3,0.4,0.6,0,-738.0551599119506,,,2025-05-09 07:01:11
154.8,4.1,633.9,1324.6,60.03,213.3,6.1,1.0,615.5,38.5,0.4,0.6,0,1981.0954292373433,,,2025-05-09 07:01:44
156.2,4.1,641.6,1332.6,60.05,212.9,6.3,1.0,615.5,38.6,0.4,0.6,0,1126.5052440761365,,,2025-05-09 07:02:11
153.3,4.2,642.8,1331.1,60.02,212.8,6.2,1.0,615.5,38.7,0.4,0.6,0,310.76006733134824,,,2025-05-09 07:02:44
156.4,4.2,654.9,1344.7,59.98,213,6.3,1.0,615.5,38.8,0.4,0.6,0,1514.9553282403217,,,2025-05-09 07:03:12
154.3,4.3,656.7,1346.1,59.99,213.1,6.3,1.0,615.5,38.9,0.4,0.6,0,1165.3502524925543,,,2025-05-09 07:03:45
156.2,4.2,660.1,1343.9,59.99,213,6.3,1.0,615.5,39,0.4,0.7,0,932.2802019940432,,,2025-05-09 07:04:13
153,4.3,654.4,1340.3,59.98,213.1,6.2,1.0,615.5,39.1,0.4,0.7,0,-854.5901851612061,,,2025-05-09 07:04:46
156.2,4.3,671.4,1361.0,59.99,213.2,6.3,1.0,615.5,39.1,0.4,0.7,0,2097.6304544865984,,,2025-05-09 07:05:13
153.7,4.4,670.8,1361.3,60.01,213.1,6.4,1.1,615.6,39.3,0.4,0.7,0,2680.305580732877,,,2025-05-09 07:05:46
156.2,4.3,670.4,1365.4,59.99,213.1,6.4,1.1,615.6,39.4,0.4,0.7,0,504.98510941344085,,,2025-05-09 07:06:14
153.1,4.4,676.5,1378.6,60.05,213.2,6.5,1.1,615.6,39.5,0.4,0.7,0,1243.040269325392,,,2025-05-09 07:06:47
156.2,4.4,686.1,1376.5,60.03,213.1,6.5,1.1,615.6,39.6,0.4,0.7,0,-699.210151495532,,,2025-05-09 07:07:15
153.3,4.4,685.1,1393.0,60.03,213.1,6.4,1.1,615.6,39.8,0.4,0.7,0,1398.4203029910661,,,2025-05-09 07:07:48
156.1,4.5,692.1,1407.2,60.04,213.1,6.6,1.1,615.6,39.9,0.4,0.7,0,2019.9404376537611,,,2025-05-09 07:08:15
153.4,4.5,683.6,1386.4,60.03,213,6.6,1.1,615.6,40,0.4,0.7,0,-388.4500841641838,,,2025-05-09 07:08:48
156.2,4.5,691.3,1407.7,60.05,213.1,6.6,1.1,615.6,40.1,0.4,0.7,0,1398.4203029910648,,,2025-05-09 07:09:16
153.1,4.4,679.9,1391.6,60.01,213,6.6,1.2,615.7,40.2,0.5,0.7,0,427.2950925806038,,,2025-05-09 07:09:49
156.2,4.4,678.2,1389.7,59.97,212.8,6.5,1.2,615.7,40.3,0.5,0.7,0,2408.390521817947,,,2025-05-09 07:10:17
153.5,4.3,664.1,1367.1,59.98,212.8,6.4,1.2,615.7,40.4,0.5,0.7,0,2019.9404376537627,,,2025-05-09 07:10:50
156.1,4.3,668.5,1376.3,59.99,213.1,6.5,1.2,615.7,40.5,0.5,0.7,0,-621.520134662695,,,2025-05-09 07:11:17
153.3,4.3,664.2,1371.8,60.02,213.1,6.5,1.2,615.7,40.6,0.5,0.8,0,-971.1252104104617,,,2025-05-09 07:11:51
156.2,4.2,657.4,1350.9,60.01,213,6.3,1.2,615.7,40.7,0.5,0.8,0,-1009.9702188268802,,,2025-05-09 07:12:18
156.1,3.9,613.7,1279.2,59.99,212.8,6,1.2,615.7,40.8,0.5,0.8,0,2175.3204713194345,,,2025-05-09 07:12:51
153.2,4.3,662.9,1350.9,59.99,213.1,6.3,1.2,615.7,40.9,0.5,0.8,0,2097.6304544865984,,,2025-05-09 07:13:19
156.3,4.3,666.1,1364.3,60.03,213.1,6.3,1.2,615.7,41,0.5,0.8,0,1670.335361905996,,,2025-05-09 07:13:52
154.7,4.3,664.0,1350.2,60.02,212.9,6.3,1.3,615.8,41.1,0.5,0.8,0,-504.98510941344085,,,2025-05-09 07:14:19
156.2,4.3,667.4,1356.6,60.03,213.1,6.4,1.3,615.8,41.2,0.5,0.8,0,699.210151495532,,,2025-05-09 07:14:53
156.6,4.3,661.4,1354.2,60.02,212.9,6.4,1.3,615.8,41.2,0.5,0.8,0,1398.4203029910661,,,2025-05-09 07:15:20
156.3,4.4,679.6,1376.5,60,212.9,6.4,1.3,615.8,41.3,0.5,0.8,0,2214.1654797358547,,,2025-05-09 07:15:53
153.3,4.5,680.2,1371.6,60.01,213.2,6.3,1.3,615.8,41.4,0.5,0.8,0,1514.9553282403203,,,2025-05-09 07:16:21
154.2,4.5,680.3,1358.3,60,213,6.4,1.3,615.8,41.5,0.5,0.8,0,-815.7451767447876,,,2025-05-09 07:16:54
153.3,4.5,687.8,1380.5,59.99,213,6.5,1.3,615.8,41.5,0.5,0.8,0,-776.9001683283691,,,2025-05-09 07:17:21
153.3,4.6,697.2,1398.9,60.02,213,6.6,1.3,615.8,41.4,0.5,0.8,0,1009.9702188268802,,,2025-05-09 07:17:55
152.9,4.6,692.7,1391.0,60,213,6.5,1.3,615.8,41.4,0.5,0.8,0,-388.4500841641838,,,2025-05-09 07:18:22
150.8,4.6,691.0,1380.5,60.04,212.8,6.4,1.4,615.9,41.3,0.6,0.8,0,621.5201346626965,,,2025-05-09 07:18:55
155,4.5,685.8,1366.8,60.03,212.9,6.4,1.4,615.9,41.3,0.6,0.9,0,504.98510941344085,,,2025-05-09 07:19:23
151.8,4.5,690.1,1357.4,60.01,212.7,6.4,1.4,615.9,41.2,0.6,0.9,0,-543.830117829858,,,2025-05-09 07:19:56
156,4.5,696.0,1380.1,60.01,212.8,6.4,1.4,615.9,41.2,0.6,0.9,0,310.76006733134824,,,2025-05-09 07:20:23
155.9,4.5,706.5,1396.5,60,212.6,6.6,1.4,615.9,41.1,0.6,0.9,0,-543.8301178298593,,,2025-05-09 07:20:57
154.4,3.6,599.1,1215.4,60.02,212.3,5.2,1.4,615.9,41.1,0.6,0.9,0,116.53502524925558,,,2025-05-09 07:21:24
153.3,4.2,632.6,1225.0,59.98,212.4,5.8,1.4,615.9,41,0.6,0.9,0,1087.6602356597186,,,2025-05-09 07:21:58
154.8,4.8,739.2,1420.1,59.98,212.4,6.6,1.4,615.9,40.9,0.6,0.9,0,-660.3651430791135,,,2025-05-09 07:22:24
153.1,4.2,645.3,1303.0,59.99,212.3,6,1.5,616.0,41,0.6,0.9,0,233.07005049851116,,,2025-05-09 07:22:58
152.5,2.9,537.0,1105.9,60,212.3,4.1,1.5,616.0,41,0.6,0.9,0,1320.730286158229,,,2025-05-09 07:23:25
150.5,4.9,728.3,1378.5,60.01,212.8,6.6,1.5,616.0,40.8,0.6,0.9,0,-2253.0104881522716,,,2025-05-09 07:23:59
154.7,5,760.0,1471.4,60.01,212.8,6.9,1.5,616.0,40.9,0.6,0.9,0,-2214.1654797358533,,,2025-05-09 07:24:26
156.1,5,757.1,1460.0,60.02,212.9,6.9,1.5,616.0,41,0.6,0.9,0,349.60507574776676,,,2025-05-09 07:25:00
153.1,4.9,748.8,1459.8,59.99,213,6.9,1.5,616.0,41.1,0.6,0.9,0,-582.6751262462765,,,2025-05-09 07:25:26
154.7,5,765.8,1463.9,60.02,212.8,6.9,1.5,616.0,41.1,0.6,0.9,0,-2097.630454486599,,,2025-05-09 07:26:00
157.6,4.8,741.6,1452.8,60.03,212.9,6.9,1.5,616.0,41.1,0.6,0.9,0,-2175.3204713194345,,,2025-05-09 07:26:27
154.7,5,763.0,1464.5,60.04,212.9,6.9,1.5,616.0,41.1,0.7,0.9,0,0.0,,,2025-05-09 07:27:01
154.6,4.9,760.6,1467.7,60.03,212.9,6.8,1.6,616.1,41.1,0.7,1.0,0,-271.91505891492824,,,2025-05-09 07:27:28
156.6,4.9,726.7,1414.9,59.98,212.9,6.8,1.6,616.1,41.1,0.7,1.0,0,-233.07005049850972,,,2025-05-09 07:28:02
154.4,4.9,746.9,1445.7,59.99,213.1,6.7,1.6,616.1,41.1,0.7,1.0,0,77.69001683283706,,,2025-05-09 07:28:28
154.6,4.8,730.0,1412.1,60.04,213.1,6.6,1.6,616.1,41.1,0.7,1.0,0,194.2250420820912,,,2025-05-09 07:29:03
151.9,4.8,731.1,1411.9,59.99,212.9,6.6,1.6,616.1,41.1,0.7,1.0,0,582.6751262462765,,,2025-05-09 07:29:29
152.8,4.8,731.0,1408.8,60.01,212.8,6.6,1.6,616.1,41.1,0.7,1.0,0,-2369.5455134015288,,,2025-05-09 07:30:03
152,4.6,715.3,1373.6,60.02,212.8,6.4,1.6,616.1,41.1,0.7,1.0,0,-660.365143079115,,,2025-05-09 07:30:30
152.4,4.6,709.2,1357.2,59.97,212.5,6.3,1.6,616.1,41,0.7,1.0,0,466.14010099702085,,,2025-05-09 07:31:04
154.7,4.5,695.2,1327.0,59.96,212.3,6.2,1.7,616.2,41,0.7,1.0,0,-2524.925547067203,,,2025-05-09 07:31:30
154.3,4.6,701.1,1327.7,59.96,212.3,6.3,1.7,616.2,41,0.7,1.0,0,77.69001683283706,,,2025-05-09 07:32:05
154.7,4.7,701.6,1331.6,59.98,212.6,6.2,1.7,616.2,40.9,0.7,1.0,0,-2835.685614398551,,,2025-05-09 07:32:31
153.5,4.6,691.4,1304.3,59.99,212.5,6.1,1.7,616.2,40.9,0.7,1.0,0,-2680.305580732877,,,2025-05-09 07:33:05
151.7,4.5,673.5,1267.2,59.99,212.3,6,1.7,616.2,40.9,0.7,1.0,0,-932.2802019940447,,,2025-05-09 07:33:32
152,4.6,700.2,1322.5,60.01,212.5,6.2,1.7,616.2,40.8,0.7,1.0,0,-1786.8703871552507,,,2025-05-09 07:34:06
151.7,4.7,705.0,1334.8,60.01,212.6,6.2,1.7,616.2,40.8,0.7,1.0,0,-2486.080538650784,,,2025-05-09 07:34:32
153,4.7,707.2,1340.1,60.01,212.8,6.3,1.7,616.2,40.8,0.7,1.0,0,-1553.8003366567395,,,2025-05-09 07:35:07
152.2,4.5,692.8,1310.5,60.01,212.8,6,1.7,616.2,40.9,0.8,1.1,0,-504.98510941344085,,,2025-05-09 07:35:33
154.7,4.5,689.3,1306.2,60.02,212.9,6.1,1.8,616.3,40.9,0.8,1.1,0,-1903.4054124045063,,,2025-05-09 07:36:08
154.7,4.6,700.1,1326.9,59.98,212.8,6.2,1.8,616.3,40.9,0.8,1.1,0,-1786.8703871552507,,,2025-05-09 07:36:34
153.9,4.6,707.7,1333.9,59.99,212.9,6.2,1.8,616.3,41,0.8,1.1,0,349.6050757477653,,,2025-05-09 07:37:08
152.6,3.6,561.3,1068.4,59.97,212.5,4.9,1.8,616.3,41.1,0.8,1.1,0,194.2250420820912,,,2025-05-09 07:37:34
151.4,2,315.9,601.7,59.99,211.9,2.6,1.8,616.3,41,0.8,1.1,0,-77.69001683283706,,,2025-05-09 07:38:09
149.2,2.2,317.7,586.7,59.98,211.7,2.9,1.8,616.3,40.7,0.8,1.1,0,388.4500841641838,,,2025-05-09 07:38:35
151.2,3.1,510.7,997.3,60.03,212,4.2,1.8,616.3,40.6,0.8,1.1,0,-2330.70050498511,,,2025-05-09 07:39:10
151.7,1.8,273.1,491.7,59.99,211.3,2.2,1.8,616.3,40.4,0.8,1.1,0,-1631.4903534895766,,,2025-05-09 07:39:36
151.7,1.6,249.6,456.3,60.04,211.2,2.1,1.8,616.3,40.1,0.8,1.1,0,-1204.1952609089742,,,2025-05-09 07:40:10
146.1,2.2,301.3,545.3,60,211.3,2.7,1.8,616.3,40,0.8,1.1,0,-310.76006733134824,,,2025-05-09 07:40:36
147.4,4.9,702.4,1304.6,59.98,212.4,6.1,1.8,616.3,39.9,0.8,1.1,0,-3068.755664897062,,,2025-05-09 07:41:11
152.4,4.8,722.8,1343.8,60.02,212.7,6.4,1.8,616.3,40.1,0.8,1.1,0,-1320.73028615823,,,2025-05-09 07:41:37
156,4.7,716.2,1339.0,60.01,212.7,6.3,1.9,616.4,40.2,0.8,1.1,0,-582.6751262462778,,,2025-05-09 07:42:12
151.1,4.8,720.5,1354.6,59.99,212.6,6.4,1.9,616.4,40.3,0.8,1.1,0,-2796.8406059821323,,,2025-05-09 07:42:38
156.1,4.8,734.5,1369.1,60.03,212.8,6.4,1.9,616.4,40.4,0.8,1.1,0,-2330.70050498511,,,2025-05-09 07:43:13
153,4.8,718.8,1339.5,60.04,212.7,6.3,1.9,616.4,40.4,0.8,1.1,0,-2602.61556390004,,,2025-05-09 07:43:38
155.8,4.9,734.2,1370.0,60.02,212.8,6.4,1.9,616.4,40.5,0.8,1.1,0,-1786.8703871552507,,,2025-05-09 07:44:13
151.9,4.8,716.7,1339.2,59.98,212.7,6.3,1.9,616.4,40.5,0.8,1.1,0,776.9001683283691,,,2025-05-09 07:44:39
156.2,4.8,717.5,1337.7,60,212.6,6.3,1.9,616.4,40.5,0.8,1.2,0,-1087.6602356597186,,,2025-05-09 07:45:14
150.6,4.7,710.8,1313.5,60.04,212.7,6.2,1.9,616.4,40.6,0.9,1.2,0,582.6751262462765,,,2025-05-09 07:45:40
155.3,4.8,724.5,1349.2,60,212.8,6.4,1.9,616.4,40.6,0.9,1.2,0,-349.60507574776676,,,2025-05-09 07:46:15
152.6,4.8,725.5,1349.2,59.99,212.8,6.4,2.0,616.5,40.6,0.9,1.2,0,-233.07005049851116,,,2025-05-09 07:46:40
156.3,4.3,616.2,1197.7,60.02,212.8,5.7,2.0,616.5,40.7,0.9,1.2,0,-2524.925547067203,,,2025-05-09 07:47:15
155.7,4.6,695.6,1299.3,60,212.7,6.1,2.0,616.5,40.7,0.9,1.2,0,-738.055159911952,,,2025-05-09 07:47:41
152.3,4.8,716.0,1327.1,59.97,212.6,6.3,2.0,616.5,40.8,0.9,1.2,0,271.91505891492824,,,2025-05-09 07:48:16
154.9,3.5,576.1,1060.1,60,212.2,4.6,2.0,616.5,40.8,0.9,1.2,0,-194.22504208209264,,,2025-05-09 07:48:41
153.5,4.2,629.7,1137.1,60.02,212.3,5.5,2.0,616.5,40.6,0.9,1.2,0,-893.4351935776261,,,2025-05-09 07:49:17
155.4,4.8,768.9,1399.9,59.96,212.4,6.6,2.0,616.5,40.6,0.9,1.2,0,-1243.040269325393,,,2025-05-09 07:49:42
156.1,5,755.4,1395.7,59.98,212.6,6.7,2.0,616.5,40.8,0.9,1.2,0,-2369.5455134015288,,,2025-05-09 07:50:17
154.7,5.1,779.7,1423.5,60.03,212.7,6.7,2.0,616.5,40.8,0.9,1.2,0,-1476.110319823904,,,2025-05-09 07:50:43
152.6,5.1,789.9,1430.1,59.98,212.5,6.7,2.1,616.6,40.9,0.9,1.2,0,-1165.3502524925557,,,2025-05-09 07:51:18
153.4,5.2,791.2,1442.7,60.01,212.8,6.7,2.1,616.6,40.9,0.9,1.2,0,-77.69001683283706,,,2025-05-09 07:51:43
154.4,5,765.8,1386.6,60.03,212.4,6.5,2.1,616.6,41.1,0.9,1.2,0,-1709.1803703224136,,,2025-05-09 07:52:19
151.9,5,748.8,1360.1,59.99,212.4,6.4,2.1,616.6,41.1,0.9,1.2,0,-1631.4903534895766,,,2025-05-09 07:52:44
151.8,4.9,743.4,1339.2,59.99,212.8,6.3,2.1,616.6,41.1,0.9,1.2,0,-1398.420302991067,,,2025-05-09 07:53:20
152.6,4.9,730.0,1328.0,60,212.7,6.2,2.1,616.6,41.2,1.0,1.2,0,-2563.770555483621,,,2025-05-09 07:53:45
151.8,4.8,725.1,1310.6,60.01,212.7,6.2,2.1,616.6,41.2,1.0,1.3,0,-1398.420302991067,,,2025-05-09 07:54:20
151.7,4.9,734.6,1326.7,60,212.8,6.2,2.1,616.6,41.3,1.0,1.3,0,-4350.640942638872,,,2025-05-09 07:54:45
151.8,5,755.3,1354.2,60.05,212.7,6.4,2.1,616.6,41.3,1.0,1.3,0,-6642.496439207563,,,2025-05-09 07:55:21
151.5,5,753.1,1363.2,60,212.9,6.5,2.2,616.7,41.3,1.0,1.3,0,-6215.20134662696,,,2025-05-09 07:55:46
151.8,4.9,754.3,1348.8,60.01,212.8,6.4,2.2,616.7,41.4,1.0,1.3,0,-4234.1059173896165,,,2025-05-09 07:56:22
154.6,4.7,723.7,1301.3,59.96,212.6,6.1,2.2,616.7,41.5,1.0,1.3,0,-1126.5052440761372,,,2025-05-09 07:56:47
152.1,4.7,719.9,1284.0,59.98,212.4,6,2.2,616.7,41.6,1.0,1.3,0,-77.69001683283706,,,2025-05-09 07:57:22
151.8,4.9,733.8,1315.5,60,212.7,6.2,2.2,616.7,41.6,1.0,1.3,0,-1786.8703871552507,,,2025-05-09 07:57:47
151.8,4.9,734.3,1298.8,59.99,212.6,6,2.2,616.7,41.7,1.0,1.3,0,-3185.2906901463175,,,2025-05-09 07:58:23
152.8,4.8,724.2,1294.9,60.02,212.6,6,2.2,616.7,41.7,1.0,1.3,0,-2097.630454486599,,,2025-05-09 07:58:48
154.8,4.9,750.5,1348.8,59.98,212.8,6.3,2.2,616.7,41.8,1.0,1.3,0,155.38003366567267,,,2025-05-09 07:59:24
151.8,5,763.0,1358.5,60.03,212.8,6.4,2.2,616.7,41.8,1.0,1.3,0,-2136.4754629030176,,,2025-05-09 07:59:49
151.8,5.2,781.3,1383.9,60.04,212.7,6.5,2.3,616.8,41.8,1.0,1.3,0,-1942.2504208209248,,,2025-05-09 08:00:25
151.8,5.1,784.7,1395.1,60.05,212.8,6.5,2.3,616.8,41.9,1.0,1.3,0,-2136.4754629030163,,,2025-05-09 08:00:49
149.7,5.3,791.1,1403.9,60.06,212.7,6.6,2.3,616.8,42,1.0,1.3,0,-1670.3353619059951,,,2025-05-09 08:01:25
151.7,5.2,792.2,1403.0,60.02,212.7,6.6,2.3,616.8,42.1,1.1,1.3,0,-2175.320471319436,,,2025-05-09 08:01:50
151,5.1,774.8,1366.3,60.03,212.7,6.4,2.3,616.8,42.2,1.1,1.3,0,854.5901851612061,,,2025-05-09 08:02:26
151.7,4.8,722.3,1273.5,60,212.7,5.9,2.3,616.8,42.3,1.1,1.4,0,776.9001683283691,,,2025-05-09 08:02:51
154.1,4.6,706.0,1242.4,60.04,212.5,5.8,2.3,616.8,42.3,1.1,1.4,0,-2019.9404376537618,,,2025-05-09 08:03:27
151.4,4.5,682.5,1200.6,60.01,212.5,5.6,2.3,616.8,42.4,1.1,1.4,0,194.2250420820912,,,2025-05-09 08:03:51
152.9,4.3,669.3,1170.2,60.01,212.4,5.5,2.3,616.8,42.3,1.1,1.4,0,-2524.925547067203,,,2025-05-09 08:04:27
151.8,4.3,650.4,1140.5,60.03,212.4,5.3,2.4,616.9,42.2,1.1,1.4,0,-854.5901851612076,,,2025-05-09 08:04:52
155.4,4.3,645.1,1143.6,60.01,212.2,5.4,2.4,616.9,42.2,1.1,1.4,0,-3534.895765894083,,,2025-05-09 08:05:28
151.8,4.5,681.3,1193.3,59.99,212.5,5.7,2.4,616.9,42.2,1.1,1.4,0,-971.1252104104632,,,2025-05-09 08:05:53
150.7,4.5,671.0,1180.4,59.97,212.5,5.6,2.4,616.9,42.3,1.1,1.4,0,-1009.9702188268817,,,2025-05-09 08:06:29
151.8,4.7,711.1,1244.1,60.03,212.7,5.8,2.4,616.9,42.2,1.1,1.4,0,349.6050757477653,,,2025-05-09 08:06:53
154.7,4.5,694.3,1214.4,59.99,212.8,5.6,2.4,616.9,42.2,1.1,1.4,0,-388.4500841641853,,,2025-05-09 08:07:29
154.7,4.5,687.9,1201.3,60.03,212.9,5.7,2.4,616.9,42.2,1.1,1.4,0,-2486.080538650784,,,2025-05-09 08:07:54
154,4.4,682.1,1189.6,59.98,212.8,5.6,2.4,616.9,42.2,1.1,1.4,0,-3224.135698562735,,,2025-05-09 08:08:30
151.7,4.6,697.1,1210.0,59.97,212.5,5.7,2.4,616.9,42.3,1.1,1.4,0,-3496.0507574776643,,,2025-05-09 08:08:55
151.5,4.3,653.8,1136.3,59.98,212.4,5.3,2.4,616.9,42.4,1.1,1.4,0,349.6050757477653,,,2025-05-09 08:09:31
151.8,4.1,624.0,1078.8,60,212.5,5.1,2.5,617.0,42.4,1.1,1.4,0,310.76006733134676,,,2025-05-09 08:09:55
152.2,4,605.5,1044.6,59.97,212.3,4.9,2.5,617.0,42.3,1.2,1.4,0,349.6050757477653,,,2025-05-09 08:10:32
154.5,3.9,593.7,1020.6,60,212.1,4.8,2.5,617.0,42.2,1.2,1.4,0,-2991.065648064225,,,2025-05-09 08:10:56
148.8,3.8,568.3,986.1,59.97,212.1,4.6,2.5,617.0,42.1,1.2,1.4,0,-971.1252104104632,,,2025-05-09 08:11:32
154.7,3.8,568.3,975.3,59.99,212.1,4.5,2.5,617.0,42.1,1.2,1.4,0,-2913.375631231388,,,2025-05-09 08:11:56
154.7,3.8,576.4,989.6,60.01,211.9,4.6,2.5,617.0,42,1.2,1.4,0,0.0,,,2025-05-09 08:12:33
151.8,3.9,587.9,1004.9,60,212,4.7,2.5,617.0,41.9,1.2,1.4,0,349.6050757477653,,,2025-05-09 08:12:57
154.8,4,612.6,1052.5,60,212.1,4.9,2.5,617.0,41.8,1.2,1.5,0,466.14010099702085,,,2025-05-09 08:13:34
154.7,4,610.6,1046.8,59.97,211.9,4.9,2.5,617.0,41.8,1.2,1.5,0,-1204.1952609089742,,,2025-05-09 08:13:58
154.9,4,610.3,1054.2,60.01,212.3,5,2.5,617.0,41.8,1.2,1.5,0,-1320.73028615823,,,2025-05-09 08:14:34
154.1,4.5,674.8,1160.8,60,212.3,5.5,2.5,617.0,41.7,1.2,1.5,0,233.07005049850972,,,2025-05-09 08:14:58
149.4,4.8,703.8,1213.1,60.01,212.4,5.7,2.6,617.1,41.7,1.2,1.5,0,155.38003366567267,,,2025-05-09 08:15:35
151.8,4.9,740.5,1267.4,60,212.4,6,2.6,617.1,41.8,1.2,1.5,0,-3301.825715395572,,,2025-05-09 08:15:59
154.8,4.8,722.9,1239.0,60,212.4,5.8,2.6,617.1,41.9,1.2,1.5,0,-1126.5052440761372,,,2025-05-09 08:16:36
156.3,4.8,767.7,1322.2,60.03,212.5,6.1,2.6,617.1,41.9,1.2,1.5,0,-2719.1505891492952,,,2025-05-09 08:17:00
155.4,5.2,833.7,1431.1,60.02,212.7,6.6,2.6,617.1,41.9,1.2,1.5,0,-738.055159911952,,,2025-05-09 08:17:36
151.8,5.8,868.8,1471.6,60.01,212.8,7,2.6,617.1,42,1.2,1.5,0,-854.5901851612076,,,2025-05-09 08:18:00
149,5.8,855.3,1469.6,60.05,212.9,6.9,2.6,617.1,42,1.2,1.5,0,-504.98510941344085,,,2025-05-09 08:18:37
149.5,5.5,800.3,1345.8,60.02,212.8,6.3,2.6,617.1,42.1,1.2,1.5,0,-3612.58578272692,,,2025-05-09 08:19:01
155,5.9,870.7,1492.0,60.03,213.1,7.1,2.6,617.1,42.2,1.3,1.5,0,-1087.6602356597186,,,2025-05-09 08:19:38
151.6,5.8,873.7,1473.3,60.02,212.9,6.8,2.7,617.2,42.1,1.3,1.5,0,-3534.895765894083,,,2025-05-09 08:20:02
147.8,6,875.0,1485.7,60,212.9,7.1,2.7,617.2,42.1,1.3,1.5,0,-388.4500841641853,,,2025-05-09 08:20:39
153.5,5.7,856.0,1432.5,60.01,212.7,6.8,2.7,617.2,42.2,1.3,1.5,0,-1398.420302991067,,,2025-05-09 08:21:02
151,3.8,579.2,957.4,60.03,212.1,4.4,2.7,617.2,42.2,1.3,1.5,0,-3651.4307911433384,,,2025-05-09 08:21:39
149.3,3.6,555.6,927.9,60.01,211.9,4.2,2.7,617.2,42.1,1.3,1.5,0,-1748.0253787388322,,,2025-05-09 08:22:03
149.8,3.3,481.1,796.6,59.99,212,3.8,2.7,617.2,41.9,1.3,1.5,0,-2757.995597565714,,,2025-05-09 08:22:40
151.5,3,458.7,767.5,60.02,211.9,3.5,2.7,617.2,41.8,1.3,1.5,0,-3107.6006733134805,,,2025-05-09 08:23:04
152.1,2.5,375.5,599.2,59.99,211.8,2.9,2.7,617.2,41.5,1.3,1.6,0,-582.6751262462778,,,2025-05-09 08:23:41
147.4,3.1,440.0,694.7,60.03,211.9,3.5,2.7,617.2,41.4,1.3,1.6,0,-1981.0954292373433,,,2025-05-09 08:24:04
147.4,5.5,757.3,1254.5,60.03,212.8,6.4,2.7,617.2,41.2,1.3,1.6,0,-2214.1654797358547,,,2025-05-09 08:24:41
150.4,7,1046.4,1717.5,60,213.3,8.1,2.7,617.2,41.3,1.3,1.6,0,-3301.825715395572,,,2025-05-09 08:25:05
155.5,6,952.3,1540.1,59.96,212.8,7.1,2.8,617.3,41.6,1.3,1.6,0,-38.84500841641853,,,2025-05-09 08:25:42
155.8,5.1,791.2,1267.2,60,212.7,6,2.8,617.3,41.7,1.3,1.6,0,-1981.0954292373433,,,2025-05-09 08:26:06
150.8,4.7,720.2,1163.9,60,212.6,5.3,2.8,617.3,41.8,1.3,1.6,0,-3534.895765894083,,,2025-05-09 08:26:43
149.5,6.4,983.3,1560.3,60.01,213.1,7.1,2.8,617.3,41.8,1.3,1.6,0,-2291.8554965686917,,,2025-05-09 08:27:06
153.3,7,1046.3,1668.4,59.98,213.2,8,2.8,617.3,41.7,1.4,1.6,0,-2369.5455134015288,,,2025-05-09 08:27:43
154.4,7.2,1120.4,1822.8,59.98,213.4,8.4,2.8,617.3,41.9,1.4,1.6,0,-2291.8554965686917,,,2025-05-09 08:28:07
151.5,3.2,479.1,747.1,59.99,212,3.5,2.8,617.3,42,1.4,1.6,0,-504.98510941344085,,,2025-05-09 08:28:44
150.3,3.3,485.3,749.5,60.02,211.8,3.6,2.8,617.3,41.8,1.4,1.6,0,-2874.5306228149693,,,2025-05-09 08:29:08
151.2,4.3,592.1,888.9,59.99,212,4.4,2.8,617.3,41.6,1.4,1.6,0,-971.1252104104632,,,2025-05-09 08:29:45
150.7,4.9,711.6,1170.7,60.04,212.2,5.5,2.9,617.4,41.6,1.4,1.6,0,-4350.640942638872,,,2025-05-09 08:30:08
149.3,4.6,716.7,1165.3,59.99,212.3,5.2,2.9,617.4,41.7,1.4,1.6,0,-4350.640942638872,,,2025-05-09 08:30:46
150.6,3.2,499.9,780.1,59.99,211.7,3.7,2.9,617.4,41.7,1.4,1.6,0,-1398.420302991067,,,2025-05-09 08:31:09
153.2,4.8,756.1,1157.4,60.02,212.5,5.4,2.9,617.4,41.6,1.4,1.6,0,-2175.320471319436,,,2025-05-09 08:31:46
148.8,7.8,1160.6,1889.2,60.03,213.4,8.8,2.9,617.4,41.6,1.4,1.6,0,-1903.4054124045063,,,2025-05-09 08:32:09
148.7,7.7,1148.0,1813.2,60.03,213.4,8.5,2.9,617.4,42,1.4,1.6,0,-543.8301178298593,,,2025-05-09 08:32:47
151.9,7.5,1139.6,1822.4,60.01,213.6,8.5,2.9,617.4,42.1,1.4,1.6,0,-4117.570892140361,,,2025-05-09 08:33:10
154.2,3.1,459.4,728.3,60.03,212,3.5,2.9,617.4,42.2,1.4,1.6,0,-1903.4054124045063,,,2025-05-09 08:33:48
149.2,2.9,442.9,690.2,59.99,212,3.2,2.9,617.4,42,1.4,1.6,0,-3457.205749061246,,,2025-05-09 08:34:11
148.6,2.9,434.6,668.1,60,211.9,3.2,2.9,617.4,41.7,1.4,1.7,0,-5088.696102550823,,,2025-05-09 08:34:48
150.3,3.1,461.1,716.9,60.04,211.9,3.3,3.0,617.5,41.6,1.4,1.7,0,-4311.795934222454,,,2025-05-09 08:35:11
151,3.5,534.8,845.1,59.99,212,3.9,3.0,617.5,41.4,1.4,1.7,0,-4933.3160688851485,,,2025-05-09 08:35:49
150.2,3.3,495.3,772.4,60,211.9,3.7,3.0,617.5,41.4,1.5,1.7,0,-2796.8406059821323,,,2025-05-09 08:36:12
150.4,3.1,465.2,720.0,60,211.7,3.4,3.0,617.5,41.2,1.5,1.7,0,-3923.3458500582683,,,2025-05-09 08:36:50
156.2,3,448.0,706.7,59.97,211.7,3.4,3.0,617.5,41.1,1.5,1.7,0,-2835.685614398551,,,2025-05-09 08:37:13
152,3.2,487.4,759.3,60,211.9,3.6,3.0,617.5,40.9,1.5,1.7,0,-2330.70050498511,,,2025-05-09 08:37:51
152.4,5.3,808.9,1278.7,60.01,212.6,6.1,3.0,617.5,40.8,1.5,1.7,0,-116.53502524925558,,,2025-05-09 08:38:13
155.5,7.8,1222.4,1993.0,60,213.4,9.2,3.0,617.5,41.1,1.5,1.7,0,-1204.1952609089742,,,2025-05-09 08:38:51
151.9,8.2,1222.2,1965.5,60.01,213.5,9.2,3.0,617.5,41.5,1.5,1.7,0,-776.9001683283706,,,2025-05-09 08:39:14
149.6,8.2,1210.3,1951.6,60,213.6,9.1,3.0,617.5,41.9,1.5,1.7,0,-2253.010488152273,,,2025-05-09 08:39:52
151.7,8,1209.0,1942.8,59.99,213.4,9.1,3.1,617.6,42.1,1.5,1.7,0,-1553.8003366567395,,,2025-05-09 08:40:15
148.9,8.2,1203.6,1941.1,59.97,213.4,9,3.1,617.6,42.5,1.5,1.7,0,-2408.390521817947,,,2025-05-09 08:40:53
151.5,8.2,1194.8,1924.1,59.99,213.3,9,3.1,617.6,42.6,1.5,1.7,0,-4544.865984720965,,,2025-05-09 08:41:15
146.2,8.1,1185.2,1922.1,59.97,213.3,9,3.1,617.6,42.9,1.5,1.7,0,-5321.766153049334,,,2025-05-09 08:41:53
148.9,8,1178.8,1899.5,59.97,213.5,8.9,3.1,617.6,43.1,1.5,1.7,0,-2952.2206396478064,,,2025-05-09 08:42:16
148.8,8,1179.0,1873.2,60.02,213.5,8.7,3.1,617.6,43.3,1.6,1.7,0,-3457.205749061246,,,2025-05-09 08:42:54
147.6,8,1174.3,1884.5,60.02,213.4,8.8,3.2,617.7,43.4,1.6,1.7,0,-3107.6006733134805,,,2025-05-09 08:43:17
149.3,7.8,1135.7,1845.8,60.03,213.4,8.6,3.2,617.7,43.6,1.6,1.7,0,-3496.0507574776643,,,2025-05-09 08:43:55
148.8,7.8,1145.1,1846.1,60,213.2,8.6,3.2,617.7,43.8,1.6,1.8,0,-4855.626052052312,,,2025-05-09 08:44:17
148.9,7.7,1139.0,1853.0,60.02,213.2,8.6,3.2,617.7,44,1.6,1.8,0,-1437.2653114074856,,,2025-05-09 08:44:55
147,7.8,1134.1,1841.4,60,213.3,8.6,3.2,617.7,44.2,1.6,1.8,0,-2097.630454486599,,,2025-05-09 08:45:18
149,7.8,1136.9,1857.8,60.03,213.3,8.7,3.2,617.7,44.4,1.6,1.8,0,-4039.8808753075236,,,2025-05-09 08:45:56
149.1,7.7,1172.8,1917.0,59.98,213.3,8.9,3.2,617.7,44.5,1.6,1.8,0,-2874.5306228149693,,,2025-05-09 08:46:19
148.8,7.9,1164.1,1896.9,59.99,213.3,8.9,3.3,617.8,44.5,1.6,1.8,0,-2719.1505891492952,,,2025-05-09 08:46:57
146.7,8,1154.9,1840.1,60,213.2,8.6,3.3,617.8,44.5,1.6,1.8,0,-2563.770555483621,,,2025-05-09 08:47:19
145.7,8.1,1186.3,1908.8,60.03,213.5,8.9,3.3,617.8,44.4,1.7,1.8,0,-2447.235530234366,,,2025-05-09 08:47:58
148.8,8,1169.8,1877.7,60.04,213.2,8.7,3.3,617.8,44.5,1.7,1.8,0,-2602.61556390004,,,2025-05-09 08:48:20
144.4,8.2,1166.7,1914.4,60.02,213.1,9,3.3,617.8,44.5,1.7,1.8,0,-5088.696102550823,,,2025-05-09 08:48:58
148.5,5.1,755.2,1183.9,60.05,212.3,5.4,3.3,617.8,44.6,1.7,1.8,0,-3107.6006733134805,,,2025-05-09 08:49:21
142.8,3.8,559.8,909.8,60.03,211.6,4.2,3.3,617.8,44.3,1.7,1.8,0,-2408.390521817947,,,2025-05-09 08:49:59
147.3,4.7,649.0,1034.5,59.97,211.8,5.2,3.4,617.9,44.1,1.7,1.8,0,-4506.020976304546,,,2025-05-09 08:50:21
150.3,5,771.9,1244.7,59.98,211.9,5.7,3.4,617.9,44,1.7,1.8,0,-3185.290690146316,,,2025-05-09 08:51:00
149,5.2,763.2,1176.6,59.98,212.1,5.5,3.4,617.9,43.9,1.7,1.8,0,-3612.58578272692,,,2025-05-09 08:51:22
146.2,8.4,1229.0,1970.6,59.98,213,9.2,3.4,617.9,43.9,1.7,1.9,0,-3496.0507574776643,,,2025-05-09 08:52:00
146.7,8.4,1214.8,1947.0,59.99,213.2,9.1,3.4,617.9,44.2,1.7,1.9,0,-3923.3458500582683,,,2025-05-09 08:52:23
150.5,7.7,1178.2,1887.3,60.04,213.3,8.7,3.4,617.9,44.5,1.7,1.9,0,-4311.795934222454,,,2025-05-09 08:53:01
145.8,8.4,1207.8,1933.4,60.03,213.5,9.1,3.4,617.9,44.7,1.7,1.9,0,-4311.795934222454,,,2025-05-09 08:53:23
145.3,7.4,1059.0,1685.0,60.01,212.9,7.9,3.5,618.0,44.8,1.8,1.9,0,-2913.375631231388,,,2025-05-09 08:54:02
147.4,7.4,1066.4,1718.5,60.01,213,8.2,3.5,618.0,44.8,1.8,1.9,0,-2952.2206396478064,,,2025-05-09 08:54:24
149.5,7.7,1166.5,1851.4,60.02,213.3,8.6,3.5,618.0,44.9,1.8,1.9,0,-893.4351935776261,,,2025-05-09 08:55:03
149.3,8,1134.9,1809.5,60,213.3,8.6,3.5,618.0,44.9,1.8,1.9,0,-2408.390521817947,,,2025-05-09 08:55:24
148.4,7.7,1155.6,1834.3,60.03,213,8.5,3.5,618.0,45.1,1.8,1.9,0,-1825.7153955716692,,,2025-05-09 08:56:03
147.9,8,1148.4,1826.2,60,213.1,8.5,3.5,618.0,45.2,1.8,1.9,0,-4739.0910268030575,,,2025-05-09 08:56:25
148.4,7.9,1180.4,1830.6,60.02,212.9,8.5,3.5,618.0,45.3,1.8,1.9,0,-4777.936035219474,,,2025-05-09 08:57:04
143.8,4.7,692.6,1097.4,60.03,211.9,5,3.6,618.1,45.2,1.8,1.9,0,-4739.0910268030575,,,2025-05-09 08:57:26
151.1,7.8,1144.2,1813.9,59.99,213.1,8.5,3.6,618.1,45.1,1.8,1.9,0,-3185.290690146316,,,2025-05-09 08:58:05
141.8,7.2,1064.7,1754.2,59.99,213,7.8,3.6,618.1,45.2,1.8,1.9,0,-5749.061245629936,,,2025-05-09 08:58:26
147.5,6.3,902.3,1463.7,60.01,213,7,3.6,618.1,45.5,1.8,1.9,0,-3534.895765894083,,,2025-05-09 08:59:05
144.6,7.9,1133.9,1785.7,60.01,213.3,8.5,3.6,618.1,45.5,1.9,1.9,0,-2175.320471319436,,,2025-05-09 08:59:27
147.3,8.2,1192.7,1865.4,59.96,213.4,8.6,3.6,618.1,45.7,1.9,2.0,0,-5127.541110967241,,,2025-05-09 09:00:06
144.4,8.2,1177.9,1856.4,59.99,213.5,8.7,3.6,618.1,45.7,1.9,2.0,0,-2913.375631231388,,,2025-05-09 09:00:28
147.4,8.2,1190.4,1856.5,60.04,213.5,8.6,3.7,618.2,45.8,1.9,2.0,0,-7691.3116664508625,,,2025-05-09 09:01:07
144.5,8.3,1185.3,1856.9,60,213.4,8.8,3.7,618.2,45.9,1.9,2.0,0,-7186.3265570374215,,,2025-05-09 09:01:28
147.3,8.3,1191.5,1850.1,60.02,213,8.7,3.7,618.2,46.1,1.9,2.0,0,-5904.44127929561,,,2025-05-09 09:02:08
144.6,8.1,1158.1,1824.6,60.01,213,8.5,3.7,618.2,46.2,1.9,2.0,0,-5515.991195131428,,,2025-05-09 09:02:29
150.1,8.4,1209.1,1897.8,59.97,212.9,9,3.7,618.2,46.4,1.9,2.0,0,-4700.246018386639,,,2025-05-09 09:03:08
145.1,8,1114.7,1744.2,59.98,213.1,8.5,3.7,618.2,46.5,1.9,2.0,0,-5515.991195131428,,,2025-05-09 09:03:30
141.5,7,988.5,1530.3,59.98,212.7,7.4,3.8,618.3,46.7,1.9,2.0,0,-7380.551599119514,,,2025-05-09 09:04:09
146,4.1,620.1,979.5,59.99,211.9,4.3,3.8,618.3,46.5,1.9,2.0,0,-5943.286287712029,,,2025-05-09 09:04:30
148.3,4.5,640.7,965.8,60.02,211.8,4.5,3.8,618.3,46,2.0,2.0,0,-4039.8808753075236,,,2025-05-09 09:05:10
148.7,4,595.9,880.5,60.02,211.9,4.1,3.8,618.3,45.8,2.0,2.0,0,-2641.460572316458,,,2025-05-09 09:05:31
143.3,5.3,719.8,1041.1,60.03,211.9,5.1,3.8,618.3,45.4,2.0,2.0,0,-2408.390521817947,,,2025-05-09 09:06:10
150.1,8.4,1093.1,1623.1,59.99,212.9,8.2,3.8,618.3,45.4,2.0,2.0,0,-3068.755664897062,,,2025-05-09 09:06:32
146.8,9.5,1369.2,2086.3,59.99,213.6,9.7,3.8,618.3,45.7,2.0,2.0,0,-5787.9062540463565,,,2025-05-09 09:07:11
148.7,9.5,1372.9,2079.1,60.03,213.8,9.8,3.8,618.3,46,2.0,2.0,0,-5710.216237213519,,,2025-05-09 09:07:32
145.9,9.3,1378.2,2098.6,59.98,213.5,9.6,3.8,618.3,46.3,2.0,2.0,0,-5011.006085717986,,,2025-05-09 09:08:12
148.4,9.6,1389.4,2115.1,60,213.7,9.9,3.9,618.4,46.4,2.0,2.1,0,-3923.3458500582683,,,2025-05-09 09:08:33
146.7,9.6,1429.9,2174.1,60,213.6,10,3.9,618.4,46.6,2.0,2.1,0,-6914.411498122492,,,2025-05-09 09:09:12
145.6,5.7,836.8,1310.7,60.04,212.7,6,3.9,618.4,46.8,2.0,2.1,0,-5321.766153049334,,,2025-05-09 09:09:34
143.6,7.8,1149.1,1713.3,59.98,212.9,7.8,3.9,618.4,46.6,2.1,2.1,0,-7030.946523371749,,,2025-05-09 09:10:13
147.6,9.2,1290.4,1957.2,59.99,213.2,9.2,3.9,618.4,46.5,2.1,2.1,0,-5166.38611938366,,,2025-05-09 09:10:34
146.9,4.2,606.2,944.9,60,211.5,4.4,3.9,618.4,46.4,2.1,2.1,0,-7108.636540204586,,,2025-05-09 09:11:14
149.9,4.9,712.6,1084.7,59.99,211.8,5.1,3.9,618.4,46.2,2.1,2.1,0,-3806.8108248090125,,,2025-05-09 09:11:35
145.8,9.5,1381.5,2086.2,60.02,213.3,9.6,4.0,618.5,46.1,2.1,2.1,0,-5982.1312961284475,,,2025-05-09 09:12:15
144.4,8.5,1204.6,1855.8,60.01,213.2,8.7,4.0,618.5,46.2,2.1,2.1,0,-3418.3607406448273,,,2025-05-09 09:12:36
139.2,8.7,1192.8,1892.1,59.99,213,8.9,4.0,618.5,46.4,2.1,2.1,0,-3301.825715395572,,,2025-05-09 09:13:15
144.4,8.3,1189.0,1859.8,60.01,212.8,8.6,4.0,618.5,46.5,2.1,2.1,0,-4894.47106046873,,,2025-05-09 09:13:36
146.1,5.7,903.1,1361.0,59.97,212.6,6.1,4.0,618.5,46.4,2.1,2.1,0,-9322.802019940438,,,2025-05-09 09:14:16
147,3.5,531.9,825.7,59.98,211.7,3.7,4.0,618.5,46.1,2.1,2.1,0,-7264.016573870257,,,2025-05-09 09:14:37
144.4,3.4,482.3,761.0,60.03,211.5,3.6,4.0,618.5,45.7,2.1,2.1,0,-5360.611161465752,,,2025-05-09 09:15:17
148.8,3.6,530.0,820.2,60.01,211.5,3.9,4.0,618.5,45.6,2.1,2.1,0,-7030.946523371747,,,2025-05-09 09:15:38
147.2,3.9,571.7,890.6,60.03,211.3,4.1,4.1,618.6,45.4,2.1,2.1,0,-7341.706590703095,,,2025-05-09 09:16:17
142.2,4.6,642.5,1014.6,60.01,211.9,4.7,4.1,618.6,45.3,2.1,2.1,0,-5593.681211964265,,,2025-05-09 09:16:38
147.5,3.3,481.4,739.5,60.01,211.7,3.5,4.1,618.6,45.1,2.2,2.1,0,-7186.326557037423,,,2025-05-09 09:17:18
148.8,3.2,477.9,732.2,59.99,211.7,3.5,4.1,618.6,45,2.2,2.1,0,-5904.441279295612,,,2025-05-09 09:17:39
148.7,3.1,464.7,699.9,60.03,211.2,3.3,4.1,618.6,44.8,2.2,2.1,0,-6215.20134662696,,,2025-05-09 09:18:19
148.8,3,451.9,680.0,60.02,211.3,3.2,4.1,618.6,44.7,2.2,2.1,0,-6176.356338210541,,,2025-05-09 09:18:39
148.7,2.7,406.8,613.6,60,211.5,2.9,4.1,618.6,44.6,2.2,2.1,0,-7264.016573870259,,,2025-05-09 09:19:19
148.9,2.7,400.6,605.0,60.02,210.7,2.8,4.1,618.6,44.5,2.2,2.2,0,-8701.281885277742,,,2025-05-09 09:19:40
148.8,2.7,396.5,598.7,59.98,211.4,2.8,4.1,618.6,44.4,2.2,2.2,0,-6448.27139712547,,,2025-05-09 09:20:20
148.7,2.7,397.0,600.0,59.98,211.4,2.8,4.1,618.6,44.3,2.2,2.2,0,-5360.611161465752,,,2025-05-09 09:20:41
151.6,2.8,426.1,644.3,59.98,211.3,3,4.1,618.6,44.1,2.2,2.2,0,-5865.596270879192,,,2025-05-09 09:21:21
151.7,2.8,411.7,622.1,59.97,211.4,2.9,4.1,618.6,44,2.2,2.2,0,-6098.666321377703,,,2025-05-09 09:21:41
151,2.8,431.5,655.8,59.99,211.3,3.1,4.1,618.6,43.8,2.2,2.2,0,-5282.9211446329155,,,2025-05-09 09:22:22
150.3,2.9,434.0,660.3,59.97,211.2,3.1,4.1,618.6,43.6,2.2,2.2,0,-5049.851094134404,,,2025-05-09 09:22:42
153.3,2.9,435.3,666.7,60.01,211.5,3.1,4.1,618.6,43.3,2.2,2.2,0,-8934.351935776254,,,2025-05-09 09:23:22
151,2.9,444.5,677.8,60.02,211.3,3.2,4.1,618.6,43.2,2.2,2.2,0,-6603.651430791144,,,2025-05-09 09:23:43
150.3,3,451.8,691.1,60,211.4,3.3,4.1,618.6,43.1,2.2,2.2,0,-8973.196944192672,,,2025-05-09 09:24:23
153.9,3,446.4,697.6,60.01,211.5,3.4,4.2,618.7,43,2.2,2.2,0,-7264.01657387026,,,2025-05-09 09:24:43
155.6,3,445.7,710.8,60.01,211.5,3.4,4.2,618.7,42.9,2.2,2.2,0,-5943.286287712031,,,2025-05-09 09:25:24
153.2,3.1,468.7,738.7,59.99,211.6,3.4,4.2,618.7,42.9,2.2,2.2,0,-4622.556001553802,,,2025-05-09 09:25:44
153.1,3.2,482.6,766.9,59.99,211.7,3.6,4.2,618.7,42.7,2.2,2.2,0,-7613.621649618025,,,2025-05-09 09:26:24
153.5,3.2,493.4,784.9,60,211.6,3.7,4.2,618.7,42.6,2.2,2.2,0,-6603.651430791144,,,2025-05-09 09:26:45
151.8,3.4,508.8,815.5,59.99,211.7,3.9,4.2,618.7,42.5,2.2,2.2,0,-6059.821312961286,,,2025-05-09 09:27:25
152.5,3.4,513.5,823.7,59.97,211.8,3.9,4.2,618.7,42.4,2.2,2.2,0,-3923.3458500582683,,,2025-05-09 09:27:45
153.2,3.3,507.9,818.9,60,211.7,3.9,4.2,618.7,42.3,2.2,2.2,0,-6059.821312961284,,,2025-05-09 09:28:26
151.2,3.3,499.5,809.2,60.02,211.4,3.8,4.2,618.7,42.2,2.2,2.2,0,-6914.411498122492,,,2025-05-09 09:28:46
152.2,3.1,475.8,781.2,60.03,211.9,3.7,4.2,618.7,42,2.2,2.2,0,-3068.755664897062,,,2025-05-09 09:29:27
152.9,3.1,468.9,772.2,59.98,211.9,3.7,4.2,618.7,41.9,2.2,2.2,0,-3806.8108248090125,,,2025-05-09 09:29:47
153.4,3.1,473.3,780.0,60.04,211.8,3.7,4.2,618.7,41.8,2.3,2.2,0,-2291.8554965686917,,,2025-05-09 09:30:27
151.7,3.3,495.4,811.0,60,211.8,3.9,4.2,618.7,41.8,2.3,2.2,0,-2136.4754629030176,,,2025-05-09 09:30:47
148,10.2,1460.0,2132.1,60,213.8,10.4,4.2,618.7,41.8,2.3,2.2,0,-2291.8554965686917,,,2025-05-09 09:31:28
152.6,10.1,1534.9,2264.2,60.02,213.9,10.6,4.3,618.8,42.1,2.3,2.2,0,-4389.485951055291,,,2025-05-09 09:31:48
149.4,9.5,1350.5,2009.5,60.02,213.6,9.7,4.3,618.8,42.6,2.3,2.2,0,-4272.950925806035,,,2025-05-09 09:32:29
146.9,10,1450.1,2130.1,60.04,213.7,10,4.3,618.8,42.9,2.3,2.2,0,-3651.4307911433384,,,2025-05-09 09:32:49
148.7,9.3,1385.8,2047.6,60.02,213.5,9.5,4.3,618.8,43.3,2.3,2.2,0,-932.2802019940447,,,2025-05-09 09:33:29
148.5,9.1,1338.7,1990.2,60.01,213.4,9.2,4.3,618.8,43.4,2.3,2.2,0,-4039.8808753075236,,,2025-05-09 09:33:49
148.6,9,1369.5,1989.9,60.01,213.2,9.1,4.3,618.8,43.5,2.3,2.3,0,-4544.865984720965,,,2025-05-09 09:34:30
141.4,6.7,926.1,1382.7,59.98,212.4,6.5,4.4,618.9,43.6,2.3,2.3,0,-4389.485951055291,,,2025-05-09 09:34:50
148.8,5.3,749.8,1131.4,60.01,212.2,5.4,4.4,618.9,43.5,2.4,2.3,0,-7846.691700116535,,,2025-05-09 09:35:31
149.6,9.1,1311.0,1902.5,59.97,213.4,9.1,4.4,618.9,43.4,2.4,2.3,0,-5127.541110967241,,,2025-05-09 09:35:51
148,5.6,817.8,1208.9,60.03,212.5,5.7,4.4,618.9,43.6,2.4,2.3,0,-6797.876472873238,,,2025-05-09 09:36:32
149.2,6.9,1102.3,1675.1,60.03,213,7.4,4.4,618.9,43.7,2.4,2.3,0,-8817.816910526999,,,2025-05-09 09:36:51
147.3,2.6,386.7,619.9,60.01,211.5,2.9,4.4,618.9,43.6,2.4,2.3,0,-5088.696102550823,,,2025-05-09 09:37:32
141.6,3.1,433.9,683.2,60.01,211.5,3.4,4.4,618.9,43.5,2.4,2.3,0,-5088.696102550823,,,2025-05-09 09:37:52
148.1,7,1138.9,1689.8,60.03,212.8,7.4,4.4,618.9,43.7,2.4,2.3,0,-5710.216237213519,,,2025-05-09 09:38:33
148.9,4.9,595.1,883.5,60.02,211.8,5.3,4.4,618.9,43.8,2.4,2.3,0,-6254.046355043377,,,2025-05-09 09:38:53
145.8,2.4,360.0,545.7,60.04,211.2,2.6,4.5,619.0,43.6,2.4,2.3,0,-8118.606759031466,,,2025-05-09 09:39:34
146.6,2.3,341.5,518.1,60.03,211.4,2.4,4.5,619.0,43.4,2.4,2.3,0,-8002.071733782211,,,2025-05-09 09:39:53
147.8,2.5,364.9,551.8,60,211.3,2.6,4.5,619.0,43.1,2.4,2.3,0,-7924.381716949372,,,2025-05-09 09:40:34
146,2.7,384.5,579.5,60.01,211.4,2.8,4.5,619.0,43,2.4,2.3,0,-7419.396607535933,,,2025-05-09 09:40:54
140.8,7.4,1071.6,1509.3,60.04,212.6,6.9,4.5,619.0,42.9,2.4,2.3,0,-8584.746860028486,,,2025-05-09 09:41:35
136.9,6.8,903.3,1341.3,60.05,212.4,6.5,4.5,619.0,43,2.4,2.3,0,-6525.961413958308,,,2025-05-09 09:41:54
136.2,7.1,934.5,1298.0,60.03,212.4,6.5,4.5,619.0,43.1,2.4,2.3,0,-4855.626052052312,,,2025-05-09 09:42:36
138.2,9.3,1313.6,1896.4,60.04,213.2,8.6,4.5,619.0,43.2,2.4,2.3,0,-7963.226725365791,,,2025-05-09 09:42:55
152.5,8.8,1354.2,1929.3,60,213.5,8.8,4.5,619.0,43.4,2.5,2.3,0,-5282.9211446329155,,,2025-05-09 09:43:37
145.1,5.8,738.5,1086.0,59.99,212.6,5.9,4.5,619.0,43.4,2.5,2.3,0,-6059.821312961284,,,2025-05-09 09:43:56
150,9.8,1440.0,2029.8,60.03,213.8,9.6,4.6,619.1,43.4,2.5,2.3,0,-5166.38611938366,,,2025-05-09 09:44:37
147.2,10.3,1499.0,2101.0,60.01,213.7,9.8,4.6,619.1,43.6,2.5,2.3,0,-6020.976304544866,,,2025-05-09 09:44:56
146.8,3.6,560.7,840.5,60.06,212,3.9,4.6,619.1,43.8,2.5,2.3,0,-2680.305580732877,,,2025-05-09 09:45:38
150.2,3.2,475.4,703.6,60.04,211.7,3.3,4.6,619.1,43.6,2.5,2.3,0,-4039.8808753075236,,,2025-05-09 09:45:57
147.3,3,453.1,685.6,60.03,211.9,3.2,4.6,619.1,43.3,2.5,2.3,0,-5127.541110967241,,,2025-05-09 09:46:39
150.4,3.2,471.0,700.3,60.05,211.9,3.3,4.6,619.1,43.2,2.5,2.3,0,-6992.101514955329,,,2025-05-09 09:46:58
146.4,5.3,715.9,1031.0,60.05,212.2,5.1,4.6,619.1,43,2.5,2.4,0,-6603.651430791145,,,2025-05-09 09:47:39
147.6,4.5,642.2,959.8,60.04,212.2,4.7,4.6,619.1,43,2.5,2.4,0,-7652.466658034444,,,2025-05-09 09:47:58
150.3,3.2,474.1,720.9,60.04,211.8,3.4,4.6,619.1,42.9,2.5,2.4,0,-7069.791531788166,,,2025-05-09 09:48:40
151.5,3.3,482.6,735.8,60.02,211.8,3.5,4.6,619.1,42.8,2.5,2.4,0,-3884.5008416418495,,,2025-05-09 09:48:59
151.3,3.5,551.0,849.7,60.03,211.8,3.9,4.6,619.1,42.8,2.5,2.4,0,-6914.411498122492,,,2025-05-09 09:49:41
150.3,3.5,522.2,810.2,60.04,211.9,3.9,4.6,619.1,42.7,2.5,2.4,0,-6914.411498122492,,,2025-05-09 09:50:00
149.4,4.4,693.0,1077.2,60.06,212.2,4.7,4.7,619.2,42.6,2.5,2.4,0,-8235.14178428072,,,2025-05-09 09:50:41
154.3,8.4,1212.4,1748.4,60.04,213.5,8.5,4.7,619.2,42.6,2.5,2.4,0,-5749.061245629936,,,2025-05-09 09:51:00
148.8,9.5,1426.9,2008.2,60.05,213.6,9.3,4.7,619.2,43.2,2.6,2.4,0,-7069.791531788167,,,2025-05-09 09:51:42
150.3,9.6,1359.3,1925.5,60.05,213.6,9.4,4.7,619.2,43.4,2.6,2.4,0,-8545.901851612069,,,2025-05-09 09:52:01
149.8,10.2,1460.3,2064.5,60.03,213.4,9.8,4.7,619.2,43.6,2.6,2.4,0,-7846.691700116535,,,2025-05-09 09:52:43
148.2,7.8,1231.0,1774.8,60.03,213,7.8,4.7,619.2,43.8,2.6,2.4,0,-7846.691700116537,,,2025-05-09 09:53:02
147.3,3.8,552.8,854.4,60.04,211.8,4,4.7,619.2,43.8,2.6,2.4,0,-7108.636540204585,,,2025-05-09 09:53:44
149.7,4.9,667.1,1003.6,60.04,212.1,5,4.7,619.2,43.6,2.6,2.4,0,-7652.466658034444,,,2025-05-09 09:54:02
147.6,10.2,1419.2,1998.1,60.05,213.1,9.7,4.8,619.3,43.5,2.6,2.4,0,-5477.146186715008,,,2025-05-09 09:54:44
146.2,10.5,1500.8,2070.6,60.03,213.5,9.7,4.8,619.3,43.6,2.6,2.4,0,-4816.781043635893,,,2025-05-09 09:55:03
149.8,9.8,1470.6,2051.8,60.02,213.5,9.7,4.8,619.3,43.9,2.6,2.4,0,-6254.046355043379,,,2025-05-09 09:55:45
145.8,10.6,1533.2,2140.0,60.04,213.6,9.9,4.8,619.3,44.1,2.7,2.4,0,-6020.976304544867,,,2025-05-09 09:56:04
144.9,9.7,1379.4,1870.2,60.03,213.4,8.8,4.8,619.3,44.4,2.7,2.4,0,-5477.146186715009,,,2025-05-09 09:56:46
149.4,8.1,1177.3,1646.9,60.04,213.2,8,4.8,619.3,44.5,2.7,2.4,0,-6020.976304544867,,,2025-05-09 09:57:04
145.8,10.9,1576.9,2167.7,60.03,213.6,10.1,4.9,619.4,44.6,2.7,2.4,0,-6020.976304544866,,,2025-05-09 09:57:46
145.4,10.6,1519.1,2100.4,60.05,213.6,9.8,4.9,619.4,44.8,2.7,2.5,0,-7807.846691700118,,,2025-05-09 09:58:05
139.8,5.3,848.5,1234.3,60.05,212.2,5.3,4.9,619.4,44.8,2.7,2.5,0,-8118.606759031466,,,2025-05-09 09:58:47
149,6.2,899.5,1319.7,60.04,212.3,6.6,4.9,619.4,44.6,2.7,2.5,0,-7147.481548621005,,,2025-05-09 09:59:06
145.2,4.8,625.2,928.8,60.03,211.7,4.7,4.9,619.4,44.6,2.7,2.5,0,-7846.691700116535,,,2025-05-09 09:59:48
143.2,9.7,1209.9,1673.6,60.02,212.7,8.7,4.9,619.4,44.5,2.7,2.5,0,-5049.851094134404,,,2025-05-09 10:00:06
142.9,10.6,1494.5,2056.1,60.03,213.4,9.5,4.9,619.4,44.8,2.7,2.5,0,-7264.01657387026,,,2025-05-09 10:00:49
136.2,5.6,1265.1,1762.3,60.02,212.8,5.3,5.0,619.5,45,2.8,2.5,0,-4350.640942638872,,,2025-05-09 10:01:07
147.5,9.8,1329.9,1876.0,59.99,213.6,9.2,5.0,619.5,45,2.8,2.5,0,-5049.851094134404,,,2025-05-09 10:01:49
142.1,8.2,1246.1,1754.1,59.99,213.5,7.7,5.0,619.5,45.1,2.8,2.5,0,-5865.596270879192,,,2025-05-09 10:02:08
144.3,7,1060.0,1514.0,59.97,213.5,6.9,5.0,619.5,45.3,2.8,2.5,0,-6953.256506538912,,,2025-05-09 10:02:50
147.9,5.6,779.5,1154.2,59.97,212.9,5.5,5.0,619.5,45.4,2.8,2.5,0,-6836.721481289656,,,2025-05-09 10:03:08
144.4,3.3,468.9,728.8,59.99,212.3,3.4,5.0,619.5,44.9,2.8,2.5,0,-6292.891363459797,,,2025-05-09 10:03:51
147.3,3.5,515.8,799.6,60.02,212.3,3.8,5.0,619.5,44.7,2.8,2.5,0,-5826.751262462773,,,2025-05-09 10:04:09
147.3,3.3,508.5,774.4,60,212.3,3.6,5.0,619.5,44.5,2.8,2.5,0,-7691.3116664508625,,,2025-05-09 10:04:51
150.8,5,733.5,1064.6,59.99,212.5,5.1,5.0,619.5,44.5,2.8,2.5,0,-8584.746860028488,,,2025-05-09 10:05:09
150.2,3.1,441.5,679.3,60.01,212.2,3.2,5.0,619.5,44.3,2.8,2.5,0,-7030.946523371747,,,2025-05-09 10:05:52
149.8,2.8,444.6,670.0,60,212.1,3.1,5.1,619.6,44.2,2.8,2.5,0,-7497.08662436877,,,2025-05-09 10:06:10
151.3,3,442.6,674.5,60.03,211.8,3.1,5.1,619.6,44,2.8,2.5,0,-7535.931632785187,,,2025-05-09 10:06:53
149.1,3,468.3,709.7,60.02,211.9,3.3,5.1,619.6,44,2.8,2.5,0,-9283.95701152402,,,2025-05-09 10:07:11
146.4,10.2,1462.3,1960.7,60.04,213.3,9.3,5.1,619.6,44,2.8,2.5,0,-6292.891363459797,,,2025-05-09 10:07:54
149.9,9.7,1475.5,1996.0,60.01,213.2,9.2,5.1,619.6,44.3,2.8,2.5,0,-7885.536708532955,,,2025-05-09 10:08:11
144.1,10.1,1457.3,1981.8,60.04,213.4,9.2,5.1,619.6,44.9,2.9,2.5,0,-4855.626052052312,,,2025-05-09 10:08:54
144.9,10.1,1453.7,1987.0,60.04,213.4,9.2,5.1,619.6,45.1,2.9,2.5,0,-6525.961413958306,,,2025-05-09 10:09:12
145.7,10.1,1438.4,1966.7,60.02,213.2,9.2,5.1,619.6,45.4,2.9,2.5,0,-7846.691700116537,,,2025-05-09 10:09:55
145.8,10.2,1459.2,1987.9,60.01,213.4,9.2,5.2,619.7,45.6,2.9,2.6,0,-5904.44127929561,,,2025-05-09 10:10:13
147.8,6,892.7,1323.1,59.97,212.9,6.1,5.2,619.7,45.8,2.9,2.6,0,-5710.216237213519,,,2025-05-09 10:10:56
146.2,9.2,1312.2,1730.9,59.98,213.3,8.2,5.2,619.7,45.8,2.9,2.6,0,-5554.836203547845,,,2025-05-09 10:11:13
144.4,9.9,1411.9,1938.2,59.98,213.6,8.8,5.2,619.7,45.9,2.9,2.6,0,-6875.566489706075,,,2025-05-09 10:11:56
147.3,9.9,1399.7,1921.1,60,213.5,9,5.2,619.7,46,2.9,2.6,0,-6059.821312961286,,,2025-05-09 10:12:14
144.1,9.8,1390.4,1910.2,60.02,213.4,8.7,5.2,619.7,46.2,3.0,2.6,0,-5205.231127800078,,,2025-05-09 10:12:57
146.1,9.8,1376.9,1894.2,60,213.4,8.9,5.2,619.7,46.3,3.0,2.6,0,-8351.676809529976,,,2025-05-09 10:13:15
144.4,10,1410.3,1931.5,60.04,213.5,8.8,5.3,619.8,46.4,3.0,2.6,0,-6137.5113297941225,,,2025-05-09 10:13:58
146.9,9.9,1388.0,1900.7,60.02,213.1,9,5.3,619.8,46.5,3.0,2.6,0,-7030.946523371747,,,2025-05-09 10:14:15
144.2,8.6,1086.3,1529.5,60.03,212.9,7.8,5.3,619.8,46.6,3.0,2.6,0,-7691.3116664508625,,,2025-05-09 10:14:58
138.2,4.3,580.9,890.1,60.02,212.1,4.2,5.3,619.8,46.5,3.0,2.6,0,-6914.411498122492,,,2025-05-09 10:15:16
145.9,3.9,563.9,852.5,60,212.3,4,5.3,619.8,46.1,3.0,2.6,0,-5166.38611938366,,,2025-05-09 10:15:59
144,6.2,863.7,1237.3,59.99,212.9,5.9,5.3,619.8,46,3.0,2.6,0,-5826.751262462774,,,2025-05-09 10:16:17
143.8,9.6,1351.1,1823.8,60.02,213.4,8.6,5.3,619.8,46,3.0,2.6,0,-7030.946523371747,,,2025-05-09 10:17:00
144.4,10.1,1441.5,1915.0,60.02,213.7,8.8,5.4,619.9,46.1,3.0,2.6,0,-6953.256506538912,,,2025-05-09 10:17:17
147,9.8,1386.2,1849.2,60,213.4,8.8,5.4,619.9,46.3,3.1,2.6,0,-7147.481548621005,,,2025-05-09 10:18:01
142.8,9.9,1408.8,1885.0,60,213.6,8.8,5.4,619.9,46.3,3.1,2.6,0,-6836.721481289656,,,2025-05-09 10:18:18
141.4,10,1402.1,1854.6,60,213.6,8.7,5.4,619.9,46.5,3.1,2.6,0,-9400.492036773274,,,2025-05-09 10:19:01
138.1,10,1375.8,1847.7,59.99,213.5,8.6,5.4,619.9,46.5,3.1,2.6,0,-9594.717078855367,,,2025-05-09 10:19:19
141.5,9.9,1390.4,1830.6,60.01,213.3,8.7,5.4,619.9,46.6,3.1,2.6,0,-7030.946523371747,,,2025-05-09 10:20:02
139.1,10.2,1410.7,1872.9,59.99,213.4,8.7,5.4,619.9,46.7,3.1,2.7,0,-6059.821312961286,,,2025-05-09 10:20:19
143.5,3.6,492.5,749.2,59.98,211.8,3.8,5.5,620.0,46.4,3.1,2.7,0,-10060.85717985239,,,2025-05-09 10:21:03
140.6,6.8,913.7,1240.4,59.99,212.5,6,5.5,620.0,46.3,3.1,2.7,0,-10216.237213518065,,,2025-05-09 10:21:20
142.1,6.2,931.9,1294.1,59.99,212.3,5.7,5.5,620.0,46.4,3.1,2.7,0,-7535.931632785188,,,2025-05-09 10:22:03
146.6,3.8,586.0,851.6,59.99,211.7,3.9,5.5,620.0,46.3,3.1,2.7,0,-8817.816910526999,,,2025-05-09 10:22:21
146.8,3.5,531.9,778.3,59.95,211.5,3.5,5.5,620.0,45.9,3.1,2.7,0,-11731.192541758384,,,2025-05-09 10:23:04
149.1,2.7,396.1,610.5,59.95,211.4,2.9,5.5,620.0,45.8,3.1,2.7,0,-8002.071733782209,,,2025-05-09 10:23:21
150.9,4.4,712.7,1115.0,60.01,212.2,5,5.5,620.0,45.4,3.2,2.7,0,-10410.462255600156,,,2025-05-09 10:24:05
146.7,10,1426.5,1819.1,60.02,213.1,8.5,5.5,620.0,45.4,3.2,2.7,0,-8079.761750615046,,,2025-05-09 10:24:22
142.8,9.7,1369.2,1782.0,60,213.2,8.4,5.5,620.0,45.7,3.2,2.7,0,-8040.916742198628,,,2025-05-09 10:25:05
144.3,9.5,1363.5,1769.8,60.01,213.4,8.3,5.5,620.0,45.8,3.2,2.7,0,-7885.5367085329535,,,2025-05-09 10:25:23
142.4,9.4,1308.3,1719.7,60.02,213.3,8.3,5.6,620.1,46,3.2,2.7,0,-7419.396607535933,,,2025-05-09 10:26:06
144.3,7.2,1088.4,1497.5,60,212.8,6.5,5.6,620.1,46.1,3.2,2.7,0,-8973.196944192672,,,2025-05-09 10:26:23
145.2,9.1,1251.3,1617.9,59.99,213.1,8,5.6,620.1,46.2,3.2,2.7,0,-8118.606759031466,,,2025-05-09 10:27:07
142,9.5,1357.3,1778.4,59.97,213.3,8.2,5.6,620.1,46.3,3.2,2.7,0,-7613.621649618025,,,2025-05-09 10:27:24
144.4,9.4,1342.7,1764.4,59.98,213,8.3,5.6,620.1,46.3,3.2,2.7,0,-7574.776641201605,,,2025-05-09 10:28:08
144.4,9.5,1358.9,1791.7,59.99,213.1,8.5,5.6,620.1,46.4,3.2,2.7,0,-10255.082221934483,,,2025-05-09 10:28:24
144.4,9.4,1361.3,1789.4,60,213.1,8.5,5.7,620.2,46.6,3.3,2.7,0,-9672.407095688204,,,2025-05-09 10:29:08
143.7,9.7,1382.4,1814.9,60.01,213.2,8.5,5.7,620.2,46.8,3.3,2.7,0,-8740.126893694161,,,2025-05-09 10:29:25
141.8,10.1,1410.6,1856.6,59.97,213.1,8.7,5.7,620.2,46.8,3.3,2.7,0,-10876.602356597177,,,2025-05-09 10:30:09
141.4,10.2,1430.5,1885.9,59.97,213.4,8.8,5.7,620.2,46.9,3.3,2.7,0,-9905.477146186717,,,2025-05-09 10:30:26
141.6,10.6,1472.2,1926.4,59.98,213,9.1,5.7,620.2,47,3.3,2.7,0,-7458.24161595235,,,2025-05-09 10:31:10
141.5,3.9,553.5,829.5,59.99,211.8,4,5.7,620.2,47,3.3,2.7,0,-10138.547196685227,,,2025-05-09 10:31:26
144.9,5,646.8,970.9,60,211.9,5.1,5.7,620.2,46.5,3.3,2.7,0,-11226.207432344943,,,2025-05-09 10:32:10
141.4,10.8,1498.5,1941.3,60.01,213.2,8.9,5.7,620.2,46.5,3.3,2.7,0,-11498.122491259875,,,2025-05-09 10:32:27
144.5,7.5,1047.6,1419.3,60.02,212.3,6.8,5.8,620.3,46.8,3.3,2.8,0,-7924.381716949373,,,2025-05-09 10:33:11
150.6,8.1,1157.1,1560.8,60.01,212.4,7.9,5.8,620.3,46.8,3.3,2.8,0,-7885.5367085329535,,,2025-05-09 10:33:28
143,10.9,1514.0,1956.2,60.03,213.1,9.2,5.8,620.3,47.1,3.4,2.8,0,-10060.85717985239,,,2025-05-09 10:34:12
145.3,10.5,1498.2,1961.8,59.99,213,9.3,5.8,620.3,47.1,3.4,2.8,0,-11226.207432344945,,,2025-05-09 10:34:28
143.8,3.6,522.9,797.3,59.97,211.4,3.8,5.8,620.3,47,3.4,2.8,0,-11692.347533341968,,,2025-05-09 10:35:13
143,3.6,527.5,804.8,60,211.4,3.8,5.8,620.3,46.8,3.4,2.8,0,-8740.126893694163,,,2025-05-09 10:35:29
145.8,3.3,507.4,769.5,59.99,211.4,3.6,5.8,620.3,46.2,3.4,2.8,0,-9827.78712935388,,,2025-05-09 10:36:13
142.8,3.5,508.3,770.7,59.98,211.4,3.7,5.8,620.3,46.1,3.4,2.8,0,-11692.347533341968,,,2025-05-09 10:36:30
147.1,3.5,520.2,772.2,59.97,211.4,3.7,5.8,620.3,46,3.4,2.8,0,-11575.812508092711,,,2025-05-09 10:37:14
143,3.5,500.3,738.8,60.02,211.4,3.5,5.8,620.3,46,3.4,2.8,0,-10255.082221934485,,,2025-05-09 10:37:30
141.4,3.3,472.8,702.6,60.02,211.5,3.3,5.9,620.4,45.9,3.4,2.8,0,-7924.381716949373,,,2025-05-09 10:38:15
145.8,3,449.8,672.0,60,211.8,3.1,5.9,620.4,45.8,3.4,2.8,0,-10798.912339764342,,,2025-05-09 10:38:31
147.8,3,447.5,666.1,60,211.6,3.2,5.9,620.4,45.5,3.4,2.8,0,-11770.037550174804,,,2025-05-09 10:39:15
148.7,2.9,437.1,658.4,59.99,211.5,3.1,5.9,620.4,45.4,3.4,2.8,0,-9089.731969441928,,,2025-05-09 10:39:32
146.7,2.9,424.6,641.5,60,211.6,3,5.9,620.4,45.2,3.4,2.8,0,-8351.676809529978,,,2025-05-09 10:40:16
148.7,2.9,425.1,641.8,60.03,211.7,3,5.9,620.4,45.2,3.4,2.8,0,-11692.347533341966,,,2025-05-09 10:40:32
148.9,2.8,414.4,642.7,60.01,211.5,3,5.9,620.4,45.2,3.4,2.8,0,-8973.19694419267,,,2025-05-09 10:41:17
150.9,2.9,420.9,654.3,59.97,211.5,3.1,5.9,620.4,45.1,3.4,2.8,0,-7885.536708532955,,,2025-05-09 10:41:33
147.1,3.8,614.1,907.5,60.01,211.8,4,5.9,620.4,45,3.4,2.8,0,-10138.547196685227,,,2025-05-09 10:42:17
150.2,2.7,408.4,633.4,60.02,211.2,3,5.9,620.4,45,3.4,2.8,0,-8934.351935776253,,,2025-05-09 10:42:34
150.3,2.6,386.7,616.2,59.96,211.1,2.8,5.9,620.4,44.7,3.4,2.8,0,-9594.717078855369,,,2025-05-09 10:43:18
148.5,2.6,383.7,614.5,59.95,211.2,2.9,5.9,620.4,44.6,3.5,2.8,0,-10022.012171435972,,,2025-05-09 10:43:34
150.3,2.5,378.0,612.7,60.01,211.2,2.9,5.9,620.4,44.4,3.5,2.8,0,-9750.097112521042,,,2025-05-09 10:44:19
150.2,2.5,377.2,616.0,59.97,211.3,2.8,5.9,620.4,44.3,3.5,2.8,0,-9167.421986274763,,,2025-05-09 10:44:35
150.3,2.6,386.3,636.8,60.01,210.9,3,5.9,620.4,44.1,3.5,2.8,0,-8817.816910526999,,,2025-05-09 10:45:20
148.2,2.6,395.3,645.8,59.99,210.9,3,5.9,620.4,44,3.5,2.8,0,-10022.012171435972,,,2025-05-09 10:45:36
153.2,2.9,444.6,719.0,59.99,211.3,3.4,5.9,620.4,43.9,3.5,2.8,0,-7380.551599119514,,,2025-05-09 10:46:20
150.3,3.1,468.4,755.1,60.03,210.9,3.6,6.0,620.5,43.9,3.5,2.8,0,-6292.891363459796,,,2025-05-09 10:46:36
153.2,4,601.9,928.3,60.02,211.4,4.3,6.0,620.5,43.8,3.5,2.8,0,-7030.946523371747,,,2025-05-09 10:47:21
153.8,5.9,867.3,1233.9,60,212,6,6.0,620.5,43.8,3.5,2.8,0,-6681.341447623982,,,2025-05-09 10:47:37
152.8,10.4,1530.2,2011.4,60.02,213.1,9.5,6.0,620.5,44.2,3.5,2.8,0,-6176.35633821054,,,2025-05-09 10:48:22
154.3,7.8,1165.1,1623.6,60,212.7,7.8,6.0,620.5,44.3,3.5,2.8,0,-6836.721481289655,,,2025-05-09 10:48:38
140.4,7.4,1206.5,1609.7,59.97,212.6,6.5,6.0,620.5,44.6,3.5,2.8,0,-6681.341447623982,,,2025-05-09 10:49:22
148.1,7.5,1212.5,1593.3,59.97,212.6,6.7,6.0,620.5,44.7,3.5,2.9,0,-9089.731969441926,,,2025-05-09 10:49:38
148.5,3.8,565.0,863.2,60.01,211.5,4.1,6.0,620.5,44.6,3.5,2.9,0,-7497.086624368769,,,2025-05-09 10:50:23
151.9,3.6,559.5,854.5,60.03,211.5,4.1,6.0,620.5,44.5,3.5,2.9,0,-6914.411498122493,,,2025-05-09 10:50:39
153,4.7,706.2,1028.8,60.02,211.9,4.8,6.0,620.5,44.4,3.5,2.9,0,-5205.231127800078,,,2025-05-09 10:51:24
150.3,4.6,679.5,993.4,60.02,212,4.6,6.1,620.6,44.4,3.5,2.9,0,-5865.596270879193,,,2025-05-09 10:51:39
150,8.8,1323.8,1716.0,60.03,212.6,7.9,6.1,620.6,44.5,3.6,2.9,0,-6797.876472873237,,,2025-05-09 10:52:25
145.5,4.9,762.6,1107.4,60.02,211.7,4.8,6.1,620.6,44.6,3.6,2.9,0,-5438.30117829859,,,2025-05-09 10:52:40
151.8,3.5,539.6,818.6,60.02,211.5,3.9,6.1,620.6,44.3,3.6,2.9,0,-5865.596270879193,,,2025-05-09 10:53:25
151.9,3.4,521.2,797.6,59.95,211.4,3.8,6.1,620.6,44.2,3.6,2.9,0,-5088.696102550823,,,2025-05-09 10:53:41
151.1,3.8,543.8,829.6,60.03,211.3,4.1,6.1,620.6,43.9,3.6,2.9,0,-6914.411498122493,,,2025-05-09 10:54:26
148.6,3.4,507.7,791.1,60.03,211.3,3.7,6.1,620.6,43.8,3.6,2.9,0,-5438.30117829859,,,2025-05-09 10:54:41
152.8,3.1,499.5,786.9,60.03,211.5,3.7,6.1,620.6,43.5,3.6,2.9,0,-4816.781043635893,,,2025-05-09 10:55:27
149.7,3.3,492.0,778.5,60.02,211.4,3.6,6.1,620.6,43.5,3.6,2.9,0,-8507.05684319565,,,2025-05-09 10:55:42
154.5,3,468.0,751.3,60.01,211.7,3.5,6.1,620.6,43.3,3.6,2.9,0,-7652.466658034443,,,2025-05-09 10:56:27
148.8,3.2,469.3,752.5,60.04,211.7,3.5,6.1,620.6,43.2,3.6,2.9,0,-6020.976304544867,,,2025-05-09 10:56:43
147.8,4.4,551.1,842.5,59.96,211.7,4.3,6.1,620.6,43.2,3.6,2.9,0,-8351.676809529978,,,2025-05-09 10:57:28
146.1,3.3,480.3,760.4,59.98,211.3,3.6,6.1,620.6,43.2,3.6,2.9,0,-7769.001683283698,,,2025-05-09 10:57:43
150.1,3,456.8,725.4,60.01,211.4,3.4,6.2,620.7,43.1,3.6,2.9,0,-7652.466658034444,,,2025-05-09 10:58:29
153.2,2.9,447.8,717.5,59.99,211.7,3.4,6.2,620.7,43.1,3.6,2.9,0,-7652.466658034443,,,2025-05-09 10:58:44
154,3.1,454.8,729.0,60.02,211.8,3.5,6.2,620.7,42.9,3.6,2.9,0,-3767.965816392594,,,2025-05-09 10:59:30
151.7,3.1,462.2,727.8,60.01,211.7,3.4,6.2,620.7,42.9,3.6,2.9,0,-6020.976304544866,,,2025-05-09 10:59:45
151.9,3,449.4,716.0,59.99,211.5,3.4,6.2,620.7,42.8,3.6,2.9,0,-8040.916742198629,,,2025-05-09 11:00:30
151.8,3,447.0,715.0,60.02,211.5,3.4,6.2,620.7,42.7,3.6,2.9,0,-8390.521817946394,,,2025-05-09 11:00:45
152,3,448.3,722.8,60.03,211.6,3.4,6.2,620.7,42.6,3.6,2.9,0,-5321.766153049334,,,2025-05-09 11:01:31
152,3,453.3,733.0,60.02,211.6,3.5,6.2,620.7,42.6,3.6,2.9,0,-6992.101514955329,,,2025-05-09 11:01:46
151.8,3.1,463.8,747.4,59.98,211.5,3.5,6.2,620.7,42.6,3.6,2.9,0,-6409.426388709053,,,2025-05-09 11:02:32
149.2,3.1,462.1,746.1,59.97,211.5,3.6,6.2,620.7,42.5,3.6,2.9,0,-8778.97190211058,,,2025-05-09 11:02:47
151.8,3.3,491.9,793.4,59.99,211.3,3.7,6.2,620.7,42.4,3.6,2.9,0,-5127.541110967241,,,2025-05-09 11:03:32
148.9,3.3,498.2,807.6,60.01,211.4,3.9,6.2,620.7,42.4,3.7,2.9,0,-7302.861582286677,,,2025-05-09 11:03:47
152.1,3.7,564.6,886.3,59.99,211.8,4.2,6.2,620.7,42.3,3.7,2.9,0,-7574.776641201607,,,2025-05-09 11:04:33
152.1,4,597.7,927.1,59.96,211.8,4.4,6.2,620.7,42.3,3.7,2.9,0,-6254.046355043377,,,2025-05-09 11:04:48
150.6,6.6,953.1,1325.9,60.01,212.4,6.5,6.2,620.7,42.4,3.7,2.9,0,-6875.566489706073,,,2025-05-09 11:05:34
154.2,9.6,1438.7,1851.4,60.01,213,8.7,6.3,620.8,42.5,3.7,2.9,0,-7963.226725365791,,,2025-05-09 11:05:49
152.5,3.6,564.0,870.9,59.97,211.4,4.1,6.3,620.8,42.8,3.7,3.0,0,-6797.876472873238,,,2025-05-09 11:06:35
154.6,3.5,535.0,837.0,59.98,211.7,3.9,6.3,620.8,42.8,3.7,3.0,0,-5360.611161465752,,,2025-05-09 11:06:49
148.9,3.2,472.4,769.5,60.02,211.6,3.6,6.3,620.8,42.5,3.7,3.0,0,-7652.466658034444,,,2025-05-09 11:07:35
154.7,3.1,458.3,749.6,59.99,211.5,3.5,6.3,620.8,42.4,3.7,3.0,0,-6292.891363459797,,,2025-05-09 11:07:50
150.2,2.8,423.0,698.8,60,211.6,3.3,6.3,620.8,42.2,3.7,3.0,0,-7380.5515991195125,,,2025-05-09 11:08:36
154.7,2.8,415.6,687.5,59.98,211.5,3.3,6.3,620.8,42.2,3.7,3.0,0,-5787.906254046355,,,2025-05-09 11:08:51
148.8,2.6,397.7,665.4,59.98,211.3,3.1,6.3,620.8,42,3.7,3.0,0,-5982.131296128448,,,2025-05-09 11:09:37
154.3,2.6,391.9,660.6,59.99,211.7,3.1,6.3,620.8,42,3.7,3.0,0,-6448.27139712547,,,2025-05-09 11:09:51
150.9,2.6,389.7,657.6,59.99,211.8,3.1,6.3,620.8,41.8,3.7,3.0,0,-7769.001683283699,,,2025-05-09 11:10:37
154.8,2.5,391.8,656.5,59.98,211.8,3.1,6.3,620.8,41.8,3.7,3.0,0,-8545.901851612069,,,2025-05-09 11:10:52
152.3,2.6,398.5,663.2,60,211.9,3.1,6.3,620.8,41.7,3.7,3.0,0,-7147.481548621005,,,2025-05-09 11:11:38
154,2.7,403.3,671.6,59.96,211.8,3.2,6.3,620.8,41.7,3.7,3.0,0,-6448.271397125471,,,2025-05-09 11:11:53
155.8,2.8,418.5,692.8,60.01,211.6,3.3,6.3,620.8,41.6,3.7,3.0,0,-6992.101514955329,,,2025-05-09 11:12:39
157.7,2.9,429.4,707.5,60,211.8,3.4,6.3,620.8,41.6,3.7,3.0,0,-9322.80201994044,,,2025-05-09 11:12:53
154.7,3,462.3,735.3,59.99,211.6,3.5,6.4,620.9,41.5,3.7,3.0,0,-6603.651430791144,,,2025-05-09 11:13:39
154.7,3,465.4,738.0,59.98,211.6,3.5,6.4,620.9,41.5,3.7,3.0,0,-9089.731969441928,,,2025-05-09 11:13:54
154.7,3.1,486.2,765.7,59.99,211.9,3.7,6.4,620.9,41.4,3.7,3.0,0,-9905.477146186715,,,2025-05-09 11:14:40
154.7,3.2,495.6,775.5,60.05,212,3.7,6.4,620.9,41.4,3.7,3.0,0,-6370.581380292632,,,2025-05-09 11:14:54
154.7,3.4,527.1,805.0,60.02,211.6,3.8,6.4,620.9,41.3,3.8,3.0,0,-9089.731969441928,,,2025-05-09 11:15:41
154.8,3.5,534.3,817.0,60.01,211.6,3.8,6.4,620.9,41.3,3.8,3.0,0,-7535.931632785187,,,2025-05-09 11:15:55
154.7,3.5,535.3,812.2,59.99,212,3.7,6.4,620.9,41.3,3.8,3.0,0,-9400.492036773274,,,2025-05-09 11:16:42
154.7,3.4,526.7,799.2,60,211.7,3.7,6.4,620.9,41.3,3.8,3.0,0,-9672.407095688206,,,2025-05-09 11:16:56
151.7,3.1,474.7,719.2,60.03,211.7,3.4,6.4,620.9,41.2,3.8,3.0,0,-5360.611161465752,,,2025-05-09 11:17:42
154.7,2.9,445.7,679.2,60.03,211.7,3.2,6.4,620.9,41.2,3.8,3.0,0,-6059.821312961284,,,2025-05-09 11:17:56
151.6,2.4,373.0,592.3,59.98,211.1,2.8,6.4,620.9,41.1,3.8,3.0,0,-8273.98679269714,,,2025-05-09 11:18:43
153,2.3,357.0,572.5,60,211.3,2.6,6.4,620.9,41.1,3.8,3.0,0,-6331.736371876215,,,2025-05-09 11:18:57
152.5,2,307.8,513.3,60.01,211.3,2.4,6.4,620.9,41.1,3.8,3.0,0,-7613.621649618025,,,2025-05-09 11:19:44
151.7,1.9,295.8,500.8,60.01,211.3,2.3,6.4,620.9,41,3.8,3.0,0,-9245.112003107603,,,2025-05-09 11:19:58
151.8,1.6,263.7,462.8,60.03,211.6,2.1,6.4,620.9,40.9,3.8,3.0,0,-6953.256506538911,,,2025-05-09 11:20:44
151.8,1.7,258.3,455.3,60.01,211.4,2.1,6.4,620.9,40.8,3.8,3.0,0,-9478.182053606113,,,2025-05-09 11:20:58
151.8,1.6,252.3,444.1,60,211.2,2.1,6.4,620.9,40.6,3.8,3.0,0,-6525.961413958306,,,2025-05-09 11:21:45
154.2,1.6,247.2,437.7,60.02,211.2,2.1,6.4,620.9,40.6,3.8,3.0,0,-8468.211834779233,,,2025-05-09 11:21:59
151.9,1.7,258.2,438.8,59.96,211.4,2,6.5,621.0,40.4,3.8,3.0,0,-6875.566489706073,,,2025-05-09 11:22:46
148.9,1.7,259.1,435.6,60.02,211.4,2,6.5,621.0,40.3,3.8,3.0,0,-9322.802019940438,,,2025-05-09 11:23:00
151.9,1.7,259.5,425.8,60.01,211.2,2,6.5,621.0,40.2,3.8,3.0,0,-6020.976304544867,,,2025-05-09 11:23:47
150.7,1.7,260.7,423.9,60,211.1,2,6.5,621.0,40.1,3.8,3.0,0,-7769.001683283698,,,2025-05-09 11:24:00
151.7,1.7,266.2,428.3,59.99,211.3,2,6.5,621.0,39.9,3.8,3.0,0,-7147.481548621003,,,2025-05-09 11:24:47
151.7,1.8,268.6,430.4,60.03,211.4,2,6.5,621.0,39.9,3.8,3.0,0,-8312.83180111356,,,2025-05-09 11:25:01
154.7,1.8,285.1,452.8,60.04,211.4,2.1,6.5,621.0,39.6,3.8,3.0,0,-6176.356338210541,,,2025-05-09 11:25:48
152.6,1.9,288.5,456.3,60.03,211.3,2.1,6.5,621.0,39.6,3.8,3.0,0,-9322.80201994044,,,2025-05-09 11:26:02
153.3,2.1,314.5,497.8,60.02,211,2.4,6.5,621.0,39.5,3.8,3.0,0,-9672.407095688204,,,2025-05-09 11:26:49
157.8,2,322.8,506.2,59.99,211.3,2.3,6.5,621.0,39.4,3.8,3.0,0,-9555.87207043895,,,2025-05-09 11:27:02
154.9,2.3,351.8,537.7,60,211.2,2.5,6.5,621.0,39.4,3.8,3.0,0,-5515.991195131428,,,2025-05-09 11:27:49
156.8,2.2,354.6,540.5,60.02,211.2,2.5,6.5,621.0,39.4,3.8,3.0,0,-7652.466658034444,,,2025-05-09 11:28:03
149.6,2.4,361.0,554.4,60,211.5,2.5,6.5,621.0,39.3,3.8,3.1,0,-8778.97190211058,,,2025-05-09 11:28:50
150.5,2.2,335.9,526.0,60.04,211.5,2.5,6.5,621.0,39.3,3.8,3.1,0,-8273.98679269714,,,2025-05-09 11:29:04
152.9,2.1,327.4,521.5,60,211.6,2.4,6.5,621.0,39.3,3.8,3.1,0,-5904.44127929561,,,2025-05-09 11:29:51
153.2,2.1,326.7,521.3,60.02,211.5,2.4,6.5,621.0,39.3,3.8,3.1,0,-9050.88696102551,,,2025-05-09 11:30:04
153.2,2.2,333.7,531.5,60.01,211.4,2.5,6.5,621.0,39.1,3.8,3.1,0,-7225.17156545384,,,2025-05-09 11:30:52
154.6,2.2,342.1,542.2,60.01,211.4,2.5,6.5,621.0,39.1,3.8,3.1,0,-9283.95701152402,,,2025-05-09 11:31:05
154.7,2.4,378.2,590.4,60,211.5,2.8,6.5,621.0,39.1,3.8,3.1,0,-7147.481548621005,,,2025-05-09 11:31:52
154.7,2.5,392.7,607.6,59.98,211.3,2.8,6.5,621.0,39.1,3.8,3.1,0,-7264.01657387026,,,2025-05-09 11:32:06
154.6,2.9,449.8,684.4,60,211.5,3.2,6.5,621.0,39,3.9,3.1,0,-6331.736371876214,,,2025-05-09 11:32:53
157.4,2.9,465.9,709.5,60.01,211.5,3.3,6.5,621.0,39,3.9,3.1,0,-8118.606759031466,,,2025-05-09 11:33:06
156.3,3.4,537.0,807.2,60.01,211.9,3.8,6.5,621.0,39,3.9,3.1,0,-4506.020976304546,,,2025-05-09 11:33:54
156.2,3.7,570.4,847.6,59.99,211.9,4,6.6,621.1,39,3.9,3.1,0,-5865.596270879192,,,2025-05-09 11:34:07
161.9,9.1,958.0,1312.2,60.01,213.3,8.8,6.6,621.1,39.2,3.9,3.1,0,-6059.821312961286,,,2025-05-09 11:34:54
155.5,10.8,1608.9,2028.9,60,213.6,9.7,6.6,621.1,39.3,3.9,3.1,0,-7846.691700116535,,,2025-05-09 11:35:08
146.5,8.1,1253.0,1637.6,60.02,213.3,7.4,6.6,621.1,40,3.9,3.1,0,-7108.636540204585,,,2025-05-09 11:35:55
149.3,6.4,1009.6,1399.2,59.98,212.9,6.1,6.6,621.1,40.2,3.9,3.1,0,-5282.9211446329155,,,2025-05-09 11:36:08
153.2,4.1,622.6,941.0,59.97,212.3,4.3,6.6,621.1,40.1,3.9,3.1,0,-7535.931632785187,,,2025-05-09 11:36:56
156.7,4.2,627.4,952.4,59.98,212.4,4.5,6.6,621.1,40.1,3.9,3.1,0,-8545.901851612069,,,2025-05-09 11:37:09
151.4,5.8,948.6,1332.2,60.02,212.8,5.9,6.6,621.1,40.4,3.9,3.1,0,-8623.591868444908,,,2025-05-09 11:37:56
154.6,5,769.4,1123.7,59.99,212.2,5.2,6.6,621.1,40.5,3.9,3.1,0,-6137.5113297941225,,,2025-05-09 11:38:09
150.3,4.9,742.0,1096.4,60.04,212.3,5.1,6.7,621.2,40.6,3.9,3.1,0,-9322.802019940438,,,2025-05-09 11:38:57
153.2,4.7,717.9,1069.0,60,212.4,4.9,6.7,621.2,40.6,3.9,3.1,0,-9711.252104104624,,,2025-05-09 11:39:10
154.7,4.2,643.9,987.2,60.03,212.3,4.5,6.7,621.2,40.6,4.0,3.1,0,-7846.691700116535,,,2025-05-09 11:39:58
154.7,4.2,651.6,997.4,60.03,212.4,4.6,6.7,621.2,40.6,4.0,3.1,0,-6254.046355043377,,,2025-05-09 11:40:11
151.6,4.1,611.8,951.0,60.01,212,4.3,6.7,621.2,40.7,4.0,3.1,0,-7380.551599119514,,,2025-05-09 11:40:58
151.7,4,606.7,943.7,59.97,212,4.4,6.7,621.2,40.8,4.0,3.1,0,-8196.296775864303,,,2025-05-09 11:41:11
149.7,3.9,587.5,920.0,60.02,212.1,4.2,6.7,621.2,40.9,4.0,3.1,0,-8312.831801113558,,,2025-05-09 11:41:59
151.8,3.9,585.4,916.4,60.03,212.2,4.3,6.7,621.2,40.9,4.0,3.1,0,-8351.676809529978,,,2025-05-09 11:42:12
152.2,4,603.3,934.1,59.98,212.5,4.3,6.7,621.2,41,4.0,3.1,0,-7186.326557037423,,,2025-05-09 11:43:00
154.5,4.1,610.6,939.1,59.99,212.5,4.4,6.7,621.2,41,4.0,3.1,0,-5710.216237213518,,,2025-05-09 11:43:13
153.7,5.7,864.5,1211.3,59.99,213.1,5.7,6.7,621.2,41.2,4.0,3.1,0,-8973.19694419267,,,2025-05-09 11:44:01
154.5,5.6,845.2,1197.9,60,213.2,5.6,6.7,621.2,41.3,4.0,3.1,0,-6448.271397125471,,,2025-05-09 11:44:13
152.9,5.2,782.4,1141.9,59.98,213.1,5.3,6.8,621.3,41.6,4.0,3.2,0,-7108.636540204586,,,2025-05-09 11:45:01
154.5,4.8,745.1,1084.9,60.03,213.1,5,6.8,621.3,41.6,4.0,3.2,0,-8662.436876861324,,,2025-05-09 11:45:14
151.8,3.8,582.7,897.9,59.97,212.7,4.2,6.8,621.3,41.7,4.0,3.2,0,-8740.126893694163,,,2025-05-09 11:46:02
151.8,3.4,543.0,849.8,59.98,212.6,4,6.8,621.3,41.7,4.0,3.2,0,-6836.721481289656,,,2025-05-09 11:46:15
150.7,3.1,465.8,778.9,59.99,212.5,3.7,6.8,621.3,41.6,4.0,3.2,0,-7380.551599119514,,,2025-05-09 11:47:03
152.7,2.9,459.7,766.5,60.01,212.8,3.6,6.8,621.3,41.6,4.0,3.2,0,-7186.326557037423,,,2025-05-09 11:47:15
152,2.7,406.4,701.9,59.96,212.4,3.3,6.8,621.3,41.6,4.0,3.2,0,-9983.167163019552,,,2025-05-09 11:48:03
151.8,2.5,397.0,687.9,59.99,212.5,3.2,6.8,621.3,41.6,4.0,3.2,0,-8584.746860028486,,,2025-05-09 11:48:16
151.3,2.3,353.7,615.0,59.99,211.9,2.9,6.8,621.3,41.4,4.0,3.2,0,-11031.982390262852,,,2025-05-09 11:49:04
152.7,2.1,345.3,602.7,59.96,211.9,2.8,6.8,621.3,41.4,4.0,3.2,0,-8468.211834779231,,,2025-05-09 11:49:17
151.9,2,310.4,544.5,60.01,211.9,2.5,6.8,621.3,41.3,4.1,3.2,0,-9050.886961025508,,,2025-05-09 11:50:05
151.9,1.9,305.6,535.1,60.03,212.1,2.5,6.8,621.3,41.2,4.1,3.2,0,-8778.97190211058,,,2025-05-09 11:50:17
151.8,1.8,281.0,496.1,60.01,211.9,2.2,6.8,621.3,41.1,4.1,3.2,0,-7186.326557037423,,,2025-05-09 11:51:06
153.3,1.6,272.2,485.2,60.02,212.1,2.2,6.8,621.3,41,4.1,3.2,0,-9827.78712935388,,,2025-05-09 11:51:18
151.7,1.6,251.0,450.1,60.04,211.9,2,6.8,621.3,41,4.1,3.2,0,-9206.266994691183,,,2025-05-09 11:52:06
152.6,1.5,248.2,445.6,60.03,211.7,2,6.8,621.3,41,4.1,3.2,0,-10915.447365013597,,,2025-05-09 11:52:19
151.8,1.6,240.1,430.5,59.99,211.7,2.1,6.9,621.4,40.7,4.1,3.2,0,-10760.067331347924,,,2025-05-09 11:53:07
154.4,1.5,238.2,427.1,59.99,212,1.9,6.9,621.4,40.7,4.1,3.2,0,-9012.041952609092,,,2025-05-09 11:53:19
151.8,1.5,237.1,423.9,60.01,212,1.9,6.9,621.4,40.7,4.1,3.2,0,-11303.89744917778,,,2025-05-09 11:54:08
153.3,1.5,234.9,419.3,60.01,212,1.9,6.9,621.4,40.7,4.1,3.2,0,-10915.447365013595,,,2025-05-09 11:54:20
151.8,1.5,233.7,407.8,60.01,212.1,1.9,6.9,621.4,40.7,4.1,3.2,0,-9788.94212093746,,,2025-05-09 11:55:08
152.2,1.5,230.8,402.4,60.02,212.1,1.9,6.9,621.4,40.7,4.1,3.2,0,-10721.222322931504,,,2025-05-09 11:55:21
151.8,1.5,225.6,386.8,59.96,211.8,1.8,6.9,621.4,40.7,4.1,3.2,0,-8778.97190211058,,,2025-05-09 11:56:09
153.8,1.4,224.0,381.3,59.97,211.8,1.7,6.9,621.4,40.7,4.1,3.2,0,-11964.262592256897,,,2025-05-09 11:56:21
148.7,1.4,216.9,368.2,59.98,211.8,1.7,6.9,621.4,40.4,4.1,3.2,0,-11109.672407095688,,,2025-05-09 11:57:10
151.2,1.4,216.9,366.8,59.99,212,1.7,6.9,621.4,40.4,4.1,3.2,0,-10099.70218826881,,,2025-05-09 11:57:22
150.2,1.4,214.5,360.4,60.02,212.2,1.6,6.9,621.4,40.2,4.1,3.2,0,-7691.311666450861,,,2025-05-09 11:58:10
151.2,1.4,216.6,360.5,60.03,212.1,1.6,6.9,621.4,40.1,4.1,3.2,0,-9089.731969441926,,,2025-05-09 11:58:23
154.7,1.5,231.1,375.6,59.97,212.1,1.7,6.9,621.4,40,4.1,3.2,0,-8973.196944192672,,,2025-05-09 11:59:11
153.1,1.5,234.2,382.4,59.96,212.1,1.8,6.9,621.4,40,4.1,3.2,0,-10293.927230350902,,,2025-05-09 11:59:23
156.3,1.5,233.5,388.4,59.98,212.1,1.8,6.9,621.4,39.9,4.1,3.2,0,-7535.931632785188,,,2025-05-09 12:00:12
155,1.6,241.4,397.4,59.98,212,1.9,6.9,621.4,39.9,4.1,3.2,0,-9711.252104104624,,,2025-05-09 12:00:24
151.6,1.7,255.1,422.6,60,212.2,1.9,6.9,621.4,39.9,4.1,3.2,0,-8468.211834779231,,,2025-05-09 12:01:13
153.2,1.7,261.2,430.2,60,212.2,2,6.9,621.4,39.9,4.1,3.2,0,-11031.982390262852,,,2025-05-09 12:01:24
155.3,1.8,267.2,446.0,60.01,212.1,2.1,6.9,621.4,39.8,4.1,3.2,0,-10371.617247183738,,,2025-05-09 12:02:13
154.6,1.8,279.8,460.5,60.01,212.1,2.1,6.9,621.4,39.8,4.1,3.2,0,-9594.717078855369,,,2025-05-09 12:02:25
154.7,1.9,296.9,481.9,60.02,212.1,2.2,6.9,621.4,39.8,4.1,3.2,0,-12158.487634338988,,,2025-05-09 12:03:14
154.8,1.9,303.2,491.7,60.03,212,2.3,6.9,621.4,39.8,4.1,3.2,0,-9555.87207043895,,,2025-05-09 12:03:26
154.6,2.1,326.1,523.5,60.03,212.2,2.5,6.9,621.4,39.8,4.1,3.2,0,-12313.867668004661,,,2025-05-09 12:04:15
157.8,2.1,334.4,534.6,60.03,212.1,2.5,6.9,621.4,39.8,4.1,3.2,0,-11925.417583840479,,,2025-05-09 12:04:26
157.7,2.2,360.6,569.2,59.97,212,2.6,6.9,621.4,39.8,4.1,3.2,0,-9439.337045189694,,,2025-05-09 12:05:15
151.7,2.4,360.6,565.5,59.99,211.9,2.6,6.9,621.4,39.8,4.1,3.2,0,-11303.897449177783,,,2025-05-09 12:05:27
157.8,2.3,368.2,575.6,60.01,211.9,2.7,7.0,621.5,39.7,4.1,3.2,0,-10099.702188268808,,,2025-05-09 12:06:16
157.7,2.4,371.1,580.6,60,212,2.8,7.0,621.5,39.7,4.1,3.2,0,-10255.082221934483,,,2025-05-09 12:06:28
156.4,2.6,408.4,635.7,59.99,212.1,3,7.0,621.5,39.6,4.1,3.2,0,-8468.211834779231,,,2025-05-09 12:07:17
157.7,2.7,425.2,657.2,59.98,212.3,3.1,7.0,621.5,39.6,4.1,3.2,0,-9361.647028356856,,,2025-05-09 12:07:28
159.3,3.2,511.5,771.6,60.01,212.3,3.6,7.0,621.5,39.6,4.1,3.2,0,-10022.012171435972,,,2025-05-09 12:08:18
157.5,3.6,560.7,829.2,60.01,212.5,4,7.0,621.5,39.6,4.1,3.2,0,-9517.027062022531,,,2025-05-09 12:08:29
157.7,3.6,558.5,840.3,60.02,212.7,3.9,7.0,621.5,39.6,4.1,3.3,0,-11148.517415512108,,,2025-05-09 12:09:18
157.7,3.5,562.2,850.1,60.04,212.9,3.9,7.0,621.5,39.6,4.1,3.3,0,-9361.647028356856,,,2025-05-09 12:09:30
157.8,3.8,599.9,907.2,60.05,212.9,4.2,7.0,621.5,39.7,4.2,3.3,0,-10760.067331347924,,,2025-05-09 12:10:19
157.7,3.8,615.0,928.0,60.03,213,4.2,7.0,621.5,39.7,4.2,3.3,0,-8390.521817946394,,,2025-05-09 12:10:30
155.2,6.4,1056.2,1460.1,60.03,213.6,6.2,7.0,621.5,40,4.2,3.3,0,-12119.64262592257,,,2025-05-09 12:11:20
160.8,6.4,908.3,1277.5,60.04,213.1,6.6,7.0,621.5,40.1,4.2,3.3,0,-9594.717078855367,,,2025-05-09 12:11:31
151.4,4.6,1006.7,1338.3,60.01,212.9,4.8,7.0,621.5,40.2,4.2,3.3,0,-9478.182053606113,,,2025-05-09 12:12:20
156.2,3.6,557.8,885.5,60.02,212.7,4.2,7.1,621.6,40.2,4.2,3.3,0,-8662.436876861326,,,2025-05-09 12:12:32
154.3,3,461.0,763.3,60,212.5,3.5,7.1,621.6,40.1,4.2,3.3,0,-11459.277482843456,,,2025-05-09 12:13:21
153.2,2.8,447.1,744.5,60.01,212.5,3.5,7.1,621.6,40,4.2,3.3,0,-8273.98679269714,,,2025-05-09 12:13:32
153.8,2.7,424.2,700.7,59.98,212.3,3.3,7.1,621.6,39.8,4.2,3.3,0,-10565.84228926583,,,2025-05-09 12:14:22
153.1,2.7,424.1,698.3,60,212.3,3.3,7.1,621.6,39.7,4.2,3.3,0,-12003.107600673316,,,2025-05-09 12:14:33
156.2,2.7,427.3,690.0,60.02,212.4,3.2,7.1,621.6,39.6,4.2,3.3,0,-11847.72756700764,,,2025-05-09 12:15:23
153.2,2.8,430.2,684.4,60.03,212.6,3.3,7.1,621.6,39.6,4.2,3.3,0,-11109.672407095688,,,2025-05-09 12:15:34
154.4,2.9,457.5,717.1,60.01,212.4,3.4,7.1,621.6,39.6,4.2,3.3,0,-10449.307264016576,,,2025-05-09 12:16:23
153.2,2.9,457.4,714.0,60.01,212.4,3.4,7.1,621.6,39.6,4.2,3.3,0,-8390.521817946395,,,2025-05-09 12:16:34
153.4,2.6,404.0,656.5,60.02,212.5,3.1,7.1,621.6,39.6,4.2,3.3,0,-12780.007769001684,,,2025-05-09 12:17:24
154.6,2.5,387.7,636.9,60.01,212.5,2.9,7.1,621.6,39.6,4.2,3.3,0,-10371.61724718374,,,2025-05-09 12:17:35
151.3,2.1,325.5,558.6,59.99,212.4,2.6,7.1,621.6,39.5,4.2,3.3,0,-12896.542794250941,,,2025-05-09 12:18:25
150.6,2.1,315.7,543.0,59.98,212.5,2.5,7.1,621.6,39.5,4.2,3.3,0,-11692.347533341966,,,2025-05-09 12:18:36
149.9,1.8,282.0,499.0,59.99,212.5,2.3,7.1,621.6,39.3,4.2,3.3,0,-9827.78712935388,,,2025-05-09 12:19:25
152.2,1.8,273.4,488.6,60,212.5,2.3,7.1,621.6,39.2,4.2,3.3,0,-10682.377314515086,,,2025-05-09 12:19:36
150.7,1.6,251.2,453.7,60,212.5,2.1,7.1,621.6,39,4.2,3.3,0,-9245.112003107603,,,2025-05-09 12:20:26
150.5,1.6,247.9,446.9,60.02,212.5,2,7.1,621.6,38.9,4.2,3.3,0,-12508.092710086756,,,2025-05-09 12:20:37
150.4,1.5,237.4,421.8,59.99,212.5,2,7.1,621.6,38.8,4.2,3.3,0,-11187.362423928525,,,2025-05-09 12:21:27
150.4,1.5,235.7,417.8,59.99,212.6,1.9,7.1,621.6,38.7,4.2,3.3,0,-9711.252104104624,,,2025-05-09 12:21:38
150.3,1.5,228.8,401.8,59.97,212,1.8,7.2,621.7,38.5,4.3,3.3,0,-11653.502524925549,,,2025-05-09 12:22:27
151.7,1.5,225.8,394.7,59.99,212.1,1.8,7.2,621.7,38.5,4.3,3.3,0,-8351.676809529978,,,2025-05-09 12:22:38
150.4,1.3,205.0,360.3,59.99,212.1,1.7,7.2,621.7,38.3,4.3,3.3,0,-10216.237213518063,,,2025-05-09 12:23:28
150.4,1.3,201.6,353.6,60,212.3,1.6,7.2,621.7,38.2,4.3,3.3,0,-9866.632137770299,,,2025-05-09 12:23:39
150.4,1.2,180.0,324.4,59.99,212,1.5,7.2,621.7,38.1,4.3,3.3,0,-8196.296775864303,,,2025-05-09 12:24:29
151.5,1.1,178.6,319.1,60,212,1.4,7.2,621.7,38.1,4.3,3.3,0,-9050.886961025508,,,2025-05-09 12:24:39
156.1,1,154.4,287.9,60.04,212.1,1.4,7.2,621.7,38,4.3,3.3,0,-10099.70218826881,,,2025-05-09 12:25:30
153.6,0.9,160.1,288.2,60.03,212.1,1.3,7.2,621.7,38,4.3,3.3,0,-10954.292373430017,,,2025-05-09 12:25:40
155,0.9,155.4,284.4,60,212.2,1.3,7.2,621.7,37.9,4.3,3.3,0,-11187.362423928527,,,2025-05-09 12:26:30
153.3,1,157.4,285.8,60.01,212.3,1.3,7.2,621.7,37.9,4.3,3.3,0,-10915.447365013597,,,2025-05-09 12:26:41
153,1.1,165.8,290.2,59.99,212.1,1.4,7.2,621.7,38,4.3,3.3,0,-7691.311666450861,,,2025-05-09 12:27:31
148.8,1.1,164.8,291.1,60,212.1,1.3,7.2,621.7,38,4.3,3.3,0,-8273.98679269714,,,2025-05-09 12:27:41
157.2,1.1,179.6,308.1,60.04,212.3,1.3,7.2,621.7,38,4.3,3.3,0,-7846.691700116535,,,2025-05-09 12:28:32
151.8,1.2,187.6,315.8,60.01,212.3,1.5,7.2,621.7,38,4.3,3.3,0,-9128.576977858345,,,2025-05-09 12:28:42
153.9,1.4,223.9,361.3,60.01,212.4,1.6,7.2,621.7,38.1,4.3,3.3,0,-9672.407095688204,,,2025-05-09 12:29:32
153.2,1.5,231.6,370.9,60.01,212.4,1.7,7.2,621.7,38.1,4.3,3.3,0,-8002.071733782209,,,2025-05-09 12:29:43
156.3,1.8,286.1,438.3,59.98,212.1,2,7.2,621.7,38.1,4.3,3.3,0,-11575.812508092713,,,2025-05-09 12:30:33
154.9,1.9,295.6,455.2,60.04,212.1,2.1,7.2,621.7,38,4.3,3.3,0,-10993.137381846434,,,2025-05-09 12:30:43
156.8,2.3,359.3,542.4,59.99,212.2,2.5,7.2,621.7,38.1,4.3,3.3,0,-10915.447365013597,,,2025-05-09 12:31:34
156.5,2.4,374.1,561.1,59.97,212.2,2.7,7.2,621.7,38.1,4.3,3.3,0,-8507.05684319565,,,2025-05-09 12:31:44
156.2,2.7,415.1,627.3,60,212.2,2.9,7.2,621.7,38.3,4.3,3.3,0,-8312.831801113558,,,2025-05-09 12:32:35
156.4,2.7,418.6,635.0,60.01,212.2,2.9,7.2,621.7,38.3,4.3,3.3,0,-8235.14178428072,,,2025-05-09 12:32:45
158.4,2.8,451.5,678.5,60.04,212.6,3.2,7.2,621.7,38.3,4.3,3.4,0,-11420.432474427038,,,2025-05-09 12:33:35
156.7,2.9,457.0,691.9,60.02,212.5,3.3,7.2,621.7,38.3,4.3,3.4,0,-8934.351935776254,,,2025-05-09 12:33:45
159.2,3.2,508.5,753.7,60.03,212.8,3.5,7.2,621.7,38.4,4.3,3.4,0,-10565.84228926583,,,2025-05-09 12:34:36
156.3,3.4,522.4,776.6,59.99,212.8,3.6,7.2,621.7,38.4,4.3,3.4,0,-8545.901851612069,,,2025-05-09 12:34:46
151.1,7.9,1336.2,1752.4,60.02,213.9,7,7.3,621.8,38.7,4.3,3.4,0,-8157.451767447883,,,2025-05-09 12:35:37
152.2,6.3,909.8,1247.7,60.02,213.4,5.8,7.3,621.8,38.9,4.3,3.4,0,-9983.167163019554,,,2025-05-09 12:35:47
156.1,8.4,1293.1,1734.0,60.03,214.1,8.2,7.3,621.8,39.6,4.3,3.4,0,-9672.407095688204,,,2025-05-09 12:36:37
149.8,10,1473.2,1979.2,60.03,214.4,9.2,7.3,621.8,39.7,4.3,3.4,0,-8235.14178428072,,,2025-05-09 12:36:47
153.2,6.9,930.9,1288.1,59.97,213.4,6.7,7.3,621.8,40.3,4.4,3.4,0,-11187.362423928525,,,2025-05-09 12:37:38
148.7,8.6,1282.2,1735.3,60.02,214.1,8,7.3,621.8,40.2,4.4,3.4,0,-9555.87207043895,,,2025-05-09 12:37:48
153.4,3.7,577.9,888.3,60,212.8,4.2,7.3,621.8,40.1,4.4,3.4,0,-9128.576977858345,,,2025-05-09 12:38:39
153.2,3.8,579.0,897.4,59.96,212.7,4.2,7.3,621.8,40.1,4.4,3.4,0,-11770.037550174804,,,2025-05-09 12:38:49
153.2,3.9,613.8,944.3,59.99,213.2,4.3,7.3,621.8,40.2,4.4,3.4,0,-11964.262592256897,,,2025-05-09 12:39:39
156.3,4.2,636.9,974.7,59.97,213.2,4.6,7.4,621.9,40.3,4.4,3.4,0,-11886.57257542406,,,2025-05-09 12:39:49
154.6,3.9,612.8,959.2,60.02,213.2,4.4,7.4,621.9,40.5,4.4,3.4,0,-9750.097112521044,,,2025-05-09 12:40:40
154.5,3.7,569.5,902.6,60,213.1,4.2,7.4,621.9,40.5,4.4,3.4,0,-10060.85717985239,,,2025-05-09 12:40:50
157.7,3.1,467.8,774.7,59.97,213,3.7,7.4,621.9,40.6,4.4,3.4,0,-11109.672407095688,,,2025-05-09 12:41:41
157.6,3,464.8,769.9,59.98,213,3.7,7.4,621.9,40.5,4.4,3.4,0,-8545.901851612069,,,2025-05-09 12:41:51
155.5,2.8,463.0,767.0,59.98,212.6,3.5,7.4,621.9,40.4,4.4,3.4,0,-12352.71267642108,,,2025-05-09 12:42:42
154.7,2.8,457.2,762.1,59.96,212.7,3.5,7.4,621.9,40.3,4.4,3.4,0,-8662.436876861326,,,2025-05-09 12:42:51
154.7,2.6,413.0,709.8,59.99,212.5,3.3,7.4,621.9,40,4.4,3.4,0,-10876.602356597177,,,2025-05-09 12:43:42
151.9,2.6,403.3,695.5,59.97,212.4,3.3,7.4,621.9,40,4.4,3.4,0,-10721.222322931504,,,2025-05-09 12:43:52
153.6,2.4,367.4,638.3,60.01,212.4,3,7.4,621.9,40,4.4,3.4,0,-8895.506927359835,,,2025-05-09 12:44:43
151.5,2.3,362.6,630.1,60.01,212.1,2.9,7.4,621.9,40,4.4,3.4,0,-10954.292373430017,,,2025-05-09 12:44:53
154.4,2.3,349.7,598.7,60.01,212.6,2.8,7.4,621.9,40.1,4.4,3.4,0,-13246.147869998707,,,2025-05-09 12:45:44
151.8,2.3,349.3,595.2,60.02,212.5,2.8,7.4,621.9,40.1,4.4,3.4,0,-10177.392205101647,,,2025-05-09 12:45:53
156.3,2.1,351.0,582.6,60.03,212.4,2.7,7.4,621.9,40.1,4.4,3.4,0,-11536.967499676293,,,2025-05-09 12:46:44
151.9,2.3,353.0,585.0,60.01,212.4,2.7,7.4,621.9,40.2,4.4,3.4,0,-8895.506927359835,,,2025-05-09 12:46:54
154.7,2.4,364.0,584.6,60.03,212.5,2.7,7.4,621.9,40.2,4.4,3.4,0,-10682.377314515086,,,2025-05-09 12:47:45
156.6,2.4,355.2,574.8,60.01,212.5,2.8,7.4,621.9,40.2,4.4,3.4,0,-11187.362423928525,,,2025-05-09 12:47:54
154.7,2.4,379.2,593.2,60.02,212.2,2.8,7.5,622.0,40.2,4.4,3.4,0,-11808.882558591224,,,2025-05-09 12:48:46
154.7,2.5,378.9,596.3,60.04,212.3,2.8,7.5,622.0,40.2,4.5,3.4,0,-8895.506927359835,,,2025-05-09 12:48:55
154.7,2.4,375.7,586.1,60,212.5,2.7,7.5,622.0,40.2,4.5,3.4,0,-10643.532306098667,,,2025-05-09 12:49:47
154.8,2.4,373.0,587.7,60.03,212.7,2.8,7.5,622.0,40.2,4.5,3.4,0,-10876.602356597177,,,2025-05-09 12:49:56
154.6,2.4,366.6,579.9,60.02,212.7,2.7,7.5,622.0,40.3,4.5,3.5,0,-9439.337045189694,,,2025-05-09 12:50:47
154.7,2.4,365.7,582.7,60.04,212.7,2.7,7.5,622.0,40.3,4.5,3.5,0,-12352.71267642108,,,2025-05-09 12:50:56
154.7,2.3,361.7,573.5,60.02,212.7,2.7,7.5,622.0,40.3,4.5,3.5,0,-12313.867668004661,,,2025-05-09 12:51:48
154.7,2.3,358.9,574.7,60.02,212.9,2.7,7.5,622.0,40.3,4.5,3.5,0,-12624.627735336011,,,2025-05-09 12:51:57
154.7,2.2,351.2,557.0,59.98,212.7,2.6,7.5,622.0,40.1,4.5,3.5,0,-9361.647028356856,,,2025-05-09 12:52:49
154.6,2.3,351.2,560.1,60.01,212.9,2.6,7.5,622.0,40,4.5,3.5,0,-9788.942120937461,,,2025-05-09 12:52:58
151.7,8.3,1261.7,1692.5,60,214.1,7.7,7.5,622.0,39.9,4.5,3.5,0,-11187.362423928525,,,2025-05-09 12:53:49
158.4,6.8,1136.7,1606.1,60,214,7.1,7.5,622.0,39.9,4.5,3.5,0,-11109.672407095688,,,2025-05-09 12:53:58
153.4,2,308.6,521.9,59.99,212.5,2.4,7.5,622.0,39.8,4.5,3.5,0,-13401.527903664382,,,2025-05-09 12:54:50
154.4,2,301.5,515.9,59.98,212.5,2.4,7.5,622.0,39.7,4.5,3.5,0,-8817.816910526997,,,2025-05-09 12:54:59
152.8,1.8,280.6,481.7,60.03,212.3,2.2,7.5,622.0,39.3,4.5,3.5,0,-9711.252104104624,,,2025-05-09 12:55:51
156.5,1.8,268.4,470.1,60.01,212.3,2.2,7.5,622.0,39.2,4.5,3.5,0,-10022.012171435972,,,2025-05-09 12:56:00
153.2,1.7,263.3,460.0,60.03,212.3,2.1,7.5,622.0,39,4.5,3.5,0,-11420.432474427038,,,2025-05-09 12:56:52
153.6,1.7,260.2,454.1,60.03,212.3,2.2,7.5,622.0,38.9,4.5,3.5,0,-10216.237213518065,,,2025-05-09 12:57:00
153.4,1.7,262.0,455.4,60.02,212.4,2.1,7.5,622.0,38.7,4.5,3.5,0,-8623.591868444906,,,2025-05-09 12:57:52
155.6,1.7,257.1,451.1,59.98,212.3,2.1,7.5,622.0,38.7,4.5,3.5,0,-9711.252104104624,,,2025-05-09 12:58:01
155.7,1.7,253.9,441.1,60.03,212.4,2.1,7.6,622.1,38.6,4.5,3.5,0,-12119.64262592257,,,2025-05-09 12:58:53
156.1,1.6,255.6,441.4,60.04,212.3,2.1,7.6,622.1,38.6,4.5,3.5,0,-10060.85717985239,,,2025-05-09 12:59:02
153.8,1.6,252.1,428.4,60.01,212.3,2,7.6,622.1,38.6,4.5,3.5,0,-12974.232811083779,,,2025-05-09 12:59:54
155,1.6,254.1,430.1,60,212.4,2,7.6,622.1,38.6,4.5,3.5,0,-9555.87207043895,,,2025-05-09 13:00:02
154.9,1.6,251.4,422.9,59.97,212.3,2,7.6,622.1,38.5,4.5,3.5,0,-10138.547196685227,,,2025-05-09 13:00:54
156.2,1.6,252.9,424.3,59.97,212.2,1.9,7.6,622.1,38.5,4.5,3.5,0,-8740.126893694163,,,2025-05-09 13:01:03
150.1,1.7,256.3,428.1,59.99,212.3,2,7.6,622.1,38.5,4.5,3.5,0,-9555.87207043895,,,2025-05-09 13:01:55
153.9,1.7,259.8,430.2,60.01,212.3,2,7.6,622.1,38.5,4.5,3.5,0,-8312.831801113558,,,2025-05-09 13:02:04
152.3,1.8,269.4,444.7,59.99,212.4,2.1,7.6,622.1,38.3,4.5,3.5,0,-8701.281885277742,,,2025-05-09 13:02:56
156.2,1.7,273.1,449.1,59.97,212.4,2.1,7.6,622.1,38.3,4.5,3.5,0,-10488.152272432992,,,2025-05-09 13:03:04
154.5,1.8,278.8,454.1,60,212.3,2.1,7.6,622.1,38.3,4.5,3.5,0,-11459.277482843456,,,2025-05-09 13:03:56
150.7,1.8,276.0,453.9,60.02,212.3,2.1,7.6,622.1,38.3,4.5,3.5,0,-10410.462255600158,,,2025-05-09 13:04:05
157.9,1.7,279.2,462.2,60.04,212.4,2.1,7.6,622.1,38.2,4.5,3.5,0,-11226.207432344945,,,2025-05-09 13:04:57
154.6,1.8,279.5,462.0,60.01,212.3,2.2,7.6,622.1,38.2,4.5,3.5,0,-11653.502524925549,,,2025-05-09 13:05:06
155.7,1.7,269.9,457.3,60.01,212.3,2.1,7.6,622.1,38.1,4.5,3.5,0,-8196.296775864303,,,2025-05-09 13:05:58
156.2,1.7,274.1,462.2,60.01,212.4,2.2,7.6,622.1,38.1,4.5,3.5,0,-11148.517415512108,,,2025-05-09 13:06:06
156.2,1.6,258.7,447.1,60.02,212.1,2,7.6,622.1,38,4.5,3.5,0,-8545.901851612069,,,2025-05-09 13:06:59
153.4,1.6,255.3,443.3,59.99,212.2,2,7.6,622.1,38,4.5,3.5,0,-12119.642625922572,,,2025-05-09 13:07:07
153.3,1.5,240.0,425.6,60.05,212.2,1.9,7.6,622.1,37.9,4.5,3.5,0,-9283.957011524019,,,2025-05-09 13:07:59
153.1,1.5,238.6,421.9,60.06,212.2,1.9,7.6,622.1,37.9,4.6,3.5,0,-11886.572575424061,,,2025-05-09 13:08:08
153.3,1.4,230.9,415.7,60.04,212.2,1.9,7.6,622.1,37.9,4.6,3.5,0,-11770.037550174804,,,2025-05-09 13:09:00
150.1,1.5,228.6,411.0,60.04,212.2,1.9,7.6,622.1,37.9,4.6,3.5,0,-9905.477146186715,,,2025-05-09 13:09:08
156.2,1.4,216.6,390.3,60.01,212.2,1.8,7.6,622.1,37.9,4.6,3.5,0,-10760.067331347924,,,2025-05-09 13:10:01
153.2,1.4,217.0,387.6,60.01,212.2,1.8,7.6,622.1,37.9,4.6,3.5,0,-9827.78712935388,,,2025-05-09 13:10:09
156.2,1.4,211.5,374.4,59.97,212,1.8,7.6,622.1,37.9,4.6,3.5,0,-12741.162760585266,,,2025-05-09 13:11:01
153.1,1.3,213.9,376.2,59.99,212.1,1.7,7.6,622.1,38,4.6,3.5,0,-10604.687297682247,,,2025-05-09 13:11:09
155.5,1.4,218.1,376.6,59.97,212,1.7,7.6,622.1,38,4.6,3.5,0,-9983.167163019552,,,2025-05-09 13:12:02
153.1,1.4,222.1,379.9,59.96,211.9,1.7,7.6,622.1,38,4.6,3.5,0,-8740.126893694161,,,2025-05-09 13:12:10
159.2,1.6,237.3,397.6,59.99,212,1.9,7.7,622.2,37.9,4.6,3.5,0,-10837.75734818076,,,2025-05-09 13:13:03
153.1,1.6,250.7,412.6,59.99,212,1.9,7.7,622.2,37.9,4.6,3.5,0,-8701.281885277742,,,2025-05-09 13:13:11
156.1,1.8,286.1,455.3,59.99,212.1,2.1,7.7,622.2,37.9,4.6,3.5,0,-12469.247701670336,,,2025-05-09 13:14:03
156.4,1.8,293.2,460.4,60,212.1,2.1,7.7,622.2,37.9,4.6,3.5,0,-10216.237213518063,,,2025-05-09 13:14:11
159.1,2.1,325.1,510.6,59.98,212.4,2.4,7.7,622.2,37.9,4.6,3.5,0,-13168.457853165868,,,2025-05-09 13:15:04
156.3,2.1,340.7,523.5,59.99,212.2,2.4,7.7,622.2,37.9,4.6,3.5,0,-12508.092710086756,,,2025-05-09 13:15:12
157.4,2.4,371.6,567.9,59.96,212.2,2.7,7.7,622.2,38.1,4.6,3.5,0,-12780.007769001684,,,2025-05-09 13:16:05
156.2,2.4,380.4,577.9,59.96,212.4,2.7,7.7,622.2,38.1,4.6,3.5,0,-9322.80201994044,,,2025-05-09 13:16:13
159.2,2.5,402.7,607.4,60,212.5,2.9,7.7,622.2,38.3,4.6,3.5,0,-11303.897449177783,,,2025-05-09 13:17:05
156,2.6,410.5,613.9,59.98,212.5,2.9,7.7,622.2,38.4,4.6,3.5,0,-12041.952609089734,,,2025-05-09 13:17:13
157.1,2.8,435.2,651.8,60,212.1,3,7.7,622.2,38.5,4.6,3.6,0,-10876.602356597177,,,2025-05-09 13:18:06
156.1,2.7,441.7,659.2,60.01,212.2,3.1,7.7,622.2,38.5,4.6,3.6,0,-11964.262592256897,,,2025-05-09 13:18:14
156.2,3.1,484.1,724.5,59.99,212.2,3.4,7.7,622.2,38.7,4.6,3.6,0,-9905.477146186715,,,2025-05-09 13:19:07
159.2,3.1,486.5,730.4,59.99,212.2,3.4,7.7,622.2,38.7,4.6,3.6,0,-9788.942120937461,,,2025-05-09 13:19:15
156.2,3.3,520.7,778.8,59.96,212.3,3.7,7.7,622.2,38.5,4.6,3.6,0,-9128.576977858345,,,2025-05-09 13:20:08
156.2,3.4,525.2,791.8,59.98,212.4,3.7,7.7,622.2,38.3,4.6,3.6,0,-8895.506927359835,,,2025-05-09 13:20:15
154.8,3.7,573.4,861.9,60.02,212.5,4,7.7,622.2,38.1,4.6,3.6,0,-9089.731969441928,,,2025-05-09 13:21:08
156.8,3.6,571.7,857.0,59.99,212.6,4.1,7.7,622.2,38.1,4.6,3.6,0,-10604.687297682249,,,2025-05-09 13:21:16
156.3,6.8,1041.2,1528.8,60.03,213.4,7.5,7.8,622.3,38.1,4.6,3.6,0,-9866.632137770299,,,2025-05-09 13:22:09
154.2,7.5,1070.5,1602.7,60.03,213.5,8,7.8,622.3,38.2,4.6,3.6,0,-12236.177651171824,,,2025-05-09 13:22:17
147.4,8.9,1345.4,1989.7,60,214,9,7.8,622.3,38.7,4.7,3.6,0,-9555.872070438949,,,2025-05-09 13:23:10
151.4,9,1338.6,1996.1,59.99,214.3,9.3,7.8,622.3,38.8,4.7,3.6,0,-8507.05684319565,,,2025-05-09 13:23:17
152.9,3.3,505.3,800.5,60.03,212.6,3.7,7.8,622.3,39.5,4.7,3.6,0,-11381.58746601062,,,2025-05-09 13:24:10
156.2,3.2,497.3,789.6,60.01,212.6,3.7,7.8,622.3,39.5,4.7,3.6,0,-11148.517415512108,,,2025-05-09 13:24:18
153.8,3,466.1,750.2,60.01,212.2,3.5,7.8,622.3,39.3,4.7,3.6,0,-10526.997280849411,,,2025-05-09 13:25:11
154.7,3,463.7,744.5,60.02,212.2,3.5,7.8,622.3,39.3,4.7,3.6,0,-8312.831801113558,,,2025-05-09 13:25:19
150.4,3.2,474.3,765.1,60.03,212.2,3.6,7.8,622.3,39.3,4.7,3.6,0,-11381.58746601062,,,2025-05-09 13:26:12
148.2,5.2,679.2,985.2,60,212.8,5.2,7.8,622.3,39.3,4.7,3.6,0,-9167.421986274765,,,2025-05-09 13:26:19
154.6,3.6,591.5,977.0,60.03,212.7,4.4,7.9,622.4,39.7,4.7,3.6,0,-11031.982390262852,,,2025-05-09 13:27:13
155,5.5,730.3,1179.9,60.03,212.9,6.2,7.9,622.4,39.7,4.7,3.6,0,-11692.347533341968,,,2025-05-09 13:27:20
154.6,7.4,1134.8,1742.8,59.99,213.8,8.1,7.9,622.4,40.1,4.7,3.6,0,-12080.797617506152,,,2025-05-09 13:28:13
151.1,6.4,1033.6,1622.4,60.01,213.8,7,7.9,622.4,40.2,4.7,3.6,0,-9167.421986274765,,,2025-05-09 13:28:21
151.8,2.2,326.5,573.2,59.98,212,2.6,7.9,622.4,40,4.7,3.6,0,-9439.337045189695,,,2025-05-09 13:29:14
154.7,2.1,315.9,557.6,59.97,212,2.6,7.9,622.4,40,4.7,3.6,0,-8273.98679269714,,,2025-05-09 13:29:21
151.2,1.8,268.6,489.2,60.02,212,2.2,7.9,622.4,39.8,4.7,3.6,0,-12197.332642755408,,,2025-05-09 13:30:15
153.6,1.7,253.1,471.2,60.03,212,2.2,7.9,622.4,39.8,4.7,3.6,0,-8701.281885277742,,,2025-05-09 13:30:22
151.7,1.5,230.6,428.8,59.97,211.5,2,7.9,622.4,39.7,4.7,3.6,0,-11847.727567007641,,,2025-05-09 13:31:15
152.1,1.4,228.1,419.0,59.97,211.5,1.9,7.9,622.4,39.6,4.7,3.6,0,-8701.281885277742,,,2025-05-09 13:31:23
148.8,1.4,209.8,391.7,59.97,211.6,1.8,7.9,622.4,39.6,4.7,3.6,0,-8545.901851612069,,,2025-05-09 13:32:16
152.5,1.3,200.1,381.6,60,211.8,1.8,7.9,622.4,39.5,4.7,3.6,0,-8351.676809529978,,,2025-05-09 13:32:23
148.9,1.3,204.8,373.2,60.03,211.6,1.7,7.9,622.4,39.5,4.7,3.6,0,-8584.746860028488,,,2025-05-09 13:33:17
151.8,1.3,204.0,372.5,60.03,211.5,1.7,7.9,622.4,39.5,4.7,3.6,0,-12818.852777418104,,,2025-05-09 13:33:24
153,1.3,209.9,369.9,60.02,211.8,1.7,7.9,622.4,39.5,4.7,3.7,0,-10798.91233976434,,,2025-05-09 13:34:18
148.8,1.4,207.5,363.5,60.04,211.8,1.7,7.9,622.4,39.5,4.7,3.7,0,-10643.532306098668,,,2025-05-09 13:34:24
151.8,1.4,219.4,373.1,60.03,212,1.7,7.9,622.4,39.6,4.7,3.7,0,-10526.997280849411,,,2025-05-09 13:35:18
153.3,1.4,220.1,374.7,60.02,212.1,1.7,7.9,622.4,39.5,4.7,3.7,0,-12469.247701670336,,,2025-05-09 13:35:25
152,1.5,233.9,386.1,60.05,211.7,1.8,7.9,622.4,39.4,4.8,3.7,0,-10760.067331347924,,,2025-05-09 13:36:19
151.8,1.5,236.2,390.7,60.03,211.7,1.8,7.9,622.4,39.4,4.8,3.7,0,-10721.222322931504,,,2025-05-09 13:36:26
153.3,1.7,258.0,417.0,60.04,212.1,1.9,8.0,622.5,39.3,4.8,3.7,0,-11536.967499676293,,,2025-05-09 13:37:20
151.8,1.7,260.4,418.8,60.03,212.1,1.9,8.0,622.5,39.3,4.8,3.7,0,-8701.281885277742,,,2025-05-09 13:37:26
154.7,1.9,292.1,449.7,59.97,211.9,2.1,8.0,622.5,39.1,4.8,3.7,0,-8584.746860028488,,,2025-05-09 13:38:20
157.8,1.8,287.4,443.5,59.96,211.8,2.1,8.0,622.5,39.1,4.8,3.7,0,-11070.82739867927,,,2025-05-09 13:38:27
154.7,1.9,301.9,451.1,60,211.8,2.1,8.0,622.5,39.1,4.8,3.7,0,-9905.477146186715,,,2025-05-09 13:39:21
157.5,1.8,298.6,444.5,59.99,211.7,2.1,8.0,622.5,39.1,4.8,3.7,0,-11342.7424575942,,,2025-05-09 13:39:28
154.7,1.9,293.0,435.4,59.98,212,2,8.0,622.5,39,4.8,3.7,0,-12430.402693253918,,,2025-05-09 13:40:22
157.8,1.8,283.1,426.3,59.98,211.9,2,8.0,622.5,39,4.8,3.7,0,-9711.252104104624,,,2025-05-09 13:40:28
154.5,1.8,284.7,424.2,60.01,211.9,2,8.0,622.5,39.1,4.8,3.7,0,-11381.58746601062,,,2025-05-09 13:41:23
157.7,1.7,279.6,420.0,60.02,211.8,1.9,8.0,622.5,39.1,4.8,3.7,0,-10216.237213518065,,,2025-05-09 13:41:29
154.6,1.8,286.7,437.8,60.01,211.7,2,8.0,622.5,39,4.8,3.7,0,-10526.997280849411,,,2025-05-09 13:42:23
156.5,1.8,278.1,429.2,60,211.8,2,8.0,622.5,39,4.8,3.7,0,-9322.80201994044,,,2025-05-09 13:42:30
154.3,1.7,262.5,416.4,60.02,211.9,1.9,8.0,622.5,38.7,4.8,3.7,0,-10565.84228926583,,,2025-05-09 13:43:24
154.8,1.7,260.5,414.4,59.99,211.9,1.8,8.0,622.5,38.7,4.8,3.7,0,-9128.576977858347,,,2025-05-09 13:43:30
154.7,1.5,233.2,385.5,60,211.7,1.7,8.0,622.5,38.7,4.8,3.7,0,-11070.827398679272,,,2025-05-09 13:44:25
154.7,1.4,227.6,379.2,60,211.7,1.7,8.0,622.5,38.7,4.8,3.7,0,-9089.731969441928,,,2025-05-09 13:44:31
154.6,1.2,195.9,342.0,60,211.7,1.5,8.0,622.5,38.7,4.8,3.7,0,-12508.092710086756,,,2025-05-09 13:45:25
154.7,1.2,193.8,337.9,59.99,211.7,1.6,8.0,622.5,38.7,4.8,3.7,0,-9089.731969441928,,,2025-05-09 13:45:32
151.7,1.1,174.5,310.5,60,211.5,1.5,8.0,622.5,38.5,4.8,3.7,0,-8740.126893694161,,,2025-05-09 13:46:26
151.8,1.1,172.1,309.8,59.98,211.6,1.4,8.0,622.5,38.5,4.8,3.7,0,-10099.702188268808,,,2025-05-09 13:46:32
154.7,1,160.1,290.8,60.02,211.9,1.3,8.0,622.5,38.3,4.8,3.7,0,-9400.492036773276,,,2025-05-09 13:47:27
148.8,1,158.6,287.3,60.02,211.9,1.3,8.0,622.5,38.3,4.8,3.7,0,-8817.816910526997,,,2025-05-09 13:47:33
149.7,1,156.8,280.3,59.97,211.5,1.3,8.0,622.5,38.2,4.8,3.7,0,-8740.126893694163,,,2025-05-09 13:48:27
154.7,1,157.9,281.4,59.97,211.5,1.3,8.0,622.5,38.2,4.8,3.7,0,-10526.997280849411,,,2025-05-09 13:48:34
148.8,1.1,161.2,283.2,60.03,211.8,1.3,8.0,622.5,38.1,4.8,3.7,0,-11575.812508092711,,,2025-05-09 13:49:28
154.5,1.1,164.5,284.4,60.03,211.8,1.4,8.0,622.5,38.1,4.8,3.7,0,-9905.477146186715,,,2025-05-09 13:49:34
153.5,1.1,175.8,298.2,60.01,211.7,1.4,8.0,622.5,38,4.8,3.7,0,-11498.122491259875,,,2025-05-09 13:50:29
154.6,1,176.8,302.0,60,211.6,1.4,8.0,622.5,38,4.8,3.7,0,-11031.982390262852,,,2025-05-09 13:50:35
151.8,1.2,180.0,304.6,60.01,211.6,1.4,8.0,622.5,37.9,4.8,3.7,0,-8817.816910526997,,,2025-05-09 13:51:30
156.6,1.2,174.8,300.5,60.01,211.6,1.4,8.0,622.5,37.9,4.8,3.7,0,-11847.727567007641,,,2025-05-09 13:51:36
153.6,1.2,187.8,316.0,59.99,211.8,1.4,8.0,622.5,37.8,4.8,3.7,0,-12313.867668004663,,,2025-05-09 13:52:30
154.8,1.2,190.6,316.9,59.99,211.8,1.5,8.0,622.5,37.8,4.8,3.7,0,-8118.606759031465,,,2025-05-09 13:52:36
154.6,1.2,189.0,311.5,60.03,211.7,1.4,8.0,622.5,37.8,4.8,3.7,0,-9905.477146186715,,,2025-05-09 13:53:31
154.7,1.2,188.5,309.6,60.02,211.6,1.4,8.1,622.6,37.7,4.8,3.7,0,-8623.591868444906,,,2025-05-09 13:53:37
154.1,1.1,176.1,295.7,60.02,211.4,1.4,8.1,622.6,37.6,4.8,3.7,0,-10565.842289265831,,,2025-05-09 13:54:32
154.7,1.1,177.3,295.4,60.01,211.5,1.3,8.1,622.6,37.6,4.8,3.7,0,-11847.72756700764,,,2025-05-09 13:54:38
154.7,1.1,171.2,291.0,59.99,211.5,1.3,8.1,622.6,37.3,4.8,3.7,0,-8895.506927359835,,,2025-05-09 13:55:32
154.7,1.1,171.3,289.1,59.99,211.5,1.4,8.1,622.6,37.3,4.8,3.7,0,-10643.532306098668,,,2025-05-09 13:55:38
151.5,1.1,174.5,291.3,60.02,211.5,1.3,8.1,622.6,37.4,4.8,3.7,0,-9517.027062022531,,,2025-05-09 13:56:33
155.8,1.1,176.9,292.7,60.02,211.6,1.4,8.1,622.6,37.4,4.8,3.7,0,-8157.451767447883,,,2025-05-09 13:56:39
157.7,1.2,186.0,301.5,59.99,211.8,1.4,8.1,622.6,37.6,4.8,3.7,0,-10371.61724718374,,,2025-05-09 13:57:34
154.5,1.2,187.0,300.9,59.98,211.8,1.4,8.1,622.6,37.6,4.8,3.7,0,-8740.126893694163,,,2025-05-09 13:57:40
151.7,1.2,183.8,295.0,60.02,211.6,1.3,8.1,622.6,37.6,4.8,3.7,0,-8740.126893694163,,,2025-05-09 13:58:34
156.3,1.1,185.4,295.1,59.99,211.6,1.3,8.1,622.6,37.6,4.8,3.7,0,-8273.98679269714,,,2025-05-09 13:58:40
157.6,1.1,176.7,288.2,60.02,211.9,1.4,8.1,622.6,37.6,4.8,3.7,0,-11886.57257542406,,,2025-05-09 13:59:35
154.5,1.1,178.1,288.2,60.01,211.8,1.3,8.1,622.6,37.6,4.8,3.7,0,-8079.761750615046,,,2025-05-09 13:59:41
151.7,1.1,175.8,293.7,60.04,211.5,1.4,8.1,622.6,37.6,4.8,3.7,0,-8778.97190211058,,,2025-05-09 14:00:36
157.7,1.1,176.8,296.5,60.03,211.5,1.4,8.1,622.6,37.6,4.8,3.7,0,-10798.912339764342,,,2025-05-09 14:00:41
156.5,1.2,187.0,314.5,60,211.5,1.4,8.1,622.6,37.5,4.8,3.7,0,-11265.052440761365,,,2025-05-09 14:01:37
154.6,1.2,186.7,314.8,60.04,211.5,1.4,8.1,622.6,37.5,4.8,3.7,0,-8196.296775864303,,,2025-05-09 14:01:42
156.2,1.3,207.9,340.4,60.02,211.6,1.6,8.1,622.6,37.6,4.8,3.7,0,-11498.122491259875,,,2025-05-09 14:02:37
156.2,1.3,209.7,344.6,60.03,211.7,1.6,8.1,622.6,37.6,4.8,3.7,0,-8351.676809529978,,,2025-05-09 14:02:43
154.6,1.4,228.6,364.7,60,211.4,1.7,8.1,622.6,37.6,4.8,3.7,0,-8507.05684319565,,,2025-05-09 14:03:38
158,1.4,229.3,365.5,59.99,211.5,1.7,8.1,622.6,37.6,4.8,3.7,0,-9866.632137770297,,,2025-05-09 14:03:43
159,1.5,240.6,379.4,60,211.7,1.8,8.1,622.6,37.6,4.9,3.7,0,-9128.576977858347,,,2025-05-09 14:04:39
153.3,1.5,238.8,379.6,60,211.6,1.8,8.1,622.6,37.6,4.9,3.7,0,-8895.506927359835,,,2025-05-09 14:04:44
158.4,1.5,249.4,395.3,59.98,211.6,1.8,8.1,622.6,37.6,4.9,3.7,0,-8817.816910526997,,,2025-05-09 14:05:39
156.2,1.6,250.8,397.5,59.99,211.7,1.8,8.1,622.6,37.6,4.9,3.7,0,-11070.82739867927,,,2025-05-09 14:05:45
159,1.7,266.2,423.3,59.98,211.7,2,8.1,622.6,37.6,4.9,3.7,0,-8118.606759031466,,,2025-05-09 14:06:40
155.6,1.7,267.4,424.9,60,211.7,2,8.1,622.6,37.6,4.9,3.7,0,-9711.252104104624,,,2025-05-09 14:06:45
158,1.7,274.0,430.3,59.99,211.4,2,8.1,622.6,37.6,4.9,3.7,0,-7535.931632785187,,,2025-05-09 14:07:41
158.8,1.7,273.3,430.0,60,211.5,2,8.1,622.6,37.6,4.9,3.7,0,-9167.421986274763,,,2025-05-09 14:07:46
154.5,1.7,271.5,428.6,60.01,211.9,2,8.1,622.6,37.6,4.9,3.7,0,-11109.67240709569,,,2025-05-09 14:08:42
159,1.7,269.3,428.7,60.01,212,2,8.1,622.6,37.6,4.9,3.7,0,-9050.88696102551,,,2025-05-09 14:08:47
159.1,1.5,251.6,414.5,59.97,211.9,1.9,8.1,622.6,37.5,4.9,3.7,0,-10022.012171435972,,,2025-05-09 14:09:42
153.1,1.6,250.8,413.5,59.95,211.9,1.9,8.1,622.6,37.5,4.9,3.7,0,-6525.961413958306,,,2025-05-09 14:09:47
157.9,1.5,241.1,403.4,59.98,211.8,1.9,8.1,622.6,37.4,4.9,3.7,0,-7341.706590703095,,,2025-05-09 14:10:43
154.2,1.5,236.9,402.9,59.98,211.8,1.9,8.2,622.7,37.4,4.9,3.7,0,-7069.791531788166,,,2025-05-09 14:10:48
159.1,1.4,232.3,401.6,60.02,212,1.9,8.2,622.7,37.3,4.9,3.7,0,-9711.252104104624,,,2025-05-09 14:11:44
152.9,1.5,232.8,401.3,60.02,212,1.9,8.2,622.7,37.3,4.9,3.7,0,-8895.506927359835,,,2025-05-09 14:11:49
158.4,1.5,233.8,403.9,59.99,211.8,1.9,8.2,622.7,37.3,4.9,3.7,0,-9750.097112521042,,,2025-05-09 14:12:44
154.1,1.5,234.7,407.2,59.97,211.9,1.9,8.2,622.7,37.3,4.9,3.8,0,-8895.506927359835,,,2025-05-09 14:12:49
159.3,1.5,229.7,405.5,60,212,1.9,8.2,622.7,37.2,4.9,3.8,0,-6720.186456040399,,,2025-05-09 14:13:45
153.4,1.5,233.8,403.4,60.02,212,1.9,8.2,622.7,37.2,4.9,3.8,0,-9672.407095688204,,,2025-05-09 14:13:50
158.8,1.5,236.1,403.0,60.02,211.8,1.9,8.2,622.7,37.1,4.9,3.8,0,-7341.706590703095,,,2025-05-09 14:14:46
153,1.5,240.9,407.4,60,211.9,1.8,8.2,622.7,37.1,4.9,3.8,0,-9983.167163019554,,,2025-05-09 14:14:51
159.2,1.6,247.7,417.5,60.01,211.7,1.9,8.2,622.7,37.1,4.9,3.8,0,-10410.462255600158,,,2025-05-09 14:15:46
153.2,1.6,252.2,424.0,60.01,211.8,1.9,8.2,622.7,37.1,4.9,3.8,0,-8312.831801113558,,,2025-05-09 14:15:51
146.9,1.6,252.3,439.1,59.99,211.9,2,8.2,622.7,37.1,4.9,3.8,0,-6759.031464456818,,,2025-05-09 14:16:47
150.3,1.6,240.9,408.0,59.99,211.9,1.9,8.2,622.7,37.1,4.9,3.8,0,-7807.846691700117,,,2025-05-09 14:16:52
151.8,1.4,212.9,354.8,59.98,211.9,1.6,8.2,622.7,37.1,4.9,3.8,0,-7963.226725365791,,,2025-05-09 14:17:48
155.1,1.3,215.8,356.1,59.98,212,1.6,8.2,622.7,37.1,4.9,3.8,0,-9089.731969441926,,,2025-05-09 14:17:53
154.6,1.4,216.4,350.8,60,211.9,1.6,8.2,622.7,37,4.9,3.8,0,-9012.04195260909,,,2025-05-09 14:18:48
154.8,1.4,215.9,352.3,60,211.9,1.6,8.2,622.7,37,4.9,3.8,0,-9827.78712935388,,,2025-05-09 14:18:53
154.7,1.4,217.2,347.2,60,212,1.6,8.2,622.7,37,4.9,3.8,0,-9750.097112521044,,,2025-05-09 14:19:49
154.8,1.4,218.0,344.2,59.99,212,1.6,8.2,622.7,37,4.9,3.8,0,-8196.296775864303,,,2025-05-09 14:19:54
154.7,1.4,217.4,337.4,60,211.9,1.5,8.2,622.7,36.9,4.9,3.8,0,-10604.687297682249,,,2025-05-09 14:20:50
154.7,1.4,217.2,337.5,59.99,212,1.5,8.2,622.7,36.9,4.9,3.8,0,-8895.506927359835,,,2025-05-09 14:20:55
156.7,1.4,212.9,324.4,59.96,211.9,1.5,8.2,622.7,36.9,4.9,3.8,0,-9827.78712935388,,,2025-05-09 14:21:51
151.7,1.4,213.5,326.4,59.99,211.9,1.5,8.2,622.7,36.9,4.9,3.8,0,-8157.451767447885,,,2025-05-09 14:21:55
157.4,1.3,215.2,331.2,60,212,1.5,8.2,622.7,36.9,4.9,3.8,0,-7963.226725365792,,,2025-05-09 14:22:51
154.6,1.4,216.4,333.8,59.98,212.1,1.5,8.2,622.7,36.9,4.9,3.8,0,-9322.802019940438,,,2025-05-09 14:22:56
154.7,1.3,207.2,331.0,59.99,211.6,1.5,8.2,622.7,36.8,4.9,3.8,0,-8312.831801113558,,,2025-05-09 14:23:52
154.1,1.3,206.2,334.2,59.98,211.6,1.6,8.2,622.7,36.9,4.9,3.8,0,-9400.492036773274,,,2025-05-09 14:23:56
154.7,1.2,197.9,329.7,60.02,211.7,1.5,8.2,622.7,36.8,4.9,3.8,0,-9050.886961025508,,,2025-05-09 14:24:53
155.1,1.2,197.5,330.0,60.02,211.7,1.5,8.2,622.7,36.8,4.9,3.8,0,-11187.362423928527,,,2025-05-09 14:24:57
155.5,1.2,192.7,321.1,60,211.7,1.4,8.2,622.7,36.8,4.9,3.8,0,-8351.676809529978,,,2025-05-09 14:25:53
151.6,1.2,194.2,323.9,60.01,211.7,1.5,8.2,622.7,36.8,4.9,3.8,0,-8740.126893694163,,,2025-05-09 14:25:58
154.7,1.3,211.6,343.6,60.01,211.6,1.6,8.2,622.7,36.7,4.9,3.8,0,-10604.687297682249,,,2025-05-09 14:26:54
152.7,1.4,210.0,338.5,60.01,211.6,1.6,8.2,622.7,36.7,4.9,3.8,0,-10915.447365013595,,,2025-05-09 14:26:58
154.8,1.5,232.8,373.1,59.98,211.8,1.7,8.3,622.8,36.7,4.9,3.8,0,-9400.492036773274,,,2025-05-09 14:27:55
157.8,1.5,233.1,374.6,60.01,211.8,1.7,8.3,622.8,36.7,4.9,3.8,0,-7769.001683283699,,,2025-05-09 14:27:59
155,1.6,247.9,398.5,59.97,211.8,1.8,8.3,622.8,36.6,4.9,3.8,0,-7264.016573870257,,,2025-05-09 14:28:56
154.7,1.6,249.4,397.6,59.99,211.8,1.8,8.3,622.8,36.6,4.9,3.8,0,-9322.80201994044,,,2025-05-09 14:29:00
160.8,1.6,265.7,425.7,60,211.7,2,8.3,622.8,36.5,5.0,3.8,0,-9944.322154603135,,,2025-05-09 14:29:56
157.3,1.7,272.6,429.1,59.98,211.6,2,8.3,622.8,36.5,5.0,3.8,0,-7807.846691700117,,,2025-05-09 14:30:00
157.7,1.8,285.7,448.1,60,211.8,2.1,8.3,622.8,36.5,5.0,3.8,0,-8468.211834779233,,,2025-05-09 14:30:57
157.9,1.8,275.1,442.3,60.01,211.9,2,8.3,622.8,36.5,5.0,3.8,0,-7030.946523371749,,,2025-05-09 14:31:01
157.8,1.8,287.2,454.9,59.99,211.9,2.1,8.3,622.8,36.4,5.0,3.8,0,-10060.857179852392,,,2025-05-09 14:31:58
160.6,1.8,278.8,447.7,60,211.9,2.2,8.3,622.8,36.4,5.0,3.8,0,-9245.1120031076,,,2025-05-09 14:32:02
157.7,1.8,291.5,457.2,59.99,212,2.2,8.3,622.8,36.3,5.0,3.8,0,-10643.532306098668,,,2025-05-09 14:32:58
158.3,1.8,287.1,455.2,59.99,212,2.1,8.3,622.8,36.3,5.0,3.8,0,-10099.702188268808,,,2025-05-09 14:33:02
157.7,1.9,298.0,471.8,60.04,212,2.2,8.3,622.8,36.1,5.0,3.8,0,-9439.337045189694,,,2025-05-09 14:33:59
159.4,1.9,292.1,468.1,60.04,212,2.2,8.3,622.8,36.1,5.0,3.8,0,-9866.632137770297,,,2025-05-09 14:34:03
157.7,1.9,299.0,471.9,60,211.9,2.2,8.3,622.8,36.1,5.0,3.8,0,-11187.362423928525,,,2025-05-09 14:35:00
157.6,1.9,295.9,468.7,59.98,211.9,2.2,8.3,622.8,36.1,5.0,3.8,0,-7419.396607535933,,,2025-05-09 14:35:04
157.6,1.8,293.3,462.1,60.02,212,2.1,8.3,622.8,36.1,5.0,3.8,0,-11420.432474427038,,,2025-05-09 14:36:00
158.7,1.8,287.8,457.4,60.02,211.9,2.1,8.3,622.8,36.1,5.0,3.8,0,-10255.082221934483,,,2025-05-09 14:36:04
157.8,1.7,272.0,435.4,59.96,211.8,2,8.3,622.8,36.3,5.0,3.8,0,-10526.997280849411,,,2025-05-09 14:37:01
160.2,1.7,267.7,430.3,59.98,211.9,2,8.3,622.8,36.3,5.0,3.8,0,-10099.70218826881,,,2025-05-09 14:37:05
157.7,1.5,236.5,383.2,59.98,211.7,1.8,8.3,622.8,36.1,5.0,3.8,0,-10332.77223876732,,,2025-05-09 14:38:02
158.4,1.5,228.5,377.8,59.99,211.9,1.7,8.3,622.8,36.1,5.0,3.8,0,-7497.086624368769,,,2025-05-09 14:38:06
157.7,1.2,196.0,329.6,59.97,211.8,1.5,8.3,622.8,36.2,5.0,3.8,0,-10099.702188268808,,,2025-05-09 14:39:03
159.7,1.2,186.7,323.7,59.97,211.5,1.5,8.3,622.8,36.2,5.0,3.8,0,-7769.001683283698,,,2025-05-09 14:39:06
156.8,1.1,169.7,290.1,59.97,211.3,1.3,8.3,622.8,36.2,5.0,3.8,0,-10449.307264016576,,,2025-05-09 14:40:03
154.8,1.1,168.7,287.1,59.98,211.5,1.3,8.3,622.8,36.2,5.0,3.8,0,-6487.116405541889,,,2025-05-09 14:40:07
151.8,1,158.3,270.1,59.99,211.4,1.2,8.3,622.8,36.1,5.0,3.8,0,-8817.816910526999,,,2025-05-09 14:41:04
154.5,1,159.8,271.2,59.98,211.5,1.3,8.3,622.8,36.1,5.0,3.8,0,-7769.001683283698,,,2025-05-09 14:41:08
157.8,1,160.0,272.6,60.01,211.8,1.3,8.3,622.8,36.1,5.0,3.8,0,-7458.241615952351,,,2025-05-09 14:42:05
154.8,1,160.8,273.4,60.02,211.9,1.3,8.4,622.9,36.1,5.0,3.8,0,-8468.211834779231,,,2025-05-09 14:42:08
157.7,1.1,171.4,286.2,60.04,211.8,1.3,8.4,622.9,35.9,5.0,3.8,0,-6914.411498122492,,,2025-05-09 14:43:05
159.7,1,169.8,285.3,60.04,211.9,1.3,8.4,622.9,35.9,5.0,3.8,0,-6953.256506538912,,,2025-05-09 14:43:09
156.4,1.2,186.1,304.6,60.02,211.8,1.4,8.4,622.9,35.9,5.0,3.8,0,-7458.241615952351,,,2025-05-09 14:44:06
160.7,1.1,182.7,303.2,60.03,211.8,1.4,8.4,622.9,35.9,5.0,3.8,0,-9361.647028356858,,,2025-05-09 14:44:10
157.7,1.3,211.9,335.7,60.02,211.9,1.6,8.4,622.9,35.9,5.0,3.8,0,-7069.791531788166,,,2025-05-09 14:45:07
157.5,1.3,206.8,335.1,60.03,212,1.6,8.4,622.9,35.9,5.0,3.8,0,-6797.876472873237,,,2025-05-09 14:45:10
158.4,1.5,230.2,371.5,59.99,212,1.7,8.4,622.9,36.1,5.0,3.8,0,-7419.396607535931,,,2025-05-09 14:46:08
154.8,1.5,232.8,369.9,59.98,212,1.7,8.4,622.9,36.1,5.0,3.8,0,-6292.891363459796,,,2025-05-09 14:46:11
157.7,1.6,255.3,404.3,60.03,211.8,1.9,8.4,622.9,36.1,5.0,3.8,0,-6564.806422374725,,,2025-05-09 14:47:08
160.7,1.6,253.8,407.0,60.05,211.8,1.9,8.4,622.9,36.1,5.0,3.8,0,-9245.112003107603,,,2025-05-09 14:47:11
160.8,1.7,274.6,436.0,59.99,211.6,2,8.4,622.9,36.1,5.0,3.8,0,-9012.04195260909,,,2025-05-09 14:48:09
157.7,1.7,275.0,442.8,60,211.5,2,8.4,622.9,36.2,5.0,3.8,0,-8817.816910526999,,,2025-05-09 14:48:12
157.7,1.9,291.7,469.1,60.01,211.4,2.2,8.4,622.9,36.2,5.0,3.8,0,-6292.891363459797,,,2025-05-09 14:49:10
157.6,1.8,291.0,468.5,60.05,211.5,2.2,8.4,622.9,36.2,5.0,3.8,0,-5943.286287712031,,,2025-05-09 14:49:13
154.8,1.9,298.4,480.9,60.01,211.4,2.2,8.4,622.9,36.2,5.0,3.9,0,-6331.736371876215,,,2025-05-09 14:50:10
157.7,1.8,302.6,483.9,60.01,211.5,2.2,8.4,622.9,36.2,5.0,3.9,0,-6331.736371876215,,,2025-05-09 14:50:13
157.8,1.9,309.1,490.8,59.99,211.3,2.3,8.4,622.9,36.3,5.0,3.9,0,-5321.766153049334,,,2025-05-09 14:51:11
160.7,1.9,305.5,490.5,60,211.6,2.3,8.4,622.9,36.3,5.0,3.9,0,-8273.98679269714,,,2025-05-09 14:51:14
157.6,2,310.3,493.2,60.01,211.7,2.3,8.4,622.9,36.3,5.0,3.9,0,-8273.98679269714,,,2025-05-09 14:52:12
160.7,2,309.0,488.1,60.01,211.8,2.3,8.4,622.9,36.3,5.0,3.9,0,-5632.526220380681,,,2025-05-09 14:52:15
157.7,1.9,304.0,480.2,60.03,212,2.2,8.4,622.9,36.3,5.0,3.9,0,-8351.676809529976,,,2025-05-09 14:53:12
160.4,1.9,298.3,470.9,60.03,212,2.2,8.4,622.9,36.3,5.0,3.9,0,-8507.05684319565,,,2025-05-09 14:53:15
157.6,1.8,289.8,455.8,60.03,212.1,2.1,8.4,622.9,36.3,5.1,3.9,0,-5749.061245629936,,,2025-05-09 14:54:13
160.8,1.8,283.0,449.4,60.01,212.2,2.1,8.4,622.9,36.3,5.1,3.9,0,-5321.766153049335,,,2025-05-09 14:54:16
157.6,1.7,272.5,430.7,60.04,212,1.9,8.4,622.9,36.3,5.1,3.9,0,-6098.666321377705,,,2025-05-09 14:55:14
160,1.7,260.2,418.3,60.03,211.9,2,8.4,622.9,36.3,5.1,3.9,0,-8662.436876861326,,,2025-05-09 14:55:17
157.8,1.5,236.0,380.8,60.04,212,1.8,8.4,622.9,36.2,5.1,3.9,0,-8118.606759031465,,,2025-05-09 14:56:14
160.6,1.5,223.6,369.1,60.02,212,1.7,8.4,622.9,36.2,5.1,3.9,0,-9750.097112521042,,,2025-05-09 14:56:17
155.2,1.4,217.4,353.8,60.02,211.8,1.6,8.5,623.0,36.1,5.1,3.9,0,-8390.521817946394,,,2025-05-09 14:57:15
153.1,1.4,217.2,352.1,60.01,211.9,1.6,8.5,623.0,36.1,5.1,3.9,0,-8623.591868444906,,,2025-05-09 14:57:18
156.2,1.4,222.8,353.3,60.02,212.1,1.6,8.5,623.0,36,5.1,3.9,0,-8778.97190211058,,,2025-05-09 14:58:16
154.4,1.4,222.7,354.0,60.01,211.9,1.6,8.5,623.0,36,5.1,3.9,0,-5515.991195131426,,,2025-05-09 14:58:19
157.7,1.5,232.2,363.9,59.98,211.8,1.7,8.5,623.0,35.9,5.1,3.9,0,-6642.496439207563,,,2025-05-09 14:59:17
158.6,1.4,223.2,353.6,59.99,211.8,1.7,8.5,623.0,35.9,5.1,3.9,0,-5205.231127800078,,,2025-05-09 14:59:19
156.6,1.4,223.8,353.9,59.99,211.8,1.6,8.5,623.0,35.9,5.1,3.9,0,-5710.216237213518,,,2025-05-09 15:00:17
157.7,1.4,223.6,353.7,59.98,211.8,1.6,8.5,623.0,35.9,5.1,3.9,0,-7924.381716949373,,,2025-05-09 15:00:20
158,1.3,208.2,332.4,60.01,212.1,1.5,8.5,623.0,35.8,5.1,3.9,0,-5632.526220380682,,,2025-05-09 15:01:18
154.7,1.3,207.6,333.2,60,211.9,1.6,8.5,623.0,35.8,5.1,3.9,0,-8429.366826362813,,,2025-05-09 15:01:21
152.3,1.2,186.0,302.7,60.02,211.7,1.4,8.5,623.0,35.8,5.1,3.9,0,-5865.596270879193,,,2025-05-09 15:02:19
154.5,1.2,188.1,304.7,60.03,211.8,1.4,8.5,623.0,35.8,5.1,3.9,0,-7574.776641201607,,,2025-05-09 15:02:21
151.7,1.1,169.5,276.5,59.97,211.9,1.3,8.5,623.0,35.5,5.1,3.9,0,-5865.596270879192,,,2025-05-09 15:03:19
152.1,1.1,169.9,277.9,59.98,212.1,1.3,8.5,623.0,35.5,5.1,3.9,0,-8273.98679269714,,,2025-05-09 15:03:22
157.4,1,164.6,268.9,59.96,211.7,1.2,8.5,623.0,35.3,5.1,3.9,0,-8040.916742198629,,,2025-05-09 15:04:20
156,1,164.9,268.3,59.96,211.7,1.2,8.5,623.0,35.3,5.1,3.9,0,-6487.116405541889,,,2025-05-09 15:04:23
154.7,1.1,171.9,274.3,60,212,1.2,8.5,623.0,35.1,5.1,3.9,0,-6292.891363459796,,,2025-05-09 15:05:21
154.8,1.1,172.5,273.8,60.02,212.2,1.2,8.5,623.0,35.1,5.1,3.9,0,-3185.290690146316,,,2025-05-09 15:05:23
154.7,1.1,180.8,278.7,60.01,212.1,1.2,8.5,623.0,35,5.1,3.9,0,-3845.6558332254313,,,2025-05-09 15:06:21
157.7,1.1,183.5,281.4,60,212.1,1.4,8.5,623.0,35,5.1,3.9,0,-3418.3607406448273,,,2025-05-09 15:06:24
157.8,1.2,188.9,287.5,59.98,212,1.3,8.5,623.0,34.7,5.1,3.9,0,-2408.390521817947,,,2025-05-09 15:07:22
158.7,1.1,190.0,290.1,59.97,211.9,1.3,8.5,623.0,34.7,5.1,3.9,0,-3301.825715395572,,,2025-05-09 15:07:25
158.8,1.2,189.7,290.3,59.96,211.9,1.3,8.5,623.0,34.8,5.1,3.9,0,-4234.1059173896165,,,2025-05-09 15:08:23
157.5,1.2,193.6,292.9,59.96,212,1.3,8.5,623.0,34.8,5.1,3.9,0,-2369.5455134015288,,,2025-05-09 15:08:25
157.7,1.2,193.7,291.9,60,212.2,1.3,8.5,623.0,34.9,5.1,3.9,0,-2524.925547067203,,,2025-05-09 15:09:24
156.2,1.2,193.3,288.6,60.01,212.2,1.3,8.5,623.0,34.9,5.1,3.9,0,-4156.41590055678,,,2025-05-09 15:09:26
158.6,1.1,180.9,276.2,59.98,212.2,1.3,8.5,623.0,35,5.1,3.9,0,-2486.080538650784,,,2025-05-09 15:10:24
157.6,1.1,184.4,279.1,59.99,212.2,1.2,8.5,623.0,35,5.1,3.9,0,-1243.040269325393,,,2025-05-09 15:10:26
154.7,1,167.1,257.5,60,211.7,1.2,8.5,623.0,35.1,5.1,3.9,0,-2330.7005049851086,,,2025-05-09 15:11:25
156.8,1,167.1,257.3,60,211.9,1.2,8.5,623.0,35.1,5.1,3.9,0,-349.60507574776676,,,2025-05-09 15:11:27
157.5,0.9,147.4,232.7,59.99,211.9,1,8.5,623.0,35.2,5.1,3.9,0,-427.2950925806038,,,2025-05-09 15:12:26
154.5,0.9,146.3,231.8,60,211.9,1,8.5,623.0,35.2,5.1,3.9,0,0.0,,,2025-05-09 15:12:28
157.7,0.8,136.8,216.6,59.99,212,0.9,8.5,623.0,35,5.1,3.9,0,388.4500841641853,,,2025-05-09 15:13:26
160.1,0.8,135.4,215.3,60.01,211.9,1,8.5,623.0,35,5.1,3.9,0,-77.69001683283706,,,2025-05-09 15:13:28
156.2,0.9,153.2,234.6,60.03,212,1,8.5,623.0,34.8,5.1,3.9,0,194.2250420820912,,,2025-05-09 15:14:27
157.7,0.9,154.8,235.4,60.03,212.1,1,8.5,623.0,34.8,5.1,3.9,0,543.8301178298593,,,2025-05-09 15:14:29
156.2,1.1,177.0,269.1,59.99,212.1,1.2,8.5,623.0,34.8,5.1,3.9,0,-1631.4903534895766,,,2025-05-09 15:15:28
153.3,1.1,176.5,268.5,59.97,212.1,1.2,8.5,623.0,34.8,5.1,3.9,0,-1942.2504208209248,,,2025-05-09 15:15:30
159.5,1.2,194.2,296.4,59.97,212.3,1.4,8.5,623.0,34.9,5.1,3.9,0,1087.6602356597173,,,2025-05-09 15:16:29
159.2,1.2,196.1,300.6,59.97,212.3,1.3,8.5,623.0,34.9,5.1,3.9,0,-2058.7854460701806,,,2025-05-09 15:16:30
161.3,1.1,187.2,291.9,59.98,212.1,1.3,8.6,623.1,35.1,5.1,3.9,0,-815.7451767447891,,,2025-05-09 15:17:29
159.2,1.2,184.3,288.4,59.98,212.1,1.4,8.6,623.1,35.1,5.1,3.9,0,660.3651430791135,,,2025-05-09 15:17:31
159.3,1,158.3,255.8,59.97,212.1,1.1,8.6,623.1,34.9,5.1,3.9,0,427.29509258060233,,,2025-05-09 15:18:30
157.3,1,157.8,254.7,59.99,212.1,1.1,8.6,623.1,34.9,5.1,3.9,0,543.830117829858,,,2025-05-09 15:18:32
155.9,0.8,134.3,221.4,59.99,211.9,1,8.6,623.1,34.8,5.1,3.9,0,194.2250420820912,,,2025-05-09 15:19:31
156.2,0.8,135.5,222.1,60.01,212,0.9,8.6,623.1,34.8,5.1,3.9,0,-1398.420302991067,,,2025-05-09 15:19:32
156.3,0.7,120.9,201.0,60.02,211.6,0.9,8.6,623.1,34.6,5.1,3.9,0,-2019.9404376537618,,,2025-05-09 15:20:31
158.9,0.7,120.0,199.7,60.02,211.6,0.9,8.6,623.1,34.6,5.1,3.9,0,-1281.88527774181,,,2025-05-09 15:20:33
159.2,0.7,116.5,193.4,60.03,211.8,0.9,8.6,623.1,34.3,5.1,3.9,0,-116.53502524925558,,,2025-05-09 15:21:32
156.2,0.7,118.0,195.6,60.03,211.7,0.9,8.6,623.1,34.3,5.1,3.9,0,-388.4500841641838,,,2025-05-09 15:21:34
156.2,0.8,125.0,205.7,60.03,211.9,1,8.6,623.1,34,5.1,3.9,0,-1204.1952609089728,,,2025-05-09 15:22:33
156.2,0.7,125.4,206.5,60.03,212,0.9,8.6,623.1,34,5.1,3.9,0,-271.91505891492966,,,2025-05-09 15:22:34
156.3,0.8,133.7,219.0,60.02,211.6,1,8.6,623.1,33.8,5.1,3.9,0,1126.5052440761372,,,2025-05-09 15:23:33
155.9,0.8,133.9,219.5,60.02,211.6,1,8.6,623.1,33.8,5.1,3.9,0,1204.1952609089735,,,2025-05-09 15:23:35
153.2,0.9,143.3,232.5,60,212,1.1,8.6,623.1,33.7,5.1,3.9,0,-1359.575294574647,,,2025-05-09 15:24:34
153.2,0.9,142.9,232.4,59.99,212,1.1,8.6,623.1,33.7,5.1,3.9,0,1009.9702188268802,,,2025-05-09 15:24:36
160.6,0.9,153.5,246.5,60.02,212,1.1,8.6,623.1,33.5,5.1,3.9,0,2136.4754629030176,,,2025-05-09 15:25:35
160.3,1,153.8,247.5,60.03,212.2,1.1,8.6,623.1,33.5,5.1,3.9,0,-854.5901851612061,,,2025-05-09 15:25:36
162.4,1.1,164.4,264.4,60.03,212,1.3,8.6,623.1,33.3,5.1,3.9,0,1592.6453450731588,,,2025-05-09 15:26:36
160.6,1,172.1,271.0,60.02,212,1.3,8.6,623.1,33.3,5.1,3.9,0,1126.5052440761365,,,2025-05-09 15:26:37
160.6,1.1,179.7,280.9,59.99,212,1.3,8.6,623.1,33.1,5.2,3.9,0,1748.025378738833,,,2025-05-09 15:27:36
158.9,1.1,179.2,281.0,59.99,212,1.3,8.6,623.1,33.1,5.2,3.9,0,2253.010488152273,,,2025-05-09 15:27:38
158.5,1.1,184.1,283.2,60,212.1,1.3,8.6,623.1,33.2,5.2,3.9,0,893.4351935776261,,,2025-05-09 15:28:37
157.7,1.1,182.9,281.9,60.01,212,1.3,8.6,623.1,33.2,5.2,3.9,0,-1398.4203029910655,,,2025-05-09 15:28:38
157.6,1.1,179.5,275.4,60.02,212.1,1.2,8.6,623.1,32.9,5.2,3.9,0,-582.6751262462765,,,2025-05-09 15:29:38
157.7,1.1,179.6,275.3,60.02,212.1,1.2,8.6,623.1,32.9,5.2,3.9,0,-543.8301178298593,,,2025-05-09 15:29:39
160.1,1,168.4,260.3,60.01,212.1,1.2,8.6,623.1,32.7,5.2,3.9,0,-1243.0402693253914,,,2025-05-09 15:30:38
160.6,1,169.4,260.8,60.02,212.1,1.2,8.6,623.1,32.7,5.2,3.9,0,1359.5752945746476,,,2025-05-09 15:30:40
158.9,0.9,151.8,239.0,60.02,212.3,1.1,8.6,623.1,32.8,5.2,3.9,0,427.2950925806038,,,2025-05-09 15:31:39
157.9,0.9,152.2,239.1,60.03,212.2,1.1,8.6,623.1,32.8,5.2,3.9,0,-932.2802019940432,,,2025-05-09 15:31:40
157.8,0.8,139.2,219.9,60.03,212,1,8.6,623.1,32.8,5.2,3.9,0,-660.365143079115,,,2025-05-09 15:32:40
157.6,0.8,140.3,221.2,60.04,212,1,8.6,623.1,32.8,5.2,3.9,0,-543.8301178298593,,,2025-05-09 15:32:41
154.8,0.8,128.4,205.9,60.04,212.1,1,8.6,623.1,32.7,5.2,3.9,0,-1048.8152272432988,,,2025-05-09 15:33:40
154.7,0.8,128.2,205.9,60.03,212.2,0.9,8.6,623.1,32.7,5.2,3.9,0,1631.4903534895766,,,2025-05-09 15:33:41
154.7,0.7,120.6,194.7,59.98,211.6,0.9,8.6,623.1,32.5,5.2,3.9,0,-1165.3502524925543,,,2025-05-09 15:34:41
156.4,0.7,120.7,194.7,59.98,211.6,0.9,8.6,623.1,32.5,5.2,3.9,0,2136.4754629030176,,,2025-05-09 15:34:42
157.3,0.7,113.8,186.3,60,211.7,0.9,8.6,623.1,32.4,5.2,3.9,0,388.4500841641853,,,2025-05-09 15:35:42
157.9,0.7,114.8,186.3,60.01,211.7,0.9,8.6,623.1,32.4,5.2,3.9,0,-815.7451767447876,,,2025-05-09 15:35:43
157.7,0.6,113.8,186.1,59.97,211.7,0.8,8.6,623.1,32.2,5.2,3.9,0,-1864.5604039880877,,,2025-05-09 15:36:43
160,0.6,112.2,184.7,59.98,211.6,0.8,8.6,623.1,32.2,5.2,3.9,0,-1165.3502524925543,,,2025-05-09 15:36:43
160.5,0.7,114.8,190.2,60.03,211.8,0.9,8.6,623.1,32.1,5.2,3.9,0,-77.69001683283706,,,2025-05-09 15:37:43
159.4,0.7,113.6,190.2,60.03,211.8,0.9,8.6,623.1,32.1,5.2,3.9,0,-1709.1803703224136,,,2025-05-09 15:37:44
157.8,0.7,123.2,203.9,59.99,211.7,0.9,8.6,623.1,32,5.2,3.9,0,815.7451767447883,,,2025-05-09 15:38:44
160.6,0.7,122.8,203.1,59.99,211.7,0.9,8.6,623.1,32,5.2,3.9,0,2408.390521817947,,,2025-05-09 15:38:45
157.8,0.8,128.7,212.6,60.03,211.9,1,8.6,623.1,31.9,5.2,3.9,0,-1981.0954292373433,,,2025-05-09 15:39:45
155.9,0.8,128.1,212.6,60.03,211.9,1,8.6,623.1,31.9,5.2,3.9,0,2524.925547067203,,,2025-05-09 15:39:45
157.9,0.8,135.3,222.5,60,211.8,1,8.6,623.1,31.8,5.2,3.9,,-3573.7407743105,,,2025-05-09 15:40:45
0,,132.5,220.6,59.98,211.7,1,8.6,623.1,31.8,5.2,3.9,0,2253.010488152273,,,2025-05-09 15:40:47
157.7,0.8,138.5,228.4,59.99,211.6,1,8.6,623.1,31.8,5.2,3.9,0,2835.685614398551,,,2025-05-09 15:41:46
154.7,0.8,137.1,227.4,59.99,211.8,1.1,8.6,623.1,31.8,5.2,3.9,0,-3612.585782726919,,,2025-05-09 15:41:48
158.5,0.8,141.1,232.4,60.03,211.6,1.1,8.6,623.1,31.8,5.2,3.9,0,2796.840605982132,,,2025-05-09 15:42:47
160.8,0.8,139.9,231.1,60.04,211.5,1,8.6,623.1,31.8,5.2,3.9,0,1631.4903534895773,,,2025-05-09 15:42:48
157.7,0.9,142.5,232.8,60.03,211.4,1.1,8.7,623.2,31.7,5.2,4.0,0,1165.3502524925557,,,2025-05-09 15:43:47
154.7,0.9,141.7,230.9,60.04,211.4,1,8.7,623.2,31.7,5.2,4.0,0,2214.1654797358547,,,2025-05-09 15:43:49
159.3,0.8,145.0,235.7,60.02,211.5,1.1,8.7,623.2,31.7,5.2,4.0,0,504.98510941344085,,,2025-05-09 15:44:48
160.7,0.8,142.8,232.3,60.02,211.4,1,8.7,623.2,31.7,5.2,4.0,0,-4156.415900556778,,,2025-05-09 15:44:50
157.4,0.9,144.9,233.7,59.98,211.9,1.1,8.7,623.2,31.7,5.2,4.0,0,2214.1654797358547,,,2025-05-09 15:45:49
154.6,0.9,144.5,232.9,60.01,212,1.1,8.7,623.2,31.7,5.2,4.0,0,-699.210151495532,,,2025-05-09 15:45:50
160.2,0.8,144.1,232.1,59.99,211.7,1,8.7,623.2,31.7,5.2,4.0,0,2991.065648064224,,,2025-05-09 15:46:50
160.6,0.8,140.5,226.9,59.99,211.7,1,8.7,623.2,31.7,5.2,4.0,0,-5321.766153049334,,,2025-05-09 15:46:51
156.7,0.8,138.0,220.2,60,211.8,1,8.7,623.2,31.7,5.2,4.0,0,3262.980706979154,,,2025-05-09 15:47:50
154.7,0.8,137.9,220.0,60.02,211.8,1,8.7,623.2,31.7,5.2,4.0,0,2835.685614398551,,,2025-05-09 15:47:52
155.2,0.8,129.6,209.0,60,211.6,0.9,8.7,623.2,31.8,5.2,4.0,0,-3379.515732228409,,,2025-05-09 15:48:51
154.7,0.8,128.4,207.2,60.02,211.7,0.9,8.7,623.2,31.8,5.2,4.0,0,2563.770555483621,,,2025-05-09 15:48:52
154.8,0.7,116.5,190.9,60.03,211.7,0.9,8.7,623.2,31.7,5.2,4.0,0,-4001.0358668911053,,,2025-05-09 15:49:52
156.9,0.7,116.0,190.8,60.02,211.6,0.9,8.7,623.2,31.7,5.2,4.0,0,543.8301178298593,,,2025-05-09 15:49:53
154.2,0.6,103.6,174.1,59.98,211.6,0.8,8.7,623.2,31.7,5.2,4.0,0,1981.0954292373442,,,2025-05-09 15:50:52
154.8,0.6,103.6,173.8,59.98,211.6,0.8,8.7,623.2,31.7,5.2,4.0,0,-116.53502524925558,,,2025-05-09 15:50:53
154.8,0.5,92.4,157.2,60.02,211.8,0.7,8.7,623.2,31.7,5.2,4.0,0,-116.53502524925558,,,2025-05-09 15:51:53
154.6,0.5,92.4,158.0,60,211.7,0.7,8.7,623.2,31.7,5.2,4.0,0,2214.1654797358547,,,2025-05-09 15:51:54
154.6,0.5,82.8,143.3,60.01,212,0.7,8.7,623.2,31.7,5.2,4.0,0,-5632.526220380682,,,2025-05-09 15:52:54
152.6,0.5,82.5,143.3,60,211.9,0.7,8.7,623.2,31.7,5.2,4.0,0,-2524.9255470672015,,,2025-05-09 15:52:55
151.8,0.4,75.4,130.3,60.03,212,0.6,8.7,623.2,31.7,5.2,4.0,0,-1320.7302861582284,,,2025-05-09 15:53:55
151.8,0.4,75.7,130.7,60.04,212,0.6,8.7,623.2,31.8,5.2,4.0,0,-4350.640942638872,,,2025-05-09 15:53:55
154.6,0.4,71.3,124.7,60.02,211.8,0.6,8.7,623.2,31.7,5.2,4.0,0,-2097.630454486599,,,2025-05-09 15:54:55
152.2,0.4,71.1,123.7,60.01,211.7,0.6,8.7,623.2,31.7,5.2,4.0,0,2097.630454486599,,,2025-05-09 15:54:56
151.8,0.4,69.5,119.7,59.96,212.1,0.6,8.7,623.2,31.8,5.2,4.0,0,-4195.260908973197,,,2025-05-09 15:55:56
151.8,0.4,69.5,119.8,59.96,212,0.6,8.7,623.2,31.8,5.2,4.0,0,-4506.020976304545,,,2025-05-09 15:55:57
153.4,0.4,69.5,119.3,59.99,211.8,0.6,8.7,623.2,31.8,5.2,4.0,0,-116.53502524925415,,,2025-05-09 15:56:57
154.6,0.4,69.8,119.8,59.99,211.9,0.6,8.7,623.2,31.8,5.2,4.0,0,1476.1103198239025,,,2025-05-09 15:56:57
156.3,0.4,71.7,122.1,60,211.5,0.6,8.7,623.2,31.8,5.2,4.0,0,-5477.146186715008,,,2025-05-09 15:57:57
156.3,0.4,71.7,122.1,60.01,211.6,0.5,8.7,623.2,31.8,5.2,4.0,0,-5438.30117829859,,,2025-05-09 15:57:58
153.3,0.4,75.6,127.5,60.01,211.5,0.7,8.7,623.2,31.8,5.2,4.0,0,-3729.1208079761755,,,2025-05-09 15:58:58
153.3,0.4,75.7,127.9,60.01,211.5,0.6,8.7,623.2,31.8,5.2,4.0,0,-5127.541110967241,,,2025-05-09 15:58:59
153.3,0.5,82.2,136.5,59.98,211.6,0.6,8.7,623.2,31.8,5.2,4.0,,-14994.173248737538,,,2025-05-09 16:00:00
,0.5,82.3,136.6,59.98,211.6,0.7,8.7,623.2,31.8,5.2,4.0,0,-2991.0656480642238,,,2025-05-09 16:00:00
0,,91.4,149.3,60,211.4,0.7,8.7,623.2,31.7,5.2,4.0,0,-3301.825715395572,,,2025-05-09 16:01:02
0,,115.4,178.7,59.98,211.5,0.8,8.7,623.2,31.7,5.2,4.0,0,932.2802019940432,,,2025-05-09 16:05:11
153.2,0.7,114.9,175.6,59.99,211.5,0.8,8.7,623.2,31.7,5.2,4.0,0,2524.925547067203,,,2025-05-09 16:06:11
153.3,0.7,114.9,175.6,59.99,211.5,0.8,8.7,623.2,31.7,5.2,4.0,0,3185.290690146317,,,2025-05-09 16:06:12
159.2,0.6,109.7,167.0,59.98,211.5,0.8,8.7,623.2,31.7,5.2,4.0,0,-2913.3756312313867,,,2025-05-09 16:07:12
159.2,0.7,109.3,166.9,59.99,211.5,0.8,8.7,623.2,31.7,5.2,4.0,0,1903.4054124045072,,,2025-05-09 16:07:12
159,0.6,103.3,157.3,60.04,211.5,0.8,8.7,623.2,31.7,5.2,4.0,0,2136.4754629030176,,,2025-05-09 16:08:12
159.2,0.6,103.1,157.3,60.05,211.5,0.8,8.7,623.2,31.7,5.2,4.0,0,971.1252104104617,,,2025-05-09 16:08:13
158.1,0.5,99.8,151.9,60,211.2,0.8,8.7,623.2,31.7,5.2,4.0,0,-4039.8808753075223,,,2025-05-09 16:09:13
159.1,0.5,95.8,147.7,60,211.3,0.7,8.7,623.2,31.7,5.2,4.0,0,2680.305580732877,,,2025-05-09 16:09:14
155.4,0.5,92.1,141.5,59.98,211.1,0.7,8.7,623.2,31.7,5.2,4.0,0,2952.220639647806,,,2025-05-09 16:10:13
153.2,0.5,91.7,140.4,59.98,211.1,0.7,8.7,623.2,31.7,5.2,4.0,0,-1281.88527774181,,,2025-05-09 16:10:14
156.2,0.5,81.8,125.7,60.05,211.1,0.6,8.7,623.2,31.7,5.2,4.0,0,-427.29509258060233,,,2025-05-09 16:11:14
155.9,0.5,82.0,126.4,60.04,211.1,0.6,8.7,623.2,31.7,5.2,4.0,0,466.14010099702085,,,2025-05-09 16:11:15
156.2,0.4,71.7,113.2,60.04,211.1,0.4,8.7,623.2,31.7,5.2,4.0,0,-7264.016573870259,,,2025-05-09 16:12:15
156.2,0.4,71.9,113.0,60.05,211,0.5,8.7,623.2,31.7,5.2,4.0,0,-1087.6602356597186,,,2025-05-09 16:12:16
150.2,0.4,67.6,106.2,60.03,211,0.6,8.7,623.2,31.7,5.2,4.0,0,-5244.076136216497,,,2025-05-09 16:13:15
151.8,0.4,67.1,106.0,60.01,211,0.5,8.7,623.2,31.7,5.2,4.0,0,427.2950925806038,,,2025-05-09 16:13:16
156.2,0.3,61.8,99.1,60.01,211,0.5,8.7,623.2,31.7,5.2,4.0,0,1165.350252492555,,,2025-05-09 16:14:16
156.1,0.3,61.5,99.5,60.01,211,0.4,8.7,623.2,31.7,5.2,4.0,0,194.22504208209264,,,2025-05-09 16:14:17
150.3,0.3,60.9,97.8,59.99,211.4,0.6,8.7,623.2,31.7,5.2,4.0,0,-2719.150589149294,,,2025-05-09 16:15:17
152.5,0.3,60.4,96.9,59.99,211.4,0.4,8.7,623.2,31.7,5.2,4.0,0,1165.350252492555,,,2025-05-09 16:15:18
153.2,0.3,58.9,94.3,60.01,211.4,0.6,8.7,623.2,31.7,5.2,4.0,0,-3340.6707238119902,,,2025-05-09 16:16:17
152.7,0.3,59.1,95.1,60.01,211.4,0.5,8.7,623.2,31.7,5.2,4.0,0,-1243.040269325393,,,2025-05-09 16:16:19
150.3,0.3,58.9,93.8,59.99,211.5,0.5,8.7,623.2,31.7,5.2,4.0,0,-6564.806422374727,,,2025-05-09 16:17:18
153,0.3,58.7,93.7,59.99,211.4,0.5,8.7,623.2,31.7,5.2,4.0,0,2486.080538650784,,,2025-05-09 16:17:19
151.8,0.3,59.4,93.3,60.02,211.3,0.5,8.7,623.2,31.6,5.2,4.0,0,-776.9001683283691,,,2025-05-09 16:18:19
151.8,0.3,59.9,93.4,60.03,211.2,0.5,8.7,623.2,31.6,5.2,4.0,0,2796.8406059821323,,,2025-05-09 16:18:20
152.6,0.3,61.6,96.1,59.99,211.3,0.5,8.7,623.2,31.6,5.2,4.0,0,-5088.696102550823,,,2025-05-09 16:19:19
151.7,0.3,61.9,95.7,59.99,211.3,0.5,8.7,623.2,31.6,5.2,4.0,0,-427.2950925806038,,,2025-05-09 16:19:21
151.6,0.4,63.6,99.6,59.98,211.5,0.5,8.7,623.2,31.6,5.2,4.0,0,-1864.5604039880877,,,2025-05-09 16:20:20
151.8,0.4,64.5,100.4,59.96,211.5,0.6,8.7,623.2,31.5,5.2,4.0,0,-4311.795934222452,,,2025-05-09 16:20:21
152.1,0.4,67.0,104.7,59.98,211.4,0.5,8.7,623.2,31.5,5.2,4.0,0,1981.0954292373433,,,2025-05-09 16:21:21
154.8,0.4,66.8,103.9,60,211.4,0.6,8.7,623.2,31.5,5.2,4.0,0,-6176.35633821054,,,2025-05-09 16:21:22
151.8,0.4,71.5,111.4,60.03,211.5,0.5,8.7,623.2,31.3,5.2,4.0,0,-310.76006733134824,,,2025-05-09 16:22:21
151.7,0.4,71.8,111.3,60.05,211.7,0.6,8.7,623.2,31.3,5.2,4.0,0,-5865.596270879192,,,2025-05-09 16:22:23
153.1,0.4,75.5,117.7,59.97,211.2,0.6,8.7,623.2,31.3,5.2,4.0,0,2058.7854460701806,,,2025-05-09 16:23:22
153.1,0.4,76.3,119.1,59.98,211.3,0.6,8.7,623.2,31.3,5.2,4.0,0,-3884.5008416418495,,,2025-05-09 16:23:24
153.3,0.5,80.2,127.2,60.02,211.5,0.6,8.8,623.3,31.3,5.3,4.0,0,-5205.231127800078,,,2025-05-09 16:24:23
153.3,0.5,80.4,127.6,60.03,211.6,0.6,8.8,623.3,31.3,5.3,4.0,0,815.7451767447891,,,2025-05-09 16:24:24
150.1,0.5,81.1,130.5,60.02,211.3,0.5,8.8,623.3,31.3,5.3,4.0,0,2058.7854460701806,,,2025-05-09 16:25:23
150.4,0.5,80.9,130.4,60.03,211.2,0.6,8.8,623.3,31.3,5.3,4.0,0,0.0,,,2025-05-09 16:25:25
156.3,0.4,86.1,139.3,59.98,211.6,0.6,8.8,623.3,31.2,5.3,4.0,0,-2058.7854460701806,,,2025-05-09 16:26:24
159.4,0.5,83.4,135.6,59.99,211.5,0.7,8.8,623.3,31.2,5.3,4.0,0,-5710.216237213519,,,2025-05-09 16:26:26
156.2,0.6,94.7,150.1,59.99,211.7,0.7,8.8,623.3,31.2,5.3,4.0,0,1243.0402693253914,,,2025-05-09 16:27:25
156.2,0.5,95.6,151.2,59.98,211.6,0.7,8.8,623.3,31.2,5.3,4.0,0,-5904.44127929561,,,2025-05-09 16:27:26
153.2,0.6,104.6,164.3,60.02,211.6,0.8,8.8,623.3,31.1,5.3,4.0,0,-4894.47106046873,,,2025-05-09 16:28:25
153.2,0.6,104.8,164.6,60.02,211.8,0.8,8.8,623.3,31.1,5.3,4.0,0,-2991.065648064225,,,2025-05-09 16:28:27
159.2,0.7,116.2,181.1,60,211.8,0.9,8.8,623.3,31.1,5.3,4.0,0,2097.6304544865984,,,2025-05-09 16:29:26
158.3,0.7,116.7,181.3,60.02,211.7,0.8,8.8,623.3,31.1,5.3,4.0,0,-738.0551599119506,,,2025-05-09 16:29:28
156.2,0.8,126.8,197.0,59.98,211.6,1,8.8,623.3,31.1,5.3,4.0,0,38.84500841641709,,,2025-05-09 16:30:27
156.2,0.8,127.3,199.0,59.97,211.6,0.9,8.8,623.3,31.1,5.3,4.0,0,-2874.530622814968,,,2025-05-09 16:30:28
159.1,0.8,135.1,211.2,59.97,211.5,1,8.8,623.3,31,5.3,4.0,0,1786.87038715525,,,2025-05-09 16:31:27
159.2,0.8,135.6,212.0,59.98,211.6,1,8.8,623.3,31,5.3,4.0,0,2136.4754629030163,,,2025-05-09 16:31:29
156.1,0.9,141.0,221.3,60,211.4,1,8.8,623.3,31,5.3,4.0,0,815.7451767447891,,,2025-05-09 16:32:28
156.3,0.8,140.7,220.4,60.02,211.5,1,8.8,623.3,31.1,5.3,4.0,0,-1165.3502524925543,,,2025-05-09 16:32:30
156.2,0.9,144.4,227.1,60.01,211.6,1.1,8.8,623.3,31.1,5.3,4.0,0,-582.6751262462778,,,2025-05-09 16:33:28
156.2,0.9,144.6,227.8,60,211.6,1,8.8,623.3,31.1,5.3,4.0,0,2408.390521817947,,,2025-05-09 16:33:31
159.2,0.9,145.7,226.1,59.98,211.2,1,8.8,623.3,31.2,5.3,4.0,0,-2719.150589149294,,,2025-05-09 16:34:29
156.4,0.9,144.4,226.5,59.98,211.4,1,8.8,623.3,31.2,5.3,4.0,0,1786.87038715525,,,2025-05-09 16:34:31
156.1,0.8,140.9,221.8,60.03,211.3,1,8.8,623.3,31.3,5.3,4.0,0,-5671.3712287971,,,2025-05-09 16:35:30
154.7,0.9,138.5,220.0,60.02,211.3,1,8.8,623.3,31.3,5.3,4.0,0,1981.0954292373426,,,2025-05-09 16:35:32
154.6,0.8,127.8,205.5,60.01,211.3,1,8.8,623.3,31.3,5.3,4.0,0,-5088.696102550823,,,2025-05-09 16:36:30
157.6,0.8,128.0,205.8,60.03,211.3,1,8.8,623.3,31.3,5.3,4.0,0,-6409.426388709051,,,2025-05-09 16:36:33
155.8,0.7,112.9,185.2,60.02,211.1,0.9,8.8,623.3,31.3,5.3,4.0,0,2796.8406059821323,,,2025-05-09 16:37:31
154.8,0.7,113.2,184.0,60.03,211.3,0.8,8.8,623.3,31.3,5.3,4.0,0,-6992.101514955329,,,2025-05-09 16:37:33
152.6,0.6,103.2,168.3,60.02,211.4,0.8,8.8,623.3,31.3,5.3,4.0,0,-5438.301178298588,,,2025-05-09 16:38:32
154.6,0.6,104.2,170.7,60.01,211.5,0.8,8.8,623.3,31.3,5.3,4.0,0,-3457.205749061246,,,2025-05-09 16:38:34
155.1,0.6,99.8,163.7,60.05,211.6,0.7,8.8,623.3,31.2,5.3,4.0,0,-971.1252104104617,,,2025-05-09 16:39:32
154.7,0.6,101.9,164.0,60.02,211.6,0.7,8.8,623.3,31.2,5.3,4.0,0,2524.925547067203,,,2025-05-09 16:39:35
153.1,0.6,101.3,163.8,60.01,211.6,0.7,8.8,623.3,31.2,5.3,4.0,0,-776.9001683283691,,,2025-05-09 16:40:33
155,0.6,102.3,164.3,60,211.6,0.8,8.8,623.3,31.2,5.3,4.0,0,-4389.485951055289,,,2025-05-09 16:40:36
154.4,0.6,103.4,165.2,60.02,211.6,0.8,8.8,623.3,31.2,5.3,4.0,0,-4195.260908973197,,,2025-05-09 16:41:34
154.6,0.6,104.3,166.1,60.02,211.6,0.8,8.8,623.3,31.2,5.3,4.0,0,-2058.7854460701806,,,2025-05-09 16:41:36
153.7,0.6,101.7,163.8,60.03,211.6,0.8,8.8,623.3,31.2,5.3,4.0,0,3107.60067331348,,,2025-05-09 16:42:34
155.5,0.6,103.6,166.4,60.02,211.6,0.8,8.8,623.3,31.2,5.3,4.0,0,-4583.710993137382,,,2025-05-09 16:42:37
154.8,0.6,97.8,159.5,60.03,211.6,0.7,8.8,623.3,31.2,5.3,4.0,0,3068.75566489706,,,2025-05-09 16:43:35
154.7,0.6,99.6,161.2,60.03,211.6,0.8,8.8,623.3,31.3,5.3,4.0,0,-349.60507574776676,,,2025-05-09 16:43:38
155.4,0.5,88.3,147.7,59.97,211.7,0.7,8.8,623.3,31.3,5.3,4.0,0,-3301.825715395572,,,2025-05-09 16:44:36
153.1,0.5,90.3,149.5,59.98,211.7,0.7,8.8,623.3,31.3,5.3,4.0,0,-3379.515732228409,,,2025-05-09 16:44:38
155.7,0.4,78.0,133.0,59.98,212,0.6,8.8,623.3,31.3,5.3,4.0,0,2602.6155639000385,,,2025-05-09 16:45:36
154.6,0.5,80.9,135.9,59.96,212,0.8,8.8,623.3,31.3,5.3,4.0,0,2214.1654797358547,,,2025-05-09 16:45:39
154.4,0.4,73.2,123.8,59.98,212.2,0.6,8.8,623.3,31.3,5.3,4.0,0,-893.4351935776247,,,2025-05-09 16:46:37
152.7,0.4,72.2,122.4,60,212.3,0.5,8.8,623.3,31.3,5.3,4.0,0,3029.910656480643,,,2025-05-09 16:46:40
150.4,0.4,67.7,112.7,60.02,212.8,0.6,8.8,623.3,31.3,5.3,4.0,0,-5282.9211446329155,,,2025-05-09 16:47:38
149.6,0.4,66.2,112.0,60.02,212.8,0.4,8.8,623.3,31.3,5.3,4.0,0,-4078.725883723941,,,2025-05-09 16:47:40
155.2,0.3,61.7,102.9,60,212.6,0.6,8.8,623.3,31.3,5.3,4.0,0,3612.5857827269206,,,2025-05-09 16:48:38
151.8,0.3,60.8,101.6,60,212.5,0.6,8.8,623.3,31.3,5.3,4.0,0,349.60507574776676,,,2025-05-09 16:48:41
151.8,0.3,56.6,93.3,60.04,212.2,0.4,8.8,623.3,31.3,5.3,4.0,0,-4311.795934222452,,,2025-05-09 16:49:39
148.8,0.3,56.0,92.2,60.02,212.1,0.5,8.8,623.3,31.3,5.3,4.0,0,38.84500841641853,,,2025-05-09 16:49:42
151.7,0.3,49.9,81.9,59.98,212.2,0.4,8.8,623.3,31.3,5.3,4.0,0,-5710.216237213519,,,2025-05-09 16:50:40
151.6,0.2,49.4,81.7,59.99,212.2,0.5,8.8,623.3,31.3,5.3,4.0,0,-6720.186456040401,,,2025-05-09 16:50:43
145.7,0.2,44.9,73.3,60.01,212.3,0.5,8.8,623.3,31.3,5.3,4.0,0,3534.8957658940835,,,2025-05-09 16:51:40
148.9,0.2,45.0,73.0,60.02,212.3,0.5,8.8,623.3,31.3,5.3,4.0,0,-4661.401009970219,,,2025-05-09 16:51:43
145.6,0.2,39.7,65.1,60.01,212,0.5,8.8,623.3,31.3,5.3,4.0,0,504.98510941343943,,,2025-05-09 16:52:41
148.9,0.2,40.4,65.7,60.02,212,0.4,8.8,623.3,31.3,5.3,4.0,0,2641.460572316458,,,2025-05-09 16:52:44
151.7,0.2,37.0,59.5,60.01,211.9,0.4,8.8,623.3,31.3,5.3,4.0,0,1204.1952609089728,,,2025-05-09 16:53:42
148.8,0.2,37.6,59.8,60.02,212,0.4,8.8,623.3,31.3,5.3,4.0,0,-6564.806422374725,,,2025-05-09 16:53:45
142.9,0.2,35.1,54.7,59.97,212,0.3,8.8,623.3,31.3,5.3,4.0,0,2835.68561439855,,,2025-05-09 16:54:42
145.5,0.2,35.5,55.0,59.97,212.2,0.5,8.8,623.3,31.3,5.3,4.0,0,-6603.651430791144,,,2025-05-09 16:54:45
138,0.2,33.0,52.0,60.01,212.4,0.3,8.8,623.3,31.3,5.3,4.0,0,2641.460572316458,,,2025-05-09 16:55:43
138.8,0.2,32.3,51.4,60.03,212.3,0.5,8.8,623.3,31.3,5.3,4.0,0,-6487.1164055418885,,,2025-05-09 16:55:46
141.4,0.1,31.8,50.1,60.02,212.4,0.4,8.8,623.3,31.3,5.3,4.0,0,2253.0104881522716,,,2025-05-09 16:56:43
141.4,0.2,31.6,49.9,60.03,212.4,0.3,8.8,623.3,31.3,5.3,4.0,0,3340.670723811991,,,2025-05-09 16:56:47
143,0.1,29.9,47.2,60.04,212.3,0.3,8.8,623.3,31.3,5.3,4.0,0,-5049.851094134404,,,2025-05-09 16:57:44
141.7,0.1,30.2,47.6,60.04,212.3,0.3,8.8,623.3,31.3,5.3,4.0,0,-6176.35633821054,,,2025-05-09 16:57:47
147.9,0.1,27.2,43.2,60.03,212.6,0.3,8.8,623.3,31.3,5.3,4.0,0,-5671.3712287971,,,2025-05-09 16:58:45
142.3,0.1,27.0,42.8,60.03,212.6,0.3,8.8,623.3,31.3,5.3,4.0,0,-4816.781043635893,,,2025-05-09 16:58:48
144.5,0.1,23.6,36.5,60.04,212.6,0.3,8.8,623.3,31.3,5.3,4.0,0,-6254.046355043377,,,2025-05-09 16:59:45
146.9,0.1,23.7,36.5,60.05,212.7,0.4,8.8,623.3,31.4,5.3,4.0,0,-5515.991195131426,,,2025-05-09 16:59:49
139.2,0.1,22.4,32.5,60.03,212.3,0.4,8.8,623.3,31.4,5.3,4.0,0,-971.1252104104617,,,2025-05-09 17:00:46
142.4,0.1,22.1,32.7,60.04,212.3,0.5,8.8,623.3,31.4,5.3,4.0,0,-6525.961413958306,,,2025-05-09 17:00:50
142.5,0.1,22.2,31.3,60,212.1,0.2,8.8,623.3,31.4,5.3,4.0,0,-6254.046355043377,,,2025-05-09 17:01:47
139.3,0.1,21.4,30.3,60,212.1,0.4,8.8,623.3,31.4,5.3,4.0,0,-2524.9255470672015,,,2025-05-09 17:01:50
143,0.1,23.5,31.4,60,211.9,0.4,8.8,623.3,31.4,5.3,4.0,0,-3068.755664897061,,,2025-05-09 17:02:47
135.2,0.1,21.3,29.3,60.01,212,0.3,8.8,623.3,31.4,5.3,4.0,0,-4894.47106046873,,,2025-05-09 17:02:51
139.3,0.1,20.4,27.6,59.98,212.3,0.4,8.8,623.3,31.5,5.3,4.0,0,-5632.526220380682,,,2025-05-09 17:03:48
149.8,0,5.9,7.0,59.98,212.3,0.3,8.8,623.3,31.5,5.3,4.0,0,1592.6453450731574,,,2025-05-09 17:03:52
139.8,0.1,20.5,26.2,59.98,212.2,0.3,8.8,623.3,31.5,5.3,4.0,0,3496.0507574776652,,,2025-05-09 17:04:49
145.5,0,19.6,25.5,59.98,212.3,0.4,8.8,623.3,31.5,5.3,4.0,0,-4583.710993137382,,,2025-05-09 17:04:52
136.8,0.1,18.3,23.9,59.99,212.3,0.3,8.8,623.3,31.5,5.3,4.0,0,-6176.35633821054,,,2025-05-09 17:05:49
140.2,0,18.6,24.3,60,212.3,0.3,8.8,623.3,31.5,5.3,4.0,0,-5049.851094134404,,,2025-05-09 17:05:53
142.7,0.1,18.6,23.9,59.98,212.4,0.3,8.8,623.3,31.5,5.3,4.0,0,2097.630454486599,,,2025-05-09 17:06:50
136.8,0,18.1,23.5,59.99,212.4,0.4,8.8,623.3,31.5,5.3,4.0,0,3224.1356985627353,,,2025-05-09 17:06:54
141.2,0.1,20.1,24.9,60.01,212.4,0.3,8.8,623.3,31.5,5.3,4.0,0,3612.5857827269206,,,2025-05-09 17:07:51
143.1,0.1,20.6,25.5,60.01,212.3,0.3,8.8,623.3,31.5,5.3,4.0,0,3690.275799559757,,,2025-05-09 17:07:54
136.7,0.1,21.5,28.1,60,212.4,0.4,8.8,623.3,31.5,5.3,4.0,0,3729.1208079761755,,,2025-05-09 17:08:51
134,0.1,21.7,28.4,59.97,212.2,0.4,8.8,623.3,31.5,5.3,4.0,0,-3496.0507574776643,,,2025-05-09 17:08:55
142.8,0.1,23.2,31.2,60,212.1,0.3,8.8,623.3,31.4,5.3,4.0,0,-1981.095429237342,,,2025-05-09 17:09:52
148.5,0.1,22.5,31.1,60,212.1,0.4,8.8,623.3,31.4,5.3,4.0,0,3845.6558332254313,,,2025-05-09 17:09:56
142.7,0.1,24.2,32.8,60.02,212.2,0.4,8.8,623.3,31.4,5.3,4.0,0,-4350.640942638872,,,2025-05-09 17:10:53
148.6,0.1,24.0,32.5,60.02,212.2,0.4,8.8,623.3,31.4,5.3,4.0,0,3806.8108248090125,,,2025-05-09 17:10:57
144.3,0.1,25.0,33.9,60.01,212.3,0.4,8.8,623.3,31.4,5.3,4.0,0,-2330.7005049851086,,,2025-05-09 17:11:53
145.1,0.1,24.8,33.7,59.98,212.3,0.3,8.8,623.3,31.4,5.3,4.0,0,4001.0358668911053,,,2025-05-09 17:11:57
147.2,0.1,25.8,35.4,60.02,212.3,0.4,8.8,623.3,31.4,5.3,4.0,0,-2719.150589149294,,,2025-05-09 17:12:54
141.3,0.1,25.9,35.5,60.02,212.2,0.3,8.8,623.3,31.4,5.3,4.0,0,-621.5201346626965,,,2025-05-09 17:12:58
138.7,0.1,25.6,36.1,59.98,212.2,0.4,8.8,623.3,31.4,5.3,4.0,0,-5515.991195131426,,,2025-05-09 17:13:55
144.2,0.1,27.0,37.2,59.99,212.1,0.4,8.8,623.3,31.4,5.3,4.0,0,-3146.445681729898,,,2025-05-09 17:13:59
144.2,0.1,27.2,37.5,60.01,212.3,0.3,8.8,623.3,31.4,5.3,4.0,0,-3457.205749061246,,,2025-05-09 17:14:55
150.2,0.1,26.1,36.4,59.99,212.2,0.5,8.8,623.3,31.4,5.3,4.0,0,-5244.076136216497,,,2025-05-09 17:14:59
142.1,0.1,26.8,37.2,60.01,212.1,0.4,8.8,623.3,31.4,5.3,4.0,0,-2408.3905218179457,,,2025-05-09 17:15:56
144.6,0.1,26.5,36.5,60.02,212.1,0.3,8.8,623.3,31.4,5.3,4.0,0,-4234.105917389615,,,2025-05-09 17:16:00
142.5,0.1,24.6,33.7,60,212,0.4,8.8,623.3,31.4,5.3,4.0,0,-4583.710993137382,,,2025-05-09 17:16:57
142.3,0.1,24.3,33.3,60,212.1,0.3,8.8,623.3,31.4,5.3,4.0,0,2291.8554965686903,,,2025-05-09 17:17:01
145,0.1,23.1,30.2,60.02,212.2,0.4,8.8,623.3,31.2,5.3,4.0,0,-1748.0253787388308,,,2025-05-09 17:17:57
139.4,0.1,22.8,29.7,60,212.2,0.4,8.8,623.3,31.2,5.3,4.0,0,-1437.265311407484,,,2025-05-09 17:18:02
144.9,0.1,22.5,29.1,60.03,212.1,0.4,8.8,623.3,31.2,5.3,4.0,0,3107.6006733134786,,,2025-05-09 17:18:58
148,0.1,21.9,28.6,60.04,212.2,0.4,8.8,623.3,31.2,5.3,4.0,0,1126.5052440761358,,,2025-05-09 17:19:02
144.4,0.1,21.0,27.0,60.04,212.4,0.4,8.8,623.3,31.2,5.3,4.0,0,3029.910656480643,,,2025-05-09 17:19:58
140.4,0.1,21.7,27.6,60.05,212.4,0.3,8.8,623.3,31.2,5.3,4.0,0,2447.235530234366,,,2025-05-09 17:20:03
142,0.1,21.0,26.1,60.04,212.3,0.4,8.8,623.3,31.1,5.3,4.0,0,1786.8703871552516,,,2025-05-09 17:20:59
137.1,0.1,19.9,25.5,60.02,212.3,0.4,8.8,623.3,31.1,5.3,4.0,0,388.4500841641838,,,2025-05-09 17:21:04
140.2,0.1,18.7,23.9,60.01,212.2,0.5,8.8,623.3,31,5.3,4.0,0,-1437.265311407484,,,2025-05-09 17:22:00
145.7,0,18.1,23.0,59.99,212.1,0.5,8.8,623.3,31,5.3,4.0,0,543.8301178298593,,,2025-05-09 17:22:04
140.4,0,17.4,21.7,60,212.3,0.4,8.8,623.3,31,5.3,4.0,0,3029.910656480643,,,2025-05-09 17:23:00
143.5,0,18.6,23.0,59.97,212.3,0.4,8.8,623.3,31,5.3,4.0,0,310.76006733134824,,,2025-05-09 17:23:05
144.3,0,16.8,19.8,59.95,212.2,0.3,8.8,623.3,30.9,5.3,4.0,0,2952.220639647806,,,2025-05-09 17:24:01
136,0,17.2,20.7,59.96,212.2,0.4,8.8,623.3,30.9,5.3,4.0,0,427.2950925806038,,,2025-05-09 17:24:06
138.9,0,15.8,19.2,60.01,212,0.3,8.8,623.3,30.8,5.3,4.0,0,2602.6155639000385,,,2025-05-09 17:25:02
141.8,0,15.8,19.0,60.02,212,0.2,8.8,623.3,30.8,5.3,4.0,0,3884.5008416418495,,,2025-05-09 17:25:06
137.4,0,14.9,17.8,59.97,211.9,0.3,8.8,623.3,30.8,5.3,4.0,0,3301.8257153955724,,,2025-05-09 17:26:02
136.6,0,14.3,17.4,59.98,211.9,0.4,8.8,623.3,30.8,5.3,4.0,0,-3418.3607406448273,,,2025-05-09 17:26:07
132.5,0,13.8,15.7,60.02,211.8,0.4,8.8,623.3,30.8,5.3,4.0,0,-2680.3055807328756,,,2025-05-09 17:27:03
129.3,0,12.9,15.8,60.02,211.8,0.4,8.8,623.3,30.8,5.3,4.0,0,2757.995597565713,,,2025-05-09 17:27:08
138.1,0,13.3,15.6,59.98,212,0.3,8.8,623.3,30.8,5.3,4.0,0,-4039.8808753075236,,,2025-05-09 17:28:04
142.6,0,13.0,15.0,59.97,212,0.5,8.8,623.3,30.8,5.3,4.0,0,-4195.260908973198,,,2025-05-09 17:28:09
134.1,0,12.3,14.4,60.05,212,0.2,8.8,623.3,30.8,5.3,4.0,0,-310.76006733134676,,,2025-05-09 17:29:04
131.1,0,12.1,14.2,60.04,212,0.5,8.8,623.3,30.8,5.3,4.0,0,-1204.1952609089728,,,2025-05-09 17:29:09
139.5,0,11.8,13.7,60.04,212,0.2,8.8,623.3,30.8,5.3,4.0,0,3262.980706979154,,,2025-05-09 17:30:05
140.2,0,11.2,13.4,60.03,212,0.3,8.8,623.3,30.8,5.3,4.0,0,738.0551599119513,,,2025-05-09 17:30:10
127.9,0,11.0,12.8,59.99,212,0.3,8.8,623.3,30.7,5.3,4.0,0,-1514.955328240321,,,2025-05-09 17:31:06
128.7,0,10.9,12.7,59.99,212,0.5,8.8,623.3,30.7,5.3,4.0,0,-77.69001683283706,,,2025-05-09 17:31:11
139.7,0,10.7,12.1,60.03,212.1,0.3,8.8,623.3,30.7,5.3,4.0,0,-3651.4307911433384,,,2025-05-09 17:32:06
139.9,0,10.4,12.2,60.02,212.1,0.4,8.8,623.3,30.7,5.3,4.0,0,349.60507574776676,,,2025-05-09 17:32:11
133,0,9.9,11.7,59.98,212.1,0.4,8.8,623.3,30.6,5.3,4.0,0,2757.995597565713,,,2025-05-09 17:33:07
127.2,0,10.0,11.8,59.99,212,0.5,8.8,623.3,30.6,5.3,4.0,0,0.0,,,2025-05-09 17:33:12
129.5,0,9.2,10.8,59.99,212,0.5,8.8,623.3,30.5,5.3,4.0,0,-2019.9404376537605,,,2025-05-09 17:34:08
129.6,0,9.1,10.8,59.99,211.8,0.3,8.8,623.3,30.5,5.3,4.0,0,3185.2906901463157,,,2025-05-09 17:34:13
140.1,0,5.8,7.1,59.99,211.8,0.2,8.8,623.3,30.4,5.3,4.0,0,-4855.626052052312,,,2025-05-09 17:35:08
138.5,0,6.7,8.4,59.98,211.7,0.4,8.8,623.3,30.4,5.3,4.0,0,-4816.781043635893,,,2025-05-09 17:35:14
123.6,0,4.5,5.4,60.04,211.9,0.2,8.8,623.3,30.5,5.3,4.0,0,-1476.1103198239025,,,2025-05-09 17:36:09
120.6,0,5.1,6.1,60.06,212.1,0.3,8.8,623.3,30.5,5.3,4.0,0,-3806.8108248090125,,,2025-05-09 17:36:14
130.8,0,6.3,7.8,60,212.3,0.4,8.8,623.3,30.5,5.3,4.0,0,2447.2355302343644,,,2025-05-09 17:37:10
130.7,0,6.2,7.8,60.01,212.3,0.5,8.8,623.3,30.5,5.3,4.0,0,-4933.3160688851485,,,2025-05-09 17:37:15
130.9,0,5.1,6.7,59.99,212.1,0.3,8.8,623.3,30.5,5.3,4.0,0,-738.0551599119506,,,2025-05-09 17:38:10
130.5,0,5.1,6.7,59.99,212.1,0.4,8.8,623.3,30.5,5.3,4.0,0,-815.7451767447891,,,2025-05-09 17:38:16
132.6,0,3.1,3.8,59.99,211.9,0.4,8.8,623.3,30.5,5.3,4.0,0,699.2101514955327,,,2025-05-09 17:39:11
135.4,0,3.6,4.4,60,211.9,0.3,8.8,623.3,30.5,5.3,4.0,0,2019.9404376537611,,,2025-05-09 17:39:16
132,0,3.6,4.7,60.03,211.8,0.5,8.8,623.3,30.5,5.3,4.0,0,2058.7854460701797,,,2025-05-09 17:40:12
136.2,0,2.7,3.3,60.03,211.9,0.4,8.8,623.3,30.5,5.3,4.0,0,-5282.921144632915,,,2025-05-09 17:40:17
131.6,0,4.4,5.7,60.01,211.7,0.5,8.8,623.3,30.4,5.3,4.0,0,3845.6558332254313,,,2025-05-09 17:41:12
131.2,0,3.9,4.7,60.01,211.9,0.5,8.8,623.3,30.4,5.3,4.0,0,-4816.781043635892,,,2025-05-09 17:41:18
145.8,0,2.5,4.7,60,211.8,0.4,8.8,623.3,30.4,5.3,4.0,0,4195.260908973198,,,2025-05-09 17:42:13
132.8,0,3.0,4.5,60.01,211.6,0.2,8.8,623.3,30.4,5.3,4.0,0,4156.41590055678,,,2025-05-09 17:42:19
134.6,0,1.8,2.5,59.98,211.7,0.3,8.8,623.3,30.4,5.3,4.0,0,582.6751262462778,,,2025-05-09 17:43:13
126.7,0,1.3,1.8,60,211.8,0.4,8.8,623.3,30.4,5.3,4.0,0,3224.135698562735,,,2025-05-09 17:43:19
119.2,0,1.6,2.2,60.02,211.8,0.4,8.8,623.3,30.4,5.3,4.0,0,-4467.175967888128,,,2025-05-09 17:44:14
121.7,0,1.2,1.6,60.03,211.8,0.4,8.8,623.3,30.4,5.3,4.0,0,-5127.5411109672405,,,2025-05-09 17:44:20
133.8,0,1.6,2.4,59.97,211.7,0.4,8.8,623.3,30.4,5.3,4.0,0,2641.4605723164577,,,2025-05-09 17:45:15
135.6,0,2.0,2.9,59.96,211.7,0.4,8.8,623.3,30.4,5.3,4.0,0,-3884.5008416418495,,,2025-05-09 17:45:21
121.8,0,1.4,2.1,60.01,211.9,0.3,8.8,623.3,30.4,5.3,4.0,0,-4428.3309594717075,,,2025-05-09 17:46:15
122.9,0,1.4,2.0,59.98,211.9,0.3,8.8,623.3,30.4,5.3,4.0,0,-699.2101514955335,,,2025-05-09 17:46:21
132.7,0,1.0,1.8,59.99,211.7,0.5,8.8,623.3,30.4,5.3,4.0,0,-5166.386119383659,,,2025-05-09 17:47:16
126.6,0,1.7,2.6,59.98,211.7,0.4,8.8,623.3,30.4,5.3,4.0,0,3418.360740644828,,,2025-05-09 17:47:22
131.9,0,1.7,2.6,59.99,211.7,0.4,8.8,623.3,30.4,5.3,4.0,0,4001.0358668911053,,,2025-05-09 17:48:17
128.4,0,1.0,1.7,59.97,211.7,0.5,8.8,623.3,30.4,5.3,4.0,0,1942.2504208209248,,,2025-05-09 17:48:23
136.8,0,0.9,1.5,60.02,212.1,0.3,8.8,623.3,30.4,5.3,4.0,0,-5477.146186715007,,,2025-05-09 17:49:17
129.5,0,0.9,1.6,60.02,212.1,0.3,8.8,623.3,30.4,5.3,4.0,0,3612.5857827269206,,,2025-05-09 17:49:24
135.2,0,0.4,0.8,59.99,212,0.4,8.8,623.3,30.4,5.3,4.0,0,-2291.8554965686903,,,2025-05-09 17:50:18
132.1,0,0.8,1.2,59.98,212,0.4,8.8,623.3,30.4,5.3,4.0,0,-1825.7153955716692,,,2025-05-09 17:50:24
118.6,0,0.5,0.9,60.01,211.8,0.5,8.8,623.3,30.4,5.3,4.0,0,-4855.626052052312,,,2025-05-09 17:51:19
132.6,0,1.2,2.5,60.03,211.8,0.4,8.8,623.3,30.4,5.3,4.0,0,-1864.5604039880877,,,2025-05-09 17:51:25
143,0,0.6,0.9,60.03,211.6,0.3,8.8,623.3,30.4,5.3,4.0,0,3962.1908584746866,,,2025-05-09 17:52:19
138.5,0,0.2,0.5,60.02,211.8,0.3,8.8,623.3,30.4,5.3,4.0,0,4350.640942638872,,,2025-05-09 17:52:26
133.3,0,0.4,1.0,60.03,211.7,0.3,8.8,623.3,30.4,5.3,4.0,0,-3884.5008416418495,,,2025-05-09 17:53:20
131.1,0,0.9,1.8,60.03,211.7,0.3,8.8,623.3,30.4,5.3,4.0,0,-4078.725883723941,,,2025-05-09 17:53:26
129.8,0,0.7,1.3,60.03,211.7,0.3,8.8,623.3,30.4,5.3,4.0,0,-582.6751262462778,,,2025-05-09 17:54:21
140.4,0,0.4,0.8,60.03,211.7,0.5,8.8,623.3,30.4,5.3,4.0,0,-4311.795934222453,,,2025-05-09 17:54:27
121.3,0,1.1,2.0,60.01,211.8,0.3,8.8,623.3,30.4,5.3,4.0,0,3962.1908584746866,,,2025-05-09 17:55:21
131.9,0,0.8,1.3,60.01,211.9,0.4,8.8,623.3,30.4,5.3,4.0,0,4078.7258837239424,,,2025-05-09 17:55:28
134.1,0,0.6,1.2,60.04,211.9,0.5,8.8,623.3,30.4,5.3,4.0,0,-3962.1908584746866,,,2025-05-09 17:56:22
130.6,0,0.4,0.8,60.03,211.9,0.4,8.8,623.3,30.4,5.3,4.0,0,-5088.696102550822,,,2025-05-09 17:56:28
134,0,0.5,1.0,60.05,212,0.3,8.8,623.3,30.4,5.3,4.0,0,-1592.645345073158,,,2025-05-09 17:57:23
137.8,0,1.0,1.8,60.04,212.1,0.4,8.8,623.3,30.4,5.3,4.0,0,-155.38003366567412,,,2025-05-09 17:57:29
97.4,0,0.1,0.4,60.03,211.9,0.4,8.8,623.3,30.4,5.3,4.0,0,-4117.570892140359,,,2025-05-09 17:58:23
105.6,0,0.3,0.7,60.03,211.8,0.4,8.8,623.3,30.3,5.3,4.0,0,4389.485951055291,,,2025-05-09 17:58:30
109.9,0,0.8,1.3,60.03,211.9,0.5,8.8,623.3,30.3,5.3,4.0,0,-1786.8703871552507,,,2025-05-09 17:59:24
107.7,0,0.3,0.7,60.04,212,0.4,8.8,623.3,30.3,5.3,4.0,0,-4661.401009970219,,,2025-05-09 17:59:31
