vpv1,ipv1,pv1_watt,vpv2,ipv2,pv2_watt,pac_total,freq,vac1,iac1,energia_hoy,energia_total,temp_inversor,Energìa PV1,Energìa PV2,codigo_error,irradiancia,temp1,temp2,timestamp
,0,0.0,0,0,0.0,0.0,0,0,0,0.0,1307.2,0,0.0,0.0,0,-38.845008416418494,20.062,20.187,2025-10-18 05:25:52
0,0,0.0,0,0,0.0,0.0,0,0,0,0.0,1307.2,0,0.0,0.0,0,-38.845008416418494,20.062,20.125,2025-10-18 05:26:54
,0,0.0,0,0,0.0,0.0,0,0,0,0.0,1307.2,0,0.0,0.0,0,-38.845008416418494,20.062,20.125,2025-10-18 05:27:58
149.5,0,0.0,149.4,0,0.0,0.0,0,0,0,0.0,1307.2,21,0.0,0.0,302,-38.845008416418494,20.062,20.125,2025-10-18 05:29:00
151.4,0,0.0,151.1,0,0.0,0.0,0,0,0,0.0,1307.2,21,0.0,0.0,302,-38.845008416418494,20.062,20.187,2025-10-18 05:30:03
152.6,0,0.0,152.5,0,0.0,0.0,0,0,0,0.0,1307.2,21.1,0.0,0.0,302,-38.845008416418494,20.125,20.125,2025-10-18 05:31:05
153.9,0,0.0,153.8,0,0.0,0.0,0,0,0,0.0,1307.2,21.1,0.0,0.0,302,-38.845008416418494,20.062,20.187,2025-10-18 05:32:07
155.2,0,0.0,155,0,0.0,0.0,0,0,0,0.0,1307.2,21.2,0.0,0.0,302,0.0,20.0,20.187,2025-10-18 05:33:10
156.1,0,0.0,155.9,0,0.0,0.0,0,0,0,0.0,1307.2,21.2,0.0,0.0,302,0.0,20.125,20.187,2025-10-18 05:34:12
157.1,0,0.0,156.9,0,0.0,0.0,0,0,0,0.0,1307.2,21.2,0.0,0.0,302,0.0,20.125,20.25,2025-10-18 05:35:15
157.8,0,0.0,157.6,0,0.0,0.0,0,0,0,0.0,1307.2,21.2,0.0,0.0,302,0.0,20.125,20.375,2025-10-18 05:36:17
158.5,0,0.0,158.3,0,0.0,0.0,0,0,0,0.0,1307.2,21.3,0.0,0.0,302,0.0,20.187,20.437,2025-10-18 05:37:20
159.2,0,0.0,159,0,0.0,0.0,0,0,0,0.0,1307.2,21.3,0.0,0.0,302,0.0,20.187,20.437,2025-10-18 05:38:22
159.8,0,0.0,159.7,0,0.0,0.0,0,0,0,0.0,1307.2,21.3,0.0,0.0,302,0.0,20.25,20.437,2025-10-18 05:39:25
160.5,0,0.0,160.3,0,0.0,0.0,0,0,0,0.0,1307.2,21.3,0.0,0.0,302,0.0,20.312,20.437,2025-10-18 05:40:27
161,0,0.0,160.9,0,0.0,0.0,0,0,0,0.0,1307.2,21.3,0.0,0.0,302,0.0,20.312,20.5,2025-10-18 05:41:30
161.5,0,0.0,161.3,0,0.0,0.0,0,0,0,0.0,1307.2,21.4,0.0,0.0,302,0.0,20.187,20.437,2025-10-18 05:42:32
162.2,0,0.0,162,0,0.0,0.0,0,0,0,0.0,1307.2,21.4,0.0,0.0,302,0.0,20.437,20.437,2025-10-18 05:43:34
162.8,0,0.0,162.7,0,0.0,0.0,0,0,0,0.0,1307.2,21.4,0.0,0.0,302,0.0,20.375,20.437,2025-10-18 05:44:37
163.7,0,0.0,163.5,0,0.0,0.0,0,0,0,0.0,1307.2,21.5,0.0,0.0,302,0.0,20.312,20.437,2025-10-18 05:45:39
164.4,0,0.0,164.2,0,0.0,0.0,0,0,0,0.0,1307.2,21.5,0.0,0.0,302,0.0,20.375,20.437,2025-10-18 05:46:42
165.1,0,0.0,164.9,0,0.0,0.0,0,0,0,0.0,1307.2,21.5,0.0,0.0,302,0.0,20.375,20.437,2025-10-18 05:47:44
166,0,0.0,165.8,0,0.0,0.0,0,0,0,0.0,1307.2,21.5,0.0,0.0,302,0.0,20.437,20.437,2025-10-18 05:48:47
166.9,0,0.0,166.6,0,0.0,0.0,0,0,0,0.0,1307.2,21.5,0.0,0.0,302,0.0,20.437,20.5,2025-10-18 05:49:49
168,0,0.0,167.7,0,0.0,0.0,0,0,0,0.0,1307.2,21.6,0.0,0.0,302,0.0,20.5,20.5,2025-10-18 05:50:51
169.4,0,0.0,169.2,0,0.0,0.0,0,0,0,0.0,1307.2,21.6,0.0,0.0,302,0.0,20.562,20.562,2025-10-18 05:51:54
171.2,0,0.0,171,0,0.0,0.0,0,0,0,0.0,1307.2,21.6,0.0,0.0,302,0.0,20.562,20.625,2025-10-18 05:52:56
172.7,0,0.0,172.4,0,0.0,0.0,0,0,0,0.0,1307.2,21.6,0.0,0.0,302,0.0,20.625,20.625,2025-10-18 05:53:59
174.1,0,0.0,173.8,0,0.0,0.0,0,0,0,0.0,1307.2,21.6,0.0,0.0,302,0.0,20.687,20.687,2025-10-18 05:55:01
175.2,0,0.0,175,0,0.0,0.0,0,0,0,0.0,1307.2,21.7,0.0,0.0,302,0.0,20.812,20.75,2025-10-18 05:56:04
175.8,0,0.0,175.9,0,0.0,0.0,0,0,0,0.0,1307.2,21.7,0.0,0.0,302,0.0,20.875,20.875,2025-10-18 05:57:06
175.5,0,0.0,177.2,0,0.0,0.0,0,0,0,0.0,1307.2,21.7,0.0,0.0,302,0.0,20.937,20.937,2025-10-18 05:58:09
175.4,0,0.0,179.1,0,0.0,0.0,0,0,0,0.0,1307.2,21.7,0.0,0.0,302,0.0,21.062,21.125,2025-10-18 05:59:11
176.9,0,0.0,181.1,0,0.0,0.0,0,0,0,0.0,1307.2,21.8,0.0,0.0,302,0.0,21.187,21.25,2025-10-18 06:00:13
176.6,0,0.0,178.1,0,0.0,0.0,0,0,0,0.0,1307.2,21.8,0.0,0.0,302,0.0,21.312,21.437,2025-10-18 06:01:16
176.5,0,0.0,176.3,0,0.0,0.0,0,0,0,0.0,1307.2,21.8,0.0,0.0,302,0.0,21.312,21.375,2025-10-18 06:02:18
173.8,0,0.0,173.5,0,0.0,0.0,0,0,0,0.0,1307.2,21.9,0.0,0.0,302,0.0,21.375,21.312,2025-10-18 06:03:21
175.3,0,0.0,175,0,0.0,0.0,0,0,0,0.0,1307.2,21.9,0.0,0.0,302,0.0,21.437,21.25,2025-10-18 06:04:23
181.4,0,0.0,181.8,0,0.0,0.0,0,0,0,0.0,1307.2,21.9,0.0,0.0,302,38.845008416418494,21.437,21.25,2025-10-18 06:05:25
183.8,0,0.0,184.1,0,0.0,0.0,0,0,0,0.0,1307.2,22,0.0,0.0,302,38.845008416418494,21.625,21.437,2025-10-18 06:06:28
183.4,0,0.0,183.6,0,0.0,0.0,0,0,0,0.0,1307.2,22,0.0,0.0,302,38.845008416418494,21.75,21.625,2025-10-18 06:07:30
180.4,0,0.0,180.3,0,0.0,0.0,0,0,0,0.0,1307.2,22.1,0.0,0.0,302,38.845008416418494,21.812,21.75,2025-10-18 06:08:33
178.6,0,0.0,178.3,0,0.0,0.0,0,0,0,0.0,1307.2,22.1,0.0,0.0,302,38.845008416418494,21.937,21.687,2025-10-18 06:09:35
178,0,0.0,177.6,0,0.0,0.0,0,0,0,0.0,1307.2,22.2,0.0,0.0,302,38.845008416418494,22.0,21.687,2025-10-18 06:10:38
178.9,0,0.0,178.4,0,0.0,0.0,0,0,0,0.0,1307.2,22.2,0.0,0.0,302,38.845008416418494,22.0,21.562,2025-10-18 06:11:40
183.8,0,0.0,183.5,0,0.0,0.0,0,0,0,0.0,1307.2,22.2,0.0,0.0,302,38.845008416418494,22.062,21.625,2025-10-18 06:12:43
184,0,0.0,183.4,0,0.0,0.0,0,0,0,0.0,1307.2,22.3,0.0,0.0,302,38.845008416418494,22.25,21.812,2025-10-18 06:13:45
183.9,0,0.0,182.9,0,0.0,0.0,0,0,0,0.0,1307.2,22.3,0.0,0.0,302,77.69001683283699,22.375,22.0,2025-10-18 06:14:48
183.9,0,0.0,182.5,0,0.0,0.0,0,0,0,0.0,1307.2,22.4,0.0,0.0,302,77.69001683283699,22.5,21.937,2025-10-18 06:15:50
183.8,0,0.0,182.1,0,0.0,0.0,0,0,0,0.0,1307.2,22.5,0.0,0.0,302,77.69001683283699,22.625,22.125,2025-10-18 06:16:52
184,0,0.0,182,0,0.0,0.0,0,0,0,0.0,1307.2,22.5,0.0,0.0,302,77.69001683283699,22.75,22.375,2025-10-18 06:17:55
183.9,0,0.0,181.6,0,0.0,0.0,0,0,0,0.0,1307.2,22.6,0.0,0.0,302,77.69001683283699,22.875,22.437,2025-10-18 06:18:57
182.1,0,0.0,179.3,0,0.0,0.0,0,0,0,0.0,1307.2,22.6,0.0,0.0,302,77.69001683283699,22.875,22.562,2025-10-18 06:20:00
177.4,0,0.0,174.1,0,0.0,0.0,0,0,0,0.0,1307.2,22.6,0.0,0.0,302,38.845008416418494,22.937,22.437,2025-10-18 06:21:02
179.9,0,0.0,176.8,0,0.0,0.0,0,0,0,0.0,1307.2,22.7,0.0,0.0,302,38.845008416418494,22.875,22.375,2025-10-18 06:22:05
182.2,0,0.0,178.8,0,0.0,0.0,0,0,0,0.0,1307.2,22.7,0.0,0.0,302,77.69001683283699,22.937,22.375,2025-10-18 06:23:07
178,0,0.0,174.1,0,0.0,0.0,0,0,0,0.0,1307.2,22.8,0.0,0.0,302,38.845008416418494,22.937,22.375,2025-10-18 06:24:10
183.9,0,0.0,180.7,0,0.0,0.0,0,0,0,0.0,1307.2,22.8,0.0,0.0,302,116.53502524925548,23.0,22.437,2025-10-18 06:25:12
184.5,0,0.0,181.1,0,0.0,0.0,0,0,0,0.0,1307.2,22.9,0.0,0.0,302,116.53502524925548,23.0,22.75,2025-10-18 06:26:14
184.3,0,0.0,180.8,0,0.0,0.0,0,0,0,0.0,1307.2,22.9,0.0,0.0,302,155.38003366567398,23.25,22.937,2025-10-18 06:27:17
184,0,0.0,180.4,0,0.0,0.0,0,0,0,0.0,1307.2,22.9,0.0,0.0,302,155.38003366567398,23.375,23.187,2025-10-18 06:28:19
183.3,0,0.0,179.7,0,0.0,0.0,0,0,0,0.0,1307.2,23,0.0,0.0,302,155.38003366567398,23.562,23.625,2025-10-18 06:29:22
181.1,0,0.0,177.4,0,0.0,0.0,0,0,0,0.0,1307.2,23,0.0,0.0,302,116.53502524925548,23.687,23.687,2025-10-18 06:30:24
178.8,0,0.0,174.9,0,0.0,0.0,0,0,0,0.0,1307.2,23.1,0.0,0.0,302,116.53502524925548,23.812,23.5,2025-10-18 06:31:27
178.7,0,0.0,174.9,0,0.0,0.0,0,0,0,0.0,1307.2,23.1,0.0,0.0,302,116.53502524925548,23.812,23.437,2025-10-18 06:32:29
178.1,0,0.0,174.3,0,0.0,0.0,0,0,0,0.0,1307.2,23.1,0.0,0.0,302,77.69001683283699,23.812,23.437,2025-10-18 06:33:32
177.8,0,0.0,174.1,0,0.0,0.0,0,0,0,0.0,1307.2,23.2,0.0,0.0,302,77.69001683283699,23.812,23.25,2025-10-18 06:34:34
177,0,0.0,173.2,0,0.0,0.0,0,0,0,0.0,1307.2,23.2,0.0,0.0,302,77.69001683283699,23.562,23.062,2025-10-18 06:35:36
176.8,0,0.0,173.1,0,0.0,0.0,0,0,0,0.0,1307.2,23.2,0.0,0.0,302,77.69001683283699,23.562,23.062,2025-10-18 06:36:39
177.2,0,0.0,173.5,0,0.0,0.0,0,0,0,0.0,1307.2,23.3,0.0,0.0,302,77.69001683283699,23.562,23.0,2025-10-18 06:37:41
176.6,0,0.0,173.2,0,0.0,0.0,0,0,0,0.0,1307.2,23.3,0.0,0.0,302,77.69001683283699,23.687,23.0,2025-10-18 06:38:44
176.3,0,0.0,172.9,0,0.0,0.0,0,0,0,0.0,1307.2,23.3,0.0,0.0,302,77.69001683283699,23.687,23.062,2025-10-18 06:39:46
176.4,0,0.0,173.2,0,0.0,0.0,0,0,0,0.0,1307.2,23.4,0.0,0.0,302,77.69001683283699,23.75,23.0,2025-10-18 06:40:49
176.4,0,0.0,173.1,0,0.0,0.0,0,0,0,0.0,1307.2,23.4,0.0,0.0,302,77.69001683283699,23.687,23.062,2025-10-18 06:41:51
176.4,0,0.0,173.4,0,0.0,0.0,0,0,0,0.0,1307.2,23.4,0.0,0.0,302,77.69001683283699,23.687,23.125,2025-10-18 06:42:54
178.8,0,0.0,175.7,0,0.0,0.0,0,0,0,0.0,1307.2,23.4,0.0,0.0,302,77.69001683283699,23.75,23.25,2025-10-18 06:43:56
176.9,0,0.0,173.7,0,0.0,0.0,0,0,0,0.0,1307.2,23.5,0.0,0.0,302,77.69001683283699,23.75,23.25,2025-10-18 06:44:58
176.8,0,0.0,173.8,0,0.0,0.0,0,0,0,0.0,1307.2,23.5,0.0,0.0,302,77.69001683283699,23.687,23.25,2025-10-18 06:46:01
179,0,0.0,175.8,0,0.0,0.0,0,0,0,0.0,1307.2,23.5,0.0,0.0,302,116.53502524925548,23.75,23.187,2025-10-18 06:47:03
178.1,0,0.0,174.7,0,0.0,0.0,0,0,0,0.0,1307.2,23.6,0.0,0.0,302,116.53502524925548,23.687,23.312,2025-10-18 06:48:06
178.5,0,0.0,175.1,0,0.0,0.0,0,0,0,0.0,1307.2,23.6,0.0,0.0,302,116.53502524925548,23.75,23.437,2025-10-18 06:49:08
179,0,0.0,175.6,0,0.0,0.0,0,0,0,0.0,1307.2,23.6,0.0,0.0,302,116.53502524925548,23.812,23.5,2025-10-18 06:50:11
181.3,0,0.0,178.9,0,0.0,0.0,0,0,0,0.0,1307.2,23.7,0.0,0.0,302,194.22504208209244,23.875,23.625,2025-10-18 06:51:13
181.2,0,0.0,178.1,0,0.0,0.0,0,0,0,0.0,1307.2,23.7,0.0,0.0,302,155.38003366567398,24.062,23.875,2025-10-18 06:52:16
183.9,0,0.0,181.8,0,0.0,0.0,0,0,0,0.0,1307.2,23.7,0.0,0.0,302,271.91505891492943,24.187,24.0,2025-10-18 06:53:18
183.1,0,0.0,180.9,0,0.0,0.0,0,0,0,0.0,1307.2,23.8,0.0,0.0,302,233.07005049851097,24.25,24.375,2025-10-18 06:54:20
180.5,0,0.0,178.4,0,0.0,0.0,0,0,0,0.0,1307.2,23.9,0.0,0.0,302,194.22504208209244,24.562,24.625,2025-10-18 06:55:23
182,0,0.0,179.9,0,0.0,0.0,0,0,0,0.0,1307.2,24,0.0,0.0,302,233.07005049851097,24.75,24.75,2025-10-18 06:56:25
181.6,0,0.0,179.4,0,0.0,0.0,0,0,0,0.0,1307.2,24,0.0,0.0,302,233.07005049851097,24.812,24.687,2025-10-18 06:57:28
181.4,0,0.0,179,0,0.0,0.0,0,0,0,0.0,1307.2,24.1,0.0,0.0,302,233.07005049851097,24.875,25.125,2025-10-18 06:58:30
180.5,0,0.0,178.2,0,0.0,0.0,0,0,0,0.0,1307.2,24.2,0.0,0.0,302,233.07005049851097,25.0,25.562,2025-10-18 06:59:33
178.9,0,0.0,176.6,0,0.0,0.0,0,0,0,0.0,1307.2,24.3,0.0,0.0,302,233.07005049851097,25.187,25.875,2025-10-18 07:00:35
177.2,0,0.0,174.6,0,0.0,0.0,0,0,0,0.0,1307.2,24.3,0.0,0.0,302,194.22504208209244,25.125,26.125,2025-10-18 07:01:38
174.2,0,0.0,171.1,0,0.0,0.0,0,0,0,0.0,1307.2,24.4,0.0,0.0,302,116.53502524925548,25.187,26.062,2025-10-18 07:02:40
174.2,0,0.0,171.2,0,0.0,0.0,0,0,0,0.0,1307.2,24.5,0.0,0.0,302,116.53502524925548,25.125,25.875,2025-10-18 07:03:42
174.1,0,0.0,171.4,0,0.0,0.0,0,0,0,0.0,1307.2,24.6,0.0,0.0,302,116.53502524925548,25.0,25.75,2025-10-18 07:04:45
175.8,0,0.0,173.5,0,0.0,0.0,0,0,0,0.0,1307.2,24.7,0.0,0.0,302,155.38003366567398,24.687,25.375,2025-10-18 07:05:47
181.3,0,0.0,178.9,0,0.0,0.0,0,0,0,0.0,1307.2,24.7,0.0,0.0,302,271.91505891492943,24.812,25.375,2025-10-18 07:06:50
182.4,0,0.0,179.9,0,0.0,0.0,0,0,0,0.0,1307.2,24.8,0.0,0.0,302,349.6050757477664,24.937,26.0,2025-10-18 07:07:52
181.9,0,0.0,179.6,0,0.0,0.0,0,0,0,0.0,1307.2,24.9,0.0,0.0,302,349.6050757477664,25.125,26.75,2025-10-18 07:08:55
179.5,0,0.0,177.5,0,0.0,0.0,0,0,0,0.0,1307.2,24.9,0.0,0.0,302,310.76006733134795,25.187,27.437,2025-10-18 07:09:57
179.1,0,0.0,177.2,0,0.0,0.0,0,0,0,0.0,1307.2,25,0.0,0.0,302,310.76006733134795,25.312,27.437,2025-10-18 07:11:00
179.2,0,0.0,177.3,0,0.0,0.0,0,0,0,0.0,1307.2,25.1,0.0,0.0,302,310.76006733134795,25.312,27.375,2025-10-18 07:12:02
180.4,0,0.0,178.5,0,0.0,0.0,0,0,0,0.0,1307.2,25.2,0.0,0.0,302,388.4500841641849,25.375,27.75,2025-10-18 07:13:04
180,0,0.0,178.1,0,0.0,0.0,0,0,0,0.0,1307.2,25.3,0.0,0.0,302,388.4500841641849,25.562,28.25,2025-10-18 07:14:07
179.9,0,0.0,178.1,0,0.0,0.0,0,0,0,0.0,1307.2,25.4,0.0,0.0,302,388.4500841641849,25.625,28.562,2025-10-18 07:15:09
179.4,0,0.0,177.6,0,0.0,0.0,0,0,0,0.0,1307.2,25.5,0.0,0.0,302,388.4500841641849,25.937,29.0,2025-10-18 07:16:12
179.1,0,0.0,177.2,0,0.0,0.0,0,0,0,0.0,1307.2,25.6,0.0,0.0,302,427.2950925806034,26.062,29.562,2025-10-18 07:17:14
178.5,0,0.0,176.6,0,0.0,0.0,0,0,0,0.0,1307.2,25.7,0.0,0.0,302,388.4500841641849,26.312,29.937,2025-10-18 07:18:17
178.2,0,0.0,176.4,0,0.0,0.0,0,0,0,0.0,1307.2,25.8,0.0,0.0,302,388.4500841641849,26.5,30.25,2025-10-18 07:19:19
177.9,0,0.0,175.9,0,0.0,0.0,0,0,0,0.0,1307.2,25.8,0.0,0.0,302,388.4500841641849,26.687,30.312,2025-10-18 07:20:21
175.8,0,0.0,173.7,0,0.0,0.0,0,0,0,0.0,1307.2,25.9,0.0,0.0,302,310.76006733134795,26.687,30.187,2025-10-18 07:21:24
176.6,0,0.0,174.8,0,0.0,0.0,0,0,0,0.0,1307.2,26,0.0,0.0,302,349.6050757477664,26.812,30.062,2025-10-18 07:22:26
176.1,0,0.0,174.4,0,0.0,0.0,0,0,0,0.0,1307.2,26.1,0.0,0.0,302,349.6050757477664,27.0,30.562,2025-10-18 07:23:29
177.5,0,0.0,175.7,0,0.0,0.0,0,0,0,0.0,1307.2,26.1,0.0,0.0,302,388.4500841641849,27.0,30.562,2025-10-18 07:24:31
176.9,0,0.0,175.7,0,0.0,0.0,0,0,0,0.0,1307.2,26.1,0.0,0.0,302,427.2950925806034,27.125,30.812,2025-10-18 07:25:34
172.2,0,0.0,170.6,0,0.0,0.0,0,0,0,0.0,1307.2,26.1,0.0,0.0,302,233.07005049851097,27.125,30.875,2025-10-18 07:26:36
172.7,0,0.0,170.7,0,0.0,0.0,0,0,0,0.0,1307.2,26.2,0.0,0.0,302,194.22504208209244,27.125,30.812,2025-10-18 07:27:39
172.9,0,0.0,171.2,0,0.0,0.0,0,0,0,0.0,1307.2,26.2,0.0,0.0,302,194.22504208209244,27.062,30.937,2025-10-18 07:28:41
171.4,0,0.0,170.4,0,0.0,0.0,0,0,0,0.0,1307.2,26.3,0.0,0.0,302,155.38003366567398,27.062,30.562,2025-10-18 07:29:43
172.2,0,0.0,171.3,0,0.0,0.0,0,0,0,0.0,1307.2,26.3,0.0,0.0,302,155.38003366567398,27.187,30.312,2025-10-18 07:30:46
173.1,0,0.0,172.8,0,0.0,0.0,0,0,0,0.0,1307.2,26.3,0.0,0.0,302,194.22504208209244,27.25,30.375,2025-10-18 07:31:48
174.9,0,0.0,174.6,0,0.0,0.0,0,0,0,0.0,1307.2,26.3,0.0,0.0,302,233.07005049851097,27.25,30.562,2025-10-18 07:32:51
176.8,0,0.0,175.9,0,0.0,0.0,0,0,0,0.0,1307.2,26.3,0.0,0.0,302,271.91505891492943,27.312,30.5,2025-10-18 07:33:53
174.9,0,0.0,174,0,0.0,0.0,0,0,0,0.0,1307.2,26.3,0.0,0.0,302,233.07005049851097,27.312,30.5,2025-10-18 07:34:56
177.2,0,0.0,175.9,0,0.0,0.0,0,0,0,0.0,1307.2,26.3,0.0,0.0,302,310.76006733134795,27.375,30.687,2025-10-18 07:35:58
177,0,0.0,176.2,0,0.0,0.0,0,0,0,0.0,1307.2,26.3,0.0,0.0,302,310.76006733134795,27.437,30.937,2025-10-18 07:37:01
178.3,0,0.0,177,0,0.0,0.0,0,0,0,0.0,1307.2,26.3,0.0,0.0,302,388.4500841641849,27.562,31.437,2025-10-18 07:38:03
178,0,0.0,176.8,0,0.0,0.0,0,0,0,0.0,1307.2,26.3,0.0,0.0,302,388.4500841641849,27.687,31.875,2025-10-18 07:39:06
177.6,0,0.0,176.5,0,0.0,0.0,0,0,0,0.0,1307.2,26.3,0.0,0.0,302,349.6050757477664,27.812,32.187,2025-10-18 07:40:08
177.2,0,0.0,176.2,0,0.0,0.0,0,0,0,0.0,1307.2,26.3,0.0,0.0,302,349.6050757477664,27.875,32.437,2025-10-18 07:41:10
177,0,0.0,176,0,0.0,0.0,0,0,0,0.0,1307.2,26.4,0.0,0.0,302,271.91505891492943,28.062,32.687,2025-10-18 07:42:13
176.7,0,0.0,175.8,0,0.0,0.0,0,0,0,0.0,1307.2,26.4,0.0,0.0,302,233.07005049851097,28.187,33.0,2025-10-18 07:43:15
176.5,0,0.0,175.6,0,0.0,0.0,0,0,0,0.0,1307.2,26.5,0.0,0.0,302,155.38003366567398,28.312,33.5,2025-10-18 07:44:18
176.4,0,0.0,175.4,0,0.0,0.0,0,0,0,0.0,1307.2,26.5,0.0,0.0,302,116.53502524925548,28.5,33.25,2025-10-18 07:45:20
176.2,0,0.0,175.2,0,0.0,0.0,0,0,0,0.0,1307.2,26.7,0.0,0.0,302,77.69001683283699,28.375,32.5,2025-10-18 07:46:23
176,0,0.0,175.1,0,0.0,0.0,0,0,0,0.0,1307.2,26.8,0.0,0.0,302,38.845008416418494,28.562,32.875,2025-10-18 07:47:25
175.8,0,0.0,175.1,0,0.0,0.0,0,0,0,0.0,1307.2,26.8,0.0,0.0,302,38.845008416418494,28.687,33.375,2025-10-18 07:48:28
175.7,0,0.0,175,0,0.0,0.0,0,0,0,0.0,1307.2,26.8,0.0,0.0,302,38.845008416418494,28.625,32.937,2025-10-18 07:49:30
175.6,0,0.0,175,0,0.0,0.0,0,0,0,0.0,1307.2,26.8,0.0,0.0,302,38.845008416418494,28.562,32.625,2025-10-18 07:50:32
175.5,0,0.0,174.8,0,0.0,0.0,0,0,0,0.0,1307.2,26.9,0.0,0.0,302,38.845008416418494,28.625,32.937,2025-10-18 07:51:35
175.3,0,0.0,174.6,0,0.0,0.0,0,0,0,0.0,1307.2,27.1,0.0,0.0,302,38.845008416418494,28.687,33.812,2025-10-18 07:52:37
175.2,0,0.0,174.5,0,0.0,0.0,0,0,0,0.0,1307.2,27.1,0.0,0.0,302,38.845008416418494,28.75,33.75,2025-10-18 07:53:40
175,0,0.0,174.5,0,0.0,0.0,0,0,0,0.0,1307.2,27.2,0.0,0.0,302,38.845008416418494,28.687,33.625,2025-10-18 07:54:42
175,0,0.0,174.5,0,0.0,0.0,0,0,0,0.0,1307.2,27.3,0.0,0.0,302,38.845008416418494,28.5,33.187,2025-10-18 07:55:45
174.9,0,0.0,174.5,0,0.0,0.0,0,0,0,0.0,1307.2,27.4,0.0,0.0,302,38.845008416418494,28.625,33.437,2025-10-18 07:56:47
174.8,0,0.0,174.5,0,0.0,0.0,0,0,0,0.0,1307.2,27.4,0.0,0.0,302,77.69001683283699,28.937,34.125,2025-10-18 07:57:50
174.6,0,0.0,174.4,0,0.0,0.0,0,0,0,0.0,1307.2,27.4,0.0,0.0,302,155.38003366567398,29.0,34.875,2025-10-18 07:58:52
174.6,0,0.0,174.4,0,0.0,0.0,0,0,0,0.0,1307.2,27.4,0.0,0.0,302,233.07005049851097,29.125,35.062,2025-10-18 07:59:54
174.4,0,0.0,174.2,0,0.0,0.0,0,0,0,0.0,1307.2,27.5,0.0,0.0,302,310.76006733134795,29.312,34.875,2025-10-18 08:00:57
174.6,0,0.0,174.2,0,0.0,0.0,0,0,0,0.0,1307.2,27.6,0.0,0.0,302,349.6050757477664,29.437,34.937,2025-10-18 08:01:59
174.6,0,0.0,174.1,0,0.0,0.0,0,0,0,0.0,1307.2,27.7,0.0,0.0,302,388.4500841641849,29.5,34.625,2025-10-18 08:03:02
174.8,0,0.0,174.2,0,0.0,0.0,0,0,0,0.0,1307.2,27.7,0.0,0.0,302,349.6050757477664,29.437,34.687,2025-10-18 08:04:04
174.6,0,0.0,174,0,0.0,0.0,0,0,0,0.0,1307.2,27.7,0.0,0.0,302,310.76006733134795,29.625,34.937,2025-10-18 08:05:07
174.5,0,0.0,173.9,0,0.0,0.0,0,0,0,0.0,1307.2,27.8,0.0,0.0,302,310.76006733134795,29.687,35.0,2025-10-18 08:06:09
174.5,0,0.0,174,0,0.0,0.0,0,0,0,0.0,1307.2,27.9,0.0,0.0,302,349.6050757477664,29.375,34.75,2025-10-18 08:07:12
174.4,0,0.0,173.9,0,0.0,0.0,0,0,0,0.0,1307.2,28,0.0,0.0,302,466.14010099702193,29.5,35.187,2025-10-18 08:08:14
174.3,0,0.0,173.9,0,0.0,0.0,0,0,0,0.0,1307.2,28,0.0,0.0,302,466.14010099702193,29.562,34.812,2025-10-18 08:09:17
174.2,0,0.0,173.9,0,0.0,0.0,0,0,0,0.0,1307.2,28,0.0,0.0,302,504.9851094134404,29.437,34.937,2025-10-18 08:10:19
174.2,0,0.0,173.9,0,0.0,0.0,0,0,0,0.0,1307.2,28.1,0.0,0.0,302,504.9851094134404,29.75,35.125,2025-10-18 08:11:21
174.2,0,0.0,173.9,0,0.0,0.0,0,0,0,0.0,1307.2,28,0.0,0.0,302,504.9851094134404,29.812,34.937,2025-10-18 08:12:24
174.2,0,0.0,173.9,0,0.0,0.0,0,0,0,0.0,1307.2,28.1,0.0,0.0,302,504.9851094134404,29.875,35.0,2025-10-18 08:13:26
174,0,0.0,173.8,0,0.0,0.0,0,0,0,0.0,1307.2,28.2,0.0,0.0,302,504.9851094134404,30.062,35.187,2025-10-18 08:14:29
174,0,0.0,173.8,0,0.0,0.0,0,0,0,0.0,1307.2,28.2,0.0,0.0,302,504.9851094134404,30.187,34.812,2025-10-18 08:15:31
173.9,0,0.0,173.8,0,0.0,0.0,0,0,0,0.0,1307.2,28.2,0.0,0.0,302,504.9851094134404,30.187,35.062,2025-10-18 08:16:34
173.8,0,0.0,173.7,0,0.0,0.0,0,0,0,0.0,1307.2,28.2,0.0,0.0,302,504.9851094134404,30.125,34.875,2025-10-18 08:17:36
173.8,0,0.0,173.7,0,0.0,0.0,0,0,0,0.0,1307.2,28.2,0.0,0.0,302,504.9851094134404,30.312,35.187,2025-10-18 08:18:38
173.6,0,0.0,173.6,0,0.0,0.0,0,0,0,0.0,1307.2,28.3,0.0,0.0,302,543.8301178298589,30.562,35.562,2025-10-18 08:19:41
173.5,0,0.0,173.6,0,0.0,0.0,0,0,0,0.0,1307.2,28.3,0.0,0.0,302,543.8301178298589,30.437,35.687,2025-10-18 08:20:43
173.5,0,0.0,173.6,0,0.0,0.0,0,0,0,0.0,1307.2,28.4,0.0,0.0,302,543.8301178298589,30.562,35.75,2025-10-18 08:21:46
173.5,0,0.0,173.7,0,0.0,0.0,0,0,0,0.0,1307.2,28.5,0.0,0.0,302,543.8301178298589,30.437,35.437,2025-10-18 08:22:48
173.5,0,0.0,173.8,0,0.0,0.0,0,0,0,0.0,1307.2,28.6,0.0,0.0,302,543.8301178298589,30.375,35.25,2025-10-18 08:23:51
173.5,0,0.0,173.8,0,0.0,0.0,0,0,0,0.0,1307.2,28.6,0.0,0.0,302,543.8301178298589,30.5,35.375,2025-10-18 08:24:53
173.4,0,0.0,173.8,0,0.0,0.0,0,0,0,0.0,1307.2,28.6,0.0,0.0,302,543.8301178298589,30.562,35.75,2025-10-18 08:25:56
173.4,0,0.0,173.8,0,0.0,0.0,0,0,0,0.0,1307.2,28.6,0.0,0.0,302,543.8301178298589,30.687,36.125,2025-10-18 08:26:58
173.3,0,0.0,173.8,0,0.0,0.0,0,0,0,0.0,1307.2,28.6,0.0,0.0,302,543.8301178298589,30.687,36.187,2025-10-18 08:28:00
173.2,0,0.0,173.8,0,0.0,0.0,0,0,0,0.0,1307.2,28.6,0.0,0.0,302,543.8301178298589,30.812,36.375,2025-10-18 08:29:03
173,0,0.0,173.8,0,0.0,0.0,0,0,0,0.0,1307.2,28.6,0.0,0.0,302,543.8301178298589,127.937,35.812,2025-10-18 08:30:05
173.2,0,0.0,173.7,0,0.0,0.0,0,0,0,0.0,1307.2,28.6,0.0,0.0,302,582.6751262462774,30.937,35.5,2025-10-18 08:31:08
173.14999999999998,0.0,0.0,173.7,0.0,0.0,0.0,0.0,0.0,0.0,0.0,1307.2,28.6,0.0,0.0,302.0,582.6751262462774,2065.698041692988,3.545196883554432,30.8905,35.49975,2025-10-18 08:08:16
173.2,0,0.0,173.7,0,0.0,0.0,0,0,0,0.0,1307.2,28.7,0.0,0.0,302,582.6751262462774,31.125,35.562,2025-10-18 08:32:10
173.27500000000003,0.0,0.0,173.72500000000002,0.0,0.0,0.0,0.0,0.0,0.0,0.0,1307.2,28.625000000000004,0.0,0.0,302.0,582.6751262462774,1999.3682880606443,3.431360286376079,31.078,35.54675,2025-10-18 08:08:16
173.2,0,0.0,173.7,0,0.0,0.0,0,0,0,0.0,1307.2,28.7,0.0,0.0,302,582.6751262462774,31.187,35.75,2025-10-18 08:33:13
173.2,0.0,0.0,173.7,0.0,0.0,0.0,0.0,0.0,0.0,0.0,1307.2,28.7,0.0,0.0,302.0,582.6751262462774,1914.0871762476313,3.284998947146768,31.2185,35.73425,2025-10-18 08:08:16
173.2,0,0.0,173.7,0,0.0,0.0,0,0,0,0.0,1307.2,28.7,0.0,0.0,302,582.6751262462774,31.25,35.937,2025-10-18 08:34:15
173.2,0.0,0.0,173.7,0.0,0.0,0.0,0.0,0.0,0.0,0.0,1307.2,28.7,0.0,0.0,302.0,582.6751262462774,2018.3196462413139,3.463885028427037,31.24975,35.92175,2025-10-18 08:08:17
173.22499999999997,0.0,0.0,173.7,0.0,0.0,0.0,30.009999999999998,106.4,0.0,0.0,1307.2,28.7,0.0,0.0,151.0,582.6751262462774,1885.6601389766265,3.2362118340703305,31.35925,35.93725,2025-10-18 08:08:16
173.3,0,0.0,173.7,0,0.0,0.0,60.02,212.7,0,0.0,1307.2,28.7,0.0,0.0,0,582.6751262462774,31.375,35.875,2025-10-18 08:35:18
173.3,0.0,0.0,173.7,0.0,0.0,0.0,60.0,212.67499999999998,0.0,0.0,1307.2,28.8,0.0,0.0,0.0,582.6751262462774,2217.3089071383447,3.805394819962097,31.421499999999998,35.99975,2025-10-18 08:08:16
173.3,0,0.0,173.7,0,0.0,0.0,60.01,212.8,0,0.0,1307.2,28.8,0.0,0.0,0,582.6751262462774,31.375,36.0,2025-10-18 08:36:20
173.25,0.0,0.0,173.675,0.0,0.0,0.0,60.0,212.5,0.0,0.0,1307.2,28.8,0.0,0.0,0.0,582.6751262462774,2368.9197725837016,4.065592756369762,31.421499999999998,36.046499999999995,2025-10-18 08:08:17
173.2,0,0.0,173.6,0,0.0,0.0,60.01,212.5,0,0.0,1307.2,28.8,0.0,0.0,0,582.6751262462774,31.437,36.312,2025-10-18 08:37:23
173.1,0.0,0.0,173.6,0.0,0.0,0.0,60.0075,212.52499999999998,0.0,0.0,1307.2,28.8,0.0,0.0,0.0,582.6751262462774,2141.5034744156665,3.675295851758264,31.4685,36.406,2025-10-18 08:08:16
173.1,0,0.0,173.6,0,0.0,0.0,59.99,212,0,0.0,1307.2,28.8,0.0,0.0,0,582.6751262462774,31.437,36.5,2025-10-18 08:38:25
173.1,0.0,0.0,173.625,0.0,0.0,0.0,59.974999999999994,212.1,0.0,0.0,1307.2,28.8,0.0,0.0,0.0,582.6751262462774,2075.1737207833226,3.561459254579911,31.390249999999998,36.233999999999995,2025-10-18 08:08:16
173.1,0,0.0,173.6,0,0.0,0.0,59.99,212.1,0,0.0,1307.2,28.8,0.0,0.0,0,582.6751262462774,31.5,35.937,2025-10-18 08:39:28
166.9,1.475,217.6,170.375,0.4,65.45,269.1,59.980000000000004,212.625,1.225,0.0,1307.2,28.8,0.0,0.0,0.0,582.6751262462774,1933.0385344283006,3.317523689197725,31.53125,35.8905,2025-10-18 08:08:16
150.2,5.8,863.8,164,1.6,264.7,1083.6,59.96,214,5,0.0,1307.2,28.9,0.0,0.0,0,582.6751262462774,31.625,36.0,2025-10-18 08:40:30
153.35,5.775,874.15,163.45,1.55,263.95,1082.75,59.97,213.8,4.95,0.0,1307.2,29.299999999999997,0.0,0.0,0.0,582.6751262462774,2444.72520530638,4.195691724573594,31.53075,36.062,2025-10-18 08:08:16
151.3,5.9,882.3,161,1.7,277.4,1100.8,60.01,213.8,5.1,0.0,1307.2,29.7,0.0,0.0,0,621.5201346626959,31.375,36.0,2025-10-18 08:41:33
153.25,5.825000000000001,874.875,159.3,1.75,281.725,1100.725,59.995,213.82500000000002,5.05,0.0,1307.2,29.95,0.0,0.0,0.0,592.3863783503821,2548.957675300063,4.289200357970099,31.406,36.031,2025-10-18 08:08:16
156.5,5.5,855.5,160.9,1.8,288.7,1084.5,60.03,214,5.1,0.0,1307.2,30.3,0.0,0.0,0,621.5201346626959,31.437,36.187,2025-10-18 08:42:36
153.675,5.6,886.225,161.45000000000002,1.625,278.625,1101.875,60.0125,213.95,4.95,0.0,1307.2,30.450000000000003,0.0,0.0,0.0,611.8088825585912,2596.3360707517377,4.236347652137292,31.49975,36.15575,2025-10-18 08:08:16
156.4,5.7,857.4,164.2,1.6,264.0,1050.4,60.01,214.1,5,0.0,1307.2,30.8,0.0,0.0,0,621.5201346626959,31.625,36.187,2025-10-18 08:43:38
154.15,5.800000000000001,892.3,163.275,1.5750000000000002,247.5,1084.0,60.019999999999996,214.14999999999998,5.0,0.0,1307.2,30.875,0.0,0.0,0.0,621.5201346626959,2245.735944409349,3.613295562223626,31.671499999999998,36.187,2025-10-18 08:08:16
155.2,5.5,890.4,165.6,1.5,215.6,1054.3,59.97,214,4.8,0.0,1307.2,31.2,0.0,0.0,0,621.5201346626959,31.5,36.125,2025-10-18 08:44:40
153.925,5.7,882.775,163.25,1.475,248.27499999999998,1075.65,59.987500000000004,214.0,4.975,0.0,1307.2,31.275,0.0,0.0,0.0,621.5201346626959,2056.2223626026534,3.3083761054958933,31.5155,36.18725,2025-10-18 08:08:16
156.3,5.8,845.5,165.2,1.3,248.8,1042.5,60.03,213.7,4.9,0.1,1307.3,31.6,0.0,0.0,0,621.5201346626959,31.687,36.062,2025-10-18 08:45:43
154.15,5.725,897.275,164.025,1.5,251.025,1091.1999999999998,60.0125,213.675,4.925000000000001,0.07500000000000001,1307.275,31.625,0.0,0.0,0.0,621.5201346626959,2539.481996209728,4.085920720151611,31.68725,36.140249999999995,2025-10-18 08:08:16
154.3,5.9,903.0,166,1.5,215.9,1064.3,60.02,213.9,5.1,0.1,1307.3,31.9,0.0,0.0,0,621.5201346626959,31.75,36.375,2025-10-18 08:46:45
154.175,5.8,904.075,163.35000000000002,1.4749999999999999,257.05,1101.725,60.0,213.925,4.95,0.1,1307.3,31.925,0.05,0.0,0.0,621.5201346626959,2586.860391661402,4.162150584333543,31.781,36.29675,2025-10-18 08:08:16
152.7,6,909.1,158,1.7,267.2,1116.9,59.99,214,5.1,0.1,1307.3,32.2,0.1,0.0,0,621.5201346626959,31.75,36.125,2025-10-18 08:47:48
154.25,5.95,908.375,161.8,1.675,260.65,1120.5749999999998,59.995000000000005,214.14999999999998,5.1,0.1,1307.3,32.275000000000006,0.1,0.0,0.0,621.5201346626959,2596.336070751737,4.17739655716993,31.6875,36.140249999999995,2025-10-18 08:08:16
154.2,6,909.2,158.1,1.8,285.0,1132.4,59.98,214.2,5.3,0.1,1307.3,32.6,0.1,0.0,0,621.5201346626959,31.687,35.812,2025-10-18 08:48:51
154.325,6.0,908.2750000000001,160.20000000000002,1.75,280.54999999999995,1127.0,59.9875,214.175,5.225,0.1,1307.3,32.65,0.1,0.0,0.0,621.5201346626959,2454.200884396715,3.9487069646241304,31.7185,35.90625,2025-10-18 08:08:17
154.2,5.9,917.4,161.1,1.8,287.0,1142.4,60.03,214.1,5.1,0.1,1307.3,33,0.1,0.0,0,621.5201346626959,32.0,36.0,2025-10-18 08:49:53
154.45,6.0,907.575,160.25,1.7750000000000001,282.04999999999995,1133.225,60.025,214.075,5.275,0.1,1307.3,33.0,0.1,0.0,0.0,621.5201346626959,2416.298168035376,3.887723073278584,31.99975,35.9995,2025-10-18 08:08:17
156.5,5.9,900.1,161,1.8,286.7,1128.6,60.04,214,5.2,0.1,1307.3,33.3,0.1,0.0,0,621.5201346626959,32.125,36.312,2025-10-18 08:50:55
154.89999999999998,6.0,897.3,160.75,1.7,282.04999999999995,1125.8500000000001,60.027499999999996,214.07500000000002,5.25,0.125,1307.3249999999998,33.25,0.1,0.0,0.0,621.5201346626959,2530.0063171193933,4.070674747315223,32.12475,36.265249999999995,2025-10-18 08:08:16
154.9,6.1,901.1,158,1.7,282.3,1144.6,60.03,214.2,5.4,0.2,1307.4,33.5,0.1,0.0,0,621.5201346626959,32.187,36.312,2025-10-18 08:51:58
154.875,5.975,899.3,161.25,1.65,284.1,1123.15,60.0175,214.075,5.25,0.2,1307.4,33.525,0.1,0.0,0.0,621.5201346626959,2492.103600758054,4.009690855969677,32.187,36.358999999999995,2025-10-18 08:08:16
152.3,6.1,928.4,161,1.7,284.3,1152.8,60.02,214.1,5.3,0.2,1307.4,33.8,0.1,0.0,0,621.5201346626959,32.312,36.562,2025-10-18 08:53:00
153.6,5.95,907.125,160.9,1.725,284.625,1129.2,60.01499999999999,214.0,5.225,0.2,1307.4,33.75,0.1,0.0,0.0,621.5201346626959,2463.67656348705,3.9639529374605176,32.296499999999995,36.625,2025-10-18 08:08:17
152.9,6.1,920.8,162,1.5,282.1,1141.4,59.99,213.9,5.2,0.2,1307.4,34.1,0.2,0.0,0,660.3651430791144,32.375,36.75,2025-10-18 08:54:03
153.4,5.874999999999999,924.975,161.075,1.7,282.17499999999995,1142.4,59.9775,213.925,5.199999999999999,0.2,1307.4,34.075,0.175,0.0,0.0,631.2313867668006,2463.67656348705,3.918215018951358,32.375,36.6875,2025-10-18 08:08:16
154.2,6.1,936.3,163.5,1.7,275.4,1150.6,60,214,5.3,0.2,1307.4,34.4,0.2,0.0,0,660.3651430791144,32.437,36.062,2025-10-18 08:55:06
154.02499999999998,6.0,935.1999999999999,160.95,1.7,280.15,1151.4250000000002,59.9875,213.775,5.225,0.2,1307.4,34.4,0.2,0.0,0.0,640.9426388709052,2188.8818698673404,3.420478846939912,32.375,36.2185,2025-10-18 08:08:16
156.5,5.7,917.6,161,1.7,280.3,1132.8,59.98,213.9,5.1,0.2,1307.4,34.8,0.2,0.0,0,660.3651430791144,32.5,36.25,2025-10-18 08:56:08
154.225,6.125,938.9750000000001,161.1,1.7,272.925,1151.625,59.987500000000004,213.875,5.25,0.2,1307.4,34.65,0.2,0.0,0.0,660.3651430791144,2492.103600758054,3.773826687971461,32.452749999999995,36.140249999999995,2025-10-18 08:08:16
155,6.2,911.0,164,1.5,268.6,1120.8,60.01,213.5,5.4,0.3,1307.5,35.1,0.2,0.0,0,660.3651430791144,32.437,36.5,2025-10-18 08:57:10
154.2,6.175,939.1750000000001,160.875,1.7,270.05,1150.25,60.002500000000005,213.6,5.324999999999999,0.3,1307.5,35.0,0.2,0.0,0.0,660.3651430791144,2501.579279848389,3.7881758388762954,32.48425,36.452749999999995,2025-10-18 08:08:16
154.1,6.2,944.4,164,1.6,267.3,1153.6,59.97,213.1,5.3,0.3,1307.5,35.3,0.2,0.0,0,660.3651430791144,32.5,36.437,2025-10-18 08:58:13
154.375,6.2,940.7,160.22500000000002,1.675,272.55,1153.275,59.995,213.2,5.375,0.3,1307.5,35.225,0.2,0.0,0.0,660.3651430791144,1857.2331017056222,2.812433577347553,32.48425,36.358999999999995,2025-10-18 08:08:16
151.1,6.1,936.3,161,1.6,276.8,1152.2,59.96,213.3,5.3,0.3,1307.5,35.5,0.2,0.0,0,660.3651430791144,32.375,36.437,2025-10-18 08:59:15
154.3,6.2,922.6500000000001,161.1,1.65,269.32500000000005,1144.775,59.995,213.35000000000002,5.325,0.3,1307.5,35.45,0.2,0.0,0.0,660.3651430791144,2766.8982943777637,4.18995206421166,32.3905,36.3905,2025-10-18 08:08:17
154.475,6.175,917.5500000000001,160.25,1.6,274.32500000000005,1132.375,59.99,213.325,5.3500000000000005,0.3,1307.5,35.7,0.22500000000000003,0.0,0.0,660.3651430791144,2302.590018951358,3.4868436698747716,32.49975,36.890249999999995,2025-10-18 09:09:16
154.3,6.2,946.5,163.6,1.7,251.8,1138.7,59.99,213.2,5.4,0.3,1307.5,35.8,0.3,0.0,0,660.3651430791144,32.562,37.187,2025-10-18 09:00:18
154.04999999999998,6.1000000000000005,925.5500000000001,160.15,1.625,274.82500000000005,1134.375,59.995,213.325,5.324999999999999,0.3,1307.5,36.0,0.3,0.0,0.0,660.3651430791144,2340.4927353126973,3.54424027349411,32.562,37.12475,2025-10-18 09:09:17
154.6,5.8,951.9,161.3,1.5,275.2,1164.2,59.97,213,5.1,0.3,1307.5,36.1,0.3,0.0,0,660.3651430791144,32.562,36.937,2025-10-18 09:01:21
154.02499999999998,6.05,938.4499999999999,161.05,1.7,273.875,1153.6750000000002,60.0125,213.05,5.325000000000001,0.375,1307.5749999999998,36.2,0.3,0.0,0.0,660.3651430791144,2596.3360707517368,3.93166734792464,32.60925,36.578,2025-10-18 09:09:16
156.6,6.2,907.7,161.3,1.5,274.0,1126.2,60.02,212.9,5.3,0.4,1307.6,36.3,0.3,0.1,0,660.3651430791144,32.625,36.312,2025-10-18 09:02:23
154.2,6.075,953.225,161.175,1.7,272.2,1163.85,60.015,213.175,5.275,0.4,1307.6,36.4,0.3,0.1,0.0,660.3651430791144,2340.4927353126973,3.5442402734941094,32.608999999999995,36.203,2025-10-18 09:09:16
154.4,6.3,954.8,163.8,1.6,264.6,1163.7,60.01,213.3,5.5,0.4,1307.6,36.5,0.3,0.1,0,660.3651430791144,32.562,36.062,2025-10-18 09:03:25
154.2,6.15,962.175,160.875,1.625,270.675,1170.625,59.9775,213.35,5.325,0.4,1307.6,36.525,0.3,0.1,0.0,660.3651430791144,2539.4819962097285,3.8455724424956332,32.546499999999995,36.281,2025-10-18 09:09:16
151,6.3,950.7,161,1.7,270.6,1161.0,59.95,213.3,5.4,0.4,1307.6,36.6,0.3,0.1,0,660.3651430791144,32.562,36.375,2025-10-18 09:04:28
154.225,6.3,961.0250000000001,162.0,1.6,263.175,1165.0,59.975,213.42499999999998,5.375,0.4,1307.6,36.650000000000006,0.3,0.1,0.0,660.3651430791144,2179.4061907770056,3.3003047081119234,32.608999999999995,36.4685,2025-10-18 09:09:16
154.4,6.3,958.2,157.7,1.6,264.9,1161.3,59.98,213.4,5.4,0.4,1307.6,36.7,0.3,0.1,0,660.3651430791144,32.687,36.75,2025-10-18 09:05:30
154.325,6.3,958.6750000000001,159.85000000000002,1.6,260.79999999999995,1160.975,60.004999999999995,213.45,5.45,0.4,1307.6,36.824999999999996,0.3,0.1,0.0,660.3651430791144,2425.7738471257107,3.6733826316376197,32.73425,36.65625,2025-10-18 09:09:16
154.3,6.3,969.1,161.2,1.6,254.2,1167.0,60.06,213.5,5.4,0.4,1307.6,36.9,0.4,0.1,0,660.3651430791144,32.812,36.5,2025-10-18 09:06:33
154.5,6.325,956.925,160.975,1.6,258.375,1155.05,60.0225,213.325,5.449999999999999,0.475,1307.675,37.0,0.4,0.1,0.0,670.0763951832191,2207.83322804801,3.3066821085140727,32.828,36.531,2025-10-18 09:09:16
156.6,6.2,925.0,160,1.6,264.5,1133.4,60.03,213,5.4,0.5,1307.7,37.2,0.4,0.1,0,660.3651430791144,32.875,36.687,2025-10-18 09:07:36
154.95000000000002,6.3500000000000005,944.5500000000001,161.2,1.5499999999999998,260.07500000000005,1153.3999999999999,60.02250000000001,213.075,5.45,0.5,1307.7,37.275,0.4,0.1,0.0,699.2101514955328,2141.5034744156665,3.062746543131887,32.9375,36.671499999999995,2025-10-18 09:09:16
154.2,6.4,972.6,159,1.6,258.5,1170.2,60,213.1,5.5,0.5,1307.7,37.4,0.4,0.1,0,699.2101514955328,32.937,36.0,2025-10-18 09:08:38
154.05,6.3500000000000005,952.825,161.27500000000003,1.5499999999999998,261.6,1154.4750000000001,60.0075,213.15,5.4,0.5,1307.7,37.425,0.4,0.1,0.0,699.2101514955328,1904.6114971572963,2.72394714676774,32.98425,36.06225,2025-10-18 09:09:16
153.4,6.5,982.0,161.1,1.6,261.6,1182.7,59.98,213.2,5.5,0.5,1307.7,37.6,0.4,0.1,0,699.2101514955328,33.062,36.125,2025-10-18 09:09:40
153.55,6.225,964.9499999999999,160.975,1.5499999999999998,261.75,1163.9499999999998,60.0225,213.22500000000002,5.375000000000001,0.5,1307.7,37.599999999999994,0.4,0.1,0.0,699.2101514955328,2501.579279848389,3.57772162560539,33.077749999999995,36.24975,2025-10-18 09:09:16
151.8,6.4,970.2,161.3,1.5,259.2,1169.8,60.01,213.2,5.4,0.5,1307.7,37.8,0.4,0.1,0,699.2101514955328,33.187,36.187,2025-10-18 09:10:43
153.3,6.275,978.4750000000001,161.025,1.6,258.15,1172.1,60.015,213.15,5.375000000000001,0.5,1307.7,37.8,0.4,0.1,0.0,699.2101514955328,2662.6658243840807,3.8081052151330104,33.187,36.203,2025-10-18 09:09:16
154.2,6.5,986.6,161.1,1.5,246.4,1176.0,60.02,212.7,5.5,0.5,1307.7,38,0.4,0.1,0,699.2101514955328,33.125,35.375,2025-10-18 09:11:45
154.15,6.325,985.5,161.1,1.525,253.05,1177.1750000000002,60.005,212.72499999999997,5.3500000000000005,0.55,1307.75,38.05,0.4,0.1,0.0,699.2101514955328,2681.6171825647507,3.8352091668421417,33.140249999999995,35.483999999999995,2025-10-18 09:09:16
156.2,6,976.3,161,1.5,250.8,1167.6,60.04,213.2,5.2,0.6,1307.8,38.2,0.5,0.1,0,699.2101514955328,33.125,35.125,2025-10-18 09:12:48
154.2,6.45,986.6,161.0,1.5,247.92499999999998,1173.85,60.012499999999996,213.05,5.375,0.6,1307.8,38.25,0.475,0.1,0.0,699.2101514955328,1999.3682880606443,2.8594669053133996,33.10925,35.06225,2025-10-18 09:09:16
155.4,6.5,950.7,158,1.5,245.9,1167.7,59.99,213,5.5,0.6,1307.8,38.3,0.5,0.1,0,699.2101514955328,32.875,34.875,2025-10-18 09:13:51
154.225,6.5,987.7500000000001,161.625,1.5,243.10000000000002,1169.775,60.002500000000005,212.9,5.5,0.6,1307.8,38.3,0.5,0.1,0.0,699.2101514955328,2416.2981680353755,3.455753842914297,32.92175,34.93725,2025-10-18 09:09:17
154.2,6.5,988.2,161,1.5,245.6,1172.9,60.01,212.8,5.4,0.6,1307.8,38.6,0.5,0.1,0,699.2101514955328,32.875,35.125,2025-10-18 09:14:53
154.39999999999998,6.5,984.95,161.55,1.5,237.60000000000002,1162.9250000000002,60.025,212.625,5.5,0.6,1307.8,38.625,0.5,0.1,0.0,699.2101514955328,2274.162981680354,3.252474205095809,32.85925,35.0935,2025-10-18 09:09:16
151.9,6.5,978.2,161.7,1.4,244.8,1163.1,60.01,212.9,5.4,0.6,1307.8,38.8,0.5,0.1,0,699.2101514955328,32.937,35.187,2025-10-18 09:15:55
154.425,6.5,968.1750000000001,160.675,1.4500000000000002,239.72500000000002,1158.75,60.02,213.05,5.5,0.6,1307.8,38.8,0.5,0.1,0.0,699.2101514955328,2378.3954516740364,3.401545939496034,32.87475,35.233999999999995,2025-10-18 09:09:16
154.2,6.5,993.1,163.7,1.5,233.2,1167.7,59.99,213.1,5.5,0.6,1307.8,38.9,0.5,0.1,0,699.2101514955328,33.125,35.687,2025-10-18 09:16:58
154.52499999999998,6.45,965.25,160.275,1.4500000000000002,246.04999999999998,1151.6499999999999,59.997499999999995,213.175,5.425000000000001,0.6499999999999999,1307.85,38.9,0.5,0.1,0.0,699.2101514955328,2283.6386607706886,3.2660261809503752,33.1245,35.56225,2025-10-18 09:09:16
154.5,6.2,998.7,161,1.5,247.4,1184.6,59.98,212.9,5.3,0.7,1307.9,39,0.5,0.1,0,699.2101514955328,33.187,35.375,2025-10-18 09:18:00
154.125,6.425000000000001,972.875,161.1,1.4500000000000002,247.125,1152.275,59.985,212.89999999999998,5.449999999999999,0.7,1307.9,38.975,0.5,0.1,0.0,699.2101514955328,2539.4819962097285,3.6319295290236537,33.202749999999995,35.43725,2025-10-18 09:09:16
156.7,6.5,964.4,163.8,1.5,240.1,1149.4,60.02,212.8,5.5,0.7,1307.9,39.1,0.6,0.1,0,699.2101514955328,33.187,35.375,2025-10-18 09:19:03
154.05,6.25,974.0,160.1,1.475,241.175,1153.95,60.0075,212.75,5.425000000000001,0.7,1307.9,39.099999999999994,0.5750000000000001,0.1,0.0,699.2101514955328,2046.7466835123182,2.9272267845862285,33.202749999999995,35.37475,2025-10-18 09:09:16
154.2,6.6,1015.7,160.9,1.5,245.3,1199.4,59.98,212.8,5.5,0.7,1307.9,39,0.6,0.1,0,738.0551599119514,33.187,34.937,2025-10-18 09:20:06
153.525,6.300000000000001,973.6750000000001,161.025,1.45,239.25,1153.8,60.0,212.7,5.25,0.7,1307.9,39.1,0.6,0.1,0.0,708.9214035996374,2331.017056222363,3.3394921553198644,33.1405,35.04675,2025-10-18 09:09:17
151.2,6.6,1007.9,161.4,1.5,239.0,1186.3,59.97,212.7,5.5,0.7,1307.9,39.2,0.6,0.1,0,699.2101514955328,33.25,35.0,2025-10-18 09:21:08
154.05,6.475,1002.975,160.925,1.475,238.825,1180.5500000000002,59.980000000000004,212.65,5.4,0.7,1307.9,39.175,0.6,0.1,0.0,728.3439078078468,1951.9898926089702,2.6968431950586087,33.202749999999995,34.9685,2025-10-18 09:09:16
155.6,6.7,1024.1,159.1,1.4,232.5,1194.4,60.01,212.7,5.6,0.7,1307.9,39.3,0.6,0.1,0,738.0551599119514,33.25,35.312,2025-10-18 09:22:11
154.5,5.924999999999999,912.65,160.57500000000002,1.325,215.85000000000002,1069.45,59.995,212.625,4.949999999999999,0.7249999999999999,1307.9250000000002,39.375,0.6,0.1,0.0,660.3651430791144,2691.0928616550855,4.126879334482515,33.23425,35.2655,2025-10-18 09:09:16
155.2,6.8,1039.9,158.8,1.5,241.0,1217.0,60.02,213,5.6,0.8,1308.0,39.4,0.6,0.1,0,738.0551599119514,33.25,34.5,2025-10-18 09:23:13
152.89999999999998,6.55,992.0500000000001,159.975,1.4249999999999998,232.25,1163.375,60.0225,212.75,5.475,0.8,1308.0,39.4,0.6,0.1,0.0,718.6326557037421,2473.1522425773846,3.418874007693977,33.202749999999995,34.81225,2025-10-18 09:09:16
153.1,6.7,1029.0,161,1.5,240.0,1204.7,59.98,213,5.6,0.8,1308.0,39.3,0.6,0.1,0,738.0551599119514,33.25,34.062,2025-10-18 09:24:15
156.175,6.7,1021.55,161.2,1.475,241.45,1208.25,59.985,213.025,5.625,0.8,1308.0,39.25,0.6,0.1,0.0,738.0551599119514,2681.6171825647502,3.6333560527978186,33.17175,34.12475,2025-10-18 09:09:17
155.675,6.65,1001.325,160.05,1.4500000000000002,236.3,1177.725,60.0,213.1,5.574999999999999,0.8,1308.0,39.449999999999996,0.6499999999999999,0.1,0.0,738.0551599119514,1800.3790271636133,2.439355653821857,33.327749999999995,34.40575,2025-10-18 09:09:17
155.7,6.6,1022.5,158.2,1.4,231.5,1192.9,59.98,213.1,5.6,0.8,1308.0,39.6,0.7,0.1,0,738.0551599119514,33.312,34.687,2025-10-18 09:25:18
154.8,6.625,1002.3,161.6,1.4,233.35,1175.55,59.982499999999995,213.075,5.525,0.8,1308.0,39.625,0.7,0.1,0.0,738.0551599119514,2359.444093493367,3.196839777903381,33.390249999999995,35.281,2025-10-18 09:09:16
152.8,6.7,1008.7,161.3,1.4,232.2,1177.4,59.97,212.9,5.5,0.8,1308.0,39.7,0.7,0.1,0,738.0551599119514,33.437,35.625,2025-10-18 09:26:21
153.4,6.5249999999999995,1003.2,161.14999999999998,1.4,232.1,1161.625,59.975,213.025,5.449999999999999,0.8,1308.0,39.75,0.7,0.2,0.0,738.0551599119514,2236.2602653190147,3.029936496326096,33.5155,35.85925,2025-10-18 09:09:16
153.6,6.7,1012.0,161.1,1.4,232.1,1182.0,59.96,213.1,5.5,0.9,1308.1,39.8,0.7,0.2,0,738.0551599119514,33.5,35.812,2025-10-18 09:27:23
153.0,6.6,1015.8000000000001,160.425,1.3499999999999999,232.45,1181.55,60.040000000000006,212.95,5.449999999999999,0.9,1308.1,39.85,0.7,0.2,0.0,738.0551599119514,2814.2766898294376,3.813098048342587,33.60925,35.781,2025-10-18 09:09:16
152.7,6.7,1020.0,161,1.4,233.6,1191.7,60.04,212.7,5.5,0.9,1308.1,39.9,0.7,0.2,0,738.0551599119514,33.687,35.875,2025-10-18 09:28:25
152.525,6.675,1020.5250000000001,161.05,1.3499999999999999,233.175,1191.475,60.032500000000006,212.5,5.5,0.9,1308.1,40.0,0.7,0.2,0.0,738.0551599119514,2207.83322804801,2.9914203544236457,33.46875,35.828,2025-10-18 09:09:16
150.2,6.8,1015.1,163.2,1.4,231.4,1164.2,59.98,212.6,5.6,0.9,1308.1,40.1,0.7,0.2,0,738.0551599119514,33.375,35.937,2025-10-18 09:29:28
152.64999999999998,6.775,1023.3,161.025,1.4,233.575,1194.3000000000002,59.985,212.77499999999998,5.449999999999999,0.9,1308.1,40.125,0.7,0.2,0.0,738.0551599119514,2368.9197725837016,3.2096784918708647,33.515249999999995,36.23425,2025-10-18 09:09:16
152.1,6.8,1024.5,161,1.4,233.2,1195.6,60.01,212.8,5.6,0.9,1308.1,40.2,0.7,0.2,0,738.0551599119514,33.75,36.562,2025-10-18 09:30:30
152.725,6.8,1025.425,160.975,1.4,233.79999999999998,1196.5,59.985,212.825,5.6,0.9,1308.1,40.2,0.7749999999999999,0.2,0.0,738.0551599119514,2387.871130764371,3.2353559198058313,33.781,36.421499999999995,2025-10-18 09:09:16
152.7,6.6,1027.2,160.9,1.4,233.1,1197.7,60.03,213,5.5,0.9,1308.1,40.1,0.8,0.2,0,738.0551599119514,33.75,36.062,2025-10-18 09:31:33
152.75,6.8,1024.25,161.1,1.4,231.9,1196.575,60.0175,212.95,5.6,0.9,1308.1,40.1,0.8,0.2,0.0,738.0551599119514,2302.590018951358,3.11980749409848,33.74975,36.031,2025-10-18 09:09:16
155.4,6.8,1009.1,158.3,1.4,229.4,1179.0,59.99,212.9,5.6,1.0,1308.2,40.1,0.8,0.2,0,738.0551599119514,33.687,36.187,2025-10-18 09:32:36
153.59999999999997,6.8,1016.825,160.7,1.4,228.60000000000002,1192.4499999999998,59.997499999999995,213.02499999999998,5.6,1.0,1308.2,40.125,0.8,0.2,0.0,738.0551599119514,2132.0277953253317,2.888710642683778,33.733999999999995,36.23425,2025-10-18 09:09:16
152.8,6.8,1030.7,161,1.4,233.7,1205.3,60.02,213.2,5.6,1.0,1308.2,40.3,0.8,0.2,0,738.0551599119514,33.812,36.187,2025-10-18 09:33:38
152.825,6.8500000000000005,1015.1,160.75,1.4,224.275,1180.125,60.0075,213.15,5.6,1.0,1308.2,40.449999999999996,0.8,0.2,0.0,747.7664120160559,2312.065698041693,3.085142966386275,33.827749999999995,36.2655,2025-10-18 09:09:16
150.2,6.9,1036.0,163.3,1.3,232.3,1203.5,60,213,5.5,1.0,1308.2,40.6,0.8,0.2,0,776.9001683283698,33.875,36.437,2025-10-18 09:34:40
152.55,6.800000000000001,1023.925,161.025,1.4,224.55,1184.375,60.002500000000005,212.975,5.6499999999999995,1.0,1308.2,40.7,0.8,0.2,0.0,767.1889162242651,2397.346809854706,3.1133881371147387,33.92175,36.515249999999995,2025-10-18 09:09:16
152.1,6.9,1028.7,161.9,1.4,217.4,1184.0,60,213,5.7,1.0,1308.2,40.9,0.8,0.2,0,776.9001683283698,34.062,36.625,2025-10-18 09:35:43
151.975,6.7,1039.25,160.875,1.35,230.37500000000003,1199.775,60.005,213.1,5.5,1.0,1308.2,40.9,0.8,0.2,0.0,776.9001683283698,1923.562855337966,2.475945988629185,34.046499999999995,36.62475,2025-10-18 09:09:16
152.6,6.9,1044.2,161,1.4,234.0,1212.7,60,213,5.6,1.0,1308.2,40.9,0.9,0.2,0,776.9001683283698,34.062,36.812,2025-10-18 09:36:45
152.025,6.75,1042.4499999999998,161.3,1.35,233.075,1208.7,59.995000000000005,212.975,5.475,1.0,1308.2,40.925000000000004,0.875,0.2,0.0,776.9001683283698,1904.6114971572963,2.4515524320909665,34.03075,36.765249999999995,2025-10-18 09:09:17
153.8,6.5,1040.4,158.8,1.4,233.5,1178.4,60.04,213.3,5.5,1.1,1308.3,40.9,0.9,0.2,0,776.9001683283698,34.062,36.812,2025-10-18 09:37:48
152.725,6.875,1043.775,161.025,1.35,233.47500000000002,1212.8,60.0225,213.25,5.525,1.1,1308.3,40.9,0.9,0.2,0.0,776.9001683283698,2387.8711307643716,3.0735881238155405,34.078,36.74975,2025-10-18 09:09:16
153,6.9,1028.1,161,1.4,227.4,1204.1,60.04,213,5.7,1.1,1308.3,40.9,0.9,0.2,0,776.9001683283698,34.187,36.5,2025-10-18 09:38:51
152.7,6.9,1043.9,160.125,1.4,229.75,1208.875,60.0175,213.02499999999998,5.574999999999999,1.1,1308.3,40.9,0.9,0.2,0.0,776.9001683283698,2132.0277953253317,2.74427511054959,34.156,36.6245,2025-10-18 09:09:16
152.7,6.9,1046.3,158.1,1.4,230.7,1211.8,60.03,212.9,5.5,1.1,1308.3,40.9,0.9,0.2,0,776.9001683283698,34.062,36.25,2025-10-18 09:39:53
152.875,6.9,1038.95,160.075,1.3499999999999999,231.775,1212.0,60.01,212.825,5.6499999999999995,1.1,1308.3,40.95,0.9,0.2,0.0,776.9001683283698,2492.103600758054,3.207752684775742,34.10925,36.37475,2025-10-18 09:09:16
149.8,6.9,1030.1,161,1.4,230.8,1198.5,59.99,212.7,5.6,1.1,1308.3,41,0.9,0.2,0,776.9001683283698,34.062,36.562,2025-10-18 09:40:55
153.125,6.9,1028.475,161.025,1.375,225.325,1201.225,60.0,212.8,5.675,1.1,1308.3,40.975,0.9,0.2,0.0,776.9001683283698,2094.125078963992,2.695487997473152,34.062,36.578,2025-10-18 09:09:16
152.7,6.9,1045.2,162.1,1.4,205.6,1190.5,60.02,212.9,5.6,1.1,1308.3,41,0.9,0.2,0,776.9001683283698,34.187,37.25,2025-10-18 09:41:58
152.7,6.875,1016.7,161.1,1.4,227.97499999999997,1187.175,60.005,212.9,5.6499999999999995,1.1,1308.3,41.0,0.9,0.2,0.0,776.9001683283698,1838.2817435249526,2.366174984207201,34.171499999999995,37.187,2025-10-18 09:09:16
153.7,6.5,1036.0,161,1.4,230.2,1203.7,60.01,212.9,5.4,1.2,1308.4,41.1,1.0,0.2,0,776.9001683283698,34.312,37.562,2025-10-18 09:43:00
152.55,6.799999999999999,1016.3,160.525,1.3499999999999999,229.25,1182.525,60.01,212.875,5.625,1.2,1308.4,41.05,1.0,0.2,0.0,776.9001683283698,2700.5685407454203,3.4760818066961465,34.312,37.46825,2025-10-18 09:09:17
154.7,6.9,1000.6,161,1.4,229.0,1174.6,59.97,212.8,5.7,1.2,1308.4,40.9,1.0,0.2,0,776.9001683283698,34.187,36.5,2025-10-18 09:44:03
152.54999999999998,6.75,1036.825,158.9,1.4,229.10000000000002,1192.175,59.997499999999995,212.85,5.574999999999999,1.2,1308.4,40.974999999999994,1.0,0.2,0.0,776.9001683283698,2539.481996209728,3.268736576121289,34.265249999999995,36.671499999999995,2025-10-18 09:09:16
152.9,7,1053.6,161,1.4,229.3,1217.6,59.99,212.9,5.6,1.2,1308.4,40.8,1.0,0.2,0,776.9001683283698,34.25,36.312,2025-10-18 09:45:06
152.75,6.775,1050.1,157.65,1.4,230.45,1215.65,59.99,213.05,5.5,1.2,1308.4,40.775,1.0,0.2,0.0,776.9001683283698,2435.2495262160455,3.134572015161087,34.24975,36.35925,2025-10-18 09:09:16
149.9,7.1,1048.4,161.1,1.4,230.4,1214.9,60,213.3,5.7,1.2,1308.4,40.9,1.0,0.2,0,776.9001683283698,34.437,36.625,2025-10-18 09:46:08
152.5,6.825,1057.0,158.05,1.4,231.29999999999998,1222.9499999999998,59.995,213.25,5.574999999999999,1.2,1308.4,40.925,1.0,0.2,0.0,776.9001683283698,2406.822488945041,3.097981680353759,34.37475,36.53075,2025-10-18 09:09:16
152.8,7,1062.7,158.4,1.5,234.1,1231.6,59.99,213.5,5.7,1.2,1308.4,41,1.0,0.2,0,776.9001683283698,34.437,36.312,2025-10-18 09:47:10
152.775,7.0,1063.975,157.625,1.475,234.07500000000002,1232.625,59.997499999999995,213.5,5.675,1.2249999999999999,1308.4250000000002,40.95,1.0,0.2,0.0,776.9001683283698,2245.735944409349,2.890636449778901,34.406,36.2655,2025-10-18 09:09:16
152.7,6.8,1072.1,158.2,1.5,236.9,1242.1,59.97,213.6,5.6,1.3,1308.5,41.1,1.1,0.2,0,776.9001683283698,34.312,36.25,2025-10-18 09:48:13
152.8,7.1,1065.775,158.14999999999998,1.5,236.07500000000002,1238.75,59.974999999999994,213.6,5.775,1.3,1308.5,41.05,1.025,0.2,0.0,786.6114204324745,2264.6873025900186,2.8836668621965527,34.31225,36.31225,2025-10-18 09:09:16
154.9,6.9,1054.5,155.1,1.5,234.5,1202.8,59.99,213.4,5.8,1.3,1308.5,41.2,1.1,0.2,0,815.7451767447883,34.312,36.25,2025-10-18 09:49:15
153.45,7.1,1061.6,158.05,1.5,237.05,1233.975,59.9925,213.6,5.8,1.3,1308.5,41.150000000000006,1.1,0.2,0.0,815.7451767447883,2359.4440934933673,2.8923788466744877,34.296499999999995,36.203,2025-10-18 09:09:17
153.5,7.1,1052.775,157.64999999999998,1.5,236.77499999999998,1226.9,59.982499999999995,213.075,5.825,1.3,1308.5,41.275,1.1,0.2,0.0,815.7451767447883,2776.3739734680985,3.4034819360466866,34.3435,36.2185,2025-10-18 09:09:16
153.8,7.1,1075.6,158,1.5,238.9,1248.5,59.99,212.9,5.8,1.3,1308.5,41.3,1.1,0.2,0,815.7451767447883,34.312,36.25,2025-10-18 09:50:18
152.625,7.05,1053.975,157.8,1.5,235.5,1224.775,60.015,213.00000000000003,5.8,1.3,1308.5,41.4,1.1,0.2,0.0,815.7451767447883,2927.9848389134554,3.589337604909304,34.2495,36.531,2025-10-18 09:09:16
151.4,7.2,1079.5,159.3,1.4,241.0,1254.6,60.04,213.1,5.8,1.3,1308.5,41.4,1.1,0.2,0,815.7451767447883,34.187,36.687,2025-10-18 09:51:21
152.425,6.9,1062.5500000000002,158.025,1.5,237.475,1231.975,60.010000000000005,213.07500000000002,5.75,1.3250000000000002,1308.525,41.325,1.1,0.2,0.0,815.7451767447883,2321.5413771320277,2.8459149294588335,34.046499999999995,36.73425,2025-10-18 09:09:16
151,7.1,1073.6,159.8,1.5,241.3,1254.1,60.03,213.1,5.8,1.4,1308.6,41.2,1.1,0.2,0,815.7451767447883,33.875,36.687,2025-10-18 09:52:23
151.85,6.9,1078.075,157.95,1.45,239.89999999999998,1245.1000000000001,60.0075,212.95,5.7,1.4,1308.6,41.175,1.1,0.3,0.0,815.7451767447883,2719.5198989260894,3.333786060223205,33.827749999999995,36.8905,2025-10-18 09:09:16
152.7,7.1,1078.4,158.1,1.5,243.3,1255.4,60.03,212.8,5.8,1.4,1308.6,41.2,1.1,0.3,0,815.7451767447883,33.937,37.125,2025-10-18 09:53:25
152.25,7.025,1068.925,158.54999999999998,1.45,242.20000000000002,1246.6,60.025000000000006,212.70000000000002,5.75,1.4,1308.6,41.3,1.175,0.3,0.0,815.7451767447883,2861.655085281112,3.508025749781909,33.98425,37.452749999999995,2025-10-18 09:09:16
152.8,7.1,1069.7,155.1,1.5,239.9,1244.3,60.01,212.8,5.9,1.4,1308.6,41.5,1.2,0.3,0,815.7451767447883,34.125,37.687,2025-10-18 09:54:28
152.25,7.125,1066.625,158.125,1.475,242.55,1244.075,60.019999999999996,212.85000000000002,5.775,1.4,1308.6,41.574999999999996,1.2,0.3,0.0,815.7451767447883,2103.6007580543273,2.5787474054688206,34.140249999999995,37.608999999999995,2025-10-18 09:09:16
152.6,7.1,1076.6,158.1,1.5,242.7,1252.8,59.99,212.9,5.9,1.4,1308.6,41.7,1.2,0.3,0,815.7451767447883,34.0,37.437,2025-10-18 09:55:30
152.0,7.1499999999999995,1073.9,158.14999999999998,1.5,243.64999999999998,1251.3249999999998,60.005,213.05,5.825,1.4,1308.6,41.725,1.2,0.3,0.0,815.7451767447883,2331.0170562223625,2.857530908762747,33.98425,37.390249999999995,2025-10-18 09:09:16
152.8,7.2,1073.1,158.1,1.4,244.3,1252.2,60.02,213.2,5.8,1.4,1308.6,41.8,1.2,0.3,0,815.7451767447883,34.062,37.187,2025-10-18 09:56:33
153.075,7.124999999999999,1064.1,158.1,1.5,243.625,1249.3249999999998,60.0275,213.2,5.875,1.45,1308.6499999999999,41.875,1.2,0.3,0.0,815.7451767447883,2179.4061907770056,2.671675239900129,34.078,36.99975,2025-10-18 09:09:16
151.2,7.2,1077.5,159.5,1.5,234.3,1245.5,60.01,213.1,5.9,1.5,1308.7,41.9,1.2,0.3,0,815.7451767447883,34.125,36.5,2025-10-18 09:57:36
152.95000000000002,7.2,1065.05,158.1,1.5,241.02499999999998,1242.3,60.00749999999999,213.2,5.9,1.5,1308.7,41.95,1.2,0.3,0.0,815.7451767447883,2132.0277953253317,2.6135953433805614,34.125,36.640249999999995,2025-10-18 09:09:16
152.7,7.2,1085.3,158.1,1.5,246.0,1264.3,60,213.3,5.9,1.5,1308.7,42.2,1.2,0.3,0,815.7451767447883,34.125,37.0,2025-10-18 09:58:38
152.625,7.1499999999999995,1055.45,158.675,1.5,241.4,1234.0749999999998,60.0025,213.20000000000002,5.9,1.5,1308.7,42.175000000000004,1.2,0.3,0.0,815.7451767447883,1781.4276689829437,2.1838041091357576,34.1245,37.23425,2025-10-18 09:09:16
152.7,7.1,1082.8,156.6,1.6,249.7,1266.8,60.05,213.1,5.9,1.5,1308.7,42.2,1.3,0.3,0,815.7451767447883,34.312,37.812,2025-10-18 09:59:40
152.54999999999998,7.15,1063.525,158.575,1.5750000000000002,242.6,1241.15,60.0075,213.07500000000002,5.875,1.5,1308.7,42.225,1.3,0.3,0.0,815.7451767447883,2397.346809854706,2.9388427638901424,34.281,38.015249999999995,2025-10-18 10:10:16
149.8,7.3,1085.1,156.1,1.6,253.3,1271.7,60.03,212.8,5.9,1.5,1308.7,42.2,1.3,0.3,0,815.7451767447883,34.312,38.125,2025-10-18 10:00:43
149.5,7.324999999999999,1079.5,157.975,1.5750000000000002,249.45,1265.4250000000002,60.0025,212.85,5.949999999999999,1.5,1308.7,42.25,1.3,0.3,0.0,815.7451767447883,2520.5306380290585,3.089850494841019,34.390249999999995,38.04675,2025-10-18 10:10:16
146.7,7.4,1076.1,158.1,1.6,258.1,1266.9,59.97,213.3,6,1.6,1308.8,42.4,1.3,0.3,0,854.5901851612068,34.375,37.5,2025-10-18 10:01:45
149.95,7.4,1082.575,157.4,1.5750000000000002,257.675,1271.075,59.982499999999995,213.1,5.975,1.5750000000000002,1308.775,42.35,1.3,0.3,0.0,825.456428848893,2321.5413771320277,2.8020910075395227,34.406,37.577749999999995,2025-10-18 10:10:16
150.1,7.5,1097.4,158.1,1.6,258.3,1285.4,60.01,212.9,6.1,1.6,1308.8,42.5,1.3,0.3,0,854.5901851612068,34.25,37.375,2025-10-18 10:02:48
150.47500000000002,6.925,1021.1500000000001,158.025,1.5250000000000001,243.77499999999998,1200.275,60.015,212.975,5.625,1.6,1308.8,42.475,1.3,0.3,0.0,776.9001683283699,2397.3468098547064,3.127470427813921,34.31225,37.35925,2025-10-18 10:10:16
149.7,7.6,1131.3,155.6,1.6,259.8,1319.7,60.02,213.2,6.2,1.6,1308.8,42.4,1.3,0.3,0,854.5901851612068,34.375,37.375,2025-10-18 10:03:51
151.1,7.1499999999999995,1052.15,157.475,1.5250000000000001,250.70000000000002,1237.625,60.015,213.02499999999998,5.800000000000001,1.6,1308.8,42.45,1.3,0.3,0.0,806.0339246406838,2217.3089071383447,2.858742200722246,34.42175,37.327749999999995,2025-10-18 10:10:16
150.9,7,1073.5,159.9,1.6,240.9,1247.2,59.97,213.1,5.8,1.6,1308.8,42.6,1.3,0.3,0,815.7451767447883,34.562,37.625,2025-10-18 10:04:53
149.825,7.25,1083.15,158.75,1.525,255.775,1270.925,59.9825,213.2,5.85,1.6,1308.8,42.55,1.35,0.3,0.0,825.456428848893,1800.3790271636135,2.1827481110172204,34.577749999999995,37.531,2025-10-18 10:10:16
150.7,6.6,1016.9,156.5,1.5,243.3,1199.2,60.03,212.9,5.5,1.6,1308.8,42.5,1.4,0.3,0,776.9001683283698,34.625,37.75,2025-10-18 10:05:55
151.575,6.7,1009.925,157.325,1.475,237.6,1185.95,60.015,212.95,5.5,1.6,1308.8,42.55,1.4,0.3,0.0,786.6114204324745,2444.7252053063803,3.09914327828415,34.578,37.74975,2025-10-18 10:10:16
151.8,6.9,1090.3,141.9,1.7,248.9,1267.9,60.01,212.8,5.7,1.7,1308.9,42.5,1.4,0.3,0,854.5901851612068,34.5,37.562,2025-10-18 10:06:58
150.8,7.3,1084.0,144.60000000000002,1.675,248.75,1261.175,59.99999999999999,212.975,5.875,1.675,1308.875,42.5,1.4,0.3,0.0,825.456428848893,2435.2495262160455,2.946762749779174,34.453,37.702749999999995,2025-10-18 10:10:16
153.7,7.2,1040.2,143.9,1.7,247.5,1233.5,60,213.1,5.9,1.7,1308.9,42.6,1.4,0.3,0,815.7451767447883,34.75,37.437,2025-10-18 10:08:00
151.57500000000002,7.3,1085.775,142.75,1.7,247.89999999999998,1261.35,59.9975,213.025,5.9,1.7,1308.9,42.55,1.4,0.3,0.0,854.5901851612068,2084.649399873658,2.439355653821857,34.6875,37.4685,2025-10-18 10:10:17
151.6,7.2,1076.9,144.8,1.7,245.8,1252.7,60,213.5,5.8,1.7,1308.9,42.7,1.4,0.3,0,815.7451767447883,34.687,37.937,2025-10-18 10:09:03
151.75,7.2,1060.9,143.27499999999998,1.675,245.925,1245.525,60.0175,213.275,5.8,1.7,1308.9,42.7,1.4,0.3,0.0,815.7451767447883,2113.076437144662,2.5903633847727336,34.656,37.7185,2025-10-18 10:10:16
148.3,7.3,1072.7,148,1.6,245.3,1249.3,60.02,213.5,5.8,1.7,1308.9,42.8,1.4,0.3,0,815.7451767447883,34.812,37.687,2025-10-18 10:10:06
151.2,7.175,1050.1,144.15,1.7,246.17499999999998,1230.0,60.025,213.475,5.825,1.7,1308.9,42.8,1.4,0.3,0.0,844.8789330571021,2387.871130764371,2.8200429755546623,34.781,37.68725,2025-10-18 10:10:16
151.3,7.2,1080.3,144.7,1.7,249.5,1258.2,59.99,213.1,5.9,1.7,1308.9,42.9,1.5,0.3,0,854.5901851612068,35.625,38.312,2025-10-18 10:11:08
151.02499999999998,7.125000000000001,1053.025,145.45,1.65,247.925,1230.85,59.99,213.4,5.85,1.7,1308.9,42.85,1.475,0.3,0.0,854.5901851612068,1828.8060644346178,2.1399801872164472,35.452749999999995,38.203,2025-10-18 10:10:16
151.3,7,1080.1,144.9,1.7,251.3,1259.9,60.01,213.4,5.6,1.8,1309.0,43,1.5,0.3,0,854.5901851612068,36.0,38.812,2025-10-18 10:12:10
151.1,7.025,1069.15,146.35000000000002,1.6250000000000002,249.82500000000002,1239.775,60.002500000000005,213.35000000000002,5.775,1.8,1309.0,42.975,1.5,0.3,0.0,854.5901851612068,1933.0385344283006,2.26194796990754,35.93725,38.765249999999995,2025-10-18 10:10:16
151.6,6.9,1085.5,145.8,1.7,253.9,1267.5,60.03,213.6,5.7,1.8,1309.0,43,1.5,0.3,0,854.5901851612068,36.5,38.937,2025-10-18 10:13:13
151.47500000000002,7.25,1076.575,145.75,1.725,252.375,1264.85,59.997499999999995,213.55,5.9,1.8,1309.0,43.0,1.5,0.3,0.0,854.5901851612068,2141.5034744156665,2.5058835352897257,36.28125,38.93725,2025-10-18 10:10:16
151.6,6.8,1080.9,141.8,1.8,253.1,1261.9,60.02,213.3,5.6,1.8,1309.0,43,1.5,0.3,0,854.5901851612068,36.875,38.437,2025-10-18 10:14:15
150.9,7.125,1064.0,144.1,1.725,253.775,1245.625,60.032500000000006,213.25,5.8500000000000005,1.8,1309.0,43.0,1.5,0.3,0.0,854.5901851612068,2520.530638029059,2.9494027450755183,36.74975,38.703,2025-10-18 10:10:17
150.475,6.949999999999999,1057.6000000000001,145.45000000000002,1.7,252.87499999999997,1241.15,60.019999999999996,213.375,5.7,1.8,1309.0,43.1,1.5,0.3,0.0,854.5901851612068,1999.3682880606443,2.3395638316200538,36.875,38.3905,2025-10-18 10:10:16
153.6,7,1017.9,147.8,1.7,252.6,1200.7,60.04,213.4,5.8,1.8,1309.0,43.1,1.5,0.3,0,854.5901851612068,37.062,38.5,2025-10-18 10:15:18
150.575,6.949999999999999,1062.675,145.7,1.7249999999999999,253.54999999999998,1242.125,60.03,213.375,5.65,1.8250000000000002,1309.025,43.0,1.525,0.3,0.0,854.5901851612068,2198.3575489576756,2.572411416757595,37.24975,38.671499999999995,2025-10-18 10:10:16
151.3,7.1,1064.4,144.9,1.7,253.9,1249.2,60.01,213.3,5.8,1.9,1309.1,43,1.6,0.3,0,854.5901851612068,37.375,38.562,2025-10-18 10:16:21
151.10000000000002,6.7,1011.85,144.075,1.6749999999999998,246.52499999999998,1192.6750000000002,60.02,213.35000000000002,5.424999999999999,1.9,1309.1,42.95,1.6,0.375,0.0,786.6114204324745,2094.125078963992,2.629417715189983,37.375,37.92175,2025-10-18 10:10:16
150.9,5.3,818.2,147.8,1.5,220.4,989.1,60.03,212.8,4.3,1.9,1309.1,42.9,1.6,0.4,0,621.5201346626959,37.25,37.812,2025-10-18 10:17:23
150.85000000000002,6.275,927.7750000000001,143.625,1.55,229.675,1103.825,60.035,212.97500000000002,5.175,1.9,1309.1,42.825,1.6,0.4,0.0,738.0551599119514,2274.162981680354,3.195739316706168,37.37475,37.656,2025-10-18 10:10:16
148.2,7,1040.9,147.8,1.6,250.2,1216.3,60.03,213.2,5.8,1.9,1309.1,42.8,1.6,0.4,0,815.7451767447883,37.562,37.625,2025-10-18 10:18:25
151.55,7.1,1040.1750000000002,143.55,1.7,249.60000000000002,1221.5,60.035,213.39999999999998,5.775,1.9,1309.1,42.724999999999994,1.6,0.4,0.0,835.1676809529977,2577.3847125710677,3.0914344920188253,37.60925,37.2655,2025-10-18 10:10:16
151.5,7.2,1069.8,141.9,1.7,249.3,1256.7,60.05,213.7,5.9,1.9,1309.1,42.7,1.6,0.4,0,854.5901851612068,37.687,36.75,2025-10-18 10:19:28
151.125,7.2,1065.775,147.475,1.7,251.52499999999998,1244.3249999999998,60.052499999999995,213.675,5.9,1.9,1309.1,42.55,1.6,0.4,0.0,854.5901851612068,2378.3954516740364,2.7830830414058463,37.56225,36.4685,2025-10-18 10:10:17
151.3,7.1,1086.2,154.4,1.6,257.9,1275.6,60.05,213.7,5.8,1.9,1309.1,42.5,1.6,0.4,0,854.5901851612068,37.625,36.25,2025-10-18 10:20:30
151.125,7.125000000000001,1075.5,157.275,1.5750000000000002,255.89999999999998,1266.3999999999999,60.029999999999994,213.52499999999998,5.949999999999999,1.9249999999999998,1309.125,42.525,1.6,0.4,0.0,854.5901851612068,2207.83322804801,2.5834993970022393,37.73425,36.171499999999995,2025-10-18 10:10:16
153.6,7.3,1074.0,155.2,1.6,256.0,1266.2,59.99,213.3,6,2.0,1309.2,42.6,1.6,0.4,0,854.5901851612068,37.75,36.312,2025-10-18 10:21:33
151.45000000000002,7.175,1093.125,156.4,1.6,253.45000000000002,1275.1,59.9925,213.27499999999998,5.9,2.0,1309.2,42.7,1.6250000000000002,0.4,0.0,854.5901851612068,2530.0063171193933,2.960490725320163,37.73425,36.390249999999995,2025-10-18 10:10:16
151.3,7.4,1103.3,153.7,1.6,258.9,1292.9,59.99,213.2,6,2.0,1309.2,42.6,1.7,0.4,0,854.5901851612068,37.625,35.937,2025-10-18 10:22:36
151.3,7.275,1100.5,155.55,1.625,260.07500000000005,1292.025,59.995000000000005,213.27500000000003,5.949999999999999,2.0,1309.2,42.55,1.7,0.4,0.0,854.5901851612068,2340.4927353126977,2.738731120427267,37.577749999999995,35.74975,2025-10-18 10:10:16
150.7,7.4,1089.7,153.8,1.7,261.9,1277.1,59.98,213.3,6.1,2.0,1309.2,42.6,1.7,0.4,0,854.5901851612068,37.625,35.375,2025-10-18 10:23:38
151.3,7.4,1107.3,156.45,1.675,264.35,1301.5500000000002,60.01,213.2,6.050000000000001,2.0,1309.2,42.72500000000001,1.7,0.4,0.0,864.3014372653115,2008.843967150979,2.3197983016187305,37.60925,35.4685,2025-10-18 10:10:16
151.4,7.4,1099.2,156.6,1.7,269.3,1296.5,60.01,212.6,6.1,2.0,1309.2,42.8,1.7,0.4,0,854.5901851612068,37.437,36.125,2025-10-18 10:24:40
151.275,7.3500000000000005,1098.225,156.6,1.65,264.45,1293.1,60.015,212.95,6.0,2.0,1309.2,42.875,1.7,0.4,0.0,854.5901851612068,2672.141503474416,3.126810428989835,37.49975,36.31225,2025-10-18 10:10:16
151.3,7.3,1090.4,156.6,1.7,261.1,1283.9,60.02,213.1,6,2.0,1309.2,42.9,1.7,0.4,0,854.5901851612068,37.437,37.062,2025-10-18 10:25:43
151.45,7.275,1083.0,156.675,1.6749999999999998,267.8,1284.6,60.0075,213.05,6.025,2.0749999999999997,1309.275,42.9,1.7,0.4,0.0,854.5901851612068,2539.4819962097285,2.9715787055648075,37.48425,37.17175,2025-10-18 10:10:16
153.2,7.1,1087.6,153.6,1.8,273.3,1292.1,59.96,213.3,6,2.1,1309.3,42.9,1.7,0.4,0,854.5901851612068,37.375,37.687,2025-10-18 10:26:45
152.05,7.3,1076.8,156.125,1.725,271.15,1283.125,59.9825,213.20000000000002,6.074999999999999,2.1,1309.3,42.9,1.7,0.4,0.0,854.5901851612068,2160.454832596336,2.5280594957790155,37.34325,37.703,2025-10-18 10:10:16
152.6,7.3,1064.0,156.6,1.7,274.5,1297.8,59.99,213.2,6.1,2.1,1309.3,42.9,1.8,0.4,0,854.5901851612068,37.312,37.937,2025-10-18 10:27:48
151.025,7.2749999999999995,1070.1750000000002,155.27499999999998,1.7,275.375,1276.0,59.99999999999999,213.15,6.05,2.1,1309.3,42.9,1.775,0.4,0.0,854.5901851612068,1819.330385344283,2.128892206971803,37.312,37.93725,2025-10-18 10:10:16
150.3,7.3,1089.6,159.9,1.7,261.5,1283.4,60,213.2,6,2.1,1309.3,43,1.8,0.4,0,854.5901851612068,37.062,37.687,2025-10-18 10:28:51
150.5,7.0249999999999995,1075.9499999999998,156.7,1.775,274.6,1271.4250000000002,59.995,212.975,6.0,2.1,1309.3,43.0,1.8,0.4,0.0,854.5901851612068,2150.9791535060012,2.5169715155343706,37.1405,37.7185,2025-10-18 10:10:16
149,7.3,1075.0,155.7,1.8,282.2,1286.2,60.01,213,6,2.1,1309.3,43.1,1.8,0.4,0,854.5901851612068,37.125,38.0,2025-10-18 10:29:53
149.325,7.35,1085.1,155.825,1.8,280.225,1294.525,60.0075,213.04999999999998,6.075,2.1,1309.3,43.05,1.8,0.4,0.0,864.3014372653114,2397.3468098547064,2.7763338360395404,37.10925,37.953,2025-10-18 10:10:16
147.4,7.4,1095.1,156.7,1.8,286.4,1308.8,59.99,213.4,6.1,2.2,1309.4,43.2,1.8,0.4,0,893.4351935776253,37.187,38.312,2025-10-18 10:30:55
149.925,7.425000000000001,1097.6999999999998,155.525,1.775,286.7,1316.0,59.974999999999994,213.20000000000002,6.1,2.2,1309.4,43.2,1.8,0.4,0.0,893.4351935776253,2397.3468098547064,2.6832912192040426,37.125,38.23425,2025-10-18 10:10:16
149.9,7.5,1118.9,159.5,1.7,289.2,1333.5,60.02,212.9,6.2,2.2,1309.4,43.2,1.8,0.4,0,893.4351935776253,37.0,37.625,2025-10-18 10:31:58
149.95000000000002,7.525,1108.05,157.32500000000002,1.85,290.5,1326.6750000000002,60.004999999999995,213.05,6.25,2.2,1309.4,43.2,1.8,0.4,0.0,893.4351935776253,2113.076437144662,2.365114394792496,37.031,37.68725,2025-10-18 10:10:16
152.2,7.2,1114.7,159.5,1.8,292.4,1335.7,59.98,213.1,6.1,2.2,1309.4,43.2,1.8,0.4,0,893.4351935776253,36.437,37.25,2025-10-18 10:33:00
149.575,7.55,1100.175,156.0,1.9,295.65,1326.25,59.985,213.14999999999998,6.275,2.2,1309.4,43.175000000000004,1.8250000000000002,0.4,0.0,893.4351935776253,2236.2602653190143,2.5029910187041664,36.562,37.358999999999995,2025-10-18 10:10:16
150.6,7.3,1074.4,156.6,1.9,295.9,1304.2,60.01,213.2,6,2.2,1309.4,43.2,1.9,0.4,0,854.5901851612068,36.562,37.125,2025-10-18 10:34:03
149.675,7.3,1077.35,155.60000000000002,1.85,296.35,1299.75,59.995000000000005,213.14999999999998,6.124999999999999,2.2,1309.4,43.175,1.9,0.4,0.0,874.0126893694162,2169.930511686671,2.4731016806533845,36.546499999999995,37.156,2025-10-18 10:10:16
149.2,7.3,1081.6,154.2,1.9,297.2,1307.0,59.98,213.3,6,2.3,1309.5,43.5,1.9,0.4,0,854.5901851612068,36.625,36.937,2025-10-18 10:35:06
149.89999999999998,7.2,1078.525,156.47500000000002,1.85,295.75,1296.775,60.002500000000005,213.25,6.074999999999999,2.25,1309.45,43.4,1.9,0.4,0.0,854.5901851612068,2349.968414403032,2.7498191006719117,36.60925,36.9685,2025-10-18 10:10:16
147,7.2,1042.0,156.8,1.7,299.4,1269.2,60.03,212.9,6,2.3,1309.5,43.6,1.9,0.4,0,854.5901851612068,36.75,37.062,2025-10-18 10:36:08
149.525,7.175,1070.75,155.65,1.9,296.425,1296.7,60.04,213.1,6.0,2.3,1309.5,43.625,1.9,0.4,0.0,854.5901851612068,2558.433354390398,2.9937546660540972,36.7185,37.015249999999995,2025-10-18 10:10:16
149.8,7.3,1086.3,156.4,2,306.7,1320.6,59.98,213.2,6.2,2.3,1309.5,43.8,1.9,0.4,0,893.4351935776253,36.937,37.812,2025-10-18 10:37:10
149.675,7.225,1079.375,156.15,1.9,301.2,1309.4499999999998,60.01,213.22500000000002,6.05,2.3,1309.5,43.775000000000006,1.9,0.4,0.0,864.3014372653114,1876.184459886292,2.176618730633535,36.906,37.656,2025-10-18 10:10:16
149.9,7.1,1090.1,156.6,2,313.1,1329.3,59.99,213.3,6.1,2.3,1309.5,43.9,1.9,0.4,0,893.4351935776253,36.875,38.187,2025-10-18 10:38:13
149.8,7.3500000000000005,1089.525,154.6,2.0,310.07500000000005,1326.75,59.989999999999995,213.10000000000002,6.175,2.3,1309.5,43.85,1.9,0.4,0.0,883.7239414735208,2283.6386607706886,2.582535224807053,36.8435,38.10925,2025-10-18 10:10:16
152.5,7.3,1066.9,155.2,2,320.4,1315.8,60,213,6.2,2.3,1309.5,43.9,2.0,0.5,0,854.5901851612068,36.562,37.875,2025-10-18 10:39:16
149.82500000000002,7.325,1085.75,156.475,2.0,313.2,1327.25,59.9975,213.125,6.2,2.3,1309.5,43.9,1.975,0.475,0.0,874.0126893694162,1866.708780795957,2.1457652203875663,36.577749999999995,38.0155,2025-10-18 10:10:17
150.35000000000002,7.175,1063.15,155.875,2.075,321.6,1314.3250000000003,59.997499999999995,213.0,6.1499999999999995,2.375,1309.5749999999998,43.95,2.0,0.5,0.0,854.5901851612068,2738.4712571067594,3.2044262907023486,36.67175,37.85925,2025-10-18 10:10:16
149.8,7.3,1076.8,156.6,1.9,327.6,1332.7,60,213.3,6,2.4,1309.6,43.9,2.0,0.5,0,854.5901851612068,37.0,38.0,2025-10-18 10:40:18
150.65,7.4,1080.35,154.7,2.1750000000000003,338.54999999999995,1346.0,60.03999999999999,213.3,6.324999999999999,2.4,1309.6,44.0,2.0,0.5,0.0,893.4351935776253,2321.5413771320277,2.5984440660276302,37.21825,38.03125,2025-10-18 10:10:16
147.6,7.5,1088.2,156.6,2.2,344.1,1356.6,60.04,213.3,6.4,2.4,1309.6,44.1,2.0,0.5,0,893.4351935776253,37.312,38.125,2025-10-18 10:41:21
149.75,7.5,1094.5,154.85,2.25,353.025,1372.75,60.0125,213.35000000000002,6.5,2.4,1309.6,44.1,2.0,0.5,0.0,893.4351935776253,2558.433354390398,2.8635914197039187,37.4685,38.265249999999995,2025-10-18 10:10:16
149.8,7.6,1120.6,151.4,2.3,351.3,1392.2,60.03,213.6,6.6,2.4,1309.6,44.1,2.0,0.5,0,893.4351935776253,37.562,38.375,2025-10-18 10:42:23
149.25,7.425,1108.0249999999999,153.04999999999998,2.3249999999999997,360.125,1387.25,60.02,213.525,6.574999999999999,2.4,1309.6,44.1,2.0,0.5,0.0,903.14644568173,2255.2116234996843,2.4941527735816234,37.608999999999995,38.625,2025-10-18 10:10:16
150.1,7.3,1126.9,153.7,2.4,365.0,1413.9,59.98,213,6.5,2.4,1309.6,44.1,2.0,0.5,0,932.2802019940439,37.875,38.5,2025-10-18 10:43:26
149.0,7.425,1126.025,153.7,2.4,368.50000000000006,1410.9,59.985,212.9,6.55,2.45,1309.6499999999999,44.175,2.025,0.5,0.0,932.2802019940439,2473.1522425773846,2.6527992735312695,37.8905,38.29675,2025-10-18 10:10:16
152.4,7.6,1108.6,153.4,2.4,371.0,1397.7,59.96,213.1,6.7,2.5,1309.7,44.2,2.1,0.5,0,932.2802019940439,37.625,37.75,2025-10-18 10:44:28
149.75,7.525,1131.625,153.7,2.4,372.975,1424.825,59.9925,213.00000000000003,6.574999999999999,2.5,1309.7,44.075,2.1,0.5,0.0,932.2802019940439,1942.5142135186354,2.0836162876395026,37.858999999999995,37.671499999999995,2025-10-18 10:10:16
149.9,7.6,1124.8,154,2.4,373.7,1426.1,60.03,213.1,6.7,2.5,1309.7,44,2.1,0.5,0,932.2802019940439,38.187,37.812,2025-10-18 10:45:31
149.8,7.6,1132.3,153.75,2.475,377.125,1429.35,60.01,213.15,6.6499999999999995,2.5,1309.7,44.074999999999996,2.1,0.5,0.0,932.2802019940439,2236.2602653190147,2.398699726258159,38.296499999999995,38.187,2025-10-18 10:10:16
146.7,7.7,1123.4,153.7,2.5,382.8,1425.5,60.03,213.4,6.6,2.5,1309.7,44.1,2.1,0.5,0,932.2802019940439,38.562,38.437,2025-10-18 10:46:33
149.775,7.6,1130.125,154.325,2.5,379.1,1428.55,60.0375,213.6,6.7,2.5,1309.7,44.1,2.1,0.5,0.0,932.2802019940439,2141.5034744156665,2.297059907348915,38.578,38.7185,2025-10-18 10:10:16
149.6,7.6,1123.6,156.3,2.4,386.2,1428.0,60,213.3,6.8,2.5,1309.7,44.1,2.1,0.5,0,932.2802019940439,38.187,38.687,2025-10-18 10:47:36
150.125,7.624999999999999,1121.625,153.52499999999998,2.525,385.675,1434.8749999999998,59.997499999999995,213.39999999999998,6.75,2.525,1309.7250000000001,44.150000000000006,2.1,0.5,0.0,932.2802019940439,2653.1901452937464,2.845914929458833,38.2185,38.7185,2025-10-18 10:10:16
149.8,7.7,1137.1,154.3,2.6,394.6,1449.6,59.97,213.4,6.7,2.6,1309.8,44.3,2.1,0.5,0,932.2802019940439,38.375,39.0,2025-10-18 10:48:38
149.95,7.7,1118.0,153.7,2.55,397.42499999999995,1433.2,59.99,213.5,6.85,2.6,1309.8,44.375,2.1,0.5,0.0,932.2802019940439,2643.714466203411,2.835750947567909,38.48425,39.1405,2025-10-18 10:10:16
150.9,7.2,1132.2,153.8,2.7,410.1,1426.0,60.03,213.4,6.7,2.6,1309.8,44.5,2.2,0.5,0,932.2802019940439,38.75,39.687,2025-10-18 10:49:40
150.025,7.675000000000001,1116.525,153.02499999999998,2.625,411.65,1447.3,60.01500000000001,213.70000000000002,6.85,2.6,1309.8,44.5,2.2,0.5,0.0,932.2802019940439,2425.7738471257103,2.6019793640766475,38.87475,39.906,2025-10-18 10:10:16
149.8,7.9,1149.7,150.8,2.7,417.6,1480.4,60.02,213.8,7,2.6,1309.8,44.7,2.2,0.5,0,971.1252104104623,39.125,39.562,2025-10-18 10:50:43
147.02499999999998,7.7,1135.275,153.125,2.7,427.875,1474.0500000000002,60.012499999999996,213.8,6.875000000000001,2.6,1309.8,44.7,2.2,0.5,0.0,971.1252104104623,2577.3847125710677,2.6540189513581804,39.077749999999995,39.43725,2025-10-18 10:10:16
149.8,8,1162.0,153.6,2.9,442.3,1516.6,60.01,213.9,7.1,2.6,1309.8,44.9,2.2,0.5,0,971.1252104104623,39.375,39.312,2025-10-18 10:51:45
149.025,7.75,1158.0,153.725,2.875,445.8,1516.5,60.02250000000001,213.77499999999998,7.05,2.625,1309.8249999999998,44.925,2.2,0.5,0.0,971.1252104104623,2672.1415034744155,2.7515931775110545,39.421499999999995,39.31225,2025-10-18 10:10:16
146.8,8.1,1181.1,153.8,2.9,462.5,1553.0,60.02,213.8,7.3,2.7,1309.9,45.2,2.2,0.5,0,1009.9702188268808,39.437,39.062,2025-10-18 10:52:48
148.175,8.075,1164.8249999999998,153.725,3.025,464.84999999999997,1538.475,60.015,213.75,7.275,2.7,1309.9,45.175,2.2,0.5,0.0,1000.2589667227761,1809.8547062539478,1.8058737547985808,39.546499999999995,39.1405,2025-10-18 10:10:16
150,8,1179.0,154.3,3.1,466.6,1556.7,60,213.7,7.3,2.7,1309.9,45.2,2.2,0.5,0,1009.9702188268808,39.625,39.062,2025-10-18 10:53:51
149.45,7.925,1191.875,153.525,3.125,478.125,1565.125,59.9975,213.77499999999998,7.35,2.7,1309.9,45.125,2.2,0.525,0.0,1000.2589667227761,1629.8168035375868,1.6283637202973904,39.56225,39.06225,2025-10-18 10:10:16
144.2,8.4,1212.2,153.7,3.3,500.9,1614.9,60.05,214.1,7.5,2.7,1309.9,44.9,2.3,0.6,0,1048.8152272432992,39.437,38.812,2025-10-18 10:54:53
150.175,8.100000000000001,1212.7,154.17499999999998,3.1750000000000003,495.25,1614.175,60.0325,214.15,7.525,2.7,1309.9,44.9,2.275,0.6,0.0,1039.1039751391945,1866.708780795957,1.794420597768671,39.4685,38.812,2025-10-18 10:10:16
146.7,8.6,1229.8,151.2,3.4,516.1,1649.7,60.03,214.2,7.8,2.7,1309.9,45.1,2.3,0.6,0,1048.8152272432992,39.937,39.125,2025-10-18 10:55:55
148.5,8.475,1225.8,152.4,3.2750000000000004,513.2,1640.5249999999999,60.02,214.04999999999998,7.699999999999999,2.75,1309.95,45.075,2.3,0.6,0.0,1048.8152272432992,1961.4655716993052,1.8701726679300905,39.858999999999995,39.062,2025-10-18 10:10:16
144.1,8.7,1251.2,150.9,3.5,525.3,1650.3,60,214.4,7.9,2.8,1310.0,45.5,2.3,0.6,0,1087.6602356597177,40.0,39.375,2025-10-18 10:56:58
147.175,8.425,1235.8000000000002,152.17499999999998,3.4,518.5,1652.0500000000002,60.01,214.45,7.699999999999999,2.8,1310.0,45.45,2.3,0.6,0.0,1048.8152272432992,2094.1250789639926,1.9966577759060387,40.077749999999995,39.46825,2025-10-18 10:10:16
146.8,8.2,1187.3,153.7,3.2,510.5,1600.2,60.04,214.6,7.4,2.8,1310.0,45.6,2.3,0.6,0,1009.9702188268808,40.312,39.75,2025-10-18 10:58:00
146.85,8.075,1176.85,153.675,3.3000000000000003,506.15,1581.6249999999998,60.01499999999999,214.45,7.375000000000001,2.8,1310.0,45.55,2.3,0.6,0.0,1009.9702188268808,2312.065698041693,2.289241459740512,40.265249999999995,39.671499999999995,2025-10-18 10:10:17
146.8,7.9,1146.4,150.7,3.3,509.2,1559.9,60.04,214.1,7.3,2.8,1310.0,45.5,2.3,0.6,0,971.1252104104623,40.625,39.937,2025-10-18 10:59:03
146.6,7.800000000000001,1134.025,150.70000000000002,3.35,504.575,1544.625,60.03,214.1,7.225,2.8,1310.0,45.5,2.3,0.6,0.0,961.4139583063577,2169.930511686671,2.265348283849231,40.531,39.890249999999995,2025-10-18 10:10:16
147.1,7.6,1128.5,150.7,3.4,510.6,1544.4,59.99,213.9,7.3,2.9,1310.1,45.5,2.4,0.6,0,971.1252104104623,40.812,40.687,2025-10-18 11:00:06
146.0,8.0,1147.9250000000002,152.25,3.4,518.375,1569.575,60.017500000000005,214.025,7.374999999999999,2.875,1310.0749999999998,45.475,2.375,0.6,0.0,980.836462514567,2160.454832596336,2.1947007912596983,40.81225,40.56225,2025-10-18 11:11:16
144.1,8.2,1160.1,152.1,3.5,532.0,1607.3,59.96,214,7.6,2.9,1310.1,45.3,2.4,0.6,0,1009.9702188268808,41.125,41.312,2025-10-18 11:01:08
147.35000000000002,7.800000000000001,1141.925,150.65,3.4499999999999997,520.775,1567.7,60.0025,213.95,7.325,2.9,1310.1,45.349999999999994,2.4,0.6,0.0,980.8364625145668,2321.5413771320277,2.396527935255825,41.108999999999995,41.23425,2025-10-18 11:11:16
146.7,8,1167.1,148,3.5,530.5,1597.5,60.02,213.9,7.4,2.9,1310.1,45.3,2.4,0.6,0,971.1252104104623,41.437,41.125,2025-10-18 11:02:10
146.65,7.949999999999999,1174.6,150.67499999999998,3.55,530.725,1605.9,60.017500000000005,214.04999999999998,7.425,2.9,1310.1,45.3,2.4,0.6,0.0,1000.2589667227761,2207.83322804801,2.19913124490446,41.34375,41.1405,2025-10-18 11:11:16
147.5,7.1,1032.3,152.9,3.2,501.9,1448.3,60.02,213.9,6.7,2.9,1310.1,45.3,2.4,0.6,0,854.5901851612068,41.437,40.937,2025-10-18 11:03:13
147.2,7.425000000000001,1087.8999999999999,150.39999999999998,3.3499999999999996,506.825,1502.225,59.9875,213.90000000000003,7.0,2.9,1310.1,45.349999999999994,2.4,0.6,0.0,912.8576977858347,2046.7466835123187,2.2462399978942935,41.421499999999995,40.906,2025-10-18 11:11:16
148,7.6,1097.9,151.6,3.4,503.9,1510.2,60.04,213.9,7.1,3.0,1310.2,45.1,2.4,0.6,0,932.2802019940439,41.25,40.5,2025-10-18 11:04:15
147.39999999999998,7.125,1036.8,150.75,3.275,493.9,1445.0500000000002,60.0025,213.72499999999997,6.7749999999999995,2.975,1310.175,45.15,2.4,0.6,0.0,874.012689369416,2150.9791535060012,2.460607615957426,41.327749999999995,40.577749999999995,2025-10-18 11:11:17
149.475,6.8,1013.525,150.3,3.25,488.1,1411.425,60.01,213.45,6.550000000000001,3.0,1310.2,45.025,2.425,0.6,0.0,864.3014372653114,2037.2710044219834,2.350605898903023,41.531,40.56225,2025-10-18 11:11:16
144.5,7.5,1074.1,150.1,3.3,498.5,1482.0,59.97,213.5,7,3.0,1310.2,45,2.5,0.6,0,893.4351935776253,41.625,40.687,2025-10-18 11:05:18
148.525,7.075,1044.0749999999998,150.6,3.2749999999999995,493.17499999999995,1449.3000000000002,59.985,213.75,6.7749999999999995,3.0,1310.2,45.075,2.5,0.6499999999999999,0.0,893.4351935776253,2198.357548957675,2.4481938989444,41.656,41.0155,2025-10-18 11:11:16
152.2,6.8,1000.0,150.7,3.2,494.1,1405.0,59.99,213.9,6.7,3.0,1310.2,45,2.5,0.7,0,893.4351935776253,41.687,41.25,2025-10-18 11:06:21
146.82500000000002,7.9,1144.45,151.0,3.4,523.2,1569.5749999999998,59.98500000000001,214.075,7.325,3.0,1310.2,45.074999999999996,2.5,0.7,0.0,971.1252104104623,1923.5628553379659,1.996831519186225,41.87475,41.046499999999995,2025-10-18 11:11:16
146.8,8.4,1215.8,153.7,3.6,539.5,1652.5,59.99,214.2,7.7,3.0,1310.2,45.1,2.5,0.7,0,1048.8152272432992,42.062,40.687,2025-10-18 11:07:23
146.79999999999998,8.4,1213.85,150.625,3.5999999999999996,549.2249999999999,1660.825,60.015,214.35,7.75,3.0749999999999997,1310.275,45.150000000000006,2.5,0.7,0.0,1039.1039751391945,2530.0063171193933,2.436228274778496,42.2185,41.031,2025-10-18 11:11:16
143.9,8.3,1196.1,150.6,3.6,550.5,1642.7,60.04,214.2,7.7,3.1,1310.3,45.3,2.5,0.7,0,1048.8152272432992,42.312,41.312,2025-10-18 11:08:25
147.825,7.55,1087.825,150.7,3.375,516.775,1514.9750000000001,60.03,214.25000000000003,7.075,3.1,1310.3,45.3,2.5,0.7,0.0,941.9914540981484,2179.4061907770056,2.317897769887834,42.2185,41.3905,2025-10-18 11:11:16
146.8,7.1,1034.0,148.1,3.3,496.7,1444.8,60.02,213.9,6.7,3.1,1310.3,45.2,2.5,0.7,0,893.4351935776253,42.187,41.562,2025-10-18 11:09:28
146.775,7.0,1003.7,150.64999999999998,3.25,493.84999999999997,1413.05,59.99,213.72500000000002,6.65,3.1,1310.3,45.2,2.5,0.7,0.0,874.0126893694162,2198.357548957675,2.504919363094539,42.35925,41.577749999999995,2025-10-18 11:11:16
146.2,6,871.8,148.4,3,450.6,1249.4,59.99,213.5,5.8,3.1,1310.3,45.2,2.5,0.7,0,738.0551599119514,42.312,41.562,2025-10-18 11:10:30
147.97500000000002,6.325,916.5500000000001,149.55,3.0250000000000004,452.65,1296.025,60.005,213.60000000000002,6.1,3.1,1310.3,45.2,2.5749999999999997,0.7,0.0,776.9001683283699,2558.4333543903977,3.3324835819946195,42.077749999999995,40.5935,2025-10-18 11:11:16
150,7.5,1105.0,147.8,3.5,517.6,1529.1,59.98,213.6,7.2,3.1,1310.3,45.2,2.6,0.7,0,971.1252104104623,42.062,40.125,2025-10-18 11:11:33
148.225,7.325,1066.375,149.025,3.425,514.325,1496.25,59.9775,213.475,7.050000000000001,3.175,1310.375,45.325,2.6,0.7,0.0,932.2802019940439,2435.2495262160455,2.625485882195295,42.125,40.2185,2025-10-18 11:11:16
146.9,6.9,1003.4,152.3,3.2,487.1,1406.7,59.98,213.6,6.6,3.2,1310.4,45.5,2.6,0.7,0,854.5901851612068,42.0,40.312,2025-10-18 11:12:36
148.20000000000002,7.3,1058.75,151.15,3.35,510.20000000000005,1478.425,59.9875,213.7,6.925000000000001,3.2,1310.4,45.475,2.6,0.7,0.0,932.2802019940439,2444.7252053063803,2.6014249650644152,42.078,40.452749999999995,2025-10-18 11:11:16
146.8,8,1165.5,149.3,3.6,542.4,1606.8,59.98,213.7,7.4,3.2,1310.4,45.6,2.6,0.7,0,1009.9702188268808,42.312,40.687,2025-10-18 11:13:38
147.5,8.0,1157.075,149.325,3.6,537.825,1596.2250000000001,60.0075,213.675,7.5,3.2,1310.4,45.6,2.6,0.7,0.0,1009.9702188268808,2103.6007580543273,2.0828344428786627,42.54675,40.87475,2025-10-18 11:11:16
146.5,7.2,1071.5,149.3,3.4,523.5,1503.3,60.01,213.8,6.9,3.2,1310.4,45.7,2.6,0.7,0,932.2802019940439,42.812,41.437,2025-10-18 11:14:40
147.54999999999998,7.375,1077.9250000000002,150.55,3.45,519.6750000000001,1507.8000000000002,60.0025,213.79999999999998,7.075000000000001,3.2,1310.4,45.675000000000004,2.6,0.7,0.0,932.2802019940439,2416.298168035376,2.5848685215194043,42.827749999999995,41.421499999999995,2025-10-18 11:11:16
146.9,7.8,1130.6,150.7,3.7,543.4,1574.8,59.99,214,7.2,3.3,1310.5,45.6,2.6,0.7,0,971.1252104104623,42.937,41.812,2025-10-18 11:15:43
146.875,7.8,1131.1,151.45,3.625,541.225,1574.7,59.9825,214.05,7.35,3.2750000000000004,1310.475,45.625,2.625,0.7,0.0,971.1252104104623,2141.5034744156665,2.205177511054959,42.96825,41.765249999999995,2025-10-18 11:11:16
143.8,7.7,1104.9,144.8,3.6,529.0,1541.6,59.98,214.3,7.2,3.3,1310.5,45.7,2.7,0.7,0,971.1252104104623,43.062,41.187,2025-10-18 11:16:45
146.775,7.65,1107.75,149.975,3.575,536.175,1547.725,59.985,214.12500000000003,7.225,3.3,1310.5,45.7,2.7,0.7,0.0,971.1252104104623,2293.114339861023,2.361296272899558,42.983999999999995,41.21825,2025-10-18 11:11:16
147,7.6,1109.3,147.9,3.6,531.3,1543.6,60.02,214.2,7.2,3.3,1310.5,45.7,2.7,0.8,0,971.1252104104623,43.062,40.75,2025-10-18 11:17:48
146.64999999999998,7.624999999999999,1096.1,150.575,3.5749999999999997,528.9499999999999,1535.875,59.9975,214.3,7.25,3.3,1310.5,45.7,2.7,0.7749999999999999,0.0,971.1252104104623,2236.2602653190147,2.302751737207833,42.8745,40.6245,2025-10-18 11:11:16
147.9,7.5,1109.3,149.2,3.6,536.9,1548.6,59.96,214.3,7.2,3.3,1310.5,45.5,2.7,0.8,0,971.1252104104623,42.187,39.75,2025-10-18 11:18:51
147.55,7.574999999999999,1103.725,151.3,3.5749999999999997,530.675,1537.9,59.9675,214.22500000000002,7.2749999999999995,3.3,1310.5,45.575,2.7,0.8,0.0,971.1252104104623,1961.465571699305,2.019786481364498,42.203,39.85925,2025-10-18 11:11:16
146.7,7.6,1112.2,149.6,3.6,535.8,1550.0,60.01,214.2,7.2,3.4,1310.6,45.6,2.7,0.8,0,971.1252104104623,41.812,39.812,2025-10-18 11:19:53
147.1,7.574999999999999,1109.0249999999999,150.725,3.5749999999999997,538.925,1548.2999999999997,60.002500000000005,214.125,7.3,3.4,1310.6,45.6,2.7,0.8,0.0,971.1252104104623,2359.444093493367,2.42959823120657,41.890249999999995,39.890249999999995,2025-10-18 11:11:16
146.8,7.7,1114.2,150.8,3.6,541.0,1558.1,60.02,214,7.3,3.4,1310.6,45.6,2.7,0.8,0,971.1252104104623,41.687,39.875,2025-10-18 11:20:55
146.625,7.575,1109.3500000000001,150.725,3.6,541.625,1552.5,59.997499999999995,214.175,7.25,3.4,1310.6,45.6,2.7,0.8,0.0,971.1252104104623,2027.7953253316487,2.0880884396715094,41.56225,39.828,2025-10-18 11:11:16
149.7,7.5,1120.1,150.8,3.6,544.6,1566.6,59.98,214,7.4,3.4,1310.6,45.5,2.8,0.8,0,971.1252104104623,42.187,40.312,2025-10-18 11:21:58
147.625,7.6,1112.875,151.35,3.6,541.75,1558.4499999999998,59.9675,214.025,7.324999999999999,3.4,1310.6,45.55,2.7750000000000004,0.8,0.0,971.1252104104623,2331.0170562223625,2.4003259633607077,42.031,40.358999999999995,2025-10-18 11:11:16
147,6.9,1122.7,150.6,3.6,545.8,1567.9,60.02,214.4,7,3.4,1310.6,45.8,2.8,0.8,0,971.1252104104623,42.687,40.937,2025-10-18 11:23:00
145.55,7.7250000000000005,1123.025,149.325,3.6500000000000004,549.075,1568.3,60.0075,214.10000000000002,7.4,3.4,1310.6,45.775000000000006,2.8,0.8,0.0,971.1252104104623,2539.481996209728,2.614989260897031,42.702749999999995,40.952749999999995,2025-10-18 11:11:17
146.9,7.9,1146.2,147.5,3.8,560.4,1605.6,59.98,213.9,7.5,3.5,1310.7,45.7,2.8,0.8,0,1009.9702188268808,43.125,41.625,2025-10-18 11:24:03
146.79999999999998,7.875,1143.25,150.85,3.75,556.75,1599.35,60.0075,213.975,7.5,3.5,1310.7,45.75,2.8,0.8,0.0,1009.9702188268808,2586.8603916614024,2.56132343651295,42.99975,41.43725,2025-10-18 11:11:16
149.1,8,1144.3,150.7,3.8,572.5,1613.9,59.96,213.8,7.6,3.5,1310.7,45.9,2.8,0.8,0,1009.9702188268808,43.25,41.562,2025-10-18 11:25:06
147.35,7.949999999999999,1150.0,150.0,3.7750000000000004,568.8,1617.275,59.9925,213.8,7.6,3.5,1310.7,45.875,2.8,0.8,0.0,1009.9702188268808,2027.7953253316489,2.00777734583799,43.23425,41.62475,2025-10-18 11:11:16
146.8,7.8,1138.6,147.9,3.9,575.4,1609.6,59.98,214,7.6,3.5,1310.7,45.8,2.8,0.8,0,1009.9702188268808,43.437,41.812,2025-10-18 11:26:08
147.52499999999998,7.875000000000001,1129.9499999999998,150.3,3.8000000000000003,574.05,1601.925,60.01,214.0,7.574999999999999,3.5,1310.7,45.825,2.8,0.8,0.0,1009.9702188268808,2084.6493998736573,2.0640701686184943,43.3905,41.68725,2025-10-18 11:11:16
146.1,7.8,1127.4,147.7,3.9,581.8,1609.0,60,214,7.4,3.6,1310.8,45.7,2.9,0.8,0,1009.9702188268808,43.937,42.25,2025-10-18 11:27:10
146.65,7.7749999999999995,1116.95,149.625,3.825,575.075,1590.4750000000001,59.99,214.1,7.5,3.525,1310.7250000000001,45.7,2.85,0.8,0.0,1000.2589667227762,2027.7953253316487,2.022413479760921,43.7655,42.015249999999995,2025-10-18 11:11:16
144.5,7.7,1093.6,147.8,4,587.3,1598.7,60.06,214,7.5,3.6,1310.8,45.7,2.9,0.8,0,971.1252104104623,43.812,42.562,2025-10-18 11:28:13
146.775,7.6,1109.725,148.55,3.95,583.9,1589.8000000000002,60.045,214.0,7.449999999999999,3.6,1310.8,45.7,2.9,0.8,0.0,971.1252104104623,2349.968414403032,2.4198408085912826,43.874750000000006,42.49975,2025-10-18 11:11:16
146.4,6.5,957.4,147.6,3.6,546.5,1418.4,59.99,213.8,6.5,3.6,1310.8,45.6,2.9,0.9,0,854.5901851612068,43.437,42.0,2025-10-18 11:29:15
146.22500000000002,7.25,1066.3999999999999,148.85,3.825,574.9749999999999,1542.7,60.0175,214.05,7.15,3.6,1310.8,45.6,2.9,0.9,0.0,932.2802019940438,2046.7466835123187,2.176369882381253,43.531000000000006,42.18725,2025-10-18 11:11:17
149.425,5.375,781.925,150.9,2.875,432.875,1151.675,59.9875,213.92499999999998,5.425000000000001,3.6,1310.8,45.45,2.9,0.9,0.0,660.3651430791144,2406.8224889450407,3.6446843298279505,43.48425,41.99975,2025-10-18 11:11:16
150.8,6.5,901.1,150.8,2.9,431.5,1263.1,59.98,214,6.2,3.6,1310.8,45.3,2.9,0.9,0,738.0551599119514,43.437,41.875,2025-10-18 11:30:18
149.125,7.05,1033.6,150.2,3.425,514.975,1454.45,60.00000000000001,213.925,6.825,3.625,1310.8249999999998,45.25,2.9,0.9,0.0,864.3014372653115,1781.4276689829437,2.0714764776899464,43.578,41.7185,2025-10-18 11:11:16
146.7,8,1178.4,149.2,4.2,640.5,1709.0,59.99,214.4,7.9,3.7,1310.9,45.2,2.9,0.9,0,1048.8152272432992,43.812,41.562,2025-10-18 11:31:21
147.75,4.025,593.6,149.42499999999998,2.5250000000000004,390.34999999999997,945.6,60.00749999999999,213.15000000000003,4.325,3.7,1310.9,45.175,2.9,0.9,0.0,534.1188657257542,1591.9140871762474,3.1142829565730783,43.29675,41.078,2025-10-18 11:11:16
148.3,6.9,959.5,147.7,3.2,451.7,1328.4,59.99,213.5,6.6,3.7,1310.9,45,2.9,0.9,0,815.7451767447883,42.687,40.5,2025-10-18 11:32:23
149.175,5.35,794.675,149.225,3.225,476.70000000000005,1196.075,59.985,213.175,5.625,3.7,1310.9,45.025,2.9,0.9,0.0,708.9214035996374,2236.2602653190143,3.6763502252643114,43.1405,40.5935,2025-10-18 11:11:16
147.4,2.3,342.8,149.1,1.8,273.2,591.3,59.97,212.4,2.7,3.7,1310.9,44.9,2.9,0.9,0,310.76006733134795,42.812,40.5,2025-10-18 11:33:25
148.2,2.1,313.22499999999997,150.075,1.6,248.75,543.15,60.00749999999999,212.65000000000003,2.475,3.7,1310.9,44.675,3.0,0.9,0.0,262.2038068108248,2511.054958938724,9.548334987816984,42.406,39.81225,2025-10-18 11:11:16
148.7,1.9,294.6,149.3,1.5,240.6,517.6,60.05,212.9,2.4,3.7,1310.9,44.5,3.0,0.9,0,233.07005049851097,41.875,39.375,2025-10-18 11:34:28
150.95,1.9,275.925,149.92499999999998,1.55,234.52499999999998,496.225,60.025000000000006,212.52499999999998,2.3249999999999997,3.7,1310.9,44.24999999999999,3.0,0.9,0.0,233.07005049851097,2387.8711307643716,10.245293746051798,41.4685,39.06225,2025-10-18 11:11:16
151.3,1.5,279.0,152,1.5,231.2,486.9,59.96,212.3,2.1,3.7,1310.9,44,3.0,0.9,0,233.07005049851097,40.562,38.5,2025-10-18 11:35:30
151.15,1.7249999999999999,269.72499999999997,148.525,1.525,232.8,485.25,59.9675,212.5,2.3249999999999997,3.7,1310.9,43.875,3.0,0.9,0.0,233.07005049851097,2274.1629816803534,9.757422615287428,40.171499999999995,38.24975,2025-10-18 11:11:16
151.2,1.7,277.4,151,1.6,239.2,502.4,59.95,212.6,2.3,3.7,1310.9,43.6,3.0,0.9,0,233.07005049851097,39.937,37.812,2025-10-18 11:36:33
152.0,1.9,287.425,150.775,1.6,243.77499999999998,516.1,60.004999999999995,212.67499999999998,2.375,3.7,1310.9,43.45,3.0,0.9,0.0,233.07005049851097,1914.0871762476309,8.212497367866918,39.84375,37.546499999999995,2025-10-18 11:11:16
148.3,2.1,305.4,150.7,1.7,258.1,545.2,59.97,212.7,2.5,3.7,1310.9,43.1,3.0,0.9,0,271.91505891492943,39.75,36.812,2025-10-18 11:37:36
151.575,2.375,354.0,151.32500000000002,1.85,280.675,611.65,59.974999999999994,212.875,2.875,3.7,1310.9,43.075,3.0,0.9,0.0,301.0488152272433,2198.357548957675,7.3935708269410085,39.73425,36.796499999999995,2025-10-18 11:11:16
156.9,3.3,504.5,149.3,2.6,403.1,864.5,59.97,213.1,4.2,3.7,1310.9,42.9,3.0,0.9,0,466.14010099702193,39.625,36.75,2025-10-18 11:38:38
155.7,3.6500000000000004,567.775,153.72500000000002,3.0,456.4,963.95,59.965,213.225,4.475,3.7,1310.9,42.925,3.0,0.9,0.0,611.8088825585912,2084.649399873658,3.3875583644175715,39.90625,36.7655,2025-10-18 11:11:16
154.8,3.4,516.1,153.9,3.1,479.6,947.4,59.98,213.1,4.4,3.8,1311.0,43,3.0,0.9,0,621.5201346626959,40.062,36.937,2025-10-18 11:39:40
153.27499999999998,4.8,711.725,154.825,3.625,566.3,1217.6,59.9675,213.45000000000002,5.725,3.8,1311.0,42.925000000000004,3.0,0.9,0.0,806.0339246406836,2416.298168035376,3.1728774841674765,39.99975,36.952749999999995,2025-10-18 11:11:16
154.5,8,1210.0,146.3,4.6,674.4,1774.6,59.95,213.8,8.4,3.8,1311.0,43.2,3.0,0.9,0,1009.9702188268808,40.812,37.437,2025-10-18 11:40:43
154.57500000000002,7.800000000000001,1185.95,150.4,4.625,688.1,1765.425,59.957499999999996,214.20000000000002,8.375,3.8,1311.0,43.35,3.0,0.9,0.0,1039.1039751391947,2397.3468098547064,2.313565518966656,40.87475,37.4685,2025-10-18 11:11:16
154.2,7.8,1222.2,149.2,4.7,698.7,1808.2,59.96,214.6,8.3,3.8,1311.0,43.8,3.0,0.9,0,1048.8152272432992,41.25,38.187,2025-10-18 11:41:45
152.72500000000002,7.675,1178.325,150.15,4.55,687.55,1754.1999999999998,59.967499999999994,214.39999999999998,8.225,3.8,1311.0,43.800000000000004,3.0,0.9,0.0,1009.9702188268807,2217.3089071383447,2.1942038854783643,41.31225,38.233999999999995,2025-10-18 11:11:16
153.4,7.1,1023.3,158.1,4.1,599.1,1531.7,59.95,214.1,7.5,3.8,1311.0,43.9,3.0,1.0,0,932.2802019940439,41.625,38.687,2025-10-18 11:42:48
154.02499999999998,6.95,1047.4,152.95,4.0,620.3,1569.125,59.95,213.975,7.375,3.8249999999999997,1311.025,43.95,3.025,1.0,0.0,912.8576977858345,2188.8818698673404,2.400958388900587,41.8435,38.858999999999995,2025-10-18 11:11:16
148.9,8.1,1205.0,150.2,4.7,696.0,1788.3,59.93,214.3,8.3,3.9,1311.1,44.2,3.1,1.0,0,1048.8152272432992,43.062,39.937,2025-10-18 11:43:51
151.1,8.024999999999999,1198.25,149.2,4.7,700.4,1783.2,59.9525,214.27499999999998,8.4,3.9,1311.1,44.25000000000001,3.1,1.0,0.0,1048.8152272432992,2397.3468098547064,2.2857665941367777,43.062250000000006,40.031,2025-10-18 11:11:16
150.5,8.1,1186.1,149.3,4.7,703.3,1775.8,59.96,214.3,8.5,3.9,1311.1,44.7,3.1,1.0,0,1048.8152272432992,43.812,40.812,2025-10-18 11:44:53
151.0,7.8999999999999995,1198.375,149.5,4.7,697.4000000000001,1782.8,59.96,214.375,8.3,3.9,1311.1,44.650000000000006,3.1,1.0,0.0,1048.8152272432992,2283.6386607706886,2.1773507873002504,43.765249999999995,40.87475,2025-10-18 11:11:16
151.3,7.9,1184.6,147.7,4.7,699.3,1771.6,59.97,214.7,8.2,3.9,1311.1,45.1,3.1,1.0,0,1009.9702188268808,44.25,41.187,2025-10-18 11:45:55
150.775,7.825,1184.35,148.825,4.7,693.125,1764.95,59.955,214.7,8.149999999999999,3.9,1311.1,45.05,3.1,1.0,0.0,1029.39272303509,2245.7359444093495,2.1766558141795036,44.24975,41.203,2025-10-18 11:11:16
151.8,7.4,1164.4,147.5,4.7,696.8,1728.2,59.97,214.2,8,4.0,1311.2,45.3,3.1,1.0,0,1009.9702188268808,44.562,41.25,2025-10-18 11:46:58
151.325,7.775,1165.6999999999998,149.15,4.65,692.275,1746.8500000000001,59.9625,214.35000000000002,8.1,3.975,1311.175,45.3,3.1,1.0,0.0,1009.9702188268808,2349.968414403032,2.3267700082608482,44.4995,41.265249999999995,2025-10-18 11:11:16
153.6,7.6,1111.5,149.3,4.6,686.1,1689.9,60.02,214.8,8,4.0,1311.2,45.7,3.1,1.0,0,1009.9702188268808,44.562,41.562,2025-10-18 11:48:00
151.375,7.625,1138.475,148.825,4.574999999999999,686.4000000000001,1716.6000000000001,59.995000000000005,214.65,7.949999999999999,4.0,1311.2,45.625,3.1,1.0,0.0,1000.2589667227762,1970.94125078964,1.969498226347247,44.656,41.60925,2025-10-18 11:11:17
151.3,7.5,1115.6,152.2,4.5,673.9,1682.7,60.01,214.6,7.9,4.0,1311.2,45.7,3.2,1.0,0,971.1252104104623,45.187,42.187,2025-10-18 11:49:03
151.75,7.475,1111.5749999999998,149.35,4.5,680.275,1685.5,60.0025,214.60000000000002,7.875000000000001,4.0,1311.2,45.7,3.2,1.0,0.0,971.1252104104623,2084.6493998736573,2.146632975363234,45.04675,42.015249999999995,2025-10-18 11:11:16
148.3,7.5,1103.8,149.4,4.6,681.6,1677.5,60.04,214.6,7.8,4.1,1311.3,45.9,3.2,1.0,0,971.1252104104623,45.562,42.5,2025-10-18 11:50:06
151.65,7.4,1081.825,149.32500000000002,4.55,680.15,1665.05,60.025000000000006,214.575,7.8,4.025,1311.2250000000001,45.800000000000004,3.2,1.0,0.0,971.1252104104623,1999.368288060644,2.0588161718256472,45.43725,42.452749999999995,2025-10-18 11:11:16
148.3,7.3,1082.1,147.8,4.7,685.7,1662.9,59.98,214.5,7.8,4.1,1311.3,46,3.2,1.0,0,971.1252104104623,45.437,42.125,2025-10-18 11:51:08
151.425,7.1000000000000005,1088.075,149.3,4.6,684.4,1668.0,59.995,214.64999999999998,7.625,4.1,1311.3,45.975,3.2,1.025,0.0,971.1252104104623,2283.638660770688,2.3515388502842702,45.35925,42.156,2025-10-18 11:11:16
149.7,3.9,583.1,147.7,3.2,472.0,1000.0,60.01,213.2,4.7,4.1,1311.3,46,3.2,1.1,0,582.6751262462774,45.437,41.437,2025-10-18 11:52:10
150.17499999999998,5.45,822.225,148.45,3.9250000000000003,583.975,1322.225,60.0,213.85,6.1,4.1,1311.3,45.975,3.2,1.1,0.0,776.9001683283698,2548.957675300063,3.3676659998596192,45.49975,41.73425,2025-10-18 11:11:16
150.7,5.1,779.3,149.4,4,602.8,1305.9,59.98,214.1,6,4.1,1311.3,45.8,3.2,1.1,0,776.9001683283698,44.875,40.5,2025-10-18 11:53:13
150.4,5.1,760.225,151.425,3.45,518.7,1207.375,60.0075,213.825,5.65,4.1,1311.3,45.825,3.2,1.1,0.0,689.4988993914283,2056.222362602653,3.0132202313724736,44.953,40.7495,2025-10-18 11:11:16
148.7,7.3,1083.7,146.9,4.6,689.3,1665.3,60.04,214.4,7.8,4.2,1311.4,46,3.2,1.1,0,971.1252104104623,44.5,40.437,2025-10-18 11:54:15
150.05,6.9750000000000005,1027.15,148.25,4.3999999999999995,648.1500000000001,1577.1750000000002,60.005,214.375,7.45,4.125,1311.3249999999998,45.925,3.2,1.1,0.0,912.8576977858346,2501.579279848389,2.724684738497058,44.7185,40.37475,2025-10-18 11:11:17
149.45,7.15,1055.1999999999998,147.775,4.625,678.7,1630.825,60.035,214.57500000000002,7.65,4.2,1311.4,46.099999999999994,3.3,1.1,0.0,941.9914540981483,2198.357548957675,2.3397486312907976,44.5935,40.92175,2025-10-18 11:11:16
147.4,7.1,1036.4,149.3,4.5,670.2,1615.8,60.04,214.7,7.6,4.2,1311.4,46.2,3.3,1.1,0,932.2802019940439,44.875,41.312,2025-10-18 11:55:18
149.25,6.925,1040.025,148.175,4.5,663.925,1601.475,60.0,214.8,7.4750000000000005,4.2,1311.4,46.2,3.3,1.1,0.0,932.2802019940439,2046.7466835123184,2.195420088439671,45.2655,41.531,2025-10-18 11:11:16
149.8,7,1037.2,146.2,4.4,660.2,1596.1,59.95,214.8,7.4,4.2,1311.4,46.2,3.3,1.1,0,893.4351935776253,45.562,41.812,2025-10-18 11:56:21
150.10000000000002,6.9,1041.625,146.275,4.55,661.575,1600.2749999999999,60.025,214.85,7.4,4.2,1311.4,46.22500000000001,3.3,1.1,0.0,932.2802019940439,2264.687302590019,2.4291916719309326,45.656000000000006,41.96825,2025-10-18 11:11:16
152.2,6.8,1038.7,146.3,4.5,667.8,1603.4,60.03,214.8,7.5,4.2,1311.4,46.3,3.3,1.1,0,932.2802019940439,45.687,42.125,2025-10-18 11:57:23
149.8,7.15,1065.0,147.85,4.6,679.025,1640.1,60.02,214.975,7.525,4.25,1311.45,46.25,3.3,1.1,0.0,941.9914540981486,2217.3089071383447,2.358043798694462,45.98425,42.24975,2025-10-18 11:11:16
150.5,7.3,1078.1,149.3,4.6,689.6,1665.5,59.98,215.2,7.7,4.3,1311.5,46.3,3.3,1.1,0,971.1252104104623,45.937,42.125,2025-10-18 11:58:25
149.85000000000002,7.35,1088.525,146.625,4.775,695.175,1677.0,60.027499999999996,215.075,7.800000000000001,4.3,1311.5,46.35,3.3,1.1,0.0,971.1252104104623,2122.552116234997,2.185662665824384,45.483999999999995,41.68725,2025-10-18 11:11:16
148.3,7.5,1104.7,146.4,4.9,710.8,1706.5,60.03,215,7.9,4.3,1311.5,46.4,3.3,1.1,0,971.1252104104623,45.5,41.687,2025-10-18 11:59:28
149.29999999999998,6.6,985.3,146.04999999999998,4.4,650.5500000000001,1531.9,60.03,214.45000000000002,7.1,4.3,1311.5,46.325,3.3249999999999997,1.1,0.0,874.0126893694161,2387.8711307643716,2.7807063569447115,45.531000000000006,41.531,2025-10-18 12:12:16
150.9,4.8,724.8,148,3.4,496.2,1155.7,59.98,213.7,5.3,4.3,1311.5,46,3.4,1.2,0,660.3651430791144,45.25,41.0,2025-10-18 12:00:30
151.0,5.15,769.0,148.6,3.5,513.275,1213.775,59.9775,213.77499999999998,5.699999999999999,4.3,1311.5,45.849999999999994,3.4,1.2,0.0,670.076395183219,2406.822488945041,3.6012592678791098,44.828,40.515249999999995,2025-10-18 12:12:16
146.2,5.6,800.3,152.7,3.5,533.8,1259.4,60.03,214.1,6,4.3,1311.5,45.4,3.4,1.2,0,738.0551599119514,44.375,40.0,2025-10-18 12:01:33
151.75,5.875,871.3,150.2,4.0,585.55,1375.175,60.037499999999994,214.125,6.6000000000000005,4.35,1311.55,45.375,3.4,1.2,0.0,806.0339246406837,2482.6279216677194,3.069924269473831,44.499750000000006,39.906,2025-10-18 12:12:16
152.9,7,1060.0,146.4,4.9,705.6,1662.4,60.01,214.8,7.8,4.4,1311.6,45.6,3.4,1.2,0,971.1252104104623,44.875,40.25,2025-10-18 12:02:36
150.15,7.299999999999999,1091.175,146.72500000000002,4.925,728.4499999999999,1709.475,60.03,214.875,7.949999999999999,4.4,1311.6,45.800000000000004,3.4,1.2,0.0,961.4139583063577,2226.7845862286795,2.309663244893662,45.03075,40.640249999999995,2025-10-18 12:12:16
152.4,7.2,1103.5,147.8,5.1,753.6,1744.8,60.03,214.8,8,4.4,1311.6,46.1,3.4,1.2,0,971.1252104104623,45.75,41.5,2025-10-18 12:03:38
149.875,5.7,883.0749999999999,147.475,4.175,637.3249999999999,1431.975,59.9925,214.32500000000002,6.2749999999999995,4.4,1311.6,46.22500000000001,3.4,1.2,0.0,757.4776641201606,2416.298168035376,3.624080420836394,45.8905,41.68725,2025-10-18 12:12:16
146.7,2.5,368.9,149.3,1.9,288.1,629.6,59.97,213.3,3,4.4,1311.6,46.2,3.4,1.2,0,310.76006733134795,45.25,41.375,2025-10-18 12:04:40
149.05,3.325,470.85,149.47500000000002,2.425,353.55,790.25,59.9975,213.52499999999998,3.8,4.4,1311.6,46.075,3.4,1.2,0.0,417.58384047649884,2198.3575489576756,5.876670144973998,45.06225,41.23425,2025-10-18 12:12:16
154.2,5.9,834.0,151.4,4,554.3,1404.8,59.99,214.7,6.7,4.4,1311.6,45.9,3.4,1.2,0,815.7451767447883,44.312,40.937,2025-10-18 12:05:43
153.5,5.875000000000001,873.75,150.5,4.15,609.1999999999999,1399.15,60.010000000000005,214.6,6.65,4.4,1311.6,45.925,3.4,1.2,0.0,786.6114204324743,2444.7252053063803,3.6342703248530785,44.59325,41.140249999999995,2025-10-18 12:12:16
151.3,7.2,1114.8,149.3,5.2,769.4,1772.4,60.03,214.8,8.1,4.5,1311.7,46.2,3.4,1.2,0,1009.9702188268808,44.812,41.562,2025-10-18 12:06:45
150.92499999999998,7.125,1089.125,147.57500000000002,5.15,761.7,1734.65,60.025,214.72500000000002,8.05,4.5,1311.7,46.2,3.425,1.2,0.0,971.1252104104624,2084.6493998736573,2.160643633477493,44.952749999999995,41.7185,2025-10-18 12:12:17
153.5,4.8,721.2,149.2,3.7,560.1,1210.2,59.99,214.3,5.7,4.5,1311.7,46.5,3.5,1.2,0,699.2101514955328,45.375,41.875,2025-10-18 12:07:48
150.775,4.525,697.875,148.42499999999998,3.625,547.9,1176.725,59.987500000000004,214.225,5.375,4.5,1311.7,46.45,3.5,1.2,0.0,631.2313867668006,2359.4440934933673,4.0440784826810905,45.29675,41.90625,2025-10-18 12:12:16
154.8,3.7,616.7,152,3.5,518.0,1065.2,60.04,213.8,4.8,4.5,1311.7,46.1,3.5,1.2,0,621.5201346626959,45.062,41.687,2025-10-18 12:08:51
152.325,5.45,804.4000000000001,150.675,3.95,587.025,1316.3,60.027499999999996,214.14999999999998,6.225,4.5,1311.7,46.15,3.5,1.2,0.0,747.7664120160559,2226.7845862286795,3.204808074637512,44.968500000000006,41.5935,2025-10-18 12:12:16
152.3,7.4,1100.5,147.7,5.3,785.4,1771.8,60.01,214.8,8.3,4.5,1311.7,46.4,3.5,1.2,0,971.1252104104623,45.375,42.187,2025-10-18 12:09:53
151.325,7.375,1100.6,147.7,5.35,785.775,1770.6000000000001,60.0075,214.8,8.3,4.5,1311.7,46.4,3.5,1.2,0.0,971.1252104104623,1781.427668982944,1.8343954516740366,45.43725,42.0935,2025-10-18 12:12:16
152.5,7.3,1105.3,150.6,5.2,793.9,1784.2,60.01,214.8,8.4,4.6,1311.8,46.8,3.5,1.3,0,971.1252104104623,45.562,41.562,2025-10-18 12:10:55
150.225,7.45,1095.5,148.075,5.425000000000001,793.95,1772.4,59.995,214.8,8.375,4.6,1311.8,46.75,3.5,1.3,0.0,980.8364625145668,2217.3089071383447,2.26222090480587,45.781,41.74975,2025-10-18 12:12:16
150,7.5,1113.1,148,5.5,810.0,1804.4,59.96,214.8,8.5,4.6,1311.8,47,3.5,1.3,0,1009.9702188268808,45.875,41.062,2025-10-18 12:11:58
149.8,7.45,1101.15,147.675,5.5,808.625,1790.7749999999999,60.0,214.72499999999997,8.45,4.6,1311.8,47.0,3.5,1.3,0.0,980.836462514567,1970.94125078964,2.014907770056854,45.968500000000006,41.203,2025-10-18 12:12:16
150,7.5,1115.3,144.8,5.5,815.4,1810.7,60.01,214.9,8.4,4.6,1311.8,47.2,3.5,1.3,0,971.1252104104623,46.625,41.687,2025-10-18 12:13:00
149.75,7.5,1112.6000000000001,146.075,5.425,801.025,1793.575,60.025,214.875,8.325,4.6,1311.8,47.2,3.525,1.3,0.0,971.1252104104623,2643.714466203411,2.740660948159478,46.531,41.62475,2025-10-18 12:12:17
152.2,6.1,925.4,147.7,3.8,555.7,1381.3,60.04,214.3,6.4,4.7,1311.9,47.3,3.6,1.3,0,660.3651430791144,46.437,42.25,2025-10-18 12:14:03
149.525,6.4,961.3,147.375,3.95,584.45,1452.3750000000002,60.04,214.375,6.625000000000001,4.6499999999999995,1311.85,47.27499999999999,3.6,1.3,0.0,679.7876472873236,2245.735944409349,3.4033794421116514,46.5,42.17175,2025-10-18 12:12:16
148.6,4.1,615.1,148.6,2.8,431.0,993.1,60.03,213.7,4.5,4.7,1311.9,46.8,3.6,1.3,0,466.14010099702193,44.625,41.5,2025-10-18 12:15:06
150.425,4.3999999999999995,663.2,147.72500000000002,3.0250000000000004,454.15000000000003,1057.85,60.0125,213.825,4.875,4.7,1311.9,46.95,3.6,1.3,0.0,504.98510941344034,2406.822488945041,4.866201791470269,44.968500000000006,41.7185,2025-10-18 12:12:16
155.6,2.4,335.4,145.6,2.3,332.1,641.2,60,213,3.2,4.7,1311.9,46.3,3.6,1.3,0,310.76006733134795,43.312,40.75,2025-10-18 12:16:08
151.375,2.675,413.925,146.625,2.375,354.9,731.15,60.0,213.4,3.325,4.7,1311.9,46.45,3.6,1.3,0.0,320.4713194354526,2634.2387871130763,8.212497367866918,43.577749999999995,40.953,2025-10-18 12:12:16
152.7,2.4,372.2,150.7,2.2,329.3,672.5,60.02,213.4,3.2,4.7,1311.9,45.8,3.6,1.3,0,310.76006733134795,42.687,39.625,2025-10-18 12:17:10
152.25,2.325,370.075,147.75,2.1750000000000003,329.2,669.15,59.9975,213.17499999999998,3.0749999999999997,4.7,1311.9,45.925,3.6,1.3,0.0,310.76006733134795,2331.0170562223625,7.501018635502209,42.7655,39.828,2025-10-18 12:12:16
146.8,7.7,1115.7,149.3,5.7,851.0,1843.2,60,215,8.5,4.7,1311.9,45.9,3.6,1.3,0,1048.8152272432992,42.562,39.375,2025-10-18 12:18:13
148.25,5.625,810.325,148.875,4.3,624.2,1355.65,59.995000000000005,214.425,6.475,4.7,1311.9,45.775,3.6,1.3,0.0,757.4776641201606,2264.687302590019,3.520388795990074,42.390249999999995,39.281,2025-10-18 12:12:16
154.2,5.3,806.2,149.2,5.1,757.1,1471.1,59.98,214.7,6.9,4.7,1311.9,46.3,3.6,1.3,0,815.7451767447883,42.812,40.125,2025-10-18 12:19:15
154.125,5.425,823.9,149.05,4.875,724.225,1459.4499999999998,60.0075,214.7,6.824999999999999,4.7,1311.9,46.2,3.6,1.3,0.0,815.7451767447883,2444.7252053063803,3.017250624191559,42.827749999999995,39.890249999999995,2025-10-18 12:12:17
152.825,5.375,809.25,149.425,4.699999999999999,708.775,1433.75,59.9925,214.3,6.7,4.8,1312.0,46.475,3.6,1.35,0.0,786.6114204324745,2397.3468098547064,3.144442728009308,43.452749999999995,40.515249999999995,2025-10-18 12:12:16
151.6,5.5,818.5,150.6,4.6,687.6,1420.3,59.97,214.1,6.8,4.8,1312.0,46.5,3.6,1.4,0,776.9001683283698,43.75,40.687,2025-10-18 12:20:18
153.20000000000002,6.95,1049.75,149.625,5.375,792.5,1730.725,59.962500000000006,214.7,8.05,4.8,1312.0,46.475,3.6,1.4,0.0,903.1464456817299,2255.2116234996843,2.558540218799719,44.06225,41.2655,2025-10-18 12:12:16
152,7.5,1149.0,150.3,6,883.0,1906.8,59.96,215,8.9,4.8,1312.0,46.5,3.6,1.4,0,1009.9702188268808,44.437,41.75,2025-10-18 12:21:21
151.3,7.6,1142.1,147.225,6.05,892.775,1906.0,59.9975,214.75,8.8,4.8,1312.0,46.574999999999996,3.7,1.4,0.0,1009.9702188268808,2387.8711307643716,2.3642985567811845,44.968500000000006,42.437,2025-10-18 12:12:16
150.8,7.6,1139.4,147.5,6.1,887.0,1899.4,60.01,214.8,8.7,4.8,1312.0,46.6,3.7,1.4,0,1009.9702188268808,45.437,42.875,2025-10-18 12:22:23
151.525,7.550000000000001,1126.1,146.05,6.0,879.8,1879.0499999999997,60.012499999999996,214.825,8.700000000000001,4.85,1312.05,46.6,3.7,1.4,0.0,1000.2589667227762,2274.162981680354,2.275428868965666,45.702749999999995,43.12475,2025-10-18 12:12:16
150.9,5.7,926.0,141.8,5.1,779.1,1589.3,60.03,214.3,7,4.9,1312.1,46.7,3.7,1.4,0,815.7451767447883,46.062,43.062,2025-10-18 12:23:25
154.325,5.225,769.525,145.20000000000002,4.3,614.275,1312.7,60.035000000000004,214.025,6.25,4.9,1312.1,46.550000000000004,3.7,1.4,0.0,708.9214035996374,2492.103600758054,3.504721017208383,45.593500000000006,42.7655,2025-10-18 12:12:16
148.8,7.3,1060.9,143.6,5.7,778.3,1720.0,59.96,214.7,8.4,4.9,1312.1,46.4,3.7,1.4,0,971.1252104104623,45.687,42.562,2025-10-18 12:24:28
150.85000000000002,7.625,1144.375,144.3,6.125,879.075,1891.75,59.965,214.975,8.7,4.9,1312.1,46.575,3.7,1.4,0.0,1029.39272303509,2425.7738471257103,2.3583912852548354,45.983999999999995,42.656,2025-10-18 12:12:16
151.3,7.8,1165.5,144.9,6.2,900.1,1936.3,59.98,215,9,4.9,1312.1,46.9,3.7,1.4,0,1048.8152272432992,46.5,43.25,2025-10-18 12:25:30
151.05,6.825,1053.375,145.2,5.6000000000000005,817.325,1751.475,59.9925,214.725,7.925,4.9,1312.1,47.05,3.7,1.4,0.0,941.9914540981484,2094.1250789639926,2.3205152501741253,46.65575,43.49975,2025-10-18 12:12:16
146.6,5.7,853.7,146.5,4.6,667.1,1425.7,59.99,214.6,6.5,5.0,1312.2,47.2,3.7,1.4,0,776.9001683283698,46.625,43.375,2025-10-18 12:26:33
150.225,7.375,1094.5,145.0,5.875,838.075,1810.6750000000002,59.987500000000004,215.0,8.4,5.0,1312.2,47.225,3.7250000000000005,1.4,0.0,1009.9702188268807,1914.0871762476309,1.8957278223987004,46.671499999999995,43.281000000000006,2025-10-18 12:12:16
149.6,7.9,1149.2,147.1,6.2,904.8,1918.9,59.98,215.2,8.9,5.0,1312.2,47.6,3.8,1.5,0,1048.8152272432992,47.312,43.375,2025-10-18 12:27:36
149.85000000000002,7.824999999999999,1157.0,145.14999999999998,6.275,894.775,1919.725,59.9975,215.05,8.875,5.0,1312.2,47.725,3.8,1.5,0.0,1048.8152272432992,2236.2602653190143,2.1321775344516976,47.421499999999995,43.65625,2025-10-18 12:12:16
149.8,7.8,1174.2,145.6,6.4,916.2,1954.2,60.01,214.9,9.1,5.0,1312.2,47.9,3.8,1.5,0,1087.6602356597177,47.812,44.437,2025-10-18 12:28:38
150.225,7.925000000000001,1163.325,144.725,6.3,911.1999999999999,1944.375,59.995,215.0,9.0,5.0,1312.2,47.975,3.8,1.5,0.0,1087.6602356597177,2719.51989892609,2.5003395451674035,47.765249999999995,44.5155,2025-10-18 12:12:16
152.3,7.7,1147.3,144.7,6.5,918.0,1928.3,59.98,215,9.1,5.1,1312.3,48.2,3.8,1.5,0,1087.6602356597177,47.25,44.812,2025-10-18 12:29:40
150.25,7.949999999999999,1160.3,144.625,6.4,919.625,1945.625,59.9875,214.89999999999998,9.05,5.074999999999999,1312.275,48.25,3.8,1.5,0.0,1087.6602356597177,2302.590018951358,2.117012228138255,47.718500000000006,44.890249999999995,2025-10-18 12:12:16
145.8,5.9,974.1,146.7,5,846.3,1708.7,60.04,214.2,6.7,5.1,1312.3,48.3,3.8,1.5,0,776.9001683283698,48.562,45.125,2025-10-18 12:30:43
149.825,6.0,887.2750000000001,144.925,4.825,692.8,1478.15,60.004999999999995,214.10000000000002,6.975,5.1,1312.3,48.199999999999996,3.8,1.5,0.0,815.7451767447883,2188.8818698673404,2.731381373522245,48.515249999999995,44.983999999999995,2025-10-18 12:12:16
151.5,4.2,619.7,143.2,3.3,474.0,1037.3,59.97,213.6,4.8,5.1,1312.3,47.9,3.8,1.5,0,543.8301178298589,48.25,44.25,2025-10-18 12:31:45
149.925,4.55,674.475,143.65,3.45,496.725,1103.9499999999998,59.99249999999999,213.5,5.1,5.1,1312.3,47.824999999999996,3.8,1.5,0.0,582.6751262462774,1980.4169298799748,3.4091447259573444,48.140249999999995,44.156000000000006,2025-10-18 12:12:16
151.4,3.9,578.2,144.6,2.9,442.2,965.1,59.98,213.1,4.4,5.1,1312.3,47.4,3.8,1.5,0,466.14010099702193,47.437,43.062,2025-10-18 12:32:48
151.375,3.8,562.65,144.55,3.125,453.5,962.85,59.9925,213.275,4.5,5.1,1312.3,47.349999999999994,3.8,1.5,0.0,524.4076136216497,1989.8926089703095,3.820540269900661,47.390249999999995,43.03075,2025-10-18 12:12:16
148.7,5,706.0,144.4,4.8,691.0,1311.7,60.01,214,6.3,5.1,1312.3,47.1,3.9,1.5,0,815.7451767447883,46.812,41.937,2025-10-18 12:33:51
149.97500000000002,4.5,681.825,143.625,4.25,613.3,1218.875,60.004999999999995,213.85,5.65,5.125,1312.3249999999998,47.1,3.9,1.5,0.0,689.4988993914283,2312.065698041693,3.465985255025639,46.81225,41.921499999999995,2025-10-18 12:12:16
150.4,7.5,1092.7,148.7,5.3,753.5,1730.9,59.97,214.5,8.3,5.2,1312.4,47,3.9,1.5,0,971.1252104104623,46.875,41.875,2025-10-18 12:34:53
150.625,6.675,999.15,146.65,5.2749999999999995,768.55,1653.2,59.975,214.275,7.725,5.2,1312.4,47.075,3.9,1.5,0.0,893.4351935776252,2397.3468098547064,2.7678793761863885,47.031,41.90625,2025-10-18 12:12:16
150.4,8,1187.0,144,6.7,961.0,2007.0,59.97,214.8,9.3,5.2,1312.4,47.5,3.9,1.6,0,1087.6602356597177,48.0,42.812,2025-10-18 12:35:55
150.52499999999998,7.625,1133.475,144.525,6.45,930.95,1929.875,59.9825,214.625,9.0,5.2,1312.4,47.474999999999994,3.9,1.5750000000000002,0.0,1058.526479347404,2492.103600758054,2.3466601389766266,47.890249999999995,42.937250000000006,2025-10-18 12:12:16
147.3,7.6,1123.0,140.4,6.9,967.7,1944.4,60.05,214.8,9.1,5.2,1312.4,48,3.9,1.6,0,1126.5052440761365,48.187,44.125,2025-10-18 12:36:58
148.97500000000002,7.775,1151.2250000000001,144.0,6.8,973.5,1983.775,60.0225,214.8,9.15,5.2,1312.4,47.925,3.9,1.6,0.0,1097.3714877638224,2482.6279216677194,2.2588072858480963,48.233999999999995,44.093500000000006,2025-10-18 12:12:16
147,7.9,1150.3,140.5,6.8,958.6,1965.5,60.03,214.5,9.2,5.3,1312.5,48.1,3.9,1.6,0,1087.6602356597177,48.75,43.812,2025-10-18 12:38:00
150.125,7.925000000000001,1155.525,143.55,6.8,968.625,1987.05,60.035,214.625,9.275,5.3,1312.5,48.075,3.9,1.6,0.0,1087.6602356597177,2340.4927353126973,2.151860166049995,48.608999999999995,43.843500000000006,2025-10-18 12:12:17
152.5,7.2,1056.0,140.8,6.2,843.4,1776.0,60.02,214.1,8.5,5.3,1312.5,48.3,3.9,1.6,0,1009.9702188268808,48.812,42.812,2025-10-18 12:39:03
148.5,7.1,1054.325,143.025,6.075,869.85,1799.175,60.012499999999996,214.15,8.375,5.3,1312.5,48.3,3.925,1.6,0.0,980.8364625145668,2634.2387871130763,2.717064385697361,49.03075,43.062250000000006,2025-10-18 12:12:16
153.4,5.3,834.7,144.3,4.4,642.0,1361.5,60.02,213.9,6.1,5.3,1312.5,48,4.0,1.6,0,660.3651430791144,48.0,41.062,2025-10-18 12:40:05
150.72500000000002,5.225,795.5749999999999,144.35,4.575,664.525,1372.75,60.0075,213.72500000000002,6.325,5.3,1312.5,48.050000000000004,4.0,1.6,0.0,699.2101514955328,2217.3089071383447,3.437229412761214,48.1245,41.3435,2025-10-18 12:12:16
151.6,2.9,442.0,144,2.6,381.4,782.2,60.01,213.3,3.6,5.3,1312.5,47.5,4.0,1.6,0,388.4500841641849,46.5,39.062,2025-10-18 12:41:08
148.975,3.35,504.05000000000007,144.875,2.9,422.57500000000005,874.8,59.997499999999995,213.275,4.0,5.3,1312.5,47.525,4.0,1.6,0.0,427.2950925806034,2132.0277953253317,5.11045009475679,46.718500000000006,39.437,2025-10-18 12:12:16
153.9,2.8,416.7,145.5,2.6,375.9,754.8,60,213.3,3.6,5.4,1312.6,47.2,4.0,1.6,0,388.4500841641849,45.125,37.812,2025-10-18 12:42:10
151.22500000000002,2.8,423.75,147.325,2.55,376.54999999999995,762.7750000000001,60.0025,213.20000000000002,3.6,5.4,1312.6,47.225,4.0,1.6,0.0,388.4500841641849,2198.357548957675,5.65930511686671,45.56225,38.09375,2025-10-18 12:12:16
152.8,2.6,392.9,144.2,2.5,360.2,718.3,60.01,213,3.3,5.4,1312.6,46.9,4.0,1.6,0,349.6050757477664,44.375,37.312,2025-10-18 12:43:13
152.8,2.625,402.975,145.55,2.475,366.775,733.025,60.019999999999996,213.20000000000002,3.4000000000000004,5.4,1312.6,46.925,4.0,1.6,0.0,359.31632785187105,2094.1250789639926,5.870715940197936,44.5935,37.483999999999995,2025-10-18 12:12:16
158.3,2.4,330.8,144.3,2.4,349.9,675.6,60.03,213.1,3.2,5.4,1312.6,46.6,4.0,1.6,0,349.6050757477664,43.625,36.562,2025-10-18 12:44:15
154.7,2.45,378.5,146.675,2.4,353.125,699.25,60.027499999999996,212.975,3.3,5.4,1312.6,46.725,4.0,1.6,0.0,339.8938236436618,2435.2495262160455,7.155443251210781,43.874750000000006,36.781,2025-10-18 12:12:17
155.70000000000002,2.225,342.75,146.025,2.175,317.475,636.45,60.035,213.15,2.9749999999999996,5.4,1312.6,46.475,4.0,1.6,0.0,301.0488152272433,2397.346809854706,7.945329843876905,43.327749999999995,36.6405,2025-10-18 12:12:16
155.7,2.1,329.5,143.6,2.1,297.9,601.5,60.02,213.1,2.8,5.4,1312.6,46.4,4.0,1.6,0,271.91505891492943,43.062,36.75,2025-10-18 12:45:18
155.85,1.9500000000000002,295.4,146.275,1.8749999999999998,280.025,554.375,60.012499999999996,212.6,2.6,5.4,1312.6,46.199999999999996,4.0,1.675,0.0,271.91505891492943,2113.076437144662,7.771090154318203,42.671499999999995,36.73425,2025-10-18 12:12:16
152.8,1.8,286.3,146.3,1.8,268.8,534.2,60.02,212.4,2.5,5.4,1312.6,46.1,4.0,1.7,0,233.07005049851097,42.375,36.75,2025-10-18 12:46:21
156.65,1.8,269.175,146.0,1.8,262.175,512.75,59.97,212.925,2.4,5.4,1312.6,45.975,4.0,1.7,0.0,233.07005049851097,2397.3468098547064,10.285949673615498,41.9685,36.56225,2025-10-18 12:12:16
155.8,1.8,278.4,146.3,1.8,259.0,520.2,59.99,212.8,2.4,5.4,1312.6,45.9,4.0,1.7,0,233.07005049851097,41.687,36.312,2025-10-18 12:47:23
156.25,1.75,269.475,145.875,1.725,254.64999999999998,503.075,59.9975,212.95,2.375,5.4,1312.6,45.725,4.0,1.7,0.0,233.07005049851097,1999.3682880606443,8.578400715940196,41.406,36.1405,2025-10-18 12:12:16
155.7,1.6,273.2,144,1.7,255.7,510.2,60,212.9,2.2,5.4,1312.6,45.6,4.0,1.7,0,233.07005049851097,41.125,35.875,2025-10-18 12:48:25
155.67499999999998,1.6749999999999998,267.55,146.3,1.7,253.7,505.02500000000003,59.98499999999999,212.875,2.3499999999999996,5.4,1312.6,45.475,4.0,1.7,0.0,233.07005049851097,2435.2495262160455,10.448573383870288,40.858999999999995,35.59375,2025-10-18 12:12:16
157,1.7,260.1,144.2,1.7,250.9,497.0,60.02,213,2.3,5.4,1312.6,45.3,4.0,1.7,0,233.07005049851097,40.562,35.25,2025-10-18 12:49:28
155.075,1.65,264.0,146.0,1.6749999999999998,248.15,496.45000000000005,60.02250000000001,212.775,2.275,5.4,1312.6,45.224999999999994,4.0,1.7,0.0,233.07005049851097,2833.228048010107,12.156122341545586,40.390249999999995,35.09325,2025-10-18 12:12:16
158.7,1.6,252.8,149,1.6,238.8,480.1,60.02,212.4,2.2,5.4,1312.6,45.1,4.0,1.7,0,233.07005049851097,39.875,34.812,2025-10-18 12:50:30
155.64999999999998,1.55,242.35000000000002,147.7,1.55,231.425,461.87499999999994,60.01,212.325,2.125,5.4,1312.6,45.0,4.0,1.7,0.0,213.6475462903017,2188.8818698673404,10.57054116656138,39.703,34.656,2025-10-18 12:12:16
156.9,1.4,223.9,147.4,1.4,216.0,431.2,60,212.5,2,5.4,1312.6,44.8,4.0,1.7,0,194.22504208209244,39.25,34.312,2025-10-18 12:51:33
155.65,1.3499999999999999,215.35,147.7,1.3749999999999998,209.14999999999998,415.0,59.99249999999999,212.45,1.925,5.475,1312.675,44.75,4.0,1.7,0.0,194.22504208209244,2046.7466835123182,10.538016424510424,39.0155,34.15575,2025-10-18 12:12:16
155.6,1.3,201.7,149.2,1.3,199.2,393.0,59.99,212.4,1.8,5.5,1312.7,44.6,4.0,1.7,0,155.38003366567398,38.812,34.062,2025-10-18 12:52:36
156.04999999999998,1.2,196.625,148.35000000000002,1.2750000000000001,197.2,386.1,60.0075,212.47500000000002,1.725,5.5,1312.7,44.55,4.0,1.7,0.0,155.38003366567398,2255.2116234996843,14.51416614024005,38.73425,33.9685,2025-10-18 12:12:16
155.8,1.2,187.8,146.4,1.2,190.8,371.2,60.01,212.7,1.7,5.5,1312.7,44.5,4.0,1.7,0,155.38003366567398,38.5,33.75,2025-10-18 12:53:38
156.325,1.15,184.4,149.025,1.225,189.35000000000002,366.92499999999995,60.012499999999996,212.625,1.7,5.5,1312.7,44.45,4.0,1.7,0.0,155.38003366567398,2425.7738471257107,15.611876184459884,38.406,33.640249999999995,2025-10-18 12:12:16
155.6,1,178.6,149.3,1.1,187.0,358.5,60.03,212.4,1.6,5.5,1312.7,44.2,4.0,1.7,0,155.38003366567398,38.062,33.437,2025-10-18 12:54:40
156.0,1.1,176.525,149.65,1.1749999999999998,182.725,352.475,60.0175,212.45,1.625,5.5,1312.7,44.199999999999996,4.0,1.7,0.0,155.38003366567398,2236.2602653190143,14.392198357548956,38.0155,33.48425,2025-10-18 12:12:16
155.6,1.1,173.3,149.1,1.2,179.4,347.0,60.02,212.8,1.6,5.5,1312.7,43.9,4.0,1.7,0,155.38003366567398,37.437,33.437,2025-10-18 12:55:43
156.05,1.05,173.02500000000003,148.525,1.125,178.55,344.625,60.0375,212.7,1.5750000000000002,5.5,1312.7,43.849999999999994,4.0,1.7,0.0,116.53502524925548,2169.930511686671,18.62041482417351,37.390249999999995,33.328,2025-10-18 12:12:16
160,0.9,171.4,151.3,1.1,176.3,341.8,59.98,212.8,1.5,5.5,1312.7,43.5,4.0,1.7,0,116.53502524925548,37.25,33.187,2025-10-18 12:56:45
158.675,1.0,168.82500000000002,149.77499999999998,1.1,175.45,336.85,60.025,212.85,1.6,5.5,1312.7,43.475,4.0,1.7,0.0,116.53502524925548,2283.638660770688,19.59615708570225,37.23425,33.2185,2025-10-18 12:12:16
158.7,1,169.8,147.2,1.1,172.7,335.9,60.01,212.6,1.5,5.5,1312.7,43.3,4.0,1.7,0,116.53502524925548,37.0,33.062,2025-10-18 12:57:48
157.79999999999998,1.0,167.35,150.32500000000002,1.1,172.175,332.6,60.017500000000005,212.45,1.55,5.5,1312.7,43.25,4.0,1.7,0.0,116.53502524925548,2368.919772583702,20.32796378184881,37.0155,33.09325,2025-10-18 12:12:16
155.8,1,166.8,152.1,1.1,170.6,330.3,60.04,212.5,1.5,5.5,1312.7,43,4.0,1.7,0,116.53502524925548,36.812,33.0,2025-10-18 12:58:51
158.4,0.95,166.25,148.05,1.1,173.2,334.45000000000005,60.025,212.5,1.5,5.5,1312.7,43.0,4.025,1.7,0.0,116.53502524925548,2435.2495262160455,20.897146767740576,36.781,33.031,2025-10-18 12:12:16
158.7,1,170.2,149.2,1.1,177.4,340.8,60.03,212.3,1.5,5.5,1312.7,42.8,4.1,1.7,0,116.53502524925548,36.375,32.812,2025-10-18 12:59:53
158.54999999999998,0.975,165.5,149.375,1.1,176.27499999999998,335.2,60.0325,212.55,1.5,5.5,1312.7,42.825,4.1,1.7,0.0,116.53502524925548,2681.6171825647507,23.011255001052852,36.406,32.827749999999995,2025-10-18 13:13:16
158.9,1.1,173.7,146.4,1.2,180.8,347.6,60.04,212.7,1.6,5.5,1312.7,42.5,4.1,1.7,0,116.53502524925548,36.187,32.75,2025-10-18 13:00:56
158.375,1.05,169.4,149.525,1.175,182.325,348.32500000000005,60.03,212.45,1.6,5.5,1312.7,42.55,4.1,1.7,0.0,116.53502524925548,2387.8711307643716,20.4905874921036,36.203,32.74975,2025-10-18 13:13:16
155.8,1.1,177.5,149.3,1.2,186.6,357.1,59.99,212.4,1.6,5.5,1312.7,42.4,4.1,1.7,0,116.53502524925548,36.062,32.875,2025-10-18 13:01:58
158.6,1.1,178.0,149.275,1.175,185.625,355.87499999999994,60.00000000000001,212.6,1.6,5.5,1312.7,42.425000000000004,4.1,1.7,0.0,126.24627735336009,1970.94125078964,15.51023636555064,36.04675,32.85925,2025-10-18 13:13:16
158.6,1,182.4,149,1.2,185.5,360.1,60.02,212.7,1.6,5.5,1312.7,42.3,4.1,1.7,0,155.38003366567398,35.875,32.562,2025-10-18 13:03:00
158.575,1.0750000000000002,181.125,149.9,1.2,185.875,359.15,60.0225,212.70000000000002,1.625,5.5,1312.7,42.3,4.1,1.7,0.0,145.66878156156935,2264.687302590019,15.896467677405768,35.906,32.60925,2025-10-18 13:13:17
158.8,1.1,183.3,149.4,1.2,183.7,358.5,59.99,212.7,1.6,5.5,1312.7,42.1,4.1,1.7,0,116.53502524925548,35.75,32.562,2025-10-18 13:04:03
158.175,1.0750000000000002,180.475,150.675,1.175,184.825,358.2,59.99,212.72500000000002,1.675,5.5,1312.7,42.15,4.1,1.7,0.0,145.66878156156935,2331.0170562223625,16.05909138766056,35.781,32.56225,2025-10-18 13:13:16
158.9,1.1,185.0,151.9,1.2,184.2,362.0,60.04,212.8,1.7,5.5,1312.7,42,4.1,1.7,0,155.38003366567398,35.625,32.562,2025-10-18 13:05:06
159.39999999999998,1.1,183.625,148.725,1.2,184.225,360.9,60.01499999999999,212.82500000000002,1.675,5.5,1312.7,42.0,4.1,1.7,0.0,155.38003366567398,2255.2116234996843,14.51416614024005,35.608999999999995,32.5935,2025-10-18 13:13:16
161.6,1.1,186.1,149.3,1.2,184.8,364.1,59.97,212.6,1.7,5.5,1312.7,41.9,4.1,1.7,0,155.38003366567398,35.437,32.5,2025-10-18 13:06:08
157.275,1.1,185.52499999999998,149.95,1.2,185.4,364.15,59.99,212.6,1.675,5.5,1312.7,41.9,4.1,1.7,0.0,155.38003366567398,2605.811749842072,16.770570120025265,35.43725,32.531,2025-10-18 13:13:16
159.7,1.1,186.8,153.6,1.1,175.2,355.8,60.02,212.9,1.6,5.5,1312.7,41.7,4.1,1.7,0,155.38003366567398,35.25,32.25,2025-10-18 13:07:10
159.5,1.05,187.7,150.75,1.2,181.125,361.72499999999997,60.04,212.625,1.6749999999999998,5.5,1312.7,41.775,4.1,1.7,0.0,155.38003366567398,2397.346809854706,15.428924510423244,35.281,32.327749999999995,2025-10-18 13:13:16
161.5,1.1,180.8,152.1,1.1,179.9,353.0,59.97,212.9,1.7,5.5,1312.7,41.6,4.1,1.7,0,155.38003366567398,35.125,31.875,2025-10-18 13:08:13
160.35000000000002,1.05,184.425,150.8,1.1,180.125,357.65,59.967499999999994,212.725,1.5750000000000002,5.5,1312.7,41.675000000000004,4.1,1.7,0.0,155.38003366567398,2558.433354390398,16.465650663297534,35.187,31.9685,2025-10-18 13:13:16
159,1.1,178.8,149.1,1.1,177.5,350.0,59.99,213,1.6,5.6,1312.8,41.6,4.1,1.7,0,116.53502524925548,35.0,31.75,2025-10-18 13:09:15
161.67499999999998,1.05,177.4,152.275,1.0750000000000002,177.5,348.275,60.005,212.925,1.6,5.574999999999999,1312.775,41.6,4.1,1.7,0.0,145.66878156156935,2539.4819962097285,17.9495920193725,35.078,31.7965,2025-10-18 13:13:17
161.8,1.025,172.39999999999998,149.975,1.1,175.95,341.975,59.989999999999995,213.025,1.5750000000000002,5.6,1312.8,41.575,4.1,1.7,0.0,116.53502524925548,2596.336070751737,22.279448304906296,34.78125,31.75,2025-10-18 13:13:16
161.7,1,174.0,149.3,1.1,174.3,341.4,59.98,213,1.6,5.6,1312.8,41.5,4.1,1.7,0,116.53502524925548,34.75,31.75,2025-10-18 13:10:18
161.125,0.975,167.975,149.22500000000002,1.0750000000000002,170.64999999999998,335.1,59.985,213.0,1.475,5.6,1312.8,41.5,4.1,1.7,0.0,116.53502524925548,2530.0063171193933,21.71026531901453,34.812,31.67175,2025-10-18 13:13:16
163.8,1,145.6,150.4,1.1,168.8,307.9,59.98,212.7,1.5,5.6,1312.8,41.5,4.1,1.7,0,116.53502524925548,34.812,31.562,2025-10-18 13:11:21
161.2,0.95,166.725,149.375,1.0,164.27499999999998,320.175,60.0075,212.8,1.475,5.6,1312.8,41.425000000000004,4.1,1.7,0.0,116.53502524925548,2634.2387871130763,22.604695725415876,34.74975,31.562,2025-10-18 13:13:16
159.9,1,165.3,150.6,1,162.0,321.2,60,212.7,1.4,5.6,1312.8,41.4,4.1,1.7,0,116.53502524925548,34.75,31.5,2025-10-18 13:12:23
161.7,0.8500000000000001,157.25,149.875,0.975,158.825,309.7,60.0025,212.575,1.4,5.6,1312.8,41.3,4.1,1.7,0.0,116.53502524925548,2634.2387871130763,22.604695725415873,34.656,31.48425,2025-10-18 13:13:16
159.9,0.9,160.0,149.3,1,157.2,311.0,59.98,212.5,1.4,5.6,1312.8,41.2,4.1,1.7,0,116.53502524925548,34.625,31.5,2025-10-18 13:13:25
161.275,0.875,157.95000000000002,147.825,1.0,154.5,307.225,59.99,212.60000000000002,1.4,5.6,1312.8,41.150000000000006,4.1,1.7,0.0,116.53502524925548,2122.552116234997,18.213855548536532,34.53125,31.4685,2025-10-18 13:13:16
162.2,0.8,161.0,146.4,1,152.7,307.6,59.96,212.4,1.4,5.6,1312.8,41,4.1,1.7,0,116.53502524925548,34.437,31.437,2025-10-18 13:14:28
161.3,0.9,157.2,151.075,0.95,154.675,305.90000000000003,60.0025,212.525,1.4,5.6,1312.8,40.849999999999994,4.1,1.7,0.0,116.53502524925548,2226.7845862286795,19.10828595493788,34.2655,31.358999999999998,2025-10-18 13:13:16
161.7,0.9,161.3,149.4,1,156.3,313.3,60,212.5,1.4,5.6,1312.8,40.8,4.1,1.7,0,116.53502524925548,34.25,31.312,2025-10-18 13:15:30
160.39999999999998,0.9,163.2,148.125,1.0,157.15,314.075,59.9775,212.625,1.375,5.6,1312.8,40.849999999999994,4.1,1.7,0.0,116.53502524925548,2359.4440934933673,20.246651926721412,34.25,31.32775,2025-10-18 13:13:16
158.8,1,164.6,152.2,1,159.8,318.2,59.97,212.7,1.4,5.6,1312.8,40.8,4.1,1.7,0,116.53502524925548,34.25,31.375,2025-10-18 13:16:33
161.75,0.95,165.3,151.825,0.975,162.4,321.425,60.0175,212.8,1.475,5.6,1312.8,40.825,4.1,1.7249999999999999,0.0,116.53502524925548,2719.51989892609,23.33650242156243,34.140249999999995,31.3905,2025-10-18 13:13:16
161.6,0.9,170.7,149,1,166.3,330.4,60.06,212.9,1.5,5.6,1312.8,40.7,4.1,1.8,0,116.53502524925548,34.0,31.187,2025-10-18 13:17:36
161.05,1.0,170.3,151.27499999999998,1.0750000000000002,168.7,331.625,60.03,212.95,1.5,5.6,1312.8,40.4,4.1,1.8,0.0,116.53502524925548,2217.308907138345,19.026974099810484,33.8905,31.12475,2025-10-18 13:13:16
161.5,1.1,179.1,152.2,1.1,178.0,350.0,60.04,213,1.6,5.6,1312.8,39.9,4.1,1.8,0,116.53502524925548,33.75,30.937,2025-10-18 13:18:38
160.32500000000002,1.0750000000000002,181.55,150.975,1.1500000000000001,182.2,356.45,60.029999999999994,212.72500000000002,1.6,5.6,1312.8,39.875,4.1,1.8,0.0,155.38003366567398,2615.2874289324063,16.831554011370812,33.656,30.92175,2025-10-18 13:13:16
158.7,1.2,189.6,149.2,1.2,191.7,373.7,60.02,212.8,1.7,5.6,1312.8,39.8,4.1,1.8,0,155.38003366567398,33.5,30.75,2025-10-18 13:19:40
163.225,1.1500000000000001,194.825,152.35,1.25,196.575,383.82500000000005,60.025000000000006,212.675,1.775,5.6,1312.8,39.75,4.1,1.8,0.0,155.38003366567398,2226.7845862286795,14.33121446620341,33.4685,30.734,2025-10-18 13:13:16
163.6,1.2,208.2,152.3,1.3,209.2,409.3,60.01,212.7,1.9,5.6,1312.8,39.7,4.1,1.8,0,155.38003366567398,33.437,30.687,2025-10-18 13:20:43
162.20000000000002,1.25,209.22500000000002,152.0,1.35,209.10000000000002,410.35,59.9975,212.825,1.9,5.6,1312.8,39.675000000000004,4.1,1.8,0.0,155.38003366567398,2321.5413771320277,14.941053379658875,33.421499999999995,30.6405,2025-10-18 13:13:16
164.8,1,218.6,152.2,1.4,217.8,428.0,59.99,212.8,1.9,5.6,1312.8,39.5,4.1,1.8,0,194.22504208209244,33.312,30.437,2025-10-18 13:21:45
164.675,1.3,213.175,150.775,1.4,216.57500000000002,418.75,60.005,212.675,1.95,5.6,1312.8,39.574999999999996,4.1,1.8,0.0,184.5137899779878,2662.665824384081,14.355608022741631,33.233999999999995,30.45275,2025-10-18 13:13:16
164.8,1.3,220.2,151,1.4,223.0,435.4,59.97,212.7,2,5.6,1312.8,39.7,4.1,1.8,0,194.22504208209244,33.187,30.5,2025-10-18 13:22:48
163.95,1.35,219.0,151.5,1.4,223.325,433.475,59.987500000000004,212.77500000000003,2.0,5.6,1312.8,39.675000000000004,4.1,1.8,0.0,194.22504208209244,2084.649399873658,10.733164876816172,33.15575,30.406,2025-10-18 13:13:16
161.5,1.4,230.6,152.4,1.5,229.6,451.0,60,212.9,2.1,5.6,1312.8,39.5,4.1,1.8,0,194.22504208209244,33.0,30.062,2025-10-18 13:23:51
163.97500000000002,1.325,233.125,151.95,1.5,229.675,453.45,59.99,212.9,2.0749999999999997,5.6,1312.8,39.525,4.1,1.8,0.0,194.22504208209244,2634.2387871130763,13.562817435249528,33.04675,30.015249999999998,2025-10-18 13:13:16
164.7,1.5,237.6,152.3,1.6,242.8,471.5,60.02,213.1,2.2,5.6,1312.8,39.2,4.1,1.8,0,194.22504208209244,32.562,29.875,2025-10-18 13:24:53
164.75,1.475,238.72500000000002,151.325,1.5750000000000002,242.15,471.04999999999995,60.005,212.975,2.2,5.624999999999999,1312.8249999999998,39.225,4.1,1.8,0.0,194.22504208209244,2757.422615287429,14.197049905243208,32.54675,29.8435,2025-10-18 13:13:16
167.7,1.5,245.6,152.5,1.6,244.9,478.1,59.98,212.9,2.2,5.7,1312.9,39.2,4.1,1.8,0,194.22504208209244,32.0,29.437,2025-10-18 13:25:55
164.625,1.5,246.325,152.95,1.5750000000000002,243.17499999999998,480.175,59.9825,212.8,2.225,5.7,1312.9,39.225,4.1,1.8,0.0,213.6475462903017,2387.8711307643716,11.302347862707938,32.109,29.4375,2025-10-18 13:13:16
165.5,1.4,245.9,155.1,1.5,236.9,472.3,60.01,212.9,2.2,5.7,1312.9,38.9,4.1,1.8,0,194.22504208209244,31.687,28.0,2025-10-18 13:26:58
165.5,1.475,245.775,152.25,1.5,237.89999999999998,473.15,60.03,212.85,2.2,5.7,1312.9,38.900000000000006,4.1,1.8,0.0,203.93629418619707,2634.2387871130763,12.77409244051379,31.6715,28.202749999999998,2025-10-18 13:13:16
167.6,1.5,252.6,155.1,1.6,246.0,488.2,59.99,212.7,2.3,5.7,1312.9,38.5,4.1,1.8,0,233.07005049851097,30.812,26.937,2025-10-18 13:28:00
166.77499999999998,1.475,251.925,152.425,1.5499999999999998,244.10000000000002,485.09999999999997,59.982499999999995,212.825,2.1750000000000003,5.7,1312.9,38.55,4.1,1.8,0.0,203.93629418619707,2624.7631080227416,13.099339861023372,30.765249999999998,27.03125,2025-10-18 13:13:17
167.2,1.5,260.3,155.2,1.6,257.2,505.5,59.97,212.6,2.3,5.7,1312.9,38.7,4.1,1.8,0,233.07005049851097,30.312,26.375,2025-10-18 13:29:03
167.575,1.5,259.9,153.75,1.6250000000000002,253.825,502.17500000000007,59.987500000000004,212.825,2.3,5.7,1312.9,38.725,4.1,1.8,0.0,233.07005049851097,2586.8603916614024,11.09906822488945,30.40625,26.453,2025-10-18 13:13:16
167.8,1.6,269.3,155.1,1.7,271.4,527.1,60.03,212.5,2.5,5.7,1312.9,38.8,4.1,1.8,0,233.07005049851097,29.687,25.812,2025-10-18 13:30:06
167.625,1.6,267.975,154.65,1.7,266.425,521.725,60.0,212.55,2.425,5.7,1312.9,38.824999999999996,4.125,1.8,0.0,233.07005049851097,3051.168667087808,13.091208675510632,29.781,25.953,2025-10-18 13:13:16
168.3,1.7,282.3,158.1,1.8,293.9,560.9,60,213,2.6,5.7,1312.9,38.8,4.2,1.8,0,233.07005049851097,29.312,25.625,2025-10-18 13:31:08
167.15,1.6500000000000001,277.7,154.875,1.8250000000000002,289.42499999999995,553.8499999999999,60.010000000000005,212.925,2.575,5.7,1312.9,38.8,4.2,1.8,0.0,233.07005049851097,2984.8389134554645,12.806617182564748,29.37475,25.656,2025-10-18 13:13:16
167.5,1.8,304.2,158.1,2,326.7,611.9,60.02,212.9,2.8,5.7,1312.9,38.8,4.2,1.8,0,271.91505891492943,29.0,25.875,2025-10-18 13:32:10
168.29999999999998,1.725,297.59999999999997,156.325,2.025,318.175,597.35,60.012499999999996,213.05,2.7500000000000004,5.7,1312.9,38.775,4.2,1.8,0.0,262.2038068108248,2425.7738471257107,9.199855608699576,29.077749999999998,25.781,2025-10-18 13:13:16
170.5,1.9,310.7,155.2,2.2,351.1,639.0,59.98,212.9,3,5.7,1312.9,38.8,4.2,1.8,0,271.91505891492943,29.0,26.187,2025-10-18 13:33:13
168.025,1.875,312.625,157.175,2.2,349.47499999999997,640.175,60.012499999999996,212.95,3.0,5.7,1312.9,38.8,4.2,1.8,0.0,271.91505891492943,3790.271636133923,13.939175164696326,28.98425,26.06225,2025-10-18 13:13:16
167.6,1.9,316.5,158.1,2.3,359.7,653.7,59.97,213.1,3,5.7,1312.9,38.8,4.2,1.8,0,271.91505891492943,28.937,26.125,2025-10-18 13:34:15
167.35,1.875,312.8,156.4,2.25,354.47499999999997,645.375,59.985,213.07500000000002,3.0,5.7,1312.9,38.8,4.2,1.8,0.0,271.91505891492943,3989.260897030954,14.670981860842884,28.87475,26.07775,2025-10-18 13:13:17
168.475,1.9,315.45,157.625,2.275,363.82500000000005,656.65,59.995000000000005,212.95,3.0749999999999997,5.7,1312.9,38.9,4.2,1.8,0.0,271.91505891492943,2937.4605180037897,10.802860752639653,28.87475,26.18725,2025-10-18 13:13:16
167.6,1.9,319.1,157.5,2.3,366.5,662.6,60,212.9,3.1,5.7,1312.9,38.9,4.2,1.8,0,271.91505891492943,28.812,26.25,2025-10-18 13:35:18
167.675,1.875,321.375,157.975,2.3249999999999997,366.75,664.5999999999999,59.980000000000004,212.77500000000003,3.0749999999999997,5.75,1312.95,38.95,4.2,1.8,0.0,271.91505891492943,3553.3796588755526,13.067976716902807,28.8905,26.281,2025-10-18 13:13:16
167.6,1.9,322.4,155.5,2.3,369.8,667.3,60.01,212.8,3.1,5.8,1313.0,39,4.2,1.8,0,271.91505891492943,28.937,26.312,2025-10-18 13:36:21
167.55,1.9,324.09999999999997,157.325,2.3249999999999997,370.84999999999997,670.375,59.9875,212.72499999999997,3.1,5.8,1313.0,39.0,4.2,1.8,0.0,271.91505891492943,2596.336070751737,9.548334987816984,28.96875,26.281,2025-10-18 13:13:16
167.3,1.9,323.5,160.9,2.2,364.9,662.9,59.98,212.7,3.1,5.8,1313.0,39,4.2,1.8,0,271.91505891492943,28.937,26.25,2025-10-18 13:37:23
167.575,1.9,318.4,157.85,2.225,358.65,654.175,60.015,212.775,3.05,5.8,1313.0,39.025,4.2,1.8,0.0,271.91505891492943,3136.4497789008215,11.53466744878621,28.93725,26.18725,2025-10-18 13:13:16
167.8,1.8,310.2,158.1,2.2,350.1,639.0,59.98,212.9,3,5.8,1313.0,39,4.2,1.8,0,271.91505891492943,28.875,26.312,2025-10-18 13:38:25
167.4,1.8,307.1,159.10000000000002,2.1500000000000004,341.05,626.425,59.9875,212.975,2.9250000000000003,5.8,1313.0,38.95,4.2,1.8250000000000002,0.0,271.91505891492943,3060.6443461781428,11.255883945492284,28.53125,26.3905,2025-10-18 13:13:16
167.6,1.8,303.0,158.1,2.1,332.5,615.8,59.98,213,2.9,5.8,1313.0,38.8,4.2,1.9,0,271.91505891492943,28.375,26.375,2025-10-18 13:39:28
167.35,1.775,288.65,158.1,2.05,326.525,600.3,59.9925,212.8,2.825,5.8,1313.0,38.8,4.2,1.9,0.0,252.49255470672017,4804.169298799747,19.241869716932882,28.406,26.453,2025-10-18 13:13:16
169.5,1.6,292.2,158.1,2,323.4,599.1,60.03,212.7,2.7,5.8,1313.0,38.8,4.2,1.9,0,233.07005049851097,28.437,26.562,2025-10-18 13:40:30
167.75,1.7,280.5,156.925,2.025,321.2,584.0999999999999,60.017500000000005,212.7,2.75,5.8,1313.0,38.725,4.2,1.9,0.0,233.07005049851097,3799.747315224258,16.303026953042746,28.531,26.53075,2025-10-18 13:13:16
169,1.7,272.4,154.8,2,317.3,588.6,60.03,212.8,2.8,5.8,1313.0,38.7,4.2,1.9,0,233.07005049851097,28.5,26.625,2025-10-18 13:41:33
167.3,1.6500000000000001,278.875,156.475,1.975,318.6,580.45,59.982499999999995,212.64999999999998,2.7750000000000004,5.8,1313.0,38.65,4.2,1.9,0.0,233.07005049851097,4368.288060644346,18.742382606864602,28.5155,26.703,2025-10-18 13:13:16
167.6,1.7,290.4,155.2,2.1,321.7,593.1,60.02,212.5,2.7,5.8,1313.0,38.5,4.2,1.9,0,233.07005049851097,28.562,26.812,2025-10-18 13:42:36
167.0,1.6,289.325,156.375,2.075,322.375,590.475,60.015,212.5,2.675,5.8,1313.0,38.525,4.2,1.9,0.0,233.07005049851097,5211.623499684144,22.36076016003369,28.68725,26.87475,2025-10-18 13:13:16
164.6,1.7,284.9,158,2,326.6,594.3,60,212.7,2.8,5.8,1313.0,38.5,4.2,1.9,0,233.07005049851097,28.812,27.0,2025-10-18 13:43:38
167.725,1.6,287.29999999999995,155.5,2.075,326.5,595.7249999999999,59.997499999999995,212.75,2.6500000000000004,5.8,1313.0,38.45,4.2,1.9,0.0,233.07005049851097,5022.1099178774475,21.547641608759736,28.796499999999998,26.93725,2025-10-18 13:13:16
167.8,1.7,281.1,154.7,2.1,330.8,593.6,59.96,212.7,2.8,5.8,1313.0,38.4,4.2,1.9,0,233.07005049851097,28.875,26.562,2025-10-18 13:44:40
167.625,1.6500000000000001,286.42499999999995,154.5,2.125,333.3,600.75,60.004999999999995,212.72499999999997,2.7750000000000004,5.8,1313.0,38.4,4.2,1.9,0.0,233.07005049851097,4027.163613392293,17.278769214571486,28.906,26.531,2025-10-18 13:13:16
167.6,1.4,265.7,155.5,2.1,328.0,578.3,60.01,213.1,2.6,5.9,1313.1,38.4,4.2,1.9,0,233.07005049851097,29.062,26.562,2025-10-18 13:45:43
168.075,1.6,266.625,154.775,2.075,325.85,574.625,60.019999999999996,213.0,2.6999999999999997,5.875,1313.0749999999998,38.375,4.2,1.9,0.0,233.07005049851097,3401.7687934301957,14.595477995367443,29.078,26.687,2025-10-18 13:13:16
167,1.5,257.1,155.1,2,313.1,553.0,59.99,213.2,2.6,5.9,1313.1,38.3,4.2,1.9,0,233.07005049851097,29.125,27.187,2025-10-18 13:46:45
167.5,1.475,248.64999999999998,155.225,1.95,312.425,545.4250000000001,60.002500000000005,213.24999999999997,2.525,5.9,1313.1,38.3,4.2,1.9,0.0,233.07005049851097,4472.5205306380285,19.189597810065273,29.125,27.1715,2025-10-18 13:13:16
169,1.2,247.6,152.9,2,306.8,540.5,59.98,213.2,2.4,5.9,1313.1,38.2,4.2,1.9,0,233.07005049851097,29.062,27.062,2025-10-18 13:47:48
166.375,1.5,253.075,155.075,1.9500000000000002,307.625,544.3499999999999,59.9775,213.29999999999998,2.45,5.9,1313.1,38.225,4.2,1.9,0.0,233.07005049851097,4387.239418825016,18.823694461991998,29.031,27.0935,2025-10-18 13:13:16
164.5,1.5,253.8,155.2,2,309.0,544.6,59.99,213.3,2.5,5.9,1313.1,38.2,4.2,1.9,0,233.07005049851097,28.687,27.312,2025-10-18 13:48:51
167.25,1.5,243.925,153.64999999999998,2.0,307.45000000000005,535.625,59.9825,213.175,2.5,5.9,1313.1,38.2,4.2,1.9,0.0,233.07005049851097,3070.1200252684775,13.172520530638028,28.68725,27.2965,2025-10-18 13:13:16
167.6,1.5,258.5,158,2,310.1,552.5,59.99,213.2,2.6,5.9,1313.1,38.3,4.2,1.9,0,233.07005049851097,28.562,27.375,2025-10-18 13:49:53
166.975,1.45,254.475,155.375,1.95,315.15,556.5999999999999,60.005,213.14999999999998,2.525,5.9,1313.1,38.275,4.2,1.9,0.0,233.07005049851097,5600.126342387871,24.02765319014529,28.656,27.328,2025-10-18 13:13:16
170.4,1.5,229.4,158.1,2,306.7,523.5,60.02,213,2.5,5.9,1313.1,38.3,4.2,1.9,0,233.07005049851097,29.062,27.0,2025-10-18 13:50:55
167.175,1.45,252.22500000000002,155.225,2.0,309.825,546.0,60.029999999999994,213.05,2.525,5.9,1313.1,38.3,4.2250000000000005,1.9,0.0,233.07005049851097,3013.265950726469,12.928584965255842,29.03075,27.031,2025-10-18 13:13:16
167.6,1.6,262.9,155.1,1.9,306.2,551.6,59.98,212.8,2.6,5.9,1313.1,38.3,4.3,1.9,0,194.22504208209244,29.062,26.437,2025-10-18 13:51:58
167.625,1.475,253.55,155.52499999999998,1.95,302.92499999999995,544.275,59.99,213.1,2.5,5.9,1313.1,38.3,4.3,1.9,0.0,223.35879839440634,2890.0821225521163,13.091208675510632,29.031,26.53075,2025-10-18 13:13:16
167.6,1.4,275.9,155.1,2,314.8,571.2,60.05,212.9,2.5,5.9,1313.1,38.2,4.3,1.9,0,233.07005049851097,29.062,26.5,2025-10-18 13:53:00
166.65,1.6,263.7,155.2,2.0,310.75,556.775,60.012499999999996,212.85,2.65,5.9,1313.1,38.25,4.3,1.9,0.0,233.07005049851097,4235.628553379659,18.173199620972834,29.07775,26.4685,2025-10-18 13:13:17
169.2,1.7,259.0,154.8,2,311.0,552.7,59.99,212.9,2.7,5.9,1313.1,38.2,4.3,1.9,0,233.07005049851097,29.312,26.75,2025-10-18 13:54:03
167.1,1.6,283.625,155.125,1.9500000000000002,313.475,576.05,60.0,212.92499999999998,2.6500000000000004,5.9,1313.1,38.225,4.3,1.9,0.0,233.07005049851097,5429.564118761845,23.295846493998734,29.2655,26.702749999999998,2025-10-18 13:13:16
167.5,1.8,303.8,155.1,2,315.5,598.1,60.02,212.8,2.8,5.9,1313.1,38.4,4.3,1.9,0,233.07005049851097,29.062,27.062,2025-10-18 13:55:06
167.975,1.675,301.775,155.20000000000002,1.9500000000000002,314.85,595.35,60.0225,212.85,2.675,5.9,1313.1,38.35,4.3,1.9,0.0,233.07005049851097,3382.817435249526,14.51416614024005,29.078,27.0155,2025-10-18 13:13:16
165.5,1.9,320.5,157,1.9,314.8,607.1,60.02,212.8,2.8,5.9,1313.1,38.4,4.3,1.9,0,271.91505891492943,28.75,26.937,2025-10-18 13:56:08
167.675,1.875,317.875,154.8,1.975,315.125,611.425,60.027499999999996,212.875,2.75,5.9,1313.1,38.4,4.3,1.9,0.0,262.2038068108248,3771.320277953253,14.386390367897002,28.79675,26.9685,2025-10-18 13:13:16
166.5,2,338.1,152.3,2,313.5,629.5,60.01,213.4,2.9,6.0,1313.2,38.3,4.3,1.9,0,271.91505891492943,28.875,27.0,2025-10-18 13:57:10
167.67499999999998,1.975,334.15,155.85,2.0,315.65,626.825,59.9875,213.02499999999998,2.9,6.0,1313.2,38.3,4.3,1.9,0.0,271.91505891492943,4235.628553379659,15.577028246548146,28.906,26.99975,2025-10-18 13:13:16
167.7,2.1,355.3,155.1,2.1,325.1,656.6,59.99,213.1,3,6.0,1313.2,38.2,4.3,2.0,0,271.91505891492943,29.0,27.187,2025-10-18 13:58:13
167.625,2.0749999999999997,349.225,155.45,2.1,318.8,645.125,59.987500000000004,213.1,3.025,6.0,1313.2,38.225,4.3,1.9249999999999998,0.0,271.91505891492943,5969.677826910929,21.954200884396716,28.906,27.1405,2025-10-18 13:13:16
170.5,2.2,351.6,155.1,2,328.2,650.6,60.03,212.7,3.1,6.0,1313.2,38.1,4.3,2.0,0,310.76006733134795,29.125,27.375,2025-10-18 13:59:15
167.55,2.1750000000000003,357.425,155.0,2.075,323.07500000000005,656.025,60.0325,212.7,3.1,6.0,1313.2,38.1,4.3,2.0,0.0,301.0488152272433,2672.1415034744155,8.873156190777005,29.078,27.265249999999998,2025-10-18 13:13:17
167.525,2.2,355.475,155.2,2.05,327.3,658.775,60.0025,213.125,3.1,6.0,1313.2,38.025,4.3,2.0,0.0,310.76006733134795,3638.660770688566,11.708907138344912,29.1405,27.483999999999998,2025-10-18 14:14:16
167,2.2,361.1,158.1,2.1,324.1,667.3,59.97,213.3,3.1,6.0,1313.2,38,4.3,2.0,0,310.76006733134795,29.187,27.562,2025-10-18 14:00:18
168.125,2.2,359.29999999999995,154.47500000000002,2.1,332.85,665.75,59.9875,213.25000000000003,3.2,6.0,1313.2,37.975,4.3,2.0,0.0,310.76006733134795,2757.422615287429,8.873156190777003,29.49975,27.7185,2025-10-18 14:14:16
165.5,2.2,373.2,156.4,2.1,336.4,684.0,60.01,213.1,3.2,6.0,1313.2,37.9,4.3,2.0,0,310.76006733134795,29.687,27.812,2025-10-18 14:01:21
167.42499999999998,2.125,368.22499999999997,154.5,2.1750000000000003,337.625,679.925,59.9975,213.125,3.15,6.0,1313.2,37.875,4.3,2.0,0.0,310.76006733134795,5088.439671509791,16.374174826279212,29.7495,27.953,2025-10-18 14:14:16
166.5,2.2,365.8,155.2,2.2,339.2,678.6,59.96,213.1,3.2,6.0,1313.2,37.8,4.3,2.0,0,310.76006733134795,30.0,28.0,2025-10-18 14:02:23
167.1,2.075,364.62499999999994,153.3,2.2,338.57500000000005,675.6500000000001,59.97,212.925,3.125,6.0,1313.2,37.8,4.3,2.0,0.0,310.76006733134795,4017.687934301958,12.928584965255844,30.12475,28.03075,2025-10-18 14:14:16
167.7,2.2,363.0,152.1,2.2,338.3,673.9,60.06,212.7,3.1,6.0,1313.2,37.8,4.3,2.0,0,310.76006733134795,30.312,28.125,2025-10-18 14:03:25
167.45,2.05,358.45,152.425,2.1500000000000004,334.425,667.125,60.019999999999996,212.625,3.05,6.0,1313.2,37.775,4.3,2.0,0.0,301.0488152272433,3847.1257106759313,13.120248623770417,30.43725,28.171499999999998,2025-10-18 14:14:16
168.5,1.9,354.4,152.2,2.2,333.3,641.8,60.02,212.6,3,6.0,1313.2,37.7,4.3,2.0,0,271.91505891492943,30.5,28.25,2025-10-18 14:04:28
167.55,2.1,351.725,153.725,2.1,328.425,655.4,60.005,212.79999999999998,3.025,6.0,1313.2,37.7,4.3,2.0,0.0,271.91505891492943,3231.2065698041692,11.88314682790362,30.531,28.203,2025-10-18 14:14:16
167.6,2.1,338.9,152.2,2.1,325.8,639.2,59.98,213,3.1,6.1,1313.3,37.6,4.3,2.0,0,271.91505891492943,30.625,28.125,2025-10-18 14:05:30
167.575,2.1,348.00000000000006,153.725,2.075,322.5,645.5999999999999,59.982499999999995,212.95,3.0,6.1,1313.3,37.6,4.3,2.0,0.0,271.91505891492943,4425.142135186355,16.273987004782963,30.656,28.10925,2025-10-18 14:14:16
167.6,2.1,348.1,155.3,2,318.5,643.9,59.98,213,3,6.1,1313.3,37.6,4.3,2.0,0,271.91505891492943,30.812,28.125,2025-10-18 14:06:33
167.72500000000002,2.1,344.15000000000003,153.1,2.0749999999999997,319.35,642.0250000000001,60.005,213.025,3.0,6.1,1313.3,37.6,4.3,2.0,0.0,271.91505891492943,3117.4984207201514,11.464971572962728,30.82775,28.09375,2025-10-18 14:14:16
164.3,2.1,348.3,155.1,2,321.4,646.5,60.01,213.1,3,6.1,1313.3,37.6,4.3,2.0,0,271.91505891492943,30.937,27.812,2025-10-18 14:07:36
168.225,2.1,338.625,152.7,2.1,323.725,645.575,60.0175,213.1,3.0749999999999997,6.1,1313.3,37.6,4.3,2.0,0.0,281.62631101903406,3193.3038534428297,11.482395541918597,30.952749999999998,27.781,2025-10-18 14:14:16
167.5,2.2,361.8,154,2.2,339.7,674.8,59.98,212.9,3.1,6.1,1313.3,37.6,4.3,2.0,0,310.76006733134795,30.937,27.625,2025-10-18 14:08:38
167.375,2.1750000000000003,346.3,155.10000000000002,2.225,338.04999999999995,663.65,59.99249999999999,213.0,3.1500000000000004,6.1,1313.3,37.6,4.324999999999999,2.0,0.0,310.76006733134795,3458.622867972205,11.129560170562222,30.99975,27.702749999999998,2025-10-18 14:14:16
166.3,2.3,375.3,153,2.4,377.2,722.1,59.98,213.2,3.4,6.1,1313.3,37.8,4.4,2.0,0,310.76006733134795,31.25,28.0,2025-10-18 14:09:40
167.775,2.2,364.325,154.325,2.3499999999999996,365.225,701.5999999999999,59.980000000000004,213.25,3.325,6.1,1313.3,37.8,4.4,2.0,0.0,310.76006733134795,3780.7959570435883,12.16628632343651,31.327749999999998,28.1245,2025-10-18 14:14:16
167.6,2.1,358.2,152.2,2.2,336.7,668.2,59.97,213.2,3.1,6.1,1313.3,37.9,4.4,2.0,0,310.76006733134795,31.5,28.5,2025-10-18 14:10:43
166.975,2.075,343.875,152.5,2.15,328.20000000000005,647.95,59.995000000000005,213.14999999999998,3.0500000000000003,6.1,1313.3,37.975,4.4,2.0,0.0,310.76006733134795,3155.4011370814906,10.15381790903348,31.5155,28.56225,2025-10-18 14:14:16
162.6,2,332.5,150.9,2,305.1,614.7,60.01,212.9,2.8,6.1,1313.3,38,4.4,2.0,0,271.91505891492943,31.625,28.75,2025-10-18 14:11:45
164.6,2.025,333.1,152.45,1.925,296.29999999999995,606.9,60.004999999999995,212.92499999999998,2.825,6.1,1313.3,38.0,4.4,2.0,0.0,271.91505891492943,5211.623499684144,19.16636585145745,31.62475,28.7185,2025-10-18 14:14:16
164.7,1.9,321.2,152.3,1.8,273.4,573.5,60,212.8,2.6,6.1,1313.3,38.1,4.4,2.0,0,271.91505891492943,31.625,28.687,2025-10-18 14:12:48
164.65,1.9,316.525,152.925,1.75,270.75,568.275,59.985,212.77500000000003,2.65,6.1,1313.3,38.074999999999996,4.4,2.0,0.0,271.91505891492943,4538.850284270373,16.69216225972385,31.60925,28.671499999999998,2025-10-18 14:14:16
167.3,1.9,305.6,151.6,1.7,255.9,545.4,59.96,212.8,2.6,6.1,1313.3,38.1,4.4,2.0,0,271.91505891492943,31.687,28.437,2025-10-18 14:13:51
164.52499999999998,1.9,304.275,151.075,1.675,256.20000000000005,545.8,59.982499999999995,212.75,2.6,6.1,1313.3,38.1,4.4,2.0,0.0,271.91505891492943,2937.46051800379,10.802860752639653,31.687,28.452749999999998,2025-10-18 14:14:16
164.8,1.9,303.2,152.6,1.6,245.2,543.5,60.03,212.8,2.5,6.1,1313.3,38.1,4.4,2.0,0,271.91505891492943,31.625,28.5,2025-10-18 14:14:53
164.55,1.875,302.95,151.6,1.6,244.85000000000002,530.775,60.0025,212.825,2.5,6.1499999999999995,1313.35,38.1,4.4,2.0,0.0,271.91505891492943,4396.71509791535,16.16944319104774,31.656,28.48425,2025-10-18 14:14:16
164.6,1.9,313.2,154,1.5,227.8,525.2,59.96,212.9,2.4,6.2,1313.4,38.1,4.4,2.0,0,271.91505891492943,31.562,28.5,2025-10-18 14:15:55
164.29999999999998,1.7999999999999998,309.57500000000005,152.6,1.475,232.10000000000002,522.85,59.975,212.85,2.4,6.2,1313.4,38.1,4.4,2.0,0.0,271.91505891492943,2861.655085281112,10.524077249345726,31.562,28.4685,2025-10-18 14:14:16
162.7,1.9,308.8,149.2,1.4,218.8,510.4,60,212.7,2.4,6.2,1313.4,38,4.4,2.0,0,271.91505891492943,31.5,28.375,2025-10-18 14:16:58
164.25,1.7999999999999998,311.375,152.125,1.4,219.5,513.5999999999999,60.0025,212.72500000000002,2.3249999999999997,6.2,1313.4,38.0,4.4,2.0,0.0,271.91505891492943,5192.672141503474,19.096669975633965,31.48425,28.406,2025-10-18 14:14:16
164.6,1.9,314.1,152.3,1.4,211.8,511.1,60,212.9,2.3,6.2,1313.4,38,4.4,2.1,0,271.91505891492943,31.375,28.187,2025-10-18 14:18:00
164.79999999999998,1.8249999999999997,314.325,151.17499999999998,1.375,212.575,511.35,60.019999999999996,212.9,2.275,6.2,1313.4,37.975,4.4,2.0749999999999997,0.0,271.91505891492943,1819.330385344283,6.690804079054237,31.406,28.24975,2025-10-18 14:14:17
164.7,1.7,308.4,154.7,1.3,202.1,497.3,60.04,212.8,2.1,6.2,1313.4,37.8,4.4,2.1,0,271.91505891492943,31.125,28.187,2025-10-18 14:19:03
164.5,1.8749999999999998,308.85,151.9,1.325,207.25,501.375,60.02,212.9,2.3,6.2,1313.4,37.849999999999994,4.4,2.1,0.0,271.91505891492943,3619.709412507896,13.31191228228499,31.21875,28.171499999999998,2025-10-18 14:14:16
164.7,1.8,278.0,149.1,1.4,207.4,472.5,59.98,212.9,2.3,6.2,1313.4,37.8,4.4,2.1,0,233.07005049851097,31.0,28.25,2025-10-18 14:20:06
165.3,1.7750000000000001,297.35,149.52499999999998,1.375,207.125,485.54999999999995,59.9975,212.975,2.275,6.2,1313.4,37.8,4.4,2.1,0.0,233.07005049851097,2880.6064434617815,12.359401979364074,30.99975,28.25,2025-10-18 14:14:16
164.6,1.8,277.3,149.2,1.4,215.1,482.2,60.04,213,2.4,6.2,1313.4,37.8,4.4,2.1,0,271.91505891492943,30.937,28.375,2025-10-18 14:21:08
164.375,1.725,293.125,153.625,1.4,209.225,485.9,60.0075,212.9,2.3,6.2,1313.4,37.8,4.4,2.1,0.0,252.4925547067202,3307.012002526848,13.306104292633036,30.952749999999998,28.3435,2025-10-18 14:14:16
164.6,1.9,309.0,152.3,1.5,230.9,523.3,60.01,212.8,2.4,6.2,1313.4,37.9,4.4,2.1,0,271.91505891492943,30.937,28.625,2025-10-18 14:22:10
164.375,1.7750000000000001,304.225,149.55,1.475,224.82500000000002,512.125,60.005,212.875,2.325,6.2,1313.4,37.85,4.4,2.1,0.0,262.2038068108248,5704.358812381553,21.896120987877143,30.937,28.5935,2025-10-18 14:14:16
164.6,1.9,319.5,152.2,1.6,251.6,552.6,60,212.8,2.5,6.2,1313.4,38.1,4.4,2.1,0,271.91505891492943,31.125,28.937,2025-10-18 14:23:13
164.125,1.85,314.875,151.1,1.6,243.8,540.6500000000001,60.0225,212.77499999999998,2.5,6.2,1313.4,38.05,4.4,2.1,0.0,271.91505891492943,3316.4876816171827,12.196778269109288,31.09325,28.858999999999998,2025-10-18 14:14:16
161.9,2,321.5,152.2,1.7,264.3,565.8,60.04,212.8,2.6,6.2,1313.4,38.2,4.4,2.1,0,271.91505891492943,31.187,29.062,2025-10-18 14:24:15
164.64999999999998,1.975,318.275,152.875,1.7,258.775,558.9749999999999,60.0225,212.77499999999998,2.65,6.2,1313.4,38.125,4.4,2.1,0.0,271.91505891492943,4339.861023373342,15.960355563577295,31.156,29.0155,2025-10-18 14:14:17
165.22500000000002,2.0,314.1,149.3,1.8,267.675,565.9749999999999,60.005,212.5,2.7,6.2,1313.4,38.225,4.4,2.1,0.0,271.91505891492943,4254.579911560328,15.646724122371626,31.358999999999998,29.18725,2025-10-18 14:14:16
164.7,2,331.2,150,1.7,270.7,580.1,60.02,212.5,2.7,6.2,1313.4,38.2,4.4,2.1,0,271.91505891492943,31.437,29.187,2025-10-18 14:25:18
164.5,2.0,316.45,151.025,1.775,274.45000000000005,572.15,60.022499999999994,212.625,2.75,6.2,1313.4,38.175,4.4,2.1,0.0,301.0488152272433,2160.454832596336,7.156895248623769,31.3905,29.0935,2025-10-18 14:14:16
165,1.8,336.5,149.2,1.8,277.4,578.3,60,212.7,2.6,6.2,1313.4,38.2,4.4,2.1,0,310.76006733134795,31.5,29.062,2025-10-18 14:26:21
164.225,2.0,327.15,151.575,1.825,280.9,587.45,59.9925,212.825,2.75,6.3,1313.5,38.25,4.4,2.1,0.0,310.76006733134795,3449.1471888818696,11.099068224889448,31.5155,29.12475,2025-10-18 14:14:16
165,2.1,328.3,149.2,1.9,283.8,588.0,59.96,213,2.8,6.3,1313.5,38.3,4.4,2.1,0,310.76006733134795,31.562,29.312,2025-10-18 14:27:23
164.14999999999998,1.975,348.09999999999997,150.4,1.9,288.75,610.625,59.995000000000005,213.025,2.7750000000000004,6.3,1313.5,38.425,4.425000000000001,2.1,0.0,310.76006733134795,2814.2766898294376,9.056107864813644,31.640249999999998,29.421499999999998,2025-10-18 14:14:16
164.6,2.2,356.4,152.2,1.9,294.4,627.0,60,213,2.9,6.3,1313.5,38.5,4.5,2.1,0,310.76006733134795,31.625,29.437,2025-10-18 14:28:25
165.225,2.1500000000000004,345.25,152.625,1.9249999999999998,296.525,616.05,59.99250000000001,213.075,2.925,6.3,1313.5,38.5,4.5,2.1,0.0,310.76006733134795,2757.422615287429,8.873156190777005,31.671499999999998,29.43725,2025-10-18 14:14:16
165.7,2.2,335.2,149.3,2,301.1,616.8,59.97,212.9,3,6.3,1313.5,38.5,4.5,2.1,0,310.76006733134795,31.75,29.562,2025-10-18 14:29:28
164.20000000000002,2.05,355.5,150.8,2.0,302.54999999999995,635.25,59.9925,212.77500000000003,2.95,6.3,1313.5,38.55,4.5,2.1,0.0,310.76006733134795,2634.238787113077,8.476760897030953,31.81225,29.73425,2025-10-18 14:14:16
164.6,2.2,360.9,152.2,2,304.7,641.1,59.98,212.8,2.9,6.3,1313.5,38.7,4.5,2.1,0,310.76006733134795,31.875,29.875,2025-10-18 14:30:30
164.025,2.05,359.6,151.95,1.975,304.025,638.2,60.004999999999995,212.72500000000002,2.8499999999999996,6.3,1313.5,38.7,4.5,2.1,0.0,310.76006733134795,2501.579279848389,8.049873657612128,31.96825,29.9685,2025-10-18 14:14:16
161.2,2.2,357.9,149.6,2,302.9,631.5,60.05,212.7,2.9,6.3,1313.5,38.7,4.5,2.1,0,310.76006733134795,32.125,30.187,2025-10-18 14:31:33
163.8,2.2,355.65000000000003,152.175,2.0,303.925,633.775,60.0375,212.82500000000002,2.975,6.3,1313.5,38.75,4.5,2.1,0.0,310.76006733134795,1970.9412507896395,6.342324699936828,32.156,30.1715,2025-10-18 14:14:16
167.5,2.1,319.5,152.3,1.9,308.5,606.8,60.01,213,3,6.3,1313.5,38.7,4.5,2.1,0,310.76006733134795,32.187,30.0,2025-10-18 14:32:36
165.525,2.05,352.7,151.025,2.025,309.875,635.425,59.99,212.975,2.925,6.3,1313.5,38.65,4.5,2.1,0.0,310.76006733134795,3231.2065698041697,10.397753474415666,32.233999999999995,29.937,2025-10-18 14:14:16
167.6,2.2,321.4,152.3,2,314.5,615.1,59.98,213.2,3,6.3,1313.5,38.6,4.5,2.1,0,310.76006733134795,32.312,30.0,2025-10-18 14:33:38
164.025,2.1,363.97499999999997,152.275,2.0749999999999997,317.04999999999995,653.05,60.01,213.09999999999997,2.925,6.3,1313.5,38.575,4.5,2.1,0.0,320.4713194354526,2274.162981680354,7.168995227065347,32.358999999999995,29.99975,2025-10-18 14:14:16
164,2.3,365.8,149.3,2.1,322.0,666.6,60,213.1,3.1,6.3,1313.5,38.5,4.5,2.1,0,349.6050757477664,32.375,30.0,2025-10-18 14:34:40
164.425,2.275,374.675,151.175,2.1,320.55,668.65,59.995,213.14999999999998,3.05,6.3,1313.5,38.475,4.5,2.1,0.0,349.6050757477664,2558.4333543903977,7.31806696146557,32.3435,29.98425,2025-10-18 14:14:16
161.8,2.3,377.3,146.6,2.1,317.6,668.0,59.99,213.1,3.1,6.3,1313.5,38.3,4.5,2.1,0,349.6050757477664,32.312,29.937,2025-10-18 14:35:43
164.625,2.3,380.8,149.65,2.1,320.25,673.9750000000001,59.995,213.175,3.1500000000000004,6.35,1313.55,38.3,4.5,2.1,0.0,349.6050757477664,1497.1572962728997,4.282424370042816,32.37475,29.9685,2025-10-18 14:14:16
164.1,2.3,380.5,150.7,2.1,324.6,679.2,59.99,213.2,3.2,6.4,1313.6,38.1,4.5,2.1,0,349.6050757477664,32.187,29.937,2025-10-18 14:36:45
164.6,2.3,382.5,150.35,2.125,324.125,681.875,60.01,213.175,3.125,6.4,1313.6,38.125,4.5,2.1,0.0,349.6050757477664,3335.439039797852,9.540591001614374,32.281,29.95275,2025-10-18 14:14:17
164.7,2.4,388.2,153.8,2.2,335.7,694.6,60.03,213.1,3.2,6.4,1313.6,38,4.5,2.1,0,349.6050757477664,32.375,30.187,2025-10-18 14:37:48
164.85,2.4,380.775,150.85,2.25,338.65,689.55,59.9975,213.125,3.2750000000000004,6.4,1313.6,38.05,4.5,2.1,0.0,349.6050757477664,2653.1901452937464,7.589106478556889,32.35925,30.140249999999998,2025-10-18 14:14:16
167.5,2.4,376.4,151,2.4,369.0,715.7,60,212.9,3.5,6.4,1313.6,37.9,4.5,2.1,0,349.6050757477664,32.312,30.25,2025-10-18 14:38:51
165.025,2.425,387.0,151.0,2.475,371.65,729.6000000000001,60.002500000000005,213.14999999999998,3.4499999999999997,6.4,1313.6,37.9,4.5,2.125,0.0,349.6050757477664,1885.6601389766265,5.393686390117217,32.3435,30.25,2025-10-18 14:14:16
164.6,2.6,422.6,152.1,2.8,426.0,811.8,60.04,213.2,3.8,6.4,1313.6,37.8,4.5,2.2,0,388.4500841641849,32.5,30.437,2025-10-18 14:39:53
164.375,2.575,413.6,151.39999999999998,2.85,430.5,808.0,60.03,213.24999999999997,3.875,6.4,1313.6,37.775,4.5,2.2,0.0,378.7388320600802,2871.1307643714467,7.5294777847968,32.4685,30.40575,2025-10-18 14:14:16
167.6,3.6,578.4,153.9,4.6,699.9,1214.1,60.05,213.7,5.7,6.4,1313.6,37.8,4.5,2.2,0,543.8301178298589,33.0,31.062,2025-10-18 14:40:55
166.05,3.3999999999999995,566.35,153.7,4.5,687.375,1191.7,60.010000000000005,213.67499999999998,5.574999999999999,6.4,1313.6,37.775,4.5,2.2,0.0,543.8301178298589,2956.4118761844597,5.444766914492119,32.9685,31.07775,2025-10-18 14:14:16
161.7,3.2,513.5,152.2,4.3,653.2,1109.7,59.99,213.8,5.2,6.4,1313.6,37.8,4.5,2.2,0,504.9851094134404,33.687,32.062,2025-10-18 14:41:58
164.8,3.0749999999999997,517.825,150.725,4.225,637.375,1096.1,59.982499999999995,213.675,5.050000000000001,6.4,1313.6,37.8,4.5,2.2,0.0,504.9851094134404,2122.552116234997,4.203197434277661,33.60925,32.0155,2025-10-18 14:14:16
164.5,3.1,506.3,149.7,4.5,668.6,1115.9,59.99,213.7,5.2,6.5,1313.7,37.9,4.5,2.2,0,504.9851094134404,34.5,33.125,2025-10-18 14:43:00
164.675,3.05,511.57500000000005,151.6,4.5,669.8,1121.975,60.002500000000005,213.72499999999997,5.1499999999999995,6.45,1313.6499999999999,37.875,4.525,2.2,0.0,504.9851094134404,2558.4333543903977,5.066354050245395,34.390249999999995,33.015249999999995,2025-10-18 14:14:17
166.7,3.1,542.6,149.1,5.2,768.7,1240.7,60.02,213.8,5.8,6.5,1313.7,38.3,4.6,2.2,0,543.8301178298589,35.187,34.375,2025-10-18 14:44:03
164.57500000000002,3.2250000000000005,529.75,148.55,4.925,733.0250000000001,1196.0500000000002,60.015,213.825,5.4750000000000005,6.5,1313.7,38.225,4.6,2.2,0.0,524.4076136216496,2425.7738471257107,4.644157879391613,35.04675,34.15625,2025-10-18 14:14:16
158.8,3.9,608.1,151.9,6.4,948.8,1481.1,60.03,214,7,6.5,1313.7,38.5,4.6,2.2,0,660.3651430791144,35.75,34.937,2025-10-18 14:45:06
161.6,3.575,574.9749999999999,151.175,5.825,871.375,1370.75,60.0,213.9,6.425,6.5,1313.7,38.5,4.6,2.2,0.0,592.3863783503821,3240.682248894504,5.554915044034037,35.68725,34.87475,2025-10-18 14:14:16
165.9,2.2,401.6,149.2,2.9,436.8,779.3,60.02,212.8,3.6,6.5,1313.7,38.5,4.6,2.2,0,388.4500841641849,35.312,33.937,2025-10-18 14:46:08
158.225,2.575,419.35,150.325,3.3000000000000003,507.57500000000005,882.275,59.9925,212.84999999999997,4.0,6.5,1313.7,38.55,4.6,2.2,0.0,407.87258837239415,2586.8603916614024,6.269144030322172,35.6245,34.3435,2025-10-18 14:14:16
164.6,2.4,397.3,149.3,2.7,415.2,777.3,60.01,213.1,3.7,6.5,1313.7,37.8,4.6,2.2,0,388.4500841641849,35.0,31.875,2025-10-18 14:47:10
164.55,2.45,403.17499999999995,151.15,2.7749999999999995,422.0,788.175,60.0075,213.10000000000002,3.6750000000000003,6.5,1313.7,37.95,4.6,2.2,0.0,388.4500841641849,2880.6064434617815,7.415641187618447,35.077749999999995,32.45275,2025-10-18 14:14:16
167.6,2.4,393.3,155.1,2.7,412.4,772.1,60.03,213.2,3.6,6.5,1313.7,37.6,4.6,2.2,0,349.6050757477664,34.437,29.375,2025-10-18 14:48:13
165.375,2.3499999999999996,394.425,151.425,2.7,414.3,773.95,60.025,213.2,3.6,6.5,1313.7,37.625,4.6,2.2,0.0,369.0275799559757,2501.579279848389,6.824775040359373,34.71825,30.07775,2025-10-18 14:14:16
167.8,2.2,369.8,152.2,2.6,393.0,730.7,60,212.8,3.4,6.6,1313.8,37.7,4.6,2.2,0,310.76006733134795,33.312,27.562,2025-10-18 14:49:15
167.52499999999998,2.175,362.6,152.25,2.6,402.1,731.825,60.0,212.875,3.45,6.550000000000001,1313.75,37.625,4.6,2.2,0.0,339.8938236436618,2681.6171825647502,7.792386116375377,33.78075,28.10925,2025-10-18 14:14:17
167.1,1.875,332.425,152.475,2.35,364.625,665.125,60.037499999999994,212.77499999999998,3.075,6.6,1313.8,37.6,4.6,2.275,0.0,291.3375631231387,2984.838913455464,10.436957404566375,32.4215,26.702749999999998,2025-10-18 14:14:16
164.8,1.8,308.4,155.2,2.2,340.5,623.2,60.04,212.7,2.9,6.6,1313.8,37.5,4.6,2.3,0,271.91505891492943,31.875,26.375,2025-10-18 14:50:18
167.125,1.5500000000000003,274.9,153.45,2.075,322.125,577.575,60.0175,212.725,2.625,6.6,1313.8,37.475,4.6,2.3,0.0,242.78130260261554,4159.823120656981,17.808457870829947,31.39025,26.202749999999998,2025-10-18 14:14:16
165.4,1.4,226.5,154.6,1.7,270.4,484.8,59.97,212.6,2.2,6.6,1313.8,37.4,4.6,2.3,0,194.22504208209244,31.125,26.062,2025-10-18 14:51:21
163.25,1.15,193.77499999999998,152.04999999999998,1.4000000000000001,218.0,403.5,59.9775,212.75,1.85,6.6,1313.8,37.325,4.6,2.3,0.0,165.0912857697786,2776.3739734680985,17.22185091598231,30.62475,25.68725,2025-10-18 14:14:16
166.5,0.8,168.7,152.7,1.1,182.0,344.3,59.96,212.6,1.5,6.6,1313.8,37.2,4.6,2.3,0,155.38003366567398,30.125,25.25,2025-10-18 14:52:23
164.375,0.875,155.775,151.35,0.975,158.375,308.3,60.01,212.67499999999998,1.35,6.6,1313.8,36.975,4.6,2.3,0.0,116.53502524925548,3581.806696146557,30.7358812381554,29.703,25.187,2025-10-18 14:14:16
163.9,0.8,147.4,152.2,0.8,140.0,283.4,60.04,212.6,1.3,6.6,1313.8,36.9,4.6,2.3,0,116.53502524925548,29.312,25.187,2025-10-18 14:53:25
164.6,0.8,142.7,152.54999999999998,0.75,129.375,265.0,59.9975,212.525,1.225,6.6,1313.8,36.75,4.6,2.3,0.0,116.53502524925548,2387.8711307643716,20.4905874921036,29.140249999999998,25.04675,2025-10-18 14:14:16
167.6,0.7,126.8,155.1,0.7,120.4,243.2,59.97,212.7,1.2,6.6,1313.8,36.7,4.6,2.3,0,116.53502524925548,28.812,24.875,2025-10-18 14:54:28
164.2,0.7749999999999999,139.05,151.39999999999998,0.7,118.725,253.325,59.995,212.725,1.175,6.6,1313.8,36.625,4.6,2.3,0.0,116.53502524925548,4027.163613392293,34.557538429142966,28.6245,24.875,2025-10-18 14:14:16
164.6,0.8,144.1,155,0.7,111.8,251.0,59.99,212.7,1.2,6.6,1313.8,36.6,4.6,2.3,0,116.53502524925548,28.312,24.875,2025-10-18 14:55:30
163.875,0.7749999999999999,144.5,151.025,0.7,112.725,250.375,60.0225,212.475,1.15,6.6,1313.8,36.525,4.6,2.3,0.0,116.53502524925548,2387.8711307643716,20.4905874921036,28.2185,24.8905,2025-10-18 14:14:16
161.5,0.8,146.1,146.3,0.7,111.7,252.8,60.03,212.5,1.2,6.6,1313.8,36.5,4.6,2.3,0,116.53502524925548,28.0,24.875,2025-10-18 14:56:33
164.67499999999998,0.8250000000000001,149.475,151.7,0.675,113.6,257.125,60.0125,212.60000000000002,1.225,6.6,1313.8,36.5,4.6,2.3,0.0,116.53502524925548,3487.049905243209,29.92276268688145,27.906,24.890249999999998,2025-10-18 14:14:16
166.7,0.8,157.3,148.7,0.7,117.0,269.1,60.02,212.4,1.2,6.6,1313.8,36.5,4.6,2.3,0,116.53502524925548,27.75,25.0,2025-10-18 14:57:36
163.125,0.9,157.1,150.65,0.7,119.32499999999999,271.3,59.977500000000006,212.25,1.25,6.6,1313.8,36.5,4.6,2.3,0.0,116.53502524925548,2710.044219835755,23.255190566435036,27.70275,25.1405,2025-10-18 14:14:16
164.9,0.9,160.9,152.2,0.7,122.5,278.2,59.97,212.4,1.2,6.6,1313.8,36.5,4.6,2.3,0,116.53502524925548,27.5,25.312,2025-10-18 14:58:38
163.65,0.875,160.675,149.77499999999998,0.75,123.9,279.67499999999995,59.972500000000004,212.575,1.25,6.6,1313.8,36.5,4.6,2.3,0.0,145.66878156156935,3420.7201516108653,24.21060486418193,27.29675,25.3435,2025-10-18 14:14:16
162.6,0.9,166.8,155.1,0.8,129.0,290.2,60.03,212.5,1.3,6.6,1313.8,36.4,4.6,2.3,0,155.38003366567398,26.875,25.25,2025-10-18 14:59:40
166.14999999999998,0.925,168.125,151.27499999999998,0.8,133.42499999999998,295.65,60.035,212.55,1.375,6.6,1313.8,36.4,4.6,2.3,0.0,155.38003366567398,3695.514845230575,23.783717624763106,26.796499999999998,25.2655,2025-10-18 15:15:17
166.5,1,174.3,147.4,0.9,140.4,308.9,60.03,212.8,1.4,6.6,1313.8,36.4,4.6,2.3,0,155.38003366567398,26.562,25.312,2025-10-18 15:00:43
166.375,1.0,174.37500000000003,152.325,0.85,140.32500000000002,309.025,60.01,212.79999999999998,1.4,6.6,1313.8,36.4,4.6,2.3,0.0,155.38003366567398,2823.7523689197724,18.173199620972838,26.577749999999998,25.2965,2025-10-18 15:15:16
166,1,175.8,149.3,0.9,143.0,311.7,60.04,212.7,1.4,6.6,1313.8,36.4,4.6,2.3,0,155.38003366567398,26.625,25.25,2025-10-18 15:01:45
167.475,1.0,168.15,150.52499999999998,0.9,143.125,306.25,60.027499999999996,212.77499999999998,1.4249999999999998,6.6,1313.8,36.375,4.6,2.3,0.0,155.38003366567398,3155.4011370814906,20.307635818066956,26.625,25.24975,2025-10-18 15:15:16
164.6,0.9,165.3,146.5,0.8,132.9,292.5,60.03,212.5,1.3,6.6,1313.8,36.2,4.6,2.3,0,155.38003366567398,26.687,25.25,2025-10-18 15:02:48
164.15,0.9,164.0,149.85,0.825,134.125,292.375,60.012499999999996,212.525,1.3,6.6,1313.8,36.2,4.6,2.3,0.0,155.38003366567398,2340.492735312697,15.063021162349965,26.6405,25.233999999999998,2025-10-18 15:15:16
161.6,0.8,151.9,149.3,0.7,125.2,271.9,59.98,212.6,1.3,6.6,1313.8,36.3,4.6,2.3,0,116.53502524925548,26.625,25.062,2025-10-18 15:03:51
163.925,0.825,151.875,148.60000000000002,0.75,123.725,270.275,60.0,212.625,1.2,6.6,1313.8,36.25,4.6,2.3,0.0,116.53502524925548,3638.660770688566,31.22375236891977,26.56225,25.12475,2025-10-18 15:15:16
164.7,0.8,141.5,146.3,0.7,112.2,249.1,59.98,212.5,1.1,6.6,1313.8,36.2,4.6,2.3,0,116.53502524925548,26.5,24.937,2025-10-18 15:04:53
163.925,0.75,141.375,150.5,0.6749999999999999,113.65,248.825,59.985,212.475,1.1,6.6,1313.8,36.225,4.6,2.3,0.0,116.53502524925548,2833.228048010107,24.312244683091173,26.453,24.93725,2025-10-18 15:15:16
165.8,0.7,122.1,146.3,0.6,99.6,217.3,59.98,212.6,1,6.6,1313.8,36.3,4.6,2.3,0,116.53502524925548,26.375,24.937,2025-10-18 15:05:55
164.64999999999998,0.7,129.775,150.725,0.55,100.675,226.10000000000002,59.995000000000005,212.525,1.025,6.6,1313.8,36.3,4.6,2.3,0.0,116.53502524925548,3250.1579279848384,27.889966308696565,26.390249999999998,24.93725,2025-10-18 15:15:16
162.8,0.7,123.9,149.9,0.5,87.0,207.0,60.03,212.3,0.9,6.7,1313.9,36.3,4.6,2.3,0,77.69001683283699,26.437,24.937,2025-10-18 15:06:58
163.57500000000002,0.625,121.30000000000001,149.35,0.5,88.275,206.47500000000002,60.015,212.3,0.8999999999999999,6.6499999999999995,1313.85,36.3,4.6,2.3,0.0,87.4012689369416,4481.996209728364,52.446146557169925,26.40575,24.906,2025-10-18 15:15:16
163.7,0.6,116.5,148.1,0.4,76.5,189.3,60.02,212.4,0.8,6.7,1313.9,36.1,4.6,2.3,0,77.69001683283699,26.25,25.0,2025-10-18 15:08:00
164.65,0.6,114.225,149.825,0.4,77.825,187.85,60.015,212.35,0.875,6.7,1313.9,36.15,4.6,2.3,0.0,77.69001683283699,2719.51989892609,35.00475363234365,26.25,24.98425,2025-10-18 15:15:17
165.5,0.4,106.4,149.2,0.4,68.0,169.6,60.01,212.5,0.7,6.7,1313.9,36,4.7,2.3,0,77.69001683283699,26.187,25.125,2025-10-18 15:09:03
163.025,0.525,107.925,149.175,0.37500000000000006,68.45,173.075,60.01,212.45,0.8,6.7,1313.9,36.025,4.7,2.3,0.0,77.69001683283699,4500.947567909034,57.9346967782691,26.156,25.078,2025-10-18 15:15:16
158.7,0.4,89.3,143.4,0.3,56.8,143.4,59.98,212.2,0.7,6.7,1313.9,35.8,4.7,2.3,0,77.69001683283699,26.062,25.062,2025-10-18 15:10:06
161.35,0.475,91.95,146.0,0.3,59.599999999999994,148.675,59.9925,212.25,0.6749999999999999,6.7,1313.9,35.849999999999994,4.7,2.3,0.0,77.69001683283699,3307.0120025268475,42.5667561591914,26.12475,25.0465,2025-10-18 15:15:16
158.8,0.4,77.8,146.4,0.2,51.0,126.5,59.98,212,0.6,6.7,1313.9,35.7,4.7,2.3,0,38.845008416418494,26.062,24.812,2025-10-18 15:11:08
160.45,0.375,78.8,144.9,0.25,51.849999999999994,129.725,59.9875,211.875,0.6,6.7,1313.9,35.675000000000004,4.7,2.3,0.0,38.845008416418494,4339.861023373342,111.72248894504105,26.0465,24.89025,2025-10-18 15:15:16
158.9,0.3,69.1,149.3,0.2,46.4,113.3,59.99,212,0.5,6.7,1313.9,35.6,4.7,2.3,0,38.845008416418494,26.062,24.75,2025-10-18 15:12:10
161.075,0.27499999999999997,70.525,143.325,0.2,47.3,115.82499999999999,59.995000000000005,212.07500000000002,0.625,6.7,1313.9,35.6,4.7,2.3,0.0,38.845008416418494,3108.0227416298167,80.0108654453569,26.046499999999998,24.70275,2025-10-18 15:15:16
158.8,0.2,61.3,143.4,0.2,42.3,101.9,60.01,212.3,0.4,6.7,1313.9,35.6,4.7,2.3,0,38.845008416418494,26.125,24.875,2025-10-18 15:13:13
159.15,0.3,62.35,144.64999999999998,0.2,43.875,104.475,59.997499999999995,212.22500000000002,0.55,6.7,1313.9,35.6,4.7,2.3,0.0,38.845008416418494,3079.5957043588123,79.27905874921035,26.0935,24.8435,2025-10-18 15:15:16
161.7,0.2,47.8,143.2,0.2,40.4,87.1,60,212.3,0.5,6.7,1313.9,35.5,4.7,2.3,0,38.845008416418494,25.875,24.937,2025-10-18 15:14:15
158.4,0.2,57.7,144.15,0.2,40.475,96.375,59.9925,212.4,0.575,6.7,1313.9,35.525,4.7,2.3,0.0,38.845008416418494,3449.1471888818696,88.7925457991156,25.953,24.937,2025-10-18 15:15:17
158.625,0.2,54.825,143.775,0.175,38.275,91.7,59.9975,212.475,0.5,6.7,1313.9,35.5,4.7,2.3,0.0,38.845008416418494,1686.6708780795957,43.42053063802906,25.85925,24.953,2025-10-18 15:15:16
160.3,0.2,54.6,144.8,0.2,37.9,90.9,60.01,212.6,0.5,6.7,1313.9,35.5,4.7,2.3,0,38.845008416418494,25.875,25.0,2025-10-18 15:15:18
160.25,0.2,52.4,143.45,0.2,38.775,88.2,60.03,212.72499999999997,0.5,6.7,1313.9,35.375,4.7,2.3,0.0,38.845008416418494,3714.4662034112444,95.6227416298168,25.875,24.98425,2025-10-18 15:15:16
159.4,0.2,54.1,141.8,0.2,38.3,90.7,60.02,212.7,0.5,6.7,1313.9,35.3,4.7,2.3,0,38.845008416418494,25.875,24.937,2025-10-18 15:16:21
159.625,0.2,53.6,146.60000000000002,0.15,39.0,92.675,60.002500000000005,212.64999999999998,0.5,6.7,1313.9,35.225,4.7,2.3,0.0,38.845008416418494,3155.4011370814906,81.23054327226782,25.8125,24.98425,2025-10-18 15:15:16
160.2,0.2,55.3,141.8,0.2,39.2,93.1,60.04,212.5,0.5,6.7,1313.9,35.2,4.7,2.3,0,38.845008416418494,25.75,25.0,2025-10-18 15:17:23
158.39999999999998,0.2,55.3,143.65,0.2,39.425,93.55000000000001,60.01,212.35000000000002,0.55,6.7,1313.9,35.15,4.7,2.3,0.0,38.845008416418494,4680.985470625395,120.50416929879974,25.54675,24.78075,2025-10-18 15:15:16
157.4,0.2,56.6,143.2,0.2,40.1,95.0,60.02,212.4,0.5,6.7,1313.9,35.1,4.7,2.3,0,38.845008416418494,25.5,24.625,2025-10-18 15:18:25
158.575,0.2,57.4,144.85000000000002,0.175,39.925,95.6,59.995,212.35000000000002,0.525,6.7,1313.9,35.1,4.7,2.3,0.0,38.845008416418494,2927.9848389134554,75.37608970309537,25.4685,24.625,2025-10-18 15:15:16
160.4,0.2,58.6,146.3,0.2,41.7,98.4,59.99,212.2,0.5,6.7,1313.9,35.1,4.7,2.3,0,38.845008416418494,25.5,24.562,2025-10-18 15:19:28
160.725,0.25,58.075,144.5,0.2,42.525,98.14999999999999,59.98499999999999,212.22499999999997,0.525,6.7,1313.9,35.025,4.7,2.3,0.0,38.845008416418494,2217.3089071383447,57.08092229943145,25.54675,24.57775,2025-10-18 15:15:16
160.4,0.3,62.7,146.5,0.2,44.9,106.5,60,212.2,0.7,6.7,1313.9,35,4.7,2.3,0,38.845008416418494,25.562,24.625,2025-10-18 15:20:30
161.125,0.3,64.1,144.125,0.2,46.324999999999996,108.625,60.025,212.17499999999998,0.55,6.7,1313.9,35.0,4.7,2.3,0.0,38.845008416418494,4965.255843335439,127.8222362602653,25.5465,24.687,2025-10-18 15:15:16
160.3,0.3,69.6,143.4,0.2,47.8,115.3,60.02,212.1,0.6,6.7,1313.9,35,4.7,2.3,0,38.845008416418494,25.5,24.75,2025-10-18 15:21:33
162.575,0.32499999999999996,71.425,145.82500000000002,0.2,49.7,118.925,60.03,212.175,0.5750000000000001,6.7,1313.9,34.95,4.7,2.3,0.0,38.845008416418494,2586.860391661402,66.5944093493367,25.5,24.81225,2025-10-18 15:15:16
160.1,0.4,76.4,146.2,0.3,52.7,126.7,59.99,212.3,0.6,6.7,1313.9,34.8,4.7,2.3,0,38.845008416418494,25.562,24.875,2025-10-18 15:22:36
162.4,0.4,77.375,147.775,0.275,53.99999999999999,129.1,59.982499999999995,212.45,0.6499999999999999,6.7,1313.9,34.75,4.7,2.3,0.0,48.55626052052312,3979.785217940619,90.13419140871761,25.577749999999998,24.85925,2025-10-18 15:15:16
162.6,0.4,82.4,147.3,0.3,56.5,135.2,59.99,212.5,0.6,6.7,1313.9,34.6,4.7,2.3,0,38.845008416418494,25.562,24.812,2025-10-18 15:23:38
159.6,0.4,83.52499999999999,147.05,0.3,57.875,139.075,60.01,212.55,0.7,6.7,1313.9,34.55,4.7,2.3,0.0,58.26751262462774,4927.3531269741,105.99000315855967,25.56225,24.7965,2025-10-18 15:15:16
167.7,0.4,77.3,147.8,0.3,63.0,141.0,60.01,212.5,0.7,6.7,1313.9,34.4,4.7,2.3,0,77.69001683283699,25.5,24.687,2025-10-18 15:24:40
161.52499999999998,0.4,88.625,147.55,0.3,62.49999999999999,148.35000000000002,60.0125,212.475,0.7,6.7,1313.9,34.349999999999994,4.7,2.3,0.0,77.69001683283699,2728.9955780164246,35.12672141503474,25.5155,24.70275,2025-10-18 15:15:16
163,0.5,92.9,144.8,0.4,65.2,155.2,59.98,212.4,0.7,6.7,1313.9,34.2,4.7,2.3,0,77.69001683283699,25.625,24.875,2025-10-18 15:25:43
162.375,0.475,92.6,146.42499999999998,0.375,66.19999999999999,156.675,59.987500000000004,212.45,0.7250000000000001,6.7,1313.9,34.15,4.7,2.3,0.0,77.69001683283699,4652.55843335439,59.88618130132659,25.60925,24.906,2025-10-18 15:15:16
163,0.5,95.1,150.7,0.4,68.4,160.3,59.97,212.1,0.7,6.7,1313.9,34.1,4.7,2.3,0,77.69001683283699,25.687,24.937,2025-10-18 15:26:45
162.45,0.475,97.44999999999999,148.325,0.4,69.225,162.325,59.9925,212.175,0.8,6.7,1313.9,34.1,4.7,2.3,0.0,77.69001683283699,4216.6771951989895,54.27566329753632,25.687,24.9685,2025-10-18 15:15:16
159.8,0.5,99.2,147.5,0.4,71.2,167.2,60.01,212.4,0.8,6.7,1313.9,34,4.7,2.3,0,77.69001683283699,25.75,25.062,2025-10-18 15:27:48
163.225,0.5,99.125,149.27499999999998,0.4,71.30000000000001,167.375,60.0,212.35000000000002,0.75,6.7,1313.9,34.0,4.7,2.3,0.0,77.69001683283699,4150.347441566645,53.42188881869867,25.75,25.07775,2025-10-18 15:15:16
161.4,0.5,100.7,145.9,0.4,71.6,169.0,60.01,212.3,0.8,6.7,1313.9,34,4.7,2.3,0,77.69001683283699,25.812,25.062,2025-10-18 15:28:51
163.325,0.5,100.725,146.27499999999998,0.4,71.55,168.95,60.004999999999995,212.2,0.7749999999999999,6.7,1313.9,33.95,4.7,2.3,0.0,77.69001683283699,1715.0979153506003,22.076168667087806,25.781,25.031,2025-10-18 15:15:16
162.3,0.5,104.2,147.8,0.4,71.4,172.4,59.98,212.4,0.7,6.7,1313.9,33.9,4.7,2.3,0,77.69001683283699,25.812,24.937,2025-10-18 15:29:53
165.15,0.5,102.025,148.325,0.4,71.125,170.14999999999998,60.005,212.35,0.7749999999999999,6.7,1313.9,33.9,4.7,2.3,0.0,77.69001683283699,5249.526216045483,67.57015161086544,25.85925,24.8905,2025-10-18 15:15:16
166,0.5,101.4,147.9,0.4,69.6,168.8,60.02,212.3,0.8,6.7,1313.9,33.9,4.7,2.3,0,77.69001683283699,25.75,24.812,2025-10-18 15:30:56
161.575,0.5,104.72500000000001,149.075,0.4,68.80000000000001,170.2,60.0025,212.42499999999998,0.7749999999999999,6.7,1313.9,33.875,4.7,2.3,0.0,67.97876472873236,3089.0713834491476,51.226468730259,25.765249999999998,24.812,2025-10-18 15:15:16
160.2,0.5,104.9,147.9,0.4,66.9,168.5,59.98,212.3,0.8,6.7,1313.9,33.8,4.7,2.3,0,77.69001683283699,25.625,24.812,2025-10-18 15:31:58
160.2,0.5,101.9,147.6,0.3,63.3,162.0,59.99,212.4,0.8,6.7,1313.9,33.7,4.7,2.3,0,77.69001683283699,25.687,25.062,2025-10-18 15:33:00
162.9,0.5,96.6,144.7,0.3,58.5,152.1,59.97,212.4,0.8,6.7,1313.9,33.7,4.7,2.3,0,77.69001683283699,25.687,25.187,2025-10-18 15:34:03
165.3,0.3,82.2,150.6,0.2,52.0,128.9,59.95,212.3,0.6,6.7,1313.9,33.6,4.7,2.3,0,38.845008416418494,25.687,25.062,2025-10-18 15:35:05
160.1,0.3,65.2,145.4,0.2,41.9,104.3,59.96,212.4,0.5,6.7,1313.9,33.5,4.7,2.3,0,38.845008416418494,25.687,25.0,2025-10-18 15:36:08
157.8,0.2,50.5,142,0.1,33.0,82.1,60.02,212.7,0.5,6.7,1313.9,33.5,4.7,2.3,0,0.0,25.687,24.875,2025-10-18 15:37:10
154.1,0.1,45.0,144.8,0.1,26.0,69.5,59.99,212.3,0.4,6.7,1313.9,33.4,4.7,2.3,0,0.0,25.687,24.937,2025-10-18 15:38:12
154.3,0.1,40.4,146.3,0,22.1,61.5,60,212.3,0.5,6.7,1313.9,33.3,4.7,2.3,0,0.0,25.625,25.0,2025-10-18 15:39:15
155.4,0.1,37.3,144.8,0,19.3,55.5,60.04,212.3,0.5,6.7,1313.9,33.2,4.7,2.3,0,0.0,25.625,25.0,2025-10-18 15:40:17
145.1,0.1,33.9,131.7,0,17.1,50.3,60.02,212.1,0.5,6.7,1313.9,33.1,4.7,2.3,0,0.0,25.625,25.0,2025-10-18 15:41:20
152.9,0.1,34.9,141.5,0,16.6,50.6,60,212.4,0.5,6.7,1313.9,33.1,4.7,2.3,0,0.0,25.625,25.0,2025-10-18 15:42:22
146.9,0.1,32.8,124,0,16.3,48.4,60,212.4,0.4,6.7,1313.9,33,4.7,2.3,0,0.0,25.625,24.875,2025-10-18 15:43:25
129.2,0.1,33.4,138.6,0,16.1,48.6,60.03,212.4,0.3,6.7,1313.9,32.8,4.7,2.3,0,0.0,25.5,24.75,2025-10-18 15:44:27
126.1,0.1,33.7,123.9,0,16.1,49.0,60.02,212.4,0.4,6.7,1313.9,32.7,4.7,2.3,0,0.0,25.437,24.75,2025-10-18 15:45:30
157,0.1,39.6,143.6,0,19.4,58.2,60.01,212.4,0.4,6.7,1313.9,32.6,4.7,2.3,0,0.0,25.5,24.687,2025-10-18 15:46:32
142.3,0.1,40.4,142.2,0.1,21.8,61.2,60.02,212.4,0.5,6.7,1313.9,32.5,4.7,2.3,0,0.0,25.5,24.625,2025-10-18 15:47:34
148.3,0.2,43.4,142.2,0.1,22.9,65.2,60.01,212.5,0.4,6.7,1313.9,32.4,4.7,2.3,0,0.0,25.5,24.687,2025-10-18 15:48:37
145.1,0.2,45.9,148.1,0.1,24.7,69.4,60.01,212.2,0.5,6.7,1313.9,32.4,4.7,2.3,0,0.0,25.562,24.75,2025-10-18 15:49:39
158.3,0.2,52.1,154.8,0.1,17.8,71.1,60.04,212.3,0.5,6.7,1313.9,32.3,4.7,2.3,0,0.0,25.625,24.812,2025-10-18 15:50:42
157.6,0.2,48.6,144,0.1,31.1,78.2,59.99,211.9,0.5,6.7,1313.9,32.3,4.7,2.3,0,38.845008416418494,25.625,24.812,2025-10-18 15:51:44
159.4,0.2,48.1,144,0.1,32.3,78.7,59.99,212.5,0.5,6.7,1313.9,32.2,4.7,2.3,0,38.845008416418494,25.625,24.875,2025-10-18 15:52:47
156.3,0.2,49.7,143.8,0.1,34.5,82.8,59.99,212.2,0.4,6.7,1313.9,32.2,4.7,2.3,0,38.845008416418494,25.625,24.875,2025-10-18 15:53:49
162.3,0.2,47.7,143.8,0.1,36.8,83.3,59.98,212.2,0.5,6.7,1313.9,32.2,4.7,2.3,0,38.845008416418494,25.625,24.812,2025-10-18 15:54:52
156.4,0.2,51.4,143.8,0.1,37.1,87.6,60.02,212.2,0.5,6.7,1313.9,32.2,4.7,2.3,0,38.845008416418494,25.625,24.687,2025-10-18 15:55:54
159.5,0.2,53.8,146.8,0.1,37.0,89.2,59.98,212.3,0.5,6.7,1313.9,32.2,4.7,2.3,0,38.845008416418494,25.625,24.687,2025-10-18 15:56:56
157.9,0.2,54.2,144,0.2,37.6,90.1,60,212.4,0.5,6.7,1313.9,32.2,4.7,2.3,0,38.845008416418494,25.625,24.75,2025-10-18 15:57:59
160.8,0.2,54.5,144.9,0.1,37.7,90.5,59.99,212.3,0.5,6.7,1313.9,32.2,4.7,2.3,0,38.845008416418494,25.562,24.75,2025-10-18 15:59:01
163.1,0.2,46.2,146.3,0.2,38.3,83.6,59.97,212.4,0.6,6.7,1313.9,32.2,4.7,2.3,0,38.845008416418494,25.562,24.875,2025-10-18 16:00:04
163.5,0.2,44.7,142.7,0.1,37.4,86.8,59.99,212.3,0.6,6.7,1313.9,32.2,4.7,2.3,0,38.845008416418494,25.562,24.812,2025-10-18 16:01:06
160.7,0.2,53.2,142.7,0.1,35.2,86.9,59.98,212,0.4,6.7,1313.9,32.2,4.7,2.3,0,38.845008416418494,25.562,24.75,2025-10-18 16:02:09
157.3,0.2,53.8,142.3,0.1,33.3,85.1,60.01,212.5,0.5,6.7,1313.9,32.1,4.7,2.3,0,38.845008416418494,25.562,24.812,2025-10-18 16:03:11
157.7,0.2,52.4,144,0.1,31.4,82.3,60,212.5,0.5,6.7,1313.9,32,4.7,2.3,0,38.845008416418494,25.562,24.75,2025-10-18 16:04:13
157.9,0.2,51.9,142.5,0.1,29.5,80.1,60,212.5,0.4,6.8,1314.0,32,4.7,2.3,0,38.845008416418494,25.562,24.687,2025-10-18 16:05:16
157.9,0.2,49.4,139.6,0.1,26.0,74.0,60.03,212.5,0.5,6.8,1314.0,32,4.7,2.3,0,38.845008416418494,25.562,24.75,2025-10-18 16:06:18
157.8,0.1,45.8,143.9,0.1,22.1,66.9,60.02,212.4,0.4,6.8,1314.0,32,4.7,2.3,0,0.0,25.5,24.812,2025-10-18 16:07:21
156.1,0.1,40.2,142.4,0,18.0,57.1,60,212.1,0.4,6.8,1314.0,32,4.7,2.3,0,0.0,25.562,24.812,2025-10-18 16:08:23
153.4,0.1,36.2,137.9,0,13.3,48.7,60.01,212.1,0.5,6.8,1314.0,32,4.7,2.3,0,0.0,25.5,24.75,2025-10-18 16:09:26
135.8,0.1,34.4,140.6,0,10.3,44.0,60.03,212.3,0.4,6.8,1314.0,31.9,4.7,2.3,0,0.0,25.437,24.687,2025-10-18 16:10:28
141.7,0.1,33.1,128.8,0,8.8,41.1,59.97,212.1,0.3,6.8,1314.0,31.9,4.7,2.3,0,0.0,25.437,24.687,2025-10-18 16:11:31
141.6,0.1,31.2,120,0,7.3,38.0,60.03,212,0.5,6.8,1314.0,31.9,4.7,2.3,0,0.0,25.437,24.75,2025-10-18 16:12:33
126.8,0.1,30.9,128.8,0,6.6,36.9,59.97,212.4,0.4,6.8,1314.0,31.9,4.7,2.3,0,0.0,25.375,24.625,2025-10-18 16:13:35
140.9,0.1,32.0,139.5,0,6.0,37.4,60.01,212.6,0.3,6.8,1314.0,31.9,4.7,2.3,0,0.0,25.375,24.562,2025-10-18 16:14:38
137.4,0.1,30.3,133.3,0,6.6,35.7,60.01,212.1,0.3,6.8,1314.0,31.8,4.7,2.3,0,0.0,25.312,24.437,2025-10-18 16:15:40
126.6,0.1,28.4,111.8,0,4.1,32.3,60.01,212.1,0.3,6.8,1314.0,31.8,4.7,2.3,0,0.0,25.312,24.5,2025-10-18 16:16:43
120.8,0.1,29.8,132.9,0,4.5,33.8,60,211.9,0.4,6.8,1314.0,31.7,4.7,2.3,0,0.0,25.312,24.5,2025-10-18 16:17:45
153.4,0,29.3,145.7,0,3.5,32.6,59.98,212.3,0.4,6.8,1314.0,31.7,4.7,2.3,0,0.0,25.25,24.437,2025-10-18 16:18:48
135.8,0,26.7,130.6,0,3.9,30.1,59.99,212.3,0.3,6.8,1314.0,31.7,4.7,2.3,0,0.0,25.187,24.5,2025-10-18 16:19:50
122.3,0,22.7,141.3,0,3.5,25.6,60.03,212.4,0.4,6.8,1314.0,31.6,4.7,2.3,0,0.0,25.187,24.437,2025-10-18 16:20:52
119.2,0,12.0,153.8,0,2.7,14.7,60.07,212.5,0.4,6.8,1314.0,31.5,4.7,2.3,0,0.0,25.187,24.437,2025-10-18 16:21:55
125.9,0,8.1,152.1,0,3.0,11.1,60.04,212.4,0.3,6.8,1314.0,31.5,4.7,2.3,0,0.0,25.187,24.375,2025-10-18 16:22:57
108.8,0,3.8,153.6,0,2.1,5.9,59.98,212.6,0.3,6.8,1314.0,31.4,4.7,2.3,0,0.0,25.187,24.437,2025-10-18 16:24:00
111.7,0,5.0,145.5,0,3.5,8.4,59.98,212.5,0.4,6.8,1314.0,31.3,4.7,2.3,0,0.0,25.125,24.375,2025-10-18 16:25:02
120.3,0,3.0,150.9,0,2.9,5.9,59.99,212.5,0.4,6.8,1314.0,31.3,4.7,2.3,0,0.0,25.062,24.375,2025-10-18 16:26:05
126.4,0,5.1,140.8,0,4.6,9.7,60.03,212.4,0.3,6.8,1314.0,31.3,4.7,2.3,0,0.0,25.062,24.437,2025-10-18 16:27:07
94.7,0,3.3,148.7,0,2.6,5.9,59.98,212.2,0.4,6.8,1314.0,31.3,4.7,2.3,0,0.0,25.062,24.437,2025-10-18 16:28:10
103.1,0,2.8,151.5,0,2.3,5.3,60.04,212.4,0.4,6.8,1314.0,31.3,4.7,2.3,0,0.0,25.0,24.375,2025-10-18 16:29:12
97.4,0,4.2,145.8,0,3.1,7.2,59.99,212.2,0.3,6.8,1314.0,31.3,4.7,2.3,0,0.0,25.0,24.437,2025-10-18 16:30:14
124,0,5.8,129.1,0,4.0,9.7,59.99,212.3,0.3,6.8,1314.0,31.3,4.7,2.3,0,0.0,24.937,24.375,2025-10-18 16:31:17
122.8,0,4.2,146.2,0,3.4,7.8,59.99,212.2,0.2,6.8,1314.0,31.2,4.7,2.3,0,0.0,25.0,24.375,2025-10-18 16:32:19
120,0,2.9,146.3,0,3.0,5.9,59.97,212,0.3,6.8,1314.0,31.2,4.7,2.3,0,0.0,24.937,24.312,2025-10-18 16:33:22
146.8,0,1.3,149.9,0,1.4,2.7,60,212.3,0.4,6.8,1314.0,31.2,4.7,2.3,0,0.0,24.937,24.312,2025-10-18 16:34:24
128,0,1.7,123.7,0,2.0,4.0,60,212.3,0.2,6.8,1314.0,31.2,4.7,2.3,0,0.0,24.937,24.312,2025-10-18 16:35:27
146.3,0,0.8,143.2,0,0.8,1.5,60.03,212.4,0.3,6.8,1314.0,31.1,4.7,2.3,0,-38.845008416418494,24.937,24.25,2025-10-18 16:36:29
146.6,0,0.8,142.1,0,0.8,1.5,60,212.1,0.5,6.8,1314.0,31.1,4.7,2.3,0,-38.845008416418494,24.875,24.25,2025-10-18 16:37:32
133.8,0,0.7,138.2,0,0.7,1.5,60.02,212.1,0.4,6.8,1314.0,31.2,4.7,2.3,0,-38.845008416418494,24.875,24.25,2025-10-18 16:38:34
122,0,0.8,123,0,0.8,1.3,59.98,212.4,0.2,6.8,1314.0,31.2,4.7,2.3,0,-38.845008416418494,24.875,24.312,2025-10-18 16:39:36
131,0,0.5,122.1,0,0.5,1.0,59.97,212.1,0.3,6.8,1314.0,31.2,4.7,2.3,0,-38.845008416418494,24.875,24.312,2025-10-18 16:40:39
136.1,0,0.3,136.7,0,0.3,0.7,59.99,212.3,0.4,6.8,1314.0,31.1,4.7,2.3,0,-38.845008416418494,24.812,24.375,2025-10-18 16:41:41
136.5,0,0.9,136.9,0,0.9,1.6,60.04,212.5,0.3,6.8,1314.0,31.1,4.7,2.3,0,-38.845008416418494,24.812,24.375,2025-10-18 16:42:44
120.6,0,1.0,122.1,0,1.1,0.6,60.02,212.6,0.4,6.8,1314.0,31.1,4.7,2.3,0,-38.845008416418494,24.812,24.312,2025-10-18 16:43:46
111.8,0,0.3,108.1,0,0.2,1.0,60.03,212.7,0.3,6.8,1314.0,31.1,4.7,2.3,0,-38.845008416418494,24.812,24.312,2025-10-18 16:44:48
138.6,0,0.4,138.6,0,0.4,0.8,59.98,212.7,0.4,6.8,1314.0,31.1,4.7,2.3,0,-38.845008416418494,24.75,24.25,2025-10-18 16:45:51
141.1,0,0.3,137.8,0,0.2,0.6,60.06,212.5,0.4,6.8,1314.0,31.1,4.7,2.3,0,-38.845008416418494,24.75,24.25,2025-10-18 16:46:53
139.1,0,1.1,138.4,0,1.1,1.9,60.05,212.7,0.3,6.8,1314.0,31.1,4.7,2.3,0,-38.845008416418494,24.687,24.187,2025-10-18 16:47:56
107.7,0,0.5,104.1,0,0.5,1.1,60.04,212.7,0.4,6.8,1314.0,31.1,4.7,2.3,0,-38.845008416418494,24.687,24.187,2025-10-18 16:48:58
137.7,0,1.0,137.7,0,0.9,1.6,60.03,212.2,0.4,6.8,1314.0,31.1,4.7,2.3,0,-38.845008416418494,24.687,24.25,2025-10-18 16:50:01
139.5,0,1.4,138.8,0,1.4,2.5,60.03,212.4,0.4,6.8,1314.0,31.1,4.7,2.3,0,-38.845008416418494,24.687,24.312,2025-10-18 16:51:03
142.9,0,0.6,138.8,0,0.6,1.2,60,212.2,0.4,6.8,1314.0,31.1,4.7,2.3,0,-38.845008416418494,24.625,24.25,2025-10-18 16:52:06
108.5,0,0.3,105.5,0,0.3,0.7,59.99,212.1,0.4,6.8,1314.0,31.1,4.7,2.3,0,-38.845008416418494,24.625,24.312,2025-10-18 16:53:08
138.3,0,0.4,138.5,0,0.4,0.7,59.99,212.2,0.3,6.8,1314.0,31.1,4.7,2.3,0,-38.845008416418494,24.625,24.25,2025-10-18 16:54:10
138.1,0,0.3,134.7,0,0.7,1.3,60.01,212.7,0.5,6.8,1314.0,31.1,4.7,2.3,0,-38.845008416418494,24.687,24.312,2025-10-18 16:55:13
140.7,0,1.0,121.9,0,0.8,1.7,59.97,213.1,0.3,6.8,1314.0,31.1,4.7,2.3,0,-38.845008416418494,24.625,24.312,2025-10-18 16:56:15
110,0,0.5,106.1,0,0.5,0.9,59.96,213.4,0.3,6.8,1314.0,31,4.7,2.3,0,-38.845008416418494,24.625,24.25,2025-10-18 16:57:18
137.9,0,0.8,130.2,0,0.7,1.4,60.04,213,0.4,6.8,1314.0,30.9,4.7,2.3,0,-38.845008416418494,24.625,24.25,2025-10-18 16:58:20
125.5,0,0.6,131.3,0,0.6,1.6,60,213.1,0.4,6.8,1314.0,30.8,4.7,2.3,0,-38.845008416418494,24.625,24.187,2025-10-18 16:59:23
134.4,0,0.5,124.1,0,0.5,1.0,59.98,213,0.5,6.8,1314.0,30.8,4.7,2.3,0,-38.845008416418494,24.625,24.187,2025-10-18 17:00:25
113.8,0,0.3,108.1,0,0.3,0.8,60.01,213,0.3,6.8,1314.0,30.7,4.7,2.3,0,-38.845008416418494,24.625,24.125,2025-10-18 17:01:28
131.8,0,0.2,124.1,0,0.2,0.5,59.98,212.7,0.3,6.8,1314.0,30.7,4.7,2.3,0,-38.845008416418494,24.562,24.125,2025-10-18 17:02:30
131.4,0,0.4,126.2,0,0.3,0.7,59.97,213.2,0.3,6.8,1314.0,30.7,4.7,2.3,0,-38.845008416418494,24.562,24.125,2025-10-18 17:03:32
126.9,0,0.1,125.8,0,0.2,0.6,60.02,213,0.4,6.8,1314.0,30.6,4.7,2.3,0,-38.845008416418494,24.5,24.062,2025-10-18 17:04:35
113,0,0.1,125.4,0,0.1,0.3,59.99,213,0,6.8,1314.0,30.6,4.7,2.3,0,-38.845008416418494,24.5,24.062,2025-10-18 17:05:37
130.4,0,0.6,123.5,0,0.6,1.2,60.01,213.1,0.4,6.8,1314.0,30.6,4.7,2.3,0,-38.845008416418494,24.437,24.062,2025-10-18 17:06:40
128.8,0,0.7,118.7,0,0.5,1.1,60,213,0.4,6.8,1314.0,30.6,4.7,2.3,0,-38.845008416418494,24.437,24.062,2025-10-18 17:07:42
126.3,0,0.6,118.9,0,0.6,1.2,60.02,213.3,0.4,6.8,1314.0,30.6,4.7,2.3,0,-38.845008416418494,24.375,24.062,2025-10-18 17:08:45
121.9,0,0.7,97.4,0,1.2,2.8,60,213.5,0,6.8,1314.0,30.5,4.7,2.3,0,-38.845008416418494,24.375,24.0,2025-10-18 17:09:47
112.4,0,3.2,99.2,0,2.4,5.6,60.05,213,0,6.8,1314.0,30.4,4.7,2.3,0,-38.845008416418494,24.312,24.0,2025-10-18 17:10:49
109.2,0,0.0,100,0,0.0,0.0,60.04,213.1,0,6.8,1314.0,30.3,4.7,2.3,0,-38.845008416418494,24.312,23.937,2025-10-18 17:11:52
