Voltaje PV1 [V],Corriente PV1 [A],Potencia PV1 [W],Voltaje PV2 [V],Corriente PV2[A],POTencia PV2 [W],Potencia total [Wac],Frecuencia,Voltaje [Vac],Corriente [Aac],Energia hoy [Wh],Energia total [Wh],Temperatura inversor [°C],Energìa PV1 [Wh],Energìa PV2 [Wh],codigo_error,irradiancia_incidente,irradiancia_reflejada,albedo,temp_vertical,temp_inclinado,timestamp
,,0.0,0,0,0.0,0.0,,,,0.0,1363.4,0,0.0,0.0,,-38.845008416418494,16222.36260265319,0,23.5,23.375,2025-10-26 05:38:31
0,0,0.0,0,0,0.0,0.0,,,,0.0,1363.4,0,0.0,0.0,0,-38.845008416418494,3108.0227416298167,0,23.5,23.437,2025-10-26 05:38:53
,0,0.0,0,0,0.0,0.0,0,0,0,0.0,1363.4,0,0.0,0.0,0,-38.845008416418494,1629.8168035375868,0,23.562,23.437,2025-10-26 05:38:57
,0,0.0,0,0,0.0,0.0,0,0,0,0.0,1363.4,0,0.0,0.0,0,-38.845008416418494,833.8597599494631,0,23.562,23.375,2025-10-26 05:39:00
,0,0.0,0,0,0.0,0.0,0,0,0,0.0,1363.4,0,0.0,0.0,0,-38.845008416418494,1440.3032217308908,0,23.5,23.375,2025-10-26 05:39:03
0,0,0.0,0,0,0.0,0.0,0,,,0.0,1363.4,,0.0,0.0,0,-38.845008416418494,2691.092861655085,0,23.562,23.437,2025-10-26 05:39:17
,0,0.0,0,0,0.0,0.0,0,0,0,0.0,1363.4,0,0.0,0.0,0,-38.845008416418494,758.0543272267845,0,23.562,23.437,2025-10-26 05:39:21
,,0.0,0,0,0.0,0.0,0,,,0.0,1363.4,,0.0,0.0,0,-38.845008416418494,909.6651926721415,0,23.5,23.375,2025-10-26 05:39:28
,0,0.0,0,0,0.0,0.0,0,0,0,0.0,1363.4,0,0.0,0.0,0,0.0,3183.8281743524954,0,23.562,23.437,2025-10-26 05:39:31
,,0.0,0,0,0.0,0.0,0,0,0,0.0,1363.4,0,0.0,0.0,0,-38.845008416418494,3449.14718888187,0,23.562,23.375,2025-10-26 05:40:01
,0,0.0,0,0,0.0,0.0,0,0,0,0.0,1363.4,0,0.0,0.0,0,-38.845008416418494,2653.190145293746,0,23.5,23.375,2025-10-26 05:40:05
,,0.0,0,0,0.0,0.0,0,0,0,0.0,1363.4,0,0.0,0.0,0,-38.845008416418494,3487.049905243209,0,23.5,23.375,2025-10-26 05:40:09
,0,0.0,0,0,0.0,0.0,0,0,0,0.0,1363.4,0,0.0,0.0,0,0.0,2046.7466835123184,0,23.562,23.375,2025-10-26 05:40:12
,,0.0,0,0,0.0,0.0,0,0,0,0.0,1363.4,0,0.0,0.0,0,-38.845008416418494,871.7624763108023,0,23.562,23.437,2025-10-26 05:40:17
,0,0.0,0,0,0.0,0.0,0,0,0,0.0,1363.4,0,0.0,0.0,0,-38.845008416418494,1023.3733417561592,0,23.562,23.437,2025-10-26 05:40:20
,,0.0,0,0,0.0,0.0,0,0,0,0.0,1363.4,0,0.0,0.0,0,0.0,2274.1629816803534,0,23.562,23.375,2025-10-26 05:40:24
,0,0.0,0,0,0.0,0.0,0,0,0,0.0,1363.4,0,0.0,0.0,0,-38.845008416418494,3449.14718888187,0,23.562,23.437,2025-10-26 05:40:28
,,0.0,0,0,0.0,0.0,0,0,0,0.0,1363.4,0,0.0,0.0,0,-38.845008416418494,1895.1358180669613,0,23.562,23.437,2025-10-26 05:40:32
,,0.0,0,0,0.0,0.0,0,0,0,0.0,1363.4,0,0.0,0.0,0,-38.845008416418494,2994.3145925457993,0,23.562,23.437,2025-10-26 05:40:36
,0,0.0,0,0,0.0,0.0,0,0,0,0.0,1363.4,0,0.0,0.0,0,-38.845008416418494,3487.049905243209,0,23.562,23.375,2025-10-26 05:40:40
,,0.0,0,0,0.0,0.0,0,0,0,0.0,1363.4,0,0.0,0.0,0,-38.845008416418494,3221.7308907138345,0,23.562,23.437,2025-10-26 05:40:44
,,0.0,0,0,0.0,0.0,0,0,0,0.0,1363.4,0,0.0,0.0,0,-38.845008416418494,1440.3032217308908,0,23.562,23.437,2025-10-26 05:40:48
,,0.0,0,0,0.0,0.0,0,0,0,0.0,1363.4,0,0.0,0.0,0,0.0,758.0543272267845,0,23.562,23.437,2025-10-26 05:40:53
,,0.0,0,0,0.0,0.0,0,0,0,0.0,1363.4,0,0.0,0.0,0,-38.845008416418494,3032.217308907138,0,23.562,23.437,2025-10-26 05:40:57
,,0.0,0,0,0.0,0.0,0,0,0,0.0,1363.4,0,0.0,0.0,0,-38.845008416418494,1516.108654453569,0,23.562,23.437,2025-10-26 05:41:01
,,0.0,0,0,0.0,0.0,0,0,0,0.0,1363.4,0,0.0,0.0,0,0.0,985.4706253948199,0,23.562,23.375,2025-10-26 05:41:06
,,0.0,0,0,0.0,0.0,0,0,0,0.0,1363.4,0,0.0,0.0,0,-38.845008416418494,833.8597599494631,0,23.562,23.437,2025-10-26 05:41:10
0,0,0.0,0,0,0.0,0.0,0,0,0,0.0,1363.4,0,0.0,0.0,0,-38.845008416418494,2994.3145925457993,0,23.562,23.437,2025-10-26 05:41:16
,,0.0,0,0,0.0,0.0,0,0,0,0.0,1363.4,0,0.0,0.0,0,-38.845008416418494,3487.049905243209,0,23.562,23.437,2025-10-26 05:41:20
,,0.0,0,0,0.0,0.0,0,0,0,0.0,1363.4,0,0.0,0.0,0,0.0,3449.14718888187,0,23.562,23.375,2025-10-26 05:41:24
,0,0.0,0,0,0.0,0.0,0,0,0,0.0,1363.4,0,0.0,0.0,0,-38.845008416418494,1288.6923562855338,0,23.562,23.375,2025-10-26 05:41:30
,,0.0,0,0,0.0,0.0,0,0,0,0.0,1363.4,0,0.0,0.0,0,-38.845008416418494,720.1516108654454,0,23.562,23.437,2025-10-26 05:41:34
0,0,0.0,0,0,0.0,0.0,0,0,0,0.0,1363.4,0,0.0,0.0,0,-38.845008416418494,720.1516108654454,0,23.562,23.437,2025-10-26 05:41:40
,,0.0,0,0,0.0,0.0,0,0,0,0.0,1363.4,0,0.0,0.0,0,0.0,1061.2760581174985,0,23.562,23.437,2025-10-26 05:41:44
0,0,0.0,0,0,0.0,0.0,0,0,0,0.0,1363.4,0,0.0,0.0,0,0.0,2653.190145293746,0,23.562,23.437,2025-10-26 05:41:47
,0,0.0,0,0,0.0,0.0,0,0,0,0.0,1363.4,0,0.0,0.0,0,-38.845008416418494,1402.4005053695514,0,23.562,23.437,2025-10-26 05:41:50
0,0,0.0,0,0,0.0,0.0,0,0,0,0.0,1363.4,0,0.0,0.0,0,0.0,833.8597599494631,0,23.562,23.437,2025-10-26 05:41:52
,0,0.0,0,0,0.0,0.0,0,0,0,0.0,1363.4,0,0.0,0.0,0,0.0,2425.7738471257107,0,23.562,23.437,2025-10-26 05:41:56
0,0,0.0,0,0,0.0,0.0,0,0,0,0.0,1363.4,0,0.0,0.0,0,0.0,3297.5363234365127,0,23.562,23.437,2025-10-26 05:41:58
,,0.0,0,0,0.0,0.0,0,0,0,0.0,1363.4,0,0.0,0.0,0,0.0,682.2488945041061,0,23.562,23.437,2025-10-26 05:42:02
0,0,0.0,0,0,0.0,0.0,0,0,0,0.0,1363.4,0,0.0,0.0,0,-38.845008416418494,2653.190145293746,0,23.562,23.437,2025-10-26 05:42:05
,0,0.0,0,0,0.0,0.0,0,0,0,0.0,1363.4,0,0.0,0.0,0,0.0,758.0543272267845,0,23.562,23.437,2025-10-26 05:42:08
0,0,0.0,0,0,0.0,0.0,0,0,0,0.0,1363.4,0,0.0,0.0,0,-38.845008416418494,2084.649399873658,0,23.562,23.437,2025-10-26 05:42:11
,0,0.0,0,0,0.0,0.0,0,0,0,0.0,1363.4,0,0.0,0.0,0,-38.845008416418494,3070.1200252684775,0,23.562,23.437,2025-10-26 05:42:16
0,0,0.0,0,0,0.0,0.0,0,0,0,0.0,1363.4,0,0.0,0.0,0,-38.845008416418494,2615.287428932407,0,23.562,23.437,2025-10-26 05:42:18
,0,0.0,0,0,0.0,0.0,0,0,0,0.0,1363.4,0,0.0,0.0,0,-38.845008416418494,2842.703727100442,0,23.562,23.437,2025-10-26 05:42:24
0,0,0.0,0,0,0.0,0.0,0,0,0,0.0,1363.4,0,0.0,0.0,0,0.0,682.2488945041061,0,23.562,23.437,2025-10-26 05:42:26
0,0,0.0,0,0,0.0,0.0,60.04,0,0,0.0,1363.4,0,0.0,0.0,0,0.0,2312.065698041693,0,23.562,23.437,2025-10-26 05:42:29
,,0.0,0,0,0.0,0.0,0,0,0,0.0,1363.4,0,0.0,0.0,0,-38.845008416418494,1212.8869235628554,0,23.562,23.437,2025-10-26 05:42:33
0,0,0.0,0,0,0.0,0.0,0,0,0,0.0,1363.4,0,0.0,0.0,0,0.0,3411.2444725205305,0,23.562,23.437,2025-10-26 05:42:35
0,0,0.0,0,0,0.0,0.0,0,0,0,0.0,1363.4,0,0.0,0.0,0,-38.845008416418494,2804.801010739103,0,23.562,23.437,2025-10-26 05:42:38
84.9,0,0.0,84.8,0,0.0,0.0,60,215,0,0.0,1363.4,0,0.0,0.0,0,-38.845008416418494,1099.1787744788378,0,23.562,23.437,2025-10-26 05:42:40
85.5,0,0.0,85.4,0,0.0,0.0,60,215,0,0.0,1363.4,23.6,0.0,0.0,0,-38.845008416418494,1591.9140871762477,0,23.562,23.437,2025-10-26 05:42:42
86.8,0,0.0,86.6,0,0.0,0.0,59.98,215.1,0,0.0,1363.4,23.6,0.0,0.0,0,0.0,1023.3733417561592,0,23.562,23.5,2025-10-26 05:42:45
90.6,0,0.0,90.5,0,0.0,0.0,59.98,215.2,0,0.0,1363.4,23.6,0.0,0.0,0,0.0,1402.4005053695514,0,23.562,23.437,2025-10-26 05:42:47
95.6,0,0.0,95.5,0,0.0,0.0,59.98,215.2,0,0.0,1363.4,23.6,0.0,0.0,0,-38.845008416418494,2804.801010739103,0,23.562,23.5,2025-10-26 05:42:50
102.3,0,0.0,102.2,0,0.0,0.0,59.98,215.1,0,0.0,1363.4,23.6,0.0,0.0,0,-38.845008416418494,2539.4819962097285,0,23.562,23.5,2025-10-26 05:42:52
118.3,0,0.0,118.2,0,0.0,0.0,60.01,215.2,0,0.0,1363.4,23.6,0.0,0.0,0,0.0,1137.0814908401767,0,23.562,23.5,2025-10-26 05:42:54
131.9,0,0.0,131.7,0,0.0,0.0,60.02,215.1,0,0.0,1363.4,23.6,0.0,0.0,0,0.0,1895.1358180669613,0,23.562,23.437,2025-10-26 05:42:57
142.3,0,0.0,142.1,0,0.0,0.0,60.04,215.1,0,0.0,1363.4,23.6,0.0,0.0,0,-38.845008416418494,2160.454832596336,0,23.562,23.437,2025-10-26 05:42:59
146,0,0.0,145.8,0,0.0,0.0,60.03,215.3,0,0.0,1363.4,23.6,0.0,0.0,0,-38.845008416418494,2577.3847125710677,0,23.562,23.437,2025-10-26 05:43:01
146.1,0,0.0,145.9,0,0.0,0.0,60.04,215.2,0,0.0,1363.4,23.6,0.0,0.0,0,-38.845008416418494,3259.6336070751736,0,23.562,23.437,2025-10-26 05:43:04
146.1,0,0.0,145.9,0,0.0,0.0,60.04,215.2,0,0.0,1363.4,23.6,0.0,0.0,0,0.0,3411.2444725205305,0,23.562,23.437,2025-10-26 05:43:06
146,0,0.0,145.9,0,0.0,0.0,60.03,215.1,0,0.0,1363.4,23.6,0.0,0.0,0,0.0,3032.217308907138,0,23.562,23.437,2025-10-26 05:43:09
146.1,0,0.0,145.9,0,0.0,0.0,60.03,215.1,0,0.0,1363.4,23.6,0.0,0.0,0,0.0,2387.871130764371,0,23.562,23.437,2025-10-26 05:43:11
146.2,0,0.0,146,0,0.0,0.0,60.03,215.2,0,0.0,1363.4,23.6,0.0,0.0,0,-38.845008416418494,720.1516108654454,0,23.562,23.437,2025-10-26 05:43:13
146.4,0,0.0,146.2,0,0.0,0.0,60.03,215.1,0,0.0,1363.4,23.6,0.0,0.0,0,0.0,871.7624763108023,0,23.562,23.437,2025-10-26 05:43:16
146.5,0,0.0,146.3,0,0.0,0.0,60.02,215.1,0,0.0,1363.4,23.6,0.0,0.0,0,0.0,1402.4005053695514,0,23.562,23.437,2025-10-26 05:43:18
146.4,0,0.0,146.3,0,0.0,0.0,60.02,215.2,0,0.0,1363.4,23.6,0.0,0.0,0,-38.845008416418494,3221.7308907138345,0,23.562,23.437,2025-10-26 05:43:20
146.5,0,0.0,146.4,0,0.0,0.0,60.02,215.1,0,0.0,1363.4,23.6,0.0,0.0,0,-38.845008416418494,2918.5091598231206,0,23.562,23.437,2025-10-26 05:43:23
146.6,0,0.0,146.4,0,0.0,0.0,60.01,215.4,0,0.0,1363.4,23.6,0.0,0.0,0,0.0,2918.5091598231206,0,23.562,23.437,2025-10-26 05:43:25
146.7,0,0.0,146.4,0,0.0,0.0,60.02,215.2,0,0.0,1363.4,23.6,0.0,0.0,0,0.0,2463.67656348705,0,23.562,23.437,2025-10-26 05:43:28
146.8,0,0.0,146.5,0,0.0,0.0,60.01,215.3,0,0.0,1363.4,23.6,0.0,0.0,0,0.0,2084.649399873658,0,23.625,23.437,2025-10-26 05:43:30
146.9,0,0.0,146.7,0,0.0,0.0,60.03,215.3,0,0.0,1363.4,23.6,0.0,0.0,0,-38.845008416418494,795.9570435881238,0,23.562,23.437,2025-10-26 05:43:32
146.9,0,0.0,146.7,0,0.0,0.0,60.03,215.2,0,0.0,1363.4,23.6,0.0,0.0,0,-38.845008416418494,758.0543272267845,0,23.562,23.437,2025-10-26 05:43:35
146.9,0,0.0,146.8,0,0.0,0.0,60.03,215.3,0,0.0,1363.4,23.6,0.0,0.0,0,-38.845008416418494,3221.7308907138345,0,23.562,23.437,2025-10-26 05:43:37
147,0,0.0,146.8,0,0.0,0.0,60.02,215.4,0,0.0,1363.4,23.6,0.0,0.0,0,0.0,3449.14718888187,0,23.625,23.437,2025-10-26 05:43:39
147,0,0.0,146.9,0,0.0,0.0,60.02,215.2,0,0.0,1363.4,23.6,0.0,0.0,0,0.0,3259.6336070751736,0,23.562,23.437,2025-10-26 05:43:42
147.4,0,0.0,147.2,0,0.0,0.0,60,215.2,0,0.0,1363.4,23.6,0.0,0.0,0,0.0,2501.579279848389,0,23.562,23.437,2025-10-26 05:43:44
147.4,0,0.0,147.2,0,0.0,0.0,60.01,215.1,0,0.0,1363.4,23.6,0.0,0.0,0,0.0,3297.5363234365127,0,23.562,23.437,2025-10-26 05:43:47
147.5,0,0.0,147.3,0,0.0,0.0,59.98,215.3,0,0.0,1363.4,23.6,0.0,0.0,0,0.0,3108.0227416298167,0,23.562,23.437,2025-10-26 05:43:49
147.5,0,0.0,147.3,0,0.0,0.0,60,215.2,0,0.0,1363.4,23.6,0.0,0.0,0,0.0,758.0543272267845,0,23.562,23.437,2025-10-26 05:43:51
147.5,0,0.0,147.3,0,0.0,0.0,59.99,215.4,0,0.0,1363.4,23.6,0.0,0.0,0,0.0,1591.9140871762477,0,23.562,23.437,2025-10-26 05:43:54
147.6,0,0.0,147.5,0,0.0,0.0,59.99,215.4,0,0.0,1363.4,23.6,0.0,0.0,0,0.0,3297.5363234365127,0,23.562,23.437,2025-10-26 05:43:56
147.5,0,0.0,147.4,0,0.0,0.0,59.98,215.4,0,0.0,1363.4,23.6,0.0,0.0,0,-38.845008416418494,2312.065698041693,0,23.562,23.437,2025-10-26 05:43:58
147.7,0,0.0,147.5,0,0.0,0.0,59.98,215.2,0,0.0,1363.4,23.6,0.0,0.0,0,-38.845008416418494,1895.1358180669613,0,23.562,23.437,2025-10-26 05:44:01
147.6,0,0.0,147.5,0,0.0,0.0,59.98,215.3,0,0.0,1363.4,23.6,0.0,0.0,0,0.0,2956.4118761844597,0,23.562,23.437,2025-10-26 05:44:03
147.7,0,0.0,147.5,0,0.0,0.0,59.99,215.3,0,0.0,1363.4,23.6,0.0,0.0,0,0.0,2691.092861655085,0,23.562,23.437,2025-10-26 05:44:05
147.7,0,0.0,147.6,0,0.0,0.0,60,215.4,0,0.0,1363.4,23.6,0.0,0.0,0,0.0,1895.1358180669613,0,23.562,23.437,2025-10-26 05:44:08
147.9,0,0.0,147.7,0,0.0,0.0,60,215.3,0,0.0,1363.4,23.6,0.0,0.0,0,0.0,795.9570435881238,0,23.562,23.437,2025-10-26 05:44:10
147.8,0,0.0,147.7,0,0.0,0.0,60,215.3,0,0.0,1363.4,23.6,0.0,0.0,0,-38.845008416418494,909.6651926721415,0,23.562,23.437,2025-10-26 05:44:13
147.8,0,0.0,147.8,0,0.0,0.0,59.99,215.3,0,0.0,1363.4,23.6,0.0,0.0,0,-38.845008416418494,985.4706253948199,0,23.562,23.437,2025-10-26 05:44:15
147.8,0,0.0,147.7,0,0.0,0.0,59.98,215.4,0,0.0,1363.4,23.6,0.0,0.0,0,0.0,795.9570435881238,0,23.562,23.375,2025-10-26 05:44:17
147.9,0,0.0,147.8,0,0.0,0.0,59.98,215.3,0,0.0,1363.4,23.6,0.0,0.0,0,-38.845008416418494,795.9570435881238,0,23.562,23.437,2025-10-26 05:44:20
147.9,0,0.0,147.7,0,0.0,0.0,59.98,215.4,0,0.0,1363.4,23.6,0.0,0.0,0,0.0,1174.984207201516,0,23.562,23.375,2025-10-26 05:44:22
148,0,0.0,147.9,0,0.0,0.0,60,215.2,0,0.0,1363.4,23.6,0.0,0.0,0,0.0,682.2488945041061,0,23.562,23.437,2025-10-26 05:44:24
147.9,0,0.0,147.8,0,0.0,0.0,60,215.3,0,0.0,1363.4,23.6,0.0,0.0,0,0.0,1023.3733417561592,0,23.562,23.437,2025-10-26 05:44:27
148,0,0.0,147.9,0,0.0,0.0,60.01,215.4,0,0.0,1363.4,23.6,0.0,0.0,0,0.0,2236.2602653190143,0,23.562,23.437,2025-10-26 05:44:29
148,0,0.0,147.9,0,0.0,0.0,60.01,215.2,0,0.0,1363.4,23.6,0.0,0.0,0,-38.845008416418494,3183.8281743524954,0,23.562,23.437,2025-10-26 05:44:32
148,0,0.0,147.8,0,0.0,0.0,60.02,215.2,0,0.0,1363.4,23.6,0.0,0.0,0,-38.845008416418494,3297.5363234365127,0,23.562,23.375,2025-10-26 05:44:34
147.9,0,0.0,147.8,0,0.0,0.0,60,215.4,0,0.0,1363.4,23.7,0.0,0.0,0,0.0,3373.3417561591914,0,23.562,23.375,2025-10-26 05:44:36
148,0,0.0,147.9,0,0.0,0.0,59.99,215.3,0,0.0,1363.4,23.7,0.0,0.0,0,0.0,3259.6336070751736,0,23.562,23.437,2025-10-26 05:44:39
148,0,0.0,148,0,0.0,0.0,59.98,215.4,0,0.0,1363.4,23.7,0.0,0.0,0,0.0,2160.454832596336,0,23.562,23.437,2025-10-26 05:44:41
147.9,0,0.0,147.8,0,0.0,0.0,59.97,215.3,0,0.0,1363.4,23.7,0.0,0.0,0,0.0,3411.2444725205305,0,23.562,23.437,2025-10-26 05:44:43
148,0,0.0,147.9,0,0.0,0.0,59.97,215.5,0,0.0,1363.4,23.7,0.0,0.0,0,0.0,3449.14718888187,0,23.562,23.437,2025-10-26 05:44:46
148,0,0.0,147.9,0,0.0,0.0,59.97,215.4,0,0.0,1363.4,23.7,0.0,0.0,0,-38.845008416418494,3449.14718888187,0,23.562,23.437,2025-10-26 05:44:48
148,0,0.0,147.9,0,0.0,0.0,59.96,215.3,0,0.0,1363.4,23.7,0.0,0.0,0,-38.845008416418494,2274.1629816803534,0,23.562,23.437,2025-10-26 05:44:51
148,0,0.0,147.8,0,0.0,0.0,59.98,215.5,0,0.0,1363.4,23.7,0.0,0.0,0,0.0,2842.703727100442,0,23.562,23.437,2025-10-26 05:44:53
148,0,0.0,147.8,0,0.0,0.0,59.97,215.4,0,0.0,1363.4,23.7,0.0,0.0,0,0.0,3524.9526216045483,0,23.562,23.437,2025-10-26 05:44:55
148,0,0.0,147.9,0,0.0,0.0,59.98,215.5,0,0.0,1363.4,23.7,0.0,0.0,0,0.0,2008.843967150979,0,23.562,23.437,2025-10-26 05:44:58
148,0,0.0,147.9,0,0.0,0.0,59.98,215.4,0,0.0,1363.4,23.7,0.0,0.0,0,0.0,2463.67656348705,0,23.562,23.375,2025-10-26 05:45:00
147.9,0,0.0,147.9,0,0.0,0.0,59.99,215.6,0,0.0,1363.4,23.7,0.0,0.0,0,0.0,2463.67656348705,0,23.625,23.437,2025-10-26 05:45:02
148,0,0.0,147.9,0,0.0,0.0,59.99,215.5,0,0.0,1363.4,23.7,0.0,0.0,0,0.0,1781.427668982944,0,23.625,23.375,2025-10-26 05:45:05
147.9,0,0.0,147.9,0,0.0,0.0,59.99,215.5,0,0.0,1363.4,23.7,0.0,0.0,0,0.0,2653.190145293746,0,23.625,23.437,2025-10-26 05:45:07
147.9,0,0.0,147.8,0,0.0,0.0,59.99,215.6,0,0.0,1363.4,23.7,0.0,0.0,0,0.0,833.8597599494631,0,23.562,23.437,2025-10-26 05:45:10
147.9,0,0.0,147.8,0,0.0,0.0,59.99,215.5,0,0.0,1363.4,23.7,0.0,0.0,0,-38.845008416418494,1137.0814908401767,0,23.625,23.437,2025-10-26 05:45:12
147.9,0,0.0,147.8,0,0.0,0.0,59.98,215.5,0,0.0,1363.4,23.7,0.0,0.0,0,0.0,3108.0227416298167,0,23.562,23.437,2025-10-26 05:45:14
147.9,0,0.0,147.7,0,0.0,0.0,59.98,215.5,0,0.0,1363.4,23.7,0.0,0.0,0,0.0,1667.7195198989261,0,23.625,23.437,2025-10-26 05:45:17
147.8,0,0.0,147.7,0,0.0,0.0,59.98,215.5,0,0.0,1363.4,23.7,0.0,0.0,0,-38.845008416418494,1440.3032217308908,0,23.625,23.437,2025-10-26 05:45:19
147.8,0,0.0,147.6,0,0.0,0.0,59.99,215.7,0,0.0,1363.4,23.7,0.0,0.0,0,0.0,644.3461781427669,0,23.562,23.437,2025-10-26 05:45:21
147.8,0,0.0,147.6,0,0.0,0.0,59.98,215.5,0,0.0,1363.4,23.7,0.0,0.0,0,0.0,833.8597599494631,0,23.625,23.437,2025-10-26 05:45:24
147.7,0,0.0,147.5,0,0.0,0.0,59.99,215.4,0,0.0,1363.4,23.7,0.0,0.0,0,-38.845008416418494,2463.67656348705,0,23.625,23.437,2025-10-26 05:45:26
147.7,0,0.0,147.5,0,0.0,0.0,59.98,215.4,0,0.0,1363.4,23.7,0.0,0.0,0,0.0,985.4706253948199,0,23.562,23.437,2025-10-26 05:45:29
147.7,0,0.0,147.6,0,0.0,0.0,59.98,215.5,0,0.0,1363.4,23.7,0.0,0.0,0,0.0,795.9570435881238,0,23.562,23.437,2025-10-26 05:45:31
147.6,0,0.0,147.5,0,0.0,0.0,59.98,215.4,0,0.0,1363.4,23.7,0.0,0.0,0,0.0,1857.233101705622,0,23.625,23.437,2025-10-26 05:45:33
147.6,0,0.0,147.5,0,0.0,0.0,59.98,215.4,0,0.0,1363.4,23.7,0.0,0.0,0,0.0,1137.0814908401767,0,23.625,23.437,2025-10-26 05:45:36
147.6,0,0.0,147.4,0,0.0,0.0,59.98,215.4,0,0.0,1363.4,23.7,0.0,0.0,0,0.0,795.9570435881238,0,23.562,23.437,2025-10-26 05:45:38
147.5,0,0.0,147.4,0,0.0,0.0,59.99,215.3,0,0.0,1363.4,23.7,0.0,0.0,0,0.0,644.3461781427669,0,23.625,23.437,2025-10-26 05:45:40
147.5,0,0.0,147.3,0,0.0,0.0,60,215.3,0,0.0,1363.4,23.7,0.0,0.0,0,0.0,2577.3847125710677,0,23.625,23.437,2025-10-26 05:45:43
147.5,0,0.0,147.3,0,0.0,0.0,60.02,215.4,0,0.0,1363.4,23.7,0.0,0.0,0,0.0,1326.595072646873,0,23.625,23.437,2025-10-26 05:45:45
147.5,0,0.0,147.3,0,0.0,0.0,60.02,215.3,0,0.0,1363.4,23.7,0.0,0.0,0,0.0,1857.233101705622,0,23.562,23.437,2025-10-26 05:45:48
147.4,0,0.0,147.2,0,0.0,0.0,60.03,215.2,0,0.0,1363.4,23.7,0.0,0.0,0,0.0,3221.7308907138345,0,23.625,23.437,2025-10-26 05:45:50
147.4,0,0.0,147.2,0,0.0,0.0,60.03,215.3,0,0.0,1363.4,23.7,0.0,0.0,0,0.0,2539.4819962097285,0,23.625,23.437,2025-10-26 05:45:52
147.3,0,0.0,147.2,0,0.0,0.0,60.02,215.4,0,0.0,1363.4,23.7,0.0,0.0,0,0.0,2349.968414403032,0,23.625,23.437,2025-10-26 05:45:55
147.3,0,0.0,147.1,0,0.0,0.0,60.02,215.5,0,0.0,1363.4,23.7,0.0,0.0,0,-38.845008416418494,2084.649399873658,0,23.625,23.437,2025-10-26 05:45:57
147.3,0,0.0,147.2,0,0.0,0.0,60.04,215.3,0,0.0,1363.4,23.7,0.0,0.0,0,0.0,947.5679090334806,0,23.625,23.437,2025-10-26 05:45:59
147.3,0,0.0,147.1,0,0.0,0.0,60.04,215.4,0,0.0,1363.4,23.7,0.0,0.0,0,0.0,1288.6923562855338,0,23.625,23.437,2025-10-26 05:46:02
147.3,0,0.0,147.1,0,0.0,0.0,60.04,215.2,0,0.0,1363.4,23.7,0.0,0.0,0,-38.845008416418494,2842.703727100442,0,23.625,23.437,2025-10-26 05:46:04
147.2,0,0.0,147.1,0,0.0,0.0,60.03,215.5,0,0.0,1363.4,23.7,0.0,0.0,0,0.0,3221.7308907138345,0,23.625,23.437,2025-10-26 05:46:06
147.2,0,0.0,147,0,0.0,0.0,60.04,215.2,0,0.0,1363.4,23.7,0.0,0.0,0,0.0,3449.14718888187,0,23.625,23.437,2025-10-26 05:46:09
147.2,0,0.0,147.1,0,0.0,0.0,60.02,215.3,0,0.0,1363.4,23.7,0.0,0.0,0,0.0,795.9570435881238,0,23.625,23.5,2025-10-26 05:46:11
147,0,0.0,146.9,0,0.0,0.0,60.03,215.3,0,0.0,1363.4,23.7,0.0,0.0,0,0.0,2046.7466835123184,0,23.625,23.437,2025-10-26 05:46:14
147.1,0,0.0,147,0,0.0,0.0,60.03,215.4,0,0.0,1363.4,23.7,0.0,0.0,0,-38.845008416418494,1250.7896399241945,0,23.625,23.437,2025-10-26 05:46:16
147,0,0.0,146.8,0,0.0,0.0,60.03,215.3,0,0.0,1363.4,23.7,0.0,0.0,0,0.0,1819.330385344283,0,23.625,23.437,2025-10-26 05:46:18
147,0,0.0,146.9,0,0.0,0.0,60.03,215.5,0,0.0,1363.4,23.7,0.0,0.0,0,0.0,1288.6923562855338,0,23.625,23.437,2025-10-26 05:46:21
147,0,0.0,146.8,0,0.0,0.0,60.01,215.4,0,0.0,1363.4,23.7,0.0,0.0,0,0.0,1137.0814908401767,0,23.625,23.437,2025-10-26 05:46:23
147,0,0.0,146.9,0,0.0,0.0,60.03,215.4,0,0.0,1363.4,23.7,0.0,0.0,0,0.0,1895.1358180669613,0,23.625,23.437,2025-10-26 05:46:25
147,0,0.0,146.9,0,0.0,0.0,60.02,215.4,0,0.0,1363.4,23.7,0.0,0.0,0,-38.845008416418494,2160.454832596336,0,23.562,23.437,2025-10-26 05:46:28
147,0,0.0,146.9,0,0.0,0.0,60.03,215.4,0,0.0,1363.4,23.7,0.0,0.0,0,0.0,2842.703727100442,0,23.625,23.437,2025-10-26 05:46:30
147,0,0.0,146.8,0,0.0,0.0,60.02,215.4,0,0.0,1363.4,23.7,0.0,0.0,0,-38.845008416418494,1478.2059380922299,0,23.562,23.437,2025-10-26 05:46:33
146.9,0,0.0,146.8,0,0.0,0.0,60.02,215.5,0,0.0,1363.4,23.7,0.0,0.0,0,0.0,720.1516108654454,0,23.625,23.437,2025-10-26 05:46:35
146.9,0,0.0,146.7,0,0.0,0.0,60.03,215.5,0,0.0,1363.4,23.7,0.0,0.0,0,-38.845008416418494,1023.3733417561592,0,23.625,23.437,2025-10-26 05:46:37
147,0,0.0,146.8,0,0.0,0.0,60.03,215.5,0,0.0,1363.4,23.7,0.0,0.0,0,0.0,1099.1787744788378,0,23.625,23.437,2025-10-26 05:46:40
146.9,0,0.0,146.8,0,0.0,0.0,60.03,215.4,0,0.0,1363.4,23.7,0.0,0.0,0,-38.845008416418494,3449.14718888187,0,23.625,23.437,2025-10-26 05:46:42
146.9,0,0.0,146.8,0,0.0,0.0,60.02,215.4,0,0.0,1363.4,23.7,0.0,0.0,0,0.0,1705.6222362602653,0,23.625,23.437,2025-10-26 05:46:44
146.9,0,0.0,146.8,0,0.0,0.0,60,215.6,0,0.0,1363.4,23.7,0.0,0.0,0,-38.845008416418494,2728.9955780164246,0,23.625,23.437,2025-10-26 05:46:47
146.9,0,0.0,146.7,0,0.0,0.0,60,215.3,0,0.0,1363.4,23.7,0.0,0.0,0,0.0,2880.6064434617815,0,23.625,23.5,2025-10-26 05:46:49
146.9,0,0.0,146.8,0,0.0,0.0,59.99,215.5,0,0.0,1363.4,23.7,0.0,0.0,0,-38.845008416418494,2501.579279848389,0,23.625,23.437,2025-10-26 05:46:52
146.9,0,0.0,146.7,0,0.0,0.0,59.99,215.4,0,0.0,1363.4,23.7,0.0,0.0,0,-38.845008416418494,2577.3847125710677,0,23.625,23.437,2025-10-26 05:46:54
146.9,0,0.0,146.8,0,0.0,0.0,59.98,215.4,0,0.0,1363.4,23.7,0.0,0.0,0,-38.845008416418494,3487.049905243209,0,23.625,23.437,2025-10-26 05:46:56
146.9,0,0.0,146.8,0,0.0,0.0,59.98,215.4,0,0.0,1363.4,23.7,0.0,0.0,0,-38.845008416418494,3373.3417561591914,0,23.625,23.437,2025-10-26 05:46:59
146.9,0,0.0,146.8,0,0.0,0.0,59.98,215.3,0,0.0,1363.4,23.7,0.0,0.0,0,-38.845008416418494,3373.3417561591914,0,23.625,23.437,2025-10-26 05:47:01
146.9,0,0.0,146.7,0,0.0,0.0,59.98,215.3,0,0.0,1363.4,23.7,0.0,0.0,0,-38.845008416418494,833.8597599494631,0,23.625,23.437,2025-10-26 05:47:03
147,0,0.0,146.8,0,0.0,0.0,59.99,215.4,0,0.0,1363.4,23.7,0.0,0.0,0,0.0,3221.7308907138345,0,23.625,23.437,2025-10-26 05:47:06
146.9,0,0.0,146.8,0,0.0,0.0,59.99,215.4,0,0.0,1363.4,23.7,0.0,0.0,0,-38.845008416418494,758.0543272267845,0,23.625,23.437,2025-10-26 05:47:08
146.9,0,0.0,146.8,0,0.0,0.0,59.99,215.4,0,0.0,1363.4,23.7,0.0,0.0,0,0.0,682.2488945041061,0,23.625,23.437,2025-10-26 05:47:11
146.9,0,0.0,146.8,0,0.0,0.0,60,215.3,0,0.0,1363.4,23.7,0.0,0.0,0,-38.845008416418494,1781.427668982944,0,23.625,23.437,2025-10-26 05:47:13
147,0,0.0,146.9,0,0.0,0.0,60,215.3,0,0.0,1363.4,23.7,0.0,0.0,0,-38.845008416418494,2312.065698041693,0,23.625,23.437,2025-10-26 05:47:15
146.9,0,0.0,146.7,0,0.0,0.0,60,215.2,0,0.0,1363.4,23.7,0.0,0.0,0,0.0,1099.1787744788378,0,23.625,23.5,2025-10-26 05:47:18
147,0,0.0,146.9,0,0.0,0.0,60,215.2,0,0.0,1363.4,23.7,0.0,0.0,0,-38.845008416418494,795.9570435881238,0,23.625,23.437,2025-10-26 05:47:20
147,0,0.0,146.8,0,0.0,0.0,60.01,215.2,0,0.0,1363.4,23.7,0.0,0.0,0,-38.845008416418494,2008.843967150979,0,23.625,23.437,2025-10-26 05:47:22
147.1,0,0.0,146.9,0,0.0,0.0,60,215.2,0,0.0,1363.4,23.7,0.0,0.0,0,0.0,2312.065698041693,0,23.625,23.437,2025-10-26 05:47:25
147.1,0,0.0,147,0,0.0,0.0,60,215.2,0,0.0,1363.4,23.7,0.0,0.0,0,0.0,2501.579279848389,0,23.625,23.5,2025-10-26 05:47:27
147.1,0,0.0,146.9,0,0.0,0.0,60.01,215.1,0,0.0,1363.4,23.7,0.0,0.0,0,-38.845008416418494,2236.2602653190143,0,23.625,23.437,2025-10-26 05:47:30
147.2,0,0.0,147,0,0.0,0.0,60.01,215,0,0.0,1363.4,23.7,0.0,0.0,0,0.0,3449.14718888187,0,23.625,23.437,2025-10-26 05:47:32
147.1,0,0.0,147.1,0,0.0,0.0,60.01,214.9,0,0.0,1363.4,23.7,0.0,0.0,0,0.0,3411.2444725205305,0,23.625,23.437,2025-10-26 05:47:34
147.3,0,0.0,147.1,0,0.0,0.0,60.02,215,0,0.0,1363.4,23.7,0.0,0.0,0,-38.845008416418494,3487.049905243209,0,23.625,23.437,2025-10-26 05:47:37
147.4,0,0.0,147.2,0,0.0,0.0,60.01,215,0,0.0,1363.4,23.7,0.0,0.0,0,-38.845008416418494,720.1516108654454,0,23.625,23.437,2025-10-26 05:47:39
106,0,0.0,93.9,0,0.0,0.0,60.01,215.2,0,0.0,1363.4,23.7,0.0,0.0,0,0.0,1933.0385344283006,0,23.625,23.437,2025-10-26 05:47:41
99.7,0,0.0,93.4,0,0.0,0.0,60,215,0,0.0,1363.4,23.7,0.0,0.0,0,-38.845008416418494,833.8597599494631,0,23.625,23.437,2025-10-26 05:47:44
98.9,0,0.0,93.4,0,0.0,0.0,60.01,215.2,0,0.0,1363.4,23.7,0.0,0.0,0,-38.845008416418494,985.4706253948199,0,23.625,23.437,2025-10-26 05:47:46
98.1,0,0.0,93.3,0,0.0,0.0,60.01,215,0,0.0,1363.4,23.7,0.0,0.0,0,0.0,2046.7466835123184,0,23.625,23.437,2025-10-26 05:47:49
99.6,0,0.0,92.2,0,0.0,0.0,60.02,214.9,0,0.0,1363.4,23.7,0.0,0.0,0,0.0,2842.703727100442,0,23.625,23.437,2025-10-26 05:47:51
99.5,0,0.0,90.4,0,0.0,0.0,60.02,214.8,0,0.0,1363.4,23.7,0.0,0.0,0,0.0,1478.2059380922299,0,23.625,23.437,2025-10-26 05:47:53
99.4,0,0.0,88.8,0,0.0,0.0,60.03,215,0,0.0,1363.4,23.8,0.0,0.0,0,0.0,3032.217308907138,0,23.625,23.437,2025-10-26 05:47:56
99.6,0,0.0,87.3,0,0.0,0.0,60.02,215.1,0,0.0,1363.4,23.8,0.0,0.0,0,0.0,3335.4390397978523,0,23.625,23.5,2025-10-26 05:47:58
99.6,0,0.0,86.2,0,0.0,0.0,60.02,215.1,0,0.0,1363.4,23.8,0.0,0.0,0,-38.845008416418494,3411.2444725205305,0,23.625,23.5,2025-10-26 05:48:00
99.4,0,0.0,85.6,0,0.0,0.0,60.01,215.2,0,0.0,1363.4,23.8,0.0,0.0,0,-38.845008416418494,3297.5363234365127,0,23.625,23.5,2025-10-26 05:48:03
99.5,0,0.0,84.8,0,0.0,0.0,60.01,215.2,0,0.0,1363.4,23.8,0.0,0.0,0,-38.845008416418494,2349.968414403032,0,23.625,23.5,2025-10-26 05:48:05
99.4,0,0.0,84.2,0,0.0,0.0,59.98,215.3,0,0.0,1363.4,23.8,0.0,0.0,0,0.0,1857.233101705622,0,23.625,23.5,2025-10-26 05:48:07
99.7,0,0.0,84.1,0,0.0,0.0,59.97,215,0,0.0,1363.4,23.8,0.0,0.0,0,-38.845008416418494,2198.3575489576756,0,23.625,23.437,2025-10-26 05:48:10
99.4,0,0.0,83.6,0,0.0,0.0,59.97,215,0,0.0,1363.4,23.8,0.0,0.0,0,0.0,2084.649399873658,0,23.625,23.437,2025-10-26 05:48:12
99.8,0,0.0,83.8,0,0.0,0.0,59.99,215.2,0,0.0,1363.4,23.8,0.0,0.0,0,0.0,2008.843967150979,0,23.625,23.437,2025-10-26 05:48:15
99.3,0,0.0,83.4,0,0.0,0.0,59.98,215.2,0,0.0,1363.4,23.8,0.0,0.0,0,0.0,1440.3032217308908,0,23.625,23.437,2025-10-26 05:48:17
0,0,0.0,0,0,0.0,0.0,0,0,0,0.0,1363.4,0,0.0,0.0,0,0.0,1212.8869235628554,0,23.625,23.437,2025-10-26 05:48:22
0,0,0.0,0,0,0.0,0.0,0,0,0,0.0,1363.4,0,0.0,0.0,0,0.0,1554.0113708149083,0,23.625,23.437,2025-10-26 05:48:24
0,0,0.0,0,0,0.0,0.0,0,0,0,0.0,1363.4,0,0.0,0.0,0,0.0,909.6651926721415,0,23.625,23.5,2025-10-26 05:48:27
148,0,0.0,147.9,0,0.0,0.0,59.98,215.2,0,0.0,1363.4,23.8,0.0,0.0,0,-38.845008416418494,1212.8869235628554,0,23.625,23.437,2025-10-26 05:48:29
147.9,0,0.0,147.9,0,0.0,0.0,60.02,215.2,0,0.0,1363.4,23.8,0.0,0.0,0,-38.845008416418494,3449.14718888187,0,23.625,23.437,2025-10-26 05:48:32
148,0,0.0,148,0,0.0,0.0,60.04,215.2,0,0.0,1363.4,23.8,0.0,0.0,0,0.0,2539.4819962097285,0,23.625,23.437,2025-10-26 05:48:34
148,0,0.0,147.9,0,0.0,0.0,60.05,215.2,0,0.0,1363.4,23.8,0.0,0.0,0,0.0,3373.3417561591914,0,23.625,23.437,2025-10-26 05:48:36
148,0,0.0,148,0,0.0,0.0,60.05,215.2,0,0.0,1363.4,23.8,0.0,0.0,0,0.0,2539.4819962097285,0,23.625,23.5,2025-10-26 05:48:39
148,0,0.0,147.9,0,0.0,0.0,60.04,215.3,0,0.0,1363.4,23.8,0.0,0.0,0,0.0,2122.552116234997,0,23.625,23.5,2025-10-26 05:48:41
147.9,0,0.0,147.8,0,0.0,0.0,60.04,215.4,0,0.0,1363.4,23.8,0.0,0.0,0,0.0,1023.3733417561592,0,23.625,23.437,2025-10-26 05:48:43
148.1,0,0.0,148.1,0,0.0,0.0,60.05,215.2,0,0.0,1363.4,23.8,0.0,0.0,0,-38.845008416418494,2236.2602653190143,0,23.625,23.437,2025-10-26 05:48:46
148.1,0,0.0,148,0,0.0,0.0,60.04,215.2,0,0.0,1363.4,23.8,0.0,0.0,0,0.0,3183.8281743524954,0,23.625,23.437,2025-10-26 05:48:48
148.2,0,0.0,148.2,0,0.0,0.0,60.04,215.2,0,0.0,1363.4,23.8,0.0,0.0,0,0.0,2653.190145293746,0,23.625,23.437,2025-10-26 05:48:50
148.3,0,0.0,148.2,0,0.0,0.0,60.04,215,0,0.0,1363.4,23.8,0.0,0.0,0,-38.845008416418494,1970.9412507896398,0,23.625,23.5,2025-10-26 05:48:53
148.3,0,0.0,148.1,0,0.0,0.0,60.04,215.3,0,0.0,1363.4,23.8,0.0,0.0,0,0.0,2084.649399873658,0,23.625,23.437,2025-10-26 05:48:55
148.2,0,0.0,148.2,0,0.0,0.0,60.03,215.2,0,0.0,1363.4,23.8,0.0,0.0,0,-38.845008416418494,795.9570435881238,0,23.625,23.437,2025-10-26 05:48:58
148.2,0,0.0,148.2,0,0.0,0.0,60.03,215.2,0,0.0,1363.4,23.8,0.0,0.0,0,-38.845008416418494,2653.190145293746,0,23.625,23.437,2025-10-26 05:49:00
148.3,0,0.0,148.4,0,0.0,0.0,60.02,215.1,0,0.0,1363.4,23.8,0.0,0.0,0,0.0,3524.9526216045483,0,23.625,23.437,2025-10-26 05:49:02
148.4,0,0.0,148.3,0,0.0,0.0,60.04,215,0,0.0,1363.4,23.8,0.0,0.0,0,0.0,2918.5091598231206,0,23.625,23.437,2025-10-26 05:49:05
148.4,0,0.0,148.4,0,0.0,0.0,60.04,215,0,0.0,1363.4,23.8,0.0,0.0,0,0.0,1364.4977890082123,0,23.625,23.437,2025-10-26 05:49:07
148.4,0,0.0,148.3,0,0.0,0.0,60.04,215.1,0,0.0,1363.4,23.8,0.0,0.0,0,-38.845008416418494,2463.67656348705,0,23.625,23.437,2025-10-26 05:49:09
148.4,0,0.0,148.4,0,0.0,0.0,60.03,215.1,0,0.0,1363.4,23.8,0.0,0.0,0,0.0,720.1516108654454,0,23.625,23.5,2025-10-26 05:49:12
148.5,0,0.0,148.5,0,0.0,0.0,60.03,215.2,0,0.0,1363.4,23.8,0.0,0.0,0,0.0,1857.233101705622,0,23.625,23.437,2025-10-26 05:49:14
148.6,0,0.0,148.5,0,0.0,0.0,60.02,215.1,0,0.0,1363.4,23.8,0.0,0.0,0,-38.845008416418494,833.8597599494631,0,23.625,23.437,2025-10-26 05:49:17
148.7,0,0.0,148.6,0,0.0,0.0,60.03,215,0,0.0,1363.4,23.8,0.0,0.0,0,0.0,2463.67656348705,0,23.625,23.5,2025-10-26 05:49:19
148.6,0,0.0,148.5,0,0.0,0.0,60.02,215.1,0,0.0,1363.4,23.8,0.0,0.0,0,-38.845008416418494,3183.8281743524954,0,23.625,23.5,2025-10-26 05:49:21
148.6,0,0.0,148.5,0,0.0,0.0,60.03,215,0,0.0,1363.4,23.8,0.0,0.0,0,-38.845008416418494,2653.190145293746,0,23.625,23.437,2025-10-26 05:49:24
148.6,0,0.0,148.5,0,0.0,0.0,60.02,215,0,0.0,1363.4,23.8,0.0,0.0,0,0.0,1895.1358180669613,0,23.625,23.437,2025-10-26 05:49:26
148.8,0,0.0,148.8,0,0.0,0.0,60.02,215,0,0.0,1363.4,23.8,0.0,0.0,0,0.0,833.8597599494631,0,23.625,23.437,2025-10-26 05:49:28
148.9,0,0.0,148.8,0,0.0,0.0,60.02,215.2,0,0.0,1363.4,23.8,0.0,0.0,0,-38.845008416418494,1516.108654453569,0,23.625,23.437,2025-10-26 05:49:31
149.1,0,0.0,149,0,0.0,0.0,60.03,215.2,0,0.0,1363.4,23.8,0.0,0.0,0,0.0,1023.3733417561592,0,23.625,23.437,2025-10-26 05:49:33
148.6,0,0.0,148.5,0,0.0,0.0,60.03,215,0,0.0,1363.4,23.8,0.0,0.0,0,0.0,1819.330385344283,0,23.625,23.5,2025-10-26 05:49:36
149.3,0,0.0,149.2,0,0.0,0.0,60.03,215.1,0,0.0,1363.4,23.8,0.0,0.0,0,-38.845008416418494,1743.5249526216046,0,23.625,23.5,2025-10-26 05:49:38
148.6,0,0.0,149.3,0,0.0,0.0,60.04,215,0,0.0,1363.4,23.8,0.0,0.0,0,0.0,3335.4390397978523,0,23.625,23.5,2025-10-26 05:49:40
148.7,0,0.0,148.6,0,0.0,0.0,60.04,215.1,0,0.0,1363.4,23.8,0.0,0.0,0,0.0,3145.925457991156,0,23.625,23.437,2025-10-26 05:49:43
149.4,0,0.0,149.3,0,0.0,0.0,60.04,215,0,0.0,1363.4,23.8,0.0,0.0,0,0.0,2691.092861655085,0,23.625,23.5,2025-10-26 05:49:45
148.8,0,0.0,148.5,0,0.0,0.0,60.04,215.3,0,0.0,1363.4,23.8,0.0,0.0,0,0.0,1933.0385344283006,0,23.625,23.5,2025-10-26 05:49:47
149.5,0,0.0,149.4,0,0.0,0.0,60.03,215.2,0,0.0,1363.4,23.8,0.0,0.0,0,0.0,644.3461781427669,0,23.625,23.437,2025-10-26 05:49:50
149,0,0.0,148.9,0,0.0,0.0,60.03,215,0,0.0,1363.4,23.8,0.0,0.0,0,0.0,2653.190145293746,0,23.625,23.5,2025-10-26 05:49:52
148.6,0,0.0,149.2,0,0.0,0.0,60.02,215,0,0.0,1363.4,23.8,0.0,0.0,0,-38.845008416418494,2274.1629816803534,0,23.625,23.5,2025-10-26 05:49:55
149.6,0,0.0,149.5,0,0.0,0.0,60.02,215.1,0,0.0,1363.4,23.8,0.0,0.0,0,-38.845008416418494,1933.0385344283006,0,23.625,23.5,2025-10-26 05:49:57
149,0,0.0,148.9,0,0.0,0.0,60.01,215.1,0,0.0,1363.4,23.8,0.0,0.0,0,0.0,3449.14718888187,0,23.625,23.437,2025-10-26 05:49:59
148.6,0,0.0,149.6,0,0.0,0.0,60.01,215,0,0.0,1363.4,23.8,0.0,0.0,0,0.0,3487.049905243209,0,23.625,23.437,2025-10-26 05:50:02
149.5,0,0.0,149.3,0,0.0,0.0,60.01,215.1,0,0.0,1363.4,23.8,0.0,0.0,0,0.0,2274.1629816803534,0,23.625,23.437,2025-10-26 05:50:04
149,0,0.0,148.9,0,0.0,0.0,59.99,215.3,0,0.0,1363.4,23.8,0.0,0.0,0,0.0,2691.092861655085,0,23.625,23.5,2025-10-26 05:50:06
148.6,0,0.0,149.5,0,0.0,0.0,60.01,215.2,0,0.0,1363.4,23.8,0.0,0.0,0,0.0,3449.14718888187,0,23.625,23.437,2025-10-26 05:50:09
150.3,0,0.0,150.1,0,0.0,0.0,60,214.9,0,0.0,1363.4,23.8,0.0,0.0,0,0.0,1099.1787744788378,0,23.625,23.5,2025-10-26 05:50:11
150.2,0,0.0,150,0,0.0,0.0,60.01,215,0,0.0,1363.4,23.8,0.0,0.0,0,0.0,758.0543272267845,0,23.625,23.5,2025-10-26 05:50:14
150.3,0,0.0,150.1,0,0.0,0.0,60,215,0,0.0,1363.4,23.8,0.0,0.0,0,0.0,2274.1629816803534,0,23.625,23.5,2025-10-26 05:50:16
150.4,0,0.0,150.2,0,0.0,0.0,60.01,215.2,0,0.0,1363.4,23.8,0.0,0.0,0,0.0,1667.7195198989261,0,23.625,23.437,2025-10-26 05:50:18
150.4,0,0.0,150.2,0,0.0,0.0,60,215.1,0,0.0,1363.4,23.8,0.0,0.0,0,0.0,1212.8869235628554,0,23.625,23.437,2025-10-26 05:50:21
150.5,0,0.0,150.3,0,0.0,0.0,60,215.1,0,0.0,1363.4,23.8,0.0,0.0,0,0.0,2349.968414403032,0,23.625,23.437,2025-10-26 05:50:23
150.5,0,0.0,150.3,0,0.0,0.0,60,214.9,0,0.0,1363.4,23.8,0.0,0.0,0,0.0,3449.14718888187,0,23.625,23.437,2025-10-26 05:50:25
150.5,0,0.0,150.4,0,0.0,0.0,60.02,215.3,0,0.0,1363.4,23.8,0.0,0.0,0,-38.845008416418494,3449.14718888187,0,23.625,23.437,2025-10-26 05:50:28
150.6,0,0.0,150.5,0,0.0,0.0,60.04,215.3,0,0.0,1363.4,23.8,0.0,0.0,0,0.0,2539.4819962097285,0,23.625,23.437,2025-10-26 05:50:30
150.7,0,0.0,150.6,0,0.0,0.0,60.04,215.3,0,0.0,1363.4,23.8,0.0,0.0,0,0.0,2994.3145925457993,0,23.625,23.437,2025-10-26 05:50:32
150.7,0,0.0,150.6,0,0.0,0.0,60.06,215.3,0,0.0,1363.4,23.9,0.0,0.0,0,-38.845008416418494,1023.3733417561592,0,23.625,23.5,2025-10-26 05:50:35
150.7,0,0.0,150.6,0,0.0,0.0,60.04,215.4,0,0.0,1363.4,23.9,0.0,0.0,0,0.0,1250.7896399241945,0,23.625,23.5,2025-10-26 05:50:37
150.9,0,0.0,150.7,0,0.0,0.0,60.05,215.5,0,0.0,1363.4,23.9,0.0,0.0,0,0.0,1023.3733417561592,0,23.625,23.437,2025-10-26 05:50:40
150.9,0,0.0,150.7,0,0.0,0.0,60.03,215.1,0,0.0,1363.4,23.9,0.0,0.0,0,0.0,2539.4819962097285,0,23.625,23.5,2025-10-26 05:50:42
150.9,0,0.0,150.7,0,0.0,0.0,60.02,215.1,0,0.0,1363.4,23.8,0.0,0.0,0,0.0,2084.649399873658,0,23.625,23.5,2025-10-26 05:50:44
151,0,0.0,150.9,0,0.0,0.0,60.02,215.1,0,0.0,1363.4,23.8,0.0,0.0,0,0.0,3070.1200252684775,0,23.625,23.437,2025-10-26 05:50:47
151,0,0.0,150.8,0,0.0,0.0,60.02,215.3,0,0.0,1363.4,23.9,0.0,0.0,0,0.0,3449.14718888187,0,23.625,23.437,2025-10-26 05:50:49
151,0,0.0,150.9,0,0.0,0.0,60.02,215.4,0,0.0,1363.4,23.9,0.0,0.0,0,0.0,1591.9140871762477,0,23.625,23.437,2025-10-26 05:50:51
151,0,0.0,150.9,0,0.0,0.0,60.02,215.3,0,0.0,1363.4,23.9,0.0,0.0,0,0.0,1212.8869235628554,0,23.625,23.437,2025-10-26 05:50:54
151.1,0,0.0,151,0,0.0,0.0,60.03,215.2,0,0.0,1363.4,23.9,0.0,0.0,0,0.0,1705.6222362602653,0,23.625,23.437,2025-10-26 05:50:56
151,0,0.0,150.9,0,0.0,0.0,60.03,215.2,0,0.0,1363.4,23.9,0.0,0.0,0,0.0,795.9570435881238,0,23.625,23.437,2025-10-26 05:50:59
151.1,0,0.0,151,0,0.0,0.0,60.04,215.1,0,0.0,1363.4,23.9,0.0,0.0,0,0.0,720.1516108654454,0,23.625,23.437,2025-10-26 05:51:01
151.1,0,0.0,151,0,0.0,0.0,60.03,215.3,0,0.0,1363.4,23.9,0.0,0.0,0,0.0,3449.14718888187,0,23.625,23.437,2025-10-26 05:51:03
151.2,0,0.0,151,0,0.0,0.0,60.03,215.2,0,0.0,1363.4,23.9,0.0,0.0,0,0.0,2236.2602653190143,0,23.625,23.437,2025-10-26 05:51:06
151.2,0,0.0,151.1,0,0.0,0.0,60.02,215.3,0,0.0,1363.4,23.9,0.0,0.0,0,0.0,3297.5363234365127,0,23.625,23.437,2025-10-26 05:51:08
151.4,0,0.0,151.2,0,0.0,0.0,60.02,215.2,0,0.0,1363.4,23.9,0.0,0.0,0,-38.845008416418494,3221.7308907138345,0,23.625,23.437,2025-10-26 05:51:10
151.4,0,0.0,151.2,0,0.0,0.0,60.02,215.3,0,0.0,1363.4,23.9,0.0,0.0,0,0.0,2918.5091598231206,0,23.625,23.437,2025-10-26 05:51:13
151.5,0,0.0,151.2,0,0.0,0.0,60.05,215.1,0,0.0,1363.4,23.9,0.0,0.0,0,-38.845008416418494,1061.2760581174985,0,23.625,23.437,2025-10-26 05:51:15
151.4,0,0.0,151.2,0,0.0,0.0,60.04,215.2,0,0.0,1363.4,23.9,0.0,0.0,0,0.0,2046.7466835123184,0,23.625,23.437,2025-10-26 05:51:18
151.5,0,0.0,151.2,0,0.0,0.0,60.04,215.4,0,0.0,1363.4,23.9,0.0,0.0,0,0.0,1667.7195198989261,0,23.625,23.437,2025-10-26 05:51:20
151.4,0,0.0,151.2,0,0.0,0.0,60.04,215.2,0,0.0,1363.4,23.9,0.0,0.0,0,0.0,3449.14718888187,0,23.625,23.437,2025-10-26 05:51:22
151.6,0,0.0,151.3,0,0.0,0.0,60.03,215.3,0,0.0,1363.4,23.9,0.0,0.0,0,0.0,1895.1358180669613,0,23.625,23.437,2025-10-26 05:51:25
151.5,0,0.0,151.3,0,0.0,0.0,60.02,215.3,0,0.0,1363.4,23.9,0.0,0.0,0,0.0,3373.3417561591914,0,23.625,23.437,2025-10-26 05:51:27
151.6,0,0.0,151.3,0,0.0,0.0,60.02,215.3,0,0.0,1363.4,23.9,0.0,0.0,0,0.0,1591.9140871762477,0,23.625,23.437,2025-10-26 05:51:29
151.6,0,0.0,151.4,0,0.0,0.0,60.01,215.2,0,0.0,1363.4,23.9,0.0,0.0,0,-38.845008416418494,1857.233101705622,0,23.625,23.437,2025-10-26 05:51:32
151.6,0,0.0,151.4,0,0.0,0.0,60.01,215.1,0,0.0,1363.4,23.9,0.0,0.0,0,0.0,871.7624763108023,0,23.625,23.437,2025-10-26 05:51:34
151.7,0,0.0,151.4,0,0.0,0.0,60,215.1,0,0.0,1363.4,23.9,0.0,0.0,0,0.0,1250.7896399241945,0,23.625,23.437,2025-10-26 05:51:37
151.7,0,0.0,151.5,0,0.0,0.0,60,215.4,0,0.0,1363.4,23.9,0.0,0.0,0,0.0,682.2488945041061,0,23.625,23.437,2025-10-26 05:51:39
151.6,0,0.0,151.4,0,0.0,0.0,60,215.2,0,0.0,1363.4,23.9,0.0,0.0,0,0.0,1212.8869235628554,0,23.625,23.437,2025-10-26 05:51:41
151.7,0,0.0,151.4,0,0.0,0.0,60.01,215.2,0,0.0,1363.4,23.9,0.0,0.0,0,0.0,2804.801010739103,0,23.625,23.437,2025-10-26 05:51:44
151.7,0,0.0,151.5,0,0.0,0.0,60,215.1,0,0.0,1363.4,23.9,0.0,0.0,0,0.0,3449.14718888187,0,23.625,23.437,2025-10-26 05:51:46
151.7,0,0.0,151.5,0,0.0,0.0,60.01,215.2,0,0.0,1363.4,23.9,0.0,0.0,0,0.0,2463.67656348705,0,23.625,23.437,2025-10-26 05:51:48
151.7,0,0.0,151.5,0,0.0,0.0,60.01,215.2,0,0.0,1363.4,23.9,0.0,0.0,0,0.0,3449.14718888187,0,23.625,23.437,2025-10-26 05:51:51
151.7,0,0.0,151.5,0,0.0,0.0,60.01,215.3,0,0.0,1363.4,23.9,0.0,0.0,0,-38.845008416418494,3449.14718888187,0,23.625,23.437,2025-10-26 05:51:53
151.7,0,0.0,151.5,0,0.0,0.0,60.01,215.3,0,0.0,1363.4,23.9,0.0,0.0,0,0.0,758.0543272267845,0,23.625,23.437,2025-10-26 05:51:56
151.7,0,0.0,151.4,0,0.0,0.0,60.01,215.2,0,0.0,1363.4,23.9,0.0,0.0,0,0.0,833.8597599494631,0,23.625,23.437,2025-10-26 05:51:58
151.7,0,0.0,151.4,0,0.0,0.0,60.02,215.3,0,0.0,1363.4,23.9,0.0,0.0,0,0.0,1288.6923562855338,0,23.625,23.437,2025-10-26 05:52:00
151.7,0,0.0,151.4,0,0.0,0.0,60.02,215.2,0,0.0,1363.4,23.9,0.0,0.0,0,0.0,833.8597599494631,0,23.625,23.437,2025-10-26 05:52:03
151.6,0,0.0,151.3,0,0.0,0.0,60.01,215.2,0,0.0,1363.4,23.9,0.0,0.0,0,0.0,795.9570435881238,0,23.625,23.437,2025-10-26 05:52:05
151.7,0,0.0,151.5,0,0.0,0.0,60.03,215.3,0,0.0,1363.4,23.9,0.0,0.0,0,0.0,2463.67656348705,0,23.625,23.437,2025-10-26 05:52:07
151.7,0,0.0,151.4,0,0.0,0.0,60.02,215.3,0,0.0,1363.4,23.9,0.0,0.0,0,-38.845008416418494,985.4706253948199,0,23.625,23.437,2025-10-26 05:52:10
151.7,0,0.0,151.4,0,0.0,0.0,60.01,215.4,0,0.0,1363.4,23.9,0.0,0.0,0,0.0,2691.092861655085,0,23.625,23.437,2025-10-26 05:52:12
151.6,0,0.0,151.5,0,0.0,0.0,60.01,215.3,0,0.0,1363.4,23.9,0.0,0.0,0,0.0,3524.9526216045483,0,23.625,23.437,2025-10-26 05:52:14
151.7,0,0.0,151.4,0,0.0,0.0,60.02,215.2,0,0.0,1363.4,23.9,0.0,0.0,0,0.0,2728.9955780164246,0,23.625,23.437,2025-10-26 05:52:17
151.7,0,0.0,151.4,0,0.0,0.0,60.03,215.3,0,0.0,1363.4,23.9,0.0,0.0,0,0.0,1440.3032217308908,0,23.625,23.437,2025-10-26 05:52:19
151.7,0,0.0,151.4,0,0.0,0.0,60.03,215.2,0,0.0,1363.4,23.9,0.0,0.0,0,0.0,1895.1358180669613,0,23.625,23.437,2025-10-26 05:52:22
151.6,0,0.0,151.3,0,0.0,0.0,60.04,215.2,0,0.0,1363.4,23.9,0.0,0.0,0,0.0,1288.6923562855338,0,23.625,23.437,2025-10-26 05:52:24
151.6,0,0.0,151.3,0,0.0,0.0,60.03,215.2,0,0.0,1363.4,23.9,0.0,0.0,0,0.0,1099.1787744788378,0,23.625,23.437,2025-10-26 05:52:26
151.5,0,0.0,151.2,0,0.0,0.0,60.02,215.2,0,0.0,1363.4,23.9,0.0,0.0,0,0.0,3524.9526216045483,0,23.625,23.437,2025-10-26 05:52:29
151.4,0,0.0,151.2,0,0.0,0.0,60.01,215.2,0,0.0,1363.4,23.9,0.0,0.0,0,0.0,1857.233101705622,0,23.625,23.437,2025-10-26 05:52:31
151.5,0,0.0,151.3,0,0.0,0.0,60.01,215.3,0,0.0,1363.4,23.9,0.0,0.0,0,0.0,1895.1358180669613,0,23.625,23.437,2025-10-26 05:52:33
151.4,0,0.0,151.2,0,0.0,0.0,59.99,215.1,0,0.0,1363.4,23.9,0.0,0.0,0,-38.845008416418494,2691.092861655085,0,23.625,23.437,2025-10-26 05:52:36
151.5,0,0.0,151.2,0,0.0,0.0,59.99,215.1,0,0.0,1363.4,23.9,0.0,0.0,0,-38.845008416418494,3335.4390397978523,0,23.625,23.437,2025-10-26 05:52:38
151.4,0,0.0,151.2,0,0.0,0.0,59.98,215.1,0,0.0,1363.4,23.9,0.0,0.0,0,-38.845008416418494,3449.14718888187,0,23.625,23.437,2025-10-26 05:52:41
151.3,0,0.0,151.1,0,0.0,0.0,59.99,215.1,0,0.0,1363.4,23.9,0.0,0.0,0,0.0,3411.2444725205305,0,23.625,23.437,2025-10-26 05:52:43
151.3,0,0.0,151.1,0,0.0,0.0,59.99,215.2,0,0.0,1363.4,23.9,0.0,0.0,0,0.0,1516.108654453569,0,23.625,23.437,2025-10-26 05:52:45
151.2,0,0.0,151,0,0.0,0.0,60.01,215.2,0,0.0,1363.4,23.9,0.0,0.0,0,0.0,1212.8869235628554,0,23.625,23.437,2025-10-26 05:52:48
151.3,0,0.0,151.1,0,0.0,0.0,60.02,215.1,0,0.0,1363.4,23.9,0.0,0.0,0,0.0,2084.649399873658,0,23.625,23.437,2025-10-26 05:52:50
151.2,0,0.0,151,0,0.0,0.0,60.03,215.2,0,0.0,1363.4,23.9,0.0,0.0,0,0.0,833.8597599494631,0,23.625,23.437,2025-10-26 05:52:52
151.2,0,0.0,151,0,0.0,0.0,60.03,215,0,0.0,1363.4,23.9,0.0,0.0,0,0.0,1895.1358180669613,0,23.625,23.5,2025-10-26 05:52:55
151.2,0,0.0,151,0,0.0,0.0,60.05,215.3,0,0.0,1363.4,23.9,0.0,0.0,0,0.0,2842.703727100442,0,23.625,23.437,2025-10-26 05:52:57
151.1,0,0.0,151,0,0.0,0.0,60.04,215.2,0,0.0,1363.4,23.9,0.0,0.0,0,0.0,2880.6064434617815,0,23.625,23.437,2025-10-26 05:53:00
151.1,0,0.0,151,0,0.0,0.0,60.04,215.3,0,0.0,1363.4,23.9,0.0,0.0,0,0.0,1933.0385344283006,0,23.625,23.437,2025-10-26 05:53:02
151.1,0,0.0,151,0,0.0,0.0,60.04,215.3,0,0.0,1363.4,23.9,0.0,0.0,0,0.0,1288.6923562855338,0,23.625,23.437,2025-10-26 05:53:04
151,0,0.0,150.9,0,0.0,0.0,60.04,215.3,0,0.0,1363.4,23.9,0.0,0.0,0,0.0,1023.3733417561592,0,23.625,23.437,2025-10-26 05:53:07
151.1,0,0.0,150.9,0,0.0,0.0,60.04,215.3,0,0.0,1363.4,23.9,0.0,0.0,0,0.0,1478.2059380922299,0,23.625,23.437,2025-10-26 05:53:09
151,0,0.0,150.9,0,0.0,0.0,60.03,215.2,0,0.0,1363.4,23.9,0.0,0.0,0,0.0,1402.4005053695514,0,23.625,23.437,2025-10-26 05:53:11
151,0,0.0,150.9,0,0.0,0.0,60.05,215.3,0,0.0,1363.4,23.9,0.0,0.0,0,0.0,2728.9955780164246,0,23.625,23.437,2025-10-26 05:53:14
151,0,0.0,150.8,0,0.0,0.0,60.04,215,0,0.0,1363.4,23.9,0.0,0.0,0,0.0,3411.2444725205305,0,23.625,23.5,2025-10-26 05:53:16
104.6,0,0.0,100.5,0,0.0,0.0,60.05,215.3,0,0.0,1363.4,23.9,0.0,0.0,0,0.0,2236.2602653190143,0,23.625,23.437,2025-10-26 05:53:18
99.7,0,0.0,92.3,0,0.0,0.0,60.04,215.2,0,0.0,1363.4,23.9,0.0,0.0,0,0.0,1819.330385344283,0,23.625,23.437,2025-10-26 05:53:21
99.7,0,0.0,88.1,0,0.0,0.0,60.04,215.1,0,0.0,1363.4,23.9,0.0,0.0,0,0.0,720.1516108654454,0,23.625,23.437,2025-10-26 05:53:23
99.7,0,0.0,86,0,0.0,0.0,60.03,215.1,0,0.0,1363.4,23.9,0.0,0.0,0,0.0,3183.8281743524954,0,23.625,23.437,2025-10-26 05:53:26
99.4,0,0.0,84.6,0,0.0,0.0,60.03,215.1,0,0.0,1363.4,23.9,0.0,0.0,0,0.0,3259.6336070751736,0,23.625,23.437,2025-10-26 05:53:28
99.7,0,0.0,83.6,0,0.0,0.0,60.02,215.2,0,0.0,1363.4,23.9,0.0,0.0,0,0.0,2766.8982943777637,0,23.625,23.5,2025-10-26 05:53:30
99.8,0,0.0,83.2,0,0.0,0.0,60.04,215.2,0,0.0,1363.4,23.9,0.0,0.0,0,0.0,2046.7466835123184,0,23.625,23.437,2025-10-26 05:53:33
99.8,0,0.0,83,0,0.0,0.0,60.05,215.3,0,0.0,1363.4,23.9,0.0,0.0,0,-38.845008416418494,1629.8168035375868,0,23.625,23.437,2025-10-26 05:53:35
99.7,0,0.0,82.7,0,0.0,0.0,60.04,215.3,0,0.0,1363.4,23.9,0.0,0.0,0,0.0,1023.3733417561592,0,23.625,23.437,2025-10-26 05:53:37
99.7,0,0.0,82.5,0,0.0,0.0,60.04,215.3,0,0.0,1363.4,23.9,0.0,0.0,0,-38.845008416418494,2046.7466835123184,0,23.625,23.437,2025-10-26 05:53:40
99.4,0,0.0,82.3,0,0.0,0.0,60.03,215.2,0,0.0,1363.4,23.9,0.0,0.0,0,0.0,1212.8869235628554,0,23.625,23.437,2025-10-26 05:53:42
99.9,0,0.0,82.6,0,0.0,0.0,60.02,215.2,0,0.0,1363.4,23.9,0.0,0.0,0,0.0,3032.217308907138,0,23.625,23.5,2025-10-26 05:53:45
99.6,0,0.0,82.3,0,0.0,0.0,60.03,215.2,0,0.0,1363.4,23.9,0.0,0.0,0,0.0,3449.14718888187,0,23.625,23.437,2025-10-26 05:53:47
99.8,0,0.0,82.7,0,0.0,0.0,60.03,215.2,0,0.0,1363.4,23.9,0.0,0.0,0,0.0,2312.065698041693,0,23.625,23.437,2025-10-26 05:53:49
99.6,0,0.0,82.6,0,0.0,0.0,60.03,215.2,0,0.0,1363.4,23.9,0.0,0.0,0,-38.845008416418494,3032.217308907138,0,23.625,23.437,2025-10-26 05:53:52
99.8,0,0.0,82.8,0,0.0,0.0,60.03,215.2,0,0.0,1363.4,23.9,0.0,0.0,0,0.0,1288.6923562855338,0,23.625,23.437,2025-10-26 05:53:54
0,0,0.0,0,0,0.0,0.0,0,0,0,0.0,1363.4,0,0.0,0.0,0,0.0,2539.4819962097285,0,23.625,23.437,2025-10-26 05:53:59
0,0,0.0,0,0,0.0,0.0,0,0,0,0.0,1363.4,0,0.0,0.0,0,-38.845008416418494,3297.5363234365127,0,23.625,23.437,2025-10-26 05:54:01
0,0,0.0,0,0,0.0,0.0,0,0,0,0.0,1363.4,0,0.0,0.0,0,0.0,3373.3417561591914,0,23.625,23.437,2025-10-26 05:54:04
155.8,0,0.0,152.4,0,0.0,0.0,60.02,215.1,0,0.0,1363.4,23.9,0.0,0.0,0,-38.845008416418494,2804.801010739103,0,23.625,23.437,2025-10-26 05:54:06
155.8,0,0.0,152.4,0,0.0,0.0,60.02,215.2,0,0.0,1363.4,23.9,0.0,0.0,0,0.0,3259.6336070751736,0,23.625,23.437,2025-10-26 05:54:09
153.1,0,0.0,149.3,0,0.0,0.0,60.01,215.3,0,0.0,1363.4,23.9,0.0,0.0,0,0.0,1743.5249526216046,0,23.625,23.5,2025-10-26 05:54:11
149.8,0,0.0,149.6,0,0.0,0.0,60.01,215.3,0,0.0,1363.4,23.9,0.0,0.0,0,0.0,1099.1787744788378,0,23.625,23.437,2025-10-26 05:54:13
150.4,0,0.0,150.1,0,0.0,0.0,60,215,0,0.0,1363.4,23.9,0.0,0.0,0,-38.845008416418494,1629.8168035375868,0,23.625,23.437,2025-10-26 05:54:16
150.2,0,0.0,150,0,0.0,0.0,59.98,215.1,0,0.0,1363.4,23.9,0.0,0.0,0,0.0,720.1516108654454,0,23.625,23.437,2025-10-26 05:54:18
150.2,0,0.0,150,0,0.0,0.0,59.96,215.1,0,0.0,1363.4,23.9,0.0,0.0,0,0.0,1250.7896399241945,0,23.625,23.437,2025-10-26 05:54:20
150.3,0,0.0,150.1,0,0.0,0.0,59.97,215.1,0,0.0,1363.4,23.9,0.0,0.0,0,0.0,909.6651926721415,0,23.625,23.437,2025-10-26 05:54:23
150.3,0,0.0,150,0,0.0,0.0,59.98,215.3,0,0.0,1363.4,23.9,0.0,0.0,0,0.0,1174.984207201516,0,23.625,23.437,2025-10-26 05:54:25
150.2,0,0.0,150,0,0.0,0.0,59.98,215.3,0,0.0,1363.4,23.9,0.0,0.0,0,0.0,985.4706253948199,0,23.625,23.437,2025-10-26 05:54:28
150.1,0,0.0,149.9,0,0.0,0.0,59.97,215.2,0,0.0,1363.4,23.9,0.0,0.0,0,0.0,2084.649399873658,0,23.625,23.437,2025-10-26 05:54:30
150.1,0,0.0,149.9,0,0.0,0.0,59.98,215.2,0,0.0,1363.4,23.9,0.0,0.0,0,-38.845008416418494,1250.7896399241945,0,23.625,23.437,2025-10-26 05:54:32
150,0,0.0,149.8,0,0.0,0.0,59.98,215.1,0,0.0,1363.4,23.9,0.0,0.0,0,-38.845008416418494,909.6651926721415,0,23.625,23.437,2025-10-26 05:54:35
150,0,0.0,149.8,0,0.0,0.0,59.99,215.2,0,0.0,1363.4,23.9,0.0,0.0,0,0.0,1629.8168035375868,0,23.625,23.437,2025-10-26 05:54:37
150,0,0.0,149.8,0,0.0,0.0,59.98,215.2,0,0.0,1363.4,23.9,0.0,0.0,0,0.0,2160.454832596336,0,23.625,23.437,2025-10-26 05:54:39
150,0,0.0,149.8,0,0.0,0.0,59.99,215.3,0,0.0,1363.4,23.9,0.0,0.0,0,0.0,1137.0814908401767,0,23.625,23.437,2025-10-26 05:54:42
150.2,0,0.0,150,0,0.0,0.0,59.98,215.3,0,0.0,1363.4,23.9,0.0,0.0,0,0.0,2387.871130764371,0,23.625,23.437,2025-10-26 05:54:44
150,0,0.0,149.8,0,0.0,0.0,59.97,215.3,0,0.0,1363.4,23.9,0.0,0.0,0,-38.845008416418494,3032.217308907138,0,23.625,23.437,2025-10-26 05:54:47
150,0,0.0,149.8,0,0.0,0.0,59.99,215.2,0,0.0,1363.4,23.9,0.0,0.0,0,0.0,2463.67656348705,0,23.625,23.437,2025-10-26 05:54:49
150,0,0.0,149.8,0,0.0,0.0,59.99,215.2,0,0.0,1363.4,23.9,0.0,0.0,0,0.0,2880.6064434617815,0,23.625,23.437,2025-10-26 05:54:51
149.9,0,0.0,149.7,0,0.0,0.0,60.03,215.2,0,0.0,1363.4,23.9,0.0,0.0,0,0.0,2387.871130764371,0,23.625,23.437,2025-10-26 05:54:54
149.9,0,0.0,149.7,0,0.0,0.0,60.04,215.4,0,0.0,1363.4,23.9,0.0,0.0,0,-38.845008416418494,3373.3417561591914,0,23.625,23.437,2025-10-26 05:54:56
149.9,0,0.0,149.7,0,0.0,0.0,60.05,215.4,0,0.0,1363.4,23.9,0.0,0.0,0,-38.845008416418494,2008.843967150979,0,23.625,23.437,2025-10-26 05:54:58
149.9,0,0.0,149.7,0,0.0,0.0,60.05,215.3,0,0.0,1363.4,23.9,0.0,0.0,0,0.0,1099.1787744788378,0,23.625,23.437,2025-10-26 05:55:01
149.8,0,0.0,149.7,0,0.0,0.0,60.05,215.2,0,0.0,1363.4,24,0.0,0.0,0,-38.845008416418494,1667.7195198989261,0,23.625,23.437,2025-10-26 05:55:03
149.8,0,0.0,149.6,0,0.0,0.0,60.02,215.3,0,0.0,1363.4,24,0.0,0.0,0,0.0,1137.0814908401767,0,23.625,23.437,2025-10-26 05:55:06
150,0,0.0,149.8,0,0.0,0.0,60.02,215,0,0.0,1363.4,24,0.0,0.0,0,0.0,2539.4819962097285,0,23.625,23.437,2025-10-26 05:55:08
150.1,0,0.0,149.9,0,0.0,0.0,60.02,215,0,0.0,1363.4,24,0.0,0.0,0,-38.845008416418494,3335.4390397978523,0,23.625,23.437,2025-10-26 05:55:10
150,0,0.0,149.8,0,0.0,0.0,60.02,215.1,0,0.0,1363.4,24,0.0,0.0,0,0.0,2501.579279848389,0,23.625,23.437,2025-10-26 05:55:13
149.8,0,0.0,149.7,0,0.0,0.0,60.01,215,0,0.0,1363.4,24,0.0,0.0,0,0.0,3373.3417561591914,0,23.625,23.5,2025-10-26 05:55:15
149.8,0,0.0,149.7,0,0.0,0.0,60,215,0,0.0,1363.4,24,0.0,0.0,0,0.0,2160.454832596336,0,23.625,23.437,2025-10-26 05:55:17
149.8,0,0.0,149.7,0,0.0,0.0,60,215,0,0.0,1363.4,24,0.0,0.0,0,-38.845008416418494,2122.552116234997,0,23.625,23.437,2025-10-26 05:55:20
149.9,0,0.0,149.8,0,0.0,0.0,60.01,215,0,0.0,1363.4,24,0.0,0.0,0,0.0,2539.4819962097285,0,23.625,23.437,2025-10-26 05:55:22
150,0,0.0,149.8,0,0.0,0.0,60.02,215.1,0,0.0,1363.4,24,0.0,0.0,0,0.0,1781.427668982944,0,23.625,23.5,2025-10-26 05:55:25
150,0,0.0,149.8,0,0.0,0.0,60.02,215,0,0.0,1363.4,24,0.0,0.0,0,-38.845008416418494,947.5679090334806,0,23.625,23.437,2025-10-26 05:55:27
149.9,0,0.0,149.8,0,0.0,0.0,60.02,214.9,0,0.0,1363.4,24,0.0,0.0,0,0.0,985.4706253948199,0,23.625,23.437,2025-10-26 05:55:29
150,0,0.0,149.8,0,0.0,0.0,60.02,214.9,0,0.0,1363.4,24,0.0,0.0,0,0.0,3108.0227416298167,0,23.625,23.437,2025-10-26 05:55:32
150.1,0,0.0,149.9,0,0.0,0.0,60.01,215,0,0.0,1363.4,24,0.0,0.0,0,0.0,1591.9140871762477,0,23.625,23.5,2025-10-26 05:55:34
150.1,0,0.0,149.9,0,0.0,0.0,60.02,215.2,0,0.0,1363.4,24,0.0,0.0,0,0.0,2880.6064434617815,0,23.625,23.5,2025-10-26 05:55:36
150.1,0,0.0,149.9,0,0.0,0.0,60.02,215.1,0,0.0,1363.4,24,0.0,0.0,0,0.0,3373.3417561591914,0,23.625,23.5,2025-10-26 05:55:39
150.1,0,0.0,149.9,0,0.0,0.0,60.02,215.1,0,0.0,1363.4,24,0.0,0.0,0,0.0,2425.7738471257107,0,23.625,23.437,2025-10-26 05:55:41
150.1,0,0.0,149.9,0,0.0,0.0,60.02,215,0,0.0,1363.4,24,0.0,0.0,0,0.0,2918.5091598231206,0,23.625,23.5,2025-10-26 05:55:43
150.2,0,0.0,150,0,0.0,0.0,60.02,215,0,0.0,1363.4,24,0.0,0.0,0,0.0,1629.8168035375868,0,23.625,23.437,2025-10-26 05:55:46
150.2,0,0.0,150,0,0.0,0.0,60.01,215,0,0.0,1363.4,24,0.0,0.0,0,0.0,833.8597599494631,0,23.625,23.437,2025-10-26 05:55:48
150.2,0,0.0,150.1,0,0.0,0.0,60.01,214.9,0,0.0,1363.4,24,0.0,0.0,0,0.0,2198.3575489576756,0,23.625,23.437,2025-10-26 05:55:51
150.2,0,0.0,150,0,0.0,0.0,60,215,0,0.0,1363.4,24,0.0,0.0,0,0.0,3259.6336070751736,0,23.625,23.5,2025-10-26 05:55:53
150.3,0,0.0,150.1,0,0.0,0.0,60,215.1,0,0.0,1363.4,24,0.0,0.0,0,-38.845008416418494,3183.8281743524954,0,23.625,23.437,2025-10-26 05:55:55
150.2,0,0.0,150,0,0.0,0.0,59.99,214.9,0,0.0,1363.4,24,0.0,0.0,0,0.0,2501.579279848389,0,23.625,23.5,2025-10-26 05:55:58
150.3,0,0.0,150.1,0,0.0,0.0,60,215.1,0,0.0,1363.4,24,0.0,0.0,0,0.0,1705.6222362602653,0,23.625,23.437,2025-10-26 05:56:00
150.4,0,0.0,150.2,0,0.0,0.0,60.01,215,0,0.0,1363.4,24,0.0,0.0,0,-38.845008416418494,2160.454832596336,0,23.625,23.437,2025-10-26 05:56:02
150.4,0,0.0,150.2,0,0.0,0.0,60,215,0,0.0,1363.4,24,0.0,0.0,0,-38.845008416418494,2728.9955780164246,0,23.625,23.5,2025-10-26 05:56:05
150.4,0,0.0,150.3,0,0.0,0.0,60,215.1,0,0.0,1363.4,24,0.0,0.0,0,0.0,2387.871130764371,0,23.625,23.437,2025-10-26 05:56:07
150.4,0,0.0,150.3,0,0.0,0.0,59.99,215.1,0,0.0,1363.4,24,0.0,0.0,0,0.0,3335.4390397978523,0,23.625,23.5,2025-10-26 05:56:10
150.5,0,0.0,150.3,0,0.0,0.0,59.98,215,0,0.0,1363.4,24,0.0,0.0,0,0.0,2577.3847125710677,0,23.625,23.437,2025-10-26 05:56:12
150.5,0,0.0,150.4,0,0.0,0.0,59.98,215,0,0.0,1363.4,24,0.0,0.0,0,0.0,1667.7195198989261,0,23.625,23.437,2025-10-26 05:56:14
150.6,0,0.0,150.4,0,0.0,0.0,59.98,215,0,0.0,1363.4,24,0.0,0.0,0,0.0,3032.217308907138,0,23.625,23.437,2025-10-26 05:56:17
150.6,0,0.0,150.5,0,0.0,0.0,59.98,214.9,0,0.0,1363.4,24,0.0,0.0,0,0.0,2274.1629816803534,0,23.625,23.5,2025-10-26 05:56:19
150.6,0,0.0,150.5,0,0.0,0.0,59.98,215,0,0.0,1363.4,24,0.0,0.0,0,0.0,758.0543272267845,0,23.625,23.5,2025-10-26 05:56:21
150.6,0,0.0,150.6,0,0.0,0.0,59.98,215,0,0.0,1363.4,24,0.0,0.0,0,-38.845008416418494,2956.4118761844597,0,23.625,23.437,2025-10-26 05:56:24
150.7,0,0.0,150.6,0,0.0,0.0,59.98,215.1,0,0.0,1363.4,24,0.0,0.0,0,-38.845008416418494,3487.049905243209,0,23.625,23.5,2025-10-26 05:56:26
150.7,0,0.0,150.6,0,0.0,0.0,59.99,215,0,0.0,1363.4,24,0.0,0.0,0,0.0,2274.1629816803534,0,23.625,23.5,2025-10-26 05:56:29
150.8,0,0.0,150.7,0,0.0,0.0,59.99,215,0,0.0,1363.4,24,0.0,0.0,0,-38.845008416418494,1895.1358180669613,0,23.625,23.437,2025-10-26 05:56:31
150.8,0,0.0,150.7,0,0.0,0.0,60,214.9,0,0.0,1363.4,24,0.0,0.0,0,0.0,2501.579279848389,0,23.625,23.5,2025-10-26 05:56:33
150.9,0,0.0,150.8,0,0.0,0.0,60,215.1,0,0.0,1363.4,24,0.0,0.0,0,0.0,1212.8869235628554,0,23.625,23.5,2025-10-26 05:56:36
150.9,0,0.0,150.8,0,0.0,0.0,60.01,214.9,0,0.0,1363.4,24,0.0,0.0,0,0.0,871.7624763108023,0,23.625,23.5,2025-10-26 05:56:38
151,0,0.0,150.9,0,0.0,0.0,60.03,215,0,0.0,1363.4,24,0.0,0.0,0,0.0,1478.2059380922299,0,23.625,23.437,2025-10-26 05:56:40
151,0,0.0,150.9,0,0.0,0.0,60.02,215.1,0,0.0,1363.4,24,0.0,0.0,0,0.0,1933.0385344283006,0,23.625,23.437,2025-10-26 05:56:43
151.1,0,0.0,150.9,0,0.0,0.0,60.03,215.1,0,0.0,1363.4,24,0.0,0.0,0,0.0,2387.871130764371,0,23.625,23.5,2025-10-26 05:56:45
151.2,0,0.0,151,0,0.0,0.0,60.03,215.1,0,0.0,1363.4,24,0.0,0.0,0,0.0,3373.3417561591914,0,23.625,23.5,2025-10-26 05:56:48
151.3,0,0.0,151.1,0,0.0,0.0,60.04,215,0,0.0,1363.4,24,0.0,0.0,0,0.0,2804.801010739103,0,23.625,23.437,2025-10-26 05:56:50
151.3,0,0.0,151.1,0,0.0,0.0,60.03,215.1,0,0.0,1363.4,24,0.0,0.0,0,0.0,833.8597599494631,0,23.625,23.437,2025-10-26 05:56:52
151.5,0,0.0,151.3,0,0.0,0.0,60.03,215.1,0,0.0,1363.4,24,0.0,0.0,0,0.0,833.8597599494631,0,23.625,23.437,2025-10-26 05:56:55
151.5,0,0.0,151.3,0,0.0,0.0,60.02,215,0,0.0,1363.4,24,0.0,0.0,0,0.0,1591.9140871762477,0,23.625,23.5,2025-10-26 05:56:57
151.5,0,0.0,151.3,0,0.0,0.0,60.01,215.1,0,0.0,1363.4,24,0.0,0.0,0,0.0,795.9570435881238,0,23.687,23.437,2025-10-26 05:56:59
151.7,0,0.0,151.4,0,0.0,0.0,60,215,0,0.0,1363.4,24,0.0,0.0,0,0.0,1781.427668982944,0,23.625,23.437,2025-10-26 05:57:02
151.7,0,0.0,151.5,0,0.0,0.0,59.98,215,0,0.0,1363.4,24,0.0,0.0,0,0.0,909.6651926721415,0,23.625,23.5,2025-10-26 05:57:04
151.8,0,0.0,151.6,0,0.0,0.0,59.98,214.9,0,0.0,1363.4,24,0.0,0.0,0,0.0,3335.4390397978523,0,23.625,23.5,2025-10-26 05:57:06
151.8,0,0.0,151.7,0,0.0,0.0,59.97,215,0,0.0,1363.4,24,0.0,0.0,0,0.0,3449.14718888187,0,23.625,23.437,2025-10-26 05:57:09
151.9,0,0.0,151.7,0,0.0,0.0,59.98,215,0,0.0,1363.4,24,0.0,0.0,0,0.0,1781.427668982944,0,23.625,23.5,2025-10-26 05:57:11
151.9,0,0.0,151.8,0,0.0,0.0,59.98,215,0,0.0,1363.4,24,0.0,0.0,0,0.0,1478.2059380922299,0,23.625,23.5,2025-10-26 05:57:14
152,0,0.0,151.9,0,0.0,0.0,59.98,215,0,0.0,1363.4,24,0.0,0.0,0,0.0,1819.330385344283,0,23.625,23.5,2025-10-26 05:57:16
152.1,0,0.0,151.9,0,0.0,0.0,59.99,215,0,0.0,1363.4,24,0.0,0.0,0,0.0,2880.6064434617815,0,23.625,23.5,2025-10-26 05:57:18
152.2,0,0.0,152,0,0.0,0.0,59.99,215,0,0.0,1363.4,24,0.0,0.0,0,0.0,1970.9412507896398,0,23.625,23.5,2025-10-26 05:57:21
152.2,0,0.0,152.1,0,0.0,0.0,59.98,215,0,0.0,1363.4,24,0.0,0.0,0,0.0,1478.2059380922299,0,23.625,23.5,2025-10-26 05:57:23
152.3,0,0.0,152.1,0,0.0,0.0,59.96,215,0,0.0,1363.4,24,0.0,0.0,0,0.0,1212.8869235628554,0,23.625,23.5,2025-10-26 05:57:25
152.4,0,0.0,152.2,0,0.0,0.0,59.98,215,0,0.0,1363.4,24,0.0,0.0,0,0.0,3259.6336070751736,0,23.625,23.5,2025-10-26 05:57:28
152.4,0,0.0,152.3,0,0.0,0.0,59.98,215,0,0.0,1363.4,24,0.0,0.0,0,0.0,1895.1358180669613,0,23.625,23.5,2025-10-26 05:57:30
152.5,0,0.0,152.4,0,0.0,0.0,59.99,214.9,0,0.0,1363.4,24,0.0,0.0,0,0.0,985.4706253948199,0,23.625,23.5,2025-10-26 05:57:33
152.5,0,0.0,152.5,0,0.0,0.0,59.97,214.9,0,0.0,1363.4,24,0.0,0.0,0,0.0,3487.049905243209,0,23.625,23.5,2025-10-26 05:57:35
152.6,0,0.0,152.6,0,0.0,0.0,59.99,214.9,0,0.0,1363.4,24,0.0,0.0,0,0.0,2008.843967150979,0,23.625,23.5,2025-10-26 05:57:37
152.8,0,0.0,152.7,0,0.0,0.0,59.99,214.8,0,0.0,1363.4,24,0.0,0.0,0,0.0,2994.3145925457993,0,23.625,23.5,2025-10-26 05:57:40
152.8,0,0.0,152.7,0,0.0,0.0,60,214.8,0,0.0,1363.4,24,0.0,0.0,0,0.0,3070.1200252684775,0,23.625,23.5,2025-10-26 05:57:42
152.9,0,0.0,152.8,0,0.0,0.0,59.99,214.8,0,0.0,1363.4,24,0.0,0.0,0,0.0,2804.801010739103,0,23.625,23.5,2025-10-26 05:57:44
152.8,0,0.0,152.8,0,0.0,0.0,59.99,214.9,0,0.0,1363.4,24,0.0,0.0,0,0.0,2501.579279848389,0,23.625,23.437,2025-10-26 05:57:47
152.9,0,0.0,152.8,0,0.0,0.0,59.98,214.9,0,0.0,1363.4,24,0.0,0.0,0,0.0,3524.9526216045483,0,23.687,23.5,2025-10-26 05:57:49
152.9,0,0.0,152.9,0,0.0,0.0,59.98,214.9,0,0.0,1363.4,24,0.0,0.0,0,0.0,1857.233101705622,0,23.625,23.5,2025-10-26 05:57:52
153.2,0,0.0,153.2,0,0.0,0.0,59.98,214.8,0,0.0,1363.4,24,0.0,0.0,0,0.0,3108.0227416298167,0,23.625,23.5,2025-10-26 05:57:54
153.2,0,0.0,153.2,0,0.0,0.0,59.98,214.9,0,0.0,1363.4,24,0.0,0.0,0,-38.845008416418494,2842.703727100442,0,23.625,23.5,2025-10-26 05:57:56
153.2,0,0.0,153.2,0,0.0,0.0,59.98,215,0,0.0,1363.4,24,0.0,0.0,0,0.0,1705.6222362602653,0,23.625,23.5,2025-10-26 05:57:59
153.4,0,0.0,153.5,0,0.0,0.0,59.98,214.8,0,0.0,1363.4,24,0.0,0.0,0,0.0,2539.4819962097285,0,23.687,23.5,2025-10-26 05:58:01
153.5,0,0.0,153.5,0,0.0,0.0,59.99,214.9,0,0.0,1363.4,24,0.0,0.0,0,0.0,1667.7195198989261,0,23.625,23.5,2025-10-26 05:58:03
153.5,0,0.0,153.6,0,0.0,0.0,59.98,215,0,0.0,1363.4,24,0.0,0.0,0,0.0,3183.8281743524954,0,23.625,23.5,2025-10-26 05:58:06
153.7,0,0.0,153.7,0,0.0,0.0,59.98,214.9,0,0.0,1363.4,24,0.0,0.0,0,0.0,2084.649399873658,0,23.687,23.5,2025-10-26 05:58:08
153.8,0,0.0,153.8,0,0.0,0.0,59.98,214.9,0,0.0,1363.4,24,0.0,0.0,0,0.0,1667.7195198989261,0,23.687,23.5,2025-10-26 05:58:11
154,0,0.0,153.9,0,0.0,0.0,59.98,214.7,0,0.0,1363.4,24,0.0,0.0,0,0.0,3070.1200252684775,0,23.625,23.5,2025-10-26 05:58:13
154.1,0,0.0,154,0,0.0,0.0,59.99,214.8,0,0.0,1363.4,24,0.0,0.0,0,0.0,3221.7308907138345,0,23.687,23.5,2025-10-26 05:58:15
154.2,0,0.0,154.1,0,0.0,0.0,59.99,214.9,0,0.0,1363.4,24,0.0,0.0,0,0.0,3297.5363234365127,0,23.687,23.5,2025-10-26 05:58:18
154.2,0,0.0,154.2,0,0.0,0.0,60,215.3,0,0.0,1363.4,24,0.0,0.0,0,0.0,1781.427668982944,0,23.687,23.5,2025-10-26 05:58:20
154.2,0,0.0,154.3,0,0.0,0.0,60,215,0,0.0,1363.4,24,0.0,0.0,0,0.0,909.6651926721415,0,23.687,23.5,2025-10-26 05:58:22
154.4,0,0.0,154.3,0,0.0,0.0,60.01,215,0,0.0,1363.4,24,0.0,0.0,0,0.0,1970.9412507896398,0,23.625,23.5,2025-10-26 05:58:25
154.5,0,0.0,154.4,0,0.0,0.0,60.01,215.1,0,0.0,1363.4,24,0.0,0.0,0,0.0,682.2488945041061,0,23.625,23.5,2025-10-26 05:58:27
154.5,0,0.0,154.5,0,0.0,0.0,60.02,215.1,0,0.0,1363.4,24,0.0,0.0,0,0.0,2842.703727100442,0,23.625,23.5,2025-10-26 05:58:29
154.7,0,0.0,154.6,0,0.0,0.0,60.01,214.9,0,0.0,1363.4,24,0.0,0.0,0,0.0,2918.5091598231206,0,23.625,23.5,2025-10-26 05:58:32
154.7,0,0.0,154.7,0,0.0,0.0,60.02,215.1,0,0.0,1363.4,24,0.0,0.0,0,0.0,3411.2444725205305,0,23.687,23.5,2025-10-26 05:58:34
154.8,0,0.0,154.8,0,0.0,0.0,60.02,215.1,0,0.0,1363.4,24,0.0,0.0,0,0.0,3373.3417561591914,0,23.687,23.5,2025-10-26 05:58:37
154.9,0,0.0,154.8,0,0.0,0.0,60.02,215.1,0,0.0,1363.4,24,0.0,0.0,0,0.0,3373.3417561591914,0,23.625,23.5,2025-10-26 05:58:39
155,0,0.0,155,0,0.0,0.0,60.01,215.2,0,0.0,1363.4,24,0.0,0.0,0,0.0,2236.2602653190143,0,23.625,23.5,2025-10-26 05:58:41
155.1,0,0.0,155.1,0,0.0,0.0,60.01,215.3,0,0.0,1363.4,24,0.0,0.0,0,0.0,1478.2059380922299,0,23.687,23.5,2025-10-26 05:58:44
155.3,0,0.0,155.1,0,0.0,0.0,59.99,215.1,0,0.0,1363.4,24,0.0,0.0,0,0.0,2691.092861655085,0,23.625,23.5,2025-10-26 05:58:46
155.3,0,0.0,155.1,0,0.0,0.0,59.98,215.1,0,0.0,1363.4,24,0.0,0.0,0,0.0,2008.843967150979,0,23.687,23.5,2025-10-26 05:58:48
155.4,0,0.0,155.2,0,0.0,0.0,59.97,215.1,0,0.0,1363.4,24,0.0,0.0,0,0.0,1970.9412507896398,0,23.687,23.5,2025-10-26 05:58:51
155.5,0,0.0,155.3,0,0.0,0.0,59.97,215.1,0,0.0,1363.4,24,0.0,0.0,0,0.0,1137.0814908401767,0,23.687,23.562,2025-10-26 05:58:53
113.7,0,0.0,113.2,0,0.0,0.0,59.97,215.1,0,0.0,1363.4,24,0.0,0.0,0,0.0,758.0543272267845,0,23.687,23.5,2025-10-26 05:58:56
99.1,0,0.0,99.5,0,0.0,0.0,59.98,215.3,0,0.0,1363.4,24,0.0,0.0,0,0.0,909.6651926721415,0,23.687,23.5,2025-10-26 05:58:58
99.6,0,0.0,98.4,0,0.0,0.0,59.96,215.2,0,0.0,1363.4,24,0.0,0.0,0,0.0,1099.1787744788378,0,23.687,23.5,2025-10-26 05:59:00
99.3,0,0.0,97.6,0,0.0,0.0,59.97,215.1,0,0.0,1363.4,24,0.0,0.0,0,0.0,1326.595072646873,0,23.625,23.5,2025-10-26 05:59:03
99,0,0.0,97,0,0.0,0.0,59.97,215,0,0.0,1363.4,24.1,0.0,0.0,0,0.0,2766.8982943777637,0,23.687,23.5,2025-10-26 05:59:05
99.1,0,0.0,96.8,0,0.0,0.0,59.96,215.1,0,0.0,1363.4,24.1,0.0,0.0,0,0.0,2842.703727100442,0,23.687,23.5,2025-10-26 05:59:07
99.1,0,0.0,96.8,0,0.0,0.0,59.97,214.9,0,0.0,1363.4,24.1,0.0,0.0,0,0.0,1402.4005053695514,0,23.687,23.5,2025-10-26 05:59:10
124.5,0,0.0,119.3,0,0.0,0.0,59.96,215.1,0,0.0,1363.4,24,0.0,0.0,0,0.0,2956.4118761844597,0,23.687,23.5,2025-10-26 05:59:12
159.4,0,0.0,156.9,0,0.0,0.0,59.97,215,0,0.0,1363.4,24.1,0.0,0.0,0,0.0,1326.595072646873,0,23.687,23.5,2025-10-26 05:59:15
159.4,0,0.0,157,0,0.0,0.0,59.98,215.1,0,0.0,1363.4,24.1,0.0,0.0,0,0.0,758.0543272267845,0,23.687,23.5,2025-10-26 05:59:17
159.5,0,0.0,157,0,0.0,0.0,59.98,214.9,0,0.0,1363.4,24.1,0.0,0.0,0,0.0,1516.108654453569,0,23.687,23.5,2025-10-26 05:59:19
159.5,0,0.0,157.1,0,0.0,0.0,59.99,215.1,0,0.0,1363.4,24.1,0.0,0.0,0,0.0,1440.3032217308908,0,23.687,23.5,2025-10-26 05:59:22
159.6,0,0.0,157.2,0,0.0,0.0,59.98,215,0,0.0,1363.4,24.1,0.0,0.0,0,0.0,871.7624763108023,0,23.687,23.562,2025-10-26 05:59:24
159.6,0,0.0,157.2,0,0.0,0.0,60,215,0,0.0,1363.4,24.1,0.0,0.0,0,0.0,2539.4819962097285,0,23.687,23.5,2025-10-26 05:59:26
159.7,0,0.0,157.3,0,0.0,0.0,59.99,215,0,0.0,1363.4,24.1,0.0,0.0,0,0.0,758.0543272267845,0,23.687,23.5,2025-10-26 05:59:29
158.9,0,0.0,157.3,0,0.0,0.0,59.99,215.1,0,0.0,1363.4,24.1,0.0,0.0,0,0.0,1516.108654453569,0,23.687,23.5,2025-10-26 05:59:31
157,0,0.0,156.8,0,0.0,0.0,59.98,215.1,0,0.0,1363.4,24.1,0.0,0.0,0,0.0,795.9570435881238,0,23.687,23.562,2025-10-26 05:59:34
157.1,0,0.0,156.9,0,0.0,0.0,59.98,215.1,0,0.0,1363.4,24.1,0.0,0.0,0,0.0,1857.233101705622,0,23.687,23.5,2025-10-26 05:59:36
157.1,0,0.0,157,0,0.0,0.0,59.98,215,0,0.0,1363.4,24.1,0.0,0.0,0,0.0,909.6651926721415,0,23.687,23.562,2025-10-26 05:59:38
157.2,0,0.0,157,0,0.0,0.0,59.98,215,0,0.0,1363.4,24.1,0.0,0.0,0,0.0,1212.8869235628554,0,23.687,23.562,2025-10-26 05:59:41
157.2,0,0.0,157.1,0,0.0,0.0,59.97,214.7,0,0.0,1363.4,24.1,0.0,0.0,0,0.0,985.4706253948199,0,23.687,23.562,2025-10-26 05:59:43
157.3,0,0.0,157.2,0,0.0,0.0,59.99,214.9,0,0.0,1363.4,24.1,0.0,0.0,0,0.0,1440.3032217308908,0,23.687,23.5,2025-10-26 05:59:45
157.4,0,0.0,157.2,0,0.0,0.0,59.97,214.8,0,0.0,1363.4,24.1,0.0,0.0,0,0.0,985.4706253948199,0,23.687,23.562,2025-10-26 05:59:48
157.5,0,0.0,157.3,0,0.0,0.0,59.98,214.9,0,0.0,1363.4,24.1,0.0,0.0,0,0.0,833.8597599494631,0,23.687,23.562,2025-10-26 05:59:50
157.6,0,0.0,157.4,0,0.0,0.0,59.98,214.9,0,0.0,1363.4,24.1,0.0,0.0,0,0.0,606.4434617814277,0,23.687,23.562,2025-10-26 05:59:53
157.6,0,0.0,157.5,0,0.0,0.0,59.98,214.8,0,0.0,1363.4,24.1,0.0,0.0,0,0.0,1781.427668982944,0,23.687,23.562,2025-10-26 05:59:55
157.7,0,0.0,157.5,0,0.0,0.0,59.98,214.8,0,0.0,1363.4,24.1,0.0,0.0,0,0.0,871.7624763108023,0,23.687,23.562,2025-10-26 05:59:57
157.8,0,0.0,157.6,0,0.0,0.0,59.98,214.9,0,0.0,1363.4,24.1,0.0,0.0,0,0.0,1743.5249526216046,0,23.687,23.562,2025-10-26 06:00:00
157.8,0,0.0,157.7,0,0.0,0.0,59.98,215,0,0.0,1363.4,24.1,0.0,0.0,0,0.0,1516.108654453569,0,23.687,23.562,2025-10-26 06:00:02
157.9,0,0.0,157.7,0,0.0,0.0,59.97,214.9,0,0.0,1363.4,24.1,0.0,0.0,0,0.0,2236.2602653190143,0,23.687,23.562,2025-10-26 06:00:04
157.9,0,0.0,157.8,0,0.0,0.0,59.98,214.9,0,0.0,1363.4,24.1,0.0,0.0,0,0.0,795.9570435881238,0,23.687,23.562,2025-10-26 06:00:07
158,0,0.0,157.9,0,0.0,0.0,60,215,0,0.0,1363.4,24.1,0.0,0.0,0,0.0,1137.0814908401767,0,23.687,23.562,2025-10-26 06:00:09
158.1,0,0.0,157.9,0,0.0,0.0,60.01,214.8,0,0.0,1363.4,24.1,0.0,0.0,0,0.0,2577.3847125710677,0,23.687,23.562,2025-10-26 06:00:11
158.1,0,0.0,157.9,0,0.0,0.0,60.02,214.8,0,0.0,1363.4,24.1,0.0,0.0,0,0.0,3108.0227416298167,0,23.687,23.562,2025-10-26 06:00:14
158.2,0,0.0,158,0,0.0,0.0,60.02,214.9,0,0.0,1363.4,24.1,0.0,0.0,0,0.0,3297.5363234365127,0,23.687,23.562,2025-10-26 06:00:16
158.2,0,0.0,158.1,0,0.0,0.0,60.03,215,0,0.0,1363.4,24.1,0.0,0.0,0,0.0,3373.3417561591914,0,23.687,23.562,2025-10-26 06:00:19
158.3,0,0.0,158.1,0,0.0,0.0,60.04,214.9,0,0.0,1363.4,24.1,0.0,0.0,0,0.0,871.7624763108023,0,23.687,23.562,2025-10-26 06:00:21
158.3,0,0.0,158.2,0,0.0,0.0,60.04,214.9,0,0.0,1363.4,24.1,0.0,0.0,0,0.0,1250.7896399241945,0,23.687,23.562,2025-10-26 06:00:23
158.4,0,0.0,158.2,0,0.0,0.0,60.03,214.8,0,0.0,1363.4,24.1,0.0,0.0,0,0.0,1743.5249526216046,0,23.687,23.562,2025-10-26 06:00:26
158.4,0,0.0,158.3,0,0.0,0.0,60.04,214.8,0,0.0,1363.4,24.1,0.0,0.0,0,0.0,1364.4977890082123,0,23.687,23.562,2025-10-26 06:00:28
158.5,0,0.0,158.4,0,0.0,0.0,60.01,214.8,0,0.0,1363.4,24.1,0.0,0.0,0,0.0,3108.0227416298167,0,23.687,23.562,2025-10-26 06:00:30
158.5,0,0.0,158.4,0,0.0,0.0,60.02,214.9,0,0.0,1363.4,24.1,0.0,0.0,0,0.0,2198.3575489576756,0,23.687,23.562,2025-10-26 06:00:33
158.6,0,0.0,158.4,0,0.0,0.0,60,215,0,0.0,1363.4,24.1,0.0,0.0,0,0.0,2274.1629816803534,0,23.687,23.562,2025-10-26 06:00:35
158.7,0,0.0,158.5,0,0.0,0.0,60.01,215,0,0.0,1363.4,24.1,0.0,0.0,0,0.0,3183.8281743524954,0,23.687,23.562,2025-10-26 06:00:38
158.8,0,0.0,158.5,0,0.0,0.0,60,215,0,0.0,1363.4,24.1,0.0,0.0,0,0.0,720.1516108654454,0,23.687,23.562,2025-10-26 06:00:40
158.8,0,0.0,158.6,0,0.0,0.0,60.01,214.8,0,0.0,1363.4,24.1,0.0,0.0,0,0.0,2539.4819962097285,0,23.687,23.562,2025-10-26 06:00:42
158.9,0,0.0,158.7,0,0.0,0.0,60,214.8,0,0.0,1363.4,24.1,0.0,0.0,0,0.0,720.1516108654454,0,23.687,23.562,2025-10-26 06:00:45
159,0,0.0,158.8,0,0.0,0.0,60.01,214.8,0,0.0,1363.4,24.1,0.0,0.0,0,0.0,1061.2760581174985,0,23.687,23.562,2025-10-26 06:00:47
158.9,0,0.0,158.7,0,0.0,0.0,60.02,214.8,0,0.0,1363.4,24.1,0.0,0.0,0,0.0,2122.552116234997,0,23.687,23.562,2025-10-26 06:00:49
159,0,0.0,158.8,0,0.0,0.0,60.02,214.9,0,0.0,1363.4,24.1,0.0,0.0,0,0.0,1137.0814908401767,0,23.687,23.562,2025-10-26 06:00:52
159,0,0.0,158.8,0,0.0,0.0,60.02,214.9,0,0.0,1363.4,24.1,0.0,0.0,0,0.0,3032.217308907138,0,23.75,23.562,2025-10-26 06:00:54
159.1,0,0.0,158.9,0,0.0,0.0,60.03,215.1,0,0.0,1363.4,24.1,0.0,0.0,0,0.0,3373.3417561591914,0,23.75,23.562,2025-10-26 06:00:57
159.1,0,0.0,159,0,0.0,0.0,60.04,215,0,0.0,1363.4,24.1,0.0,0.0,0,0.0,3221.7308907138345,0,23.687,23.562,2025-10-26 06:00:59
159.2,0,0.0,159,0,0.0,0.0,60.03,215.1,0,0.0,1363.4,24.1,0.0,0.0,0,0.0,720.1516108654454,0,23.687,23.562,2025-10-26 06:01:01
159.2,0,0.0,159,0,0.0,0.0,60.03,215,0,0.0,1363.4,24.1,0.0,0.0,0,0.0,758.0543272267845,0,23.687,23.562,2025-10-26 06:01:04
159.2,0,0.0,159.1,0,0.0,0.0,60.02,215.1,0,0.0,1363.4,24.1,0.0,0.0,0,0.0,758.0543272267845,0,23.75,23.562,2025-10-26 06:01:06
159.3,0,0.0,159.1,0,0.0,0.0,60.02,215.1,0,0.0,1363.4,24.1,0.0,0.0,0,0.0,1250.7896399241945,0,23.687,23.562,2025-10-26 06:01:08
159.3,0,0.0,159.1,0,0.0,0.0,60.01,215.1,0,0.0,1363.4,24.1,0.0,0.0,0,0.0,2008.843967150979,0,23.687,23.562,2025-10-26 06:01:11
159.4,0,0.0,159.2,0,0.0,0.0,60.01,215.1,0,0.0,1363.4,24.1,0.0,0.0,0,0.0,1781.427668982944,0,23.687,23.562,2025-10-26 06:01:13
159.4,0,0.0,159.2,0,0.0,0.0,60,215,0,0.0,1363.4,24.1,0.0,0.0,0,0.0,3221.7308907138345,0,23.687,23.562,2025-10-26 06:01:15
159.5,0,0.0,159.2,0,0.0,0.0,60,215,0,0.0,1363.4,24.1,0.0,0.0,0,0.0,3070.1200252684775,0,23.687,23.562,2025-10-26 06:01:18
159.5,0,0.0,159.3,0,0.0,0.0,59.99,215.2,0,0.0,1363.4,24.1,0.0,0.0,0,0.0,3373.3417561591914,0,23.687,23.562,2025-10-26 06:01:20
159.5,0,0.0,159.3,0,0.0,0.0,59.99,215.2,0,0.0,1363.4,24.1,0.0,0.0,0,0.0,3221.7308907138345,0,23.75,23.562,2025-10-26 06:01:23
159.5,0,0.0,159.4,0,0.0,0.0,59.99,215.1,0,0.0,1363.4,24.1,0.0,0.0,0,0.0,2994.3145925457993,0,23.75,23.562,2025-10-26 06:01:25
159.5,0,0.0,159.4,0,0.0,0.0,59.99,215.2,0,0.0,1363.4,24.1,0.0,0.0,0,0.0,2425.7738471257107,0,23.75,23.562,2025-10-26 06:01:27
159.6,0,0.0,159.5,0,0.0,0.0,59.99,215.3,0,0.0,1363.4,24.1,0.0,0.0,0,0.0,3373.3417561591914,0,23.75,23.562,2025-10-26 06:01:30
159.6,0,0.0,159.5,0,0.0,0.0,60,215.5,0,0.0,1363.4,24.1,0.0,0.0,0,0.0,644.3461781427669,0,23.75,23.562,2025-10-26 06:01:32
159.7,0,0.0,159.5,0,0.0,0.0,60.01,215.3,0,0.0,1363.4,24.1,0.0,0.0,0,0.0,2463.67656348705,0,23.75,23.562,2025-10-26 06:01:34
159.7,0,0.0,159.5,0,0.0,0.0,60.01,215.3,0,0.0,1363.4,24.1,0.0,0.0,0,0.0,2008.843967150979,0,23.75,23.562,2025-10-26 06:01:37
159.7,0,0.0,159.6,0,0.0,0.0,60.02,215,0,0.0,1363.4,24.1,0.0,0.0,0,0.0,1554.0113708149083,0,23.687,23.562,2025-10-26 06:01:39
159.8,0,0.0,159.6,0,0.0,0.0,60.03,215.3,0,0.0,1363.4,24.1,0.0,0.0,0,0.0,947.5679090334806,0,23.75,23.562,2025-10-26 06:01:42
159.8,0,0.0,159.6,0,0.0,0.0,60.03,215.2,0,0.0,1363.4,24.1,0.0,0.0,0,0.0,720.1516108654454,0,23.75,23.562,2025-10-26 06:01:44
159.8,0,0.0,159.6,0,0.0,0.0,60.04,215.4,0,0.0,1363.4,24.1,0.0,0.0,0,0.0,2160.454832596336,0,23.75,23.562,2025-10-26 06:01:46
159.9,0,0.0,159.7,0,0.0,0.0,60.03,215.3,0,0.0,1363.4,24.1,0.0,0.0,0,0.0,2084.649399873658,0,23.75,23.562,2025-10-26 06:01:49
160,0,0.0,159.7,0,0.0,0.0,60.03,215.2,0,0.0,1363.4,24.1,0.0,0.0,0,0.0,3411.2444725205305,0,23.75,23.625,2025-10-26 06:01:51
160,0,0.0,159.8,0,0.0,0.0,60.03,215.2,0,0.0,1363.4,24.1,0.0,0.0,0,0.0,1440.3032217308908,0,23.75,23.562,2025-10-26 06:01:53
160.1,0,0.0,159.8,0,0.0,0.0,60.02,215.2,0,0.0,1363.4,24.1,0.0,0.0,0,0.0,2198.3575489576756,0,23.75,23.562,2025-10-26 06:01:56
160.1,0,0.0,159.9,0,0.0,0.0,60.02,215.2,0,0.0,1363.4,24.1,0.0,0.0,0,0.0,909.6651926721415,0,23.75,23.562,2025-10-26 06:01:58
160.2,0,0.0,159.9,0,0.0,0.0,60.03,215.2,0,0.0,1363.4,24.1,0.0,0.0,0,0.0,1099.1787744788378,0,23.75,23.562,2025-10-26 06:02:01
160.3,0,0.0,160,0,0.0,0.0,60.02,215.3,0,0.0,1363.4,24.1,0.0,0.0,0,0.0,1212.8869235628554,0,23.75,23.562,2025-10-26 06:02:03
160.3,0,0.0,160,0,0.0,0.0,60.01,215.3,0,0.0,1363.4,24.1,0.0,0.0,0,0.0,1895.1358180669613,0,23.75,23.562,2025-10-26 06:02:05
160.3,0,0.0,160,0,0.0,0.0,60,215.4,0,0.0,1363.4,24.1,0.0,0.0,0,0.0,3145.925457991156,0,23.75,23.625,2025-10-26 06:02:08
160.3,0,0.0,160,0,0.0,0.0,59.99,215.3,0,0.0,1363.4,24.1,0.0,0.0,0,0.0,3259.6336070751736,0,23.75,23.562,2025-10-26 06:02:10
160.3,0,0.0,160.1,0,0.0,0.0,59.99,215.2,0,0.0,1363.4,24.1,0.0,0.0,0,0.0,3108.0227416298167,0,23.75,23.562,2025-10-26 06:02:12
160.4,0,0.0,160.1,0,0.0,0.0,59.98,215.1,0,0.0,1363.4,24.1,0.0,0.0,0,0.0,3259.6336070751736,0,23.75,23.625,2025-10-26 06:02:15
160.4,0,0.0,160.1,0,0.0,0.0,59.99,215.2,0,0.0,1363.4,24.1,0.0,0.0,0,0.0,3221.7308907138345,0,23.75,23.625,2025-10-26 06:02:17
160.4,0,0.0,160.2,0,0.0,0.0,59.98,215.2,0,0.0,1363.4,24.1,0.0,0.0,0,0.0,3145.925457991156,0,23.75,23.562,2025-10-26 06:02:20
160.5,0,0.0,160.2,0,0.0,0.0,60,215.3,0,0.0,1363.4,24.1,0.0,0.0,0,0.0,3335.4390397978523,0,23.75,23.562,2025-10-26 06:02:22
160.6,0,0.0,160.2,0,0.0,0.0,59.98,215.2,0,0.0,1363.4,24.1,0.0,0.0,0,0.0,2918.5091598231206,0,23.75,23.562,2025-10-26 06:02:24
160.6,0,0.0,160.2,0,0.0,0.0,59.99,215.2,0,0.0,1363.4,24.1,0.0,0.0,0,0.0,3145.925457991156,0,23.75,23.625,2025-10-26 06:02:27
160.6,0,0.0,160.3,0,0.0,0.0,59.98,215.1,0,0.0,1363.4,24.1,0.0,0.0,0,0.0,1440.3032217308908,0,23.75,23.625,2025-10-26 06:02:29
160.6,0,0.0,160.3,0,0.0,0.0,59.98,215.3,0,0.0,1363.4,24.1,0.0,0.0,0,0.0,3411.2444725205305,0,23.75,23.625,2025-10-26 06:02:31
160.6,0,0.0,160.3,0,0.0,0.0,59.98,215.3,0,0.0,1363.4,24.1,0.0,0.0,0,0.0,1857.233101705622,0,23.75,23.625,2025-10-26 06:02:34
160.7,0,0.0,160.4,0,0.0,0.0,59.97,215.3,0,0.0,1363.4,24.1,0.0,0.0,0,0.0,758.0543272267845,0,23.75,23.562,2025-10-26 06:02:36
160.6,0,0.0,160.4,0,0.0,0.0,59.99,215.4,0,0.0,1363.4,24.1,0.0,0.0,0,0.0,3487.049905243209,0,23.75,23.625,2025-10-26 06:02:39
160.7,0,0.0,160.4,0,0.0,0.0,59.98,215.4,0,0.0,1363.4,24.1,0.0,0.0,0,0.0,3373.3417561591914,0,23.75,23.625,2025-10-26 06:02:41
160.8,0,0.0,160.4,0,0.0,0.0,59.99,215.3,0,0.0,1363.4,24.1,0.0,0.0,0,0.0,1667.7195198989261,0,23.75,23.625,2025-10-26 06:02:43
160.8,0,0.0,160.5,0,0.0,0.0,59.99,215.3,0,0.0,1363.4,24.1,0.0,0.0,0,0.0,947.5679090334806,0,23.75,23.625,2025-10-26 06:02:46
160.8,0,0.0,160.5,0,0.0,0.0,60,215.4,0,0.0,1363.4,24.1,0.0,0.0,0,0.0,833.8597599494631,0,23.75,23.625,2025-10-26 06:02:48
160.9,0,0.0,160.5,0,0.0,0.0,59.99,215.3,0,0.0,1363.4,24.1,0.0,0.0,0,0.0,2653.190145293746,0,23.75,23.625,2025-10-26 06:02:50
160.9,0,0.0,160.5,0,0.0,0.0,59.99,215.5,0,0.0,1363.4,24.1,0.0,0.0,0,0.0,1099.1787744788378,0,23.75,23.625,2025-10-26 06:02:53
160.9,0,0.0,160.6,0,0.0,0.0,59.99,215.3,0,0.0,1363.4,24.1,0.0,0.0,0,0.0,871.7624763108023,0,23.75,23.562,2025-10-26 06:02:55
160.9,0,0.0,160.6,0,0.0,0.0,59.98,215.3,0,0.0,1363.4,24.1,0.0,0.0,0,0.0,871.7624763108023,0,23.75,23.625,2025-10-26 06:02:57
160.9,0,0.0,160.6,0,0.0,0.0,59.98,215.2,0,0.0,1363.4,24.1,0.0,0.0,0,0.0,720.1516108654454,0,23.75,23.625,2025-10-26 06:03:00
161,0,0.0,160.6,0,0.0,0.0,59.97,215.2,0,0.0,1363.4,24.1,0.0,0.0,0,0.0,871.7624763108023,0,23.75,23.625,2025-10-26 06:03:02
161,0,0.0,160.7,0,0.0,0.0,59.98,215.3,0,0.0,1363.4,24.1,0.0,0.0,0,0.0,758.0543272267845,0,23.75,23.625,2025-10-26 06:03:05
161,0,0.0,160.7,0,0.0,0.0,60,215.3,0,0.0,1363.4,24.1,0.0,0.0,0,0.0,1554.0113708149083,0,23.75,23.625,2025-10-26 06:03:07
161.1,0,0.0,160.7,0,0.0,0.0,59.99,215.4,0,0.0,1363.4,24.1,0.0,0.0,0,0.0,795.9570435881238,0,23.75,23.625,2025-10-26 06:03:09
161.1,0,0.0,160.7,0,0.0,0.0,59.99,215.4,0,0.0,1363.4,24.1,0.0,0.0,0,0.0,3449.14718888187,0,23.75,23.625,2025-10-26 06:03:12
161.2,0,0.0,160.8,0,0.0,0.0,59.99,215.4,0,0.0,1363.4,24.1,0.0,0.0,0,0.0,2160.454832596336,0,23.75,23.625,2025-10-26 06:03:14
161.1,0,0.0,160.8,0,0.0,0.0,59.98,215.4,0,0.0,1363.4,24.1,0.0,0.0,0,0.0,2274.1629816803534,0,23.75,23.625,2025-10-26 06:03:16
161.2,0,0.0,160.8,0,0.0,0.0,59.98,215.2,0,0.0,1363.4,24.1,0.0,0.0,0,0.0,2728.9955780164246,0,23.75,23.625,2025-10-26 06:03:19
161.2,0,0.0,160.8,0,0.0,0.0,59.98,215.2,0,0.0,1363.4,24.1,0.0,0.0,0,0.0,3335.4390397978523,0,23.75,23.625,2025-10-26 06:03:21
161.2,0,0.0,160.8,0,0.0,0.0,60,215.2,0,0.0,1363.4,24.1,0.0,0.0,0,0.0,2387.871130764371,0,23.75,23.625,2025-10-26 06:03:24
161.3,0,0.0,160.9,0,0.0,0.0,60,215.3,0,0.0,1363.4,24.2,0.0,0.0,0,0.0,3297.5363234365127,0,23.75,23.625,2025-10-26 06:03:26
161.4,0,0.0,160.9,0,0.0,0.0,60.01,215.3,0,0.0,1363.4,24.2,0.0,0.0,0,0.0,3070.1200252684775,0,23.75,23.625,2025-10-26 06:03:28
161.4,0,0.0,160.9,0,0.0,0.0,60.01,215.4,0,0.0,1363.4,24.2,0.0,0.0,0,0.0,3449.14718888187,0,23.75,23.625,2025-10-26 06:03:31
161.4,0,0.0,160.9,0,0.0,0.0,60.01,215.3,0,0.0,1363.4,24.2,0.0,0.0,0,0.0,3221.7308907138345,0,23.75,23.625,2025-10-26 06:03:33
161.4,0,0.0,160.9,0,0.0,0.0,60.03,215.4,0,0.0,1363.4,24.2,0.0,0.0,0,0.0,1478.2059380922299,0,23.75,23.625,2025-10-26 06:03:35
161.5,0,0.0,160.9,0,0.0,0.0,60.03,215.2,0,0.0,1363.4,24.2,0.0,0.0,0,0.0,720.1516108654454,0,23.75,23.625,2025-10-26 06:03:38
161.5,0,0.0,160.9,0,0.0,0.0,60.03,215.3,0,0.0,1363.4,24.2,0.0,0.0,0,0.0,909.6651926721415,0,23.75,23.625,2025-10-26 06:03:40
161.5,0,0.0,160.9,0,0.0,0.0,60.02,215.3,0,0.0,1363.4,24.2,0.0,0.0,0,0.0,758.0543272267845,0,23.75,23.625,2025-10-26 06:03:43
161.6,0,0.0,161,0,0.0,0.0,60,215.2,0,0.0,1363.4,24.2,0.0,0.0,0,0.0,2994.3145925457993,0,23.75,23.625,2025-10-26 06:03:45
161.6,0,0.0,161,0,0.0,0.0,60,215.3,0,0.0,1363.4,24.2,0.0,0.0,0,0.0,3449.14718888187,0,23.75,23.625,2025-10-26 06:03:47
161.6,0,0.0,161,0,0.0,0.0,60,215.2,0,0.0,1363.4,24.2,0.0,0.0,0,0.0,3183.8281743524954,0,23.75,23.625,2025-10-26 06:03:50
161.6,0,0.0,161,0,0.0,0.0,60.01,215.3,0,0.0,1363.4,24.2,0.0,0.0,0,0.0,3221.7308907138345,0,23.75,23.625,2025-10-26 06:03:52
161.7,0,0.0,161,0,0.0,0.0,59.99,215.2,0,0.0,1363.4,24.2,0.0,0.0,0,0.0,3145.925457991156,0,23.75,23.625,2025-10-26 06:03:54
161.7,0,0.0,161.1,0,0.0,0.0,59.99,215.4,0,0.0,1363.4,24.2,0.0,0.0,0,0.0,2766.8982943777637,0,23.75,23.625,2025-10-26 06:03:57
161.7,0,0.0,161.1,0,0.0,0.0,59.99,215.3,0,0.0,1363.4,24.2,0.0,0.0,0,0.0,2122.552116234997,0,23.75,23.625,2025-10-26 06:03:59
159.1,0,0.0,157.1,0,0.0,0.0,59.97,215.4,0,0.0,1363.4,24.2,0.0,0.0,0,0.0,3449.14718888187,0,23.75,23.625,2025-10-26 06:04:01
108.8,0,0.0,98.2,0,0.0,0.0,59.97,215.4,0,0.0,1363.4,24.2,0.0,0.0,0,0.0,3183.8281743524954,0,23.75,23.625,2025-10-26 06:04:04
99.8,0,0.0,88.6,0,0.0,0.0,59.96,215.3,0,0.0,1363.4,24.2,0.0,0.0,0,0.0,2615.287428932407,0,23.75,23.625,2025-10-26 06:04:06
153.6,0,0.0,153.3,0,0.0,0.0,59.98,215.2,0,0.0,1363.4,24.2,0.0,0.0,0,0.0,2956.4118761844597,0,23.75,23.687,2025-10-26 06:04:09
152.9,0,0.0,150.8,0,0.0,0.0,59.99,215.3,0,0.0,1363.4,24.2,0.0,0.0,0,0.0,758.0543272267845,0,23.75,23.687,2025-10-26 06:04:11
140.7,0,0.0,140.1,0,0.0,0.0,59.99,215.1,0,0.0,1363.4,24.1,0.0,0.0,0,0.0,4965.255843335439,0,23.75,23.625,2025-10-26 06:04:13
158.3,0,0.0,156.9,0,0.0,0.0,60,215.3,0,0.0,1363.4,24.1,0.0,0.0,0,0.0,947.5679090334806,0,23.75,23.625,2025-10-26 06:04:16
153.9,0,0.0,151.8,0,0.0,0.0,60.01,215.4,0,0.0,1363.4,24.1,0.0,0.0,0,0.0,1023.3733417561592,0,23.75,23.687,2025-10-26 06:04:18
159.3,0,0.0,157.7,0,0.0,0.0,60.02,215.3,0,0.0,1363.4,24.1,0.0,0.0,0,0.0,530.6380290587492,0,23.75,23.687,2025-10-26 06:04:20
148.6,0.1,0.0,147,0.1,0.0,0.0,60.03,215.4,1.2,0.0,1363.4,24.2,0.0,0.0,0,0.0,1554.0113708149083,0,23.75,23.625,2025-10-26 06:04:23
150.4,0,6.3,149.2,0,4.7,9.9,60.04,215.5,0.3,0.0,1363.4,24.2,0.0,0.0,0,0.0,2463.67656348705,0,23.75,23.687,2025-10-26 06:04:25
155.3,0,15.2,153,0,8.8,22.9,60.04,215.3,0.4,0.0,1363.4,24.2,0.0,0.0,0,0.0,3941.8825015792795,0,23.75,23.625,2025-10-26 06:04:28
154.2,0,14.0,149.5,0,10.4,23.9,60.03,215.3,0.4,0.0,1363.4,24.2,0.0,0.0,0,0.0,4358.812381554011,0,23.75,23.625,2025-10-26 06:04:30
155.5,0.1,15.5,149.7,0,10.7,25.9,60.03,215.5,0.4,0.0,1363.4,24.2,0.0,0.0,0,0.0,3600.758054327227,0,23.812,23.687,2025-10-26 06:04:32
152.1,0.1,15.1,146.1,0,12.7,27.6,60.02,215.5,0.4,0.0,1363.4,24.2,0.0,0.0,0,0.0,3714.466203411244,0,23.75,23.687,2025-10-26 06:04:35
146.7,0.1,15.1,141,0,13.1,27.4,60.04,215.4,0.4,0.0,1363.4,24.2,0.0,0.0,0,0.0,1591.9140871762477,0,23.75,23.687,2025-10-26 06:04:37
142.8,0.1,15.2,137,0,13.1,27.1,60.03,215.4,0.5,0.0,1363.4,24.2,0.0,0.0,0,0.0,1895.1358180669613,0,23.812,23.687,2025-10-26 06:04:40
140.7,0.1,15.0,132.8,0.1,13.3,28.4,60.03,215.4,0.5,0.0,1363.4,24.2,0.0,0.0,0,0.0,758.0543272267845,0,23.75,23.625,2025-10-26 06:04:42
143.6,0.1,15.6,132.7,0.1,13.3,28.1,60.03,215.5,0.4,0.0,1363.4,24.2,0.0,0.0,0,0.0,1970.9412507896398,0,23.812,23.687,2025-10-26 06:04:44
145.2,0.1,15.3,135,0.1,13.6,27.7,60.02,215.4,0.4,0.0,1363.4,24.2,0.0,0.0,0,0.0,4548.325963360707,0,23.75,23.687,2025-10-26 06:04:47
146.6,0.1,15.3,137.6,0,13.6,28.2,60.03,215.5,0.4,0.0,1363.4,24.3,0.0,0.0,0,0.0,4510.423246999368,0,23.75,23.687,2025-10-26 06:04:49
143.5,0.1,15.6,143.3,0,13.4,27.8,60.01,215.4,0.4,0.0,1363.4,24.3,0.0,0.0,0,0.0,4434.61781427669,0,23.75,23.687,2025-10-26 06:04:51
140.2,0.1,15.4,143.9,0,13.2,28.1,60,215.4,0.4,0.0,1363.4,24.3,0.0,0.0,0,0.0,2160.454832596336,0,23.75,23.687,2025-10-26 06:04:54
140.9,0.1,15.2,140.9,0,13.6,28.1,60.01,215.4,0.4,0.0,1363.4,24.3,0.0,0.0,0,0.0,2842.703727100442,0,23.75,23.687,2025-10-26 06:04:56
141.1,0.1,15.2,141.1,0.1,13.7,28.5,59.99,215.4,0.5,0.0,1363.4,24.3,0.0,0.0,0,0.0,1174.984207201516,0,23.75,23.687,2025-10-26 06:04:58
140.7,0.1,15.4,143.8,0.1,13.6,28.6,60,215.4,0.5,0.0,1363.4,24.3,0.0,0.0,0,0.0,1174.984207201516,0,23.75,23.687,2025-10-26 06:05:01
140.6,0.1,15.6,141.1,0,13.7,28.9,59.99,215.4,0.4,0.0,1363.4,24.3,0.0,0.0,0,0.0,985.4706253948199,0,23.812,23.687,2025-10-26 06:05:03
140.7,0.1,15.4,137.8,0.1,13.8,28.8,59.99,215.4,0.5,0.0,1363.4,24.3,0.0,0.0,0,0.0,1288.6923562855338,0,23.75,23.687,2025-10-26 06:05:06
136.6,0.1,14.9,133.9,0.1,14.0,28.1,59.98,215.4,0.4,0.0,1363.4,24.3,0.0,0.0,0,0.0,1364.4977890082123,0,23.75,23.687,2025-10-26 06:05:08
134.7,0.1,15.1,132.1,0.1,13.1,27.8,59.99,215.5,0.4,0.0,1363.4,24.3,0.0,0.0,0,0.0,1250.7896399241945,0,23.75,23.687,2025-10-26 06:05:10
134.9,0.1,15.2,135.1,0,13.4,28.2,59.97,215.4,0.4,0.0,1363.4,24.3,0.0,0.0,0,0.0,1212.8869235628554,0,23.812,23.687,2025-10-26 06:05:13
133.3,0.1,15.2,136.9,0.1,13.4,28.3,59.98,215.4,0.4,0.0,1363.4,24.3,0.0,0.0,0,0.0,1023.3733417561592,0,23.812,23.687,2025-10-26 06:05:15
128.7,0.1,15.3,141.2,0,14.0,28.3,59.97,215.4,0.4,0.0,1363.4,24.3,0.0,0.0,0,0.0,795.9570435881238,0,23.75,23.687,2025-10-26 06:05:17
128.9,0.1,15.4,138.9,0.1,13.7,28.6,59.98,215.3,0.4,0.0,1363.4,24.4,0.0,0.0,0,0.0,1174.984207201516,0,23.812,23.687,2025-10-26 06:05:20
129.1,0.1,15.4,140.8,0.1,13.8,28.9,59.99,215.4,0.4,0.0,1363.4,24.4,0.0,0.0,0,0.0,3221.7308907138345,0,23.812,23.687,2025-10-26 06:05:22
128.9,0.1,15.4,138.2,0.1,13.8,28.8,60.02,215.4,0.4,0.0,1363.4,24.4,0.0,0.0,0,0.0,3335.4390397978523,0,23.75,23.687,2025-10-26 06:05:25
129,0.1,15.1,134.4,0.1,14.0,28.7,60.03,215.4,0.4,0.0,1363.4,24.4,0.0,0.0,0,0.0,4548.325963360707,0,23.75,23.687,2025-10-26 06:05:27
128.5,0.1,15.0,132.1,0.1,13.7,28.1,60.05,215.5,0.4,0.0,1363.4,24.4,0.0,0.0,0,0.0,3411.2444725205305,0,23.75,23.687,2025-10-26 06:05:29
128.4,0.1,15.0,132.4,0.1,13.6,27.5,60.03,215.4,0.4,0.0,1363.4,24.4,0.0,0.0,0,0.0,3297.5363234365127,0,23.75,23.687,2025-10-26 06:05:32
124.5,0.1,15.4,134.8,0.1,13.8,28.6,60.04,215.3,0.4,0.0,1363.4,24.4,0.0,0.0,0,0.0,1440.3032217308908,0,23.812,23.687,2025-10-26 06:05:34
123.4,0.1,15.3,135,0,13.7,28.4,60.01,215.3,0.4,0.0,1363.4,24.4,0.0,0.0,0,0.0,758.0543272267845,0,23.75,23.687,2025-10-26 06:05:36
124.3,0.1,15.1,132.1,0.1,13.6,27.8,60.03,215.2,0.5,0.0,1363.4,24.4,0.0,0.0,0,0.0,2046.7466835123184,0,23.812,23.687,2025-10-26 06:05:39
125.1,0.1,15.4,132.1,0.1,13.5,27.9,60.01,215.3,0.5,0.0,1363.4,24.4,0.0,0.0,0,0.0,4207.201516108655,0,23.75,23.687,2025-10-26 06:05:41
128,0.1,15.5,132.1,0.1,14.0,29.2,60.01,215.3,0.4,0.0,1363.4,24.4,0.0,0.0,0,0.0,2387.871130764371,0,23.812,23.687,2025-10-26 06:05:44
132,0.1,15.3,129.4,0.1,13.8,28.2,60,215.4,0.4,0.0,1363.4,24.4,0.0,0.0,0,0.0,3903.9797852179404,0,23.812,23.687,2025-10-26 06:05:46
131.8,0.1,15.3,128.9,0.1,13.6,28.3,60.01,215.3,0.5,0.0,1363.4,24.4,0.0,0.0,0,0.0,4548.325963360707,0,23.812,23.687,2025-10-26 06:05:48
134.3,0.1,15.6,129.5,0.1,13.4,28.7,60.01,215.2,0.4,0.0,1363.4,24.5,0.0,0.0,0,0.0,3979.785217940619,0,23.75,23.687,2025-10-26 06:05:51
134.9,0.1,15.5,132.2,0.1,13.6,28.4,60.01,215.1,0.4,0.0,1363.4,24.5,0.0,0.0,0,0.0,4586.228679722047,0,23.812,23.687,2025-10-26 06:05:53
131.7,0.1,15.7,132.1,0.1,14.3,28.8,60.01,215.4,0.5,0.0,1363.4,24.5,0.0,0.0,0,0.0,4017.687934301958,0,23.75,23.687,2025-10-26 06:05:55
128.8,0.1,15.8,138,0.1,14.3,29.6,60.02,215.3,0.4,0.0,1363.4,24.5,0.0,0.0,0,0.0,2653.190145293746,0,23.812,23.687,2025-10-26 06:05:58
129.1,0.1,15.6,138,0.1,14.2,29.3,60.02,215.2,0.4,0.0,1363.4,24.5,0.0,0.0,0,0.0,1288.6923562855338,0,23.812,23.687,2025-10-26 06:06:00
129.8,0.1,15.5,135.3,0.1,13.9,28.8,60.04,215.2,0.4,0.0,1363.4,24.5,0.0,0.0,0,0.0,947.5679090334806,0,23.812,23.687,2025-10-26 06:06:02
131.8,0.1,15.7,135.4,0.1,14.1,28.8,60.03,215.2,0.5,0.0,1363.4,24.5,0.0,0.0,0,0.0,1137.0814908401767,0,23.812,23.687,2025-10-26 06:06:05
132.9,0.1,15.8,133.8,0.1,14.3,29.2,60.03,215.2,0.4,0.0,1363.4,24.5,0.0,0.0,0,0.0,3828.1743524952617,0,23.812,23.687,2025-10-26 06:06:07
134.8,0.1,15.7,132.4,0.1,13.8,28.8,60.02,215.2,0.4,0.0,1363.4,24.5,0.0,0.0,0,0.0,4434.61781427669,0,23.812,23.687,2025-10-26 06:06:10
133.8,0.1,15.6,135.2,0.1,14.2,29.2,60.02,215.2,0.4,0.0,1363.4,24.5,0.0,0.0,0,0.0,2918.5091598231206,0,23.75,23.687,2025-10-26 06:06:12
134.9,0.1,15.9,137.2,0.1,14.2,28.9,60.03,215.2,0.4,0.0,1363.4,24.5,0.0,0.0,0,0.0,4207.201516108655,0,23.812,23.687,2025-10-26 06:06:14
134.7,0.1,16.1,138,0.1,14.2,29.7,60.02,215.2,0.4,0.0,1363.4,24.5,0.0,0.0,0,0.0,1629.8168035375868,0,23.812,23.687,2025-10-26 06:06:17
141,0.1,16.2,141.2,0.1,14.8,30.5,60.04,215.1,0.6,0.0,1363.4,24.5,0.0,0.0,0,0.0,871.7624763108023,0,23.812,23.687,2025-10-26 06:06:19
144,0.1,16.0,140.9,0.1,14.6,29.7,60.04,215,0.4,0.0,1363.4,24.5,0.0,0.0,0,0.0,2349.968414403032,0,23.812,23.75,2025-10-26 06:06:21
143.7,0.1,16.4,138.2,0.1,14.8,30.2,60.04,215.1,0.4,0.0,1363.4,24.5,0.0,0.0,0,0.0,2160.454832596336,0,23.812,23.687,2025-10-26 06:06:24
143.8,0.1,15.9,138,0.1,14.4,29.9,60.02,215.1,0.4,0.0,1363.4,24.6,0.0,0.0,0,0.0,3790.2716361339226,0,23.75,23.687,2025-10-26 06:06:26
140.7,0.1,16.3,141,0.1,14.5,30.4,60.02,215.2,0.4,0.0,1363.4,24.6,0.0,0.0,0,0.0,4510.423246999368,0,23.812,23.687,2025-10-26 06:06:29
139.8,0.1,16.1,142,0.1,14.4,30.1,60.01,215.2,0.5,0.0,1363.4,24.6,0.0,0.0,0,0.0,3335.4390397978523,0,23.812,23.75,2025-10-26 06:06:31
137.8,0.1,15.9,146.9,0,14.0,29.5,60.02,215.2,0.5,0.0,1363.4,24.6,0.0,0.0,0,0.0,3941.8825015792795,0,23.812,23.687,2025-10-26 06:06:33
139.4,0.1,15.9,145.4,0,14.1,29.6,60.01,215.2,0.4,0.0,1363.4,24.6,0.0,0.0,0,0.0,1781.427668982944,0,23.812,23.687,2025-10-26 06:06:36
140.7,0.1,16.5,144,0.1,14.3,30.5,60.02,215.2,0.3,0.0,1363.4,24.6,0.0,0.0,0,0.0,1288.6923562855338,0,23.812,23.75,2025-10-26 06:06:38
144,0.1,16.6,140.4,0.1,14.5,31.0,60.03,215.1,0.4,0.0,1363.4,24.6,0.0,0.0,0,0.0,3449.14718888187,0,23.812,23.687,2025-10-26 06:06:40
146.6,0.1,16.1,136,0.1,14.3,30.1,60.03,215.1,0.4,0.0,1363.4,24.6,0.0,0.0,0,0.0,3524.9526216045483,0,23.812,23.687,2025-10-26 06:06:43
143.9,0.1,16.1,135.2,0.1,14.4,29.9,60.03,215.2,0.5,0.0,1363.4,24.6,0.0,0.0,0,0.0,4586.228679722047,0,23.812,23.687,2025-10-26 06:06:45
143.9,0.1,15.9,137.5,0.1,14.5,29.9,60.04,215.2,0.4,0.0,1363.4,24.6,0.0,0.0,0,0.0,2198.3575489576756,0,23.812,23.75,2025-10-26 06:06:48
143.9,0.1,16.5,138.1,0.1,14.8,30.9,60.05,215.2,0.5,0.0,1363.4,24.6,0.0,0.0,0,0.0,3676.563487049905,0,23.812,23.687,2025-10-26 06:06:50
140.5,0.1,16.5,137.9,0.1,14.7,30.8,60.03,215.1,0.4,0.0,1363.4,24.6,0.0,0.0,0,0.0,3487.049905243209,0,23.812,23.687,2025-10-26 06:06:52
143.7,0.1,16.9,138.2,0.1,14.5,31.4,60.03,215,0.4,0.0,1363.4,24.6,0.0,0.0,0,0.0,2274.1629816803534,0,23.812,23.75,2025-10-26 06:06:55
140.6,0.1,16.7,138.2,0.1,14.6,30.9,60.02,215,0.5,0.0,1363.4,24.6,0.0,0.0,0,0.0,909.6651926721415,0,23.812,23.687,2025-10-26 06:06:57
143.8,0.1,16.4,141.5,0.1,14.8,30.7,60.02,215,0.4,0.0,1363.4,24.6,0.0,0.0,0,0.0,1364.4977890082123,0,23.812,23.687,2025-10-26 06:06:59
143.6,0.1,16.4,143.8,0.1,14.6,30.6,60.01,215.2,0.3,0.0,1363.4,24.6,0.0,0.0,0,0.0,1174.984207201516,0,23.812,23.75,2025-10-26 06:07:02
142.2,0.1,16.6,140.9,0.1,15.0,30.8,60.01,215.2,0.4,0.0,1363.4,24.6,0.0,0.0,0,0.0,2880.6064434617815,0,23.812,23.75,2025-10-26 06:07:04
140.9,0.1,16.8,139.4,0.1,15.0,31.3,60.01,215.2,0.5,0.0,1363.4,24.6,0.0,0.0,0,0.0,3373.3417561591914,0,23.812,23.75,2025-10-26 06:07:07
138.3,0.1,16.2,133.4,0.1,14.9,30.5,60.02,215.2,0.4,0.0,1363.4,24.6,0.0,0.0,0,0.0,4396.715097915351,0,23.812,23.75,2025-10-26 06:07:09
140.8,0.1,15.8,132.2,0.1,14.6,29.1,60.01,215.3,0.4,0.0,1363.4,24.6,0.0,0.0,0,0.0,4586.228679722047,0,23.812,23.75,2025-10-26 06:07:11
141,0.1,16.1,135.8,0.1,14.5,30.0,60.02,215.2,0.4,0.0,1363.4,24.7,0.0,0.0,0,0.0,3373.3417561591914,0,23.812,23.75,2025-10-26 06:07:14
143.8,0.1,16.4,136.7,0.1,14.6,30.6,60.01,215.2,0.5,0.0,1363.4,24.7,0.0,0.0,0,0.0,3903.9797852179404,0,23.812,23.75,2025-10-26 06:07:16
146.8,0.1,16.5,140.8,0.1,15.0,31.3,60.01,215.2,0.4,0.0,1363.4,24.7,0.0,0.0,0,0.0,2880.6064434617815,0,23.75,23.687,2025-10-26 06:07:18
143.7,0.1,16.4,143.7,0.1,14.9,30.8,60,215.2,0.4,0.0,1363.4,24.7,0.0,0.0,0,0.0,720.1516108654454,0,23.812,23.75,2025-10-26 06:07:21
143.3,0.1,16.9,140.7,0.1,15.2,31.6,60.01,215.2,0.5,0.0,1363.4,24.7,0.0,0.0,0,0.0,1250.7896399241945,0,23.812,23.75,2025-10-26 06:07:23
137.5,0.1,16.4,141,0.1,15.2,30.7,60.03,215.2,0.3,0.0,1363.4,24.7,0.0,0.0,0,0.0,1933.0385344283006,0,23.812,23.75,2025-10-26 06:07:26
134.8,0.1,16.5,138,0.1,14.7,30.9,60.03,215,0.4,0.0,1363.4,24.7,0.0,0.0,0,0.0,1137.0814908401767,0,23.812,23.75,2025-10-26 06:07:28
137.4,0.1,16.2,141.1,0.1,15.1,30.3,60.04,215.2,0.4,0.0,1363.4,24.7,0.0,0.0,0,0.0,4624.131396083386,0,23.812,23.687,2025-10-26 06:07:30
138.2,0.1,16.4,141.7,0.1,15.3,30.6,60.03,215.1,0.4,0.0,1363.4,24.7,0.0,0.0,0,0.0,4434.61781427669,0,23.812,23.75,2025-10-26 06:07:33
142.2,0.1,17.0,143.9,0.1,14.9,31.3,60.03,215.2,0.4,0.0,1363.4,24.7,0.0,0.0,0,0.0,4320.909665192672,0,23.812,23.75,2025-10-26 06:07:35
143.8,0.1,16.9,140.9,0.1,15.0,31.3,60.02,215.2,0.4,0.0,1363.4,24.7,0.0,0.0,0,0.0,2274.1629816803534,0,23.812,23.75,2025-10-26 06:07:37
143,0.1,16.5,138.8,0.1,15.3,31.1,60.03,215.2,0.4,0.0,1363.4,24.7,0.0,0.0,0,0.0,833.8597599494631,0,23.812,23.75,2025-10-26 06:07:40
143.6,0.1,16.7,138,0.1,14.7,30.8,60.02,215.2,0.3,0.0,1363.4,24.7,0.0,0.0,0,0.0,1250.7896399241945,0,23.812,23.75,2025-10-26 06:07:42
146.5,0.1,16.7,140.9,0.1,14.8,30.7,60,215.1,0.5,0.0,1363.4,24.7,0.0,0.0,0,0.0,720.1516108654454,0,23.812,23.75,2025-10-26 06:07:45
143.3,0.1,16.7,141.2,0.1,14.8,31.0,59.99,215.1,0.4,0.0,1363.4,24.7,0.0,0.0,0,0.0,1099.1787744788378,0,23.812,23.75,2025-10-26 06:07:47
143.8,0.1,16.8,140.9,0.1,15.2,31.2,59.97,215.2,0.4,0.0,1363.4,24.7,0.0,0.0,0,0.0,947.5679090334806,0,23.812,23.75,2025-10-26 06:07:49
140.4,0.1,16.7,144,0.1,15.1,31.3,59.97,215.1,0.5,0.0,1363.4,24.7,0.0,0.0,0,0.0,985.4706253948199,0,23.812,23.75,2025-10-26 06:07:52
137.4,0.1,16.5,143.9,0.1,15.1,31.2,59.97,215.3,0.4,0.0,1363.4,24.7,0.0,0.0,0,0.0,4358.812381554011,0,23.812,23.687,2025-10-26 06:07:54
140.5,0.1,17.1,146.9,0.1,14.5,31.1,59.98,215.3,0.4,0.0,1363.4,24.7,0.0,0.0,0,0.0,795.9570435881238,0,23.812,23.75,2025-10-26 06:07:56
142.4,0.1,17.2,144.9,0.1,14.8,31.3,59.98,215.2,0.4,0.0,1363.4,24.8,0.0,0.0,0,0.0,2008.843967150979,0,23.812,23.687,2025-10-26 06:07:59
143,0.1,17.0,143.5,0.1,15.2,31.5,59.98,215.3,0.5,0.0,1363.4,24.8,0.0,0.0,0,0.0,1137.0814908401767,0,23.812,23.75,2025-10-26 06:08:01
141,0.1,17.1,138.7,0.1,15.0,31.7,59.98,215.2,0.4,0.0,1363.4,24.8,0.0,0.0,0,0.0,1478.2059380922299,0,23.812,23.687,2025-10-26 06:08:03
137.4,0.1,17.0,134.5,0.1,14.9,31.5,59.98,215.3,0.4,0.0,1363.4,24.8,0.0,0.0,0,0.0,1288.6923562855338,0,23.812,23.75,2025-10-26 06:08:06
139,0.1,16.4,132.1,0.1,14.8,30.5,59.98,215.4,0.4,0.0,1363.4,24.8,0.0,0.0,0,0.0,2653.190145293746,0,23.812,23.75,2025-10-26 06:08:08
140.8,0.1,16.9,134.4,0.1,14.6,31.0,59.99,215.5,0.4,0.0,1363.4,24.8,0.0,0.0,0,0.0,4017.687934301958,0,23.812,23.687,2025-10-26 06:08:11
143.6,0.1,16.9,135.1,0.1,14.5,30.9,59.99,215.4,0.4,0.0,1363.4,24.8,0.0,0.0,0,0.0,4510.423246999368,0,23.812,23.687,2025-10-26 06:08:13
140.1,0.1,17.2,131.6,0.1,14.8,31.6,59.99,215.3,0.5,0.0,1363.4,24.8,0.0,0.0,0,0.0,2880.6064434617815,0,23.812,23.687,2025-10-26 06:08:15
144,0.1,17.3,132.1,0.1,14.8,31.5,60,215.3,0.5,0.0,1363.4,24.8,0.0,0.0,0,0.0,3979.785217940619,0,23.812,23.687,2025-10-26 06:08:18
144.1,0.1,17.4,132.7,0.1,14.5,31.3,60,215.1,0.5,0.0,1363.4,24.8,0.0,0.0,0,0.0,3903.9797852179404,0,23.812,23.75,2025-10-26 06:08:20
146.4,0.1,17.3,134.8,0.1,14.6,31.4,60.01,215.2,0.5,0.0,1363.4,24.8,0.0,0.0,0,0.0,4245.104232469994,0,23.812,23.687,2025-10-26 06:08:22
146.9,0.1,17.0,138.1,0.1,14.9,31.8,60.01,215.2,0.4,0.0,1363.4,24.8,0.0,0.0,0,0.0,4548.325963360707,0,23.812,23.687,2025-10-26 06:08:25
150.1,0.1,17.5,141,0.1,14.6,31.7,60.02,215.1,0.3,0.0,1363.4,24.8,0.0,0.0,0,0.0,1023.3733417561592,0,23.812,23.75,2025-10-26 06:08:27
151.6,0.1,17.2,138.2,0.1,14.4,31.2,60.03,215,0.4,0.0,1363.4,24.8,0.0,0.0,0,0.0,1364.4977890082123,0,23.812,23.687,2025-10-26 06:08:30
149.3,0.1,17.5,135.7,0.1,14.5,31.5,60.04,215,0.4,0.0,1363.4,24.8,0.0,0.0,0,0.0,720.1516108654454,0,23.812,23.687,2025-10-26 06:08:32
146.9,0.1,17.1,135.2,0.1,14.0,30.6,60.04,214.9,0.4,0.0,1363.4,24.8,0.0,0.0,0,0.0,758.0543272267845,0,23.812,23.687,2025-10-26 06:08:34
146.6,0.1,16.8,133.5,0.1,14.5,30.7,60.04,214.9,0.5,0.0,1363.4,24.8,0.0,0.0,0,0.0,3449.14718888187,0,23.812,23.687,2025-10-26 06:08:37
164.5,0,6.8,162.2,0.1,5.8,13.7,60.03,214.9,0.5,0.0,1363.4,24.8,0.0,0.0,0,0.0,4548.325963360707,0,23.812,23.687,2025-10-26 06:08:39
153.8,0.1,17.3,152.5,0,11.3,28.2,60.02,214.8,0.4,0.0,1363.4,24.9,0.0,0.0,0,0.0,3032.217308907138,0,23.812,23.687,2025-10-26 06:08:41
149.4,0.1,17.6,148.8,0.1,13.4,30.5,60.01,214.9,0.5,0.0,1363.4,24.9,0.0,0.0,0,0.0,1440.3032217308908,0,23.812,23.75,2025-10-26 06:08:44
150.8,0.1,17.2,144.3,0.1,14.3,31.1,60.01,214.9,0.5,0.0,1363.4,24.9,0.0,0.0,0,0.0,2046.7466835123184,0,23.812,23.687,2025-10-26 06:08:46
151.8,0.1,17.5,141,0.1,14.5,32.3,60.01,214.9,0.6,0.0,1363.4,24.9,0.0,0.0,0,0.0,1023.3733417561592,0,23.812,23.687,2025-10-26 06:08:49
154.4,0,17.4,137.7,0.1,14.7,31.7,60.01,214.8,0.5,0.0,1363.4,24.9,0.0,0.0,0,0.0,1023.3733417561592,0,23.812,23.687,2025-10-26 06:08:51
157.7,0,15.5,141,0.1,15.2,30.3,60.01,215,0.5,0.0,1363.4,24.9,0.0,0.0,0,0.0,1212.8869235628554,0,23.812,23.75,2025-10-26 06:08:53
154.7,0.1,16.9,137.3,0.1,14.6,31.3,60.02,215,0.4,0.0,1363.4,24.9,0.0,0.0,0,0.0,2349.968414403032,0,23.812,23.687,2025-10-26 06:08:56
154.6,0.1,17.4,135.7,0.1,14.8,31.8,60.02,214.9,0.5,0.0,1363.4,24.9,0.0,0.0,0,0.0,2349.968414403032,0,23.812,23.687,2025-10-26 06:08:58
149.1,0.1,17.7,134.7,0.1,14.3,31.5,60.02,215,0.5,0.0,1363.4,24.9,0.0,0.0,0,0.0,795.9570435881238,0,23.812,23.687,2025-10-26 06:09:00
145.7,0.1,17.8,137.7,0.1,14.5,31.6,60.01,214.9,0.4,0.0,1363.4,24.9,0.0,0.0,0,0.0,3676.563487049905,0,23.812,23.687,2025-10-26 06:09:03
141.6,0.1,18.3,140.5,0.1,15.0,32.9,60,215.1,0.4,0.0,1363.4,24.9,0.0,0.0,0,0.0,4472.5205306380285,0,23.812,23.687,2025-10-26 06:09:05
140,0.1,17.8,143.6,0.1,15.0,32.4,59.98,215,0.5,0.0,1363.4,24.9,0.0,0.0,0,0.0,4396.715097915351,0,23.812,23.687,2025-10-26 06:09:08
142.8,0.1,17.9,141.9,0.1,14.9,32.4,59.97,214.9,0.5,0.0,1363.4,24.9,0.0,0.0,0,0.0,4283.006948831333,0,23.812,23.687,2025-10-26 06:09:10
145.5,0.1,18.3,143.3,0.1,14.9,32.8,59.98,215.1,0.5,0.0,1363.4,24.9,0.0,0.0,0,0.0,3979.785217940619,0,23.75,23.687,2025-10-26 06:09:12
148.7,0.1,18.1,141.6,0.1,14.7,32.4,59.98,215,0.5,0.0,1363.4,24.9,0.0,0.0,0,0.0,4510.423246999368,0,23.812,23.687,2025-10-26 06:09:15
146.9,0.1,18.2,143.6,0.1,14.9,32.6,59.97,214.8,0.4,0.0,1363.4,24.9,0.0,0.0,0,0.0,4548.325963360707,0,23.812,23.687,2025-10-26 06:09:17
145.8,0.1,18.1,146.4,0,14.2,32.0,59.97,215,0.4,0.0,1363.4,24.9,0.0,0.0,0,0.0,4396.715097915351,0,23.812,23.687,2025-10-26 06:09:19
145.8,0.1,18.8,143.4,0.1,14.4,32.7,59.99,215.1,0.4,0.0,1363.4,24.9,0.0,0.0,0,0.0,3145.925457991156,0,23.812,23.687,2025-10-26 06:09:22
142.5,0.1,18.5,143.7,0.1,14.5,32.5,60,214.8,0.3,0.0,1363.4,24.9,0.0,0.0,0,0.0,4548.325963360707,0,23.812,23.687,2025-10-26 06:09:24
140,0.1,18.4,140.5,0.1,14.7,32.6,60.01,215.2,0.4,0.0,1363.4,24.9,0.0,0.0,0,0.0,1478.2059380922299,0,23.812,23.687,2025-10-26 06:09:27
139.6,0.1,18.4,140.7,0.1,14.9,32.9,60.01,215,0.4,0.0,1363.4,24.9,0.0,0.0,0,0.0,1174.984207201516,0,23.812,23.687,2025-10-26 06:09:29
143,0.1,18.5,137.6,0.1,14.9,32.9,60.02,215,0.4,0.0,1363.4,24.9,0.0,0.0,0,0.0,3866.0770688566013,0,23.812,23.687,2025-10-26 06:09:31
143.3,0.1,18.6,134.7,0.1,14.6,32.4,60.01,215,0.5,0.0,1363.4,24.9,0.0,0.0,0,0.0,1212.8869235628554,0,23.812,23.687,2025-10-26 06:09:34
145.4,0.1,18.9,137.2,0.1,14.6,32.9,60.01,215.1,0.5,0.0,1363.4,24.9,0.0,0.0,0,0.0,2766.8982943777637,0,23.812,23.687,2025-10-26 06:09:36
143.1,0.1,18.8,136.3,0.1,14.6,32.9,60,215,0.4,0.0,1363.4,24.9,0.0,0.0,0,0.0,1478.2059380922299,0,23.812,23.687,2025-10-26 06:09:38
140.7,0.1,19.1,137.5,0.1,14.4,32.8,60,215.1,0.5,0.0,1363.4,25,0.0,0.0,0,0.0,1516.108654453569,0,23.812,23.687,2025-10-26 06:09:41
136.7,0.1,18.3,141.4,0.1,15.0,32.8,60,215.2,0.5,0.0,1363.4,25,0.0,0.0,0,0.0,758.0543272267845,0,23.812,23.687,2025-10-26 06:09:43
136.9,0.1,18.5,145.9,0.1,14.8,32.7,59.98,215,0.4,0.0,1363.4,25,0.0,0.0,0,0.0,1857.233101705622,0,23.812,23.687,2025-10-26 06:09:46
137,0.1,18.6,146.5,0.1,14.6,32.8,59.99,215,0.4,0.0,1363.4,25,0.0,0.0,0,0.0,871.7624763108023,0,23.812,23.687,2025-10-26 06:09:48
134.4,0.1,18.7,145.8,0.1,14.7,33.0,59.99,215,0.4,0.0,1363.4,25,0.0,0.0,0,0.0,3145.925457991156,0,23.812,23.687,2025-10-26 06:09:50
134,0.1,18.7,143.3,0.1,14.7,32.9,59.98,215.1,0.5,0.0,1363.4,25,0.0,0.0,0,0.0,3032.217308907138,0,23.812,23.687,2025-10-26 06:09:53
137,0.1,18.8,143.4,0.1,15.1,33.3,59.98,215.1,0.3,0.0,1363.4,25,0.0,0.0,0,0.0,871.7624763108023,0,23.812,23.687,2025-10-26 06:09:55
140.4,0.1,19.1,140.9,0.1,14.9,33.5,59.97,215,0.5,0.0,1363.4,25,0.0,0.0,0,0.0,3714.466203411244,0,23.812,23.687,2025-10-26 06:09:57
142.9,0.1,19.3,143.6,0.1,15.1,34.0,59.98,215,0.4,0.0,1363.4,25,0.0,0.0,0,0.0,1023.3733417561592,0,23.812,23.687,2025-10-26 06:10:00
145.7,0.1,19.2,143.4,0.1,14.8,34.1,59.99,214.9,0.4,0.0,1363.4,25,0.0,0.0,0,0.0,682.2488945041061,0,23.812,23.687,2025-10-26 06:10:02
143,0.1,19.8,140.4,0.1,15.1,34.4,60,214.9,0.3,0.0,1363.4,25,0.0,0.0,0,0.0,4472.5205306380285,0,23.812,23.687,2025-10-26 06:10:05
142,0.1,19.7,139.7,0.1,15.1,34.2,60.01,215,0.4,0.0,1363.4,25,0.0,0.0,0,0.0,4434.61781427669,0,23.812,23.687,2025-10-26 06:10:07
140,0.1,19.7,137.8,0.1,14.7,33.6,60.02,214.9,0.4,0.0,1363.4,25,0.0,0.0,0,0.0,3790.2716361339226,0,23.812,23.687,2025-10-26 06:10:09
142.9,0.1,19.9,140.5,0.1,14.9,34.3,60.03,215.1,0.4,0.0,1363.4,25,0.0,0.0,0,0.0,3524.9526216045483,0,23.812,23.687,2025-10-26 06:10:12
145.3,0.1,19.8,143.2,0.1,14.8,34.1,60.04,215.1,0.4,0.0,1363.4,25,0.0,0.0,0,0.0,1478.2059380922299,0,23.812,23.687,2025-10-26 06:10:14
145.9,0.1,20.2,143.5,0.1,14.9,34.7,60.04,215,0.3,0.0,1363.4,25,0.0,0.0,0,0.0,4245.104232469994,0,23.812,23.687,2025-10-26 06:10:16
145.8,0.1,20.2,140.7,0.1,15.2,34.7,60.03,215,0.4,0.0,1363.4,25,0.0,0.0,0,0.0,3070.1200252684775,0,23.812,23.687,2025-10-26 06:10:19
148.9,0.1,20.8,140.6,0.1,15.0,35.3,60.02,214.9,0.5,0.0,1363.4,25,0.0,0.0,0,0.0,1705.6222362602653,0,23.812,23.625,2025-10-26 06:10:21
148.9,0.1,20.5,143.5,0.1,14.8,34.7,60.02,214.9,0.5,0.0,1363.4,25,0.0,0.0,0,0.0,4017.687934301958,0,23.812,23.687,2025-10-26 06:10:23
148.6,0.1,20.5,146.6,0.1,14.4,34.0,60,215,0.4,0.0,1363.4,25.1,0.0,0.0,0,0.0,4207.201516108655,0,23.812,23.687,2025-10-26 06:10:26
152,0.1,20.8,146.6,0.1,14.5,34.7,59.99,214.9,0.5,0.0,1363.4,25.1,0.0,0.0,0,0.0,4320.909665192672,0,23.812,23.687,2025-10-26 06:10:28
155.3,0.1,21.0,143.6,0.1,15.0,35.4,59.99,215.1,0.5,0.0,1363.4,25.1,0.0,0.0,0,0.0,4017.687934301958,0,23.812,23.687,2025-10-26 06:10:31
157.7,0.1,19.5,140.7,0.1,14.9,33.7,59.99,215.1,0.4,0.0,1363.4,25.1,0.0,0.0,0,0.0,3373.3417561591914,0,23.812,23.687,2025-10-26 06:10:33
154.4,0.1,20.9,140.8,0.1,14.8,35.2,59.99,215,0.4,0.0,1363.4,25.1,0.0,0.0,0,0.0,2956.4118761844597,0,23.812,23.687,2025-10-26 06:10:35
152.8,0.1,20.7,143.6,0.1,15.4,35.5,59.99,215,0.4,0.0,1363.4,25.1,0.0,0.0,0,0.0,3335.4390397978523,0,23.812,23.687,2025-10-26 06:10:38
149,0.1,21.0,146.7,0,14.9,35.3,59.99,215,0.4,0.0,1363.4,25.1,0.0,0.0,0,0.0,1516.108654453569,0,23.812,23.687,2025-10-26 06:10:40
150.8,0.1,20.6,144.3,0.1,15.2,35.2,59.98,215,0.6,0.0,1363.4,25.1,0.0,0.0,0,0.0,985.4706253948199,0,23.812,23.687,2025-10-26 06:10:42
151.6,0.1,21.2,143.6,0.1,15.3,36.0,60,215.1,0.3,0.0,1363.4,25.1,0.0,0.0,0,0.0,1402.4005053695514,0,23.812,23.687,2025-10-26 06:10:45
154.6,0.1,21.0,140.8,0.1,15.2,35.7,59.98,215,0.5,0.0,1363.4,25.1,0.0,0.0,0,0.0,2804.801010739103,0,23.812,23.687,2025-10-26 06:10:47
154.8,0.1,21.0,143.9,0.1,15.1,35.7,60,215.2,0.5,0.0,1363.4,25.1,0.0,0.0,0,0.0,947.5679090334806,0,23.812,23.687,2025-10-26 06:10:50
157.6,0.1,20.4,143.7,0,15.5,35.4,59.97,215,0.4,0.0,1363.4,25.1,0.0,0.0,0,0.0,947.5679090334806,0,23.812,23.687,2025-10-26 06:10:52
157.6,0.1,21.1,146.5,0,14.9,35.6,60,215,0.4,0.0,1363.4,25.1,0.0,0.0,0,0.0,1440.3032217308908,0,23.812,23.687,2025-10-26 06:10:54
154.6,0.1,21.7,143.8,0.1,15.2,36.5,59.98,214.9,0.4,0.0,1363.4,25.1,0.0,0.0,0,0.0,720.1516108654454,0,23.812,23.687,2025-10-26 06:10:57
151.5,0.1,21.3,143.2,0.1,15.6,36.3,59.99,215.1,0.4,0.0,1363.4,25.1,0.0,0.0,0,0.0,720.1516108654454,0,23.812,23.687,2025-10-26 06:10:59
148.9,0.1,21.2,140.6,0.1,15.4,35.9,59.97,215.2,0.4,0.0,1363.4,25.1,0.0,0.0,0,0.0,833.8597599494631,0,23.812,23.687,2025-10-26 06:11:01
148.1,0.1,21.6,143.5,0.1,15.6,36.7,60,215.1,0.4,0.0,1363.4,25.1,0.0,0.0,0,0.0,1174.984207201516,0,23.812,23.687,2025-10-26 06:11:04
143.9,0.1,21.3,145.4,0.1,15.1,35.8,59.99,215.1,0.4,0.0,1363.4,25.1,0.0,0.0,0,0.0,1288.6923562855338,0,23.812,23.687,2025-10-26 06:11:06
139.9,0.1,21.7,149.2,0,13.9,35.1,60,215,0.5,0.0,1363.4,25.1,0.0,0.0,0,0.0,2046.7466835123184,0,23.812,23.687,2025-10-26 06:11:09
141.5,0.1,21.6,147.9,0.1,14.3,35.4,60,215,0.5,0.0,1363.4,25.1,0.0,0.0,0,0.0,2274.1629816803534,0,23.812,23.687,2025-10-26 06:11:11
140.3,0.1,21.9,146.4,0.1,15.4,36.7,59.99,215.2,0.6,0.0,1363.4,25.2,0.0,0.0,0,0.0,4017.687934301958,0,23.812,23.687,2025-10-26 06:11:13
139.9,0.1,21.9,143.8,0.1,15.7,37.3,60.01,215,0.4,0.0,1363.4,25.2,0.0,0.0,0,0.0,3752.3689197725835,0,23.812,23.687,2025-10-26 06:11:16
137,0.1,21.5,137.8,0.1,15.8,36.7,60,215.1,0.4,0.0,1363.4,25.2,0.0,0.0,0,0.0,3752.3689197725835,0,23.812,23.687,2025-10-26 06:11:18
136.9,0.1,21.4,137.8,0.1,15.5,36.3,60.02,215.1,0.5,0.0,1363.4,25.2,0.0,0.0,0,0.0,4510.423246999368,0,23.875,23.687,2025-10-26 06:11:20
136.8,0.1,21.2,140.6,0.1,15.5,36.5,60.02,215,0.5,0.0,1363.4,25.2,0.0,0.0,0,0.0,4207.201516108655,0,23.812,23.687,2025-10-26 06:11:23
136.9,0.1,22.0,143.4,0.1,16.0,37.4,60.04,215.2,0.4,0.0,1363.4,25.2,0.0,0.0,0,0.0,4396.715097915351,0,23.812,23.687,2025-10-26 06:11:25
133.9,0.1,21.7,143.5,0.1,15.4,36.5,60.02,215.4,0.3,0.0,1363.4,25.2,0.0,0.0,0,0.0,1554.0113708149083,0,23.812,23.687,2025-10-26 06:11:28
133.9,0.1,21.8,141.5,0.1,15.2,37.3,60.04,215.4,0.4,0.0,1363.4,25.2,0.0,0.0,0,0.0,985.4706253948199,0,23.812,23.687,2025-10-26 06:11:30
134.1,0.1,21.7,140.6,0.1,15.2,36.7,60.01,215.4,0.4,0.0,1363.4,25.2,0.0,0.0,0,0.0,2653.190145293746,0,23.812,23.687,2025-10-26 06:11:32
132.4,0.1,22.0,138.7,0.1,15.1,36.5,60.02,215.4,0.4,0.0,1363.4,25.2,0.0,0.0,0,0.0,2766.8982943777637,0,23.812,23.687,2025-10-26 06:11:35
131,0.1,21.9,135.4,0.1,15.3,36.3,60.02,215.5,0.3,0.0,1363.4,25.2,0.0,0.0,0,0.0,3676.563487049905,0,23.812,23.687,2025-10-26 06:11:37
133.9,0.1,21.6,134.6,0.1,15.0,36.4,60.03,215.5,0.6,0.0,1363.4,25.2,0.0,0.0,0,0.0,4320.909665192672,0,23.812,23.687,2025-10-26 06:11:39
136.7,0.1,21.8,134.9,0.1,15.0,36.3,60.03,215.4,0.4,0.0,1363.4,25.2,0.0,0.0,0,0.0,3941.8825015792795,0,23.875,23.687,2025-10-26 06:11:42
139.9,0.1,22.0,134.8,0.1,15.0,36.0,60.04,215.4,0.4,0.0,1363.4,25.2,0.0,0.0,0,0.0,1478.2059380922299,0,23.812,23.687,2025-10-26 06:11:44
137.3,0.1,22.8,137,0.1,15.6,37.5,60.02,215.3,0.5,0.0,1363.4,25.2,0.0,0.0,0,0.0,1440.3032217308908,0,23.812,23.687,2025-10-26 06:11:46
140.1,0.1,22.1,137.8,0.1,15.3,36.8,60.03,215.4,0.4,0.0,1363.4,25.2,0.0,0.0,0,0.0,871.7624763108023,0,23.875,23.687,2025-10-26 06:11:49
139.9,0.1,22.7,140.4,0.1,15.7,37.9,60.02,215.3,0.4,0.0,1363.4,25.2,0.0,0.0,0,0.0,1667.7195198989261,0,23.875,23.687,2025-10-26 06:11:51
144.1,0.1,22.5,140.7,0.1,15.7,38.0,60.03,215.5,0.4,0.0,1363.4,25.2,0.0,0.0,0,0.0,3297.5363234365127,0,23.812,23.687,2025-10-26 06:11:54
145.6,0.1,22.7,139.9,0.1,15.6,37.6,60.02,215.2,0.4,0.0,1363.4,25.2,0.0,0.0,0,0.0,3979.785217940619,0,23.875,23.687,2025-10-26 06:11:56
142.9,0.1,22.7,137.7,0.1,15.5,37.7,60.04,215.1,0.4,0.0,1363.4,25.2,0.0,0.0,0,0.0,4434.61781427669,0,23.875,23.687,2025-10-26 06:11:58
140.4,0.1,22.2,134.6,0.1,15.0,36.5,60.04,215.1,0.6,0.0,1363.4,25.2,0.0,0.0,0,0.0,4434.61781427669,0,23.875,23.687,2025-10-26 06:12:01
141.3,0.1,22.6,135.4,0.1,15.4,37.3,60.05,215.1,0.5,0.0,1363.4,25.2,0.0,0.0,0,0.0,2274.1629816803534,0,23.812,23.687,2025-10-26 06:12:03
142.9,0.1,22.8,137.7,0.1,16.4,38.7,60.03,215.2,0.4,0.0,1363.4,25.2,0.0,0.0,0,0.0,909.6651926721415,0,23.875,23.687,2025-10-26 06:12:05
145.7,0.1,23.0,142.6,0.1,15.7,38.1,60.04,215.1,0.4,0.0,1363.4,25.2,0.0,0.0,0,0.0,1023.3733417561592,0,23.875,23.687,2025-10-26 06:12:08
143.1,0.1,23.2,146.1,0.1,15.6,37.6,60.03,215.2,0.5,0.0,1363.4,25.2,0.0,0.0,0,0.0,2274.1629816803534,0,23.875,23.687,2025-10-26 06:12:10
146.1,0.1,23.2,149.6,0,14.8,37.5,60.04,215.3,0.4,0.0,1363.4,25.2,0.0,0.0,0,0.0,4283.006948831333,0,23.875,23.687,2025-10-26 06:12:13
142.8,0.1,23.1,146.8,0.1,15.6,38.3,60.04,215.1,0.4,0.0,1363.4,25.3,0.0,0.0,0,0.0,2653.190145293746,0,23.875,23.687,2025-10-26 06:12:15
145.8,0.1,22.9,146.6,0.1,15.5,38.2,60.06,215.3,0.4,0.0,1363.4,25.3,0.0,0.0,0,0.0,4434.61781427669,0,23.875,23.687,2025-10-26 06:12:17
148.7,0.1,22.6,143.6,0.1,15.9,37.9,60.06,215.1,0.3,0.0,1363.4,25.3,0.0,0.0,0,0.0,1137.0814908401767,0,23.875,23.687,2025-10-26 06:12:20
148.3,0.1,22.5,140.5,0.1,15.7,37.6,60.06,215.3,0.4,0.0,1363.4,25.3,0.0,0.0,0,0.0,871.7624763108023,0,23.875,23.687,2025-10-26 06:12:22
145.8,0.1,23.5,143.3,0.1,16.2,39.0,60.05,215.1,0.5,0.0,1363.4,25.3,0.0,0.0,0,0.0,3676.563487049905,0,23.875,23.687,2025-10-26 06:12:24
145.7,0.1,23.3,140.6,0.1,16.2,39.2,60.03,215.3,0.5,0.0,1363.4,25.3,0.0,0.0,0,0.0,3562.855337965888,0,23.875,23.687,2025-10-26 06:12:27
143.6,0.1,22.9,137.5,0.1,16.5,38.9,60.02,215.2,0.5,0.0,1363.4,25.3,0.0,0.0,0,0.0,4548.325963360707,0,23.875,23.687,2025-10-26 06:12:29
139.9,0.1,22.9,134.6,0.1,15.8,38.2,60.04,215.3,0.4,0.0,1363.4,25.3,0.0,0.0,0,0.0,2122.552116234997,0,23.875,23.687,2025-10-26 06:12:32
142.4,0.1,23.0,137.8,0.1,15.8,37.9,60.03,215.2,0.4,0.0,1363.4,25.3,0.0,0.0,0,0.0,1554.0113708149083,0,23.875,23.687,2025-10-26 06:12:34
143.1,0.1,22.9,137.8,0.1,16.1,39.1,60.06,215.2,0.4,0.0,1363.4,25.3,0.0,0.0,0,0.0,833.8597599494631,0,23.875,23.75,2025-10-26 06:12:36
145.9,0.1,23.2,140.5,0.1,15.8,38.5,60.04,215.2,0.5,0.0,1363.4,25.3,0.0,0.0,0,0.0,1819.330385344283,0,23.875,23.687,2025-10-26 06:12:39
142.8,0.1,23.1,138.2,0.1,16.0,38.3,60.06,215.2,0.3,0.0,1363.4,25.3,0.0,0.0,0,0.0,4017.687934301958,0,23.875,23.687,2025-10-26 06:12:41
142.9,0.1,23.0,137.7,0.1,16.3,39.3,60.04,215.3,0.4,0.0,1363.4,25.3,0.0,0.0,0,0.0,4472.5205306380285,0,23.875,23.687,2025-10-26 06:12:43
136.8,0.1,22.7,134.7,0.1,15.8,37.9,60.05,215.3,0.5,0.0,1363.4,25.3,0.0,0.0,0,0.0,2387.871130764371,0,23.875,23.687,2025-10-26 06:12:46
136.9,0.1,22.2,134.4,0.1,15.9,37.5,60.05,215.3,0.5,0.0,1363.4,25.3,0.0,0.0,0,0.0,3221.7308907138345,0,23.875,23.687,2025-10-26 06:12:48
139.9,0.1,22.6,131.9,0.1,15.1,37.1,60.06,215.3,0.4,0.0,1363.4,25.3,0.0,0.0,0,0.0,1326.595072646873,0,23.875,23.687,2025-10-26 06:12:51
143,0,23.6,134.8,0,15.8,39.0,60.05,215.2,0.5,0.0,1363.4,25.3,0.0,0.0,0,0.0,2198.3575489576756,0,23.875,23.687,2025-10-26 06:12:53
156.2,0.1,9.1,152.8,0.1,6.3,14.0,60.04,215.2,0.6,0.0,1363.4,25.3,0.0,0.0,0,0.0,4017.687934301958,0,23.875,23.687,2025-10-26 06:12:55
153.7,0.1,24.7,150.2,0.1,14.8,38.1,60.04,215.2,0.4,0.0,1363.4,25.3,0.0,0.0,0,0.0,4624.131396083386,0,23.875,23.75,2025-10-26 06:12:58
147.3,0.1,23.7,144.2,0.1,16.5,40.1,60.03,215.5,0.4,0.0,1363.4,25.3,0.0,0.0,0,0.0,4017.687934301958,0,23.875,23.687,2025-10-26 06:13:00
144.6,0.1,23.4,141.2,0.1,16.7,39.5,60.04,215.5,0.5,0.0,1363.4,25.4,0.0,0.0,0,0.0,1137.0814908401767,0,23.875,23.687,2025-10-26 06:13:02
140.7,0.1,23.7,141.1,0.1,16.9,39.7,60.05,215.4,0.4,0.0,1363.4,25.4,0.0,0.0,0,0.0,720.1516108654454,0,23.875,23.687,2025-10-26 06:13:05
135.7,0.1,24.0,144,0.1,17.2,40.3,60.04,215.3,0.4,0.0,1363.4,25.4,0.0,0.0,0,0.0,3487.049905243209,0,23.875,23.687,2025-10-26 06:13:07
136.3,0.1,23.8,141.2,0.1,17.1,40.4,60.03,215.2,0.4,0.0,1363.4,25.4,0.0,0.0,0,0.0,3941.8825015792795,0,23.937,23.687,2025-10-26 06:13:10
138.5,0.1,23.6,139.6,0.1,16.9,40.1,60.03,215.3,0.4,0.0,1363.4,25.4,0.0,0.0,0,0.0,4017.687934301958,0,23.875,23.687,2025-10-26 06:13:12
142.8,0.1,23.8,139.6,0.1,17.1,40.2,60.03,215.2,0.4,0.0,1363.4,25.4,0.0,0.0,0,0.0,4548.325963360707,0,23.937,23.75,2025-10-26 06:13:14
146.7,0.1,24.4,141.3,0.1,17.5,41.2,60.03,215.3,0.4,0.0,1363.4,25.4,0.0,0.0,0,0.0,4472.5205306380285,0,23.875,23.687,2025-10-26 06:13:17
147.5,0.1,24.3,144.1,0.1,17.9,41.9,60.03,215.3,0.4,0.0,1363.4,25.4,0.0,0.0,0,0.0,833.8597599494631,0,23.937,23.687,2025-10-26 06:13:19
147.5,0.1,24.4,144.2,0.1,17.8,41.7,60.04,215.3,0.6,0.0,1363.4,25.4,0.0,0.0,0,0.0,871.7624763108023,0,23.875,23.687,2025-10-26 06:13:21
150.7,0.1,24.3,144.2,0.1,17.9,41.4,60.05,215.3,0.4,0.0,1363.4,25.4,0.0,0.0,0,0.0,3562.855337965888,0,23.875,23.75,2025-10-26 06:13:24
150.6,0.1,25.1,144.3,0.1,18.2,42.7,60.05,215.3,0.5,0.0,1363.4,25.4,0.0,0.0,0,0.0,3752.3689197725835,0,23.875,23.687,2025-10-26 06:13:26
147.4,0.1,24.7,141.4,0.1,18.3,42.3,60.04,215.3,0.3,0.0,1363.4,25.4,0.0,0.0,0,0.0,4586.228679722047,0,23.937,23.687,2025-10-26 06:13:29
144.5,0.1,24.5,138.2,0.1,17.3,41.6,60.04,215.3,0.4,0.0,1363.4,25.4,0.0,0.0,0,0.0,4017.687934301958,0,23.937,23.75,2025-10-26 06:13:31
141.1,0.1,24.7,138.3,0.1,17.7,41.8,60.04,215.3,0.5,0.0,1363.4,25.4,0.0,0.0,0,0.0,2387.871130764371,0,23.875,23.687,2025-10-26 06:13:33
138.6,0.1,24.5,138,0.1,18.5,42.4,60.04,215.3,0.5,0.0,1363.4,25.4,0.0,0.0,0,0.0,1933.0385344283006,0,23.937,23.687,2025-10-26 06:13:36
141.7,0.1,24.6,135.1,0.1,17.9,41.9,60.04,215.5,0.4,0.0,1363.4,25.4,0.0,0.0,0,0.0,1516.108654453569,0,23.937,23.75,2025-10-26 06:13:38
143.5,0.1,26.0,138.1,0.1,18.5,43.3,60.05,215.3,0.4,0.0,1363.4,25.4,0.0,0.0,0,0.0,3903.9797852179404,0,23.937,23.687,2025-10-26 06:13:40
147.4,0.1,25.5,139,0.1,18.3,43.0,60.03,215.2,0.4,0.0,1363.4,25.4,0.0,0.0,0,0.0,4093.493367024637,0,23.875,23.687,2025-10-26 06:13:43
145.5,0.1,25.4,142.9,0.1,18.7,43.5,60.03,215.3,0.4,0.0,1363.4,25.4,0.0,0.0,0,0.0,4434.61781427669,0,23.875,23.75,2025-10-26 06:13:45
144.5,0.1,26.2,144.4,0.1,18.7,44.0,60.02,215.5,0.5,0.0,1363.4,25.4,0.0,0.0,0,0.0,4207.201516108655,0,23.875,23.687,2025-10-26 06:13:47
141.5,0.1,25.7,141.4,0.1,18.9,43.9,60.01,215.3,0.5,0.0,1363.4,25.4,0.0,0.0,0,0.0,3259.6336070751736,0,23.937,23.75,2025-10-26 06:13:50
141.6,0.1,25.7,138.1,0.1,19.0,44.0,60.04,215.3,0.4,0.0,1363.4,25.4,0.0,0.0,0,0.0,833.8597599494631,0,23.875,23.75,2025-10-26 06:13:52
144.4,0.1,26.2,135.4,0.1,18.8,44.1,60.02,215.3,0.4,0.0,1363.4,25.4,0.0,0.0,0,0.0,1061.2760581174985,0,23.875,23.75,2025-10-26 06:13:55
144.9,0.1,26.1,138.4,0.1,18.8,44.1,60.03,215.4,0.3,0.0,1363.4,25.4,0.0,0.0,0,0.0,1212.8869235628554,0,23.875,23.687,2025-10-26 06:13:57
147.5,0.1,26.2,138.3,0.1,19.2,44.7,60.04,215.3,0.6,0.0,1363.4,25.5,0.0,0.0,0,0.0,2312.065698041693,0,23.875,23.687,2025-10-26 06:13:59
144.5,0.1,26.7,141.4,0.1,19.7,45.3,60.04,215.4,0.6,0.0,1363.4,25.5,0.0,0.0,0,0.0,4472.5205306380285,0,23.875,23.75,2025-10-26 06:14:02
143.2,0.1,26.9,147.3,0.1,19.3,45.4,60.04,215.4,0.6,0.0,1363.4,25.5,0.0,0.0,0,0.0,4093.493367024637,0,23.937,23.75,2025-10-26 06:14:04
138.6,0.1,25.8,146.4,0.1,18.6,43.4,60.05,215.4,0.6,0.0,1363.4,25.5,0.0,0.0,0,0.0,2084.649399873658,0,23.875,23.75,2025-10-26 06:14:06
140.6,0.1,26.3,144.2,0.1,19.5,45.0,60.05,215.3,0.5,0.0,1363.4,25.5,0.0,0.0,0,0.0,795.9570435881238,0,23.937,23.75,2025-10-26 06:14:09
141.6,0.1,26.3,140.7,0.1,19.8,45.2,60.05,215.3,0.6,0.0,1363.4,25.5,0.0,0.0,0,0.0,1137.0814908401767,0,23.937,23.687,2025-10-26 06:14:11
146.4,0.1,27.2,138.3,0.1,19.8,46.3,60.04,215.2,0.4,0.0,1363.4,25.5,0.0,0.0,0,0.0,4320.909665192672,0,23.937,23.687,2025-10-26 06:14:14
147.6,0.1,26.7,141.7,0.1,19.8,45.8,60.04,215.3,0.5,0.0,1363.4,25.5,0.0,0.0,0,0.0,2956.4118761844597,0,23.937,23.687,2025-10-26 06:14:16
147.5,0.1,27.6,143,0.1,20.1,46.4,60.05,215.3,0.3,0.0,1363.4,25.5,0.0,0.0,0,0.0,2046.7466835123184,0,23.875,23.687,2025-10-26 06:14:18
150.4,0.1,27.0,146.7,0.1,19.5,45.7,60.05,215.4,0.4,0.0,1363.4,25.5,0.0,0.0,0,0.0,2198.3575489576756,0,23.937,23.687,2025-10-26 06:14:21
153.4,0.1,28.2,147.1,0.1,19.5,47.0,60.05,215.4,0.4,0.0,1363.4,25.5,0.0,0.0,0,0.0,1212.8869235628554,0,23.937,23.75,2025-10-26 06:14:23
156.4,0.1,28.9,144.4,0.1,20.2,46.8,60.04,215.4,0.5,0.0,1363.4,25.5,0.0,0.0,0,0.0,3714.466203411244,0,23.937,23.687,2025-10-26 06:14:25
159.4,0.1,26.4,141.1,0.1,20.2,45.8,60.05,215.5,0.4,0.0,1363.4,25.5,0.0,0.0,0,0.0,3714.466203411244,0,23.937,23.687,2025-10-26 06:14:28
156.6,0.1,28.3,138.3,0.1,20.1,47.6,60.05,215.4,0.5,0.0,1363.4,25.5,0.0,0.0,0,0.0,4624.131396083386,0,23.937,23.75,2025-10-26 06:14:30
154.9,0.1,28.4,140.2,0.1,19.8,47.3,60.04,215.3,0.4,0.0,1363.4,25.5,0.0,0.0,0,0.0,2046.7466835123184,0,23.937,23.75,2025-10-26 06:14:33
150.3,0.1,28.5,141.5,0.1,20.3,47.8,60.04,215.4,0.5,0.0,1363.4,25.5,0.0,0.0,0,0.0,1819.330385344283,0,23.937,23.75,2025-10-26 06:14:35
147.4,0.1,28.3,145.6,0.1,20.3,47.8,60.03,215.5,0.4,0.0,1363.4,25.5,0.0,0.0,0,0.0,909.6651926721415,0,23.937,23.687,2025-10-26 06:14:37
147.5,0.1,27.8,147.2,0.1,20.4,47.9,60.04,215.5,0.6,0.0,1363.4,25.5,0.0,0.0,0,0.0,720.1516108654454,0,23.937,23.75,2025-10-26 06:14:40
142.5,0.1,29.2,144.2,0.1,21.0,49.2,60.04,215.4,0.5,0.0,1363.4,25.5,0.0,0.0,0,0.0,2994.3145925457993,0,23.937,23.75,2025-10-26 06:14:42
141.5,0.1,28.3,141.3,0.1,21.0,48.7,60.05,215.4,0.4,0.0,1363.4,25.5,0.0,0.0,0,0.0,4586.228679722047,0,23.937,23.75,2025-10-26 06:14:44
144.8,0.1,29.1,138.2,0.1,21.0,49.2,60.04,215.6,0.4,0.0,1363.4,25.5,0.0,0.0,0,0.0,4358.812381554011,0,23.937,23.687,2025-10-26 06:14:47
147.4,0.1,28.9,141.4,0.1,21.0,49.0,60.04,215.6,0.5,0.0,1363.4,25.5,0.0,0.0,0,0.0,2425.7738471257107,0,23.937,23.75,2025-10-26 06:14:49
150.4,0.1,28.3,141.2,0.1,20.6,48.4,60.04,215.5,0.4,0.0,1363.4,25.5,0.0,0.0,0,0.0,1781.427668982944,0,23.937,23.75,2025-10-26 06:14:52
150.5,0.1,29.1,144.3,0.1,21.0,49.5,60.04,215.5,0.4,0.0,1363.4,25.5,0.0,0.0,0,0.0,833.8597599494631,0,23.937,23.75,2025-10-26 06:14:54
147.6,0.1,29.3,147.2,0.1,21.4,49.7,60.02,215.5,0.5,0.0,1363.4,25.5,0.0,0.0,0,0.0,1970.9412507896398,0,23.937,23.75,2025-10-26 06:14:56
144.2,0.2,29.8,147.2,0.1,21.0,49.9,60.01,215.6,0.4,0.0,1363.4,25.6,0.0,0.0,0,0.0,3145.925457991156,0,23.937,23.75,2025-10-26 06:14:59
141.7,0.1,28.7,145.5,0.1,20.6,50.0,59.99,215.5,0.4,0.0,1363.4,25.6,0.0,0.0,0,0.0,4055.5906506632973,0,23.937,23.75,2025-10-26 06:15:01
144.6,0.2,29.3,143.9,0.1,21.2,49.7,59.99,215.5,0.5,0.0,1363.4,25.6,0.0,0.0,0,0.0,4510.423246999368,0,23.937,23.75,2025-10-26 06:15:03
146,0.1,29.9,141.2,0.1,21.4,50.4,59.98,215.5,0.5,0.0,1363.4,25.6,0.0,0.0,0,0.0,4283.006948831333,0,23.937,23.75,2025-10-26 06:15:06
147.4,0.1,29.4,141.3,0.1,21.9,50.7,59.99,215.5,0.4,0.0,1363.4,25.6,0.0,0.0,0,0.0,4131.3960833859755,0,23.937,23.75,2025-10-26 06:15:08
144.5,0.1,29.3,138.3,0.1,21.2,49.6,59.99,215.4,0.6,0.0,1363.4,25.6,0.0,0.0,0,0.0,4434.61781427669,0,23.937,23.75,2025-10-26 06:15:10
142.3,0.2,29.6,140.7,0.1,21.6,50.3,59.99,215.4,0.4,0.0,1363.4,25.6,0.0,0.0,0,0.0,4434.61781427669,0,23.937,23.75,2025-10-26 06:15:13
141.6,0.1,29.0,141.3,0.1,22.2,50.0,60,215.3,0.4,0.0,1363.4,25.6,0.0,0.0,0,0.0,3335.4390397978523,0,24.0,23.75,2025-10-26 06:15:15
144.5,0.2,29.7,144.2,0.1,22.0,51.2,60,215.6,0.6,0.0,1363.4,25.6,0.0,0.0,0,0.0,3487.049905243209,0,23.937,23.75,2025-10-26 06:15:18
147.6,0.1,29.8,141.2,0.1,22.1,51.1,60,215.5,0.4,0.0,1363.4,25.6,0.0,0.0,0,0.0,2463.67656348705,0,23.937,23.75,2025-10-26 06:15:20
147.4,0.1,29.6,141.2,0.1,22.3,50.9,60.01,215.4,0.4,0.0,1363.4,25.6,0.0,0.0,0,0.0,1212.8869235628554,0,24.0,23.75,2025-10-26 06:15:22
144.5,0.2,30.3,138.4,0.1,21.9,51.0,60.01,215.4,0.3,0.0,1363.4,25.6,0.0,0.0,0,0.0,3600.758054327227,0,24.0,23.75,2025-10-26 06:15:25
141.6,0.2,29.0,141.5,0.1,22.5,50.6,60.02,215.4,0.5,0.0,1363.4,25.6,0.0,0.0,0,0.0,758.0543272267845,0,24.0,23.75,2025-10-26 06:15:27
142.5,0.2,28.9,142.1,0.1,22.6,50.7,60.02,215.5,0.5,0.0,1363.4,25.6,0.0,0.0,0,0.0,1023.3733417561592,0,23.937,23.75,2025-10-26 06:15:29
144.5,0.1,30.1,143.8,0.1,22.1,51.3,60.02,215.5,0.5,0.0,1363.4,25.6,0.0,0.0,0,0.0,795.9570435881238,0,23.937,23.75,2025-10-26 06:15:32
148.9,0.1,29.3,141.3,0.1,22.6,51.0,60.01,215.6,0.4,0.0,1363.4,25.6,0.0,0.0,0,0.0,4586.228679722047,0,24.0,23.75,2025-10-26 06:15:34
152.8,0.1,30.3,138.6,0.1,22.4,51.8,60.01,215.5,0.4,0.0,1363.4,25.6,0.0,0.0,0,0.0,4586.228679722047,0,24.0,23.75,2025-10-26 06:15:37
153.3,0.1,29.8,139.4,0.1,22.2,51.2,60,215.5,0.4,0.0,1363.4,25.6,0.0,0.0,0,0.0,4586.228679722047,0,24.0,23.812,2025-10-26 06:15:39
152.8,0.1,29.5,141.2,0.1,22.6,51.2,60,215.4,0.5,0.0,1363.4,25.6,0.0,0.0,0,0.0,3979.785217940619,0,24.0,23.75,2025-10-26 06:15:41
150.4,0.1,29.2,144.3,0.1,22.4,50.8,59.98,215.5,0.5,0.0,1363.4,25.6,0.0,0.0,0,0.0,4434.61781427669,0,24.0,23.75,2025-10-26 06:15:44
150.5,0.1,29.7,147.1,0.1,21.9,50.8,59.98,215.4,0.6,0.0,1363.4,25.6,0.0,0.0,0,0.0,1895.1358180669613,0,24.0,23.75,2025-10-26 06:15:46
144.4,0.1,29.4,143.9,0.1,22.3,50.9,59.97,215.5,0.5,0.0,1363.4,25.6,0.0,0.0,0,0.0,3145.925457991156,0,24.0,23.812,2025-10-26 06:15:48
141.4,0.1,28.8,144.2,0.1,22.6,50.6,59.97,215.4,0.5,0.0,1363.4,25.7,0.0,0.0,0,0.0,3032.217308907138,0,24.0,23.812,2025-10-26 06:15:51
142.5,0.2,28.7,141.3,0.1,23.0,51.8,59.98,215.5,0.4,0.0,1363.4,25.7,0.0,0.0,0,0.0,3676.563487049905,0,24.0,23.812,2025-10-26 06:15:53
144.5,0.1,30.0,144.2,0.1,22.6,51.7,59.98,215.5,0.3,0.0,1363.4,25.7,0.0,0.0,0,0.0,3866.0770688566013,0,24.0,23.75,2025-10-26 06:15:56
147.5,0.1,29.0,141.4,0.1,22.6,50.7,59.98,215.5,0.5,0.0,1363.4,25.7,0.0,0.0,0,0.0,4017.687934301958,0,24.0,23.75,2025-10-26 06:15:58
145.8,0.2,29.9,138,0.1,22.1,50.8,59.98,215.5,0.5,0.0,1363.4,25.7,0.0,0.0,0,0.0,3790.2716361339226,0,24.0,23.812,2025-10-26 06:16:00
143.1,0.2,29.9,139.7,0.1,22.2,51.3,59.99,215.4,0.5,0.0,1363.4,25.7,0.0,0.0,0,0.0,4434.61781427669,0,24.0,23.75,2025-10-26 06:16:03
141.7,0.1,28.9,141.3,0.1,23.0,51.0,59.99,215.4,0.5,0.0,1363.4,25.7,0.0,0.0,0,0.0,2008.843967150979,0,24.0,23.812,2025-10-26 06:16:05
144.5,0.1,29.4,144.1,0.1,22.8,51.9,59.98,215.5,0.5,0.0,1363.4,25.7,0.0,0.0,0,0.0,2008.843967150979,0,24.0,23.812,2025-10-26 06:16:07
146.9,0.1,29.5,142,0.1,22.8,51.5,59.98,215.5,0.5,0.0,1363.4,25.7,0.0,0.0,0,0.0,2728.9955780164246,0,24.0,23.812,2025-10-26 06:16:10
147.6,0.1,29.0,141.2,0.1,23.2,51.4,59.99,215.5,0.5,0.0,1363.4,25.7,0.0,0.0,0,0.0,1743.5249526216046,0,24.0,23.812,2025-10-26 06:16:12
144.9,0.1,29.5,138.3,0.1,22.5,50.9,60,215.4,0.4,0.0,1363.4,25.7,0.0,0.0,0,0.0,758.0543272267845,0,24.0,23.812,2025-10-26 06:16:15
141.8,0.1,29.4,141.2,0.1,22.8,51.3,60.01,215.4,0.4,0.0,1363.4,25.7,0.0,0.0,0,0.0,795.9570435881238,0,24.0,23.812,2025-10-26 06:16:17
141.7,0.1,28.7,141.2,0.1,22.8,50.5,60,215.3,0.4,0.0,1363.4,25.7,0.0,0.0,0,0.0,1250.7896399241945,0,24.0,23.812,2025-10-26 06:16:19
144.6,0.1,29.6,144.3,0.1,22.7,51.5,59.99,215.4,0.5,0.0,1363.4,25.7,0.0,0.0,0,0.0,2198.3575489576756,0,24.0,23.812,2025-10-26 06:16:22
147.4,0.1,29.1,141.3,0.1,22.8,51.1,59.97,215.4,0.5,0.0,1363.4,25.7,0.0,0.0,0,0.0,720.1516108654454,0,24.0,23.812,2025-10-26 06:16:24
147.5,0.1,29.0,140.3,0.1,22.9,51.0,59.97,215.4,0.5,0.0,1363.4,25.7,0.0,0.0,0,0.0,833.8597599494631,0,24.0,23.812,2025-10-26 06:16:26
147.6,0.1,28.9,138.3,0.1,22.8,50.4,59.97,215.5,0.4,0.0,1363.4,25.7,0.0,0.0,0,0.0,1174.984207201516,0,24.0,23.812,2025-10-26 06:16:29
144.5,0.1,29.0,141.3,0.1,23.0,51.2,59.97,215.4,0.4,0.0,1363.4,25.7,0.0,0.0,0,0.0,795.9570435881238,0,24.0,23.812,2025-10-26 06:16:31
142.9,0.1,29.6,141.3,0.1,23.0,51.7,59.97,215.5,0.5,0.0,1363.4,25.7,0.0,0.0,0,0.0,1061.2760581174985,0,24.0,23.812,2025-10-26 06:16:33
141.6,0.2,28.7,141.2,0.1,23.1,50.5,59.97,215.4,0.4,0.0,1363.4,25.7,0.0,0.0,0,0.0,985.4706253948199,0,24.0,23.812,2025-10-26 06:16:36
144.6,0.2,29.5,144.2,0.1,23.0,51.9,59.98,215.5,0.5,0.0,1363.4,25.8,0.0,0.0,0,0.0,720.1516108654454,0,24.0,23.812,2025-10-26 06:16:38
147.6,0.1,29.3,141.2,0.1,22.9,51.4,59.99,215.4,0.4,0.0,1363.4,25.8,0.0,0.0,0,0.0,795.9570435881238,0,24.0,23.812,2025-10-26 06:16:41
150.6,0.1,29.0,141.2,0.1,23.1,51.2,59.99,215.5,0.4,0.0,1363.4,25.8,0.0,0.0,0,0.0,2046.7466835123184,0,24.0,23.812,2025-10-26 06:16:43
147.6,0.1,28.9,138.3,0.1,23.1,51.6,59.99,215.6,0.5,0.0,1363.4,25.8,0.0,0.0,0,0.0,3676.563487049905,0,24.0,23.812,2025-10-26 06:16:45
147.6,0.1,28.9,138.2,0.1,23.5,51.7,60,215.6,0.3,0.0,1363.4,25.8,0.0,0.0,0,0.0,1364.4977890082123,0,24.0,23.812,2025-10-26 06:16:48
144.3,0.1,29.0,135.2,0.1,22.5,50.7,60.01,215.5,0.5,0.0,1363.4,25.8,0.0,0.0,0,0.0,2312.065698041693,0,24.0,23.812,2025-10-26 06:16:50
141.5,0.2,28.5,138.4,0.1,23.4,50.9,60.02,215.5,0.5,0.0,1363.4,25.8,0.0,0.0,0,0.0,3183.8281743524954,0,24.0,23.812,2025-10-26 06:16:52
141.7,0.2,28.4,139,0.1,23.1,50.6,60.03,215.5,0.4,0.0,1363.4,25.8,0.0,0.0,0,0.0,4624.131396083386,0,24.062,23.812,2025-10-26 06:16:55
143.3,0.1,28.5,143.1,0.1,23.7,51.4,60.04,215.4,0.5,0.0,1363.4,25.8,0.0,0.0,0,0.0,3941.8825015792795,0,24.062,23.812,2025-10-26 06:16:57
144.5,0.1,28.7,143.8,0.1,22.7,50.5,60.04,215.6,0.3,0.0,1363.4,25.8,0.0,0.0,0,0.0,909.6651926721415,0,24.0,23.812,2025-10-26 06:17:00
147.5,0.1,29.0,141.2,0.1,23.9,52.0,60.04,215.6,0.5,0.0,1363.4,25.8,0.0,0.0,0,0.0,1288.6923562855338,0,24.062,23.812,2025-10-26 06:17:02
144.6,0.2,28.8,138.4,0.1,22.9,50.9,60.03,215.6,0.5,0.0,1363.4,25.8,0.0,0.0,0,0.0,3790.2716361339226,0,24.062,23.812,2025-10-26 06:17:04
144.6,0.2,29.4,140.2,0.1,23.5,52.1,60.04,215.5,0.5,0.0,1363.4,25.8,0.0,0.0,0,0.0,4131.3960833859755,0,24.062,23.812,2025-10-26 06:17:07
141.6,0.2,28.7,141.3,0.1,23.8,52.2,60.03,215.4,0.5,0.0,1363.4,25.8,0.0,0.0,0,0.0,4586.228679722047,0,24.062,23.812,2025-10-26 06:17:09
144.5,0.1,29.9,144.3,0.1,24.3,53.1,60.04,215.5,0.5,0.0,1363.4,25.8,0.0,0.0,0,0.0,4624.131396083386,0,24.0,23.812,2025-10-26 06:17:11
144.5,0.1,29.4,140.8,0.1,23.9,52.5,60.03,215.3,0.4,0.0,1363.4,25.8,0.0,0.0,0,0.0,2653.190145293746,0,24.062,23.812,2025-10-26 06:17:14
147.5,0.1,29.2,141.3,0.1,24.2,52.8,60.05,215.5,0.4,0.0,1363.4,25.8,0.0,0.0,0,0.0,1099.1787744788378,0,24.062,23.812,2025-10-26 06:17:16
144.6,0.1,29.4,138.3,0.1,24.0,52.7,60.03,215.4,0.4,0.0,1363.4,25.8,0.0,0.0,0,0.0,4662.034112444725,0,24.062,23.875,2025-10-26 06:17:19
142.9,0.1,28.8,141.2,0.1,24.3,52.2,60.04,215.4,0.6,0.0,1363.4,25.8,0.0,0.0,0,0.0,758.0543272267845,0,24.062,23.812,2025-10-26 06:17:21
138.6,0.2,27.8,141.3,0.1,24.0,50.2,60.05,215.4,0.4,0.0,1363.4,25.8,0.0,0.0,0,0.0,4548.325963360707,0,24.062,23.875,2025-10-26 06:17:23
139.7,0.2,28.5,144.1,0.1,24.6,53.0,60.06,215.4,0.5,0.0,1363.4,25.8,0.0,0.0,0,0.0,4586.228679722047,0,24.062,23.812,2025-10-26 06:17:26
141.6,0.1,29.2,144.9,0.1,24.8,53.2,60.07,215.4,0.5,0.0,1363.4,25.8,0.0,0.0,0,0.0,1895.1358180669613,0,24.062,23.875,2025-10-26 06:17:28
146.5,0.1,29.6,147.2,0.1,23.9,52.7,60.06,215.3,0.5,0.0,1363.4,25.8,0.0,0.0,0,0.0,1705.6222362602653,0,24.062,23.875,2025-10-26 06:17:30
147.5,0.2,29.8,144.6,0.1,24.8,53.3,60.04,215.4,0.4,0.0,1363.4,25.8,0.0,0.0,0,0.0,1061.2760581174985,0,24.062,23.875,2025-10-26 06:17:33
147.5,0.2,29.0,142.4,0.1,25.3,54.2,60.04,215.5,0.4,0.0,1363.4,25.9,0.0,0.0,0,0.0,2918.5091598231206,0,24.062,23.875,2025-10-26 06:17:35
150.4,0.1,29.6,138.2,0.1,24.7,53.4,60.04,215.5,0.3,0.0,1363.4,25.9,0.0,0.0,0,0.0,4662.034112444725,0,24.062,23.875,2025-10-26 06:17:38
150.5,0.2,29.5,138.2,0.1,23.9,52.6,60.03,215.5,0.6,0.0,1363.4,25.9,0.0,0.0,0,0.0,3335.4390397978523,0,24.062,23.875,2025-10-26 06:17:40
147.7,0.1,29.3,141.3,0.1,24.9,53.9,60.03,215.3,0.5,0.0,1363.4,25.9,0.0,0.0,0,0.0,4472.5205306380285,0,24.062,23.875,2025-10-26 06:17:42
147.3,0.1,30.3,144.4,0.1,25.6,54.9,60.03,215.4,0.5,0.0,1363.4,25.9,0.0,0.0,0,0.0,1440.3032217308908,0,24.062,23.875,2025-10-26 06:17:45
147.3,0.2,29.6,147.1,0.1,24.8,53.7,60.02,215.4,0.5,0.0,1363.4,25.9,0.0,0.0,0,0.0,1743.5249526216046,0,24.062,23.875,2025-10-26 06:17:47
143.3,0.2,30.4,145.9,0.1,25.4,54.3,60.02,215.5,0.4,0.0,1363.4,25.9,0.0,0.0,0,0.0,1174.984207201516,0,24.062,23.875,2025-10-26 06:17:49
142,0.2,29.8,144,0.1,25.5,54.4,60.02,215.5,0.5,0.0,1363.4,25.9,0.0,0.0,0,0.0,2349.968414403032,0,24.062,23.875,2025-10-26 06:17:52
144.5,0.2,30.8,141.2,0.1,25.3,55.2,60.02,215.5,0.5,0.0,1363.4,25.9,0.0,0.0,0,0.0,2274.1629816803534,0,24.062,23.875,2025-10-26 06:17:54
147,0.2,30.8,143.9,0.1,25.7,55.4,60.02,215.4,0.5,0.0,1363.4,25.9,0.0,0.0,0,0.0,2577.3847125710677,0,24.062,23.875,2025-10-26 06:17:57
145.9,0.2,30.3,146,0.1,25.9,55.3,60.02,215.5,0.5,0.0,1363.4,25.9,0.0,0.0,0,0.0,4093.493367024637,0,24.062,23.875,2025-10-26 06:17:59
144.6,0.2,31.5,147.2,0.1,25.2,55.7,60.05,215.4,0.4,0.0,1363.4,25.9,0.0,0.0,0,0.0,4624.131396083386,0,24.062,23.875,2025-10-26 06:18:01
142,0.2,31.1,144,0.1,26.3,56.0,60.04,215.3,0.5,0.0,1363.4,25.9,0.0,0.0,0,0.0,4245.104232469994,0,24.062,23.937,2025-10-26 06:18:04
144.3,0.2,31.4,141.4,0.1,26.4,55.9,60.05,215.5,0.5,0.0,1363.4,25.9,0.0,0.0,0,0.0,1970.9412507896398,0,24.062,23.875,2025-10-26 06:18:06
144.6,0.2,31.6,141.3,0.1,25.4,56.1,60.03,215.5,0.4,0.0,1363.4,25.9,0.0,0.0,0,0.0,720.1516108654454,0,24.062,23.937,2025-10-26 06:18:08
147.4,0.2,31.6,144.2,0.1,26.0,56.6,60.04,215.5,0.4,0.0,1363.4,25.9,0.0,0.0,0,0.0,1364.4977890082123,0,24.062,23.937,2025-10-26 06:18:11
150.5,0.2,32.1,144.2,0.1,26.2,57.3,60.02,215.4,0.4,0.0,1363.4,25.9,0.0,0.0,0,0.0,3676.563487049905,0,24.062,23.875,2025-10-26 06:18:13
150.5,0.2,31.9,141.2,0.1,26.2,57.2,60.03,215.5,0.5,0.0,1363.4,25.9,0.0,0.0,0,0.0,4396.715097915351,0,24.062,23.875,2025-10-26 06:18:16
149.7,0.2,31.8,140.5,0.1,26.3,56.8,60.02,215.3,0.6,0.0,1363.4,25.9,0.0,0.0,0,0.0,3487.049905243209,0,24.062,23.937,2025-10-26 06:18:18
147.2,0.2,31.3,135.3,0.1,25.6,55.9,60.01,215.3,0.4,0.0,1363.4,25.9,0.0,0.0,0,0.0,1667.7195198989261,0,24.062,23.937,2025-10-26 06:18:20
144.6,0.2,32.1,137.2,0.1,26.2,57.1,59.99,215.4,0.5,0.0,1363.4,26,0.0,0.0,0,0.0,4662.034112444725,0,24.062,23.937,2025-10-26 06:18:23
146.8,0.2,31.7,138.3,0.1,26.5,57.3,59.99,215.2,0.4,0.0,1363.4,26,0.0,0.0,0,0.0,2880.6064434617815,0,24.062,23.875,2025-10-26 06:18:25
148.9,0.2,32.0,141.2,0.1,27.2,58.1,59.98,215.1,0.5,0.0,1363.4,26,0.0,0.0,0,0.0,1023.3733417561592,0,24.062,23.937,2025-10-26 06:18:27
152.9,0.2,32.4,138.8,0.1,26.8,58.2,59.98,215.1,0.4,0.0,1363.4,26,0.0,0.0,0,0.0,2539.4819962097285,0,24.062,23.875,2025-10-26 06:18:30
153.3,0.2,32.3,138.3,0.1,27.0,58.4,59.97,215,0.5,0.0,1363.4,26,0.0,0.0,0,0.0,3600.758054327227,0,24.062,23.875,2025-10-26 06:18:32
150.5,0.2,32.4,138.4,0.1,26.7,58.1,59.98,215.1,0.5,0.0,1363.4,26,0.0,0.0,0,0.0,3600.758054327227,0,24.125,23.937,2025-10-26 06:18:35
147.5,0.2,32.5,135.4,0.1,26.8,58.3,59.98,215.2,0.5,0.0,1363.4,26,0.0,0.0,0,0.0,1857.233101705622,0,24.062,23.937,2025-10-26 06:18:37
149.1,0.2,32.4,137,0.1,26.5,58.0,59.99,215.2,0.6,0.0,1363.4,26,0.0,0.0,0,0.0,1970.9412507896398,0,24.062,23.937,2025-10-26 06:18:39
145.8,0.2,32.7,133.8,0.2,26.8,58.5,59.98,215.3,0.5,0.0,1363.4,26,0.0,0.0,0,0.0,947.5679090334806,0,24.125,23.937,2025-10-26 06:18:42
145.9,0.2,32.5,134,0.1,26.7,58.3,59.98,215.1,0.5,0.0,1363.4,26,0.0,0.0,0,0.0,1326.595072646873,0,24.125,23.937,2025-10-26 06:18:44
143.8,0.2,32.7,133.8,0.1,26.8,58.6,59.98,215.1,0.6,0.0,1363.4,26,0.0,0.0,0,0.0,720.1516108654454,0,24.125,23.937,2025-10-26 06:18:46
143.2,0.2,32.5,133.9,0.2,26.4,58.0,59.98,215.1,0.5,0.0,1363.4,26,0.0,0.0,0,0.0,1667.7195198989261,0,24.125,23.937,2025-10-26 06:18:49
143.3,0.2,32.6,131.1,0.1,26.0,57.3,59.98,215.1,0.4,0.0,1363.4,26,0.0,0.0,0,0.0,871.7624763108023,0,24.125,23.937,2025-10-26 06:18:51
141.3,0.2,33.0,132.8,0.2,26.4,58.4,59.99,215.2,0.5,0.0,1363.4,26,0.0,0.0,0,0.0,1478.2059380922299,0,24.062,23.937,2025-10-26 06:18:53
140,0.2,32.9,135.4,0.2,26.9,58.8,59.99,215.2,0.4,0.0,1363.4,26,0.0,0.0,0,0.0,4586.228679722047,0,24.125,23.937,2025-10-26 06:18:56
143,0.2,33.4,135.5,0.2,27.6,59.9,60.01,215.2,0.5,0.0,1363.4,26,0.0,0.0,0,0.0,3903.9797852179404,0,24.125,23.937,2025-10-26 06:18:58
146.3,0.2,33.4,135.4,0.1,27.2,59.6,60.02,215.1,0.3,0.0,1363.4,26,0.0,0.0,0,0.0,2501.579279848389,0,24.125,23.937,2025-10-26 06:19:01
144.6,0.2,34.0,136.2,0.2,27.6,60.4,60.02,215.1,0.5,0.0,1363.4,26,0.0,0.0,0,0.0,3524.9526216045483,0,24.062,23.937,2025-10-26 06:19:03
147.5,0.2,34.0,138.2,0.2,28.0,60.9,60.03,215.1,0.5,0.0,1363.4,26,0.0,0.0,0,0.0,4283.006948831333,0,24.125,23.937,2025-10-26 06:19:05
147.4,0.2,34.3,138.2,0.2,28.2,61.4,60.01,215.1,0.4,0.0,1363.4,26,0.0,0.0,0,0.0,4131.3960833859755,0,24.125,23.937,2025-10-26 06:19:08
150.7,0.2,34.4,141.3,0.2,28.7,61.9,60,215.2,0.4,0.0,1363.4,26,0.0,0.0,0,0.0,4055.5906506632973,0,24.125,23.937,2025-10-26 06:19:10
152,0.2,34.3,141.3,0.2,29.0,62.3,59.99,215.3,0.5,0.0,1363.4,26,0.0,0.0,0,0.0,3487.049905243209,0,24.125,23.937,2025-10-26 06:19:12
152.9,0.2,34.5,144.1,0.1,29.2,62.6,59.99,215.3,0.5,0.0,1363.4,26,0.0,0.0,0,0.0,1743.5249526216046,0,24.125,23.937,2025-10-26 06:19:15
152,0.2,34.6,144.2,0.2,29.4,63.2,59.98,215.2,0.5,0.0,1363.4,26,0.0,0.0,0,0.0,1591.9140871762477,0,24.125,23.937,2025-10-26 06:19:17
151.9,0.2,34.7,144.8,0.1,29.4,63.0,59.97,215.2,0.5,0.0,1363.4,26.1,0.0,0.0,0,0.0,3828.1743524952617,0,24.125,23.937,2025-10-26 06:19:20
153.6,0.2,34.9,147.2,0.1,29.3,63.0,59.96,215.3,0.5,0.0,1363.4,26.1,0.0,0.0,0,0.0,1364.4977890082123,0,24.125,23.937,2025-10-26 06:19:22
154.7,0.2,35.4,144.3,0.2,29.9,64.2,59.96,215.3,0.4,0.0,1363.4,26.1,0.0,0.0,0,0.0,3297.5363234365127,0,24.125,23.937,2025-10-26 06:19:24
157,0.2,35.7,141.9,0.2,29.6,64.2,59.96,215.2,0.4,0.0,1363.4,26.1,0.0,0.0,0,0.0,2349.968414403032,0,24.125,23.937,2025-10-26 06:19:27
156.6,0.2,35.7,141.3,0.2,29.6,64.1,59.96,215.2,0.6,0.0,1363.4,26.1,0.0,0.0,0,0.0,2084.649399873658,0,24.125,23.937,2025-10-26 06:19:29
159.5,0.2,36.1,144.2,0.2,30.0,65.0,59.96,215.3,0.5,0.0,1363.4,26.1,0.0,0.0,0,0.0,3941.8825015792795,0,24.125,23.937,2025-10-26 06:19:31
162.6,0.1,33.8,147.4,0.2,30.0,63.0,59.96,215.2,0.5,0.0,1363.4,26.1,0.0,0.0,0,0.0,4055.5906506632973,0,24.125,23.937,2025-10-26 06:19:34
159.5,0.2,35.1,145.8,0.1,30.2,64.0,59.97,215.2,0.5,0.0,1363.4,26.1,0.0,0.0,0,0.0,4131.3960833859755,0,24.125,23.937,2025-10-26 06:19:36
158.9,0.2,37.0,146,0.1,30.2,66.2,59.96,215.2,0.6,0.0,1363.4,26.1,0.0,0.0,0,0.0,3979.785217940619,0,24.187,23.937,2025-10-26 06:19:39
156.5,0.2,36.3,145.8,0.2,30.0,65.0,59.96,215.2,0.6,0.0,1363.4,26.1,0.0,0.0,0,0.0,4093.493367024637,0,24.125,23.937,2025-10-26 06:19:41
159.5,0.2,37.0,145.2,0.2,30.6,66.2,59.96,215.2,0.5,0.0,1363.4,26.1,0.0,0.0,0,0.0,4055.5906506632973,0,24.125,23.937,2025-10-26 06:19:43
160.4,0.1,36.6,143.6,0.2,31.1,62.2,59.98,215.4,0.6,0.0,1363.4,26.1,0.0,0.0,0,0.0,3752.3689197725835,0,24.125,23.937,2025-10-26 06:19:46
159.5,0.2,36.7,142.9,0.2,30.5,66.0,59.97,215.3,0.3,0.0,1363.4,26.1,0.0,0.0,0,0.0,3676.563487049905,0,24.125,23.937,2025-10-26 06:19:48
157.3,0.2,37.3,144.6,0.2,30.5,67.0,59.98,215.2,0.4,0.0,1363.4,26.1,0.0,0.0,0,0.0,2008.843967150979,0,24.125,23.937,2025-10-26 06:19:50
156.4,0.2,36.8,145.7,0.1,31.1,67.4,59.99,215.2,0.5,0.0,1363.4,26.1,0.0,0.0,0,0.0,3411.2444725205305,0,24.125,23.937,2025-10-26 06:19:53
159.3,0.2,37.2,148.7,0.2,30.4,66.5,59.97,215.5,0.5,0.0,1363.4,26.1,0.0,0.0,0,0.0,4169.298799747316,0,24.125,23.937,2025-10-26 06:19:55
162.2,0.2,35.0,146.1,0.2,31.0,65.2,59.99,215.2,0.5,0.0,1363.4,26.1,0.0,0.0,0,0.0,2956.4118761844597,0,24.125,23.937,2025-10-26 06:19:57
159.3,0.2,36.1,145.7,0.2,31.4,67.0,59.98,215.3,0.5,0.0,1363.4,26.1,0.0,0.0,0,0.0,3638.660770688566,0,24.125,23.937,2025-10-26 06:20:00
156.1,0.2,37.8,144.2,0.2,31.8,68.4,59.98,215.2,0.5,0.0,1363.4,26.1,0.0,0.0,0,0.0,2274.1629816803534,0,24.125,23.937,2025-10-26 06:20:02
156.2,0.2,37.1,144.4,0.2,30.9,66.9,59.97,215.2,0.5,0.0,1363.4,26.1,0.0,0.0,0,38.845008416418494,1705.6222362602653,43.908401768793425,24.125,23.937,2025-10-26 06:20:05
156.1,0.2,37.7,141.3,0.2,31.5,68.1,59.97,215.3,0.4,0.0,1363.4,26.1,0.0,0.0,0,0.0,2804.801010739103,0,24.187,23.937,2025-10-26 06:20:07
153.3,0.2,37.0,138.5,0.2,30.7,66.5,59.96,215.3,0.4,0.0,1363.4,26.1,0.0,0.0,0,0.0,3032.217308907138,0,24.125,23.937,2025-10-26 06:20:09
156.2,0.2,37.5,138.2,0.2,30.5,66.9,59.97,215.2,0.6,0.0,1363.4,26.1,0.0,0.0,0,0.0,4131.3960833859755,0,24.125,23.937,2025-10-26 06:20:12
157.6,0.2,37.4,141.3,0.2,30.8,67.3,59.98,215.2,0.5,0.0,1363.4,26.1,0.0,0.0,0,0.0,2387.871130764371,0,24.187,23.937,2025-10-26 06:20:14
158.2,0.2,38.6,144.4,0.2,31.5,69.0,59.97,215.3,0.6,0.0,1363.4,26.1,0.0,0.0,0,0.0,1629.8168035375868,0,24.187,23.937,2025-10-26 06:20:16
158.5,0.2,39.0,142.3,0.2,31.8,69.6,59.98,215.3,0.5,0.0,1363.4,26.1,0.0,0.0,0,0.0,2956.4118761844597,0,24.187,23.937,2025-10-26 06:20:19
158.1,0.2,38.1,143.8,0.2,31.2,68.2,59.98,215.2,0.5,0.0,1363.4,26.2,0.0,0.0,0,0.0,1629.8168035375868,0,24.125,23.937,2025-10-26 06:20:21
160.9,0.2,38.5,145.8,0.2,32.2,69.0,59.99,215.2,0.5,0.0,1363.4,26.2,0.0,0.0,0,0.0,4320.909665192672,0,24.187,23.937,2025-10-26 06:20:24
157.8,0.2,38.7,147.1,0.2,31.6,69.1,59.99,215.2,0.6,0.0,1363.4,26.2,0.0,0.0,0,0.0,3866.0770688566013,0,24.187,23.937,2025-10-26 06:20:26
155,0.2,38.4,144.4,0.2,31.7,68.8,60.01,215.2,0.5,0.0,1363.4,26.2,0.0,0.0,0,38.845008416418494,1326.595072646873,34.15097915350599,24.187,24.0,2025-10-26 06:20:28
154.8,0.2,38.8,141.5,0.2,32.2,70.1,60.02,215.3,0.5,0.0,1363.4,26.2,0.0,0.0,0,0.0,758.0543272267845,0,24.187,24.0,2025-10-26 06:20:31
157.9,0.2,38.9,141.4,0.2,31.9,69.6,60.02,215.3,0.4,0.0,1363.4,26.2,0.0,0.0,0,0.0,1212.8869235628554,0,24.187,23.937,2025-10-26 06:20:33
160.7,0.2,38.4,144.2,0.2,32.6,69.8,60.03,215.3,0.5,0.0,1363.4,26.2,0.0,0.0,0,0.0,4510.423246999368,0,24.187,24.0,2025-10-26 06:20:35
159.9,0.2,39.0,147.1,0.2,32.5,70.3,60.02,215.3,0.5,0.0,1363.4,26.2,0.0,0.0,0,0.0,2956.4118761844597,0,24.187,23.937,2025-10-26 06:20:38
160.6,0.2,39.1,147.2,0.2,32.6,70.4,60.02,215.3,0.5,0.0,1363.4,26.2,0.0,0.0,0,0.0,4624.131396083386,0,24.187,24.0,2025-10-26 06:20:40
159.3,0.2,38.9,147.3,0.2,32.7,70.3,60.02,215.2,0.6,0.0,1363.4,26.2,0.0,0.0,0,38.845008416418494,4017.687934301958,103.42867972204674,24.187,24.0,2025-10-26 06:20:43
160.8,0.2,39.3,150.1,0.2,31.8,69.8,60.03,215.2,0.4,0.0,1363.4,26.2,0.0,0.0,0,38.845008416418494,4434.61781427669,114.16184459886291,24.187,24.0,2025-10-26 06:20:45
162.4,0.2,30.0,148.8,0.2,32.6,61.2,60.02,215.2,0.5,0.0,1363.4,26.2,0.0,0.0,0,0.0,2615.287428932407,0,24.187,24.0,2025-10-26 06:20:47
160.9,0.2,38.6,147.2,0.2,32.7,70.0,60.03,215.3,0.5,0.0,1363.4,26.2,0.0,0.0,0,0.0,2653.190145293746,0,24.187,24.0,2025-10-26 06:20:50
158,0.2,39.0,145.1,0.2,33.4,71.2,60.02,215.3,0.5,0.0,1363.4,26.2,0.0,0.0,0,0.0,758.0543272267845,0,24.187,24.0,2025-10-26 06:20:52
160.3,0.2,38.9,145.9,0.2,33.2,70.7,60.02,215.4,0.5,0.0,1363.4,26.2,0.0,0.0,0,0.0,1023.3733417561592,0,24.187,24.0,2025-10-26 06:20:54
160.9,0.2,39.1,145.7,0.2,33.8,71.7,60.01,215.2,0.4,0.0,1363.4,26.2,0.0,0.0,0,38.845008416418494,833.8597599494631,21.46632975363234,24.187,23.937,2025-10-26 06:20:57
164.4,0.2,29.3,148.7,0.2,34.0,66.8,60.01,215.2,0.4,0.0,1363.4,26.2,0.0,0.0,0,0.0,909.6651926721415,0,24.187,24.0,2025-10-26 06:20:59
160.8,0.2,39.7,146,0.2,33.7,72.3,60.03,215.2,0.5,0.0,1363.4,26.2,0.0,0.0,0,0.0,3903.9797852179404,0,24.187,24.0,2025-10-26 06:21:02
158.2,0.2,39.6,145.7,0.2,33.5,71.9,60.03,215.2,0.5,0.0,1363.4,26.2,0.0,0.0,0,38.845008416418494,2463.67656348705,63.42324699936828,24.187,24.0,2025-10-26 06:21:04
158,0.2,39.6,142.8,0.2,33.5,72.3,60.02,215.2,0.5,0.0,1363.4,26.2,0.0,0.0,0,0.0,4510.423246999368,0,24.187,24.0,2025-10-26 06:21:06
157.9,0.2,39.6,142.7,0.2,33.5,71.9,60.03,215.3,0.4,0.0,1363.4,26.2,0.0,0.0,0,38.845008416418494,2728.9955780164246,70.25344283006949,24.187,24.0,2025-10-26 06:21:09
160.8,0.2,39.7,141.1,0.2,34.1,72.2,60.01,215.3,0.6,0.0,1363.4,26.2,0.0,0.0,0,0.0,1819.330385344283,0,24.187,24.0,2025-10-26 06:21:11
162.5,0.2,39.2,139.7,0.2,33.8,63.5,60,215,0.5,0.0,1363.4,26.3,0.0,0.0,0,38.845008416418494,2728.9955780164246,70.25344283006949,24.187,24.0,2025-10-26 06:21:13
160.8,0.2,39.7,142.8,0.2,33.9,72.2,60,215,0.5,0.0,1363.4,26.3,0.0,0.0,0,38.845008416418494,1743.5249526216046,44.88414403032217,24.187,24.0,2025-10-26 06:21:16
158.5,0.2,40.2,145,0.2,34.0,73.0,60,215,0.4,0.0,1363.4,26.3,0.0,0.0,0,38.845008416418494,1326.595072646873,34.15097915350599,24.187,24.0,2025-10-26 06:21:18
159.6,0.2,40.4,145.8,0.2,34.6,73.7,59.98,215.2,0.5,0.0,1363.4,26.3,0.0,0.0,0,0.0,2728.9955780164246,0,24.187,24.0,2025-10-26 06:21:21
158,0.2,40.5,148,0.2,34.5,73.7,60,215.2,0.5,0.0,1363.4,26.3,0.0,0.0,0,38.845008416418494,1970.9412507896398,50.73859759949462,24.187,24.0,2025-10-26 06:21:23
157.7,0.2,40.5,148.7,0.2,34.0,72.9,59.98,215,0.4,0.0,1363.4,26.3,0.0,0.0,0,0.0,947.5679090334806,0,24.187,24.0,2025-10-26 06:21:25
155.1,0.2,40.3,145.7,0.2,34.8,73.6,59.99,215.2,0.5,0.0,1363.4,26.3,0.0,0.0,0,38.845008416418494,1933.0385344283006,49.76285533796588,24.187,24.0,2025-10-26 06:21:28
158.2,0.2,40.3,142.8,0.2,34.7,73.6,59.96,215.1,0.6,0.0,1363.4,26.3,0.0,0.0,0,0.0,1402.4005053695514,0,24.25,24.0,2025-10-26 06:21:30
157.9,0.2,41.1,144,0.2,35.1,74.9,59.97,215.2,0.5,0.0,1363.4,26.3,0.0,0.0,0,0.0,2501.579279848389,0,24.25,24.0,2025-10-26 06:21:32
160.4,0.2,40.9,143.3,0.2,35.7,76.0,59.97,215.2,0.5,0.0,1363.4,26.3,0.0,0.0,0,38.845008416418494,1629.8168035375868,41.95691724573594,24.25,24.0,2025-10-26 06:21:35
159.3,0.2,41.3,144.4,0.2,35.5,75.2,59.99,215.2,0.5,0.0,1363.4,26.3,0.0,0.0,0,38.845008416418494,2956.4118761844597,76.10789639924194,24.25,24.0,2025-10-26 06:21:37
161.2,0.2,38.1,144.8,0.2,35.7,72.5,59.99,215.3,0.5,0.0,1363.4,26.3,0.0,0.0,0,38.845008416418494,833.8597599494631,21.46632975363234,24.25,24.0,2025-10-26 06:21:40
159.5,0.2,41.2,147.1,0.2,35.0,75.3,60.01,215.2,0.4,0.0,1363.4,26.3,0.0,0.0,0,38.845008416418494,1250.7896399241945,32.19949463044851,24.25,24.0,2025-10-26 06:21:42
156.5,0.2,40.6,144.2,0.2,35.3,74.7,60.02,215.4,0.6,0.0,1363.4,26.3,0.0,0.0,0,38.845008416418494,3866.0770688566013,99.52571067593176,24.25,24.0,2025-10-26 06:21:44
158.8,0.2,40.9,141.9,0.2,35.5,75.0,60.03,215.4,0.5,0.0,1363.4,26.3,0.0,0.0,0,0.0,3335.4390397978523,0,24.25,24.0,2025-10-26 06:21:47
159.4,0.2,41.3,141.4,0.2,35.3,74.9,60.05,215.4,0.6,0.0,1363.4,26.3,0.0,0.0,0,38.845008416418494,4624.131396083386,119.04055590650661,24.25,24.0,2025-10-26 06:21:49
162.3,0.2,39.3,144.2,0.2,36.1,74.0,60.04,215.3,0.5,0.0,1363.4,26.3,0.0,0.0,0,38.845008416418494,4510.423246999368,116.11332912192037,24.25,24.0,2025-10-26 06:21:51
159.9,0.2,40.4,147.1,0.2,35.8,74.7,60.03,215.6,0.5,0.0,1363.4,26.3,0.0,0.0,0,38.845008416418494,1516.108654453569,39.029690461149706,24.25,24.0,2025-10-26 06:21:54
159.4,0.2,42.1,147.3,0.2,36.0,77.2,60.05,215.3,0.7,0.0,1363.4,26.3,0.0,0.0,0,0.0,2084.649399873658,0,24.25,24.0,2025-10-26 06:21:56
156.6,0.2,41.7,144.2,0.2,36.4,76.7,60.04,215.4,0.5,0.0,1363.4,26.3,0.0,0.0,0,38.845008416418494,2539.4819962097285,65.37473152242578,24.25,24.0,2025-10-26 06:21:58
159.6,0.2,41.6,141.4,0.2,35.6,76.0,60.03,215.5,0.5,0.0,1363.4,26.3,0.0,0.0,0,38.845008416418494,4434.61781427669,114.16184459886291,24.25,24.062,2025-10-26 06:22:01
159.7,0.2,42.0,141.9,0.2,35.6,76.2,60.01,215.4,0.6,0.0,1363.4,26.3,0.0,0.0,0,38.845008416418494,4548.325963360707,117.08907138344911,24.25,24.062,2025-10-26 06:22:03
162.3,0.2,39.7,144.3,0.2,36.7,75.1,60.03,215.5,0.5,0.0,1363.4,26.3,0.0,0.0,0,38.845008416418494,4434.61781427669,114.16184459886291,24.25,24.062,2025-10-26 06:22:06
159.3,0.2,42.6,147.1,0.2,36.3,77.4,60,215.5,0.5,0.0,1363.4,26.3,0.0,0.0,0,38.845008416418494,1933.0385344283006,49.76285533796588,24.25,24.0,2025-10-26 06:22:08
157.8,0.2,42.5,146.6,0.2,36.8,77.9,60.01,215.4,0.5,0.0,1363.4,26.4,0.0,0.0,0,38.845008416418494,2653.190145293746,68.30195830701199,24.25,24.0,2025-10-26 06:22:10
156.4,0.2,42.1,146.1,0.2,36.4,77.2,60,215.4,0.5,0.0,1363.4,26.4,0.0,0.0,0,38.845008416418494,2501.579279848389,64.39898926089703,24.25,24.0,2025-10-26 06:22:13
159.5,0.2,42.3,144.4,0.2,36.8,78.0,60.01,215.4,0.5,0.0,1363.4,26.4,0.0,0.0,0,38.845008416418494,1554.0113708149083,40.00543272267845,24.25,24.0,2025-10-26 06:22:15
162.1,0.2,41.3,141.6,0.2,36.6,76.8,60.01,215.5,0.5,0.0,1363.4,26.4,0.0,0.0,0,38.845008416418494,2804.801010739103,72.20492735312696,24.25,24.0,2025-10-26 06:22:17
162.3,0.2,40.7,143.4,0.2,36.9,76.2,60.01,215.5,0.5,0.0,1363.4,26.4,0.0,0.0,0,38.845008416418494,720.1516108654454,18.539102969046112,24.25,24.0,2025-10-26 06:22:20
159.2,0.2,42.2,144.1,0.2,36.9,77.7,60.03,215.5,0.5,0.0,1363.4,26.4,0.0,0.0,0,38.845008416418494,2728.9955780164246,70.25344283006949,24.25,24.0,2025-10-26 06:22:22
156.2,0.2,41.9,147.1,0.2,36.7,77.3,60,215.4,0.5,0.0,1363.4,26.4,0.0,0.0,0,38.845008416418494,1970.9412507896398,50.73859759949462,24.25,24.0,2025-10-26 06:22:25
156.8,0.2,42.6,144.6,0.2,37.0,78.1,60.03,215.4,0.4,0.0,1363.4,26.4,0.0,0.0,0,38.845008416418494,3752.3689197725835,96.59848389134552,24.25,24.0,2025-10-26 06:22:27
159.5,0.2,42.5,144.3,0.2,37.0,78.2,60.03,215.4,0.5,0.0,1363.4,26.4,0.0,0.0,0,38.845008416418494,4510.423246999368,116.11332912192037,24.25,24.0,2025-10-26 06:22:29
162.3,0.2,40.3,141.1,0.2,36.5,76.1,60.05,215.4,0.4,0.0,1363.4,26.4,0.0,0.0,0,38.845008416418494,3145.925457991156,80.98660770688565,24.25,24.0,2025-10-26 06:22:32
161,0.2,41.4,144.2,0.2,37.6,78.8,60.04,215.5,0.6,0.0,1363.4,26.4,0.0,0.0,0,38.845008416418494,2539.4819962097285,65.37473152242578,24.25,24.0,2025-10-26 06:22:34
158.5,0.2,42.3,145.2,0.2,37.2,78.1,60.04,215.4,0.6,0.0,1363.4,26.4,0.0,0.0,0,38.845008416418494,1970.9412507896398,50.73859759949462,24.25,24.0,2025-10-26 06:22:36
156.4,0.2,41.6,146.1,0.2,37.2,77.9,60.06,215.5,0.6,0.0,1363.4,26.4,0.0,0.0,0,0.0,3524.9526216045483,0,24.25,24.062,2025-10-26 06:22:39
159.2,0.2,42.4,146.9,0.2,37.9,80.0,60.03,215.5,0.4,0.0,1363.4,26.4,0.0,0.0,0,38.845008416418494,3297.5363234365127,84.88957675300061,24.25,24.0,2025-10-26 06:22:41
161.4,0.2,42.9,145.8,0.2,38.1,79.6,60.05,215.5,0.5,0.0,1363.4,26.4,0.0,0.0,0,38.845008416418494,4320.909665192672,111.23461781427667,24.25,24.062,2025-10-26 06:22:44
162.3,0.2,40.7,145.7,0.2,37.9,77.4,60.03,215.3,0.6,0.0,1363.4,26.4,0.0,0.0,0,38.845008416418494,3866.0770688566013,99.52571067593176,24.25,24.062,2025-10-26 06:22:46
159.8,0.2,42.2,142.9,0.2,37.1,77.9,60.05,215.4,0.6,0.0,1363.4,26.4,0.0,0.0,0,38.845008416418494,1478.2059380922299,38.05394819962097,24.25,24.062,2025-10-26 06:22:48
156.4,0.2,42.4,145.5,0.2,37.3,78.4,60.04,215.3,0.5,0.0,1363.4,26.4,0.0,0.0,0,0.0,1440.3032217308908,0,24.25,24.0,2025-10-26 06:22:51
156.4,0.2,42.3,145.8,0.2,37.7,78.5,60.04,215.4,0.5,0.0,1363.4,26.4,0.0,0.0,0,38.845008416418494,758.0543272267845,19.514845230574853,24.25,24.062,2025-10-26 06:22:53
159.3,0.2,43.3,148.7,0.2,38.0,79.9,60.06,215.4,0.5,0.0,1363.4,26.4,0.0,0.0,0,38.845008416418494,3259.6336070751736,83.91383449147187,24.25,24.062,2025-10-26 06:22:55
162.3,0.2,40.5,145.7,0.2,38.0,77.6,60.05,215.3,0.5,0.0,1363.4,26.5,0.0,0.0,0,38.845008416418494,4472.5205306380285,115.13758686039164,24.25,24.062,2025-10-26 06:22:58
162.2,0.2,41.2,145.6,0.2,38.6,78.4,60.06,215.3,0.4,0.0,1363.4,26.5,0.0,0.0,0,38.845008416418494,3411.2444725205305,87.81680353758685,24.25,24.062,2025-10-26 06:23:00
159.4,0.2,42.9,142.8,0.2,38.3,79.7,60.04,215.4,0.5,0.0,1363.4,26.5,0.0,0.0,0,0.0,947.5679090334806,0,24.25,24.062,2025-10-26 06:23:02
156.5,0.2,43.0,145.7,0.2,39.0,80.4,60.05,215.4,0.4,0.0,1363.4,26.5,0.0,0.0,0,38.845008416418494,795.9570435881238,20.4905874921036,24.25,24.062,2025-10-26 06:23:05
158,0.2,43.0,147.4,0.2,38.7,80.2,60.04,215.4,0.6,0.0,1363.4,26.5,0.0,0.0,0,38.845008416418494,758.0543272267845,19.514845230574853,24.25,24.062,2025-10-26 06:23:07
159.4,0.2,43.4,151.1,0.2,38.3,78.7,60.04,215.2,0.4,0.0,1363.4,26.5,0.0,0.0,0,38.845008416418494,3600.758054327227,92.69551484523058,24.312,24.062,2025-10-26 06:23:10
162.3,0.2,42.5,150,0.2,37.6,78.6,60.04,215.2,0.5,0.0,1363.4,26.5,0.0,0.0,0,38.845008416418494,2918.5091598231206,75.1321541377132,24.312,24.062,2025-10-26 06:23:12
159.1,0.2,42.1,148.8,0.2,38.2,79.2,60.04,215.2,0.4,0.0,1363.4,26.5,0.0,0.0,0,38.845008416418494,4586.228679722047,118.06481364497787,24.25,24.062,2025-10-26 06:23:14
159.5,0.2,44.1,145.5,0.2,39.0,80.5,60.04,215.3,0.4,0.0,1363.4,26.5,0.0,0.0,0,38.845008416418494,2842.703727100442,73.1806696146557,24.25,24.062,2025-10-26 06:23:17
156.4,0.2,43.3,147.2,0.2,39.0,80.9,60.03,215.4,0.6,0.0,1363.4,26.5,0.0,0.0,0,38.845008416418494,947.5679090334806,24.39355653821857,24.25,24.062,2025-10-26 06:23:19
159.3,0.2,43.6,144.6,0.2,39.1,81.2,60.03,215.3,0.4,0.0,1363.4,26.5,0.0,0.0,0,38.845008416418494,1099.1787744788378,28.296525584333544,24.25,24.062,2025-10-26 06:23:21
159.5,0.2,43.7,144.2,0.2,39.2,80.6,60.02,215.4,0.5,0.0,1363.4,26.5,0.0,0.0,0,38.845008416418494,795.9570435881238,20.4905874921036,24.312,24.062,2025-10-26 06:23:24
162.2,0.2,42.2,141.2,0.2,39.0,79.8,60.02,215.3,0.6,0.0,1363.4,26.5,0.0,0.0,0,38.845008416418494,4624.131396083386,119.04055590650661,24.25,24.062,2025-10-26 06:23:26
159.4,0.2,43.5,144.1,0.2,39.1,81.5,60.02,215.3,0.5,0.0,1363.4,26.5,0.0,0.0,0,38.845008416418494,3866.0770688566013,99.52571067593176,24.25,24.062,2025-10-26 06:23:29
157.5,0.2,43.6,145.9,0.2,39.3,81.5,60.02,215.3,0.4,0.0,1363.4,26.5,0.0,0.0,0,38.845008416418494,4548.325963360707,117.08907138344911,24.25,24.062,2025-10-26 06:23:31
156.2,0.2,43.3,145.8,0.2,39.1,80.9,60.02,215.4,0.5,0.0,1363.4,26.5,0.0,0.0,0,38.845008416418494,1857.233101705622,47.811370814908386,24.25,24.062,2025-10-26 06:23:33
155.4,0.2,44.0,147.2,0.2,39.4,81.8,60.03,215.4,0.5,0.0,1363.4,26.5,0.0,0.0,0,38.845008416418494,4510.423246999368,116.11332912192037,24.25,24.062,2025-10-26 06:23:36
153.5,0.2,43.3,147.3,0.2,39.5,81.5,60.02,215.4,0.4,0.0,1363.4,26.5,0.0,0.0,0,38.845008416418494,2956.4118761844597,76.10789639924194,24.25,24.062,2025-10-26 06:23:38
156.6,0.2,44.2,150,0.2,38.8,81.6,60.02,215.4,0.5,0.0,1363.4,26.5,0.0,0.0,0,38.845008416418494,1402.4005053695514,36.10246367656348,24.312,24.062,2025-10-26 06:23:41
159,0.2,44.0,147.5,0.2,39.5,82.0,60,215.4,0.5,0.0,1363.4,26.5,0.0,0.0,0,38.845008416418494,985.4706253948199,25.36929879974731,24.25,24.125,2025-10-26 06:23:43
157.9,0.2,44.3,147.2,0.2,39.9,82.9,60.01,215.3,0.6,0.0,1363.4,26.5,0.0,0.0,0,38.845008416418494,758.0543272267845,19.514845230574853,24.25,24.125,2025-10-26 06:23:45
160.8,0.2,44.1,146,0.2,40.1,82.8,59.99,215.2,0.5,0.0,1363.4,26.5,0.0,0.0,0,38.845008416418494,1023.3733417561592,26.345041061276056,24.25,24.062,2025-10-26 06:23:48
160.8,0.2,45.0,144.2,0.2,40.5,83.9,59.99,215.3,0.4,0.0,1363.4,26.5,0.0,0.0,0,38.845008416418494,1023.3733417561592,26.345041061276056,24.25,24.062,2025-10-26 06:23:50
163.8,0.2,38.2,145.7,0.2,41.4,79.1,59.98,215.4,0.5,0.0,1363.4,26.5,0.0,0.0,0,38.845008416418494,1364.4977890082123,35.126721415034744,24.25,24.062,2025-10-26 06:23:52
160.9,0.2,44.8,145.8,0.2,40.8,84.0,59.99,215.4,0.5,0.0,1363.4,26.5,0.0,0.0,0,38.845008416418494,1288.6923562855338,33.17523689197726,24.312,24.125,2025-10-26 06:23:55
158,0.2,44.6,148.9,0.2,39.9,83.0,59.99,215.3,0.5,0.0,1363.4,26.5,0.0,0.0,0,38.845008416418494,1554.0113708149083,40.00543272267845,24.312,24.062,2025-10-26 06:23:57
158.9,0.2,44.6,147.5,0.2,40.4,83.4,59.98,215.4,0.6,0.0,1363.4,26.5,0.0,0.0,0,38.845008416418494,4283.006948831333,110.25887555274794,24.312,24.062,2025-10-26 06:23:59
161,0.2,45.1,145.5,0.2,41.2,84.7,60.01,215.3,0.5,0.0,1363.4,26.5,0.0,0.0,0,38.845008416418494,3032.217308907138,78.05938092229941,24.312,24.062,2025-10-26 06:24:02
163,0.2,39.4,143,0.2,40.5,78.4,59.99,215.4,0.4,0.0,1363.4,26.5,0.0,0.0,0,38.845008416418494,3562.855337965888,91.71977258370183,24.312,24.062,2025-10-26 06:24:04
160.7,0.2,45.5,145.3,0.2,40.9,84.9,60.01,215.4,0.4,0.0,1363.4,26.6,0.0,0.0,0,38.845008416418494,4320.909665192672,111.23461781427667,24.312,24.062,2025-10-26 06:24:07
157.5,0.2,44.8,147,0.2,40.8,84.0,60,215.3,0.5,0.0,1363.4,26.6,0.0,0.0,0,38.845008416418494,4283.006948831333,110.25887555274794,24.312,24.062,2025-10-26 06:24:09
160.1,0.2,44.9,148.7,0.2,40.4,83.7,60.02,215.4,0.4,0.0,1363.4,26.6,0.0,0.0,0,38.845008416418494,2691.092861655085,69.27770056854074,24.312,24.062,2025-10-26 06:24:11
160.6,0.2,45.5,146,0.2,41.1,85.0,60.01,215.4,0.5,0.0,1363.4,26.6,0.0,0.0,0,38.845008416418494,3828.1743524952617,98.54996841440301,24.312,24.062,2025-10-26 06:24:14
163.8,0.2,42.1,142.8,0.2,41.1,81.6,60.04,215.4,0.4,0.0,1363.4,26.6,0.0,0.0,0,38.845008416418494,2425.7738471257107,62.44750473783954,24.312,24.062,2025-10-26 06:24:16
160.7,0.2,45.3,142.6,0.2,41.1,84.7,60.01,215.3,0.5,0.0,1363.4,26.6,0.0,0.0,0,38.845008416418494,1061.2760581174985,27.3207833228048,24.312,24.062,2025-10-26 06:24:18
157.9,0.2,45.3,142.8,0.2,41.2,85.1,60.03,215.3,0.4,0.0,1363.4,26.6,0.0,0.0,0,38.845008416418494,758.0543272267845,19.514845230574853,24.312,24.062,2025-10-26 06:24:21
159,0.2,45.6,143.8,0.2,41.7,85.5,60,215.1,0.5,0.0,1363.4,26.6,0.0,0.0,0,38.845008416418494,871.7624763108023,22.442072015161084,24.312,24.125,2025-10-26 06:24:23
160.8,0.2,45.8,145.7,0.2,42.2,86.5,60.02,215.5,0.5,0.0,1363.4,26.6,0.0,0.0,0,38.845008416418494,2236.2602653190143,57.56879343019582,24.312,24.125,2025-10-26 06:24:26
163.1,0.2,39.9,148.7,0.2,42.0,80.2,60,215.3,0.6,0.0,1363.4,26.6,0.0,0.0,0,38.845008416418494,3183.8281743524954,81.9623499684144,24.312,24.062,2025-10-26 06:24:28
160.8,0.2,45.6,148.7,0.2,42.2,86.2,60.02,215.2,0.5,0.0,1363.4,26.6,0.0,0.0,0,38.845008416418494,4396.715097915351,113.18610233733418,24.312,24.125,2025-10-26 06:24:30
157.9,0.2,45.7,151.6,0.2,40.4,84.6,59.99,215.4,0.5,0.0,1363.4,26.6,0.0,0.0,0,38.845008416418494,3487.049905243209,89.76828806064434,24.312,24.125,2025-10-26 06:24:33
160,0.2,46.0,149.4,0.2,41.0,85.4,60.01,215.3,0.5,0.0,1363.4,26.6,0.0,0.0,0,38.845008416418494,4472.5205306380285,115.13758686039164,24.312,24.125,2025-10-26 06:24:35
160.7,0.2,46.5,148.7,0.2,42.6,87.6,59.98,215.3,0.5,0.0,1363.4,26.6,0.0,0.0,0,38.845008416418494,3979.785217940619,102.45293746051799,24.312,24.125,2025-10-26 06:24:37
162.2,0.2,42.9,146.7,0.2,42.5,83.7,59.99,215.3,0.5,0.0,1363.4,26.6,0.0,0.0,0,38.845008416418494,3941.8825015792795,101.47719519898924,24.312,24.125,2025-10-26 06:24:40
160.7,0.2,46.3,145.5,0.2,42.6,87.4,59.97,215.2,0.6,0.0,1363.4,26.6,0.0,0.0,0,38.845008416418494,3449.14718888187,88.7925457991156,24.312,24.125,2025-10-26 06:24:42
157.8,0.2,46.4,145.8,0.2,42.8,87.9,59.97,215.3,0.6,0.0,1363.4,26.6,0.0,0.0,0,38.845008416418494,1288.6923562855338,33.17523689197726,24.312,24.125,2025-10-26 06:24:45
160.7,0.2,47.0,145.6,0.2,42.9,88.2,59.98,215.5,0.5,0.0,1363.4,26.6,0.0,0.0,0,38.845008416418494,3790.2716361339226,97.57422615287427,24.312,24.125,2025-10-26 06:24:47
160.7,0.2,46.7,145.7,0.2,42.5,87.6,59.98,215.4,0.6,0.0,1363.4,26.6,0.0,0.0,0,38.845008416418494,3487.049905243209,89.76828806064434,24.312,24.125,2025-10-26 06:24:49
163.1,0.2,41.2,142.7,0.2,42.3,86.5,59.99,215.2,0.5,0.0,1363.4,26.7,0.0,0.0,0,38.845008416418494,3487.049905243209,89.76828806064434,24.312,24.125,2025-10-26 06:24:52
160.8,0.2,46.8,142.9,0.2,42.6,87.8,60,215.3,0.4,0.0,1363.4,26.7,0.0,0.0,0,38.845008416418494,1781.427668982944,45.85988629185091,24.312,24.125,2025-10-26 06:24:54
157.8,0.2,46.4,143.5,0.2,42.3,87.2,60.01,215.4,0.5,0.0,1363.4,26.7,0.0,0.0,0,38.845008416418494,3979.785217940619,102.45293746051799,24.312,24.062,2025-10-26 06:24:56
159.9,0.2,46.7,145.5,0.2,43.2,88.6,60,215.3,0.6,0.0,1363.4,26.7,0.0,0.0,0,38.845008416418494,2236.2602653190143,57.56879343019582,24.312,24.062,2025-10-26 06:24:59
161.4,0.2,47.4,148.7,0.2,43.2,88.9,60,215.5,0.5,0.0,1363.4,26.7,0.0,0.0,0,38.845008416418494,1402.4005053695514,36.10246367656348,24.312,24.125,2025-10-26 06:25:01
161.8,0.2,43.3,147.1,0.2,43.3,84.9,60.01,215.3,0.4,0.0,1363.4,26.7,0.0,0.0,0,38.845008416418494,1591.9140871762477,40.9811749842072,24.312,24.125,2025-10-26 06:25:04
160.8,0.2,47.0,145.7,0.2,43.7,89.1,59.99,215.2,0.5,0.0,1363.4,26.7,0.0,0.0,0,38.845008416418494,795.9570435881238,20.4905874921036,24.312,24.125,2025-10-26 06:25:06
158,0.2,46.4,142.8,0.2,42.7,87.7,60,215.3,0.6,0.0,1363.4,26.7,0.0,0.0,0,38.845008416418494,606.4434617814277,15.611876184459884,24.312,24.125,2025-10-26 06:25:08
161.2,0.2,46.8,146.1,0.2,43.2,88.4,60.01,215.2,0.4,0.0,1363.4,26.7,0.0,0.0,0,38.845008416418494,2501.579279848389,64.39898926089703,24.312,24.125,2025-10-26 06:25:11
160.7,0.2,47.4,145.9,0.2,43.5,88.3,60.01,215.3,0.4,0.0,1363.4,26.7,0.0,0.0,0,38.845008416418494,3790.2716361339226,97.57422615287427,24.312,24.125,2025-10-26 06:25:13
161.3,0.2,45.0,148.8,0.2,43.6,88.2,60.03,215.4,0.5,0.0,1363.4,26.7,0.0,0.0,0,38.845008416418494,3714.466203411244,95.62274162981677,24.312,24.125,2025-10-26 06:25:15
160.9,0.2,48.1,145.7,0.2,44.1,90.5,60.02,215.4,0.5,0.0,1363.4,26.7,0.0,0.0,0,38.845008416418494,4207.201516108655,108.30739102969045,24.312,24.125,2025-10-26 06:25:18
157.8,0.2,47.1,145.7,0.2,43.4,88.8,60.02,215.3,0.6,0.0,1363.4,26.7,0.0,0.0,0,38.845008416418494,4548.325963360707,117.08907138344911,24.312,24.125,2025-10-26 06:25:20
160.9,0.2,48.3,148.8,0.2,44.1,90.9,60.03,215.2,0.6,0.0,1363.4,26.7,0.0,0.0,0,38.845008416418494,2274.1629816803534,58.544535691724555,24.312,24.125,2025-10-26 06:25:22
161.3,0.2,48.4,149.4,0.2,43.6,90.4,60.04,215.3,0.4,0.0,1363.4,26.7,0.0,0.0,0,38.845008416418494,1743.5249526216046,44.88414403032217,24.312,24.125,2025-10-26 06:25:25
161.6,0.2,44.8,151.6,0.2,42.4,85.5,60.04,215.3,0.5,0.0,1363.4,26.7,0.0,0.0,0,38.845008416418494,1554.0113708149083,40.00543272267845,24.312,24.125,2025-10-26 06:25:27
160.9,0.2,48.4,148.7,0.2,43.5,90.0,60.03,215.4,0.6,0.0,1363.4,26.7,0.0,0.0,0,38.845008416418494,2425.7738471257107,62.44750473783954,24.312,24.125,2025-10-26 06:25:30
157.9,0.3,48.1,147.1,0.2,43.7,90.1,60.04,215.4,0.5,0.0,1363.4,26.7,0.0,0.0,0,38.845008416418494,4510.423246999368,116.11332912192037,24.312,24.125,2025-10-26 06:25:32
161,0.2,47.7,147.4,0.2,43.4,89.5,60.04,215.4,0.5,0.0,1363.4,26.8,0.0,0.0,0,38.845008416418494,3979.785217940619,102.45293746051799,24.312,24.125,2025-10-26 06:25:34
160.6,0.2,47.3,146.7,0.2,44.2,90.5,60.03,215.4,0.5,0.0,1363.4,26.8,0.0,0.0,0,38.845008416418494,3221.7308907138345,82.93809222994314,24.312,24.125,2025-10-26 06:25:37
160.8,0.2,45.7,147.2,0.2,44.1,88.0,60.01,215.3,0.4,0.0,1363.4,26.8,0.0,0.0,0,38.845008416418494,2425.7738471257107,62.44750473783954,24.312,24.125,2025-10-26 06:25:39
160.8,0.2,48.7,144.3,0.2,44.3,91.4,60.02,215.3,0.5,0.0,1363.4,26.8,0.0,0.0,0,38.845008416418494,3183.8281743524954,81.9623499684144,24.312,24.125,2025-10-26 06:25:41
158.1,0.3,48.2,143.9,0.2,43.9,90.4,60.02,215.3,0.5,0.0,1363.4,26.8,0.0,0.0,0,38.845008416418494,2312.065698041693,59.520277953253306,24.312,24.125,2025-10-26 06:25:44
160.9,0.2,48.8,147.1,0.2,44.2,91.7,60.02,215.4,0.5,0.0,1363.4,26.8,0.0,0.0,0,38.845008416418494,947.5679090334806,24.39355653821857,24.312,24.125,2025-10-26 06:25:46
161.2,0.2,49.2,147.4,0.2,44.6,92.2,60.02,215.4,0.6,0.0,1363.4,26.8,0.0,0.0,0,38.845008416418494,2008.843967150979,51.71433986102337,24.312,24.125,2025-10-26 06:25:49
162.8,0.2,49.0,150.1,0.2,44.1,91.3,60.01,215.5,0.5,0.0,1363.4,26.8,0.0,0.0,0,38.845008416418494,2274.1629816803534,58.544535691724555,24.312,24.125,2025-10-26 06:25:51
160.6,0.3,49.2,147.1,0.2,44.6,92.4,60.01,215.4,0.4,0.0,1363.4,26.8,0.0,0.0,0,38.845008416418494,1402.4005053695514,36.10246367656348,24.312,24.125,2025-10-26 06:25:53
157.9,0.2,49.1,145.9,0.2,44.3,91.6,60.02,215.5,0.6,0.0,1363.4,26.8,0.0,0.0,0,38.845008416418494,4207.201516108655,108.30739102969045,24.312,24.125,2025-10-26 06:25:56
160.2,0.2,48.9,144.1,0.2,44.3,92.1,60,215.3,0.6,0.0,1363.4,26.8,0.0,0.0,0,38.845008416418494,4510.423246999368,116.11332912192037,24.312,24.125,2025-10-26 06:25:58
162.6,0.2,48.7,142.4,0.2,44.0,91.2,60.01,215.5,0.6,0.0,1363.4,26.8,0.0,0.0,0,38.845008416418494,3259.6336070751736,83.91383449147187,24.312,24.125,2025-10-26 06:26:00
160.7,0.2,47.1,141.3,0.3,43.9,89.2,60,215.4,0.5,0.0,1363.4,26.8,0.0,0.0,0,38.845008416418494,2691.092861655085,69.27770056854074,24.375,24.125,2025-10-26 06:26:03
160.7,0.3,49.9,144.4,0.2,45.0,92.5,60.01,215.4,0.5,0.0,1363.4,26.8,0.0,0.0,0,38.845008416418494,909.6651926721415,23.41781427668983,24.312,24.125,2025-10-26 06:26:05
157.8,0.3,48.9,147.1,0.2,44.7,91.9,60,215.4,0.5,0.0,1363.4,26.8,0.0,0.0,0,38.845008416418494,947.5679090334806,24.39355653821857,24.312,24.125,2025-10-26 06:26:08
160.7,0.3,49.4,145.8,0.2,45.3,93.0,59.99,215.6,0.6,0.0,1363.4,26.8,0.0,0.0,0,38.845008416418494,985.4706253948199,25.36929879974731,24.312,24.125,2025-10-26 06:26:10
161,0.2,49.5,147.3,0.3,45.3,90.7,59.99,215.5,0.5,0.0,1363.4,26.8,0.0,0.0,0,38.845008416418494,1440.3032217308908,37.078205938092225,24.312,24.125,2025-10-26 06:26:12
160.4,0.3,49.2,145.6,0.3,45.7,92.9,59.98,215.5,0.5,0.0,1363.4,26.8,0.0,0.0,0,38.845008416418494,795.9570435881238,20.4905874921036,24.312,24.125,2025-10-26 06:26:15
160.3,0.3,50.0,145.4,0.3,45.6,93.9,59.97,215.4,0.4,0.0,1363.4,26.8,0.0,0.0,0,38.845008416418494,1212.8869235628554,31.22375236891977,24.312,24.125,2025-10-26 06:26:17
157.9,0.3,49.5,142.8,0.3,44.5,92.3,59.97,215.4,0.5,0.0,1363.4,26.8,0.0,0.0,0,38.845008416418494,2084.649399873658,53.66582438408086,24.312,24.125,2025-10-26 06:26:19
160.9,0.3,49.8,145.7,0.3,45.3,93.4,59.96,215.3,0.5,0.0,1363.4,26.8,0.0,0.0,0,38.845008416418494,1516.108654453569,39.029690461149706,24.312,24.125,2025-10-26 06:26:22
162,0.2,49.1,146.9,0.2,45.3,92.9,59.98,215.5,0.5,0.0,1363.4,26.8,0.0,0.0,0,38.845008416418494,1364.4977890082123,35.126721415034744,24.312,24.125,2025-10-26 06:26:24
162.1,0.3,47.6,148.8,0.3,45.6,93.8,59.97,215.6,0.5,0.0,1363.4,26.8,0.0,0.0,0,38.845008416418494,1895.1358180669613,48.78711307643714,24.312,24.125,2025-10-26 06:26:26
159,0.3,50.3,150.4,0.2,46.1,94.7,59.98,215.5,0.5,0.0,1363.4,26.8,0.0,0.0,0,38.845008416418494,1933.0385344283006,49.76285533796588,24.312,24.125,2025-10-26 06:26:29
157.9,0.3,49.9,151.6,0.2,44.2,92.4,59.99,215.5,0.5,0.0,1363.4,26.8,0.0,0.0,0,38.845008416418494,1099.1787744788378,28.296525584333544,24.375,24.125,2025-10-26 06:26:31
160.7,0.3,50.4,148.5,0.2,45.0,94.8,60,215.4,0.5,0.0,1363.4,26.8,0.0,0.0,0,38.845008416418494,1099.1787744788378,28.296525584333544,24.312,24.125,2025-10-26 06:26:34
163.6,0.2,50.0,145.8,0.3,46.8,93.5,60.01,215.5,0.5,0.0,1363.4,26.8,0.0,0.0,0,38.845008416418494,3032.217308907138,78.05938092229941,24.375,24.125,2025-10-26 06:26:36
160.7,0.3,49.2,145.8,0.3,45.9,93.3,60.01,215.3,0.5,0.0,1363.4,26.9,0.0,0.0,0,38.845008416418494,1326.595072646873,34.15097915350599,24.375,24.125,2025-10-26 06:26:38
160.7,0.3,50.7,145.6,0.3,46.4,95.7,60.02,215.5,0.6,0.0,1363.4,26.9,0.0,0.0,0,38.845008416418494,3752.3689197725835,96.59848389134552,24.375,24.125,2025-10-26 06:26:41
157.8,0.3,50.6,142.7,0.3,46.3,94.7,60.01,215.4,0.6,0.0,1363.4,26.9,0.0,0.0,0,38.845008416418494,4396.715097915351,113.18610233733418,24.375,24.125,2025-10-26 06:26:43
160.9,0.3,50.8,145.8,0.3,46.9,95.8,60.01,215.4,0.6,0.0,1363.4,26.9,0.0,0.0,0,38.845008416418494,3828.1743524952617,98.54996841440301,24.375,24.125,2025-10-26 06:26:45
161.6,0.2,50.8,146.6,0.3,47.2,96.1,60.01,215.3,0.5,0.0,1363.4,26.9,0.0,0.0,0,38.845008416418494,4548.325963360707,117.08907138344911,24.312,24.125,2025-10-26 06:26:48
160.7,0.3,51.0,148.4,0.3,46.5,95.4,60,215.3,0.6,0.0,1363.4,26.9,0.0,0.0,0,38.845008416418494,4358.812381554011,112.21036007580541,24.375,24.125,2025-10-26 06:26:50
159.3,0.3,51.1,145.7,0.3,46.8,96.1,59.99,215.2,0.5,0.0,1363.4,26.9,0.0,0.0,0,38.845008416418494,947.5679090334806,24.39355653821857,24.375,24.125,2025-10-26 06:26:53
158,0.3,50.7,145.7,0.3,46.6,95.6,59.97,215.3,0.5,0.0,1363.4,26.9,0.0,0.0,0,38.845008416418494,1629.8168035375868,41.95691724573594,24.375,24.125,2025-10-26 06:26:55
161.1,0.3,51.7,148.7,0.3,47.4,97.2,59.97,215.3,0.5,0.0,1363.4,26.9,0.0,0.0,0,38.845008416418494,795.9570435881238,20.4905874921036,24.375,24.125,2025-10-26 06:26:57
163.1,0.2,50.9,150.8,0.2,46.8,94.4,59.95,215.2,0.5,0.0,1363.4,26.9,0.0,0.0,0,38.845008416418494,833.8597599494631,21.46632975363234,24.375,24.125,2025-10-26 06:27:00
163.8,0.3,48.7,151.7,0.3,46.0,93.0,59.96,215.2,0.5,0.0,1363.4,26.9,0.0,0.0,0,38.845008416418494,2956.4118761844597,76.10789639924194,24.375,24.125,2025-10-26 06:27:02
161.1,0.3,51.7,148.8,0.3,47.2,97.2,59.95,215.3,0.6,0.0,1363.4,26.9,0.0,0.0,0,38.845008416418494,3828.1743524952617,98.54996841440301,24.375,24.125,2025-10-26 06:27:04
157.5,0.3,52.0,145.2,0.3,47.8,97.3,59.99,215.2,0.5,0.0,1363.4,26.9,0.0,0.0,0,38.845008416418494,4510.423246999368,116.11332912192037,24.375,24.125,2025-10-26 06:27:07
157.9,0.3,51.4,145.7,0.3,47.3,96.9,59.97,215.1,0.5,0.0,1363.4,26.9,0.0,0.0,0,38.845008416418494,4169.298799747316,107.33164876816171,24.375,24.125,2025-10-26 06:27:09
160.8,0.3,52.1,148.7,0.3,47.6,97.8,59.99,215.2,0.5,0.0,1363.4,26.9,0.0,0.0,0,38.845008416418494,3638.660770688566,93.67125710675931,24.375,24.125,2025-10-26 06:27:12
163.8,0.2,49.3,151.5,0.2,46.7,94.0,59.97,215.1,0.5,0.0,1363.4,26.9,0.0,0.0,0,38.845008416418494,3487.049905243209,89.76828806064434,24.375,24.125,2025-10-26 06:27:14
163.5,0.3,50.2,151.2,0.3,46.8,95.2,59.98,215.3,0.5,0.0,1363.4,26.9,0.0,0.0,0,38.845008416418494,1364.4977890082123,35.126721415034744,24.375,24.125,2025-10-26 06:27:16
160.6,0.3,52.8,148.8,0.3,48.1,99.0,59.97,215.2,0.5,0.0,1363.4,26.9,0.0,0.0,0,38.845008416418494,3866.0770688566013,99.52571067593176,24.375,24.125,2025-10-26 06:27:19
158.5,0.3,52.5,146.4,0.3,48.2,98.9,59.99,215.2,0.6,0.0,1363.4,26.9,0.0,0.0,0,38.845008416418494,4055.5906506632973,104.40442198357547,24.375,24.125,2025-10-26 06:27:21
158.3,0.3,52.8,147.2,0.3,48.2,99.3,59.98,215.2,0.5,0.0,1363.4,26.9,0.0,0.0,0,38.845008416418494,1895.1358180669613,48.78711307643714,24.375,24.125,2025-10-26 06:27:23
157.9,0.3,52.7,145.2,0.3,47.9,98.8,60,215.2,0.5,0.0,1363.4,26.9,0.0,0.0,0,38.845008416418494,1857.233101705622,47.811370814908386,24.375,24.125,2025-10-26 06:27:26
160.8,0.3,53.1,147.2,0.3,48.6,99.9,60,215.3,0.5,0.0,1363.4,27,0.0,0.0,0,38.845008416418494,758.0543272267845,19.514845230574853,24.375,24.125,2025-10-26 06:27:28
163.9,0.2,52.1,150.3,0.3,48.6,98.3,59.99,215.4,0.5,0.0,1363.4,27,0.0,0.0,0,38.845008416418494,1895.1358180669613,48.78711307643714,24.375,24.125,2025-10-26 06:27:31
163.8,0.3,51.4,147.9,0.3,48.2,98.9,59.99,215.3,0.7,0.0,1363.4,27,0.0,0.0,0,38.845008416418494,1478.2059380922299,38.05394819962097,24.375,24.125,2025-10-26 06:27:33
160.7,0.3,53.7,147.3,0.3,48.8,100.7,59.99,215.3,0.5,0.0,1363.4,27,0.0,0.0,0,38.845008416418494,795.9570435881238,20.4905874921036,24.375,24.125,2025-10-26 06:27:35
157.8,0.3,54.0,144.3,0.3,48.7,100.8,60,215.2,0.5,0.0,1363.4,27,0.0,0.0,0,38.845008416418494,795.9570435881238,20.4905874921036,24.375,24.125,2025-10-26 06:27:38
158.4,0.3,53.5,144.6,0.3,48.8,101.3,60.01,215.3,0.5,0.0,1363.4,27,0.0,0.0,0,38.845008416418494,909.6651926721415,23.41781427668983,24.375,24.125,2025-10-26 06:27:40
160.9,0.3,54.3,147.3,0.3,49.1,101.5,59.99,215.2,0.5,0.0,1363.4,27,0.0,0.0,0,38.845008416418494,2539.4819962097285,65.37473152242578,24.375,24.125,2025-10-26 06:27:42
163.8,0.3,52.2,150.1,0.3,48.4,99.6,60.01,215.3,0.5,0.0,1363.4,27,0.0,0.0,0,38.845008416418494,3524.9526216045483,90.74403032217307,24.375,24.125,2025-10-26 06:27:45
162.4,0.3,53.0,148.5,0.3,49.0,101.8,60,215.2,0.6,0.0,1363.4,27,0.0,0.0,0,38.845008416418494,3676.563487049905,94.64699936828804,24.375,24.125,2025-10-26 06:27:47
160.2,0.3,54.9,146.6,0.3,49.7,102.5,60,215.3,0.7,0.0,1363.4,27,0.0,0.0,0,38.845008416418494,4131.3960833859755,106.35590650663295,24.375,24.125,2025-10-26 06:27:49
157.9,0.3,54.7,144.2,0.3,48.7,101.5,60,215.4,0.5,0.0,1363.4,27,0.0,0.0,0,38.845008416418494,4017.687934301958,103.42867972204674,24.375,24.125,2025-10-26 06:27:52
157.7,0.3,54.7,146.9,0.3,49.2,101.7,60,215.4,0.7,0.0,1363.4,27,0.0,0.0,0,38.845008416418494,4396.715097915351,113.18610233733418,24.375,24.125,2025-10-26 06:27:54
157.9,0.3,55.4,149.2,0.3,49.8,102.7,60,215.2,0.7,0.0,1363.4,27,0.0,0.0,0,38.845008416418494,4548.325963360707,117.08907138344911,24.375,24.187,2025-10-26 06:27:57
154.9,0.3,55.0,150.1,0.3,49.0,102.2,60.01,215.4,0.6,0.0,1363.4,27,0.0,0.0,0,38.845008416418494,3145.925457991156,80.98660770688565,24.375,24.125,2025-10-26 06:27:59
156.5,0.3,54.5,147.1,0.3,48.9,102.7,60,215.4,0.6,0.0,1363.4,27,0.0,0.0,0,38.845008416418494,4207.201516108655,108.30739102969045,24.375,24.125,2025-10-26 06:28:01
156.3,0.3,55.3,144.4,0.3,48.9,102.4,60.01,215.4,0.7,0.0,1363.4,27,0.0,0.0,0,38.845008416418494,3524.9526216045483,90.74403032217307,24.375,24.187,2025-10-26 06:28:04
159.1,0.3,55.9,144.2,0.3,49.2,103.1,59.99,215.3,0.6,0.0,1363.4,27,0.0,0.0,0,38.845008416418494,2994.3145925457993,77.08363866077069,24.375,24.187,2025-10-26 06:28:06
157.8,0.3,55.8,144.2,0.3,49.2,103.9,60,215.2,0.5,0.0,1363.4,27,0.0,0.0,0,38.845008416418494,1023.3733417561592,26.345041061276056,24.375,24.125,2025-10-26 06:28:08
161,0.3,56.7,147.2,0.3,49.8,104.5,60,215.3,0.6,0.0,1363.4,27,0.0,0.0,0,38.845008416418494,1099.1787744788378,28.296525584333544,24.375,24.187,2025-10-26 06:28:11
161.2,0.3,56.4,147.7,0.3,49.6,104.2,60.02,215.3,0.7,0.0,1363.4,27,0.0,0.0,0,38.845008416418494,1023.3733417561592,26.345041061276056,24.375,24.187,2025-10-26 06:28:13
163.8,0.3,56.0,150.1,0.3,49.1,103.4,60.02,215.3,0.6,0.0,1363.4,27,0.0,0.0,0,38.845008416418494,1099.1787744788378,28.296525584333544,24.375,24.187,2025-10-26 06:28:16
160.9,0.3,57.0,147.1,0.3,50.0,105.1,60.04,215.4,0.6,0.0,1363.4,27,0.0,0.0,0,38.845008416418494,947.5679090334806,24.39355653821857,24.375,24.187,2025-10-26 06:28:18
159.1,0.3,57.4,145.7,0.3,50.1,105.1,60.02,215.3,0.5,0.0,1363.4,27,0.0,0.0,0,38.845008416418494,2122.552116234997,54.6415666456096,24.375,24.187,2025-10-26 06:28:20
157.9,0.3,56.5,144.2,0.3,49.3,103.9,60.04,215.3,0.5,0.0,1363.4,27,0.0,0.0,0,38.845008416418494,4434.61781427669,114.16184459886291,24.375,24.187,2025-10-26 06:28:23
156,0.3,57.2,147.2,0.3,49.8,105.1,60.04,215.3,0.6,0.0,1363.4,27.1,0.0,0.0,0,38.845008416418494,3070.1200252684775,79.03512318382816,24.375,24.187,2025-10-26 06:28:25
154.9,0.3,56.2,149.8,0.3,49.9,103.8,60.05,215.4,0.6,0.0,1363.4,27.1,0.0,0.0,0,38.845008416418494,2880.6064434617815,74.15641187618445,24.375,24.187,2025-10-26 06:28:27
157.9,0.3,56.9,150.1,0.3,49.8,104.7,60.03,215.2,0.5,0.0,1363.4,27.1,0.0,0.0,0,38.845008416418494,758.0543272267845,19.514845230574853,24.375,24.187,2025-10-26 06:28:30
157.9,0.3,57.4,147.3,0.3,50.4,105.8,60.05,215.4,0.6,0.0,1363.4,27.1,0.0,0.0,0,38.845008416418494,1061.2760581174985,27.3207833228048,24.375,24.187,2025-10-26 06:28:32
159.3,0.3,57.5,144.3,0.3,50.0,105.5,60.02,215.3,0.6,0.0,1363.4,27.1,0.0,0.0,0,38.845008416418494,3676.563487049905,94.64699936828804,24.375,24.187,2025-10-26 06:28:35
159.7,0.3,57.0,144.4,0.3,49.7,105.1,60.02,215.3,0.6,0.0,1363.4,27.1,0.0,0.0,0,38.845008416418494,4510.423246999368,116.11332912192037,24.375,24.187,2025-10-26 06:28:37
162.2,0.3,58.4,147.1,0.3,50.4,106.8,60.02,215.3,0.6,0.0,1363.4,27.1,0.0,0.0,0,38.845008416418494,4510.423246999368,116.11332912192037,24.375,24.187,2025-10-26 06:28:39
165.2,0.3,50.8,150.2,0.3,50.1,98.9,60.01,215.3,0.5,0.0,1363.4,27.1,0.0,0.0,0,38.845008416418494,3183.8281743524954,81.9623499684144,24.375,24.187,2025-10-26 06:28:42
162.4,0.3,58.7,148.6,0.3,50.0,106.9,60,215.3,0.5,0.0,1363.4,27.1,0.0,0.0,0,38.845008416418494,3449.14718888187,88.7925457991156,24.375,24.187,2025-10-26 06:28:44
160,0.3,57.8,146.7,0.3,50.5,106.4,60.01,215.3,0.5,0.0,1363.4,27.1,0.0,0.0,0,38.845008416418494,2046.7466835123184,52.69008212255211,24.437,24.187,2025-10-26 06:28:46
161.1,0.3,58.2,144.2,0.3,50.2,106.5,60.01,214.9,0.5,0.0,1363.4,27.1,0.0,0.0,0,38.845008416418494,2084.649399873658,53.66582438408086,24.375,24.187,2025-10-26 06:28:49
162.3,0.3,59.0,146.8,0.3,50.6,108.1,60,215.1,0.5,0.0,1363.4,27.1,0.0,0.0,0,38.845008416418494,1212.8869235628554,31.22375236891977,24.375,24.187,2025-10-26 06:28:51
165.5,0.3,54.3,148.9,0.3,50.9,101.3,60.01,215.1,0.6,0.0,1363.4,27.1,0.0,0.0,0,38.845008416418494,871.7624763108023,22.442072015161084,24.375,24.187,2025-10-26 06:28:53
162.2,0.3,59.8,150.2,0.3,50.2,107.9,60,215,0.6,0.0,1363.4,27.1,0.0,0.0,0,38.845008416418494,947.5679090334806,24.39355653821857,24.375,24.187,2025-10-26 06:28:56
159.6,0.3,58.7,147.3,0.3,50.3,107.3,60.01,215.3,0.6,0.0,1363.4,27.1,0.0,0.0,0,38.845008416418494,2084.649399873658,53.66582438408086,24.375,24.187,2025-10-26 06:28:58
159.4,0.3,59.0,147.3,0.3,50.5,107.7,60,215.2,0.5,0.0,1363.4,27.1,0.0,0.0,0,38.845008416418494,720.1516108654454,18.539102969046112,24.375,24.187,2025-10-26 06:29:01
162.3,0.3,59.4,144.3,0.3,50.0,107.3,60.01,215.2,0.5,0.0,1363.4,27.1,0.0,0.0,0,38.845008416418494,3032.217308907138,78.05938092229941,24.375,24.187,2025-10-26 06:29:03
165.3,0.3,51.6,147.1,0.3,50.9,100.6,60,215.2,0.6,0.0,1363.4,27.1,0.0,0.0,0,38.845008416418494,3449.14718888187,88.7925457991156,24.375,24.187,2025-10-26 06:29:05
162,0.3,59.4,147.3,0.3,51.2,109.4,60.01,215.1,0.6,0.0,1363.4,27.1,0.0,0.0,0,38.845008416418494,3941.8825015792795,101.47719519898924,24.375,24.187,2025-10-26 06:29:08
159.4,0.3,59.2,150.2,0.3,50.5,107.7,59.99,215.2,0.5,0.0,1363.4,27.1,0.0,0.0,0,38.845008416418494,3638.660770688566,93.67125710675931,24.437,24.187,2025-10-26 06:29:10
160.5,0.3,59.1,149.1,0.3,50.7,107.8,60,215.2,0.6,0.0,1363.4,27.1,0.0,0.0,0,38.845008416418494,3903.9797852179404,100.5014529374605,24.375,24.187,2025-10-26 06:29:12
162.1,0.3,59.7,147.2,0.3,51.2,109.1,60,215.3,0.6,0.0,1363.4,27.1,0.0,0.0,0,38.845008416418494,3903.9797852179404,100.5014529374605,24.375,24.187,2025-10-26 06:29:15
164.6,0.3,52.5,144.2,0.3,50.6,101.0,60,215.3,0.6,0.0,1363.4,27.1,0.0,0.0,0,38.845008416418494,3221.7308907138345,82.93809222994314,24.437,24.125,2025-10-26 06:29:17
162.3,0.3,60.3,146.3,0.3,50.3,108.5,60,215.2,0.6,0.0,1363.4,27.1,0.0,0.0,0,38.845008416418494,1212.8869235628554,31.22375236891977,24.437,24.187,2025-10-26 06:29:20
159.2,0.3,60.4,147.2,0.3,51.0,108.7,60.01,215.2,0.5,0.0,1363.4,27.1,0.0,0.0,0,38.845008416418494,1402.4005053695514,36.10246367656348,24.437,24.187,2025-10-26 06:29:22
162.2,0.3,60.1,150.1,0.3,50.7,108.6,60,215.2,0.6,0.0,1363.4,27.1,0.0,0.0,0,38.845008416418494,3335.4390397978523,85.86531901452936,24.437,24.187,2025-10-26 06:29:24
162.3,0.3,60.3,147,0.3,50.4,108.6,59.99,215.2,0.6,0.0,1363.4,27.1,0.0,0.0,0,38.845008416418494,1554.0113708149083,40.00543272267845,24.375,24.187,2025-10-26 06:29:27
165.4,0.3,53.0,147.1,0.3,50.8,104.9,59.99,215.2,0.5,0.0,1363.4,27.1,0.0,0.0,0,38.845008416418494,1099.1787744788378,28.296525584333544,24.437,24.125,2025-10-26 06:29:29
162.3,0.3,60.8,144.3,0.3,50.4,109.2,59.99,215.2,0.6,0.0,1363.4,27.1,0.0,0.0,0,38.845008416418494,1099.1787744788378,28.296525584333544,24.437,24.187,2025-10-26 06:29:31
159.3,0.3,60.4,147.3,0.3,50.8,109.1,59.99,215.3,0.7,0.0,1363.4,27.1,0.0,0.0,0,38.845008416418494,1250.7896399241945,32.19949463044851,24.375,24.125,2025-10-26 06:29:34
160.1,0.3,60.3,148,0.3,50.8,109.0,59.99,215.3,0.5,0.0,1363.4,27.1,0.0,0.0,0,38.845008416418494,2008.843967150979,51.71433986102337,24.437,24.125,2025-10-26 06:29:36
162.4,0.3,61.4,150.1,0.3,50.5,109.8,59.99,215.2,0.5,0.0,1363.4,27.1,0.0,0.0,0,38.845008416418494,2842.703727100442,73.1806696146557,24.375,24.187,2025-10-26 06:29:39
164.8,0.3,54.2,147.1,0.3,51.1,103.3,60.01,215.2,0.6,0.0,1363.4,27.1,0.0,0.0,0,38.845008416418494,2994.3145925457993,77.08363866077069,24.437,24.125,2025-10-26 06:29:41
162.6,0.3,60.9,145.1,0.3,50.8,109.5,60,215.2,0.6,0.0,1363.4,27.2,0.0,0.0,0,38.845008416418494,3259.6336070751736,83.91383449147187,24.437,24.125,2025-10-26 06:29:43
159.6,0.3,60.7,145.2,0.3,49.9,108.6,60.01,215.3,0.5,0.0,1363.4,27.2,0.0,0.0,0,38.845008416418494,4283.006948831333,110.25887555274794,24.437,24.125,2025-10-26 06:29:46
161.6,0.3,60.9,147.2,0.3,51.0,109.7,60.01,215.3,0.6,0.0,1363.4,27.2,0.0,0.0,0,38.845008416418494,4586.228679722047,118.06481364497787,24.437,24.187,2025-10-26 06:29:48
162.4,0.3,61.4,150,0.3,50.9,110.3,60.01,215.3,0.5,0.0,1363.4,27.2,0.0,0.0,0,38.845008416418494,4434.61781427669,114.16184459886291,24.437,24.125,2025-10-26 06:29:50
163.1,0.3,56.0,147.7,0.3,51.2,105.1,60.01,215.2,0.6,0.0,1363.4,27.2,0.0,0.0,0,38.845008416418494,4396.715097915351,113.18610233733418,24.437,24.125,2025-10-26 06:29:53
162.2,0.3,61.5,147.3,0.3,51.2,110.6,60.01,215.2,0.6,0.0,1363.4,27.2,0.0,0.0,0,38.845008416418494,4169.298799747316,107.33164876816171,24.437,24.125,2025-10-26 06:29:55
159.5,0.3,60.6,144.4,0.3,50.3,108.9,60.02,215.2,0.6,0.0,1363.4,27.2,0.0,0.0,0,38.845008416418494,2653.190145293746,68.30195830701199,24.437,24.187,2025-10-26 06:29:58
160.1,0.3,61.4,147.3,0.3,51.0,110.3,60.04,215.2,0.6,0.0,1363.4,27.2,0.0,0.0,0,38.845008416418494,833.8597599494631,21.46632975363234,24.437,24.125,2025-10-26 06:30:00
162.2,0.3,62.2,147.2,0.3,51.3,111.4,60.04,215.2,0.5,0.0,1363.4,27.2,0.0,0.0,0,38.845008416418494,2501.579279848389,64.39898926089703,24.437,24.187,2025-10-26 06:30:02
165,0.3,55.0,150.2,0.3,51.1,104.2,60.05,215.3,0.6,0.0,1363.4,27.2,0.0,0.0,0,38.845008416418494,3487.049905243209,89.76828806064434,24.437,24.125,2025-10-26 06:30:05
162,0.3,61.9,147.4,0.3,51.1,111.0,60.05,215.2,0.6,0.0,1363.4,27.2,0.0,0.0,0,38.845008416418494,4434.61781427669,114.16184459886291,24.437,24.187,2025-10-26 06:30:07
159.3,0.3,61.5,146.1,0.3,51.2,110.6,60.07,215.2,0.5,0.0,1363.4,27.2,0.0,0.0,0,38.845008416418494,1933.0385344283006,49.76285533796588,24.437,24.187,2025-10-26 06:30:09
161.2,0.3,61.3,144.2,0.3,50.5,109.8,60.05,215.2,0.7,0.0,1363.4,27.2,0.0,0.0,0,38.845008416418494,2653.190145293746,68.30195830701199,24.437,24.187,2025-10-26 06:30:12
162.4,0.3,62.3,147.3,0.3,51.2,111.4,60.06,215.2,0.6,0.0,1363.4,27.2,0.0,0.0,0,38.845008416418494,2994.3145925457993,77.08363866077069,24.437,24.125,2025-10-26 06:30:14
162.3,0.3,56.8,149.4,0.3,51.6,106.4,60.03,215.3,0.6,0.0,1363.4,27.2,0.0,0.0,0,38.845008416418494,2425.7738471257107,62.44750473783954,24.437,24.187,2025-10-26 06:30:17
162.4,0.3,62.5,150.1,0.3,51.2,111.7,60.05,215.2,0.5,0.0,1363.4,27.2,0.0,0.0,0,38.845008416418494,4548.325963360707,117.08907138344911,24.437,24.187,2025-10-26 06:30:19
159.7,0.3,61.6,147.2,0.3,51.2,110.6,60.03,215.2,0.6,0.0,1363.4,27.2,0.0,0.0,0,38.845008416418494,3638.660770688566,93.67125710675931,24.437,24.187,2025-10-26 06:30:21
162.1,0.3,62.4,144.3,0.3,50.9,111.2,60.04,215.3,0.5,0.0,1363.4,27.2,0.0,0.0,0,38.845008416418494,3108.0227416298167,80.0108654453569,24.437,24.187,2025-10-26 06:30:24
162.3,0.2,63.2,144.3,0.3,51.1,112.2,60.02,215.3,0.5,0.0,1363.4,27.2,0.0,0.0,0,38.845008416418494,2387.871130764371,61.471762476310786,24.437,24.187,2025-10-26 06:30:26
165.1,0.3,56.4,147.2,0.3,51.6,109.4,60.04,215.2,0.6,0.0,1363.4,27.2,0.0,0.0,0,38.845008416418494,909.6651926721415,23.41781427668983,24.437,24.187,2025-10-26 06:30:28
162.4,0.3,63.0,149.9,0.3,51.4,112.3,60.03,215.2,0.6,0.0,1363.4,27.2,0.0,0.0,0,38.845008416418494,1364.4977890082123,35.126721415034744,24.437,24.187,2025-10-26 06:30:31
159.4,0.3,62.4,149.7,0.3,51.6,112.0,60.03,215.3,0.5,0.0,1363.4,27.2,0.0,0.0,0,38.845008416418494,2463.67656348705,63.42324699936828,24.437,24.187,2025-10-26 06:30:33
161.2,0.3,61.9,147.2,0.3,52.2,113.1,60.03,215.2,0.5,0.0,1363.4,27.2,0.0,0.0,0,38.845008416418494,4434.61781427669,114.16184459886291,24.437,24.187,2025-10-26 06:30:35
162.6,0.2,62.6,144.1,0.3,51.4,111.9,60.03,215.3,0.5,0.0,1363.4,27.2,0.0,0.0,0,38.845008416418494,2653.190145293746,68.30195830701199,24.437,24.187,2025-10-26 06:30:38
163.3,0.3,57.5,146.1,0.3,51.6,106.8,60.03,215.3,0.6,0.0,1363.4,27.2,0.0,0.0,0,38.845008416418494,4434.61781427669,114.16184459886291,24.437,24.187,2025-10-26 06:30:40
162.4,0.3,62.9,148.1,0.3,52.1,113.1,60.03,215.4,0.6,0.0,1363.4,27.3,0.0,0.0,0,38.845008416418494,4472.5205306380285,115.13758686039164,24.437,24.187,2025-10-26 06:30:43
159.4,0.3,62.8,150.1,0.3,51.9,112.7,60.01,215.1,0.6,0.0,1363.4,27.3,0.0,0.0,0,38.845008416418494,2425.7738471257107,62.44750473783954,24.437,24.187,2025-10-26 06:30:45
162,0.3,62.8,147,0.3,52.1,112.8,60.01,215.2,0.7,0.0,1363.4,27.3,0.0,0.0,0,38.845008416418494,1023.3733417561592,26.345041061276056,24.437,24.187,2025-10-26 06:30:47
162.3,0.3,63.6,147.2,0.3,52.5,113.5,60,215.1,0.6,0.0,1363.4,27.3,0.0,0.0,0,38.845008416418494,1023.3733417561592,26.345041061276056,24.437,24.187,2025-10-26 06:30:50
162.1,0.3,60.2,144.2,0.3,51.9,109.7,60,215.4,0.6,0.0,1363.4,27.3,0.0,0.0,0,38.845008416418494,758.0543272267845,19.514845230574853,24.437,24.187,2025-10-26 06:30:52
162.4,0.3,63.6,147,0.3,52.7,114.1,60,215.3,0.6,0.0,1363.4,27.3,0.0,0.0,0,38.845008416418494,1705.6222362602653,43.908401768793425,24.5,24.187,2025-10-26 06:30:54
159.3,0.3,63.0,147.4,0.3,52.5,113.4,60,215.3,0.7,0.0,1363.4,27.3,0.0,0.0,0,38.845008416418494,1099.1787744788378,28.296525584333544,24.5,24.187,2025-10-26 06:30:57
162.3,0.3,64.0,150.1,0.3,52.4,114.4,60.01,215.4,0.6,0.0,1363.4,27.3,0.0,0.0,0,38.845008416418494,1591.9140871762477,40.9811749842072,24.437,24.187,2025-10-26 06:30:59
162.6,0.3,64.3,150.5,0.3,52.9,115.0,60,215.3,0.6,0.0,1363.4,27.3,0.0,0.0,0,38.845008416418494,2539.4819962097285,65.37473152242578,24.5,24.25,2025-10-26 06:31:02
164.5,0.3,58.5,153,0.3,50.9,112.3,60,215.3,0.6,0.0,1363.4,27.3,0.0,0.0,0,38.845008416418494,3449.14718888187,88.7925457991156,24.5,24.187,2025-10-26 06:31:04
161.8,0.3,64.3,150.2,0.3,52.8,114.9,59.99,215.3,0.6,0.0,1363.4,27.3,0.0,0.0,0,38.845008416418494,4283.006948831333,110.25887555274794,24.5,24.187,2025-10-26 06:31:06
159.3,0.4,63.6,148.4,0.3,52.8,114.4,59.98,215.3,0.6,0.0,1363.4,27.3,0.0,0.0,0,38.845008416418494,4207.201516108655,108.30739102969045,24.5,24.25,2025-10-26 06:31:09
162.2,0.3,63.8,148.6,0.3,53.0,115.5,59.97,215.2,0.6,0.0,1363.4,27.3,0.0,0.0,0,38.845008416418494,4510.423246999368,116.11332912192037,24.5,24.25,2025-10-26 06:31:11
163.6,0.3,64.2,148,0.3,53.5,115.5,59.98,215.3,0.6,0.0,1363.4,27.3,0.0,0.0,0,38.845008416418494,4245.104232469994,109.2831332912192,24.5,24.25,2025-10-26 06:31:13
162.4,0.3,60.9,147.4,0.3,53.9,113.4,59.99,215.3,0.7,0.0,1363.4,27.3,0.0,0.0,0,38.845008416418494,4396.715097915351,113.18610233733418,24.5,24.25,2025-10-26 06:31:16
162.5,0.4,65.1,147.3,0.3,53.5,117.0,59.97,215.2,0.5,0.0,1363.4,27.3,0.0,0.0,0,38.845008416418494,4624.131396083386,119.04055590650661,24.5,24.25,2025-10-26 06:31:18
159.3,0.4,64.2,144,0.3,52.9,115.0,59.99,215.2,0.6,0.0,1363.4,27.3,0.0,0.0,0,38.845008416418494,4624.131396083386,119.04055590650661,24.5,24.25,2025-10-26 06:31:21
162.1,0.4,65.1,144.2,0.3,52.9,115.9,59.98,215.2,0.6,0.0,1363.4,27.3,0.0,0.0,0,38.845008416418494,3903.9797852179404,100.5014529374605,24.5,24.25,2025-10-26 06:31:23
162.4,0.3,65.0,147.1,0.3,53.8,115.5,59.98,215.3,0.6,0.0,1363.4,27.3,0.0,0.0,0,38.845008416418494,4472.5205306380285,115.13758686039164,24.5,24.25,2025-10-26 06:31:25
161.2,0.4,64.1,150.2,0.3,53.6,115.5,59.97,215.1,0.6,0.0,1363.4,27.3,0.0,0.0,0,38.845008416418494,4017.687934301958,103.42867972204674,24.5,24.25,2025-10-26 06:31:28
162.3,0.4,65.7,150.2,0.3,54.1,117.6,59.98,215.3,0.6,0.0,1363.4,27.3,0.0,0.0,0,38.845008416418494,2577.3847125710677,66.35047378395451,24.5,24.25,2025-10-26 06:31:30
159.4,0.4,64.3,147.1,0.3,53.8,115.8,59.96,215.1,0.6,0.0,1363.4,27.3,0.0,0.0,0,38.845008416418494,4624.131396083386,119.04055590650661,24.5,24.25,2025-10-26 06:31:32
162.4,0.4,65.9,144.3,0.3,53.4,116.3,59.97,215.1,0.5,0.0,1363.4,27.3,0.0,0.0,0,38.845008416418494,4055.5906506632973,104.40442198357547,24.5,24.25,2025-10-26 06:31:35
163.4,0.3,65.5,145.9,0.3,53.4,116.8,59.96,215,0.6,0.0,1363.4,27.4,0.0,0.0,0,38.845008416418494,4358.812381554011,112.21036007580541,24.5,24.312,2025-10-26 06:31:37
163.6,0.4,61.3,147.1,0.3,54.4,114.8,59.97,215.1,0.6,0.0,1363.4,27.4,0.0,0.0,0,38.845008416418494,2994.3145925457993,77.08363866077069,24.5,24.25,2025-10-26 06:31:40
162.4,0.4,65.7,150.2,0.3,54.4,117.7,59.96,215,0.6,0.0,1363.4,27.4,0.0,0.0,0,38.845008416418494,4320.909665192672,111.23461781427667,24.5,24.25,2025-10-26 06:31:42
159.4,0.4,65.0,150.1,0.3,54.3,117.1,59.96,215.1,0.7,0.0,1363.4,27.4,0.0,0.0,0,38.845008416418494,4017.687934301958,103.42867972204674,24.5,24.25,2025-10-26 06:31:44
162.2,0.4,66.3,150.1,0.3,54.9,118.9,59.96,215.1,0.7,0.0,1363.4,27.4,0.0,0.0,0,38.845008416418494,2804.801010739103,72.20492735312696,24.5,24.25,2025-10-26 06:31:47
162.3,0.3,65.2,153,0.3,54.3,117.5,59.97,215.1,0.5,0.0,1363.4,27.4,0.0,0.0,0,38.845008416418494,4548.325963360707,117.08907138344911,24.5,24.25,2025-10-26 06:31:49
161,0.4,65.1,153.1,0.3,53.3,116.1,59.96,215,0.6,0.0,1363.4,27.4,0.0,0.0,0,38.845008416418494,4320.909665192672,111.23461781427667,24.5,24.25,2025-10-26 06:31:51
162.3,0.4,66.2,150.2,0.3,54.9,118.9,59.97,215,0.5,0.0,1363.4,27.4,0.0,0.0,0,38.845008416418494,4548.325963360707,117.08907138344911,24.562,24.25,2025-10-26 06:31:54
159.6,0.4,65.1,147.3,0.3,54.6,117.5,59.97,215,0.6,0.0,1363.4,27.4,0.0,0.0,0,38.845008416418494,3903.9797852179404,100.5014529374605,24.5,24.25,2025-10-26 06:31:56
162.4,0.4,66.5,148.6,0.3,55.3,119.6,59.98,215.2,0.6,0.0,1363.4,27.4,0.0,0.0,0,38.845008416418494,4586.228679722047,118.06481364497787,24.562,24.25,2025-10-26 06:31:58
163.1,0.3,66.6,147.1,0.3,55.1,119.4,59.98,215.3,0.6,0.0,1363.4,27.4,0.0,0.0,0,38.845008416418494,4434.61781427669,114.16184459886291,24.562,24.25,2025-10-26 06:32:01
163.3,0.4,66.6,150,0.3,55.1,119.4,59.96,215.3,0.6,0.0,1363.4,27.4,0.0,0.0,0,38.845008416418494,3979.785217940619,102.45293746051799,24.562,24.25,2025-10-26 06:32:03
160.7,0.4,66.8,151.1,0.3,55.4,119.8,59.97,215.3,0.6,0.0,1363.4,27.4,0.0,0.0,0,38.845008416418494,4548.325963360707,117.08907138344911,24.5,24.187,2025-10-26 06:32:06
159.3,0.4,66.5,153.1,0.3,54.0,118.3,59.98,215.2,0.7,0.0,1363.4,27.4,0.0,0.0,0,38.845008416418494,4586.228679722047,118.06481364497787,24.562,24.25,2025-10-26 06:32:08
162.2,0.4,67.3,150,0.3,55.8,120.8,59.98,215.2,0.6,0.0,1363.4,27.4,0.0,0.0,0,38.845008416418494,4662.034112444725,120.01629816803536,24.5,24.25,2025-10-26 06:32:10
164.7,0.3,67.0,147.7,0.3,56.0,121.4,59.97,215.3,0.7,0.0,1363.4,27.4,0.0,0.0,0,38.845008416418494,4586.228679722047,118.06481364497787,24.562,24.25,2025-10-26 06:32:13
161.7,0.4,65.7,148.8,0.3,56.3,119.5,59.98,215.2,0.5,0.0,1363.4,27.4,0.0,0.0,0,38.845008416418494,4434.61781427669,114.16184459886291,24.5,24.25,2025-10-26 06:32:15
162.3,0.4,66.9,147.4,0.3,56.1,120.9,59.98,215.3,0.6,0.0,1363.4,27.4,0.0,0.0,0,38.845008416418494,4586.228679722047,118.06481364497787,24.5,24.25,2025-10-26 06:32:17
159.5,0.4,66.7,150.3,0.3,56.4,120.9,59.97,215.3,0.6,0.0,1363.4,27.4,0.0,0.0,0,38.845008416418494,3487.049905243209,89.76828806064434,24.5,24.25,2025-10-26 06:32:20
162.3,0.4,67.9,150.1,0.3,56.5,122.2,59.98,215.3,0.6,0.0,1363.4,27.4,0.0,0.0,0,38.845008416418494,3108.0227416298167,80.0108654453569,24.5,24.25,2025-10-26 06:32:22
162.7,0.3,68.1,153,0.3,55.6,118.4,59.99,215.2,0.6,0.0,1363.4,27.4,0.0,0.0,0,38.845008416418494,4624.131396083386,119.04055590650661,24.5,24.187,2025-10-26 06:32:25
162.5,0.4,68.3,150.3,0.3,56.9,122.9,60.02,215.3,0.6,0.0,1363.4,27.4,0.0,0.0,0,38.845008416418494,3941.8825015792795,101.47719519898924,24.5,24.187,2025-10-26 06:32:27
161,0.4,68.2,149.2,0.3,57.2,123.2,60.04,215.3,0.6,0.0,1363.4,27.4,0.0,0.0,0,38.845008416418494,1516.108654453569,39.029690461149706,24.5,24.25,2025-10-26 06:32:29
159.3,0.4,67.3,147,0.3,56.4,121.3,60.06,215.2,0.6,0.0,1363.4,27.4,0.0,0.0,0,38.845008416418494,1023.3733417561592,26.345041061276056,24.5,24.25,2025-10-26 06:32:32
162.5,0.4,68.2,150.1,0.3,56.7,122.6,60.05,215.2,0.6,0.0,1363.4,27.4,0.0,0.0,0,38.845008416418494,1629.8168035375868,41.95691724573594,24.5,24.25,2025-10-26 06:32:34
164.3,0.3,68.4,152.4,0.3,57.0,123.4,60.05,215.3,0.6,0.0,1363.4,27.4,0.0,0.0,0,38.845008416418494,4358.812381554011,112.21036007580541,24.562,24.187,2025-10-26 06:32:36
162.7,0.4,66.9,153.1,0.3,56.2,122.7,60.03,215.2,0.7,0.0,1363.4,27.4,0.0,0.0,0,38.845008416418494,4472.5205306380285,115.13758686039164,24.5,24.25,2025-10-26 06:32:39
159.8,0.4,68.6,150.1,0.3,57.5,123.9,60.02,215.4,0.6,0.0,1363.4,27.4,0.0,0.0,0,38.845008416418494,3335.4390397978523,85.86531901452936,24.5,24.25,2025-10-26 06:32:41
159.4,0.4,68.0,146.9,0.3,57.4,123.1,60.02,215.2,0.6,0.0,1363.4,27.4,0.0,0.0,0,38.845008416418494,3449.14718888187,88.7925457991156,24.562,24.25,2025-10-26 06:32:44
162.4,0.4,68.6,147.1,0.3,57.3,124.4,60.03,215.2,0.6,0.0,1363.4,27.4,0.0,0.0,0,38.845008416418494,1326.595072646873,34.15097915350599,24.5,24.25,2025-10-26 06:32:46
165.5,0.3,66.8,150.1,0.3,57.7,122.4,60.01,215.2,0.6,0.0,1363.4,27.5,0.0,0.0,0,38.845008416418494,720.1516108654454,18.539102969046112,24.5,24.25,2025-10-26 06:32:48
162.4,0.4,69.7,153.1,0.3,56.6,123.9,60.03,215.2,0.6,0.0,1363.4,27.5,0.0,0.0,0,38.845008416418494,1326.595072646873,34.15097915350599,24.5,24.25,2025-10-26 06:32:51
161.9,0.4,69.6,153.1,0.3,56.9,123.9,60.01,215.3,0.6,0.0,1363.4,27.5,0.0,0.0,0,38.845008416418494,2425.7738471257107,62.44750473783954,24.5,24.25,2025-10-26 06:32:53
159.5,0.4,68.6,150.1,0.3,58.3,124.7,60.04,215.3,0.6,0.0,1363.4,27.5,0.0,0.0,0,38.845008416418494,3259.6336070751736,83.91383449147187,24.562,24.25,2025-10-26 06:32:55
162.3,0.4,69.7,147.3,0.3,58.2,125.6,60.03,215.3,0.6,0.0,1363.4,27.5,0.0,0.0,0,38.845008416418494,4358.812381554011,112.21036007580541,24.562,24.25,2025-10-26 06:32:58
163.8,0.4,69.3,149,0.3,58.1,125.1,60.05,215.2,0.5,0.0,1363.4,27.5,0.0,0.0,0,38.845008416418494,2766.8982943777637,71.22918509159823,24.562,24.312,2025-10-26 06:33:00
165,0.4,66.4,150.7,0.3,58.7,122.4,60.04,215.3,0.6,0.0,1363.4,27.5,0.0,0.0,0,38.845008416418494,1819.330385344283,46.83562855337966,24.562,24.312,2025-10-26 06:33:02
162.4,0.4,70.3,153.2,0.3,57.2,125.1,60.04,215.3,0.7,0.0,1363.4,27.5,0.0,0.0,0,38.845008416418494,1023.3733417561592,26.345041061276056,24.562,24.312,2025-10-26 06:33:05
159.1,0.4,70.1,150.1,0.3,57.7,125.4,60.02,215.3,0.7,0.0,1363.4,27.5,0.0,0.0,0,38.845008416418494,2122.552116234997,54.6415666456096,24.562,24.312,2025-10-26 06:33:07
159.4,0.4,69.7,148.1,0.4,58.4,125.8,60.03,215.4,0.8,0.0,1363.4,27.5,0.0,0.0,0,38.845008416418494,2994.3145925457993,77.08363866077069,24.562,24.312,2025-10-26 06:33:10
162.3,0.4,70.3,147.2,0.4,58.9,126.8,60.02,215.3,0.7,0.0,1363.4,27.5,0.0,0.0,0,38.845008416418494,4472.5205306380285,115.13758686039164,24.562,24.312,2025-10-26 06:33:12
165.5,0.4,67.3,150.2,0.3,59.6,124.6,60.03,215.3,0.6,0.0,1363.4,27.5,0.0,0.0,0,38.845008416418494,4055.5906506632973,104.40442198357547,24.562,24.312,2025-10-26 06:33:14
165.3,0.4,70.0,153.4,0.3,58.0,125.6,60.02,215.3,0.6,0.0,1363.4,27.5,0.0,0.0,0,38.845008416418494,4472.5205306380285,115.13758686039164,24.562,24.312,2025-10-26 06:33:17
162.2,0.4,71.0,153.1,0.3,58.4,127.0,60.04,215.3,0.6,0.0,1363.4,27.5,0.0,0.0,0,38.845008416418494,2728.9955780164246,70.25344283006949,24.562,24.312,2025-10-26 06:33:19
159.4,0.4,69.7,150.1,0.3,58.7,126.0,60.03,215.3,0.6,0.0,1363.4,27.5,0.0,0.0,0,38.845008416418494,1174.984207201516,30.248010107391025,24.562,24.312,2025-10-26 06:33:21
161.4,0.4,71.1,147.2,0.4,59.4,128.1,60.04,215.2,0.6,0.0,1363.4,27.5,0.0,0.0,0,38.845008416418494,758.0543272267845,19.514845230574853,24.562,24.312,2025-10-26 06:33:24
162.5,0.4,71.0,147.5,0.4,59.1,127.7,60.02,215.3,0.7,0.0,1363.4,27.5,0.0,0.0,0,38.845008416418494,1440.3032217308908,37.078205938092225,24.562,24.312,2025-10-26 06:33:26
165.2,0.4,68.5,150.2,0.3,60.0,125.9,60.02,215.4,0.6,0.0,1363.4,27.5,0.0,0.0,0,38.845008416418494,4245.104232469994,109.2831332912192,24.562,24.312,2025-10-26 06:33:29
163,0.4,69.7,153,0.3,58.6,127.7,60.01,215.3,0.6,0.0,1363.4,27.5,0.0,0.0,0,38.845008416418494,4207.201516108655,108.30739102969045,24.562,24.312,2025-10-26 06:33:31
160.4,0.4,71.6,151.1,0.3,58.5,127.9,60.01,215.4,0.7,0.0,1363.4,27.5,0.0,0.0,0,38.845008416418494,4358.812381554011,112.21036007580541,24.562,24.312,2025-10-26 06:33:33
159.5,0.4,70.2,150.1,0.4,59.9,127.7,60.01,215.4,0.6,0.0,1363.4,27.5,0.0,0.0,0,38.845008416418494,3941.8825015792795,101.47719519898924,24.562,24.312,2025-10-26 06:33:36
162.4,0.4,71.6,147.1,0.4,59.5,128.5,59.99,215.4,0.6,0.0,1363.4,27.5,0.0,0.0,0,38.845008416418494,3183.8281743524954,81.9623499684144,24.562,24.312,2025-10-26 06:33:38
165.5,0.4,70.2,150.2,0.4,60.4,128.2,59.99,215.4,0.6,0.0,1363.4,27.5,0.0,0.0,0,38.845008416418494,2766.8982943777637,71.22918509159823,24.562,24.312,2025-10-26 06:33:40
165.3,0.4,69.3,150.1,0.3,60.9,128.1,59.98,215.4,0.5,0.0,1363.4,27.6,0.0,0.0,0,38.845008416418494,2956.4118761844597,76.10789639924194,24.562,24.312,2025-10-26 06:33:43
162.2,0.4,72.1,153,0.3,59.1,128.8,59.99,215.5,0.6,0.0,1363.4,27.6,0.0,0.0,0,38.845008416418494,1440.3032217308908,37.078205938092225,24.562,24.312,2025-10-26 06:33:45
159.4,0.4,71.1,150,0.4,60.3,128.9,59.98,215.4,0.7,0.0,1363.4,27.6,0.0,0.0,0,38.845008416418494,2160.454832596336,55.61730890713834,24.625,24.312,2025-10-26 06:33:48
159.7,0.4,71.1,149.8,0.4,60.7,129.2,59.99,215.4,0.6,0.0,1363.4,27.6,0.0,0.0,0,38.845008416418494,1857.233101705622,47.811370814908386,24.562,24.312,2025-10-26 06:33:50
162.2,0.4,71.9,147.1,0.4,60.3,130.0,59.98,215.3,0.6,0.0,1363.4,27.6,0.0,0.0,0,38.845008416418494,1743.5249526216046,44.88414403032217,24.562,24.312,2025-10-26 06:33:52
165.2,0.4,69.8,150.1,0.4,61.4,128.7,60,215.3,0.7,0.0,1363.4,27.6,0.0,0.0,0,38.845008416418494,3487.049905243209,89.76828806064434,24.562,24.312,2025-10-26 06:33:55
164,0.4,70.0,151.7,0.3,61.0,128.7,60.02,215.4,0.7,0.0,1363.4,27.6,0.0,0.0,0,38.845008416418494,1857.233101705622,47.811370814908386,24.625,24.25,2025-10-26 06:33:57
162.4,0.4,72.9,153.1,0.4,60.3,131.3,60.03,215.5,0.7,0.0,1363.4,27.6,0.0,0.0,0,38.845008416418494,758.0543272267845,19.514845230574853,24.625,24.25,2025-10-26 06:33:59
159.6,0.4,71.9,150.1,0.4,61.8,131.2,60.04,215.5,0.6,0.0,1363.4,27.6,0.0,0.0,0,38.845008416418494,2501.579279848389,64.39898926089703,24.625,24.312,2025-10-26 06:34:02
161.9,0.4,72.7,147.7,0.4,61.4,131.6,60.04,215.5,0.6,0.0,1363.4,27.6,0.0,0.0,0,38.845008416418494,3524.9526216045483,90.74403032217307,24.562,24.25,2025-10-26 06:34:04
162.2,0.4,73.0,147.2,0.4,61.2,131.2,60.05,215.3,0.8,0.0,1363.4,27.6,0.0,0.0,0,38.845008416418494,4624.131396083386,119.04055590650661,24.562,24.25,2025-10-26 06:34:07
165.3,0.4,71.4,150.1,0.4,61.8,130.7,60.03,215.4,0.7,0.0,1363.4,27.6,0.0,0.0,0,38.845008416418494,2994.3145925457993,77.08363866077069,24.625,24.312,2025-10-26 06:34:09
162.1,0.4,72.5,153.2,0.3,60.3,130.2,60.03,215.4,0.6,0.0,1363.4,27.6,0.0,0.0,0,38.845008416418494,2046.7466835123184,52.69008212255211,24.562,24.312,2025-10-26 06:34:11
162.1,0.4,73.4,153,0.4,60.8,131.6,60.03,215.3,0.7,0.0,1363.4,27.6,0.0,0.0,0,38.845008416418494,1137.0814908401767,29.272267845862277,24.625,24.312,2025-10-26 06:34:14
159.6,0.4,72.1,150.1,0.4,62.2,131.7,60.02,215.4,0.7,0.0,1363.4,27.6,0.0,0.0,0,38.845008416418494,833.8597599494631,21.46632975363234,24.625,24.312,2025-10-26 06:34:16
162.4,0.4,73.1,147.2,0.4,61.8,132.3,60.02,215.4,0.7,0.0,1363.4,27.6,0.0,0.0,0,38.845008416418494,833.8597599494631,21.46632975363234,24.625,24.25,2025-10-26 06:34:18
163.5,0.4,72.8,147.1,0.4,61.5,130.7,60.02,215.3,0.7,0.0,1363.4,27.6,0.0,0.0,0,38.845008416418494,2577.3847125710677,66.35047378395451,24.625,24.312,2025-10-26 06:34:21
164.8,0.4,71.4,147.7,0.4,61.8,130.9,60.02,215.4,0.7,0.0,1363.4,27.6,0.0,0.0,0,38.845008416418494,4586.228679722047,118.06481364497787,24.625,24.312,2025-10-26 06:34:23
162.2,0.4,73.1,150,0.4,62.2,132.8,60.02,215.4,0.7,0.0,1363.4,27.6,0.0,0.0,0,38.845008416418494,4434.61781427669,114.16184459886291,24.625,24.312,2025-10-26 06:34:25
159.9,0.4,73.1,152.5,0.4,61.8,131.2,60.03,215.4,0.7,0.0,1363.4,27.6,0.0,0.0,0,38.845008416418494,4283.006948831333,110.25887555274794,24.625,24.312,2025-10-26 06:34:28
161,0.4,72.6,151.8,0.4,61.2,131.3,60.03,215.2,0.6,0.0,1363.4,27.6,0.0,0.0,0,38.845008416418494,2387.871130764371,61.471762476310786,24.625,24.312,2025-10-26 06:34:30
162.2,0.4,73.2,150.1,0.4,62.6,133.2,60.03,215.3,0.7,0.0,1363.4,27.6,0.0,0.0,0,38.845008416418494,795.9570435881238,20.4905874921036,24.625,24.312,2025-10-26 06:34:33
165.4,0.4,70.7,147.1,0.4,61.7,130.1,60.04,215.3,0.6,0.0,1363.4,27.7,0.0,0.0,0,38.845008416418494,795.9570435881238,20.4905874921036,24.625,24.312,2025-10-26 06:34:35
165.3,0.4,72.9,147.4,0.4,62.0,132.4,60.03,215.3,0.6,0.0,1363.4,27.7,0.0,0.0,0,38.845008416418494,1440.3032217308908,37.078205938092225,24.562,24.312,2025-10-26 06:34:37
162.3,0.4,73.3,147.1,0.4,61.7,132.4,60.05,215.1,0.7,0.0,1363.4,27.7,0.0,0.0,0,38.845008416418494,4093.493367024637,105.38016424510423,24.625,24.312,2025-10-26 06:34:40
159.4,0.4,72.9,150,0.4,62.4,132.8,60.04,215.2,0.6,0.0,1363.4,27.7,0.0,0.0,0,38.845008416418494,3676.563487049905,94.64699936828804,24.625,24.312,2025-10-26 06:34:42
160.2,0.4,74.1,153.2,0.4,61.8,133.3,60.04,215.2,0.7,0.0,1363.4,27.7,0.0,0.0,0,38.845008416418494,2387.871130764371,61.471762476310786,24.625,24.312,2025-10-26 06:34:44
162.5,0.4,74.3,153.1,0.4,62.0,133.6,60.02,215.2,0.7,0.0,1363.4,27.7,0.0,0.0,0,38.845008416418494,3297.5363234365127,84.88957675300061,24.625,24.312,2025-10-26 06:34:47
165.3,0.4,72.9,150.1,0.4,63.0,133.4,60.02,215.2,0.5,0.0,1363.4,27.7,0.0,0.0,0,38.845008416418494,1326.595072646873,34.15097915350599,24.625,24.312,2025-10-26 06:34:49
163,0.4,74.3,147,0.4,62.3,134.0,60.01,215.1,0.7,0.0,1363.4,27.7,0.0,0.0,0,38.845008416418494,1174.984207201516,30.248010107391025,24.625,24.312,2025-10-26 06:34:52
161.4,0.4,73.8,148.1,0.4,62.1,133.3,60,215.2,0.6,0.0,1363.4,27.7,0.0,0.0,0,38.845008416418494,2880.6064434617815,74.15641187618445,24.625,24.312,2025-10-26 06:34:54
159.5,0.4,73.4,150.2,0.4,63.5,134.3,60,215.2,0.7,0.0,1363.4,27.7,0.0,0.0,0,38.845008416418494,682.2488945041061,17.563360707517372,24.625,24.312,2025-10-26 06:34:56
162.1,0.4,75.0,153.1,0.4,62.3,134.8,59.98,215.2,0.7,0.0,1363.4,27.7,0.0,0.0,0,38.845008416418494,1212.8869235628554,31.22375236891977,24.625,24.312,2025-10-26 06:34:59
164.9,0.4,73.8,150.5,0.4,62.4,133.7,59.99,215.2,0.7,0.0,1363.4,27.7,0.0,0.0,0,38.845008416418494,871.7624763108023,22.442072015161084,24.625,24.312,2025-10-26 06:35:01
165.3,0.4,73.5,150.1,0.4,63.5,134.5,59.98,215.2,0.7,0.0,1363.4,27.7,0.0,0.0,0,38.845008416418494,3638.660770688566,93.67125710675931,24.625,24.312,2025-10-26 06:35:03
162.1,0.4,74.5,147.1,0.4,62.0,134.0,59.98,215.2,0.7,0.0,1363.4,27.7,0.0,0.0,0,38.845008416418494,4169.298799747316,107.33164876816171,24.625,24.25,2025-10-26 06:35:06
159.6,0.4,73.8,150.1,0.4,62.7,134.0,59.98,215.2,0.7,0.0,1363.4,27.7,0.0,0.0,0,38.845008416418494,3335.4390397978523,85.86531901452936,24.625,24.25,2025-10-26 06:35:08
159.5,0.4,74.0,150.1,0.4,63.0,134.4,59.97,215.2,0.8,0.0,1363.4,27.7,0.0,0.0,0,38.845008416418494,3297.5363234365127,84.88957675300061,24.625,24.312,2025-10-26 06:35:11
162.3,0.4,75.1,153.1,0.4,61.9,134.7,59.97,215.2,0.8,0.0,1363.4,27.7,0.0,0.0,0,38.845008416418494,4169.298799747316,107.33164876816171,24.625,24.312,2025-10-26 06:35:13
165.3,0.4,74.1,150.2,0.4,63.2,134.6,59.94,215.2,0.7,0.0,1363.4,27.7,0.0,0.0,0,38.845008416418494,4434.61781427669,114.16184459886291,24.625,24.312,2025-10-26 06:35:15
164,0.4,74.5,148.9,0.4,63.2,135.1,59.96,215.2,0.7,0.0,1363.4,27.7,0.0,0.0,0,38.845008416418494,1440.3032217308908,37.078205938092225,24.625,24.25,2025-10-26 06:35:18
162.4,0.4,75.1,147.2,0.4,62.0,134.2,59.95,215.2,0.6,0.0,1363.4,27.7,0.0,0.0,0,38.845008416418494,1099.1787744788378,28.296525584333544,24.625,24.25,2025-10-26 06:35:20
159.3,0.4,74.4,150,0.4,62.9,134.7,59.97,215.2,0.7,0.0,1363.4,27.7,0.0,0.0,0,38.845008416418494,2198.3575489576756,56.59305116866709,24.687,24.25,2025-10-26 06:35:22
161.4,0.4,74.9,152.3,0.4,62.6,135.0,59.97,215.3,0.7,0.0,1363.4,27.7,0.0,0.0,0,38.845008416418494,1591.9140871762477,40.9811749842072,24.625,24.312,2025-10-26 06:35:25
162.2,0.4,75.4,153.1,0.4,62.1,135.3,59.97,215.2,0.7,0.0,1363.4,27.7,0.0,0.0,0,38.845008416418494,2842.703727100442,73.1806696146557,24.625,24.312,2025-10-26 06:35:27
165.3,0.4,74.6,150.2,0.4,63.1,135.2,59.99,215.2,0.6,0.0,1363.4,27.7,0.0,0.0,0,38.845008416418494,1250.7896399241945,32.19949463044851,24.687,24.25,2025-10-26 06:35:29
162.3,0.4,75.4,147.2,0.4,62.5,135.4,60,215.2,0.6,0.0,1363.4,27.7,0.0,0.0,0,38.845008416418494,1857.233101705622,47.811370814908386,24.625,24.312,2025-10-26 06:35:32
162.1,0.4,75.7,147.3,0.4,62.1,134.3,60.02,215.3,0.7,0.0,1363.4,27.7,0.0,0.0,0,38.845008416418494,3449.14718888187,88.7925457991156,24.687,24.312,2025-10-26 06:35:34
159.5,0.4,74.7,150.2,0.4,63.1,135.3,60.01,215.2,0.6,0.0,1363.4,27.7,0.0,0.0,0,38.845008416418494,4662.034112444725,120.01629816803536,24.687,24.312,2025-10-26 06:35:37
162.2,0.4,76.4,153,0.4,62.1,135.9,60.02,215.3,0.7,0.0,1363.4,27.7,0.0,0.0,0,38.845008416418494,3676.563487049905,94.64699936828804,24.687,24.312,2025-10-26 06:35:39
163.1,0.4,76.7,152.7,0.4,62.0,135.2,60.03,215.2,0.7,0.0,1363.4,27.7,0.0,0.0,0,38.845008416418494,3411.2444725205305,87.81680353758685,24.687,24.312,2025-10-26 06:35:41
165.3,0.4,75.3,149.9,0.4,62.8,136.1,60.03,215.3,0.6,0.0,1363.4,27.7,0.0,0.0,0,38.845008416418494,2577.3847125710677,66.35047378395451,24.687,24.312,2025-10-26 06:35:44
162.1,0.4,75.8,147.2,0.4,62.0,135.3,60.03,215.2,0.8,0.0,1363.4,27.7,0.0,0.0,0,38.845008416418494,2084.649399873658,53.66582438408086,24.687,24.312,2025-10-26 06:35:46
160.7,0.4,76.0,148.7,0.4,62.0,135.5,60.03,215.3,0.7,0.0,1363.4,27.7,0.0,0.0,0,38.845008416418494,1516.108654453569,39.029690461149706,24.687,24.312,2025-10-26 06:35:48
160.8,0.4,74.6,150.9,0.3,62.7,134.8,60.03,215.2,0.7,0.0,1363.4,27.7,0.0,0.0,0,38.845008416418494,2994.3145925457993,77.08363866077069,24.625,24.312,2025-10-26 06:35:51
162.2,0.4,76.5,153.1,0.4,61.9,135.9,60.02,215.3,0.7,0.0,1363.4,27.7,0.0,0.0,0,38.845008416418494,4169.298799747316,107.33164876816171,24.625,24.312,2025-10-26 06:35:53
165.3,0.4,75.0,149.8,0.4,62.6,135.1,60,215.2,0.7,0.0,1363.4,27.7,0.0,0.0,0,38.845008416418494,4699.936828806064,120.9920404295641,24.687,24.312,2025-10-26 06:35:56
163.5,0.4,76.3,148.3,0.4,63.0,136.8,60,215.3,0.7,0.0,1363.4,27.7,0.0,0.0,0,38.845008416418494,4699.936828806064,120.9920404295641,24.625,24.312,2025-10-26 06:35:58
162.2,0.4,76.0,147.3,0.4,61.8,135.3,60.02,215.3,0.7,0.0,1363.4,27.7,0.0,0.0,0,38.845008416418494,4396.715097915351,113.18610233733418,24.625,24.312,2025-10-26 06:36:00
159.7,0.4,75.4,150.1,0.4,62.5,135.3,59.98,215.2,0.7,0.0,1363.4,27.7,0.0,0.0,0,38.845008416418494,3979.785217940619,102.45293746051799,24.625,24.312,2025-10-26 06:36:03
159.3,0.4,76.4,153.4,0.4,62.4,136.2,60.01,215.3,0.6,0.0,1363.4,27.8,0.0,0.0,0,38.845008416418494,3221.7308907138345,82.93809222994314,24.625,24.312,2025-10-26 06:36:05
162.4,0.4,76.7,153,0.4,61.9,135.9,59.98,215.3,0.6,0.0,1363.4,27.8,0.0,0.0,0,38.845008416418494,2842.703727100442,73.1806696146557,24.687,24.312,2025-10-26 06:36:07
165.2,0.4,75.6,150.2,0.4,62.8,135.7,59.98,215.1,0.7,0.0,1363.4,27.8,0.0,0.0,0,38.845008416418494,3828.1743524952617,98.54996841440301,24.687,24.312,2025-10-26 06:36:10
163.5,0.4,75.9,147.3,0.4,61.6,135.0,59.98,215.3,0.8,0.0,1363.4,27.8,0.0,0.0,0,38.845008416418494,3032.217308907138,78.05938092229941,24.687,24.312,2025-10-26 06:36:12
162,0.4,76.2,147.4,0.4,61.5,135.2,59.98,215.2,0.7,0.0,1363.4,27.8,0.0,0.0,0,38.845008416418494,2880.6064434617815,74.15641187618445,24.687,24.312,2025-10-26 06:36:15
159.4,0.4,75.6,150.2,0.4,62.3,135.4,59.98,215.2,0.7,0.0,1363.4,27.8,0.0,0.0,0,38.845008416418494,1895.1358180669613,48.78711307643714,24.687,24.312,2025-10-26 06:36:17
162.3,0.4,76.9,153.1,0.3,61.1,135.4,59.99,215.3,0.6,0.0,1363.4,27.8,0.0,0.0,0,38.845008416418494,2728.9955780164246,70.25344283006949,24.687,24.312,2025-10-26 06:36:19
164,0.4,77.1,150.9,0.4,61.6,136.1,59.98,215.2,0.7,0.0,1363.4,27.8,0.0,0.0,0,38.845008416418494,2387.871130764371,61.471762476310786,24.687,24.312,2025-10-26 06:36:22
165.3,0.4,76.3,150.1,0.4,62.2,136.0,60.01,215.2,0.6,0.0,1363.4,27.8,0.0,0.0,0,38.845008416418494,1516.108654453569,39.029690461149706,24.687,24.312,2025-10-26 06:36:24
162.3,0.4,76.6,147.2,0.4,60.9,134.9,59.99,215.1,0.6,0.0,1363.4,27.8,0.0,0.0,0,38.845008416418494,644.3461781427669,16.58761844598863,24.687,24.312,2025-10-26 06:36:26
159.4,0.4,76.5,150.4,0.4,61.6,135.5,60.02,215.2,0.7,0.0,1363.4,27.8,0.0,0.0,0,38.845008416418494,758.0543272267845,19.514845230574853,24.687,24.312,2025-10-26 06:36:29
159.4,0.4,75.7,150.1,0.3,61.8,135.1,60.02,215.3,0.6,0.0,1363.4,27.8,0.0,0.0,0,38.845008416418494,1061.2760581174985,27.3207833228048,24.687,24.375,2025-10-26 06:36:31
162.4,0.4,77.3,153.1,0.4,61.3,136.1,60.03,215.2,0.6,0.0,1363.4,27.8,0.0,0.0,0,38.845008416418494,2842.703727100442,73.1806696146557,24.687,24.312,2025-10-26 06:36:34
165.4,0.4,76.3,149.9,0.4,62.2,136.0,60.03,215.2,0.8,0.0,1363.4,27.8,0.0,0.0,0,38.845008416418494,4662.034112444725,120.01629816803536,24.687,24.375,2025-10-26 06:36:36
165.2,0.4,76.0,150,0.4,62.2,135.7,60.03,215.2,0.8,0.0,1363.4,27.8,0.0,0.0,0,38.845008416418494,4775.742261528742,122.94352495262157,24.687,24.375,2025-10-26 06:36:38
162.2,0.4,76.7,147.3,0.4,61.0,135.4,60.02,215.2,0.7,0.0,1363.4,27.8,0.0,0.0,0,38.845008416418494,4662.034112444725,120.01629816803536,24.75,24.312,2025-10-26 06:36:41
159.3,0.4,75.7,150.2,0.4,61.7,134.9,60.02,215.1,0.7,0.0,1363.4,27.8,0.0,0.0,0,38.845008416418494,3487.049905243209,89.76828806064434,24.75,24.312,2025-10-26 06:36:43
161.2,0.4,75.8,151.7,0.3,61.7,135.0,60.01,215.2,0.8,0.0,1363.4,27.8,0.0,0.0,0,38.845008416418494,2122.552116234997,54.6415666456096,24.75,24.312,2025-10-26 06:36:45
162.2,0.4,76.8,153.1,0.4,61.2,135.1,60.01,215.3,0.7,0.0,1363.4,27.8,0.0,0.0,0,38.845008416418494,2425.7738471257107,62.44750473783954,24.687,24.312,2025-10-26 06:36:48
165.3,0.4,76.0,150.1,0.4,62.1,135.5,60.01,215.3,0.6,0.0,1363.4,27.8,0.0,0.0,0,38.845008416418494,1023.3733417561592,26.345041061276056,24.75,24.375,2025-10-26 06:36:50
162.9,0.4,76.2,147.6,0.4,61.3,134.9,60,215.3,0.6,0.0,1363.4,27.8,0.0,0.0,0,38.845008416418494,1061.2760581174985,27.3207833228048,24.687,24.375,2025-10-26 06:36:53
162.3,0.4,76.4,147.3,0.4,61.1,135.1,59.99,215.3,0.7,0.0,1363.4,27.8,0.0,0.0,0,38.845008416418494,1326.595072646873,34.15097915350599,24.75,24.375,2025-10-26 06:36:55
159.2,0.4,75.3,150,0.4,61.6,134.5,60,215.3,0.6,0.0,1363.4,27.8,0.0,0.0,0,38.845008416418494,2046.7466835123184,52.69008212255211,24.75,24.312,2025-10-26 06:36:57
162.4,0.4,76.4,153.3,0.3,61.1,135.0,60,215.2,0.7,0.0,1363.4,27.8,0.0,0.0,0,38.845008416418494,4737.839545167403,121.96778269109284,24.75,24.375,2025-10-26 06:37:00
162.5,0.4,77.4,153.1,0.4,61.1,134.4,59.98,215.2,0.7,0.0,1363.4,27.8,0.0,0.0,0,38.845008416418494,4055.5906506632973,104.40442198357547,24.75,24.375,2025-10-26 06:37:02
165.3,0.4,76.2,150.1,0.4,62.0,135.8,60,215.3,0.7,0.0,1363.4,27.8,0.0,0.0,0,38.845008416418494,4813.644977890082,123.91926721415034,24.75,24.312,2025-10-26 06:37:04
162.3,0.4,76.3,147.2,0.4,60.7,134.5,59.98,215.3,0.7,0.0,1363.4,27.8,0.0,0.0,0,38.845008416418494,4434.61781427669,114.16184459886291,24.75,24.375,2025-10-26 06:37:07
161.4,0.4,76.4,148.1,0.4,60.8,134.8,59.99,215.2,0.6,0.0,1363.4,27.8,0.0,0.0,0,38.845008416418494,4586.228679722047,118.06481364497787,24.75,24.312,2025-10-26 06:37:09
159.9,0.4,75.6,150.4,0.3,61.4,134.2,59.99,215.2,0.7,0.0,1363.4,27.8,0.0,0.0,0,38.845008416418494,4169.298799747316,107.33164876816171,24.75,24.375,2025-10-26 06:37:11
162.2,0.4,77.1,153.2,0.4,61.1,135.7,59.98,215.2,0.7,0.0,1363.4,27.8,0.0,0.0,0,38.845008416418494,4510.423246999368,116.11332912192037,24.75,24.375,2025-10-26 06:37:14
164.5,0.4,76.1,150.6,0.4,61.5,135.1,59.98,215.1,0.7,0.0,1363.4,27.8,0.0,0.0,0,38.845008416418494,4699.936828806064,120.9920404295641,24.75,24.375,2025-10-26 06:37:16
164.2,0.4,76.2,148.8,0.4,61.6,135.2,59.99,215.2,0.6,0.0,1363.4,27.8,0.0,0.0,0,38.845008416418494,4699.936828806064,120.9920404295641,24.75,24.375,2025-10-26 06:37:19
162.4,0.4,76.4,147.3,0.4,60.9,135.0,59.99,215.1,0.6,0.0,1363.4,27.8,0.0,0.0,0,38.845008416418494,4699.936828806064,120.9920404295641,24.75,24.375,2025-10-26 06:37:21
159.3,0.4,76.2,150.1,0.4,61.1,134.9,59.99,215.1,0.7,0.0,1363.4,27.8,0.0,0.0,0,38.845008416418494,4245.104232469994,109.2831332912192,24.75,24.375,2025-10-26 06:37:23
161.7,0.4,76.2,152.5,0.4,61.4,135.1,60.01,215.1,0.7,0.0,1363.4,27.8,0.0,0.0,0,38.845008416418494,3638.660770688566,93.67125710675931,24.75,24.375,2025-10-26 06:37:26
162.1,0.4,76.9,153.1,0.4,61.2,135.2,60,215.2,0.7,0.0,1363.4,27.9,0.0,0.0,0,38.845008416418494,3145.925457991156,80.98660770688565,24.75,24.375,2025-10-26 06:37:28
165.3,0.4,75.6,150,0.4,61.9,135.0,60,215.1,0.6,0.0,1363.4,27.9,0.0,0.0,0,38.845008416418494,2312.065698041693,59.520277953253306,24.75,24.375,2025-10-26 06:37:30
162.2,0.4,76.3,147.2,0.4,60.7,134.4,60,215.1,0.7,0.0,1363.4,27.9,0.0,0.0,0,38.845008416418494,1933.0385344283006,49.76285533796588,24.75,24.375,2025-10-26 06:37:33
162.1,0.4,76.6,147.3,0.4,60.7,135.0,60.01,215.2,0.7,0.0,1363.4,27.9,0.0,0.0,0,38.845008416418494,985.4706253948199,25.36929879974731,24.75,24.437,2025-10-26 06:37:35
159.5,0.4,75.6,149.9,0.4,62.0,135.1,59.99,215.1,0.7,0.0,1363.4,27.9,0.0,0.0,0,38.845008416418494,758.0543272267845,19.514845230574853,24.75,24.375,2025-10-26 06:37:38
162.5,0.4,77.2,153,0.4,61.3,136.0,60.03,215.1,0.7,0.0,1363.4,27.9,0.0,0.0,0,38.845008416418494,909.6651926721415,23.41781427668983,24.75,24.437,2025-10-26 06:37:40
163.1,0.4,76.7,152,0.4,61.4,135.3,60,215.1,0.6,0.0,1363.4,27.9,0.0,0.0,0,38.845008416418494,1591.9140871762477,40.9811749842072,24.75,24.437,2025-10-26 06:37:42
165.3,0.4,75.2,150.1,0.4,62.1,135.0,60.04,215.3,0.8,0.0,1363.4,27.9,0.0,0.0,0,38.845008416418494,2728.9955780164246,70.25344283006949,24.75,24.437,2025-10-26 06:37:45
162.4,0.4,77.0,147.3,0.4,60.9,135.4,60.04,215.2,0.7,0.0,1363.4,27.9,0.0,0.0,0,38.845008416418494,4662.034112444725,120.01629816803536,24.75,24.375,2025-10-26 06:37:47
159.7,0.4,75.6,149.5,0.4,60.9,133.8,60.04,215.3,0.7,0.0,1363.4,27.9,0.0,0.0,0,38.845008416418494,4624.131396083386,119.04055590650661,24.75,24.437,2025-10-26 06:37:49
159.3,0.4,75.4,149.8,0.3,62.2,134.3,60.03,215.1,0.7,0.0,1363.4,27.9,0.0,0.0,0,38.845008416418494,1137.0814908401767,29.272267845862277,24.75,24.437,2025-10-26 06:37:52
162.2,0.4,77.0,153,0.4,61.8,136.3,60.04,215.3,0.6,0.0,1363.4,27.9,0.0,0.0,0,38.845008416418494,720.1516108654454,18.539102969046112,24.75,24.437,2025-10-26 06:37:54
165.4,0.4,75.9,150.2,0.4,62.2,135.4,60.04,215.2,0.7,0.0,1363.4,27.9,0.0,0.0,0,38.845008416418494,1554.0113708149083,40.00543272267845,24.812,24.437,2025-10-26 06:37:57
165.3,0.4,75.9,149.9,0.4,62.6,135.7,60.02,215.2,0.7,0.0,1363.4,27.9,0.0,0.0,0,38.845008416418494,2349.968414403032,60.49602021478205,24.812,24.437,2025-10-26 06:37:59
162.5,0.4,77.1,147.3,0.4,61.5,136.0,60.02,215.3,0.7,0.0,1363.4,27.9,0.0,0.0,0,38.845008416418494,3828.1743524952617,98.54996841440301,24.812,24.437,2025-10-26 06:38:01
159.2,0.4,76.2,150.3,0.4,62.7,136.4,60,215.3,0.6,0.0,1363.4,27.9,0.0,0.0,0,38.845008416418494,3903.9797852179404,100.5014529374605,24.812,24.437,2025-10-26 06:38:04
160.5,0.4,76.2,151.1,0.4,62.6,136.3,60,215.3,0.7,0.0,1363.4,27.9,0.0,0.0,0,38.845008416418494,4662.034112444725,120.01629816803536,24.812,24.437,2025-10-26 06:38:06
162.3,0.4,77.7,153.1,0.4,62.3,137.6,59.97,215.3,0.6,0.0,1363.4,27.9,0.0,0.0,0,38.845008416418494,3714.466203411244,95.62274162981677,24.812,24.437,2025-10-26 06:38:08
165.3,0.4,76.2,150.1,0.4,63.2,136.8,59.97,215.2,0.7,0.0,1363.4,27.9,0.0,0.0,0,38.845008416418494,4245.104232469994,109.2831332912192,24.812,24.5,2025-10-26 06:38:11
163.4,0.4,76.7,148.1,0.4,62.7,136.8,59.98,215.2,0.6,0.0,1363.4,27.9,0.0,0.0,0,38.845008416418494,4586.228679722047,118.06481364497787,24.812,24.437,2025-10-26 06:38:13
162.2,0.4,77.2,147.4,0.4,62.1,137.1,60,215.3,0.6,0.0,1363.4,27.9,0.0,0.0,0,38.845008416418494,4775.742261528742,122.94352495262157,24.812,24.5,2025-10-26 06:38:15
159.3,0.4,76.6,150,0.4,63.1,137.0,60,215.3,0.6,0.0,1363.4,27.9,0.0,0.0,0,38.845008416418494,4662.034112444725,120.01629816803536,24.812,24.437,2025-10-26 06:38:18
162.2,0.4,76.9,153,0.4,62.4,136.7,60.03,215.3,0.6,0.0,1363.4,27.9,0.0,0.0,0,38.845008416418494,2349.968414403032,60.49602021478205,24.812,24.5,2025-10-26 06:38:20
162.5,0.4,77.7,153.1,0.4,63.2,138.4,60.04,215.3,0.7,0.0,1363.4,27.9,0.0,0.0,0,38.845008416418494,985.4706253948199,25.36929879974731,24.812,24.5,2025-10-26 06:38:23
165.3,0.4,77.3,149.9,0.4,64.1,138.3,60.06,215.3,0.6,0.0,1363.4,27.9,0.0,0.0,0,38.845008416418494,871.7624763108023,22.442072015161084,24.812,24.5,2025-10-26 06:38:25
162.3,0.4,77.6,147.5,0.4,62.6,137.5,60.04,215.2,0.6,0.0,1363.4,27.9,0.0,0.0,0,38.845008416418494,4017.687934301958,103.42867972204674,24.812,24.5,2025-10-26 06:38:27
161.5,0.4,77.8,147.8,0.4,63.1,137.7,60.05,215.3,0.6,0.0,1363.4,27.9,0.0,0.0,0,38.845008416418494,4699.936828806064,120.9920404295641,24.812,24.5,2025-10-26 06:38:30
159.4,0.4,76.6,150.2,0.4,63.3,137.9,60.04,215.3,0.7,0.0,1363.4,27.9,0.0,0.0,0,38.845008416418494,3373.3417561591914,86.84106127605811,24.812,24.5,2025-10-26 06:38:32
162.4,0.4,78.4,153.2,0.4,63.0,138.7,60.06,215.4,0.6,0.0,1363.4,27.9,0.0,0.0,0,38.845008416418494,1743.5249526216046,44.88414403032217,24.812,24.5,2025-10-26 06:38:34
163.9,0.4,78.2,151.5,0.4,64.3,137.8,60.04,215.3,0.6,0.0,1363.4,27.9,0.0,0.0,0,38.845008416418494,1326.595072646873,34.15097915350599,24.812,24.437,2025-10-26 06:38:37
164,0.4,77.4,148.9,0.4,63.8,138.5,60.05,215.1,0.7,0.0,1363.4,28,0.0,0.0,0,38.845008416418494,871.7624763108023,22.442072015161084,24.812,24.5,2025-10-26 06:38:39
162.2,0.4,78.3,147.2,0.4,62.7,138.7,60.03,215.2,0.7,0.0,1363.4,28,0.0,0.0,0,38.845008416418494,1061.2760581174985,27.3207833228048,24.875,24.5,2025-10-26 06:38:42
159.4,0.4,78.0,150.1,0.4,63.2,138.7,60.04,215.2,0.7,0.0,1363.4,28,0.0,0.0,0,38.845008416418494,3714.466203411244,95.62274162981677,24.875,24.5,2025-10-26 06:38:44
161.1,0.4,77.5,152.3,0.4,64.2,139.0,60.02,215.3,0.7,0.0,1363.4,28,0.0,0.0,0,38.845008416418494,4586.228679722047,118.06481364497787,24.875,24.5,2025-10-26 06:38:46
162.3,0.4,78.4,153.1,0.4,63.7,139.9,60.04,215.4,0.7,0.0,1363.4,28,0.0,0.0,0,38.845008416418494,4358.812381554011,112.21036007580541,24.812,24.5,2025-10-26 06:38:49
165.3,0.4,77.4,150.3,0.4,64.3,139.7,60.03,215.5,0.7,0.0,1363.4,28,0.0,0.0,0,38.845008416418494,4093.493367024637,105.38016424510423,24.875,24.5,2025-10-26 06:38:51
162.2,0.4,78.7,147.1,0.4,63.9,140.1,60.05,215.5,0.7,0.0,1363.4,28,0.0,0.0,0,38.845008416418494,833.8597599494631,21.46632975363234,24.875,24.5,2025-10-26 06:38:53
162.3,0.4,79.5,147.3,0.4,63.6,140.0,60.05,215.4,0.6,0.0,1363.4,28,0.0,0.0,0,38.845008416418494,1137.0814908401767,29.272267845862277,24.875,24.5,2025-10-26 06:38:56
159.3,0.4,78.4,150.1,0.4,64.4,139.9,60.05,214.9,0.7,0.0,1363.4,28,0.0,0.0,0,38.845008416418494,3449.14718888187,88.7925457991156,24.875,24.5,2025-10-26 06:38:58
162.2,0.4,79.3,153,0.4,64.2,140.8,60.04,214.9,0.8,0.0,1363.4,28,0.0,0.0,0,38.845008416418494,4283.006948831333,110.25887555274794,24.875,24.5,2025-10-26 06:39:01
162.7,0.4,79.5,152.8,0.4,64.3,141.1,60.04,215,0.8,0.0,1363.4,28,0.0,0.0,0,38.845008416418494,3108.0227416298167,80.0108654453569,24.875,24.5,2025-10-26 06:39:03
165.3,0.4,78.6,150.3,0.4,65.3,140.7,60.05,215.1,0.7,0.0,1363.4,28,0.0,0.0,0,38.845008416418494,1212.8869235628554,31.22375236891977,24.875,24.5,2025-10-26 06:39:05
162.2,0.4,79.2,147.3,0.4,64.0,140.5,60.05,215.2,0.7,0.0,1363.4,28,0.0,0.0,0,38.845008416418494,985.4706253948199,25.36929879974731,24.875,24.5,2025-10-26 06:39:08
160.8,0.4,79.4,148.8,0.4,63.9,140.6,60.05,215.2,0.7,0.0,1363.4,28,0.0,0.0,0,38.845008416418494,2084.649399873658,53.66582438408086,24.875,24.5,2025-10-26 06:39:10
159.4,0.4,78.8,150.2,0.4,64.9,140.6,60.04,215.1,0.6,0.0,1363.4,28,0.0,0.0,0,38.845008416418494,758.0543272267845,19.514845230574853,24.875,24.5,2025-10-26 06:39:12
162.3,0.4,79.6,153.2,0.4,64.7,141.7,60.04,215.1,0.7,0.0,1363.4,28,0.0,0.0,0,38.845008416418494,4396.715097915351,113.18610233733418,24.875,24.5,2025-10-26 06:39:15
165.3,0.4,79.6,153.1,0.4,65.5,142.6,60.04,214.8,0.8,0.0,1363.4,28,0.0,0.0,0,38.845008416418494,3903.9797852179404,100.5014529374605,24.875,24.5,2025-10-26 06:39:17
165.3,0.4,78.9,150,0.4,65.1,141.5,60.05,215.2,0.6,0.0,1363.4,28,0.0,0.0,0,38.845008416418494,1933.0385344283006,49.76285533796588,24.875,24.5,2025-10-26 06:39:20
162.4,0.4,80.5,147.4,0.4,65.2,142.8,60.04,215.1,0.7,0.0,1363.4,28,0.0,0.0,0,38.845008416418494,795.9570435881238,20.4905874921036,24.875,24.5,2025-10-26 06:39:22
159.7,0.5,79.1,147.2,0.4,64.3,140.7,60.04,215.1,0.8,0.0,1363.4,28,0.0,0.0,0,38.845008416418494,758.0543272267845,19.514845230574853,24.937,24.5,2025-10-26 06:39:24
159.3,0.4,79.0,150.1,0.4,65.0,141.4,60.04,215.3,0.7,0.0,1363.4,28,0.0,0.0,0,38.845008416418494,1970.9412507896398,50.73859759949462,24.875,24.5,2025-10-26 06:39:27
162.3,0.4,80.7,153,0.4,65.6,143.5,60.04,215.2,0.7,0.0,1363.4,28,0.0,0.0,0,38.845008416418494,3979.785217940619,102.45293746051799,24.937,24.5,2025-10-26 06:39:29
165.3,0.4,79.8,151.9,0.4,66.6,143.7,60.03,215.1,0.7,0.0,1363.4,28,0.0,0.0,0,38.845008416418494,4699.936828806064,120.9920404295641,24.875,24.5,2025-10-26 06:39:31
163.4,0.5,80.3,153.1,0.4,66.0,143.5,60.03,215.1,0.7,0.0,1363.4,28,0.0,0.0,0,38.845008416418494,4320.909665192672,111.23461781427667,24.937,24.5,2025-10-26 06:39:34
162.3,0.4,80.6,150.1,0.4,66.2,144.1,60.03,215.1,0.8,0.0,1363.4,28,0.0,0.0,0,38.845008416418494,2425.7738471257107,62.44750473783954,24.875,24.5,2025-10-26 06:39:36
159.4,0.5,79.9,150.2,0.4,65.8,142.9,60.02,215.1,0.7,0.0,1363.4,28,0.0,0.0,0,38.845008416418494,758.0543272267845,19.514845230574853,24.875,24.5,2025-10-26 06:39:39
162.2,0.5,80.6,150.3,0.4,66.1,143.8,60.02,215.1,0.7,0.0,1363.4,28,0.0,0.0,0,38.845008416418494,1591.9140871762477,40.9811749842072,24.875,24.437,2025-10-26 06:39:41
162.5,0.4,81.1,148.2,0.4,66.2,144.6,60.02,215.2,0.7,0.0,1363.4,28,0.0,0.0,0,38.845008416418494,871.7624763108023,22.442072015161084,24.875,24.437,2025-10-26 06:39:43
165.3,0.4,80.8,147.3,0.4,65.4,143.5,60.01,215.1,0.6,0.0,1363.4,28,0.0,0.0,0,38.845008416418494,2425.7738471257107,62.44750473783954,24.875,24.437,2025-10-26 06:39:46
162.2,0.5,81.7,150.1,0.4,66.4,145.2,60.02,215.2,0.7,0.0,1363.4,28,0.0,0.0,0,38.845008416418494,3903.9797852179404,100.5014529374605,24.875,24.437,2025-10-26 06:39:48
162.2,0.5,80.9,153.2,0.4,66.6,144.7,60.01,215.1,0.7,0.0,1363.4,28,0.0,0.0,0,38.845008416418494,2766.8982943777637,71.22918509159823,24.875,24.437,2025-10-26 06:39:50
159.4,0.5,80.8,153.2,0.4,66.7,144.7,60.03,215.2,0.7,0.0,1363.4,28,0.0,0.0,0,38.845008416418494,4434.61781427669,114.16184459886291,24.875,24.437,2025-10-26 06:39:53
162.3,0.5,81.9,150,0.4,67.0,146.2,60.02,215.2,0.7,0.0,1363.4,28,0.0,0.0,0,38.845008416418494,4775.742261528742,122.94352495262157,24.875,24.375,2025-10-26 06:39:55
163.8,0.5,81.4,147.2,0.4,66.6,145.2,60.04,215.3,0.7,0.0,1363.4,28,0.0,0.0,0,38.845008416418494,3487.049905243209,89.76828806064434,24.875,24.375,2025-10-26 06:39:58
165.2,0.5,81.5,147.4,0.4,66.3,145.2,60.03,215.1,0.7,0.0,1363.4,28,0.0,0.0,0,38.845008416418494,1743.5249526216046,44.88414403032217,24.875,24.437,2025-10-26 06:40:00
162.1,0.5,81.6,150.1,0.4,67.5,146.4,60.05,215.2,0.7,0.0,1363.4,28,0.0,0.0,0,38.845008416418494,682.2488945041061,17.563360707517372,24.875,24.437,2025-10-26 06:40:02
159.8,0.5,82.2,153.1,0.4,67.1,145.7,60.02,215.2,0.7,0.0,1363.4,28,0.0,0.0,0,77.69001683283699,1705.6222362602653,21.954200884396712,24.937,24.437,2025-10-26 06:40:05
161.3,0.5,81.8,151.4,0.4,67.9,146.8,60.04,215.1,0.7,0.0,1363.4,28,0.0,0.0,0,77.69001683283699,3297.5363234365127,42.444788376500306,24.937,24.375,2025-10-26 06:40:07
162.3,0.5,82.7,150.1,0.4,67.7,147.3,60.02,215.1,0.7,0.0,1363.4,28,0.0,0.0,0,38.845008416418494,4775.742261528742,122.94352495262157,24.937,24.437,2025-10-26 06:40:09
165.4,0.5,81.9,147,0.4,66.4,146.9,60.02,215.1,0.7,0.0,1363.4,28,0.0,0.0,0,38.845008416418494,4813.644977890082,123.91926721415034,24.937,24.375,2025-10-26 06:40:12
165.3,0.5,83.0,150,0.4,67.3,147.5,60.02,215.2,0.7,0.0,1363.4,28,0.0,0.0,0,38.845008416418494,4396.715097915351,113.18610233733418,24.937,24.375,2025-10-26 06:40:14
165.2,0.5,82.9,150,0.4,67.9,147.9,60.02,215.2,0.7,0.0,1363.4,28.1,0.0,0.0,0,38.845008416418494,3070.1200252684775,79.03512318382816,24.937,24.375,2025-10-26 06:40:16
162.4,0.5,82.9,153.1,0.4,68.1,148.4,60.02,215.3,0.8,0.0,1363.4,28.1,0.0,0.0,0,38.845008416418494,1743.5249526216046,44.88414403032217,24.875,24.375,2025-10-26 06:40:19
159.2,0.5,82.3,149.9,0.4,67.4,147.0,60.01,215.3,0.7,0.0,1363.4,28.1,0.0,0.0,0,38.845008416418494,1326.595072646873,34.15097915350599,24.937,24.375,2025-10-26 06:40:21
159.6,0.5,82.2,153.1,0.4,68.0,147.4,60.01,215.3,0.7,0.0,1363.4,28.1,0.0,0.0,0,38.845008416418494,720.1516108654454,18.539102969046112,24.937,24.312,2025-10-26 06:40:24
162.3,0.5,83.5,154.2,0.4,68.1,146.5,60.01,215.2,0.7,0.0,1363.4,28.1,0.0,0.0,0,38.845008416418494,1402.4005053695514,36.10246367656348,24.937,24.312,2025-10-26 06:40:26
165.2,0.5,83.9,156,0.4,66.0,147.0,60.01,215.2,0.6,0.0,1363.4,28.1,0.0,0.0,0,38.845008416418494,3903.9797852179404,100.5014529374605,24.937,24.375,2025-10-26 06:40:28
164.5,0.5,84.3,153.3,0.4,68.1,149.6,60,215.3,0.7,0.0,1363.4,28.1,0.0,0.0,0,38.845008416418494,4169.298799747316,107.33164876816171,24.937,24.375,2025-10-26 06:40:31
165.3,0.5,83.7,150.9,0.4,68.5,149.1,59.98,215.3,0.7,0.0,1363.4,28.1,0.0,0.0,0,38.845008416418494,3449.14718888187,88.7925457991156,24.937,24.375,2025-10-26 06:40:33
165.3,0.5,83.7,150.8,0.4,69.1,149.9,59.98,215.2,0.6,0.0,1363.4,28.1,0.0,0.0,0,38.845008416418494,4169.298799747316,107.33164876816171,24.937,24.375,2025-10-26 06:40:35
162.8,0.5,83.6,150.1,0.4,69.0,149.7,59.97,215.2,0.6,0.0,1363.4,28.1,0.0,0.0,0,38.845008416418494,4358.812381554011,112.21036007580541,24.937,24.375,2025-10-26 06:40:38
165.3,0.5,83.1,153.1,0.4,68.8,150.0,59.98,215.2,0.7,0.0,1363.4,28.1,0.0,0.0,0,77.69001683283699,4548.325963360707,58.544535691724555,24.875,24.375,2025-10-26 06:40:40
167.4,0.4,80.8,155.8,0.4,68.6,146.8,59.99,215.3,0.7,0.0,1363.4,28.1,0.0,0.0,0,38.845008416418494,4624.131396083386,119.04055590650661,24.937,24.375,2025-10-26 06:40:43
165.2,0.5,80.0,156,0.4,66.7,143.1,59.98,215.3,0.6,0.0,1363.4,28.1,0.0,0.0,0,77.69001683283699,3866.0770688566013,49.76285533796588,24.937,24.375,2025-10-26 06:40:45
164.9,0.5,84.8,153.1,0.4,69.1,150.9,60,215.2,0.7,0.0,1363.4,28.1,0.0,0.0,0,77.69001683283699,3562.855337965888,45.85988629185091,24.937,24.375,2025-10-26 06:40:47
162.1,0.5,84.0,150.4,0.4,69.2,150.1,60,215.2,0.7,0.0,1363.4,28.1,0.0,0.0,0,77.69001683283699,4472.5205306380285,57.56879343019582,24.937,24.375,2025-10-26 06:40:50
165,0.5,84.3,151.5,0.4,69.7,151.0,60.03,215.2,0.7,0.0,1363.4,28.1,0.0,0.0,0,77.69001683283699,3600.758054327227,46.34775742261529,24.937,24.375,2025-10-26 06:40:52
165.6,0.4,84.7,151.4,0.4,69.3,151.2,60.02,215,0.6,0.0,1363.4,28.1,0.0,0.0,0,77.69001683283699,1174.984207201516,15.124005053695512,24.937,24.375,2025-10-26 06:40:54
165,0.5,82.8,154.6,0.4,68.6,150.5,60.03,215.1,0.7,0.0,1363.4,28.1,0.0,0.0,0,77.69001683283699,758.0543272267845,9.757422615287426,24.937,24.375,2025-10-26 06:40:57
163.6,0.5,85.7,153.5,0.4,68.4,151.3,60.01,215.1,0.7,0.0,1363.4,28.1,0.0,0.0,0,38.845008416418494,2804.801010739103,72.20492735312696,24.937,24.375,2025-10-26 06:40:59
162.1,0.5,84.1,151.6,0.4,69.9,151.2,60,215.3,0.7,0.0,1363.4,28.1,0.0,0.0,0,77.69001683283699,2577.3847125710677,33.17523689197726,24.937,24.375,2025-10-26 06:41:02
165,0.5,85.5,148.8,0.4,69.3,151.9,59.98,215.1,0.7,0.0,1363.4,28.1,0.0,0.0,0,77.69001683283699,2653.190145293746,34.15097915350599,24.937,24.375,2025-10-26 06:41:04
167,0.4,82.9,150.9,0.4,69.6,150.0,59.98,215.1,0.6,0.0,1363.4,28.1,0.0,0.0,0,77.69001683283699,1933.0385344283006,24.88142766898294,24.937,24.375,2025-10-26 06:41:06
165.1,0.5,78.6,151.6,0.4,70.9,146.1,59.97,215,0.7,0.0,1363.4,28.1,0.0,0.0,0,38.845008416418494,3600.758054327227,92.69551484523058,24.875,24.375,2025-10-26 06:41:09
165,0.5,85.3,154.6,0.4,69.1,151.6,59.97,215,0.7,0.0,1363.4,28.1,0.0,0.0,0,38.845008416418494,3145.925457991156,80.98660770688565,24.937,24.375,2025-10-26 06:41:11
162.1,0.5,84.9,151.3,0.4,70.0,152.1,59.99,215.1,0.7,0.0,1363.4,28.1,0.0,0.0,0,77.69001683283699,2842.703727100442,36.59033480732785,24.937,24.375,2025-10-26 06:41:13
165,0.5,85.2,151.7,0.4,71.3,153.5,59.97,215.1,0.7,0.0,1363.4,28.1,0.0,0.0,0,77.69001683283699,2501.579279848389,32.19949463044851,24.937,24.375,2025-10-26 06:41:16
165.3,0.4,86.0,148.7,0.4,70.6,144.6,59.98,215.1,0.7,0.0,1363.4,28.1,0.0,0.0,0,77.69001683283699,4207.201516108655,54.153695514845225,24.937,24.375,2025-10-26 06:41:18
165.1,0.5,83.0,151.5,0.4,71.0,153.4,59.97,214.9,0.7,0.0,1363.4,28.1,0.0,0.0,0,77.69001683283699,4699.936828806064,60.49602021478205,24.937,24.375,2025-10-26 06:41:21
164.6,0.5,86.5,152.1,0.4,71.2,154.8,59.98,215.2,0.7,0.0,1363.4,28.1,0.0,0.0,0,77.69001683283699,2160.454832596336,27.80865445356917,24.937,24.375,2025-10-26 06:41:23
162,0.5,85.6,154.6,0.4,69.9,152.5,59.97,215.1,0.7,0.0,1363.4,28.1,0.0,0.0,0,77.69001683283699,2463.67656348705,31.71162349968414,24.937,24.375,2025-10-26 06:41:25
164.8,0.5,86.7,151.7,0.4,71.7,155.4,59.99,215.1,0.7,0.0,1363.4,28.1,0.0,0.0,0,38.845008416418494,3828.1743524952617,98.54996841440301,24.875,24.375,2025-10-26 06:41:28
166.6,0.4,85.0,149.6,0.4,71.7,154.5,59.98,215,0.7,0.0,1363.4,28.2,0.0,0.0,0,77.69001683283699,4169.298799747316,53.66582438408086,24.937,24.375,2025-10-26 06:41:30
165.2,0.5,77.7,149.7,0.4,70.7,154.7,59.99,215.1,0.7,0.0,1363.4,28.2,0.0,0.0,0,77.69001683283699,3070.1200252684775,39.51756159191408,24.937,24.375,2025-10-26 06:41:32
163.1,0.5,86.9,151.6,0.4,71.7,155.6,59.97,215.1,0.7,0.0,1363.4,28.2,0.0,0.0,0,77.69001683283699,3259.6336070751736,41.95691724573594,24.937,24.375,2025-10-26 06:41:35
161.9,0.5,86.7,154.7,0.4,71.3,155.0,59.99,215.1,0.7,0.0,1363.4,28.2,0.0,0.0,0,77.69001683283699,3449.14718888187,44.3962728995578,24.937,24.375,2025-10-26 06:41:37
164.7,0.5,87.1,154.7,0.4,70.6,156.0,59.98,215.1,0.7,0.0,1363.4,28.2,0.0,0.0,0,77.69001683283699,4548.325963360707,58.544535691724555,24.937,24.375,2025-10-26 06:41:40
167.9,0.4,80.0,151.5,0.4,72.2,150.1,59.99,215.1,0.7,0.0,1363.4,28.2,0.0,0.0,0,77.69001683283699,3373.3417561591914,43.42053063802906,24.937,24.375,2025-10-26 06:41:42
164.9,0.5,84.0,148.7,0.4,71.1,153.1,59.99,215,0.7,0.0,1363.4,28.2,0.0,0.0,0,77.69001683283699,3941.8825015792795,50.73859759949462,24.937,24.375,2025-10-26 06:41:44
164.7,0.5,88.5,149,0.4,71.4,156.5,59.98,215,0.7,0.0,1363.4,28.2,0.0,0.0,0,77.69001683283699,4283.006948831333,55.12943777637397,24.937,24.437,2025-10-26 06:41:47
162.2,0.5,87.5,151.6,0.4,72.6,157.0,59.98,215.1,0.6,0.0,1363.4,28.2,0.0,0.0,0,77.69001683283699,4320.909665192672,55.61730890713834,24.937,24.375,2025-10-26 06:41:49
164.9,0.5,89.1,154.6,0.4,70.9,156.8,59.96,215.1,0.8,0.0,1363.4,28.2,0.0,0.0,0,77.69001683283699,4662.034112444725,60.00814908401768,24.937,24.437,2025-10-26 06:41:51
166.3,0.4,88.4,152.9,0.4,72.9,145.8,59.98,215,0.7,0.0,1363.4,28.2,0.0,0.0,0,77.69001683283699,4169.298799747316,53.66582438408086,24.937,24.437,2025-10-26 06:41:54
165.1,0.5,89.3,151.2,0.4,73.2,159.3,59.97,215.1,0.7,0.0,1363.4,28.2,0.0,0.0,0,77.69001683283699,4283.006948831333,55.12943777637397,24.937,24.437,2025-10-26 06:41:56
163.5,0.5,89.1,148.6,0.4,71.9,158.0,59.99,215,0.7,0.0,1363.4,28.2,0.0,0.0,0,77.69001683283699,4662.034112444725,60.00814908401768,24.937,24.437,2025-10-26 06:41:58
162,0.5,88.5,151.4,0.4,73.3,158.6,59.99,215,0.7,0.0,1363.4,28.2,0.0,0.0,0,77.69001683283699,4586.228679722047,59.03240682248894,24.937,24.437,2025-10-26 06:42:01
165.1,0.5,89.8,153.4,0.4,73.5,160.4,59.98,215,0.7,0.0,1363.4,28.2,0.0,0.0,0,77.69001683283699,4510.423246999368,58.056664560960186,25.0,24.437,2025-10-26 06:42:03
167.7,0.4,84.0,154.5,0.4,72.4,153.8,59.99,215.1,0.7,0.0,1363.4,28.2,0.0,0.0,0,77.69001683283699,3524.9526216045483,45.37201516108654,24.937,24.437,2025-10-26 06:42:06
164.9,0.5,85.1,151.6,0.4,73.5,161.1,59.98,215.1,0.7,0.0,1363.4,28.2,0.0,0.0,0,77.69001683283699,3752.3689197725835,48.29924194567276,24.937,24.437,2025-10-26 06:42:08
162,0.5,90.3,148.8,0.4,73.7,160.2,59.98,215.3,0.7,0.0,1363.4,28.2,0.0,0.0,0,77.69001683283699,1516.108654453569,19.514845230574853,24.937,24.437,2025-10-26 06:42:10
162,0.5,89.1,148.7,0.5,73.1,159.1,59.98,215.3,0.7,0.0,1363.4,28.2,0.0,0.0,0,77.69001683283699,3259.6336070751736,41.95691724573594,25.0,24.437,2025-10-26 06:42:13
165,0.5,90.1,148.7,0.4,73.5,161.1,59.98,215.3,0.7,0.0,1363.4,28.2,0.0,0.0,0,77.69001683283699,3941.8825015792795,50.73859759949462,24.937,24.437,2025-10-26 06:42:15
168.1,0.4,83.0,151.6,0.4,74.3,151.4,60,215.3,0.7,0.0,1363.4,28.2,0.0,0.0,0,77.69001683283699,2956.4118761844597,38.05394819962097,24.937,24.437,2025-10-26 06:42:17
165.1,0.5,91.1,152,0.4,74.3,162.3,60,215.3,0.7,0.0,1363.4,28.2,0.0,0.0,0,77.69001683283699,1743.5249526216046,22.442072015161084,24.937,24.5,2025-10-26 06:42:20
163.2,0.5,92.1,154.6,0.4,73.0,161.2,60.01,215.1,0.8,0.0,1363.4,28.2,0.0,0.0,0,77.69001683283699,909.6651926721415,11.708907138344914,24.937,24.437,2025-10-26 06:42:22
162.2,0.5,91.1,151.6,0.5,74.9,162.8,60.01,215.5,0.7,0.0,1363.4,28.2,0.0,0.0,0,77.69001683283699,1250.7896399241945,16.099747315224256,24.937,24.5,2025-10-26 06:42:25
165.1,0.5,92.3,150.3,0.5,74.5,163.8,60,215.3,0.8,0.0,1363.4,28.3,0.0,0.0,0,77.69001683283699,1023.3733417561592,13.172520530638028,25.0,24.5,2025-10-26 06:42:27
167.4,0.4,88.7,148.6,0.5,74.0,160.0,60,215.3,0.7,0.0,1363.4,28.2,0.0,0.0,0,77.69001683283699,1970.9412507896398,25.36929879974731,25.0,24.5,2025-10-26 06:42:29
165.1,0.5,92.8,148.7,0.5,74.5,164.2,60.01,215.4,0.8,0.0,1363.4,28.3,0.0,0.0,0,77.69001683283699,2084.649399873658,26.83291219204043,25.0,24.5,2025-10-26 06:42:32
162.4,0.5,92.1,148.7,0.5,74.4,163.2,60.01,215.4,0.7,0.0,1363.4,28.3,0.0,0.0,0,77.69001683283699,2122.552116234997,27.3207833228048,25.0,24.5,2025-10-26 06:42:34
162,0.5,91.5,145.8,0.5,74.4,162.8,60,215.3,0.8,0.0,1363.4,28.3,0.0,0.0,0,77.69001683283699,4169.298799747316,53.66582438408086,25.0,24.5,2025-10-26 06:42:36
165.1,0.5,93.2,149,0.5,74.2,163.9,60,215.4,0.7,0.0,1363.4,28.3,0.0,0.0,0,77.69001683283699,4624.131396083386,59.520277953253306,25.0,24.5,2025-10-26 06:42:39
168,0.4,86.5,148.6,0.5,75.3,155.6,59.99,215.2,0.8,0.0,1363.4,28.3,0.0,0.0,0,77.69001683283699,4737.839545167403,60.98389134554642,25.0,24.5,2025-10-26 06:42:41
165.1,0.5,92.8,151.5,0.5,76.5,165.5,59.96,215.3,0.8,0.0,1363.4,28.3,0.0,0.0,0,77.69001683283699,4207.201516108655,54.153695514845225,25.0,24.5,2025-10-26 06:42:44
164,0.5,92.9,150.2,0.5,75.8,165.6,59.98,215.3,0.8,0.0,1363.4,28.3,0.0,0.0,0,77.69001683283699,4775.742261528742,61.471762476310786,25.0,24.5,2025-10-26 06:42:46
162,0.5,93.0,153.1,0.5,76.2,166.0,59.97,215.3,0.7,0.0,1363.4,28.3,0.0,0.0,0,77.69001683283699,4699.936828806064,60.49602021478205,25.0,24.5,2025-10-26 06:42:48
164.9,0.5,94.6,150,0.5,76.2,167.4,59.98,215.3,0.8,0.0,1363.4,28.3,0.0,0.0,0,77.69001683283699,4775.742261528742,61.471762476310786,25.0,24.562,2025-10-26 06:42:51
167.1,0.5,83.5,147.1,0.5,75.6,156.5,59.98,215.3,0.7,0.0,1363.4,28.3,0.0,0.0,0,77.69001683283699,4586.228679722047,59.03240682248894,25.0,24.5,2025-10-26 06:42:53
165,0.5,94.3,148.8,0.5,75.8,166.6,59.99,215.3,0.8,0.0,1363.4,28.3,0.0,0.0,0,77.69001683283699,4775.742261528742,61.471762476310786,25.0,24.562,2025-10-26 06:42:55
162.5,0.5,94.2,150.1,0.5,76.7,168.0,59.97,215.2,0.8,0.0,1363.4,28.3,0.0,0.0,0,77.69001683283699,4662.034112444725,60.00814908401768,25.0,24.562,2025-10-26 06:42:58
162,0.5,93.6,152.3,0.5,77.5,168.0,59.98,215.3,0.8,0.0,1363.4,28.3,0.0,0.0,0,77.69001683283699,3108.0227416298167,40.00543272267845,25.0,24.562,2025-10-26 06:43:00
165,0.5,94.8,152.8,0.5,77.5,169.1,59.98,215.3,0.8,0.0,1363.4,28.3,0.0,0.0,0,77.69001683283699,3979.785217940619,51.22646873025899,25.0,24.562,2025-10-26 06:43:02
168,0.5,90.1,153,0.5,78.0,162.2,59.97,215.3,0.8,0.0,1363.4,28.3,0.0,0.0,0,77.69001683283699,4813.644977890082,61.95963360707517,25.0,24.562,2025-10-26 06:43:05
165,0.5,94.4,150.2,0.5,77.8,169.9,59.98,215.3,0.7,0.0,1363.4,28.3,0.0,0.0,0,77.69001683283699,4662.034112444725,60.00814908401768,25.0,24.562,2025-10-26 06:43:07
161.9,0.5,94.7,150.2,0.5,77.8,169.3,59.96,215.2,0.8,0.0,1363.4,28.3,0.0,0.0,0,77.69001683283699,4624.131396083386,59.520277953253306,25.0,24.562,2025-10-26 06:43:10
162,0.5,95.0,150,0.5,78.6,170.4,59.99,215.4,0.8,0.0,1363.4,28.3,0.0,0.0,0,77.69001683283699,3524.9526216045483,45.37201516108654,25.0,24.562,2025-10-26 06:43:12
165,0.5,95.7,147.3,0.5,77.2,170.1,59.98,215.4,0.8,0.0,1363.4,28.3,0.0,0.0,0,77.69001683283699,4283.006948831333,55.12943777637397,25.0,24.562,2025-10-26 06:43:14
168,0.5,85.9,150,0.5,78.6,162.2,59.99,215.4,0.8,0.0,1363.4,28.3,0.0,0.0,0,77.69001683283699,2994.3145925457993,38.541819330385344,25.0,24.562,2025-10-26 06:43:17
165.1,0.5,96.5,150.9,0.5,78.8,172.0,60,215.4,0.8,0.0,1363.4,28.3,0.0,0.0,0,77.69001683283699,2653.190145293746,34.15097915350599,25.0,24.562,2025-10-26 06:43:19
162.9,0.5,96.4,152.2,0.5,79.5,171.3,60.02,215.3,0.8,0.0,1363.4,28.3,0.0,0.0,0,77.69001683283699,1137.0814908401767,14.636133922931139,25.0,24.562,2025-10-26 06:43:21
163.4,0.5,95.4,153.1,0.5,79.5,171.3,60.03,215.4,0.8,0.0,1363.4,28.3,0.0,0.0,0,77.69001683283699,2387.871130764371,30.735881238155393,24.937,24.562,2025-10-26 06:43:24
165.1,0.5,97.2,150.9,0.5,79.3,173.2,60.02,215.4,0.7,0.0,1363.4,28.3,0.0,0.0,0,77.69001683283699,833.8597599494631,10.73316487681617,25.0,24.562,2025-10-26 06:43:26
168,0.5,92.8,150.1,0.5,79.7,163.5,60.01,215.3,0.8,0.0,1363.4,28.3,0.0,0.0,0,77.69001683283699,1895.1358180669613,24.39355653821857,25.0,24.562,2025-10-26 06:43:29
165.1,0.5,97.1,147.3,0.5,78.3,172.0,60.01,215.3,0.8,0.0,1363.4,28.3,0.0,0.0,0,77.69001683283699,4055.5906506632973,52.20221099178774,25.0,24.562,2025-10-26 06:43:31
161.8,0.5,96.9,150.3,0.5,79.2,172.7,60.01,215.3,0.8,0.0,1363.4,28.3,0.0,0.0,0,77.69001683283699,3790.2716361339226,48.78711307643714,24.937,24.562,2025-10-26 06:43:33
161.9,0.6,96.6,150.2,0.5,80.0,173.2,60.02,215.2,0.8,0.0,1363.4,28.3,0.0,0.0,0,77.69001683283699,3259.6336070751736,41.95691724573594,24.937,24.562,2025-10-26 06:43:36
165.1,0.5,98.3,151.6,0.5,80.5,175.5,60.02,215.2,0.8,0.0,1363.4,28.3,0.0,0.0,0,77.69001683283699,4813.644977890082,61.95963360707517,25.0,24.562,2025-10-26 06:43:38
168.1,0.5,88.5,153.2,0.5,80.8,167.0,60.03,215.4,0.8,0.0,1363.4,28.3,0.0,0.0,0,77.69001683283699,4548.325963360707,58.544535691724555,25.0,24.562,2025-10-26 06:43:40
165.2,0.6,98.2,152,0.5,81.0,176.1,60.02,215.6,0.8,0.0,1363.4,28.3,0.0,0.0,0,77.69001683283699,2084.649399873658,26.83291219204043,25.0,24.562,2025-10-26 06:43:43
162.3,0.6,97.9,152.9,0.5,80.9,175.4,60.03,215.5,0.9,0.0,1363.4,28.4,0.0,0.0,0,77.69001683283699,1629.8168035375868,20.97845862286797,25.0,24.562,2025-10-26 06:43:45
162.9,0.6,97.4,150.2,0.5,80.8,175.0,60.02,215.5,0.8,0.0,1363.4,28.4,0.0,0.0,0,77.69001683283699,795.9570435881238,10.2452937460518,25.0,24.562,2025-10-26 06:43:48
164.9,0.6,98.9,148,0.5,80.7,176.2,60.02,215.5,0.8,0.0,1363.4,28.4,0.0,0.0,0,77.69001683283699,1743.5249526216046,22.442072015161084,25.0,24.562,2025-10-26 06:43:50
167.3,0.6,89.9,148,0.5,80.5,166.9,60.01,215.4,0.8,0.0,1363.4,28.4,0.0,0.0,0,77.69001683283699,2956.4118761844597,38.05394819962097,25.0,24.562,2025-10-26 06:43:52
165,0.6,99.3,150.1,0.5,81.3,177.5,60.02,215.4,0.8,0.0,1363.4,28.4,0.0,0.0,0,77.69001683283699,1137.0814908401767,14.636133922931139,25.0,24.562,2025-10-26 06:43:55
162.1,0.6,99.3,152.9,0.5,81.2,177.3,60.02,215.5,0.8,0.0,1363.4,28.4,0.0,0.0,0,77.69001683283699,4055.5906506632973,52.20221099178774,25.0,24.562,2025-10-26 06:43:57
162,0.6,98.9,152.8,0.5,82.5,177.9,60.01,215.6,0.8,0.0,1363.4,28.4,0.0,0.0,0,77.69001683283699,4207.201516108655,54.153695514845225,25.0,24.562,2025-10-26 06:43:59
165.1,0.6,100.6,151.4,0.5,83.1,180.2,60.01,215.5,0.9,0.0,1363.4,28.4,0.0,0.0,0,77.69001683283699,4813.644977890082,61.95963360707517,25.0,24.562,2025-10-26 06:44:02
168.2,0.6,92.0,151.7,0.5,82.6,172.6,60,215.5,0.8,0.0,1363.4,28.4,0.0,0.0,0,77.69001683283699,1440.3032217308908,18.539102969046112,25.0,24.562,2025-10-26 06:44:04
165.1,0.6,100.9,148.7,0.5,82.8,180.4,60.01,215.5,0.9,0.0,1363.4,28.4,0.0,0.0,0,77.69001683283699,3335.4390397978523,42.93265950726468,25.0,24.562,2025-10-26 06:44:06
161.9,0.6,100.2,148.8,0.5,82.1,178.8,60.01,215.5,0.8,0.0,1363.4,28.4,0.0,0.0,0,77.69001683283699,2842.703727100442,36.59033480732785,25.0,24.562,2025-10-26 06:44:09
162,0.6,99.5,151.7,0.5,83.2,179.3,60.01,215.3,0.8,0.0,1363.4,28.4,0.0,0.0,0,77.69001683283699,1819.330385344283,23.41781427668983,25.0,24.562,2025-10-26 06:44:11
164.9,0.6,101.7,154.6,0.5,82.3,180.6,60.01,215.4,0.8,0.0,1363.4,28.4,0.0,0.0,0,77.69001683283699,1288.6923562855338,16.58761844598863,25.0,24.562,2025-10-26 06:44:14
167.7,0.6,90.9,153.8,0.5,82.4,169.9,60.03,215.6,0.8,0.0,1363.4,28.4,0.0,0.0,0,77.69001683283699,4245.104232469994,54.6415666456096,25.0,24.562,2025-10-26 06:44:16
165,0.6,101.5,151.6,0.5,84.5,182.4,60.02,215.6,0.8,0.0,1363.4,28.4,0.0,0.0,0,77.69001683283699,1440.3032217308908,18.539102969046112,25.0,24.562,2025-10-26 06:44:18
162.4,0.6,100.5,148.7,0.5,82.6,179.6,60.02,215.6,0.8,0.0,1363.4,28.4,0.0,0.0,0,77.69001683283699,4775.742261528742,61.471762476310786,25.0,24.562,2025-10-26 06:44:21
164.4,0.6,100.5,150.8,0.5,83.2,180.2,60.01,215.6,0.8,0.0,1363.4,28.4,0.0,0.0,0,77.69001683283699,4889.450410612761,62.93537586860391,25.0,24.562,2025-10-26 06:44:23
165,0.6,102.2,151.7,0.5,84.7,183.4,60.02,214.9,0.8,0.0,1363.4,28.4,0.0,0.0,0,77.69001683283699,4927.3531269741,63.42324699936828,25.0,24.562,2025-10-26 06:44:25
168.3,0.6,95.5,154.6,0.5,83.5,175.5,60.03,215.2,0.8,0.0,1363.4,28.4,0.0,0.0,0,77.69001683283699,4851.5476942514215,62.44750473783954,25.0,24.562,2025-10-26 06:44:28
165,0.6,102.7,151.7,0.5,83.9,183.0,60.03,215.4,0.8,0.0,1363.4,28.4,0.0,0.0,0,77.69001683283699,3221.7308907138345,41.46904611497157,25.0,24.562,2025-10-26 06:44:30
162,0.6,101.3,151.6,0.5,84.8,182.6,60.02,215.4,0.9,0.0,1363.4,28.5,0.0,0.0,0,77.69001683283699,758.0543272267845,9.757422615287426,25.0,24.562,2025-10-26 06:44:33
162.1,0.6,101.4,148.6,0.5,84.1,182.9,60.01,215.4,0.9,0.0,1363.4,28.5,0.0,0.0,0,77.69001683283699,1174.984207201516,15.124005053695512,25.0,24.562,2025-10-26 06:44:35
165.1,0.6,103.3,151.4,0.5,85.2,184.9,60,215.5,0.8,0.0,1363.4,28.5,0.0,0.0,0,77.69001683283699,1061.2760581174985,13.6603916614024,25.0,24.562,2025-10-26 06:44:37
168,0.6,92.6,151.9,0.5,85.4,174.8,59.99,215.4,0.9,0.0,1363.4,28.5,0.0,0.0,0,77.69001683283699,682.2488945041061,8.781680353758686,25.0,24.562,2025-10-26 06:44:40
164.9,0.6,103.6,154.6,0.5,84.6,185.0,59.96,215.2,0.9,0.0,1363.4,28.5,0.0,0.0,0,77.69001683283699,1099.1787744788378,14.148262792166772,25.0,24.562,2025-10-26 06:44:42
161.9,0.6,102.8,151.5,0.5,85.4,184.5,59.95,215.4,0.8,0.0,1363.4,28.5,0.0,0.0,0,77.69001683283699,1023.3733417561592,13.172520530638028,25.0,24.625,2025-10-26 06:44:44
163.7,0.6,102.6,149.9,0.5,86.0,184.8,59.94,215.3,0.9,0.0,1363.4,28.5,0.0,0.0,0,77.69001683283699,758.0543272267845,9.757422615287426,25.0,24.625,2025-10-26 06:44:47
165,0.6,104.0,148.7,0.5,84.9,185.5,59.95,215.2,0.8,0.0,1363.4,28.5,0.0,0.0,0,77.69001683283699,720.1516108654454,9.269551484523056,25.0,24.625,2025-10-26 06:44:49
166.2,0.6,97.0,151.5,0.5,86.3,179.3,59.97,215.3,0.8,0.0,1363.4,28.5,0.0,0.0,0,77.69001683283699,947.5679090334806,12.196778269109284,25.0,24.625,2025-10-26 06:44:52
165,0.6,104.7,154.5,0.5,85.9,187.0,59.98,215.3,0.8,0.0,1363.4,28.5,0.0,0.0,0,77.69001683283699,795.9570435881238,10.2452937460518,25.0,24.625,2025-10-26 06:44:54
161.8,0.6,103.9,154.6,0.5,85.4,185.4,59.98,215.4,0.8,0.0,1363.4,28.5,0.0,0.0,0,77.69001683283699,833.8597599494631,10.73316487681617,25.0,24.625,2025-10-26 06:44:56
164.9,0.6,104.5,151.6,0.5,86.7,187.5,59.98,215.3,0.9,0.0,1363.4,28.5,0.0,0.0,0,77.69001683283699,833.8597599494631,10.73316487681617,25.0,24.625,2025-10-26 06:44:59
165,0.6,105.3,148.8,0.5,85.7,187.5,59.98,215.1,0.7,0.0,1363.4,28.5,0.0,0.0,0,77.69001683283699,758.0543272267845,9.757422615287426,25.0,24.625,2025-10-26 06:45:01
168.2,0.6,93.6,148.6,0.5,85.7,183.2,59.97,215.3,0.8,0.0,1363.4,28.5,0.0,0.0,0,77.69001683283699,1743.5249526216046,22.442072015161084,25.0,24.625,2025-10-26 06:45:03
164.9,0.6,105.7,151.6,0.5,87.2,189.2,59.98,215.4,0.9,0.0,1363.4,28.5,0.0,0.0,0,77.69001683283699,1250.7896399241945,16.099747315224256,25.0,24.625,2025-10-26 06:45:06
162.1,0.6,104.3,154.6,0.5,86.2,186.8,59.99,215.3,0.8,0.0,1363.4,28.5,0.0,0.0,0,77.69001683283699,1326.595072646873,17.075489576752997,25.0,24.625,2025-10-26 06:45:08
163.5,0.6,104.4,153.1,0.5,86.5,189.4,59.99,215.4,0.9,0.0,1363.4,28.5,0.0,0.0,0,77.69001683283699,1326.595072646873,17.075489576752997,25.0,24.625,2025-10-26 06:45:11
165,0.6,106.3,151.6,0.5,87.2,189.9,59.99,215.3,0.7,0.0,1363.4,28.5,0.0,0.0,0,77.69001683283699,985.4706253948199,12.684649399873654,25.0,24.625,2025-10-26 06:45:13
166.4,0.6,98.1,148.7,0.5,86.6,180.0,60,215.4,0.8,0.0,1363.4,28.5,0.0,0.0,0,77.69001683283699,2994.3145925457993,38.541819330385344,25.0,24.625,2025-10-26 06:45:15
165,0.6,106.2,151.3,0.5,87.2,190.0,59.98,215.2,0.9,0.0,1363.4,28.5,0.0,0.0,0,77.69001683283699,1933.0385344283006,24.88142766898294,25.0,24.687,2025-10-26 06:45:18
162.1,0.6,105.1,153.2,0.5,87.9,189.3,59.99,215.2,0.8,0.0,1363.4,28.5,0.0,0.0,0,77.69001683283699,2766.8982943777637,35.61459254579911,25.0,24.625,2025-10-26 06:45:20
164.3,0.6,105.8,154.5,0.5,87.2,189.2,59.99,215.3,0.9,0.0,1363.4,28.5,0.0,0.0,0,77.69001683283699,4093.493367024637,52.69008212255211,25.0,24.625,2025-10-26 06:45:22
165,0.6,106.8,151.1,0.5,87.6,190.4,59.98,215.3,0.8,0.0,1363.4,28.5,0.0,0.0,0,77.69001683283699,3752.3689197725835,48.29924194567276,25.0,24.625,2025-10-26 06:45:25
164.8,0.6,101.0,148.7,0.5,88.1,185.3,59.98,215.3,0.9,0.0,1363.4,28.5,0.0,0.0,0,77.69001683283699,4775.742261528742,61.471762476310786,25.062,24.625,2025-10-26 06:45:27
165,0.6,106.8,148.6,0.5,87.2,190.3,59.99,215.3,0.8,0.0,1363.4,28.5,0.0,0.0,0,77.69001683283699,3676.563487049905,47.32349968414402,25.062,24.625,2025-10-26 06:45:29
162,0.6,105.7,151.4,0.5,88.6,190.6,59.98,215.2,0.9,0.0,1363.4,28.5,0.0,0.0,0,77.69001683283699,3449.14718888187,44.3962728995578,25.062,24.625,2025-10-26 06:45:32
165,0.6,107.1,154.9,0.5,87.9,191.3,60,215.2,0.8,0.0,1363.4,28.6,0.0,0.0,0,77.69001683283699,4093.493367024637,52.69008212255211,25.062,24.687,2025-10-26 06:45:34
165,0.6,107.4,154.5,0.5,88.0,191.7,59.99,215.2,0.9,0.0,1363.4,28.6,0.0,0.0,0,77.69001683283699,4472.5205306380285,57.56879343019582,25.062,24.625,2025-10-26 06:45:37
167.6,0.6,99.2,151.6,0.5,89.0,183.6,60.01,215.2,0.8,0.0,1363.4,28.6,0.0,0.0,0,77.69001683283699,4699.936828806064,60.49602021478205,25.062,24.687,2025-10-26 06:45:39
164.9,0.6,107.3,148.6,0.5,87.5,191.7,60.01,215.2,0.9,0.0,1363.4,28.6,0.0,0.0,0,77.69001683283699,4813.644977890082,61.95963360707517,25.062,24.687,2025-10-26 06:45:41
162,0.6,106.0,150,0.5,87.4,189.7,60.01,215.3,0.9,0.0,1363.4,28.6,0.0,0.0,0,77.69001683283699,4169.298799747316,53.66582438408086,25.062,24.687,2025-10-26 06:45:44
164.3,0.6,106.7,151.5,0.5,89.2,191.9,60.01,215.3,0.8,0.0,1363.4,28.6,0.0,0.0,0,77.69001683283699,1364.4977890082123,17.563360707517372,25.062,24.687,2025-10-26 06:45:46
165,0.6,107.8,154.7,0.5,88.2,192.0,60.01,215.3,0.8,0.0,1363.4,28.6,0.0,0.0,0,77.69001683283699,2084.649399873658,26.83291219204043,25.062,24.687,2025-10-26 06:45:48
165,0.6,100.1,152.2,0.5,89.3,185.2,60.01,215.3,0.8,0.0,1363.4,28.6,0.0,0.0,0,77.69001683283699,758.0543272267845,9.757422615287426,25.062,24.687,2025-10-26 06:45:51
165,0.6,107.6,151.5,0.5,89.3,193.1,60,215.2,0.9,0.0,1363.4,28.6,0.0,0.0,0,77.69001683283699,947.5679090334806,12.196778269109284,25.062,24.687,2025-10-26 06:45:53
162,0.6,106.2,148.7,0.5,87.9,190.1,60,215.2,0.9,0.0,1363.4,28.6,0.0,0.0,0,77.69001683283699,3903.9797852179404,50.25072646873025,25.062,24.687,2025-10-26 06:45:56
165.2,0.6,107.3,152,0.5,89.0,192.5,60,215.2,0.8,0.0,1363.4,28.6,0.0,0.0,0,77.69001683283699,2349.968414403032,30.248010107391025,25.062,24.687,2025-10-26 06:45:58
165,0.6,107.5,151.5,0.5,89.4,193.1,60,215.2,0.8,0.0,1363.4,28.6,0.0,0.0,0,77.69001683283699,3259.6336070751736,41.95691724573594,25.062,24.687,2025-10-26 06:46:00
167.9,0.6,98.4,154.6,0.5,89.3,189.6,59.99,215.2,0.8,0.0,1363.4,28.6,0.0,0.0,0,77.69001683283699,2501.579279848389,32.19949463044851,25.062,24.687,2025-10-26 06:46:03
165,0.6,107.8,151.7,0.5,89.7,193.9,59.97,215.2,0.8,0.0,1363.4,28.6,0.0,0.0,0,77.69001683283699,3411.2444725205305,43.908401768793425,25.062,24.687,2025-10-26 06:46:05
161.9,0.6,105.9,151,0.5,89.5,191.7,60,215.5,0.9,0.0,1363.4,28.6,0.0,0.0,0,77.69001683283699,3676.563487049905,47.32349968414402,25.062,24.687,2025-10-26 06:46:07
164.1,0.6,106.4,148.6,0.5,88.4,191.9,59.96,215.1,0.9,0.0,1363.4,28.6,0.0,0.0,0,77.69001683283699,3903.9797852179404,50.25072646873025,25.062,24.687,2025-10-26 06:46:10
165.6,0.5,108.0,151.7,0.5,89.8,194.0,59.99,215.2,0.8,0.0,1363.4,28.6,0.0,0.0,0,77.69001683283699,4245.104232469994,54.6415666456096,25.062,24.687,2025-10-26 06:46:12
166.6,0.6,100.1,153.7,0.5,89.5,185.7,59.98,215.2,0.9,0.0,1363.4,28.6,0.0,0.0,0,77.69001683283699,4472.5205306380285,57.56879343019582,25.062,24.687,2025-10-26 06:46:15
165,0.6,107.4,154.6,0.5,89.3,193.0,59.99,215.4,0.8,0.0,1363.4,28.6,0.0,0.0,0,77.69001683283699,4662.034112444725,60.00814908401768,25.062,24.75,2025-10-26 06:46:17
161.9,0.6,105.9,151.6,0.5,90.0,191.5,59.99,215.2,0.8,0.0,1363.4,28.6,0.0,0.0,0,77.69001683283699,4548.325963360707,58.544535691724555,25.062,24.687,2025-10-26 06:46:19
165.2,0.6,106.5,148.6,0.5,89.2,192.0,59.99,215.2,0.9,0.0,1363.4,28.6,0.0,0.0,0,77.69001683283699,4813.644977890082,61.95963360707517,25.062,24.687,2025-10-26 06:46:22
165.1,0.5,107.4,148.8,0.5,88.4,191.6,60,215.2,0.7,0.0,1363.4,28.6,0.0,0.0,0,77.69001683283699,2994.3145925457993,38.541819330385344,25.062,24.75,2025-10-26 06:46:24
164.4,0.6,103.1,151.7,0.5,89.9,189.5,60,215.2,0.9,0.0,1363.4,28.6,0.0,0.0,0,77.69001683283699,2728.9955780164246,35.126721415034744,25.062,24.75,2025-10-26 06:46:26
165,0.6,107.4,154.6,0.5,89.3,192.3,60.02,215.2,0.9,0.0,1363.4,28.6,0.0,0.0,0,77.69001683283699,3221.7308907138345,41.46904611497157,25.062,24.687,2025-10-26 06:46:29
162.1,0.6,105.2,154.6,0.5,89.8,191.8,60.01,215.2,0.8,0.0,1363.4,28.6,0.0,0.0,0,77.69001683283699,2198.3575489576756,28.296525584333544,25.062,24.687,2025-10-26 06:46:31
164.7,0.6,107.0,157.4,0.5,86.1,189.4,60.01,215.2,0.9,0.0,1363.4,28.6,0.0,0.0,0,77.69001683283699,1364.4977890082123,17.563360707517372,25.062,24.75,2025-10-26 06:46:33
165.5,0.5,107.2,154.7,0.5,89.7,193.0,60.02,215.4,0.8,0.0,1363.4,28.6,0.0,0.0,0,77.69001683283699,682.2488945041061,8.781680353758686,25.062,24.687,2025-10-26 06:46:36
165.8,0.6,98.1,152.8,0.5,90.0,191.8,60.01,215.2,0.9,0.0,1363.4,28.6,0.0,0.0,0,77.69001683283699,1061.2760581174985,13.6603916614024,25.062,24.687,2025-10-26 06:46:38
164.4,0.6,106.9,148.7,0.5,88.6,191.7,60.02,215.2,0.9,0.0,1363.4,28.6,0.0,0.0,0,77.69001683283699,3070.1200252684775,39.51756159191408,25.062,24.687,2025-10-26 06:46:41
162,0.6,105.0,150.7,0.5,89.1,190.5,60.01,215.1,0.9,0.0,1363.4,28.7,0.0,0.0,0,77.69001683283699,2387.871130764371,30.735881238155393,25.062,24.75,2025-10-26 06:46:43
164.8,0.6,105.6,151.5,0.5,90.4,193.2,60.01,215.2,0.8,0.0,1363.4,28.7,0.0,0.0,0,77.69001683283699,4207.201516108655,54.153695514845225,25.062,24.687,2025-10-26 06:46:45
166.7,0.5,106.8,154.6,0.5,89.9,193.0,60.02,215.2,0.9,0.0,1363.4,28.7,0.0,0.0,0,77.69001683283699,4017.687934301958,51.71433986102337,25.062,24.687,2025-10-26 06:46:48
165.8,0.6,101.3,151.5,0.5,90.0,187.9,60,215.3,0.9,0.0,1363.4,28.7,0.0,0.0,0,77.69001683283699,4927.3531269741,63.42324699936828,25.062,24.687,2025-10-26 06:46:50
164.9,0.6,106.2,151.5,0.6,90.5,193.0,60,215.2,0.9,0.0,1363.4,28.7,0.0,0.0,0,77.69001683283699,3524.9526216045483,45.37201516108654,25.062,24.687,2025-10-26 06:46:52
162.1,0.6,104.3,148.7,0.6,89.3,189.6,59.98,215.2,0.8,0.0,1363.4,28.7,0.0,0.0,0,77.69001683283699,1250.7896399241945,16.099747315224256,25.062,24.687,2025-10-26 06:46:55
165,0.6,105.7,151.8,0.5,90.1,191.8,60,215.3,0.9,0.0,1363.4,28.7,0.0,0.0,0,77.69001683283699,4283.006948831333,55.12943777637397,25.062,24.687,2025-10-26 06:46:57
165,0.5,106.0,151.7,0.5,90.6,192.9,60,215.1,0.8,0.0,1363.4,28.7,0.0,0.0,0,77.69001683283699,3600.758054327227,46.34775742261529,25.062,24.687,2025-10-26 06:47:00
165.5,0.6,104.7,154.6,0.6,90.4,191.9,59.99,215.1,1,0.0,1363.4,28.7,0.0,0.0,0,77.69001683283699,795.9570435881238,10.2452937460518,25.062,24.687,2025-10-26 06:47:02
164.4,0.6,105.9,151.7,0.6,90.6,192.7,59.99,215.1,0.8,0.0,1363.4,28.7,0.0,0.0,0,77.69001683283699,1554.0113708149083,20.002716361339225,25.125,24.687,2025-10-26 06:47:04
162.1,0.6,104.2,149.8,0.6,90.7,191.2,59.96,215.2,0.9,0.0,1363.4,28.7,0.0,0.0,0,77.69001683283699,4320.909665192672,55.61730890713834,25.062,24.687,2025-10-26 06:47:07
165.2,0.6,105.7,149,0.5,89.4,191.5,59.97,215.2,0.8,0.0,1363.4,28.7,0.0,0.0,0,77.69001683283699,4358.812381554011,56.105180037902706,25.062,24.687,2025-10-26 06:47:09
166.4,0.5,105.9,151.7,0.6,90.8,193.0,59.97,215.2,0.8,0.0,1363.4,28.7,0.0,0.0,0,77.69001683283699,4586.228679722047,59.03240682248894,25.062,24.687,2025-10-26 06:47:11
164.7,0.6,100.6,154.5,0.5,90.8,187.9,59.98,215.2,0.9,0.0,1363.4,28.7,0.0,0.0,0,77.69001683283699,1402.4005053695514,18.05123183828174,25.062,24.687,2025-10-26 06:47:14
165,0.6,105.6,152.5,0.6,90.9,192.9,60.01,215.1,0.9,0.0,1363.4,28.7,0.0,0.0,0,77.69001683283699,3828.1743524952617,49.274984207201506,25.062,24.687,2025-10-26 06:47:16
161.9,0.6,103.7,151.6,0.6,91.5,191.1,60,215.2,0.9,0.0,1363.4,28.7,0.0,0.0,0,77.69001683283699,871.7624763108023,11.221036007580542,25.062,24.687,2025-10-26 06:47:19
165.2,0.6,105.0,148.5,0.6,90.1,191.2,60.02,215.2,0.9,0.0,1363.4,28.7,0.0,0.0,0,77.69001683283699,1326.595072646873,17.075489576752997,25.062,24.687,2025-10-26 06:47:21
164.9,0.5,102.9,151.8,0.6,90.6,190.2,60.02,215.3,0.8,0.0,1363.4,28.7,0.0,0.0,0,77.69001683283699,1895.1358180669613,24.39355653821857,25.062,24.687,2025-10-26 06:47:23
164.3,0.6,103.2,151.6,0.5,91.4,190.9,60,215.2,0.9,0.0,1363.4,28.7,0.0,0.0,0,77.69001683283699,3032.217308907138,39.029690461149706,25.062,24.687,2025-10-26 06:47:26
164.8,0.6,105.2,154.5,0.5,91.0,192.5,59.99,215.2,0.8,0.0,1363.4,28.7,0.0,0.0,0,77.69001683283699,909.6651926721415,11.708907138344914,25.062,24.687,2025-10-26 06:47:28
162,0.6,103.8,151.3,0.6,91.0,191.1,59.97,215.2,0.8,0.0,1363.4,28.7,0.0,0.0,0,77.69001683283699,3297.5363234365127,42.444788376500306,25.062,24.687,2025-10-26 06:47:30
165,0.6,105.6,151.6,0.6,91.8,193.8,59.96,215.3,0.9,0.0,1363.4,28.7,0.0,0.0,0,77.69001683283699,2425.7738471257107,31.22375236891977,25.062,24.687,2025-10-26 06:47:33
165.7,0.5,104.9,148.5,0.6,89.7,190.9,59.95,215.3,0.8,0.0,1363.4,28.7,0.0,0.0,0,77.69001683283699,2539.4819962097285,32.68736576121289,25.125,24.687,2025-10-26 06:47:35
165.9,0.6,104.4,151.5,0.6,91.9,192.5,59.96,215,0.9,0.0,1363.4,28.7,0.0,0.0,0,77.69001683283699,833.8597599494631,10.73316487681617,25.125,24.687,2025-10-26 06:47:38
163.2,0.6,104.6,153.1,0.6,91.5,192.2,59.95,215.1,0.9,0.0,1363.4,28.7,0.0,0.0,0,77.69001683283699,2956.4118761844597,38.05394819962097,25.125,24.687,2025-10-26 06:47:40
161.9,0.6,103.4,154.6,0.5,91.1,190.9,59.96,215.1,0.8,0.0,1363.4,28.7,0.0,0.0,0,77.69001683283699,1554.0113708149083,20.002716361339225,25.125,24.687,2025-10-26 06:47:42
165.1,0.6,105.2,154.6,0.5,91.3,192.8,59.97,215.1,0.9,0.0,1363.4,28.7,0.0,0.0,0,77.69001683283699,909.6651926721415,11.708907138344914,25.125,24.75,2025-10-26 06:47:45
167.6,0.5,103.4,151.8,0.6,91.1,190.9,59.97,215.1,0.8,0.0,1363.4,28.8,0.0,0.0,0,77.69001683283699,871.7624763108023,11.221036007580542,25.125,24.75,2025-10-26 06:47:47
164.3,0.6,101.4,151.6,0.6,92.4,190.7,59.96,215.1,0.9,0.0,1363.4,28.8,0.0,0.0,0,77.69001683283699,833.8597599494631,10.73316487681617,25.125,24.75,2025-10-26 06:47:49
164.9,0.6,104.3,148.7,0.6,90.2,190.5,59.97,215.2,0.8,0.0,1363.4,28.8,0.0,0.0,0,77.69001683283699,1516.108654453569,19.514845230574853,25.125,24.75,2025-10-26 06:47:52
161.9,0.6,103.0,151.6,0.6,91.7,191.0,59.96,215.2,0.9,0.0,1363.4,28.8,0.0,0.0,0,77.69001683283699,795.9570435881238,10.2452937460518,25.125,24.75,2025-10-26 06:47:54
164.9,0.6,104.9,151.6,0.6,92.7,193.6,59.97,215.2,0.8,0.0,1363.4,28.8,0.0,0.0,0,77.69001683283699,833.8597599494631,10.73316487681617,25.125,24.75,2025-10-26 06:47:57
165.7,0.5,105.3,154.6,0.5,92.0,186.1,59.97,215.4,0.9,0.0,1363.4,28.8,0.0,0.0,0,77.69001683283699,2198.3575489576756,28.296525584333544,25.125,24.75,2025-10-26 06:47:59
165.1,0.6,103.7,151.7,0.6,92.2,192.0,59.97,215.3,0.9,0.0,1363.4,28.8,0.0,0.0,0,77.69001683283699,1781.427668982944,22.929943145925456,25.125,24.812,2025-10-26 06:48:01
164,0.6,104.8,150.5,0.6,92.3,193.1,59.96,215.2,0.9,0.0,1363.4,28.8,0.0,0.0,0,77.69001683283699,1781.427668982944,22.929943145925456,25.125,24.812,2025-10-26 06:48:04
162.1,0.6,102.8,148.8,0.6,91.2,190.1,59.96,215.3,0.9,0.0,1363.4,28.8,0.0,0.0,0,77.69001683283699,1440.3032217308908,18.539102969046112,25.125,24.75,2025-10-26 06:48:06
165.1,0.6,104.7,151.7,0.6,92.8,193.8,59.97,215.4,0.9,0.0,1363.4,28.8,0.0,0.0,0,77.69001683283699,3487.049905243209,44.88414403032217,25.125,24.75,2025-10-26 06:48:08
167,0.5,104.2,154.1,0.6,92.4,193.1,59.97,215.3,0.8,0.0,1363.4,28.8,0.0,0.0,0,77.69001683283699,1705.6222362602653,21.954200884396712,25.187,24.75,2025-10-26 06:48:11
165.5,0.6,100.7,153,0.5,93.2,193.6,59.97,215.4,0.9,0.0,1363.4,28.8,0.0,0.0,0,77.69001683283699,3183.8281743524954,40.9811749842072,25.125,24.812,2025-10-26 06:48:13
162.4,0.6,104.0,154.7,0.5,92.4,192.8,59.96,215.4,0.8,0.0,1363.4,28.8,0.0,0.0,0,77.69001683283699,2425.7738471257107,31.22375236891977,25.125,24.812,2025-10-26 06:48:16
162,0.6,103.6,151.6,0.6,92.6,192.6,59.99,215.4,0.9,0.0,1363.4,28.8,0.0,0.0,0,77.69001683283699,4169.298799747316,53.66582438408086,25.125,24.812,2025-10-26 06:48:18
164.9,0.6,104.9,151.5,0.6,92.7,193.3,59.98,215.4,0.9,0.0,1363.4,28.8,0.0,0.0,0,77.69001683283699,1819.330385344283,23.41781427668983,25.187,24.812,2025-10-26 06:48:20
168.3,0.5,100.0,148.5,0.6,91.1,186.7,59.98,215.3,0.9,0.0,1363.4,28.8,0.0,0.0,0,77.69001683283699,1857.233101705622,23.905685407454193,25.187,24.812,2025-10-26 06:48:23
165.4,0.6,103.4,151.4,0.6,93.2,192.6,59.98,215.3,0.9,0.0,1363.4,28.8,0.0,0.0,0,77.69001683283699,1591.9140871762477,20.4905874921036,25.187,24.875,2025-10-26 06:48:25
164.1,0.6,104.9,152.1,0.6,93.3,192.2,59.98,215.2,0.9,0.0,1363.4,28.8,0.0,0.0,0,77.69001683283699,1099.1787744788378,14.148262792166772,25.187,24.812,2025-10-26 06:48:27
162,0.6,103.6,154.6,0.6,92.4,192.4,59.97,215,0.9,0.0,1363.4,28.8,0.0,0.0,0,77.69001683283699,1970.9412507896398,25.36929879974731,25.187,24.875,2025-10-26 06:48:30
165.1,0.6,105.2,151.6,0.6,92.8,194.1,59.97,215.4,0.9,0.0,1363.4,28.8,0.0,0.0,0,77.69001683283699,2804.801010739103,36.10246367656348,25.187,24.812,2025-10-26 06:48:32
166.8,0.5,105.5,151.6,0.6,92.8,183.3,59.98,215.4,0.8,0.0,1363.4,28.9,0.0,0.0,0,77.69001683283699,1174.984207201516,15.124005053695512,25.187,24.812,2025-10-26 06:48:34
164.6,0.6,105.2,150.4,0.6,93.3,194.6,59.97,215.4,0.8,0.0,1363.4,28.9,0.0,0.0,0,77.69001683283699,1061.2760581174985,13.6603916614024,25.187,24.812,2025-10-26 06:48:37
162.9,0.6,105.1,148.6,0.6,91.7,192.7,59.99,215.3,0.9,0.0,1363.4,28.9,0.0,0.0,0,77.69001683283699,2312.065698041693,29.760138976626653,25.187,24.875,2025-10-26 06:48:39
162.1,0.6,103.9,151.5,0.6,92.8,193.0,59.97,215.2,0.8,0.0,1363.4,28.9,0.0,0.0,0,77.69001683283699,1667.7195198989261,21.46632975363234,25.187,24.875,2025-10-26 06:48:42
164.9,0.6,105.9,154.1,0.6,93.6,195.8,59.98,215.3,0.9,0.0,1363.4,28.9,0.0,0.0,0,77.69001683283699,758.0543272267845,9.757422615287426,25.187,24.875,2025-10-26 06:48:44
168.1,0.5,104.3,154.6,0.6,92.6,190.4,59.98,215.5,0.9,0.0,1363.4,28.9,0.0,0.0,0,77.69001683283699,871.7624763108023,11.221036007580542,25.187,24.812,2025-10-26 06:48:46
165,0.6,103.7,151.9,0.6,93.3,193.1,59.98,215.4,0.9,0.0,1363.4,28.9,0.0,0.0,0,77.69001683283699,1629.8168035375868,20.97845862286797,25.187,24.812,2025-10-26 06:48:49
162,0.6,104.8,148.7,0.6,92.0,193.1,59.97,215.2,0.9,0.0,1363.4,28.9,0.0,0.0,0,77.69001683283699,1705.6222362602653,21.954200884396712,25.25,24.875,2025-10-26 06:48:51
162,0.6,104.3,148.7,0.6,92.0,192.8,59.98,215.3,0.8,0.0,1363.4,28.9,0.0,0.0,0,77.69001683283699,1857.233101705622,23.905685407454193,25.187,24.812,2025-10-26 06:48:53
165.1,0.6,106.0,151.6,0.6,93.7,195.8,59.98,215.3,0.9,0.0,1363.4,28.9,0.0,0.0,0,77.69001683283699,795.9570435881238,10.2452937460518,25.25,24.812,2025-10-26 06:48:56
166.1,0.5,96.8,154.5,0.6,93.1,186.8,59.99,215.3,0.8,0.0,1363.4,28.9,0.0,0.0,0,77.69001683283699,1137.0814908401767,14.636133922931139,25.187,24.875,2025-10-26 06:48:58
165.1,0.6,105.1,153.5,0.5,93.8,195.1,59.97,215.2,0.9,0.0,1363.4,28.9,0.0,0.0,0,77.69001683283699,795.9570435881238,10.2452937460518,25.25,24.875,2025-10-26 06:49:01
162.9,0.6,106.6,154.6,0.6,93.8,196.1,59.97,215.3,0.8,0.0,1363.4,28.9,0.0,0.0,0,77.69001683283699,758.0543272267845,9.757422615287426,25.25,24.875,2025-10-26 06:49:03
162,0.6,105.2,151.8,0.6,93.8,195.1,59.97,215.4,0.9,0.0,1363.4,28.9,0.0,0.0,0,77.69001683283699,985.4706253948199,12.684649399873654,25.25,24.875,2025-10-26 06:49:05
164.9,0.6,106.6,149.5,0.6,94.1,197.0,59.96,215.4,0.8,0.0,1363.4,28.9,0.0,0.0,0,77.69001683283699,1743.5249526216046,22.442072015161084,25.25,24.875,2025-10-26 06:49:08
167.9,0.6,106.1,148.6,0.6,92.9,191.5,59.96,215.3,0.9,0.0,1363.4,28.9,0.0,0.0,0,77.69001683283699,2008.843967150979,25.857169930511684,25.25,24.875,2025-10-26 06:49:10
163.7,0.6,103.9,151.6,0.6,94.3,196.9,59.96,215.3,0.9,0.0,1363.4,28.9,0.0,0.0,0,77.69001683283699,1705.6222362602653,21.954200884396712,25.25,24.875,2025-10-26 06:49:12
162,0.6,106.2,154.7,0.6,94.0,196.5,59.95,215.1,0.9,0.0,1363.4,28.9,0.0,0.0,0,77.69001683283699,985.4706253948199,12.684649399873654,25.25,24.875,2025-10-26 06:49:15
162,0.6,105.5,153.2,0.6,94.9,196.5,59.95,215.1,0.9,0.0,1363.4,28.9,0.0,0.0,0,77.69001683283699,3145.925457991156,40.493303853442825,25.25,24.875,2025-10-26 06:49:17
165,0.6,107.1,154.8,0.6,94.6,198.1,59.95,215,0.9,0.0,1363.4,28.9,0.0,0.0,0,77.69001683283699,2501.579279848389,32.19949463044851,25.25,24.875,2025-10-26 06:49:20
168.4,0.6,100.3,151.8,0.6,94.3,191.6,59.98,215.1,0.9,0.0,1363.4,28.9,0.0,0.0,0,77.69001683283699,2994.3145925457993,38.541819330385344,25.25,24.875,2025-10-26 06:49:22
165.4,0.6,106.6,151.6,0.6,94.3,196.9,59.97,215.1,0.8,0.0,1363.4,28.9,0.0,0.0,0,77.69001683283699,3183.8281743524954,40.9811749842072,25.25,24.937,2025-10-26 06:49:24
163.4,0.6,107.3,151.6,0.6,94.4,196.3,59.97,215.2,0.9,0.0,1363.4,28.9,0.0,0.0,0,77.69001683283699,3411.2444725205305,43.908401768793425,25.25,24.875,2025-10-26 06:49:27
162.4,0.6,106.0,148.6,0.6,93.6,195.8,59.96,215.1,0.9,0.0,1363.4,28.9,0.0,0.0,0,77.69001683283699,1440.3032217308908,18.539102969046112,25.25,24.875,2025-10-26 06:49:29
164.9,0.6,107.4,150.3,0.6,93.1,196.6,59.96,215.1,0.8,0.0,1363.4,28.9,0.0,0.0,0,77.69001683283699,4320.909665192672,55.61730890713834,25.25,24.875,2025-10-26 06:49:31
167.3,0.6,107.5,151.5,0.6,95.1,190.2,59.97,215.1,0.8,0.0,1363.4,28.9,0.0,0.0,0,77.69001683283699,3108.0227416298167,40.00543272267845,25.25,24.937,2025-10-26 06:49:34
165.1,0.6,107.7,153.6,0.6,94.7,198.5,59.96,215.1,0.9,0.0,1363.4,28.9,0.0,0.0,0,77.69001683283699,1781.427668982944,22.929943145925456,25.25,24.875,2025-10-26 06:49:36
162.1,0.6,107.7,153.2,0.6,95.6,199.5,59.96,215.1,0.9,0.0,1363.4,28.9,0.0,0.0,0,77.69001683283699,4699.936828806064,60.49602021478205,25.25,24.875,2025-10-26 06:49:39
162.1,0.6,106.5,153,0.6,95.0,198.3,59.97,215.2,0.9,0.0,1363.4,29,0.0,0.0,0,77.69001683283699,4851.5476942514215,62.44750473783954,25.25,24.937,2025-10-26 06:49:41
165,0.6,108.7,150,0.6,93.9,198.3,59.99,215.2,0.9,0.0,1363.4,29,0.0,0.0,0,77.69001683283699,4775.742261528742,61.471762476310786,25.25,24.875,2025-10-26 06:49:43
168.3,0.6,103.6,153.2,0.6,95.3,195.6,59.97,215.1,0.8,0.0,1363.4,29,0.0,0.0,0,77.69001683283699,2122.552116234997,27.3207833228048,25.25,24.875,2025-10-26 06:49:46
165,0.6,107.6,153.1,0.6,94.1,198.7,59.99,215.1,0.9,0.0,1363.4,29,0.0,0.0,0,77.69001683283699,1895.1358180669613,24.39355653821857,25.25,24.875,2025-10-26 06:49:48
162,0.6,107.6,156,0.6,93.0,196.5,59.97,215.1,0.9,0.0,1363.4,29,0.0,0.0,0,77.69001683283699,4472.5205306380285,57.56879343019582,25.25,24.875,2025-10-26 06:49:50
162.4,0.6,107.0,153.2,0.6,94.9,198.0,59.96,215.2,0.9,0.0,1363.4,29,0.0,0.0,0,77.69001683283699,1857.233101705622,23.905685407454193,25.25,24.875,2025-10-26 06:49:53
165.1,0.6,108.3,151.7,0.6,95.4,199.7,59.96,215.1,0.9,0.0,1363.4,29,0.0,0.0,0,77.69001683283699,4586.228679722047,59.03240682248894,25.25,24.875,2025-10-26 06:49:55
168.3,0.6,99.3,150.1,0.6,93.9,189.6,59.97,215.1,0.9,0.0,1363.4,29,0.0,0.0,0,77.69001683283699,4434.61781427669,57.08092229943146,25.25,24.875,2025-10-26 06:49:57
164.9,0.6,108.3,153.2,0.6,95.1,199.5,59.97,215.1,0.9,0.0,1363.4,29,0.0,0.0,0,77.69001683283699,4662.034112444725,60.00814908401768,25.25,24.875,2025-10-26 06:50:00
162.5,0.6,108.4,155.7,0.5,94.7,196.9,59.97,215.1,0.9,0.0,1363.4,29,0.0,0.0,0,77.69001683283699,4851.5476942514215,62.44750473783954,25.25,24.875,2025-10-26 06:50:02
163.9,0.6,108.0,154.8,0.6,93.1,197.1,59.96,215.1,0.9,0.0,1363.4,29,0.0,0.0,0,77.69001683283699,4965.255843335439,63.91111813013265,25.25,24.875,2025-10-26 06:50:05
165.1,0.6,108.9,153,0.6,94.8,199.8,59.97,215.2,0.9,0.0,1363.4,29,0.0,0.0,0,77.69001683283699,4472.5205306380285,57.56879343019582,25.25,24.812,2025-10-26 06:50:07
168.2,0.6,105.7,149.8,0.6,94.2,188.4,59.97,215.2,0.9,0.0,1363.4,29,0.0,0.0,0,77.69001683283699,3903.9797852179404,50.25072646873025,25.25,24.812,2025-10-26 06:50:09
164.8,0.6,108.8,153,0.6,94.4,199.2,59.97,215.2,0.9,0.0,1363.4,29,0.0,0.0,0,77.69001683283699,4510.423246999368,58.056664560960186,25.25,24.812,2025-10-26 06:50:12
162.1,0.6,108.1,153.1,0.6,94.9,199.0,59.97,215,0.9,0.0,1363.4,29,0.0,0.0,0,77.69001683283699,4737.839545167403,60.98389134554642,25.25,24.812,2025-10-26 06:50:14
162,0.6,107.6,156,0.6,92.1,195.8,59.97,215.1,0.9,0.0,1363.4,29,0.0,0.0,0,77.69001683283699,5003.158559696778,64.39898926089703,25.25,24.812,2025-10-26 06:50:16
165,0.6,109.4,153,0.6,93.8,199.3,59.97,215.2,0.9,0.0,1363.4,29,0.0,0.0,0,77.69001683283699,4927.3531269741,63.42324699936828,25.25,24.812,2025-10-26 06:50:19
168.4,0.6,100.3,153,0.6,95.1,192.1,59.97,215.1,0.8,0.0,1363.4,29,0.0,0.0,0,77.69001683283699,4358.812381554011,56.105180037902706,25.25,24.812,2025-10-26 06:50:21
164.7,0.6,108.1,150,0.6,93.6,197.2,59.97,215.2,0.9,0.0,1363.4,29,0.0,0.0,0,77.69001683283699,4927.3531269741,63.42324699936828,25.25,24.75,2025-10-26 06:50:24
162.9,0.6,107.7,153,0.6,94.5,198.3,59.97,215.2,0.9,0.0,1363.4,29,0.0,0.0,0,77.69001683283699,4813.644977890082,61.95963360707517,25.25,24.812,2025-10-26 06:50:26
163.3,0.6,107.8,153.9,0.5,95.0,198.9,59.97,215.1,0.9,0.0,1363.4,29,0.0,0.0,0,77.69001683283699,3979.785217940619,51.22646873025899,25.187,24.812,2025-10-26 06:50:28
164.9,0.6,109.3,156.1,0.5,92.1,197.5,59.97,215.1,0.9,0.0,1363.4,29,0.0,0.0,0,77.69001683283699,4889.450410612761,62.93537586860391,25.25,24.812,2025-10-26 06:50:31
168.1,0.6,97.7,153.2,0.6,94.7,188.7,59.97,215.1,0.8,0.0,1363.4,29,0.0,0.0,0,77.69001683283699,4851.5476942514215,62.44750473783954,25.25,24.812,2025-10-26 06:50:33
165,0.6,109.2,150.8,0.6,94.0,199.3,59.98,215.1,0.9,0.0,1363.4,29,0.0,0.0,0,77.69001683283699,4624.131396083386,59.520277953253306,25.25,24.812,2025-10-26 06:50:35
161.9,0.6,108.1,150.3,0.6,92.9,197.1,59.98,215.1,0.9,0.0,1363.4,29,0.0,0.0,0,77.69001683283699,4737.839545167403,60.98389134554642,25.25,24.812,2025-10-26 06:50:38
162,0.6,108.0,153.1,0.6,94.3,198.0,59.98,215.3,0.9,0.0,1363.4,29,0.0,0.0,0,77.69001683283699,3297.5363234365127,42.444788376500306,25.25,24.812,2025-10-26 06:50:40
165,0.6,109.4,156.2,0.5,91.6,197.2,59.98,215.2,0.9,0.0,1363.4,29.1,0.0,0.0,0,77.69001683283699,4851.5476942514215,62.44750473783954,25.25,24.812,2025-10-26 06:50:43
168.3,0.6,101.7,156,0.6,92.2,190.6,59.99,215.1,0.9,0.0,1363.4,29.1,0.0,0.0,0,77.69001683283699,4927.3531269741,63.42324699936828,25.187,24.812,2025-10-26 06:50:45
164.7,0.6,109.3,153.1,0.6,94.1,199.3,59.99,215.3,0.9,0.0,1363.4,29.1,0.0,0.0,0,77.69001683283699,4207.201516108655,54.153695514845225,25.25,24.812,2025-10-26 06:50:47
161.9,0.6,107.6,150.2,0.6,92.8,195.9,59.98,215.2,0.9,0.0,1363.4,29.1,0.0,0.0,0,77.69001683283699,4396.715097915351,56.59305116866709,25.187,24.812,2025-10-26 06:50:50
162.6,0.6,107.7,150.5,0.6,93.0,196.1,59.99,215.1,0.9,0.0,1363.4,29.1,0.0,0.0,0,77.69001683283699,4624.131396083386,59.520277953253306,25.187,24.812,2025-10-26 06:50:52
165,0.6,109.1,153.2,0.6,93.8,198.7,59.98,215.2,0.9,0.0,1363.4,29.1,0.0,0.0,0,77.69001683283699,5078.963992419457,65.37473152242578,25.25,24.875,2025-10-26 06:50:54
168,0.6,97.0,155.9,0.5,91.7,185.1,59.98,215.3,0.9,0.0,1363.4,29.1,0.0,0.0,0,77.69001683283699,5116.866708780796,65.86260265319014,25.25,24.812,2025-10-26 06:50:57
165.2,0.6,108.6,153.8,0.6,92.1,196.7,59.99,215.2,0.9,0.0,1363.4,29.1,0.0,0.0,0,77.69001683283699,1970.9412507896398,25.36929879974731,25.25,24.812,2025-10-26 06:50:59
161.9,0.6,107.6,152.2,0.6,93.6,196.7,59.99,215.2,0.8,0.0,1363.4,29.1,0.0,0.0,0,77.69001683283699,1667.7195198989261,21.46632975363234,25.25,24.812,2025-10-26 06:51:02
164.3,0.6,107.5,150.2,0.6,92.3,195.6,60.02,215.2,0.9,0.0,1363.4,29.1,0.0,0.0,0,77.69001683283699,1440.3032217308908,18.539102969046112,25.25,24.812,2025-10-26 06:51:04
165,0.6,108.7,153.3,0.6,92.6,197.4,60.01,215.1,0.9,0.0,1363.4,29.1,0.0,0.0,0,77.69001683283699,947.5679090334806,12.196778269109284,25.25,24.812,2025-10-26 06:51:06
168.4,0.6,100.6,153,0.5,92.9,189.1,60.03,215.2,0.9,0.0,1363.4,29.1,0.0,0.0,0,77.69001683283699,2084.649399873658,26.83291219204043,25.25,24.812,2025-10-26 06:51:09
164.9,0.6,108.3,156,0.5,91.1,195.7,60.01,215.2,0.9,0.0,1363.4,29.1,0.0,0.0,0,77.69001683283699,4775.742261528742,61.471762476310786,25.25,24.812,2025-10-26 06:51:11
161.9,0.6,107.0,153.3,0.6,92.6,195.0,60.02,215.2,0.9,0.0,1363.4,29.1,0.0,0.0,0,77.69001683283699,3752.3689197725835,48.29924194567276,25.25,24.875,2025-10-26 06:51:13
162.6,0.6,106.9,152.5,0.6,92.4,196.2,60,215.1,0.9,0.0,1363.4,29.1,0.0,0.0,0,77.69001683283699,4624.131396083386,59.520277953253306,25.25,24.875,2025-10-26 06:51:16
165,0.6,108.3,150.2,0.6,92.1,195.9,60,215.1,0.8,0.0,1363.4,29.1,0.0,0.0,0,77.69001683283699,3714.466203411244,47.811370814908386,25.25,24.812,2025-10-26 06:51:18
168,0.6,95.9,152.9,0.6,93.2,185.6,59.99,215,0.9,0.0,1363.4,29.1,0.0,0.0,0,77.69001683283699,2349.968414403032,30.248010107391025,25.25,24.875,2025-10-26 06:51:20
164.9,0.6,107.6,154.7,0.5,93.0,194.8,59.97,215,0.8,0.0,1363.4,29.1,0.0,0.0,0,77.69001683283699,4965.255843335439,63.91111813013265,25.25,24.812,2025-10-26 06:51:23
162,0.6,106.7,155.6,0.6,90.6,193.3,59.98,215.1,0.9,0.0,1363.4,29.1,0.0,0.0,0,77.69001683283699,4586.228679722047,59.03240682248894,25.25,24.812,2025-10-26 06:51:25
163.9,0.6,106.6,153,0.6,92.6,194.9,59.97,215.2,0.9,0.0,1363.4,29.1,0.0,0.0,0,77.69001683283699,4965.255843335439,63.91111813013265,25.25,24.812,2025-10-26 06:51:28
165.1,0.6,108.4,150.4,0.6,92.4,195.1,59.97,215.1,0.8,0.0,1363.4,29.1,0.0,0.0,0,77.69001683283699,4927.3531269741,63.42324699936828,25.25,24.812,2025-10-26 06:51:30
165.1,0.6,99.0,152.5,0.6,91.9,186.5,59.97,215.1,0.9,0.0,1363.4,29.2,0.0,0.0,0,77.69001683283699,4813.644977890082,61.95963360707517,25.25,24.812,2025-10-26 06:51:32
164.9,0.6,107.2,153,0.6,92.6,195.9,59.98,215,0.9,0.0,1363.4,29.2,0.0,0.0,0,77.69001683283699,5003.158559696778,64.39898926089703,25.187,24.812,2025-10-26 06:51:35
162.1,0.6,105.6,156.1,0.5,89.6,192.0,59.99,215,0.9,0.0,1363.4,29.2,0.0,0.0,0,77.69001683283699,4813.644977890082,61.95963360707517,25.25,24.812,2025-10-26 06:51:37
165,0.6,106.3,152.9,0.6,91.2,193.7,59.99,215.1,0.9,0.0,1363.4,29.2,0.0,0.0,0,77.69001683283699,2312.065698041693,29.760138976626653,25.25,24.812,2025-10-26 06:51:39
164.9,0.6,107.2,153,0.6,92.1,195.3,59.99,215.1,0.8,0.0,1363.4,29.2,0.0,0.0,0,77.69001683283699,2615.287428932407,33.663108022741625,25.25,24.812,2025-10-26 06:51:42
168.1,0.6,95.8,150.3,0.6,91.0,183.2,59.99,215.2,0.9,0.0,1363.4,29.2,0.0,0.0,0,77.69001683283699,3903.9797852179404,50.25072646873025,25.25,24.875,2025-10-26 06:51:44
165,0.6,107.2,153.1,0.6,91.4,194.8,59.99,215.2,0.9,0.0,1363.4,29.2,0.0,0.0,0,77.69001683283699,3335.4390397978523,42.93265950726468,25.25,24.812,2025-10-26 06:51:47
161.9,0.6,105.2,153.3,0.5,91.7,193.1,59.99,215.1,0.8,0.0,1363.4,29.2,0.0,0.0,0,77.69001683283699,985.4706253948199,12.684649399873654,25.25,24.812,2025-10-26 06:51:49
163.8,0.6,105.1,156.1,0.5,89.5,190.6,59.99,215,0.9,0.0,1363.4,29.2,0.0,0.0,0,77.69001683283699,1137.0814908401767,14.636133922931139,25.25,24.812,2025-10-26 06:51:51
165,0.6,106.5,153.2,0.5,91.3,194.3,59.99,215,0.8,0.0,1363.4,29.2,0.0,0.0,0,77.69001683283699,2236.2602653190143,28.78439671509791,25.25,24.812,2025-10-26 06:51:54
166.5,0.6,96.2,151.3,0.6,91.4,183.7,59.99,215.1,0.9,0.0,1363.4,29.2,0.0,0.0,0,77.69001683283699,720.1516108654454,9.269551484523056,25.25,24.812,2025-10-26 06:51:56
165.2,0.6,105.8,150.2,0.5,90.2,192.8,60,215.1,0.8,0.0,1363.4,29.2,0.0,0.0,0,77.69001683283699,871.7624763108023,11.221036007580542,25.25,24.812,2025-10-26 06:51:58
162.2,0.6,104.4,153.2,0.6,91.2,192.1,60.01,215.2,0.8,0.0,1363.4,29.2,0.0,0.0,0,77.69001683283699,3108.0227416298167,40.00543272267845,25.25,24.812,2025-10-26 06:52:01
164.6,0.6,105.1,155.8,0.5,89.6,191.1,60.02,215.2,0.8,0.0,1363.4,29.2,0.0,0.0,0,77.69001683283699,833.8597599494631,10.73316487681617,25.25,24.875,2025-10-26 06:52:03
165,0.5,106.0,156,0.5,88.8,191.3,60.02,215.1,0.8,0.0,1363.4,29.2,0.0,0.0,0,77.69001683283699,2804.801010739103,36.10246367656348,25.25,24.812,2025-10-26 06:52:06
168.3,0.6,99.2,153.1,0.5,91.3,188.4,60.03,215.1,0.9,0.0,1363.4,29.2,0.0,0.0,0,77.69001683283699,3790.2716361339226,48.78711307643714,25.187,24.875,2025-10-26 06:52:08
164.9,0.6,105.4,150,0.5,89.7,191.5,60.04,215,0.8,0.0,1363.4,29.2,0.0,0.0,0,77.69001683283699,4927.3531269741,63.42324699936828,25.25,24.812,2025-10-26 06:52:10
162,0.6,103.6,150.1,0.5,88.8,188.3,60.04,215,0.8,0.0,1363.4,29.2,0.0,0.0,0,77.69001683283699,4737.839545167403,60.98389134554642,25.25,24.812,2025-10-26 06:52:13
163.2,0.6,104.9,153.1,0.5,90.6,192.2,60.03,215.2,0.9,0.0,1363.4,29.2,0.0,0.0,0,77.69001683283699,3070.1200252684775,39.51756159191408,25.25,24.812,2025-10-26 06:52:15
165.1,0.6,105.6,156,0.5,88.5,190.0,60.02,215.1,0.8,0.0,1363.4,29.2,0.0,0.0,0,77.69001683283699,985.4706253948199,12.684649399873654,25.25,24.812,2025-10-26 06:52:17
167.5,0.6,94.4,154.6,0.5,88.3,178.8,60.02,215.2,0.8,0.0,1363.4,29.2,0.0,0.0,0,77.69001683283699,4169.298799747316,53.66582438408086,25.25,24.812,2025-10-26 06:52:20
165,0.6,105.0,152.8,0.6,90.7,191.8,59.99,215,0.8,0.0,1363.4,29.2,0.0,0.0,0,77.69001683283699,720.1516108654454,9.269551484523056,25.25,24.812,2025-10-26 06:52:22
162.1,0.6,103.2,150.1,0.5,88.8,188.5,59.99,215.2,0.8,0.0,1363.4,29.2,0.0,0.0,0,77.69001683283699,3828.1743524952617,49.274984207201506,25.25,24.875,2025-10-26 06:52:25
164.7,0.6,103.9,152.9,0.5,89.4,189.6,59.97,215.2,0.9,0.0,1363.4,29.2,0.0,0.0,0,77.69001683283699,833.8597599494631,10.73316487681617,25.187,24.812,2025-10-26 06:52:27
165,0.6,104.8,154.9,0.5,90.5,192.0,59.97,215.2,0.8,0.0,1363.4,29.2,0.0,0.0,0,77.69001683283699,3411.2444725205305,43.908401768793425,25.187,24.812,2025-10-26 06:52:29
165.7,0.6,97.9,156,0.5,88.1,183.5,59.98,215.2,0.8,0.0,1363.4,29.2,0.0,0.0,0,77.69001683283699,795.9570435881238,10.2452937460518,25.187,24.875,2025-10-26 06:52:32
164.9,0.6,104.4,152.6,0.5,89.5,190.2,60,215.4,0.8,0.0,1363.4,29.2,0.0,0.0,0,77.69001683283699,3562.855337965888,45.85988629185091,25.25,24.812,2025-10-26 06:52:34
161.9,0.6,103.2,153.1,0.5,89.6,189.0,60,215.4,0.8,0.0,1363.4,29.2,0.0,0.0,0,77.69001683283699,3259.6336070751736,41.95691724573594,25.187,24.812,2025-10-26 06:52:36
165.1,0.6,103.4,150.1,0.5,88.8,188.8,59.99,215.3,0.8,0.0,1363.4,29.2,0.0,0.0,0,77.69001683283699,3752.3689197725835,48.29924194567276,25.187,24.875,2025-10-26 06:52:39
165.1,0.5,104.0,153,0.5,89.7,190.0,59.99,215.3,0.8,0.0,1363.4,29.2,0.0,0.0,0,77.69001683283699,2198.3575489576756,28.296525584333544,25.25,24.812,2025-10-26 06:52:41
167.7,0.6,92.5,154,0.5,88.1,184.5,59.97,215.1,0.8,0.0,1363.4,29.2,0.0,0.0,0,77.69001683283699,1705.6222362602653,21.954200884396712,25.25,24.875,2025-10-26 06:52:43
165,0.6,104.3,156,0.5,87.8,188.4,59.96,215.2,0.8,0.0,1363.4,29.2,0.0,0.0,0,77.69001683283699,3562.855337965888,45.85988629185091,25.25,24.875,2025-10-26 06:52:46
162,0.6,102.3,153.1,0.5,89.7,188.5,59.96,215.2,0.8,0.0,1363.4,29.2,0.0,0.0,0,77.69001683283699,4586.228679722047,59.03240682248894,25.25,24.812,2025-10-26 06:52:48
164.4,0.6,102.5,150.8,0.5,89.0,188.7,59.97,215.4,0.9,0.0,1363.4,29.2,0.0,0.0,0,77.69001683283699,3866.0770688566013,49.76285533796588,25.187,24.875,2025-10-26 06:52:51
165.8,0.5,103.4,151.6,0.5,88.6,188.5,59.98,215.3,0.8,0.0,1363.4,29.2,0.0,0.0,0,77.69001683283699,1591.9140871762477,20.4905874921036,25.25,24.812,2025-10-26 06:52:53
165.3,0.6,94.9,153,0.5,89.6,182.3,59.98,215.3,0.8,0.0,1363.4,29.3,0.0,0.0,0,77.69001683283699,2425.7738471257107,31.22375236891977,25.25,24.875,2025-10-26 06:52:55
165.2,0.6,103.9,156.3,0.5,87.6,187.1,59.98,215.2,0.8,0.0,1363.4,29.3,0.0,0.0,0,77.69001683283699,3600.758054327227,46.34775742261529,25.25,24.875,2025-10-26 06:52:58
162,0.6,102.4,153.5,0.5,87.6,186.3,59.98,215.1,0.8,0.0,1363.4,29.3,0.0,0.0,0,77.69001683283699,4775.742261528742,61.471762476310786,25.25,24.875,2025-10-26 06:53:00
165.2,0.6,103.0,153.1,0.5,89.6,189.5,59.98,215.1,0.8,0.0,1363.4,29.3,0.0,0.0,0,77.69001683283699,4699.936828806064,60.49602021478205,25.25,24.875,2025-10-26 06:53:02
165,0.5,103.5,150.2,0.5,88.2,183.9,59.97,215.3,0.8,0.0,1363.4,29.3,0.0,0.0,0,77.69001683283699,3108.0227416298167,40.00543272267845,25.25,24.875,2025-10-26 06:53:05
165.3,0.6,99.7,153.3,0.5,88.6,184.4,59.97,215.3,0.8,0.0,1363.4,29.3,0.0,0.0,0,77.69001683283699,3297.5363234365127,42.444788376500306,25.25,24.875,2025-10-26 06:53:07
164.8,0.6,103.9,153.1,0.5,89.8,189.9,59.97,215.2,0.9,0.0,1363.4,29.3,0.0,0.0,0,77.69001683283699,4320.909665192672,55.61730890713834,25.25,24.812,2025-10-26 06:53:10
161.9,0.6,102.6,155.3,0.5,86.8,186.7,59.97,215.2,0.8,0.0,1363.4,29.3,0.0,0.0,0,77.69001683283699,3828.1743524952617,49.274984207201506,25.187,24.812,2025-10-26 06:53:12
165,0.6,103.8,153.1,0.5,89.4,189.5,59.97,215.2,0.8,0.0,1363.4,29.3,0.0,0.0,0,77.69001683283699,2425.7738471257107,31.22375236891977,25.187,24.812,2025-10-26 06:53:14
165.6,0.5,103.4,150.1,0.5,87.8,187.6,59.98,215,0.7,0.0,1363.4,29.3,0.0,0.0,0,77.69001683283699,4662.034112444725,60.00814908401768,25.187,24.812,2025-10-26 06:53:17
165.4,0.6,93.7,152.6,0.5,87.7,179.0,59.98,215.2,0.9,0.0,1363.4,29.3,0.0,0.0,0,77.69001683283699,4320.909665192672,55.61730890713834,25.25,24.812,2025-10-26 06:53:19
163.7,0.6,103.5,154.1,0.5,89.1,188.3,59.98,215.1,0.8,0.0,1363.4,29.3,0.0,0.0,0,77.69001683283699,4813.644977890082,61.95963360707517,25.187,24.812,2025-10-26 06:53:21
162.1,0.6,102.0,156,0.5,86.3,184.7,59.98,215.1,0.8,0.0,1363.4,29.3,0.0,0.0,0,77.69001683283699,2425.7738471257107,31.22375236891977,25.25,24.812,2025-10-26 06:53:24
164.9,0.6,102.6,153,0.5,86.5,186.2,59.99,215.2,0.8,0.0,1363.4,29.3,0.0,0.0,0,77.69001683283699,3411.2444725205305,43.908401768793425,25.187,24.812,2025-10-26 06:53:26
167.2,0.5,102.9,150.7,0.5,88.1,185.2,59.98,215.2,0.8,0.0,1363.4,29.3,0.0,0.0,0,77.69001683283699,3828.1743524952617,49.274984207201506,25.187,24.812,2025-10-26 06:53:29
164.6,0.6,98.4,150.1,0.5,87.3,181.8,59.99,215.2,0.8,0.0,1363.4,29.3,0.0,0.0,0,77.69001683283699,5041.061276058118,64.8868603916614,25.187,24.812,2025-10-26 06:53:31
164.9,0.6,103.2,152.9,0.5,88.0,187.6,60,215.1,0.8,0.0,1363.4,29.3,0.0,0.0,0,77.69001683283699,5003.158559696778,64.39898926089703,25.187,24.812,2025-10-26 06:53:33
161.9,0.6,101.8,156,0.5,86.2,184.6,60.01,215.2,0.8,0.0,1363.4,29.3,0.0,0.0,0,77.69001683283699,4434.61781427669,57.08092229943146,25.187,24.812,2025-10-26 06:53:36
165,0.6,103.5,156,0.5,85.8,185.6,60.01,215.3,0.8,0.0,1363.4,29.3,0.0,0.0,0,77.69001683283699,4396.715097915351,56.59305116866709,25.187,24.812,2025-10-26 06:53:38
165.2,0.5,103.3,153.1,0.5,87.4,187.0,60.03,215.3,0.8,0.0,1363.4,29.3,0.0,0.0,0,77.69001683283699,1364.4977890082123,17.563360707517372,25.25,24.812,2025-10-26 06:53:40
167.1,0.6,102.2,150.2,0.5,86.3,184.7,60.03,215.3,0.8,0.0,1363.4,29.3,0.0,0.0,0,77.69001683283699,947.5679090334806,12.196778269109284,25.187,24.812,2025-10-26 06:53:43
164.2,0.6,103.3,151.1,0.5,86.2,185.8,60.03,215.2,0.8,0.0,1363.4,29.3,0.0,0.0,0,77.69001683283699,1137.0814908401767,14.636133922931139,25.187,24.812,2025-10-26 06:53:45
162.1,0.6,101.8,153,0.5,87.6,185.8,60.03,215.4,0.9,0.0,1363.4,29.4,0.0,0.0,0,77.69001683283699,3032.217308907138,39.029690461149706,25.187,24.812,2025-10-26 06:53:47
164.9,0.6,102.3,156,0.5,84.9,184.1,60.04,215.3,0.9,0.0,1363.4,29.4,0.0,0.0,0,77.69001683283699,4548.325963360707,58.544535691724555,25.187,24.812,2025-10-26 06:53:50
166.8,0.5,103.6,154,0.5,85.2,184.7,60.02,215.4,0.8,0.0,1363.4,29.4,0.0,0.0,0,77.69001683283699,5041.061276058118,64.8868603916614,25.25,24.812,2025-10-26 06:53:52
164.9,0.6,97.0,153.1,0.5,87.2,180.2,60.04,215.4,0.9,0.0,1363.4,29.4,0.0,0.0,0,77.69001683283699,4510.423246999368,58.056664560960186,25.25,24.812,2025-10-26 06:53:55
164.9,0.6,103.1,150.1,0.5,85.7,185.0,60.01,215.4,0.8,0.0,1363.4,29.4,0.0,0.0,0,77.69001683283699,4283.006948831333,55.12943777637397,25.25,24.812,2025-10-26 06:53:57
162,0.6,101.8,153,0.5,86.2,184.4,60.02,215.4,0.8,0.0,1363.4,29.4,0.0,0.0,0,77.69001683283699,2728.9955780164246,35.126721415034744,25.25,24.812,2025-10-26 06:53:59
165,0.6,103.3,153.1,0.5,87.1,186.6,60,215.2,0.9,0.0,1363.4,29.4,0.0,0.0,0,77.69001683283699,1137.0814908401767,14.636133922931139,25.25,24.875,2025-10-26 06:54:02
165.1,0.5,103.6,156,0.5,84.4,180.7,60.01,215.3,0.8,0.0,1363.4,29.4,0.0,0.0,0,77.69001683283699,1364.4977890082123,17.563360707517372,25.25,24.812,2025-10-26 06:54:04
164.5,0.6,101.5,153.2,0.5,86.1,183.8,60,215.2,0.8,0.0,1363.4,29.4,0.0,0.0,0,77.69001683283699,909.6651926721415,11.708907138344914,25.25,24.812,2025-10-26 06:54:06
164.9,0.6,103.1,152.7,0.5,86.5,186.3,60.01,215.5,0.9,0.0,1363.4,29.4,0.0,0.0,0,77.69001683283699,2160.454832596336,27.80865445356917,25.25,24.875,2025-10-26 06:54:09
162.1,0.6,102.0,150,0.5,84.9,183.2,60,215.5,0.8,0.0,1363.4,29.4,0.0,0.0,0,77.69001683283699,2463.67656348705,31.71162349968414,25.25,24.875,2025-10-26 06:54:11
164.9,0.6,102.9,153.1,0.5,86.2,185.5,60.02,215.5,0.8,0.0,1363.4,29.4,0.0,0.0,0,77.69001683283699,2425.7738471257107,31.22375236891977,25.25,24.812,2025-10-26 06:54:14
166,0.5,102.4,154.7,0.5,85.8,184.2,60.02,215.6,0.8,0.0,1363.4,29.4,0.0,0.0,0,77.69001683283699,2577.3847125710677,33.17523689197726,25.25,24.812,2025-10-26 06:54:16
165.7,0.6,96.7,156.1,0.5,83.7,182.9,60.01,215.5,0.8,0.0,1363.4,29.4,0.0,0.0,0,77.69001683283699,3524.9526216045483,45.37201516108654,25.25,24.875,2025-10-26 06:54:18
163,0.6,102.7,153,0.5,85.4,184.6,60.01,215.5,0.9,0.0,1363.4,29.4,0.0,0.0,0,77.69001683283699,2539.4819962097285,32.68736576121289,25.25,24.875,2025-10-26 06:54:21
161.9,0.6,101.4,150,0.5,84.5,182.4,60.01,215.4,0.8,0.0,1363.4,29.4,0.0,0.0,0,77.69001683283699,1250.7896399241945,16.099747315224256,25.25,24.875,2025-10-26 06:54:23
165.1,0.6,103.1,150,0.5,84.1,183.5,60,215.4,0.8,0.0,1363.4,29.4,0.0,0.0,0,77.69001683283699,2880.6064434617815,37.078205938092225,25.25,24.875,2025-10-26 06:54:25
167.9,0.5,100.1,153.1,0.5,85.1,182.4,59.99,215.5,0.9,0.0,1363.4,29.4,0.0,0.0,0,77.69001683283699,2046.7466835123184,26.345041061276056,25.25,24.875,2025-10-26 06:54:28
164.8,0.6,100.7,156,0.5,83.0,180.0,59.99,215.6,0.8,0.0,1363.4,29.4,0.0,0.0,0,77.69001683283699,833.8597599494631,10.73316487681617,25.25,24.875,2025-10-26 06:54:30
165,0.6,103.0,155.9,0.5,82.7,182.7,60,215.5,0.8,0.0,1363.4,29.4,0.0,0.0,0,77.69001683283699,909.6651926721415,11.708907138344914,25.25,24.937,2025-10-26 06:54:33
162,0.6,101.5,153.1,0.5,84.9,182.3,60.03,215.5,0.8,0.0,1363.4,29.4,0.0,0.0,0,77.69001683283699,1137.0814908401767,14.636133922931139,25.25,24.875,2025-10-26 06:54:35
164.9,0.6,102.9,150.1,0.5,83.1,182.5,60.04,215.6,0.8,0.0,1363.4,29.4,0.0,0.0,0,77.69001683283699,3790.2716361339226,48.78711307643714,25.25,24.875,2025-10-26 06:54:37
165.9,0.5,102.4,151.6,0.5,82.9,174.0,60.05,215.5,0.8,0.0,1363.4,29.4,0.0,0.0,0,77.69001683283699,4851.5476942514215,62.44750473783954,25.25,24.875,2025-10-26 06:54:40
165.3,0.6,101.6,153.1,0.5,83.9,181.9,60.04,215.6,0.8,0.0,1363.4,29.4,0.0,0.0,0,77.69001683283699,3752.3689197725835,48.29924194567276,25.25,24.875,2025-10-26 06:54:42
163.4,0.6,102.9,156,0.5,82.1,181.4,60.05,215.6,0.7,0.0,1363.4,29.4,0.0,0.0,0,77.69001683283699,4017.687934301958,51.71433986102337,25.25,24.875,2025-10-26 06:54:44
161.9,0.6,101.4,153.5,0.5,82.2,180.6,60.04,215.5,0.8,0.0,1363.4,29.4,0.0,0.0,0,77.69001683283699,1250.7896399241945,16.099747315224256,25.25,24.875,2025-10-26 06:54:47
165,0.6,102.1,151.2,0.5,83.4,182.0,60.05,215.6,0.8,0.0,1363.4,29.4,0.0,0.0,0,77.69001683283699,871.7624763108023,11.221036007580542,25.25,24.875,2025-10-26 06:54:49
167.4,0.5,99.8,150.1,0.5,82.9,180.1,60.04,215.5,0.7,0.0,1363.4,29.4,0.0,0.0,0,77.69001683283699,3903.9797852179404,50.25072646873025,25.25,24.937,2025-10-26 06:54:52
165.2,0.6,98.9,153.2,0.5,83.1,178.2,60.05,215.5,0.8,0.0,1363.4,29.5,0.0,0.0,0,77.69001683283699,3979.785217940619,51.22646873025899,25.25,24.875,2025-10-26 06:54:54
165,0.6,101.2,156.1,0.5,81.7,179.4,60.04,215.5,0.7,0.0,1363.4,29.5,0.0,0.0,0,77.69001683283699,4283.006948831333,55.12943777637397,25.187,24.937,2025-10-26 06:54:56
161.9,0.6,100.4,155.9,0.5,80.9,177.9,60.05,215.5,0.8,0.0,1363.4,29.5,0.0,0.0,0,77.69001683283699,3221.7308907138345,41.46904611497157,25.25,24.937,2025-10-26 06:54:59
165.1,0.6,101.6,152.9,0.5,82.6,180.7,60.03,215.5,0.8,0.0,1363.4,29.5,0.0,0.0,0,77.69001683283699,909.6651926721415,11.708907138344914,25.25,24.875,2025-10-26 06:55:01
165.8,0.5,91.8,150.2,0.5,81.7,170.6,60.04,215.5,0.8,0.0,1363.4,29.5,0.0,0.0,0,77.69001683283699,1099.1787744788378,14.148262792166772,25.25,24.875,2025-10-26 06:55:03
165.3,0.6,99.5,150.3,0.5,81.0,176.8,60.04,215.5,0.8,0.0,1363.4,29.5,0.0,0.0,0,77.69001683283699,1288.6923562855338,16.58761844598863,25.25,24.875,2025-10-26 06:55:06
163.5,0.6,101.1,153,0.5,82.6,180.2,60.04,215.6,0.7,0.0,1363.4,29.5,0.0,0.0,0,77.69001683283699,4851.5476942514215,62.44750473783954,25.25,24.937,2025-10-26 06:55:08
161.9,0.6,99.5,156,0.5,79.8,175.8,60.04,215.5,0.9,0.0,1363.4,29.5,0.0,0.0,0,77.69001683283699,4737.839545167403,60.98389134554642,25.25,24.875,2025-10-26 06:55:10
165,0.6,100.8,154.6,0.5,79.9,177.2,60.03,215.5,0.8,0.0,1363.4,29.5,0.0,0.0,0,77.69001683283699,2198.3575489576756,28.296525584333544,25.25,24.875,2025-10-26 06:55:13
167.2,0.5,98.3,153.3,0.5,81.1,177.0,60.03,215.5,0.8,0.0,1363.4,29.5,0.0,0.0,0,77.69001683283699,3752.3689197725835,48.29924194567276,25.25,24.875,2025-10-26 06:55:15
165.2,0.6,100.3,150,0.5,79.7,176.4,60.04,215.6,0.8,0.0,1363.4,29.5,0.0,0.0,0,77.69001683283699,985.4706253948199,12.684649399873654,25.25,24.875,2025-10-26 06:55:18
162.6,0.6,99.2,152.8,0.5,79.4,175.3,60.03,215.5,0.7,0.0,1363.4,29.5,0.0,0.0,0,77.69001683283699,2274.1629816803534,29.272267845862277,25.25,24.875,2025-10-26 06:55:20
162,0.6,98.7,153.1,0.4,80.2,175.6,60.03,215.5,0.8,0.0,1363.4,29.5,0.0,0.0,0,77.69001683283699,3524.9526216045483,45.37201516108654,25.25,24.875,2025-10-26 06:55:22
165,0.6,99.9,156,0.5,77.8,174.0,60.04,215.6,0.8,0.0,1363.4,29.5,0.0,0.0,0,77.69001683283699,4434.61781427669,57.08092229943146,25.25,24.875,2025-10-26 06:55:25
168.1,0.5,90.3,152.9,0.5,79.3,167.0,60.04,215.4,0.8,0.0,1363.4,29.5,0.0,0.0,0,77.69001683283699,4965.255843335439,63.91111813013265,25.25,24.875,2025-10-26 06:55:27
165.2,0.6,97.6,153.1,0.5,79.9,173.7,60.03,215.5,0.8,0.0,1363.4,29.5,0.0,0.0,0,77.69001683283699,2766.8982943777637,35.61459254579911,25.187,24.875,2025-10-26 06:55:29
163.5,0.6,99.2,150.1,0.5,78.1,171.5,60.03,215.5,0.8,0.0,1363.4,29.5,0.0,0.0,0,77.69001683283699,1326.595072646873,17.075489576752997,25.187,24.875,2025-10-26 06:55:32
162,0.5,97.4,153,0.5,79.2,173.0,60.02,215.5,0.8,0.0,1363.4,29.5,0.0,0.0,0,77.69001683283699,720.1516108654454,9.269551484523056,25.187,24.875,2025-10-26 06:55:34
165,0.6,98.6,154.1,0.4,78.7,174.0,60.02,215.5,0.8,0.0,1363.4,29.5,0.0,0.0,0,77.69001683283699,871.7624763108023,11.221036007580542,25.187,24.812,2025-10-26 06:55:37
167.1,0.5,97.2,155.9,0.5,77.0,159.0,60.02,215.5,0.7,0.0,1363.4,29.5,0.0,0.0,0,77.69001683283699,2425.7738471257107,31.22375236891977,25.187,24.875,2025-10-26 06:55:39
164.8,0.5,97.6,153.3,0.5,78.2,172.5,60.02,215.5,0.8,0.0,1363.4,29.5,0.0,0.0,0,77.69001683283699,4358.812381554011,56.105180037902706,25.25,24.812,2025-10-26 06:55:41
162.8,0.6,97.8,150.6,0.5,77.3,172.0,60.04,215.6,0.8,0.0,1363.4,29.5,0.0,0.0,0,77.69001683283699,4851.5476942514215,62.44750473783954,25.25,24.875,2025-10-26 06:55:44
162,0.5,96.1,150.3,0.5,76.4,168.8,60.03,215.5,0.8,0.0,1363.4,29.5,0.0,0.0,0,77.69001683283699,3259.6336070751736,41.95691724573594,25.187,24.812,2025-10-26 06:55:46
164.9,0.5,97.8,153.1,0.5,77.7,172.2,60.03,215.5,0.8,0.0,1363.4,29.5,0.0,0.0,0,77.69001683283699,2349.968414403032,30.248010107391025,25.187,24.812,2025-10-26 06:55:48
168,0.4,88.3,156,0.4,76.1,162.1,60.02,215.4,0.7,0.0,1363.4,29.5,0.0,0.0,0,77.69001683283699,2387.871130764371,30.735881238155393,25.187,24.875,2025-10-26 06:55:51
165,0.5,94.5,156,0.4,75.3,169.0,60.02,215.6,0.7,0.0,1363.4,29.5,0.0,0.0,0,77.69001683283699,833.8597599494631,10.73316487681617,25.187,24.812,2025-10-26 06:55:53
161.9,0.5,96.0,153.4,0.5,76.0,168.9,60.01,215.5,0.8,0.0,1363.4,29.5,0.0,0.0,0,77.69001683283699,1667.7195198989261,21.46632975363234,25.187,24.875,2025-10-26 06:55:56
161.9,0.5,95.5,150.1,0.5,75.1,167.3,60.02,215.6,0.8,0.0,1363.4,29.5,0.0,0.0,0,77.69001683283699,1402.4005053695514,18.05123183828174,25.187,24.875,2025-10-26 06:55:58
164.9,0.5,96.2,150.6,0.4,74.8,168.7,60.01,215.5,0.7,0.0,1363.4,29.5,0.0,0.0,0,77.69001683283699,1857.233101705622,23.905685407454193,25.187,24.875,2025-10-26 06:56:00
168,0.5,82.3,153.2,0.4,76.1,155.1,60.03,215.5,0.7,0.0,1363.4,29.5,0.0,0.0,0,77.69001683283699,4965.255843335439,63.91111813013265,25.187,24.875,2025-10-26 06:56:03
165,0.5,95.7,156.1,0.4,73.6,166.2,60.02,215.3,0.8,0.0,1363.4,29.5,0.0,0.0,0,77.69001683283699,5041.061276058118,64.8868603916614,25.187,24.875,2025-10-26 06:56:05
162.8,0.5,95.1,153.9,0.4,74.4,166.5,60.03,215.4,0.7,0.0,1363.4,29.5,0.0,0.0,0,77.69001683283699,4699.936828806064,60.49602021478205,25.25,24.812,2025-10-26 06:56:07
163,0.5,93.8,152.2,0.4,75.0,165.7,60.01,215.3,0.7,0.0,1363.4,29.5,0.0,0.0,0,77.69001683283699,4396.715097915351,56.59305116866709,25.187,24.875,2025-10-26 06:56:10
164.9,0.5,94.3,150.1,0.4,73.5,164.7,60.02,215.5,0.7,0.0,1363.4,29.5,0.0,0.0,0,77.69001683283699,985.4706253948199,12.684649399873654,25.187,24.875,2025-10-26 06:56:12
167.8,0.5,85.1,153.1,0.4,74.6,157.4,60.02,215.3,0.8,0.0,1363.4,29.5,0.0,0.0,0,38.845008416418494,1061.2760581174985,27.3207833228048,25.25,24.812,2025-10-26 06:56:14
165,0.5,93.8,155.4,0.4,73.7,164.5,60.03,215.4,0.9,0.0,1363.4,29.6,0.0,0.0,0,77.69001683283699,1364.4977890082123,17.563360707517372,25.187,24.875,2025-10-26 06:56:17
161.7,0.5,93.2,156.1,0.4,71.9,162.1,60.03,215.3,0.7,0.0,1363.4,29.6,0.0,0.0,0,77.69001683283699,2160.454832596336,27.80865445356917,25.187,24.875,2025-10-26 06:56:19
162.2,0.5,91.9,152.9,0.4,73.7,162.5,60.03,215.4,0.8,0.0,1363.4,29.6,0.0,0.0,0,38.845008416418494,3108.0227416298167,80.0108654453569,25.25,24.875,2025-10-26 06:56:22
165,0.5,92.4,150.3,0.4,72.5,161.8,60.03,215.4,0.7,0.0,1363.4,29.6,0.0,0.0,0,77.69001683283699,4434.61781427669,57.08092229943146,25.25,24.875,2025-10-26 06:56:24
168,0.5,79.0,150,0.4,72.2,148.6,60.01,215.3,0.8,0.0,1363.4,29.6,0.0,0.0,0,38.845008416418494,3866.0770688566013,99.52571067593176,25.25,24.812,2025-10-26 06:56:26
164.9,0.5,91.9,153,0.4,72.8,161.6,60.02,215.3,0.7,0.0,1363.4,29.6,0.0,0.0,0,38.845008416418494,2994.3145925457993,77.08363866077069,25.25,24.875,2025-10-26 06:56:29
163.3,0.5,90.0,153,0.4,72.2,159.2,60.03,215.4,0.7,0.0,1363.4,29.6,0.0,0.0,0,38.845008416418494,2312.065698041693,59.520277953253306,25.187,24.875,2025-10-26 06:56:31
162.7,0.5,90.0,154,0.4,72.4,158.8,60.02,215.4,0.8,0.0,1363.4,29.6,0.0,0.0,0,38.845008416418494,1174.984207201516,30.248010107391025,25.25,24.875,2025-10-26 06:56:33
165.1,0.5,90.5,156,0.4,69.7,157.2,60.03,215.4,0.7,0.0,1363.4,29.6,0.0,0.0,0,38.845008416418494,758.0543272267845,19.514845230574853,25.25,24.875,2025-10-26 06:56:36
167.7,0.5,74.0,153.1,0.4,72.1,143.4,60.02,215.3,0.8,0.0,1363.4,29.6,0.0,0.0,0,38.845008416418494,1970.9412507896398,50.73859759949462,25.187,24.875,2025-10-26 06:56:38
165,0.5,89.8,150.9,0.4,70.7,157.2,60.02,215.6,0.7,0.0,1363.4,29.6,0.0,0.0,0,38.845008416418494,2691.092861655085,69.27770056854074,25.187,24.875,2025-10-26 06:56:41
161.7,0.5,89.1,150.1,0.4,69.7,155.9,60.02,215.2,0.7,0.0,1363.4,29.6,0.0,0.0,0,38.845008416418494,5041.061276058118,129.7737207833228,25.187,24.875,2025-10-26 06:56:43
161.9,0.5,87.6,153.1,0.4,70.7,155.4,60.03,215.3,0.7,0.0,1363.4,29.6,0.0,0.0,0,38.845008416418494,3373.3417561591914,86.84106127605811,25.187,24.875,2025-10-26 06:56:45
165,0.5,88.9,153.1,0.4,70.0,156.1,60.03,215.3,0.7,0.0,1363.4,29.6,0.0,0.0,0,38.845008416418494,4169.298799747316,107.33164876816171,25.25,24.875,2025-10-26 06:56:48
168.1,0.5,75.5,156,0.4,68.6,142.0,60.03,215.3,0.7,0.0,1363.4,29.6,0.0,0.0,0,38.845008416418494,3221.7308907138345,82.93809222994314,25.25,24.875,2025-10-26 06:56:50
165.1,0.5,87.7,152.7,0.4,68.2,153.3,60.03,215.4,0.7,0.0,1363.4,29.6,0.0,0.0,0,38.845008416418494,947.5679090334806,24.39355653821857,25.187,24.875,2025-10-26 06:56:52
162.1,0.5,86.5,153,0.4,68.9,152.5,60.02,215.3,0.7,0.0,1363.4,29.6,0.0,0.0,0,38.845008416418494,1667.7195198989261,42.93265950726468,25.187,24.875,2025-10-26 06:56:55
162.8,0.5,86.3,150,0.4,67.6,150.7,60.02,215.3,0.7,0.0,1363.4,29.6,0.0,0.0,0,38.845008416418494,985.4706253948199,25.36929879974731,25.187,24.937,2025-10-26 06:56:57
163,0.5,86.5,152,0.4,68.1,151.1,60.01,215.4,0.6,0.0,1363.4,29.6,0.0,0.0,0,38.845008416418494,2274.1629816803534,58.544535691724555,25.187,24.875,2025-10-26 06:57:00
165,0.5,86.0,153.6,0.4,68.3,151.3,60.01,215.4,0.6,0.0,1363.4,29.6,0.0,0.0,0,38.845008416418494,4245.104232469994,109.2831332912192,25.187,24.875,2025-10-26 06:57:02
166.3,0.3,84.0,155.9,0.4,65.5,147.1,60.01,215.3,0.6,0.0,1363.4,29.6,0.0,0.0,0,38.845008416418494,5154.769425142135,132.70094756790903,25.187,24.875,2025-10-26 06:57:04
165.1,0.5,71.1,153.4,0.4,67.8,149.2,60,215.3,0.7,0.0,1363.4,29.6,0.0,0.0,0,38.845008416418494,4889.450410612761,125.87075173720783,25.187,24.875,2025-10-26 06:57:07
162.8,0.5,84.0,150.9,0.4,67.1,148.3,60,215.3,0.7,0.0,1363.4,29.6,0.0,0.0,0,38.845008416418494,4624.131396083386,119.04055590650661,25.187,24.875,2025-10-26 06:57:09
163.4,0.5,83.8,149.9,0.4,66.0,146.9,59.97,215.3,0.8,0.0,1363.4,29.6,0.0,0.0,0,38.845008416418494,3676.563487049905,94.64699936828804,25.187,24.875,2025-10-26 06:57:11
161.9,0.5,83.3,153.2,0.4,66.8,147.1,59.97,215.4,0.7,0.0,1363.4,29.6,0.0,0.0,0,38.845008416418494,4662.034112444725,120.01629816803536,25.25,24.875,2025-10-26 06:57:14
165.1,0.5,82.4,156,0.4,65.7,145.0,59.98,215.4,0.7,0.0,1363.4,29.6,0.0,0.0,0,38.845008416418494,4055.5906506632973,104.40442198357547,25.187,24.875,2025-10-26 06:57:16
162.2,0.4,82.6,153.3,0.4,65.6,145.4,59.97,215.2,0.7,0.0,1363.4,29.6,0.0,0.0,0,38.845008416418494,5041.061276058118,129.7737207833228,25.187,24.875,2025-10-26 06:57:19
164.9,0.5,80.0,153.1,0.4,65.1,143.8,59.98,215.2,0.7,0.0,1363.4,29.6,0.0,0.0,0,38.845008416418494,5041.061276058118,129.7737207833228,25.187,24.937,2025-10-26 06:57:21
161.8,0.5,81.4,150,0.4,64.7,142.9,59.98,215.4,0.7,0.0,1363.4,29.6,0.0,0.0,0,38.845008416418494,4965.255843335439,127.8222362602653,25.187,24.937,2025-10-26 06:57:23
159.1,0.4,79.7,153.2,0.4,65.0,142.0,59.97,215.4,0.7,0.0,1363.4,29.6,0.0,0.0,0,38.845008416418494,4889.450410612761,125.87075173720783,25.187,24.937,2025-10-26 06:57:26
160.7,0.4,79.9,153.1,0.4,64.8,142.7,59.98,215.4,0.6,0.0,1363.4,29.6,0.0,0.0,0,38.845008416418494,5116.866708780796,131.72520530638027,25.187,24.937,2025-10-26 06:57:28
162.5,0.4,80.1,153.1,0.4,64.6,141.9,59.98,215.4,0.7,0.0,1363.4,29.7,0.0,0.0,0,38.845008416418494,4965.255843335439,127.8222362602653,25.187,24.937,2025-10-26 06:57:30
165,0.4,78.3,153,0.4,64.5,140.2,59.99,215.5,0.6,0.0,1363.4,29.7,0.0,0.0,0,38.845008416418494,4851.5476942514215,124.89500947567907,25.187,24.937,2025-10-26 06:57:33
162.1,0.4,78.2,150.2,0.4,63.6,139.3,59.99,215.4,0.6,0.0,1363.4,29.7,0.0,0.0,0,38.845008416418494,3714.466203411244,95.62274162981677,25.25,24.875,2025-10-26 06:57:35
160.4,0.4,78.6,153,0.4,64.3,140.3,59.99,215.4,0.6,0.0,1363.4,29.7,0.0,0.0,0,38.845008416418494,5192.672141503474,133.67668982943778,25.25,24.937,2025-10-26 06:57:37
159.1,0.4,77.6,153.2,0.4,63.1,138.1,59.99,215.4,0.6,0.0,1363.4,29.7,0.0,0.0,0,38.845008416418494,5078.963992419457,130.74946304485155,25.25,24.937,2025-10-26 06:57:40
161.8,0.4,77.6,150.3,0.4,62.5,137.5,59.99,215.3,0.7,0.0,1363.4,29.7,0.0,0.0,0,38.845008416418494,3487.049905243209,89.76828806064434,25.25,24.937,2025-10-26 06:57:42
165,0.4,76.3,153.1,0.4,63.6,137.5,60,215.2,0.6,0.0,1363.4,29.7,0.0,0.0,0,38.845008416418494,1554.0113708149083,40.00543272267845,25.25,24.937,2025-10-26 06:57:45
162,0.4,77.3,156.2,0.3,60.7,135.0,60.01,215.3,0.7,0.0,1363.4,29.7,0.0,0.0,0,38.845008416418494,795.9570435881238,20.4905874921036,25.25,24.937,2025-10-26 06:57:47
161.7,0.4,76.7,155.8,0.4,60.1,134.3,60,215.3,0.7,0.1,1363.5,29.7,0.0,0.0,0,38.845008416418494,1970.9412507896398,50.73859759949462,25.187,24.937,2025-10-26 06:57:49
159.3,0.4,75.5,153.2,0.3,61.9,134.8,60.01,215.4,0.6,0.1,1363.5,29.7,0.0,0.0,0,38.845008416418494,1667.7195198989261,42.93265950726468,25.25,24.875,2025-10-26 06:57:52
162,0.4,76.0,150,0.4,61.0,134.5,60.01,215.4,0.7,0.1,1363.5,29.7,0.0,0.0,0,38.845008416418494,2842.703727100442,73.1806696146557,25.187,24.875,2025-10-26 06:57:54
163.1,0.4,75.2,151.2,0.3,60.6,131.2,60.01,215.4,0.6,0.1,1363.5,29.7,0.0,0.0,0,38.845008416418494,833.8597599494631,21.46632975363234,25.25,24.937,2025-10-26 06:57:57
161.9,0.4,74.8,150.6,0.3,59.9,132.2,60.01,215.2,0.7,0.1,1363.5,29.7,0.0,0.0,0,38.845008416418494,3221.7308907138345,82.93809222994314,25.25,24.937,2025-10-26 06:57:59
160.3,0.4,74.9,153,0.3,60.8,132.9,60.01,215.2,0.6,0.1,1363.5,29.7,0.0,0.0,0,38.845008416418494,2312.065698041693,59.520277953253306,25.187,24.937,2025-10-26 06:58:01
159.2,0.4,73.4,153.1,0.3,60.4,131.4,60.02,215.3,0.6,0.1,1363.5,29.7,0.0,0.0,0,38.845008416418494,4055.5906506632973,104.40442198357547,25.25,24.937,2025-10-26 06:58:04
161.9,0.4,74.0,151.7,0.3,59.3,130.8,60.02,215.2,0.6,0.1,1363.5,29.7,0.0,0.0,0,38.845008416418494,4965.255843335439,127.8222362602653,25.25,24.937,2025-10-26 06:58:06
164.8,0.4,72.4,153.1,0.3,60.0,130.2,60.02,215.3,0.6,0.1,1363.5,29.7,0.0,0.0,0,38.845008416418494,5306.380290587492,136.60391661402397,25.25,24.937,2025-10-26 06:58:08
162.1,0.4,72.0,156.5,0.3,57.7,126.6,60.03,215.3,0.6,0.1,1363.5,29.7,0.0,0.0,0,38.845008416418494,3941.8825015792795,101.47719519898924,25.25,24.937,2025-10-26 06:58:11
161.9,0.4,72.7,153.8,0.3,57.4,127.7,60.02,215.3,0.6,0.1,1363.5,29.7,0.0,0.0,0,38.845008416418494,1895.1358180669613,48.78711307643714,25.25,24.937,2025-10-26 06:58:13
159.1,0.4,71.5,153,0.3,58.7,127.8,60.02,215.3,0.6,0.1,1363.5,29.7,0.0,0.0,0,38.845008416418494,795.9570435881238,20.4905874921036,25.25,24.875,2025-10-26 06:58:15
162.1,0.4,71.9,150,0.3,57.9,126.8,60,215.2,0.6,0.1,1363.5,29.7,0.0,0.0,0,38.845008416418494,3108.0227416298167,80.0108654453569,25.25,24.937,2025-10-26 06:58:18
162.8,0.3,68.0,153.3,0.3,58.9,124.4,60.02,215.2,0.6,0.1,1363.5,29.7,0.0,0.0,0,38.845008416418494,871.7624763108023,22.442072015161084,25.25,24.937,2025-10-26 06:58:20
162,0.4,71.4,153.1,0.3,58.2,127.2,60.01,215.1,0.5,0.1,1363.5,29.7,0.0,0.0,0,38.845008416418494,2463.67656348705,63.42324699936828,25.25,24.937,2025-10-26 06:58:23
160.8,0.4,71.3,155.9,0.3,54.5,124.8,60.03,215.2,0.5,0.1,1363.5,29.7,0.0,0.0,0,38.845008416418494,4396.715097915351,113.18610233733418,25.25,24.937,2025-10-26 06:58:25
159.1,0.4,70.0,153.4,0.3,56.7,124.0,60.03,215.3,0.6,0.1,1363.5,29.7,0.0,0.0,0,38.845008416418494,4055.5906506632973,104.40442198357547,25.187,24.937,2025-10-26 06:58:27
162.1,0.4,70.8,151.4,0.3,57.9,126.3,60.04,215.3,0.6,0.1,1363.5,29.7,0.0,0.0,0,38.845008416418494,4813.644977890082,123.91926721415034,25.187,24.937,2025-10-26 06:58:30
164,0.3,69.1,150,0.3,56.2,123.1,60.02,215.3,0.6,0.1,1363.5,29.7,0.0,0.0,0,38.845008416418494,909.6651926721415,23.41781427668983,25.25,24.875,2025-10-26 06:58:32
161.2,0.4,66.3,153.1,0.3,56.4,123.6,60.04,215.3,0.7,0.1,1363.5,29.7,0.0,0.0,0,38.845008416418494,1023.3733417561592,26.345041061276056,25.187,24.937,2025-10-26 06:58:34
159.4,0.4,69.1,155.7,0.3,55.3,122.2,60.02,215.2,0.6,0.1,1363.5,29.7,0.0,0.0,0,38.845008416418494,2198.3575489576756,56.59305116866709,25.187,24.937,2025-10-26 06:58:37
159.1,0.4,68.6,153.3,0.3,53.8,120.0,60.04,215.2,0.5,0.1,1363.5,29.7,0.0,0.0,0,38.845008416418494,1061.2760581174985,27.3207833228048,25.187,24.875,2025-10-26 06:58:39
162,0.4,68.3,150.6,0.3,55.6,122.4,60.03,215.2,0.5,0.1,1363.5,29.8,0.0,0.0,0,38.845008416418494,2880.6064434617815,74.15641187618445,25.187,24.937,2025-10-26 06:58:42
165.4,0.3,64.5,150.2,0.3,55.2,117.3,60.05,215.3,0.6,0.1,1363.5,29.8,0.0,0.0,0,38.845008416418494,4965.255843335439,127.8222362602653,25.187,24.937,2025-10-26 06:58:44
162.2,0.4,66.9,152.9,0.3,54.7,119.2,60.03,215.3,0.6,0.1,1363.5,29.8,0.0,0.0,0,38.845008416418494,3183.8281743524954,81.9623499684144,25.187,24.937,2025-10-26 06:58:46
161.5,0.4,67.7,153.5,0.3,51.8,117.0,60.04,215.3,0.6,0.1,1363.5,29.8,0.0,0.0,0,38.845008416418494,4245.104232469994,109.2831332912192,25.187,24.937,2025-10-26 06:58:49
159.2,0.4,66.7,153.3,0.3,53.7,118.6,60.04,215.4,0.6,0.1,1363.5,29.8,0.0,0.0,0,38.845008416418494,2046.7466835123184,52.69008212255211,25.187,24.937,2025-10-26 06:58:51
162.1,0.4,67.0,151.8,0.3,54.6,119.4,60.03,215.2,0.5,0.1,1363.5,29.8,0.0,0.0,0,38.845008416418494,1819.330385344283,46.83562855337966,25.187,24.937,2025-10-26 06:58:53
163.7,0.3,65.7,150.1,0.3,53.6,107.2,60.03,215.3,0.6,0.1,1363.5,29.8,0.0,0.0,0,38.845008416418494,3979.785217940619,102.45293746051799,25.187,24.875,2025-10-26 06:58:56
161.8,0.4,65.7,153.2,0.3,53.9,117.3,60.03,215.2,0.6,0.1,1363.5,29.8,0.0,0.0,0,38.845008416418494,2236.2602653190143,57.56879343019582,25.187,24.937,2025-10-26 06:58:58
159.9,0.4,65.6,155.3,0.3,52.8,116.3,60.02,215.3,0.6,0.1,1363.5,29.8,0.0,0.0,0,38.845008416418494,4017.687934301958,103.42867972204674,25.187,24.937,2025-10-26 06:59:01
159.1,0.3,65.4,153.3,0.3,52.6,115.2,60.01,215.3,0.5,0.1,1363.5,29.8,0.0,0.0,0,38.845008416418494,4358.812381554011,112.21036007580541,25.25,24.937,2025-10-26 06:59:03
162,0.4,65.3,150.8,0.3,53.1,116.3,60.01,215.3,0.6,0.1,1363.5,29.8,0.0,0.0,0,38.845008416418494,2501.579279848389,64.39898926089703,25.25,24.875,2025-10-26 06:59:05
165.2,0.3,61.1,150.1,0.3,52.6,110.5,60.01,215.2,0.7,0.1,1363.5,29.8,0.0,0.0,0,38.845008416418494,1174.984207201516,30.248010107391025,25.25,24.937,2025-10-26 06:59:08
162.2,0.3,62.3,153,0.3,52.9,114.9,60.02,215.2,0.6,0.1,1363.5,29.8,0.0,0.0,0,38.845008416418494,795.9570435881238,20.4905874921036,25.25,24.937,2025-10-26 06:59:10
159,0.3,63.4,156.1,0.2,48.9,110.4,60.02,215.1,0.6,0.1,1363.5,29.8,0.0,0.0,0,38.845008416418494,833.8597599494631,21.46632975363234,25.25,24.937,2025-10-26 06:59:12
159.1,0.3,63.9,153.1,0.3,51.2,112.8,60.03,215.2,0.5,0.1,1363.5,29.8,0.0,0.0,0,38.845008416418494,1554.0113708149083,40.00543272267845,25.25,24.937,2025-10-26 06:59:15
161.9,0.3,63.9,152.3,0.3,51.8,112.6,60.02,215.3,0.6,0.1,1363.5,29.8,0.0,0.0,0,38.845008416418494,4775.742261528742,122.94352495262157,25.25,24.937,2025-10-26 06:59:17
165.1,0.3,51.2,149.9,0.3,51.2,100.8,60.02,215.1,0.6,0.1,1363.5,29.8,0.0,0.0,0,38.845008416418494,4586.228679722047,118.06481364497787,25.25,24.937,2025-10-26 06:59:19
162,0.3,62.5,153.1,0.3,51.0,111.4,60.02,215.3,0.5,0.1,1363.5,29.8,0.0,0.0,0,38.845008416418494,4737.839545167403,121.96778269109284,25.25,24.937,2025-10-26 06:59:22
160,0.3,63.1,154.9,0.2,50.4,111.2,60.02,214.9,0.5,0.1,1363.5,29.8,0.0,0.0,0,38.845008416418494,4283.006948831333,110.25887555274794,25.25,24.875,2025-10-26 06:59:24
160.1,0.3,62.0,153.2,0.3,50.3,110.2,60.02,215,0.6,0.1,1363.5,29.8,0.0,0.0,0,38.845008416418494,2312.065698041693,59.520277953253306,25.25,24.937,2025-10-26 06:59:27
162.1,0.3,62.0,150.8,0.3,50.1,110.0,60.02,214.9,0.4,0.1,1363.5,29.8,0.0,0.0,0,38.845008416418494,4283.006948831333,110.25887555274794,25.25,24.937,2025-10-26 06:59:29
165,0.3,57.5,150.1,0.3,49.7,104.5,60.01,215.1,0.5,0.1,1363.5,29.8,0.0,0.0,0,38.845008416418494,795.9570435881238,20.4905874921036,25.25,24.937,2025-10-26 06:59:31
161.9,0.3,60.8,153.1,0.3,49.6,108.4,60.01,215,0.5,0.1,1363.5,29.8,0.0,0.0,0,38.845008416418494,833.8597599494631,21.46632975363234,25.25,24.875,2025-10-26 06:59:34
159.1,0.3,60.7,155.9,0.2,47.2,106.2,60.01,214.9,0.5,0.1,1363.5,29.8,0.0,0.0,0,38.845008416418494,985.4706253948199,25.36929879974731,25.25,24.937,2025-10-26 06:59:36
159.1,0.3,60.7,153,0.3,48.7,107.4,60,215.1,0.5,0.1,1363.5,29.8,0.0,0.0,0,38.845008416418494,947.5679090334806,24.39355653821857,25.25,24.937,2025-10-26 06:59:38
161.7,0.3,61.1,149.8,0.3,48.7,107.8,60,214.9,0.6,0.1,1363.5,29.8,0.0,0.0,0,38.845008416418494,3335.4390397978523,85.86531901452936,25.25,24.937,2025-10-26 06:59:41
165.1,0.3,48.2,151.6,0.3,48.9,95.9,59.98,214.9,0.6,0.1,1363.5,29.8,0.0,0.0,0,38.845008416418494,3449.14718888187,88.7925457991156,25.25,24.875,2025-10-26 06:59:43
162.1,0.3,59.3,150.7,0.3,48.4,105.9,60,215.1,0.5,0.1,1363.5,29.8,0.0,0.0,0,38.845008416418494,4245.104232469994,109.2831332912192,25.25,24.937,2025-10-26 06:59:46
160.1,0.3,59.4,151.6,0.3,47.7,104.9,59.98,215.1,0.5,0.1,1363.5,29.8,0.0,0.0,0,38.845008416418494,4851.5476942514215,124.89500947567907,25.25,24.875,2025-10-26 06:59:48
159.4,0.3,59.2,148.9,0.3,46.7,103.8,59.98,215.1,0.5,0.1,1363.5,29.8,0.0,0.0,0,38.845008416418494,5116.866708780796,131.72520530638027,25.25,24.875,2025-10-26 06:59:50
162,0.3,59.6,151.7,0.3,47.6,105.1,59.98,215.1,0.6,0.1,1363.5,29.8,0.0,0.0,0,38.845008416418494,4169.298799747316,107.33164876816171,25.25,24.875,2025-10-26 06:59:53
164.6,0.3,48.4,154.6,0.2,46.9,93.0,59.99,215,0.5,0.1,1363.5,29.8,0.0,0.0,0,38.845008416418494,4510.423246999368,116.11332912192037,25.312,24.875,2025-10-26 06:59:55
162.1,0.3,58.7,152.2,0.2,45.9,102.7,59.99,214.9,0.6,0.1,1363.5,29.8,0.0,0.0,0,38.845008416418494,4813.644977890082,123.91926721415034,25.25,24.875,2025-10-26 06:59:57
159.1,0.3,58.4,151.3,0.2,46.8,103.4,59.99,214.8,0.5,0.1,1363.5,29.8,0.0,0.0,0,38.845008416418494,5306.380290587492,136.60391661402397,25.25,24.875,2025-10-26 07:00:00
159.2,0.3,57.6,148.7,0.2,45.5,101.3,60,214.9,0.5,0.1,1363.5,29.8,0.0,0.0,0,38.845008416418494,5116.866708780796,131.72520530638027,25.25,24.875,2025-10-26 07:00:02
162,0.3,57.7,148.6,0.2,46.1,101.9,60,215,0.6,0.1,1363.5,29.8,0.0,0.0,0,38.845008416418494,5457.991156032849,140.50688566013898,25.25,24.875,2025-10-26 07:00:05
162,0.3,57.8,148.7,0.2,45.8,101.7,60.01,215,0.5,0.1,1363.5,29.8,0.0,0.0,0,38.845008416418494,4320.909665192672,111.23461781427667,25.25,24.875,2025-10-26 07:00:07
159.4,0.3,57.6,148.8,0.2,45.7,100.6,60,215,0.6,0.1,1363.5,29.8,0.0,0.0,0,38.845008416418494,1743.5249526216046,44.88414403032217,25.25,24.812,2025-10-26 07:00:09
159.2,0.3,57.1,151.6,0.2,45.9,101.0,60,214.9,0.5,0.1,1363.5,29.8,0.0,0.0,0,38.845008416418494,4131.3960833859755,106.35590650663295,25.25,24.812,2025-10-26 07:00:12
161.9,0.3,56.5,151.9,0.2,45.9,100.6,59.97,214.8,0.5,0.1,1363.5,29.8,0.0,0.0,0,38.845008416418494,2615.287428932407,67.32621604548325,25.25,24.875,2025-10-26 07:00:14
162,0.3,56.4,154.6,0.2,44.5,99.1,59.98,214.8,0.5,0.1,1363.5,29.8,0.0,0.0,0,38.845008416418494,1819.330385344283,46.83562855337966,25.25,24.812,2025-10-26 07:00:16
159.1,0.3,56.8,151.7,0.2,45.0,99.9,59.98,214.7,0.5,0.1,1363.5,29.8,0.0,0.0,0,38.845008416418494,2236.2602653190143,57.56879343019582,25.25,24.812,2025-10-26 07:00:19
159,0.3,56.6,149.6,0.2,44.6,99.4,59.99,214.9,0.5,0.1,1363.5,29.8,0.0,0.0,0,38.845008416418494,2766.8982943777637,71.22918509159823,25.25,24.812,2025-10-26 07:00:21
161.8,0.3,56.0,148.8,0.2,44.7,98.3,59.98,214.9,0.5,0.1,1363.5,29.8,0.0,0.0,0,38.845008416418494,2198.3575489576756,56.59305116866709,25.25,24.812,2025-10-26 07:00:24
158.9,0.3,55.7,148.6,0.2,44.3,98.2,59.98,214.9,0.5,0.1,1363.5,29.8,0.0,0.0,0,38.845008416418494,1478.2059380922299,38.05394819962097,25.25,24.812,2025-10-26 07:00:26
159.1,0.3,55.5,148.8,0.2,44.3,97.9,59.98,215,0.5,0.1,1363.5,29.8,0.0,0.0,0,38.845008416418494,720.1516108654454,18.539102969046112,25.25,24.812,2025-10-26 07:00:28
162,0.3,54.0,148.7,0.2,44.5,97.4,59.99,214.8,0.5,0.1,1363.5,29.8,0.0,0.0,0,38.845008416418494,1554.0113708149083,40.00543272267845,25.25,24.812,2025-10-26 07:00:31
164.8,0.2,49.2,145.7,0.2,44.9,93.0,60,214.7,0.5,0.1,1363.5,29.8,0.0,0.0,0,38.845008416418494,1099.1787744788378,28.296525584333544,25.25,24.812,2025-10-26 07:00:33
161.9,0.3,50.7,145.6,0.2,44.0,92.6,60.02,214.8,0.4,0.1,1363.5,29.8,0.0,0.0,0,38.845008416418494,3032.217308907138,78.05938092229941,25.25,24.812,2025-10-26 07:00:35
161.8,0.3,54.4,148.8,0.2,44.5,96.0,60.04,215,0.5,0.1,1363.5,29.8,0.0,0.0,0,38.845008416418494,4624.131396083386,119.04055590650661,25.25,24.812,2025-10-26 07:00:38
160.5,0.3,54.7,148.7,0.2,43.5,96.5,60.03,214.7,0.5,0.1,1363.5,29.8,0.0,0.0,0,38.845008416418494,5382.18572331017,138.55540113708147,25.25,24.75,2025-10-26 07:00:40
159.3,0.3,54.7,145.5,0.2,43.0,95.9,60.04,214.8,0.5,0.1,1363.5,29.8,0.0,0.0,0,38.845008416418494,4055.5906506632973,104.40442198357547,25.25,24.812,2025-10-26 07:00:42
160.3,0.3,54.4,148.6,0.2,43.4,95.2,60.04,214.8,0.5,0.1,1363.5,29.8,0.0,0.0,0,38.845008416418494,2994.3145925457993,77.08363866077069,25.25,24.812,2025-10-26 07:00:45
159.4,0.3,54.7,151.8,0.2,43.8,96.8,60.03,214.7,0.6,0.1,1363.5,29.8,0.0,0.0,0,38.845008416418494,909.6651926721415,23.41781427668983,25.25,24.75,2025-10-26 07:00:47
160.1,0.3,54.1,151.6,0.2,44.3,96.6,60.05,214.8,0.5,0.1,1363.5,29.8,0.0,0.0,0,38.845008416418494,1819.330385344283,46.83562855337966,25.25,24.75,2025-10-26 07:00:50
159,0.3,54.7,151.6,0.2,44.1,96.3,60.02,214.8,0.5,0.1,1363.5,29.8,0.0,0.0,0,38.845008416418494,2918.5091598231206,75.1321541377132,25.25,24.75,2025-10-26 07:00:52
156.1,0.3,53.3,150.2,0.2,43.4,95.0,60.04,214.8,0.5,0.1,1363.5,29.8,0.0,0.0,0,38.845008416418494,4775.742261528742,122.94352495262157,25.25,24.75,2025-10-26 07:00:54
159,0.3,53.9,151.6,0.2,44.0,96.0,60.02,214.7,0.5,0.1,1363.5,29.8,0.0,0.0,0,38.845008416418494,5344.283006948831,137.57965887555272,25.25,24.75,2025-10-26 07:00:57
159.3,0.2,54.2,154.7,0.2,42.5,95.0,60.03,214.9,0.5,0.1,1363.5,29.8,0.0,0.0,0,38.845008416418494,4396.715097915351,113.18610233733418,25.25,24.75,2025-10-26 07:00:59
162,0.3,52.9,151.9,0.2,42.7,93.6,60.04,214.7,0.5,0.1,1363.5,29.8,0.0,0.0,0,38.845008416418494,4662.034112444725,120.01629816803536,25.25,24.75,2025-10-26 07:01:01
159.2,0.3,53.3,151.6,0.2,43.8,95.5,60.04,214.7,0.5,0.1,1363.5,29.8,0.0,0.0,0,38.845008416418494,833.8597599494631,21.46632975363234,25.25,24.687,2025-10-26 07:01:04
159.2,0.3,53.7,148.9,0.2,42.9,94.8,60.04,214.8,0.6,0.1,1363.5,29.8,0.0,0.0,0,38.845008416418494,871.7624763108023,22.442072015161084,25.25,24.75,2025-10-26 07:01:06
156,0.3,53.1,151.6,0.2,43.6,95.0,60.04,214.9,0.4,0.1,1363.5,29.8,0.0,0.0,0,38.845008416418494,3979.785217940619,102.45293746051799,25.25,24.687,2025-10-26 07:01:09
159.1,0.3,53.3,151.7,0.2,43.6,95.1,60.02,214.7,0.5,0.1,1363.5,29.8,0.0,0.0,0,38.845008416418494,2728.9955780164246,70.25344283006949,25.25,24.75,2025-10-26 07:01:11
160.3,0.3,53.7,153.4,0.2,40.9,92.9,60.04,214.8,0.4,0.1,1363.5,29.8,0.0,0.0,0,38.845008416418494,5116.866708780796,131.72520530638027,25.25,24.75,2025-10-26 07:01:13
162,0.3,52.1,151.8,0.2,43.6,94.0,60.03,214.6,0.5,0.1,1363.5,29.7,0.0,0.0,0,38.845008416418494,3562.855337965888,91.71977258370183,25.187,24.687,2025-10-26 07:01:16
159,0.3,52.6,148.6,0.2,41.8,92.7,60.03,214.8,0.5,0.1,1363.5,29.8,0.0,0.0,0,38.845008416418494,2312.065698041693,59.520277953253306,25.187,24.687,2025-10-26 07:01:18
156.9,0.3,52.3,151.1,0.2,41.8,92.5,60.03,214.8,0.5,0.1,1363.5,29.7,0.0,0.0,0,38.845008416418494,1061.2760581174985,27.3207833228048,25.25,24.687,2025-10-26 07:01:20
156.1,0.3,51.9,153.2,0.2,41.8,92.2,60.04,214.7,0.5,0.1,1363.5,29.7,0.0,0.0,0,38.845008416418494,2008.843967150979,51.71433986102337,25.187,24.687,2025-10-26 07:01:23
159.2,0.3,52.7,151.9,0.2,39.8,90.7,60.02,214.7,0.5,0.1,1363.5,29.7,0.0,0.0,0,38.845008416418494,3032.217308907138,78.05938092229941,25.187,24.687,2025-10-26 07:01:25
162.2,0.3,50.4,151.5,0.2,42.4,91.3,60.02,214.8,0.5,0.1,1363.5,29.7,0.0,0.0,0,38.845008416418494,5116.866708780796,131.72520530638027,25.187,24.687,2025-10-26 07:01:28
162,0.3,50.2,148.7,0.2,41.8,91.0,60.01,215,0.4,0.1,1363.5,29.7,0.0,0.0,0,38.845008416418494,5457.991156032849,140.50688566013898,25.187,24.687,2025-10-26 07:01:30
159,0.3,51.7,151.6,0.2,41.0,91.1,60.01,214.9,0.4,0.1,1363.5,29.7,0.0,0.0,0,38.845008416418494,1326.595072646873,34.15097915350599,25.187,24.687,2025-10-26 07:01:32
156.4,0.3,51.1,148.7,0.2,41.5,90.9,60.02,214.9,0.5,0.1,1363.5,29.7,0.0,0.0,0,38.845008416418494,4510.423246999368,116.11332912192037,25.187,24.687,2025-10-26 07:01:35
156.6,0.3,50.9,145.8,0.2,41.2,91.0,60.01,215,0.4,0.1,1363.5,29.7,0.0,0.0,0,38.845008416418494,4851.5476942514215,124.89500947567907,25.187,24.687,2025-10-26 07:01:37
159,0.2,51.2,145.8,0.2,40.6,90.2,60.03,214.9,0.5,0.1,1363.5,29.7,0.0,0.0,0,38.845008416418494,1629.8168035375868,41.95691724573594,25.187,24.687,2025-10-26 07:01:39
162,0.2,49.9,148.6,0.2,42.4,90.5,60.01,214.9,0.5,0.1,1363.5,29.7,0.0,0.0,0,38.845008416418494,3903.9797852179404,100.5014529374605,25.187,24.687,2025-10-26 07:01:42
159.8,0.3,50.1,150.7,0.2,41.2,91.2,60.01,215,0.4,0.1,1363.5,29.7,0.0,0.0,0,38.845008416418494,758.0543272267845,19.514845230574853,25.187,24.687,2025-10-26 07:01:44
157.9,0.3,52.0,150.7,0.2,41.2,91.5,60.01,214.9,0.4,0.1,1363.5,29.7,0.0,0.0,0,38.845008416418494,833.8597599494631,21.46632975363234,25.187,24.687,2025-10-26 07:01:46
156,0.3,50.6,148.8,0.2,41.6,90.4,60.01,215,0.5,0.1,1363.5,29.7,0.0,0.0,0,38.845008416418494,2956.4118761844597,76.10789639924194,25.187,24.687,2025-10-26 07:01:49
159.4,0.3,51.4,145.4,0.2,41.8,91.3,60,214.9,0.4,0.1,1363.5,29.7,0.0,0.0,0,38.845008416418494,3297.5363234365127,84.88957675300061,25.125,24.687,2025-10-26 07:01:51
161.1,0.2,51.0,147.8,0.2,42.0,91.5,60,214.8,0.5,0.1,1363.5,29.7,0.0,0.0,0,38.845008416418494,2653.190145293746,68.30195830701199,25.125,24.687,2025-10-26 07:01:54
162,0.3,50.4,148.5,0.2,42.7,91.1,59.99,214.9,0.5,0.1,1363.5,29.7,0.0,0.0,0,38.845008416418494,4320.909665192672,111.23461781427667,25.187,24.687,2025-10-26 07:01:56
159.4,0.3,51.7,151.6,0.2,41.6,92.0,60.01,214.9,0.5,0.1,1363.5,29.7,0.0,0.0,0,38.845008416418494,5116.866708780796,131.72520530638027,25.125,24.687,2025-10-26 07:01:58
155.9,0.3,51.6,148.5,0.2,42.0,91.9,60.01,215,0.4,0.1,1363.5,29.7,0.0,0.0,0,38.845008416418494,5495.893872394188,141.4826279216677,25.125,24.625,2025-10-26 07:02:01
155.9,0.3,51.3,148.6,0.2,42.0,91.5,60.03,214.9,0.5,0.1,1363.5,29.7,0.0,0.0,0,38.845008416418494,3449.14718888187,88.7925457991156,25.125,24.687,2025-10-26 07:02:03
155.9,0.3,51.2,145.9,0.2,41.9,91.7,60.03,214.9,0.4,0.1,1363.5,29.7,0.0,0.0,0,38.845008416418494,3600.758054327227,92.69551484523058,25.125,24.625,2025-10-26 07:02:05
159.1,0.3,51.9,148.7,0.2,42.3,92.5,60.03,214.9,0.4,0.1,1363.5,29.7,0.0,0.0,0,38.845008416418494,2198.3575489576756,56.59305116866709,25.125,24.625,2025-10-26 07:02:08
159.6,0.3,52.5,149.2,0.2,42.6,93.7,60.03,215,0.5,0.1,1363.5,29.7,0.0,0.0,0,38.845008416418494,2122.552116234997,54.6415666456096,25.125,24.625,2025-10-26 07:02:10
162.1,0.3,51.5,150.8,0.2,43.0,92.7,60.04,214.9,0.4,0.1,1363.5,29.7,0.0,0.0,0,38.845008416418494,3411.2444725205305,87.81680353758685,25.125,24.687,2025-10-26 07:02:13
159.2,0.3,52.3,151.6,0.2,41.6,92.2,60.03,214.9,0.4,0.1,1363.5,29.7,0.0,0.0,0,38.845008416418494,3638.660770688566,93.67125710675931,25.125,24.625,2025-10-26 07:02:15
156.8,0.3,52.5,149.1,0.2,42.4,93.2,60.03,214.9,0.5,0.1,1363.5,29.8,0.0,0.0,0,38.845008416418494,5382.18572331017,138.55540113708147,25.125,24.625,2025-10-26 07:02:17
156,0.3,51.6,148.8,0.2,42.9,92.7,60.04,214.9,0.5,0.1,1363.5,29.8,0.0,0.0,0,38.845008416418494,2728.9955780164246,70.25344283006949,25.125,24.687,2025-10-26 07:02:20
159.1,0.3,52.3,145.8,0.2,42.2,93.2,60.03,214.9,0.5,0.1,1363.5,29.8,0.0,0.0,0,38.845008416418494,2387.871130764371,61.471762476310786,25.125,24.687,2025-10-26 07:02:22
162.1,0.3,51.5,148.8,0.2,42.5,92.4,60.03,214.9,0.5,0.1,1363.5,29.7,0.0,0.0,0,38.845008416418494,2842.703727100442,73.1806696146557,25.125,24.687,2025-10-26 07:02:24
162,0.3,51.6,148.6,0.2,43.6,93.2,60.03,214.9,0.5,0.1,1363.5,29.8,0.0,0.0,0,38.845008416418494,1857.233101705622,47.811370814908386,25.125,24.687,2025-10-26 07:02:27
159.1,0.3,53.2,151.7,0.2,42.2,93.5,60.01,214.9,0.4,0.1,1363.5,29.8,0.0,0.0,0,38.845008416418494,947.5679090334806,24.39355653821857,25.125,24.687,2025-10-26 07:02:29
156.1,0.3,52.3,148.6,0.2,43.3,93.9,60.04,215,0.4,0.1,1363.5,29.8,0.0,0.0,0,38.845008416418494,3070.1200252684775,79.03512318382816,25.125,24.687,2025-10-26 07:02:32
156.9,0.3,51.9,148,0.2,43.4,93.4,60.03,215,0.5,0.1,1363.5,29.8,0.0,0.0,0,38.845008416418494,4775.742261528742,122.94352495262157,25.125,24.687,2025-10-26 07:02:34
159.1,0.3,52.9,145.7,0.2,42.8,94.2,60.03,215,0.5,0.1,1363.5,29.8,0.0,0.0,0,38.845008416418494,5420.088439671509,139.5311433986102,25.125,24.687,2025-10-26 07:02:36
162,0.3,51.9,148.6,0.2,44.0,94.0,60.01,215.2,0.5,0.1,1363.5,29.8,0.0,0.0,0,38.845008416418494,5230.574857864814,134.6524320909665,25.125,24.625,2025-10-26 07:02:39
160.5,0.3,52.1,150.6,0.2,43.5,93.9,60.01,215.3,0.5,0.1,1363.5,29.8,0.0,0.0,0,38.845008416418494,1781.427668982944,45.85988629185091,25.125,24.687,2025-10-26 07:02:41
159.2,0.3,53.7,150.7,0.2,42.8,94.8,60.01,215.2,0.4,0.1,1363.5,29.8,0.0,0.0,0,38.845008416418494,2653.190145293746,68.30195830701199,25.125,24.687,2025-10-26 07:02:43
156.1,0.3,53.0,148.7,0.2,44.1,95.0,60,215.2,0.6,0.1,1363.5,29.8,0.0,0.0,0,38.845008416418494,2691.092861655085,69.27770056854074,25.125,24.687,2025-10-26 07:02:46
158.8,0.3,53.3,146.1,0.2,43.8,95.3,60,215.4,0.5,0.1,1363.5,29.8,0.0,0.0,0,38.845008416418494,1364.4977890082123,35.126721415034744,25.125,24.625,2025-10-26 07:02:48
159.1,0.3,53.9,148.1,0.2,43.3,95.5,59.98,215.2,0.5,0.1,1363.5,29.8,0.0,0.0,0,38.845008416418494,1023.3733417561592,26.345041061276056,25.125,24.625,2025-10-26 07:02:51
161.9,0.3,52.6,148.6,0.2,44.5,95.7,59.98,215.2,0.5,0.1,1363.5,29.8,0.0,0.0,0,38.845008416418494,2501.579279848389,64.39898926089703,25.125,24.687,2025-10-26 07:02:53
159.1,0.3,53.6,151.6,0.2,43.6,95.4,59.99,215.2,0.3,0.1,1363.5,29.8,0.0,0.0,0,38.845008416418494,1554.0113708149083,40.00543272267845,25.125,24.625,2025-10-26 07:02:55
158.8,0.3,53.9,149,0.2,43.9,96.1,60.02,215.2,0.5,0.1,1363.5,29.8,0.0,0.0,0,38.845008416418494,1819.330385344283,46.83562855337966,25.125,24.625,2025-10-26 07:02:58
156.1,0.3,53.3,148.8,0.2,44.4,96.1,60.02,215.2,0.5,0.1,1363.5,29.8,0.0,0.0,0,38.845008416418494,3790.2716361339226,97.57422615287427,25.125,24.625,2025-10-26 07:03:00
158.9,0.3,53.8,145.7,0.2,43.4,95.5,60.04,215.2,0.5,0.1,1363.5,29.8,0.0,0.0,0,38.845008416418494,5230.574857864814,134.6524320909665,25.125,24.625,2025-10-26 07:03:02
160.3,0.3,54.4,148.7,0.2,44.9,97.0,60.04,215.2,0.6,0.1,1363.5,29.8,0.0,0.0,0,38.845008416418494,5041.061276058118,129.7737207833228,25.125,24.625,2025-10-26 07:03:05
162,0.3,54.2,149.5,0.2,44.9,97.4,60.04,215.1,0.3,0.1,1363.5,29.8,0.0,0.0,0,38.845008416418494,4169.298799747316,107.33164876816171,25.125,24.625,2025-10-26 07:03:07
163.5,0.2,54.2,151.7,0.2,44.1,96.1,60.03,215.2,0.4,0.1,1363.5,29.8,0.0,0.0,0,38.845008416418494,1023.3733417561592,26.345041061276056,25.125,24.625,2025-10-26 07:03:09
162.6,0.3,48.3,148.7,0.2,45.2,97.2,60.04,215.2,0.5,0.1,1363.5,29.8,0.0,0.0,0,38.845008416418494,758.0543272267845,19.514845230574853,25.125,24.625,2025-10-26 07:03:12
160.7,0.3,54.6,147,0.3,45.6,98.3,60.03,215.2,0.6,0.1,1363.5,29.8,0.0,0.0,0,38.845008416418494,3903.9797852179404,100.5014529374605,25.187,24.625,2025-10-26 07:03:14
160.6,0.3,55.5,145.6,0.2,44.9,98.7,60.02,215.2,0.5,0.1,1363.5,29.8,0.0,0.0,0,38.845008416418494,2084.649399873658,53.66582438408086,25.125,24.625,2025-10-26 07:03:17
159.1,0.3,55.3,148.7,0.2,45.6,99.4,60.01,215.2,0.5,0.1,1363.5,29.8,0.0,0.0,0,38.845008416418494,4699.936828806064,120.9920404295641,25.125,24.625,2025-10-26 07:03:19
159.1,0.3,56.1,151.4,0.2,45.2,99.5,60.01,215.2,0.4,0.1,1363.5,29.8,0.0,0.0,0,38.845008416418494,4624.131396083386,119.04055590650661,25.187,24.625,2025-10-26 07:03:21
159,0.3,55.9,151.6,0.2,45.2,99.4,60.02,215.2,0.5,0.1,1363.5,29.8,0.0,0.0,0,38.845008416418494,5154.769425142135,132.70094756790903,25.125,24.625,2025-10-26 07:03:24
161.9,0.3,55.0,148.5,0.2,46.5,100.1,60.03,215.2,0.6,0.1,1363.5,29.8,0.0,0.0,0,38.845008416418494,2501.579279848389,64.39898926089703,25.125,24.625,2025-10-26 07:03:26
165.1,0.2,47.4,145.8,0.2,45.9,92.2,60.04,215.2,0.5,0.1,1363.5,29.8,0.0,0.0,0,38.845008416418494,1933.0385344283006,49.76285533796588,25.125,24.625,2025-10-26 07:03:28
162.1,0.3,55.3,146,0.2,45.5,98.8,60.04,215.2,0.4,0.1,1363.5,29.8,0.0,0.0,0,38.845008416418494,606.4434617814277,15.611876184459884,25.125,24.625,2025-10-26 07:03:31
160.8,0.3,56.0,148.7,0.3,46.6,100.8,60.05,215.1,0.4,0.1,1363.5,29.8,0.0,0.0,0,38.845008416418494,2766.8982943777637,71.22918509159823,25.125,24.625,2025-10-26 07:03:33
159.1,0.3,56.5,151.5,0.2,45.8,100.4,60.03,215.2,0.6,0.1,1363.5,29.8,0.0,0.0,0,38.845008416418494,4093.493367024637,105.38016424510423,25.125,24.625,2025-10-26 07:03:36
157.5,0.3,56.6,150.1,0.3,45.8,100.5,60.04,215.2,0.5,0.1,1363.5,29.8,0.0,0.0,0,38.845008416418494,5268.477574226153,135.62817435249525,25.125,24.625,2025-10-26 07:03:38
156.1,0.3,55.5,148.7,0.3,46.7,101.1,60.03,215.2,0.5,0.1,1363.5,29.8,0.0,0.0,0,38.845008416418494,4586.228679722047,118.06481364497787,25.125,24.625,2025-10-26 07:03:40
159.2,0.3,56.7,145.8,0.3,46.5,101.3,60.03,215.2,0.5,0.1,1363.5,29.8,0.0,0.0,0,38.845008416418494,2539.4819962097285,65.37473152242578,25.125,24.625,2025-10-26 07:03:43
161.9,0.3,56.3,148.4,0.3,46.8,101.2,60.02,215.1,0.5,0.1,1363.5,29.8,0.0,0.0,0,38.845008416418494,720.1516108654454,18.539102969046112,25.187,24.625,2025-10-26 07:03:45
160.6,0.3,56.8,148.7,0.2,47.7,102.9,60.05,215.1,0.5,0.1,1363.5,29.8,0.0,0.0,0,38.845008416418494,4699.936828806064,120.9920404295641,25.125,24.625,2025-10-26 07:03:47
160.8,0.3,57.7,151.6,0.2,46.9,102.6,60.04,215.1,0.5,0.1,1363.5,29.8,0.0,0.0,0,38.845008416418494,909.6651926721415,23.41781427668983,25.125,24.625,2025-10-26 07:03:50
160.6,0.3,57.4,148.9,0.3,47.6,103.1,60.05,215.3,0.5,0.1,1363.5,29.8,0.0,0.0,0,38.845008416418494,4813.644977890082,123.91926721415034,25.187,24.687,2025-10-26 07:03:52
163.5,0.3,53.6,148.7,0.3,48.0,100.7,60.03,215.2,0.5,0.1,1363.5,29.8,0.0,0.0,0,38.845008416418494,5268.477574226153,135.62817435249525,25.125,24.687,2025-10-26 07:03:55
160.4,0.3,58.3,145.7,0.3,47.2,103.5,60.04,215.1,0.6,0.1,1363.5,29.8,0.0,0.0,0,38.845008416418494,4396.715097915351,113.18610233733418,25.125,24.687,2025-10-26 07:03:57
157.7,0.3,57.4,148.8,0.3,47.8,103.2,60.04,215.2,0.5,0.1,1363.5,29.8,0.0,0.0,0,38.845008416418494,3221.7308907138345,82.93809222994314,25.125,24.687,2025-10-26 07:03:59
159.2,0.3,57.8,150.2,0.3,48.2,104.0,60.04,215.2,0.5,0.1,1363.5,29.8,0.0,0.0,0,38.845008416418494,795.9570435881238,20.4905874921036,25.125,24.687,2025-10-26 07:04:02
160.6,0.3,58.6,151.6,0.3,48.0,104.7,60.03,215.3,0.5,0.1,1363.5,29.8,0.0,0.0,0,38.845008416418494,1326.595072646873,34.15097915350599,25.125,24.625,2025-10-26 07:04:04
162.1,0.3,55.2,148.7,0.3,49.3,102.9,60.03,215.3,0.6,0.1,1363.5,29.8,0.0,0.0,0,38.845008416418494,2842.703727100442,73.1806696146557,25.125,24.625,2025-10-26 07:04:06
160.5,0.3,59.0,146.1,0.3,48.4,105.5,60.03,215.3,0.5,0.1,1363.5,29.8,0.0,0.0,0,38.845008416418494,4358.812381554011,112.21036007580541,25.125,24.625,2025-10-26 07:04:09
157.5,0.3,59.3,147.4,0.3,48.1,105.6,60.03,215.3,0.6,0.1,1363.5,29.8,0.0,0.0,0,38.845008416418494,5268.477574226153,135.62817435249525,25.125,24.625,2025-10-26 07:04:11
159.9,0.3,59.4,148.7,0.3,49.3,107.1,60.03,215.2,0.6,0.1,1363.5,29.8,0.0,0.0,0,38.845008416418494,5268.477574226153,135.62817435249525,25.125,24.687,2025-10-26 07:04:14
160.6,0.3,60.0,151.9,0.3,48.7,106.7,60.02,215.1,0.5,0.1,1363.5,29.8,0.0,0.0,0,38.845008416418494,4699.936828806064,120.9920404295641,25.125,24.687,2025-10-26 07:04:16
163.5,0.3,57.2,148.9,0.3,49.2,104.4,60.01,215.2,0.5,0.1,1363.5,29.8,0.0,0.0,0,38.845008416418494,2653.190145293746,68.30195830701199,25.125,24.687,2025-10-26 07:04:18
160.7,0.3,59.6,148.8,0.3,50.2,107.7,60.01,215.2,0.6,0.1,1363.5,29.8,0.0,0.0,0,38.845008416418494,1629.8168035375868,41.95691724573594,25.125,24.687,2025-10-26 07:04:21
160.5,0.3,60.4,145.8,0.3,49.4,107.9,60.01,215.3,0.5,0.1,1363.5,29.8,0.0,0.0,0,38.845008416418494,871.7624763108023,22.442072015161084,25.125,24.687,2025-10-26 07:04:23
157.4,0.3,60.1,148.9,0.3,50.4,108.5,60.01,215.4,0.5,0.1,1363.5,29.8,0.0,0.0,0,38.845008416418494,1743.5249526216046,44.88414403032217,25.125,24.687,2025-10-26 07:04:25
160.8,0.3,61.2,148.8,0.3,51.3,110.4,60.03,215.4,0.5,0.1,1363.5,29.8,0.0,0.0,0,38.845008416418494,1099.1787744788378,28.296525584333544,25.125,24.687,2025-10-26 07:04:28
161.3,0.3,61.4,151.6,0.3,50.3,109.6,60.03,215.3,0.6,0.1,1363.5,29.8,0.0,0.0,0,38.845008416418494,3335.4390397978523,85.86531901452936,25.125,24.687,2025-10-26 07:04:30
163.5,0.3,58.9,148.6,0.3,51.0,107.9,60.04,215.2,0.5,0.1,1363.5,29.8,0.0,0.0,0,38.845008416418494,5382.18572331017,138.55540113708147,25.125,24.687,2025-10-26 07:04:32
160.3,0.3,62.3,147.3,0.3,52.0,112.2,60.04,215.4,0.6,0.1,1363.5,29.8,0.0,0.0,0,38.845008416418494,3600.758054327227,92.69551484523058,25.125,24.687,2025-10-26 07:04:35
158.2,0.3,62.0,145.8,0.3,51.1,110.5,60.05,215.3,0.6,0.1,1363.5,29.8,0.0,0.0,0,38.845008416418494,909.6651926721415,23.41781427668983,25.125,24.75,2025-10-26 07:04:37
157.5,0.3,61.6,148.8,0.3,52.3,111.8,60.04,215.3,0.5,0.1,1363.5,29.8,0.0,0.0,0,38.845008416418494,2615.287428932407,67.32621604548325,25.125,24.687,2025-10-26 07:04:40
160.5,0.3,62.7,151.2,0.3,52.1,112.7,60.02,215.3,0.6,0.1,1363.5,29.8,0.0,0.0,0,38.845008416418494,909.6651926721415,23.41781427668983,25.125,24.687,2025-10-26 07:04:42
163.9,0.3,62.1,151.6,0.3,51.6,110.4,60.01,215.2,0.5,0.1,1363.5,29.8,0.0,0.0,0,38.845008416418494,795.9570435881238,20.4905874921036,25.125,24.687,2025-10-26 07:04:44
163.6,0.3,61.4,148.8,0.3,52.9,112.8,60.01,215.1,0.6,0.1,1363.5,29.8,0.0,0.0,0,38.845008416418494,3297.5363234365127,84.88957675300061,25.125,24.687,2025-10-26 07:04:47
160.7,0.3,63.1,145.3,0.3,52.7,113.7,60,215,0.6,0.1,1363.5,29.8,0.0,0.0,0,38.845008416418494,4586.228679722047,118.06481364497787,25.187,24.687,2025-10-26 07:04:49
157.7,0.3,62.6,145.8,0.3,52.7,113.2,60.01,215,0.5,0.1,1363.5,29.8,0.0,0.0,0,38.845008416418494,3941.8825015792795,101.47719519898924,25.187,24.687,2025-10-26 07:04:52
158.6,0.3,62.8,148.7,0.3,53.8,115.6,60.05,215.1,0.6,0.1,1363.5,29.8,0.0,0.0,0,38.845008416418494,4927.3531269741,126.84649399873656,25.125,24.687,2025-10-26 07:04:54
160.5,0.3,64.3,151.5,0.3,54.0,116.0,60.05,215.3,0.5,0.1,1363.5,29.9,0.0,0.0,0,38.845008416418494,5306.380290587492,136.60391661402397,25.187,24.687,2025-10-26 07:04:56
163.4,0.3,62.5,150.9,0.3,53.8,114.0,60.06,215.2,0.6,0.1,1363.5,29.9,0.0,0.0,0,38.845008416418494,2198.3575489576756,56.59305116866709,25.187,24.75,2025-10-26 07:04:59
162.1,0.4,63.4,148.8,0.3,55.1,117.5,60.04,215,0.6,0.1,1363.5,29.9,0.0,0.0,0,38.845008416418494,871.7624763108023,22.442072015161084,25.187,24.75,2025-10-26 07:05:01
159.3,0.4,64.2,145.9,0.3,54.4,116.4,60.03,215,0.5,0.1,1363.5,29.9,0.0,0.0,0,38.845008416418494,909.6651926721415,23.41781427668983,25.125,24.687,2025-10-26 07:05:03
157.7,0.4,64.1,147.6,0.3,54.7,116.5,60.02,215,0.6,0.1,1363.5,29.9,0.0,0.0,0,38.845008416418494,3866.0770688566013,99.52571067593176,25.187,24.75,2025-10-26 07:05:06
160.5,0.4,65.1,148.7,0.3,56.1,119.3,60.02,215.1,0.6,0.1,1363.5,29.9,0.0,0.0,0,38.845008416418494,5116.866708780796,131.72520530638027,25.187,24.687,2025-10-26 07:05:08
163.1,0.3,65.8,151.7,0.3,55.5,119.4,60.02,215,0.5,0.1,1363.5,29.9,0.0,0.0,0,38.845008416418494,5041.061276058118,129.7737207833228,25.187,24.75,2025-10-26 07:05:10
161.9,0.4,66.9,148.7,0.3,56.3,120.9,60.02,215.2,0.6,0.1,1363.5,29.9,0.0,0.0,0,38.845008416418494,5268.477574226153,135.62817435249525,25.187,24.687,2025-10-26 07:05:13
163.6,0.4,66.1,148.8,0.3,56.5,121.4,60.01,215.2,0.6,0.1,1363.5,29.9,0.0,0.0,0,38.845008416418494,4965.255843335439,127.8222362602653,25.187,24.75,2025-10-26 07:05:15
163.6,0.4,67.1,145.7,0.3,56.0,120.8,60.02,215.1,0.5,0.1,1363.5,29.9,0.0,0.0,0,38.845008416418494,3941.8825015792795,101.47719519898924,25.187,24.75,2025-10-26 07:05:18
163.4,0.4,68.0,148.8,0.3,57.5,123.2,60,215,0.6,0.1,1363.5,29.9,0.0,0.0,0,38.845008416418494,2236.2602653190143,57.56879343019582,25.187,24.687,2025-10-26 07:05:20
160.7,0.4,67.4,149.1,0.3,57.2,123.1,60,215,0.6,0.1,1363.5,29.9,0.0,0.0,0,38.845008416418494,1364.4977890082123,35.126721415034744,25.187,24.75,2025-10-26 07:05:22
157.6,0.4,67.6,151.6,0.3,57.0,122.5,60,214.9,0.7,0.1,1363.5,29.9,0.0,0.0,0,38.845008416418494,1591.9140871762477,40.9811749842072,25.187,24.687,2025-10-26 07:05:25
158.7,0.4,67.7,148.6,0.3,58.4,123.7,60.01,215.1,0.5,0.1,1363.5,29.9,0.0,0.0,0,38.845008416418494,720.1516108654454,18.539102969046112,25.187,24.687,2025-10-26 07:05:27
160.5,0.4,68.7,146.5,0.3,58.6,125.2,60,215.1,0.5,0.1,1363.5,29.9,0.0,0.0,0,38.845008416418494,1137.0814908401767,29.272267845862277,25.187,24.687,2025-10-26 07:05:29
163.3,0.4,69.7,146.4,0.4,58.1,125.4,60.02,215.1,0.6,0.1,1363.5,29.9,0.0,0.0,0,38.845008416418494,1554.0113708149083,40.00543272267845,25.187,24.75,2025-10-26 07:05:32
163,0.4,70.2,148.7,0.4,59.9,127.7,60,215,0.5,0.1,1363.5,29.9,0.0,0.0,0,38.845008416418494,5268.477574226153,135.62817435249525,25.187,24.687,2025-10-26 07:05:34
162,0.4,70.7,151.5,0.3,60.1,128.2,60.02,215.1,0.6,0.1,1363.5,29.9,0.0,0.0,0,38.845008416418494,4245.104232469994,109.2831332912192,25.187,24.687,2025-10-26 07:05:37
162.3,0.4,71.8,149.3,0.4,59.9,129.2,60.02,214.9,0.6,0.1,1363.5,29.9,0.0,0.0,0,38.845008416418494,5192.672141503474,133.67668982943778,25.187,24.75,2025-10-26 07:05:39
161.9,0.4,71.1,148.8,0.4,61.0,129.5,60.02,215,0.5,0.1,1363.5,29.8,0.0,0.0,0,38.845008416418494,2312.065698041693,59.520277953253306,25.187,24.75,2025-10-26 07:05:41
161.9,0.4,71.5,145.8,0.4,60.9,129.7,60.03,215.2,0.6,0.1,1363.5,29.8,0.0,0.0,0,38.845008416418494,2274.1629816803534,58.544535691724555,25.187,24.75,2025-10-26 07:05:44
158.9,0.4,71.3,148.8,0.4,61.4,130.1,60.03,215.2,0.7,0.1,1363.5,29.9,0.0,0.0,0,38.845008416418494,2766.8982943777637,71.22918509159823,25.187,24.75,2025-10-26 07:05:46
161.9,0.4,73.2,148.7,0.3,62.5,133.0,60.03,215.2,0.6,0.1,1363.5,29.8,0.0,0.0,0,38.845008416418494,1212.8869235628554,31.22375236891977,25.25,24.75,2025-10-26 07:05:48
162.3,0.4,72.8,151.7,0.4,61.4,131.7,60.03,215,0.6,0.1,1363.5,29.8,0.0,0.0,0,38.845008416418494,4017.687934301958,103.42867972204674,25.25,24.75,2025-10-26 07:05:51
165,0.4,70.7,148.6,0.4,63.1,131.3,60.02,214.9,0.6,0.1,1363.5,29.9,0.0,0.0,0,38.845008416418494,3335.4390397978523,85.86531901452936,25.25,24.75,2025-10-26 07:05:53
161.9,0.4,73.7,147.9,0.4,63.1,134.3,60.03,215.1,0.6,0.1,1363.5,29.9,0.0,0.0,0,38.845008416418494,3335.4390397978523,85.86531901452936,25.25,24.75,2025-10-26 07:05:56
160.3,0.4,73.8,145.8,0.4,62.6,133.9,60.01,215.2,0.6,0.1,1363.5,29.9,0.0,0.0,0,38.845008416418494,4434.61781427669,114.16184459886291,25.25,24.75,2025-10-26 07:05:58
159.2,0.4,74.0,148.7,0.4,64.0,135.8,60.01,215.2,0.7,0.1,1363.5,29.9,0.0,0.0,0,38.845008416418494,5268.477574226153,135.62817435249525,25.25,24.75,2025-10-26 07:06:00
161.8,0.4,75.1,150.6,0.4,64.7,137.1,60,215.2,0.7,0.1,1363.5,29.9,0.0,0.0,0,38.845008416418494,4131.3960833859755,106.35590650663295,25.25,24.75,2025-10-26 07:06:03
164.9,0.4,74.4,151.6,0.4,65.0,137.1,60,215.1,0.7,0.1,1363.5,29.9,0.0,0.0,0,38.845008416418494,5078.963992419457,130.74946304485155,25.25,24.75,2025-10-26 07:06:05
165,0.4,74.3,148.8,0.4,65.7,137.3,59.99,215,0.7,0.1,1363.5,29.9,0.0,0.0,0,38.845008416418494,1554.0113708149083,40.00543272267845,25.25,24.75,2025-10-26 07:06:07
161.9,0.4,76.6,145.8,0.4,65.3,139.3,60,215,0.7,0.1,1363.5,29.9,0.0,0.0,0,38.845008416418494,1440.3032217308908,37.078205938092225,25.25,24.75,2025-10-26 07:06:10
159.3,0.4,76.5,145.7,0.4,65.2,139.0,60,215,0.7,0.1,1363.5,29.9,0.0,0.0,0,38.845008416418494,909.6651926721415,23.41781427668983,25.25,24.75,2025-10-26 07:06:12
159,0.4,77.0,148.8,0.4,66.5,140.5,60,215,0.7,0.1,1363.5,29.9,0.0,0.0,0,38.845008416418494,833.8597599494631,21.46632975363234,25.25,24.75,2025-10-26 07:06:14
156.1,0.4,76.5,151.6,0.4,65.9,139.8,60,215.1,0.6,0.1,1363.5,29.9,0.0,0.0,0,38.845008416418494,2312.065698041693,59.520277953253306,25.25,24.75,2025-10-26 07:06:17
156,0.4,77.2,150.2,0.4,67.4,141.8,60.01,215.1,0.7,0.1,1363.5,29.9,0.0,0.0,0,38.845008416418494,2728.9955780164246,70.25344283006949,25.25,24.75,2025-10-26 07:06:19
154.5,0.5,77.7,151.6,0.4,67.2,142.0,59.99,215.1,0.7,0.1,1363.5,29.9,0.0,0.0,0,38.845008416418494,4245.104232469994,109.2831332912192,25.25,24.75,2025-10-26 07:06:22
154.3,0.5,77.8,148.6,0.4,67.9,142.9,60,215.1,0.6,0.1,1363.5,29.9,0.0,0.0,0,77.69001683283699,2728.9955780164246,35.126721415034744,25.25,24.812,2025-10-26 07:06:24
153.8,0.5,77.8,147.5,0.4,68.4,143.3,60,215,0.6,0.1,1363.5,29.9,0.0,0.0,0,38.845008416418494,4245.104232469994,109.2831332912192,25.25,24.812,2025-10-26 07:06:26
153.3,0.5,78.3,146.5,0.4,67.7,143.2,60,215,0.7,0.1,1363.5,29.9,0.0,0.0,0,38.845008416418494,4510.423246999368,116.11332912192037,25.25,24.812,2025-10-26 07:06:29
153.6,0.5,79.0,148.7,0.4,69.7,146.1,60.01,215,0.6,0.1,1363.5,29.9,0.0,0.0,0,38.845008416418494,4889.450410612761,125.87075173720783,25.25,24.75,2025-10-26 07:06:31
154.4,0.5,79.5,151.2,0.4,69.8,146.4,60.02,215.1,0.7,0.1,1363.5,29.9,0.0,0.0,0,77.69001683283699,5003.158559696778,64.39898926089703,25.312,24.812,2025-10-26 07:06:33
153,0.5,79.9,151.6,0.4,70.0,147.4,60.04,215.2,0.7,0.1,1363.5,29.9,0.0,0.0,0,77.69001683283699,2122.552116234997,27.3207833228048,25.312,24.812,2025-10-26 07:06:36
153.1,0.5,80.6,148.8,0.4,71.1,148.7,60.02,215.1,0.7,0.1,1363.5,29.9,0.0,0.0,0,77.69001683283699,985.4706253948199,12.684649399873654,25.25,24.812,2025-10-26 07:06:38
154.7,0.5,81.1,145.9,0.4,69.8,148.0,60.02,215.1,0.7,0.1,1363.5,29.9,0.0,0.0,0,77.69001683283699,2274.1629816803534,29.272267845862277,25.25,24.812,2025-10-26 07:06:41
153.1,0.5,81.2,145.8,0.4,71.0,150.1,60.01,214.9,0.7,0.1,1363.5,29.9,0.0,0.0,0,77.69001683283699,909.6651926721415,11.708907138344914,25.25,24.812,2025-10-26 07:06:43
153.2,0.5,82.4,149,0.4,71.7,151.2,60,215,0.7,0.1,1363.5,29.9,0.0,0.0,0,77.69001683283699,871.7624763108023,11.221036007580542,25.312,24.812,2025-10-26 07:06:45
154.6,0.5,82.7,151.6,0.4,71.6,151.4,59.99,215,0.7,0.1,1363.5,29.9,0.0,0.0,0,77.69001683283699,4017.687934301958,51.71433986102337,25.312,24.875,2025-10-26 07:06:48
153,0.5,83.4,151.5,0.4,72.7,153.1,59.99,215.3,0.7,0.1,1363.5,29.9,0.0,0.0,0,77.69001683283699,3297.5363234365127,42.444788376500306,25.25,24.875,2025-10-26 07:06:50
152.9,0.5,84.2,154.7,0.4,70.8,152.1,59.97,215.3,0.7,0.1,1363.5,29.9,0.0,0.0,0,77.69001683283699,4207.201516108655,54.153695514845225,25.25,24.875,2025-10-26 07:06:52
150.9,0.5,84.5,153.3,0.4,71.8,153.8,59.97,215.3,0.7,0.1,1363.5,29.9,0.0,0.0,0,77.69001683283699,644.3461781427669,8.293809222994314,25.312,24.875,2025-10-26 07:06:55
150.4,0.5,84.8,151.7,0.5,73.8,156.0,59.97,215.2,0.7,0.1,1363.5,29.9,0.0,0.0,0,77.69001683283699,4169.298799747316,53.66582438408086,25.312,24.875,2025-10-26 07:06:57
150.9,0.5,85.3,149.3,0.4,74.9,157.2,59.99,215.2,0.7,0.1,1363.5,29.9,0.0,0.0,0,77.69001683283699,3221.7308907138345,41.46904611497157,25.312,24.875,2025-10-26 07:07:00
151.4,0.5,86.2,149.1,0.5,75.1,158.2,59.99,215.2,0.7,0.1,1363.5,29.9,0.0,0.0,0,77.69001683283699,4169.298799747316,53.66582438408086,25.312,24.875,2025-10-26 07:07:02
150.1,0.5,86.4,150.2,0.5,75.3,159.4,59.99,215.3,0.7,0.1,1363.5,29.9,0.0,0.0,0,77.69001683283699,5192.672141503474,66.83834491471889,25.312,24.875,2025-10-26 07:07:04
150.2,0.5,86.9,148.7,0.5,75.6,159.5,60,215.2,0.8,0.1,1363.5,29.9,0.0,0.0,0,77.69001683283699,4965.255843335439,63.91111813013265,25.312,24.875,2025-10-26 07:07:07
151.8,0.5,87.2,148.8,0.5,75.9,160.0,60.01,215.3,0.7,0.1,1363.5,29.9,0.0,0.0,0,77.69001683283699,5344.283006948831,68.78982943777636,25.312,24.875,2025-10-26 07:07:09
150.3,0.5,87.9,145.6,0.5,75.1,159.9,60.02,215.2,0.8,0.1,1363.5,29.9,0.0,0.0,0,77.69001683283699,5306.380290587492,68.30195830701199,25.312,24.875,2025-10-26 07:07:11
150.2,0.5,88.8,148.6,0.5,76.7,162.3,60.03,215.1,0.7,0.1,1363.5,29.9,0.0,0.0,0,77.69001683283699,2653.190145293746,34.15097915350599,25.312,24.875,2025-10-26 07:07:14
151.6,0.6,88.8,148.7,0.5,77.5,163.1,60.01,215.1,0.8,0.1,1363.5,29.9,0.0,0.0,0,77.69001683283699,3866.0770688566013,49.76285533796588,25.312,24.875,2025-10-26 07:07:16
150.6,0.6,89.9,151.2,0.5,77.8,164.5,60,215.2,0.8,0.1,1363.5,29.9,0.0,0.0,0,77.69001683283699,1743.5249526216046,22.442072015161084,25.312,24.875,2025-10-26 07:07:19
150.4,0.6,90.6,151.4,0.5,78.3,165.6,60,215.3,0.8,0.1,1363.5,29.9,0.0,0.0,0,77.69001683283699,1667.7195198989261,21.46632975363234,25.312,24.937,2025-10-26 07:07:21
151.3,0.6,90.4,151.7,0.5,79.1,166.1,60.01,215.3,0.7,0.1,1363.5,29.9,0.0,0.0,0,77.69001683283699,947.5679090334806,12.196778269109284,25.312,24.937,2025-10-26 07:07:23
151.4,0.6,91.4,153.9,0.5,79.0,167.5,60,215.3,0.8,0.1,1363.5,29.9,0.0,0.0,0,77.69001683283699,1743.5249526216046,22.442072015161084,25.312,24.937,2025-10-26 07:07:26
151.7,0.6,92.4,153.4,0.5,78.0,167.0,60,215.2,0.7,0.1,1363.5,29.9,0.0,0.0,0,77.69001683283699,758.0543272267845,9.757422615287426,25.312,24.937,2025-10-26 07:07:28
154.2,0.6,92.3,151.6,0.5,80.1,169.2,60,215.2,0.8,0.1,1363.5,29.9,0.0,0.0,0,77.69001683283699,1023.3733417561592,13.172520530638028,25.312,24.937,2025-10-26 07:07:30
153.1,0.6,92.6,148.6,0.5,80.3,170.0,59.99,215.2,0.8,0.1,1363.5,29.9,0.0,0.0,0,77.69001683283699,1478.2059380922299,19.026974099810484,25.312,24.937,2025-10-26 07:07:33
154.6,0.6,93.1,148.7,0.5,80.6,170.2,59.98,215.1,0.8,0.1,1363.5,29.9,0.0,0.0,0,77.69001683283699,3903.9797852179404,50.25072646873025,25.312,24.937,2025-10-26 07:07:35
154.8,0.6,93.7,145.5,0.5,80.2,170.7,59.98,215.1,0.8,0.1,1363.5,29.9,0.0,0.0,0,77.69001683283699,1478.2059380922299,19.026974099810484,25.312,24.937,2025-10-26 07:07:37
153.2,0.6,93.8,145.7,0.5,79.9,170.5,59.99,215.1,0.8,0.1,1363.5,29.9,0.0,0.0,0,77.69001683283699,4699.936828806064,60.49602021478205,25.312,24.937,2025-10-26 07:07:40
154.3,0.6,94.8,148.6,0.5,81.9,173.3,59.99,215.3,0.8,0.1,1363.5,29.9,0.0,0.0,0,77.69001683283699,5003.158559696778,64.39898926089703,25.312,24.937,2025-10-26 07:07:42
154.6,0.6,95.6,151.5,0.5,82.6,174.7,60,215.2,0.7,0.1,1363.5,29.9,0.0,0.0,0,77.69001683283699,5382.18572331017,69.27770056854074,25.312,24.937,2025-10-26 07:07:45
153.4,0.6,95.8,150.5,0.5,82.7,175.1,60,215.2,0.8,0.1,1363.5,29.9,0.0,0.0,0,77.69001683283699,4927.3531269741,63.42324699936828,25.375,24.937,2025-10-26 07:07:47
153.6,0.6,96.4,150.1,0.5,83.6,176.5,60.01,215.3,0.8,0.1,1363.5,29.9,0.0,0.0,0,77.69001683283699,1895.1358180669613,24.39355653821857,25.312,24.937,2025-10-26 07:07:49
154.2,0.6,97.1,151.1,0.5,83.8,177.1,60.01,215.2,0.7,0.1,1363.5,29.9,0.0,0.0,0,77.69001683283699,3108.0227416298167,40.00543272267845,25.312,24.937,2025-10-26 07:07:52
154.2,0.6,97.4,150.1,0.5,83.7,177.6,59.99,215.3,0.8,0.1,1363.5,29.9,0.0,0.0,0,77.69001683283699,1667.7195198989261,21.46632975363234,25.312,24.875,2025-10-26 07:07:54
153.2,0.6,98.0,150.1,0.5,83.9,178.0,59.97,215.2,0.8,0.1,1363.5,29.9,0.0,0.0,0,77.69001683283699,3221.7308907138345,41.46904611497157,25.375,24.937,2025-10-26 07:07:56
153.3,0.6,98.8,150.2,0.5,84.4,179.7,59.97,215.2,0.8,0.1,1363.5,29.9,0.0,0.0,0,77.69001683283699,4283.006948831333,55.12943777637397,25.375,24.937,2025-10-26 07:07:59
154.7,0.6,98.9,146.8,0.5,83.6,179.1,59.97,215.2,0.8,0.1,1363.5,29.9,0.0,0.0,0,77.69001683283699,4510.423246999368,58.056664560960186,25.375,24.937,2025-10-26 07:08:01
153.1,0.6,99.4,149.4,0.5,84.2,180.0,59.98,215.2,0.8,0.1,1363.5,29.9,0.0,0.0,0,77.69001683283699,1629.8168035375868,20.97845862286797,25.375,24.937,2025-10-26 07:08:04
153.1,0.6,99.9,150.2,0.5,85.7,181.7,59.98,215.2,0.8,0.1,1363.5,29.9,0.0,0.0,0,77.69001683283699,3108.0227416298167,40.00543272267845,25.375,24.937,2025-10-26 07:08:06
154.6,0.6,101.2,153.1,0.5,85.4,182.8,59.99,215.2,0.8,0.1,1363.5,29.9,0.0,0.0,0,77.69001683283699,1061.2760581174985,13.6603916614024,25.375,24.937,2025-10-26 07:08:08
153.2,0.6,101.2,152.8,0.5,86.0,183.7,59.99,215,0.9,0.1,1363.5,29.9,0.0,0.0,0,77.69001683283699,2312.065698041693,29.760138976626653,25.375,24.937,2025-10-26 07:08:11
153.1,0.6,101.5,150.1,0.5,86.3,183.6,60,215,0.8,0.1,1363.5,29.9,0.0,0.0,0,77.69001683283699,1667.7195198989261,21.46632975363234,25.375,25.0,2025-10-26 07:08:13
154.1,0.6,102.5,147.1,0.5,85.3,183.8,60,215,0.9,0.1,1363.5,29.9,0.0,0.0,0,77.69001683283699,720.1516108654454,9.269551484523056,25.375,25.0,2025-10-26 07:08:15
154.1,0.6,102.2,149.2,0.5,86.6,185.8,60.01,215,0.8,0.1,1363.5,29.9,0.0,0.0,0,77.69001683283699,720.1516108654454,9.269551484523056,25.375,25.0,2025-10-26 07:08:18
153.3,0.6,103.0,150.7,0.5,87.3,186.1,60.02,215,0.8,0.1,1363.5,29.9,0.0,0.0,0,77.69001683283699,1061.2760581174985,13.6603916614024,25.375,25.0,2025-10-26 07:08:20
154.6,0.6,103.5,153.2,0.5,87.6,187.5,60.02,215.1,0.8,0.1,1363.5,29.9,0.0,0.0,0,77.69001683283699,1667.7195198989261,21.46632975363234,25.375,25.0,2025-10-26 07:08:23
154.4,0.6,103.8,153.1,0.5,88.5,189.1,60.03,215.2,0.8,0.1,1363.5,29.9,0.0,0.0,0,77.69001683283699,5495.893872394188,70.74131396083385,25.375,25.0,2025-10-26 07:08:25
156.5,0.6,105.0,156,0.5,86.1,187.4,60.03,215.1,0.8,0.1,1363.5,29.9,0.0,0.0,0,77.69001683283699,2236.2602653190143,28.78439671509791,25.375,25.0,2025-10-26 07:08:27
157.5,0.6,105.4,153.1,0.5,87.6,188.8,60.03,215,0.9,0.1,1363.5,29.9,0.0,0.0,0,77.69001683283699,5230.574857864814,67.32621604548325,25.375,25.0,2025-10-26 07:08:30
156.1,0.6,105.5,153.1,0.5,89.4,190.9,60.02,215.1,0.8,0.1,1363.5,29.9,0.0,0.0,0,77.69001683283699,4851.5476942514215,62.44750473783954,25.375,25.0,2025-10-26 07:08:32
156,0.6,106.1,150.2,0.6,89.1,191.1,60.02,215.1,0.8,0.1,1363.5,29.9,0.0,0.0,0,77.69001683283699,1554.0113708149083,20.002716361339225,25.375,25.0,2025-10-26 07:08:34
157.7,0.7,106.7,153.1,0.5,89.5,191.7,60,215.1,0.9,0.1,1363.5,29.9,0.0,0.0,0,77.69001683283699,2425.7738471257107,31.22375236891977,25.375,25.0,2025-10-26 07:08:37
156.2,0.6,106.9,153.3,0.5,90.2,192.3,60,215.1,0.8,0.1,1363.5,30,0.0,0.0,0,77.69001683283699,909.6651926721415,11.708907138344914,25.437,25.0,2025-10-26 07:08:39
156.1,0.7,107.6,156.1,0.5,87.8,191.2,59.99,215.1,0.9,0.1,1363.5,29.9,0.0,0.0,0,77.69001683283699,720.1516108654454,9.269551484523056,25.437,25.0,2025-10-26 07:08:41
156.1,0.7,107.5,153.3,0.5,90.9,194.6,59.98,215.1,0.9,0.1,1363.5,30,0.0,0.0,0,77.69001683283699,3108.0227416298167,40.00543272267845,25.437,25.0,2025-10-26 07:08:44
154.4,0.7,108.2,151.1,0.6,91.2,196.0,59.98,215.1,0.9,0.1,1363.5,30,0.0,0.0,0,77.69001683283699,3070.1200252684775,39.51756159191408,25.437,25.0,2025-10-26 07:08:46
154.2,0.7,108.5,150.5,0.5,90.4,194.6,59.99,215.1,0.9,0.1,1363.5,30,0.0,0.0,0,77.69001683283699,1705.6222362602653,21.954200884396712,25.437,25.0,2025-10-26 07:08:49
154.2,0.7,108.9,153.2,0.6,91.4,196.1,59.98,215.2,0.9,0.1,1363.5,30,0.0,0.0,0,77.69001683283699,682.2488945041061,8.781680353758686,25.437,25.0,2025-10-26 07:08:51
153.1,0.7,109.4,155.8,0.5,90.7,196.2,60,215.1,0.9,0.1,1363.5,30,0.0,0.0,0,77.69001683283699,1212.8869235628554,15.611876184459884,25.437,25.062,2025-10-26 07:08:53
153.7,0.7,109.8,154.4,0.6,89.9,195.8,59.97,215,0.9,0.1,1363.5,30,0.0,0.0,0,77.69001683283699,2615.287428932407,33.663108022741625,25.437,25.062,2025-10-26 07:08:56
154.4,0.7,109.9,153.1,0.6,92.2,198.1,59.98,215.2,0.9,0.1,1363.5,30,0.0,0.0,0,77.69001683283699,5116.866708780796,65.86260265319014,25.437,25.062,2025-10-26 07:08:58
153,0.7,110.4,149.9,0.6,91.8,197.4,59.97,215.1,0.8,0.1,1363.5,30,0.0,0.0,0,77.69001683283699,1857.233101705622,23.905685407454193,25.437,25.062,2025-10-26 07:09:00
154.7,0.7,110.7,153.3,0.6,92.5,198.5,59.99,215.1,0.9,0.1,1363.5,30,0.0,0.0,0,77.69001683283699,2766.8982943777637,35.61459254579911,25.437,25.062,2025-10-26 07:09:03
154.5,0.7,110.9,153.1,0.6,93.0,199.7,59.98,215.1,0.9,0.1,1363.5,30,0.0,0.0,0,77.69001683283699,3979.785217940619,51.22646873025899,25.437,25.062,2025-10-26 07:09:05
153.4,0.7,111.3,155.8,0.5,90.2,197.2,60,215.2,0.9,0.1,1363.5,30,0.0,0.0,0,77.69001683283699,5609.602021478206,72.20492735312696,25.437,25.062,2025-10-26 07:09:08
153.8,0.7,111.5,152.7,0.6,92.9,199.8,60,215.1,0.9,0.1,1363.5,30,0.0,0.0,0,77.69001683283699,5268.477574226153,67.81408717624763,25.437,25.062,2025-10-26 07:09:10
154.6,0.7,112.1,153.1,0.6,93.7,201.5,60.02,215.1,0.9,0.1,1363.5,30,0.0,0.0,0,77.69001683283699,5420.088439671509,69.7655716993051,25.437,25.062,2025-10-26 07:09:12
153.1,0.7,112.4,150.2,0.6,93.1,200.5,60.03,215.1,1,0.1,1363.5,30,0.0,0.0,0,77.69001683283699,4093.493367024637,52.69008212255211,25.437,25.062,2025-10-26 07:09:15
153.1,0.7,112.8,153.1,0.6,94.7,201.9,60.03,215,0.9,0.1,1363.5,30,0.0,0.0,0,77.69001683283699,1516.108654453569,19.514845230574853,25.437,25.062,2025-10-26 07:09:17
151.1,0.7,113.8,154.4,0.5,94.8,203.3,60.02,215.1,0.9,0.1,1363.5,30,0.0,0.0,0,77.69001683283699,1174.984207201516,15.124005053695512,25.437,25.062,2025-10-26 07:09:19
150.5,0.7,114.1,156.1,0.5,92.7,201.6,60.01,215.2,0.9,0.1,1363.5,30,0.0,0.0,0,77.69001683283699,871.7624763108023,11.221036007580542,25.437,25.062,2025-10-26 07:09:22
151.9,0.7,114.3,152.7,0.6,94.8,203.6,60.01,215.1,0.9,0.1,1363.5,30,0.0,0.0,0,77.69001683283699,720.1516108654454,9.269551484523056,25.437,25.062,2025-10-26 07:09:24
148.9,0.7,114.9,150.2,0.6,94.7,203.9,60.01,215.2,0.9,0.1,1363.5,30,0.0,0.0,0,77.69001683283699,4169.298799747316,53.66582438408086,25.437,25.062,2025-10-26 07:09:27
148.7,0.8,115.7,150.1,0.6,94.4,203.9,60.01,215.1,0.9,0.1,1363.5,30,0.0,0.0,0,77.69001683283699,5003.158559696778,64.39898926089703,25.5,25.062,2025-10-26 07:09:29
145.7,0.8,114.5,153.1,0.6,95.9,205.4,60.02,215,0.9,0.1,1363.5,30,0.0,0.0,0,77.69001683283699,4207.201516108655,54.153695514845225,25.437,25.062,2025-10-26 07:09:31
148.8,0.8,116.0,156.4,0.6,94.0,204.9,60,215,1,0.1,1363.5,30,0.0,0.0,0,77.69001683283699,5382.18572331017,69.27770056854074,25.5,25.062,2025-10-26 07:09:34
148.7,0.7,116.0,155.9,0.6,94.6,206.7,60,215.1,0.9,0.1,1363.5,30,0.0,0.0,0,77.69001683283699,5420.088439671509,69.7655716993051,25.437,25.062,2025-10-26 07:09:36
151.7,0.7,115.4,152.8,0.6,96.3,206.6,60,214.8,0.9,0.1,1363.5,30,0.0,0.0,0,77.69001683283699,4927.3531269741,63.42324699936828,25.437,25.062,2025-10-26 07:09:38
148.7,0.8,116.6,150.1,0.6,95.2,206.3,60,214.8,0.9,0.1,1363.5,30,0.0,0.0,0,77.69001683283699,4737.839545167403,60.98389134554642,25.5,25.062,2025-10-26 07:09:41
147.3,0.8,117.1,151.6,0.6,95.2,207.5,60.01,214.9,0.9,0.1,1363.5,30,0.0,0.0,0,77.69001683283699,2880.6064434617815,37.078205938092225,25.5,25.062,2025-10-26 07:09:43
145.6,0.8,116.1,153.1,0.6,96.7,207.4,59.99,214.8,0.9,0.1,1363.5,30,0.0,0.0,0,77.69001683283699,3145.925457991156,40.493303853442825,25.5,25.062,2025-10-26 07:09:46
148.6,0.8,117.5,155.8,0.6,95.6,208.6,59.99,214.7,0.9,0.1,1363.5,30,0.0,0.0,0,77.69001683283699,1137.0814908401767,14.636133922931139,25.5,25.062,2025-10-26 07:09:48
150.9,0.7,117.4,153.4,0.6,96.4,208.6,60,214.7,0.9,0.1,1363.5,30,0.0,0.0,0,77.69001683283699,1516.108654453569,19.514845230574853,25.5,25.062,2025-10-26 07:09:50
151.7,0.8,116.9,153.2,0.6,97.2,209.8,60,214.7,1,0.1,1363.5,30,0.0,0.0,0,77.69001683283699,1970.9412507896398,25.36929879974731,25.5,25.062,2025-10-26 07:09:53
148.8,0.8,118.5,150.2,0.6,96.3,209.6,60.01,214.7,0.9,0.1,1363.5,30,0.0,0.0,0,77.69001683283699,1402.4005053695514,18.05123183828174,25.5,25.062,2025-10-26 07:09:55
145.4,0.8,117.5,153.2,0.6,97.4,209.7,60,214.7,1,0.1,1363.5,30,0.0,0.0,0,77.69001683283699,833.8597599494631,10.73316487681617,25.5,25.125,2025-10-26 07:09:57
145.8,0.8,117.6,153,0.6,97.2,211.3,60.01,214.7,0.9,0.1,1363.5,30,0.0,0.0,0,77.69001683283699,1591.9140871762477,20.4905874921036,25.5,25.062,2025-10-26 07:10:00
148.8,0.8,119.3,159.6,0.5,93.6,208.9,60.01,214.8,1,0.1,1363.5,30,0.0,0.0,0,77.69001683283699,2349.968414403032,30.248010107391025,25.5,25.125,2025-10-26 07:10:02
151.7,0.7,118.5,156.1,0.6,97.4,210.7,60.01,214.7,1,0.1,1363.5,30,0.0,0.0,0,77.69001683283699,4320.909665192672,55.61730890713834,25.5,25.062,2025-10-26 07:10:05
151,0.8,118.5,155.1,0.6,98.3,212.9,60.04,214.8,1,0.1,1363.5,30,0.0,0.0,0,77.69001683283699,5306.380290587492,68.30195830701199,25.562,25.125,2025-10-26 07:10:07
148.6,0.8,120.5,154.4,0.6,99.3,214.1,60.02,214.9,0.9,0.1,1363.5,30,0.0,0.0,0,77.69001683283699,5609.602021478206,72.20492735312696,25.5,25.125,2025-10-26 07:10:09
145.6,0.8,119.4,153,0.6,99.1,212.9,60.03,214.8,1,0.1,1363.5,30.1,0.0,0.0,0,77.69001683283699,4662.034112444725,60.00814908401768,25.5,25.125,2025-10-26 07:10:12
148,0.8,119.9,155.4,0.6,98.3,214.4,60.02,214.9,1,0.1,1363.5,30.1,0.0,0.0,0,77.69001683283699,2122.552116234997,27.3207833228048,25.5,25.125,2025-10-26 07:10:14
149.8,0.8,121.5,153.1,0.6,99.4,215.3,60.03,214.8,1,0.1,1363.5,30.1,0.0,0.0,0,77.69001683283699,909.6651926721415,11.708907138344914,25.5,25.125,2025-10-26 07:10:16
151.7,0.8,120.4,150.7,0.6,98.7,213.8,60.03,214.7,1,0.1,1363.5,30.1,0.0,0.0,0,77.69001683283699,606.4434617814277,7.805938092229942,25.5,25.125,2025-10-26 07:10:19
148.7,0.8,121.8,150.2,0.6,98.0,214.9,60.03,214.8,1,0.1,1363.5,30.1,0.0,0.0,0,77.69001683283699,833.8597599494631,10.73316487681617,25.562,25.125,2025-10-26 07:10:21
146.5,0.8,121.9,153.1,0.6,100.1,216.3,60.03,214.8,1,0.1,1363.5,30.1,0.0,0.0,0,77.69001683283699,3638.660770688566,46.83562855337966,25.5,25.125,2025-10-26 07:10:24
145.7,0.8,121.5,156.1,0.6,100.0,215.8,60.04,214.8,0.9,0.1,1363.5,30.1,0.0,0.0,0,77.69001683283699,5420.088439671509,69.7655716993051,25.562,25.125,2025-10-26 07:10:26
148.6,0.8,122.9,156,0.6,100.3,217.5,60.04,214.6,1,0.1,1363.5,30.1,0.0,0.0,0,77.69001683283699,1857.233101705622,23.905685407454193,25.562,25.125,2025-10-26 07:10:28
151.8,0.8,122.9,156,0.6,100.4,218.2,60.04,214.7,1,0.1,1363.5,30.1,0.0,0.0,0,77.69001683283699,2804.801010739103,36.10246367656348,25.562,25.125,2025-10-26 07:10:31
151.6,0.8,122.9,159.3,0.6,95.7,214.2,60.04,214.8,1,0.1,1363.5,30.1,0.0,0.0,0,77.69001683283699,795.9570435881238,10.2452937460518,25.562,25.125,2025-10-26 07:10:33
148.8,0.8,124.7,156.1,0.6,101.0,219.3,60.03,214.6,1,0.1,1363.5,30.1,0.0,0.0,0,77.69001683283699,1212.8869235628554,15.611876184459884,25.562,25.125,2025-10-26 07:10:35
145.6,0.8,123.3,152.9,0.6,101.1,217.7,60.04,214.9,1,0.1,1363.5,30.1,0.0,0.0,0,77.69001683283699,947.5679090334806,12.196778269109284,25.562,25.125,2025-10-26 07:10:38
146.6,0.8,123.9,153.8,0.6,101.2,217.5,60.05,214.8,0.9,0.1,1363.5,30.1,0.0,0.0,0,77.69001683283699,3676.563487049905,47.32349968414402,25.562,25.125,2025-10-26 07:10:40
148.8,0.8,125.8,156,0.6,102.0,220.9,60.04,214.8,1,0.1,1363.5,30.1,0.0,0.0,0,77.69001683283699,5609.602021478206,72.20492735312696,25.562,25.187,2025-10-26 07:10:43
151.7,0.8,124.9,158.1,0.6,96.5,215.5,60.01,214.7,1.1,0.1,1363.5,30.1,0.0,0.0,0,77.69001683283699,5457.991156032849,70.25344283006949,25.562,25.125,2025-10-26 07:10:45
149.5,0.8,125.6,156,0.6,102.3,221.4,60,214.9,0.9,0.1,1363.5,30.1,0.0,0.0,0,77.69001683283699,2463.67656348705,31.71162349968414,25.562,25.187,2025-10-26 07:10:47
148.8,0.8,127.0,152.9,0.6,102.0,222.1,59.99,214.7,1,0.1,1363.5,30.1,0.0,0.0,0,77.69001683283699,5571.6993051168665,71.71705622236259,25.562,25.187,2025-10-26 07:10:50
145.8,0.8,125.4,153,0.6,102.5,220.8,59.97,214.9,1,0.1,1363.5,30.1,0.0,0.0,0,77.69001683283699,1516.108654453569,19.514845230574853,25.562,25.187,2025-10-26 07:10:52
148.7,0.8,126.2,150.1,0.6,101.4,220.8,59.98,214.9,1,0.1,1363.5,30.1,0.0,0.0,0,77.69001683283699,4699.936828806064,60.49602021478205,25.562,25.187,2025-10-26 07:10:54
148.7,0.8,127.5,150.2,0.6,100.8,221.5,59.97,214.9,1,0.1,1363.5,30.1,0.0,0.0,0,77.69001683283699,1591.9140871762477,20.4905874921036,25.562,25.187,2025-10-26 07:10:57
151.8,0.8,125.8,153.2,0.6,101.9,222.7,59.98,214.8,1,0.1,1363.5,30.1,0.0,0.0,0,77.69001683283699,5003.158559696778,64.39898926089703,25.562,25.187,2025-10-26 07:10:59
148.9,0.8,127.5,155.9,0.6,103.1,224.8,60.01,214.9,1,0.1,1363.5,30.1,0.0,0.0,0,77.69001683283699,4548.325963360707,58.544535691724555,25.562,25.187,2025-10-26 07:11:01
148,0.8,127.7,155,0.6,103.8,225.3,60.02,214.8,1,0.1,1363.5,30.1,0.0,0.0,0,77.69001683283699,1554.0113708149083,20.002716361339225,25.562,25.125,2025-10-26 07:11:04
145.7,0.8,126.0,154.7,0.6,103.8,223.8,60.03,214.9,1,0.1,1363.5,30.1,0.0,0.0,0,77.69001683283699,947.5679090334806,12.196778269109284,25.625,25.187,2025-10-26 07:11:06
148.7,0.8,128.4,154.9,0.6,103.9,225.8,60.04,214.9,1,0.1,1363.5,30.1,0.0,0.0,0,77.69001683283699,2577.3847125710677,33.17523689197726,25.562,25.187,2025-10-26 07:11:09
150.6,0.8,128.5,156,0.6,102.7,224.8,60.05,214.9,1,0.1,1363.5,30.1,0.0,0.0,0,77.69001683283699,4548.325963360707,58.544535691724555,25.562,25.187,2025-10-26 07:11:11
151.7,0.8,127.4,153.3,0.6,104.2,225.9,60.05,214.8,1,0.1,1363.5,30.1,0.0,0.0,0,77.69001683283699,5382.18572331017,69.27770056854074,25.625,25.125,2025-10-26 07:11:13
148.6,0.8,129.4,151.8,0.6,102.9,224.8,60.03,214.8,1,0.1,1363.5,30.1,0.0,0.0,0,77.69001683283699,5192.672141503474,66.83834491471889,25.625,25.187,2025-10-26 07:11:16
145.8,0.8,127.7,154.5,0.6,104.0,225.2,60.03,214.8,1,0.1,1363.5,30.1,0.0,0.0,0,77.69001683283699,1857.233101705622,23.905685407454193,25.625,25.187,2025-10-26 07:11:18
145.6,0.8,127.2,157,0.6,104.5,225.6,60.02,214.8,1,0.1,1363.5,30.2,0.0,0.0,0,77.69001683283699,1288.6923562855338,16.58761844598863,25.625,25.187,2025-10-26 07:11:20
148.6,0.8,129.7,157.5,0.6,103.3,227.0,60.02,214.9,1,0.1,1363.5,30.2,0.0,0.0,0,77.69001683283699,795.9570435881238,10.2452937460518,25.625,25.187,2025-10-26 07:11:23
151.7,0.8,128.4,154.8,0.6,105.5,227.1,60.01,214.9,1,0.1,1363.5,30.2,0.0,0.0,0,77.69001683283699,1023.3733417561592,13.172520530638028,25.625,25.187,2025-10-26 07:11:25
151.5,0.8,128.9,151.6,0.6,104.6,226.6,60.01,215,1,0.1,1363.5,30.2,0.0,0.0,0,77.69001683283699,4510.423246999368,58.056664560960186,25.625,25.187,2025-10-26 07:11:28
148.6,0.8,130.5,151.8,0.6,103.8,227.0,60.01,214.9,1.1,0.1,1363.5,30.2,0.0,0.0,0,77.69001683283699,5457.991156032849,70.25344283006949,25.625,25.187,2025-10-26 07:11:30
145.7,0.8,128.6,154.6,0.6,105.9,227.6,60.03,215,1,0.1,1363.5,30.2,0.0,0.0,0,77.69001683283699,5116.866708780796,65.86260265319014,25.625,25.187,2025-10-26 07:11:32
147.3,0.8,128.6,155.9,0.6,104.2,227.9,60.02,214.8,1,0.1,1363.5,30.2,0.0,0.0,0,77.69001683283699,5495.893872394188,70.74131396083385,25.625,25.187,2025-10-26 07:11:35
149,0.8,131.0,156.8,0.6,104.5,228.7,60.04,214.9,1,0.1,1363.5,30.2,0.0,0.0,0,77.69001683283699,2880.6064434617815,37.078205938092225,25.625,25.25,2025-10-26 07:11:37
151.7,0.8,129.8,154.5,0.6,105.9,229.3,60.03,214.9,1,0.1,1363.5,30.2,0.0,0.0,0,77.69001683283699,833.8597599494631,10.73316487681617,25.687,25.187,2025-10-26 07:11:39
148.8,0.8,129.9,151.6,0.6,104.6,228.1,60.03,215,1,0.1,1363.5,30.2,0.0,0.0,0,77.69001683283699,1061.2760581174985,13.6603916614024,25.687,25.25,2025-10-26 07:11:42
146.7,0.8,130.8,153.3,0.7,105.1,228.2,60.03,215,1,0.1,1363.5,30.2,0.0,0.0,0,77.69001683283699,909.6651926721415,11.708907138344914,25.687,25.25,2025-10-26 07:11:44
145.7,0.8,128.7,154.5,0.7,106.8,228.3,60.02,214.9,1,0.1,1363.5,30.2,0.0,0.0,0,77.69001683283699,3487.049905243209,44.88414403032217,25.687,25.187,2025-10-26 07:11:47
149,0.8,130.2,157.6,0.6,105.7,230.1,60.04,214.9,1,0.1,1363.5,30.2,0.0,0.0,0,77.69001683283699,1933.0385344283006,24.88142766898294,25.687,25.25,2025-10-26 07:11:49
151.7,0.8,130.2,154.6,0.7,106.3,229.9,60.03,214.8,1.1,0.1,1363.5,30.2,0.0,0.0,0,77.69001683283699,5382.18572331017,69.27770056854074,25.687,25.25,2025-10-26 07:11:51
151.8,0.8,129.4,154.7,0.7,106.5,230.2,60.02,214.9,1,0.1,1363.5,30.2,0.0,0.0,0,77.69001683283699,5382.18572331017,69.27770056854074,25.687,25.25,2025-10-26 07:11:54
148.8,0.9,130.9,151.6,0.7,105.5,229.3,60.03,215,1,0.1,1363.5,30.2,0.0,0.0,0,77.69001683283699,4283.006948831333,55.12943777637397,25.687,25.25,2025-10-26 07:11:56
145.7,0.9,130.0,154.5,0.7,107.5,229.7,60.01,215,1,0.1,1363.5,30.2,0.0,0.0,0,77.69001683283699,1667.7195198989261,21.46632975363234,25.687,25.25,2025-10-26 07:11:58
145.8,0.8,129.7,154.8,0.6,107.8,230.1,60.01,215.1,1,0.1,1363.5,30.2,0.0,0.0,0,116.53502524925548,1250.7896399241945,10.73316487681617,25.687,25.25,2025-10-26 07:12:01
148.8,0.8,131.4,157.6,0.6,106.7,232.0,59.99,215,1.1,0.1,1363.5,30.2,0.0,0.0,0,77.69001683283699,720.1516108654454,9.269551484523056,25.687,25.25,2025-10-26 07:12:03
151.7,0.8,130.6,154.6,0.7,107.6,230.5,59.99,214.7,1,0.1,1363.5,30.2,0.0,0.0,0,77.69001683283699,1364.4977890082123,17.563360707517372,25.687,25.25,2025-10-26 07:12:05
150.3,0.8,130.3,152.8,0.7,107.0,231.3,59.98,214.7,1,0.1,1363.5,30.2,0.0,0.0,0,77.69001683283699,909.6651926721415,11.708907138344914,25.687,25.312,2025-10-26 07:12:08
148.6,0.9,131.4,151.7,0.7,106.2,230.9,59.97,214.9,1,0.1,1363.5,30.2,0.0,0.0,0,77.69001683283699,1781.427668982944,22.929943145925456,25.75,25.312,2025-10-26 07:12:10
145.6,0.9,130.0,154.8,0.7,108.2,230.8,59.97,215,1,0.1,1363.5,30.2,0.0,0.0,0,77.69001683283699,720.1516108654454,9.269551484523056,25.687,25.312,2025-10-26 07:12:13
148.8,0.9,130.4,157.4,0.6,107.7,231.5,59.96,215,1,0.1,1363.5,30.2,0.0,0.0,0,77.69001683283699,644.3461781427669,8.293809222994314,25.75,25.312,2025-10-26 07:12:15
148.6,0.8,131.7,157.5,0.7,107.8,233.2,59.99,215,1.1,0.1,1363.5,30.2,0.0,0.0,0,77.69001683283699,1440.3032217308908,18.539102969046112,25.75,25.312,2025-10-26 07:12:17
151.6,0.8,130.8,154.5,0.7,109.1,232.6,59.99,214.9,1,0.1,1363.5,30.2,0.0,0.0,0,77.69001683283699,2312.065698041693,29.760138976626653,25.75,25.312,2025-10-26 07:12:20
148.5,0.9,131.4,151.8,0.7,107.7,231.6,60,214.9,1,0.1,1363.5,30.2,0.0,0.0,0,77.69001683283699,4927.3531269741,63.42324699936828,25.75,25.312,2025-10-26 07:12:22
148.7,0.9,132.2,151.6,0.7,107.6,232.4,60.02,214.8,1.1,0.1,1363.5,30.2,0.0,0.0,0,77.69001683283699,4093.493367024637,52.69008212255211,25.687,25.375,2025-10-26 07:12:24
145.7,0.9,130.7,154.6,0.7,109.7,231.8,60.03,215,1,0.1,1363.5,30.2,0.0,0.0,0,77.69001683283699,4851.5476942514215,62.44750473783954,25.75,25.312,2025-10-26 07:12:27
148.5,0.9,131.7,157.4,0.7,108.8,233.3,60.06,215,1.1,0.1,1363.5,30.2,0.0,0.0,0,77.69001683283699,4017.687934301958,51.71433986102337,25.75,25.312,2025-10-26 07:12:29
149.6,0.8,132.0,156.2,0.7,108.8,234.6,60.05,215,1,0.1,1363.5,30.2,0.0,0.0,0,77.69001683283699,3524.9526216045483,45.37201516108654,25.687,25.312,2025-10-26 07:12:32
151.7,0.8,131.3,154.7,0.7,109.6,233.7,60.04,215,1,0.1,1363.5,30.2,0.0,0.0,0,77.69001683283699,947.5679090334806,12.196778269109284,25.687,25.312,2025-10-26 07:12:34
148.8,0.9,132.7,151.5,0.7,108.3,232.9,60.03,214.9,1,0.1,1363.5,30.2,0.0,0.0,0,77.69001683283699,2728.9955780164246,35.126721415034744,25.687,25.312,2025-10-26 07:12:36
146.1,0.9,132.4,154.2,0.7,109.4,233.8,60.03,215,1,0.1,1363.5,30.2,0.0,0.0,0,77.69001683283699,3032.217308907138,39.029690461149706,25.687,25.375,2025-10-26 07:12:39
145.8,0.8,131.6,156.3,0.7,110.2,233.8,60.02,214.8,1,0.1,1363.5,30.2,0.0,0.0,0,77.69001683283699,5344.283006948831,68.78982943777636,25.687,25.375,2025-10-26 07:12:41
148.9,0.9,132.8,156.1,0.7,110.6,236.9,60.02,215,1.1,0.1,1363.5,30.2,0.0,0.0,0,77.69001683283699,5382.18572331017,69.27770056854074,25.687,25.375,2025-10-26 07:12:43
151.8,0.8,132.7,157.6,0.7,110.7,236.2,60.02,214.9,1.1,0.1,1363.5,30.2,0.0,0.0,0,77.69001683283699,4434.61781427669,57.08092229943146,25.687,25.375,2025-10-26 07:12:46
151.7,0.9,131.8,154.8,0.7,110.8,236.3,60.03,215,1.1,0.1,1363.5,30.2,0.0,0.0,0,77.69001683283699,3449.14718888187,44.3962728995578,25.75,25.375,2025-10-26 07:12:48
148.8,0.9,133.3,154.6,0.7,111.4,236.7,60.03,214.9,1,0.1,1363.5,30.2,0.0,0.0,0,77.69001683283699,1743.5249526216046,22.442072015161084,25.75,25.375,2025-10-26 07:12:51
145.8,0.9,131.8,151.6,0.7,109.7,233.8,60.04,215,1,0.1,1363.5,30.2,0.0,0.0,0,116.53502524925548,1478.2059380922299,12.684649399873656,25.75,25.375,2025-10-26 07:12:53
146.3,0.9,132.0,152.4,0.7,111.1,236.6,60.04,215.1,1,0.1,1363.5,30.3,0.0,0.0,0,77.69001683283699,758.0543272267845,9.757422615287426,25.75,25.375,2025-10-26 07:12:55
148.6,0.9,134.1,154.5,0.7,111.4,237.8,60.02,215,1,0.1,1363.5,30.3,0.0,0.0,0,77.69001683283699,1061.2760581174985,13.6603916614024,25.75,25.375,2025-10-26 07:12:58
151.7,0.8,132.6,157.6,0.7,111.0,237.0,60.04,215.1,1.1,0.1,1363.5,30.3,0.0,0.0,0,77.69001683283699,3979.785217940619,51.22646873025899,25.75,25.375,2025-10-26 07:13:00
149.6,0.9,133.1,155.3,0.7,111.5,237.7,60.05,215.1,1.1,0.1,1363.5,30.3,0.0,0.0,0,77.69001683283699,4586.228679722047,59.03240682248894,25.75,25.312,2025-10-26 07:13:02
147.5,0.9,134.4,153.2,0.7,111.8,238.6,60.06,215.2,1,0.1,1363.5,30.3,0.0,0.0,0,116.53502524925548,4283.006948831333,36.75295851758265,25.75,25.375,2025-10-26 07:13:05
145.7,0.9,132.9,151.5,0.7,110.7,234.7,60.05,215.3,1,0.1,1363.5,30.3,0.0,0.0,0,116.53502524925548,2539.4819962097285,21.791577174141924,25.75,25.375,2025-10-26 07:13:07
149.1,0.9,133.5,155,0.7,112.3,238.7,60.03,215.3,1,0.1,1363.5,30.3,0.0,0.0,0,77.69001683283699,947.5679090334806,12.196778269109284,25.75,25.375,2025-10-26 07:13:10
151.3,0.9,134.4,157,0.7,112.1,238.5,60.03,215.3,1,0.1,1363.5,30.3,0.0,0.0,0,116.53502524925548,2615.287428932407,22.442072015161084,25.75,25.312,2025-10-26 07:13:12
151.7,0.9,133.2,157.5,0.7,111.7,238.3,60.03,215.2,1.1,0.1,1363.5,30.3,0.0,0.0,0,77.69001683283699,3866.0770688566013,49.76285533796588,25.75,25.312,2025-10-26 07:13:14
148.8,0.9,134.0,154.7,0.7,113.1,239.6,60.01,215.2,1.1,0.1,1363.5,30.3,0.0,0.0,0,116.53502524925548,4927.3531269741,42.28216466624552,25.75,25.312,2025-10-26 07:13:17
145.5,0.9,133.8,151.5,0.7,112.2,238.0,60.02,215.2,1.1,0.1,1363.5,30.3,0.0,0.0,0,77.69001683283699,5230.574857864814,67.32621604548325,25.75,25.312,2025-10-26 07:13:19
145.8,0.9,132.9,151.8,0.7,111.2,236.2,60.02,215.3,1.1,0.1,1363.5,30.3,0.0,0.0,0,116.53502524925548,2122.552116234997,18.213855548536532,25.75,25.25,2025-10-26 07:13:21
148.5,0.9,134.8,154.5,0.7,113.0,239.8,60.03,215.3,1.1,0.1,1363.5,30.3,0.0,0.0,0,116.53502524925548,4624.131396083386,39.68018530216887,25.75,25.312,2025-10-26 07:13:24
151.5,0.8,133.4,157.5,0.7,112.3,239.2,60.03,215.3,1.1,0.1,1363.5,30.3,0.0,0.0,0,77.69001683283699,2918.5091598231206,37.5660770688566,25.75,25.312,2025-10-26 07:13:26
151.2,0.9,133.5,156.8,0.7,112.7,239.4,60.04,215.3,1,0.1,1363.5,30.3,0.0,0.0,0,116.53502524925548,795.9570435881238,6.8301958307012,25.812,25.25,2025-10-26 07:13:29
148.5,0.9,134.5,154.5,0.7,113.5,241.2,60.02,215.3,1.1,0.1,1363.5,30.3,0.0,0.0,0,116.53502524925548,682.2488945041061,5.854453569172457,25.812,25.25,2025-10-26 07:13:31
145.4,0.9,133.3,151.6,0.7,112.5,237.1,60.02,215.3,1,0.1,1363.5,30.3,0.0,0.0,0,77.69001683283699,1288.6923562855338,16.58761844598863,25.75,25.25,2025-10-26 07:13:33
148.1,0.9,133.6,153.8,0.7,112.8,237.9,60.02,215.2,1.1,0.1,1363.5,30.3,0.0,0.0,0,116.53502524925548,4396.715097915351,37.72870077911139,25.812,25.25,2025-10-26 07:13:36
148.7,0.9,135.2,154.6,0.7,113.9,241.7,60.03,215.3,1.1,0.1,1363.5,30.3,0.0,0.0,0,77.69001683283699,4965.255843335439,63.91111813013265,25.812,25.25,2025-10-26 07:13:38
151.7,0.8,133.4,157.6,0.7,113.2,240.1,60.03,215.2,1.1,0.1,1363.5,30.3,0.0,0.0,0,116.53502524925548,4169.298799747316,35.777216256053904,25.812,25.25,2025-10-26 07:13:40
148.2,0.9,134.1,154.4,0.7,114.1,240.4,60.04,215.3,1.1,0.1,1363.5,30.3,0.0,0.0,0,77.69001683283699,2198.3575489576756,28.296525584333544,25.75,25.25,2025-10-26 07:13:43
148.8,0.9,134.9,154.5,0.7,114.9,241.8,60.04,215.3,1,0.1,1363.5,30.3,0.0,0.0,0,77.69001683283699,1326.595072646873,17.075489576752997,25.812,25.25,2025-10-26 07:13:45
145.6,0.9,133.1,151.6,0.7,113.2,237.5,60.03,215.2,1.1,0.1,1363.5,30.3,0.0,0.0,0,116.53502524925548,1516.108654453569,13.009896820383236,25.812,25.25,2025-10-26 07:13:47
148.6,0.9,134.5,154.6,0.7,114.9,241.1,60.02,215.2,1.1,0.1,1363.5,30.3,0.0,0.0,0,77.69001683283699,3070.1200252684775,39.51756159191408,25.812,25.25,2025-10-26 07:13:50
149.1,0.8,134.6,155.2,0.7,115.2,242.2,60.02,215.2,1.1,0.1,1363.5,30.3,0.0,0.0,0,116.53502524925548,2046.7466835123184,17.563360707517372,25.75,25.25,2025-10-26 07:13:52
151.8,0.8,133.0,157.5,0.7,113.5,240.0,60.02,215.2,1.1,0.1,1363.5,30.3,0.0,0.0,0,116.53502524925548,5041.061276058118,43.257906927774265,25.812,25.25,2025-10-26 07:13:55
148.8,0.9,134.0,154.5,0.7,115.1,241.8,60.02,215.4,1.1,0.1,1363.5,30.3,0.0,0.0,0,116.53502524925548,5154.769425142135,44.23364918930301,25.75,25.25,2025-10-26 07:13:57
146.4,0.9,134.2,152.4,0.7,115.2,241.0,60.02,215.3,1.1,0.1,1363.5,30.3,0.0,0.0,0,77.69001683283699,3979.785217940619,51.22646873025899,25.812,25.25,2025-10-26 07:13:59
145.7,0.9,132.9,152.5,0.7,113.5,237.9,60.02,215.2,1.1,0.1,1363.5,30.3,0.0,0.0,0,116.53502524925548,1516.108654453569,13.009896820383236,25.75,25.25,2025-10-26 07:14:02
148.8,0.9,134.4,154.6,0.7,115.7,241.3,60.03,215.3,1.1,0.1,1363.5,30.3,0.0,0.0,0,77.69001683283699,2122.552116234997,27.3207833228048,25.75,25.25,2025-10-26 07:14:04
151.9,0.8,134.1,157.5,0.7,114.4,240.6,60.03,215.3,1,0.1,1363.5,30.3,0.0,0.0,0,77.69001683283699,985.4706253948199,12.684649399873654,25.75,25.25,2025-10-26 07:14:06
151.7,0.9,133.3,155.3,0.7,114.2,240.3,60.02,215.3,1.1,0.1,1363.5,30.4,0.0,0.0,0,116.53502524925548,2842.703727100442,24.39355653821857,25.75,25.25,2025-10-26 07:14:09
148.4,0.9,134.4,154.6,0.7,115.6,242.1,60.02,215.3,1.1,0.1,1363.5,30.4,0.0,0.0,0,116.53502524925548,5041.061276058118,43.257906927774265,25.75,25.25,2025-10-26 07:14:11
145.8,0.9,133.1,151.7,0.7,114.5,238.8,60.01,215.3,1.1,0.1,1363.5,30.4,0.0,0.0,0,77.69001683283699,4169.298799747316,53.66582438408086,25.75,25.25,2025-10-26 07:14:14
146.1,0.9,132.6,154.6,0.7,115.1,240.5,60,215.2,1.1,0.1,1363.5,30.4,0.0,0.0,0,77.69001683283699,4662.034112444725,60.00814908401768,25.75,25.25,2025-10-26 07:14:16
148.6,0.9,133.8,154.6,0.7,115.6,242.6,59.99,215.2,1.1,0.1,1363.5,30.4,0.0,0.0,0,116.53502524925548,5078.963992419457,43.58315434828385,25.75,25.25,2025-10-26 07:14:18
151.5,0.8,132.7,157.5,0.7,113.8,239.1,59.97,215.1,1.1,0.1,1363.5,30.4,0.0,0.0,0,116.53502524925548,4965.255843335439,42.6074120867551,25.687,25.312,2025-10-26 07:14:21
150.4,0.9,132.5,154.5,0.7,115.7,241.3,59.96,215,1.1,0.1,1363.5,30.4,0.0,0.0,0,77.69001683283699,4927.3531269741,63.42324699936828,25.75,25.25,2025-10-26 07:14:23
148,0.9,133.5,153.7,0.7,115.8,242.3,59.99,215.1,1.1,0.1,1363.5,30.4,0.0,0.0,0,77.69001683283699,5116.866708780796,65.86260265319014,25.687,25.25,2025-10-26 07:14:25
145.6,0.9,131.7,151.6,0.7,114.1,237.7,59.97,214.9,1.1,0.1,1363.5,30.4,0.0,0.0,0,77.69001683283699,4548.325963360707,58.544535691724555,25.75,25.312,2025-10-26 07:14:28
148.7,0.9,132.5,154.2,0.7,115.4,241.0,59.99,215.1,1.1,0.1,1363.5,30.4,0.0,0.0,0,116.53502524925548,4965.255843335439,42.6074120867551,25.75,25.25,2025-10-26 07:14:30
151,0.8,133.3,156.5,0.7,115.9,242.3,59.98,215,1,0.1,1363.5,30.4,0.0,0.0,0,116.53502524925548,5116.866708780796,43.908401768793425,25.75,25.25,2025-10-26 07:14:33
151.6,0.8,131.7,157.5,0.7,113.3,238.8,60,215,1,0.1,1363.5,30.4,0.0,0.0,0,77.69001683283699,3638.660770688566,46.83562855337966,25.75,25.312,2025-10-26 07:14:35
148.3,0.9,132.1,154.7,0.7,115.1,241.0,59.99,215,1,0.1,1363.5,30.4,0.0,0.0,0,77.69001683283699,5192.672141503474,66.83834491471889,25.75,25.25,2025-10-26 07:14:37
145.6,0.9,132.0,151.8,0.7,114.4,239.4,60.01,215,1.1,0.1,1363.5,30.4,0.0,0.0,0,77.69001683283699,2804.801010739103,36.10246367656348,25.75,25.25,2025-10-26 07:14:40
145.6,0.9,131.5,151.6,0.7,113.6,237.3,60,215,1,0.1,1363.5,30.4,0.0,0.0,0,77.69001683283699,758.0543272267845,9.757422615287426,25.75,25.25,2025-10-26 07:14:42
148.4,0.9,132.3,154.7,0.7,115.3,241.5,60.01,215,1.1,0.1,1363.5,30.4,0.0,0.0,0,116.53502524925548,1212.8869235628554,10.40791745630659,25.75,25.25,2025-10-26 07:14:44
151.7,0.8,131.1,157.5,0.7,112.2,237.8,60.01,215,1.1,0.1,1363.5,30.4,0.0,0.0,0,116.53502524925548,1440.3032217308908,12.359401979364076,25.75,25.312,2025-10-26 07:14:47
151.5,0.9,131.2,157.2,0.7,112.3,237.4,60.02,215.1,1.1,0.1,1363.5,30.4,0.0,0.0,0,77.69001683283699,1933.0385344283006,24.88142766898294,25.75,25.312,2025-10-26 07:14:49
148.7,0.9,132.0,154.4,0.7,115.1,240.8,60.02,215.1,1.1,0.1,1363.5,30.4,0.0,0.0,0,77.69001683283699,2691.092861655085,34.63885028427037,25.75,25.312,2025-10-26 07:14:51
145.7,0.9,130.2,151.7,0.7,113.4,235.9,60,215,1.1,0.1,1363.5,30.4,0.0,0.0,0,77.69001683283699,3828.1743524952617,49.274984207201506,25.75,25.25,2025-10-26 07:14:54
147,0.9,130.2,153.1,0.7,113.0,236.3,60.01,215,1.1,0.1,1363.5,30.4,0.0,0.0,0,77.69001683283699,5078.963992419457,65.37473152242578,25.75,25.312,2025-10-26 07:14:56
148.9,0.8,131.1,154.6,0.7,114.5,239.9,60,215,1.1,0.1,1363.5,30.4,0.0,0.0,0,77.69001683283699,5003.158559696778,64.39898926089703,25.812,25.312,2025-10-26 07:14:59
151.7,0.8,130.1,157.5,0.7,111.9,236.3,60,215,1.1,0.1,1363.5,30.4,0.0,0.0,0,77.69001683283699,4358.812381554011,56.105180037902706,25.75,25.312,2025-10-26 07:15:01
148.7,0.8,130.6,154.6,0.7,112.5,236.3,59.99,214.9,1,0.1,1363.5,30.4,0.0,0.0,0,77.69001683283699,3070.1200252684775,39.51756159191408,25.75,25.312,2025-10-26 07:15:03
148.8,0.9,131.0,154.6,0.7,114.4,238.7,59.99,215,1,0.1,1363.5,30.4,0.0,0.0,0,116.53502524925548,2994.3145925457993,25.694546220256896,25.75,25.25,2025-10-26 07:15:06
145.7,0.9,129.5,151.7,0.7,112.3,234.9,59.99,215.1,1,0.1,1363.5,30.4,0.0,0.0,0,77.69001683283699,3032.217308907138,39.029690461149706,25.75,25.25,2025-10-26 07:15:08
149.1,0.8,130.1,154.4,0.7,113.3,236.2,60,215,1,0.1,1363.5,30.4,0.0,0.0,0,77.69001683283699,2728.9955780164246,35.126721415034744,25.75,25.25,2025-10-26 07:15:10
148.7,0.8,130.6,154.7,0.7,113.8,237.4,60,215,1.1,0.1,1363.5,30.4,0.0,0.0,0,77.69001683283699,3032.217308907138,39.029690461149706,25.75,25.187,2025-10-26 07:15:13
151.7,0.8,128.8,154.5,0.7,112.5,235.3,60.01,215,1.1,0.1,1363.5,30.4,0.0,0.0,0,77.69001683283699,985.4706253948199,12.684649399873654,25.812,25.187,2025-10-26 07:15:15
148.8,0.8,129.5,154.2,0.7,113.4,236.4,60.03,215,1,0.1,1363.5,30.4,0.0,0.0,0,77.69001683283699,682.2488945041061,8.781680353758686,25.812,25.187,2025-10-26 07:15:18
147.4,0.8,129.4,151.6,0.7,111.7,233.6,60.05,214.9,1.1,0.1,1363.5,30.4,0.0,0.0,0,77.69001683283699,1933.0385344283006,24.88142766898294,25.812,25.125,2025-10-26 07:15:20
145.9,0.8,127.7,154.7,0.7,113.1,234.3,60.03,214.9,1,0.1,1363.5,30.4,0.0,0.0,0,77.69001683283699,985.4706253948199,12.684649399873654,25.812,25.125,2025-10-26 07:15:22
148.8,0.8,128.9,156,0.7,112.7,234.5,60.03,214.9,1.1,0.1,1363.5,30.4,0.0,0.0,0,77.69001683283699,5116.866708780796,65.86260265319014,25.812,25.125,2025-10-26 07:15:25
151,0.8,128.3,157.5,0.7,109.8,231.6,60.02,215,1.1,0.1,1363.5,30.4,0.0,0.0,0,77.69001683283699,5192.672141503474,66.83834491471889,25.812,25.125,2025-10-26 07:15:27
151.7,0.8,127.0,154.6,0.7,111.9,232.4,60.01,215,1,0.1,1363.5,30.4,0.0,0.0,0,77.69001683283699,4283.006948831333,55.12943777637397,25.812,25.062,2025-10-26 07:15:29
148.7,0.8,128.0,152.1,0.7,111.1,232.2,60,215.1,1,0.1,1363.5,30.4,0.0,0.0,0,77.69001683283699,1970.9412507896398,25.36929879974731,25.812,25.125,2025-10-26 07:15:32
145.3,0.8,126.8,151.5,0.7,110.4,229.7,59.99,214.8,1,0.1,1363.5,30.4,0.0,0.0,0,77.69001683283699,2236.2602653190143,28.78439671509791,25.812,25.062,2025-10-26 07:15:34
145.6,0.8,126.6,154.7,0.7,111.2,231.2,59.97,215,1.1,0.1,1363.5,30.4,0.0,0.0,0,77.69001683283699,3449.14718888187,44.3962728995578,25.812,25.062,2025-10-26 07:15:37
148.7,0.8,126.8,157.5,0.7,108.8,229.8,59.98,215,1,0.1,1363.5,30.4,0.0,0.0,0,77.69001683283699,3373.3417561591914,43.42053063802906,25.812,25.062,2025-10-26 07:15:39
151.6,0.8,125.2,154.7,0.7,110.7,229.4,59.98,215,1,0.1,1363.5,30.4,0.0,0.0,0,77.69001683283699,1743.5249526216046,22.442072015161084,25.75,25.062,2025-10-26 07:15:41
151,0.8,125.3,151.6,0.7,109.0,228.2,59.99,215,1.1,0.1,1363.5,30.4,0.0,0.0,0,77.69001683283699,871.7624763108023,11.221036007580542,25.812,25.062,2025-10-26 07:15:44
148.6,0.8,125.4,151.5,0.7,108.7,227.4,59.98,215.1,1,0.1,1363.5,30.4,0.0,0.0,0,77.69001683283699,2463.67656348705,31.71162349968414,25.75,25.062,2025-10-26 07:15:46
145.8,0.8,123.8,154.6,0.7,110.1,227.3,59.98,215.1,1,0.1,1363.5,30.4,0.0,0.0,0,77.69001683283699,2084.649399873658,26.83291219204043,25.812,25.0,2025-10-26 07:15:48
147.8,0.8,123.5,157.3,0.7,106.5,225.1,59.97,214.9,1,0.1,1363.5,30.4,0.0,0.0,0,77.69001683283699,1629.8168035375868,20.97845862286797,25.75,25.0,2025-10-26 07:15:51
149.9,0.8,124.1,154.5,0.7,109.6,227.8,59.96,214.9,1,0.1,1363.5,30.4,0.0,0.0,0,77.69001683283699,985.4706253948199,12.684649399873654,25.75,25.0,2025-10-26 07:15:53
151.6,0.8,122.5,152,0.7,108.4,225.5,59.97,214.9,1,0.1,1363.5,30.4,0.0,0.0,0,77.69001683283699,1364.4977890082123,17.563360707517372,25.812,25.0,2025-10-26 07:15:56
148.5,0.8,122.6,152.8,0.7,107.1,224.1,59.97,214.9,1,0.1,1363.5,30.4,0.0,0.0,0,77.69001683283699,1857.233101705622,23.905685407454193,25.812,25.0,2025-10-26 07:15:58
146.4,0.8,122.3,154.6,0.7,108.7,225.0,59.97,215.1,1,0.1,1363.5,30.4,0.0,0.0,0,77.69001683283699,909.6651926721415,11.708907138344914,25.75,25.0,2025-10-26 07:16:00
145.7,0.8,121.5,157.6,0.7,105.8,222.1,59.97,215.1,1,0.1,1363.5,30.4,0.0,0.0,0,77.69001683283699,1288.6923562855338,16.58761844598863,25.812,25.0,2025-10-26 07:16:03
148.7,0.8,121.7,154.6,0.7,107.8,224.2,59.98,215.1,1,0.1,1363.5,30.4,0.0,0.0,0,77.69001683283699,758.0543272267845,9.757422615287426,25.812,25.0,2025-10-26 07:16:05
151.9,0.8,120.4,151.4,0.7,106.1,221.6,59.97,215,1,0.1,1363.5,30.4,0.0,0.0,0,77.69001683283699,2198.3575489576756,28.296525584333544,25.75,25.0,2025-10-26 07:16:07
151.6,0.8,119.8,151.7,0.7,105.7,219.9,59.96,215.1,1,0.1,1363.5,30.4,0.0,0.0,0,77.69001683283699,2463.67656348705,31.71162349968414,25.75,25.0,2025-10-26 07:16:10
148.6,0.8,120.0,154.6,0.7,107.1,221.9,59.97,215.1,1,0.1,1363.5,30.4,0.0,0.0,0,77.69001683283699,1591.9140871762477,20.4905874921036,25.812,25.0,2025-10-26 07:16:12
145.6,0.8,119.1,157.4,0.7,102.9,217.5,59.96,215,1,0.1,1363.5,30.4,0.0,0.0,0,77.69001683283699,1212.8869235628554,15.611876184459884,25.75,24.937,2025-10-26 07:16:14
146.5,0.8,118.4,154.7,0.7,106.3,219.3,59.97,215,1,0.1,1363.5,30.4,0.0,0.0,0,77.69001683283699,3790.2716361339226,48.78711307643714,25.75,25.0,2025-10-26 07:16:17
148.7,0.8,119.1,152.6,0.7,104.7,219.0,59.97,215,0.9,0.1,1363.5,30.4,0.0,0.0,0,77.69001683283699,4548.325963360707,58.544535691724555,25.812,24.937,2025-10-26 07:16:19
151.7,0.7,117.6,152.9,0.6,104.3,217.1,59.97,215.1,0.9,0.1,1363.5,30.4,0.0,0.0,0,77.69001683283699,2539.4819962097285,32.68736576121289,25.812,24.937,2025-10-26 07:16:22
149.6,0.8,117.5,154.6,0.6,105.5,217.9,59.97,214.9,0.9,0.1,1363.5,30.4,0.0,0.0,0,77.69001683283699,1933.0385344283006,24.88142766898294,25.812,24.937,2025-10-26 07:16:24
148.7,0.8,118.0,157.5,0.6,103.1,214.7,59.96,215,0.9,0.1,1363.5,30.4,0.0,0.0,0,77.69001683283699,2766.8982943777637,35.61459254579911,25.812,24.937,2025-10-26 07:16:26
145.7,0.8,116.5,154.6,0.6,104.8,215.8,59.97,215,1,0.1,1363.5,30.4,0.0,0.0,0,77.69001683283699,3373.3417561591914,43.42053063802906,25.812,24.937,2025-10-26 07:16:29
148.8,0.7,116.6,151.3,0.6,103.2,214.8,59.97,215,0.9,0.1,1363.5,30.4,0.0,0.0,0,77.69001683283699,2728.9955780164246,35.126721415034744,25.75,24.937,2025-10-26 07:16:31
148.6,0.7,116.5,151.6,0.6,102.8,214.3,59.97,215,0.9,0.1,1363.5,30.4,0.0,0.0,0,77.69001683283699,1629.8168035375868,20.97845862286797,25.812,24.937,2025-10-26 07:16:33
151.6,0.7,115.3,154.5,0.6,103.1,213.4,59.97,215,0.9,0.1,1363.5,30.4,0.0,0.0,0,77.69001683283699,5192.672141503474,66.83834491471889,25.812,24.937,2025-10-26 07:16:36
148.6,0.7,116.0,157.6,0.6,98.7,210.7,59.99,215,0.9,0.1,1363.5,30.4,0.0,0.0,0,77.69001683283699,3259.6336070751736,41.95691724573594,25.75,24.937,2025-10-26 07:16:38
148.1,0.7,115.7,157,0.6,99.5,211.1,59.99,215.1,1,0.1,1363.5,30.4,0.0,0.0,0,77.69001683283699,3108.0227416298167,40.00543272267845,25.812,24.937,2025-10-26 07:16:41
145.7,0.7,114.0,154.6,0.6,102.7,211.7,60.01,215.1,0.9,0.1,1363.5,30.4,0.0,0.0,0,77.69001683283699,1857.233101705622,23.905685407454193,25.812,24.937,2025-10-26 07:16:43
148.6,0.7,114.3,151.6,0.6,101.3,210.1,60.02,215,0.9,0.1,1363.5,30.4,0.0,0.0,0,77.69001683283699,3259.6336070751736,41.95691724573594,25.812,24.937,2025-10-26 07:16:45
150.6,0.7,114.2,153.6,0.6,101.0,209.3,60.03,215.1,0.9,0.1,1363.5,30.4,0.0,0.0,0,77.69001683283699,2387.871130764371,30.735881238155393,25.812,24.937,2025-10-26 07:16:48
151,0.7,112.7,155.1,0.6,101.0,209.2,60.04,215.2,0.9,0.1,1363.5,30.4,0.0,0.0,0,77.69001683283699,985.4706253948199,12.684649399873654,25.75,24.937,2025-10-26 07:16:50
148.6,0.7,113.1,155.3,0.6,97.2,206.3,60.03,215.1,0.9,0.1,1363.5,30.4,0.0,0.0,0,77.69001683283699,3259.6336070751736,41.95691724573594,25.75,24.937,2025-10-26 07:16:52
145.9,0.7,112.6,154.7,0.6,100.9,209.4,60.03,215.1,0.9,0.1,1363.5,30.4,0.0,0.0,0,77.69001683283699,5420.088439671509,69.7655716993051,25.812,24.937,2025-10-26 07:16:55
145.6,0.7,111.4,151.5,0.6,98.5,205.6,60.01,215.2,0.9,0.1,1363.5,30.4,0.0,0.0,0,77.69001683283699,4017.687934301958,51.71433986102337,25.75,24.875,2025-10-26 07:16:57
148.6,0.7,111.9,154.7,0.6,98.9,207.2,60.01,215.1,1,0.1,1363.5,30.4,0.0,0.0,0,77.69001683283699,3676.563487049905,47.32349968414402,25.75,24.875,2025-10-26 07:17:00
148.7,0.7,111.9,154.6,0.5,99.3,207.1,60,215.2,0.9,0.1,1363.5,30.4,0.0,0.0,0,77.69001683283699,3373.3417561591914,43.42053063802906,25.75,24.937,2025-10-26 07:17:02
148.2,0.7,110.4,154.3,0.6,96.4,202.7,59.99,215.2,0.9,0.1,1363.5,30.4,0.0,0.0,0,77.69001683283699,1364.4977890082123,17.563360707517372,25.75,24.937,2025-10-26 07:17:04
148.8,0.7,110.2,154.6,0.6,98.1,204.7,59.99,215.2,0.9,0.1,1363.5,30.4,0.0,0.0,0,77.69001683283699,1212.8869235628554,15.611876184459884,25.75,24.937,2025-10-26 07:17:07
148.7,0.7,110.2,151.5,0.6,97.0,202.8,59.97,215.1,0.9,0.1,1363.5,30.4,0.0,0.0,0,77.69001683283699,1705.6222362602653,21.954200884396712,25.75,24.937,2025-10-26 07:17:09
151.6,0.7,108.9,154.6,0.6,96.9,201.8,59.98,215.1,0.9,0.1,1363.5,30.4,0.0,0.0,0,77.69001683283699,1819.330385344283,23.41781427668983,25.75,24.937,2025-10-26 07:17:11
148.7,0.7,109.1,154.8,0.5,96.9,202.2,59.97,215,1,0.1,1363.5,30.4,0.0,0.0,0,77.69001683283699,2463.67656348705,31.71162349968414,25.75,24.937,2025-10-26 07:17:14
146.7,0.7,108.6,156,0.6,92.4,197.6,59.97,215.1,0.8,0.1,1363.5,30.4,0.0,0.0,0,77.69001683283699,2046.7466835123184,26.345041061276056,25.75,24.937,2025-10-26 07:17:16
145.5,0.7,108.0,154.3,0.6,95.9,199.3,59.96,215.2,0.9,0.1,1363.5,30.4,0.0,0.0,0,77.69001683283699,2160.454832596336,27.80865445356917,25.75,24.937,2025-10-26 07:17:18
147.1,0.7,107.2,151.7,0.6,95.1,198.2,59.97,215.1,0.9,0.1,1363.5,30.4,0.0,0.0,0,77.69001683283699,2122.552116234997,27.3207833228048,25.75,24.937,2025-10-26 07:17:21
148.7,0.7,107.1,154.7,0.6,94.7,198.0,59.97,215.2,0.9,0.1,1363.5,30.4,0.0,0.0,0,77.69001683283699,1288.6923562855338,16.58761844598863,25.75,24.937,2025-10-26 07:17:23
145.7,0.7,106.7,154.7,0.6,94.8,197.4,59.97,215.3,0.8,0.1,1363.5,30.4,0.0,0.0,0,77.69001683283699,4699.936828806064,60.49602021478205,25.75,24.937,2025-10-26 07:17:26
145.8,0.7,105.9,151.5,0.6,94.2,196.4,59.99,215.2,0.9,0.1,1363.5,30.4,0.0,0.0,0,77.69001683283699,3524.9526216045483,45.37201516108654,25.75,24.937,2025-10-26 07:17:28
148.8,0.7,105.7,154.9,0.6,94.0,196.1,59.98,215.2,0.9,0.1,1363.5,30.4,0.0,0.0,0,77.69001683283699,2956.4118761844597,38.05394819962097,25.75,25.0,2025-10-26 07:17:30
148.7,0.7,105.8,154.7,0.6,93.7,194.8,59.99,215.1,0.9,0.1,1363.5,30.4,0.0,0.0,0,77.69001683283699,2274.1629816803534,29.272267845862277,25.75,25.0,2025-10-26 07:17:33
145.9,0.7,104.3,151.7,0.6,93.2,193.6,59.96,215.2,0.9,0.1,1363.5,30.4,0.0,0.0,0,77.69001683283699,4207.201516108655,54.153695514845225,25.75,25.0,2025-10-26 07:17:35
148.7,0.7,104.4,154.5,0.6,93.2,193.3,59.97,215.1,0.8,0.1,1363.5,30.4,0.0,0.0,0,77.69001683283699,3183.8281743524954,40.9811749842072,25.75,25.0,2025-10-26 07:17:37
148.6,0.7,104.2,155.4,0.5,88.3,188.2,59.97,215.1,0.8,0.1,1363.5,30.4,0.0,0.0,0,77.69001683283699,2994.3145925457993,38.541819330385344,25.75,25.0,2025-10-26 07:17:40
145.7,0.7,103.2,154.8,0.6,92.9,191.1,59.97,215.2,0.9,0.1,1363.5,30.4,0.0,0.0,0,77.69001683283699,3070.1200252684775,39.51756159191408,25.75,25.0,2025-10-26 07:17:42
147,0.7,103.2,152.8,0.6,92.5,191.6,59.97,215.2,0.9,0.1,1363.5,30.4,0.0,0.0,0,77.69001683283699,833.8597599494631,10.73316487681617,25.75,25.0,2025-10-26 07:17:45
148,0.7,102.8,151.8,0.6,91.9,190.7,60.01,215.2,0.8,0.1,1363.5,30.4,0.0,0.0,0,77.69001683283699,3221.7308907138345,41.46904611497157,25.75,25.0,2025-10-26 07:17:47
147.5,0.7,102.0,154.6,0.6,92.0,189.7,60.01,215.2,0.9,0.1,1363.5,30.4,0.0,0.0,0,77.69001683283699,833.8597599494631,10.73316487681617,25.687,25.0,2025-10-26 07:17:49
146,0.7,101.5,154.5,0.5,91.6,189.2,60.03,215.2,0.8,0.1,1363.5,30.4,0.0,0.0,0,77.69001683283699,909.6651926721415,11.708907138344914,25.75,25.0,2025-10-26 07:17:52
148.9,0.7,101.2,151.5,0.5,91.2,188.4,60.04,215.2,0.8,0.1,1363.5,30.4,0.0,0.0,0,77.69001683283699,2084.649399873658,26.83291219204043,25.75,25.0,2025-10-26 07:17:54
148.4,0.6,100.4,154.6,0.5,90.8,187.2,60.03,215.2,0.8,0.1,1363.5,30.4,0.0,0.0,0,77.69001683283699,2653.190145293746,34.15097915350599,25.75,25.062,2025-10-26 07:17:56
145.8,0.6,99.8,154.6,0.6,90.8,186.5,60.04,215.2,0.9,0.1,1363.5,30.4,0.0,0.0,0,77.69001683283699,5457.991156032849,70.25344283006949,25.75,25.0,2025-10-26 07:17:59
148.6,0.6,99.9,151.7,0.6,90.4,186.3,60.03,215.2,0.9,0.1,1363.5,30.4,0.0,0.0,0,77.69001683283699,4813.644977890082,61.95963360707517,25.75,25.0,2025-10-26 07:18:01
148.8,0.6,99.5,148.6,0.6,88.9,184.8,60.03,215.2,0.8,0.1,1363.5,30.4,0.0,0.0,0,77.69001683283699,758.0543272267845,9.757422615287426,25.75,25.0,2025-10-26 07:18:04
145.7,0.6,99.2,148.8,0.5,88.9,183.2,60.03,215.3,0.9,0.1,1363.5,30.4,0.0,0.0,0,77.69001683283699,758.0543272267845,9.757422615287426,25.75,25.0,2025-10-26 07:18:06
144.2,0.7,98.8,151.8,0.5,90.1,183.4,60.03,215.3,0.7,0.1,1363.5,30.4,0.0,0.0,0,77.69001683283699,795.9570435881238,10.2452937460518,25.75,25.062,2025-10-26 07:18:08
142.8,0.6,96.7,154.5,0.5,89.2,181.8,60.03,215.3,0.8,0.1,1363.5,30.4,0.0,0.0,0,77.69001683283699,1933.0385344283006,24.88142766898294,25.75,25.0,2025-10-26 07:18:11
145.6,0.6,98.1,153.3,0.5,88.6,183.0,60.04,215.2,0.9,0.1,1363.5,30.4,0.0,0.0,0,77.69001683283699,4624.131396083386,59.520277953253306,25.75,25.0,2025-10-26 07:18:13
148.2,0.6,97.7,151.6,0.5,89.0,183.1,60.03,215.3,0.8,0.1,1363.5,30.4,0.0,0.0,0,77.69001683283699,5382.18572331017,69.27770056854074,25.75,25.0,2025-10-26 07:18:15
146.9,0.6,97.2,148.5,0.5,87.6,180.8,60.02,215.3,0.8,0.1,1363.5,30.4,0.0,0.0,0,77.69001683283699,5533.796588755527,71.22918509159823,25.75,25.0,2025-10-26 07:18:18
148,0.6,96.8,150.9,0.5,87.4,180.9,60.02,215.1,0.8,0.1,1363.5,30.4,0.0,0.0,0,77.69001683283699,3487.049905243209,44.88414403032217,25.75,25.0,2025-10-26 07:18:20
145.5,0.6,96.3,151.5,0.5,88.5,181.1,60.03,215.2,0.8,0.1,1363.5,30.4,0.0,0.0,0,77.69001683283699,2160.454832596336,27.80865445356917,25.75,25.062,2025-10-26 07:18:23
143.1,0.6,95.8,154.6,0.5,87.3,179.3,60.03,215.1,0.7,0.1,1363.5,30.4,0.0,0.0,0,77.69001683283699,795.9570435881238,10.2452937460518,25.75,25.0,2025-10-26 07:18:25
142.8,0.6,94.3,151.6,0.5,87.8,178.0,60.02,215.1,0.8,0.1,1363.5,30.4,0.0,0.0,0,77.69001683283699,5571.6993051168665,71.71705622236259,25.75,25.0,2025-10-26 07:18:27
145.7,0.6,95.4,151.5,0.5,88.0,179.6,60.04,215.1,0.7,0.1,1363.5,30.4,0.0,0.0,0,77.69001683283699,1288.6923562855338,16.58761844598863,25.75,25.062,2025-10-26 07:18:30
148.9,0.6,95.3,148.7,0.5,86.1,177.8,60.03,215.2,0.8,0.1,1363.5,30.4,0.0,0.0,0,77.69001683283699,5078.963992419457,65.37473152242578,25.75,25.062,2025-10-26 07:18:32
148.7,0.6,94.9,151.6,0.5,87.5,178.9,60.03,215.1,0.8,0.1,1363.5,30.4,0.0,0.0,0,77.69001683283699,5571.6993051168665,71.71705622236259,25.75,25.062,2025-10-26 07:18:34
146.5,0.6,94.6,152.4,0.5,87.9,179.2,60.03,215.2,0.8,0.1,1363.5,30.4,0.0,0.0,0,77.69001683283699,5192.672141503474,66.83834491471889,25.812,25.062,2025-10-26 07:18:37
146.7,0.6,94.3,154.5,0.5,86.5,177.3,60.03,215.2,0.8,0.1,1363.5,30.4,0.0,0.0,0,77.69001683283699,4017.687934301958,51.71433986102337,25.75,25.062,2025-10-26 07:18:39
145.8,0.6,94.1,151.5,0.5,87.5,177.8,60.03,215.2,0.8,0.1,1363.5,30.4,0.0,0.0,0,77.69001683283699,720.1516108654454,9.269551484523056,25.812,25.062,2025-10-26 07:18:42
148.2,0.6,94.0,149.3,0.5,87.2,177.5,60.03,215.1,0.8,0.1,1363.5,30.4,0.0,0.0,0,77.69001683283699,758.0543272267845,9.757422615287426,25.75,25.062,2025-10-26 07:18:44
145.3,0.6,93.4,149.8,0.5,85.7,175.7,60.02,215.2,0.8,0.1,1363.5,30.5,0.0,0.0,0,77.69001683283699,1326.595072646873,17.075489576752997,25.75,25.0,2025-10-26 07:18:46
146.5,0.6,93.5,151.6,0.5,87.2,177.2,60.04,215.2,0.7,0.1,1363.5,30.5,0.0,0.0,0,77.69001683283699,5647.504737839545,72.69279848389134,25.812,25.062,2025-10-26 07:18:49
145.8,0.6,93.2,154.6,0.5,86.1,175.2,60.04,215.2,0.8,0.1,1363.5,30.5,0.0,0.0,0,77.69001683283699,5571.6993051168665,71.71705622236259,25.75,25.062,2025-10-26 07:18:51
143,0.6,91.3,152.1,0.5,86.3,173.5,60.04,215.3,0.8,0.1,1363.5,30.5,0.0,0.0,0,77.69001683283699,5344.283006948831,68.78982943777636,25.75,25.062,2025-10-26 07:18:53
145.9,0.6,92.0,151.7,0.5,87.2,174.9,60.03,215.2,0.8,0.1,1363.5,30.5,0.0,0.0,0,77.69001683283699,4927.3531269741,63.42324699936828,25.75,25.062,2025-10-26 07:18:56
145.8,0.6,93.3,148.8,0.5,85.7,175.5,60.03,215.2,0.8,0.1,1363.5,30.5,0.0,0.0,0,77.69001683283699,1250.7896399241945,16.099747315224256,25.812,25.062,2025-10-26 07:18:58
148.8,0.6,92.3,151.7,0.5,86.0,174.7,60.04,215.2,0.8,0.1,1363.5,30.5,0.0,0.0,0,77.69001683283699,795.9570435881238,10.2452937460518,25.812,25.062,2025-10-26 07:19:01
145.7,0.6,92.0,151.6,0.5,86.6,174.9,60.04,215.3,0.9,0.1,1363.5,30.5,0.0,0.0,0,77.69001683283699,4851.5476942514215,62.44750473783954,25.812,25.062,2025-10-26 07:19:03
148.2,0.6,92.7,154.7,0.5,85.3,174.7,60.04,215.2,0.8,0.1,1363.5,30.5,0.0,0.0,0,77.69001683283699,5230.574857864814,67.32621604548325,25.812,25.062,2025-10-26 07:19:05
145.7,0.6,92.4,151.7,0.5,86.0,174.7,60.03,215.2,0.8,0.1,1363.5,30.5,0.0,0.0,0,77.69001683283699,2236.2602653190143,28.78439671509791,25.812,25.062,2025-10-26 07:19:08
146.6,0.6,92.0,150.4,0.5,86.3,174.8,60.03,215.2,0.8,0.1,1363.5,30.5,0.0,0.0,0,77.69001683283699,3790.2716361339226,48.78711307643714,25.812,25.062,2025-10-26 07:19:10
146.3,0.6,92.1,148.7,0.5,85.1,173.7,60.03,215.1,0.8,0.1,1363.5,30.5,0.0,0.0,0,77.69001683283699,2349.968414403032,30.248010107391025,25.812,25.125,2025-10-26 07:19:12
145.6,0.6,91.7,151.4,0.5,86.4,175.1,60.04,215.2,0.8,0.1,1363.5,30.5,0.0,0.0,0,77.69001683283699,1023.3733417561592,13.172520530638028,25.812,25.062,2025-10-26 07:19:15
142.8,0.6,90.4,153.9,0.5,87.1,172.7,60.03,215.2,0.8,0.1,1363.5,30.5,0.0,0.0,0,77.69001683283699,4093.493367024637,52.69008212255211,25.812,25.062,2025-10-26 07:19:17
146,0.6,91.4,154.7,0.5,85.1,173.1,60.03,215.3,0.8,0.1,1363.5,30.5,0.0,0.0,0,77.69001683283699,2084.649399873658,26.83291219204043,25.812,25.0,2025-10-26 07:19:19
145.7,0.6,91.9,151.8,0.5,87.0,175.8,60.03,215.3,0.7,0.1,1363.5,30.5,0.0,0.0,0,77.69001683283699,5571.6993051168665,71.71705622236259,25.812,25.062,2025-10-26 07:19:22
148.7,0.6,92.0,148.6,0.5,87.0,175.8,60.03,215.3,0.8,0.1,1363.5,30.5,0.0,0.0,0,77.69001683283699,5647.504737839545,72.69279848389134,25.812,25.062,2025-10-26 07:19:24
145.7,0.6,91.7,148.7,0.5,86.4,174.8,60.03,215.2,0.8,0.1,1363.5,30.5,0.0,0.0,0,77.69001683283699,5761.212886923563,74.15641187618445,25.812,25.062,2025-10-26 07:19:27
145.3,0.6,91.8,151.5,0.5,87.9,175.7,60.03,215.2,0.8,0.1,1363.5,30.5,0.0,0.0,0,77.69001683283699,2615.287428932407,33.663108022741625,25.812,25.062,2025-10-26 07:19:29
142.8,0.6,90.9,154.5,0.5,86.6,173.0,60.02,215,0.8,0.1,1363.5,30.5,0.0,0.0,0,77.69001683283699,833.8597599494631,10.73316487681617,25.812,25.062,2025-10-26 07:19:31
145.7,0.6,92.2,154,0.5,86.3,174.9,60.04,215.1,0.8,0.1,1363.5,30.5,0.0,0.0,0,77.69001683283699,682.2488945041061,8.781680353758686,25.812,25.062,2025-10-26 07:19:34
147.6,0.6,92.2,151.7,0.5,88.0,177.3,60.02,215.3,0.8,0.1,1363.5,30.5,0.0,0.0,0,77.69001683283699,4320.909665192672,55.61730890713834,25.812,25.062,2025-10-26 07:19:36
148.1,0.6,91.9,148.7,0.5,87.1,175.7,60.04,215.2,0.8,0.1,1363.5,30.5,0.0,0.0,0,77.69001683283699,5495.893872394188,70.74131396083385,25.812,25.062,2025-10-26 07:19:38
148,0.6,92.2,150.7,0.5,87.5,176.5,60.04,215.1,0.8,0.1,1363.5,30.5,0.0,0.0,0,77.69001683283699,5230.574857864814,67.32621604548325,25.812,25.062,2025-10-26 07:19:41
148.6,0.6,92.4,151.6,0.5,88.8,178.0,60.06,215.1,0.9,0.1,1363.5,30.5,0.0,0.0,0,77.69001683283699,2274.1629816803534,29.272267845862277,25.812,25.062,2025-10-26 07:19:43
151.7,0.6,92.6,154.6,0.5,87.7,176.9,60.04,214.8,0.8,0.1,1363.5,30.5,0.0,0.0,0,77.69001683283699,795.9570435881238,10.2452937460518,25.812,25.062,2025-10-26 07:19:46
151.7,0.6,92.8,151.7,0.5,89.0,178.2,60.05,215.1,0.8,0.1,1363.5,30.5,0.0,0.0,0,77.69001683283699,909.6651926721415,11.708907138344914,25.812,25.062,2025-10-26 07:19:48
151.7,0.6,92.8,151.6,0.6,89.7,179.5,60.04,215,0.8,0.1,1363.5,30.5,0.0,0.0,0,77.69001683283699,3108.0227416298167,40.00543272267845,25.812,25.062,2025-10-26 07:19:50
148.8,0.6,93.8,148.8,0.6,88.7,178.9,60.04,215,0.8,0.1,1363.5,30.5,0.0,0.0,0,77.69001683283699,5457.991156032849,70.25344283006949,25.812,25.062,2025-10-26 07:19:53
145.8,0.6,93.6,151.6,0.6,89.9,179.9,60.04,215.2,0.9,0.1,1363.5,30.5,0.0,0.0,0,77.69001683283699,4889.450410612761,62.93537586860391,25.812,25.062,2025-10-26 07:19:55
147.2,0.6,94.6,151.7,0.5,90.7,181.4,60.04,215,0.7,0.1,1363.5,30.5,0.0,0.0,0,77.69001683283699,2615.287428932407,33.663108022741625,25.812,25.062,2025-10-26 07:19:57
145.7,0.6,94.6,154.6,0.6,89.1,180.1,60.04,215,0.8,0.1,1363.5,30.5,0.0,0.0,0,77.69001683283699,947.5679090334806,12.196778269109284,25.812,25.125,2025-10-26 07:20:00
145,0.6,94.7,151.6,0.6,91.0,181.5,60.04,215,0.8,0.1,1363.5,30.5,0.0,0.0,0,77.69001683283699,682.2488945041061,8.781680353758686,25.812,25.125,2025-10-26 07:20:02
142.8,0.6,93.4,149.6,0.6,91.6,180.5,60.01,215,0.8,0.1,1363.5,30.5,0.0,0.0,0,77.69001683283699,2008.843967150979,25.857169930511684,25.875,25.062,2025-10-26 07:20:05
145.3,0.6,95.2,149.2,0.5,90.6,181.6,60.02,215.1,0.9,0.1,1363.5,30.5,0.0,0.0,0,77.69001683283699,3790.2716361339226,48.78711307643714,25.812,25.125,2025-10-26 07:20:07
147.8,0.6,95.6,151.7,0.6,91.8,183.8,60.01,215.1,0.8,0.1,1363.5,30.5,0.0,0.0,0,77.69001683283699,3714.466203411244,47.811370814908386,25.875,25.125,2025-10-26 07:20:09
147.2,0.6,96.1,154.6,0.5,91.1,183.6,60.01,215.2,0.9,0.1,1363.5,30.5,0.0,0.0,0,77.69001683283699,5154.769425142135,66.35047378395451,25.812,25.125,2025-10-26 07:20:12
148.6,0.6,96.0,152.7,0.6,91.2,183.6,60.02,215.1,0.9,0.1,1363.5,30.5,0.0,0.0,0,77.69001683283699,5116.866708780796,65.86260265319014,25.875,25.125,2025-10-26 07:20:14
148.7,0.6,96.4,151.6,0.6,92.4,185.3,60.01,215.1,0.9,0.1,1363.5,30.5,0.0,0.0,0,77.69001683283699,2994.3145925457993,38.541819330385344,25.812,25.125,2025-10-26 07:20:16
148.7,0.6,96.3,148.6,0.6,91.7,184.4,60.02,215.1,0.8,0.1,1363.5,30.5,0.0,0.0,0,77.69001683283699,2615.287428932407,33.663108022741625,25.812,25.125,2025-10-26 07:20:19
151.6,0.6,96.2,151.7,0.6,92.4,184.9,60.01,215.1,0.8,0.1,1363.5,30.5,0.0,0.0,0,77.69001683283699,720.1516108654454,9.269551484523056,25.812,25.125,2025-10-26 07:20:21
148.7,0.6,97.3,151.6,0.6,93.2,186.9,60.01,215,0.8,0.1,1363.5,30.5,0.0,0.0,0,77.69001683283699,795.9570435881238,10.2452937460518,25.812,25.125,2025-10-26 07:20:23
148.4,0.6,97.3,154.4,0.5,91.0,184.3,60.01,214.9,0.9,0.1,1363.5,30.5,0.0,0.0,0,77.69001683283699,1099.1787744788378,14.148262792166772,25.812,25.125,2025-10-26 07:20:26
146.6,0.6,98.5,151.4,0.6,92.9,187.3,60.02,214.9,0.8,0.1,1363.5,30.5,0.0,0.0,0,77.69001683283699,3524.9526216045483,45.37201516108654,25.875,25.125,2025-10-26 07:20:28
145.6,0.6,98.1,151.6,0.6,93.9,188.0,60.02,214.9,0.9,0.1,1363.5,30.5,0.0,0.0,0,77.69001683283699,4775.742261528742,61.471762476310786,25.812,25.125,2025-10-26 07:20:31
147.2,0.6,98.4,148.8,0.6,92.4,186.8,60.03,215,0.8,0.1,1363.5,30.5,0.0,0.0,0,77.69001683283699,4889.450410612761,62.93537586860391,25.812,25.125,2025-10-26 07:20:33
148.7,0.6,98.6,151.2,0.6,94.0,188.7,60.02,215,0.9,0.1,1363.5,30.5,0.0,0.0,0,77.69001683283699,5723.310170562224,73.66854074542009,25.812,25.125,2025-10-26 07:20:35
148.7,0.6,98.7,153.1,0.6,94.4,189.3,60.03,215,0.8,0.1,1363.5,30.5,0.0,0.0,0,77.69001683283699,4889.450410612761,62.93537586860391,25.812,25.062,2025-10-26 07:20:38
151.4,0.6,98.7,154.8,0.6,93.4,188.2,60.02,215,0.9,0.1,1363.5,30.5,0.0,0.0,0,77.69001683283699,1705.6222362602653,21.954200884396712,25.812,25.125,2025-10-26 07:20:40
151.7,0.6,98.5,151.4,0.6,94.2,189.0,60.02,214.9,0.9,0.1,1363.5,30.5,0.0,0.0,0,77.69001683283699,1970.9412507896398,25.36929879974731,25.812,25.125,2025-10-26 07:20:42
148.7,0.6,99.5,148.7,0.6,94.0,189.7,60.04,214.9,0.9,0.1,1363.5,30.5,0.0,0.0,0,77.69001683283699,1061.2760581174985,13.6603916614024,25.875,25.125,2025-10-26 07:20:45
145.8,0.7,99.4,148.7,0.6,93.5,189.1,60.04,214.8,0.9,0.1,1363.5,30.5,0.0,0.0,0,77.69001683283699,985.4706253948199,12.684649399873654,25.875,25.125,2025-10-26 07:20:47
147.1,0.7,100.6,151.5,0.6,95.3,192.0,60.03,215,0.8,0.1,1363.5,30.5,0.0,0.0,0,77.69001683283699,1591.9140871762477,20.4905874921036,25.812,25.125,2025-10-26 07:20:50
145.8,0.7,100.3,154.9,0.6,93.6,190.0,60.02,215,0.9,0.1,1363.5,30.5,0.0,0.0,0,77.69001683283699,2653.190145293746,34.15097915350599,25.875,25.125,2025-10-26 07:20:52
148.7,0.6,100.8,154.5,0.6,93.6,190.6,60.02,215,0.9,0.1,1363.5,30.5,0.0,0.0,0,77.69001683283699,4358.812381554011,56.105180037902706,25.875,25.125,2025-10-26 07:20:54
150.1,0.6,100.6,151.3,0.6,95.6,192.0,60.01,214.9,0.8,0.1,1363.5,30.5,0.0,0.0,0,77.69001683283699,5078.963992419457,65.37473152242578,25.875,25.125,2025-10-26 07:20:57
151.4,0.6,100.2,148.8,0.6,94.1,190.4,60.02,214.8,0.9,0.1,1363.5,30.5,0.0,0.0,0,77.69001683283699,5761.212886923563,74.15641187618445,25.875,25.125,2025-10-26 07:20:59
148.6,0.6,101.0,150.2,0.6,94.7,191.7,60.01,214.9,0.9,0.1,1363.5,30.5,0.0,0.0,0,77.69001683283699,5420.088439671509,69.7655716993051,25.875,25.125,2025-10-26 07:21:01
146.2,0.7,101.3,151.6,0.6,95.9,193.5,60.01,214.8,0.9,0.1,1363.5,30.5,0.0,0.0,0,77.69001683283699,985.4706253948199,12.684649399873654,25.875,25.125,2025-10-26 07:21:04
146.4,0.7,102.5,154.4,0.6,95.0,193.5,60.01,214.8,0.8,0.1,1363.5,30.5,0.0,0.0,0,77.69001683283699,795.9570435881238,10.2452937460518,25.875,25.125,2025-10-26 07:21:06
145.8,0.7,101.8,151.8,0.6,95.1,192.4,60.02,214.9,0.9,0.1,1363.5,30.5,0.0,0.0,0,77.69001683283699,1895.1358180669613,24.39355653821857,25.875,25.125,2025-10-26 07:21:09
148.8,0.7,102.5,151.6,0.6,96.5,194.4,60.02,214.9,0.9,0.1,1363.5,30.5,0.0,0.0,0,77.69001683283699,3487.049905243209,44.88414403032217,25.875,25.125,2025-10-26 07:21:11
151.5,0.6,102.6,148.8,0.6,95.1,193.7,60.01,214.8,0.8,0.1,1363.5,30.5,0.0,0.0,0,77.69001683283699,1705.6222362602653,21.954200884396712,25.875,25.125,2025-10-26 07:21:13
151.7,0.6,102.0,151.7,0.6,96.2,194.1,60.03,214.9,0.9,0.1,1363.5,30.5,0.0,0.0,0,77.69001683283699,4434.61781427669,57.08092229943146,25.875,25.125,2025-10-26 07:21:16
148.8,0.7,103.0,151.6,0.6,97.4,195.0,60.01,214.9,0.8,0.1,1363.5,30.5,0.0,0.0,0,77.69001683283699,5647.504737839545,72.69279848389134,25.875,25.125,2025-10-26 07:21:18
145.9,0.7,103.3,154.5,0.6,95.5,194.6,60.03,214.9,0.9,0.1,1363.5,30.5,0.0,0.0,0,77.69001683283699,5685.407454200884,73.1806696146557,25.875,25.125,2025-10-26 07:21:20
145.8,0.7,103.3,151.7,0.6,96.6,195.3,60.02,214.9,0.9,0.1,1363.5,30.5,0.0,0.0,0,77.69001683283699,5571.6993051168665,71.71705622236259,25.875,25.125,2025-10-26 07:21:23
148.6,0.7,103.9,150.8,0.6,97.2,194.8,60.02,214.9,0.9,0.1,1363.5,30.5,0.0,0.0,0,77.69001683283699,2880.6064434617815,37.078205938092225,25.875,25.125,2025-10-26 07:21:25
151.6,0.7,103.6,148.9,0.6,96.1,195.0,60.03,214.9,0.9,0.1,1363.5,30.5,0.0,0.0,0,77.69001683283699,1099.1787744788378,14.148262792166772,25.875,25.125,2025-10-26 07:21:28
150.2,0.7,103.7,151.5,0.6,97.7,197.0,60.03,214.9,0.8,0.1,1363.5,30.5,0.0,0.0,0,77.69001683283699,1326.595072646873,17.075489576752997,25.875,25.125,2025-10-26 07:21:30
148.7,0.7,104.9,153.8,0.6,97.3,197.0,60.03,214.9,0.9,0.1,1363.5,30.5,0.0,0.0,0,77.69001683283699,1326.595072646873,17.075489576752997,25.875,25.125,2025-10-26 07:21:32
145.8,0.7,104.8,153.4,0.6,96.5,197.2,60.04,214.9,0.9,0.1,1363.5,30.5,0.0,0.0,0,77.69001683283699,5382.18572331017,69.27770056854074,25.875,25.187,2025-10-26 07:21:35
148.3,0.7,104.7,151.6,0.6,98.0,197.3,60.03,214.9,0.9,0.1,1363.5,30.5,0.0,0.0,0,77.69001683283699,4775.742261528742,61.471762476310786,25.875,25.125,2025-10-26 07:21:37
148.7,0.7,105.4,148.5,0.6,96.9,197.1,60.05,214.9,0.8,0.1,1363.5,30.5,0.0,0.0,0,77.69001683283699,4207.201516108655,54.153695514845225,25.875,25.187,2025-10-26 07:21:39
151.6,0.7,104.9,151,0.6,96.9,197.8,60.03,215,0.9,0.1,1363.5,30.5,0.0,0.0,0,77.69001683283699,795.9570435881238,10.2452937460518,25.875,25.187,2025-10-26 07:21:42
148.6,0.7,105.4,151.5,0.6,98.1,199.2,60.03,215,0.8,0.1,1363.5,30.5,0.0,0.0,0,77.69001683283699,758.0543272267845,9.757422615287426,25.875,25.187,2025-10-26 07:21:44
148.8,0.7,106.1,154.6,0.6,96.7,198.8,60.02,215,0.9,0.1,1363.5,30.5,0.0,0.0,0,77.69001683283699,1326.595072646873,17.075489576752997,25.875,25.187,2025-10-26 07:21:46
145.6,0.7,105.7,151.4,0.6,97.6,198.8,60.03,214.9,0.9,0.1,1363.5,30.5,0.0,0.0,0,77.69001683283699,4965.255843335439,63.91111813013265,25.875,25.187,2025-10-26 07:21:49
148.6,0.7,106.5,151.5,0.6,98.7,199.7,60.02,214.9,0.9,0.1,1363.5,30.5,0.0,0.0,0,77.69001683283699,4093.493367024637,52.69008212255211,25.875,25.187,2025-10-26 07:21:51
149.6,0.7,106.8,148.7,0.6,97.0,198.5,60.02,214.9,0.9,0.1,1363.5,30.5,0.0,0.0,0,77.69001683283699,5647.504737839545,72.69279848389134,25.875,25.187,2025-10-26 07:21:54
151.7,0.7,106.4,151.7,0.6,98.3,200.6,60.03,214.9,0.9,0.1,1363.5,30.5,0.0,0.0,0,77.69001683283699,5457.991156032849,70.25344283006949,25.875,25.187,2025-10-26 07:21:56
148.7,0.7,107.4,152.4,0.6,98.9,201.6,60.03,215,0.9,0.1,1363.5,30.5,0.0,0.0,0,77.69001683283699,2842.703727100442,36.59033480732785,25.875,25.187,2025-10-26 07:21:58
146.7,0.7,107.3,154.6,0.6,97.4,200.2,60.03,215,0.9,0.1,1363.5,30.5,0.0,0.0,0,77.69001683283699,947.5679090334806,12.196778269109284,25.875,25.25,2025-10-26 07:22:01
147.2,0.7,108.0,151.6,0.6,99.2,201.7,60.01,215,1,0.1,1363.5,30.5,0.0,0.0,0,77.69001683283699,1061.2760581174985,13.6603916614024,25.875,25.187,2025-10-26 07:22:03
145.7,0.7,107.3,149.4,0.6,98.9,200.8,60.01,214.9,0.9,0.1,1363.5,30.5,0.0,0.0,0,77.69001683283699,795.9570435881238,10.2452937460518,25.812,25.25,2025-10-26 07:22:05
148.9,0.7,107.7,148.7,0.6,97.8,200.3,60.01,214.9,0.9,0.1,1363.5,30.5,0.0,0.0,0,77.69001683283699,909.6651926721415,11.708907138344914,25.875,25.187,2025-10-26 07:22:08
145.6,0.7,107.4,151.4,0.6,99.4,202.5,60,215.1,1,0.1,1363.5,30.6,0.0,0.0,0,77.69001683283699,3752.3689197725835,48.29924194567276,25.875,25.187,2025-10-26 07:22:10
148.8,0.7,108.3,154.6,0.6,98.6,202.5,60.01,214.9,0.9,0.1,1363.5,30.6,0.0,0.0,0,77.69001683283699,2084.649399873658,26.83291219204043,25.812,25.187,2025-10-26 07:22:13
151.6,0.7,107.7,154.6,0.6,98.0,201.7,60.01,215.2,0.9,0.1,1363.5,30.6,0.0,0.0,0,77.69001683283699,3449.14718888187,44.3962728995578,25.875,25.187,2025-10-26 07:22:15
151.5,0.7,107.5,151.5,0.6,99.7,203.2,60.02,215,0.9,0.1,1363.5,30.6,0.0,0.0,0,77.69001683283699,5457.991156032849,70.25344283006949,25.812,25.187,2025-10-26 07:22:17
148.7,0.7,108.6,148.7,0.6,98.4,202.0,60.02,215.1,0.9,0.1,1363.5,30.6,0.0,0.0,0,77.69001683283699,5382.18572331017,69.27770056854074,25.812,25.187,2025-10-26 07:22:20
145.8,0.7,108.0,149.7,0.6,98.6,201.1,60.02,215,0.9,0.1,1363.5,30.6,0.0,0.0,0,77.69001683283699,4245.104232469994,54.6415666456096,25.812,25.187,2025-10-26 07:22:22
147.6,0.7,108.4,151.6,0.6,100.5,203.6,60.02,215,0.9,0.1,1363.5,30.6,0.0,0.0,0,77.69001683283699,2198.3575489576756,28.296525584333544,25.812,25.25,2025-10-26 07:22:24
149.3,0.7,109.2,154.6,0.6,98.8,203.5,60.02,214.8,0.9,0.1,1363.5,30.6,0.0,0.0,0,77.69001683283699,1212.8869235628554,15.611876184459884,25.812,25.25,2025-10-26 07:22:27
151.7,0.7,108.4,152.8,0.6,98.7,203.0,59.99,214.8,0.9,0.1,1363.5,30.6,0.0,0.0,0,77.69001683283699,795.9570435881238,10.2452937460518,25.812,25.25,2025-10-26 07:22:29
148.5,0.7,108.7,151.7,0.6,100.4,205.2,60,215,0.9,0.1,1363.5,30.6,0.0,0.0,0,77.69001683283699,1554.0113708149083,20.002716361339225,25.812,25.25,2025-10-26 07:22:32
146.7,0.7,109.3,148.7,0.6,98.8,202.7,60,215.1,0.9,0.1,1363.5,30.6,0.0,0.0,0,77.69001683283699,2577.3847125710677,33.17523689197726,25.812,25.25,2025-10-26 07:22:34
145.7,0.7,108.9,151.6,0.6,99.4,203.1,59.99,215.1,0.9,0.1,1363.5,30.6,0.0,0.0,0,77.69001683283699,2766.8982943777637,35.61459254579911,25.812,25.25,2025-10-26 07:22:36
148.7,0.7,109.4,151.5,0.6,100.0,205.0,60,215,0.9,0.1,1363.5,30.6,0.0,0.0,0,77.69001683283699,3752.3689197725835,48.29924194567276,25.812,25.25,2025-10-26 07:22:39
152,0.7,109.2,154.6,0.6,98.7,204.0,60.02,215,0.9,0.1,1363.5,30.6,0.0,0.0,0,77.69001683283699,5382.18572331017,69.27770056854074,25.75,25.25,2025-10-26 07:22:41
151.7,0.7,109.0,151.8,0.6,99.4,204.1,60.01,215,1,0.1,1363.5,30.6,0.0,0.0,0,77.69001683283699,5495.893872394188,70.74131396083385,25.812,25.25,2025-10-26 07:22:43
148.7,0.7,109.9,151,0.6,100.3,203.9,60.01,215,0.9,0.1,1363.5,30.6,0.0,0.0,0,77.69001683283699,5382.18572331017,69.27770056854074,25.75,25.25,2025-10-26 07:22:46
145.6,0.7,109.4,148.7,0.6,98.8,202.5,59.99,215.2,0.9,0.1,1363.5,30.6,0.0,0.0,0,77.69001683283699,5382.18572331017,69.27770056854074,25.75,25.25,2025-10-26 07:22:48
146,0.7,109.8,151.7,0.6,100.2,204.9,59.98,215.1,0.9,0.1,1363.5,30.6,0.0,0.0,0,77.69001683283699,5571.6993051168665,71.71705622236259,25.75,25.25,2025-10-26 07:22:50
148.7,0.7,110.1,153.1,0.6,100.2,206.1,59.97,215.2,0.8,0.1,1363.5,30.6,0.0,0.0,0,77.69001683283699,5268.477574226153,67.81408717624763,25.75,25.25,2025-10-26 07:22:53
151.7,0.7,109.1,154,0.6,98.4,203.8,59.97,215.1,0.9,0.1,1363.5,30.6,0.0,0.0,0,77.69001683283699,5685.407454200884,73.1806696146557,25.75,25.312,2025-10-26 07:22:55
149.7,0.7,109.1,151.5,0.6,100.0,205.0,59.98,215.2,0.9,0.1,1363.5,30.6,0.0,0.0,0,77.69001683283699,4472.5205306380285,57.56879343019582,25.75,25.25,2025-10-26 07:22:58
148.6,0.7,109.5,148.7,0.6,99.3,204.4,59.99,215.1,0.9,0.1,1363.5,30.6,0.0,0.0,0,77.69001683283699,4586.228679722047,59.03240682248894,25.75,25.312,2025-10-26 07:23:00
145.4,0.7,109.5,150.6,0.6,99.1,203.6,60.01,215.1,1,0.1,1363.5,30.6,0.0,0.0,0,77.69001683283699,3979.785217940619,51.22646873025899,25.75,25.25,2025-10-26 07:23:02
148.7,0.7,109.7,151.6,0.6,100.4,205.5,59.98,215,0.9,0.1,1363.5,30.6,0.0,0.0,0,77.69001683283699,3259.6336070751736,41.95691724573594,25.75,25.25,2025-10-26 07:23:05
148.7,0.7,110.2,154.7,0.6,99.0,205.1,60,215.1,0.9,0.1,1363.5,30.6,0.0,0.0,0,77.69001683283699,3297.5363234365127,42.444788376500306,25.75,25.25,2025-10-26 07:23:07
151.8,0.7,109.5,151.2,0.6,99.2,204.4,59.98,215,0.9,0.1,1363.5,30.6,0.0,0.0,0,77.69001683283699,2160.454832596336,27.80865445356917,25.75,25.25,2025-10-26 07:23:09
148.7,0.7,110.6,151.7,0.6,100.1,205.6,59.98,215.1,0.9,0.1,1363.5,30.6,0.0,0.0,0,77.69001683283699,1781.427668982944,22.929943145925456,25.75,25.25,2025-10-26 07:23:12
148.3,0.7,110.1,148.8,0.6,98.6,203.5,59.97,215.1,0.9,0.1,1363.5,30.6,0.0,0.0,0,77.69001683283699,1667.7195198989261,21.46632975363234,25.75,25.25,2025-10-26 07:23:14
145.7,0.7,109.5,151.3,0.6,99.7,204.6,59.98,215,0.9,0.1,1363.5,30.6,0.0,0.0,0,77.69001683283699,1554.0113708149083,20.002716361339225,25.75,25.312,2025-10-26 07:23:17
148.7,0.7,110.4,151.7,0.6,99.7,204.9,59.97,214.8,0.9,0.1,1363.5,30.6,0.0,0.0,0,77.69001683283699,1743.5249526216046,22.442072015161084,25.812,25.25,2025-10-26 07:23:19
150.1,0.7,110.2,154.6,0.6,98.1,203.4,59.98,214.9,0.9,0.1,1363.5,30.6,0.0,0.0,0,77.69001683283699,1440.3032217308908,18.539102969046112,25.812,25.25,2025-10-26 07:23:21
151.7,0.7,109.1,151.6,0.6,99.3,203.8,59.99,214.9,0.9,0.1,1363.5,30.6,0.0,0.0,0,77.69001683283699,1061.2760581174985,13.6603916614024,25.812,25.25,2025-10-26 07:23:24
148.7,0.7,110.1,149.7,0.6,99.4,204.7,59.98,214.8,0.9,0.1,1363.5,30.6,0.0,0.0,0,77.69001683283699,947.5679090334806,12.196778269109284,25.75,25.25,2025-10-26 07:23:26
146.2,0.7,110.0,148.6,0.6,97.7,202.7,60,214.9,0.9,0.1,1363.5,30.6,0.0,0.0,0,77.69001683283699,1174.984207201516,15.124005053695512,25.812,25.25,2025-10-26 07:23:28
145.7,0.7,109.6,151.6,0.6,99.2,204.6,60,215,0.9,0.1,1363.5,30.6,0.0,0.0,0,77.69001683283699,1174.984207201516,15.124005053695512,25.75,25.25,2025-10-26 07:23:31
148.6,0.7,110.3,154.5,0.6,98.8,204.8,60,215,1,0.1,1363.5,30.6,0.0,0.0,0,77.69001683283699,1364.4977890082123,17.563360707517372,25.75,25.25,2025-10-26 07:23:33
151.7,0.7,109.2,154.6,0.6,97.5,202.7,60,215,0.9,0.1,1363.5,30.6,0.0,0.0,0,77.69001683283699,1326.595072646873,17.075489576752997,25.75,25.187,2025-10-26 07:23:36
151.5,0.7,109.2,151.5,0.6,99.0,203.6,60.01,215.1,0.9,0.1,1363.5,30.6,0.0,0.0,0,77.69001683283699,4245.104232469994,54.6415666456096,25.75,25.25,2025-10-26 07:23:38
148.8,0.7,110.0,148.7,0.6,97.9,202.5,60.02,214.9,0.9,0.1,1363.5,30.6,0.0,0.0,0,77.69001683283699,5420.088439671509,69.7655716993051,25.75,25.25,2025-10-26 07:23:40
145.6,0.7,109.5,148.7,0.6,97.6,201.6,60.02,215.1,0.9,0.1,1363.5,30.6,0.0,0.0,0,77.69001683283699,5457.991156032849,70.25344283006949,25.75,25.187,2025-10-26 07:23:43
146.8,0.7,109.2,151.5,0.6,98.8,203.8,60.01,215,0.9,0.1,1363.5,30.6,0.0,0.0,0,77.69001683283699,5495.893872394188,70.74131396083385,25.687,25.187,2025-10-26 07:23:45
149,0.7,110.0,154.5,0.6,96.6,202.5,60.03,215.1,0.9,0.1,1363.5,30.6,0.0,0.0,0,77.69001683283699,1629.8168035375868,20.97845862286797,25.75,25.187,2025-10-26 07:23:47
151.8,0.7,109.1,153.4,0.6,97.0,202.4,60,214.9,0.9,0.1,1363.5,30.6,0.0,0.0,0,77.69001683283699,3638.660770688566,46.83562855337966,25.812,25.187,2025-10-26 07:23:50
149.3,0.7,109.3,151.7,0.6,98.2,204.1,60,215.1,0.9,0.1,1363.5,30.6,0.0,0.0,0,77.69001683283699,2198.3575489576756,28.296525584333544,25.75,25.125,2025-10-26 07:23:52
147.4,0.7,109.0,148.7,0.6,97.0,201.3,60,214.9,0.9,0.1,1363.5,30.6,0.0,0.0,0,77.69001683283699,833.8597599494631,10.73316487681617,25.75,25.187,2025-10-26 07:23:54
145.7,0.7,108.7,151.3,0.6,97.2,201.7,60,215,0.9,0.1,1363.5,30.6,0.0,0.0,0,77.69001683283699,871.7624763108023,11.221036007580542,25.75,25.125,2025-10-26 07:23:57
148.8,0.7,109.1,151.6,0.6,98.0,203.4,60,215.1,0.9,0.1,1363.5,30.6,0.0,0.0,0,77.69001683283699,871.7624763108023,11.221036007580542,25.75,25.125,2025-10-26 07:23:59
151.4,0.7,108.9,154.6,0.6,96.3,201.2,59.97,215,0.9,0.1,1363.5,30.6,0.0,0.0,0,77.69001683283699,644.3461781427669,8.293809222994314,25.75,25.125,2025-10-26 07:24:02
151.7,0.7,108.5,151,0.6,96.6,201.2,59.96,215,0.9,0.1,1363.5,30.6,0.0,0.0,0,77.69001683283699,2122.552116234997,27.3207833228048,25.75,25.125,2025-10-26 07:24:04
148.8,0.7,109.1,151.6,0.6,97.6,201.3,59.97,214.9,0.9,0.1,1363.5,30.6,0.0,0.0,0,77.69001683283699,758.0543272267845,9.757422615287426,25.75,25.125,2025-10-26 07:24:06
145.7,0.7,108.6,148.7,0.6,96.3,200.1,59.98,215.1,0.9,0.1,1363.5,30.6,0.0,0.0,0,77.69001683283699,833.8597599494631,10.73316487681617,25.75,25.062,2025-10-26 07:24:09
145.7,0.7,108.5,151.6,0.6,97.6,201.6,59.98,215,0.9,0.1,1363.5,30.6,0.0,0.0,0,77.69001683283699,985.4706253948199,12.684649399873654,25.75,25.062,2025-10-26 07:24:11
148.7,0.7,108.7,152.3,0.6,97.7,200.5,59.98,214.8,0.9,0.1,1363.5,30.6,0.0,0.0,0,77.69001683283699,1212.8869235628554,15.611876184459884,25.75,25.062,2025-10-26 07:24:13
151.7,0.7,107.8,154.5,0.6,95.8,199.4,60,214.9,0.9,0.1,1363.5,30.6,0.0,0.0,0,77.69001683283699,1250.7896399241945,16.099747315224256,25.75,25.062,2025-10-26 07:24:16
150.3,0.7,107.7,151.4,0.6,96.6,200.4,60.01,214.8,0.9,0.1,1363.5,30.6,0.0,0.0,0,77.69001683283699,1516.108654453569,19.514845230574853,25.75,25.062,2025-10-26 07:24:18
148.7,0.7,108.8,149.4,0.6,96.5,199.7,59.99,214.9,0.9,0.1,1363.5,30.6,0.0,0.0,0,77.69001683283699,3524.9526216045483,45.37201516108654,25.75,25.062,2025-10-26 07:24:21
145.7,0.7,108.1,150.1,0.6,95.3,198.9,60,214.9,0.9,0.1,1363.5,30.6,0.0,0.0,0,77.69001683283699,1440.3032217308908,18.539102969046112,25.75,25.062,2025-10-26 07:24:23
148.2,0.7,108.3,151.6,0.6,96.6,200.3,59.98,214.9,0.9,0.1,1363.5,30.6,0.0,0.0,0,77.69001683283699,3903.9797852179404,50.25072646873025,85.0,25.062,2025-10-26 07:24:25
148.7,0.7,108.2,151.6,0.6,96.5,200.1,59.99,214.7,0.9,0.1,1363.5,30.6,0.0,0.0,0,77.69001683283699,5382.18572331017,69.27770056854074,25.875,25.0,2025-10-26 07:24:33
151.7,0.7,106.8,148.6,0.6,94.4,197.2,60.03,214.8,0.9,0.1,1363.5,30.6,0.0,0.0,0,77.69001683283699,720.1516108654454,9.269551484523056,25.75,25.0,2025-10-26 07:24:48
145.7,0.7,106.6,148.7,0.6,93.6,196.0,60.04,214.9,0.9,0.1,1363.5,30.6,0.0,0.0,0,77.69001683283699,5306.380290587492,68.30195830701199,25.625,25.0,2025-10-26 07:25:03
147.8,0.7,106.6,150.9,0.6,94.2,197.0,60.01,214.9,0.9,0.1,1363.5,30.6,0.0,0.0,0,77.69001683283699,1554.0113708149083,20.002716361339225,24.437,25.0,2025-10-26 07:25:18
148.6,0.7,107.1,151.6,0.6,93.8,196.7,60.02,214.9,0.9,0.1,1363.5,30.6,0.0,0.0,0,77.69001683283699,871.7624763108023,11.221036007580542,25.75,25.0,2025-10-26 07:25:33
151.5,0.7,106.7,154.6,0.6,92.6,195.5,59.98,214.9,0.9,0.1,1363.5,30.6,0.0,0.0,0,77.69001683283699,1516.108654453569,19.514845230574853,25.75,25.0,2025-10-26 07:25:48
151.6,0.7,106.8,154.7,0.5,91.4,194.5,60.02,214.7,0.9,0.1,1363.5,30.6,0.1,0.0,0,77.69001683283699,4927.3531269741,63.42324699936828,25.562,25.0,2025-10-26 07:26:03
151.1,0.7,107.5,154.4,0.6,90.7,194.5,60.02,215,0.9,0.1,1363.5,30.7,0.1,0.0,0,77.69001683283699,2539.4819962097285,32.68736576121289,25.75,25.062,2025-10-26 07:26:18
148.5,0.7,108.9,151.5,0.6,93.5,198.4,60.03,215,0.9,0.1,1363.5,30.7,0.1,0.0,0,77.69001683283699,5420.088439671509,69.7655716993051,25.625,25.062,2025-10-26 07:26:33
149.9,0.7,109.0,148.7,0.6,93.8,198.9,60.02,215.2,0.9,0.1,1363.5,30.7,0.1,0.0,0,77.69001683283699,2122.552116234997,27.3207833228048,25.75,25.062,2025-10-26 07:26:48
148.6,0.7,110.7,151.3,0.6,93.6,201.0,60.01,215.1,0.9,0.1,1363.5,30.7,0.1,0.0,0,77.69001683283699,4472.5205306380285,57.56879343019582,25.75,25.062,2025-10-26 07:27:03
148.6,0.7,112.4,154.8,0.5,92.9,201.4,60.03,215.3,0.9,0.1,1363.5,30.7,0.1,0.0,0,77.69001683283699,5495.893872394188,70.74131396083385,25.687,25.062,2025-10-26 07:27:18
145.7,0.7,112.5,145.7,0.6,92.9,200.5,60.03,215.3,0.9,0.1,1363.5,30.7,0.1,0.0,0,77.69001683283699,4358.812381554011,56.105180037902706,25.75,25.062,2025-10-26 07:27:33
148.4,0.7,114.4,148.6,0.6,94.2,203.5,60.06,215.3,0.9,0.1,1363.5,30.7,0.1,0.0,0,77.69001683283699,2349.968414403032,30.248010107391025,25.312,25.062,2025-10-26 07:27:48
146,0.7,114.0,154.6,0.5,93.2,203.5,60.04,215.1,1,0.1,1363.5,30.7,0.1,0.0,0,77.69001683283699,2425.7738471257107,31.22375236891977,25.812,25.062,2025-10-26 07:28:03
145.7,0.7,114.0,148.7,0.6,93.0,202.6,60.02,215,1,0.1,1363.5,30.8,0.1,0.0,0,77.69001683283699,1250.7896399241945,16.099747315224256,25.812,25.125,2025-10-26 07:28:18
146.6,0.7,114.3,151.2,0.6,91.9,202.1,59.99,215.1,0.9,0.1,1363.5,30.8,0.1,0.0,0,77.69001683283699,2198.3575489576756,28.296525584333544,25.812,25.125,2025-10-26 07:28:33
148.6,0.7,114.4,151.6,0.6,92.0,202.5,60.01,215.1,0.9,0.1,1363.5,30.8,0.1,0.0,0,77.69001683283699,1174.984207201516,15.124005053695512,25.812,25.125,2025-10-26 07:28:48
150.3,0.7,113.9,149.5,0.6,91.7,201.7,60,215.1,0.9,0.1,1363.5,30.8,0.1,0.0,0,77.69001683283699,2463.67656348705,31.71162349968414,25.812,25.125,2025-10-26 07:29:03
151.7,0.7,112.8,148.7,0.6,91.0,199.9,59.98,215.1,0.9,0.1,1363.5,30.8,0.1,0.0,0,77.69001683283699,2236.2602653190143,28.78439671509791,25.875,25.187,2025-10-26 07:29:18
151.8,0.7,113.1,148.7,0.6,90.9,200.3,60,215.1,0.9,0.1,1363.5,30.8,0.1,0.0,0,77.69001683283699,5457.991156032849,70.25344283006949,25.875,25.187,2025-10-26 07:29:33
148.7,0.7,114.1,151.5,0.6,91.8,201.9,59.98,215,0.9,0.1,1363.5,30.9,0.1,0.0,0,77.69001683283699,4662.034112444725,60.00814908401768,25.875,25.25,2025-10-26 07:29:48
151.7,0.7,113.8,148.6,0.6,92.2,202.0,59.99,215.1,0.9,0.1,1363.5,30.9,0.1,0.0,0,77.69001683283699,1137.0814908401767,14.636133922931139,25.875,25.25,2025-10-26 07:30:03
148.9,0.7,115.6,151.6,0.6,93.4,204.3,60.02,215,0.9,0.1,1363.5,30.9,0.1,0.0,0,77.69001683283699,4624.131396083386,59.520277953253306,25.875,25.25,2025-10-26 07:30:18
148.7,0.8,117.3,151.6,0.6,94.8,207.3,60.02,214.8,0.9,0.1,1363.5,30.9,0.1,0.0,0,77.69001683283699,4586.228679722047,59.03240682248894,25.875,25.187,2025-10-26 07:30:33
145.5,0.8,118.1,155.1,0.6,94.1,207.7,60.02,214.8,0.9,0.1,1363.5,30.9,0.1,0.0,0,77.69001683283699,5041.061276058118,64.8868603916614,25.812,25.187,2025-10-26 07:30:48
145.7,0.8,119.6,154.6,0.6,94.6,210.1,59.98,214.9,0.9,0.1,1363.5,30.9,0.1,0.0,0,77.69001683283699,3373.3417561591914,43.42053063802906,25.812,25.125,2025-10-26 07:31:03
147.3,0.8,121.7,150.2,0.6,97.6,214.4,59.98,215,1,0.2,1363.6,30.9,0.1,0.0,0,116.53502524925548,3638.660770688566,31.22375236891977,25.812,25.125,2025-10-26 07:31:18
148.7,0.8,123.8,151.6,0.6,99.0,217.4,60,215,1,0.2,1363.6,30.9,0.1,0.0,0,116.53502524925548,1629.8168035375868,13.98563908191198,25.75,25.125,2025-10-26 07:31:33
151.1,0.8,125.0,154.1,0.6,99.6,219.6,60.01,215,1,0.2,1363.6,30.9,0.1,0.0,0,116.53502524925548,4737.839545167403,40.65592756369761,25.625,25.062,2025-10-26 07:31:48
151.5,0.8,125.5,148.7,0.6,100.7,220.9,60.01,214.9,1,0.2,1363.6,30.9,0.1,0.0,0,116.53502524925548,4358.812381554011,37.40345335860181,25.562,25.0,2025-10-26 07:32:03
151.7,0.8,126.7,149,0.6,101.5,222.4,60.03,214.9,1,0.2,1363.6,31,0.1,0.0,0,116.53502524925548,2653.190145293746,22.767319435670665,25.5,24.937,2025-10-26 07:32:18
146.2,0.8,128.6,148.8,0.7,102.5,224.3,60.03,214.9,1,0.2,1363.6,31,0.1,0.0,0,116.53502524925548,682.2488945041061,5.854453569172457,25.5,24.937,2025-10-26 07:32:33
147.5,0.9,131.7,150,0.7,103.7,227.7,60,215,1,0.2,1363.6,31,0.1,0.0,0,116.53502524925548,3828.1743524952617,32.84998947146767,25.5,24.875,2025-10-26 07:32:48
147.3,0.9,134.3,148.7,0.7,105.5,231.4,60,215,1,0.2,1363.6,31,0.1,0.0,0,116.53502524925548,5457.991156032849,46.83562855337966,25.5,24.875,2025-10-26 07:33:03
150.5,0.9,136.3,151.7,0.7,106.5,234.9,60.02,215,1,0.2,1363.6,31.1,0.1,0.0,0,116.53502524925548,3676.563487049905,31.548999789429345,25.562,24.937,2025-10-26 07:33:18
147.3,0.9,140.3,148.7,0.7,107.8,238.2,60,215.1,1.1,0.2,1363.6,31.1,0.1,0.0,0,116.53502524925548,795.9570435881238,6.8301958307012,25.562,24.937,2025-10-26 07:33:33
146.4,0.9,140.2,147.6,0.7,109.1,242.8,60.01,215.4,1.1,0.2,1363.6,31.1,0.1,0.0,0,116.53502524925548,2728.9955780164246,23.41781427668983,25.562,24.937,2025-10-26 07:33:48
144.4,1,142.8,153.9,0.7,109.8,243.2,60.06,215.2,1.1,0.2,1363.6,31.1,0.1,0.0,0,116.53502524925548,5382.18572331017,46.18513371236049,25.5,25.0,2025-10-26 07:34:03
144.4,1,146.4,145.8,0.7,112.1,248.0,60.04,215.1,1.1,0.2,1363.6,31.1,0.1,0.0,0,116.53502524925548,1781.427668982944,15.286628763950304,25.5,25.062,2025-10-26 07:34:18
147.1,1,148.6,148.5,0.7,115.2,253.1,60.02,215.1,1.1,0.2,1363.6,31.1,0.1,0.0,0,116.53502524925548,3335.4390397978523,28.621773004843124,25.5,25.062,2025-10-26 07:34:33
146.5,1,149.7,150.3,0.7,118.1,256.6,60.04,215,1.2,0.2,1363.6,31.2,0.1,0.0,0,116.53502524925548,5382.18572331017,46.18513371236049,25.562,25.125,2025-10-26 07:34:48
147.3,1,150.2,151.1,0.8,119.5,258.6,60.04,215.1,1.1,0.2,1363.6,31.2,0.1,0.1,0,116.53502524925548,2766.8982943777637,23.74306169719941,25.562,25.125,2025-10-26 07:35:03
145.2,1,149.9,150.5,0.8,121.7,260.5,60.03,215.1,1.1,0.2,1363.6,31.2,0.1,0.1,0,116.53502524925548,4320.909665192672,37.078205938092225,25.562,25.125,2025-10-26 07:35:18
147.1,1,150.7,151.5,0.8,124.1,262.3,60.01,215.1,1.2,0.2,1363.6,31.2,0.1,0.1,0,116.53502524925548,795.9570435881238,6.8301958307012,25.562,25.125,2025-10-26 07:35:33
147.1,1,150.7,154.5,0.8,123.8,263.7,60.01,215.1,1.1,0.2,1363.6,31.2,0.1,0.1,0,116.53502524925548,1250.7896399241945,10.73316487681617,25.562,25.125,2025-10-26 07:35:48
144.2,1,148.7,151.6,0.8,127.7,264.3,60.02,215.2,1.2,0.2,1363.6,31.2,0.1,0.1,0,116.53502524925548,4055.5906506632973,34.80147399452516,25.562,25.187,2025-10-26 07:36:03
152.7,0.9,151.1,145.7,0.8,126.8,265.3,60.02,215.3,1.2,0.2,1363.6,31.2,0.1,0.1,0,116.53502524925548,1629.8168035375868,13.98563908191198,25.625,25.187,2025-10-26 07:36:18
147.4,1,152.2,150.1,0.8,131.2,271.8,59.99,215.3,1.2,0.2,1363.6,31.3,0.1,0.1,0,116.53502524925548,4093.493367024637,35.126721415034744,24.75,25.25,2025-10-26 07:36:33
153.4,1,152.6,150.1,0.8,133.4,274.3,60.03,215.2,1.2,0.2,1363.6,31.3,0.1,0.1,0,116.53502524925548,1819.330385344283,15.611876184459884,25.625,25.25,2025-10-26 07:36:48
149.2,1,154.3,147,0.9,133.3,275.8,59.96,215.3,1.3,0.2,1363.6,31.3,0.1,0.1,0,116.53502524925548,4927.3531269741,42.28216466624552,25.625,25.312,2025-10-26 07:37:03
147.2,1,156.6,155.1,0.8,134.3,279.9,59.98,215.4,1.3,0.2,1363.6,31.3,0.1,0.1,0,155.38003366567398,2008.843967150979,12.928584965255842,25.687,25.312,2025-10-26 07:37:18
153.2,1,157.4,154.6,0.9,137.8,285.0,59.97,215.4,1.3,0.2,1363.6,31.3,0.1,0.1,0,116.53502524925548,2880.6064434617815,24.718803958728152,25.687,25.375,2025-10-26 07:37:33
147.1,1.1,162.0,145.7,0.9,139.9,288.2,59.99,215.4,1.3,0.2,1363.6,31.4,0.1,0.1,0,155.38003366567398,4017.687934301958,25.857169930511684,25.812,25.437,2025-10-26 07:37:48
150.2,1.1,165.4,154.6,0.9,144.9,296.3,60.01,215.4,1.3,0.2,1363.6,31.4,0.1,0.1,0,155.38003366567398,1781.427668982944,11.464971572962728,25.875,25.5,2025-10-26 07:38:03
150.3,1.1,169.3,148.7,1,148.3,301.1,59.97,215.4,1.4,0.2,1363.6,31.4,0.1,0.1,0,155.38003366567398,4851.5476942514215,31.22375236891977,25.812,25.5,2025-10-26 07:38:18
148.8,1.1,174.2,151.6,1,152.6,310.6,60.01,215.4,1.4,0.2,1363.6,31.5,0.1,0.1,0,155.38003366567398,5495.893872394188,35.370656980416925,25.812,25.5,2025-10-26 07:38:33
150,1.2,176.8,150.4,1,155.8,316.2,60.03,215.1,1.4,0.2,1363.6,31.5,0.1,0.1,0,155.38003366567398,1326.595072646873,8.537744788376498,25.875,25.562,2025-10-26 07:38:48
147.1,1.2,182.0,148.7,1,158.2,320.5,60.02,215.2,1.4,0.2,1363.6,31.5,0.1,0.1,0,155.38003366567398,5647.504737839545,36.34639924194567,25.937,25.562,2025-10-26 07:39:03
150.4,1.2,186.7,148.8,1,159.9,327.8,60.01,215.2,1.5,0.2,1363.6,31.5,0.1,0.1,0,155.38003366567398,3108.0227416298167,20.002716361339225,26.0,25.625,2025-10-26 07:39:18
147.1,1.3,190.0,151.5,1.1,165.2,335.4,60.03,215.2,1.5,0.2,1363.6,31.5,0.1,0.1,0,155.38003366567398,1288.6923562855338,8.293809222994314,26.062,25.687,2025-10-26 07:39:33
150.2,1.3,194.6,151.5,1.1,168.1,342.0,59.99,215.1,1.6,0.2,1363.6,31.5,0.1,0.1,0,155.38003366567398,5078.963992419457,32.68736576121289,26.125,25.687,2025-10-26 07:39:48
150.2,1.3,198.3,153.5,1.1,170.2,347.9,59.99,215.2,1.6,0.2,1363.6,31.5,0.1,0.1,0,155.38003366567398,4017.687934301958,25.857169930511684,26.187,25.625,2025-10-26 07:40:03
152.7,1.3,200.4,154.6,1.1,172.1,352.9,60.03,215.3,1.6,0.2,1363.6,31.5,0.1,0.1,0,155.38003366567398,1895.1358180669613,12.196778269109284,26.25,25.625,2025-10-26 07:40:18
153,1.3,202.4,154.5,1.1,175.2,357.3,60.02,215.2,1.6,0.2,1363.6,31.5,0.1,0.1,0,194.22504208209244,5306.380290587492,27.3207833228048,26.187,25.625,2025-10-26 07:40:33
153,1.4,206.0,154.8,1.1,177.9,362.8,60,214.8,1.7,0.2,1363.6,31.6,0.1,0.1,0,194.22504208209244,4434.61781427669,22.832368919772588,26.187,25.687,2025-10-26 07:40:48
150.2,1.4,212.3,148.7,1.2,178.3,367.2,59.96,214.8,1.7,0.2,1363.6,31.6,0.1,0.1,0,194.22504208209244,4207.201516108655,21.661478205938096,26.312,25.75,2025-10-26 07:41:03
150.2,1.4,216.1,150.1,1.2,181.5,374.6,59.97,214.8,1.7,0.2,1363.6,31.6,0.1,0.1,0,194.22504208209244,5192.672141503474,26.735337965887556,26.312,25.687,2025-10-26 07:41:18
147,1.5,218.2,151.2,1.2,187.4,380.9,59.99,214.8,1.8,0.2,1363.6,31.6,0.1,0.1,0,194.22504208209244,1440.3032217308908,7.415641187618447,26.375,25.687,2025-10-26 07:41:33
147.1,1.5,221.2,151.5,1.2,191.2,387.9,60.01,215.7,1.8,0.2,1363.6,31.7,0.1,0.1,0,194.22504208209244,1516.108654453569,7.805938092229942,26.312,25.625,2025-10-26 07:41:48
150.1,1.5,226.4,151.6,1.2,193.2,395.5,60.02,214.9,1.8,0.2,1363.6,31.7,0.1,0.1,0,194.22504208209244,1591.9140871762477,8.19623499684144,26.375,25.625,2025-10-26 07:42:03
150.2,1.5,230.5,153.2,1.3,197.3,403.8,60.04,214.9,1.8,0.2,1363.6,31.7,0.1,0.1,0,194.22504208209244,3487.049905243209,17.953657612128872,26.437,25.687,2025-10-26 07:42:18
152.4,1.5,235.1,154.1,1.3,202.0,410.8,60.04,215,1.9,0.2,1363.6,31.7,0.1,0.1,0,194.22504208209244,5268.477574226153,27.125634870499052,26.375,25.687,2025-10-26 07:42:33
153.1,1.5,238.1,154.6,1.3,207.2,418.9,60.05,214.9,1.9,0.2,1363.6,31.7,0.1,0.1,0,194.22504208209244,795.9570435881238,4.09811749842072,26.375,25.687,2025-10-26 07:42:48
152.9,1.6,243.1,157.6,1.3,208.0,426.1,60.05,215,2,0.2,1363.6,31.7,0.1,0.1,0,194.22504208209244,4965.255843335439,25.564447252053064,26.375,25.75,2025-10-26 07:43:03
149.9,1.7,250.1,154.6,1.4,215.3,438.0,60.04,215.1,1.9,0.2,1363.6,31.7,0.1,0.1,0,194.22504208209244,5457.991156032849,28.101377132027796,26.437,25.75,2025-10-26 07:43:18
148,1.7,251.0,151.7,1.4,216.3,438.3,60.05,215.1,2,0.2,1363.6,31.8,0.1,0.1,0,194.22504208209244,947.5679090334806,4.878711307643714,26.375,25.75,2025-10-26 07:43:33
151.7,1.6,259.1,154.6,1.4,221.6,452.3,60.04,215.1,2.1,0.2,1363.6,31.8,0.1,0.1,0,233.07005049851097,1326.595072646873,5.691829858917666,25.625,25.687,2025-10-26 07:43:48
153.1,1.8,260.7,157.5,1.4,221.7,454.4,60.06,215.1,2.1,0.2,1363.6,31.8,0.1,0.1,0,233.07005049851097,2956.4118761844597,12.684649399873656,25.937,25.687,2025-10-26 07:44:03
150.2,1.8,268.3,154.7,1.4,226.5,464.4,60.05,215.2,2.1,0.2,1363.6,31.9,0.1,0.1,0,233.07005049851097,3714.466203411244,15.937123604969463,26.437,25.75,2025-10-26 07:44:18
150.2,1.8,272.5,151.5,1.4,224.9,466.6,60.05,215.1,2.1,0.2,1363.6,31.9,0.1,0.1,0,233.07005049851097,5382.18572331017,23.092566856180245,26.562,25.812,2025-10-26 07:44:33
152.7,1.8,276.4,154.6,1.4,230.6,474.2,60.06,215.2,2.1,0.2,1363.6,31.9,0.1,0.1,0,233.07005049851097,4737.839545167403,20.327963781848805,26.625,25.875,2025-10-26 07:44:48
150.3,1.9,279.0,157.6,1.5,230.7,478.7,60.04,215.4,2.2,0.2,1363.6,32,0.1,0.1,0,233.07005049851097,3714.466203411244,15.937123604969463,26.687,25.875,2025-10-26 07:45:03
147,1.9,280.1,154.6,1.5,231.7,478.0,60.02,215.3,2.2,0.2,1363.6,32,0.1,0.1,0,233.07005049851097,3828.1743524952617,16.424994735733836,26.687,25.937,2025-10-26 07:45:18
150.2,1.9,282.6,154.5,1.5,230.8,481.8,60.01,215.4,2.2,0.2,1363.6,32,0.1,0.1,0,233.07005049851097,833.8597599494631,3.5777216256053905,26.625,25.875,2025-10-26 07:45:33
153.1,1.8,278.4,154.6,1.4,229.6,476.7,60,215.4,2.2,0.2,1363.6,32.1,0.1,0.1,0,233.07005049851097,1402.4005053695514,6.017077279427247,26.5,25.875,2025-10-26 07:45:48
150.2,1.8,278.5,155.6,1.4,227.9,475.1,59.98,215.3,2.1,0.2,1363.6,32.1,0.1,0.1,0,233.07005049851097,5116.866708780796,21.954200884396712,26.562,25.875,2025-10-26 07:46:03
150.2,1.8,275.9,154.4,1.4,226.4,471.6,59.98,215.5,2.1,0.2,1363.6,32.1,0.1,0.1,0,233.07005049851097,5723.310170562224,24.55618024847336,26.5,25.875,2025-10-26 07:46:18
150.3,1.8,273.1,154.6,1.4,225.2,468.0,59.98,215.5,2.1,0.2,1363.6,32.2,0.1,0.1,0,233.07005049851097,1895.1358180669613,8.131185512739522,26.5,25.875,2025-10-26 07:46:33
147.4,1.8,267.3,154.5,1.4,223.8,460.8,60.04,215.5,2.1,0.2,1363.6,32.2,0.1,0.1,0,194.22504208209244,1743.5249526216046,8.976828806064436,26.437,25.875,2025-10-26 07:46:48
153,1.7,266.4,157.4,1.4,221.9,458.9,60.04,215.5,2.1,0.2,1363.6,32.2,0.1,0.1,0,194.22504208209244,4169.298799747316,21.466329753632348,26.437,25.875,2025-10-26 07:47:03
150.3,1.8,265.5,156.3,1.4,220.5,458.4,60.03,215.5,2.1,0.2,1363.6,32.2,0.1,0.1,0,194.22504208209244,3714.466203411244,19.12454832596336,26.562,25.875,2025-10-26 07:47:18
146.9,1.8,262.9,154.3,1.4,219.1,454.0,60.02,215.4,2.1,0.2,1363.6,32.3,0.1,0.1,0,194.22504208209244,3866.0770688566013,19.905142135186356,26.5,25.875,2025-10-26 07:47:33
150.2,1.7,263.3,154.5,1.4,217.9,452.7,60.02,215.1,2,0.2,1363.6,32.3,0.1,0.1,0,194.22504208209244,909.6651926721415,4.683562855337966,26.437,25.875,2025-10-26 07:47:48
153.6,1.7,259.4,157.5,1.4,216.8,448.8,60.01,215.2,2,0.2,1363.6,32.3,0.1,0.1,0,194.22504208209244,909.6651926721415,4.683562855337966,26.5,25.875,2025-10-26 07:48:03
153,1.7,258.2,156.6,1.3,217.1,446.7,59.99,215.4,2,0.2,1363.6,32.3,0.1,0.1,0,194.22504208209244,3183.8281743524954,16.39246999368288,26.562,25.875,2025-10-26 07:48:18
150.9,1.7,257.6,156.5,1.4,217.1,447.2,59.98,215.4,2,0.3,1363.7,32.4,0.1,0.1,0,194.22504208209244,2349.968414403032,12.099204042956412,26.687,25.875,2025-10-26 07:48:33
150.1,1.7,259.2,157.9,1.3,209.6,442.5,60.01,215.5,2,0.3,1363.7,32.4,0.1,0.1,0,194.22504208209244,3600.758054327227,18.539102969046116,26.75,25.937,2025-10-26 07:48:48
150,1.7,259.0,151.9,1.4,215.4,444.0,60.05,215.5,1.9,0.3,1363.7,32.4,0.1,0.1,0,194.22504208209244,2918.5091598231206,15.02643082754264,26.812,25.875,2025-10-26 07:49:03
147.1,1.7,254.6,151.9,1.4,214.1,439.3,60.03,215.6,2,0.3,1363.7,32.4,0.1,0.1,0,194.22504208209244,2274.1629816803534,11.708907138344912,26.812,25.812,2025-10-26 07:49:18
147.9,1.7,253.4,156.3,1.4,218.0,443.1,60.03,215.6,2,0.3,1363.7,32.4,0.1,0.1,0,194.22504208209244,4775.742261528742,24.58870499052432,26.875,25.75,2025-10-26 07:49:33
150.5,1.7,255.6,155,1.4,220.3,447.3,60.03,215.7,2,0.3,1363.7,32.4,0.1,0.1,0,194.22504208209244,4169.298799747316,21.466329753632348,26.875,25.812,2025-10-26 07:49:48
150.3,1.6,256.5,154.6,1.4,219.8,448.0,60.03,215.6,2,0.3,1363.7,32.4,0.1,0.1,0,194.22504208209244,1023.3733417561592,5.269008212255212,26.875,25.812,2025-10-26 07:50:03
153.7,1.6,256.7,157.5,1.3,222.7,451.8,59.99,215.7,2,0.3,1363.7,32.4,0.1,0.1,0,194.22504208209244,2046.7466835123184,10.538016424510424,26.937,25.812,2025-10-26 07:50:18
153.3,1.7,260.7,157.5,1.4,226.1,458.0,59.97,215.6,2.1,0.3,1363.7,32.4,0.1,0.1,0,194.22504208209244,5571.6993051168665,28.68682248894504,27.0,25.875,2025-10-26 07:50:33
150.9,1.8,267.9,155.2,1.4,229.7,466.0,60.01,215.6,2.1,0.3,1363.7,32.4,0.1,0.1,0,194.22504208209244,3866.0770688566013,19.905142135186356,27.0,25.812,2025-10-26 07:50:48
150.2,1.8,279.9,157.6,1.4,235.1,483.3,60.02,215.6,2.2,0.3,1363.7,32.4,0.1,0.1,0,233.07005049851097,2349.968414403032,10.082670035797008,27.062,25.875,2025-10-26 07:51:03
146.8,1.9,281.4,157.5,1.5,237.9,486.7,59.99,215.4,2.2,0.3,1363.7,32.4,0.1,0.1,0,233.07005049851097,1326.595072646873,5.691829858917666,27.125,25.937,2025-10-26 07:51:18
147.8,2,291.3,157.5,1.5,242.9,502.7,59.99,215.4,2.3,0.3,1363.7,32.5,0.1,0.1,0,233.07005049851097,5571.6993051168665,23.905685407454197,27.062,25.937,2025-10-26 07:51:33
152.8,2.1,313.4,157.8,1.6,251.2,528.8,59.98,215.4,2.4,0.3,1363.7,32.5,0.1,0.1,0,233.07005049851097,5078.963992419457,21.791577174141924,27.0,25.937,2025-10-26 07:51:48
150.1,2.2,338.6,151.7,1.7,258.3,557.7,60,215.7,2.6,0.3,1363.7,32.6,0.1,0.1,0,233.07005049851097,2349.968414403032,10.082670035797008,27.0,26.0,2025-10-26 07:52:03
150.1,2.2,336.3,152.3,1.7,259.8,556.7,59.97,215.6,2.5,0.3,1363.7,32.6,0.1,0.1,0,233.07005049851097,909.6651926721415,3.902969046114971,27.125,26.125,2025-10-26 07:52:18
153.2,2.3,342.6,144.4,1.8,261.1,568.6,60,215.4,2.6,0.3,1363.7,32.7,0.1,0.1,0,233.07005049851097,2880.6064434617815,12.359401979364076,27.187,26.25,2025-10-26 07:52:33
151.9,2.7,410.9,150.2,2,303.0,664.4,60,215.4,3.2,0.3,1363.7,32.7,0.1,0.1,0,310.76006733134795,6026.531901452938,19.392877447883762,27.187,26.312,2025-10-26 07:52:48
153.3,3.7,555.1,149,2.4,360.8,853.5,60.03,215.7,4,0.3,1363.7,32.8,0.1,0.1,0,388.4500841641849,3752.3689197725835,9.659848389134554,27.312,26.375,2025-10-26 07:53:03
154,3.6,550.3,148.7,2.4,353.7,841.5,60.01,215.7,3.9,0.3,1363.7,32.9,0.1,0.1,0,349.6050757477664,1970.9412507896398,5.6376219554994025,27.437,26.5,2025-10-26 07:53:18
148.8,4,585.7,153.3,2.4,372.5,893.9,59.99,215.7,4.2,0.3,1363.7,33,0.1,0.1,0,388.4500841641849,4965.255843335439,12.782223626026532,27.562,26.625,2025-10-26 07:53:33
144.1,4.3,634.5,154.5,2.5,389.0,955.2,59.97,215.7,4.3,0.3,1363.7,33.1,0.1,0.1,0,388.4500841641849,1591.9140871762477,4.09811749842072,27.625,26.75,2025-10-26 07:53:48
148.6,4.5,661.1,153,2.6,399.4,989.7,59.97,215.8,4.6,0.3,1363.7,33.2,0.1,0.1,0,427.2950925806034,1212.8869235628554,2.83852294262907,27.75,26.812,2025-10-26 07:54:03
150.3,4.4,651.5,153.7,2.6,394.7,975.9,59.98,215.8,4.4,0.3,1363.7,33.3,0.2,0.1,0,427.2950925806034,3714.466203411244,8.692976511801525,27.812,26.937,2025-10-26 07:54:18
152.9,3.9,613.0,150.3,2.4,372.7,918.1,60,215.6,4.1,0.3,1363.7,33.4,0.2,0.1,0,349.6050757477664,1478.2059380922299,4.228216466624552,27.875,27.0,2025-10-26 07:54:33
151.7,3.8,576.4,148.6,2.4,359.1,871.9,59.99,215.6,4,0.3,1363.7,33.5,0.2,0.1,0,349.6050757477664,795.9570435881238,2.2767319435670665,27.875,27.0,2025-10-26 07:54:48
148.4,3.1,491.3,148.6,2,318.1,738.0,59.97,215.5,3.4,0.3,1363.7,33.5,0.2,0.1,0,271.91505891492943,1705.6222362602653,6.2726288241133465,28.0,27.062,2025-10-26 07:55:03
151.6,2.3,353.8,151.5,1.8,264.1,577.8,60.01,215.5,2.6,0.3,1363.7,33.6,0.2,0.1,0,233.07005049851097,4699.936828806064,20.165340071594017,28.0,27.062,2025-10-26 07:55:18
148.7,2.1,317.0,145.8,1.7,250.0,528.5,60.01,215.4,2.4,0.3,1363.7,33.6,0.2,0.1,0,233.07005049851097,2918.5091598231206,12.522025689618866,28.125,27.125,2025-10-26 07:55:33
151.4,2,312.0,146.1,1.6,248.1,521.4,59.96,215.2,2.4,0.3,1363.7,33.6,0.2,0.1,0,233.07005049851097,1478.2059380922299,6.342324699936828,28.187,27.062,2025-10-26 07:55:48
148.7,2.1,311.9,149.1,1.6,247.5,521.4,59.98,215.3,2.4,0.3,1363.7,33.6,0.2,0.1,0,194.22504208209244,3373.3417561591914,17.368212255211624,28.312,27.062,2025-10-26 07:56:03
148.7,2.1,308.1,148.7,1.6,246.1,517.7,59.98,215.2,2.3,0.3,1363.7,33.6,0.2,0.1,0,194.22504208209244,5420.088439671509,27.906228679722044,28.437,27.125,2025-10-26 07:56:18
145.7,2,296.5,145.6,1.6,239.4,499.7,60,215.5,2.3,0.3,1363.7,33.7,0.2,0.1,0,194.22504208209244,795.9570435881238,4.09811749842072,28.5,27.125,2025-10-26 07:56:33
150.2,1.9,293.1,148.7,1.5,236.0,491.5,60,215.5,2.3,0.3,1363.7,33.7,0.2,0.1,0,194.22504208209244,985.4706253948199,5.073859759949463,28.562,27.125,2025-10-26 07:56:48
146.5,1.9,288.7,147.8,1.5,232.1,486.8,59.99,215.4,2.2,0.3,1363.7,33.7,0.2,0.1,0,194.22504208209244,2387.871130764371,12.29435249526216,28.562,27.0,2025-10-26 07:57:03
148.7,1.9,286.4,148.7,1.5,229.2,482.7,60,215.4,2.2,0.3,1363.7,33.7,0.2,0.1,0,194.22504208209244,4624.131396083386,23.808111181301328,28.562,27.0,2025-10-26 07:57:18
148.7,1.8,284.7,148.7,1.5,226.0,476.1,60.02,215.5,2.1,0.3,1363.7,33.7,0.2,0.1,0,194.22504208209244,4624.131396083386,23.808111181301328,28.562,26.875,2025-10-26 07:57:33
151.4,1.9,280.5,148.3,1.5,222.7,471.3,60,215.4,2.1,0.3,1363.7,33.7,0.2,0.1,0,194.22504208209244,1288.6923562855338,6.635047378395452,28.687,26.812,2025-10-26 07:57:48
148.7,1.9,281.8,146.3,1.4,219.4,468.5,59.98,215.5,2.1,0.3,1363.7,33.7,0.2,0.1,0,194.22504208209244,4927.3531269741,25.369298799747316,28.75,26.75,2025-10-26 07:58:03
148.7,1.9,279.8,145.7,1.4,215.9,462.9,60.04,215.5,2.1,0.3,1363.7,33.7,0.2,0.1,0,194.22504208209244,5420.088439671509,27.906228679722044,28.812,26.687,2025-10-26 07:58:18
145.7,1.9,275.3,145.7,1.4,212.3,456.0,60.02,215.5,2.1,0.3,1363.7,33.7,0.2,0.1,0,194.22504208209244,871.7624763108023,4.488414403032218,28.812,26.625,2025-10-26 07:58:33
148.8,1.8,273.9,148.8,1.4,208.4,451.7,60.01,215.4,2,0.4,1363.8,33.7,0.2,0.1,0,194.22504208209244,1743.5249526216046,8.976828806064436,28.812,26.625,2025-10-26 07:58:48
151.7,1.8,268.3,145.6,1.4,205.4,442.7,60.03,215.5,2,0.4,1363.8,33.7,0.2,0.1,0,194.22504208209244,4624.131396083386,23.808111181301328,28.875,26.625,2025-10-26 07:59:03
148.7,1.8,269.2,147.6,1.3,202.2,440.9,60.04,215.6,2,0.4,1363.8,33.7,0.2,0.1,0,155.38003366567398,2122.552116234997,13.6603916614024,29.0,26.625,2025-10-26 07:59:18
146.1,1.8,266.8,143.1,1.3,198.9,435.6,60.02,215.5,2,0.4,1363.8,33.7,0.2,0.1,0,194.22504208209244,1440.3032217308908,7.415641187618447,29.0,26.625,2025-10-26 07:59:33
145.6,1.8,264.7,142.7,1.3,195.6,429.2,60.03,215.3,2,0.4,1363.8,33.7,0.2,0.1,0,155.38003366567398,3449.14718888187,22.1981364497789,29.062,26.625,2025-10-26 07:59:48
148.6,1.8,267.6,145.9,1.3,197.0,434.0,60.02,215.5,1.9,0.4,1363.8,33.7,0.2,0.1,0,194.22504208209244,2539.4819962097285,13.074946304485156,29.125,26.562,2025-10-26 08:00:03
151.7,1.7,267.4,147.8,1.3,197.9,435.8,60.03,215.6,2,0.4,1363.8,33.7,0.2,0.1,0,194.22504208209244,1250.7896399241945,6.439898926089703,29.187,26.437,2025-10-26 08:00:18
148.7,1.8,270.6,144.2,1.3,195.1,434.8,60.05,215.5,2,0.4,1363.8,33.7,0.2,0.1,0,194.22504208209244,5420.088439671509,27.906228679722044,29.25,26.437,2025-10-26 08:00:33
145.5,1.8,268.0,142.9,1.3,195.8,433.3,60.03,215.4,2,0.4,1363.8,33.7,0.2,0.1,0,155.38003366567398,3070.1200252684775,19.75878079595704,29.312,26.437,2025-10-26 08:00:48
148.7,1.8,277.2,148.6,1.3,201.0,448.6,60.04,215.4,2,0.4,1363.8,33.7,0.2,0.1,0,194.22504208209244,1781.427668982944,9.171977258370184,29.312,26.437,2025-10-26 08:01:03
153.1,1.8,285.4,142.7,1.4,202.5,456.0,60.03,215.4,2.1,0.4,1363.8,33.7,0.2,0.1,0,194.22504208209244,5230.574857864814,26.930486418193304,29.312,26.375,2025-10-26 08:01:18
154.5,2,303.7,147.3,1.4,214.3,484.9,60.02,215.5,2.2,0.4,1363.8,33.7,0.2,0.1,0,194.22504208209244,2880.6064434617815,14.831282375236894,29.375,26.437,2025-10-26 08:01:33
153.4,2.2,328.5,148.4,1.5,227.4,523.4,60.02,215.6,2.4,0.4,1363.8,33.7,0.2,0.1,0,194.22504208209244,3221.7308907138345,16.58761844598863,29.437,26.437,2025-10-26 08:01:48
154.8,2.5,367.0,147.1,1.7,248.9,575.6,60.02,215.5,2.8,0.4,1363.8,33.7,0.2,0.1,0,233.07005049851097,1061.2760581174985,4.553463887134133,29.437,26.5,2025-10-26 08:02:03
153.6,3.8,563.4,148.9,2.1,316.6,821.9,60.01,215.8,4,0.4,1363.8,33.7,0.2,0.1,0,349.6050757477664,4358.812381554011,12.467817786200603,29.562,26.5,2025-10-26 08:02:18
155,3.3,512.5,147.3,1.9,291.2,750.9,60.01,215.8,3.3,0.4,1363.8,33.8,0.2,0.2,0,310.76006733134795,4396.715097915351,14.148262792166772,29.687,26.625,2025-10-26 08:02:33
154.7,2.7,413.9,145.8,1.7,257.9,625.6,60.03,215.6,2.9,0.4,1363.8,33.8,0.2,0.2,0,271.91505891492943,3297.5363234365127,12.127082393285804,29.687,26.75,2025-10-26 08:02:48
155,2.4,380.6,150.1,1.6,251.3,589.6,60.04,215.7,2.7,0.4,1363.8,33.9,0.2,0.2,0,233.07005049851097,3032.217308907138,13.009896820383236,29.812,26.812,2025-10-26 08:03:03
153.7,2.3,353.3,147.7,1.6,239.7,555.3,60.02,215.5,2.5,0.4,1363.8,33.9,0.2,0.2,0,233.07005049851097,4055.5906506632973,17.40073699726258,29.687,26.812,2025-10-26 08:03:18
156.1,2.1,335.7,144.2,1.6,233.2,530.8,60.04,215.4,2.4,0.4,1363.8,33.9,0.2,0.2,0,233.07005049851097,1288.6923562855338,5.529206148662876,29.625,26.812,2025-10-26 08:03:33
160.6,2.1,343.0,144.3,1.6,235.1,539.7,60.02,215.3,2.5,0.4,1363.8,33.9,0.2,0.2,0,233.07005049851097,4510.423246999368,19.35222152032006,29.625,26.75,2025-10-26 08:03:48
166.5,2.1,351.6,147.3,1.6,239.9,553.9,60.03,215.3,2.5,0.4,1363.8,33.9,0.2,0.2,0,233.07005049851097,2539.4819962097285,10.895788587070962,29.687,26.687,2025-10-26 08:04:03
166.4,2.1,350.1,148.2,1.6,242.9,557.2,60.06,215.4,2.5,0.4,1363.8,33.9,0.2,0.2,0,233.07005049851097,2425.7738471257107,10.40791745630659,29.75,26.75,2025-10-26 08:04:18
166.5,2.1,349.3,150.2,1.6,244.4,555.0,60.01,215.5,2.6,0.4,1363.8,33.9,0.2,0.2,0,233.07005049851097,5571.6993051168665,23.905685407454197,29.875,26.75,2025-10-26 08:04:33
166.6,2.1,357.0,157.5,1.6,253.4,575.5,60.02,215.4,2.6,0.4,1363.8,33.9,0.2,0.2,0,233.07005049851097,5761.212886923563,24.718803958728152,29.875,26.812,2025-10-26 08:04:48
168.3,2.2,359.6,157.4,1.6,259.5,581.0,59.99,215.4,2.7,0.4,1363.8,33.9,0.2,0.2,0,271.91505891492943,947.5679090334806,3.4847937911740816,30.0,26.875,2025-10-26 08:05:03
165.5,2.2,363.6,156,1.7,263.0,587.5,59.98,215.4,2.7,0.4,1363.8,34,0.2,0.2,0,271.91505891492943,2501.579279848389,9.199855608699576,30.062,26.937,2025-10-26 08:05:18
168.1,2.2,363.1,158.6,1.7,271.7,595.2,59.99,215.4,2.8,0.4,1363.8,34,0.2,0.2,0,271.91505891492943,4624.131396083386,17.00579370092952,30.125,26.937,2025-10-26 08:05:33
165.1,2.4,399.7,156,1.8,278.9,635.6,60.04,215.3,2.9,0.4,1363.8,34,0.2,0.2,0,271.91505891492943,4472.5205306380285,16.448226694341663,30.25,27.0,2025-10-26 08:05:48
168.1,2,399.3,158.9,1.8,284.3,632.6,60.03,215.3,2.7,0.4,1363.8,34.1,0.2,0.2,0,271.91505891492943,909.6651926721415,3.3454020395271185,30.125,27.062,2025-10-26 08:06:03
165.5,2.4,403.5,162,1.8,271.0,635.3,60.01,215.3,3,0.4,1363.8,34.1,0.2,0.2,0,271.91505891492943,5799.115603284902,21.32693800198538,30.187,27.062,2025-10-26 08:06:18
167.4,2.5,426.1,157.5,1.9,293.1,673.1,60.03,215.4,3.1,0.4,1363.8,34.1,0.2,0.2,0,310.76006733134795,3297.5363234365127,10.611197094125076,30.312,27.125,2025-10-26 08:06:33
169.2,2.6,415.6,160.4,1.9,288.9,662.1,60.01,215.2,3.2,0.4,1363.8,34.2,0.2,0.2,0,310.76006733134795,1554.0113708149083,5.000679090334806,30.187,27.125,2025-10-26 08:06:48
163.5,2.4,404.8,156.1,1.8,292.0,648.3,60.02,215.3,3,0.4,1363.8,34.2,0.2,0.2,0,271.91505891492943,3714.466203411244,13.660391661402398,30.187,27.187,2025-10-26 08:07:03
169.3,2.2,382.8,162.3,1.7,278.8,623.0,60.04,215.1,2.9,0.4,1363.8,34.2,0.2,0.2,0,271.91505891492943,4358.812381554011,16.030051439400776,30.187,27.187,2025-10-26 08:07:18
163.7,2.4,391.5,158.9,1.8,291.7,640.1,60.02,215.2,3,0.4,1363.8,34.2,0.2,0.2,0,271.91505891492943,1478.2059380922299,5.436278314231568,30.187,27.187,2025-10-26 08:07:33
166.5,2.5,413.3,158.2,1.9,295.5,669.3,60.02,215.2,3,0.4,1363.8,34.2,0.2,0.2,0,310.76006733134795,3259.6336070751736,10.489229311433984,30.25,27.187,2025-10-26 08:07:48
163.5,2.7,437.6,161.7,1.8,303.5,694.2,60.04,215.3,3.2,0.4,1363.8,34.2,0.2,0.2,0,310.76006733134795,5457.991156032849,17.563360707517372,30.312,27.25,2025-10-26 08:08:03
168,2.6,431.8,155.9,1.8,295.9,682.5,60.03,215.3,3.1,0.4,1363.8,34.2,0.2,0.2,0,310.76006733134795,2312.065698041693,7.440034744156663,30.25,27.25,2025-10-26 08:08:18
165.5,2.4,404.9,159.3,1.7,278.6,639.6,60.03,215.3,2.9,0.4,1363.8,34.2,0.2,0.2,0,271.91505891492943,3183.8281743524954,11.708907138344916,30.187,27.25,2025-10-26 08:08:33
163.6,2.3,379.9,157.4,1.7,276.3,616.0,60.03,215.2,2.8,0.4,1363.8,34.2,0.2,0.2,0,271.91505891492943,3562.855337965888,13.10282465481455,30.187,27.25,2025-10-26 08:08:48
166.3,2.1,364.6,157.1,1.7,267.9,593.4,60,215.3,2.7,0.4,1363.8,34.3,0.2,0.2,0,271.91505891492943,2577.3847125710677,9.478639111993502,30.187,27.25,2025-10-26 08:09:03
164.9,2.1,353.1,156,1.6,262.3,577.8,60.03,215.3,2.6,0.5,1363.9,34.3,0.2,0.2,0,233.07005049851097,4131.3960833859755,17.72598441777216,30.25,27.312,2025-10-26 08:09:18
165,2,346.6,153.3,1.6,253.4,561.8,60.03,215.3,2.6,0.5,1363.9,34.3,0.2,0.2,0,233.07005049851097,2425.7738471257107,10.40791745630659,30.125,27.312,2025-10-26 08:09:33
165,2.1,339.2,159,1.6,248.8,552.3,60.02,215.5,2.5,0.5,1363.9,34.3,0.2,0.2,0,233.07005049851097,5116.866708780796,21.954200884396712,30.0,27.375,2025-10-26 08:09:48
165.4,1.9,334.2,153.7,1.6,246.5,543.5,60.06,215.5,2.4,0.5,1363.9,34.3,0.2,0.2,0,233.07005049851097,1023.3733417561592,4.390840176879343,29.5,27.437,2025-10-26 08:10:03
165.1,2,329.0,158.7,1.6,241.2,533.9,60.05,215.5,2.4,0.5,1363.9,34.4,0.2,0.2,0,233.07005049851097,3866.0770688566013,16.58761844598863,29.937,27.5,2025-10-26 08:10:18
165,1.9,322.4,152.7,1.5,243.1,529.7,60.04,215.4,2.3,0.5,1363.9,34.4,0.2,0.2,0,233.07005049851097,5382.18572331017,23.092566856180245,29.875,27.5,2025-10-26 08:10:33
164.9,1.9,314.3,159,1.4,235.9,517.0,60.05,215.4,2.4,0.5,1363.9,34.4,0.3,0.2,0,233.07005049851097,1554.0113708149083,6.667572120446409,29.5,27.437,2025-10-26 08:10:48
165,1.9,308.6,156,1.5,239.9,513.6,60.05,215.2,2.3,0.5,1363.9,34.4,0.3,0.2,0,233.07005049851097,3600.758054327227,15.449252474205094,30.187,27.375,2025-10-26 08:11:03
165.1,1.8,301.7,153.2,1.5,238.5,506.7,60.07,215.2,2.3,0.5,1363.9,34.4,0.3,0.2,0,233.07005049851097,2349.968414403032,10.082670035797008,29.75,27.437,2025-10-26 08:11:18
164.9,1.8,299.4,153,1.5,239.5,504.7,60.04,215.1,2.4,0.5,1363.9,34.3,0.3,0.2,0,233.07005049851097,3411.2444725205305,14.63613392293114,30.0,27.437,2025-10-26 08:11:33
164.8,1.8,295.7,153.2,1.5,240.6,502.5,60.03,215.3,2.3,0.5,1363.9,34.3,0.3,0.2,0,233.07005049851097,3487.049905243209,14.961381343440722,30.187,27.437,2025-10-26 08:11:48
165,1.8,295.7,152.7,1.6,243.6,503.2,60.03,215.3,2.3,0.5,1363.9,34.3,0.3,0.2,0,233.07005049851097,4017.687934301958,17.23811328700779,29.562,27.5,2025-10-26 08:12:03
164.7,1.8,293.4,153.2,1.6,245.4,506.0,60.03,215.2,2.3,0.5,1363.9,34.4,0.3,0.2,0,233.07005049851097,1174.984207201516,5.041335017898504,30.25,27.562,2025-10-26 08:12:18
165.2,1.8,297.5,156,1.5,246.7,511.5,60,215.3,2.3,0.5,1363.9,34.4,0.3,0.2,0,233.07005049851097,1099.1787744788378,4.716087597388924,30.375,27.625,2025-10-26 08:12:33
164.6,1.8,282.2,152.9,1.6,251.2,515.6,60.02,215.2,2.4,0.5,1363.9,34.4,0.3,0.2,0,233.07005049851097,2349.968414403032,10.082670035797008,29.375,27.625,2025-10-26 08:12:48
165,1.8,302.2,150,1.6,250.6,518.4,59.98,215.2,2.4,0.5,1363.9,34.4,0.3,0.2,0,233.07005049851097,1212.8869235628554,5.203958728153295,30.187,27.625,2025-10-26 08:13:03
165.1,1.8,295.0,153,1.6,257.4,517.3,59.97,215.1,2.4,0.5,1363.9,34.5,0.3,0.2,0,233.07005049851097,5003.158559696778,21.46632975363234,29.812,27.625,2025-10-26 08:13:18
164.2,1.9,312.6,156,1.6,260.4,537.7,59.97,215.1,2.5,0.5,1363.9,34.5,0.3,0.2,0,233.07005049851097,2198.3575489576756,9.432175194777848,29.375,27.625,2025-10-26 08:13:33
166.8,1.9,290.9,155.1,1.7,263.9,523.7,59.98,215.2,2.5,0.5,1363.9,34.5,0.3,0.2,0,233.07005049851097,2842.703727100442,12.196778269109284,30.312,27.687,2025-10-26 08:13:48
162.3,2,320.9,153,1.7,265.3,549.0,59.98,215.3,2.5,0.5,1363.9,34.5,0.3,0.2,0,233.07005049851097,4472.5205306380285,19.189597810065273,30.125,27.75,2025-10-26 08:14:03
165.1,2,329.7,159.1,1.6,269.1,558.5,59.98,215.3,2.5,0.5,1363.9,34.5,0.3,0.2,0,233.07005049851097,2312.065698041693,9.920046325542218,30.125,27.812,2025-10-26 08:14:18
165.1,2,336.5,156.4,1.7,276.5,575.3,59.98,215.2,2.6,0.5,1363.9,34.6,0.3,0.2,0,271.91505891492943,1591.9140871762477,5.854453569172458,30.125,27.875,2025-10-26 08:14:33
162,2.1,346.0,153.9,1.8,277.7,583.6,59.97,215.2,2.7,0.5,1363.9,34.6,0.3,0.2,0,271.91505891492943,5268.477574226153,19.375453478927895,30.125,27.875,2025-10-26 08:14:48
162,2.3,368.8,157.8,1.8,284.4,612.7,59.97,215.3,2.8,0.5,1363.9,34.6,0.3,0.2,0,271.91505891492943,4889.450410612761,17.981535962458263,30.062,27.937,2025-10-26 08:15:03
162.4,2.4,380.6,155.2,1.8,285.4,623.6,59.99,215.4,2.9,0.5,1363.9,34.6,0.3,0.2,0,271.91505891492943,1137.0814908401767,4.181752549408897,30.0,27.937,2025-10-26 08:15:18
166.5,2,370.0,159.3,1.8,282.1,610.5,59.99,215.3,2.7,0.5,1363.9,34.6,0.3,0.2,0,271.91505891492943,1212.8869235628554,4.460536052702825,29.875,27.937,2025-10-26 08:15:33
166.6,2.2,350.4,153.1,1.8,279.4,589.7,60.01,215.3,2.8,0.5,1363.9,34.6,0.3,0.2,0,271.91505891492943,4055.5906506632973,14.914917426225069,29.812,27.937,2025-10-26 08:15:48
163.2,2.2,364.7,159.3,1.7,278.7,602.3,59.99,215.3,2.8,0.5,1363.9,34.6,0.3,0.2,0,271.91505891492943,1212.8869235628554,4.460536052702825,29.875,28.0,2025-10-26 08:16:03
163.6,2.3,375.8,153.8,1.8,283.7,617.5,59.97,215.4,2.9,0.5,1363.9,34.6,0.3,0.2,0,271.91505891492943,4851.5476942514215,17.8421442108113,29.937,28.0,2025-10-26 08:16:18
157.6,2.5,396.5,158.9,1.8,280.5,636.1,59.98,215.3,3,0.5,1363.9,34.6,0.3,0.2,0,310.76006733134795,2008.843967150979,6.464292482627921,29.937,28.062,2025-10-26 08:16:33
163.4,2.6,437.2,155.9,1.9,297.2,688.3,59.98,215.5,3.1,0.5,1363.9,34.6,0.3,0.2,0,310.76006733134795,4813.644977890082,15.489908401768792,29.937,28.125,2025-10-26 08:16:48
160.8,2.3,376.3,156.3,1.7,276.5,611.3,60.01,215.3,2.8,0.5,1363.9,34.6,0.3,0.2,0,271.91505891492943,3790.2716361339226,13.939175164696326,29.937,28.125,2025-10-26 08:17:03
163.4,2.2,355.8,154.5,1.7,271.9,590.2,60.01,215.3,2.7,0.5,1363.9,34.6,0.3,0.2,0,271.91505891492943,5041.061276058118,18.539102969046116,30.0,28.187,2025-10-26 08:17:18
163.5,2.1,348.7,157.3,1.6,267.5,578.5,60.02,215.3,2.6,0.5,1363.9,34.6,0.3,0.2,0,271.91505891492943,4965.255843335439,18.260319465752186,30.0,28.187,2025-10-26 08:17:33
163.4,2.1,340.2,156,1.7,262.9,567.4,60.02,215.2,2.6,0.5,1363.9,34.6,0.3,0.2,0,271.91505891492943,2577.3847125710677,9.478639111993502,29.875,28.25,2025-10-26 08:17:48
163.4,2,336.2,153.1,1.6,258.1,558.3,60.04,215.1,2.6,0.5,1363.9,34.6,0.3,0.2,0,271.91505891492943,4131.3960833859755,15.193700929518995,29.937,28.25,2025-10-26 08:18:03
163.6,2,331.0,156.1,1.5,256.9,552.5,60.05,215.1,2.5,0.5,1363.9,34.6,0.3,0.2,0,271.91505891492943,1478.2059380922299,5.436278314231568,29.937,28.312,2025-10-26 08:18:18
163.5,2,328.3,156,1.6,254.1,547.3,60.05,215.3,2.4,0.5,1363.9,34.6,0.3,0.2,0,233.07005049851097,4548.325963360707,19.514845230574853,29.875,28.312,2025-10-26 08:18:33
163.7,2,320.3,153.1,1.6,252.2,541.8,60.03,215.3,2.5,0.5,1363.9,34.6,0.3,0.2,0,233.07005049851097,2463.67656348705,10.57054116656138,29.937,28.312,2025-10-26 08:18:48
163.7,1.9,320.7,156,1.6,250.4,535.4,60.03,215.3,2.4,0.5,1363.9,34.6,0.3,0.2,0,233.07005049851097,4737.839545167403,20.327963781848805,30.0,28.375,2025-10-26 08:19:03
163.2,1.9,315.5,153.1,1.6,249.6,530.3,60.03,215.5,2.4,0.5,1363.9,34.5,0.3,0.2,0,233.07005049851097,1743.5249526216046,7.480690671720361,30.0,28.375,2025-10-26 08:19:18
161.7,1.9,314.0,153,1.6,246.9,526.1,60.02,215.4,2.4,0.5,1363.9,34.5,0.3,0.2,0,233.07005049851097,1933.0385344283006,8.293809222994314,30.0,28.375,2025-10-26 08:19:33
164.9,1.9,299.1,154.7,1.5,246.4,514.2,60,215.4,2.4,0.5,1363.9,34.5,0.3,0.2,0,233.07005049851097,4775.742261528742,20.490587492103597,29.875,28.312,2025-10-26 08:19:48
162.9,1.9,302.8,150.8,1.6,243.9,512.4,59.97,215.4,2.3,0.6,1364.0,34.5,0.3,0.2,0,233.07005049851097,1516.108654453569,6.504948410191618,30.0,28.375,2025-10-26 08:20:03
164.3,1.8,286.3,155.7,1.5,242.1,498.6,60.01,215.4,2.3,0.6,1364.0,34.5,0.3,0.2,0,233.07005049851097,2804.801010739103,12.034154558854494,30.0,28.437,2025-10-26 08:20:18
160.6,1.8,294.5,153,1.5,240.9,501.0,60,215.4,2.3,0.6,1364.0,34.5,0.3,0.2,0,233.07005049851097,1705.6222362602653,7.31806696146557,30.0,28.5,2025-10-26 08:20:33
166.7,1.8,278.3,153.4,1.5,239.1,486.8,59.98,215.4,2.3,0.6,1364.0,34.5,0.3,0.2,0,233.07005049851097,4927.3531269741,21.14108233312276,30.0,28.562,2025-10-26 08:20:48
161.3,1.8,286.9,152,1.5,236.9,492.3,60,215.3,2.2,0.6,1364.0,34.5,0.3,0.2,0,233.07005049851097,5306.380290587492,22.767319435670665,30.062,28.687,2025-10-26 08:21:03
166.3,1.7,279.8,153.1,1.4,235.4,472.4,60.01,215.2,2.2,0.6,1364.0,34.6,0.3,0.2,0,233.07005049851097,3828.1743524952617,16.424994735733836,30.0,28.687,2025-10-26 08:21:18
160.3,1.7,281.5,153,1.5,232.9,484.2,60.02,215.3,2.2,0.6,1364.0,34.6,0.3,0.2,0,233.07005049851097,5268.477574226153,22.604695725415873,29.875,28.625,2025-10-26 08:21:33
163.5,1.7,281.6,153.1,1.4,231.3,483.2,60.03,215.4,2.1,0.6,1364.0,34.6,0.3,0.2,0,233.07005049851097,2880.6064434617815,12.359401979364076,29.875,28.562,2025-10-26 08:21:48
165.3,1.7,276.9,153.1,1.5,229.7,476.7,60.02,215.3,2.2,0.6,1364.0,34.6,0.3,0.2,0,194.22504208209244,3828.1743524952617,19.709993682880604,29.75,28.437,2025-10-26 08:22:03
162.8,1.7,275.1,153.1,1.5,228.3,473.2,60.02,215.2,2.1,0.6,1364.0,34.5,0.3,0.2,0,194.22504208209244,4624.131396083386,23.808111181301328,29.75,28.375,2025-10-26 08:22:18
164.2,1.7,266.4,153.5,1.4,224.4,461.6,60.04,215.2,2.2,0.6,1364.0,34.5,0.3,0.2,0,194.22504208209244,1174.984207201516,6.049602021478206,29.687,28.375,2025-10-26 08:22:33
163.4,1.7,273.3,150.2,1.4,222.1,466.4,59.98,215.2,2.1,0.6,1364.0,34.4,0.3,0.2,0,194.22504208209244,1743.5249526216046,8.976828806064436,29.687,28.375,2025-10-26 08:22:48
163.6,1.5,274.0,153.3,1.4,223.5,459.2,59.97,215,2,0.6,1364.0,34.4,0.3,0.2,0,194.22504208209244,4055.5906506632973,20.880884396715096,29.75,28.375,2025-10-26 08:23:03
163.3,1.6,273.9,155.9,1.4,219.5,465.6,60.02,215.1,2.1,0.6,1364.0,34.4,0.3,0.2,0,194.22504208209244,4283.006948831333,22.051775110549592,29.687,28.375,2025-10-26 08:23:18
163.5,1.7,273.5,153.1,1.4,221.3,467.3,60.01,215,2.1,0.6,1364.0,34.3,0.3,0.2,0,194.22504208209244,1516.108654453569,7.805938092229942,29.687,28.375,2025-10-26 08:23:33
166.5,1.7,260.3,150.1,1.4,217.7,447.7,60.03,215,2.1,0.6,1364.0,34.3,0.3,0.2,0,194.22504208209244,2387.871130764371,12.29435249526216,29.75,28.437,2025-10-26 08:23:48
160.6,1.6,272.9,152.8,1.4,220.4,464.9,60.03,214.9,2.1,0.6,1364.0,34.4,0.3,0.2,0,194.22504208209244,1667.7195198989261,8.586531901452938,29.75,28.437,2025-10-26 08:24:03
166.5,1.7,264.2,156,1.4,220.1,457.7,60.03,215,2.1,0.6,1364.0,34.4,0.3,0.2,0,194.22504208209244,3979.785217940619,20.4905874921036,29.75,28.437,2025-10-26 08:24:18
160.7,1.7,275.0,153.2,1.4,221.4,467.7,60.03,214.9,2.1,0.6,1364.0,34.4,0.3,0.2,0,194.22504208209244,4624.131396083386,23.808111181301328,29.312,28.437,2025-10-26 08:24:33
163.4,1.7,278.8,150.6,1.4,221.0,470.7,60.05,214.8,2.1,0.6,1364.0,34.3,0.3,0.2,0,194.22504208209244,3259.6336070751736,16.782766898294376,29.687,28.437,2025-10-26 08:24:48
166.3,1.6,277.0,153.2,1.4,225.0,471.2,60.03,214.9,2.2,0.6,1364.0,34.3,0.3,0.2,0,194.22504208209244,3676.563487049905,18.929399873657612,29.75,28.5,2025-10-26 08:25:03
163.2,1.7,284.9,156.1,1.4,226.0,482.0,60.02,214.9,2.2,0.6,1364.0,34.3,0.3,0.2,0,233.07005049851097,1212.8869235628554,5.203958728153295,29.687,28.562,2025-10-26 08:25:18
161.4,1.7,285.1,156.7,1.4,221.2,480.8,60.02,215.1,2.2,0.6,1364.0,34.4,0.3,0.2,0,233.07005049851097,1933.0385344283006,8.293809222994314,29.687,28.562,2025-10-26 08:25:33
166,1.8,276.1,156,1.5,233.0,479.6,60,214.9,2.3,0.6,1364.0,34.4,0.3,0.2,0,233.07005049851097,4055.5906506632973,17.40073699726258,29.687,28.625,2025-10-26 08:25:48
161.6,1.8,297.6,155.5,1.5,237.2,502.6,59.97,214.9,2.3,0.6,1364.0,34.4,0.3,0.3,0,233.07005049851097,1099.1787744788378,4.716087597388924,29.687,28.687,2025-10-26 08:26:03
160.6,1.8,302.0,153.2,1.5,239.1,507.1,59.99,214.9,2.3,0.6,1364.0,34.4,0.3,0.3,0,233.07005049851097,5003.158559696778,21.46632975363234,29.625,28.687,2025-10-26 08:26:18
163.5,1.8,314.6,156,1.6,246.5,526.9,60.04,215.1,2.4,0.6,1364.0,34.4,0.3,0.3,0,233.07005049851097,4548.325963360707,19.514845230574853,29.625,28.687,2025-10-26 08:26:33
157.6,2.1,332.4,159,1.6,251.6,547.6,60.03,215.2,2.5,0.6,1364.0,34.5,0.3,0.3,0,271.91505891492943,3524.9526216045483,12.963432903167584,29.562,28.687,2025-10-26 08:26:48
153.4,2.2,339.9,155.9,1.6,260.6,563.3,60.01,215.1,2.6,0.6,1364.0,34.5,0.3,0.3,0,271.91505891492943,4510.423246999368,16.58761844598863,29.625,28.687,2025-10-26 08:27:03
151.8,2.3,355.4,159.3,1.6,266.7,583.5,60.02,215.1,2.7,0.6,1364.0,34.5,0.3,0.3,0,271.91505891492943,4283.006948831333,15.75126793610685,29.625,28.687,2025-10-26 08:27:18
153.1,2.4,363.7,159,1.7,263.6,587.6,60.01,215.2,2.7,0.6,1364.0,34.5,0.3,0.3,0,271.91505891492943,4851.5476942514215,17.8421442108113,29.625,28.75,2025-10-26 08:27:33
159.1,2.3,372.6,152.9,1.7,268.5,602.1,60.04,215.2,2.8,0.6,1364.0,34.6,0.3,0.3,0,271.91505891492943,1250.7896399241945,4.599927804349788,29.625,28.812,2025-10-26 08:27:48
165.7,2.4,388.6,156,1.7,276.4,624.4,60.04,215.2,2.9,0.6,1364.0,34.6,0.3,0.3,0,271.91505891492943,5116.866708780796,18.817886472340042,29.625,28.875,2025-10-26 08:28:03
166,2.4,398.0,158.9,1.7,279.3,636.0,60.03,215.3,2.9,0.6,1364.0,34.7,0.3,0.3,0,271.91505891492943,1440.3032217308908,5.296886562584604,29.625,28.937,2025-10-26 08:28:18
165.3,2.5,410.9,159,1.8,286.8,654.8,60.03,215.4,3,0.6,1364.0,34.8,0.3,0.3,0,310.76006733134795,2842.703727100442,9.147583701831962,29.562,29.0,2025-10-26 08:28:33
166.5,2.6,432.2,155.8,1.9,291.4,679.4,60,215.4,3.1,0.6,1364.0,34.8,0.3,0.3,0,310.76006733134795,4965.255843335439,15.977779532533162,29.562,29.062,2025-10-26 08:28:48
165.1,2.6,457.2,157.5,1.8,302.8,707.1,60,215.4,3.2,0.6,1364.0,34.8,0.3,0.3,0,310.76006733134795,2577.3847125710677,8.293809222994314,29.562,29.062,2025-10-26 08:29:03
164.3,2.9,474.1,159.3,1.9,310.8,735.7,60.01,215.5,3.4,0.6,1364.0,34.9,0.3,0.3,0,349.6050757477664,3562.855337965888,10.191085842633537,29.562,29.062,2025-10-26 08:29:18
162.5,3.1,511.2,152.6,2,314.8,773.2,60,215.7,3.6,0.6,1364.0,35,0.4,0.3,0,349.6050757477664,2653.190145293746,7.5891064785568885,29.5,29.125,2025-10-26 08:29:33
163.4,2.9,488.8,157.9,2,312.8,752.0,59.99,215.7,3.5,0.6,1364.0,35,0.4,0.3,0,349.6050757477664,1326.595072646873,3.7945532392784442,29.5,29.125,2025-10-26 08:29:48
164.9,3.2,515.9,158.9,2,322.7,785.3,59.97,215.8,3.7,0.6,1364.0,35.1,0.4,0.3,0,388.4500841641849,2766.8982943777637,7.122918509159823,29.5,29.125,2025-10-26 08:30:03
162,3.1,511.6,159,2,321.5,780.2,59.99,216,3.6,0.6,1364.0,35.1,0.4,0.3,0,349.6050757477664,4131.3960833859755,11.81732294518144,29.5,29.187,2025-10-26 08:30:18
165,3,502.9,159.1,2,316.6,768.0,59.98,216.2,3.4,0.6,1364.0,35.2,0.4,0.3,0,349.6050757477664,2842.703727100442,8.131185512739522,29.562,29.312,2025-10-26 08:30:33
164.9,2.8,468.6,159,1.9,308.4,729.1,59.99,215.9,3.3,0.7,1364.1,35.2,0.4,0.3,0,310.76006733134795,1326.595072646873,4.268872394188249,29.562,29.375,2025-10-26 08:30:48
164.9,2.8,455.4,158.9,1.9,306.1,713.7,60.01,215.9,3.3,0.7,1364.1,35.2,0.4,0.3,0,310.76006733134795,1174.984207201516,3.781001263423878,29.625,29.375,2025-10-26 08:31:03
165.1,2.8,454.2,159,1.9,307.1,714.5,60.03,215.9,3.3,0.7,1364.1,35.2,0.4,0.3,0,310.76006733134795,4017.687934301958,12.928584965255842,29.687,29.437,2025-10-26 08:31:18
165,2.8,459.3,159.1,1.9,310.8,723.5,59.97,216,3.3,0.7,1364.1,35.2,0.4,0.3,0,310.76006733134795,3487.049905243209,11.221036007580542,29.75,29.562,2025-10-26 08:31:33
165,2.7,453.4,159,1.9,310.3,715.6,59.99,215.9,3.3,0.7,1364.1,35.3,0.4,0.3,0,310.76006733134795,1174.984207201516,3.781001263423878,29.812,29.625,2025-10-26 08:31:48
164.9,2.7,446.8,159,1.9,309.8,709.4,59.98,215.9,3.3,0.7,1364.1,35.3,0.4,0.3,0,310.76006733134795,3979.785217940619,12.806617182564748,29.875,29.687,2025-10-26 08:32:03
165.2,2.7,445.0,160.5,1.9,296.4,694.9,59.97,215.9,3.3,0.7,1364.1,35.3,0.4,0.3,0,310.76006733134795,1212.8869235628554,3.902969046114971,29.937,29.75,2025-10-26 08:32:18
165,2.7,438.1,158.9,2,314.5,704.2,59.96,215.9,3.3,0.7,1364.1,35.4,0.4,0.3,0,310.76006733134795,2501.579279848389,8.049873657612128,30.062,29.687,2025-10-26 08:32:33
165,2.8,456.6,156.1,2,317.2,724.5,59.97,216,3.4,0.7,1364.1,35.4,0.4,0.3,0,349.6050757477664,2501.579279848389,7.15544325121078,30.062,29.687,2025-10-26 08:32:48
165.1,2.9,472.0,161.9,2.1,313.6,736.7,59.98,215.8,3.5,0.7,1364.1,35.3,0.4,0.3,0,349.6050757477664,2653.190145293746,7.5891064785568885,30.062,29.687,2025-10-26 08:33:03
164.8,3,485.5,156.4,2.1,335.3,771.3,59.96,215.7,3.6,0.7,1364.1,35.3,0.4,0.3,0,349.6050757477664,3032.217308907138,8.673264546922157,30.125,29.812,2025-10-26 08:33:18
165.9,2.9,463.6,161.4,1.9,330.5,744.7,60.01,215.7,3.5,0.7,1364.1,35.3,0.4,0.3,0,349.6050757477664,4169.298799747316,11.925738752017969,30.187,29.937,2025-10-26 08:33:33
165.3,2.9,480.4,159,2.1,335.9,765.3,60.04,215.6,3.6,0.7,1364.1,35.4,0.4,0.3,0,349.6050757477664,1819.330385344283,5.203958728153295,30.187,30.062,2025-10-26 08:33:48
167.6,2.9,452.7,159,2.1,338.5,759.8,60.03,215.7,3.6,0.7,1364.1,35.4,0.4,0.3,0,349.6050757477664,4396.715097915351,12.576233593037133,30.187,30.125,2025-10-26 08:34:03
163.2,3.1,496.3,159.1,2.2,345.5,790.1,60,215.6,3.7,0.7,1364.1,35.5,0.4,0.3,0,349.6050757477664,3790.2716361339226,10.841580683652698,30.187,30.187,2025-10-26 08:34:18
167.1,3.1,474.4,159,2.2,347.7,771.8,59.97,215.8,3.7,0.7,1364.1,35.5,0.4,0.3,0,349.6050757477664,2349.968414403032,6.721780023864673,30.25,30.312,2025-10-26 08:34:33
162,3.1,510.5,158.9,2.2,348.9,805.8,60.01,215.8,3.8,0.7,1364.1,35.5,0.4,0.3,0,349.6050757477664,1250.7896399241945,3.57772162560539,30.375,30.375,2025-10-26 08:34:48
167.8,3,475.3,159.1,2.2,344.9,770.7,60,215.7,3.7,0.7,1364.1,35.6,0.4,0.3,0,349.6050757477664,2918.5091598231206,8.348017126412579,30.437,30.375,2025-10-26 08:35:03
162.3,3.1,506.8,159.1,2.2,344.9,798.2,59.97,215.6,3.7,0.7,1364.1,35.7,0.4,0.3,0,349.6050757477664,1667.7195198989261,4.770295500807188,30.375,30.5,2025-10-26 08:35:18
167.8,3,478.8,159,2.2,345.5,774.2,59.99,215.6,3.7,0.7,1364.1,35.7,0.4,0.3,0,349.6050757477664,2008.843967150979,5.74603776233593,30.437,30.562,2025-10-26 08:35:33
162.1,3,503.5,159.4,2.1,340.6,789.4,59.97,215.4,3.7,0.7,1364.1,35.7,0.4,0.3,0,349.6050757477664,3638.660770688566,10.40791745630659,30.437,30.687,2025-10-26 08:35:48
165,2.9,486.4,159,2,328.2,764.4,59.97,215.4,3.5,0.7,1364.1,35.7,0.4,0.3,0,349.6050757477664,1137.0814908401767,3.252474205095809,30.437,30.812,2025-10-26 08:36:03
161.8,2.6,424.2,155.8,1.9,308.8,686.8,59.96,215.4,3.2,0.7,1364.1,35.7,0.4,0.3,0,310.76006733134795,3979.785217940619,12.806617182564748,30.437,30.875,2025-10-26 08:36:18
163,2.3,389.0,156,1.9,299.2,645.6,59.98,215.2,3,0.7,1364.1,35.8,0.4,0.3,0,271.91505891492943,1478.2059380922299,5.436278314231568,30.437,30.937,2025-10-26 08:36:33
160.3,2.3,376.5,155.9,1.8,293.0,627.7,59.99,215.4,2.9,0.7,1364.1,35.8,0.4,0.3,0,271.91505891492943,1591.9140871762477,5.854453569172458,30.5,31.0,2025-10-26 08:36:48
163.3,2.1,362.0,156,1.8,286.8,608.4,59.99,215.3,2.7,0.7,1364.1,35.8,0.4,0.3,0,271.91505891492943,2122.552116234997,7.805938092229943,30.562,31.0,2025-10-26 08:37:03
159.5,2.2,348.9,156,1.8,280.7,590.9,59.99,214.9,2.7,0.7,1364.1,35.8,0.4,0.3,0,271.91505891492943,3790.2716361339226,13.939175164696326,30.625,31.0,2025-10-26 08:37:18
162.1,1.9,338.0,155.6,1.7,272.0,572.0,60.03,215,2.6,0.7,1364.1,35.8,0.4,0.3,0,233.07005049851097,2880.6064434617815,12.359401979364076,30.625,31.125,2025-10-26 08:37:33
161.7,2,328.6,155.9,1.7,269.9,560.9,60.02,215.1,2.5,0.7,1364.1,35.8,0.4,0.3,0,233.07005049851097,1781.427668982944,7.643314381975152,30.687,31.187,2025-10-26 08:37:48
162.4,1.8,318.6,158.7,1.7,256.4,538.3,59.97,215.1,2.5,0.7,1364.1,35.8,0.4,0.3,0,233.07005049851097,2122.552116234997,9.106927774268266,30.75,31.187,2025-10-26 08:38:03
162,1.9,311.5,153.2,1.6,257.5,532.2,59.99,214.8,2.5,0.7,1364.1,35.7,0.4,0.3,0,233.07005049851097,2539.4819962097285,10.895788587070962,30.812,31.125,2025-10-26 08:38:18
162.1,1.8,304.5,159.1,1.5,251.2,522.1,59.97,214.9,2.3,0.7,1364.1,35.7,0.4,0.3,0,233.07005049851097,1288.6923562855338,5.529206148662876,30.875,31.062,2025-10-26 08:38:33
161.9,1.8,299.6,153.1,1.6,253.4,518.7,59.99,214.9,2.3,0.7,1364.1,35.7,0.4,0.3,0,233.07005049851097,2501.579279848389,10.73316487681617,30.875,31.062,2025-10-26 08:38:48
162,1.8,296.5,156.1,1.6,252.5,515.2,60.01,214.9,2.3,0.7,1364.1,35.7,0.4,0.3,0,233.07005049851097,3259.6336070751736,13.98563908191198,31.0,31.062,2025-10-26 08:39:03
162.1,1.8,292.9,157.6,1.5,252.1,510.9,60.02,214.8,2.3,0.7,1364.1,35.7,0.4,0.3,0,233.07005049851097,3676.563487049905,15.774499894714673,31.0,31.187,2025-10-26 08:39:18
161.9,1.8,292.5,153,1.6,252.3,510.4,60.03,214.8,2.3,0.7,1364.1,35.6,0.4,0.3,0,233.07005049851097,1591.9140871762477,6.8301958307012,30.937,31.187,2025-10-26 08:39:33
162,1.8,291.5,153.1,1.6,251.0,506.9,59.98,215.1,2.3,0.8,1364.2,35.6,0.4,0.3,0,233.07005049851097,1288.6923562855338,5.529206148662876,30.937,31.187,2025-10-26 08:39:48
161.9,1.8,293.0,153.3,1.6,254.3,513.5,59.98,215.1,2.3,0.8,1364.2,35.6,0.4,0.3,0,233.07005049851097,3145.925457991156,13.497767951147608,30.937,31.187,2025-10-26 08:40:03
165.2,1.8,278.0,155.8,1.6,254.3,497.9,59.99,215.2,2.4,0.8,1364.2,35.6,0.4,0.3,0,233.07005049851097,3259.6336070751736,13.98563908191198,30.875,31.062,2025-10-26 08:40:18
159,1.8,294.7,150.5,1.7,255.3,514.6,59.98,215.3,2.4,0.8,1364.2,35.6,0.4,0.3,0,233.07005049851097,1895.1358180669613,8.131185512739522,30.812,31.125,2025-10-26 08:40:33
162.1,1.8,301.6,154.2,1.6,264.1,530.1,59.99,215,2.4,0.8,1364.2,35.6,0.4,0.3,0,233.07005049851097,2880.6064434617815,12.359401979364076,30.812,31.062,2025-10-26 08:40:48
162,1.9,300.6,152.5,1.7,264.9,529.6,60.05,215.2,2.5,0.8,1364.2,35.6,0.4,0.3,0,271.91505891492943,2842.703727100442,10.454381373522244,30.812,31.0,2025-10-26 08:41:03
161.9,1.9,310.9,153.1,1.8,271.6,544.6,60.01,215,2.5,0.8,1364.2,35.5,0.4,0.3,0,271.91505891492943,3145.925457991156,11.569515386697951,30.812,31.0,2025-10-26 08:41:18
165,1.8,307.1,153.1,1.8,276.7,546.6,60.01,215.1,2.6,0.8,1364.2,35.5,0.4,0.3,0,271.91505891492943,2463.67656348705,9.060463857052612,30.875,30.937,2025-10-26 08:41:33
159.9,2,321.6,152.3,1.8,277.6,561.4,60.03,215.2,2.6,0.8,1364.2,35.5,0.4,0.3,0,271.91505891492943,2008.843967150979,7.387762837289053,30.812,31.0,2025-10-26 08:41:48
162,2,329.1,153.5,1.9,284.6,573.5,60.01,215.4,2.7,0.8,1364.2,35.5,0.4,0.3,0,271.91505891492943,3259.6336070751736,11.98769064163884,30.937,30.875,2025-10-26 08:42:03
161.9,2.1,335.5,153.3,1.9,289.5,586.9,59.99,215.2,2.7,0.8,1364.2,35.6,0.4,0.3,0,271.91505891492943,4889.450410612761,17.981535962458263,31.125,31.0,2025-10-26 08:42:18
162.1,2.1,341.7,155.7,1.9,297.5,599.4,59.98,215.2,2.8,0.8,1364.2,35.6,0.4,0.3,0,271.91505891492943,3487.049905243209,12.824041151520621,31.187,31.062,2025-10-26 08:42:33
164.3,2.2,347.0,150.9,2,299.8,606.3,59.98,215.1,2.8,0.8,1364.2,35.5,0.4,0.3,0,310.76006733134795,1591.9140871762477,5.1226468730259,31.25,31.187,2025-10-26 08:42:48
161,2.2,358.7,154.8,2,307.0,623.4,60.02,215.1,2.9,0.8,1364.2,35.6,0.4,0.3,0,310.76006733134795,1705.6222362602653,5.488550221099178,31.312,31.187,2025-10-26 08:43:03
165.6,2.2,365.3,152.4,2.1,313.0,635.0,60.03,215,3,0.8,1364.2,35.6,0.4,0.3,0,310.76006733134795,2994.3145925457993,9.635454832596336,31.312,31.187,2025-10-26 08:43:18
165.6,2.3,355.8,156,2.1,320.1,632.3,60.04,215,3.1,0.8,1364.2,35.6,0.4,0.3,0,310.76006733134795,2463.67656348705,7.927905874921035,31.312,31.125,2025-10-26 08:43:33
163.5,2.3,388.6,150.2,2.1,325.0,668.8,59.99,215.1,3.1,0.8,1364.2,35.5,0.4,0.3,0,310.76006733134795,1857.233101705622,5.976421351863548,31.312,31.062,2025-10-26 08:43:48
164.9,2.4,400.4,155.9,2.1,333.5,687.6,60.01,215.3,3.2,0.8,1364.2,35.5,0.4,0.3,0,310.76006733134795,1440.3032217308908,4.634775742261528,31.375,31.0,2025-10-26 08:44:03
163.8,2.5,412.4,153.3,2.2,341.2,706.4,60.03,215.3,3.3,0.8,1364.2,35.5,0.4,0.3,0,349.6050757477664,1516.108654453569,4.3366322734610785,31.437,31.0,2025-10-26 08:44:18
165,2.6,424.8,156.3,2.2,340.0,719.9,59.99,215.3,3.3,0.8,1364.2,35.4,0.5,0.3,0,349.6050757477664,1554.0113708149083,4.445048080297606,31.562,31.062,2025-10-26 08:44:33
163.5,2.7,438.5,153.1,2.3,357.3,744.6,60.04,215.4,3.5,0.8,1364.2,35.4,0.5,0.3,0,349.6050757477664,2274.1629816803534,6.504948410191618,31.625,31.125,2025-10-26 08:44:48
163.6,2.8,453.8,153.2,2.4,364.5,767.2,60.02,215.4,3.6,0.8,1364.2,35.5,0.5,0.3,0,349.6050757477664,3524.9526216045483,10.08267003579701,31.625,31.125,2025-10-26 08:45:03
165.6,3,466.9,155.3,2.4,376.6,790.5,60.01,215.4,3.8,0.8,1364.2,35.6,0.5,0.3,0,388.4500841641849,1288.6923562855338,3.317523689197726,31.687,31.312,2025-10-26 08:45:18
158.3,3.5,545.2,149.9,2.7,395.9,882.3,59.99,215.5,4.2,0.8,1364.2,35.6,0.5,0.3,0,466.14010099702193,1554.0113708149083,3.3337860602232046,31.687,31.437,2025-10-26 08:45:33
157.8,5.6,870.9,151.1,3.1,461.6,1243.8,59.98,216.2,5.7,0.8,1364.2,35.7,0.5,0.3,0,660.3651430791144,3032.217308907138,4.591728289547024,31.687,31.562,2025-10-26 08:45:48
152.1,6,877.8,154.7,3.2,489.0,1297.7,60,216.3,6.1,0.8,1364.2,35.7,0.5,0.4,0,699.2101514955328,3487.049905243209,4.987127114480241,31.75,31.75,2025-10-26 08:46:03
151.5,5.3,822.8,153.1,3,466.1,1204.9,59.98,216.3,5.5,0.8,1364.2,35.9,0.5,0.4,0,621.5201346626959,2312.065698041693,3.7200173720783316,31.875,32.0,2025-10-26 08:46:18
156.5,4.7,753.0,159.9,2.8,456.7,1131.5,59.99,216.1,5,0.8,1364.2,36.1,0.5,0.4,0,543.8301178298589,2539.4819962097285,4.66962368017327,32.0,32.187,2025-10-26 08:46:33
160.4,4.2,670.0,154.6,2.8,432.8,1037.9,60,215.9,4.8,0.8,1364.2,36.2,0.5,0.4,0,504.9851094134404,1781.427668982944,3.5276835609116093,32.187,32.312,2025-10-26 08:46:48
161.7,5.2,835.4,162,2.9,475.4,1228.5,60.05,215.9,5.7,0.8,1364.2,36.3,0.5,0.4,0,621.5201346626959,3070.1200252684775,4.93969519898926,32.312,32.375,2025-10-26 08:47:03
162.3,5.6,888.6,159,3.2,499.2,1297.6,60.03,216,6.1,0.8,1364.2,36.4,0.5,0.4,0,660.3651430791144,1933.0385344283006,2.927226784586228,32.437,32.562,2025-10-26 08:47:18
158.4,6,957.2,153.1,3.2,497.0,1356.3,59.98,215.9,6.2,0.9,1364.3,36.5,0.5,0.4,0,699.2101514955328,2539.4819962097285,3.631929529023654,32.562,32.687,2025-10-26 08:47:33
164,7,1013.4,163.7,3.4,534.4,1453.7,59.98,216.3,7.3,0.9,1364.3,36.7,0.5,0.4,0,815.7451767447883,3183.8281743524954,3.9029690461149715,32.687,32.875,2025-10-26 08:47:48
160.7,7.1,1105.8,160.3,3.4,544.3,1543.0,60.04,216.3,7.3,0.9,1364.3,36.8,0.5,0.4,0,776.9001683283698,3562.855337965888,4.585988629185092,32.812,33.0,2025-10-26 08:48:03
160.5,6.2,988.1,157.6,3.2,510.0,1401.4,60,216.1,6.4,0.9,1364.3,37,0.5,0.4,0,699.2101514955328,3866.0770688566013,5.529206148662876,32.937,33.062,2025-10-26 08:48:18
157.5,6.6,1055.5,160.3,3.2,524.7,1474.7,60.01,216.3,6.7,0.9,1364.3,37.1,0.5,0.4,0,699.2101514955328,3524.9526216045483,5.041335017898505,33.0,33.25,2025-10-26 08:48:33
164.4,5.5,888.3,162.9,3,474.0,1273.6,60.03,215.8,5.8,0.9,1364.3,37.1,0.5,0.4,0,621.5201346626959,1326.595072646873,2.1344361970941246,33.062,33.437,2025-10-26 08:48:48
160,3.8,602.1,157.7,2.6,412.6,950.0,60.03,215.5,4.3,0.9,1364.3,37.2,0.5,0.4,0,466.14010099702193,3183.8281743524954,6.8301958307012,33.187,33.562,2025-10-26 08:49:03
162,3.8,603.0,155.8,2.6,409.9,947.7,59.97,215.3,4.3,0.9,1364.3,37.2,0.5,0.4,0,466.14010099702193,2008.843967150979,4.309528321751947,33.312,33.687,2025-10-26 08:49:18
162,3.7,625.1,158.8,2.5,414.0,975.1,59.97,215.4,4.2,0.9,1364.3,37.2,0.5,0.4,0,466.14010099702193,2766.8982943777637,5.935765424299852,33.375,33.75,2025-10-26 08:49:33
159,3.6,581.1,158.8,2.6,402.0,922.4,60,215.3,4.2,0.9,1364.3,37.3,0.5,0.4,0,427.2950925806034,3600.758054327227,8.426864985930052,33.5,33.875,2025-10-26 08:49:48
164.7,3.2,529.6,153.1,2.5,392.1,865.1,60.04,215.5,4.1,0.9,1364.3,37.3,0.5,0.4,0,427.2950925806034,1364.4977890082123,3.1933383104577038,33.562,34.062,2025-10-26 08:50:03
159.9,3.4,550.3,157.6,2.5,396.8,875.9,60,215.4,4.1,0.9,1364.3,37.4,0.5,0.4,0,427.2950925806034,1288.6923562855338,3.015930626543387,33.687,34.125,2025-10-26 08:50:18
163.7,3.1,551.7,153,2.6,398.5,891.7,60.03,215.8,3.9,0.9,1364.3,37.4,0.5,0.4,0,427.2950925806034,1402.4005053695514,3.282042152414862,33.75,34.312,2025-10-26 08:50:33
159.2,3.5,563.8,158.6,2.5,400.6,901.0,60,215.8,4.1,0.9,1364.3,37.4,0.5,0.4,0,427.2950925806034,3449.14718888187,8.072049618101419,33.875,34.5,2025-10-26 08:50:48
162.1,3.1,559.3,155.7,2.6,397.7,881.5,60,215.9,3.9,0.9,1364.3,37.5,0.5,0.4,0,427.2950925806034,2274.1629816803534,5.322230517429506,33.937,34.5,2025-10-26 08:51:03
161,3.5,556.7,156.4,2.5,404.0,899.8,60.02,215.9,4.1,0.9,1364.3,37.5,0.5,0.4,0,427.2950925806034,3259.6336070751736,7.628530408315625,33.875,34.625,2025-10-26 08:51:18
162.7,3.1,557.6,154.2,2.6,404.9,902.5,60.03,215.8,3.9,0.9,1364.3,37.5,0.5,0.4,0,427.2950925806034,3070.1200252684775,7.185011198529834,33.875,34.625,2025-10-26 08:51:33
161.9,3.5,560.3,157.4,2.5,406.0,904.9,60,215.8,4.1,0.9,1364.3,37.5,0.5,0.4,0,427.2950925806034,3070.1200252684775,7.185011198529834,33.937,34.562,2025-10-26 08:51:48
162,3.3,562.6,155.8,2.6,409.1,910.1,59.96,215.8,4,0.9,1364.3,37.5,0.5,0.4,0,427.2950925806034,1554.0113708149083,3.636857520243496,34.062,34.5,2025-10-26 08:52:03
162,3.6,567.9,155.7,2.5,411.6,917.7,59.98,215.8,4.2,0.9,1364.3,37.6,0.5,0.4,0,427.2950925806034,2766.8982943777637,6.475380462872566,34.062,34.5,2025-10-26 08:52:18
162.1,3.5,583.7,155.6,2.7,416.9,937.4,60.01,216.2,4.1,0.9,1364.3,37.6,0.5,0.4,0,466.14010099702193,3108.0227416298167,6.667572120446409,34.187,34.437,2025-10-26 08:52:33
156.3,4,611.9,155.8,2.7,428.3,976.8,59.98,216,4.4,0.9,1364.3,37.6,0.5,0.4,0,504.9851094134404,2236.2602653190143,4.428368725399679,34.25,34.5,2025-10-26 08:52:48
158,4.9,738.7,155.8,3,461.6,1123.8,60.01,216.1,5.4,0.9,1364.3,37.6,0.5,0.4,0,621.5201346626959,3145.925457991156,5.061662981680353,34.25,34.562,2025-10-26 08:53:03
162.4,5.8,915.7,158.9,3.1,497.6,1320.2,59.99,216.2,6.1,1.0,1364.4,37.7,0.6,0.4,0,660.3651430791144,1933.0385344283006,2.927226784586228,34.312,34.562,2025-10-26 08:53:18
161.2,6.4,926.1,160.3,3.2,503.7,1389.9,60.03,216.1,6.5,1.0,1364.4,37.8,0.6,0.4,0,738.0551599119514,2312.065698041693,3.132646208065964,34.312,34.5,2025-10-26 08:53:33
159.6,5.3,905.7,159.5,2.7,475.5,1295.8,59.97,216.1,5.4,1.0,1364.4,37.8,0.6,0.4,0,582.6751262462774,3032.217308907138,5.203958728153294,34.437,34.625,2025-10-26 08:53:48
164,4,612.8,157.5,2.7,433.9,980.7,59.97,215.7,4.6,1.0,1364.4,37.9,0.6,0.4,0,504.9851094134404,1478.2059380922299,2.9272267845862285,34.437,34.625,2025-10-26 08:54:03
163,3.8,667.6,157.7,2.7,432.4,1031.6,59.98,215.8,4.4,1.0,1364.4,37.9,0.6,0.4,0,504.9851094134404,3221.7308907138345,6.379853248457165,34.375,34.687,2025-10-26 08:54:18
161.9,3.9,616.2,155.8,2.7,418.2,961.2,60.01,215.7,4.4,1.0,1364.4,37.9,0.6,0.4,0,466.14010099702193,2160.454832596336,4.634775742261528,34.312,34.75,2025-10-26 08:54:33
159.1,3.6,573.2,155.9,2.5,407.6,917.4,59.97,215.7,4.2,1.0,1364.4,38,0.6,0.4,0,427.2950925806034,1895.1358180669613,4.435192097857922,34.375,34.875,2025-10-26 08:54:48
156.2,3.4,532.7,155.4,2.5,398.1,871.1,60.04,215.6,4,1.0,1364.4,38,0.6,0.4,0,427.2950925806034,2198.3575489576756,5.144822833515191,34.25,34.75,2025-10-26 08:55:03
161.5,3.3,523.6,155.8,2.4,391.4,846.3,60.04,215.4,3.9,1.0,1364.4,38,0.6,0.4,0,388.4500841641849,1364.4977890082123,3.5126721415034745,34.187,34.75,2025-10-26 08:55:18
156.1,3.2,502.2,155.8,2.5,385.6,831.2,60.04,215.5,3.9,1.0,1364.4,38,0.6,0.4,0,388.4500841641849,2046.7466835123184,5.269008212255212,34.25,34.562,2025-10-26 08:55:33
161.9,3,486.5,155.8,2.3,379.9,812.1,60.03,215.5,3.8,1.0,1364.4,38,0.6,0.4,0,388.4500841641849,2728.9955780164246,7.025344283006949,34.312,34.437,2025-10-26 08:55:48
157.7,3,474.7,155.8,2.4,372.5,792.5,60.03,215.8,3.7,1.0,1364.4,38,0.6,0.4,0,388.4500841641849,2766.8982943777637,7.122918509159823,34.312,34.5,2025-10-26 08:56:03
160.4,2.8,469.0,155.7,2.4,369.8,786.0,60,215.7,3.6,1.0,1364.4,38,0.6,0.4,0,349.6050757477664,2046.7466835123184,5.854453569172457,34.375,34.5,2025-10-26 08:56:18
156.7,2.9,457.7,155.1,2.3,364.2,768.8,59.97,215.8,3.5,1.0,1364.4,38,0.6,0.4,0,349.6050757477664,2425.7738471257107,6.938611637537727,34.312,34.625,2025-10-26 08:56:33
161.1,2.6,444.7,153.4,2.3,359.3,752.6,59.99,215.7,3.4,1.0,1364.4,38,0.6,0.4,0,349.6050757477664,1478.2059380922299,4.228216466624552,34.375,34.687,2025-10-26 08:56:48
159.1,2.8,437.9,153,2.3,354.7,738.7,59.98,215.7,3.4,1.0,1364.4,38,0.6,0.4,0,349.6050757477664,1895.1358180669613,5.420790341826349,34.312,34.625,2025-10-26 08:57:03
159.4,2.6,429.5,155.5,2.3,350.2,729.7,59.96,215.4,3.3,1.0,1364.4,38,0.6,0.4,0,349.6050757477664,1629.8168035375868,4.66187969397066,34.25,34.562,2025-10-26 08:57:18
158.5,2.7,421.6,150.5,2.2,341.1,712.9,60,215.2,3.3,1.0,1364.4,38,0.6,0.4,0,310.76006733134795,3070.1200252684775,9.87939039797852,34.25,34.562,2025-10-26 08:57:33
159.1,2.5,416.6,155.7,2.2,340.4,708.8,60.03,215.4,3.2,1.0,1364.4,38,0.6,0.4,0,310.76006733134795,1629.8168035375868,5.244614655716992,34.25,34.562,2025-10-26 08:57:48
159,2.6,412.8,156.2,2.2,337.1,702.9,60.04,215.2,3.2,1.0,1364.4,38.1,0.6,0.4,0,310.76006733134795,2994.3145925457993,9.635454832596336,34.25,34.625,2025-10-26 08:58:03
159.2,2.5,410.3,152.9,2.2,339.4,700.3,60.04,215.2,3.1,1.0,1364.4,38.1,0.6,0.4,0,310.76006733134795,1440.3032217308908,4.634775742261528,34.187,34.625,2025-10-26 08:58:18
159.1,2.6,410.1,152.9,2.2,336.9,699.8,60.01,215.3,3.1,1.0,1364.4,38.1,0.6,0.4,0,310.76006733134795,3070.1200252684775,9.87939039797852,34.187,34.5,2025-10-26 08:58:33
159.1,2.6,411.3,155.8,2.1,335.0,699.0,59.98,215.3,3.2,1.0,1364.4,38.1,0.6,0.4,0,310.76006733134795,2501.579279848389,8.049873657612128,34.187,34.437,2025-10-26 08:58:48
159,2.6,410.1,155.5,2.1,333.9,695.9,59.99,215.2,3.2,1.0,1364.4,38.1,0.6,0.4,0,310.76006733134795,2728.9955780164246,8.781680353758686,34.187,34.375,2025-10-26 08:59:03
159.1,2.6,412.6,152.9,2.2,333.6,698.7,60.01,215.1,3.3,1.0,1364.4,38.1,0.6,0.4,0,310.76006733134795,1933.0385344283006,6.220356917245735,34.25,34.187,2025-10-26 08:59:18
159.1,2.6,416.7,155.7,2.2,334.2,704.2,60.04,215.2,3.2,1.0,1364.4,38.1,0.6,0.4,0,349.6050757477664,2615.287428932407,7.480690671720362,34.25,34.187,2025-10-26 08:59:33
159.2,2.6,422.8,153.7,2.1,334.8,708.8,60.05,215,3.3,1.0,1364.4,38.1,0.6,0.4,0,349.6050757477664,1440.3032217308908,4.119800659788026,34.187,34.062,2025-10-26 08:59:48
159.1,2.6,419.3,155.8,2.1,333.4,705.6,60.04,214.9,3.3,1.0,1364.4,38.1,0.6,0.4,0,349.6050757477664,2728.9955780164246,7.805938092229943,34.187,33.937,2025-10-26 09:00:03
159.2,2.6,416.8,152.9,2.2,333.2,701.7,60.03,214.8,3.3,1.0,1364.4,38.2,0.6,0.4,0,349.6050757477664,1516.108654453569,4.3366322734610785,34.125,33.875,2025-10-26 09:00:18
158.9,2.6,414.8,155.8,2.1,332.5,700.6,59.98,214.9,3.2,1.1,1364.5,38.2,0.6,0.4,0,349.6050757477664,1629.8168035375868,4.66187969397066,34.062,33.687,2025-10-26 09:00:33
158.9,2.6,415.2,152.9,2.2,334.0,701.8,59.98,214.9,3.3,1.1,1364.5,38.1,0.6,0.5,0,349.6050757477664,3032.217308907138,8.673264546922157,34.125,33.5,2025-10-26 09:00:48
162,2.6,413.2,150.2,2.2,328.1,695.4,59.98,214.9,3.2,1.1,1364.5,38,0.6,0.5,0,349.6050757477664,2198.3575489576756,6.288116796518566,34.062,33.25,2025-10-26 09:01:03
161.7,2.6,419.3,153.1,2.1,334.5,703.4,60,215,3.2,1.1,1364.5,37.9,0.6,0.5,0,349.6050757477664,1478.2059380922299,4.228216466624552,33.937,33.125,2025-10-26 09:01:18
162,2.6,417.9,152.8,2.2,333.9,704.8,60.01,215.4,3.2,1.1,1364.5,37.9,0.6,0.5,0,349.6050757477664,2539.4819962097285,7.263859058047308,33.937,32.937,2025-10-26 09:01:33
162.1,2.6,418.3,152.9,2.2,334.6,705.3,60.01,215.2,3.3,1.1,1364.5,37.9,0.6,0.5,0,349.6050757477664,3221.7308907138345,9.215343581104793,34.062,32.875,2025-10-26 09:01:48
162.3,2.2,421.3,150.8,2.2,331.4,681.4,60,215.2,3.1,1.1,1364.5,37.9,0.6,0.5,0,349.6050757477664,2236.2602653190143,6.396532603355092,34.125,32.812,2025-10-26 09:02:03
162.1,2.6,418.6,153.9,2.1,333.9,707.1,60.01,214.8,3.3,1.1,1364.5,38,0.6,0.5,0,349.6050757477664,3221.7308907138345,9.215343581104793,34.125,32.937,2025-10-26 09:02:18
159.2,2.6,421.9,154,2.1,330.7,705.0,60.04,215.2,3.3,1.1,1364.5,38,0.6,0.5,0,349.6050757477664,1402.4005053695514,4.011384852951498,34.125,33.0,2025-10-26 09:02:33
162.1,2.6,425.7,150.5,2.1,328.2,705.7,60.04,215.2,3.3,1.1,1364.5,38,0.6,0.5,0,349.6050757477664,2160.454832596336,6.179700989682038,34.062,33.062,2025-10-26 09:02:48
164.7,2.6,392.9,152.8,2.1,327.2,677.6,60.03,215.2,3.3,1.1,1364.5,38,0.6,0.5,0,349.6050757477664,3145.925457991156,8.998511967431739,34.062,33.062,2025-10-26 09:03:03
161.8,2.7,430.1,155.6,2.1,325.4,708.3,60.01,215.3,3.3,1.1,1364.5,38.1,0.6,0.5,0,349.6050757477664,2501.579279848389,7.15544325121078,34.187,33.062,2025-10-26 09:03:18
162.2,2.5,432.1,155.7,2.1,323.2,707.8,59.99,215.2,3.1,1.1,1364.5,38.1,0.6,0.5,0,349.6050757477664,2918.5091598231206,8.348017126412579,34.187,33.0,2025-10-26 09:03:33
162,2.7,432.2,158.5,2,306.4,691.8,60.01,215.1,3.3,1.1,1364.5,38.1,0.6,0.5,0,349.6050757477664,2691.092861655085,7.697522285393415,34.187,33.062,2025-10-26 09:03:48
162,2.5,429.7,155.8,2.1,318.4,700.7,59.99,215.2,3.1,1.1,1364.5,38.1,0.6,0.5,0,349.6050757477664,3032.217308907138,8.673264546922157,34.125,33.125,2025-10-26 09:04:03
162,2.7,432.8,152.7,2,315.9,699.8,59.97,215.2,3.2,1.1,1364.5,38.1,0.6,0.5,0,349.6050757477664,2236.2602653190143,6.396532603355092,34.187,33.125,2025-10-26 09:04:18
160.4,2.8,443.4,155.8,2,317.5,713.1,59.97,215.2,3.3,1.1,1364.5,38.2,0.6,0.5,0,349.6050757477664,3108.0227416298167,8.890096160595212,34.187,33.187,2025-10-26 09:04:33
164.1,2.8,414.8,155.8,2,318.2,685.4,59.97,215.1,3.4,1.1,1364.5,38.2,0.6,0.5,0,349.6050757477664,1895.1358180669613,5.420790341826349,34.25,33.312,2025-10-26 09:04:48
159.2,2.9,461.1,155.8,2,320.1,732.1,59.98,215.4,3.4,1.1,1364.5,38.2,0.6,0.5,0,388.4500841641849,1743.5249526216046,4.488414403032218,34.312,33.25,2025-10-26 09:05:03
157.8,3.3,516.8,155.8,2.1,328.7,792.3,60.02,215.4,3.7,1.1,1364.5,38.2,0.6,0.5,0,427.2950925806034,1440.3032217308908,3.370745994372021,34.187,33.187,2025-10-26 09:05:18
163.5,3.3,532.0,155.7,2.1,327.9,806.9,60.02,215.2,3.7,1.1,1364.5,38.3,0.6,0.5,0,388.4500841641849,1364.4977890082123,3.5126721415034745,34.25,33.187,2025-10-26 09:05:33
158.5,4.7,683.5,151.2,2.3,352.7,971.9,59.97,215.9,4.7,1.1,1364.5,38.3,0.7,0.5,0,543.8301178298589,2236.2602653190143,4.112056673585416,34.187,33.187,2025-10-26 09:05:48
162.8,3.8,611.2,157.3,2.2,342.3,896.2,59.97,215.7,4.1,1.1,1364.5,38.3,0.7,0.5,0,504.9851094134404,2880.6064434617815,5.704339375091112,34.187,33.187,2025-10-26 09:06:03
158.8,3.3,548.6,154.4,2,316.3,797.0,60.03,215.4,3.6,1.1,1364.5,38.4,0.7,0.5,0,388.4500841641849,3259.6336070751736,8.391383449147188,34.25,33.25,2025-10-26 09:06:18
155.6,2.7,437.4,157.4,1.9,296.3,684.6,60.05,215.3,3.1,1.1,1364.5,38.5,0.7,0.5,0,349.6050757477664,1478.2059380922299,4.228216466624552,34.25,33.25,2025-10-26 09:06:33
159.1,2.6,408.8,151.6,1.9,289.7,653.3,60.03,215.2,3,1.1,1364.5,38.5,0.7,0.5,0,310.76006733134795,3183.8281743524954,10.2452937460518,34.25,33.187,2025-10-26 09:06:48
160.7,2.4,395.5,157.4,1.7,279.6,633.3,60.03,215.1,2.9,1.1,1364.5,38.5,0.7,0.5,0,310.76006733134795,1440.3032217308908,4.634775742261528,34.187,33.25,2025-10-26 09:07:03
162,2.4,391.9,152.2,1.9,288.7,636.7,60.04,215.3,2.8,1.1,1364.5,38.5,0.7,0.5,0,310.76006733134795,3221.7308907138345,10.367261528742892,34.125,33.25,2025-10-26 09:07:18
159.7,2.4,386.5,153.8,1.8,285.5,628.7,60.03,215.3,2.9,1.1,1364.5,38.5,0.7,0.5,0,310.76006733134795,2994.3145925457993,9.635454832596336,34.125,33.187,2025-10-26 09:07:33
162,2.4,382.8,157,1.7,281.4,622.1,59.97,215.1,2.9,1.1,1364.5,38.5,0.7,0.5,0,310.76006733134795,2236.2602653190143,7.196099178774477,34.0,32.937,2025-10-26 09:07:48
165,2.2,339.7,154.4,1.8,284.2,589.9,59.96,215.1,2.8,1.1,1364.5,38.4,0.7,0.5,0,310.76006733134795,2463.67656348705,7.927905874921035,34.0,32.875,2025-10-26 09:08:03
159,2.4,375.1,151.3,1.9,283.2,616.5,59.97,214.9,2.8,1.1,1364.5,38.4,0.7,0.5,0,310.76006733134795,1440.3032217308908,4.634775742261528,33.937,32.812,2025-10-26 09:08:18
162.3,2,378.7,151.4,1.8,284.8,620.0,59.98,214.9,2.6,1.1,1364.5,38.3,0.7,0.5,0,310.76006733134795,3145.925457991156,10.123325963360706,33.875,32.812,2025-10-26 09:08:33
162,2.3,378.5,151.3,1.9,286.3,621.8,60.06,215,2.8,1.1,1364.5,38.3,0.7,0.5,0,310.76006733134795,1402.4005053695514,4.512807959570435,33.937,32.812,2025-10-26 09:08:48
162,2.2,379.1,148.3,1.9,283.1,619.0,60.04,215.1,2.7,1.2,1364.6,38.3,0.7,0.5,0,310.76006733134795,3221.7308907138345,10.367261528742892,34.0,32.875,2025-10-26 09:09:03
162,2.4,379.5,151.4,1.8,289.5,626.1,60.05,215,2.9,1.2,1364.6,38.4,0.7,0.5,0,310.76006733134795,2766.8982943777637,8.903648136449778,33.937,33.0,2025-10-26 09:09:18
162,2.3,380.1,154.4,1.9,288.8,626.9,60.04,214.8,2.9,1.2,1364.6,38.4,0.7,0.5,0,310.76006733134795,1478.2059380922299,4.756743524952621,33.875,33.0,2025-10-26 09:09:33
162.1,2.4,378.8,151.4,1.9,292.3,630.1,60.04,214.7,2.8,1.2,1364.6,38.5,0.7,0.5,0,310.76006733134795,2577.3847125710677,8.293809222994314,33.937,33.0,2025-10-26 09:09:48
162,2.3,380.6,151.4,1.9,294.4,631.0,60.03,214.7,2.8,1.2,1364.6,38.5,0.7,0.5,0,310.76006733134795,2198.3575489576756,7.074131396083386,33.937,32.937,2025-10-26 09:10:03
162,2.3,377.9,151.4,1.9,295.6,631.5,60.01,214.7,2.9,1.2,1364.6,38.5,0.7,0.5,0,310.76006733134795,2577.3847125710677,8.293809222994314,34.0,32.937,2025-10-26 09:10:18
162,2.3,378.2,151.5,1.9,298.3,632.4,60.04,214.7,2.9,1.2,1364.6,38.5,0.7,0.5,0,271.91505891492943,3183.8281743524954,11.708907138344916,34.062,32.937,2025-10-26 09:10:33
162,2.3,371.6,151.4,2,299.3,628.9,60.04,214.8,2.9,1.2,1364.6,38.5,0.7,0.5,0,310.76006733134795,3145.925457991156,10.123325963360706,34.062,33.062,2025-10-26 09:10:48
162,2.3,374.5,151.4,2,301.2,632.4,60.01,214.8,2.9,1.2,1364.6,38.5,0.7,0.5,0,310.76006733134795,2615.287428932407,8.415777005685406,33.937,33.062,2025-10-26 09:11:03
161.7,2.3,369.6,151.4,2,301.8,628.2,60,214.8,2.9,1.2,1364.6,38.5,0.7,0.5,0,310.76006733134795,2236.2602653190143,7.196099178774477,34.0,33.062,2025-10-26 09:11:18
162,2.3,368.2,151.3,2,301.4,627.0,60.04,214.9,2.9,1.2,1364.6,38.6,0.7,0.5,0,310.76006733134795,1933.0385344283006,6.220356917245735,34.062,33.062,2025-10-26 09:11:33
161.5,2.2,360.1,151.4,2,301.7,619.5,60.01,214.9,2.9,1.2,1364.6,38.6,0.7,0.5,0,310.76006733134795,2804.801010739103,9.02561591914087,34.0,33.0,2025-10-26 09:11:48
162.3,2.2,362.5,151.4,2,302.7,622.6,60.03,215,2.9,1.2,1364.6,38.6,0.7,0.5,0,310.76006733134795,2236.2602653190143,7.196099178774477,34.0,33.0,2025-10-26 09:12:03
162.9,2.2,330.7,151.4,2,301.7,619.2,60.04,215.4,2.8,1.2,1364.6,38.6,0.7,0.5,0,310.76006733134795,2349.968414403032,7.562002526847756,33.937,33.0,2025-10-26 09:12:18
162.4,2.2,352.9,151.5,2,299.7,611.0,59.97,215,2.8,1.2,1364.6,38.6,0.7,0.5,0,310.76006733134795,1364.4977890082123,4.390840176879343,33.937,33.0,2025-10-26 09:12:33
162.2,2.2,336.6,151.4,2,298.5,594.0,59.99,214.9,2.8,1.2,1364.6,38.6,0.7,0.5,0,310.76006733134795,2918.5091598231206,9.39151926721415,33.937,33.062,2025-10-26 09:12:48
160.4,2.2,351.9,151.4,2,299.3,610.2,60.01,214.9,2.8,1.2,1364.6,38.6,0.7,0.5,0,310.76006733134795,2880.6064434617815,9.269551484523056,33.937,33.187,2025-10-26 09:13:03
164,2.2,319.0,152.6,1.9,294.9,575.3,59.98,214.9,2.8,1.2,1364.6,38.7,0.7,0.5,0,310.76006733134795,2880.6064434617815,9.269551484523056,33.875,33.25,2025-10-26 09:13:18
161.3,2.2,348.3,150.6,1.9,295.8,602.3,59.98,215.2,2.8,1.2,1364.6,38.7,0.7,0.5,0,271.91505891492943,3108.0227416298167,11.430123635050988,33.875,33.187,2025-10-26 09:13:33
163.1,2.2,324.3,151.8,1.9,295.9,581.3,59.98,215,2.8,1.2,1364.6,38.7,0.7,0.5,0,310.76006733134795,2387.871130764371,7.683970309538848,33.937,33.25,2025-10-26 09:13:48
159.4,2.2,348.1,148.7,1.9,295.6,604.3,59.97,215,2.8,1.2,1364.6,38.7,0.7,0.5,0,310.76006733134795,1591.9140871762477,5.1226468730259,33.937,33.187,2025-10-26 09:14:03
164.8,2.2,319.2,154.1,1.9,294.1,577.1,59.98,215,2.8,1.2,1364.6,38.7,0.7,0.5,0,310.76006733134795,2880.6064434617815,9.269551484523056,33.875,33.25,2025-10-26 09:14:18
159.8,2.2,349.9,149.3,2,295.5,603.6,60.01,215.1,2.8,1.2,1364.6,38.7,0.7,0.5,0,310.76006733134795,3032.217308907138,9.757422615287426,33.812,33.187,2025-10-26 09:14:33
164.4,2.1,343.5,154.4,2,295.8,578.5,60.02,214.9,2.8,1.2,1364.6,38.7,0.7,0.5,0,310.76006733134795,2312.065698041693,7.440034744156663,33.812,33.125,2025-10-26 09:14:48
158.6,2.2,355.1,148.2,2,298.0,609.0,60.02,215.2,2.8,1.2,1364.6,38.7,0.7,0.5,0,310.76006733134795,1402.4005053695514,4.512807959570435,33.812,33.0,2025-10-26 09:15:03
164.8,2,336.0,154.4,2,296.8,595.3,60,215.2,2.9,1.2,1364.6,38.7,0.7,0.5,0,310.76006733134795,2236.2602653190143,7.196099178774477,33.875,33.0,2025-10-26 09:15:18
161.9,2.2,362.4,148.5,2,298.4,618.8,59.98,215.3,2.9,1.2,1364.6,38.7,0.7,0.5,0,310.76006733134795,1705.6222362602653,5.488550221099178,33.937,33.0,2025-10-26 09:15:33
161.5,2.2,363.6,153.4,1.9,302.2,623.6,59.99,215.3,2.9,1.2,1364.6,38.7,0.7,0.5,0,310.76006733134795,3108.0227416298167,10.001358180669612,33.937,33.0,2025-10-26 09:15:48
162.4,2.2,363.5,149.1,2,300.6,622.7,60.01,215.3,2.8,1.2,1364.6,38.7,0.7,0.5,0,310.76006733134795,3183.8281743524954,10.2452937460518,34.0,33.0,2025-10-26 09:16:03
162,2.2,364.6,154.3,1.9,301.4,624.4,60.05,215.3,2.9,1.2,1364.6,38.7,0.7,0.5,0,310.76006733134795,2577.3847125710677,8.293809222994314,34.0,32.937,2025-10-26 09:16:18
161.5,2.2,360.9,150.9,2,299.5,621.5,60.02,215.2,2.9,1.2,1364.6,38.7,0.7,0.5,0,310.76006733134795,1288.6923562855338,4.146904611497157,34.0,33.0,2025-10-26 09:16:33
161.8,2.2,364.0,152.1,1.9,302.8,624.4,60.02,215.3,2.9,1.2,1364.6,38.7,0.7,0.5,0,310.76006733134795,3449.14718888187,11.09906822488945,33.875,33.0,2025-10-26 09:16:48
161.7,2.2,362.0,149.7,2,301.9,621.2,60.04,215.4,2.8,1.2,1364.6,38.7,0.7,0.5,0,310.76006733134795,1326.595072646873,4.268872394188249,33.687,32.937,2025-10-26 09:17:03
162.4,2.2,363.0,153.3,1.9,301.2,621.6,59.99,215.4,2.8,1.2,1364.6,38.6,0.7,0.5,0,310.76006733134795,3259.6336070751736,10.489229311433984,33.625,33.0,2025-10-26 09:17:18
161.8,2.2,355.3,151.4,2,300.6,612.1,59.99,215.3,2.8,1.2,1364.6,38.6,0.7,0.5,0,310.76006733134795,2918.5091598231206,9.39151926721415,33.625,33.125,2025-10-26 09:17:33
162.5,2.2,356.3,151.4,1.9,299.9,612.5,59.95,215.3,2.9,1.2,1364.6,38.5,0.7,0.5,0,310.76006733134795,1857.233101705622,5.976421351863548,33.625,33.062,2025-10-26 09:17:48
161.9,2.2,358.5,151.4,2,299.0,615.2,59.99,215.4,2.9,1.2,1364.6,38.5,0.7,0.5,0,271.91505891492943,3638.660770688566,13.381608158108474,33.687,33.0,2025-10-26 09:18:03
161.5,2.2,354.3,151.4,1.9,298.4,613.5,59.98,215.3,2.8,1.2,1364.6,38.5,0.7,0.5,0,271.91505891492943,2728.9955780164246,10.036206118581356,33.687,33.062,2025-10-26 09:18:18
162.7,2.2,333.1,151.6,1.9,295.1,587.0,59.99,215.2,2.8,1.2,1364.6,38.5,0.7,0.5,0,271.91505891492943,1516.108654453569,5.57567006587853,33.75,33.062,2025-10-26 09:18:33
162.2,2.2,349.3,151.6,1.9,293.0,602.3,60.01,215.1,2.8,1.3,1364.7,38.5,0.7,0.5,0,271.91505891492943,1288.6923562855338,4.739319555996751,33.687,33.062,2025-10-26 09:18:48
164.6,2.1,316.4,153.7,1.9,293.5,585.3,59.98,215,2.8,1.3,1364.7,38.4,0.7,0.5,0,271.91505891492943,2160.454832596336,7.945329843876906,33.625,32.937,2025-10-26 09:19:03
160.1,2.1,340.6,149.7,1.9,288.3,589.4,59.98,214.8,2.8,1.3,1364.7,38.4,0.7,0.5,0,271.91505891492943,3145.925457991156,11.569515386697951,33.687,32.875,2025-10-26 09:19:18
164.1,2.1,312.0,153,1.9,292.8,566.8,59.99,214.9,2.7,1.3,1364.7,38.4,0.7,0.5,0,271.91505891492943,2766.8982943777637,10.17559787022832,33.75,32.875,2025-10-26 09:19:33
159,2.1,334.5,152.2,1.9,289.6,585.8,59.99,215,2.7,1.3,1364.7,38.4,0.7,0.5,0,271.91505891492943,1516.108654453569,5.57567006587853,33.812,32.875,2025-10-26 09:19:48
164.8,2,309.4,148.7,1.9,286.6,560.1,60.03,214.9,2.7,1.3,1364.7,38.4,0.7,0.5,0,271.91505891492943,1933.0385344283006,7.108979333995126,33.875,32.812,2025-10-26 09:20:03
159.1,2,328.8,154.4,1.9,288.4,577.6,60.03,214.8,2.7,1.3,1364.7,38.3,0.7,0.6,0,271.91505891492943,2766.8982943777637,10.17559787022832,33.937,32.75,2025-10-26 09:20:18
164.7,1.9,300.1,149,1.9,285.5,549.9,60.03,214.9,2.7,1.3,1364.7,38.4,0.7,0.6,0,271.91505891492943,2387.871130764371,8.781680353758684,34.0,32.75,2025-10-26 09:20:33
159.5,2,325.3,154,1.9,287.6,571.8,59.99,214.7,2.7,1.3,1364.7,38.3,0.7,0.6,0,271.91505891492943,1819.330385344283,6.690804079054237,34.0,32.75,2025-10-26 09:20:48
164.6,1.8,315.3,147.9,1.9,288.1,562.4,60.03,214.7,2.6,1.3,1364.7,38.3,0.7,0.6,0,271.91505891492943,2728.9955780164246,10.036206118581356,34.0,32.687,2025-10-26 09:21:03
159,2,319.9,154.5,1.8,288.5,570.2,60.03,214.7,2.6,1.3,1364.7,38.3,0.7,0.6,0,271.91505891492943,2956.4118761844597,10.872556628463135,34.0,32.75,2025-10-26 09:21:18
162.9,1.7,305.1,148.4,1.9,286.5,550.7,60.02,214.7,2.5,1.3,1364.7,38.3,0.7,0.6,0,271.91505891492943,1478.2059380922299,5.436278314231568,34.0,32.687,2025-10-26 09:21:33
160.2,2,319.0,153,1.8,290.6,571.0,60,214.5,2.6,1.3,1364.7,38.3,0.7,0.6,0,271.91505891492943,1970.9412507896398,7.2483710856420895,34.062,32.687,2025-10-26 09:21:48
163.5,1.8,313.7,149.2,1.9,289.0,565.8,59.98,214.4,2.5,1.3,1364.7,38.3,0.8,0.6,0,271.91505891492943,2463.67656348705,9.060463857052612,34.0,32.687,2025-10-26 09:22:03
159.3,2,316.1,153.9,1.8,289.9,568.0,59.97,214.7,2.6,1.3,1364.7,38.3,0.8,0.6,0,271.91505891492943,3828.1743524952617,14.078566916343288,33.875,32.687,2025-10-26 09:22:18
162.1,1.8,318.3,151.3,1.9,291.4,559.8,59.99,214.6,2.5,1.3,1364.7,38.2,0.8,0.6,0,271.91505891492943,1743.5249526216046,6.412020575760311,33.875,32.625,2025-10-26 09:22:33
162.1,2,318.2,151.5,1.8,292.2,571.3,60.04,214.6,2.6,1.3,1364.7,38.2,0.8,0.6,0,271.91505891492943,3941.8825015792795,14.496742171284179,33.875,32.5,2025-10-26 09:22:48
162.6,1.8,318.1,150.3,1.9,292.4,572.1,60.02,214.7,2.5,1.3,1364.7,38.1,0.8,0.6,0,271.91505891492943,2994.3145925457993,11.011948380110098,33.875,32.562,2025-10-26 09:23:03
162,2,318.9,151.3,1.8,292.4,572.2,59.96,214.8,2.6,1.3,1364.7,38.1,0.8,0.6,0,271.91505891492943,3600.758054327227,13.24221640646151,33.937,32.5,2025-10-26 09:23:18
162,2,320.2,151.4,1.9,293.4,574.1,59.98,214.9,2.5,1.3,1364.7,38.1,0.8,0.6,0,271.91505891492943,4017.687934301958,14.775525674578105,33.937,32.437,2025-10-26 09:23:33
161.9,2,321.3,151.5,1.8,294.0,576.1,59.96,214.8,2.6,1.3,1364.7,38.1,0.8,0.6,0,271.91505891492943,4055.5906506632973,14.914917426225069,33.937,32.312,2025-10-26 09:23:48
162,2,322.3,151.5,1.9,294.3,577.1,59.98,214.7,2.5,1.3,1364.7,38,0.8,0.6,0,271.91505891492943,1781.427668982944,6.551412327407275,33.937,32.312,2025-10-26 09:24:03
162,2,323.6,151.3,1.9,294.9,578.7,59.96,214.7,2.7,1.3,1364.7,38,0.8,0.6,0,271.91505891492943,3487.049905243209,12.824041151520621,34.0,32.25,2025-10-26 09:24:18
162,2,324.8,151.4,1.9,296.2,581.2,59.98,214.8,2.7,1.3,1364.7,37.9,0.8,0.6,0,271.91505891492943,1212.8869235628554,4.460536052702825,34.0,32.312,2025-10-26 09:24:33
162,2,326.4,151.4,1.9,296.4,582.9,59.97,214.7,2.7,1.3,1364.7,37.9,0.8,0.6,0,271.91505891492943,2008.843967150979,7.387762837289053,33.937,32.312,2025-10-26 09:24:48
162.1,2,326.7,151.4,1.9,297.4,584.7,60.03,214.7,2.7,1.3,1364.7,37.9,0.8,0.6,0,271.91505891492943,3373.3417561591914,12.405865896579732,33.937,32.312,2025-10-26 09:25:03
162,2,328.3,149.2,1.9,293.3,580.7,60.02,214.7,2.7,1.3,1364.7,37.9,0.8,0.6,0,271.91505891492943,1212.8869235628554,4.460536052702825,33.937,32.312,2025-10-26 09:25:18
162.1,2,330.0,152.5,1.9,299.4,588.5,60.02,214.7,2.7,1.3,1364.7,37.8,0.8,0.6,0,271.91505891492943,2994.3145925457993,11.011948380110098,33.937,32.375,2025-10-26 09:25:33
162,2,321.7,151.4,2,300.7,590.8,60.02,214.7,2.7,1.3,1364.7,37.8,0.8,0.6,0,271.91505891492943,3903.9797852179404,14.357350419637216,33.937,32.375,2025-10-26 09:25:48
162,2,332.1,151.4,2,300.3,592.4,59.98,214.8,2.7,1.3,1364.7,37.8,0.8,0.6,0,271.91505891492943,4207.201516108655,15.472484432812925,33.812,32.375,2025-10-26 09:26:03
162,2.1,330.1,151.4,2,301.3,593.4,59.99,214.8,2.7,1.3,1364.7,37.8,0.8,0.6,0,271.91505891492943,1781.427668982944,6.551412327407275,33.75,32.375,2025-10-26 09:26:18
161.8,2.1,336.7,151.3,2,303.1,599.5,60.02,215,2.8,1.3,1364.7,37.8,0.8,0.6,0,271.91505891492943,1326.595072646873,4.878711307643714,33.75,32.5,2025-10-26 09:26:33
163.1,2.1,325.3,154.4,1.9,301.9,600.1,60,214.9,2.8,1.3,1364.7,37.7,0.8,0.6,0,271.91505891492943,1326.595072646873,4.878711307643714,33.812,32.562,2025-10-26 09:26:48
161.9,2.1,338.8,151.3,2,305.8,603.5,59.99,214.9,2.8,1.3,1364.7,37.7,0.8,0.6,0,271.91505891492943,1743.5249526216046,6.412020575760311,33.812,32.687,2025-10-26 09:27:03
162.2,2.1,337.9,151.3,2,304.1,600.1,60,214.9,2.8,1.3,1364.7,37.7,0.8,0.6,0,271.91505891492943,1288.6923562855338,4.739319555996751,33.812,32.687,2025-10-26 09:27:18
159.5,2.2,346.8,151.8,2,306.9,615.2,60.03,215,2.8,1.3,1364.7,37.7,0.8,0.6,0,310.76006733134795,1440.3032217308908,4.634775742261528,33.875,32.812,2025-10-26 09:27:33
164.5,2.2,339.2,153.3,2,307.0,608.5,60.01,214.8,2.9,1.3,1364.7,37.8,0.8,0.6,0,310.76006733134795,2842.703727100442,9.147583701831962,33.812,32.875,2025-10-26 09:27:48
160.9,2.2,354.6,149.7,2,310.0,621.9,60.04,214.8,2.9,1.3,1364.7,37.8,0.8,0.6,0,310.76006733134795,1554.0113708149083,5.000679090334806,33.75,32.875,2025-10-26 09:28:03
165,2.2,347.4,151.5,2,311.2,620.9,60.03,214.7,2.9,1.3,1364.7,37.8,0.8,0.6,0,310.76006733134795,1819.330385344283,5.854453569172457,33.687,32.937,2025-10-26 09:28:18
159,2.2,360.0,154.4,2,310.8,628.2,60.02,214.7,2.9,1.3,1364.7,37.8,0.8,0.6,0,310.76006733134795,3335.4390397978523,10.73316487681617,33.75,32.937,2025-10-26 09:28:33
165.4,2.2,360.9,151.6,2,312.9,633.1,60.01,214.8,2.9,1.3,1364.7,37.8,0.8,0.6,0,310.76006733134795,1895.1358180669613,6.098389134554642,33.812,32.875,2025-10-26 09:28:48
159.5,2.3,365.7,148.9,2,307.9,631.2,60,214.9,2.9,1.4,1364.8,37.8,0.8,0.6,0,310.76006733134795,1516.108654453569,4.878711307643713,33.937,32.875,2025-10-26 09:29:03
164.2,2.2,366.4,151.5,2,312.5,622.8,60,214.9,2.9,1.4,1364.8,37.9,0.8,0.6,0,310.76006733134795,1478.2059380922299,4.756743524952621,33.937,32.812,2025-10-26 09:29:18
159.1,2.3,363.3,154.4,2,309.8,630.5,60.01,214.9,2.9,1.4,1364.8,37.9,0.8,0.6,0,310.76006733134795,1174.984207201516,3.781001263423878,33.937,32.812,2025-10-26 09:29:33
164.8,2.1,359.7,151.4,2,310.3,629.0,59.99,214.9,2.9,1.4,1364.8,37.9,0.8,0.6,0,310.76006733134795,1364.4977890082123,4.390840176879343,33.937,32.812,2025-10-26 09:29:48
161,2.3,365.6,151.5,2,308.0,627.4,59.99,214.9,2.9,1.4,1364.8,37.9,0.8,0.6,0,310.76006733134795,1288.6923562855338,4.146904611497157,34.0,32.75,2025-10-26 09:30:03
162.9,2.1,366.0,152.8,2,309.1,632.2,59.99,214.9,2.8,1.4,1364.8,37.9,0.8,0.6,0,310.76006733134795,3790.2716361339226,12.196778269109284,34.062,32.75,2025-10-26 09:30:18
159.8,2.3,365.9,152.3,2,306.8,628.0,60,215,2.9,1.4,1364.8,37.8,0.8,0.6,0,310.76006733134795,4093.493367024637,13.172520530638028,34.0,32.687,2025-10-26 09:30:33
163.8,2,366.6,149,2,305.2,628.6,60.02,215,2.8,1.4,1364.8,37.8,0.8,0.6,0,310.76006733134795,4245.104232469994,13.6603916614024,34.0,32.625,2025-10-26 09:30:48
162,2.3,366.4,151.4,2,306.1,627.1,60.01,214.9,2.9,1.4,1364.8,37.8,0.8,0.6,0,310.76006733134795,1250.7896399241945,4.024936828806064,34.062,32.562,2025-10-26 09:31:03
162.2,2.2,367.0,154.3,1.9,304.4,629.3,60.01,215,2.8,1.4,1364.8,37.7,0.8,0.6,0,310.76006733134795,1174.984207201516,3.781001263423878,34.062,32.5,2025-10-26 09:31:18
161.4,2.3,367.1,151.2,2,306.0,630.6,60.02,214.8,2.9,1.4,1364.8,37.7,0.8,0.6,0,310.76006733134795,2691.092861655085,8.659712571067592,34.062,32.562,2025-10-26 09:31:33
162.1,2.2,366.6,148.2,2,299.5,624.7,59.97,214.8,2.8,1.4,1364.8,37.7,0.8,0.6,0,310.76006733134795,3638.660770688566,11.708907138344914,34.062,32.625,2025-10-26 09:31:48
162.1,2.3,366.7,151.4,1.9,305.1,629.7,59.99,214.8,2.9,1.4,1364.8,37.7,0.8,0.6,0,310.76006733134795,3411.2444725205305,10.977100442198356,34.187,32.687,2025-10-26 09:32:03
162,2.2,367.2,154.4,2,304.0,629.0,60.02,214.9,2.9,1.4,1364.8,37.7,0.8,0.6,0,310.76006733134795,3941.8825015792795,12.684649399873654,34.187,32.75,2025-10-26 09:32:18
162.2,2.3,367.0,151.4,2,306.4,631.2,60.01,214.9,2.9,1.4,1364.8,37.7,0.8,0.6,0,310.76006733134795,4131.3960833859755,13.294488313329119,34.062,32.75,2025-10-26 09:32:33
162,2.3,368.1,150.5,2,303.2,628.4,60.02,214.9,2.9,1.4,1364.8,37.7,0.8,0.6,0,310.76006733134795,3449.14718888187,11.09906822488945,34.187,32.75,2025-10-26 09:32:48
161.9,2.3,368.6,153.8,2,307.9,634.2,60.02,214.7,2.9,1.4,1364.8,37.6,0.8,0.6,0,310.76006733134795,1288.6923562855338,4.146904611497157,34.25,32.687,2025-10-26 09:33:03
162,2.3,371.9,151.7,2,309.8,639.7,60.04,215.2,2.9,1.4,1364.8,37.6,0.8,0.6,0,310.76006733134795,3524.9526216045483,11.343003790271634,34.25,32.687,2025-10-26 09:33:18
162.5,2.3,373.2,151.4,2.1,312.9,641.3,60.02,215,2.9,1.4,1364.8,37.6,0.8,0.6,0,310.76006733134795,4169.298799747316,13.416456096020214,34.312,32.812,2025-10-26 09:33:33
162,2.3,380.0,151.4,2.1,314.8,651.0,60.02,214.9,3,1.4,1364.8,37.6,0.8,0.6,0,310.76006733134795,1174.984207201516,3.781001263423878,34.25,32.75,2025-10-26 09:33:48
162,2.4,385.0,154.4,2,315.9,656.5,60.01,215.1,3,1.4,1364.8,37.6,0.8,0.6,0,310.76006733134795,2236.2602653190143,7.196099178774477,34.062,32.75,2025-10-26 09:34:03
162.3,2.4,388.6,151.4,2.1,320.9,666.9,60.01,215.1,3.1,1.4,1364.8,37.6,0.8,0.6,0,310.76006733134795,4169.298799747316,13.416456096020214,33.937,32.75,2025-10-26 09:34:18
161.8,2.4,396.8,148.3,2.1,316.4,668.7,60.01,215.3,3.1,1.4,1364.8,37.6,0.8,0.6,0,310.76006733134795,1212.8869235628554,3.902969046114971,34.062,32.75,2025-10-26 09:34:33
161.9,2.5,403.3,151.4,2.1,325.5,683.3,60.04,215.2,3.1,1.4,1364.8,37.6,0.8,0.6,0,349.6050757477664,1705.6222362602653,4.878711307643714,34.125,32.625,2025-10-26 09:34:48
162,2.5,411.5,154.3,2.1,328.2,694.3,60.02,215.3,3.2,1.4,1364.8,37.6,0.8,0.6,0,349.6050757477664,1781.427668982944,5.095542921316769,34.062,32.687,2025-10-26 09:35:03
161.5,2.6,417.4,154.4,2.1,331.5,705.2,59.99,215.3,3.3,1.4,1364.8,37.6,0.8,0.6,0,349.6050757477664,4245.104232469994,12.142570365691023,34.062,32.687,2025-10-26 09:35:18
162.4,2.6,423.6,154.5,2.1,334.9,710.8,60.03,215.2,3.3,1.4,1364.8,37.6,0.8,0.6,0,349.6050757477664,3335.4390397978523,9.540591001614375,34.125,32.687,2025-10-26 09:35:33
162,2.7,434.4,154.4,2.2,337.4,722.5,59.99,215.4,3.3,1.4,1364.8,37.6,0.8,0.6,0,349.6050757477664,4358.812381554011,12.467817786200603,34.312,32.812,2025-10-26 09:35:48
164.7,2.8,435.6,154.6,2.2,341.0,734.3,59.97,215.4,3.4,1.4,1364.8,37.6,0.8,0.6,0,349.6050757477664,3866.0770688566013,11.058412297325752,34.312,32.875,2025-10-26 09:36:03
160.4,2.8,452.8,156.6,2.2,331.8,734.8,60,215.3,3.5,1.4,1364.8,37.6,0.8,0.6,0,388.4500841641849,1326.595072646873,3.4150979153506,34.312,32.937,2025-10-26 09:36:18
158,3,472.7,153.2,2.2,345.7,763.9,60.02,215.4,3.6,1.4,1364.8,37.6,0.8,0.6,0,388.4500841641849,2122.552116234997,5.464156664560961,34.437,32.937,2025-10-26 09:36:33
157.6,3.2,504.1,155.8,2.3,344.3,793.9,60.03,215.3,3.7,1.4,1364.8,37.6,0.8,0.6,0,388.4500841641849,1402.4005053695514,3.6102463676563485,34.375,32.937,2025-10-26 09:36:48
159.2,3.2,515.0,151.4,2.3,350.5,810.8,60.01,215.6,3.8,1.4,1364.8,37.6,0.8,0.6,0,427.2950925806034,3145.925457991156,7.36241888244415,34.312,33.062,2025-10-26 09:37:03
159.3,3.2,501.5,157.7,2.3,346.2,794.9,60.01,215.6,3.8,1.4,1364.8,37.6,0.8,0.6,0,388.4500841641849,3183.8281743524954,8.19623499684144,34.312,33.187,2025-10-26 09:37:18
159.2,3.5,545.5,151.7,2.3,355.5,845.2,59.97,215.7,4,1.4,1364.8,37.7,0.8,0.6,0,466.14010099702193,2274.1629816803534,4.878711307643713,34.375,33.187,2025-10-26 09:37:33
156.1,3.4,537.8,157,2.3,353.1,833.9,60,215.6,3.9,1.5,1364.9,37.7,0.8,0.6,0,427.2950925806034,1478.2059380922299,3.459449836329179,34.437,33.187,2025-10-26 09:37:48
163.6,3.3,540.4,151.4,2.3,354.6,838.8,59.99,215.7,3.9,1.5,1364.9,37.8,0.8,0.6,0,427.2950925806034,1288.6923562855338,3.015930626543387,34.312,33.25,2025-10-26 09:38:03
161.8,3.4,540.5,157.5,2.2,354.1,839.5,59.98,215.6,3.9,1.5,1364.9,37.8,0.9,0.6,0,427.2950925806034,3411.2444725205305,7.983345776144259,34.312,33.187,2025-10-26 09:38:18
160.2,3.4,538.8,151.4,2.3,353.4,841.3,59.97,215.5,3.9,1.5,1364.9,37.8,0.9,0.6,0,427.2950925806034,1212.8869235628554,2.83852294262907,34.375,33.187,2025-10-26 09:38:33
164,3.3,523.6,155.6,2.2,359.7,827.7,59.99,215.4,3.9,1.5,1364.9,37.8,0.9,0.6,0,427.2950925806034,3070.1200252684775,7.185011198529834,34.5,33.187,2025-10-26 09:38:48
161,4,650.6,151.3,2.4,369.0,957.4,60.02,215.5,4.3,1.5,1364.9,37.9,0.9,0.6,0,466.14010099702193,1326.595072646873,2.845914929458833,34.625,33.125,2025-10-26 09:39:03
166.3,3.4,618.2,155.2,2.4,374.6,931.7,60.03,215.4,4.1,1.5,1364.9,37.9,0.9,0.6,0,504.9851094134404,3524.9526216045483,6.980310024782545,34.687,33.187,2025-10-26 09:39:18
163.5,3.7,611.1,158.9,2.3,355.9,909.6,60.01,215.2,4.2,1.5,1364.9,37.9,0.9,0.7,0,466.14010099702193,2842.703727100442,6.098389134554642,34.437,33.125,2025-10-26 09:39:33
160.8,3.2,525.9,153.1,2.2,354.8,825.8,60.02,215,3.8,1.5,1364.9,38,0.9,0.7,0,388.4500841641849,1705.6222362602653,4.390840176879343,34.5,33.187,2025-10-26 09:39:48
163.1,3,487.7,152.3,2.3,350.2,785.1,60.04,215,3.6,1.5,1364.9,38,0.9,0.7,0,388.4500841641849,1212.8869235628554,3.1223752368919775,34.562,33.187,2025-10-26 09:40:03
160.4,2.9,473.6,153.1,2.3,349.8,769.9,60.01,214.8,3.6,1.5,1364.9,38,0.9,0.7,0,349.6050757477664,3335.4390397978523,9.540591001614375,34.562,33.187,2025-10-26 09:40:18
163.5,2.9,466.2,152.6,2.3,348.0,762.5,59.98,215,3.6,1.5,1364.9,38,0.9,0.7,0,349.6050757477664,1326.595072646873,3.7945532392784442,34.5,33.187,2025-10-26 09:40:33
160.5,2.9,463.5,153,2.3,350.0,762.3,60.01,214.9,3.5,1.5,1364.9,38,0.9,0.7,0,349.6050757477664,1364.4977890082123,3.9029690461149715,34.625,33.125,2025-10-26 09:40:48
159.3,2.9,461.5,155.9,2.2,349.3,759.7,60.03,215,3.5,1.5,1364.9,38,0.9,0.7,0,349.6050757477664,2577.3847125710677,7.372274864883836,34.562,33.125,2025-10-26 09:41:03
162.5,2.8,461.7,152.9,2.3,354.7,763.9,60.02,215,3.5,1.5,1364.9,38,0.9,0.7,0,349.6050757477664,1402.4005053695514,4.011384852951498,34.687,33.187,2025-10-26 09:41:18
161.3,2.9,460.5,152.8,2.3,356.0,765.4,60.02,215,3.6,1.5,1364.9,38.1,0.9,0.7,0,349.6050757477664,2349.968414403032,6.721780023864673,34.75,33.375,2025-10-26 09:41:33
157.8,2.9,461.2,152.9,2.3,357.8,764.6,60.04,215,3.6,1.5,1364.9,38.1,0.9,0.7,0,349.6050757477664,1554.0113708149083,4.445048080297606,34.75,33.5,2025-10-26 09:41:48
160.5,2.9,465.6,152.8,2.3,359.2,771.2,60.03,215.1,3.6,1.5,1364.9,38.1,0.9,0.7,0,349.6050757477664,2766.8982943777637,7.9143538990664695,34.812,33.625,2025-10-26 09:42:03
163.5,2.8,465.1,155.2,2.3,356.8,770.6,60,215.1,3.6,1.5,1364.9,38.2,0.9,0.7,0,349.6050757477664,2160.454832596336,6.179700989682038,34.875,33.687,2025-10-26 09:42:18
160.6,2.9,467.1,151.1,2.4,355.1,769.1,60.04,215.2,3.6,1.5,1364.9,38.2,0.9,0.7,0,349.6050757477664,2160.454832596336,6.179700989682038,34.937,33.687,2025-10-26 09:42:33
157.5,2.9,464.0,154.3,2.4,358.9,767.8,60.04,215,3.6,1.5,1364.9,38.2,0.9,0.7,0,349.6050757477664,2691.092861655085,7.697522285393415,35.0,33.687,2025-10-26 09:42:48
160.6,2.8,468.2,149.8,2.4,357.7,770.6,60.03,214.8,3.6,1.5,1364.9,38.2,0.9,0.7,0,349.6050757477664,2236.2602653190143,6.396532603355092,35.062,33.75,2025-10-26 09:43:03
163.5,2.9,466.2,152.9,2.3,361.7,775.6,60.03,214.9,3.6,1.5,1364.9,38.3,0.9,0.7,0,349.6050757477664,2956.4118761844597,8.456432933249104,35.062,33.875,2025-10-26 09:43:18
157.8,3,465.4,155.7,2.3,359.6,772.1,60.01,214.6,3.6,1.5,1364.9,38.3,0.9,0.7,0,349.6050757477664,2956.4118761844597,8.456432933249104,34.937,34.0,2025-10-26 09:43:33
163,2.9,473.6,153,2.3,361.3,781.4,60,214.8,3.6,1.5,1364.9,38.3,0.9,0.7,0,349.6050757477664,1743.5249526216046,4.987127114480241,34.75,33.937,2025-10-26 09:43:48
157.7,3,473.5,152.6,2.3,358.2,778.2,59.99,214.9,3.6,1.5,1364.9,38.3,0.9,0.7,0,349.6050757477664,1933.0385344283006,5.529206148662876,34.812,33.875,2025-10-26 09:44:03
163.3,2.9,478.2,155.8,2.3,360.4,785.9,59.97,214.8,3.7,1.5,1364.9,38.3,0.9,0.7,0,349.6050757477664,2691.092861655085,7.697522285393415,34.812,33.875,2025-10-26 09:44:18
159.8,3.1,485.2,156.1,2.1,352.7,781.3,59.97,214.9,3.6,1.5,1364.9,38.3,0.9,0.7,0,388.4500841641849,2349.968414403032,6.049602021478206,34.812,33.937,2025-10-26 09:44:33
161.7,3,498.8,155.9,2.3,362.9,807.1,59.98,214.9,3.7,1.5,1364.9,38.3,0.9,0.7,0,388.4500841641849,1364.4977890082123,3.5126721415034745,34.875,33.937,2025-10-26 09:44:48
160.6,3.3,526.4,154.4,2.4,365.9,835.7,59.97,215,3.9,1.5,1364.9,38.3,0.9,0.7,0,388.4500841641849,3335.4390397978523,8.586531901452938,34.937,33.875,2025-10-26 09:45:03
156.6,4.3,633.1,151.1,2.6,390.9,956.2,59.96,215.2,4.6,1.6,1365.0,38.4,0.9,0.7,0,621.5201346626959,2236.2602653190143,3.5980495893872386,35.0,33.937,2025-10-26 09:45:18
156.5,4.7,817.2,149.8,2.6,395.3,1138.1,59.97,215.3,4.9,1.6,1365.0,38.5,0.9,0.7,0,504.9851094134404,2501.579279848389,4.953768404684387,35.125,34.0,2025-10-26 09:45:33
164.7,4.7,733.1,157.4,2.6,402.3,1066.4,59.99,215.5,5,1.6,1365.0,38.6,0.9,0.7,0,582.6751262462774,1857.233101705622,3.1874247209938926,35.187,34.0,2025-10-26 09:45:48
158.8,4.2,681.5,154.4,2.4,381.6,996.7,59.94,215.5,4.5,1.6,1365.0,38.7,0.9,0.7,0,466.14010099702193,3108.0227416298167,6.667572120446409,35.25,34.0,2025-10-26 09:46:03
161.7,3.8,608.2,159.3,2.2,367.6,909.9,59.97,215.4,4.2,1.6,1365.0,38.7,0.9,0.7,0,466.14010099702193,1895.1358180669613,4.065592756369761,35.312,34.062,2025-10-26 09:46:18
159.3,3.9,623.2,159.6,2.2,367.3,929.3,60.01,215.5,4.2,1.6,1365.0,38.8,0.9,0.7,0,466.14010099702193,1402.4005053695514,3.0085386397136236,35.375,34.125,2025-10-26 09:46:33
160.8,4.5,705.7,157.2,2.5,389.9,1023.9,60.01,215.4,4.8,1.6,1365.0,38.8,0.9,0.7,0,543.8301178298589,1516.108654453569,2.787835032939265,35.375,34.187,2025-10-26 09:46:48
162.1,5.2,898.9,157.3,2.5,398.7,1179.6,60.04,215.5,5.2,1.6,1365.0,38.9,0.9,0.7,0,543.8301178298589,2842.703727100442,5.227190686761122,35.437,34.187,2025-10-26 09:47:03
158.9,4.3,675.3,157.3,2.4,382.1,989.7,60.03,215.4,4.5,1.6,1365.0,38.9,0.9,0.7,0,504.9851094134404,3070.1200252684775,6.079624860294475,35.437,34.187,2025-10-26 09:47:18
163.9,5.2,757.1,152,2.7,401.1,1082.2,60.02,215.5,5.5,1.6,1365.0,39,0.9,0.7,0,660.3651430791144,2691.092861655085,4.075158856972984,35.5,34.062,2025-10-26 09:47:33
158,6.5,1020.6,156,2.7,432.0,1357.7,59.96,215.8,6.2,1.6,1365.0,39.1,0.9,0.7,0,699.2101514955328,3145.925457991156,4.499255983715869,35.5,34.0,2025-10-26 09:47:48
162,5.8,939.1,152.9,2.7,411.5,1263.1,59.97,216,5.8,1.6,1365.0,39.2,0.9,0.7,0,660.3651430791144,2349.968414403032,3.558589424398944,35.562,34.0,2025-10-26 09:48:03
163,4.7,763.8,155.9,2.4,388.3,1076.4,59.98,215.7,4.8,1.6,1365.0,39.3,0.9,0.7,0,504.9851094134404,1250.7896399241945,2.4768842023421933,35.562,34.062,2025-10-26 09:48:18
161,4.4,714.7,155.4,2.6,394.8,1038.2,59.97,215.6,4.8,1.6,1365.0,39.3,1.0,0.7,0,582.6751262462774,1857.233101705622,3.1874247209938926,35.562,34.062,2025-10-26 09:48:33
162.5,6.2,1019.1,155.9,2.8,443.8,1341.7,60,216,6.4,1.6,1365.0,39.4,1.0,0.7,0,776.9001683283698,3145.925457991156,4.049330385344283,35.625,34.062,2025-10-26 09:48:48
157.7,7.3,1150.3,155.5,2.9,458.4,1503.2,60.05,216.2,6.9,1.6,1365.0,39.4,1.0,0.7,0,854.5901851612068,2766.8982943777637,3.237690231436283,35.687,34.125,2025-10-26 09:49:03
157.6,6.3,981.3,155.8,2.8,431.4,1321.0,60.03,216.2,6.1,1.6,1365.0,39.5,1.0,0.7,0,738.0551599119514,1970.9412507896398,2.6704525052365593,35.687,34.062,2025-10-26 09:49:18
160.8,5.6,881.9,158.9,2.6,411.1,1212.3,60.02,215.8,5.5,1.6,1365.0,39.5,1.0,0.7,0,660.3651430791144,3221.7308907138345,4.878711307643714,35.687,34.062,2025-10-26 09:49:33
159,5.5,870.4,154,2.7,417.3,1205.5,60.04,215.8,5.5,1.6,1365.0,39.6,1.0,0.7,0,660.3651430791144,1895.1358180669613,2.8698301809668902,35.75,34.062,2025-10-26 09:49:48
158.5,6,918.5,157.8,2.6,425.4,1255.3,60.03,215.7,5.9,1.6,1365.0,39.6,1.0,0.7,0,699.2101514955328,2122.552116234997,3.035642591422756,35.812,34.187,2025-10-26 09:50:03
162.3,5.1,852.0,155.7,2.7,422.6,1188.6,60.03,215.5,5.4,1.6,1365.0,39.7,1.0,0.7,0,660.3651430791144,3032.217308907138,4.591728289547024,35.812,34.312,2025-10-26 09:50:18
160.6,5.6,946.1,157.1,2.8,435.8,1279.6,59.98,215.7,5.7,1.7,1365.1,39.7,1.0,0.7,0,699.2101514955328,2463.67656348705,3.523513722187127,35.875,34.5,2025-10-26 09:50:33
157.7,5.2,824.6,155.7,2.7,420.8,1165.7,59.98,215.7,5.4,1.7,1365.1,39.8,1.0,0.7,0,621.5201346626959,2046.7466835123184,3.293130132659507,35.937,34.687,2025-10-26 09:50:48
159.7,5.2,813.4,155.9,2.7,425.4,1160.9,59.99,215.7,5.4,1.7,1365.1,39.8,1.0,0.7,0,621.5201346626959,1402.4005053695514,2.2564039797852176,35.937,34.75,2025-10-26 09:51:03
160.6,5.1,848.8,155.8,2.8,439.5,1208.5,60.02,215.8,5.3,1.7,1365.1,39.9,1.0,0.7,0,660.3651430791144,2425.7738471257107,3.6733826316376197,35.937,34.875,2025-10-26 09:51:18
160.6,6.5,1019.2,158.9,3,469.8,1394.0,60.02,216,6.5,1.7,1365.1,39.9,1.0,0.7,0,815.7451767447883,1819.330385344283,2.2302680263514123,35.937,35.0,2025-10-26 09:51:33
160.5,6.6,1056.0,155.7,2.9,477.4,1433.4,60.03,216,6.4,1.7,1365.1,40,1.0,0.7,0,776.9001683283698,1326.595072646873,1.7075489576753,36.0,35.062,2025-10-26 09:51:48
159.3,5.8,922.8,155.8,2.9,459.8,1295.3,60.01,215.9,5.9,1.7,1365.1,40.2,1.0,0.7,0,699.2101514955328,2008.843967150979,2.873018881167965,35.937,35.125,2025-10-26 09:52:03
158.8,6.4,1001.3,156.8,3,469.4,1374.6,60.03,216,6.3,1.7,1365.1,40.2,1.0,0.7,0,738.0551599119514,3411.2444725205305,4.621937028294044,36.062,35.312,2025-10-26 09:52:18
158.1,5.6,885.4,155.4,2.9,449.0,1248.3,60.02,215.8,5.8,1.7,1365.1,40.3,1.0,0.7,0,660.3651430791144,1440.3032217308908,2.181070937534837,36.125,35.375,2025-10-26 09:52:33
160.4,4.8,776.1,155.9,2.8,438.9,1137.7,60.01,215.6,5.2,1.7,1365.1,40.3,1.0,0.7,0,582.6751262462774,1970.9412507896398,3.3825731732996416,36.187,35.437,2025-10-26 09:52:48
155.9,5.5,845.2,153.4,2.9,452.5,1213.6,60.04,215.6,5.6,1.7,1365.1,40.4,1.0,0.7,0,660.3651430791144,2653.190145293746,4.017762253353647,36.125,35.437,2025-10-26 09:53:03
154.5,4.7,726.7,158.2,2.8,425.0,1078.1,60.03,215.6,4.9,1.7,1365.1,40.4,1.0,0.7,0,543.8301178298589,3259.6336070751736,5.99384532081942,35.875,35.437,2025-10-26 09:53:18
156.8,5.1,796.1,154.4,2.9,441.2,1158.1,60.01,215.7,5.4,1.7,1365.1,40.5,1.0,0.7,0,621.5201346626959,2274.1629816803534,3.6590334807327847,35.812,35.437,2025-10-26 09:53:33
156,5.2,810.9,157.1,2.8,432.1,1163.3,60.03,215.3,5.4,1.7,1365.1,40.5,1.0,0.7,0,582.6751262462774,1326.595072646873,2.2767319435670665,35.875,35.5,2025-10-26 09:53:48
156.1,3.8,610.2,153,2.6,409.1,953.9,60.01,215.2,4.4,1.7,1365.1,40.5,1.0,0.7,0,466.14010099702193,1857.233101705622,3.9842809012423657,35.812,35.562,2025-10-26 09:54:03
156.5,4.6,693.1,158.8,2.7,417.3,1037.8,59.97,215.3,4.9,1.7,1365.1,40.6,1.0,0.7,0,543.8301178298589,1554.0113708149083,2.857530908762747,35.75,35.562,2025-10-26 09:54:18
156,3.8,603.3,153,2.6,404.2,942.0,60.02,215.3,4.3,1.7,1365.1,40.6,1.0,0.8,0,427.2950925806034,1781.427668982944,4.169080571986447,35.812,35.437,2025-10-26 09:54:33
160.4,3.5,508.9,158.1,2.5,399.7,873.9,60.05,215.2,4.1,1.7,1365.1,40.6,1.0,0.8,0,427.2950925806034,2842.703727100442,6.652788146786882,35.875,35.562,2025-10-26 09:54:48
161,2.9,507.1,152.8,2.5,393.1,843.9,60.03,215.3,3.8,1.7,1365.1,40.6,1.0,0.8,0,388.4500841641849,1667.7195198989261,4.293265950726469,35.937,35.562,2025-10-26 09:55:03
156,3.3,508.4,158.7,2.4,385.2,838.8,60.04,215.2,3.9,1.7,1365.1,40.5,1.0,0.8,0,388.4500841641849,2387.871130764371,6.14717624763108,35.812,35.437,2025-10-26 09:55:18
159.6,2.8,508.7,152.8,2.5,389.7,817.7,60.03,215.2,3.7,1.7,1365.1,40.5,1.0,0.8,0,388.4500841641849,1554.0113708149083,4.000543272267846,35.75,35.25,2025-10-26 09:55:33
157.5,3.2,504.7,156.9,2.4,393.0,840.6,60.05,215.2,3.8,1.8,1365.2,40.5,1.0,0.8,0,388.4500841641849,2653.190145293746,6.8301958307012,35.812,35.187,2025-10-26 09:55:48
160.1,2.8,500.2,153.9,2.5,391.8,836.7,60.03,215.1,3.7,1.8,1365.2,40.4,1.1,0.8,0,388.4500841641849,1629.8168035375868,4.195691724573594,35.875,35.125,2025-10-26 09:56:03
159.1,3.2,504.5,157.9,2.4,391.4,839.0,60.03,215.1,3.8,1.8,1365.2,40.4,1.1,0.8,0,388.4500841641849,2160.454832596336,5.561730890713835,35.875,35.0,2025-10-26 09:56:18
159.1,3,522.1,155.7,2.5,397.5,861.3,60.04,215.2,3.8,1.8,1365.2,40.3,1.1,0.8,0,388.4500841641849,1933.0385344283006,4.976285533796589,35.75,34.937,2025-10-26 09:56:33
158.9,3.5,554.7,155.9,2.4,403.2,896.4,60.03,215.3,4.1,1.8,1365.2,40.3,1.1,0.8,0,427.2950925806034,2236.2602653190143,5.233526675472348,35.625,35.0,2025-10-26 09:56:48
159.4,3.5,571.4,155.1,2.6,407.0,916.1,60.02,215.4,4.1,1.8,1365.2,40.3,1.1,0.8,0,427.2950925806034,2766.8982943777637,6.475380462872566,35.562,35.062,2025-10-26 09:57:03
159.1,3.8,589.2,155.8,2.5,411.5,939.3,60.05,215.3,4.2,1.8,1365.2,40.3,1.1,0.8,0,466.14010099702193,1478.2059380922299,3.171162349968414,35.625,35.0,2025-10-26 09:57:18
157.6,3.8,600.8,155.8,2.6,413.9,949.6,60.02,215.4,4.3,1.8,1365.2,40.3,1.1,0.8,0,466.14010099702193,3032.217308907138,6.504948410191618,35.75,35.187,2025-10-26 09:57:33
157.7,3.9,609.1,155.8,2.6,416.6,960.1,60.01,215.3,4.3,1.8,1365.2,40.3,1.1,0.8,0,466.14010099702193,1933.0385344283006,4.146904611497157,35.937,35.187,2025-10-26 09:57:48
161.3,3.7,616.2,155.8,2.7,427.9,980.6,60.04,215.3,4.5,1.8,1365.2,40.3,1.1,0.8,0,504.9851094134404,1554.0113708149083,3.0773409786675736,35.937,35.125,2025-10-26 09:58:03
159.6,4,650.1,155.8,2.7,425.0,1006.7,60.03,215.3,4.6,1.8,1365.2,40.3,1.1,0.8,0,504.9851094134404,2842.703727100442,5.629282278050439,36.062,35.062,2025-10-26 09:58:18
159.9,4.6,701.4,155.8,2.8,437.7,1068.7,60.04,215.3,5,1.8,1365.2,40.4,1.1,0.8,0,582.6751262462774,1478.2059380922299,2.536929879974731,36.0,35.125,2025-10-26 09:58:33
160.1,5.3,852.8,155.8,2.9,453.3,1222.2,60.02,215.4,5.5,1.8,1365.2,40.4,1.1,0.8,0,621.5201346626959,3070.1200252684775,4.93969519898926,36.062,35.125,2025-10-26 09:58:48
160.2,4.9,769.9,155.8,2.8,442.0,1128.0,60.03,215.2,5.2,1.8,1365.2,40.5,1.1,0.8,0,582.6751262462774,2425.7738471257107,4.163166982522636,36.187,35.062,2025-10-26 09:59:03
155.3,4.6,710.3,155.7,2.8,436.1,1071.4,59.99,215.2,5,1.8,1365.2,40.5,1.1,0.8,0,543.8301178298589,1933.0385344283006,3.554489666997563,36.25,34.937,2025-10-26 09:59:18
154.8,4.7,709.9,155.8,2.8,441.3,1076.9,59.98,215.7,5,1.8,1365.2,40.6,1.1,0.8,0,582.6751262462774,3032.217308907138,5.203958728153294,36.25,34.812,2025-10-26 09:59:33
159.3,5,786.6,155.8,2.9,452.5,1165.9,59.99,215.8,5.3,1.8,1365.2,40.6,1.1,0.8,0,621.5201346626959,2691.092861655085,4.329856285533796,36.312,34.812,2025-10-26 09:59:48
159.4,5.4,867.2,155.9,3,467.9,1247.9,60.06,216.1,5.7,1.8,1365.2,40.7,1.1,0.8,0,738.0551599119514,2349.968414403032,3.1840010639358973,36.375,35.0,2025-10-26 10:00:03
158.9,6,953.3,153,3,473.5,1333.8,60.04,215.9,6,1.8,1365.2,40.8,1.1,0.8,0,738.0551599119514,1402.4005053695514,1.9001296671875518,36.312,35.0,2025-10-26 10:00:18
159.1,5.8,917.3,158.8,3,457.9,1286.2,60.04,215.9,6,1.8,1365.2,40.9,1.1,0.8,0,660.3651430791144,2615.287428932407,3.960365649734309,36.25,35.125,2025-10-26 10:00:33
160.7,5.3,799.4,153.3,3,467.9,1184.7,60.03,215.5,5.6,1.8,1365.2,40.9,1.1,0.8,0,660.3651430791144,1629.8168035375868,2.4680539556315257,36.25,35.312,2025-10-26 10:00:48
156.3,5.5,839.1,155.9,3,474.2,1227.2,59.96,215.5,5.7,1.8,1365.2,41,1.1,0.8,0,699.2101514955328,1591.9140871762477,2.2767319435670665,36.375,35.375,2025-10-26 10:01:03
157.8,5.4,840.8,152.9,3.1,475.0,1228.3,59.97,215.5,5.7,1.8,1365.2,41,1.1,0.8,0,660.3651430791144,2804.801010739103,4.247348667830997,36.375,35.437,2025-10-26 10:01:18
155.6,5.5,837.6,155.8,3.1,481.2,1250.6,59.98,215.4,5.8,1.9,1365.3,40.9,1.1,0.8,0,699.2101514955328,2160.454832596336,3.089850494841019,36.375,35.5,2025-10-26 10:01:33
159.8,5.2,812.8,152.9,3.1,479.8,1205.7,60,215.5,5.6,1.9,1365.3,40.9,1.1,0.8,0,660.3651430791144,2349.968414403032,3.558589424398944,36.5,35.5,2025-10-26 10:01:48
156.4,5.4,837.7,151.2,3.2,487.3,1236.6,60.04,215.4,5.8,1.9,1365.3,40.9,1.1,0.8,0,699.2101514955328,3108.0227416298167,4.445048080297606,36.437,35.562,2025-10-26 10:02:03
151.6,5.8,879.1,155.8,3.2,504.6,1290.0,60.02,215.5,6,1.9,1365.3,40.8,1.1,0.8,0,738.0551599119514,1705.6222362602653,2.310968514147022,36.375,35.5,2025-10-26 10:02:18
159,6.2,979.0,155.8,3.3,518.2,1399.3,60.02,215.6,6.4,1.9,1365.3,40.7,1.1,0.8,0,776.9001683283698,2880.6064434617815,3.7078205938092235,36.312,35.312,2025-10-26 10:02:33
156.1,6,948.8,155.7,3.3,512.1,1361.5,60.01,215.7,6.3,1.9,1365.3,40.7,1.1,0.8,0,738.0551599119514,3032.217308907138,4.108388469594706,36.375,35.187,2025-10-26 10:02:48
156.1,5.5,859.7,155.8,3.2,505.0,1274.6,60.01,215.4,5.9,1.9,1365.3,40.7,1.1,0.8,0,699.2101514955328,2956.4118761844597,4.228216466624552,36.5,35.187,2025-10-26 10:03:03
156.3,6,960.0,155.8,3.4,518.9,1372.6,60.01,215.7,6.4,1.9,1365.3,40.8,1.1,0.8,0,738.0551599119514,2274.1629816803534,3.0812913521960295,36.625,35.25,2025-10-26 10:03:18
160.9,5.1,851.7,156,3.3,507.9,1272.6,59.97,215.6,5.9,1.9,1365.3,40.9,1.1,0.8,0,738.0551599119514,2880.6064434617815,3.9029690461149715,36.75,35.312,2025-10-26 10:03:33
155.9,5.7,887.5,155.8,3.3,518.0,1312.5,59.99,215.6,6,1.9,1365.3,41.1,1.1,0.8,0,699.2101514955328,2425.7738471257107,3.4693058187688637,36.812,35.312,2025-10-26 10:03:48
156.8,5.7,876.7,156.7,3.2,511.5,1309.7,60,215.6,6.1,1.9,1365.3,41.2,1.2,0.8,0,738.0551599119514,1667.7195198989261,2.2596136582770887,36.937,35.312,2025-10-26 10:04:03
154.9,5.4,828.1,154.2,3.4,522.1,1261.3,59.98,215.6,5.9,1.9,1365.3,41.2,1.2,0.8,0,699.2101514955328,2274.1629816803534,3.252474205095809,37.062,35.562,2025-10-26 10:04:18
159,6.4,1013.3,152.9,3.6,551.7,1461.8,59.99,215.7,6.7,1.9,1365.3,41.3,1.2,0.8,0,815.7451767447883,2918.5091598231206,3.5777216256053905,36.937,35.562,2025-10-26 10:04:33
158.8,6.2,959.8,152.9,3.5,540.3,1401.0,59.97,215.6,6.4,1.9,1365.3,41.3,1.2,0.8,0,776.9001683283698,1478.2059380922299,1.9026974099810485,37.0,35.625,2025-10-26 10:04:48
155.9,6.7,1033.8,155.8,3.6,548.5,1483.1,59.98,216.1,6.9,1.9,1365.3,41.4,1.2,0.8,0,854.5901851612068,2956.4118761844597,3.459449836329179,37.187,35.812,2025-10-26 10:05:03
157.6,6.9,1063.5,154.4,3.6,559.8,1516.2,59.98,216.2,7,1.9,1365.3,41.5,1.2,0.8,0,854.5901851612068,1667.7195198989261,1.9514845230574858,37.0,35.812,2025-10-26 10:05:18
156,6.9,1017.7,152.4,3.7,562.9,1474.2,59.97,215.8,7.1,1.9,1365.3,41.5,1.2,0.8,0,893.4351935776253,2236.2602653190143,2.502991018704166,37.125,35.875,2025-10-26 10:05:33
157.2,7.2,1116.4,154.3,3.6,564.5,1563.9,60.04,215.9,7.1,1.9,1365.3,41.6,1.2,0.8,0,854.5901851612068,2236.2602653190143,2.616763337736174,37.187,36.187,2025-10-26 10:05:48
157.5,6.2,966.1,154.5,3.5,537.8,1403.7,60.04,215.9,6.4,2.0,1365.4,41.8,1.2,0.8,0,776.9001683283698,2046.7466835123184,2.634504106127606,37.375,36.312,2025-10-26 10:06:03
154,6.1,958.3,154.4,3.5,535.3,1395.5,60.02,215.9,6.3,2.0,1365.4,41.9,1.2,0.8,0,738.0551599119514,2425.7738471257107,3.286710775675765,37.562,36.5,2025-10-26 10:06:18
155.5,6.2,959.5,154.4,3.5,535.9,1395.8,60,215.9,6.4,2.0,1365.4,41.9,1.2,0.8,0,776.9001683283698,2804.801010739103,3.6102463676563485,37.625,36.437,2025-10-26 10:06:33
156.4,6.5,1016.1,153.3,3.5,539.4,1451.2,60.04,216,6.8,2.0,1365.4,41.9,1.2,0.8,0,815.7451767447883,2387.871130764371,2.9272267845862285,37.625,36.437,2025-10-26 10:06:48
152.4,7.4,1112.2,154.4,3.6,558.7,1556.6,59.98,216.2,7.3,2.0,1365.4,41.9,1.2,0.8,0,932.2802019940439,1667.7195198989261,1.7888608128026953,37.687,36.312,2025-10-26 10:07:03
155.8,6.3,988.7,154.3,3.4,528.5,1416.4,60,215.9,6.4,2.0,1365.4,42,1.2,0.9,0,738.0551599119514,2577.3847125710677,3.492130199155501,37.75,36.25,2025-10-26 10:07:18
156.8,5.6,815.7,157.2,3.3,495.1,1269.9,60.04,215.6,6,2.0,1365.4,42,1.2,0.9,0,738.0551599119514,2463.67656348705,3.338065631545699,37.875,36.375,2025-10-26 10:07:33
156.3,6.2,955.0,154.4,3.4,531.6,1389.2,60.01,215.9,6.4,2.0,1365.4,42,1.2,0.9,0,738.0551599119514,1478.2059380922299,2.0028393789274195,37.937,36.312,2025-10-26 10:07:48
154.3,6,942.4,152.6,3.4,524.3,1371.1,60,215.7,6.1,2.0,1365.4,42.1,1.2,0.9,0,738.0551599119514,1819.330385344283,2.465033081756824,37.937,36.437,2025-10-26 10:08:03
158.7,5.3,807.0,157.2,3.3,499.8,1211.3,60.05,215.6,5.7,2.0,1365.4,42.1,1.2,0.9,0,660.3651430791144,2615.287428932407,3.960365649734309,37.937,36.5,2025-10-26 10:08:18
153.2,5.2,798.9,154.4,3.4,515.5,1226.9,60.05,215.7,5.7,2.0,1365.4,42.1,1.2,0.9,0,699.2101514955328,1857.233101705622,2.6561872674949107,37.937,36.437,2025-10-26 10:08:33
155.8,4.8,756.9,154.4,3.3,503.4,1178.6,60.04,215.7,5.3,2.0,1365.4,42.1,1.2,0.9,0,621.5201346626959,2880.6064434617815,4.634775742261528,37.875,36.375,2025-10-26 10:08:48
156,4.5,711.3,151.4,3.2,497.3,1128.7,60.04,215.9,5.2,2.0,1365.4,42,1.2,0.9,0,582.6751262462774,2501.579279848389,4.293265950726468,38.0,36.375,2025-10-26 10:09:03
156.2,4.6,710.5,154.4,3.1,497.0,1128.2,60.02,215.7,5.1,2.0,1365.4,42,1.2,0.9,0,621.5201346626959,2425.7738471257107,3.902969046114971,37.937,36.375,2025-10-26 10:09:18
153,5.1,796.3,148.4,3.3,501.6,1212.8,60.02,215.8,5.5,2.0,1365.4,41.9,1.2,0.9,0,660.3651430791144,3032.217308907138,4.591728289547024,37.812,36.187,2025-10-26 10:09:33
156.1,4.8,739.1,151.4,3.2,492.5,1151.2,60.02,215.7,5.3,2.0,1365.4,41.9,1.2,0.9,0,621.5201346626959,1554.0113708149083,2.500339545167403,37.75,36.187,2025-10-26 10:09:48
156.3,4.9,755.9,151.8,3.2,495.0,1172.0,60.04,216,5.4,2.0,1365.4,42,1.2,0.9,0,621.5201346626959,1554.0113708149083,2.500339545167403,37.812,36.0,2025-10-26 10:10:03
156.9,5,803.3,152,3.3,495.6,1213.7,60.02,216,5.5,2.0,1365.4,41.9,1.2,0.9,0,660.3651430791144,2842.703727100442,4.304745271450336,37.625,35.625,2025-10-26 10:10:18
154.3,6.9,1012.3,150.6,3.5,522.2,1431.2,60.04,216.1,6.8,2.1,1365.5,41.9,1.3,0.9,0,893.4351935776253,2084.649399873658,2.3332967123513417,37.5,35.312,2025-10-26 10:10:33
156.4,6.6,1036.7,155.4,3.3,500.6,1438.3,60.03,216,6.6,2.1,1365.5,41.8,1.3,0.9,0,815.7451767447883,3032.217308907138,3.7171133772523532,37.375,35.062,2025-10-26 10:10:48
153.1,4.8,755.0,151.5,3,463.4,1140.1,60.03,215.6,5.2,2.1,1365.5,41.7,1.3,0.9,0,582.6751262462774,2425.7738471257107,4.163166982522636,37.062,34.75,2025-10-26 10:11:03
159,4.7,722.9,154.3,2.9,451.2,1099.5,60,215.7,5,2.1,1365.5,41.6,1.3,0.9,0,582.6751262462774,1629.8168035375868,2.797127816382396,36.875,34.625,2025-10-26 10:11:18
153.6,4.2,647.9,151.9,2.8,432.7,1010.5,59.99,215.3,4.6,2.1,1365.5,41.5,1.3,0.9,0,543.8301178298589,1970.9412507896398,3.6241855428210448,36.937,34.375,2025-10-26 10:11:33
156.3,4.4,677.2,152.9,2.8,433.1,1046.8,59.99,215.4,4.7,2.1,1365.5,41.5,1.3,0.9,0,582.6751262462774,2842.703727100442,4.878711307643714,37.0,34.25,2025-10-26 10:11:48
153.2,5.2,777.2,153.1,2.9,443.7,1141.6,59.98,215.6,5.3,2.1,1365.5,41.5,1.3,0.9,0,621.5201346626959,2198.3575489576756,3.537065698041693,36.937,34.375,2025-10-26 10:12:03
152,5.6,827.2,154.5,2.9,444.8,1193.1,60.02,215.4,5.8,2.1,1365.5,41.5,1.3,0.9,0,738.0551599119514,2501.579279848389,3.3894204874156326,37.0,34.375,2025-10-26 10:12:18
154.1,4.9,782.6,153.1,2.8,420.9,1115.9,60.02,215.5,5,2.1,1365.5,41.5,1.3,0.9,0,621.5201346626959,1516.108654453569,2.4393556538218566,37.062,34.25,2025-10-26 10:12:33
154.3,5.4,829.5,154.3,2.7,420.9,1171.6,60.02,215.2,5.3,2.1,1365.5,41.5,1.3,0.9,0,660.3651430791144,1857.233101705622,2.8124335773475524,37.062,34.375,2025-10-26 10:12:48
155.4,4,628.0,153.7,2.4,379.7,941.7,60.03,215,4.3,2.1,1365.5,41.5,1.3,0.9,0,504.9851094134404,2956.4118761844597,5.854453569172457,37.062,34.375,2025-10-26 10:13:03
156.1,3.6,588.7,154.4,2.3,364.2,893.1,60.03,215,4.1,2.1,1365.5,41.4,1.3,0.9,0,466.14010099702193,1516.108654453569,3.252474205095809,37.125,34.5,2025-10-26 10:13:18
155.7,3.8,593.5,154.2,2.3,348.2,881.6,59.97,215.1,4.1,2.1,1365.5,41.3,1.3,0.9,0,466.14010099702193,2387.871130764371,5.122646873025899,37.125,34.562,2025-10-26 10:13:33
156.2,3.5,557.3,154.3,2.2,336.3,836.8,59.98,215.2,3.8,2.1,1365.5,41.3,1.3,0.9,0,427.2950925806034,3070.1200252684775,7.185011198529834,37.062,34.562,2025-10-26 10:13:48
154.9,3.6,565.9,154.4,2.1,328.6,837.9,59.98,215.3,3.8,2.1,1365.5,41.3,1.3,0.9,0,466.14010099702193,1667.7195198989261,3.5777216256053905,37.062,34.375,2025-10-26 10:14:03
156,3.2,517.4,154.4,2,308.5,772.0,59.98,215.2,3.5,2.1,1365.5,41.2,1.3,0.9,0,388.4500841641849,1516.108654453569,3.902969046114971,36.875,34.187,2025-10-26 10:14:18
159,3,481.9,154.3,1.9,288.7,721.4,60.01,215.1,3.3,2.1,1365.5,41.2,1.3,0.9,0,388.4500841641849,1705.6222362602653,4.390840176879343,36.812,34.062,2025-10-26 10:14:33
153.1,3.1,481.7,154.4,1.8,282.0,714.0,60.03,215,3.3,2.1,1365.5,41.1,1.3,0.9,0,388.4500841641849,1478.2059380922299,3.805394819962097,36.812,34.062,2025-10-26 10:14:48
154,3,459.0,151.6,1.7,263.9,677.3,60,214.9,3.1,2.1,1365.5,41.1,1.3,0.9,0,349.6050757477664,1591.9140871762477,4.553463887134133,36.812,33.937,2025-10-26 10:15:03
153.9,2.5,394.9,153.5,1.5,240.8,596.1,59.97,215.1,2.7,2.1,1365.5,41,1.3,0.9,0,271.91505891492943,1440.3032217308908,5.296886562584604,36.687,33.875,2025-10-26 10:15:18
156.2,2.2,346.6,154.4,1.4,222.3,535.2,59.97,214.9,2.4,2.1,1365.5,41,1.3,0.9,0,233.07005049851097,3145.925457991156,13.497767951147608,36.625,33.875,2025-10-26 10:15:33
156,2,314.2,154.4,1.3,205.0,488.6,59.97,214.8,2.2,2.1,1365.5,41,1.3,0.9,0,233.07005049851097,1857.233101705622,7.968561802484731,36.5,33.812,2025-10-26 10:15:48
156,1.8,288.4,154.3,1.2,189.7,443.4,59.98,214.6,2,2.1,1365.5,40.9,1.3,0.9,0,194.22504208209244,3714.466203411244,19.12454832596336,36.25,33.687,2025-10-26 10:16:03
153.8,1.6,259.2,152.1,1.1,173.5,409.4,60.02,214.9,1.8,2.1,1365.5,40.8,1.3,0.9,0,194.22504208209244,1288.6923562855338,6.635047378395452,36.062,33.562,2025-10-26 10:16:18
156.1,1.5,240.1,152.9,1,160.4,379.8,60.04,214.8,1.7,2.1,1365.5,40.7,1.3,0.9,0,155.38003366567398,2008.843967150979,12.928584965255842,35.937,33.312,2025-10-26 10:16:33
156,1.4,221.2,151.1,0.9,148.7,350.3,60.05,214.9,1.6,2.1,1365.5,40.6,1.3,0.9,0,155.38003366567398,2501.579279848389,16.099747315224256,35.812,33.062,2025-10-26 10:16:48
156.4,1.2,197.9,151.4,0.9,138.9,323.1,60.03,214.7,1.5,2.1,1365.5,40.6,1.3,0.9,0,116.53502524925548,3562.855337965888,30.57325752790061,35.687,32.75,2025-10-26 10:17:03
156.1,1.1,185.6,151.4,0.8,128.6,301.8,60.02,214.6,1.4,2.1,1365.5,40.5,1.3,0.9,0,116.53502524925548,1591.9140871762477,13.6603916614024,35.562,32.437,2025-10-26 10:17:18
155.4,1.1,169.9,151.4,0.7,120.0,279.9,59.97,214.4,1.2,2.1,1365.5,40.4,1.3,0.9,0,116.53502524925548,2918.5091598231206,25.044051379237732,35.375,32.375,2025-10-26 10:17:33
153.7,1,158.0,153.7,0.7,112.0,261.2,60,214.5,1.2,2.1,1365.5,40.3,1.3,0.9,0,116.53502524925548,3411.2444725205305,29.27226784586228,35.25,32.187,2025-10-26 10:17:48
153.1,0.9,146.3,151.4,0.7,105.9,245.0,60,214.5,1.1,2.1,1365.5,40.2,1.3,0.9,0,77.69001683283699,3373.3417561591914,43.42053063802906,35.125,32.0,2025-10-26 10:18:03
153.2,0.9,136.1,148.4,0.6,98.7,229.3,59.98,214.5,1,2.1,1365.5,40.1,1.3,0.9,0,77.69001683283699,1478.2059380922299,19.026974099810484,34.937,31.812,2025-10-26 10:18:18
153.8,0.8,129.4,151.5,0.6,94.1,218.4,59.97,214.5,1,2.1,1365.5,40,1.3,0.9,0,77.69001683283699,2956.4118761844597,38.05394819962097,34.75,31.562,2025-10-26 10:18:33
154.6,0.8,122.5,148.5,0.5,87.7,206.2,59.98,214.5,0.9,2.2,1365.6,40,1.3,0.9,0,77.69001683283699,3108.0227416298167,40.00543272267845,34.375,31.25,2025-10-26 10:18:48
156,0.7,115.6,149.5,0.5,84.4,196.2,59.98,214.4,0.9,2.2,1365.6,39.9,1.3,0.9,0,77.69001683283699,1478.2059380922299,19.026974099810484,34.187,30.625,2025-10-26 10:19:03
156,0.6,110.5,150.7,0.5,80.2,186.6,60,214.3,0.8,2.2,1365.6,39.8,1.3,0.9,0,77.69001683283699,1705.6222362602653,21.954200884396712,33.812,29.875,2025-10-26 10:19:18
155.6,0.6,105.4,151.4,0.5,76.9,178.5,60.02,214.5,0.8,2.2,1365.6,39.7,1.3,0.9,0,77.69001683283699,1440.3032217308908,18.539102969046112,33.5,29.187,2025-10-26 10:19:33
153.1,0.6,103.2,148.7,0.5,75.0,174.9,59.99,214.5,0.8,2.2,1365.6,39.6,1.3,0.9,0,77.69001683283699,1554.0113708149083,20.002716361339225,33.125,28.562,2025-10-26 10:19:48
156.1,0.6,101.4,146,0.4,71.8,170.0,59.98,214.3,0.9,2.2,1365.6,39.5,1.3,0.9,0,77.69001683283699,2425.7738471257107,31.22375236891977,32.562,27.875,2025-10-26 10:20:03
158.9,0.5,98.5,148.3,0.4,71.2,164.8,59.98,214.3,0.8,2.2,1365.6,39.4,1.3,0.9,0,77.69001683283699,2691.092861655085,34.63885028427037,31.937,27.25,2025-10-26 10:20:18
159.1,0.6,97.1,148.4,0.4,70.8,164.6,59.97,214.5,0.8,2.2,1365.6,39.3,1.3,0.9,0,77.69001683283699,2691.092861655085,34.63885028427037,31.312,26.75,2025-10-26 10:20:33
155.9,0.6,96.4,148.5,0.4,69.2,162.4,59.99,214.5,0.7,2.2,1365.6,39.2,1.3,0.9,0,77.69001683283699,3979.785217940619,51.22646873025899,30.812,26.187,2025-10-26 10:20:48
157,0.5,93.8,148.4,0.4,69.7,160.8,60.02,214.4,0.7,2.2,1365.6,39.1,1.3,0.9,0,77.69001683283699,2008.843967150979,25.857169930511684,30.25,25.75,2025-10-26 10:21:03
160.4,0.5,93.6,150.2,0.4,68.7,159.7,60,214.5,0.7,2.2,1365.6,39,1.3,0.9,0,77.69001683283699,2198.3575489576756,28.296525584333544,30.0,25.625,2025-10-26 10:21:18
159.1,0.5,93.6,151.4,0.4,67.4,157.6,60.01,214.5,0.7,2.2,1365.6,38.9,1.3,0.9,0,77.69001683283699,3941.8825015792795,50.73859759949462,29.875,25.5,2025-10-26 10:21:33
156.3,0.5,91.9,149.2,0.4,68.6,157.3,60.04,214.3,0.8,2.2,1365.6,38.8,1.3,0.9,0,77.69001683283699,1250.7896399241945,16.099747315224256,29.687,25.437,2025-10-26 10:21:48
156.1,0.5,91.8,148.5,0.4,70.5,159.1,60.02,214.3,0.8,2.2,1365.6,38.7,1.3,0.9,0,77.69001683283699,4358.812381554011,56.105180037902706,29.5,25.375,2025-10-26 10:22:03
160.6,0.5,94.1,150.9,0.4,70.3,161.3,60.01,214.4,0.8,2.2,1365.6,38.7,1.3,0.9,0,77.69001683283699,3411.2444725205305,43.908401768793425,29.375,25.312,2025-10-26 10:22:18
157.7,0.5,94.2,148.5,0.4,73.4,164.5,59.98,214,0.7,2.2,1365.6,38.6,1.3,0.9,0,77.69001683283699,4320.909665192672,55.61730890713834,29.25,25.25,2025-10-26 10:22:33
157.6,0.5,95.3,148.5,0.5,75.4,167.8,60,214,0.8,2.2,1365.6,38.5,1.3,0.9,0,77.69001683283699,2615.287428932407,33.663108022741625,29.0,25.187,2025-10-26 10:22:48
160.5,0.6,97.2,145.5,0.5,75.7,169.7,60.02,213.9,0.8,2.2,1365.6,38.3,1.3,0.9,0,77.69001683283699,4131.3960833859755,53.177953253316474,28.812,25.125,2025-10-26 10:23:03
162,0.6,100.7,145.4,0.5,76.8,174.2,60.02,214.1,0.8,2.2,1365.6,38.3,1.3,0.9,0,77.69001683283699,2501.579279848389,32.19949463044851,28.687,25.062,2025-10-26 10:23:18
160.8,0.6,100.9,148.3,0.5,79.0,177.5,60.02,213.8,0.8,2.2,1365.6,38.1,1.3,0.9,0,77.69001683283699,1743.5249526216046,22.442072015161084,28.562,25.062,2025-10-26 10:23:33
162,0.6,103.4,148.4,0.5,80.5,180.9,60,213.7,0.8,2.2,1365.6,38.1,1.3,0.9,0,77.69001683283699,1478.2059380922299,19.026974099810484,28.437,25.0,2025-10-26 10:23:48
164.5,0.6,105.8,151,0.5,82.1,184.4,60.01,214,0.8,2.2,1365.6,38,1.3,0.9,0,77.69001683283699,1933.0385344283006,24.88142766898294,28.312,25.0,2025-10-26 10:24:03
162,0.6,108.7,151.3,0.5,83.1,188.2,60,214,1,2.2,1365.6,37.9,1.3,0.9,0,77.69001683283699,4245.104232469994,54.6415666456096,28.0,24.937,2025-10-26 10:24:18
163.6,0.6,111.1,149.8,0.5,84.8,192.3,60.06,214.1,0.9,2.2,1365.6,37.8,1.3,0.9,0,77.69001683283699,4283.006948831333,55.12943777637397,27.812,24.812,2025-10-26 10:24:33
163.4,0.6,112.3,146.8,0.5,85.3,193.8,60.04,214.1,0.9,2.2,1365.6,37.6,1.3,0.9,0,77.69001683283699,1402.4005053695514,18.05123183828174,27.687,24.75,2025-10-26 10:24:48
165.5,0.6,109.4,148.3,0.5,87.1,192.7,60.03,214.2,0.9,2.2,1365.6,37.5,1.3,0.9,0,77.69001683283699,4813.644977890082,61.95963360707517,27.562,24.687,2025-10-26 10:25:03
163.2,0.7,114.6,150,0.5,89.2,200.4,60.03,214.2,0.9,2.2,1365.6,37.4,1.3,0.9,0,77.69001683283699,3259.6336070751736,41.95691724573594,27.437,24.625,2025-10-26 10:25:18
166.5,0.7,116.4,150,0.5,90.5,202.9,59.98,214.1,0.9,2.2,1365.6,37.4,1.3,0.9,0,77.69001683283699,2463.67656348705,31.71162349968414,27.375,24.687,2025-10-26 10:25:33
165.7,0.7,111.1,152.9,0.5,90.1,199.0,59.99,214.2,1,2.2,1365.6,37.3,1.3,0.9,0,77.69001683283699,5420.088439671509,69.7655716993051,27.312,24.687,2025-10-26 10:25:48
162.4,0.7,119.3,152.8,0.6,92.0,207.2,59.98,214,0.9,2.2,1365.6,37.3,1.3,0.9,0,77.69001683283699,5268.477574226153,67.81408717624763,27.25,24.687,2025-10-26 10:26:03
163.5,0.7,119.4,150.4,0.6,92.7,208.1,60,214.1,1,2.2,1365.6,37.2,1.3,0.9,0,116.53502524925548,3373.3417561591914,28.947020425352704,27.25,24.75,2025-10-26 10:26:18
164.9,0.7,119.2,150,0.6,94.4,209.5,60.02,214.2,1,2.2,1365.6,37.2,1.3,0.9,0,77.69001683283699,5495.893872394188,70.74131396083385,27.187,24.75,2025-10-26 10:26:33
167.8,0.6,116.2,147,0.6,94.7,207.5,60.02,214.2,0.9,2.2,1365.6,37.1,1.3,0.9,0,77.69001683283699,4624.131396083386,59.520277953253306,27.062,24.812,2025-10-26 10:26:48
164.9,0.7,118.6,146.9,0.6,95.0,210.2,59.98,214.1,0.9,2.2,1365.6,37.1,1.3,0.9,0,77.69001683283699,5003.158559696778,64.39898926089703,26.937,24.812,2025-10-26 10:27:03
161.9,0.7,119.1,148.4,0.6,96.3,211.2,59.98,214.1,1,2.2,1365.6,37,1.3,0.9,0,77.69001683283699,2653.190145293746,34.15097915350599,26.875,24.875,2025-10-26 10:27:18
165,0.7,122.1,149.9,0.6,99.1,217.0,60,214.3,1.1,2.2,1365.6,37,1.3,0.9,0,116.53502524925548,5382.18572331017,46.18513371236049,26.812,24.875,2025-10-26 10:27:33
168.1,0.7,117.2,151.7,0.6,101.2,214.8,59.97,214.4,0.9,2.2,1365.6,36.9,1.3,0.9,0,116.53502524925548,1364.4977890082123,11.708907138344914,26.875,24.937,2025-10-26 10:27:48
165,0.7,124.3,152.9,0.6,101.3,221.5,59.98,214.2,1,2.2,1365.6,36.9,1.3,0.9,0,116.53502524925548,2994.3145925457993,25.694546220256896,26.812,24.937,2025-10-26 10:28:03
162,0.7,122.8,152.9,0.6,102.4,220.4,60,214.2,1,2.2,1365.6,36.9,1.3,0.9,0,116.53502524925548,4510.423246999368,38.70444304064012,26.812,25.0,2025-10-26 10:28:18
165,0.7,124.7,152.9,0.6,102.7,223.0,60,214.4,0.9,2.2,1365.6,36.8,1.3,0.9,0,116.53502524925548,4813.644977890082,41.30642240471678,26.75,25.0,2025-10-26 10:28:33
165.3,0.7,120.1,151.4,0.6,104.0,223.4,59.98,214.4,1,2.2,1365.6,36.8,1.3,0.9,0,116.53502524925548,2728.9955780164246,23.41781427668983,26.687,25.062,2025-10-26 10:28:48
162,0.7,123.2,152.8,0.7,103.7,221.9,60.02,214.4,1,2.2,1365.6,36.8,1.3,0.9,0,116.53502524925548,5647.504737839545,48.461865655927554,26.687,25.062,2025-10-26 10:29:03
165.3,0.7,123.2,150,0.7,103.6,222.3,59.98,214.4,1,2.2,1365.6,36.7,1.3,0.9,0,77.69001683283699,5041.061276058118,64.8868603916614,26.562,25.062,2025-10-26 10:29:18
165.8,0.7,122.7,151.1,0.6,103.2,215.7,60.01,214.4,1,2.2,1365.6,36.7,1.3,0.9,0,77.69001683283699,4245.104232469994,54.6415666456096,26.5,25.062,2025-10-26 10:29:33
165,0.7,123.0,154.4,0.6,103.6,221.9,59.97,214.3,1,2.2,1365.6,36.6,1.3,0.9,0,116.53502524925548,2274.1629816803534,19.514845230574853,26.437,25.062,2025-10-26 10:29:48
161.9,0.7,122.3,153.9,0.7,101.9,219.7,59.98,214.3,1,2.2,1365.6,36.6,1.3,0.9,0,116.53502524925548,4737.839545167403,40.65592756369761,26.5,25.062,2025-10-26 10:30:03
164.9,0.7,123.8,153.5,0.6,102.9,221.4,59.98,214.2,1,2.2,1365.6,36.6,1.3,0.9,0,77.69001683283699,5837.018319646241,75.1321541377132,26.562,25.062,2025-10-26 10:30:18
168,0.7,117.6,153,0.7,105.5,218.7,59.98,214.2,1,2.2,1365.6,36.5,1.3,0.9,0,77.69001683283699,1440.3032217308908,18.539102969046112,26.562,25.062,2025-10-26 10:30:33
164.7,0.7,124.5,147.3,0.7,103.9,222.3,60.06,214.5,1,2.2,1365.6,36.5,1.3,0.9,0,116.53502524925548,5154.769425142135,44.23364918930301,26.562,25.062,2025-10-26 10:30:48
162.3,0.7,123.1,150.2,0.6,106.2,223.2,60.05,214.6,1,2.2,1365.6,36.5,1.3,0.9,0,116.53502524925548,1402.4005053695514,12.034154558854494,26.5,25.062,2025-10-26 10:31:03
164.9,0.7,125.5,149.9,0.7,106.7,226.3,60.04,214.7,1,2.2,1365.6,36.5,1.3,0.9,0,77.69001683283699,5268.477574226153,67.81408717624763,26.562,25.062,2025-10-26 10:31:18
165,0.7,124.3,149.9,0.7,108.2,227.4,60.04,214.7,1.1,2.2,1365.6,36.4,1.3,0.9,0,116.53502524925548,3828.1743524952617,32.84998947146767,26.375,25.062,2025-10-26 10:31:33
162,0.7,124.9,150,0.7,109.5,228.4,59.99,214.5,1,2.2,1365.6,36.4,1.3,0.9,0,116.53502524925548,2728.9955780164246,23.41781427668983,26.312,25.125,2025-10-26 10:31:48
163.7,0.7,126.0,152.9,0.7,111.6,234.3,59.98,214.6,1.1,2.2,1365.6,36.4,1.3,0.9,0,116.53502524925548,5306.380290587492,45.53463887134133,26.312,25.125,2025-10-26 10:32:03
165,0.8,131.4,155.9,0.7,111.1,237.9,60.02,214.6,1,2.2,1365.6,36.3,1.3,0.9,0,116.53502524925548,2691.092861655085,23.092566856180245,26.312,25.125,2025-10-26 10:32:18
167.3,0.8,133.6,152.2,0.7,115.2,243.6,60.02,214.5,1.1,2.2,1365.6,36.3,1.3,0.9,0,116.53502524925548,5761.212886923563,49.437607917456305,26.25,25.125,2025-10-26 10:32:33
168,0.8,136.0,152.9,0.7,118.0,247.1,60.02,214.6,1.1,2.2,1365.6,36.3,1.3,0.9,0,116.53502524925548,5457.991156032849,46.83562855337966,26.312,25.125,2025-10-26 10:32:48
168,0.8,138.0,153.1,0.7,120.0,249.9,59.99,214.6,1.1,2.2,1365.6,36.3,1.3,0.9,0,116.53502524925548,5192.672141503474,44.558896609812585,26.25,25.125,2025-10-26 10:33:03
171,0.8,112.8,155.8,0.7,119.5,228.4,59.98,214.5,1.1,2.2,1365.6,36.3,1.3,0.9,0,116.53502524925548,6216.045483259633,53.34057696357127,26.312,25.187,2025-10-26 10:33:18
170.4,0.8,114.8,154.8,0.8,121.3,231.9,60.01,214.6,1.1,2.2,1365.6,36.2,1.3,0.9,0,116.53502524925548,3828.1743524952617,32.84998947146767,26.375,25.125,2025-10-26 10:33:33
168.1,0.8,145.5,152.9,0.8,125.1,263.1,60.03,214.2,1.2,2.2,1365.6,36.2,1.3,0.9,0,116.53502524925548,5571.6993051168665,47.81137081490839,26.437,25.125,2025-10-26 10:33:48
165,0.8,146.6,152.9,0.8,126.6,265.4,60.03,214.1,1.1,2.2,1365.6,36.2,1.3,0.9,0,116.53502524925548,1629.8168035375868,13.98563908191198,26.437,25.187,2025-10-26 10:34:03
168,0.8,147.5,150.1,0.8,125.6,265.6,60.03,214.2,1.1,2.2,1365.6,36.1,1.3,0.9,0,116.53502524925548,5344.283006948831,45.859886291850906,26.437,25.187,2025-10-26 10:34:18
169.6,0.8,144.8,152.9,0.8,127.7,264.7,60.01,214.2,1.2,2.2,1365.6,36.1,1.3,0.9,0,116.53502524925548,1781.427668982944,15.286628763950304,26.5,25.187,2025-10-26 10:34:33
165.7,0.8,145.8,155.2,0.8,127.2,265.4,59.98,214.2,1.2,2.2,1365.6,36.1,1.3,0.9,0,116.53502524925548,2653.190145293746,22.767319435670665,26.5,25.187,2025-10-26 10:34:48
168,0.8,144.7,155.8,0.8,126.0,263.8,60.03,214.4,1.2,2.2,1365.6,36.1,1.3,0.9,0,116.53502524925548,1781.427668982944,15.286628763950304,26.5,25.25,2025-10-26 10:35:03
168.1,0.8,146.9,152.7,0.8,129.1,269.1,60,214.4,1.2,2.2,1365.6,36.1,1.3,0.9,0,116.53502524925548,1099.1787744788378,9.432175194777848,26.5,25.312,2025-10-26 10:35:18
167.6,0.9,151.8,152.9,0.8,133.5,278.0,59.99,214.7,1.3,2.2,1365.6,36,1.3,0.9,0,116.53502524925548,1402.4005053695514,12.034154558854494,26.5,25.375,2025-10-26 10:35:33
164.4,0.9,155.2,152.1,0.9,137.4,283.5,59.97,214.7,1.3,2.2,1365.6,36,1.4,0.9,0,116.53502524925548,4699.936828806064,40.33068014318803,26.562,25.375,2025-10-26 10:35:48
167.3,0.8,163.4,150,0.9,140.1,291.7,59.98,214.7,1.3,2.2,1365.6,36,1.4,0.9,0,155.38003366567398,5685.407454200884,36.59033480732785,26.562,25.312,2025-10-26 10:36:03
164.9,1,164.4,152,0.9,143.7,298.4,59.97,214.8,1.4,2.2,1365.6,36,1.4,0.9,0,155.38003366567398,2577.3847125710677,16.58761844598863,26.562,25.375,2025-10-26 10:36:18
163.4,1,170.4,152.8,0.9,147.4,305.1,59.97,214.4,1.4,2.2,1365.6,36,1.4,0.9,0,155.38003366567398,6632.975363234365,42.6887239418825,26.625,25.437,2025-10-26 10:36:33
166.4,1,178.2,152.9,0.9,150.7,313.3,59.99,214.6,1.4,2.2,1365.6,36,1.4,0.9,0,155.38003366567398,2577.3847125710677,16.58761844598863,26.562,25.5,2025-10-26 10:36:48
169.4,1.1,176.1,155.7,0.9,150.7,314.0,59.97,214.6,1.4,2.2,1365.6,36,1.4,0.9,0,155.38003366567398,5988.629185091599,38.541819330385344,26.5,25.5,2025-10-26 10:37:03
167,1.1,182.2,155.7,1,154.2,324.8,60,214.5,1.5,2.2,1365.6,36,1.4,0.9,0,155.38003366567398,6481.364497789008,41.71298168035376,26.437,25.562,2025-10-26 10:37:18
166.5,1.1,189.3,153,1,158.9,330.8,60.02,214.5,1.5,2.2,1365.6,36,1.4,0.9,0,155.38003366567398,6026.531901452938,38.785754895767525,26.437,25.562,2025-10-26 10:37:33
163.3,1.1,191.5,152.8,1,163.6,337.2,60.01,214.7,1.5,2.2,1365.6,36,1.4,0.9,0,155.38003366567398,6253.948199620972,40.24936828806064,26.437,25.5,2025-10-26 10:37:48
169.5,1.1,193.0,151.7,1.1,166.1,345.8,59.99,214.4,1.5,2.2,1365.6,36,1.4,0.9,0,155.38003366567398,6026.531901452938,38.785754895767525,26.437,25.562,2025-10-26 10:38:03
166.5,1.2,203.4,149.9,1.1,168.2,353.1,59.97,214.4,1.5,2.2,1365.6,35.9,1.4,1.0,0,155.38003366567398,985.4706253948199,6.342324699936827,26.437,25.562,2025-10-26 10:38:18
168.8,1.2,209.3,151.8,1.1,172.7,362.0,59.98,214.6,1.7,2.2,1365.6,35.9,1.4,1.0,0,194.22504208209244,1212.8869235628554,6.244750473783955,26.437,25.625,2025-10-26 10:38:33
169.5,1.2,213.7,152.8,1.1,178.8,373.5,59.98,214.7,1.7,2.2,1365.6,35.9,1.4,1.0,0,194.22504208209244,6291.850915982312,32.394643082754264,26.5,25.687,2025-10-26 10:38:48
172.4,1.2,189.5,152.9,1.1,181.6,355.6,59.96,214.5,1.7,2.2,1365.6,35.9,1.4,1.0,0,194.22504208209244,5041.061276058118,25.954744156664564,26.625,25.687,2025-10-26 10:39:03
169.4,1.3,222.4,152.9,1.2,185.5,387.6,59.97,214.6,1.7,2.2,1365.6,35.9,1.4,1.0,0,194.22504208209244,4927.3531269741,25.369298799747316,26.75,25.75,2025-10-26 10:39:18
166.8,1.3,223.6,153,1.2,188.3,390.7,60,214.5,1.8,2.2,1365.6,35.9,1.4,1.0,0,194.22504208209244,6329.753632343651,32.58979153506001,26.75,25.625,2025-10-26 10:39:33
169.4,1.3,228.2,152.9,1.2,189.7,398.6,60.01,214.6,1.6,2.2,1365.6,35.9,1.4,1.0,0,194.22504208209244,5609.602021478206,28.88197094125079,26.812,25.5,2025-10-26 10:39:48
169.5,1.3,209.1,152.8,1.2,192.9,378.4,60.01,214.5,1.8,2.2,1365.6,35.9,1.4,1.0,0,194.22504208209244,4662.034112444725,24.003259633607076,26.812,25.437,2025-10-26 10:40:03
166.5,1.4,232.3,155.8,1.2,193.0,402.3,60.03,214.6,1.7,2.2,1365.6,35.9,1.4,1.0,0,194.22504208209244,1288.6923562855338,6.635047378395452,26.812,25.375,2025-10-26 10:40:18
167.5,1.4,232.3,152.9,1.2,192.6,403.4,60.03,214.6,1.9,2.2,1365.6,35.9,1.4,1.0,0,194.22504208209244,5988.629185091599,30.83345546430828,26.687,25.312,2025-10-26 10:40:33
170,1.1,234.5,155.8,1.2,192.9,405.6,60.01,214.4,1.7,2.2,1365.6,35.8,1.4,1.0,0,194.22504208209244,4245.104232469994,21.856626658243844,26.75,25.375,2025-10-26 10:40:48
169.5,1.4,231.9,155.8,1.2,192.0,402.3,60.01,214.4,1.8,2.2,1365.6,35.8,1.4,1.0,0,194.22504208209244,1250.7896399241945,6.439898926089703,26.75,25.375,2025-10-26 10:41:03
166.5,1.4,229.4,156.3,1.2,187.6,395.8,59.99,214.4,1.8,2.2,1365.6,35.8,1.4,1.0,0,194.22504208209244,1591.9140871762477,8.19623499684144,26.687,25.375,2025-10-26 10:41:18
169.6,1.3,225.9,155.7,1.2,188.5,393.2,59.96,214.3,1.8,2.2,1365.6,35.8,1.4,1.0,0,194.22504208209244,6557.169930511686,33.760682248894504,26.562,25.375,2025-10-26 10:41:33
166.6,1.3,225.2,155.8,1.2,186.8,390.5,59.98,214.4,1.7,2.2,1365.6,35.8,1.4,1.0,0,194.22504208209244,1137.0814908401767,5.854453569172456,26.562,25.437,2025-10-26 10:41:48
167,1.2,221.8,155.8,1.2,184.0,385.4,60.01,214.8,1.7,2.2,1365.6,35.8,1.4,1.0,0,194.22504208209244,2880.6064434617815,14.831282375236894,26.625,25.5,2025-10-26 10:42:03
169.7,1.3,217.3,155.9,1.1,181.8,379.7,60.01,214.7,1.7,2.2,1365.6,35.8,1.4,1.0,0,194.22504208209244,3487.049905243209,17.953657612128872,26.562,25.437,2025-10-26 10:42:18
166.4,1.3,216.1,153,1.1,178.6,373.8,59.99,214.8,1.7,2.3,1365.7,35.8,1.4,1.0,0,194.22504208209244,3638.660770688566,18.734251421351864,26.562,25.312,2025-10-26 10:42:33
169.6,1.2,209.8,155.8,1,176.7,367.8,59.99,214.9,1.7,2.3,1365.7,35.8,1.4,1.0,0,194.22504208209244,1250.7896399241945,6.439898926089703,26.562,25.25,2025-10-26 10:42:48
169.4,1.2,208.5,155.8,1.1,173.8,365.3,59.97,214.9,1.7,2.3,1365.7,35.9,1.4,1.0,0,155.38003366567398,3752.3689197725835,24.14962097283638,26.562,25.312,2025-10-26 10:43:03
166.5,1.2,208.4,153.9,1.1,172.9,363.7,60.01,214.7,1.6,2.3,1365.7,35.8,1.4,1.0,0,155.38003366567398,3638.660770688566,23.41781427668983,26.562,25.375,2025-10-26 10:43:18
166,1.2,206.4,155.4,1.1,171.0,359.3,60.02,214.8,1.6,2.3,1365.7,35.8,1.4,1.0,0,155.38003366567398,4434.61781427669,28.54046114971573,26.562,25.437,2025-10-26 10:43:33
169.3,1.2,205.7,158.6,1,169.3,358.2,60.03,214.8,1.7,2.3,1365.7,35.8,1.4,1.0,0,155.38003366567398,3562.855337965888,22.929943145925456,26.625,25.5,2025-10-26 10:43:48
169.3,1.2,204.4,155.8,1.1,171.7,360.3,60.04,214.8,1.6,2.3,1365.7,35.8,1.4,1.0,0,155.38003366567398,2387.871130764371,15.367940619077697,26.625,25.5,2025-10-26 10:44:03
165.8,1.2,209.1,152.9,1.1,170.8,361.3,60.03,214.8,1.6,2.3,1365.7,35.8,1.4,1.0,0,155.38003366567398,2008.843967150979,12.928584965255842,26.687,25.562,2025-10-26 10:44:18
166.5,1.2,210.3,155.7,1.1,172.5,365.2,60.01,214.7,1.7,2.3,1365.7,35.8,1.4,1.0,0,155.38003366567398,2577.3847125710677,16.58761844598863,26.687,25.5,2025-10-26 10:44:33
166.6,1.2,211.5,157.1,1.1,170.3,363.7,60.04,214.6,1.7,2.3,1365.7,35.8,1.4,1.0,0,155.38003366567398,6291.850915982312,40.493303853442825,26.687,25.562,2025-10-26 10:44:48
166.5,1.2,211.1,155.8,1.1,175.4,369.1,60.04,214.6,1.7,2.3,1365.7,35.8,1.4,1.0,0,155.38003366567398,1099.1787744788378,7.074131396083386,26.687,25.562,2025-10-26 10:45:03
163.6,1.2,210.0,152.9,1.1,174.7,366.0,60.01,214.6,1.7,2.3,1365.7,35.8,1.4,1.0,0,155.38003366567398,6670.878079595705,42.93265950726468,26.75,25.437,2025-10-26 10:45:18
166.6,1.2,213.0,156,1.1,179.0,372.3,59.97,214.7,1.6,2.3,1365.7,35.8,1.4,1.0,0,155.38003366567398,1137.0814908401767,7.318066961465569,26.75,25.437,2025-10-26 10:45:33
166.5,1.3,212.7,156.5,1.1,176.8,373.3,59.97,214.8,1.7,2.3,1365.7,35.9,1.4,1.0,0,155.38003366567398,4396.715097915351,28.296525584333544,26.75,25.375,2025-10-26 10:45:48
166.6,1.2,211.3,152.9,1.1,180.5,372.9,60.03,214.7,1.7,2.3,1365.7,35.9,1.4,1.0,0,155.38003366567398,5306.380290587492,34.15097915350599,26.75,25.375,2025-10-26 10:46:03
169.4,1.2,209.9,155.8,1.1,182.0,373.1,60.02,214.8,1.7,2.3,1365.7,35.9,1.4,1.0,0,155.38003366567398,1174.984207201516,7.562002526847756,26.75,25.375,2025-10-26 10:46:18
166.6,1.3,213.6,156.2,1.1,181.7,376.7,59.95,214.9,1.7,2.3,1365.7,35.9,1.4,1.0,0,155.38003366567398,6632.975363234365,42.6887239418825,26.75,25.437,2025-10-26 10:46:33
163.5,1.3,211.2,155.8,1.2,185.8,377.8,59.97,214.8,1.7,2.3,1365.7,35.9,1.4,1.0,0,155.38003366567398,1137.0814908401767,7.318066961465569,26.75,25.437,2025-10-26 10:46:48
166.5,1.3,214.8,153,1.2,184.9,380.7,59.98,214.8,1.7,2.3,1365.7,35.9,1.4,1.0,0,155.38003366567398,1629.8168035375868,10.489229311433984,26.812,25.5,2025-10-26 10:47:03
169.6,1.3,212.3,155.8,1.2,189.0,381.5,59.96,214.6,1.7,2.3,1365.7,35.9,1.4,1.0,0,194.22504208209244,1288.6923562855338,6.635047378395452,26.812,25.437,2025-10-26 10:47:18
166.5,1.3,217.9,158.7,1.2,186.1,384.5,59.97,214.5,1.7,2.3,1365.7,35.9,1.4,1.0,0,194.22504208209244,5723.310170562224,29.46741629816804,26.812,25.5,2025-10-26 10:47:33
166.6,1.3,219.5,155.8,1.2,190.8,391.0,59.97,214.6,1.7,2.3,1365.7,35.9,1.4,1.0,0,194.22504208209244,4320.909665192672,22.24692356285534,26.687,25.5,2025-10-26 10:47:48
166.3,1.3,222.9,153.2,1.2,189.8,391.4,59.98,214.6,1.8,2.3,1365.7,35.9,1.4,1.0,0,194.22504208209244,4434.61781427669,22.832368919772588,26.687,25.562,2025-10-26 10:48:03
166.3,1.3,223.2,155.8,1.1,193.4,398.4,60,214.6,1.8,2.3,1365.7,35.9,1.4,1.0,0,194.22504208209244,1478.2059380922299,7.610789639924194,26.687,25.625,2025-10-26 10:48:18
169.4,1.3,228.9,155.8,1.2,193.5,399.8,60,214.8,1.8,2.3,1365.7,35.9,1.4,1.0,0,194.22504208209244,1591.9140871762477,8.19623499684144,26.687,25.625,2025-10-26 10:48:33
165.9,1.4,233.3,152.6,1.2,195.6,406.2,60,214.5,1.8,2.3,1365.7,35.9,1.4,1.0,0,194.22504208209244,1099.1787744788378,5.65930511686671,26.687,25.625,2025-10-26 10:48:48
166.5,1.4,238.2,155.7,1.2,199.3,414.7,59.99,214.4,1.9,2.3,1365.7,35.9,1.4,1.0,0,194.22504208209244,6670.878079595705,34.34612760581175,26.75,25.625,2025-10-26 10:49:03
164.8,1.4,242.4,156.1,1.2,200.3,418.8,60.03,214.4,1.9,2.3,1365.7,35.9,1.4,1.0,0,194.22504208209244,6026.531901452938,31.028603916614028,26.812,25.562,2025-10-26 10:49:18
167.6,1.5,246.2,152.9,1.3,199.5,421.2,60,214.6,1.9,2.3,1365.7,35.9,1.4,1.0,0,194.22504208209244,4548.325963360707,23.417814276689825,26.812,25.5,2025-10-26 10:49:33
167.3,1.5,250.7,157.9,1.2,204.3,428.5,59.98,214.6,1.9,2.3,1365.7,35.9,1.4,1.0,0,194.22504208209244,5761.212886923563,29.662564750473788,26.812,25.5,2025-10-26 10:49:48
169.4,1.5,253.7,159.1,1.2,201.6,431.0,59.98,214.9,2,2.3,1365.7,35.9,1.4,1.0,0,194.22504208209244,3259.6336070751736,16.782766898294376,26.812,25.5,2025-10-26 10:50:03
169.2,1.5,258.3,155.6,1.3,208.2,439.2,59.99,214.7,2,2.3,1365.7,35.9,1.4,1.0,0,194.22504208209244,1705.6222362602653,8.781680353758686,26.75,25.5,2025-10-26 10:50:18
168.1,1.5,262.9,153,1.3,205.8,442.7,60.01,214.8,2,2.3,1365.7,35.9,1.4,1.0,0,194.22504208209244,985.4706253948199,5.073859759949463,26.812,25.5,2025-10-26 10:50:33
169.5,1.6,265.9,156,1.3,212.2,451.5,60.02,214.9,2.1,2.3,1365.7,35.9,1.4,1.0,0,194.22504208209244,3145.925457991156,16.197321541377132,26.812,25.437,2025-10-26 10:50:48
167.9,1.6,269.6,158.9,1.3,212.7,455.2,60.01,214.9,2.1,2.3,1365.7,35.9,1.4,1.0,0,233.07005049851097,6519.267214150347,27.97127816382396,26.812,25.375,2025-10-26 10:51:03
165,1.6,269.3,155.5,1.4,215.5,457.3,60,214.9,2.1,2.3,1365.7,35.8,1.4,1.0,0,233.07005049851097,5761.212886923563,24.718803958728152,26.812,25.25,2025-10-26 10:51:18
168,1.6,277.3,153.1,1.4,216.3,463.2,59.98,214.8,2.1,2.3,1365.7,35.7,1.4,1.0,0,233.07005049851097,6557.169930511686,28.13390187407875,26.812,25.312,2025-10-26 10:51:33
168.1,1.6,280.7,155.9,1.4,221.2,473.3,59.99,214.8,2.2,2.3,1365.7,35.7,1.4,1.0,0,233.07005049851097,6064.434617814276,26.019793640766473,26.812,25.312,2025-10-26 10:51:48
168,1.7,283.1,158.8,1.4,222.6,477.3,59.98,214.6,2.2,2.3,1365.7,35.7,1.4,1.0,0,233.07005049851097,1023.3733417561592,4.390840176879343,26.812,25.25,2025-10-26 10:52:03
168.1,1.7,285.7,155.7,1.4,226.5,482.3,60,214.6,2.2,2.3,1365.7,35.8,1.4,1.0,0,233.07005049851097,1629.8168035375868,6.99281954095599,26.875,25.25,2025-10-26 10:52:18
167.9,1.7,287.4,152.9,1.4,225.2,484.9,60.01,214.6,2.2,2.3,1365.7,35.7,1.4,1.0,0,233.07005049851097,3145.925457991156,13.497767951147608,26.875,25.25,2025-10-26 10:52:33
168,1.7,288.3,155.9,1.5,231.0,489.2,60.03,214.8,2.2,2.3,1365.7,35.7,1.4,1.0,0,233.07005049851097,3562.855337965888,15.286628763950304,26.875,25.375,2025-10-26 10:52:48
168.1,1.7,289.4,158.8,1.4,232.0,491.5,59.99,214.7,2.2,2.3,1365.7,35.6,1.4,1.0,0,233.07005049851097,4055.5906506632973,17.40073699726258,26.812,25.5,2025-10-26 10:53:03
168.1,1.7,280.4,157.2,1.4,234.1,492.2,59.98,214.7,2.3,2.3,1365.7,35.6,1.4,1.0,0,233.07005049851097,2501.579279848389,10.73316487681617,26.75,25.562,2025-10-26 10:53:18
168.3,1.7,287.4,158.8,1.4,234.9,491.5,60.04,214.8,2.3,2.3,1365.7,35.7,1.4,1.0,0,233.07005049851097,6936.197094125079,29.760138976626656,26.75,25.625,2025-10-26 10:53:33
167.9,1.7,280.9,155.8,1.5,235.9,489.6,60.05,214.8,2.3,2.3,1365.7,35.7,1.4,1.0,0,233.07005049851097,6519.267214150347,27.97127816382396,26.812,25.75,2025-10-26 10:53:48
166.9,1.7,285.1,153,1.5,232.9,487.2,60.04,214.7,2.3,2.3,1365.7,35.7,1.4,1.0,0,233.07005049851097,5609.602021478206,24.06830911770899,26.937,25.812,2025-10-26 10:54:03
168.9,1.7,270.2,155.8,1.5,238.2,477.2,60.04,214.8,2.2,2.3,1365.7,35.8,1.4,1.0,0,233.07005049851097,2387.871130764371,10.245293746051798,27.0,25.875,2025-10-26 10:54:18
167.5,1.7,280.9,158.9,1.5,238.5,489.0,60.06,214.8,2.2,2.3,1365.7,35.8,1.4,1.0,0,233.07005049851097,1895.1358180669613,8.131185512739522,26.937,25.875,2025-10-26 10:54:33
168.3,1.7,273.1,155.8,1.5,241.8,482.5,60.04,214.7,2.2,2.3,1365.7,35.8,1.4,1.0,0,233.07005049851097,5344.283006948831,22.929943145925453,26.875,25.812,2025-10-26 10:54:48
165.5,1.7,278.6,153.4,1.5,241.6,491.2,60.03,214.6,2.2,2.3,1365.7,35.9,1.4,1.0,0,233.07005049851097,6026.531901452938,25.857169930511684,26.875,25.812,2025-10-26 10:55:03
170.4,1.7,263.6,156.8,1.5,244.7,479.4,60.02,214.6,2.3,2.3,1365.7,35.9,1.4,1.0,0,233.07005049851097,2994.3145925457993,12.847273110128448,26.812,25.875,2025-10-26 10:55:18
166.4,1.7,285.8,157.3,1.6,245.2,499.8,60.01,214.7,2.3,2.3,1365.7,35.9,1.4,1.0,0,233.07005049851097,947.5679090334806,4.065592756369761,26.812,25.937,2025-10-26 10:55:33
168.1,1.5,287.8,153.9,1.6,249.4,503.0,60.01,214.1,2.2,2.3,1365.7,35.9,1.4,1.0,0,233.07005049851097,2198.3575489576756,9.432175194777848,26.812,26.0,2025-10-26 10:55:48
167.8,1.7,288.9,155.8,1.6,252.5,507.7,60.03,214.1,2.3,2.3,1365.7,35.9,1.4,1.0,0,233.07005049851097,6329.753632343651,27.158159612550005,26.812,25.937,2025-10-26 10:56:03
167.7,1.7,296.3,158.8,1.6,253.4,516.3,60.01,214,2.4,2.3,1365.7,36,1.4,1.0,0,233.07005049851097,4017.687934301958,17.23811328700779,26.875,25.937,2025-10-26 10:56:18
168,1.8,298.7,155.8,1.6,260.4,523.8,60,214.1,2.4,2.4,1365.8,36,1.4,1.0,0,233.07005049851097,1970.9412507896398,8.456432933249104,26.937,26.0,2025-10-26 10:56:33
167.9,1.8,302.2,153,1.7,261.5,530.0,60.02,214.1,2.5,2.4,1365.8,36,1.4,1.0,0,233.07005049851097,2008.843967150979,8.619056643503894,27.062,25.937,2025-10-26 10:56:48
168.6,1.8,295.4,156.4,1.7,264.9,525.1,60.05,214.6,2.5,2.4,1365.8,36,1.4,1.0,0,233.07005049851097,3335.4390397978523,14.310886502421562,27.062,25.812,2025-10-26 10:57:03
168.3,1.9,313.8,159.1,1.7,269.5,547.7,60.03,214.6,2.5,2.4,1365.8,36,1.4,1.0,0,271.91505891492943,4320.909665192672,15.890659687753812,27.125,25.75,2025-10-26 10:57:18
170.3,1.9,306.8,155.1,1.7,274.0,554.6,60.03,214.7,2.6,2.4,1365.8,35.9,1.4,1.0,0,271.91505891492943,3373.3417561591914,12.405865896579732,27.125,25.75,2025-10-26 10:57:33
166.7,1.9,322.7,154.2,1.8,279.9,564.8,60,214.8,2.6,2.4,1365.8,36,1.4,1.0,0,271.91505891492943,5154.769425142135,18.957278223987004,27.125,25.687,2025-10-26 10:57:48
169.1,2,325.8,155.8,1.8,285.2,572.8,60.01,214.7,2.7,2.4,1365.8,36,1.4,1.0,0,271.91505891492943,4965.255843335439,18.260319465752186,27.125,25.687,2025-10-26 10:58:03
165.3,2,336.8,158.8,1.8,288.3,585.6,60.03,214.8,2.7,2.4,1365.8,36,1.4,1.0,0,271.91505891492943,1591.9140871762477,5.854453569172458,27.125,25.687,2025-10-26 10:58:18
170.9,2.1,337.1,155.9,1.9,293.5,591.6,60.04,214.8,2.7,2.4,1365.8,35.9,1.4,1.0,0,271.91505891492943,2956.4118761844597,10.872556628463135,27.125,25.687,2025-10-26 10:58:33
165.4,2.1,347.6,153.4,1.9,293.5,599.3,60.03,214.8,2.8,2.4,1365.8,35.9,1.4,1.0,0,271.91505891492943,3790.2716361339226,13.939175164696326,27.187,25.687,2025-10-26 10:58:48
170.5,2.1,350.3,156.4,1.9,303.0,612.3,60.02,214.8,2.9,2.4,1365.8,35.9,1.4,1.0,0,271.91505891492943,2198.3575489576756,8.08472159552387,27.062,25.687,2025-10-26 10:59:03
164.7,2.2,361.7,158.9,1.9,305.8,623.3,60.03,214.5,2.9,2.4,1365.8,36,1.4,1.0,0,271.91505891492943,6178.142766898294,22.72085551845501,27.062,25.75,2025-10-26 10:59:18
171,2.2,366.9,161.7,1.9,303.6,629.6,60.01,214.6,2.9,2.4,1365.8,36,1.4,1.0,0,310.76006733134795,6405.55906506633,20.61255527479469,27.062,25.812,2025-10-26 10:59:33
164.7,2.2,371.7,155.8,2,314.0,641.6,60,214.6,3,2.4,1365.8,36.1,1.4,1.0,0,310.76006733134795,6253.948199620972,20.12468414403032,27.25,25.812,2025-10-26 10:59:48
169,2.2,375.5,155.6,2,316.8,649.2,59.98,214.7,3,2.4,1365.8,36.1,1.5,1.0,0,310.76006733134795,5495.893872394188,17.685328490208462,27.312,25.812,2025-10-26 11:00:03
165.7,2.3,382.9,157.9,2,318.6,658.3,59.98,214.7,3.1,2.4,1365.8,36.1,1.5,1.0,0,310.76006733134795,2236.2602653190143,7.196099178774477,27.375,25.812,2025-10-26 11:00:18
170.1,2.2,389.4,158.8,2,321.0,665.3,60.02,214.9,3,2.4,1365.8,36.1,1.5,1.0,0,310.76006733134795,1099.1787744788378,3.537065698041693,27.375,25.812,2025-10-26 11:00:33
165.2,2.3,389.4,155.6,2.1,321.6,665.6,59.98,214.8,3.1,2.4,1365.8,36.1,1.5,1.0,0,310.76006733134795,1402.4005053695514,4.512807959570435,27.5,25.812,2025-10-26 11:00:48
168.1,2.3,395.9,155.9,2.1,325.3,675.1,60,214.9,3.1,2.4,1365.8,36.1,1.5,1.0,0,310.76006733134795,2766.8982943777637,8.903648136449778,27.562,25.875,2025-10-26 11:01:03
167.2,2.4,399.6,156,2.1,327.9,680.2,60.03,214.8,3.1,2.4,1365.8,36.1,1.5,1.0,0,310.76006733134795,1440.3032217308908,4.634775742261528,27.625,25.875,2025-10-26 11:01:18
168.8,2.3,402.6,156.7,2.1,330.0,686.1,59.98,214.9,3.2,2.4,1365.8,36.2,1.5,1.0,0,310.76006733134795,5950.7264687302595,19.14894188250158,27.75,26.0,2025-10-26 11:01:33
168,2.4,405.9,158.8,2.1,331.6,690.8,60.04,214.8,3.2,2.4,1365.8,36.2,1.5,1.0,0,310.76006733134795,1554.0113708149083,5.000679090334806,27.75,26.125,2025-10-26 11:01:48
168,2.4,408.4,155.8,2.1,334.4,696.1,60.03,214.9,3.1,2.4,1365.8,36.3,1.5,1.0,0,310.76006733134795,3941.8825015792795,12.684649399873654,27.75,26.187,2025-10-26 11:02:03
168,2.5,411.5,155.6,2.1,336.3,702.1,60,214.8,3.2,2.4,1365.8,36.3,1.5,1.0,0,349.6050757477664,6822.488945041061,19.514845230574856,27.875,26.25,2025-10-26 11:02:18
168,2.5,414.5,158.8,2.1,337.3,704.5,59.98,215,3.2,2.4,1365.8,36.3,1.5,1.0,0,349.6050757477664,2122.552116234997,6.071285182845512,28.0,26.312,2025-10-26 11:02:33
168,2.5,417.2,156.4,2.2,340.1,709.7,60.03,215.1,3.2,2.4,1365.8,36.3,1.5,1.0,0,349.6050757477664,6178.142766898294,17.671776514353898,28.062,26.375,2025-10-26 11:02:48
168,2.5,420.6,152.5,2.2,341.1,713.2,60.05,215.1,3.3,2.4,1365.8,36.3,1.5,1.0,0,349.6050757477664,5457.991156032849,15.611876184459886,28.125,26.375,2025-10-26 11:03:03
167.9,2.5,424.6,155.7,2.2,346.6,722.7,60.03,215.1,3.3,2.4,1365.8,36.3,1.5,1.0,0,349.6050757477664,3221.7308907138345,9.215343581104793,28.187,26.375,2025-10-26 11:03:18
168.1,2.5,427.3,158.8,2.2,347.2,726.6,59.98,215.2,3.3,2.4,1365.8,36.2,1.5,1.0,0,349.6050757477664,2312.065698041693,6.613364217028146,28.125,26.312,2025-10-26 11:03:33
167.9,2.6,430.9,156,2.2,351.5,732.8,60.01,215.2,3.4,2.4,1365.8,36.1,1.5,1.0,0,349.6050757477664,1857.233101705622,5.3123745349898215,28.187,26.312,2025-10-26 11:03:48
168,2.6,435.3,154.5,2.2,349.3,734.3,59.98,215.2,3.5,2.4,1365.8,36.1,1.5,1.1,0,349.6050757477664,3411.2444725205305,9.757422615287428,28.25,26.375,2025-10-26 11:04:03
167.9,2.6,439.5,159,2.2,354.9,745.1,59.97,215.2,3.5,2.4,1365.8,36.1,1.5,1.1,0,349.6050757477664,3145.925457991156,8.998511967431739,28.25,26.437,2025-10-26 11:04:18
168,2.6,443.1,155.8,2.3,360.6,753.2,60.03,215.4,3.5,2.4,1365.8,36.2,1.5,1.1,0,388.4500841641849,5268.477574226153,13.562817435249526,28.375,26.437,2025-10-26 11:04:33
168,2.7,448.5,153.2,2.3,358.4,754.0,60.03,215.4,3.5,2.4,1365.8,36.2,1.5,1.1,0,388.4500841641849,6822.488945041061,17.563360707517372,28.437,26.562,2025-10-26 11:04:48
168,2.7,454.1,158.7,2.3,364.9,767.1,60.03,215.3,3.6,2.4,1365.8,36.3,1.5,1.1,0,388.4500841641849,3183.8281743524954,8.19623499684144,28.5,26.562,2025-10-26 11:05:03
168.4,2.7,457.0,152.9,2.4,369.2,771.6,59.98,215.4,3.6,2.4,1365.8,36.3,1.5,1.1,0,388.4500841641849,1137.0814908401767,2.927226784586228,28.562,26.562,2025-10-26 11:05:18
168,2.8,462.9,158.7,2.4,373.7,783.3,59.99,215.6,3.7,2.4,1365.9,36.4,1.5,1.1,0,388.4500841641849,5041.061276058118,12.977372078332282,28.5,26.5,2025-10-26 11:05:33
167.9,2.8,469.5,152.6,2.4,376.1,790.3,60,215.3,3.7,2.5,1365.9,36.4,1.5,1.1,0,388.4500841641849,6595.072646873025,16.977915350600124,28.625,26.625,2025-10-26 11:05:48
166.1,2.8,468.1,156.7,2.4,379.7,798.8,59.99,215,3.7,2.5,1365.9,36.4,1.5,1.1,0,388.4500841641849,4358.812381554011,11.221036007580544,28.687,26.687,2025-10-26 11:06:03
169.5,2.8,472.6,154.3,2.5,386.9,804.0,59.96,214.9,3.7,2.5,1365.9,36.4,1.5,1.1,0,388.4500841641849,2160.454832596336,5.561730890713835,28.812,26.75,2025-10-26 11:06:18
166.8,2.9,475.0,157.3,2.4,389.5,810.2,59.97,215,3.7,2.5,1365.9,36.5,1.5,1.1,0,388.4500841641849,5116.866708780796,13.17252053063803,28.937,26.812,2025-10-26 11:06:33
171,2.9,480.0,153.3,2.5,392.1,816.6,60.01,215,3.8,2.5,1365.9,36.5,1.5,1.1,0,427.2950925806034,6481.364497789008,15.168356974674094,29.062,26.875,2025-10-26 11:06:48
165.1,2.9,480.1,155.8,2.4,396.0,820.0,60.03,215.2,3.8,2.5,1365.9,36.6,1.5,1.1,0,388.4500841641849,6253.948199620972,16.099747315224256,29.125,26.937,2025-10-26 11:07:03
170.8,2.9,481.3,155.6,2.5,399.1,824.2,59.99,215.1,3.8,2.5,1365.9,36.7,1.5,1.1,0,427.2950925806034,2122.552116234997,4.967415149600873,29.25,27.0,2025-10-26 11:07:18
165.5,2.9,488.3,156.2,2.5,402.3,834.6,59.98,215.2,3.9,2.5,1365.9,36.7,1.5,1.1,0,427.2950925806034,4851.5476942514215,11.35409177051628,29.312,27.0,2025-10-26 11:07:33
170.6,3,497.2,155.8,2.6,406.5,840.2,59.99,215.3,3.9,2.5,1365.9,36.8,1.5,1.1,0,427.2950925806034,1895.1358180669613,4.435192097857922,29.375,27.062,2025-10-26 11:07:48
164.6,3,504.6,155.8,2.6,410.3,856.9,59.98,215.2,4,2.5,1365.9,36.8,1.5,1.1,0,427.2950925806034,6253.948199620972,14.636133922931142,29.375,27.0,2025-10-26 11:08:03
170.8,2.9,503.2,155.8,2.6,413.2,859.1,59.99,215.2,4,2.5,1365.9,36.8,1.5,1.1,0,427.2950925806034,5837.018319646241,13.6603916614024,29.312,26.937,2025-10-26 11:08:18
166.5,3,489.8,155.7,2.6,408.5,840.7,60,215.2,3.9,2.5,1365.9,36.8,1.5,1.1,0,427.2950925806034,3070.1200252684775,7.185011198529834,29.375,26.875,2025-10-26 11:08:33
169.2,2.7,481.0,155.8,2.6,404.3,828.0,59.99,215.3,3.8,2.5,1365.9,36.8,1.5,1.1,0,388.4500841641849,1516.108654453569,3.902969046114971,29.437,26.875,2025-10-26 11:08:48
165.8,2.8,471.6,155.8,2.6,402.7,819.8,59.97,215.2,3.8,2.5,1365.9,36.8,1.5,1.1,0,388.4500841641849,2918.5091598231206,7.51321541377132,29.437,27.0,2025-10-26 11:09:03
170,2.6,459.2,155.9,2.6,402.8,809.0,59.98,215.2,3.7,2.5,1365.9,36.8,1.5,1.1,0,388.4500841641849,4169.298799747316,10.733164876816174,29.562,27.125,2025-10-26 11:09:18
167.8,2.8,464.3,155.8,2.6,402.0,808.6,60,215.2,3.7,2.5,1365.9,36.8,1.5,1.1,0,388.4500841641849,6102.337334175615,15.709450410612758,29.625,27.187,2025-10-26 11:09:33
168,2.5,462.2,155.8,2.6,402.8,810.6,60.04,215.2,3.6,2.5,1365.9,36.9,1.5,1.1,0,388.4500841641849,2122.552116234997,5.464156664560961,29.625,27.25,2025-10-26 11:09:48
166.9,2.8,461.3,155.8,2.6,403.3,810.7,60.02,215.2,3.7,2.5,1365.9,36.9,1.5,1.1,0,388.4500841641849,2425.7738471257107,6.244750473783955,29.562,27.312,2025-10-26 11:10:03
168,2.5,463.0,155.9,2.6,404.5,813.0,60.03,215,3.6,2.5,1365.9,36.9,1.5,1.1,0,388.4500841641849,2691.092861655085,6.927770056854074,29.562,27.25,2025-10-26 11:10:18
168,2.8,467.3,155.9,2.6,405.2,816.9,60.01,214.9,3.7,2.5,1365.9,37,1.5,1.1,0,388.4500841641849,1099.1787744788378,2.829652558433355,29.437,27.375,2025-10-26 11:10:33
168,2.8,473.4,155.8,2.6,407.0,825.1,60.04,215,3.7,2.5,1365.9,37,1.5,1.1,0,388.4500841641849,2274.1629816803534,5.854453569172456,29.437,27.375,2025-10-26 11:10:48
168,2.9,481.3,155.7,2.6,412.4,837.5,60.03,214.9,3.9,2.5,1365.9,37,1.5,1.1,0,388.4500841641849,4093.493367024637,10.538016424510424,29.375,27.312,2025-10-26 11:11:03
168.1,2.9,489.9,156.9,2.7,410.3,843.3,60,215.2,3.9,2.5,1365.9,37,1.5,1.1,0,388.4500841641849,1250.7896399241945,3.2199494630448515,29.375,27.437,2025-10-26 11:11:18
169.4,3,457.2,155.4,2.7,417.9,817.8,59.97,215.3,4,2.5,1365.9,37,1.5,1.1,0,427.2950925806034,5799.115603284902,13.571687819445241,29.437,27.562,2025-10-26 11:11:33
165,3.1,510.3,155.9,2.7,422.0,873.6,59.99,215.3,4.1,2.5,1365.9,37.1,1.5,1.1,0,427.2950925806034,6216.045483259633,14.547430080973983,29.5,27.562,2025-10-26 11:11:48
168,3.1,523.0,153.4,2.8,430.5,893.5,60.05,215.4,4.2,2.5,1365.9,37.1,1.5,1.1,0,427.2950925806034,4207.201516108655,9.846126457244587,29.5,27.625,2025-10-26 11:12:03
162.9,3.3,527.1,158.3,2.8,430.5,896.0,60.03,215.3,4.2,2.5,1365.9,37.1,1.5,1.1,0,466.14010099702193,3032.217308907138,6.504948410191618,29.625,27.687,2025-10-26 11:12:18
168,3.3,548.1,154.3,2.9,442.0,928.5,60.01,215.3,4.3,2.5,1365.9,37,1.5,1.1,0,466.14010099702193,1212.8869235628554,2.6019793640766475,29.687,27.687,2025-10-26 11:12:33
165,3.4,578.6,157.1,2.9,451.5,964.8,60.04,215.4,4.5,2.6,1366.0,37,1.5,1.1,0,466.14010099702193,5950.7264687302595,12.765961255001052,29.812,27.687,2025-10-26 11:12:48
168,3.8,615.8,153,3,470.1,1014.3,60.01,215.5,4.7,2.6,1366.0,37.1,1.5,1.1,0,504.9851094134404,1364.4977890082123,2.702055493464211,29.875,27.875,2025-10-26 11:13:03
166.6,4.1,678.9,158.9,3.2,491.5,1095.2,60.02,215.6,5.1,2.6,1366.0,37.1,1.6,1.1,0,543.8301178298589,1061.2760581174985,1.9514845230574858,29.937,28.0,2025-10-26 11:13:18
168.1,4.4,731.8,153.2,3.3,517.5,1169.3,60.01,215.6,5.4,2.6,1366.0,37.1,1.6,1.1,0,582.6751262462774,4093.493367024637,7.025344283006949,30.125,28.062,2025-10-26 11:13:33
167.4,4.8,784.5,158.1,3.4,539.9,1232.6,59.99,215.7,5.7,2.6,1366.0,37.2,1.6,1.1,0,621.5201346626959,1099.1787744788378,1.7685328490208465,30.062,28.25,2025-10-26 11:13:48
161.8,4.9,799.5,152.7,3.6,547.7,1260.6,60.02,215.7,5.8,2.6,1366.0,37.3,1.6,1.1,0,660.3651430791144,5723.310170562224,8.66688714652001,30.125,28.437,2025-10-26 11:14:03
167.8,4.9,821.2,158.7,3.5,557.8,1289.8,59.97,215.4,5.9,2.6,1366.0,37.4,1.6,1.1,0,660.3651430791144,1174.984207201516,1.779294712199472,30.187,28.625,2025-10-26 11:14:18
164.3,5.3,852.9,155.1,3.8,573.4,1327.5,59.98,215.7,6.1,2.6,1366.0,37.5,1.6,1.1,0,660.3651430791144,3145.925457991156,4.7639181004050375,30.312,28.937,2025-10-26 11:14:33
165.7,5,863.3,156.8,3.6,581.4,1349.4,59.97,215.7,6,2.6,1366.0,37.6,1.6,1.1,0,699.2101514955328,2728.9955780164246,3.9029690461149715,30.437,29.062,2025-10-26 11:14:48
163.1,5.2,849.1,154,3.8,582.1,1337.6,59.98,215.9,6.1,2.6,1366.0,37.8,1.6,1.1,0,699.2101514955328,5837.018319646241,8.348017126412579,30.375,29.125,2025-10-26 11:15:03
165,4.7,799.8,157.8,3.5,568.6,1280.1,59.98,215.8,5.8,2.6,1366.0,37.8,1.6,1.1,0,660.3651430791144,1970.9412507896398,2.984623388205566,30.375,29.187,2025-10-26 11:15:18
165,5,811.2,155.7,3.7,573.7,1293.6,60,215.9,5.9,2.6,1366.0,37.9,1.6,1.1,0,660.3651430791144,1591.9140871762477,2.410657352012188,30.437,29.125,2025-10-26 11:15:33
165,4.8,829.3,155.8,3.5,577.2,1313.8,60.01,216,5.9,2.6,1366.0,38,1.6,1.1,0,660.3651430791144,1819.330385344283,2.755036973728215,30.562,29.312,2025-10-26 11:15:48
164.5,5.4,871.8,153.4,3.8,595.5,1370.0,60.01,216,6.3,2.6,1366.0,38.1,1.6,1.1,0,738.0551599119514,1667.7195198989261,2.2596136582770887,30.687,29.437,2025-10-26 11:16:03
165,5.3,888.5,153.2,3.8,598.6,1387.2,59.96,216,6.2,2.6,1366.0,38.2,1.6,1.1,0,738.0551599119514,2274.1629816803534,3.0812913521960295,30.812,29.562,2025-10-26 11:16:18
165.1,4.9,807.2,155.8,3.7,578.0,1293.5,59.97,215.9,5.9,2.6,1366.0,38.3,1.6,1.1,0,660.3651430791144,2122.552116234997,3.2142098026829173,30.875,29.625,2025-10-26 11:16:33
162.1,5.3,849.4,152.8,3.9,593.3,1346.2,59.98,215.9,6.2,2.6,1366.0,38.3,1.6,1.1,0,699.2101514955328,2122.552116234997,3.035642591422756,30.937,29.812,2025-10-26 11:16:48
162.4,5.1,812.6,154.4,3.8,581.1,1301.6,59.98,216.1,6.1,2.6,1366.0,38.4,1.6,1.1,0,660.3651430791144,5116.866708780796,7.748541488610605,30.937,29.937,2025-10-26 11:17:03
164.3,4.9,846.1,153,3.8,579.6,1332.1,60.01,216,6.1,2.6,1366.0,38.5,1.6,1.2,0,699.2101514955328,2653.190145293746,3.7945532392784442,31.062,30.25,2025-10-26 11:17:18
161.3,5.1,834.8,155.5,3.8,578.2,1319.9,60.04,215.9,6,2.7,1366.1,38.5,1.6,1.2,0,660.3651430791144,2312.065698041693,3.501192820779606,31.312,30.5,2025-10-26 11:17:33
163.5,4.9,791.1,153.8,3.7,565.8,1269.8,60,215.7,5.9,2.7,1366.1,38.6,1.6,1.2,0,660.3651430791144,1819.330385344283,2.755036973728215,31.5,30.5,2025-10-26 11:17:48
163.6,4.8,780.8,157.2,3.6,558.8,1255.7,60,215.7,5.8,2.7,1366.1,38.7,1.6,1.2,0,582.6751262462774,4586.228679722047,7.870987576331859,31.625,30.625,2025-10-26 11:18:03
163.5,4.8,769.4,151.7,3.6,552.8,1234.2,59.97,215.7,5.7,2.7,1366.1,38.7,1.6,1.2,0,621.5201346626959,4813.644977890082,7.744954200884396,31.75,30.562,2025-10-26 11:18:18
163.6,4.7,756.5,156.8,3.7,556.7,1226.6,60.02,215.6,5.7,2.7,1366.1,38.8,1.6,1.2,0,621.5201346626959,1554.0113708149083,2.500339545167403,31.812,30.625,2025-10-26 11:18:33
163.6,4.7,756.6,151.2,3.6,557.0,1232.7,60.03,215.2,5.7,2.7,1366.1,38.8,1.6,1.2,0,621.5201346626959,2653.190145293746,4.268872394188249,31.75,30.687,2025-10-26 11:18:48
164.2,4.7,737.5,157.2,3.6,558.8,1210.2,60.04,215.3,5.7,2.7,1366.1,38.8,1.6,1.2,0,621.5201346626959,3373.3417561591914,5.427566329753632,31.75,30.625,2025-10-26 11:19:03
163.7,4.6,739.8,151.4,3.6,554.8,1208.4,60.03,215.1,5.6,2.7,1366.1,38.8,1.6,1.2,0,621.5201346626959,4586.228679722047,7.379050852811117,31.75,30.562,2025-10-26 11:19:18
165.8,4.8,765.4,157.3,3.7,570.7,1246.8,59.98,215.1,5.8,2.7,1366.1,38.7,1.6,1.2,0,660.3651430791144,2766.8982943777637,4.18995206421166,31.75,30.562,2025-10-26 11:19:33
162.4,5.1,830.0,152.4,3.9,589.9,1325.1,59.98,215.4,6.2,2.7,1366.1,38.7,1.6,1.2,0,699.2101514955328,4093.493367024637,5.854453569172457,31.937,30.562,2025-10-26 11:19:48
165.2,5.3,810.8,155.1,3.8,598.1,1323.8,59.97,215.4,6.3,2.7,1366.1,38.7,1.6,1.2,0,699.2101514955328,4510.423246999368,6.4507405067733545,32.062,30.5,2025-10-26 11:20:03
163.5,5.1,833.9,155.5,3.8,589.5,1328.6,60.03,215.4,6.2,2.7,1366.1,38.8,1.6,1.2,0,699.2101514955328,4775.742261528742,6.830195830701199,32.062,30.625,2025-10-26 11:20:18
160.6,5.2,827.7,152.8,3.8,576.5,1313.9,60.04,215.4,6.1,2.7,1366.1,38.7,1.6,1.2,0,660.3651430791144,1857.233101705622,2.8124335773475524,32.062,30.75,2025-10-26 11:20:33
163.5,5.3,862.9,155.2,3.9,598.8,1365.3,60.01,215.6,6.3,2.7,1366.1,38.7,1.7,1.2,0,699.2101514955328,3638.660770688566,5.203958728153295,32.125,30.875,2025-10-26 11:20:48
161.6,5.4,874.3,154,3.9,605.2,1379.5,60.01,215.6,6.4,2.7,1366.1,38.8,1.7,1.2,0,699.2101514955328,4927.3531269741,7.047027444374254,32.312,31.0,2025-10-26 11:21:03
165.4,5,791.7,157.7,3.8,584.3,1285.9,59.98,215.4,6.2,2.7,1366.1,38.9,1.7,1.2,0,699.2101514955328,1137.0814908401767,1.6262371025479045,32.5,31.125,2025-10-26 11:21:18
157.6,5.5,862.6,155.8,4,605.5,1371.1,60,215.6,6.4,2.7,1366.1,39,1.7,1.2,0,738.0551599119514,5230.574857864814,7.086970110050869,32.562,31.25,2025-10-26 11:21:33
163.5,5.4,862.6,152.9,4,604.6,1371.0,60.02,215.7,6.3,2.7,1366.1,39.1,1.7,1.2,0,738.0551599119514,1212.8869235628554,1.6433553878378826,32.687,31.375,2025-10-26 11:21:48
163.3,5.2,844.1,155.6,3.8,594.4,1344.1,59.96,215.6,6.1,2.7,1366.1,39.2,1.7,1.2,0,699.2101514955328,5420.088439671509,7.7517301888116785,32.812,31.5,2025-10-26 11:22:03
162.4,4.9,810.7,153.6,3.8,577.9,1289.7,59.97,215.7,6,2.8,1366.2,39.2,1.7,1.2,0,660.3651430791144,4245.104232469994,6.428419605365835,32.875,31.625,2025-10-26 11:22:18
157.6,4.7,739.9,155.5,3.5,548.3,1203.3,59.97,215.5,5.6,2.8,1366.2,39.2,1.7,1.2,0,621.5201346626959,2994.3145925457993,4.817727416298168,32.812,31.812,2025-10-26 11:22:33
163,4.3,715.7,152.8,3.5,536.9,1170.9,59.97,215.5,5.3,2.8,1366.2,39.3,1.7,1.2,0,582.6751262462774,1591.9140871762477,2.73207833228048,32.875,32.062,2025-10-26 11:22:48
160.1,4.3,688.4,153.2,3.3,519.7,1117.8,60.01,215.5,5.1,2.8,1366.2,39.4,1.7,1.2,0,543.8301178298589,1970.9412507896398,3.6241855428210448,32.875,32.062,2025-10-26 11:23:03
160.6,4,643.6,155,3.3,502.3,1071.3,60.04,215.2,4.9,2.8,1366.2,39.4,1.7,1.2,0,504.9851094134404,2008.843967150979,3.9780261431556436,32.875,32.187,2025-10-26 11:23:18
160.5,3.9,622.3,154.2,3.2,493.0,1042.2,59.99,215.4,4.8,2.8,1366.2,39.3,1.7,1.2,0,504.9851094134404,1781.427668982944,3.5276835609116093,32.687,32.187,2025-10-26 11:23:33
160.6,3.8,615.7,157.2,3,490.6,1033.5,59.98,215.4,4.7,2.8,1366.2,39.2,1.7,1.2,0,504.9851094134404,1819.330385344283,3.6027406579522814,32.75,32.312,2025-10-26 11:23:48
160.5,3.8,611.5,155.8,3.1,486.2,1025.7,59.96,215.3,4.7,2.8,1366.2,39.2,1.7,1.2,0,504.9851094134404,4169.298799747316,8.25628067447398,32.812,32.312,2025-10-26 11:24:03
160.5,3.8,608.1,155.8,3.1,489.5,1029.5,59.97,215.5,4.7,2.8,1366.2,39.3,1.7,1.2,0,504.9851094134404,1250.7896399241945,2.4768842023421933,32.75,32.375,2025-10-26 11:24:18
160.5,3.9,619.2,153,3.2,493.7,1039.0,59.97,215.6,4.8,2.8,1366.2,39.3,1.7,1.2,0,504.9851094134404,4358.812381554011,8.631566159677341,32.562,32.25,2025-10-26 11:24:33
161.4,3.9,616.8,158.1,3.2,482.7,1037.8,59.98,215.5,4.8,2.8,1366.2,39.4,1.7,1.2,0,504.9851094134404,1743.5249526216046,3.4526264638709363,32.687,32.312,2025-10-26 11:24:48
160.3,4,640.0,158.3,3.2,498.0,1064.7,59.98,215.7,4.9,2.8,1366.2,39.4,1.7,1.2,0,543.8301178298589,1857.233101705622,3.4150979153505996,32.687,32.312,2025-10-26 11:25:03
160.8,4.2,663.9,158.7,3.2,510.4,1096.7,60.03,216,5.1,2.8,1366.2,39.4,1.7,1.2,0,582.6751262462774,2160.454832596336,3.7078205938092226,32.812,32.125,2025-10-26 11:25:18
158.5,4.4,700.9,152.9,3.5,536.2,1153.3,60,216.1,5.3,2.8,1366.2,39.4,1.7,1.2,0,582.6751262462774,5192.672141503474,8.911779321962518,32.812,32.0,2025-10-26 11:25:33
162.8,4.6,716.1,153,3.6,552.1,1184.3,60.01,215.9,5.5,2.8,1366.2,39.3,1.7,1.2,0,621.5201346626959,2880.6064434617815,4.634775742261528,32.812,31.875,2025-10-26 11:25:48
159.3,4.8,749.1,152.9,3.7,565.1,1226.8,59.97,216,5.7,2.8,1366.2,39.3,1.7,1.2,0,621.5201346626959,2008.843967150979,3.2321462413139606,32.937,31.937,2025-10-26 11:26:03
161.9,5,779.4,153.9,3.8,578.2,1267.9,59.99,216,5.9,2.8,1366.2,39.2,1.7,1.2,0,660.3651430791144,1440.3032217308908,2.181070937534837,33.062,31.875,2025-10-26 11:26:18
157.7,4.8,754.3,154.4,3.7,570.0,1234.0,60.01,215.9,5.7,2.8,1366.2,39.2,1.7,1.2,0,621.5201346626959,3145.925457991156,5.061662981680353,33.125,32.062,2025-10-26 11:26:33
163.3,4.8,744.6,154.4,3.6,570.3,1228.2,60.04,216.1,5.7,2.8,1366.2,39.2,1.7,1.2,0,660.3651430791144,1212.8869235628554,1.8366913158188098,33.125,32.25,2025-10-26 11:26:48
157.8,4.8,757.2,154.3,3.8,578.1,1246.6,59.97,216.1,5.8,2.8,1366.2,39.2,1.7,1.2,0,660.3651430791144,2387.871130764371,3.6159860280182814,33.187,32.437,2025-10-26 11:27:03
163.1,5.3,833.9,151.4,3.9,606.6,1338.4,60,216.2,6.3,2.9,1366.3,39.3,1.7,1.2,0,699.2101514955328,4813.644977890082,6.884403734119464,33.25,32.5,2025-10-26 11:27:18
160.4,4.7,757.7,154.3,3.7,571.3,1240.7,59.96,216.1,5.5,2.9,1366.3,39.4,1.7,1.2,0,621.5201346626959,4283.006948831333,6.891179722046746,33.375,32.562,2025-10-26 11:27:33
160.5,4.7,755.8,154.4,3.7,574.2,1242.6,59.99,216,5.6,2.9,1366.3,39.4,1.7,1.2,0,621.5201346626959,1478.2059380922299,2.3783717624763105,33.5,32.562,2025-10-26 11:27:48
160.5,4.6,740.3,154.3,3.7,568.2,1222.8,59.99,216.1,5.6,2.9,1366.3,39.5,1.7,1.3,0,621.5201346626959,3449.14718888187,5.549534112444725,33.625,32.812,2025-10-26 11:28:03
160.6,4.8,755.7,152.9,3.7,574.0,1241.0,59.98,215.8,5.8,2.9,1366.3,39.6,1.7,1.3,0,621.5201346626959,4775.742261528742,7.683970309538848,33.562,32.937,2025-10-26 11:28:18
160.5,4.7,750.4,155.8,3.7,564.9,1231.1,60,215.7,5.7,2.9,1366.3,39.6,1.7,1.3,0,621.5201346626959,3903.9797852179404,6.281340808591281,33.5,33.0,2025-10-26 11:28:33
160.6,4.8,760.2,154,3.8,577.1,1247.4,60,215.4,5.8,2.9,1366.3,39.7,1.8,1.3,0,621.5201346626959,2008.843967150979,3.2321462413139606,33.5,33.125,2025-10-26 11:28:48
160.5,4.8,762.3,154.4,3.6,579.8,1251.2,59.99,215.7,5.7,2.9,1366.3,39.8,1.8,1.3,0,621.5201346626959,2918.5091598231206,4.695759633607075,33.562,33.312,2025-10-26 11:29:03
160.6,4.9,772.2,154.3,3.9,589.4,1270.0,60.03,215.7,5.9,2.9,1366.3,39.9,1.8,1.3,0,660.3651430791144,2122.552116234997,3.2142098026829173,33.562,33.375,2025-10-26 11:29:18
160.6,5.1,805.0,154.2,4,604.4,1315.9,60,215.7,6.1,2.9,1366.3,39.9,1.8,1.3,0,699.2101514955328,2539.4819962097285,3.631929529023654,33.625,33.375,2025-10-26 11:29:33
160.6,5.4,850.0,153.4,4.2,631.0,1393.9,60.01,216,6.4,2.9,1366.3,39.9,1.8,1.3,0,738.0551599119514,3562.855337965888,4.827356451773781,33.625,33.5,2025-10-26 11:29:48
161.2,5.5,851.3,151.3,4.2,633.9,1383.8,60,216.1,6.5,2.9,1366.3,40,1.8,1.3,0,738.0551599119514,4510.423246999368,6.111227848522125,33.812,33.687,2025-10-26 11:30:03
160.6,5.3,843.0,154.4,4.1,620.2,1365.9,60,216,6.3,2.9,1366.3,40.1,1.8,1.3,0,699.2101514955328,2008.843967150979,2.873018881167965,33.937,33.875,2025-10-26 11:30:18
160.6,5.4,848.7,151.4,4.2,633.2,1381.1,60.01,215.7,6.4,2.9,1366.3,40.1,1.8,1.3,0,738.0551599119514,3638.660770688566,4.930066163513648,34.062,33.937,2025-10-26 11:30:33
162.6,5.8,867.8,152.3,4.4,665.3,1470.7,59.99,215.8,6.9,2.9,1366.3,40.1,1.8,1.3,0,776.9001683283698,1326.595072646873,1.7075489576753,34.312,34.062,2025-10-26 11:30:48
159.5,6.1,967.7,151.5,4.6,690.5,1545.4,59.98,215.8,7.2,2.9,1366.3,40.2,1.8,1.3,0,815.7451767447883,4093.493367024637,5.018103059290678,34.437,34.25,2025-10-26 11:31:03
160,6.2,970.8,151.4,4.6,698.6,1555.6,60.01,216,7.2,2.9,1366.3,40.3,1.8,1.3,0,854.5901851612068,4169.298799747316,4.878711307643715,34.562,34.437,2025-10-26 11:31:18
156.2,5.8,922.3,154.1,4.4,665.5,1479.8,60,215.9,6.8,2.9,1366.3,40.4,1.8,1.3,0,776.9001683283698,2577.3847125710677,3.317523689197726,34.75,34.75,2025-10-26 11:31:33
159,5.2,826.9,151.4,4.1,624.0,1352.9,59.99,215.8,6.2,3.0,1366.4,40.5,1.8,1.3,0,699.2101514955328,2463.67656348705,3.523513722187127,34.75,34.812,2025-10-26 11:31:48
159.2,5.1,801.2,150,4.1,612.9,1318.8,60.02,215.8,6.1,3.0,1366.4,40.5,1.8,1.3,0,699.2101514955328,3487.049905243209,4.987127114480241,34.812,34.812,2025-10-26 11:32:03
159.1,5.1,807.2,152.7,4,615.5,1327.6,59.98,215.8,6.1,3.0,1366.4,40.5,1.8,1.3,0,699.2101514955328,2691.092861655085,3.8487611426967074,34.875,34.812,2025-10-26 11:32:18
159.3,5.2,809.3,151.4,4.1,621.8,1336.7,60.01,215.8,6.2,3.0,1366.4,40.4,1.8,1.3,0,699.2101514955328,1288.6923562855338,1.843068716220959,34.875,34.75,2025-10-26 11:32:33
159.1,5.3,832.3,151.4,4.2,631.8,1365.1,60.02,215.7,6.4,3.0,1366.4,40.4,1.8,1.3,0,738.0551599119514,1591.9140871762477,2.156903946537221,34.875,34.875,2025-10-26 11:32:48
159.1,5.2,821.6,151.4,4.1,624.1,1349.3,60.04,215.7,6.2,3.0,1366.4,40.4,1.8,1.3,0,699.2101514955328,2880.6064434617815,4.119800659788026,35.0,34.937,2025-10-26 11:33:03
160.2,4.4,695.5,153.3,3.6,551.0,1170.6,60.05,215.5,5.4,3.0,1366.4,40.5,1.8,1.3,0,582.6751262462774,1212.8869235628554,2.081583491261318,35.062,35.0,2025-10-26 11:33:18
160.2,4.4,676.8,154.3,3.6,558.3,1152.9,60.02,215.5,5.4,3.0,1366.4,40.5,1.8,1.3,0,582.6751262462774,2728.9955780164246,4.683562855337966,35.125,35.062,2025-10-26 11:33:33
159.1,4.1,650.6,148.4,3.6,531.8,1105.4,60.03,215.4,5.1,3.0,1366.4,40.6,1.8,1.3,0,582.6751262462774,3259.6336070751736,5.594255632764792,35.125,35.062,2025-10-26 11:33:48
158.1,4.3,689.2,148.3,3.7,548.3,1153.9,60.02,215.5,5.3,3.0,1366.4,40.6,1.8,1.3,0,582.6751262462774,1364.4977890082123,2.341781427668983,35.187,35.125,2025-10-26 11:34:03
157.5,4.3,677.9,152.1,3.5,549.7,1145.9,60.02,215.5,5.2,3.0,1366.4,40.7,1.8,1.3,0,582.6751262462774,4017.687934301958,6.895245314803116,35.25,35.0,2025-10-26 11:34:18
159,4.1,648.8,149.6,3.5,535.5,1106.8,59.98,215.4,5,3.0,1366.4,40.7,1.8,1.3,0,543.8301178298589,2956.4118761844597,5.436278314231568,35.312,34.75,2025-10-26 11:34:33
158.8,4.2,651.4,151.4,3.5,537.8,1110.5,59.99,215.3,5.1,3.0,1366.4,40.7,1.8,1.3,0,543.8301178298589,1933.0385344283006,3.554489666997563,35.312,34.562,2025-10-26 11:34:48
162.9,3.9,605.1,148.7,3.5,522.5,1030.1,60.04,215.3,4.9,3.0,1366.4,40.6,1.8,1.3,0,543.8301178298589,2122.552116234997,3.9029690461149715,35.312,34.562,2025-10-26 11:35:03
157.6,4.2,656.6,151.4,3.5,537.4,1114.4,60.02,215.3,5.1,3.0,1366.4,40.6,1.8,1.3,0,543.8301178298589,4207.201516108655,7.736242216406462,35.25,34.5,2025-10-26 11:35:18
158,4,638.0,151.6,3.4,528.8,1089.6,60.04,215.4,5,3.0,1366.4,40.5,1.8,1.3,0,543.8301178298589,1667.7195198989261,3.066618536233192,35.25,34.375,2025-10-26 11:35:33
160.6,4,632.0,151.9,3.4,522.9,1078.0,60.04,215.4,4.9,3.0,1366.4,40.4,1.8,1.3,0,543.8301178298589,4169.298799747316,7.666546340582981,35.187,34.437,2025-10-26 11:35:48
160.6,3.8,599.8,154.5,3.3,505.5,1032.3,60.04,215.4,4.6,3.0,1366.4,40.3,1.8,1.3,0,504.9851094134404,4245.104232469994,8.406394868555322,35.25,34.437,2025-10-26 11:36:03
161.2,3.6,553.0,151.4,3.3,498.5,979.6,60.02,215.4,4.6,3.0,1366.4,40.3,1.8,1.3,0,504.9851094134404,2766.8982943777637,5.479168083969094,35.25,34.312,2025-10-26 11:36:18
160.5,3.5,558.3,151.4,3.2,486.1,976.2,60.02,215.4,4.4,3.0,1366.4,40.2,1.8,1.3,0,466.14010099702193,1364.4977890082123,2.9272267845862285,35.25,34.437,2025-10-26 11:36:33
159,3.4,548.0,152.8,3.2,480.7,961.2,59.99,215.4,4.4,3.0,1366.4,40.3,1.9,1.3,0,466.14010099702193,1591.9140871762477,3.4150979153506,35.125,34.437,2025-10-26 11:36:48
162.4,3.4,501.0,149.3,3.2,480.8,917.5,59.99,215.4,4.4,3.1,1366.5,40.3,1.9,1.3,0,466.14010099702193,4320.909665192672,9.269551484523056,34.875,34.312,2025-10-26 11:37:03
157.7,3.6,559.7,151.4,3.2,486.7,976.9,60.01,215.5,4.5,3.1,1366.5,40.4,1.9,1.3,0,466.14010099702193,4093.493367024637,8.781680353758686,34.812,34.187,2025-10-26 11:37:18
160.6,3.4,590.9,151.3,3.3,498.8,1007.0,60.03,215.3,4.4,3.1,1366.5,40.4,1.9,1.3,0,504.9851094134404,1440.3032217308908,2.852169687545556,34.812,34.125,2025-10-26 11:37:33
159.1,5,784.4,152.9,3.8,591.5,1284.5,59.99,215.8,5.9,3.1,1366.5,40.5,1.9,1.3,0,660.3651430791144,1591.9140871762477,2.410657352012188,34.812,34.125,2025-10-26 11:37:48
160.9,3.6,616.8,153.7,3.3,505.1,1048.2,59.98,215.4,4.5,3.1,1366.5,40.6,1.9,1.3,0,504.9851094134404,2653.190145293746,5.253996792847077,34.937,34.25,2025-10-26 11:38:03
160.5,3.7,586.5,151.3,3.2,492.2,1008.1,60.01,215.3,4.6,3.1,1366.5,40.6,1.9,1.3,0,504.9851094134404,2425.7738471257107,4.8036542106030415,35.0,34.25,2025-10-26 11:38:18
160.6,3.5,590.2,154.5,3.2,488.4,1006.9,60,215.3,4.5,3.1,1366.5,40.6,1.9,1.4,0,504.9851094134404,2274.1629816803534,4.5034258224403505,35.062,34.25,2025-10-26 11:38:33
154.8,4.4,663.7,153,3.6,543.5,1124.8,59.99,215.4,5.3,3.1,1366.5,40.6,1.9,1.4,0,582.6751262462774,3183.8281743524954,5.46415666456096,35.125,34.312,2025-10-26 11:38:48
154.6,5,772.0,151.4,3.9,599.7,1278.5,60,215.6,6,3.1,1366.5,40.6,1.9,1.4,0,660.3651430791144,3108.0227416298167,4.7065214967857,35.25,34.625,2025-10-26 11:39:03
160.3,4.4,744.6,152.9,3.7,577.6,1215.4,59.99,215.5,5.6,3.1,1366.5,40.6,1.9,1.4,0,621.5201346626959,3752.3689197725835,6.037405243209095,35.375,34.812,2025-10-26 11:39:18
158.7,4.7,772.5,152.2,3.8,583.2,1266.4,59.99,215.8,5.6,3.1,1366.5,40.7,1.9,1.4,0,621.5201346626959,3487.049905243209,5.610518003790271,35.562,34.937,2025-10-26 11:39:33
159,4.3,683.7,153,3.6,550.6,1151.6,60.01,215.3,5.3,3.1,1366.5,40.6,1.9,1.4,0,582.6751262462774,3714.466203411244,6.374849441987785,35.625,34.875,2025-10-26 11:39:48
159.2,4.5,702.9,153,3.7,570.0,1191.5,60.02,215.3,5.5,3.1,1366.5,40.5,1.9,1.4,0,582.6751262462774,3335.4390397978523,5.724354600968625,35.5,34.75,2025-10-26 11:40:03
159.1,4.5,711.6,152.8,3.7,568.7,1194.6,60.02,215.4,5.5,3.1,1366.5,40.5,1.9,1.4,0,582.6751262462774,2084.649399873658,3.5777216256053905,35.75,34.562,2025-10-26 11:40:18
159.2,4.3,672.2,153.7,3.4,550.1,1141.7,59.99,215.3,5.2,3.1,1366.5,40.5,1.9,1.4,0,582.6751262462774,1402.4005053695514,2.406830911770899,35.812,34.437,2025-10-26 11:40:33
156.4,4.4,679.6,151.5,3.7,555.2,1151.3,60,215.4,5.3,3.1,1366.5,40.5,1.9,1.4,0,582.6751262462774,2918.5091598231206,5.008810275847546,35.937,34.312,2025-10-26 11:40:48
157.6,4.4,693.9,151.4,3.6,563.3,1171.9,60.03,215.5,5.4,3.1,1366.5,40.5,1.9,1.4,0,582.6751262462774,1326.595072646873,2.2767319435670665,36.0,34.125,2025-10-26 11:41:03
157.5,4.2,669.8,151.4,3.6,551.0,1139.7,60.02,215.2,5.3,3.1,1366.5,40.5,1.9,1.4,0,582.6751262462774,3070.1200252684775,5.269008212255211,35.937,34.062,2025-10-26 11:41:18
160.6,4.4,706.6,157.3,3.6,547.6,1172.5,59.99,215.4,5.4,3.1,1366.5,40.4,1.9,1.4,0,582.6751262462774,4283.006948831333,7.350591703516529,35.937,34.0,2025-10-26 11:41:33
162.3,4.4,650.7,154.8,3.6,556.8,1165.1,60.01,215.4,5.4,3.1,1366.5,40.4,1.9,1.4,0,582.6751262462774,2880.6064434617815,4.94376079174563,36.062,33.937,2025-10-26 11:41:48
160.5,4.3,686.6,152.9,3.7,564.6,1169.5,60.01,215.4,5.4,3.1,1366.5,40.5,1.9,1.4,0,582.6751262462774,3373.3417561591914,5.789404085070541,36.125,33.937,2025-10-26 11:42:03
157.7,4.7,730.8,151.4,3.9,588.9,1229.4,59.99,215.6,5.7,3.2,1366.6,40.5,1.9,1.4,0,621.5201346626959,3941.8825015792795,6.342324699936827,36.25,33.937,2025-10-26 11:42:18
159.3,4.8,748.5,154.5,3.8,589.9,1251.1,60,215.6,5.8,3.2,1366.6,40.6,1.9,1.4,0,621.5201346626959,3449.14718888187,5.549534112444725,36.375,34.125,2025-10-26 11:42:33
159,4.7,738.4,152.9,3.8,588.0,1237.3,59.99,215.5,5.7,3.2,1366.6,40.7,1.9,1.4,0,621.5201346626959,4055.5906506632973,6.525276373973467,36.5,34.25,2025-10-26 11:42:48
159.1,4.9,775.0,153,4,609.2,1291.2,59.99,215.5,6,3.2,1366.6,40.8,1.9,1.4,0,660.3651430791144,1629.8168035375868,2.4680539556315257,36.562,34.375,2025-10-26 11:43:03
159.1,4.9,776.1,151.9,4,607.6,1290.5,60.04,215.6,6,3.2,1366.6,40.9,1.9,1.4,0,660.3651430791144,3449.14718888187,5.223090929359741,36.75,34.5,2025-10-26 11:43:18
158.9,4.9,767.8,152.9,4,610.2,1284.4,60.02,215.5,5.9,3.2,1366.6,40.9,1.9,1.4,0,660.3651430791144,1250.7896399241945,1.8940879194381475,36.812,34.625,2025-10-26 11:43:33
161.9,4.9,759.1,150,4,604.1,1272.3,60.02,215.6,5.9,3.2,1366.6,41,1.9,1.4,0,660.3651430791144,2766.8982943777637,4.18995206421166,37.0,34.75,2025-10-26 11:43:48
156.6,4.7,727.9,152.5,4,593.4,1233.0,60.03,215.5,5.8,3.2,1366.6,41.1,1.9,1.4,0,660.3651430791144,3903.9797852179404,5.911850172791794,37.062,34.75,2025-10-26 11:44:03
161.2,4.7,749.4,153.6,3.9,599.7,1252.2,60.01,215.6,5.9,3.2,1366.6,41.1,1.9,1.4,0,660.3651430791144,3752.3689197725835,5.682263758314443,37.062,34.687,2025-10-26 11:44:18
156,4.8,742.2,155.7,3.9,592.3,1246.4,60.02,215.6,5.8,3.2,1366.6,41,1.9,1.4,0,660.3651430791144,3221.7308907138345,4.878711307643714,37.062,34.562,2025-10-26 11:44:33
159.4,5,779.6,150.1,4.1,609.9,1295.0,60.02,215.8,6,3.2,1366.6,40.9,1.9,1.4,0,660.3651430791144,1440.3032217308908,2.181070937534837,37.0,34.437,2025-10-26 11:44:48
159,4.8,767.3,149.7,3.9,586.7,1260.8,60.02,215.7,5.6,3.2,1366.6,40.8,1.9,1.4,0,621.5201346626959,2615.287428932407,4.207888502842703,36.937,34.375,2025-10-26 11:45:03
157.2,4.4,698.1,152.9,3.7,566.9,1181.3,59.97,215.8,5.3,3.2,1366.6,40.7,1.9,1.4,0,582.6751262462774,2008.843967150979,3.447622657401558,36.937,34.25,2025-10-26 11:45:18
160.7,4.1,679.7,152.1,3.6,548.4,1145.9,59.98,215.6,5.2,3.2,1366.6,40.7,2.0,1.4,0,582.6751262462774,2766.8982943777637,4.748612339439882,36.937,34.187,2025-10-26 11:45:33
159,4,627.9,154.9,3.3,522.4,1075.4,59.98,215.5,4.8,3.2,1366.6,40.8,2.0,1.4,0,543.8301178298589,3524.9526216045483,6.481716451583792,36.812,34.062,2025-10-26 11:45:48
159.6,4.5,677.2,150.2,3.9,557.2,1182.7,59.99,215.7,5.7,3.2,1366.6,40.8,2.0,1.4,0,660.3651430791144,1667.7195198989261,2.5254505592508636,36.625,34.187,2025-10-26 11:46:03
161.9,5,777.4,150.1,4,613.3,1295.8,59.98,215.9,6,3.2,1366.6,40.9,2.0,1.4,0,660.3651430791144,1554.0113708149083,2.35326074839285,36.625,34.312,2025-10-26 11:46:18
161.9,4.9,737.6,152.4,4,604.9,1253.1,59.98,215.8,5.9,3.2,1366.6,41,2.0,1.4,0,660.3651430791144,3638.660770688566,5.51007394745643,36.562,34.312,2025-10-26 11:46:33
159.1,4.5,703.2,149.9,3.8,570.5,1191.2,59.98,215.7,5.5,3.2,1366.6,41.1,2.0,1.4,0,621.5201346626959,1440.3032217308908,2.317387871130764,36.5,34.437,2025-10-26 11:46:48
159.2,5.1,816.2,152.8,4.2,636.2,1354.7,59.98,216,6.2,3.2,1366.6,41.1,2.0,1.4,0,699.2101514955328,2198.3575489576756,3.144058398259283,36.625,34.562,2025-10-26 11:47:03
159.2,5.7,892.6,151.4,4.5,682.9,1470.3,59.99,216.2,6.7,3.3,1366.7,41.2,2.0,1.4,0,776.9001683283698,2274.1629816803534,2.927226784586228,36.625,34.5,2025-10-26 11:47:18
159,5.8,909.8,151.4,4.6,690.3,1494.0,60.05,216.2,6.8,3.3,1366.7,41.3,2.0,1.4,0,776.9001683283698,2084.649399873658,2.6832912192040435,36.75,34.875,2025-10-26 11:47:33
159.1,5.8,916.2,149.9,4.6,692.8,1499.6,60.01,216.1,6.9,3.3,1366.7,41.4,2.0,1.4,0,776.9001683283698,2880.6064434617815,3.7078205938092235,37.062,35.125,2025-10-26 11:47:48
153.4,5.6,837.0,153.1,4.5,675.5,1411.0,60.01,216,6.7,3.3,1366.7,41.5,2.0,1.4,0,776.9001683283698,1364.4977890082123,1.7563360707517373,37.25,35.5,2025-10-26 11:48:03
157.5,5.8,908.6,149.9,4.6,694.7,1495.0,59.98,216,6.9,3.3,1366.7,41.6,2.0,1.4,0,776.9001683283698,2615.287428932407,3.366310802274163,37.562,35.75,2025-10-26 11:48:18
157.6,5.9,917.6,146.9,4.7,695.5,1503.3,60.02,216.1,7,3.3,1366.7,41.7,2.0,1.4,0,776.9001683283698,3676.563487049905,4.732349968414403,37.687,35.875,2025-10-26 11:48:33
157.7,5.9,927.6,152.5,4.7,702.8,1521.3,60,216.1,7,3.3,1366.7,41.8,2.0,1.5,0,815.7451767447883,3449.14718888187,4.228216466624553,37.812,35.937,2025-10-26 11:48:48
157.6,5.9,922.3,147.9,4.7,694.3,1506.5,59.98,216,7,3.3,1366.7,41.9,2.0,1.5,0,815.7451767447883,3449.14718888187,4.228216466624553,37.937,36.0,2025-10-26 11:49:03
157.9,5.9,915.8,151.6,4.6,691.4,1499.0,60.01,216.1,6.9,3.3,1366.7,41.9,2.0,1.5,0,776.9001683283698,3828.1743524952617,4.927498420720151,38.125,36.125,2025-10-26 11:49:18
157.7,5.7,884.8,146.8,4.6,684.2,1461.8,60.04,216,6.8,3.3,1366.7,41.9,2.0,1.5,0,776.9001683283698,2994.3145925457993,3.854181933038535,38.25,36.187,2025-10-26 11:49:33
156.3,5.8,899.7,152.9,4.7,697.6,1490.8,60.05,216,6.9,3.3,1366.7,42,2.0,1.5,0,776.9001683283698,3145.925457991156,4.049330385344283,38.375,36.062,2025-10-26 11:49:48
158.8,5.5,877.0,152.6,4.3,659.8,1435.4,60.03,216,6.4,3.3,1366.7,42.1,2.0,1.5,0,699.2101514955328,1895.1358180669613,2.7103951709131744,38.562,35.875,2025-10-26 11:50:03
156.6,5,792.4,149.9,4.2,628.7,1311.0,59.99,215.7,6,3.3,1366.7,42.2,2.0,1.5,0,660.3651430791144,1402.4005053695514,2.1236743339154986,38.562,35.75,2025-10-26 11:50:18
160.6,4.9,714.8,144.4,4.4,620.6,1251.2,59.98,215.7,6.1,3.3,1366.7,42.2,2.0,1.5,0,738.0551599119514,1402.4005053695514,1.9001296671875518,38.375,35.937,2025-10-26 11:50:33
160.9,5.1,864.3,148.5,4.6,688.7,1452.3,59.98,216.1,6.5,3.3,1366.7,42.2,2.0,1.5,0,776.9001683283698,3221.7308907138345,4.146904611497157,38.375,36.0,2025-10-26 11:50:48
161.5,5.7,860.6,151.4,4.7,702.4,1468.7,59.99,216.1,6.9,3.3,1366.7,42.2,2.0,1.5,0,776.9001683283698,2008.843967150979,2.5857169930511685,38.5,36.25,2025-10-26 11:51:03
161.3,5.5,838.3,149.3,4.5,680.5,1417.1,60.02,215.7,6.7,3.4,1366.8,42.3,2.0,1.5,0,776.9001683283698,1364.4977890082123,1.7563360707517373,38.75,36.437,2025-10-26 11:51:18
158,5.1,786.0,151.4,4.2,637.8,1328.9,60,215.7,6.2,3.4,1366.8,42.3,2.0,1.5,0,699.2101514955328,1288.6923562855338,1.843068716220959,38.812,36.5,2025-10-26 11:51:33
159,5,796.5,152.8,4.2,630.7,1333.3,60.02,215.6,6.1,3.4,1366.8,42.4,2.0,1.5,0,699.2101514955328,2577.3847125710677,3.686137432441918,38.687,36.5,2025-10-26 11:51:48
158.9,4.5,719.5,148.3,3.9,584.2,1217.3,60.01,215.6,5.5,3.4,1366.8,42.4,2.0,1.5,0,621.5201346626959,2425.7738471257107,3.902969046114971,38.625,36.625,2025-10-26 11:52:03
159,4.2,719.5,154.3,3.8,578.1,1213.1,59.97,215.5,5.3,3.4,1366.8,42.3,2.0,1.5,0,621.5201346626959,2463.67656348705,3.9639529374605176,38.625,36.5,2025-10-26 11:52:18
156.2,4,630.9,151.3,3.6,539.1,1092.4,59.98,215.2,5,3.4,1366.8,42.2,2.0,1.5,0,543.8301178298589,2842.703727100442,5.227190686761122,38.625,36.5,2025-10-26 11:52:33
160.5,3.4,606.7,151.4,3.4,526.5,1018.7,60.03,215.1,4.7,3.4,1366.8,42.2,2.1,1.5,0,543.8301178298589,2691.092861655085,4.948407183467196,38.625,36.437,2025-10-26 11:52:48
159.2,4,624.0,151.5,3.6,535.5,1083.2,60.04,215.3,5,3.4,1366.8,42.2,2.1,1.5,0,543.8301178298589,1629.8168035375868,2.99692266040971,38.687,36.5,2025-10-26 11:53:03
159.2,4.2,659.0,152.9,3.6,545.3,1122.9,60.04,215.3,5.1,3.4,1366.8,42.2,2.1,1.5,0,543.8301178298589,2691.092861655085,4.948407183467196,38.687,36.5,2025-10-26 11:53:18
156.6,4,609.9,149.9,3.5,521.4,1056.4,60.01,215.2,4.9,3.4,1366.8,42.2,2.1,1.5,0,543.8301178298589,1364.4977890082123,2.509051529645339,38.687,36.5,2025-10-26 11:53:33
157.5,3.8,606.3,151.2,3.3,511.6,1043.1,60.04,215.2,4.8,3.4,1366.8,42.2,2.1,1.5,0,504.9851094134404,2691.092861655085,5.329053889887748,38.687,36.5,2025-10-26 11:53:48
157.5,3.7,579.3,151,3.3,489.8,999.5,60.03,215.1,4.6,3.4,1366.8,42.2,2.1,1.5,0,504.9851094134404,1516.108654453569,3.0022838816269006,38.687,36.5,2025-10-26 11:54:03
157.6,3.6,568.1,152,3.2,484.4,983.7,59.99,215,4.5,3.4,1366.8,42.2,2.1,1.5,0,466.14010099702193,2312.065698041693,4.960023162771109,38.687,36.5,2025-10-26 11:54:18
157.6,3.8,590.6,150,3.3,497.2,1019.1,60,215,4.7,3.4,1366.8,42.2,2.1,1.5,0,504.9851094134404,1478.2059380922299,2.9272267845862285,38.562,36.25,2025-10-26 11:54:33
157.5,3.7,582.6,149.9,3.2,485.6,998.2,60.04,215.1,4.6,3.4,1366.8,42.2,2.1,1.5,0,504.9851094134404,1743.5249526216046,3.4526264638709363,38.437,36.187,2025-10-26 11:54:48
157.6,3.7,587.7,152.6,3.2,482.6,1001.5,60,215.1,4.5,3.4,1366.8,42.2,2.1,1.5,0,504.9851094134404,2122.552116234997,4.203197434277661,38.437,36.125,2025-10-26 11:55:03
158,3.5,550.2,150.7,3,462.4,950.1,60,214.9,4.3,3.4,1366.8,42.1,2.1,1.5,0,466.14010099702193,3487.049905243209,7.480690671720361,38.375,35.937,2025-10-26 11:55:18
157.6,3.3,523.6,152.8,2.9,442.4,903.1,59.99,214.9,4.2,3.4,1366.8,42.1,2.1,1.5,0,427.2950925806034,1743.5249526216046,4.080376730029289,38.125,35.875,2025-10-26 11:55:33
157.6,3.3,520.0,149.8,2.9,441.4,897.9,59.99,214.7,4.2,3.4,1366.8,42,2.1,1.5,0,427.2950925806034,3524.9526216045483,8.249457302015735,37.875,35.75,2025-10-26 11:55:48
156.1,3.5,562.1,152.9,2.9,451.1,947.9,59.99,214.9,4.3,3.4,1366.8,41.9,2.1,1.5,0,466.14010099702193,3828.1743524952617,8.212497367866918,37.812,35.625,2025-10-26 11:56:03
155.6,3.4,526.2,151.2,2.9,436.7,900.0,59.98,214.8,4.1,3.4,1366.8,41.8,2.1,1.5,0,427.2950925806034,1288.6923562855338,3.015930626543387,37.812,35.562,2025-10-26 11:56:18
159.4,3.1,515.7,149.9,2.9,430.0,884.6,60.02,214.8,4.1,3.4,1366.8,41.7,2.1,1.5,0,427.2950925806034,2084.649399873658,4.878711307643715,37.687,35.562,2025-10-26 11:56:33
154.9,3.3,508.3,149.6,2.8,421.1,867.8,60.03,214.6,4,3.4,1366.8,41.7,2.1,1.5,0,427.2950925806034,1364.4977890082123,3.1933383104577038,37.75,35.312,2025-10-26 11:56:48
157.6,3.1,506.6,149.8,2.7,423.4,867.0,60,215,4,3.5,1366.9,41.6,2.1,1.5,0,427.2950925806034,3487.049905243209,8.160753460058578,37.687,35.187,2025-10-26 11:57:03
157.1,3.2,502.8,152.5,2.8,421.1,865.5,60.02,214.9,3.9,3.5,1366.9,41.6,2.1,1.5,0,427.2950925806034,3411.2444725205305,7.983345776144259,37.625,35.187,2025-10-26 11:57:18
158.2,3.1,499.8,149.1,2.8,420.5,861.5,60.02,215,3.9,3.5,1366.9,41.5,2.1,1.5,0,427.2950925806034,2956.4118761844597,6.918899672658358,37.562,35.125,2025-10-26 11:57:33
157.6,3.2,499.1,149.8,2.8,422.2,861.3,59.99,214.9,4,3.5,1366.9,41.5,2.1,1.5,0,427.2950925806034,1554.0113708149083,3.636857520243496,37.437,35.125,2025-10-26 11:57:48
157.6,3.1,499.2,153,2.7,422.0,862.3,59.98,214.9,4,3.5,1366.9,41.4,2.1,1.5,0,427.2950925806034,3183.8281743524954,7.451122724401309,37.562,35.062,2025-10-26 11:58:03
157.6,3.2,500.3,149.9,2.7,425.3,865.3,60.04,214.8,4,3.5,1366.9,41.4,2.1,1.5,0,427.2950925806034,3259.6336070751736,7.628530408315625,37.562,34.937,2025-10-26 11:58:18
157.6,3.2,502.9,150,2.8,427.8,869.8,60.02,214.8,4,3.5,1366.9,41.3,2.1,1.5,0,427.2950925806034,1516.108654453569,3.5481536782863374,37.625,34.875,2025-10-26 11:58:33
157.6,3.2,506.8,147.5,2.9,429.7,868.3,60.05,214.6,4,3.5,1366.9,41.3,2.1,1.5,0,427.2950925806034,3373.3417561591914,7.894641934187101,37.437,34.875,2025-10-26 11:58:48
157.6,3.3,510.8,150.4,2.9,435.1,884.0,60.01,214.9,4.1,3.5,1366.9,41.3,2.1,1.5,0,427.2950925806034,1933.0385344283006,4.52389593981508,37.5,34.812,2025-10-26 11:59:03
160.6,3.2,515.0,149.9,2.9,441.2,894.0,60,215,4.2,3.5,1366.9,41.2,2.1,1.5,0,466.14010099702193,2577.3847125710677,5.529206148662876,37.375,34.687,2025-10-26 11:59:18
158,3.3,527.1,149.9,3,452.1,916.8,60.04,215.1,4.2,3.5,1366.9,41.2,2.1,1.5,0,466.14010099702193,2198.3575489576756,4.716087597388924,37.562,34.562,2025-10-26 11:59:33
158.8,3.7,570.4,152.7,3.3,486.7,990.2,60.01,215.4,4.6,3.5,1366.9,41.2,2.1,1.5,0,543.8301178298589,3297.5363234365127,6.063541196642902,37.625,34.5,2025-10-26 11:59:48
161.1,3.8,659.1,148.4,3.5,520.9,1101.7,59.98,215.4,4.9,3.5,1366.9,41.2,2.1,1.6,0,543.8301178298589,1516.108654453569,2.787835032939265,37.562,34.562,2025-10-26 12:00:03
160.7,4.2,659.6,152.2,3.7,556.2,1137.1,59.98,215.5,5.3,3.5,1366.9,41.2,2.1,1.6,0,621.5201346626959,2008.843967150979,3.2321462413139606,37.687,34.625,2025-10-26 12:00:18
160.6,4,676.5,150,3.8,558.1,1154.5,60.02,215.4,5.1,3.5,1366.9,41.3,2.1,1.6,0,621.5201346626959,2577.3847125710677,4.146904611497157,37.875,34.687,2025-10-26 12:00:33
163,4.4,695.9,151.5,3.9,592.7,1203.7,60.01,215.7,5.7,3.5,1366.9,41.3,2.1,1.6,0,621.5201346626959,1629.8168035375868,2.622307327858496,38.125,34.875,2025-10-26 12:00:48
160.6,4.8,747.3,151.3,4,603.7,1261.4,60.02,215.6,5.8,3.5,1366.9,41.4,2.1,1.6,0,660.3651430791144,4358.812381554011,6.600609416223848,38.25,35.187,2025-10-26 12:01:03
160.5,4.8,748.7,151.1,4,602.4,1262.0,60.02,215.7,5.8,3.5,1366.9,41.4,2.1,1.6,0,660.3651430791144,3979.785217940619,6.02664338003047,38.5,35.312,2025-10-26 12:01:18
157.6,4.5,713.1,151.1,3.8,578.0,1206.7,59.99,215.7,5.5,3.5,1366.9,41.5,2.1,1.6,0,621.5201346626959,4131.3960833859755,6.647244156664559,38.625,35.5,2025-10-26 12:01:33
160.6,4.3,684.8,148.2,3.8,562.9,1164.3,59.99,215.5,5.4,3.5,1366.9,41.5,2.1,1.6,0,582.6751262462774,1364.4977890082123,2.341781427668983,38.75,35.375,2025-10-26 12:01:48
158.7,4.6,717.8,145.5,4,581.3,1212.9,59.99,215.5,5.6,3.5,1366.9,41.4,2.1,1.6,0,621.5201346626959,1857.233101705622,2.988210675931774,38.812,35.375,2025-10-26 12:02:03
159.4,4.7,743.0,150.1,4,604.3,1258.8,60.05,215.6,5.8,3.5,1366.9,41.4,2.1,1.6,0,621.5201346626959,2728.9955780164246,4.390840176879343,38.937,35.375,2025-10-26 12:02:18
159,4.4,707.2,150.1,3.9,580.4,1202.5,60.03,215.3,5.5,3.5,1366.9,41.5,2.1,1.6,0,621.5201346626959,2615.287428932407,4.207888502842703,39.062,35.187,2025-10-26 12:02:33
162.3,4.2,637.5,152.5,3.8,571.4,1129.9,60.01,215.1,5.5,3.6,1367.0,41.4,2.1,1.6,0,582.6751262462774,2463.67656348705,4.228216466624552,39.0,35.375,2025-10-26 12:02:48
161,4.4,683.3,148.7,3.9,586.7,1204.9,60.01,215.4,5.6,3.6,1367.0,41.4,2.2,1.6,0,582.6751262462774,1250.7896399241945,2.146632975363234,38.937,35.437,2025-10-26 12:03:03
157.8,4.2,676.6,151.2,3.8,575.3,1169.4,60.03,215.2,5.3,3.6,1367.0,41.4,2.2,1.6,0,582.6751262462774,4131.3960833859755,7.090393767108864,38.937,35.5,2025-10-26 12:03:18
160.2,4,633.4,151.4,3.6,549.4,1105.4,60.04,215,5.1,3.6,1367.0,41.3,2.2,1.6,0,543.8301178298589,1402.4005053695514,2.57874740546882,39.0,35.562,2025-10-26 12:03:33
157.8,3.8,610.5,151.4,3.5,530.7,1064.1,60.04,215.2,4.8,3.6,1367.0,41.3,2.2,1.6,0,504.9851094134404,4510.423246999368,8.93179454784003,39.187,35.625,2025-10-26 12:03:48
160.5,3.8,604.6,148.2,3.5,529.1,1056.4,60.03,215.2,4.8,3.6,1367.0,41.2,2.2,1.6,0,504.9851094134404,1288.6923562855338,2.551941299382866,39.062,35.5,2025-10-26 12:04:03
157.6,3.5,553.3,151.4,3.3,499.4,984.6,59.99,214.9,4.4,3.6,1367.0,41.2,2.2,1.6,0,466.14010099702193,2766.8982943777637,5.935765424299852,38.937,35.375,2025-10-26 12:04:18
156,3.3,514.9,151.4,3.1,478.0,929.1,60,215.1,4.2,3.6,1367.0,41.2,2.2,1.6,0,427.2950925806034,1288.6923562855338,3.015930626543387,39.062,35.375,2025-10-26 12:04:33
159.5,3,498.7,150.6,3.1,460.5,895.0,60,215.1,4.2,3.6,1367.0,41.1,2.2,1.6,0,427.2950925806034,1591.9140871762477,3.7255613622006547,39.0,35.312,2025-10-26 12:04:48
155.2,3.1,484.3,152.3,3,451.9,875.4,59.97,214.9,4.1,3.6,1367.0,41.1,2.2,1.6,0,388.4500841641849,2842.703727100442,7.318066961465571,38.875,35.375,2025-10-26 12:05:03
160.1,2.9,478.0,151.3,3,451.2,869.0,59.99,215,4.1,3.6,1367.0,41,2.2,1.6,0,388.4500841641849,3638.660770688566,9.367125710675932,38.812,35.5,2025-10-26 12:05:18
157.4,3,475.6,154.2,3,448.3,859.6,60.03,215,4,3.6,1367.0,41,2.2,1.6,0,388.4500841641849,3979.785217940619,10.2452937460518,38.812,35.437,2025-10-26 12:05:33
158,2.9,471.6,148.8,3,443.4,854.2,60.01,214.8,4,3.6,1367.0,40.9,2.2,1.6,0,388.4500841641849,2728.9955780164246,7.025344283006949,38.812,35.5,2025-10-26 12:05:48
156.5,3,467.8,153.6,2.9,439.3,848.3,59.99,215,3.9,3.6,1367.0,40.9,2.2,1.6,0,388.4500841641849,3562.855337965888,9.171977258370184,38.812,35.562,2025-10-26 12:06:03
157.6,2.8,465.1,150.3,2.9,439.3,844.8,60,215.1,3.9,3.6,1367.0,40.9,2.2,1.6,0,388.4500841641849,2615.287428932407,6.732621604548326,38.75,35.625,2025-10-26 12:06:18
157.6,2.9,461.6,154.4,2.9,436.9,840.6,59.97,215.1,3.9,3.6,1367.0,40.8,2.2,1.6,0,388.4500841641849,2842.703727100442,7.318066961465571,38.687,35.687,2025-10-26 12:06:33
157.7,2.9,459.6,148.7,2.9,434.7,835.4,59.97,215.2,3.9,3.6,1367.0,40.8,2.2,1.6,0,388.4500841641849,1591.9140871762477,4.09811749842072,38.625,35.812,2025-10-26 12:06:48
157.5,2.9,456.2,154.4,2.9,431.9,831.6,60.02,215.3,3.9,3.6,1367.0,40.7,2.2,1.6,0,388.4500841641849,2387.871130764371,6.14717624763108,38.562,35.812,2025-10-26 12:07:03
157.5,2.9,455.6,149.1,2.9,437.1,828.6,60.05,215.3,3.8,3.6,1367.0,40.7,2.2,1.6,0,388.4500841641849,3487.049905243209,8.976828806064436,38.562,35.75,2025-10-26 12:07:18
157.6,2.9,453.0,153.7,2.8,435.1,830.7,60.02,215.3,3.8,3.6,1367.0,40.7,2.2,1.6,0,388.4500841641849,1288.6923562855338,3.317523689197726,38.5,35.625,2025-10-26 12:07:33
157.8,2.9,448.7,148.2,2.9,432.8,823.7,60.01,215.2,3.9,3.6,1367.0,40.7,2.2,1.6,0,388.4500841641849,2425.7738471257107,6.244750473783955,38.437,35.625,2025-10-26 12:07:48
158.2,2.8,451.5,151.9,2.8,431.9,824.7,60.02,215.2,3.8,3.6,1367.0,40.6,2.2,1.6,0,388.4500841641849,3259.6336070751736,8.391383449147188,38.375,35.5,2025-10-26 12:08:03
159.5,2.8,453.2,150.4,2.9,435.6,830.3,60,215.3,3.8,3.6,1367.0,40.6,2.2,1.6,0,388.4500841641849,2653.190145293746,6.8301958307012,38.312,35.375,2025-10-26 12:08:18
157.5,2.8,448.4,152.5,2.8,435.1,826.4,59.99,215.4,3.8,3.6,1367.0,40.7,2.2,1.6,0,388.4500841641849,2539.4819962097285,6.537473152242578,38.312,35.312,2025-10-26 12:08:33
160.6,2.6,446.5,149.3,2.9,432.9,823.4,60,215.4,3.6,3.6,1367.0,40.7,2.2,1.6,0,388.4500841641849,3259.6336070751736,8.391383449147188,38.187,35.187,2025-10-26 12:08:48
160.6,2.8,454.0,151.4,2.8,435.5,831.9,60,215.3,3.9,3.6,1367.0,40.7,2.2,1.6,0,388.4500841641849,2577.3847125710677,6.635047378395452,38.125,34.937,2025-10-26 12:09:03
160.6,2.7,454.0,151.3,2.9,435.9,832.6,60.01,215.5,3.7,3.7,1367.1,40.7,2.2,1.6,0,388.4500841641849,1933.0385344283006,4.976285533796589,38.0,34.687,2025-10-26 12:09:18
160.6,2.8,453.8,151.4,2.8,436.2,832.2,59.97,215.4,3.8,3.7,1367.1,40.8,2.2,1.6,0,388.4500841641849,1591.9140871762477,4.09811749842072,38.0,34.5,2025-10-26 12:09:33
160.6,2.7,453.9,151.4,2.9,436.3,833.0,59.98,215.5,3.8,3.7,1367.1,40.8,2.2,1.6,0,388.4500841641849,2387.871130764371,6.14717624763108,38.0,34.375,2025-10-26 12:09:48
160.6,2.8,454.7,151.4,2.9,437.1,834.4,60,215.5,3.8,3.7,1367.1,40.8,2.2,1.6,0,388.4500841641849,2425.7738471257107,6.244750473783955,37.937,34.062,2025-10-26 12:10:03
160.6,2.8,454.3,151.4,2.9,437.7,834.5,60,215.4,3.8,3.7,1367.1,40.8,2.2,1.6,0,388.4500841641849,2501.579279848389,6.439898926089703,37.937,33.812,2025-10-26 12:10:18
160.4,2.8,455.0,151.4,2.9,438.0,836.0,60,215.4,3.9,3.7,1367.1,40.7,2.2,1.6,0,388.4500841641849,3108.0227416298167,8.001086544535692,37.875,33.562,2025-10-26 12:10:33
160.5,2.8,456.0,151.4,2.9,437.8,835.9,59.97,215.2,3.9,3.7,1367.1,40.7,2.2,1.6,0,388.4500841641849,1819.330385344283,4.683562855337966,37.812,33.437,2025-10-26 12:10:48
162.7,2.8,456.9,151.4,2.9,438.1,838.4,59.99,215,3.9,3.7,1367.1,40.7,2.2,1.6,0,388.4500841641849,1554.0113708149083,4.000543272267846,37.687,33.187,2025-10-26 12:11:03
161.2,2.8,458.0,151.4,2.9,438.5,839.1,60,215.1,3.9,3.7,1367.1,40.7,2.2,1.6,0,388.4500841641849,3183.8281743524954,8.19623499684144,37.625,33.062,2025-10-26 12:11:18
163.5,2.8,457.7,151.3,2.9,436.7,840.6,60,215.1,3.9,3.7,1367.1,40.6,2.2,1.6,0,388.4500841641849,3335.4390397978523,8.586531901452938,37.562,33.062,2025-10-26 12:11:33
163.7,2.8,450.9,151.5,2.9,436.2,829.1,60,215.1,3.9,3.7,1367.1,40.6,2.2,1.6,0,388.4500841641849,3335.4390397978523,8.586531901452938,37.562,32.937,2025-10-26 12:11:48
163.5,2.8,459.7,151.3,2.9,434.9,837.9,59.97,215.5,3.9,3.7,1367.1,40.6,2.2,1.6,0,388.4500841641849,1591.9140871762477,4.09811749842072,37.5,32.75,2025-10-26 12:12:03
164.7,2.8,425.4,151.8,2.8,433.0,834.7,59.98,215.5,3.9,3.7,1367.1,40.5,2.2,1.6,0,388.4500841641849,2880.6064434617815,7.415641187618447,37.437,32.687,2025-10-26 12:12:18
163.8,2.8,455.8,151.8,2.8,427.5,829.8,60,215.4,3.9,3.7,1367.1,40.5,2.2,1.7,0,388.4500841641849,1743.5249526216046,4.488414403032218,37.375,32.5,2025-10-26 12:12:33
163.8,2.8,444.3,151.3,2.8,429.2,816.3,59.99,215.3,3.9,3.7,1367.1,40.4,2.2,1.7,0,388.4500841641849,1857.233101705622,4.78113708149084,37.312,32.375,2025-10-26 12:12:48
161.6,2.8,456.5,148.4,2.8,421.3,821.7,59.99,215.1,3.8,3.7,1367.1,40.3,2.2,1.7,0,388.4500841641849,2691.092861655085,6.927770056854074,37.312,32.312,2025-10-26 12:13:03
165.6,2.8,432.3,151.3,2.8,425.9,800.7,60.05,215.2,3.9,3.7,1367.1,40.3,2.2,1.7,0,388.4500841641849,2387.871130764371,6.14717624763108,37.187,32.125,2025-10-26 12:13:18
162.9,2.8,453.4,154.4,2.7,422.3,819.7,60.03,215.2,3.9,3.7,1367.1,40.2,2.2,1.7,0,388.4500841641849,1667.7195198989261,4.293265950726469,37.125,32.125,2025-10-26 12:13:33
159.6,2.8,447.9,153.5,2.8,423.1,815.4,60,214.7,3.8,3.7,1367.1,40.1,2.2,1.7,0,388.4500841641849,1440.3032217308908,3.7078205938092235,37.0,31.937,2025-10-26 12:13:48
165,2.8,454.8,153.7,2.6,422.8,824.5,59.99,214.6,3.8,3.7,1367.1,40,2.2,1.7,0,388.4500841641849,2842.703727100442,7.318066961465571,36.937,31.75,2025-10-26 12:14:03
166.1,2.8,430.9,153.7,2.8,422.1,798.2,59.99,214.6,3.8,3.7,1367.1,40,2.2,1.7,0,388.4500841641849,3070.1200252684775,7.903512318382818,36.937,31.562,2025-10-26 12:14:18
165.4,2.8,458.3,153.6,2.7,422.9,826.1,60.02,214.3,3.8,3.7,1367.1,40,2.2,1.7,0,388.4500841641849,3145.925457991156,8.098660770688566,36.875,31.437,2025-10-26 12:14:33
167.8,2.8,451.8,153.7,2.7,423.0,818.5,60.03,214.3,3.9,3.7,1367.1,40,2.2,1.7,0,388.4500841641849,1591.9140871762477,4.09811749842072,36.875,31.25,2025-10-26 12:14:48
163.9,2.8,457.3,153.7,2.7,424.1,824.7,60.02,214.2,3.9,3.7,1367.1,39.9,2.2,1.7,0,388.4500841641849,3145.925457991156,8.098660770688566,36.75,31.062,2025-10-26 12:15:03
167,2.8,436.9,153.7,2.8,425.2,807.9,59.99,212.4,3.9,3.7,1367.1,39.9,2.2,1.7,0,388.4500841641849,3259.6336070751736,8.391383449147188,36.625,30.812,2025-10-26 12:15:18
164.5,2.8,460.4,153.7,2.8,427.0,831.5,59.98,209.8,4,3.7,1367.1,39.8,2.3,1.7,0,388.4500841641849,3449.14718888187,8.879254579911562,36.437,30.562,2025-10-26 12:15:33
168.2,2.8,456.0,153.7,2.8,427.9,832.3,59.99,209.7,4,3.7,1367.1,39.8,2.3,1.7,0,388.4500841641849,2425.7738471257107,6.244750473783955,36.312,30.25,2025-10-26 12:15:48
162.6,2.8,462.5,153.7,2.8,431.5,837.0,60.02,209.8,4,3.7,1367.1,39.7,2.3,1.7,0,388.4500841641849,2539.4819962097285,6.537473152242578,36.187,30.125,2025-10-26 12:16:03
168,2.9,465.9,153.7,2.8,434.8,843.0,60.03,209.9,4.1,3.7,1367.1,39.6,2.3,1.7,0,388.4500841641849,1364.4977890082123,3.5126721415034745,36.25,30.062,2025-10-26 12:16:18
162,2.9,473.3,154,2.8,438.0,850.7,60.01,209.6,4.1,3.8,1367.2,39.6,2.3,1.7,0,388.4500841641849,3373.3417561591914,8.684106127605812,36.187,30.0,2025-10-26 12:16:33
168.1,2.9,478.4,153.7,2.9,437.3,857.4,60,209.8,4.1,3.8,1367.2,39.6,2.3,1.7,0,427.2950925806034,3562.855337965888,8.338161143972894,36.125,30.0,2025-10-26 12:16:48
162,3,483.6,153.8,2.9,442.4,866.6,59.97,209.9,4.2,3.8,1367.2,39.6,2.3,1.7,0,427.2950925806034,1440.3032217308908,3.370745994372021,36.187,30.0,2025-10-26 12:17:03
166.2,2.9,490.1,153.7,2.9,445.9,876.5,60.01,209.9,4.2,3.8,1367.2,39.7,2.3,1.7,0,427.2950925806034,2956.4118761844597,6.918899672658358,36.125,30.062,2025-10-26 12:17:18
163.1,3.1,502.6,152.9,2.9,446.4,887.9,60.04,209.9,4.2,3.8,1367.2,39.7,2.3,1.7,0,427.2950925806034,1857.233101705622,4.346488255900763,36.125,30.125,2025-10-26 12:17:33
167.4,3,508.7,154.6,2.9,445.9,893.6,60.01,209.7,4.2,3.8,1367.2,39.7,2.3,1.7,0,427.2950925806034,3828.1743524952617,8.959088037673002,36.187,30.25,2025-10-26 12:17:48
162.7,3.1,511.2,153.3,3,456.1,905.1,59.99,209.4,4.2,3.8,1367.2,39.8,2.3,1.7,0,427.2950925806034,2387.871130764371,5.588342043300981,36.187,30.437,2025-10-26 12:18:03
165.1,3.1,520.4,156.6,3,458.3,915.8,60,209.4,4.3,3.8,1367.2,39.8,2.3,1.7,0,427.2950925806034,2084.649399873658,4.878711307643715,36.25,30.562,2025-10-26 12:18:18
164.6,3.2,528.0,151.3,3.1,463.4,928.1,59.97,209.4,4.4,3.8,1367.2,39.9,2.3,1.7,0,466.14010099702193,1402.4005053695514,3.0085386397136236,36.25,30.75,2025-10-26 12:18:33
165.8,3.1,534.4,156,3.1,465.0,936.9,59.98,209.9,4.4,3.8,1367.2,39.9,2.3,1.7,0,466.14010099702193,3752.3689197725835,8.049873657612128,36.375,30.937,2025-10-26 12:18:48
165.2,3.3,544.0,152.2,3.1,478.7,957.1,60,209.8,4.4,3.8,1367.2,39.9,2.3,1.7,0,466.14010099702193,3600.758054327227,7.724626237102547,36.437,31.125,2025-10-26 12:19:03
165.2,3.3,552.8,156.6,3.2,483.4,971.1,59.97,212.7,4.5,3.8,1367.2,40,2.3,1.7,0,466.14010099702193,2501.579279848389,5.366582438408085,36.5,31.25,2025-10-26 12:19:18
165.2,3.4,562.3,150.8,3.2,495.4,989.8,59.98,209.5,4.6,3.8,1367.2,40,2.3,1.7,0,466.14010099702193,2463.67656348705,5.28527058328069,36.562,31.5,2025-10-26 12:19:33
165.3,3.5,575.1,153.8,3.3,511.5,1016.7,60.02,209.3,4.7,3.8,1367.2,40,2.3,1.7,0,504.9851094134404,1895.1358180669613,3.752854852033626,36.625,31.625,2025-10-26 12:19:48
165.2,3.6,589.9,154.9,3.4,513.9,1044.0,60.01,209.1,4.9,3.8,1367.2,40,2.3,1.7,0,504.9851094134404,2198.3575489576756,4.353311628359007,36.687,31.75,2025-10-26 12:20:03
165.2,3.7,609.8,151.3,3.6,539.0,1073.4,60.02,208.4,5.1,3.8,1367.2,40,2.3,1.7,0,504.9851094134404,2349.968414403032,4.6535400165216965,36.687,31.937,2025-10-26 12:20:18
165.3,3.9,632.1,150.8,3.7,554.6,1108.6,60.02,208.2,5.2,3.8,1367.2,40,2.3,1.7,0,543.8301178298589,3335.4390397978523,6.133237072466384,36.812,32.125,2025-10-26 12:20:33
165.2,4.1,665.7,153.5,3.9,587.1,1172.1,59.99,207.9,5.6,3.8,1367.2,40.1,2.3,1.7,0,582.6751262462774,2236.2602653190143,3.8379195620130546,36.875,32.375,2025-10-26 12:20:48
165.2,4.1,676.9,153,3.9,589.5,1184.2,59.97,210,5.5,3.8,1367.2,40.1,2.3,1.7,0,582.6751262462774,2653.190145293746,4.553463887134133,36.937,32.625,2025-10-26 12:21:03
165.3,4.3,697.4,150.8,4.1,610.3,1222.4,59.98,210,5.8,3.8,1367.2,40.2,2.3,1.7,0,582.6751262462774,1402.4005053695514,2.406830911770899,37.062,32.812,2025-10-26 12:21:18
165.6,4.4,727.5,152,4.2,629.2,1268.3,60,210,6,3.8,1367.2,40.2,2.3,1.7,0,621.5201346626959,2842.703727100442,4.573791850915981,37.125,33.062,2025-10-26 12:21:33
165.3,4.5,733.4,150.6,4.2,637.4,1281.6,60,210.2,6.1,3.8,1367.2,40.3,2.3,1.7,0,621.5201346626959,2615.287428932407,4.207888502842703,37.125,33.375,2025-10-26 12:21:48
165.5,4.5,727.4,153.8,4.2,638.9,1275.1,59.97,210.1,6.2,3.8,1367.2,40.4,2.3,1.7,0,621.5201346626959,2387.871130764371,3.841985154769424,37.312,33.625,2025-10-26 12:22:03
165.2,4.6,760.8,153.7,4.3,653.1,1322.3,59.98,210.3,6.3,3.8,1367.2,40.5,2.3,1.7,0,660.3651430791144,1516.108654453569,2.295864144773512,37.562,33.75,2025-10-26 12:22:18
166.8,4.6,720.2,150.7,4.3,653.5,1314.2,59.99,210.7,6.3,3.9,1367.3,40.6,2.3,1.7,0,660.3651430791144,1554.0113708149083,2.35326074839285,37.75,34.125,2025-10-26 12:22:33
164.9,4.6,750.0,151.1,4.3,649.0,1306.9,60.01,209.5,6.2,3.9,1367.3,40.7,2.3,1.7,0,660.3651430791144,2918.5091598231206,4.419538478689011,37.875,34.375,2025-10-26 12:22:48
166.2,4.5,706.1,151,4.3,639.4,1255.8,60.02,209.7,6.1,3.9,1367.3,40.8,2.3,1.7,0,621.5201346626959,1895.1358180669613,3.049194567277321,38.0,34.5,2025-10-26 12:23:03
162.9,4.4,718.1,150.5,4.1,621.3,1251.4,60,210,6,3.9,1367.3,40.8,2.3,1.7,0,621.5201346626959,1895.1358180669613,3.049194567277321,38.062,34.5,2025-10-26 12:23:18
164.1,4.2,688.2,151.6,3.9,598.8,1202.5,59.99,209.9,5.6,3.9,1367.3,40.9,2.3,1.7,0,582.6751262462774,2880.6064434617815,4.94376079174563,38.062,34.562,2025-10-26 12:23:33
165.9,3.6,663.3,150.6,3.8,581.6,1164.3,59.97,209.9,5.2,3.9,1367.3,40.9,2.3,1.7,0,543.8301178298589,2842.703727100442,5.227190686761122,38.0,34.625,2025-10-26 12:23:48
164.2,3.8,636.8,152.7,3.5,551.3,1109.6,59.98,209.9,5.2,3.9,1367.3,41,2.3,1.7,0,504.9851094134404,1440.3032217308908,2.852169687545556,38.0,34.687,2025-10-26 12:24:03
162.2,3.7,600.0,153.7,3.4,524.2,1044.9,59.99,209.5,4.9,3.9,1367.3,41,2.3,1.7,0,504.9851094134404,3108.0227416298167,6.154681957335147,38.125,34.75,2025-10-26 12:24:18
162.3,3.4,566.1,150.7,3.2,491.4,988.6,60,209.3,4.6,3.9,1367.3,41,2.3,1.8,0,466.14010099702193,3108.0227416298167,6.667572120446409,38.125,34.75,2025-10-26 12:24:33
162,3.3,536.9,153.4,3.1,468.0,939.9,59.99,209.2,4.4,3.9,1367.3,41,2.3,1.8,0,427.2950925806034,2918.5091598231206,6.8301958307012,38.062,34.75,2025-10-26 12:24:48
162,3.1,516.3,151,2.9,444.2,896.8,60,209.2,4.2,3.9,1367.3,41,2.3,1.8,0,427.2950925806034,1781.427668982944,4.169080571986447,38.062,34.625,2025-10-26 12:25:03
162.2,3,494.5,153.8,2.8,427.1,862.6,60.01,209.2,4.1,3.9,1367.3,41,2.3,1.8,0,388.4500841641849,1591.9140871762477,4.09811749842072,38.0,34.5,2025-10-26 12:25:18
162.2,2.9,476.9,153.7,2.7,411.6,831.6,60.03,209,3.9,3.9,1367.3,41,2.3,1.8,0,388.4500841641849,2122.552116234997,5.464156664560961,37.937,34.25,2025-10-26 12:25:33
162.3,2.8,461.0,156.6,2.4,385.8,793.7,60.04,209,3.7,3.9,1367.3,41,2.4,1.8,0,349.6050757477664,2425.7738471257107,6.938611637537727,37.812,34.062,2025-10-26 12:25:48
162.3,2.8,448.4,152.1,2.5,383.5,778.6,59.99,208.7,3.7,3.9,1367.3,41,2.4,1.8,0,349.6050757477664,3638.660770688566,10.40791745630659,37.75,33.937,2025-10-26 12:26:03
162.2,2.7,438.1,155.2,2.2,369.3,755.5,60.02,208.6,3.5,3.9,1367.3,41,2.4,1.8,0,349.6050757477664,2160.454832596336,6.179700989682038,37.625,33.812,2025-10-26 12:26:18
162.2,2.6,428.2,151.1,2.3,358.8,734.9,60.01,208.6,3.5,3.9,1367.3,41,2.4,1.8,0,349.6050757477664,1478.2059380922299,4.228216466624552,37.375,33.687,2025-10-26 12:26:33
162.1,2.6,418.3,153.7,2,346.8,718.0,59.96,208.7,3.4,3.9,1367.3,40.9,2.4,1.8,0,310.76006733134795,2501.579279848389,8.049873657612128,37.187,33.5,2025-10-26 12:26:48
162.1,2.5,413.3,153.6,2.2,340.7,705.8,59.98,208.5,3.3,3.9,1367.3,40.9,2.4,1.8,0,310.76006733134795,1478.2059380922299,4.756743524952621,37.062,33.437,2025-10-26 12:27:03
162.3,2.5,408.6,153.6,2.1,330.7,690.8,59.97,208.5,3.3,3.9,1367.3,40.9,2.4,1.8,0,310.76006733134795,2766.8982943777637,8.903648136449778,37.062,33.5,2025-10-26 12:27:18
162.1,2.5,405.9,153.6,2.1,326.6,685.2,59.97,208.1,3.3,3.9,1367.3,40.9,2.4,1.8,0,310.76006733134795,1554.0113708149083,5.000679090334806,37.0,33.562,2025-10-26 12:27:33
162.6,2.5,381.9,153.9,2.1,320.2,656.3,59.98,207.9,3.2,3.9,1367.3,40.9,2.4,1.8,0,310.76006733134795,2425.7738471257107,7.805938092229942,36.875,33.5,2025-10-26 12:27:48
162.3,2.5,400.7,153.6,2.1,315.7,668.8,59.96,207.6,3.2,3.9,1367.3,40.9,2.4,1.8,0,310.76006733134795,1440.3032217308908,4.634775742261528,36.875,33.437,2025-10-26 12:28:03
162.1,2.5,387.5,150.6,2.1,313.6,654.8,59.96,207.7,3.2,3.9,1367.3,40.9,2.4,1.8,0,310.76006733134795,3221.7308907138345,10.367261528742892,36.75,33.437,2025-10-26 12:28:18
160.9,2.5,399.2,153.7,2,315.3,671.5,59.97,207.9,3.2,3.9,1367.3,40.9,2.4,1.8,0,310.76006733134795,1402.4005053695514,4.512807959570435,36.687,33.5,2025-10-26 12:28:33
163.9,2.5,371.8,154.7,2,304.0,633.6,59.97,207.9,3.2,3.9,1367.3,40.8,2.4,1.8,0,310.76006733134795,2387.871130764371,7.683970309538848,36.562,33.437,2025-10-26 12:28:48
161.8,2.5,403.8,151.3,2.1,316.3,672.2,59.98,208,3.2,4.0,1367.4,40.8,2.4,1.8,0,310.76006733134795,1819.330385344283,5.854453569172457,36.5,33.437,2025-10-26 12:29:03
165,2.5,386.6,150.7,2.1,317.6,656.6,59.98,208.3,3.3,4.0,1367.4,40.7,2.4,1.8,0,310.76006733134795,3259.6336070751736,10.489229311433984,36.312,33.312,2025-10-26 12:29:18
159.7,2.6,408.4,153.9,2,321.7,682.9,60,208.2,3.2,4.0,1367.4,40.7,2.4,1.8,0,310.76006733134795,2312.065698041693,7.440034744156663,36.187,33.375,2025-10-26 12:29:33
164.9,2.6,389.7,153.7,2.1,326.6,667.8,59.99,208.2,3.3,4.0,1367.4,40.6,2.4,1.8,0,310.76006733134795,1895.1358180669613,6.098389134554642,36.125,33.437,2025-10-26 12:29:48
159,2.6,418.9,151.3,2.2,329.8,699.9,60.03,208.3,3.4,4.0,1367.4,40.6,2.4,1.8,0,349.6050757477664,2236.2602653190143,6.396532603355092,36.125,33.375,2025-10-26 12:30:03
164.8,2.6,413.9,150.6,2.2,335.3,702.8,60.02,208.2,3.4,4.0,1367.4,40.6,2.4,1.8,0,349.6050757477664,3487.049905243209,9.974254228960483,36.125,33.375,2025-10-26 12:30:18
159.2,2.6,426.3,153.8,2.2,341.1,717.0,59.97,206.6,3.5,4.0,1367.4,40.5,2.4,1.8,0,349.6050757477664,3335.4390397978523,9.540591001614375,36.25,33.375,2025-10-26 12:30:33
165,2.5,407.9,157.4,2.1,331.9,696.3,59.96,210,3.4,4.0,1367.4,40.5,2.4,1.8,0,349.6050757477664,2842.703727100442,8.131185512739522,36.312,33.312,2025-10-26 12:30:48
160.2,2.7,430.7,153.8,2.2,345.6,723.0,59.99,210.4,3.4,4.0,1367.4,40.4,2.4,1.8,0,349.6050757477664,3979.785217940619,11.383659717835334,36.25,33.437,2025-10-26 12:31:03
164.1,2.4,427.6,150.6,2.2,342.9,717.5,59.96,210.4,3.3,4.0,1367.4,40.4,2.4,1.8,0,349.6050757477664,1212.8869235628554,3.4693058187688637,36.312,33.375,2025-10-26 12:31:18
159.6,2.6,424.0,153.8,2.2,342.6,719.4,59.96,210.5,3.4,4.0,1367.4,40.3,2.4,1.8,0,349.6050757477664,3638.660770688566,10.40791745630659,36.312,33.375,2025-10-26 12:31:33
162.2,2.4,415.6,154,2.2,331.4,697.8,59.96,210.4,3.2,4.0,1367.4,40.3,2.4,1.8,0,310.76006733134795,1288.6923562855338,4.146904611497157,36.25,33.437,2025-10-26 12:31:48
161.5,2.6,417.1,150.7,2.2,331.5,700.9,59.95,210.5,3.3,4.0,1367.4,40.2,2.4,1.8,0,310.76006733134795,1137.0814908401767,3.6590334807327847,36.187,33.375,2025-10-26 12:32:03
162.9,2.3,409.6,154.3,2,328.5,690.5,59.98,208.2,3,4.0,1367.4,40.1,2.4,1.8,0,310.76006733134795,3562.855337965888,11.464971572962728,36.062,33.312,2025-10-26 12:32:18
160.4,2.5,402.3,151.9,2.1,323.1,680.6,59.99,210.8,3.1,4.0,1367.4,40.1,2.4,1.8,0,310.76006733134795,3487.049905243209,11.221036007580542,36.062,33.312,2025-10-26 12:32:33
162.1,2.2,394.4,153.6,1.9,318.2,664.1,59.99,210.9,2.9,4.0,1367.4,40,2.4,1.8,0,310.76006733134795,1099.1787744788378,3.537065698041693,35.937,33.125,2025-10-26 12:32:48
162.2,2.4,384.6,153.7,2,311.7,652.6,59.99,211,3,4.0,1367.4,40,2.4,1.8,0,271.91505891492943,3638.660770688566,13.381608158108474,35.812,33.062,2025-10-26 12:33:03
162.2,2.3,374.2,153.7,1.8,305.4,636.3,59.99,210.9,2.9,4.0,1367.4,40,2.4,1.8,0,271.91505891492943,2349.968414403032,8.642288602111723,35.937,33.0,2025-10-26 12:33:18
161.9,2.2,362.7,153.6,1.9,298.1,618.4,59.97,210.9,2.9,4.0,1367.4,39.9,2.4,1.8,0,271.91505891492943,1402.4005053695514,5.15749481093764,35.812,33.0,2025-10-26 12:33:33
162.2,2.1,351.3,153.7,1.9,291.0,602.0,60,210.9,2.7,4.0,1367.4,39.9,2.4,1.8,0,271.91505891492943,3449.14718888187,12.684649399873658,35.75,32.937,2025-10-26 12:33:48
162.2,2.1,338.4,153.7,1.8,283.5,583.2,59.99,210.9,2.8,4.0,1367.4,39.8,2.4,1.8,0,233.07005049851097,3866.0770688566013,16.58761844598863,35.687,32.875,2025-10-26 12:34:03
161.8,2,324.9,153.7,1.8,275.0,562.9,59.99,210.7,2.6,4.0,1367.4,39.7,2.4,1.8,0,233.07005049851097,2274.1629816803534,9.757422615287426,35.687,32.75,2025-10-26 12:34:18
159.8,1.9,314.3,154.1,1.7,264.9,543.2,59.98,210.6,2.5,4.0,1367.4,39.6,2.4,1.8,0,233.07005049851097,1440.3032217308908,6.179700989682038,35.625,32.75,2025-10-26 12:34:33
159.3,1.9,303.9,153.5,1.6,257.9,527.4,60.01,210.6,2.4,4.0,1367.4,39.6,2.4,1.8,0,194.22504208209244,3600.758054327227,18.539102969046116,35.562,32.75,2025-10-26 12:34:48
158.2,1.8,291.9,153.7,1.6,249.9,507.9,60.02,210.7,2.4,4.0,1367.4,39.5,2.4,1.8,0,194.22504208209244,1781.427668982944,9.171977258370184,35.312,32.562,2025-10-26 12:35:03
162.3,1.8,283.1,153.7,1.5,241.7,487.5,59.99,210.7,2.3,4.0,1367.4,39.4,2.4,1.8,0,194.22504208209244,1326.595072646873,6.8301958307012,35.062,32.437,2025-10-26 12:35:18
156.2,1.7,272.8,153.7,1.5,231.4,474.5,59.98,210.7,2.3,4.0,1367.4,39.4,2.4,1.8,0,194.22504208209244,4358.812381554011,22.442072015161088,35.0,32.25,2025-10-26 12:35:33
162.2,1.7,260.6,153.7,1.4,224.4,457.3,59.96,210.7,2.1,4.0,1367.4,39.3,2.4,1.8,0,194.22504208209244,1288.6923562855338,6.635047378395452,34.875,32.187,2025-10-26 12:35:48
156.9,1.6,257.7,153.2,1.4,216.1,444.4,59.98,210.8,2,4.0,1367.4,39.2,2.4,1.8,0,194.22504208209244,4624.131396083386,23.808111181301328,34.875,32.125,2025-10-26 12:36:03
159.4,1.5,251.5,151,1.3,207.8,433.0,60,210.7,2,4.0,1367.4,39.2,2.4,1.8,0,194.22504208209244,2046.7466835123184,10.538016424510424,34.687,32.0,2025-10-26 12:36:18
159.3,1.5,241.5,153.9,1.3,200.4,416.1,60.01,210.7,2,4.0,1367.4,39.1,2.4,1.8,0,194.22504208209244,2312.065698041693,11.904055590650664,34.5,31.937,2025-10-26 12:36:33
156.3,1.5,236.7,150.1,1.2,191.9,405.3,60.02,210.7,1.9,4.0,1367.4,39.1,2.4,1.8,0,155.38003366567398,3903.9797852179404,25.125363234365125,34.437,31.812,2025-10-26 12:36:48
159.2,1.4,234.2,151.7,1.2,187.3,396.7,60.02,210.6,1.9,4.0,1367.4,39,2.4,1.8,0,155.38003366567398,4093.493367024637,26.345041061276056,34.375,31.75,2025-10-26 12:37:03
159.2,1.4,229.3,150.7,1.2,181.1,388.5,60.02,210.9,1.8,4.0,1367.4,38.9,2.4,1.8,0,155.38003366567398,2918.5091598231206,18.7830385344283,34.437,31.75,2025-10-26 12:37:18
158.3,1.4,222.9,151.7,1.1,173.1,375.7,60.04,211,1.8,4.0,1367.4,38.9,2.4,1.8,0,155.38003366567398,1743.5249526216046,11.221036007580542,34.312,31.625,2025-10-26 12:37:33
159.3,1.3,222.4,147.8,1.1,167.3,368.3,60.03,211,1.7,4.0,1367.4,38.9,2.4,1.8,0,155.38003366567398,4207.201516108655,27.076847757422613,34.375,31.5,2025-10-26 12:37:48
159,1.4,217.5,150.8,1,165.1,363.0,60.04,211.3,1.7,4.0,1367.4,38.8,2.4,1.8,0,155.38003366567398,2236.2602653190143,14.392198357548954,34.375,31.375,2025-10-26 12:38:03
156.3,1.3,213.5,150.4,1,160.4,354.8,60.03,211.2,1.6,4.0,1367.4,38.8,2.4,1.8,0,155.38003366567398,4207.201516108655,27.076847757422613,34.187,31.375,2025-10-26 12:38:18
159.1,1.3,213.5,150.7,1,156.3,351.0,60.04,211,1.6,4.0,1367.4,38.7,2.4,1.8,0,155.38003366567398,1591.9140871762477,10.2452937460518,34.125,31.312,2025-10-26 12:38:33
158.9,1.3,207.5,150.5,1,150.0,340.2,60.02,210.7,1.6,4.0,1367.4,38.7,2.4,1.8,0,155.38003366567398,1137.0814908401767,7.318066961465569,33.937,31.25,2025-10-26 12:38:48
159.5,1.3,206.0,147.7,0.9,147.2,336.1,60,210.7,1.5,4.0,1367.4,38.7,2.4,1.8,0,155.38003366567398,3032.217308907138,19.514845230574853,33.625,31.062,2025-10-26 12:39:03
162.2,1.2,202.7,150.7,0.9,143.8,331.9,59.98,210.6,1.5,4.0,1367.4,38.6,2.4,1.8,0,155.38003366567398,1705.6222362602653,10.977100442198356,33.562,30.875,2025-10-26 12:39:18
159.4,1.2,202.8,151.8,0.9,133.8,323.3,60.01,210.7,1.5,4.0,1367.4,38.6,2.4,1.8,0,155.38003366567398,1440.3032217308908,9.269551484523056,33.5,30.75,2025-10-26 12:39:33
161.2,1.2,200.2,150.5,0.9,137.3,323.9,59.98,210.6,1.5,4.0,1367.4,38.5,2.4,1.8,0,155.38003366567398,1591.9140871762477,10.2452937460518,33.5,30.625,2025-10-26 12:39:48
164.1,1,195.8,147.8,0.9,133.4,316.2,59.99,210.9,1.3,4.0,1367.4,38.5,2.4,1.8,0,155.38003366567398,1667.7195198989261,10.73316487681617,33.375,30.562,2025-10-26 12:40:03
162.3,1.2,198.0,150.8,0.8,131.7,318.2,59.98,210.9,1.4,4.1,1367.5,38.4,2.4,1.8,0,155.38003366567398,3903.9797852179404,25.125363234365125,33.25,30.437,2025-10-26 12:40:18
159,1.2,195.8,153.6,0.8,123.8,307.5,60,211,1.4,4.1,1367.5,38.3,2.4,1.8,0,155.38003366567398,2387.871130764371,15.367940619077697,33.187,30.312,2025-10-26 12:40:33
162.2,1.2,196.4,149.8,0.8,127.1,310.3,59.98,210.9,1.4,4.1,1367.5,38.3,2.4,1.8,0,155.38003366567398,3562.855337965888,22.929943145925456,33.187,30.25,2025-10-26 12:40:48
164.4,1.2,172.8,149.2,0.8,124.0,284.3,59.98,210.9,1.4,4.1,1367.5,38.3,2.4,1.8,0,155.38003366567398,2312.065698041693,14.880069488313326,33.125,30.187,2025-10-26 12:41:03
162.2,1.2,192.4,150.7,0.7,123.7,302.0,59.98,210.8,1.3,4.1,1367.5,38.2,2.4,1.8,0,155.38003366567398,2691.092861655085,17.319425142135184,33.062,30.0,2025-10-26 12:41:18
159.2,1.1,187.5,147.9,0.8,121.5,296.2,59.99,211.1,1.4,4.1,1367.5,38.1,2.4,1.8,0,155.38003366567398,3979.785217940619,25.613234365129497,32.875,29.937,2025-10-26 12:41:33
162,1,186.3,147.8,0.8,120.5,294.2,60.02,211.2,1.3,4.1,1367.5,38.1,2.4,1.8,0,155.38003366567398,3449.14718888187,22.1981364497789,32.687,29.75,2025-10-26 12:41:48
162.2,1.1,183.2,148.8,0.8,119.7,290.3,59.99,211.1,1.3,4.1,1367.5,38,2.4,1.8,0,155.38003366567398,4169.298799747316,26.83291219204043,32.562,29.562,2025-10-26 12:42:03
159.4,1.1,176.3,150.2,0.7,118.6,283.3,59.97,211.1,1.3,4.1,1367.5,38,2.4,1.8,0,155.38003366567398,2994.3145925457993,19.270909665192672,32.5,29.5,2025-10-26 12:42:18
164.6,0.9,171.9,144.9,0.8,116.2,274.2,60.06,211,1.2,4.1,1367.5,37.9,2.4,1.8,0,155.38003366567398,1478.2059380922299,9.513487049905242,32.375,29.375,2025-10-26 12:42:33
162.5,1,170.3,147.7,0.8,116.7,276.3,60.04,210.7,1.3,4.1,1367.5,37.9,2.4,1.8,0,116.53502524925548,1781.427668982944,15.286628763950304,32.187,29.25,2025-10-26 12:42:48
159.2,1,165.1,147.8,0.7,116.2,272.2,60.01,210.7,1.2,4.1,1367.5,37.8,2.4,1.8,0,155.38003366567398,2122.552116234997,13.6603916614024,32.062,29.125,2025-10-26 12:43:03
162.2,1,165.8,149.2,0.7,117.1,272.8,60.04,210.3,1.2,4.1,1367.5,37.8,2.4,1.8,0,116.53502524925548,3903.9797852179404,33.50048431248683,32.062,29.0,2025-10-26 12:43:18
163,1,152.1,149.2,0.8,117.5,261.3,60.04,210.3,1.2,4.1,1367.5,37.8,2.4,1.8,0,116.53502524925548,1250.7896399241945,10.73316487681617,32.0,28.875,2025-10-26 12:43:33
162.2,1,162.6,147.8,0.8,119.1,272.1,60.04,210.4,1.3,4.1,1367.5,37.7,2.4,1.8,0,116.53502524925548,4055.5906506632973,34.80147399452516,32.0,28.75,2025-10-26 12:43:48
159.3,1,159.8,147.8,0.8,119.7,270.7,60.01,210.5,1.3,4.1,1367.5,37.6,2.4,1.8,0,155.38003366567398,3638.660770688566,23.41781427668983,31.75,28.562,2025-10-26 12:44:03
162.2,0.9,162.2,144.8,0.8,119.5,271.8,60.02,210.5,1.2,4.1,1367.5,37.6,2.4,1.8,0,155.38003366567398,1478.2059380922299,9.513487049905242,31.687,28.375,2025-10-26 12:44:18
162.4,1,158.0,145.4,0.8,120.5,272.8,60.02,210.6,1.3,4.1,1367.5,37.5,2.4,1.8,0,155.38003366567398,4055.5906506632973,26.10110549589387,31.687,28.25,2025-10-26 12:44:33
159.4,1,162.3,147.7,0.8,123.0,275.1,59.97,210.6,1.3,4.1,1367.5,37.4,2.4,1.8,0,155.38003366567398,2084.649399873658,13.416456096020214,31.562,28.125,2025-10-26 12:44:48
162.3,1,163.1,147.9,0.8,126.4,278.4,59.98,210.9,1.3,4.1,1367.5,37.4,2.4,1.8,0,155.38003366567398,2615.287428932407,16.831554011370812,31.5,28.0,2025-10-26 12:45:03
162.2,1,164.7,151,0.8,128.6,281.7,59.99,210.9,1.3,4.1,1367.5,37.4,2.4,1.8,0,155.38003366567398,2274.1629816803534,14.636133922931139,31.375,27.812,2025-10-26 12:45:18
163.1,1,165.8,150.7,0.8,129.8,283.9,60.01,210.9,1.3,4.1,1367.5,37.3,2.4,1.8,0,155.38003366567398,1591.9140871762477,10.2452937460518,31.375,27.687,2025-10-26 12:45:33
166,0.7,166.3,149.9,0.8,132.6,288.8,59.99,210.9,1.2,4.1,1367.5,37.3,2.4,1.8,0,155.38003366567398,1174.984207201516,7.562002526847756,31.312,27.625,2025-10-26 12:45:48
165.3,1,166.9,148.9,0.9,134.3,290.4,59.96,210.9,1.4,4.1,1367.5,37.3,2.4,1.8,0,155.38003366567398,4017.687934301958,25.857169930511684,31.187,27.562,2025-10-26 12:46:03
162.4,1,168.5,148.1,0.9,136.7,291.6,60.04,210.9,1.3,4.1,1367.5,37.2,2.4,1.8,0,155.38003366567398,4131.3960833859755,26.588976626658237,31.187,27.437,2025-10-26 12:46:18
165,1,169.7,147.8,0.9,137.7,295.0,60.01,210.9,1.4,4.1,1367.5,37.2,2.4,1.8,0,155.38003366567398,1250.7896399241945,8.049873657612128,31.062,27.375,2025-10-26 12:46:33
168.4,1,146.8,150.3,0.9,139.5,279.1,60.04,210.7,1.4,4.1,1367.5,37.2,2.4,1.8,0,155.38003366567398,4017.687934301958,25.857169930511684,31.0,27.312,2025-10-26 12:46:48
165.2,1,172.6,150.1,0.9,141.8,302.2,60.02,210.7,1.3,4.1,1367.5,37.1,2.5,1.8,0,155.38003366567398,3790.2716361339226,24.39355653821857,31.0,27.187,2025-10-26 12:47:03
162.3,1,171.4,144.8,0.9,141.9,298.8,60.02,210.7,1.4,4.1,1367.5,37,2.5,1.8,0,155.38003366567398,1326.595072646873,8.537744788376498,31.0,27.125,2025-10-26 12:47:18
165.2,1,174.8,150.7,0.9,146.9,308.3,59.97,210.8,1.4,4.1,1367.5,37,2.5,1.8,0,155.38003366567398,3828.1743524952617,24.637492103600753,31.0,27.062,2025-10-26 12:47:33
165.7,1,166.8,150.8,0.9,150.1,303.5,60,210.6,1.4,4.1,1367.5,37,2.5,1.8,0,155.38003366567398,4396.715097915351,28.296525584333544,30.937,27.0,2025-10-26 12:47:48
163.5,1.1,178.0,146.3,1,152.0,312.4,60,210.8,1.5,4.1,1367.5,37,2.5,1.8,0,155.38003366567398,3297.5363234365127,21.222394188250153,30.937,27.0,2025-10-26 12:48:03
164.4,1.1,178.2,152.8,0.9,154.6,316.9,59.99,210.8,1.4,4.1,1367.5,37,2.5,1.8,0,155.38003366567398,4169.298799747316,26.83291219204043,30.875,27.0,2025-10-26 12:48:18
167.4,0.9,179.6,153.2,1,156.8,321.6,60.05,210.9,1.4,4.1,1367.5,37,2.5,1.8,0,155.38003366567398,1250.7896399241945,8.049873657612128,30.875,26.937,2025-10-26 12:48:33
165.2,1.1,183.0,153.7,1,156.6,323.8,60.03,211.2,1.5,4.1,1367.5,37,2.5,1.8,0,155.38003366567398,4510.423246999368,29.028332280480093,30.75,26.937,2025-10-26 12:48:48
162.1,1.1,182.8,153.6,1,158.5,324.6,60.02,211.3,1.5,4.1,1367.5,36.9,2.5,1.8,0,155.38003366567398,1250.7896399241945,8.049873657612128,30.687,26.875,2025-10-26 12:49:03
165.1,1.1,185.6,150.6,1.1,163.0,332.3,60.04,211.3,1.5,4.1,1367.5,36.9,2.5,1.8,0,155.38003366567398,3866.0770688566013,24.88142766898294,30.625,26.812,2025-10-26 12:49:18
167.2,1.1,175.7,149.5,1.1,163.0,322.6,60.03,211.2,1.5,4.1,1367.5,36.8,2.5,1.8,0,155.38003366567398,1478.2059380922299,9.513487049905242,30.625,26.875,2025-10-26 12:49:33
165.1,1.1,185.7,147.6,1.1,161.8,330.2,60,211.2,1.5,4.1,1367.5,36.8,2.5,1.8,0,155.38003366567398,1212.8869235628554,7.805938092229942,30.625,26.812,2025-10-26 12:49:48
165,1.1,184.2,150.6,1,162.1,330.1,60.03,211.1,1.5,4.1,1367.5,36.8,2.5,1.8,0,155.38003366567398,1212.8869235628554,7.805938092229942,30.625,26.812,2025-10-26 12:50:03
168.3,1.1,173.2,150.7,1,161.2,319.1,60.02,211,1.5,4.1,1367.5,36.8,2.5,1.8,0,155.38003366567398,3600.758054327227,23.173878711307644,30.625,26.812,2025-10-26 12:50:18
165.2,1.1,182.8,152.6,1,157.0,324.3,60,211,1.5,4.1,1367.5,36.8,2.5,1.8,0,155.38003366567398,2349.968414403032,15.124005053695512,30.5,26.75,2025-10-26 12:50:33
162.2,1.1,178.6,150.7,1,159.5,321.3,60.01,211.3,1.4,4.1,1367.5,36.8,2.5,1.8,0,155.38003366567398,4017.687934301958,25.857169930511684,30.5,26.687,2025-10-26 12:50:48
165.2,1.1,179.8,147.9,1,156.4,320.1,60,211.1,1.5,4.1,1367.5,36.8,2.5,1.8,0,155.38003366567398,4662.034112444725,30.00407454200884,30.5,26.687,2025-10-26 12:51:03
168.3,1,171.1,150.7,1,156.0,311.3,59.99,211.1,1.5,4.1,1367.5,36.8,2.5,1.9,0,155.38003366567398,3714.466203411244,23.905685407454193,30.5,26.687,2025-10-26 12:51:18
164.4,1,174.5,151.3,0.9,154.3,313.5,60.03,211.2,1.4,4.1,1367.5,36.8,2.5,1.9,0,155.38003366567398,4055.5906506632973,26.10110549589387,30.437,26.687,2025-10-26 12:51:33
163.9,1,168.6,152.4,1,148.8,303.8,60.03,211.2,1.4,4.1,1367.5,36.8,2.5,1.9,0,155.38003366567398,2615.287428932407,16.831554011370812,30.312,26.625,2025-10-26 12:51:48
166.3,0.8,167.2,150.8,0.9,148.1,301.4,60.02,211.2,1.3,4.1,1367.5,36.8,2.5,1.9,0,116.53502524925548,4813.644977890082,41.30642240471678,30.25,26.625,2025-10-26 12:52:03
165.1,1,163.2,150.7,0.9,144.1,293.8,60.04,211.2,1.3,4.1,1367.5,36.7,2.5,1.9,0,116.53502524925548,2463.67656348705,21.14108233312276,30.062,26.562,2025-10-26 12:52:18
162.2,0.9,156.7,147.7,0.9,138.5,283.2,60.03,211.2,1.3,4.1,1367.5,36.7,2.5,1.9,0,116.53502524925548,5192.672141503474,44.558896609812585,29.875,26.562,2025-10-26 12:52:33
168.3,0.8,134.2,150.6,0.8,135.2,261.5,60.02,211.1,1.2,4.1,1367.5,36.7,2.5,1.9,0,116.53502524925548,1402.4005053695514,12.034154558854494,29.75,26.437,2025-10-26 12:52:48
165.2,0.9,147.4,153.6,0.8,127.8,266.4,60.01,211.1,1.2,4.1,1367.5,36.6,2.5,1.9,0,116.53502524925548,1440.3032217308908,12.359401979364076,29.687,26.312,2025-10-26 12:53:03
162.2,0.8,140.9,150.7,0.8,126.1,260.1,60,211.1,1.2,4.1,1367.5,36.6,2.5,1.9,0,116.53502524925548,1212.8869235628554,10.40791745630659,29.625,26.25,2025-10-26 12:53:18
165.2,0.8,139.6,150.7,0.8,126.7,258.1,59.99,211,1.1,4.1,1367.5,36.6,2.5,1.9,0,116.53502524925548,2956.4118761844597,25.369298799747313,29.562,26.187,2025-10-26 12:53:33
165.1,0.8,127.6,147.8,0.8,125.7,251.3,59.99,211,1.2,4.1,1367.5,36.5,2.5,1.9,0,116.53502524925548,3221.7308907138345,27.64603074331438,29.312,26.187,2025-10-26 12:53:48
163.9,0.8,139.2,149,0.8,127.0,257.1,60.02,211.2,1.1,4.1,1367.5,36.5,2.5,1.9,0,116.53502524925548,1591.9140871762477,13.6603916614024,29.187,26.125,2025-10-26 12:54:03
164.1,0.8,138.8,150.8,0.8,130.6,260.9,59.97,211.2,1.2,4.1,1367.5,36.5,2.5,1.9,0,116.53502524925548,4017.687934301958,34.47622657401558,29.125,26.125,2025-10-26 12:54:18
166.9,0.7,139.4,144.9,0.9,131.0,261.6,59.96,210.8,1.1,4.1,1367.5,36.5,2.5,1.9,0,116.53502524925548,1364.4977890082123,11.708907138344914,29.0,26.0,2025-10-26 12:54:33
165.2,0.8,140.1,149.2,0.9,137.8,272.4,60,210.6,1.3,4.1,1367.5,36.5,2.5,1.9,0,116.53502524925548,1137.0814908401767,9.757422615287426,28.875,26.0,2025-10-26 12:54:48
162.1,0.9,145.0,150.7,0.9,142.1,277.3,59.98,210.6,1.3,4.1,1367.5,36.5,2.5,1.9,0,116.53502524925548,1326.595072646873,11.383659717835332,28.875,25.937,2025-10-26 12:55:03
165.2,0.9,150.2,149.5,0.9,146.7,285.7,60.01,210.6,1.3,4.1,1367.5,36.4,2.5,1.9,0,116.53502524925548,5457.991156032849,46.83562855337966,28.75,25.937,2025-10-26 12:55:18
167.7,0.9,140.5,150.3,1,152.1,281.7,60.02,210.5,1.4,4.1,1367.5,36.4,2.5,1.9,0,116.53502524925548,2084.649399873658,17.888608128026952,28.687,25.937,2025-10-26 12:55:33
165.4,0.9,160.8,149.2,1,158.4,304.9,60.02,210.4,1.4,4.1,1367.5,36.4,2.5,1.9,0,116.53502524925548,2615.287428932407,22.442072015161084,28.75,25.937,2025-10-26 12:55:48
162.3,1,161.9,146.5,1.1,160.9,307.9,59.99,210.3,1.4,4.1,1367.5,36.3,2.5,1.9,0,155.38003366567398,3979.785217940619,25.613234365129497,28.687,25.937,2025-10-26 12:56:03
165.1,1,167.5,152.2,1.1,168.6,321.1,59.97,210.4,1.5,4.1,1367.5,36.3,2.5,1.9,0,155.38003366567398,1137.0814908401767,7.318066961465569,28.625,25.937,2025-10-26 12:56:18
166.5,1,161.8,149.3,1.1,173.3,328.0,60.02,210.4,1.5,4.1,1367.5,36.3,2.5,1.9,0,155.38003366567398,2994.3145925457993,19.270909665192672,28.437,25.875,2025-10-26 12:56:33
163,1,173.0,152.3,1.1,178.1,334.9,60.02,210.4,1.5,4.1,1367.5,36.3,2.5,1.9,0,155.38003366567398,4283.006948831333,27.564718888186984,28.437,25.812,2025-10-26 12:56:48
164.8,1,174.1,152.1,1.2,182.2,338.1,60.02,210.6,1.5,4.1,1367.5,36.3,2.5,1.9,0,155.38003366567398,5306.380290587492,34.15097915350599,28.437,25.75,2025-10-26 12:57:03
165.2,1,176.5,155,1.1,183.7,341.7,59.99,210.8,1.6,4.1,1367.5,36.3,2.5,1.9,0,155.38003366567398,2728.9955780164246,17.563360707517372,28.375,25.687,2025-10-26 12:57:18
165.1,1,176.9,155.1,1.2,184.9,344.9,59.98,210.9,1.6,4.1,1367.5,36.3,2.5,1.9,0,155.38003366567398,4662.034112444725,30.00407454200884,28.312,25.687,2025-10-26 12:57:33
164.2,1,177.8,154.7,1.2,187.0,347.7,60.03,210.9,1.5,4.1,1367.5,36.2,2.5,1.9,0,155.38003366567398,3032.217308907138,19.514845230574853,28.312,25.625,2025-10-26 12:57:48
161.9,1.1,176.4,152.5,1.2,192.3,349.5,60.02,210.7,1.6,4.1,1367.5,36.2,2.5,1.9,0,155.38003366567398,6140.240050536955,39.51756159191408,28.312,25.562,2025-10-26 12:58:03
162.2,1.1,176.6,151.9,1.3,194.1,351.3,60.04,210.7,1.6,4.1,1367.5,36.2,2.5,1.9,0,155.38003366567398,1288.6923562855338,8.293809222994314,28.312,25.562,2025-10-26 12:58:18
165.1,1,176.6,149,1.2,190.0,347.7,60,210.7,1.6,4.1,1367.5,36.2,2.5,1.9,0,155.38003366567398,1174.984207201516,7.562002526847756,28.312,25.562,2025-10-26 12:58:33
165.2,1,173.8,152.1,1.2,191.2,348.1,60,210.8,1.5,4.1,1367.5,36.2,2.5,1.9,0,155.38003366567398,1554.0113708149083,10.001358180669612,28.312,25.5,2025-10-26 12:58:48
167,0.9,168.4,153.1,1.2,185.7,334.2,59.99,210.7,1.5,4.1,1367.5,36.2,2.5,1.9,0,116.53502524925548,3828.1743524952617,32.84998947146767,28.375,25.5,2025-10-26 12:59:03
162.5,1,163.5,149.7,1.2,182.1,329.5,59.99,210.6,1.5,4.1,1367.5,36.1,2.5,1.9,0,116.53502524925548,6026.531901452938,51.71433986102337,28.312,25.5,2025-10-26 12:59:18
165.2,0.9,159.2,152.2,1.1,177.5,322.5,60,210.7,1.5,4.1,1367.5,36.1,2.5,1.9,0,116.53502524925548,6026.531901452938,51.71433986102337,28.312,25.437,2025-10-26 12:59:33
168.2,0.9,150.8,152,1.1,169.8,308.9,59.98,210.7,1.4,4.1,1367.5,36,2.5,1.9,0,116.53502524925548,4927.3531269741,42.28216466624552,28.25,25.437,2025-10-26 12:59:48
164.2,0.9,150.3,152.1,1,165.2,302.9,59.96,210.8,1.4,4.1,1367.5,35.9,2.5,1.9,0,116.53502524925548,6632.975363234365,56.918298589176665,28.187,25.375,2025-10-26 13:00:03
163.4,0.9,144.6,151,1,158.1,290.7,59.98,210.7,1.3,4.2,1367.6,35.9,2.5,1.9,0,116.53502524925548,1857.233101705622,15.937123604969463,28.125,25.375,2025-10-26 13:00:18
166.4,0.7,141.1,152.2,1,151.8,282.3,60.04,210.7,1.2,4.2,1367.6,35.9,2.5,1.9,0,116.53502524925548,5533.796588755527,47.48612339439882,28.062,25.312,2025-10-26 13:00:33
165.1,0.8,135.6,155.3,0.9,143.8,272.6,60.02,210.7,1.3,4.2,1367.6,35.9,2.5,1.9,0,116.53502524925548,5988.629185091599,51.38909244051379,27.937,25.25,2025-10-26 13:00:48
162.3,0.8,133.2,152.3,0.9,140.7,265.2,60.02,210.6,1.2,4.2,1367.6,35.8,2.5,1.9,0,116.53502524925548,3297.5363234365127,28.296525584333537,27.812,25.187,2025-10-26 13:01:03
165.2,0.8,132.3,152.1,0.9,137.4,261.4,59.97,210.7,1.2,4.2,1367.6,35.8,2.5,1.9,0,116.53502524925548,4965.255843335439,42.6074120867551,27.75,25.187,2025-10-26 13:01:18
167.4,0.7,129.0,152,0.8,133.3,245.2,59.97,210.9,1.2,4.2,1367.6,35.7,2.5,1.9,0,116.53502524925548,7012.0025268477575,60.17077279427247,27.687,25.187,2025-10-26 13:01:33
165.1,0.7,128.5,152.3,0.8,131.4,253.6,59.97,210.6,1.1,4.2,1367.6,35.7,2.5,1.9,0,116.53502524925548,5457.991156032849,46.83562855337966,27.625,25.125,2025-10-26 13:01:48
162.1,0.7,125.8,155.2,0.8,129.1,249.7,60.02,210.7,1.1,4.2,1367.6,35.7,2.5,1.9,0,77.69001683283699,3866.0770688566013,49.76285533796588,27.562,25.125,2025-10-26 13:02:03
165.2,0.7,127.9,155.1,0.8,128.4,249.3,60.04,210.7,1.1,4.2,1367.6,35.7,2.5,1.9,0,116.53502524925548,1174.984207201516,10.082670035797008,27.437,25.0,2025-10-26 13:02:18
167.6,0.7,116.1,154,0.8,127.6,238.4,60.01,210.8,1.1,4.2,1367.6,35.6,2.5,1.9,0,77.69001683283699,6784.586228679722,87.32893240682247,27.312,24.937,2025-10-26 13:02:33
163.8,0.7,125.5,152.3,0.8,127.6,247.3,60,210.8,1.1,4.2,1367.6,35.5,2.5,1.9,0,77.69001683283699,5230.574857864814,67.32621604548325,27.25,24.875,2025-10-26 13:02:48
164,0.7,123.7,150.4,0.8,125.5,243.5,60.03,211.1,1.1,4.2,1367.6,35.4,2.5,1.9,0,77.69001683283699,6140.240050536955,79.03512318382816,27.187,24.812,2025-10-26 13:03:03
165.1,0.6,124.2,152.3,0.8,124.8,240.6,60.04,211,1,4.2,1367.6,35.3,2.5,1.9,0,77.69001683283699,2008.843967150979,25.857169930511684,27.125,24.812,2025-10-26 13:03:18
165.4,0.7,122.9,152.3,0.8,122.8,239.5,60.02,211.1,1.1,4.2,1367.6,35.2,2.5,1.9,0,77.69001683283699,2880.6064434617815,37.078205938092225,27.062,24.812,2025-10-26 13:03:33
162.3,0.7,121.2,152.3,0.8,121.5,236.8,59.98,211.1,1.1,4.2,1367.6,35.1,2.5,1.9,0,77.69001683283699,2918.5091598231206,37.5660770688566,27.0,24.875,2025-10-26 13:03:48
165,0.7,122.0,152.2,0.8,120.3,237.0,59.98,211.1,1.1,4.2,1367.6,35.1,2.5,1.9,0,77.69001683283699,2463.67656348705,31.71162349968414,26.937,24.812,2025-10-26 13:04:03
168,0.6,116.8,152.2,0.7,119.3,231.3,59.99,210.9,1.1,4.2,1367.6,35.1,2.5,1.9,0,77.69001683283699,6746.683512318383,86.84106127605811,26.937,24.812,2025-10-26 13:04:18
165.2,0.7,120.5,152.2,0.7,118.5,233.2,60.03,211,1.1,4.2,1367.6,35,2.5,1.9,0,77.69001683283699,3903.9797852179404,50.25072646873025,26.937,24.75,2025-10-26 13:04:33
162.1,0.7,118.1,152.1,0.7,117.3,230.3,59.97,211.1,1.1,4.2,1367.6,35,2.5,1.9,0,77.69001683283699,5230.574857864814,67.32621604548325,26.875,24.75,2025-10-26 13:04:48
165.1,0.7,118.9,153.8,0.7,116.2,229.4,59.99,211.1,1,4.2,1367.6,34.9,2.5,1.9,0,77.69001683283699,5950.7264687302595,76.59576753000631,26.812,24.75,2025-10-26 13:05:03
165.9,0.7,102.6,153.4,0.7,115.7,213.5,59.98,211.1,1,4.2,1367.6,35,2.5,1.9,0,77.69001683283699,1288.6923562855338,16.58761844598863,26.812,24.812,2025-10-26 13:05:18
162.9,0.7,115.5,155.8,0.7,111.2,222.0,59.99,211.1,1,4.2,1367.6,35,2.5,1.9,0,77.69001683283699,2274.1629816803534,29.272267845862277,26.75,24.812,2025-10-26 13:05:33
162.1,0.7,113.0,152.2,0.7,111.7,220.3,60.04,211,1,4.2,1367.6,35,2.5,1.9,0,77.69001683283699,1137.0814908401767,14.636133922931139,26.75,24.812,2025-10-26 13:05:48
165.4,0.5,112.9,149.4,0.7,109.4,217.7,60.03,211,0.9,4.2,1367.6,35.1,2.5,1.9,0,77.69001683283699,7012.0025268477575,90.25615919140871,26.75,24.812,2025-10-26 13:06:03
165.6,0.6,109.5,154.8,0.7,109.0,214.2,60.03,210.7,1,4.2,1367.6,35.1,2.5,1.9,0,77.69001683283699,1364.4977890082123,17.563360707517372,26.687,24.875,2025-10-26 13:06:18
161.9,0.6,107.9,152.2,0.7,107.7,211.3,59.99,210.6,0.9,4.2,1367.6,35.2,2.5,1.9,0,77.69001683283699,3335.4390397978523,42.93265950726468,26.625,24.937,2025-10-26 13:06:33
165.4,0.6,106.4,152.1,0.7,106.3,208.7,60,210.7,0.9,4.2,1367.6,35.2,2.5,1.9,0,77.69001683283699,6822.488945041061,87.81680353758685,26.625,25.0,2025-10-26 13:06:48
165.2,0.6,105.3,149.1,0.6,102.8,204.2,60.05,210.7,0.8,4.2,1367.6,35.2,2.5,1.9,0,77.69001683283699,3487.049905243209,44.88414403032217,26.625,24.937,2025-10-26 13:07:03
165.1,0.6,98.9,149.3,0.6,100.5,197.7,60.02,210.6,0.9,4.2,1367.6,35.2,2.5,1.9,0,77.69001683283699,1212.8869235628554,15.611876184459884,26.5,24.875,2025-10-26 13:07:18
163.2,0.6,101.8,151.3,0.6,100.9,197.7,59.99,210.5,0.9,4.2,1367.6,35.2,2.5,1.9,0,77.69001683283699,1061.2760581174985,13.6603916614024,26.5,24.875,2025-10-26 13:07:33
164.6,0.6,99.1,152.1,0.6,99.0,194.5,59.99,210.5,0.9,4.2,1367.6,35.2,2.5,1.9,0,77.69001683283699,3070.1200252684775,39.51756159191408,26.437,24.812,2025-10-26 13:07:48
162.2,0.6,98.2,154.9,0.6,96.5,191.0,59.97,210.5,0.9,4.2,1367.6,35.2,2.5,1.9,0,77.69001683283699,5268.477574226153,67.81408717624763,26.437,24.812,2025-10-26 13:08:03
159.2,0.5,95.4,155.2,0.6,94.4,186.0,59.99,210.6,0.9,4.2,1367.6,35.2,2.5,1.9,0,77.69001683283699,3108.0227416298167,40.00543272267845,26.437,24.812,2025-10-26 13:08:18
160,0.5,94.1,154.9,0.6,92.4,182.9,60.04,210.5,0.9,4.2,1367.6,35.2,2.5,1.9,0,77.69001683283699,2728.9955780164246,35.126721415034744,26.437,24.812,2025-10-26 13:08:33
162.2,0.5,93.6,151.9,0.6,92.2,182.3,59.97,210.5,0.8,4.2,1367.6,35.2,2.5,1.9,0,77.69001683283699,2615.287428932407,33.663108022741625,26.437,24.875,2025-10-26 13:08:48
163.7,0.5,92.5,150.5,0.6,91.0,180.1,59.99,210.5,0.8,4.2,1367.6,35.2,2.5,1.9,0,77.69001683283699,1099.1787744788378,14.148262792166772,26.437,24.812,2025-10-26 13:09:03
165.3,0.5,88.6,149,0.5,88.7,174.7,60.01,210.6,0.9,4.2,1367.6,35.2,2.5,1.9,0,77.69001683283699,6595.072646873025,84.88957675300061,26.375,24.812,2025-10-26 13:09:18
165.2,0.5,88.2,149.3,0.5,87.7,172.5,60.01,210.5,0.8,4.2,1367.6,35.3,2.5,1.9,0,77.69001683283699,1478.2059380922299,19.026974099810484,26.375,24.812,2025-10-26 13:09:33
162.2,0.5,89.2,152.2,0.5,88.2,174.0,60.03,210.5,0.8,4.2,1367.6,35.3,2.5,1.9,0,77.69001683283699,2274.1629816803534,29.272267845862277,26.375,24.812,2025-10-26 13:09:48
160.1,0.5,88.7,152,0.5,87.4,172.1,60.01,210.4,0.8,4.2,1367.6,35.2,2.5,1.9,0,77.69001683283699,6557.169930511686,84.40170562223625,26.312,24.875,2025-10-26 13:10:03
159.3,0.5,88.0,154.8,0.5,85.8,170.6,60.02,210.4,0.8,4.2,1367.6,35.2,2.5,1.9,0,38.845008416418494,6291.850915982312,161.9732154137713,26.312,24.937,2025-10-26 13:10:18
162.2,0.5,88.2,155.1,0.5,84.7,169.5,59.99,210.3,0.8,4.2,1367.6,35.2,2.5,1.9,0,38.845008416418494,6670.878079595705,171.73063802905872,26.312,24.937,2025-10-26 13:10:33
165.2,0.5,84.5,152.2,0.5,84.9,166.3,59.96,210.3,0.8,4.2,1367.6,35.2,2.5,1.9,0,77.69001683283699,2842.703727100442,36.59033480732785,26.312,24.937,2025-10-26 13:10:48
162.1,0.5,87.1,152.1,0.5,85.1,168.9,59.99,210.4,0.8,4.2,1367.6,35.1,2.5,1.9,0,38.845008416418494,6822.488945041061,175.6336070751737,26.312,24.937,2025-10-26 13:11:03
159.3,0.5,85.9,150.6,0.5,84.7,167.5,60,210.6,0.7,4.2,1367.6,35.1,2.5,1.9,0,38.845008416418494,4965.255843335439,127.8222362602653,26.187,24.937,2025-10-26 13:11:18
162.2,0.5,86.7,149.2,0.5,83.6,167.0,60.03,210.7,0.8,4.2,1367.6,35.1,2.5,1.9,0,38.845008416418494,6178.142766898294,159.04598862918508,26.25,24.937,2025-10-26 13:11:33
165.2,0.5,83.1,149.3,0.5,84.3,164.8,59.98,210.7,0.7,4.2,1367.6,35.1,2.5,1.9,0,38.845008416418494,5420.088439671509,139.5311433986102,26.25,24.937,2025-10-26 13:11:48
162.2,0.5,86.1,152.1,0.5,85.2,168.2,60.04,210.6,0.8,4.2,1367.6,35.1,2.5,1.9,0,38.845008416418494,1554.0113708149083,40.00543272267845,26.25,24.937,2025-10-26 13:12:03
159.2,0.5,85.2,152.1,0.5,85.3,167.3,59.99,210.6,0.8,4.2,1367.6,35.1,2.5,1.9,0,38.845008416418494,2463.67656348705,63.42324699936828,26.25,24.937,2025-10-26 13:12:18
162.2,0.5,86.8,155.1,0.5,84.7,168.2,60.01,210.7,0.8,4.2,1367.6,35.1,2.5,1.9,0,38.845008416418494,1326.595072646873,34.15097915350599,26.25,24.937,2025-10-26 13:12:33
162.3,0.5,85.0,155.1,0.5,84.9,166.5,60.02,210.8,0.7,4.2,1367.6,35.1,2.5,1.9,0,77.69001683283699,3790.2716361339226,48.78711307643714,26.187,24.875,2025-10-26 13:12:48
159,0.5,86.6,152.1,0.5,86.5,169.8,60,210.7,0.7,4.2,1367.6,35,2.5,1.9,0,38.845008416418494,6102.337334175615,157.09450410612757,26.187,24.812,2025-10-26 13:13:03
159.4,0.5,86.4,152.3,0.5,88.0,171.1,60,210.6,0.7,4.2,1367.6,35,2.5,1.9,0,38.845008416418494,4965.255843335439,127.8222362602653,26.125,24.812,2025-10-26 13:13:18
162.3,0.5,87.4,150.8,0.5,89.0,172.0,60.02,210.6,0.8,4.2,1367.6,35,2.5,1.9,0,38.845008416418494,6329.753632343651,162.94895767530002,26.125,24.687,2025-10-26 13:13:33
163.9,0.5,87.6,149.3,0.5,88.3,172.8,60.01,210.6,0.7,4.2,1367.6,35,2.5,1.9,0,38.845008416418494,6405.55906506633,164.90044219835752,26.062,24.625,2025-10-26 13:13:48
165.2,0.5,85.5,151.9,0.5,89.5,171.7,60.03,210.7,0.8,4.2,1367.6,34.9,2.5,1.9,0,77.69001683283699,4320.909665192672,55.61730890713834,26.062,24.562,2025-10-26 13:14:03
165.2,0.5,85.8,152,0.6,91.8,175.5,60.02,210.8,0.8,4.2,1367.6,34.9,2.5,1.9,0,77.69001683283699,1023.3733417561592,13.172520530638028,26.062,24.562,2025-10-26 13:14:18
162.1,0.5,89.6,152.4,0.5,92.8,178.9,59.97,210.9,0.8,4.2,1367.6,34.9,2.5,1.9,0,77.69001683283699,3638.660770688566,46.83562855337966,26.062,24.562,2025-10-26 13:14:33
161.8,0.5,90.3,155.2,0.5,92.6,180.0,59.98,210.9,0.8,4.2,1367.6,34.9,2.5,1.9,0,77.69001683283699,7049.905243209097,90.74403032217307,26.062,24.562,2025-10-26 13:14:48
159.4,0.5,90.0,152.2,0.6,95.4,181.8,59.97,211,0.8,4.2,1367.6,34.9,2.5,1.9,0,77.69001683283699,1023.3733417561592,13.172520530638028,26.062,24.625,2025-10-26 13:15:03
159.3,0.5,90.8,152.3,0.6,96.2,183.4,59.96,210.9,0.9,4.2,1367.6,34.9,2.5,1.9,0,77.69001683283699,6670.878079595705,85.86531901452936,26.062,24.562,2025-10-26 13:15:18
162.2,0.5,93.6,154.6,0.6,96.1,185.8,60,211,0.9,4.2,1367.6,34.9,2.5,1.9,0,77.69001683283699,2615.287428932407,33.663108022741625,26.062,24.625,2025-10-26 13:15:33
162.2,0.5,94.1,149.3,0.6,97.6,187.8,59.99,210.8,0.9,4.2,1367.6,34.9,2.5,1.9,0,77.69001683283699,1667.7195198989261,21.46632975363234,26.062,24.625,2025-10-26 13:15:48
160.8,0.5,94.0,149.3,0.6,98.5,190.3,60.01,210.9,0.9,4.2,1367.6,34.9,2.5,1.9,0,77.69001683283699,1099.1787744788378,14.148262792166772,26.062,24.75,2025-10-26 13:16:03
161.5,0.5,95.3,151.4,0.6,99.8,191.2,60.02,211,0.9,4.2,1367.6,34.9,2.5,1.9,0,77.69001683283699,5382.18572331017,69.27770056854074,26.062,24.812,2025-10-26 13:16:18
159.5,0.6,97.3,152.1,0.6,102.4,196.0,60.02,210.8,0.9,4.2,1367.6,34.9,2.5,1.9,0,77.69001683283699,6784.586228679722,87.32893240682247,26.0,24.812,2025-10-26 13:16:33
165.3,0.4,91.8,152.2,0.6,103.9,192.6,59.99,210.8,0.9,4.2,1367.6,34.9,2.5,1.9,0,77.69001683283699,2918.5091598231206,37.5660770688566,26.062,24.812,2025-10-26 13:16:48
165.2,0.6,100.6,155.2,0.6,104.9,201.5,59.97,210.7,0.9,4.2,1367.6,34.9,2.5,1.9,0,77.69001683283699,6632.975363234365,85.377447883765,26.062,24.812,2025-10-26 13:17:03
162.1,0.6,102.1,157.2,0.6,102.6,200.7,59.98,210.6,0.9,4.2,1367.6,34.9,2.5,1.9,0,77.69001683283699,2425.7738471257107,31.22375236891977,26.062,24.812,2025-10-26 13:17:18
165.1,0.6,103.9,153.8,0.7,108.9,208.6,60.03,210.5,0.9,4.2,1367.6,34.8,2.5,1.9,0,77.69001683283699,2918.5091598231206,37.5660770688566,26.062,24.812,2025-10-26 13:17:33
168.4,0.6,93.9,152.1,0.7,109.3,196.0,60.02,210.6,1,4.2,1367.6,34.8,2.5,1.9,0,77.69001683283699,5420.088439671509,69.7655716993051,26.062,24.812,2025-10-26 13:17:48
165.3,0.6,107.3,155.1,0.6,110.9,214.4,60.04,210.6,0.9,4.2,1367.6,34.8,2.5,1.9,0,77.69001683283699,1023.3733417561592,13.172520530638028,26.062,24.812,2025-10-26 13:18:03
162.2,0.6,108.3,152.2,0.7,111.6,215.6,60.04,210.8,1,4.2,1367.6,34.8,2.5,1.9,0,77.69001683283699,6860.391661402401,88.30467466835123,26.062,24.812,2025-10-26 13:18:18
165.2,0.6,111.4,151.6,0.7,111.8,219.1,60.02,210.8,1,4.2,1367.6,34.8,2.5,1.9,0,77.69001683283699,947.5679090334806,12.196778269109284,26.062,24.875,2025-10-26 13:18:33
165.3,0.7,101.2,150.7,0.7,113.7,210.3,60,210.8,1,4.2,1367.6,34.8,2.5,1.9,0,77.69001683283699,1516.108654453569,19.514845230574853,26.062,24.875,2025-10-26 13:18:48
162,0.7,115.3,154,0.7,115.8,226.2,60.01,210.7,1,4.2,1367.6,34.8,2.5,1.9,0,77.69001683283699,1099.1787744788378,14.148262792166772,26.062,24.875,2025-10-26 13:19:03
162.6,0.7,117.4,153.6,0.7,118.8,231.4,60.02,210.8,1.1,4.2,1367.6,34.8,2.5,1.9,0,77.69001683283699,6936.197094125079,89.28041692987998,26.062,24.875,2025-10-26 13:19:18
165.8,0.6,120.3,154.4,0.7,120.3,235.4,59.97,210.8,1,4.2,1367.6,34.7,2.5,1.9,0,77.69001683283699,2880.6064434617815,37.078205938092225,26.125,24.875,2025-10-26 13:19:33
165.3,0.7,123.3,154.5,0.8,122.5,239.5,59.99,210.4,1.1,4.2,1367.6,34.7,2.5,1.9,0,77.69001683283699,1288.6923562855338,16.58761844598863,26.125,24.812,2025-10-26 13:19:48
162.4,0.7,123.7,153.8,0.8,124.0,242.0,60,210.4,1.1,4.2,1367.6,34.7,2.5,1.9,0,77.69001683283699,1402.4005053695514,18.05123183828174,26.125,24.75,2025-10-26 13:20:03
165.2,0.8,128.8,153.7,0.8,125.5,247.9,59.97,210.4,1.2,4.2,1367.6,34.7,2.5,1.9,0,77.69001683283699,6519.267214150347,83.91383449147187,26.125,24.812,2025-10-26 13:20:18
168.2,0.8,124.0,156.6,0.8,126.0,244.8,60,210.5,1.1,4.2,1367.6,34.7,2.5,1.9,0,77.69001683283699,3487.049905243209,44.88414403032217,26.125,24.812,2025-10-26 13:20:33
165.2,0.8,134.5,156.5,0.8,127.2,256.1,60.01,210.5,1.1,4.2,1367.6,34.7,2.5,1.9,0,116.53502524925548,5837.018319646241,50.088102758475465,26.125,24.875,2025-10-26 13:20:48
162.1,0.8,135.8,153.6,0.8,129.8,258.6,60.02,210.6,1.2,4.2,1367.6,34.7,2.5,1.9,0,116.53502524925548,6708.780795957044,57.568793430195825,26.125,24.937,2025-10-26 13:21:03
165.3,0.8,140.1,156.6,0.8,130.4,263.9,60.02,210.5,1.2,4.2,1367.6,34.7,2.5,1.9,0,116.53502524925548,2804.801010739103,24.06830911770899,26.125,25.0,2025-10-26 13:21:18
165.2,0.8,140.9,153.7,0.8,131.4,264.7,60.04,210.5,1.2,4.2,1367.6,34.7,2.5,1.9,0,116.53502524925548,1061.2760581174985,9.106927774268266,26.187,25.0,2025-10-26 13:21:33
162.1,0.9,145.1,156.6,0.8,132.3,269.4,59.99,210.4,1.2,4.2,1367.6,34.7,2.5,1.9,0,116.53502524925548,4245.104232469994,36.427711097073065,26.187,25.0,2025-10-26 13:21:48
162.3,0.9,147.1,150.7,0.8,131.8,269.9,59.99,210.8,1.2,4.2,1367.6,34.7,2.5,1.9,0,116.53502524925548,795.9570435881238,6.8301958307012,26.187,25.0,2025-10-26 13:22:03
164.2,0.9,149.8,154.8,0.8,134.0,275.7,59.98,210.8,1.3,4.2,1367.6,34.7,2.5,1.9,0,116.53502524925548,5420.088439671509,46.510381132870066,26.187,24.937,2025-10-26 13:22:18
165.2,0.9,155.1,151.3,0.8,133.9,280.4,59.98,210.9,1.2,4.2,1367.6,34.7,2.5,1.9,0,116.53502524925548,2539.4819962097285,21.791577174141924,26.25,24.937,2025-10-26 13:22:33
165.1,0.9,157.4,153.9,0.8,134.8,283.5,59.97,211,1.3,4.2,1367.6,34.7,2.5,1.9,0,116.53502524925548,2501.579279848389,21.46632975363234,26.25,25.0,2025-10-26 13:22:48
168.5,0.9,158.1,156.6,0.8,135.7,285.5,59.97,211.1,1.3,4.2,1367.6,34.7,2.5,1.9,0,116.53502524925548,6822.488945041061,58.54453569172456,26.312,25.0,2025-10-26 13:23:03
166.7,0.9,165.2,159.3,0.8,131.1,285.9,59.97,211.1,1.3,4.2,1367.6,34.7,2.5,1.9,0,116.53502524925548,909.6651926721415,7.805938092229942,26.312,25.062,2025-10-26 13:23:18
169.2,1,165.1,156.1,0.9,137.3,291.9,60,211.2,1.4,4.2,1367.6,34.7,2.5,1.9,0,116.53502524925548,6670.878079595705,57.24354600968625,26.312,25.125,2025-10-26 13:23:33
164.9,1,169.5,155.2,0.8,137.6,295.9,59.98,211.3,1.3,4.2,1367.6,34.7,2.5,1.9,0,116.53502524925548,6784.586228679722,58.219288271214985,26.312,25.125,2025-10-26 13:23:48
168.3,1,171.2,153.3,0.9,137.8,296.9,59.99,211.1,1.4,4.2,1367.6,34.7,2.5,1.9,0,116.53502524925548,2501.579279848389,21.46632975363234,26.375,25.125,2025-10-26 13:24:03
171.2,0.8,160.9,156.7,0.8,139.1,290.5,60.03,211.1,1.2,4.2,1367.6,34.7,2.5,1.9,0,116.53502524925548,3790.2716361339226,32.52474205095809,26.375,25.125,2025-10-26 13:24:18
168.2,1,174.3,152.2,0.9,137.9,303.5,60.04,211.2,1.4,4.2,1367.6,34.7,2.5,1.9,0,116.53502524925548,4699.936828806064,40.33068014318803,26.437,25.125,2025-10-26 13:24:33
165.2,1.1,178.6,155.2,0.9,140.6,305.2,60.02,211.2,1.4,4.2,1367.6,34.7,2.5,1.9,0,155.38003366567398,1629.8168035375868,10.489229311433984,26.437,25.125,2025-10-26 13:24:48
168.2,1.1,181.9,158.2,0.8,137.7,306.9,59.99,211.1,1.4,4.2,1367.6,34.7,2.5,1.9,0,155.38003366567398,1137.0814908401767,7.318066961465569,26.5,25.187,2025-10-26 13:25:03
171.3,1,157.8,155.1,0.9,141.2,289.1,59.99,211.3,1.4,4.2,1367.6,34.8,2.5,1.9,0,155.38003366567398,1970.9412507896398,12.684649399873654,26.5,25.187,2025-10-26 13:25:18
167.9,1.1,184.8,152.4,0.9,140.2,309.8,60,211.3,1.4,4.2,1367.6,34.8,2.5,1.9,0,155.38003366567398,5003.158559696778,32.19949463044851,26.5,25.187,2025-10-26 13:25:33
166,1.1,183.1,154.9,0.9,142.2,311.0,60,211.3,1.4,4.2,1367.6,34.8,2.5,1.9,0,155.38003366567398,4510.423246999368,29.028332280480093,26.562,25.187,2025-10-26 13:25:48
168.7,0.9,185.3,157.4,0.9,138.8,311.1,60.01,211.2,1.3,4.2,1367.6,34.8,2.5,1.9,0,155.38003366567398,2160.454832596336,13.904327226784584,26.562,25.187,2025-10-26 13:26:03
168.1,1.1,165.6,155.1,0.9,143.1,312.7,60,211.1,1.4,4.2,1367.6,34.8,2.5,1.9,0,155.38003366567398,1781.427668982944,11.464971572962728,26.562,25.187,2025-10-26 13:26:18
165.2,1.1,183.5,152,0.9,141.8,310.6,59.99,211.3,1.4,4.2,1367.6,34.7,2.5,1.9,0,155.38003366567398,3638.660770688566,23.41781427668983,26.562,25.187,2025-10-26 13:26:33
168.2,1.1,182.6,152.2,0.9,141.7,309.8,60.05,211.4,1.4,4.3,1367.7,34.7,2.5,1.9,0,155.38003366567398,909.6651926721415,5.854453569172457,26.562,25.187,2025-10-26 13:26:48
169.2,0.8,180.7,155.2,0.9,144.8,290.8,60.04,211.4,1.4,4.3,1367.7,34.6,2.5,1.9,0,155.38003366567398,1402.4005053695514,9.02561591914087,26.562,25.125,2025-10-26 13:27:03
168.2,1.1,180.3,155.3,0.9,140.6,308.0,60.04,211.4,1.4,4.3,1367.7,34.5,2.5,1.9,0,155.38003366567398,1250.7896399241945,8.049873657612128,26.562,25.062,2025-10-26 13:27:18
165.1,1.1,178.5,152.6,0.9,143.2,307.5,60.01,211.4,1.4,4.3,1367.7,34.4,2.5,1.9,0,116.53502524925548,2956.4118761844597,25.369298799747313,26.562,25.062,2025-10-26 13:27:33
168.2,1,178.9,155.2,0.9,142.5,306.9,59.98,211.2,1.4,4.3,1367.7,34.4,2.5,1.9,0,116.53502524925548,3524.9526216045483,30.248010107391025,26.625,25.062,2025-10-26 13:27:48
171.1,1,143.7,155.1,0.9,142.6,279.6,59.98,211.2,1.4,4.3,1367.7,34.5,2.5,1.9,0,116.53502524925548,3828.1743524952617,32.84998947146767,26.625,25.062,2025-10-26 13:28:03
167.2,1,177.6,155.8,0.8,143.0,307.8,59.98,211,1.4,4.3,1367.7,34.5,2.5,1.9,0,116.53502524925548,3108.0227416298167,26.670288481785636,26.625,25.125,2025-10-26 13:28:18
166.5,1,177.6,157.1,0.9,139.2,304.1,59.98,211,1.4,4.3,1367.7,34.6,2.5,1.9,0,116.53502524925548,4927.3531269741,42.28216466624552,26.625,25.125,2025-10-26 13:28:33
168.3,0.9,178.6,154.4,0.9,142.2,307.2,59.98,210.9,1.2,4.3,1367.7,34.6,2.5,1.9,0,116.53502524925548,7049.905243209097,60.49602021478205,26.687,25.25,2025-10-26 13:28:48
167.5,1,168.9,152.2,0.9,141.2,295.9,60,211,1.4,4.3,1367.7,34.6,2.5,1.9,0,116.53502524925548,4927.3531269741,42.28216466624552,26.625,25.312,2025-10-26 13:29:03
165.2,1.1,180.9,155.1,0.9,143.6,310.6,60.03,210.9,1.4,4.3,1367.7,34.6,2.5,1.9,0,116.53502524925548,6481.364497789008,55.61730890713834,26.687,25.312,2025-10-26 13:29:18
167.6,1.1,182.2,155.2,0.9,143.9,313.5,60.01,210.9,1.5,4.3,1367.7,34.6,2.5,1.9,0,155.38003366567398,2274.1629816803534,14.636133922931139,26.687,25.375,2025-10-26 13:29:33
170.1,0.8,180.1,158,0.9,143.4,311.7,59.99,210.5,1.4,4.3,1367.7,34.7,2.5,1.9,0,155.38003366567398,6557.169930511686,42.200852811118125,26.687,25.375,2025-10-26 13:29:48
168.2,1.1,188.5,158.2,0.9,142.2,318.7,59.97,210.3,1.5,4.3,1367.7,34.7,2.5,1.9,0,155.38003366567398,1781.427668982944,11.464971572962728,26.75,25.312,2025-10-26 13:30:03
165.3,1.1,190.4,155.5,0.9,144.5,321.0,59.97,210.3,1.5,4.3,1367.7,34.7,2.5,1.9,0,155.38003366567398,2880.6064434617815,18.539102969046112,26.687,25.375,2025-10-26 13:30:18
168.1,1.1,195.3,154.8,0.9,146.5,327.9,59.99,210.3,1.5,4.3,1367.7,34.7,2.6,1.9,0,155.38003366567398,6481.364497789008,41.71298168035376,26.687,25.375,2025-10-26 13:30:33
170.4,1.2,169.3,153.8,0.9,148.6,307.8,59.97,210.4,1.5,4.3,1367.7,34.7,2.6,1.9,0,155.38003366567398,4396.715097915351,28.296525584333544,26.75,25.375,2025-10-26 13:30:48
166.3,1.2,201.9,152.2,0.9,147.3,333.6,59.98,210.6,1.5,4.3,1367.7,34.7,2.6,1.9,0,155.38003366567398,5912.8237523689195,38.05394819962097,26.75,25.375,2025-10-26 13:31:03
165,1.2,203.7,152.2,0.9,149.6,337.7,59.98,210.8,1.6,4.3,1367.7,34.6,2.6,1.9,0,155.38003366567398,4548.325963360707,29.272267845862277,26.75,25.25,2025-10-26 13:31:18
168.3,1.1,210.1,155,0.9,153.4,346.2,59.99,210.7,1.5,4.3,1367.7,34.6,2.6,1.9,0,155.38003366567398,2577.3847125710677,16.58761844598863,26.812,25.187,2025-10-26 13:31:33
168.3,1.2,212.7,155.1,0.9,155.2,349.8,60.04,210.8,1.6,4.3,1367.7,34.6,2.6,1.9,0,155.38003366567398,909.6651926721415,5.854453569172457,26.812,25.125,2025-10-26 13:31:48
165.6,1.3,214.3,158.1,0.9,155.5,353.0,60.02,210.8,1.6,4.3,1367.7,34.7,2.6,1.9,0,155.38003366567398,5306.380290587492,34.15097915350599,26.875,25.125,2025-10-26 13:32:03
168.2,1.3,218.6,158.1,1,157.9,358.6,59.98,210.7,1.7,4.3,1367.7,34.7,2.6,1.9,0,155.38003366567398,1857.233101705622,11.952842703727097,26.812,25.187,2025-10-26 13:32:18
170.8,1.2,216.0,154.7,1,160.7,360.1,59.97,210.8,1.6,4.3,1367.7,34.7,2.6,1.9,0,155.38003366567398,4624.131396083386,29.760138976626653,26.875,25.25,2025-10-26 13:32:33
168.3,1.3,227.9,152.4,1,161.7,370.4,59.97,210.8,1.7,4.3,1367.7,34.7,2.6,1.9,0,155.38003366567398,6329.753632343651,40.737239418825006,26.875,25.25,2025-10-26 13:32:48
165,1.4,228.3,153.4,1,165.6,374.6,59.99,211.3,1.7,4.3,1367.7,34.7,2.6,1.9,0,155.38003366567398,2577.3847125710677,16.58761844598863,26.875,25.312,2025-10-26 13:33:03
168.3,1.4,234.9,155.1,1.1,168.2,382.1,59.98,211.4,1.7,4.3,1367.7,34.7,2.6,1.9,0,194.22504208209244,1023.3733417561592,5.269008212255212,26.937,25.312,2025-10-26 13:33:18
168.7,1.4,218.7,157.2,1,170.4,369.5,60.03,211.5,1.8,4.3,1367.7,34.7,2.6,1.9,0,194.22504208209244,1137.0814908401767,5.854453569172456,26.937,25.375,2025-10-26 13:33:33
168.2,1.4,240.6,158.1,1.1,171.6,389.8,60.01,211.5,1.8,4.3,1367.7,34.7,2.6,1.9,0,194.22504208209244,6064.434617814276,31.22375236891977,27.0,25.437,2025-10-26 13:33:48
168,1.4,243.0,158,1.1,173.8,395.0,60.01,211.6,1.8,4.3,1367.7,34.7,2.6,1.9,0,194.22504208209244,5382.18572331017,27.711080227416296,27.0,25.437,2025-10-26 13:34:03
171.1,1.4,227.8,155.1,1.1,178.1,386.0,59.98,211.4,1.8,4.3,1367.7,34.7,2.6,1.9,0,194.22504208209244,3903.9797852179404,20.100290587492104,27.0,25.562,2025-10-26 13:34:18
167,1.5,247.2,154,1.1,180.2,405.2,60.01,211.5,1.9,4.3,1367.7,34.7,2.6,1.9,0,194.22504208209244,4586.228679722047,23.61296272899558,27.062,25.562,2025-10-26 13:34:33
165.2,1.5,245.7,152.2,1.1,181.6,401.7,60.03,211.5,1.8,4.3,1367.7,34.8,2.6,1.9,0,194.22504208209244,2084.649399873658,10.733164876816174,27.125,25.5,2025-10-26 13:34:48
170.9,1.3,240.6,155.3,1.2,183.2,401.3,60.02,211.5,1.8,4.3,1367.7,34.8,2.6,1.9,0,194.22504208209244,2046.7466835123184,10.538016424510424,27.187,25.562,2025-10-26 13:35:03
168.2,1.4,246.9,155.1,1.2,184.8,407.4,59.98,211.5,1.8,4.3,1367.7,34.8,2.6,1.9,0,194.22504208209244,2349.968414403032,12.099204042956412,27.25,25.562,2025-10-26 13:35:18
167,1.4,241.3,158,1.1,182.2,402.3,59.97,211.4,1.8,4.3,1367.7,34.8,2.6,1.9,0,194.22504208209244,5382.18572331017,27.711080227416296,27.25,25.5,2025-10-26 13:35:33
169.4,1.2,237.7,153.1,1.2,182.8,398.4,59.97,211.3,1.7,4.3,1367.7,34.8,2.6,1.9,0,194.22504208209244,6329.753632343651,32.58979153506001,27.312,25.5,2025-10-26 13:35:48
165.5,1.4,234.8,154.9,1.1,179.9,391.9,59.96,211.3,1.8,4.3,1367.7,34.8,2.6,1.9,0,194.22504208209244,3941.8825015792795,20.295439039797852,27.375,25.5,2025-10-26 13:36:03
168.1,1.1,222.0,155.3,1.1,178.4,380.2,59.96,211.2,1.6,4.3,1367.7,34.8,2.6,1.9,0,194.22504208209244,2425.7738471257107,12.48950094756791,27.375,25.5,2025-10-26 13:36:18
168.3,1.3,224.5,152,1.1,174.0,377.8,59.97,211.2,1.7,4.3,1367.7,34.9,2.6,2.0,0,155.38003366567398,2880.6064434617815,18.539102969046112,27.437,25.5,2025-10-26 13:36:33
168.1,1.3,216.8,157.4,1.1,170.9,369.7,59.97,211.1,1.7,4.3,1367.7,34.9,2.6,2.0,0,155.38003366567398,3714.466203411244,23.905685407454193,27.375,25.562,2025-10-26 13:36:48
170.6,1.2,182.2,153.7,1.1,171.8,336.8,60.01,211.2,1.7,4.3,1367.7,34.9,2.6,2.0,0,155.38003366567398,5457.991156032849,35.126721415034744,27.375,25.562,2025-10-26 13:37:03
168.2,1.2,208.2,152.1,1.1,167.0,356.5,60.01,211.3,1.6,4.3,1367.7,34.9,2.6,2.0,0,155.38003366567398,5154.769425142135,33.17523689197726,27.375,25.625,2025-10-26 13:37:18
165.2,1.1,203.0,155.1,1,168.7,352.7,59.99,211.2,1.6,4.3,1367.7,34.9,2.6,2.0,0,155.38003366567398,3790.2716361339226,24.39355653821857,27.312,25.625,2025-10-26 13:37:33
168.2,1.2,200.7,155.2,1,166.7,349.4,60.01,211.3,1.6,4.3,1367.7,34.9,2.6,2.0,0,155.38003366567398,6291.850915982312,40.493303853442825,27.312,25.687,2025-10-26 13:37:48
166.8,1.1,197.6,155.2,1,165.2,343.6,59.97,211.2,1.6,4.3,1367.7,34.9,2.6,2.0,0,155.38003366567398,4775.742261528742,30.735881238155393,27.312,25.687,2025-10-26 13:38:03
165.9,1.2,195.0,157.4,1,163.6,341.7,59.99,211.1,1.5,4.3,1367.7,34.8,2.6,2.0,0,155.38003366567398,4207.201516108655,27.076847757422613,27.312,25.75,2025-10-26 13:38:18
165.1,1.2,194.6,155.1,1,164.6,341.3,59.97,211.2,1.5,4.3,1367.7,34.9,2.6,2.0,0,155.38003366567398,6140.240050536955,39.51756159191408,27.375,25.75,2025-10-26 13:38:33
162.1,1.2,191.4,155,1,163.2,336.8,59.96,211,1.5,4.3,1367.7,34.8,2.6,2.0,0,155.38003366567398,1174.984207201516,7.562002526847756,27.312,25.812,2025-10-26 13:38:48
162.5,1.2,191.6,155.3,1,165.1,338.6,59.99,211,1.5,4.3,1367.7,34.9,2.6,2.0,0,155.38003366567398,1591.9140871762477,10.2452937460518,27.375,25.812,2025-10-26 13:39:03
165.2,1.2,195.5,155.1,1,165.4,342.1,60.03,211.1,1.6,4.3,1367.7,34.9,2.6,2.0,0,155.38003366567398,1023.3733417561592,6.586260265319014,27.375,25.812,2025-10-26 13:39:18
166.6,1.1,197.0,152.2,1,163.7,341.9,60.03,210.7,1.6,4.3,1367.7,34.9,2.6,2.0,0,155.38003366567398,5912.8237523689195,38.05394819962097,27.437,25.812,2025-10-26 13:39:33
168.3,1.2,195.7,155.2,1,167.4,347.7,60.02,210.7,1.6,4.3,1367.7,34.9,2.6,2.0,0,155.38003366567398,2956.4118761844597,19.026974099810484,27.375,25.812,2025-10-26 13:39:48
165.2,1.1,200.0,158.2,1.1,165.5,347.1,60.03,210.6,1.6,4.3,1367.7,34.9,2.6,2.0,0,155.38003366567398,1288.6923562855338,8.293809222994314,27.375,25.812,2025-10-26 13:40:03
165.4,1.2,202.4,155.2,1.1,170.2,353.0,60.02,210.5,1.6,4.3,1367.7,34.9,2.6,2.0,0,155.38003366567398,3108.0227416298167,20.002716361339225,27.375,25.812,2025-10-26 13:40:18
167.2,1.2,204.7,152.6,1.1,168.5,354.2,60.02,210.6,1.6,4.3,1367.7,34.9,2.6,2.0,0,155.38003366567398,5685.407454200884,36.59033480732785,27.375,25.812,2025-10-26 13:40:33
170.1,1,201.3,155.1,1.1,173.3,356.8,60.04,210.5,1.7,4.3,1367.7,34.9,2.6,2.0,0,155.38003366567398,3524.9526216045483,22.68600758054327,27.375,25.687,2025-10-26 13:40:48
168.2,1.2,212.5,155.3,1.1,173.5,366.8,60.02,210.8,1.7,4.3,1367.7,34.8,2.6,2.0,0,155.38003366567398,2577.3847125710677,16.58761844598863,27.375,25.687,2025-10-26 13:41:03
165.2,1.3,214.1,152.1,1.1,175.3,368.6,60.02,210.9,1.7,4.3,1367.7,34.8,2.6,2.0,0,155.38003366567398,5950.7264687302595,38.29788376500316,27.375,25.75,2025-10-26 13:41:18
168.1,1.3,218.8,155,1.1,180.1,379.9,60,210.7,1.7,4.3,1367.7,34.8,2.6,2.0,0,155.38003366567398,5761.212886923563,37.078205938092225,27.375,25.687,2025-10-26 13:41:33
170.4,1.3,190.4,156.5,1.1,179.7,351.3,60.02,210.7,1.8,4.3,1367.7,34.8,2.6,2.0,0,155.38003366567398,3600.758054327227,23.173878711307644,27.375,25.75,2025-10-26 13:41:48
166.1,1.4,229.3,153.1,1.2,185.3,389.9,60.03,210.7,1.8,4.3,1367.7,34.8,2.6,2.0,0,155.38003366567398,1174.984207201516,7.562002526847756,27.437,25.75,2025-10-26 13:42:03
165.1,1.4,230.0,152.1,1.2,185.3,393.8,60.04,210.8,1.8,4.3,1367.7,34.8,2.6,2.0,0,155.38003366567398,5154.769425142135,33.17523689197726,27.437,25.812,2025-10-26 13:42:18
168.1,1.2,236.8,152.2,1.2,188.3,402.0,60.01,210.8,1.7,4.3,1367.7,34.8,2.6,2.0,0,194.22504208209244,1440.3032217308908,7.415641187618447,27.437,25.875,2025-10-26 13:42:33
168,1.4,237.3,155.4,1.2,195.2,407.4,59.99,210.9,1.9,4.3,1367.7,34.8,2.6,2.0,0,194.22504208209244,1364.4977890082123,7.025344283006949,27.5,25.875,2025-10-26 13:42:48
165.1,1.5,243.8,158,1.2,195.1,413.6,60,210.9,1.9,4.3,1367.7,34.8,2.6,2.0,0,194.22504208209244,4737.839545167403,24.393556538218572,27.5,25.937,2025-10-26 13:43:03
168.5,1.5,247.9,158.2,1.3,199.8,423.0,60.01,210.9,2,4.3,1367.7,34.8,2.6,2.0,0,194.22504208209244,2236.2602653190143,11.513758686039164,27.562,26.0,2025-10-26 13:43:18
170.7,1.3,245.1,155.1,1.3,207.2,426.8,59.98,210.9,1.9,4.3,1367.7,34.8,2.6,2.0,0,194.22504208209244,1137.0814908401767,5.854453569172456,27.625,26.062,2025-10-26 13:43:33
168.2,1.5,258.1,155.3,1.3,210.6,442.1,60.01,211.1,2,4.4,1367.8,34.8,2.6,2.0,0,194.22504208209244,6064.434617814276,31.22375236891977,27.687,26.0,2025-10-26 13:43:48
165.4,1.5,259.6,156.4,1.3,214.3,445.9,60,210.9,2.1,4.4,1367.8,34.8,2.6,2.0,0,194.22504208209244,3108.0227416298167,16.002173089071384,27.812,26.062,2025-10-26 13:44:03
168.2,1.6,265.7,156.3,1.4,218.2,456.1,59.99,211.3,2.1,4.4,1367.8,34.8,2.6,2.0,0,194.22504208209244,5988.629185091599,30.83345546430828,27.812,26.125,2025-10-26 13:44:18
169.2,1.6,254.0,152.8,1.4,223.7,448.8,60.02,211.3,2.1,4.4,1367.8,34.8,2.6,2.0,0,194.22504208209244,5457.991156032849,28.101377132027796,27.875,26.187,2025-10-26 13:44:33
168.1,1.6,271.3,154.8,1.5,228.8,468.9,60.03,211.1,2.2,4.4,1367.8,34.8,2.6,2.0,0,194.22504208209244,3032.217308907138,15.611876184459884,27.937,26.187,2025-10-26 13:44:48
165.2,1.6,273.7,155.1,1.4,234.6,477.4,60.03,211.2,2.2,4.4,1367.8,34.8,2.6,2.0,0,233.07005049851097,2008.843967150979,8.619056643503894,28.0,26.25,2025-10-26 13:45:03
168.7,1.5,279.8,157.4,1.5,237.2,485.9,60.01,211.2,2.2,4.4,1367.8,34.8,2.6,2.0,0,233.07005049851097,5988.629185091599,25.694546220256896,28.0,26.312,2025-10-26 13:45:18
168.2,1.7,282.5,154.2,1.5,244.0,494.4,59.97,211.2,2.3,4.4,1367.8,34.8,2.6,2.0,0,233.07005049851097,5268.477574226153,22.604695725415873,28.125,26.375,2025-10-26 13:45:33
165.2,1.7,282.5,155.4,1.6,247.9,498.8,59.99,211.4,2.3,4.4,1367.8,34.9,2.6,2.0,0,233.07005049851097,1250.7896399241945,5.366582438408085,28.187,26.437,2025-10-26 13:45:48
168.1,1.6,288.6,158.2,1.6,251.8,507.2,60.03,211.4,2.3,4.4,1367.8,34.9,2.6,2.0,0,233.07005049851097,5799.115603284902,24.88142766898294,28.25,26.437,2025-10-26 13:46:03
168,1.7,286.1,155.2,1.6,258.1,509.6,60.02,211.5,2.4,4.4,1367.8,34.9,2.6,2.0,0,233.07005049851097,4207.201516108655,18.051231838281744,28.312,26.562,2025-10-26 13:46:18
166.5,1.7,293.5,152.3,1.7,258.0,513.5,59.99,211.4,2.4,4.4,1367.8,35,2.6,2.0,0,233.07005049851097,2994.3145925457993,12.847273110128448,28.375,26.625,2025-10-26 13:46:33
168.2,1.8,297.5,154.7,1.7,262.9,525.1,59.96,211.4,2.5,4.4,1367.8,35,2.6,2.0,0,233.07005049851097,5457.991156032849,23.41781427668983,28.437,26.625,2025-10-26 13:46:48
167.9,1.8,302.5,157.9,1.7,268.4,534.5,59.98,211.3,2.5,4.4,1367.8,35,2.6,2.0,0,233.07005049851097,1099.1787744788378,4.716087597388924,28.5,26.625,2025-10-26 13:47:03
168.2,1.8,306.1,155.3,1.7,271.3,541.5,59.96,211.4,2.5,4.4,1367.8,35,2.6,2.0,0,233.07005049851097,5230.574857864814,22.442072015161084,28.562,26.687,2025-10-26 13:47:18
167.7,1.8,305.4,154.6,1.8,278.2,545.8,60.01,211.5,2.5,4.4,1367.8,35,2.6,2.0,0,233.07005049851097,871.7624763108023,3.7403453358601806,28.687,26.75,2025-10-26 13:47:33
168.2,1.8,312.7,155.8,1.7,282.0,556.2,60.04,211.5,2.6,4.4,1367.8,35,2.6,2.0,0,271.91505891492943,4737.839545167403,17.423968955870407,28.75,26.812,2025-10-26 13:47:48
168.2,1.9,314.0,156.6,1.8,283.4,560.0,60.02,211.3,2.6,4.4,1367.8,35,2.6,2.0,0,271.91505891492943,5495.893872394188,20.211803988809674,28.812,26.875,2025-10-26 13:48:03
168.3,1.9,319.6,152.2,1.9,287.9,567.9,60.03,211.3,2.6,4.4,1367.8,35.1,2.6,2.0,0,271.91505891492943,985.4706253948199,3.6241855428210448,28.875,26.875,2025-10-26 13:48:18
168.3,1.9,307.1,158.2,1.9,295.4,569.3,60.01,211.3,2.7,4.4,1367.8,35.1,2.6,2.0,0,271.91505891492943,3108.0227416298167,11.430123635050988,29.0,26.875,2025-10-26 13:48:33
168.2,1.9,328.6,155.2,1.9,304.8,593.0,60.02,211.4,2.8,4.4,1367.8,35.2,2.6,2.0,0,271.91505891492943,2691.092861655085,9.896814366934391,29.0,26.937,2025-10-26 13:48:48
169.6,2,328.6,155.2,1.9,312.2,603.6,60.05,211.6,2.8,4.4,1367.8,35.2,2.6,2.0,0,271.91505891492943,5571.6993051168665,20.4905874921036,29.062,26.937,2025-10-26 13:49:03
168.2,2,336.8,155.5,2,317.9,611.8,60.03,211.6,2.9,4.4,1367.8,35.2,2.6,2.0,0,271.91505891492943,947.5679090334806,3.4847937911740816,29.062,26.937,2025-10-26 13:49:18
168.7,2.1,328.3,152.3,2.1,325.8,611.4,60.01,211.6,3,4.4,1367.8,35.2,2.6,2.0,0,271.91505891492943,4662.034112444725,17.14518545257648,29.187,27.062,2025-10-26 13:49:33
168.4,2.1,352.3,158.4,2.1,338.6,646.1,60.02,211.5,3.1,4.4,1367.8,35.2,2.6,2.0,0,310.76006733134795,5344.283006948831,17.19745735944409,29.25,27.062,2025-10-26 13:49:48
170.7,2.2,332.6,155.1,2.3,357.1,669.1,60,211.4,3.2,4.4,1367.8,35.2,2.6,2.0,0,310.76006733134795,5154.769425142135,16.58761844598863,29.312,27.125,2025-10-26 13:50:03
167.4,2.3,389.2,146.4,2.6,383.8,720.7,59.99,211.4,3.4,4.4,1367.8,35.2,2.6,2.0,0,349.6050757477664,4586.228679722047,13.118312627219765,29.437,27.312,2025-10-26 13:50:18
168.7,2.4,403.1,147.7,2.7,404.5,752.6,60,211.4,3.6,4.4,1367.8,35.3,2.6,2.0,0,349.6050757477664,5268.477574226153,15.06979715027725,29.5,27.437,2025-10-26 13:50:33
169.6,2.5,411.3,149.6,2.8,427.2,786.2,60.04,211.5,3.7,4.4,1367.8,35.3,2.6,2.0,0,349.6050757477664,4472.5205306380285,12.793065206710184,29.625,27.562,2025-10-26 13:50:48
165.2,2.7,445.5,149.4,3.2,478.8,861.1,60.01,211.4,4.1,4.4,1367.8,35.3,2.6,2.0,0,388.4500841641849,5874.92103600758,15.124005053695514,29.687,27.625,2025-10-26 13:51:03
167.1,2.7,457.8,154,3.2,506.4,900.6,59.98,211.5,4.2,4.4,1367.8,35.3,2.6,2.0,0,388.4500841641849,2842.703727100442,7.318066961465571,29.812,27.812,2025-10-26 13:51:18
167.1,2.7,454.3,156.3,3.3,500.3,891.1,59.98,211.5,4.2,4.4,1367.8,35.4,2.6,2.0,0,388.4500841641849,2615.287428932407,6.732621604548326,29.937,27.875,2025-10-26 13:51:33
169.6,2.6,472.3,155.2,3.4,529.2,935.8,59.98,211.5,4.2,4.4,1367.8,35.5,2.6,2.0,0,427.2950925806034,4699.936828806064,10.999276402687647,30.0,28.062,2025-10-26 13:51:48
166.5,2.9,482.1,153.7,3.6,548.1,961.8,59.97,211.6,4.5,4.4,1367.8,35.6,2.6,2.0,0,427.2950925806034,3524.9526216045483,8.249457302015735,30.25,28.312,2025-10-26 13:52:03
169.6,2.8,476.0,155.1,3.5,544.3,953.7,59.99,211.6,4.5,4.4,1367.8,35.7,2.6,2.0,0,427.2950925806034,2918.5091598231206,6.8301958307012,30.5,28.562,2025-10-26 13:52:18
165.3,2.9,475.3,156.3,3.4,532.7,938.2,60,211.6,4.4,4.4,1367.8,35.7,2.6,2.0,0,427.2950925806034,4396.715097915351,10.289645667030381,30.75,28.812,2025-10-26 13:52:33
168,3.2,519.2,156,4,619.7,1065.5,59.99,211.8,5,4.4,1367.8,35.8,2.6,2.0,0,466.14010099702193,6102.337334175615,13.09120867551063,30.937,29.0,2025-10-26 13:52:48
166.8,3.2,539.0,156.7,4.1,641.8,1103.6,59.99,211.7,5.2,4.5,1367.9,35.9,2.7,2.0,0,504.9851094134404,1023.3733417561592,2.026541620098158,31.125,29.187,2025-10-26 13:53:03
166.6,3.3,546.9,155.1,4.2,655.9,1123.9,59.99,211.7,5.2,4.5,1367.9,36,2.7,2.0,0,504.9851094134404,1137.0814908401767,2.2517129112201753,31.375,29.25,2025-10-26 13:53:18
166.5,3.3,551.3,152.2,4.3,660.4,1129.4,60.01,211.8,5.3,4.5,1367.9,36,2.7,2.0,0,504.9851094134404,4093.493367024637,8.106166480392632,31.562,29.312,2025-10-26 13:53:33
166.8,3.3,554.7,152.3,4.4,665.7,1138.4,60.02,211.7,5.3,4.5,1367.9,36.1,2.7,2.0,0,504.9851094134404,1137.0814908401767,2.2517129112201753,31.687,29.5,2025-10-26 13:53:48
166.7,3.4,562.2,155.6,4.2,676.2,1156.9,60.03,212.1,5.4,4.5,1367.9,36.1,2.7,2.0,0,504.9851094134404,1212.8869235628554,2.4018271053015208,31.875,29.562,2025-10-26 13:54:03
166.9,3.4,551.1,149.3,4.4,666.2,1140.2,59.98,212.1,5.4,4.5,1367.9,36.1,2.7,2.0,0,504.9851094134404,1933.0385344283006,3.8279119490742985,32.0,29.687,2025-10-26 13:54:18
166.9,3.4,556.5,152.2,4.4,673.1,1149.0,60,212,5.4,4.5,1367.9,36.1,2.7,2.0,0,504.9851094134404,3752.3689197725835,7.4306526070265795,32.125,29.812,2025-10-26 13:54:33
166.5,3.4,551.9,152.1,4.4,671.4,1140.9,59.99,212,5.3,4.5,1367.9,36.2,2.7,2.0,0,504.9851094134404,5268.477574226153,10.43293648865348,32.375,30.0,2025-10-26 13:54:48
165.6,3.3,541.1,152.3,4.3,656.8,1125.1,60.02,212.1,5.2,4.5,1367.9,36.3,2.7,2.0,0,504.9851094134404,3449.14718888187,6.8301958307012,32.5,30.25,2025-10-26 13:55:03
168.3,3.3,524.3,151.3,4.3,647.4,1091.5,60.02,212,5.2,4.5,1367.9,36.4,2.7,2.0,0,504.9851094134404,2653.190145293746,5.253996792847077,32.687,30.437,2025-10-26 13:55:18
166.1,3.2,535.3,153,4.2,642.3,1101.6,59.98,212,5.1,4.5,1367.9,36.5,2.7,2.1,0,504.9851094134404,2274.1629816803534,4.5034258224403505,32.812,30.625,2025-10-26 13:55:33
169.4,3.2,506.7,152.2,4.1,625.0,1055.6,59.98,212,5.1,4.5,1367.9,36.6,2.7,2.1,0,466.14010099702193,3259.6336070751736,6.99281954095599,32.937,30.75,2025-10-26 13:55:48
164.1,3.2,524.9,149.7,4.1,620.0,1066.2,59.99,212,5,4.5,1367.9,36.7,2.7,2.1,0,466.14010099702193,2160.454832596336,4.634775742261528,33.062,30.812,2025-10-26 13:56:03
169.3,3.2,485.2,155.1,4,616.9,1030.5,59.98,211.9,5,4.5,1367.9,36.8,2.7,2.1,0,466.14010099702193,4510.423246999368,9.67611076016003,33.187,30.875,2025-10-26 13:56:18
165,3.2,529.0,153.7,4.2,637.8,1089.0,60.05,212,5.1,4.5,1367.9,36.8,2.7,2.1,0,466.14010099702193,4207.201516108655,9.025615919140872,33.312,30.937,2025-10-26 13:56:33
169,3.1,515.1,153.7,4.2,630.4,1043.3,60.04,211.7,5.1,4.5,1367.9,36.9,2.7,2.1,0,466.14010099702193,5495.893872394188,11.790218993472308,33.437,30.937,2025-10-26 13:56:48
163.7,3.1,523.5,150.7,4.1,629.5,1075.9,59.99,211.6,5,4.5,1367.9,37,2.7,2.1,0,466.14010099702193,5912.8237523689195,12.684649399873656,33.562,30.937,2025-10-26 13:57:03
169.2,2.8,489.6,150.6,4,624.1,1042.2,59.97,211.2,4.9,4.5,1367.9,37,2.7,2.1,0,466.14010099702193,1440.3032217308908,3.089850494841019,33.687,30.937,2025-10-26 13:57:18
164.5,3.1,507.0,153.7,4,607.6,1041.2,60,211.2,4.9,4.5,1367.9,37,2.7,2.1,0,466.14010099702193,1933.0385344283006,4.146904611497157,33.687,30.812,2025-10-26 13:57:33
168.1,2.7,503.2,153.7,4,616.2,1047.7,60.04,211.2,4.8,4.5,1367.9,37,2.7,2.1,0,466.14010099702193,1895.1358180669613,4.065592756369761,33.5,30.625,2025-10-26 13:57:48
163.9,3.1,502.3,153.3,3.9,601.7,1030.5,60.03,211.2,4.8,4.5,1367.9,36.9,2.7,2.1,0,466.14010099702193,4434.61781427669,9.513487049905244,33.5,30.5,2025-10-26 13:58:03
166.7,3,494.8,150.8,3.9,585.9,1008.8,59.99,211.1,4.7,4.5,1367.9,36.8,2.7,2.1,0,427.2950925806034,3790.2716361339226,8.870384195715843,33.437,30.5,2025-10-26 13:58:18
164.2,2.9,486.5,150.8,3.8,577.7,993.8,59.99,211.2,4.6,4.6,1368.0,36.8,2.7,2.1,0,427.2950925806034,4889.450410612761,11.44279561247344,33.5,30.437,2025-10-26 13:58:33
166.6,2.9,487.1,151.5,3.7,576.9,993.5,59.98,211.2,4.6,4.6,1368.0,36.8,2.7,2.1,0,427.2950925806034,2274.1629816803534,5.322230517429506,33.5,30.375,2025-10-26 13:58:48
164.2,3,489.7,155.1,3.7,576.6,996.5,59.96,211,4.6,4.6,1368.0,36.8,2.7,2.1,0,427.2950925806034,3752.3689197725835,8.781680353758684,33.375,30.25,2025-10-26 13:59:03
160.7,3,486.6,156.7,3.9,584.7,1000.3,60.03,211.1,4.8,4.6,1368.0,36.6,2.7,2.1,0,466.14010099702193,4586.228679722047,9.838734470414822,33.375,30.187,2025-10-26 13:59:18
166.7,2.8,502.0,153.7,4,602.5,1032.6,60.03,211.1,4.6,4.6,1368.0,36.6,2.7,2.1,0,466.14010099702193,2463.67656348705,5.28527058328069,33.5,30.187,2025-10-26 13:59:33
163.8,2.9,492.1,150.8,3.8,589.8,1010.8,60.01,211.2,4.7,4.6,1368.0,36.6,2.7,2.1,0,427.2950925806034,2501.579279848389,5.854453569172457,33.562,30.25,2025-10-26 13:59:48
166.1,2.9,481.9,150.7,3.8,574.0,986.7,59.95,211.3,4.6,4.6,1368.0,36.6,2.7,2.1,0,427.2950925806034,2008.843967150979,4.701303623729397,33.562,30.312,2025-10-26 14:00:03
164.1,2.8,461.0,151.1,3.6,543.7,939.1,59.99,211.1,4.3,4.6,1368.0,36.6,2.7,2.1,0,427.2950925806034,5154.769425142135,12.063722506173548,33.562,30.312,2025-10-26 14:00:18
163.6,2.5,412.2,153.8,2.9,455.8,811.6,59.97,210.8,3.8,4.6,1368.0,36.6,2.7,2.1,0,349.6050757477664,4283.006948831333,12.250986172527549,33.625,30.375,2025-10-26 14:00:33
163.7,2.5,402.3,150.6,2.9,434.9,782.4,60,210.4,3.7,4.6,1368.0,36.6,2.7,2.1,0,349.6050757477664,1591.9140871762477,4.553463887134133,33.625,30.375,2025-10-26 14:00:48
166,2.4,385.2,152.8,2.8,422.9,762.4,60,210.4,3.6,4.6,1368.0,36.6,2.7,2.1,0,349.6050757477664,2274.1629816803534,6.504948410191618,33.625,30.437,2025-10-26 14:01:03
162.3,2.3,371.0,152,2.5,392.0,712.8,60,210.4,3.4,4.6,1368.0,36.7,2.7,2.1,0,310.76006733134795,5041.061276058118,16.22171509791535,33.562,30.5,2025-10-26 14:01:18
165.9,2.2,351.8,154.9,2.5,375.9,681.3,60.02,210.3,3.3,4.6,1368.0,36.7,2.7,2.1,0,310.76006733134795,3145.925457991156,10.123325963360706,33.5,30.437,2025-10-26 14:01:33
160.7,2.2,356.8,151.3,2.5,374.4,685.4,60.02,210.4,3.3,4.6,1368.0,36.8,2.7,2.1,0,310.76006733134795,1212.8869235628554,3.902969046114971,33.437,30.375,2025-10-26 14:01:48
166.6,2.1,340.2,150.7,2.3,358.1,650.7,60.01,210.3,3.1,4.6,1368.0,36.8,2.7,2.1,0,310.76006733134795,5950.7264687302595,19.14894188250158,33.5,30.375,2025-10-26 14:02:03
160.7,2.1,339.7,153.6,2.3,344.1,639.9,60.01,210.4,3,4.6,1368.0,36.8,2.7,2.1,0,271.91505891492943,5420.088439671509,19.933020485515744,33.437,30.25,2025-10-26 14:02:18
166.3,2,325.1,153.6,2.1,334.7,617.9,60.01,210.3,3,4.6,1368.0,36.9,2.7,2.1,0,271.91505891492943,4624.131396083386,17.00579370092952,33.375,30.062,2025-10-26 14:02:33
160.8,2,330.1,150.8,2.1,323.6,609.3,60.01,210.3,2.9,4.6,1368.0,36.8,2.7,2.1,0,271.91505891492943,1895.1358180669613,6.969587582348163,33.312,29.812,2025-10-26 14:02:48
166.6,1.9,321.1,153.7,2.1,316.3,597.5,59.99,210.2,2.8,4.6,1368.0,36.7,2.7,2.1,0,271.91505891492943,4283.006948831333,15.75126793610685,33.187,29.687,2025-10-26 14:03:03
160.8,1.9,318.2,150.6,2,309.0,586.0,60,210.4,2.8,4.6,1368.0,36.6,2.7,2.1,0,271.91505891492943,3600.758054327227,13.24221640646151,33.062,29.562,2025-10-26 14:03:18
164.9,1.9,317.2,153.7,2,305.3,577.6,60.01,210.3,2.7,4.6,1368.0,36.6,2.7,2.1,0,271.91505891492943,5306.380290587492,19.514845230574856,32.937,29.5,2025-10-26 14:03:33
163.7,1.9,313.9,151.8,2,301.4,575.5,60.02,210.4,2.7,4.6,1368.0,36.6,2.7,2.1,0,271.91505891492943,3676.563487049905,13.520999909755435,32.75,29.375,2025-10-26 14:03:48
166.2,1.9,312.7,153.2,1.9,300.2,573.0,59.98,210.4,2.7,4.6,1368.0,36.6,2.7,2.1,0,271.91505891492943,4965.255843335439,18.260319465752186,32.5,29.125,2025-10-26 14:04:03
166.7,1.5,309.9,156.2,1.9,303.5,576.1,60.01,210.4,2.5,4.6,1368.0,36.6,2.7,2.1,0,271.91505891492943,2046.7466835123184,7.527154588936017,32.437,28.875,2025-10-26 14:04:18
166.7,1.9,314.6,153.8,2.1,316.3,588.5,60.02,210.8,2.8,4.6,1368.0,36.7,2.7,2.1,0,271.91505891492943,5268.477574226153,19.375453478927895,32.312,28.625,2025-10-26 14:04:33
164.3,2,327.6,152.4,2.1,332.8,618.4,60,210.8,2.9,4.6,1368.0,36.7,2.7,2.1,0,271.91505891492943,4586.228679722047,16.866401949282555,32.062,28.437,2025-10-26 14:04:48
169.3,2,304.3,152.8,2.2,339.2,602.5,60.01,210.8,2.9,4.6,1368.0,36.7,2.7,2.1,0,271.91505891492943,1174.984207201516,4.3211443010558614,31.562,28.187,2025-10-26 14:05:03
163.2,2,331.6,155.1,2.2,336.4,623.7,60,210.9,2.9,4.6,1368.0,36.7,2.7,2.1,0,271.91505891492943,1288.6923562855338,4.739319555996751,31.437,28.0,2025-10-26 14:05:18
169.4,2,317.5,152.3,2.2,336.7,614.5,59.98,210.8,2.9,4.6,1368.0,36.8,2.7,2.1,0,271.91505891492943,5154.769425142135,18.957278223987004,31.312,27.812,2025-10-26 14:05:33
163.7,1.9,321.2,152.2,2.1,326.5,605.0,60.02,210.9,2.8,4.6,1368.0,36.7,2.7,2.1,0,271.91505891492943,5495.893872394188,20.211803988809674,31.0,27.687,2025-10-26 14:05:48
167.8,1.6,296.6,152.2,2,310.0,569.6,60.04,211,2.6,4.6,1368.0,36.7,2.7,2.1,0,271.91505891492943,3411.2444725205305,12.545257648226693,30.875,27.625,2025-10-26 14:06:03
164.3,1.9,313.7,152.9,2,306.0,578.1,60.06,211.1,2.7,4.6,1368.0,36.8,2.7,2.1,0,271.91505891492943,4358.812381554011,16.030051439400776,30.687,27.562,2025-10-26 14:06:18
168.7,1.6,309.0,149.2,2,302.2,571.8,60.06,211.1,2.5,4.6,1368.0,36.8,2.7,2.1,0,271.91505891492943,2956.4118761844597,10.872556628463135,30.312,27.375,2025-10-26 14:06:33
163.8,1.9,310.2,149.3,2,303.0,572.7,60.05,211,2.7,4.7,1368.1,36.8,2.8,2.1,0,271.91505891492943,5116.866708780796,18.817886472340042,30.125,27.125,2025-10-26 14:06:48
167,1.7,312.9,151.7,2,306.6,567.9,60.03,210.8,2.5,4.7,1368.1,36.9,2.8,2.1,0,271.91505891492943,2387.871130764371,8.781680353758684,30.0,26.937,2025-10-26 14:07:03
165.2,1.9,310.6,155.1,1.9,304.9,575.8,60.03,210.8,2.7,4.7,1368.1,36.9,2.8,2.1,0,271.91505891492943,5230.574857864814,19.23606172728093,29.812,26.812,2025-10-26 14:07:18
167.8,1.7,308.4,153.9,1.9,301.6,570.7,60.01,210.7,2.6,4.7,1368.1,36.9,2.8,2.1,0,271.91505891492943,4017.687934301958,14.775525674578105,29.437,26.625,2025-10-26 14:07:33
166.7,1.8,306.0,158.2,1.9,293.5,562.0,60.02,210.8,2.6,4.7,1368.1,36.9,2.8,2.1,0,271.91505891492943,1591.9140871762477,5.854453569172458,29.125,26.437,2025-10-26 14:07:48
166.6,1.8,304.8,155.1,1.9,299.3,565.4,60.01,210.7,2.6,4.7,1368.1,36.9,2.8,2.1,0,271.91505891492943,2008.843967150979,7.387762837289053,29.0,26.312,2025-10-26 14:08:03
166.8,1.8,304.3,152.2,1.9,296.6,561.4,60,210.7,2.6,4.7,1368.1,36.9,2.8,2.1,0,271.91505891492943,1478.2059380922299,5.436278314231568,28.812,26.125,2025-10-26 14:08:18
166.8,1.8,303.8,155.5,1.9,300.7,565.9,59.95,210.4,2.6,4.7,1368.1,36.8,2.8,2.1,0,233.07005049851097,2880.6064434617815,12.359401979364076,28.75,26.187,2025-10-26 14:08:33
166.7,1.8,304.5,155.1,1.9,303.6,569.1,59.96,210.4,2.6,4.7,1368.1,36.8,2.8,2.1,0,271.91505891492943,1440.3032217308908,5.296886562584604,28.937,26.25,2025-10-26 14:08:48
166.7,1.8,307.8,155.3,2,309.7,577.3,59.96,210.6,2.7,4.7,1368.1,36.8,2.8,2.1,0,271.91505891492943,4965.255843335439,18.260319465752186,28.937,26.312,2025-10-26 14:09:03
166.7,1.8,311.0,158.2,1.9,313.3,584.3,59.96,210.8,2.7,4.7,1368.1,36.8,2.8,2.1,0,271.91505891492943,1288.6923562855338,4.739319555996751,28.875,26.312,2025-10-26 14:09:18
166.7,1.8,310.9,154.1,2,315.9,586.8,59.98,210.7,2.8,4.7,1368.1,36.8,2.8,2.2,0,271.91505891492943,5495.893872394188,20.211803988809674,28.875,26.437,2025-10-26 14:09:33
166.7,1.8,310.8,156.5,2,320.2,592.2,59.99,210.8,2.7,4.7,1368.1,36.8,2.8,2.2,0,271.91505891492943,1212.8869235628554,4.460536052702825,29.125,26.562,2025-10-26 14:09:48
166.6,1.8,310.2,153,2.1,320.7,591.5,59.99,210.9,2.7,4.7,1368.1,36.8,2.8,2.2,0,271.91505891492943,1061.2760581174985,3.9029690461149715,29.25,26.625,2025-10-26 14:10:03
166.9,1.9,312.3,157.1,2,324.3,596.4,60.01,210.9,2.7,4.7,1368.1,36.8,2.8,2.2,0,271.91505891492943,5003.158559696778,18.39971121739915,29.187,26.75,2025-10-26 14:10:18
163.7,1.9,322.2,149.3,2.3,345.9,624.5,60.03,210.9,2.9,4.7,1368.1,36.8,2.8,2.2,0,271.91505891492943,1364.4977890082123,5.018103059290678,29.312,26.812,2025-10-26 14:10:33
169.4,2,324.6,153.9,2.3,362.3,642.8,60.02,210.7,3.1,4.7,1368.1,36.8,2.8,2.2,0,271.91505891492943,3032.217308907138,11.15134013175706,29.312,26.875,2025-10-26 14:10:48
166.1,2,333.5,154.1,2.3,370.2,657.8,60.01,210.7,3.1,4.7,1368.1,36.8,2.8,2.2,0,271.91505891492943,4737.839545167403,17.423968955870407,29.25,26.937,2025-10-26 14:11:03
166.7,1.9,327.1,153.6,2.2,358.0,639.7,60.02,210.6,3,4.7,1368.1,36.8,2.8,2.2,0,271.91505891492943,4283.006948831333,15.75126793610685,29.312,26.875,2025-10-26 14:11:18
166.7,1.9,316.1,156.6,2.2,337.1,611.8,60.02,210.3,2.8,4.7,1368.1,36.8,2.8,2.2,0,271.91505891492943,4889.450410612761,17.981535962458263,29.312,26.687,2025-10-26 14:11:33
166.6,1.8,307.0,153.4,2,321.4,588.0,59.98,210.4,2.7,4.7,1368.1,36.8,2.8,2.2,0,271.91505891492943,4548.325963360707,16.72701019763559,29.437,26.625,2025-10-26 14:11:48
166.6,1.8,301.5,153.8,2,312.6,575.6,59.99,210.5,2.7,4.7,1368.1,36.8,2.8,2.2,0,233.07005049851097,1212.8869235628554,5.203958728153295,29.375,26.687,2025-10-26 14:12:03
166.7,1.8,298.6,153.8,2,306.1,564.9,60,210.5,2.7,4.7,1368.1,36.8,2.8,2.2,0,233.07005049851097,1402.4005053695514,6.017077279427247,29.312,26.812,2025-10-26 14:12:18
166.4,1.7,294.0,156,1.9,297.7,554.9,60.03,210.6,2.6,4.7,1368.1,36.8,2.8,2.2,0,233.07005049851097,3145.925457991156,13.497767951147608,29.187,26.625,2025-10-26 14:12:33
166.6,1.7,288.8,154.1,1.9,291.4,543.8,59.96,210.6,2.5,4.7,1368.1,36.7,2.8,2.2,0,233.07005049851097,1212.8869235628554,5.203958728153295,29.062,26.562,2025-10-26 14:12:48
166.9,1.7,285.2,153.7,1.8,286.6,535.3,60,210.6,2.5,4.7,1368.1,36.6,2.8,2.2,0,233.07005049851097,2160.454832596336,9.269551484523056,29.062,26.5,2025-10-26 14:13:03
166.6,1.7,282.5,156.1,1.8,280.3,528.5,60,210.5,2.4,4.7,1368.1,36.6,2.8,2.2,0,233.07005049851097,1440.3032217308908,6.179700989682038,29.125,26.5,2025-10-26 14:13:18
166.7,1.6,279.0,154.4,1.7,277.7,521.6,59.99,210.5,2.5,4.7,1368.1,36.5,2.8,2.2,0,233.07005049851097,3183.8281743524954,13.6603916614024,29.187,26.5,2025-10-26 14:13:33
167,1.6,276.0,156.9,1.7,274.1,517.6,60.01,210.5,2.4,4.7,1368.1,36.5,2.8,2.2,0,233.07005049851097,4510.423246999368,19.35222152032006,29.125,26.562,2025-10-26 14:13:48
166.4,1.6,273.4,160,1.7,270.0,511.0,59.96,210.3,2.5,4.7,1368.1,36.5,2.8,2.2,0,233.07005049851097,3941.8825015792795,16.91286586649821,29.0,26.625,2025-10-26 14:14:03
166.6,1.7,278.7,160.1,1.7,275.3,521.0,59.97,210.3,2.5,4.7,1368.1,36.5,2.8,2.2,0,233.07005049851097,1516.108654453569,6.504948410191618,29.062,26.625,2025-10-26 14:14:18
168.2,1.7,278.5,156.6,1.8,284.5,528.0,59.98,210.2,2.4,4.7,1368.1,36.5,2.8,2.2,0,233.07005049851097,4775.742261528742,20.490587492103597,29.0,26.625,2025-10-26 14:14:33
166.1,1.6,275.0,156,1.8,284.3,525.2,60,210.3,2.5,4.7,1368.1,36.4,2.8,2.2,0,233.07005049851097,3524.9526216045483,15.124005053695512,28.937,26.75,2025-10-26 14:14:48
167.3,1.6,268.9,156.2,1.7,279.9,514.3,60.03,210.3,2.4,4.7,1368.1,36.4,2.8,2.2,0,233.07005049851097,5533.796588755527,23.74306169719941,28.937,26.812,2025-10-26 14:15:03
166.6,1.6,270.2,153.7,1.8,273.7,510.4,59.95,210.6,2.4,4.7,1368.1,36.4,2.8,2.2,0,233.07005049851097,4851.5476942514215,20.81583491261318,29.0,26.812,2025-10-26 14:15:18
169.3,1.6,259.2,153.2,1.8,272.4,501.8,59.99,210.6,2.4,4.7,1368.1,36.4,2.8,2.2,0,233.07005049851097,1591.9140871762477,6.8301958307012,28.937,26.812,2025-10-26 14:15:33
164.5,1.6,267.1,153.8,1.8,272.1,505.5,60.03,210.6,2.4,4.7,1368.1,36.4,2.8,2.2,0,233.07005049851097,3373.3417561591914,14.473510212676352,28.937,26.812,2025-10-26 14:15:48
168.5,1.6,260.3,156.5,1.7,272.2,499.9,59.96,210.4,2.4,4.7,1368.1,36.4,2.8,2.2,0,233.07005049851097,1250.7896399241945,5.366582438408085,28.937,26.812,2025-10-26 14:16:03
163.7,1.6,270.0,153.6,1.8,278.7,512.4,59.98,210.4,2.4,4.7,1368.1,36.4,2.8,2.2,0,233.07005049851097,4927.3531269741,21.14108233312276,28.937,26.812,2025-10-26 14:16:18
169.6,1.6,266.1,150.6,1.8,275.2,504.6,59.97,210.3,2.4,4.7,1368.1,36.4,2.8,2.2,0,233.07005049851097,2728.9955780164246,11.708907138344914,28.875,26.812,2025-10-26 14:16:33
163.9,1.6,268.0,153.8,1.7,277.8,511.9,59.98,210.4,2.4,4.7,1368.1,36.4,2.8,2.2,0,233.07005049851097,2349.968414403032,10.082670035797008,28.937,26.875,2025-10-26 14:16:48
168.5,1.5,262.4,156.6,1.8,278.1,507.8,59.99,210.5,2.4,4.7,1368.1,36.4,2.8,2.2,0,233.07005049851097,5420.088439671509,23.255190566435033,29.062,26.875,2025-10-26 14:17:03
164.2,1.6,271.9,153.7,1.8,284.1,521.0,59.97,210.5,2.4,4.7,1368.1,36.4,2.8,2.2,0,233.07005049851097,1591.9140871762477,6.8301958307012,29.062,26.937,2025-10-26 14:17:18
169,1.5,272.4,153.3,1.8,282.0,517.2,60.01,210.6,2.5,4.7,1368.1,36.4,2.8,2.2,0,233.07005049851097,5192.672141503474,22.279448304906293,29.062,27.062,2025-10-26 14:17:33
163.3,1.6,269.6,156.7,1.8,283.5,519.0,60.04,210.4,2.4,4.8,1368.2,36.4,2.8,2.2,0,233.07005049851097,1137.0814908401767,4.878711307643713,29.0,27.125,2025-10-26 14:17:48
167.3,1.5,271.8,152.7,1.8,281.1,511.4,60.02,210.4,2.4,4.8,1368.2,36.4,2.8,2.2,0,233.07005049851097,4624.131396083386,19.840092651084436,28.937,27.25,2025-10-26 14:18:03
165.5,1.6,269.4,154.6,1.8,283.9,518.7,59.98,210.5,2.4,4.8,1368.2,36.4,2.8,2.2,0,233.07005049851097,1933.0385344283006,8.293809222994314,28.937,27.312,2025-10-26 14:18:18
167.8,1.5,267.8,152,1.8,282.1,515.3,59.97,210.4,2.3,4.8,1368.2,36.4,2.8,2.2,0,233.07005049851097,1364.4977890082123,5.854453569172457,28.937,27.312,2025-10-26 14:18:33
166.8,1.6,265.6,155.6,1.7,280.4,511.7,59.96,210.3,2.4,4.8,1368.2,36.4,2.8,2.2,0,233.07005049851097,3562.855337965888,15.286628763950304,28.937,27.375,2025-10-26 14:18:48
166.7,1.5,265.2,153.7,1.8,279.4,509.8,59.97,210.6,2.3,4.8,1368.2,36.4,2.8,2.2,0,233.07005049851097,3714.466203411244,15.937123604969463,28.937,27.437,2025-10-26 14:19:03
166.6,1.6,263.8,153.7,1.7,278.0,507.2,59.98,210.5,2.3,4.8,1368.2,36.4,2.8,2.2,0,233.07005049851097,2615.287428932407,11.221036007580542,29.0,27.5,2025-10-26 14:19:18
166.8,1.5,262.0,153.6,1.8,277.2,505.3,59.96,210.4,2.2,4.8,1368.2,36.4,2.8,2.2,0,233.07005049851097,1137.0814908401767,4.878711307643713,29.062,27.562,2025-10-26 14:19:33
166.8,1.5,261.0,153.8,1.7,276.0,503.0,59.97,210.6,2.3,4.8,1368.2,36.4,2.8,2.2,0,233.07005049851097,5685.407454200884,24.39355653821857,29.062,27.625,2025-10-26 14:19:48
166.8,1.5,259.5,153.7,1.8,275.3,500.7,60,210.7,2.3,4.8,1368.2,36.3,2.8,2.2,0,233.07005049851097,5003.158559696778,21.46632975363234,29.0,27.687,2025-10-26 14:20:03
166.7,1.5,258.3,153.7,1.8,275.5,499.6,59.99,210.7,2.3,4.8,1368.2,36.3,2.8,2.2,0,194.22504208209244,1061.2760581174985,5.464156664560961,29.0,27.625,2025-10-26 14:20:18
166.8,1.5,257.8,153.8,1.8,274.2,498.5,60.02,210.7,2.3,4.8,1368.2,36.3,2.8,2.2,0,194.22504208209244,1212.8869235628554,6.244750473783955,29.062,27.625,2025-10-26 14:20:33
166.7,1.5,256.6,153.8,1.8,273.9,497.0,60.03,210.6,2.3,4.8,1368.2,36.3,2.8,2.2,0,233.07005049851097,5799.115603284902,24.88142766898294,29.125,27.562,2025-10-26 14:20:48
165.6,1.5,252.4,153.6,1.8,272.5,491.4,60.01,210.6,2.3,4.8,1368.2,36.3,2.8,2.2,0,194.22504208209244,4131.3960833859755,21.271181301326592,29.062,27.5,2025-10-26 14:21:03
169.6,1.5,240.0,153.7,1.7,271.5,481.4,59.99,210.4,2.3,4.8,1368.2,36.3,2.8,2.2,0,194.22504208209244,5154.769425142135,26.540189513581808,29.062,27.5,2025-10-26 14:21:18
163.9,1.5,249.9,153.5,1.7,268.4,486.4,60.03,210.6,2.3,4.8,1368.2,36.3,2.8,2.2,0,194.22504208209244,1250.7896399241945,6.439898926089703,29.0,27.437,2025-10-26 14:21:33
166.6,1.4,252.4,153.6,1.7,270.8,491.4,60.03,210.5,2.2,4.8,1368.2,36.3,2.8,2.2,0,194.22504208209244,5761.212886923563,29.662564750473788,28.875,27.375,2025-10-26 14:21:48
165.8,1.5,251.8,156.5,1.8,265.6,486.0,60.03,210.5,2.2,4.8,1368.2,36.2,2.8,2.2,0,194.22504208209244,3183.8281743524954,16.39246999368288,28.75,27.375,2025-10-26 14:22:03
163.7,1.5,248.9,153.8,1.8,271.3,488.8,60.01,210.2,2.3,4.8,1368.2,36.2,2.8,2.2,0,194.22504208209244,3108.0227416298167,16.002173089071384,28.75,27.375,2025-10-26 14:22:18
166.7,1.5,252.1,150.6,1.8,270.5,489.3,60,210.2,2.2,4.8,1368.2,36.2,2.8,2.2,0,194.22504208209244,1516.108654453569,7.805938092229942,28.812,27.375,2025-10-26 14:22:33
166.8,1.5,249.2,153.8,1.8,275.9,492.1,60.01,210.1,2.3,4.8,1368.2,36.3,2.8,2.2,0,194.22504208209244,1819.330385344283,9.367125710675932,28.812,27.375,2025-10-26 14:22:48
165.4,1.5,253.7,153.6,1.8,277.8,495.8,59.95,210,2.3,4.8,1368.2,36.3,2.8,2.2,0,194.22504208209244,1970.9412507896398,10.147719519898926,28.625,27.312,2025-10-26 14:23:03
165.5,1.5,252.3,152,1.8,281.3,499.6,59.98,210,2.3,4.8,1368.2,36.3,2.8,2.2,0,233.07005049851097,4737.839545167403,20.327963781848805,28.625,27.25,2025-10-26 14:23:18
168.6,1.4,255.0,153,1.8,282.7,502.9,60.01,210.1,2.3,4.8,1368.2,36.3,2.8,2.2,0,233.07005049851097,4548.325963360707,19.514845230574853,28.625,27.187,2025-10-26 14:23:33
166.6,1.5,257.5,156.4,1.8,287.4,510.3,60.01,210.2,2.4,4.8,1368.2,36.3,2.8,2.2,0,233.07005049851097,2918.5091598231206,12.522025689618866,28.625,27.187,2025-10-26 14:23:48
163.7,1.5,254.8,153.7,1.9,291.3,512.9,60.01,210.2,2.4,4.8,1368.2,36.3,2.8,2.2,0,233.07005049851097,1212.8869235628554,5.203958728153295,28.625,27.187,2025-10-26 14:24:03
166.9,1.5,258.8,150.7,1.9,292.2,515.2,60.01,210.2,2.4,4.8,1368.2,36.3,2.8,2.2,0,233.07005049851097,3411.2444725205305,14.63613392293114,28.625,27.187,2025-10-26 14:24:18
166.8,1.5,259.7,153.8,1.9,298.0,522.1,59.99,210.1,2.4,4.8,1368.2,36.3,2.8,2.2,0,233.07005049851097,2463.67656348705,10.57054116656138,28.625,27.187,2025-10-26 14:24:33
163.5,1.5,258.4,156.7,1.9,296.1,519.2,60.01,210.1,2.5,4.8,1368.2,36.3,2.8,2.2,0,233.07005049851097,1970.9412507896398,8.456432933249104,28.625,27.25,2025-10-26 14:24:48
166.8,1.5,260.2,153.7,2,303.4,527.2,60.04,210.3,2.5,4.8,1368.2,36.3,2.8,2.2,0,233.07005049851097,5495.893872394188,23.580437986944617,28.687,27.312,2025-10-26 14:25:03
169.6,1.5,254.0,150.7,1.9,302.4,520.6,60.04,210.5,2.5,4.8,1368.2,36.3,2.8,2.2,0,233.07005049851097,2804.801010739103,12.034154558854494,28.812,27.312,2025-10-26 14:25:18
166.7,1.5,261.2,153.7,1.9,308.2,532.6,60.04,210.5,2.5,4.8,1368.2,36.3,2.8,2.2,0,233.07005049851097,5837.018319646241,25.044051379237732,28.812,27.375,2025-10-26 14:25:33
163.7,1.6,259.4,154.6,2,304.7,528.9,60.03,210.7,2.5,4.8,1368.2,36.2,2.8,2.2,0,233.07005049851097,2425.7738471257107,10.40791745630659,28.812,27.5,2025-10-26 14:25:48
166.8,1.6,263.3,150.9,2,308.5,534.1,60.04,210.8,2.4,4.8,1368.2,36.2,2.8,2.2,0,233.07005049851097,3941.8825015792795,16.91286586649821,28.875,27.625,2025-10-26 14:26:03
166.9,1.6,262.1,153.8,2,307.9,532.7,60.03,210.7,2.5,4.8,1368.2,36.3,2.8,2.2,0,233.07005049851097,5609.602021478206,24.06830911770899,29.0,27.687,2025-10-26 14:26:18
164.2,1.6,264.3,156.1,2,308.9,539.6,60.04,210.7,2.6,4.8,1368.2,36.3,2.8,2.2,0,233.07005049851097,2387.871130764371,10.245293746051798,29.062,27.687,2025-10-26 14:26:33
167.4,1.5,269.5,152.5,2,311.8,543.5,60.04,210.7,2.5,4.8,1368.2,36.3,2.8,2.2,0,233.07005049851097,5533.796588755527,23.74306169719941,29.062,27.75,2025-10-26 14:26:48
166.7,1.6,270.9,152.4,2,309.5,542.2,60.02,210.6,2.5,4.8,1368.2,36.3,2.8,2.2,0,233.07005049851097,1970.9412507896398,8.456432933249104,29.0,27.812,2025-10-26 14:27:03
163.6,1.6,269.7,155.7,1.9,311.8,544.7,60.04,210.6,2.6,4.8,1368.2,36.3,2.8,2.2,0,233.07005049851097,3070.1200252684775,13.172520530638028,29.125,27.875,2025-10-26 14:27:18
166.8,1.5,273.9,153.7,2,314.4,551.8,60.01,210.6,2.5,4.8,1368.2,36.3,2.8,2.2,0,233.07005049851097,2160.454832596336,9.269551484523056,29.125,27.875,2025-10-26 14:27:33
166.6,1.6,274.8,150.6,2.1,315.9,553.1,60,210.7,2.6,4.8,1368.2,36.4,2.8,2.2,0,233.07005049851097,1402.4005053695514,6.017077279427247,29.062,27.875,2025-10-26 14:27:48
166.6,1.6,278.0,153.6,2.1,320.7,561.8,59.96,210.9,2.7,4.8,1368.2,36.4,2.8,2.2,0,233.07005049851097,4813.644977890082,20.65321120235839,29.062,27.875,2025-10-26 14:28:03
167.3,1.7,266.6,156.1,2.1,323.6,563.6,60.01,210.9,2.7,4.8,1368.2,36.4,2.8,2.2,0,233.07005049851097,5533.796588755527,23.74306169719941,29.062,27.875,2025-10-26 14:28:18
163.7,1.7,280.8,153.7,2.2,331.7,574.6,60.04,211,2.7,4.8,1368.2,36.4,2.9,2.2,0,271.91505891492943,5382.18572331017,19.793628733868783,29.062,27.875,2025-10-26 14:28:33
166.7,1.7,289.4,153.8,2.2,342.8,594.0,60.03,210.9,2.8,4.8,1368.2,36.4,2.9,2.2,0,271.91505891492943,1819.330385344283,6.690804079054237,29.062,28.0,2025-10-26 14:28:48
166.7,1.7,290.7,156.1,2.2,342.9,594.0,60.01,211,2.8,4.8,1368.2,36.4,2.9,2.2,0,271.91505891492943,5495.893872394188,20.211803988809674,29.062,28.125,2025-10-26 14:29:03
165.4,1.7,286.2,153.8,2.2,344.4,592.4,60,211,2.8,4.9,1368.3,36.5,2.9,2.2,0,271.91505891492943,5268.477574226153,19.375453478927895,29.187,28.312,2025-10-26 14:29:18
168.1,1.7,270.5,150.8,2.3,346.1,577.8,60.02,210.9,2.8,4.9,1368.3,36.5,2.9,2.2,0,271.91505891492943,5078.963992419457,18.67849472069308,29.312,28.437,2025-10-26 14:29:33
163.7,1.7,284.4,153.7,2.2,339.3,585.6,60.01,210.8,2.7,4.9,1368.3,36.5,2.9,2.3,0,233.07005049851097,2236.2602653190143,9.594798905032636,29.312,28.5,2025-10-26 14:29:48
169.5,1.7,263.5,150.7,2.1,329.6,551.5,60.01,210.7,2.7,4.9,1368.3,36.5,2.9,2.3,0,233.07005049851097,1212.8869235628554,5.203958728153295,29.375,28.562,2025-10-26 14:30:03
163.7,1.7,277.9,156.6,2.1,322.5,563.3,59.99,210.8,2.7,4.9,1368.3,36.5,2.9,2.3,0,233.07005049851097,3297.5363234365127,14.148262792166769,29.25,28.375,2025-10-26 14:30:18
169.2,1.7,250.6,150.6,2.1,321.6,536.9,60,210.8,2.7,4.9,1368.3,36.5,2.9,2.3,0,233.07005049851097,3297.5363234365127,14.148262792166769,29.125,28.312,2025-10-26 14:30:33
163.7,1.6,275.6,153.7,2.1,320.2,557.6,60.02,210.8,2.6,4.9,1368.3,36.5,2.9,2.3,0,233.07005049851097,3411.2444725205305,14.63613392293114,29.187,28.312,2025-10-26 14:30:48
169.3,1.4,257.3,156.8,2.1,315.5,539.9,60.04,210.8,2.6,4.9,1368.3,36.5,2.9,2.3,0,233.07005049851097,1629.8168035375868,6.99281954095599,29.25,28.375,2025-10-26 14:31:03
163.9,1.6,272.3,153.7,2.1,319.3,554.8,60.01,210.6,2.6,4.9,1368.3,36.5,2.9,2.3,0,233.07005049851097,3828.1743524952617,16.424994735733836,29.187,28.375,2025-10-26 14:31:18
167.7,1.4,275.6,150.7,2.1,317.2,531.5,60.02,210.5,2.5,4.9,1368.3,36.5,2.9,2.3,0,233.07005049851097,4927.3531269741,21.14108233312276,29.125,28.312,2025-10-26 14:31:33
164.6,1.6,271.2,155.5,1.9,313.8,548.9,60.02,210.5,2.6,4.9,1368.3,36.5,2.9,2.3,0,233.07005049851097,1174.984207201516,5.041335017898504,29.125,28.375,2025-10-26 14:31:48
168.4,1.3,264.9,151.2,2,309.8,538.2,60.03,210.5,2.4,4.9,1368.3,36.5,2.9,2.3,0,233.07005049851097,1099.1787744788378,4.716087597388924,29.125,28.312,2025-10-26 14:32:03
163.6,1.6,266.5,153.8,2,307.1,537.3,60.02,210.5,2.5,4.9,1368.3,36.5,2.9,2.3,0,233.07005049851097,4358.812381554011,18.701726679300904,29.062,28.25,2025-10-26 14:32:18
164,1.6,264.8,154,1.9,307.6,536.1,59.98,210.6,2.5,4.9,1368.3,36.5,2.9,2.3,0,233.07005049851097,4699.936828806064,20.165340071594017,29.062,28.187,2025-10-26 14:32:33
167,1.4,266.1,153.7,2,309.5,539.4,59.97,210.7,2.4,4.9,1368.3,36.4,2.9,2.3,0,233.07005049851097,1554.0113708149083,6.667572120446409,29.0,28.25,2025-10-26 14:32:48
166.8,1.6,267.4,150.7,2.1,312.2,544.2,59.99,210.6,2.6,4.9,1368.3,36.4,2.9,2.3,0,233.07005049851097,1402.4005053695514,6.017077279427247,29.062,28.25,2025-10-26 14:33:03
163.4,1.7,279.8,156.7,2.3,352.9,595.0,60.02,210.6,2.8,4.9,1368.3,36.3,2.9,2.3,0,233.07005049851097,2160.454832596336,9.269551484523056,29.187,28.312,2025-10-26 14:33:18
166.7,1.5,284.7,152.3,2.3,357.0,600.6,60,210.6,2.7,4.9,1368.3,36.3,2.9,2.3,0,233.07005049851097,4358.812381554011,18.701726679300904,29.125,28.375,2025-10-26 14:33:33
166.7,1.6,277.7,152.1,2.2,336.6,575.7,60.02,210.6,2.7,4.9,1368.3,36.3,2.9,2.3,0,233.07005049851097,4017.687934301958,17.23811328700779,29.125,28.437,2025-10-26 14:33:48
164.7,1.5,260.5,155,2,302.5,527.3,60.02,210.5,2.4,4.9,1368.3,36.3,2.9,2.3,0,233.07005049851097,4245.104232469994,18.213855548536532,29.187,28.375,2025-10-26 14:34:03
166,1.5,255.0,152.8,1.9,289.9,510.1,60.02,210.5,2.4,4.9,1368.3,36.2,2.9,2.3,0,194.22504208209244,1819.330385344283,9.367125710675932,29.25,28.375,2025-10-26 14:34:18
163.8,1.5,251.6,155,1.8,282.2,500.1,59.98,210.5,2.3,4.9,1368.3,36.2,2.9,2.3,0,194.22504208209244,2728.9955780164246,14.050688566013898,29.25,28.375,2025-10-26 14:34:33
166.8,1.5,246.5,152.3,1.8,275.6,489.4,60.04,210.5,2.3,4.9,1368.3,36.1,2.9,2.3,0,194.22504208209244,1819.330385344283,9.367125710675932,29.312,28.375,2025-10-26 14:34:48
166.2,1.5,245.3,151.5,1.8,273.9,482.9,60.04,210.5,2.2,4.9,1368.3,36.1,2.9,2.3,0,194.22504208209244,4472.5205306380285,23.02751737207833,29.375,28.375,2025-10-26 14:35:03
162.4,1.5,245.5,152.2,1.7,269.7,483.2,60.04,210.4,2.2,4.9,1368.3,36.1,2.9,2.3,0,194.22504208209244,3524.9526216045483,18.14880606443462,29.312,28.187,2025-10-26 14:35:18
163.7,1.5,243.7,155.1,1.7,265.7,479.2,60.04,210.2,2.2,4.9,1368.3,36.1,2.9,2.3,0,194.22504208209244,2046.7466835123184,10.538016424510424,29.312,28.187,2025-10-26 14:35:33
166.8,1.5,239.7,151.9,1.7,265.7,474.9,60.04,210.2,2.3,4.9,1368.3,36.1,2.9,2.3,0,194.22504208209244,4662.034112444725,24.003259633607076,29.312,28.187,2025-10-26 14:35:48
163.6,1.5,242.3,155.1,1.7,263.7,474.5,60.03,210,2.2,4.9,1368.3,36.1,2.9,2.3,0,194.22504208209244,2653.190145293746,13.6603916614024,29.312,28.187,2025-10-26 14:36:03
163.6,1.4,241.1,152.6,1.6,261.6,471.9,60.03,210,2.2,4.9,1368.3,36.1,2.9,2.3,0,194.22504208209244,4662.034112444725,24.003259633607076,29.25,28.25,2025-10-26 14:36:18
163.6,1.5,239.9,152.4,1.7,260.7,470.9,60.02,210.1,2.1,4.9,1368.3,36.1,2.9,2.3,0,194.22504208209244,1174.984207201516,6.049602021478206,29.125,28.187,2025-10-26 14:36:33
163.6,1.4,239.3,155.3,1.7,259.5,466.9,60,210.3,2.1,4.9,1368.3,36.1,2.9,2.3,0,194.22504208209244,2804.801010739103,14.440985470625394,29.125,28.125,2025-10-26 14:36:48
163.8,1.4,237.9,155.6,1.6,255.4,464.1,59.96,210.4,2.1,4.9,1368.3,36.1,2.9,2.3,0,194.22504208209244,2387.871130764371,12.29435249526216,29.187,28.187,2025-10-26 14:37:03
163.7,1.4,236.4,155.2,1.6,255.1,462.5,59.98,210.5,2.1,4.9,1368.3,36.1,2.9,2.3,0,194.22504208209244,3600.758054327227,18.539102969046116,29.187,28.187,2025-10-26 14:37:18
163.6,1.4,235.7,153.3,1.6,252.1,458.8,59.98,210.4,2.2,4.9,1368.3,36.1,2.9,2.3,0,194.22504208209244,1667.7195198989261,8.586531901452938,29.187,28.125,2025-10-26 14:37:33
163.6,1.4,234.6,152.2,1.6,252.1,457.4,60.02,210.3,2.1,4.9,1368.3,36.1,2.9,2.3,0,194.22504208209244,1402.4005053695514,7.220492735312697,29.187,28.125,2025-10-26 14:37:48
163.7,1.4,232.6,152.1,1.6,249.2,453.6,60.03,210.3,2.1,4.9,1368.3,36.1,2.9,2.3,0,194.22504208209244,4283.006948831333,22.051775110549592,29.187,28.187,2025-10-26 14:38:03
163.6,1.4,232.2,155.1,1.6,246.2,450.1,60.03,210.6,2.1,4.9,1368.3,36.1,2.9,2.3,0,194.22504208209244,3411.2444725205305,17.563360707517372,29.25,28.25,2025-10-26 14:38:18
163.7,1.4,230.3,152.2,1.6,245.7,447.7,60.01,210.6,2.1,4.9,1368.3,36.1,2.9,2.3,0,194.22504208209244,1326.595072646873,6.8301958307012,29.125,28.25,2025-10-26 14:38:33
163.8,1.4,230.3,152.5,1.5,244.1,445.9,60.02,210.7,2.1,4.9,1368.3,36,2.9,2.3,0,194.22504208209244,3562.855337965888,18.343954516740368,29.25,28.25,2025-10-26 14:38:48
163.4,1.4,228.2,150.3,1.6,239.2,438.0,59.99,210.7,2.1,4.9,1368.3,36,2.9,2.3,0,194.22504208209244,2994.3145925457993,15.41672773215414,29.312,28.25,2025-10-26 14:39:03
163.9,1.4,227.7,152.3,1.5,241.9,441.7,59.99,210.6,2,4.9,1368.3,36,2.9,2.3,0,194.22504208209244,2160.454832596336,11.12346178142767,29.312,28.25,2025-10-26 14:39:18
166.7,1.3,225.1,152.1,1.5,241.7,437.5,60.02,210.6,2,4.9,1368.3,36,2.9,2.3,0,194.22504208209244,1288.6923562855338,6.635047378395452,29.187,28.25,2025-10-26 14:39:33
160.8,1.4,224.3,155.1,1.6,240.7,437.0,60.04,210.6,2,4.9,1368.3,36,2.9,2.3,0,194.22504208209244,4965.255843335439,25.564447252053064,29.187,28.25,2025-10-26 14:39:48
165.1,1.3,227.1,155.1,1.5,241.3,434.6,60.03,210.6,2,4.9,1368.3,35.9,2.9,2.3,0,194.22504208209244,1288.6923562855338,6.635047378395452,29.187,28.187,2025-10-26 14:40:03
161.6,1.4,225.6,155.1,1.5,240.7,439.4,60.05,210.7,2.1,4.9,1368.3,35.9,2.9,2.3,0,194.22504208209244,4131.3960833859755,21.271181301326592,29.25,28.25,2025-10-26 14:40:18
163.7,1.4,226.1,155.1,1.5,240.9,440.4,60.03,210.9,2,4.9,1368.3,35.9,2.9,2.3,0,194.22504208209244,1895.1358180669613,9.757422615287428,29.125,28.187,2025-10-26 14:40:33
164.2,1.4,225.3,155.2,1.5,240.9,439.1,60.04,210.9,2,4.9,1368.3,35.9,2.9,2.3,0,155.38003366567398,1819.330385344283,11.708907138344914,29.125,28.187,2025-10-26 14:40:48
163.8,1.4,224.7,152.1,1.6,241.1,438.6,60,210.8,2,4.9,1368.3,35.9,2.9,2.3,0,194.22504208209244,3449.14718888187,17.758509159823124,29.187,28.25,2025-10-26 14:41:03
163.6,1.3,222.7,150.2,1.5,236.9,432.6,59.99,210.8,2,5.0,1368.4,35.8,2.9,2.3,0,194.22504208209244,2615.287428932407,13.465243209096652,29.187,28.25,2025-10-26 14:41:18
162.3,1.3,220.3,153.7,1.5,239.9,433.6,59.99,210.6,2,5.0,1368.4,35.8,2.9,2.3,0,194.22504208209244,1857.233101705622,9.56227416298168,29.312,28.312,2025-10-26 14:41:33
166.9,1.3,217.5,155.2,1.5,240.4,427.8,60.04,210.8,2,5.0,1368.4,35.8,2.9,2.3,0,194.22504208209244,2842.703727100442,14.636133922931142,29.312,28.375,2025-10-26 14:41:48
160.9,1.3,220.3,155.1,1.5,240.0,433.9,60,210.5,2,5.0,1368.4,35.8,2.9,2.3,0,194.22504208209244,3638.660770688566,18.734251421351864,29.375,28.437,2025-10-26 14:42:03
163.8,1.3,223.3,155.1,1.6,241.1,438.7,59.98,210.5,2,5.0,1368.4,35.8,2.9,2.3,0,194.22504208209244,1174.984207201516,6.049602021478206,29.437,28.5,2025-10-26 14:42:18
164.4,1.3,221.9,152,1.6,243.9,439.1,59.97,210.5,2,5.0,1368.4,35.8,2.9,2.3,0,194.22504208209244,4775.742261528742,24.58870499052432,29.437,28.562,2025-10-26 14:42:33
161.3,1.4,223.6,151.7,1.6,241.5,438.4,59.97,210.5,2,5.0,1368.4,35.8,2.9,2.3,0,194.22504208209244,1933.0385344283006,9.952571067593178,29.437,28.562,2025-10-26 14:42:48
163.8,1.4,223.1,152.2,1.6,242.6,438.1,59.98,210.3,2,5.0,1368.4,35.8,2.9,2.3,0,194.22504208209244,5003.158559696778,25.759595704358812,29.437,28.562,2025-10-26 14:43:03
166.6,1.2,223.8,153.9,1.6,240.4,436.9,59.97,210.2,2,5.0,1368.4,35.8,2.9,2.3,0,194.22504208209244,1212.8869235628554,6.244750473783955,29.437,28.625,2025-10-26 14:43:18
163.8,1.4,225.9,156.2,1.5,244.9,444.6,59.97,210.5,2.1,5.0,1368.4,35.9,2.9,2.3,0,194.22504208209244,4813.644977890082,24.783853442830072,29.5,28.687,2025-10-26 14:43:33
160.8,1.4,225.0,153.8,1.6,251.4,448.7,60,210.5,2.1,5.0,1368.4,35.9,2.9,2.3,0,194.22504208209244,4965.255843335439,25.564447252053064,29.5,28.687,2025-10-26 14:43:48
163.6,1.4,229.3,152.1,1.6,254.3,455.5,59.97,210.2,2.1,5.0,1368.4,35.9,2.9,2.3,0,194.22504208209244,1402.4005053695514,7.220492735312697,29.437,28.75,2025-10-26 14:44:03
166.8,1.4,226.5,155.1,1.6,248.3,446.4,60.01,210.2,2.1,5.0,1368.4,35.9,2.9,2.3,0,194.22504208209244,1212.8869235628554,6.244750473783955,29.5,28.812,2025-10-26 14:44:18
163.6,1.4,233.9,158.1,1.6,249.9,455.6,60.01,210.1,2.1,5.0,1368.4,35.9,2.9,2.3,0,194.22504208209244,2387.871130764371,12.29435249526216,29.625,28.875,2025-10-26 14:44:33
160.8,1.4,232.4,161,1.6,243.0,447.7,60.02,210,2.2,5.0,1368.4,35.9,2.9,2.3,0,194.22504208209244,5116.866708780796,26.34504106127606,29.687,28.812,2025-10-26 14:44:48
165.9,1.4,231.4,154,1.6,262.1,464.5,60.01,210.3,2.2,5.0,1368.4,35.9,2.9,2.3,0,194.22504208209244,5230.574857864814,26.930486418193304,29.625,28.875,2025-10-26 14:45:03
163.7,1.4,238.5,152.1,1.7,266.5,476.0,60,210.4,2.2,5.0,1368.4,35.9,2.9,2.3,0,194.22504208209244,3638.660770688566,18.734251421351864,29.687,28.937,2025-10-26 14:45:18
163.6,1.4,240.2,155.1,1.8,277.0,486.7,59.99,210.5,2.2,5.0,1368.4,35.9,2.9,2.3,0,194.22504208209244,2084.649399873658,10.733164876816174,29.75,29.0,2025-10-26 14:45:33
163.7,1.5,241.4,152.4,1.8,278.5,488.0,60,210.6,2.2,5.0,1368.4,35.9,2.9,2.3,0,194.22504208209244,4927.3531269741,25.369298799747316,29.75,29.0,2025-10-26 14:45:48
160.7,1.5,240.0,153.6,1.8,280.3,486.8,60.03,210.6,2.3,5.0,1368.4,35.9,2.9,2.3,0,194.22504208209244,5003.158559696778,25.759595704358812,29.75,29.062,2025-10-26 14:46:03
163.7,1.5,247.1,155.1,1.9,296.7,510.3,60.02,210.6,2.4,5.0,1368.4,35.9,2.9,2.3,0,233.07005049851097,2691.092861655085,11.546283428090122,29.812,29.062,2025-10-26 14:46:18
164.7,1.5,241.9,153.7,1.9,293.6,502.0,59.97,210.4,2.3,5.0,1368.4,35.9,2.9,2.3,0,194.22504208209244,1516.108654453569,7.805938092229942,30.0,29.125,2025-10-26 14:46:33
160.9,1.4,234.3,155.9,1.7,276.2,479.4,59.99,210.4,2.2,5.0,1368.4,35.9,2.9,2.3,0,194.22504208209244,4131.3960833859755,21.271181301326592,29.937,29.187,2025-10-26 14:46:48
166.8,1.4,225.9,153.7,1.8,272.8,469.5,59.98,210.6,2.2,5.0,1368.4,35.9,2.9,2.3,0,194.22504208209244,4813.644977890082,24.783853442830072,30.0,29.125,2025-10-26 14:47:03
163.3,1.4,231.2,150.8,1.8,270.5,471.4,59.98,210.4,2.2,5.0,1368.4,35.9,2.9,2.3,0,194.22504208209244,2615.287428932407,13.465243209096652,30.0,29.125,2025-10-26 14:47:18
163.9,1.4,229.8,153.6,1.7,270.5,470.8,59.99,210.6,2.2,5.0,1368.4,35.9,2.9,2.3,0,194.22504208209244,1099.1787744788378,5.65930511686671,30.125,29.125,2025-10-26 14:47:33
163.7,1.4,221.4,156.8,1.7,267.8,462.2,59.98,210.6,2.2,5.0,1368.4,35.9,2.9,2.3,0,194.22504208209244,5420.088439671509,27.906228679722044,30.125,29.25,2025-10-26 14:47:48
160.7,1.4,224.2,153.7,1.8,270.3,465.3,59.98,210.7,2.2,5.0,1368.4,35.9,2.9,2.3,0,194.22504208209244,4586.228679722047,23.61296272899558,30.187,29.312,2025-10-26 14:48:03
166.9,1.3,221.9,150.8,1.8,269.8,463.1,59.96,210.6,2.2,5.0,1368.4,35.9,2.9,2.3,0,194.22504208209244,1288.6923562855338,6.635047378395452,30.125,29.312,2025-10-26 14:48:18
163.4,1.4,225.8,153.7,1.7,270.7,467.9,60,210.7,2.2,5.0,1368.4,35.9,2.9,2.3,0,194.22504208209244,4548.325963360707,23.417814276689825,30.187,29.312,2025-10-26 14:48:33
160.7,1.4,222.5,154.9,1.7,271.1,464.5,60,210.8,2.2,5.0,1368.4,35.9,2.9,2.3,0,194.22504208209244,5078.963992419457,26.149892608970312,30.187,29.312,2025-10-26 14:48:48
163.7,1.4,225.2,155.5,1.7,272.5,468.7,59.98,210.8,2.2,5.0,1368.4,35.9,2.9,2.3,0,194.22504208209244,3676.563487049905,18.929399873657612,30.187,29.312,2025-10-26 14:49:03
167,1.3,216.6,153.3,1.8,276.4,463.3,60.02,210.8,2.2,5.0,1368.4,35.9,2.9,2.3,0,194.22504208209244,4965.255843335439,25.564447252053064,30.187,29.375,2025-10-26 14:49:18
163.7,1.4,226.8,150.7,1.8,278.3,474.3,59.98,210.8,2.2,5.0,1368.4,35.9,2.9,2.3,0,194.22504208209244,5041.061276058118,25.954744156664564,30.187,29.375,2025-10-26 14:49:33
161.4,1.4,223.4,154,1.7,277.2,470.0,59.97,210.7,2.2,5.0,1368.4,35.9,2.9,2.3,0,194.22504208209244,1364.4977890082123,7.025344283006949,30.312,29.437,2025-10-26 14:49:48
166.7,1.3,211.8,153.7,1.8,275.0,460.0,59.98,210.8,2.2,5.0,1368.4,35.9,2.9,2.3,0,194.22504208209244,4320.909665192672,22.24692356285534,30.375,29.5,2025-10-26 14:50:03
163.7,1.4,224.6,150.7,1.8,275.1,469.7,60.03,211,2.2,5.0,1368.4,35.9,2.9,2.3,0,194.22504208209244,1174.984207201516,6.049602021478206,30.375,29.562,2025-10-26 14:50:18
160.7,1.4,221.5,153.8,1.8,274.0,465.5,60.04,210.9,2.2,5.0,1368.4,35.9,2.9,2.3,0,194.22504208209244,2274.1629816803534,11.708907138344912,30.437,29.625,2025-10-26 14:50:33
163.8,1.4,225.8,156.8,1.7,272.4,468.9,60.03,210.9,2.2,5.0,1368.4,35.9,2.9,2.3,0,194.22504208209244,5230.574857864814,26.930486418193304,30.312,29.625,2025-10-26 14:50:48
165.2,1.4,224.2,153.6,1.8,281.4,475.9,60.01,210.7,2.2,5.0,1368.4,35.9,2.9,2.3,0,194.22504208209244,1591.9140871762477,8.19623499684144,30.25,29.562,2025-10-26 14:51:03
161.3,1.4,226.7,150.7,1.9,283.1,478.9,59.99,210.5,2.3,5.0,1368.4,35.9,2.9,2.3,0,194.22504208209244,1478.2059380922299,7.610789639924194,30.25,29.5,2025-10-26 14:51:18
163.4,1.4,229.7,152.5,2,302.1,498.9,60.05,210.6,2.3,5.0,1368.4,35.9,2.9,2.3,0,194.22504208209244,2236.2602653190143,11.513758686039164,30.25,29.5,2025-10-26 14:51:33
163.5,1.4,229.3,150.6,2,303.1,498.6,60.01,210.7,2.3,5.0,1368.4,35.8,2.9,2.4,0,194.22504208209244,4813.644977890082,24.783853442830072,30.25,29.437,2025-10-26 14:51:48
160.7,1.4,227.6,153.7,1.9,293.1,490.2,59.98,210.7,2.3,5.0,1368.4,35.8,2.9,2.4,0,194.22504208209244,2122.552116234997,10.928313329121922,30.312,29.437,2025-10-26 14:52:03
164.5,1.3,228.6,150.6,1.9,288.9,486.8,59.97,210.6,2.2,5.0,1368.4,35.7,2.9,2.4,0,194.22504208209244,3070.1200252684775,15.807024636765636,30.375,29.375,2025-10-26 14:52:18
162.2,1.4,227.9,153.6,1.9,289.2,486.6,60.02,210.5,2.3,5.0,1368.4,35.7,2.9,2.4,0,194.22504208209244,1250.7896399241945,6.439898926089703,30.437,29.312,2025-10-26 14:52:33
163.7,1.4,227.3,154.8,1.8,283.0,482.1,59.98,210.6,2.2,5.0,1368.4,35.7,2.9,2.4,0,194.22504208209244,1781.427668982944,9.171977258370184,30.5,29.312,2025-10-26 14:52:48
166.9,1.4,218.8,153.6,1.9,288.7,479.4,59.98,210.6,2.2,5.0,1368.4,35.7,2.9,2.4,0,194.22504208209244,4927.3531269741,25.369298799747316,30.562,29.375,2025-10-26 14:53:03
160.9,1.4,224.8,150.7,1.8,289.7,482.6,59.96,210.3,2.3,5.0,1368.4,35.7,2.9,2.4,0,194.22504208209244,1212.8869235628554,6.244750473783955,30.5,29.312,2025-10-26 14:53:18
163.6,1.4,227.9,153.7,1.8,292.2,489.3,59.97,210.4,2.2,5.0,1368.4,35.7,3.0,2.4,0,194.22504208209244,5230.574857864814,26.930486418193304,30.625,29.375,2025-10-26 14:53:33
163.7,1.4,218.5,148.1,1.9,293.1,480.9,59.97,210.5,2.3,5.0,1368.4,35.7,3.0,2.4,0,194.22504208209244,1364.4977890082123,7.025344283006949,30.687,29.437,2025-10-26 14:53:48
160.9,1.4,226.7,151,1.9,295.2,489.1,59.98,210.5,2.3,5.1,1368.5,35.8,3.0,2.4,0,194.22504208209244,3941.8825015792795,20.295439039797852,30.5,29.437,2025-10-26 14:54:03
164.1,1.4,226.6,153.7,1.9,294.5,489.1,59.98,210.7,2.3,5.1,1368.5,35.8,3.0,2.4,0,194.22504208209244,2008.843967150979,10.342867972204674,30.437,29.5,2025-10-26 14:54:18
164.4,1.2,227.6,156,1.9,291.8,485.2,60,210.5,2.2,5.1,1368.5,35.7,3.0,2.4,0,194.22504208209244,1212.8869235628554,6.244750473783955,30.562,29.437,2025-10-26 14:54:33
163.6,1.4,225.7,152.6,1.9,290.6,486.0,59.98,210.7,2.2,5.1,1368.5,35.7,3.0,2.4,0,194.22504208209244,4245.104232469994,21.856626658243844,30.562,29.437,2025-10-26 14:54:48
160.7,1.4,223.7,152.5,1.9,289.1,481.4,59.99,210.7,2.2,5.1,1368.5,35.7,3.0,2.4,0,194.22504208209244,5306.380290587492,27.3207833228048,30.437,29.5,2025-10-26 14:55:03
163.9,1.4,225.7,155.7,1.8,288.6,484.0,60.03,210.7,2.3,5.1,1368.5,35.7,3.0,2.4,0,194.22504208209244,2691.092861655085,13.855540113708148,30.5,29.562,2025-10-26 14:55:18
163.9,1.4,222.0,153.7,1.9,289.0,480.5,60.01,210.6,2.3,5.1,1368.5,35.7,3.0,2.4,0,194.22504208209244,2008.843967150979,10.342867972204674,30.562,29.625,2025-10-26 14:55:33
163.6,1.3,224.5,150.7,1.9,285.3,479.2,59.97,210.5,2.2,5.1,1368.5,35.8,3.0,2.4,0,194.22504208209244,3335.4390397978523,17.173063802905876,30.687,29.687,2025-10-26 14:55:48
167,1.3,210.5,153.7,1.8,287.1,470.6,59.97,210.6,2.2,5.1,1368.5,35.8,3.0,2.4,0,194.22504208209244,2274.1629816803534,11.708907138344912,30.687,29.687,2025-10-26 14:56:03
163.9,1.4,224.4,156.3,1.8,284.5,476.5,59.98,210.6,2.3,5.1,1368.5,35.8,3.0,2.4,0,194.22504208209244,3032.217308907138,15.611876184459884,30.562,29.75,2025-10-26 14:56:18
160.6,1.3,221.1,156.6,1.8,280.2,472.2,59.97,210.5,2.2,5.1,1368.5,35.8,3.0,2.4,0,194.22504208209244,1174.984207201516,6.049602021478206,30.625,29.812,2025-10-26 14:56:33
166.7,1.2,218.6,153.7,1.8,279.2,469.7,59.97,210.5,2.2,5.1,1368.5,35.8,3.0,2.4,0,194.22504208209244,4699.936828806064,24.198408085912824,30.625,29.812,2025-10-26 14:56:48
163.7,1.3,221.4,152,1.8,284.1,476.3,59.98,210.4,2.2,5.1,1368.5,35.9,3.0,2.4,0,194.22504208209244,1174.984207201516,6.049602021478206,30.5,29.812,2025-10-26 14:57:03
162.3,1.3,219.2,155.3,1.8,279.4,469.4,60,210.5,2.2,5.1,1368.5,35.9,3.0,2.4,0,194.22504208209244,1212.8869235628554,6.244750473783955,30.437,29.687,2025-10-26 14:57:18
165.2,1.2,220.3,151.6,1.8,281.8,472.8,60.02,210.4,2.2,5.1,1368.5,35.9,3.0,2.4,0,194.22504208209244,2615.287428932407,13.465243209096652,30.25,29.625,2025-10-26 14:57:33
163.5,1.3,218.4,153.3,1.8,277.8,467.4,60.03,210.6,2.2,5.1,1368.5,35.8,3.0,2.4,0,194.22504208209244,4055.5906506632973,20.880884396715096,30.25,29.625,2025-10-26 14:57:48
161,1.3,214.9,153.8,1.7,277.1,463.8,59.99,210.3,2.1,5.1,1368.5,35.7,3.0,2.4,0,194.22504208209244,4017.687934301958,20.68573594440935,30.25,29.625,2025-10-26 14:58:03
166.8,1.3,201.6,154,1.8,272.5,449.9,59.99,210.2,2.2,5.1,1368.5,35.7,3.0,2.4,0,194.22504208209244,3941.8825015792795,20.295439039797852,30.375,29.625,2025-10-26 14:58:18
163.1,1.3,214.2,150.6,1.7,267.6,454.9,59.98,210.1,2.1,5.1,1368.5,35.7,3.0,2.4,0,155.38003366567398,2425.7738471257107,15.611876184459884,30.437,29.562,2025-10-26 14:58:33
163.7,1.3,210.7,153.7,1.7,266.7,453.0,60,210.4,2.1,5.1,1368.5,35.6,3.0,2.4,0,155.38003366567398,2615.287428932407,16.831554011370812,30.375,29.5,2025-10-26 14:58:48
163.8,1.3,207.3,156.9,1.7,258.6,441.6,60,210.6,2,5.1,1368.5,35.6,3.0,2.4,0,155.38003366567398,4889.450410612761,31.467687934301956,30.312,29.437,2025-10-26 14:59:03
160.6,1.3,207.3,150.1,1.7,258.7,440.0,60.04,210.7,2,5.1,1368.5,35.6,3.0,2.4,0,155.38003366567398,1629.8168035375868,10.489229311433984,30.437,29.437,2025-10-26 14:59:18
163.7,1.2,208.3,153.6,1.6,256.7,440.0,60.04,210.8,2,5.1,1368.5,35.5,3.0,2.4,0,155.38003366567398,2994.3145925457993,19.270909665192672,30.312,29.437,2025-10-26 14:59:33
165.1,1.2,195.4,153.7,1.6,253.3,421.8,60.02,210.7,2,5.1,1368.5,35.5,3.0,2.4,0,155.38003366567398,3562.855337965888,22.929943145925456,30.437,29.437,2025-10-26 14:59:48
161.3,1.2,204.3,153.7,1.6,247.9,427.5,60.03,210.7,2,5.1,1368.5,35.5,3.0,2.4,0,155.38003366567398,1440.3032217308908,9.269551484523056,30.375,29.375,2025-10-26 15:00:03
163.7,1.2,202.2,153.8,1.5,239.4,416.5,60.03,210.6,1.9,5.1,1368.5,35.5,3.0,2.4,0,155.38003366567398,4548.325963360707,29.272267845862277,30.437,29.312,2025-10-26 15:00:18
164,1.1,202.8,153.4,1.5,238.7,409.3,60.04,210.6,1.8,5.1,1368.5,35.5,3.0,2.4,0,155.38003366567398,1061.2760581174985,6.8301958307012,30.5,29.312,2025-10-26 15:00:33
163.7,1.2,201.2,151.2,1.5,231.5,408.1,60.02,210.5,1.9,5.1,1368.5,35.4,3.0,2.4,0,155.38003366567398,4055.5906506632973,26.10110549589387,30.437,29.25,2025-10-26 15:00:48
160.7,1.2,197.7,154.9,1.4,230.5,403.7,60,210.6,1.8,5.1,1368.5,35.4,3.0,2.4,0,155.38003366567398,2994.3145925457993,19.270909665192672,30.375,29.312,2025-10-26 15:01:03
163.9,1.2,198.1,153.5,1.4,227.3,402.1,60.02,210.8,1.8,5.1,1368.5,35.4,3.0,2.4,0,155.38003366567398,4889.450410612761,31.467687934301956,30.437,29.25,2025-10-26 15:01:18
166.7,1.2,187.7,150.7,1.4,222.8,386.6,60.04,210.5,1.9,5.1,1368.5,35.4,3.0,2.4,0,155.38003366567398,1933.0385344283006,12.44071383449147,30.437,29.25,2025-10-26 15:01:33
163.7,1.2,197.2,153.6,1.4,221.3,395.6,60.04,210.6,1.9,5.1,1368.5,35.4,3.0,2.4,0,155.38003366567398,3108.0227416298167,20.002716361339225,30.437,29.187,2025-10-26 15:01:48
160.7,1.2,194.5,156.6,1.4,214.0,386.5,60.04,210.7,1.9,5.1,1368.5,35.4,3.0,2.4,0,155.38003366567398,1364.4977890082123,8.781680353758686,30.5,29.125,2025-10-26 15:02:03
163.7,1.2,196.3,153.7,1.4,218.5,391.9,60.03,210.7,1.7,5.1,1368.5,35.4,3.0,2.4,0,155.38003366567398,3752.3689197725835,24.14962097283638,30.5,29.125,2025-10-26 15:02:18
164.1,1.2,186.2,150.7,1.4,215.2,381.3,60.01,210.5,1.8,5.1,1368.5,35.4,3.0,2.4,0,155.38003366567398,3979.785217940619,25.613234365129497,30.375,29.125,2025-10-26 15:02:33
160.7,1.2,194.4,153.6,1.4,216.6,388.9,60,210.5,1.8,5.1,1368.5,35.4,3.0,2.4,0,155.38003366567398,4093.493367024637,26.345041061276056,30.25,29.0,2025-10-26 15:02:48
161.4,1.2,194.0,156.1,1.4,214.6,389.4,59.98,210.6,1.8,5.1,1368.5,35.3,3.0,2.4,0,155.38003366567398,2804.801010739103,18.05123183828174,30.25,28.937,2025-10-26 15:03:03
164.5,1.1,195.7,152.5,1.4,216.6,390.0,59.99,210.5,1.8,5.1,1368.5,35.3,3.0,2.4,0,155.38003366567398,2463.67656348705,15.85581174984207,30.25,28.812,2025-10-26 15:03:18
163.7,1.2,197.9,152.6,1.4,214.8,390.0,60.04,210.5,1.8,5.1,1368.5,35.3,3.0,2.4,0,155.38003366567398,3828.1743524952617,24.637492103600753,30.25,28.812,2025-10-26 15:03:33
160.8,1.2,196.3,155.8,1.3,217.1,391.5,60.03,210.4,1.8,5.1,1368.5,35.3,3.0,2.4,0,155.38003366567398,2691.092861655085,17.319425142135184,30.187,28.812,2025-10-26 15:03:48
163.6,1.2,199.6,153.7,1.4,219.9,395.4,60,210.4,1.9,5.1,1368.5,35.3,3.0,2.4,0,155.38003366567398,1516.108654453569,9.757422615287426,30.187,28.812,2025-10-26 15:04:03
166.7,1.2,189.8,150.7,1.4,220.9,387.4,60.01,210.1,1.8,5.1,1368.5,35.3,3.0,2.4,0,155.38003366567398,1933.0385344283006,12.44071383449147,30.312,28.75,2025-10-26 15:04:18
163.2,1.2,202.8,153.7,1.5,226.9,405.7,60.01,210.3,1.9,5.1,1368.5,35.3,3.0,2.4,0,155.38003366567398,1023.3733417561592,6.586260265319014,30.312,28.75,2025-10-26 15:04:33
160.7,1.2,201.2,156.3,1.4,225.9,399.4,60,210.2,1.9,5.1,1368.5,35.3,3.0,2.4,0,155.38003366567398,1137.0814908401767,7.318066961465569,30.312,28.812,2025-10-26 15:04:48
163.7,1.2,203.6,153.6,1.4,225.8,405.7,60.01,210.3,1.8,5.1,1368.5,35.3,3.0,2.4,0,155.38003366567398,1212.8869235628554,7.805938092229942,30.375,28.812,2025-10-26 15:05:03
163.6,1.2,199.1,150.7,1.4,222.9,399.8,60.02,210.2,1.8,5.1,1368.5,35.3,3.0,2.4,0,155.38003366567398,1137.0814908401767,7.318066961465569,30.312,28.875,2025-10-26 15:05:18
162.5,1.2,203.8,153.7,1.4,224.0,402.1,60.01,210.2,1.9,5.1,1368.5,35.3,3.0,2.4,0,155.38003366567398,1591.9140871762477,10.2452937460518,30.312,28.812,2025-10-26 15:05:33
162.3,1.2,201.5,155.1,1.4,219.1,398.1,59.99,210.1,1.9,5.1,1368.5,35.3,3.0,2.4,0,155.38003366567398,1743.5249526216046,11.221036007580542,30.25,28.875,2025-10-26 15:05:48
165.7,1.1,202.5,151.5,1.5,223.9,402.6,60.05,210.2,1.8,5.1,1368.5,35.3,3.0,2.4,0,155.38003366567398,1212.8869235628554,7.805938092229942,30.125,28.937,2025-10-26 15:06:03
163.8,1.2,205.1,153.6,1.4,223.1,404.4,60.04,210.4,1.9,5.1,1368.5,35.3,3.0,2.4,0,155.38003366567398,4358.812381554011,28.052590018951353,30.062,28.937,2025-10-26 15:06:18
160.8,1.2,203.0,153.7,1.4,224.4,403.9,60.05,210.4,1.9,5.1,1368.5,35.3,3.0,2.4,0,155.38003366567398,3183.8281743524954,20.4905874921036,30.187,29.0,2025-10-26 15:06:33
163.8,1.2,205.2,153.7,1.4,224.9,406.7,60,210.3,1.9,5.1,1368.5,35.2,3.0,2.4,0,155.38003366567398,3070.1200252684775,19.75878079595704,30.25,29.0,2025-10-26 15:06:48
166.1,1.2,195.0,150.6,1.4,224.1,394.8,60.02,210.3,1.9,5.1,1368.5,35.3,3.0,2.4,0,155.38003366567398,2387.871130764371,15.367940619077697,30.25,29.062,2025-10-26 15:07:03
163.7,1.2,205.7,153.7,1.4,225.0,406.9,59.99,210.3,1.9,5.1,1368.5,35.3,3.0,2.4,0,155.38003366567398,4510.423246999368,29.028332280480093,30.187,29.125,2025-10-26 15:07:18
160.9,1.2,203.7,156.7,1.4,220.6,400.8,59.94,210.2,1.9,5.1,1368.5,35.3,3.0,2.4,0,155.38003366567398,2236.2602653190143,14.392198357548954,30.125,29.125,2025-10-26 15:07:33
163.7,1.2,206.5,153.8,1.5,225.8,408.6,59.96,210.2,1.8,5.1,1368.5,35.2,3.0,2.4,0,155.38003366567398,2349.968414403032,15.124005053695512,30.125,29.125,2025-10-26 15:07:48
165.1,1.2,206.2,150.6,1.4,224.3,405.2,59.95,210.3,1.9,5.2,1368.6,35.2,3.0,2.4,0,155.38003366567398,5230.574857864814,33.663108022741625,30.187,29.187,2025-10-26 15:08:03
161.5,1.2,206.5,153.7,1.4,226.4,408.2,59.95,210.1,1.9,5.2,1368.6,35.2,3.0,2.4,0,155.38003366567398,3903.9797852179404,25.125363234365125,30.187,29.187,2025-10-26 15:08:18
163.3,1.2,205.2,154.3,1.4,223.4,404.3,59.96,210.5,1.9,5.2,1368.6,35.2,3.0,2.4,0,155.38003366567398,2046.7466835123184,13.172520530638028,30.312,29.25,2025-10-26 15:08:33
166.3,1.1,202.2,151.1,1.5,226.4,405.5,59.95,210.5,1.8,5.2,1368.6,35.2,3.0,2.4,0,155.38003366567398,2994.3145925457993,19.270909665192672,30.25,29.375,2025-10-26 15:08:48
163.8,1.2,206.6,150.7,1.4,225.9,408.9,60,210.5,1.9,5.2,1368.6,35.2,3.0,2.4,0,155.38003366567398,3828.1743524952617,24.637492103600753,30.375,29.375,2025-10-26 15:09:03
160.7,1.2,205.2,154.3,1.4,228.2,408.3,60.02,210.7,1.9,5.2,1368.6,35.2,3.0,2.4,0,155.38003366567398,5003.158559696778,32.19949463044851,30.437,29.437,2025-10-26 15:09:18
163.8,1.2,208.4,153.6,1.5,228.9,411.8,60.01,210.7,1.9,5.2,1368.6,35.2,3.0,2.4,0,155.38003366567398,2463.67656348705,15.85581174984207,30.5,29.562,2025-10-26 15:09:33
166.8,1.2,199.8,150.3,1.5,228.0,398.6,59.98,210.7,1.9,5.2,1368.6,35.2,3.0,2.4,0,155.38003366567398,4624.131396083386,29.760138976626653,30.375,29.625,2025-10-26 15:09:48
163.7,1.2,208.2,153.7,1.5,229.0,412.2,59.97,210.7,1.9,5.2,1368.6,35.2,3.0,2.4,0,155.38003366567398,3676.563487049905,23.66174984207201,30.312,29.562,2025-10-26 15:10:03
160.7,1.2,205.9,156.6,1.5,225.7,407.7,59.96,210.7,1.9,5.2,1368.6,35.2,3.0,2.4,0,155.38003366567398,1970.9412507896398,12.684649399873654,30.312,29.625,2025-10-26 15:10:18
163.7,1.2,209.1,153.6,1.5,233.2,417.8,60.02,210.8,1.9,5.2,1368.6,35.2,3.0,2.4,0,155.38003366567398,3979.785217940619,25.613234365129497,30.25,29.625,2025-10-26 15:10:33
164.5,1.3,200.0,150.6,1.5,233.4,407.0,60.01,210.6,1.9,5.2,1368.6,35.2,3.0,2.4,0,155.38003366567398,4396.715097915351,28.296525584333544,30.312,29.625,2025-10-26 15:10:48
160.9,1.2,207.1,153.6,1.5,229.5,412.0,60.01,210.6,1.9,5.2,1368.6,35.2,3.0,2.4,0,155.38003366567398,3790.2716361339226,24.39355653821857,30.437,29.687,2025-10-26 15:11:03
163.7,1.2,205.0,153.8,1.4,220.0,400.7,60.02,210.6,1.9,5.2,1368.6,35.2,3.0,2.4,0,155.38003366567398,1591.9140871762477,10.2452937460518,30.437,29.75,2025-10-26 15:11:18
163.9,1.1,205.1,153.5,1.4,211.7,387.2,60,210.6,1.7,5.2,1368.6,35.2,3.0,2.4,0,155.38003366567398,4358.812381554011,28.052590018951353,30.437,29.75,2025-10-26 15:11:33
163.6,1.2,203.8,152.3,1.4,214.8,396.2,60.04,210.5,1.8,5.2,1368.6,35.2,3.0,2.4,0,155.38003366567398,4737.839545167403,30.49194567277321,30.437,29.75,2025-10-26 15:11:48
160.9,1.2,200.9,152.4,1.4,210.3,388.0,59.98,210.3,1.8,5.2,1368.6,35.2,3.0,2.4,0,155.38003366567398,4737.839545167403,30.49194567277321,30.437,29.812,2025-10-26 15:12:03
163.6,1.2,202.3,155.2,1.2,208.0,388.6,59.98,210.4,1.8,5.2,1368.6,35.2,3.0,2.4,0,155.38003366567398,1212.8869235628554,7.805938092229942,30.437,29.875,2025-10-26 15:12:18
166.7,1.2,188.0,153.3,1.3,205.4,373.2,60.03,210.4,1.8,5.2,1368.6,35.2,3.0,2.4,0,155.38003366567398,4775.742261528742,30.735881238155393,30.437,29.875,2025-10-26 15:12:33
163.7,1.2,202.2,150.9,1.3,201.0,381.5,59.98,210.3,1.7,5.2,1368.6,35.2,3.0,2.4,0,155.38003366567398,5230.574857864814,33.663108022741625,30.5,29.875,2025-10-26 15:12:48
160.9,1.2,199.8,153.6,1.3,201.5,378.9,59.97,210.3,1.8,5.2,1368.6,35.2,3.0,2.4,0,155.38003366567398,1819.330385344283,11.708907138344914,30.562,29.812,2025-10-26 15:13:03
163.8,1.2,202.5,153.6,1.3,197.3,380.0,60.01,210.3,1.6,5.2,1368.6,35.2,3.0,2.4,0,155.38003366567398,1212.8869235628554,7.805938092229942,30.562,29.75,2025-10-26 15:13:18
164,1.2,191.9,156.8,1.2,195.4,365.3,59.96,210.3,1.7,5.2,1368.6,35.3,3.0,2.4,0,155.38003366567398,2349.968414403032,15.124005053695512,30.562,29.687,2025-10-26 15:13:33
160.4,1.2,201.5,150.2,1.2,194.0,373.3,59.98,210.2,1.7,5.2,1368.6,35.2,3.0,2.4,0,155.38003366567398,3714.466203411244,23.905685407454193,30.5,29.625,2025-10-26 15:13:48
161.6,1.2,200.3,153.7,1.2,193.7,374.6,60,210.3,1.7,5.2,1368.6,35.2,3.0,2.4,0,155.38003366567398,1667.7195198989261,10.73316487681617,30.312,29.5,2025-10-26 15:14:03
164.8,1.1,202.4,155.4,1.2,188.5,369.8,60.02,210.6,1.7,5.2,1368.6,35.2,3.0,2.4,0,155.38003366567398,2615.287428932407,16.831554011370812,30.25,29.437,2025-10-26 15:14:18
163.6,1.2,202.4,154.5,1.2,188.7,370.3,60,210.7,1.7,5.2,1368.6,35.2,3.0,2.4,0,155.38003366567398,5268.477574226153,33.90704358812381,30.312,29.437,2025-10-26 15:14:33
161,1.2,199.7,151.5,1.2,191.0,369.2,60.01,210.5,1.7,5.2,1368.6,35.2,3.0,2.4,0,155.38003366567398,1516.108654453569,9.757422615287426,30.437,29.437,2025-10-26 15:14:48
163.7,1.2,201.5,153.7,1.2,188.0,369.2,60.03,210.6,1.6,5.2,1368.6,35.2,3.0,2.4,0,155.38003366567398,4624.131396083386,29.760138976626653,30.437,29.5,2025-10-26 15:15:03
166.6,1.2,184.7,156.6,1.2,187.3,352.5,60.02,210.5,1.7,5.2,1368.6,35.3,3.0,2.4,0,155.38003366567398,3221.7308907138345,20.734523057485784,30.437,29.562,2025-10-26 15:15:18
163.3,1.2,201.2,156.8,1,184.1,365.4,60.03,210.5,1.7,5.2,1368.6,35.3,3.0,2.4,0,155.38003366567398,2691.092861655085,17.319425142135184,30.375,29.562,2025-10-26 15:15:33
164,1.2,199.2,159.5,1.1,173.8,356.6,60.03,210.6,1.7,5.2,1368.6,35.3,3.0,2.4,0,155.38003366567398,4775.742261528742,30.735881238155393,30.375,29.562,2025-10-26 15:15:48
166.5,1.2,193.1,149.3,1.2,189.4,359.6,60.03,210.5,1.7,5.2,1368.6,35.3,3.0,2.4,0,155.38003366567398,1478.2059380922299,9.513487049905242,30.25,29.437,2025-10-26 15:16:03
163.6,1.2,200.7,152.5,1.2,191.8,371.8,60.05,210.6,1.7,5.2,1368.6,35.3,3.0,2.4,0,155.38003366567398,4207.201516108655,27.076847757422613,30.25,29.5,2025-10-26 15:16:18
160.8,1.2,197.5,155.4,1.2,191.5,366.9,60.03,210.5,1.7,5.2,1368.6,35.3,3.0,2.4,0,155.38003366567398,2084.649399873658,13.416456096020214,30.312,29.437,2025-10-26 15:16:33
163.6,1.2,200.4,153.2,1.2,191.5,371.7,60.01,210.3,1.7,5.2,1368.6,35.3,3.0,2.4,0,155.38003366567398,3828.1743524952617,24.637492103600753,30.25,29.5,2025-10-26 15:16:48
164.5,1.2,185.8,149.2,1.2,192.6,358.7,60.02,210.3,1.7,5.2,1368.6,35.3,3.0,2.5,0,155.38003366567398,4358.812381554011,28.052590018951353,30.25,29.5,2025-10-26 15:17:03
161.1,1.2,198.3,152.3,1.2,196.3,374.2,60.01,210.2,1.7,5.2,1368.6,35.3,3.0,2.5,0,155.38003366567398,1250.7896399241945,8.049873657612128,30.25,29.5,2025-10-26 15:17:18
160.7,1.2,197.7,155,1.2,193.9,374.1,60.01,210.3,1.7,5.2,1368.6,35.3,3.0,2.5,0,155.38003366567398,1212.8869235628554,7.805938092229942,30.25,29.5,2025-10-26 15:17:33
164.2,1.1,200.3,152.3,1.3,198.8,378.3,60,210.4,1.7,5.2,1368.6,35.3,3.0,2.5,0,155.38003366567398,1629.8168035375868,10.489229311433984,30.25,29.562,2025-10-26 15:17:48
163.7,1.2,200.6,150.4,1.3,199.9,378.3,59.97,210.3,1.7,5.2,1368.6,35.3,3.0,2.5,0,155.38003366567398,1250.7896399241945,8.049873657612128,30.25,29.625,2025-10-26 15:18:03
160.6,1.2,199.6,152.2,1.3,206.6,383.3,59.99,210.3,1.8,5.2,1368.6,35.3,3.0,2.5,0,155.38003366567398,4093.493367024637,26.345041061276056,30.25,29.687,2025-10-26 15:18:18
163.8,1.2,201.0,155.1,1.3,206.6,385.7,59.99,210.3,1.8,5.2,1368.6,35.3,3.0,2.5,0,155.38003366567398,3790.2716361339226,24.39355653821857,30.187,29.687,2025-10-26 15:18:33
166.7,1.1,187.0,152.2,1.4,214.2,379.6,60,210.3,1.8,5.2,1368.6,35.4,3.0,2.5,0,155.38003366567398,2577.3847125710677,16.58761844598863,30.187,29.75,2025-10-26 15:18:48
163.6,1.2,202.9,152.2,1.4,216.3,396.1,60.02,210.5,1.8,5.2,1368.6,35.4,3.0,2.5,0,155.38003366567398,4737.839545167403,30.49194567277321,30.312,29.75,2025-10-26 15:19:03
160.7,1.2,201.3,155.1,1.4,217.2,395.3,60.02,210.5,1.8,5.2,1368.6,35.4,3.0,2.5,0,155.38003366567398,4624.131396083386,29.760138976626653,30.375,29.75,2025-10-26 15:19:18
163.8,1.2,204.7,152.2,1.4,222.5,403.2,59.98,210.6,1.8,5.2,1368.6,35.4,3.0,2.5,0,155.38003366567398,4624.131396083386,29.760138976626653,30.375,29.812,2025-10-26 15:19:33
163.9,1.2,198.6,155.1,1.4,227.8,401.5,59.99,210.5,1.9,5.2,1368.6,35.4,3.0,2.5,0,155.38003366567398,1478.2059380922299,9.513487049905242,30.375,29.875,2025-10-26 15:19:48
163.1,1.2,205.7,157.7,1.5,229.8,409.9,60,210.5,1.9,5.2,1368.6,35.4,3.0,2.5,0,155.38003366567398,1933.0385344283006,12.44071383449147,30.437,29.937,2025-10-26 15:20:03
161.8,1.2,204.5,154,1.5,237.1,416.2,60.02,210.4,1.9,5.2,1368.6,35.4,3.0,2.5,0,155.38003366567398,1061.2760581174985,6.8301958307012,30.375,30.0,2025-10-26 15:20:18
164.8,1.1,207.8,153.5,1.5,240.4,422.2,60,210.5,1.9,5.2,1368.6,35.5,3.0,2.5,0,155.38003366567398,2312.065698041693,14.880069488313326,30.375,30.0,2025-10-26 15:20:33
163.6,1.3,209.4,156.9,1.5,246.4,430.5,59.97,210.3,2,5.2,1368.6,35.5,3.0,2.5,0,194.22504208209244,1857.233101705622,9.56227416298168,30.437,30.125,2025-10-26 15:20:48
160.7,1.3,208.3,149.3,1.7,257.9,439.1,59.99,210.4,2,5.2,1368.6,35.5,3.0,2.5,0,194.22504208209244,3638.660770688566,18.734251421351864,30.5,30.187,2025-10-26 15:21:03
163.7,1.2,215.0,148,1.8,269.2,455.2,60.01,210.5,2.1,5.2,1368.6,35.5,3.0,2.5,0,194.22504208209244,3752.3689197725835,19.31969677826911,30.562,30.187,2025-10-26 15:21:18
164.1,1.3,218.5,145,2,288.9,474.5,60.01,210.6,2.3,5.2,1368.6,35.5,3.0,2.5,0,194.22504208209244,1591.9140871762477,8.19623499684144,30.625,30.25,2025-10-26 15:21:33
161,1.3,221.8,148,2.1,311.2,496.8,60.02,210.7,2.3,5.2,1368.6,35.5,3.0,2.5,0,194.22504208209244,1137.0814908401767,5.854453569172456,30.75,30.312,2025-10-26 15:21:48
163.4,1.3,221.9,155.3,2,312.9,502.4,60,210.6,2.3,5.2,1368.6,35.5,3.0,2.5,0,194.22504208209244,2728.9955780164246,14.050688566013898,30.812,30.437,2025-10-26 15:22:03
166.7,1.2,219.5,155,2,312.6,499.8,59.98,210.8,2.3,5.2,1368.6,35.6,3.0,2.5,0,194.22504208209244,1137.0814908401767,5.854453569172456,30.812,30.5,2025-10-26 15:22:18
162.5,1.3,223.2,153.2,2,312.2,500.8,59.95,210.8,2.3,5.2,1368.6,35.6,3.1,2.5,0,194.22504208209244,5154.769425142135,26.540189513581808,30.812,30.625,2025-10-26 15:22:33
163.7,1.3,222.9,157,2.1,316.6,506.2,59.96,210.7,2.4,5.3,1368.7,35.6,3.1,2.5,0,194.22504208209244,1705.6222362602653,8.781680353758686,30.937,30.75,2025-10-26 15:22:48
165.9,1.3,211.8,153.9,2,317.7,497.7,59.97,210.7,2.4,5.3,1368.7,35.6,3.1,2.5,0,194.22504208209244,3335.4390397978523,17.173063802905876,31.0,30.687,2025-10-26 15:23:03
163.5,1.3,222.7,156,2,313.5,503.1,59.99,210.8,2.3,5.3,1368.7,35.6,3.1,2.5,0,194.22504208209244,2425.7738471257107,12.48950094756791,30.937,30.687,2025-10-26 15:23:18
160.7,1.3,219.2,153.6,2.1,322.4,507.9,60,210.9,2.4,5.3,1368.7,35.7,3.1,2.5,0,194.22504208209244,1326.595072646873,6.8301958307012,30.875,30.687,2025-10-26 15:23:33
163.8,1.3,225.1,156.6,2.1,333.2,525.1,60,210.8,2.4,5.3,1368.7,35.7,3.1,2.5,0,194.22504208209244,1857.233101705622,9.56227416298168,30.875,30.75,2025-10-26 15:23:48
163.5,1.4,225.7,153.6,2.2,343.2,534.0,59.98,210.8,2.5,5.3,1368.7,35.7,3.1,2.5,0,194.22504208209244,2084.649399873658,10.733164876816174,31.062,30.812,2025-10-26 15:24:03
163.5,1.4,224.3,156.3,2.2,340.0,532.2,59.98,210.8,2.5,5.3,1368.7,35.7,3.1,2.5,0,194.22504208209244,1895.1358180669613,9.757422615287428,31.125,30.875,2025-10-26 15:24:18
166.5,1.3,222.7,150.5,2.2,343.3,532.3,60,210.8,2.5,5.3,1368.7,35.7,3.1,2.5,0,194.22504208209244,4017.687934301958,20.68573594440935,31.25,31.0,2025-10-26 15:24:33
163.7,1.3,224.6,157.1,2.1,340.9,531.7,60.01,210.7,2.5,5.3,1368.7,35.7,3.1,2.5,0,194.22504208209244,4055.5906506632973,20.880884396715096,31.375,31.0,2025-10-26 15:24:48
160.7,1.3,220.8,150.4,2.2,338.0,521.3,60.03,210.6,2.4,5.3,1368.7,35.8,3.1,2.5,0,194.22504208209244,4245.104232469994,21.856626658243844,31.437,31.062,2025-10-26 15:25:03
163.7,1.3,222.1,155,2.1,336.2,524.5,60.01,210.5,2.4,5.3,1368.7,35.8,3.1,2.5,0,194.22504208209244,1137.0814908401767,5.854453569172456,31.375,31.187,2025-10-26 15:25:18
164.7,1.3,208.4,153.7,2.2,335.7,512.0,60.02,210.5,2.5,5.3,1368.7,35.8,3.1,2.5,0,194.22504208209244,1288.6923562855338,6.635047378395452,31.375,31.187,2025-10-26 15:25:33
161,1.3,219.3,150.4,2.2,335.6,521.3,60.02,210.4,2.4,5.3,1368.7,35.9,3.1,2.5,0,194.22504208209244,2842.703727100442,14.636133922931142,31.437,31.25,2025-10-26 15:25:48
163.7,1.2,219.4,150.2,2.2,327.5,512.6,59.99,210.6,2.4,5.3,1368.7,35.9,3.1,2.5,0,194.22504208209244,2956.4118761844597,15.221579279848388,31.437,31.312,2025-10-26 15:26:03
163.5,1.3,217.2,153.6,2.1,320.8,505.9,59.96,210.6,2.3,5.3,1368.7,35.9,3.1,2.5,0,194.22504208209244,2956.4118761844597,15.221579279848388,31.5,31.312,2025-10-26 15:26:18
163.7,1.3,214.3,151.4,2,309.4,491.3,59.96,210.5,2.3,5.3,1368.7,35.9,3.1,2.5,0,194.22504208209244,3183.8281743524954,16.39246999368288,31.5,31.375,2025-10-26 15:26:33
163.7,1.3,203.9,150.6,2,300.3,481.2,59.99,210.5,2.2,5.3,1368.7,35.9,3.1,2.5,0,194.22504208209244,1212.8869235628554,6.244750473783955,31.5,31.437,2025-10-26 15:26:48
160.7,1.3,208.4,150.5,1.9,296.7,474.1,60,210.4,2.2,5.3,1368.7,35.9,3.1,2.5,0,194.22504208209244,1288.6923562855338,6.635047378395452,31.437,31.437,2025-10-26 15:27:03
166.8,1.1,200.5,153.7,1.9,292.6,459.9,59.99,210.4,2.2,5.3,1368.7,35.9,3.1,2.5,0,194.22504208209244,1667.7195198989261,8.586531901452938,31.437,31.375,2025-10-26 15:27:18
163.7,1.2,207.9,153.7,1.8,284.2,463.3,59.98,210.3,2.1,5.3,1368.7,35.9,3.1,2.5,0,194.22504208209244,1478.2059380922299,7.610789639924194,31.437,31.312,2025-10-26 15:27:33
160.7,1.2,204.4,153.7,1.8,281.3,456.9,59.97,210.3,2.1,5.3,1368.7,35.9,3.1,2.5,0,155.38003366567398,1970.9412507896398,12.684649399873654,31.5,31.312,2025-10-26 15:27:48
165.8,1.1,201.9,151.4,1.8,277.0,451.3,59.99,210.4,2.1,5.3,1368.7,35.9,3.1,2.5,0,155.38003366567398,3259.6336070751736,20.97845862286797,31.5,31.25,2025-10-26 15:28:03
163.7,1.2,202.9,153.7,1.7,264.8,442.0,60.02,210.5,2.1,5.3,1368.7,36,3.1,2.5,0,155.38003366567398,1137.0814908401767,7.318066961465569,31.5,31.187,2025-10-26 15:28:18
160.7,1.2,199.4,150.7,1.7,262.7,435.3,60.04,210.6,2,5.3,1368.7,36,3.1,2.5,0,155.38003366567398,3752.3689197725835,24.14962097283638,31.437,31.187,2025-10-26 15:28:33
163.8,1.2,202.2,153.7,1.7,266.2,442.2,60.04,210.6,2.1,5.3,1368.7,36,3.1,2.5,0,155.38003366567398,1250.7896399241945,8.049873657612128,31.5,31.125,2025-10-26 15:28:48
166,1.2,183.8,153.7,1.7,262.8,421.2,60.03,210.6,2,5.3,1368.7,36,3.1,2.5,0,155.38003366567398,3638.660770688566,23.41781427668983,31.5,31.125,2025-10-26 15:29:03
160.6,1.2,196.3,151.9,1.6,251.4,422.4,60.03,210.4,1.9,5.3,1368.7,36,3.1,2.5,0,155.38003366567398,1781.427668982944,11.464971572962728,31.562,31.125,2025-10-26 15:29:18
163.7,1.2,196.6,153.7,1.5,244.3,416.1,60.01,210.6,1.9,5.3,1368.7,36,3.1,2.5,0,155.38003366567398,3487.049905243209,22.442072015161084,31.5,31.125,2025-10-26 15:29:33
166.7,1.2,179.9,153.7,1.5,239.8,397.3,60,210.6,1.9,5.3,1368.7,36,3.1,2.5,0,155.38003366567398,2425.7738471257107,15.611876184459884,31.375,31.062,2025-10-26 15:29:48
163.7,1.2,194.2,153.7,1.4,236.4,405.8,59.99,210.6,1.8,5.3,1368.7,35.9,3.1,2.5,0,155.38003366567398,1857.233101705622,11.952842703727097,31.375,31.0,2025-10-26 15:30:03
160.6,1.2,190.9,153.7,1.5,237.4,403.2,60.05,210.8,1.9,5.3,1368.7,35.9,3.1,2.5,0,155.38003366567398,2046.7466835123184,13.172520530638028,31.437,30.937,2025-10-26 15:30:18
163.8,1.1,192.4,150.7,1.5,234.8,403.0,60.04,210.8,1.9,5.3,1368.7,35.9,3.1,2.5,0,155.38003366567398,2008.843967150979,12.928584965255842,31.437,30.937,2025-10-26 15:30:33
163.9,1.1,182.0,153.7,1.5,235.3,393.0,60.03,210.7,1.9,5.3,1368.7,35.9,3.1,2.5,0,155.38003366567398,2312.065698041693,14.880069488313326,31.437,30.937,2025-10-26 15:30:48
163,1.1,191.1,151,1.5,239.2,404.0,59.97,210.7,1.9,5.3,1368.7,35.9,3.1,2.5,0,155.38003366567398,3297.5363234365127,21.222394188250153,31.375,30.937,2025-10-26 15:31:03
161.7,1.1,188.9,151.8,1.5,229.3,393.2,59.97,210.6,1.9,5.3,1368.7,35.8,3.1,2.5,0,155.38003366567398,2804.801010739103,18.05123183828174,31.437,30.875,2025-10-26 15:31:18
164.9,1,190.0,155.1,1.5,232.6,397.5,59.99,210.6,1.7,5.3,1368.7,35.8,3.1,2.5,0,155.38003366567398,1326.595072646873,8.537744788376498,31.437,30.937,2025-10-26 15:31:33
163.6,1.1,189.6,151.5,1.5,237.1,401.1,60,210.5,1.9,5.3,1368.7,35.8,3.1,2.5,0,155.38003366567398,5230.574857864814,33.663108022741625,31.375,30.937,2025-10-26 15:31:48
160.9,1.1,186.2,152.2,1.5,241.1,402.0,60.02,210.7,1.8,5.3,1368.7,35.8,3.1,2.5,0,155.38003366567398,3411.2444725205305,21.954200884396712,31.375,30.937,2025-10-26 15:32:03
163.7,1.1,188.1,152.2,1.6,242.3,404.0,60.01,210.6,1.9,5.3,1368.7,35.8,3.1,2.5,0,155.38003366567398,2728.9955780164246,17.563360707517372,31.437,30.875,2025-10-26 15:32:18
166.6,1.1,167.3,149.3,1.5,237.1,379.9,60.01,210.6,1.9,5.3,1368.7,35.8,3.1,2.5,0,155.38003366567398,4283.006948831333,27.564718888186984,31.562,30.875,2025-10-26 15:32:33
163.8,1.1,185.6,151.9,1.5,237.1,399.0,59.99,210.5,1.8,5.3,1368.7,35.7,3.1,2.5,0,155.38003366567398,2463.67656348705,15.85581174984207,31.562,30.937,2025-10-26 15:32:48
160.7,1.1,182.0,155.3,1.5,232.2,390.6,60.05,210.5,1.8,5.3,1368.7,35.7,3.1,2.5,0,155.38003366567398,5344.283006948831,34.39491471888818,31.687,30.875,2025-10-26 15:33:03
163.8,1.1,183.6,152.2,1.4,226.0,385.9,60.03,210.5,1.7,5.3,1368.7,35.7,3.1,2.5,0,155.38003366567398,1099.1787744788378,7.074131396083386,31.625,30.875,2025-10-26 15:33:18
165.9,1.1,160.9,151.8,1.4,226.4,378.0,60.03,210.7,1.7,5.3,1368.7,35.7,3.1,2.5,0,155.38003366567398,4283.006948831333,27.564718888186984,31.687,30.875,2025-10-26 15:33:33
162.1,1.1,180.6,152.3,1.4,223.4,382.3,60,210.6,1.8,5.3,1368.7,35.7,3.1,2.5,0,155.38003366567398,3941.8825015792795,25.36929879974731,31.625,30.812,2025-10-26 15:33:48
162.8,1.1,178.3,154.2,1.4,218.9,375.5,59.97,210.5,1.7,5.3,1368.7,35.7,3.1,2.5,0,155.38003366567398,3487.049905243209,22.442072015161084,31.5,30.687,2025-10-26 15:34:03
165.7,0.9,174.1,154.9,1.4,220.7,375.1,59.97,210.6,1.6,5.3,1368.7,35.7,3.1,2.5,0,155.38003366567398,2122.552116234997,13.6603916614024,31.437,30.687,2025-10-26 15:34:18
163.5,1.1,174.4,155.2,1.3,223.3,377.4,60.01,210.6,1.7,5.3,1368.7,35.7,3.1,2.5,0,155.38003366567398,1743.5249526216046,11.221036007580542,31.375,30.687,2025-10-26 15:34:33
160.7,1.1,176.7,155.1,1.4,225.5,379.6,60.03,210.7,1.7,5.3,1368.7,35.6,3.1,2.5,0,155.38003366567398,1781.427668982944,11.464971572962728,31.312,30.625,2025-10-26 15:34:48
163.7,1.1,178.2,152.1,1.4,222.2,378.1,60.03,210.7,1.7,5.3,1368.7,35.6,3.1,2.5,0,155.38003366567398,4965.255843335439,31.955559065066325,31.312,30.625,2025-10-26 15:35:03
166.3,1.1,170.8,155.2,1.3,225.8,361.9,60.05,210.6,1.7,5.3,1368.7,35.6,3.1,2.5,0,155.38003366567398,4283.006948831333,27.564718888186984,31.312,30.562,2025-10-26 15:35:18
163.7,1.1,178.1,149.1,1.5,228.4,383.6,60.04,210.8,1.8,5.3,1368.7,35.5,3.1,2.5,0,155.38003366567398,4017.687934301958,25.857169930511684,31.437,30.562,2025-10-26 15:35:33
160.7,1.1,176.1,153.7,1.5,242.2,395.9,60.01,210.6,1.8,5.3,1368.7,35.5,3.1,2.5,0,155.38003366567398,3979.785217940619,25.613234365129497,31.437,30.437,2025-10-26 15:35:48
163.6,1.1,178.2,155.1,1.5,244.6,399.3,60.01,210.3,1.8,5.3,1368.7,35.5,3.1,2.5,0,155.38003366567398,4624.131396083386,29.760138976626653,31.375,30.437,2025-10-26 15:36:03
165.6,1.1,157.4,153,1.6,247.2,385.5,60.04,210.4,1.9,5.3,1368.7,35.4,3.1,2.5,0,155.38003366567398,4889.450410612761,31.467687934301956,31.437,30.375,2025-10-26 15:36:18
161,1.1,175.7,151.1,1.6,243.2,395.7,60,210.3,1.8,5.4,1368.8,35.4,3.1,2.5,0,155.38003366567398,1895.1358180669613,12.196778269109284,31.312,30.375,2025-10-26 15:36:33
163.9,1,174.1,156.7,1.5,235.4,386.7,59.97,210.3,1.8,5.4,1368.8,35.4,3.1,2.5,0,155.38003366567398,4965.255843335439,31.955559065066325,31.25,30.312,2025-10-26 15:36:48
163.9,0.8,174.5,153.8,1.5,232.5,377.5,59.99,210.2,1.7,5.4,1368.8,35.4,3.1,2.5,0,155.38003366567398,2804.801010739103,18.05123183828174,31.312,30.25,2025-10-26 15:37:03
163.9,1,170.3,154.2,1.4,230.3,378.7,59.98,210.2,1.7,5.4,1368.8,35.3,3.1,2.5,0,155.38003366567398,3032.217308907138,19.514845230574853,31.375,30.125,2025-10-26 15:37:18
160.7,1,169.9,152,1.4,225.1,373.3,59.97,210.2,1.7,5.4,1368.8,35.3,3.1,2.5,0,155.38003366567398,5268.477574226153,33.90704358812381,31.375,30.125,2025-10-26 15:37:33
163.9,1,169.8,153.7,1.4,223.6,373.0,59.97,210.1,1.7,5.4,1368.8,35.3,3.1,2.5,0,155.38003366567398,1781.427668982944,11.464971572962728,31.375,30.062,2025-10-26 15:37:48
166.8,0.9,159.3,156.6,1.4,220.2,359.5,59.99,210.1,1.7,5.4,1368.8,35.2,3.1,2.5,0,155.38003366567398,5495.893872394188,35.370656980416925,31.312,30.062,2025-10-26 15:38:03
163.7,1,169.2,156.5,1.4,221.7,371.1,59.97,210.4,1.7,5.4,1368.8,35.2,3.1,2.5,0,155.38003366567398,1061.2760581174985,6.8301958307012,31.187,30.062,2025-10-26 15:38:18
160.9,1,166.3,156.7,1.3,218.7,365.0,59.97,210.5,1.6,5.4,1368.8,35.2,3.1,2.5,0,155.38003366567398,5268.477574226153,33.90704358812381,31.25,30.062,2025-10-26 15:38:33
163.7,1,167.7,156.6,1.4,218.6,367.2,59.98,210.5,1.6,5.4,1368.8,35.2,3.1,2.5,0,155.38003366567398,1516.108654453569,9.757422615287426,31.25,30.0,2025-10-26 15:38:48
164.6,1,148.0,159,1.3,217.0,348.6,59.96,210.4,1.6,5.4,1368.8,35.1,3.1,2.5,0,155.38003366567398,5609.602021478206,36.10246367656348,31.312,30.0,2025-10-26 15:39:03
160.9,1,165.7,156.6,1.4,219.2,365.3,59.98,210.5,1.7,5.4,1368.8,35.1,3.1,2.5,0,155.38003366567398,2653.190145293746,17.075489576752997,31.312,30.0,2025-10-26 15:39:18
161,1,164.4,153.4,1.3,203.7,350.8,59.97,210.4,1.6,5.4,1368.8,35.1,3.1,2.5,0,155.38003366567398,3562.855337965888,22.929943145925456,31.312,30.0,2025-10-26 15:39:33
164.1,0.8,165.7,158.3,1.3,208.4,356.2,59.95,210.3,1.5,5.4,1368.8,35.1,3.1,2.5,0,155.38003366567398,1629.8168035375868,10.489229311433984,31.375,30.0,2025-10-26 15:39:48
163.8,1,162.9,156.4,1.3,209.6,354.6,59.96,210.4,1.7,5.4,1368.8,35.1,3.1,2.5,0,155.38003366567398,2956.4118761844597,19.026974099810484,31.375,29.937,2025-10-26 15:40:03
160.6,1,162.1,159.1,1.1,213.2,357.1,59.96,210.5,1.6,5.4,1368.8,35.1,3.1,2.5,0,116.53502524925548,6026.531901452938,51.71433986102337,31.312,29.937,2025-10-26 15:40:18
163.7,1,162.7,152.2,1.4,227.8,369.4,60,210.6,1.7,5.4,1368.8,35,3.1,2.6,0,155.38003366567398,5457.991156032849,35.126721415034744,31.25,30.0,2025-10-26 15:40:33
167.2,0.9,142.9,155.1,1.3,222.6,348.2,59.99,210.6,1.7,5.4,1368.8,35,3.1,2.6,0,155.38003366567398,1895.1358180669613,12.196778269109284,31.187,29.937,2025-10-26 15:40:48
163.7,1,162.1,150.6,1.4,224.3,366.0,60.02,210.7,1.7,5.4,1368.8,35,3.1,2.6,0,116.53502524925548,2539.4819962097285,21.791577174141924,31.125,30.0,2025-10-26 15:41:03
160.7,1,159.6,151,1.4,215.3,352.6,60.02,210.6,1.7,5.4,1368.8,35,3.1,2.6,0,116.53502524925548,3979.785217940619,34.150979153506,31.125,30.062,2025-10-26 15:41:18
163.7,0.9,160.9,153.4,1.4,221.0,362.2,59.98,210.6,1.7,5.4,1368.8,35,3.1,2.6,0,155.38003366567398,1023.3733417561592,6.586260265319014,31.187,30.062,2025-10-26 15:41:33
163.7,0.9,147.4,150.5,1.4,221.2,348.9,60.01,210.5,1.7,5.4,1368.8,35,3.1,2.6,0,116.53502524925548,1099.1787744788378,9.432175194777848,31.25,30.125,2025-10-26 15:41:48
162.7,0.9,159.0,155.2,1.3,214.6,353.3,60.03,210.5,1.7,5.4,1368.8,35,3.1,2.6,0,116.53502524925548,2501.579279848389,21.46632975363234,31.312,30.125,2025-10-26 15:42:03
161.9,0.9,156.6,150.9,1.4,218.1,356.4,60.02,210.5,1.6,5.4,1368.8,35,3.1,2.6,0,116.53502524925548,6026.531901452938,51.71433986102337,31.312,30.125,2025-10-26 15:42:18
164.6,0.8,157.4,152.1,1.4,215.7,354.7,59.98,210.6,1.5,5.4,1368.8,35,3.1,2.6,0,116.53502524925548,4624.131396083386,39.68018530216887,31.312,30.187,2025-10-26 15:42:33
163.7,0.9,156.0,153,1.3,212.7,349.9,60.01,210.7,1.6,5.4,1368.8,35,3.1,2.6,0,116.53502524925548,5192.672141503474,44.558896609812585,31.375,30.187,2025-10-26 15:42:48
160.7,0.9,154.3,155.1,1.3,212.9,350.2,59.98,210.6,1.5,5.4,1368.8,35,3.1,2.6,0,116.53502524925548,4662.034112444725,40.00543272267845,31.375,30.25,2025-10-26 15:43:03
163.6,0.9,155.1,155.2,1.4,214.5,351.1,59.98,210.7,1.6,5.4,1368.8,35,3.1,2.6,0,116.53502524925548,1288.6923562855338,11.058412297325752,31.437,30.25,2025-10-26 15:43:18
166.7,0.9,127.7,155.3,1.4,213.7,326.1,60.01,210.7,1.6,5.4,1368.8,35,3.1,2.6,0,116.53502524925548,5799.115603284902,49.76285533796588,31.437,30.312,2025-10-26 15:43:33
163.5,0.9,154.6,149.2,1.4,214.0,351.2,60.01,210.7,1.6,5.4,1368.8,35,3.1,2.6,0,116.53502524925548,3600.758054327227,30.89850494841019,31.437,30.312,2025-10-26 15:43:48
160.7,0.9,152.8,158.1,1.3,211.5,347.5,60.03,210.4,1.6,5.4,1368.8,35,3.1,2.6,0,116.53502524925548,2691.092861655085,23.092566856180245,31.437,30.312,2025-10-26 15:44:03
163.7,0.9,153.7,153.7,1.4,220.0,355.9,60.01,210.4,1.6,5.4,1368.8,35,3.1,2.6,0,116.53502524925548,4737.839545167403,40.65592756369761,31.437,30.312,2025-10-26 15:44:18
166.2,0.9,146.6,152.3,1.4,219.4,347.3,59.98,210.5,1.7,5.4,1368.8,35,3.1,2.6,0,116.53502524925548,1174.984207201516,10.082670035797008,31.437,30.375,2025-10-26 15:44:33
161.9,0.9,153.0,153.7,1.4,217.6,352.9,59.99,210.5,1.6,5.4,1368.8,35,3.1,2.6,0,116.53502524925548,1364.4977890082123,11.708907138344914,31.437,30.375,2025-10-26 15:44:48
162.8,0.9,150.5,148.8,1.4,206.6,339.7,59.99,210.4,1.6,5.4,1368.8,35,3.1,2.6,0,116.53502524925548,2577.3847125710677,22.116824594651504,31.437,30.375,2025-10-26 15:45:03
165.8,0.7,149.4,152.2,1.4,213.9,347.9,60.04,210.4,1.5,5.4,1368.8,35,3.1,2.6,0,116.53502524925548,1250.7896399241945,10.73316487681617,31.437,30.375,2025-10-26 15:45:18
163.6,0.9,148.9,149.3,1.4,209.9,344.0,60,210.6,1.6,5.4,1368.8,35,3.1,2.6,0,116.53502524925548,3600.758054327227,30.89850494841019,31.437,30.312,2025-10-26 15:45:33
160.7,0.9,147.8,152.5,1.3,206.2,337.0,59.97,210.6,1.5,5.4,1368.8,35,3.1,2.6,0,116.53502524925548,1061.2760581174985,9.106927774268266,31.375,30.312,2025-10-26 15:45:48
163.6,0.9,147.7,155,1.3,202.2,334.5,60,210.7,1.5,5.4,1368.8,34.9,3.1,2.6,0,116.53502524925548,4624.131396083386,39.68018530216887,31.375,30.312,2025-10-26 15:46:03
166.3,0.8,139.4,155.5,1.2,199.0,309.1,60.02,210.7,1.5,5.4,1368.8,34.9,3.1,2.6,0,116.53502524925548,3145.925457991156,26.995535902295217,31.312,30.25,2025-10-26 15:46:18
163.8,0.9,148.5,151.9,1.2,196.3,329.8,60.02,210.5,1.5,5.4,1368.8,34.9,3.1,2.6,0,116.53502524925548,3183.8281743524954,27.3207833228048,31.375,30.312,2025-10-26 15:46:33
160.7,0.9,147.1,155.3,1.2,198.3,329.9,60.01,210.4,1.5,5.4,1368.8,34.9,3.1,2.6,0,116.53502524925548,2160.454832596336,18.539102969046112,31.312,30.312,2025-10-26 15:46:48
163.7,0.9,147.9,155,1.2,198.2,332.2,59.95,210.6,1.4,5.4,1368.8,34.9,3.1,2.6,0,116.53502524925548,2084.649399873658,17.888608128026952,31.312,30.312,2025-10-26 15:47:03
165.3,0.9,128.8,157,1.2,198.5,312.8,59.96,210.8,1.5,5.4,1368.8,34.9,3.1,2.6,0,116.53502524925548,4093.493367024637,35.126721415034744,31.312,30.25,2025-10-26 15:47:18
161.5,0.9,146.6,155,1.2,196.2,329.6,59.97,210.4,1.5,5.4,1368.8,34.9,3.1,2.6,0,116.53502524925548,5837.018319646241,50.088102758475465,31.375,30.25,2025-10-26 15:47:33
163.7,0.9,143.9,152.2,1.2,192.6,322.2,59.97,210.2,1.5,5.4,1368.8,34.9,3.1,2.6,0,116.53502524925548,3638.660770688566,31.22375236891977,31.375,30.187,2025-10-26 15:47:48
163.8,0.7,145.7,155.2,1.1,189.2,309.1,59.97,210.2,1.4,5.4,1368.8,35,3.1,2.6,0,116.53502524925548,5533.796588755527,47.48612339439882,31.437,30.187,2025-10-26 15:48:03
163.8,0.8,144.6,155.1,1.2,186.8,316.4,59.97,210.4,1.5,5.4,1368.8,35,3.1,2.6,0,116.53502524925548,1516.108654453569,13.009896820383236,31.375,30.187,2025-10-26 15:48:18
160.8,0.9,142.2,153.2,1.2,184.0,311.8,59.97,210.4,1.4,5.4,1368.8,35,3.1,2.6,0,116.53502524925548,1023.3733417561592,8.781680353758686,31.312,30.125,2025-10-26 15:48:33
163.7,0.8,142.1,156.9,1.1,171.9,301.7,59.99,210.5,1.4,5.4,1368.8,35,3.1,2.6,0,116.53502524925548,5003.158559696778,42.93265950726468,31.25,30.125,2025-10-26 15:48:48
166.7,0.8,127.1,155.2,1.1,173.7,290.6,59.99,210.4,1.4,5.4,1368.8,35,3.1,2.6,0,116.53502524925548,5192.672141503474,44.558896609812585,31.187,30.125,2025-10-26 15:49:03
163.7,0.8,139.9,152.3,1.1,167.3,294.8,59.98,210.4,1.3,5.4,1368.8,35,3.1,2.6,0,116.53502524925548,2463.67656348705,21.14108233312276,31.125,30.062,2025-10-26 15:49:18
163.8,0.8,137.9,149.3,1,157.3,284.3,59.96,210.2,1.3,5.4,1368.8,35,3.1,2.6,0,116.53502524925548,5382.18572331017,46.18513371236049,31.125,30.0,2025-10-26 15:49:33
159.8,0.8,135.0,151.2,0.9,149.4,274.6,59.99,210.3,1.3,5.4,1368.8,35,3.1,2.6,0,116.53502524925548,5533.796588755527,47.48612339439882,31.062,30.0,2025-10-26 15:49:48
160.6,0.8,135.3,152.2,0.9,143.5,269.5,59.98,210.4,1.2,5.4,1368.8,34.9,3.1,2.6,0,116.53502524925548,2956.4118761844597,25.369298799747313,31.062,29.937,2025-10-26 15:50:03
163.8,0.8,133.3,155.1,0.8,139.8,262.6,59.98,210.4,1.2,5.4,1368.8,34.9,3.1,2.6,0,116.53502524925548,3221.7308907138345,27.64603074331438,31.0,29.875,2025-10-26 15:50:18
163.7,0.8,133.2,151.9,0.9,137.2,262.9,59.95,210.4,1.2,5.4,1368.8,34.9,3.1,2.6,0,116.53502524925548,2577.3847125710677,22.116824594651504,30.937,29.812,2025-10-26 15:50:33
163,0.8,133.4,150.9,0.8,136.7,262.2,59.97,210.7,1.2,5.4,1368.8,34.9,3.1,2.6,0,116.53502524925548,3866.0770688566013,33.17523689197726,30.812,29.75,2025-10-26 15:50:48
160.6,0.8,133.8,152.9,0.9,132.9,259.2,59.99,210.8,1.2,5.4,1368.8,34.9,3.1,2.6,0,116.53502524925548,3373.3417561591914,28.947020425352704,30.75,29.687,2025-10-26 15:51:03
160.7,0.8,133.7,150.6,0.9,134.8,260.7,59.98,210.5,1.1,5.4,1368.8,34.8,3.1,2.6,0,116.53502524925548,3524.9526216045483,30.248010107391025,30.75,29.625,2025-10-26 15:51:18
157.9,0.8,132.2,147.7,0.8,132.6,255.9,59.98,210.6,1.2,5.4,1368.8,34.8,3.1,2.6,0,116.53502524925548,1023.3733417561592,8.781680353758686,30.687,29.5,2025-10-26 15:51:33
157.8,0.8,131.6,150.7,0.8,132.7,257.1,59.99,210.6,1.2,5.4,1368.8,34.7,3.1,2.6,0,116.53502524925548,4586.228679722047,39.35493788165929,30.625,29.437,2025-10-26 15:51:48
160.7,0.8,133.0,153.6,0.8,128.9,254.8,59.98,210.5,1.2,5.4,1368.8,34.7,3.1,2.6,0,116.53502524925548,3676.563487049905,31.548999789429345,30.625,29.375,2025-10-26 15:52:03
160.9,0.8,133.1,153.7,0.8,129.0,254.7,59.99,210.6,1.1,5.4,1368.8,34.7,3.1,2.6,0,116.53502524925548,1212.8869235628554,10.40791745630659,30.562,29.312,2025-10-26 15:52:18
163.7,0.8,131.8,151,0.8,129.1,253.7,59.99,210.6,1.2,5.4,1368.8,34.6,3.1,2.6,0,116.53502524925548,5571.6993051168665,47.81137081490839,30.5,29.312,2025-10-26 15:52:33
162.4,0.8,132.3,150.7,0.8,130.4,256.2,59.98,210.8,1.2,5.4,1368.8,34.6,3.1,2.6,0,116.53502524925548,3790.2716361339226,32.52474205095809,30.437,29.25,2025-10-26 15:52:48
162.1,0.8,132.5,147.5,0.8,129.2,255.2,59.97,210.5,1.1,5.4,1368.8,34.6,3.1,2.6,0,116.53502524925548,1326.595072646873,11.383659717835332,30.437,29.187,2025-10-26 15:53:03
159.2,0.8,131.6,148.8,0.8,128.2,252.2,59.96,210.3,1.1,5.4,1368.8,34.6,3.1,2.6,0,116.53502524925548,5420.088439671509,46.510381132870066,30.375,29.062,2025-10-26 15:53:18
162.2,0.8,133.3,152,0.8,129.9,255.1,59.97,210.2,1.2,5.4,1368.8,34.6,3.1,2.6,0,116.53502524925548,1478.2059380922299,12.684649399873656,30.375,29.062,2025-10-26 15:53:33
163.4,0.8,122.4,151.9,0.8,126.5,242.9,59.97,210.2,1.2,5.4,1368.8,34.5,3.1,2.6,0,116.53502524925548,3638.660770688566,31.22375236891977,30.375,29.0,2025-10-26 15:53:48
162.3,0.8,133.0,150.7,0.8,129.8,254.8,60.01,210.3,1.2,5.4,1368.8,34.5,3.1,2.6,0,116.53502524925548,5003.158559696778,42.93265950726468,30.312,28.937,2025-10-26 15:54:03
159.3,0.8,132.5,147.8,0.8,128.1,252.0,60.05,210.5,1.2,5.4,1368.8,34.5,3.1,2.6,0,116.53502524925548,3032.217308907138,26.019793640766473,30.312,28.937,2025-10-26 15:54:18
162.4,0.7,133.4,150.8,0.8,130.6,256.2,60.04,210.5,1.1,5.4,1368.8,34.4,3.1,2.6,0,116.53502524925548,5457.991156032849,46.83562855337966,30.312,28.937,2025-10-26 15:54:33
162.8,0.8,126.6,153.3,0.8,128.1,255.1,60.04,210.4,1.1,5.4,1368.8,34.4,3.1,2.6,0,116.53502524925548,1554.0113708149083,13.335144240892818,30.312,28.937,2025-10-26 15:54:48
159.2,0.8,133.3,150.7,0.8,130.7,256.0,60.03,210.1,1.1,5.4,1368.8,34.4,3.1,2.6,0,116.53502524925548,1705.6222362602653,14.63613392293114,30.312,28.937,2025-10-26 15:55:03
162.3,0.8,133.1,147.7,0.8,129.6,254.5,60.02,210.1,1.2,5.5,1368.9,34.4,3.1,2.6,0,116.53502524925548,4245.104232469994,36.427711097073065,30.25,28.875,2025-10-26 15:55:18
162.8,0.7,126.2,150.7,0.8,131.1,250.6,60.04,210.2,1.2,5.5,1368.9,34.4,3.1,2.6,0,116.53502524925548,2387.871130764371,20.490587492103597,30.312,28.937,2025-10-26 15:55:33
162.4,0.8,134.1,150.7,0.8,132.4,257.8,60.04,210.3,1.2,5.5,1368.9,34.4,3.1,2.6,0,116.53502524925548,4813.644977890082,41.30642240471678,30.312,28.937,2025-10-26 15:55:48
159.2,0.8,131.8,151.6,0.8,129.2,254.0,60.01,210.3,1.2,5.5,1368.9,34.4,3.1,2.6,0,116.53502524925548,985.4706253948199,8.456432933249104,30.312,28.937,2025-10-26 15:56:03
162.2,0.8,133.7,153.7,0.8,128.3,255.2,60.01,210.3,1.2,5.5,1368.9,34.4,3.1,2.6,0,116.53502524925548,1933.0385344283006,16.58761844598863,30.25,28.875,2025-10-26 15:56:18
165.3,0.8,123.6,149.2,0.8,129.7,249.3,59.99,210.3,1.2,5.5,1368.9,34.4,3.1,2.6,0,116.53502524925548,1591.9140871762477,13.6603916614024,30.25,28.875,2025-10-26 15:56:33
161.9,0.8,134.3,152.2,0.8,127.0,254.4,60,210.5,1.2,5.5,1368.9,34.4,3.1,2.6,0,116.53502524925548,985.4706253948199,8.456432933249104,30.187,28.875,2025-10-26 15:56:48
159.8,0.8,132.1,154.8,0.8,124.1,249.6,59.98,210.3,1.2,5.5,1368.9,34.4,3.1,2.6,0,116.53502524925548,1137.0814908401767,9.757422615287426,30.187,28.875,2025-10-26 15:57:03
162.2,0.7,133.7,154.5,0.8,122.6,249.8,59.98,210.4,1.1,5.5,1368.9,34.4,3.1,2.6,0,116.53502524925548,2539.4819962097285,21.791577174141924,30.125,28.875,2025-10-26 15:57:18
162.3,0.8,129.3,153.8,0.7,123.4,244.8,60.05,210.5,1.1,5.5,1368.9,34.4,3.1,2.6,0,116.53502524925548,5382.18572331017,46.18513371236049,30.125,28.812,2025-10-26 15:57:33
159.2,0.8,131.8,156.5,0.7,118.5,244.2,60.02,210.5,1.1,5.5,1368.9,34.4,3.1,2.6,0,116.53502524925548,5723.310170562224,49.11236049694672,30.125,28.812,2025-10-26 15:57:48
162,0.8,132.8,153.7,0.8,119.8,245.6,60.01,210.4,1.1,5.5,1368.9,34.4,3.1,2.6,0,116.53502524925548,4586.228679722047,39.35493788165929,29.562,28.812,2025-10-26 15:58:03
163.9,0.7,132.7,153.6,0.8,126.8,242.9,59.99,210.5,1.1,5.5,1368.9,34.4,3.1,2.6,0,116.53502524925548,4927.3531269741,42.28216466624552,30.062,28.875,2025-10-26 15:58:18
162.1,0.8,132.6,149.2,0.8,129.8,254.1,60.01,210.3,1.2,5.5,1368.9,34.4,3.1,2.6,0,116.53502524925548,4169.298799747316,35.777216256053904,30.062,28.875,2025-10-26 15:58:33
159.2,0.8,131.0,151.9,0.8,129.2,251.9,59.98,210.4,1.1,5.5,1368.9,34.4,3.1,2.6,0,116.53502524925548,5912.8237523689195,50.738597599494625,30.062,28.812,2025-10-26 15:58:48
162.2,0.8,133.1,152.2,0.8,128.9,254.1,59.95,210.3,1.2,5.5,1368.9,34.4,3.2,2.6,0,116.53502524925548,1023.3733417561592,8.781680353758686,30.062,28.875,2025-10-26 15:59:03
164.9,0.8,122.4,151.7,0.8,129.1,244.8,59.96,210.4,1.2,5.5,1368.9,34.4,3.2,2.6,0,116.53502524925548,2008.843967150979,17.23811328700779,30.062,28.812,2025-10-26 15:59:18
161.6,0.8,132.3,149.2,0.8,130.0,254.6,59.98,210.5,1.2,5.5,1368.9,34.4,3.2,2.6,0,116.53502524925548,5306.380290587492,45.53463887134133,30.0,28.812,2025-10-26 15:59:33
159.3,0.8,130.2,147.7,0.8,129.6,252.6,59.99,210.5,1.2,5.5,1368.9,34.4,3.2,2.6,0,116.53502524925548,5192.672141503474,44.558896609812585,30.0,28.75,2025-10-26 15:59:48
162.3,0.7,132.2,146.1,0.8,128.8,251.9,59.98,210.6,1.1,5.5,1368.9,34.4,3.2,2.6,0,116.53502524925548,1099.1787744788378,9.432175194777848,30.0,28.812,2025-10-26 16:00:03
162.1,0.8,129.6,146.3,0.8,128.6,249.6,59.96,210.5,1.2,5.5,1368.9,34.4,3.2,2.6,0,116.53502524925548,4889.450410612761,41.95691724573594,30.0,28.75,2025-10-26 16:00:18
159.5,0.8,130.4,149.1,0.8,130.4,253.4,60.01,210.6,1.2,5.5,1368.9,34.4,3.2,2.6,0,116.53502524925548,1857.233101705622,15.937123604969463,30.062,28.812,2025-10-26 16:00:33
161.4,0.8,129.8,149.3,0.8,131.3,254.5,60.01,210.2,1.1,5.5,1368.9,34.4,3.2,2.6,0,116.53502524925548,5382.18572331017,46.18513371236049,30.062,28.812,2025-10-26 16:00:48
164.6,0.7,129.4,151.7,0.8,131.2,251.0,60.01,210.4,1.2,5.5,1368.9,34.4,3.2,2.6,0,116.53502524925548,1591.9140871762477,13.6603916614024,30.062,28.812,2025-10-26 16:01:03
162.2,0.8,130.7,152.2,0.8,129.3,253.3,59.99,210.7,1.1,5.5,1368.9,34.4,3.2,2.6,0,116.53502524925548,1667.7195198989261,14.310886502421562,30.125,28.812,2025-10-26 16:01:18
159.3,0.8,128.6,149.2,0.8,129.5,251.1,60.01,210.7,1.2,5.5,1368.9,34.3,3.2,2.6,0,116.53502524925548,4245.104232469994,36.427711097073065,30.125,28.75,2025-10-26 16:01:33
162.2,0.8,129.9,149.4,0.8,129.7,252.4,59.99,210.7,1.2,5.5,1368.9,34.3,3.2,2.6,0,116.53502524925548,4245.104232469994,36.427711097073065,30.125,28.75,2025-10-26 16:01:48
163.9,0.8,119.6,146.3,0.8,126.7,239.4,60.03,210.7,1.1,5.5,1368.9,34.3,3.2,2.6,0,116.53502524925548,6405.55906506633,54.96681406611918,30.062,28.75,2025-10-26 16:02:03
160.2,0.8,129.2,148.2,0.8,125.8,246.9,60.04,210.8,1.1,5.5,1368.9,34.3,3.2,2.6,0,116.53502524925548,5192.672141503474,44.558896609812585,30.062,28.687,2025-10-26 16:02:18
159.2,0.8,127.1,149.3,0.8,125.4,245.6,60.04,210.7,1.2,5.5,1368.9,34.3,3.2,2.6,0,77.69001683283699,4548.325963360707,58.544535691724555,30.062,28.75,2025-10-26 16:02:33
162.3,0.7,127.8,149.4,0.8,124.5,244.7,60.04,210.7,1,5.5,1368.9,34.3,3.2,2.6,0,116.53502524925548,1478.2059380922299,12.684649399873656,30.062,28.75,2025-10-26 16:02:48
162.1,0.7,126.0,152.2,0.8,121.0,240.3,60,210.7,1.1,5.5,1368.9,34.3,3.2,2.6,0,116.53502524925548,4586.228679722047,39.35493788165929,30.0,28.75,2025-10-26 16:03:03
159.7,0.7,125.0,152.2,0.8,118.6,236.6,60.01,210.7,1.1,5.5,1368.9,34.3,3.2,2.6,0,77.69001683283699,4548.325963360707,58.544535691724555,30.0,28.75,2025-10-26 16:03:18
162,0.7,123.9,149.5,0.8,117.1,235.0,60.01,210.7,1.1,5.5,1368.9,34.3,3.2,2.6,0,77.69001683283699,1023.3733417561592,13.172520530638028,30.0,28.687,2025-10-26 16:03:33
165.3,0.6,116.2,149.2,0.7,116.8,227.6,60.01,210.6,1,5.5,1368.9,34.3,3.2,2.6,0,77.69001683283699,5533.796588755527,71.22918509159823,30.0,28.687,2025-10-26 16:03:48
162.2,0.7,122.3,146.5,0.7,112.6,228.3,59.96,210.8,1.1,5.5,1368.9,34.3,3.2,2.6,0,77.69001683283699,6481.364497789008,83.42596336070751,29.937,28.625,2025-10-26 16:04:03
159.3,0.7,119.6,146.2,0.7,109.6,223.0,60.01,210.7,1,5.5,1368.9,34.2,3.2,2.6,0,77.69001683283699,1554.0113708149083,20.002716361339225,29.875,28.625,2025-10-26 16:04:18
162.3,0.7,120.0,147.9,0.7,107.4,220.9,60.01,210.7,1,5.5,1368.9,34.2,3.2,2.6,0,77.69001683283699,6253.948199620972,80.49873657612127,29.875,28.625,2025-10-26 16:04:33
163.6,0.7,101.0,149.3,0.7,107.0,205.1,59.99,210.6,1,5.5,1368.9,34.2,3.2,2.6,0,77.69001683283699,6443.461781427669,82.93809222994314,29.75,28.625,2025-10-26 16:04:48
162.1,0.7,116.8,149.3,0.6,103.5,215.1,59.99,210.5,1,5.5,1368.9,34.2,3.2,2.6,0,77.69001683283699,1099.1787744788378,14.148262792166772,29.75,28.562,2025-10-26 16:05:03
159.5,0.7,114.3,152.2,0.6,98.7,208.9,59.97,210.5,1,5.5,1368.9,34.2,3.2,2.6,0,77.69001683283699,2008.843967150979,25.857169930511684,29.75,28.562,2025-10-26 16:05:18
162.4,0.6,113.9,151.9,0.6,97.2,207.0,59.98,210.5,0.9,5.5,1368.9,34.2,3.2,2.6,0,77.69001683283699,2236.2602653190143,28.78439671509791,29.687,28.562,2025-10-26 16:05:33
163.3,0.7,110.3,149.3,0.6,95.7,202.4,60,210.5,0.9,5.5,1368.9,34.2,3.2,2.6,0,77.69001683283699,6253.948199620972,80.49873657612127,29.687,28.5,2025-10-26 16:05:48
159.2,0.7,110.3,149.3,0.6,93.8,200.3,59.99,210.4,0.9,5.5,1368.9,34.2,3.2,2.6,0,77.69001683283699,4510.423246999368,58.056664560960186,29.687,28.437,2025-10-26 16:06:03
162.2,0.6,108.5,146.2,0.6,90.8,195.6,60.01,210.4,0.9,5.5,1368.9,34.1,3.2,2.6,0,77.69001683283699,2008.843967150979,25.857169930511684,29.625,28.437,2025-10-26 16:06:18
165.6,0.5,94.4,146.3,0.6,89.1,181.2,60.02,210.4,0.9,5.5,1368.9,34.1,3.2,2.6,0,77.69001683283699,985.4706253948199,12.684649399873654,29.625,28.437,2025-10-26 16:06:33
162.4,0.6,105.6,147.8,0.5,87.3,191.4,60.03,210.4,0.8,5.5,1368.9,34.1,3.2,2.6,0,77.69001683283699,6026.531901452938,77.57150979153505,29.625,28.437,2025-10-26 16:06:48
159.3,0.6,105.1,149.4,0.5,87.0,188.4,60.03,210.4,0.9,5.5,1368.9,34.1,3.2,2.6,0,77.69001683283699,3183.8281743524954,40.9811749842072,29.562,28.375,2025-10-26 16:07:03
162.2,0.6,105.2,151.9,0.5,84.8,186.5,60.02,210.3,0.8,5.5,1368.9,34.1,3.2,2.6,0,77.69001683283699,1364.4977890082123,17.563360707517372,29.562,28.375,2025-10-26 16:07:18
162.4,0.6,103.4,152.1,0.5,81.8,182.6,59.99,210.2,0.8,5.5,1368.9,34.1,3.2,2.6,0,77.69001683283699,1061.2760581174985,13.6603916614024,29.562,28.375,2025-10-26 16:07:33
162.2,0.6,102.8,152.1,0.5,80.0,179.4,60,210,0.8,5.5,1368.9,34.1,3.2,2.6,0,77.69001683283699,1591.9140871762477,20.4905874921036,29.5,28.312,2025-10-26 16:07:48
161.9,0.6,100.0,149.3,0.5,81.5,178.5,59.99,210.3,0.9,5.5,1368.9,34.1,3.2,2.6,0,77.69001683283699,4093.493367024637,52.69008212255211,29.5,28.312,2025-10-26 16:08:03
159.2,0.6,101.5,150.9,0.5,78.4,176.4,60.07,210.3,0.8,5.5,1368.9,34.1,3.2,2.6,0,77.69001683283699,985.4706253948199,12.684649399873654,29.5,28.312,2025-10-26 16:08:18
164,0.6,94.6,148.9,0.5,79.3,171.3,60.04,210.2,0.8,5.5,1368.9,34.1,3.2,2.6,0,77.69001683283699,6140.240050536955,79.03512318382816,29.5,28.312,2025-10-26 16:08:33
160.6,0.6,100.0,149.3,0.5,79.5,176.1,60.01,210.1,0.7,5.5,1368.9,34,3.2,2.6,0,77.69001683283699,1895.1358180669613,24.39355653821857,29.437,28.312,2025-10-26 16:08:48
157.9,0.6,98.2,146.3,0.5,78.0,172.7,60.01,210.2,0.8,5.5,1368.9,34,3.2,2.6,0,77.69001683283699,1440.3032217308908,18.539102969046112,29.437,28.25,2025-10-26 16:09:03
160.8,0.6,98.9,146.3,0.5,78.3,173.8,59.98,210.2,0.8,5.5,1368.9,34,3.2,2.6,0,77.69001683283699,3600.758054327227,46.34775742261529,29.375,28.25,2025-10-26 16:09:18
161.4,0.6,91.4,149.3,0.5,78.6,168.6,59.97,210.2,0.8,5.5,1368.9,34,3.2,2.6,0,77.69001683283699,4775.742261528742,61.471762476310786,29.375,28.25,2025-10-26 16:09:33
157.6,0.6,97.4,146,0.5,78.3,172.5,60,210.1,0.8,5.5,1368.9,34,3.2,2.6,0,77.69001683283699,6329.753632343651,81.47447883765001,29.375,28.25,2025-10-26 16:09:48
158.1,0.6,97.0,149.3,0.5,78.6,172.4,60.04,210.1,0.8,5.5,1368.9,34,3.2,2.6,0,77.69001683283699,2236.2602653190143,28.78439671509791,29.375,28.25,2025-10-26 16:10:03
161,0.5,97.0,149.7,0.4,79.0,172.7,59.97,210.2,0.8,5.5,1368.9,34,3.2,2.6,0,77.69001683283699,1629.8168035375868,20.97845862286797,29.375,28.187,2025-10-26 16:10:18
160.6,0.6,96.8,145,0.5,77.9,171.4,59.97,210,0.8,5.5,1368.9,34,3.2,2.6,0,77.69001683283699,3941.8825015792795,50.73859759949462,29.375,28.187,2025-10-26 16:10:33
160.8,0.6,96.7,146.1,0.5,80.2,173.4,60.01,210.1,0.8,5.5,1368.9,34,3.2,2.6,0,77.69001683283699,5192.672141503474,66.83834491471889,29.312,28.187,2025-10-26 16:10:48
157.8,0.6,95.7,152.3,0.5,79.1,171.4,60.03,210.1,0.8,5.5,1368.9,33.9,3.2,2.6,0,77.69001683283699,871.7624763108023,11.221036007580542,29.312,28.187,2025-10-26 16:11:03
160.6,0.6,96.1,143.4,0.5,79.9,173.2,59.99,210.3,0.8,5.5,1368.9,33.9,3.2,2.6,0,77.69001683283699,2122.552116234997,27.3207833228048,29.312,28.187,2025-10-26 16:11:18
163.7,0.5,88.0,149.3,0.5,82.3,167.4,59.97,210.1,0.8,5.5,1368.9,33.9,3.2,2.6,0,77.69001683283699,5988.629185091599,77.08363866077069,29.25,28.187,2025-10-26 16:11:33
160.7,0.6,96.3,149.3,0.5,83.2,176.0,60.05,210.2,0.8,5.5,1368.9,33.9,3.2,2.6,0,77.69001683283699,2274.1629816803534,29.272267845862277,29.25,28.187,2025-10-26 16:11:48
157.8,0.6,95.3,146.4,0.5,83.4,175.4,60.05,210.4,0.8,5.5,1368.9,33.9,3.2,2.6,0,77.69001683283699,6140.240050536955,79.03512318382816,29.25,28.187,2025-10-26 16:12:03
160.7,0.5,95.6,146.4,0.5,84.7,176.8,60.03,210.5,0.9,5.5,1368.9,33.9,3.2,2.6,0,77.69001683283699,1781.427668982944,22.929943145925456,29.25,28.187,2025-10-26 16:12:18
163.3,0.6,94.0,143.4,0.5,83.9,174.1,60.04,210.5,0.8,5.5,1368.9,33.9,3.2,2.6,0,77.69001683283699,6026.531901452938,77.57150979153505,29.25,28.187,2025-10-26 16:12:33
159.6,0.6,96.4,149.2,0.5,85.6,178.7,60,210.5,0.8,5.5,1368.9,33.9,3.2,2.6,0,77.69001683283699,2766.8982943777637,35.61459254579911,29.187,28.187,2025-10-26 16:12:48
159.5,0.5,95.3,149.3,0.5,86.5,178.3,60.02,210.5,0.8,5.5,1368.9,33.9,3.2,2.6,0,77.69001683283699,4245.104232469994,54.6415666456096,29.187,28.25,2025-10-26 16:13:03
162.7,0.5,94.9,148.7,0.5,86.9,178.5,59.96,210.6,0.8,5.5,1368.9,33.9,3.2,2.6,0,77.69001683283699,5799.115603284902,74.64428300694883,29.187,28.25,2025-10-26 16:13:18
161,0.5,93.3,146.2,0.6,87.6,179.5,59.98,210.5,0.8,5.5,1368.9,33.9,3.2,2.6,0,77.69001683283699,909.6651926721415,11.708907138344914,29.187,28.312,2025-10-26 16:13:33
157.7,0.6,94.4,146.3,0.5,85.2,176.2,60.01,210.4,0.8,5.5,1368.9,33.9,3.2,2.6,0,77.69001683283699,871.7624763108023,11.221036007580542,29.187,28.312,2025-10-26 16:13:48
160.6,0.5,95.1,146.2,0.6,87.8,179.5,59.99,210.5,0.8,5.5,1368.9,33.9,3.2,2.6,0,77.69001683283699,6178.142766898294,79.52299431459254,29.187,28.312,2025-10-26 16:14:03
163.3,0.5,87.0,146.8,0.5,87.8,171.4,60,210.5,0.8,5.5,1368.9,33.9,3.2,2.6,0,77.69001683283699,1061.2760581174985,13.6603916614024,29.25,28.312,2025-10-26 16:14:18
160.6,0.5,95.0,146.6,0.6,87.2,178.7,59.97,210.5,0.8,5.5,1368.9,33.9,3.2,2.6,0,77.69001683283699,1781.427668982944,22.929943145925456,29.25,28.375,2025-10-26 16:14:33
157.8,0.5,93.3,147.7,0.6,87.9,177.8,59.99,210.4,0.8,5.5,1368.9,33.9,3.2,2.6,0,77.69001683283699,6367.656348704991,81.9623499684144,29.25,28.375,2025-10-26 16:14:48
160.7,0.5,94.3,147.8,0.5,87.0,177.8,59.98,210.2,0.8,5.5,1368.9,33.9,3.2,2.6,0,77.69001683283699,2463.67656348705,31.71162349968414,29.312,28.375,2025-10-26 16:15:03
161.9,0.5,85.9,145.8,0.6,87.1,176.3,59.99,210.2,0.8,5.5,1368.9,33.9,3.2,2.6,0,77.69001683283699,947.5679090334806,12.196778269109284,29.312,28.375,2025-10-26 16:15:18
158.6,0.5,93.3,147.5,0.5,87.6,177.5,59.99,210.3,0.8,5.5,1368.9,33.9,3.2,2.6,0,77.69001683283699,1743.5249526216046,22.442072015161084,29.312,28.375,2025-10-26 16:15:33
160.3,0.5,92.4,145.5,0.6,87.0,176.1,59.99,210.4,0.8,5.5,1368.9,33.9,3.2,2.6,0,77.69001683283699,6481.364497789008,83.42596336070751,29.312,28.437,2025-10-26 16:15:48
160.6,0.5,92.6,147.9,0.5,87.1,173.5,60,210.1,0.8,5.5,1368.9,33.9,3.2,2.6,0,77.69001683283699,5912.8237523689195,76.10789639924194,29.312,28.437,2025-10-26 16:16:03
160.7,0.5,92.5,150.7,0.5,85.7,174.8,59.99,210.2,0.8,5.5,1368.9,33.9,3.2,2.6,0,77.69001683283699,2387.871130764371,30.735881238155393,29.312,28.437,2025-10-26 16:16:18
157.9,0.5,91.0,147.3,0.5,84.9,172.5,60.04,210.2,0.8,5.5,1368.9,33.9,3.2,2.6,0,77.69001683283699,1743.5249526216046,22.442072015161084,29.312,28.5,2025-10-26 16:16:33
160.6,0.5,91.3,145.8,0.5,83.6,171.5,60.02,210.2,0.7,5.5,1368.9,33.9,3.2,2.6,0,77.69001683283699,5306.380290587492,68.30195830701199,29.312,28.437,2025-10-26 16:16:48
163.7,0.5,85.2,147.8,0.5,84.0,166.7,60.01,210.3,0.8,5.5,1368.9,33.9,3.2,2.6,0,77.69001683283699,6329.753632343651,81.47447883765001,29.25,28.437,2025-10-26 16:17:03
160.8,0.5,90.4,147.9,0.5,84.2,171.3,60.01,210.3,0.8,5.5,1368.9,33.9,3.2,2.6,0,77.69001683283699,6140.240050536955,79.03512318382816,29.25,28.5,2025-10-26 16:17:18
157.8,0.5,89.1,147.8,0.5,83.0,169.0,60.01,210.4,0.8,5.5,1368.9,33.9,3.2,2.6,0,77.69001683283699,1591.9140871762477,20.4905874921036,29.25,28.5,2025-10-26 16:17:33
160.6,0.5,89.9,147.7,0.5,82.6,169.1,59.98,210.3,0.8,5.5,1368.9,33.9,3.2,2.6,0,77.69001683283699,3145.925457991156,40.493303853442825,29.25,28.437,2025-10-26 16:17:48
161.7,0.5,80.1,148.3,0.5,81.3,158.0,59.99,210.2,0.8,5.5,1368.9,33.9,3.2,2.6,0,77.69001683283699,4169.298799747316,53.66582438408086,29.187,28.437,2025-10-26 16:18:03
158,0.5,87.5,147.8,0.5,81.0,165.4,60.02,210.2,0.7,5.5,1368.9,33.9,3.2,2.6,0,77.69001683283699,6102.337334175615,78.54725205306379,29.187,28.437,2025-10-26 16:18:18
157.9,0.5,86.5,146.3,0.5,79.8,163.1,59.99,209.9,0.7,5.5,1368.9,33.9,3.2,2.6,0,77.69001683283699,5533.796588755527,71.22918509159823,29.187,28.437,2025-10-26 16:18:33
161.2,0.4,86.5,147,0.5,80.5,163.7,59.97,209.9,0.7,5.5,1368.9,33.9,3.2,2.6,0,77.69001683283699,985.4706253948199,12.684649399873654,29.187,28.437,2025-10-26 16:18:48
160.7,0.5,85.8,149.3,0.5,78.9,161.6,59.97,210.2,0.7,5.5,1368.9,33.9,3.2,2.6,0,77.69001683283699,4662.034112444725,60.00814908401768,29.125,28.437,2025-10-26 16:19:03
157.9,0.5,84.6,147.8,0.5,78.8,160.5,59.98,210.5,0.8,5.5,1368.9,33.9,3.2,2.6,0,77.69001683283699,947.5679090334806,12.196778269109284,29.125,28.437,2025-10-26 16:19:18
160.6,0.5,84.1,146.4,0.5,77.8,159.6,59.97,210.4,0.8,5.5,1368.9,33.9,3.2,2.6,0,77.69001683283699,2387.871130764371,30.735881238155393,29.062,28.437,2025-10-26 16:19:33
163.8,0.5,74.9,140.4,0.5,75.5,148.3,59.97,210.2,0.8,5.5,1368.9,33.9,3.2,2.6,0,77.69001683283699,5306.380290587492,68.30195830701199,29.062,28.437,2025-10-26 16:19:48
160.6,0.5,83.4,150.7,0.5,75.6,156.0,60.01,210.3,0.8,5.5,1368.9,33.9,3.2,2.6,0,77.69001683283699,947.5679090334806,12.196778269109284,29.062,28.437,2025-10-26 16:20:03
157.9,0.5,82.6,150.8,0.4,74.4,153.9,59.97,210.3,0.7,5.5,1368.9,33.9,3.2,2.6,0,77.69001683283699,3752.3689197725835,48.29924194567276,29.062,28.375,2025-10-26 16:20:18
160.6,0.5,82.0,144.8,0.5,75.6,154.7,59.96,210.3,0.7,5.5,1368.9,33.9,3.2,2.6,0,77.69001683283699,5761.212886923563,74.15641187618445,29.062,28.375,2025-10-26 16:20:33
160.7,0.5,73.7,150.7,0.4,74.3,147.2,59.98,210.4,0.7,5.5,1368.9,33.9,3.2,2.6,0,77.69001683283699,2387.871130764371,30.735881238155393,29.0,28.375,2025-10-26 16:20:48
160.5,0.5,80.3,141.7,0.5,72.4,150.0,59.97,210.4,0.7,5.5,1368.9,33.9,3.2,2.6,0,77.69001683283699,3941.8825015792795,50.73859759949462,29.0,28.375,2025-10-26 16:21:03
158.8,0.5,79.9,146.7,0.5,74.7,151.7,60,210.4,0.7,5.5,1368.9,33.9,3.2,2.6,0,38.845008416418494,2653.190145293746,68.30195830701199,28.937,28.375,2025-10-26 16:21:18
161.5,0.4,79.9,146,0.5,75.1,152.1,59.97,210.4,0.7,5.5,1368.9,33.9,3.2,2.6,0,77.69001683283699,6140.240050536955,79.03512318382816,28.937,28.375,2025-10-26 16:21:33
160.7,0.4,79.3,143.6,0.5,73.4,149.8,59.97,210.3,0.7,5.5,1368.9,33.9,3.2,2.6,0,38.845008416418494,5457.991156032849,140.50688566013898,29.0,28.312,2025-10-26 16:21:48
158,0.5,78.7,142.1,0.5,73.3,149.2,59.96,210.2,0.8,5.5,1368.9,33.9,3.2,2.6,0,38.845008416418494,947.5679090334806,24.39355653821857,28.937,28.312,2025-10-26 16:22:03
160.7,0.4,78.3,144.8,0.5,74.9,150.3,59.97,210.2,0.8,5.5,1368.9,33.9,3.2,2.6,0,38.845008416418494,5912.8237523689195,152.21579279848388,28.937,28.25,2025-10-26 16:22:18
164,0.4,67.4,141.9,0.5,74.1,137.6,59.96,210.3,0.6,5.5,1368.9,33.9,3.2,2.6,0,38.845008416418494,4093.493367024637,105.38016424510423,28.937,28.25,2025-10-26 16:22:33
160.8,0.4,77.7,144.5,0.5,75.2,150.0,59.95,210.4,0.7,5.5,1368.9,33.9,3.2,2.6,0,38.845008416418494,3145.925457991156,80.98660770688565,28.937,28.187,2025-10-26 16:22:48
157.8,0.4,77.0,144.8,0.5,75.2,149.3,59.98,210.4,0.7,5.5,1368.9,33.9,3.2,2.6,0,38.845008416418494,5344.283006948831,137.57965887555272,28.875,28.187,2025-10-26 16:23:03
160.7,0.4,77.0,141.9,0.5,73.6,147.7,59.97,210.4,0.7,5.5,1368.9,33.9,3.2,2.6,0,77.69001683283699,1061.2760581174985,13.6603916614024,28.875,28.187,2025-10-26 16:23:18
160.2,0.4,68.4,146.3,0.5,75.0,142.4,59.95,210.5,0.7,5.5,1368.9,33.9,3.2,2.6,0,38.845008416418494,6291.850915982312,161.9732154137713,28.875,28.125,2025-10-26 16:23:33
160.3,0.4,76.3,146.4,0.5,75.5,148.4,59.97,210.5,0.7,5.5,1368.9,33.9,3.2,2.6,0,38.845008416418494,2766.8982943777637,71.22918509159823,28.875,28.125,2025-10-26 16:23:48
159,0.4,75.4,147.8,0.4,74.9,147.8,59.96,210.5,0.7,5.5,1368.9,33.9,3.2,2.6,0,38.845008416418494,947.5679090334806,24.39355653821857,28.875,28.125,2025-10-26 16:24:03
159.7,0.4,75.3,149.2,0.4,74.4,146.9,59.96,210.4,0.7,5.5,1368.9,33.9,3.2,2.6,0,77.69001683283699,5041.061276058118,64.8868603916614,28.875,28.125,2025-10-26 16:24:18
160.7,0.3,74.8,146.2,0.5,75.3,146.4,59.97,210.5,0.6,5.5,1368.9,33.9,3.2,2.6,0,38.845008416418494,1061.2760581174985,27.3207833228048,28.812,28.125,2025-10-26 16:24:33
160.4,0.4,69.1,146.4,0.5,75.1,143.7,59.98,210.4,0.7,5.5,1368.9,33.9,3.2,2.6,0,38.845008416418494,6102.337334175615,157.09450410612757,28.812,28.125,2025-10-26 16:24:48
157.7,0.4,73.7,146.3,0.4,74.4,145.4,59.99,210.3,0.7,5.5,1368.9,33.9,3.2,2.6,0,38.845008416418494,1212.8869235628554,31.22375236891977,28.812,28.062,2025-10-26 16:25:03
159.9,0.4,73.2,146.4,0.5,74.5,144.9,59.97,210.3,0.7,5.5,1368.9,33.9,3.2,2.6,0,38.845008416418494,5571.6993051168665,143.43411244472517,28.812,28.062,2025-10-26 16:25:18
163.1,0.3,69.0,140.4,0.5,72.7,139.4,59.98,210.3,0.6,5.5,1368.9,33.9,3.2,2.6,0,38.845008416418494,1781.427668982944,45.85988629185091,28.812,28.062,2025-10-26 16:25:33
160.7,0.4,72.0,146.3,0.4,73.2,142.4,59.97,210.3,0.7,5.5,1368.9,33.9,3.2,2.6,0,38.845008416418494,1781.427668982944,45.85988629185091,28.75,28.062,2025-10-26 16:25:48
154.7,0.4,70.5,146.2,0.4,72.5,140.3,59.95,210.4,0.7,5.5,1368.9,33.9,3.2,2.6,0,38.845008416418494,2236.2602653190143,57.56879343019582,28.75,28.062,2025-10-26 16:26:03
157.7,0.4,71.6,146.3,0.4,72.4,140.8,59.96,210.5,0.7,5.5,1368.9,33.9,3.2,2.6,0,38.845008416418494,6178.142766898294,159.04598862918508,28.75,28.062,2025-10-26 16:26:18
160.7,0.4,70.4,147.8,0.4,72.1,139.8,59.98,210.4,0.6,5.6,1369.0,33.9,3.2,2.6,0,38.845008416418494,4813.644977890082,123.91926721415034,28.75,28.062,2025-10-26 16:26:33
159.4,0.4,69.8,149.3,0.4,70.9,137.9,59.97,210.1,0.6,5.6,1369.0,33.9,3.2,2.6,0,38.845008416418494,5192.672141503474,133.67668982943778,28.75,28.125,2025-10-26 16:26:48
158.1,0.4,70.0,146.9,0.4,70.1,137.5,59.96,210.1,0.7,5.6,1369.0,33.9,3.2,2.6,0,38.845008416418494,2539.4819962097285,65.37473152242578,28.75,28.125,2025-10-26 16:27:03
157.8,0.4,69.2,146.3,0.4,69.7,136.4,59.97,210,0.7,5.6,1369.0,33.9,3.2,2.6,0,38.845008416418494,6291.850915982312,161.9732154137713,28.75,28.125,2025-10-26 16:27:18
154.8,0.4,67.4,146.1,0.4,69.1,133.9,59.97,210,0.7,5.6,1369.0,33.9,3.2,2.6,0,38.845008416418494,2084.649399873658,53.66582438408086,28.687,28.125,2025-10-26 16:27:33
154.9,0.4,66.5,143.2,0.4,67.5,131.5,59.96,210,0.6,5.6,1369.0,33.9,3.2,2.6,0,38.845008416418494,6329.753632343651,162.94895767530002,28.687,28.125,2025-10-26 16:27:48
157.8,0.4,66.6,143.3,0.4,67.3,131.5,59.96,210.1,0.6,5.6,1369.0,33.9,3.2,2.6,0,38.845008416418494,3714.466203411244,95.62274162981677,28.687,28.062,2025-10-26 16:28:03
157.9,0.4,66.3,146.2,0.4,66.8,130.7,59.97,210.2,0.6,5.6,1369.0,33.9,3.2,2.6,0,38.845008416418494,6026.531901452938,155.1430195830701,28.687,28.062,2025-10-26 16:28:18
161,0.3,64.3,144.8,0.4,66.2,128.2,59.97,210.1,0.6,5.6,1369.0,33.9,3.2,2.6,0,38.845008416418494,1591.9140871762477,40.9811749842072,28.687,28.062,2025-10-26 16:28:33
160.6,0.3,62.5,144.9,0.4,65.6,126.7,59.99,210.6,0.7,5.6,1369.0,33.9,3.2,2.6,0,38.845008416418494,5988.629185091599,154.16727732154138,28.625,28.062,2025-10-26 16:28:48
158.9,0.4,62.2,143.5,0.4,64.6,124.4,60.04,210.8,0.7,5.6,1369.0,33.9,3.2,2.6,0,38.845008416418494,4131.3960833859755,106.35590650663295,28.625,28.0,2025-10-26 16:29:03
157.7,0.4,64.0,145.9,0.4,63.8,125.5,60.04,210.8,0.5,5.6,1369.0,33.9,3.2,2.6,0,38.845008416418494,1250.7896399241945,32.19949463044851,28.625,28.0,2025-10-26 16:29:18
158,0.3,63.1,146.2,0.4,63.2,124.1,60.04,210.8,0.7,5.6,1369.0,33.9,3.2,2.6,0,38.845008416418494,3070.1200252684775,79.03512318382816,28.687,28.0,2025-10-26 16:29:33
154.8,0.4,61.9,146.2,0.4,61.7,121.4,60.03,210.8,0.6,5.6,1369.0,33.9,3.2,2.6,0,38.845008416418494,1023.3733417561592,26.345041061276056,28.187,27.937,2025-10-26 16:29:48
154.9,0.3,61.0,143.5,0.4,59.6,118.4,60.05,210.8,0.6,5.6,1369.0,33.9,3.2,2.6,0,38.845008416418494,4434.61781427669,114.16184459886291,28.625,27.937,2025-10-26 16:30:03
157.9,0.3,61.0,144.1,0.4,59.7,118.4,60.05,210.9,0.6,5.6,1369.0,33.8,3.2,2.6,0,38.845008416418494,2577.3847125710677,66.35047378395451,28.625,27.875,2025-10-26 16:30:18
157.8,0.3,60.3,146.5,0.4,59.3,117.8,60.04,210.8,0.5,5.6,1369.0,33.8,3.2,2.6,0,38.845008416418494,833.8597599494631,21.46632975363234,28.625,27.875,2025-10-26 16:30:33
161,0.3,57.0,146.3,0.3,58.5,113.6,60.04,210.7,0.5,5.6,1369.0,33.8,3.2,2.6,0,38.845008416418494,1440.3032217308908,37.078205938092225,28.625,27.875,2025-10-26 16:30:48
157.9,0.3,59.1,149.2,0.3,56.7,113.7,60.03,210.8,0.6,5.6,1369.0,33.8,3.2,2.6,0,38.845008416418494,3714.466203411244,95.62274162981677,28.562,27.812,2025-10-26 16:31:03
154.8,0.3,57.5,146.3,0.3,56.4,111.8,60.02,210.9,0.5,5.6,1369.0,33.8,3.2,2.6,0,38.845008416418494,5647.504737839545,145.38559696778267,28.562,27.75,2025-10-26 16:31:18
157.8,0.3,57.6,148.7,0.3,55.2,110.7,60,210.8,0.5,5.6,1369.0,33.8,3.2,2.6,0,38.845008416418494,3449.14718888187,88.7925457991156,28.562,27.75,2025-10-26 16:31:33
158.1,0.3,54.5,146.3,0.3,54.5,107.0,59.99,210.7,0.5,5.6,1369.0,33.8,3.2,2.6,0,38.845008416418494,5041.061276058118,129.7737207833228,28.562,27.75,2025-10-26 16:31:48
154.6,0.3,56.5,146.4,0.3,52.9,107.6,59.99,210.8,0.6,5.6,1369.0,33.7,3.2,2.6,0,38.845008416418494,4737.839545167403,121.96778269109284,28.562,27.687,2025-10-26 16:32:03
155.4,0.3,55.2,146.2,0.3,52.5,105.8,59.97,210.8,0.5,5.6,1369.0,33.7,3.2,2.6,0,38.845008416418494,2539.4819962097285,65.37473152242578,28.5,27.625,2025-10-26 16:32:18
158.5,0.2,54.7,144.1,0.3,50.9,103.8,60,210.9,0.5,5.6,1369.0,33.7,3.2,2.6,0,38.845008416418494,3335.4390397978523,85.86531901452936,28.5,27.625,2025-10-26 16:32:33
157.8,0.3,54.9,144.8,0.3,50.8,103.7,60.01,210.9,0.5,5.6,1369.0,33.7,3.2,2.6,0,38.845008416418494,1212.8869235628554,31.22375236891977,28.437,27.562,2025-10-26 16:32:48
154.9,0.3,53.4,143.3,0.3,49.1,100.3,59.98,210.9,0.5,5.6,1369.0,33.7,3.2,2.6,0,38.845008416418494,5041.061276058118,129.7737207833228,28.375,27.562,2025-10-26 16:33:03
157.8,0.3,53.1,143.4,0.3,48.2,99.4,59.97,211,0.6,5.6,1369.0,33.7,3.2,2.6,0,38.845008416418494,1099.1787744788378,28.296525584333544,28.375,27.5,2025-10-26 16:33:18
160.8,0.2,48.1,143.4,0.3,48.1,94.7,59.98,211.1,0.5,5.6,1369.0,33.7,3.2,2.6,0,38.845008416418494,4245.104232469994,109.2831332912192,28.312,27.5,2025-10-26 16:33:33
157.8,0.3,52.0,143.2,0.3,46.6,96.8,59.97,211.2,0.6,5.6,1369.0,33.7,3.2,2.7,0,38.845008416418494,5799.115603284902,149.28856601389765,28.312,27.437,2025-10-26 16:33:48
154.7,0.3,51.2,146.3,0.3,46.6,96.1,59.98,210.9,0.5,5.6,1369.0,33.7,3.2,2.7,0,38.845008416418494,1099.1787744788378,28.296525584333544,28.312,27.437,2025-10-26 16:34:03
157.9,0.3,51.2,143.4,0.3,45.4,94.8,59.99,210.9,0.4,5.6,1369.0,33.7,3.2,2.7,0,38.845008416418494,3221.7308907138345,82.93809222994314,28.312,27.437,2025-10-26 16:34:18
157.8,0.2,47.7,146.3,0.2,45.1,90.9,60,210.8,0.5,5.6,1369.0,33.6,3.2,2.7,0,38.845008416418494,5041.061276058118,129.7737207833228,28.25,27.375,2025-10-26 16:34:33
156.7,0.3,49.4,145.4,0.2,44.5,92.3,59.97,210.9,0.6,5.6,1369.0,33.6,3.2,2.7,0,38.845008416418494,5647.504737839545,145.38559696778267,28.25,27.375,2025-10-26 16:34:48
155.7,0.2,48.7,146.3,0.2,43.0,90.0,59.99,211.1,0.5,5.6,1369.0,33.6,3.2,2.7,0,38.845008416418494,795.9570435881238,20.4905874921036,28.25,27.312,2025-10-26 16:35:03
159.2,0.2,48.4,147.5,0.2,41.5,87.8,60,211.4,0.6,5.6,1369.0,33.6,3.2,2.7,0,38.845008416418494,3790.2716361339226,97.57422615287427,28.187,27.312,2025-10-26 16:35:18
157.9,0.2,45.0,142.6,0.2,41.0,87.0,59.99,211.3,0.5,5.6,1369.0,33.6,3.2,2.7,0,38.845008416418494,909.6651926721415,23.41781427668983,28.187,27.312,2025-10-26 16:35:33
154.4,0.2,46.8,143.2,0.2,41.0,86.3,59.99,211,0.4,5.6,1369.0,33.6,3.2,2.7,0,38.845008416418494,5912.8237523689195,152.21579279848388,28.187,27.25,2025-10-26 16:35:48
157.7,0.2,45.9,146.3,0.2,40.6,84.9,60.01,211,0.5,5.6,1369.0,33.5,3.2,2.7,0,38.845008416418494,3108.0227416298167,80.0108654453569,28.125,27.25,2025-10-26 16:36:03
160.5,0.2,38.4,143.4,0.2,39.4,76.7,60.01,211,0.5,5.6,1369.0,33.5,3.2,2.7,0,38.845008416418494,4169.298799747316,107.33164876816171,28.125,27.187,2025-10-26 16:36:18
157.4,0.2,44.4,143.4,0.2,39.1,82.3,59.99,211,0.5,5.6,1369.0,33.5,3.2,2.7,0,38.845008416418494,3411.2444725205305,87.81680353758685,28.125,27.187,2025-10-26 16:36:33
157.8,0.2,44.0,146.3,0.2,38.2,80.8,59.99,211,0.4,5.6,1369.0,33.5,3.2,2.7,0,0.0,6216.045483259633,0,28.125,27.187,2025-10-26 16:36:48
157.8,0.2,43.6,146.2,0.2,37.6,79.8,59.98,210.9,0.5,5.6,1369.0,33.5,3.2,2.7,0,38.845008416418494,4093.493367024637,105.38016424510423,28.062,27.187,2025-10-26 16:37:03
156.8,0.2,43.6,145.4,0.2,37.1,78.3,60.03,210.9,0.5,5.6,1369.0,33.5,3.2,2.7,0,38.845008416418494,4169.298799747316,107.33164876816171,28.062,27.125,2025-10-26 16:37:18
156.2,0.2,42.8,146.3,0.2,36.0,77.6,60.03,210.9,0.4,5.6,1369.0,33.5,3.2,2.7,0,0.0,3259.6336070751736,0,28.062,27.125,2025-10-26 16:37:33
157.8,0.2,41.7,144.1,0.2,35.2,75.6,60.02,211,0.4,5.6,1369.0,33.5,3.2,2.7,0,0.0,3108.0227416298167,0,28.062,27.125,2025-10-26 16:37:48
157.8,0.2,40.6,143.4,0.2,36.1,75.0,60.04,211,0.4,5.6,1369.0,33.5,3.2,2.7,0,0.0,6216.045483259633,0,28.0,27.062,2025-10-26 16:38:03
154.5,0.2,41.0,143.1,0.2,35.2,74.9,60.03,211,0.4,5.6,1369.0,33.5,3.2,2.7,0,0.0,871.7624763108023,0,28.0,27.062,2025-10-26 16:38:18
154.7,0.2,39.9,143.5,0.2,34.3,73.0,60.01,211,0.5,5.6,1369.0,33.5,3.2,2.7,0,38.845008416418494,1554.0113708149083,40.00543272267845,28.0,27.062,2025-10-26 16:38:33
151.8,0.2,39.7,143.7,0.2,34.2,72.7,59.98,211.1,0.5,5.6,1369.0,33.5,3.2,2.7,0,0.0,3941.8825015792795,0,27.937,27.062,2025-10-26 16:38:48
151.8,0.2,38.9,142.2,0.2,33.5,71.4,60,211.1,0.4,5.6,1369.0,33.4,3.2,2.7,0,0.0,5495.893872394188,0,27.937,27.062,2025-10-26 16:39:03
158,0.2,37.6,141.9,0.2,33.7,70.1,60.02,211.1,0.4,5.6,1369.0,33.4,3.2,2.7,0,0.0,3487.049905243209,0,27.937,27.0,2025-10-26 16:39:18
149.1,0.2,38.0,144.6,0.2,33.3,70.1,60.04,211.1,0.5,5.6,1369.0,33.4,3.2,2.7,0,0.0,3183.8281743524954,0,27.937,27.0,2025-10-26 16:39:33
155.2,0.2,38.1,144.9,0.2,33.3,70.0,60,211.1,0.4,5.6,1369.0,33.4,3.2,2.7,0,0.0,4358.812381554011,0,27.875,27.0,2025-10-26 16:39:48
155,0.2,37.9,143.3,0.2,33.2,69.8,60.03,211.2,0.4,5.6,1369.0,33.4,3.2,2.7,0,0.0,4927.3531269741,0,27.875,26.937,2025-10-26 16:40:03
158.6,0.1,36.5,144.7,0.2,32.7,68.4,60.01,211.3,0.4,5.6,1369.0,33.4,3.2,2.7,0,0.0,4813.644977890082,0,27.875,27.0,2025-10-26 16:40:18
156.4,0.2,37.3,143.5,0.2,32.2,68.3,59.98,211.2,0.4,5.6,1369.0,33.4,3.2,2.7,0,0.0,6064.434617814276,0,27.812,26.937,2025-10-26 16:40:33
157.8,0.2,34.5,143.4,0.2,32.2,67.1,59.98,211.2,0.5,5.6,1369.0,33.4,3.2,2.7,0,0.0,5988.629185091599,0,27.875,26.937,2025-10-26 16:40:48
154.7,0.2,36.2,142.9,0.2,32.2,67.2,59.98,210.9,0.4,5.6,1369.0,33.4,3.2,2.7,0,0.0,1440.3032217308908,0,27.812,26.937,2025-10-26 16:41:03
153.3,0.2,35.8,140.3,0.2,32.0,66.5,60,211.1,0.4,5.6,1369.0,33.4,3.2,2.7,0,0.0,6329.753632343651,0,27.812,26.937,2025-10-26 16:41:18
149.2,0.2,35.4,143.3,0.2,31.2,65.2,59.99,211,0.4,5.6,1369.0,33.4,3.2,2.7,0,0.0,1023.3733417561592,0,27.812,26.937,2025-10-26 16:41:33
156.3,0.1,36.0,143.3,0.2,31.1,65.9,60,211,0.4,5.6,1369.0,33.4,3.2,2.7,0,0.0,833.8597599494631,0,27.812,26.937,2025-10-26 16:41:48
156,0.2,33.2,140.6,0.2,30.9,62.7,59.97,211.1,0.4,5.6,1369.0,33.4,3.2,2.7,0,0.0,1099.1787744788378,0,27.812,26.937,2025-10-26 16:42:03
157.5,0.1,32.6,142,0.2,30.4,62.0,60.02,211.2,0.4,5.6,1369.0,33.3,3.2,2.7,0,0.0,2994.3145925457993,0,27.812,26.875,2025-10-26 16:42:18
155.9,0.2,32.8,136.1,0.2,29.1,60.8,60.02,211.3,0.4,5.6,1369.0,33.3,3.2,2.7,0,0.0,1137.0814908401767,0,27.75,26.875,2025-10-26 16:42:33
154.6,0.2,34.4,135.8,0.1,29.4,62.9,60.03,211.2,0.4,5.6,1369.0,33.3,3.2,2.7,0,0.0,5041.061276058118,0,27.75,26.875,2025-10-26 16:42:48
152,0.2,33.8,141.8,0.1,29.7,62.4,59.98,211.2,0.4,5.6,1369.0,33.3,3.2,2.7,0,0.0,3032.217308907138,0,27.687,26.875,2025-10-26 16:43:03
151.8,0.2,33.5,139,0.1,29.1,61.4,59.98,211.3,0.5,5.6,1369.0,33.3,3.2,2.7,0,0.0,3562.855337965888,0,27.687,26.812,2025-10-26 16:43:18
154.1,0.2,33.5,140.8,0.1,29.0,61.2,60.01,211.2,0.4,5.6,1369.0,33.3,3.2,2.7,0,0.0,2160.454832596336,0,27.625,26.812,2025-10-26 16:43:33
153.1,0.2,33.1,140.6,0.1,28.6,60.6,60.01,211.2,0.4,5.6,1369.0,33.3,3.2,2.7,0,0.0,1174.984207201516,0,27.687,26.812,2025-10-26 16:43:48
151.7,0.1,33.0,141.9,0.1,28.3,60.6,59.98,211.3,0.4,5.6,1369.0,33.3,3.2,2.7,0,0.0,795.9570435881238,0,27.625,26.812,2025-10-26 16:44:03
151.9,0.1,32.2,136.1,0.1,27.6,58.8,60,211.2,0.3,5.6,1369.0,33.3,3.2,2.7,0,0.0,2046.7466835123184,0,27.625,26.812,2025-10-26 16:44:18
154.8,0.1,32.6,143.4,0.1,27.2,58.8,60.01,211.2,0.4,5.6,1369.0,33.3,3.2,2.7,0,0.0,3335.4390397978523,0,27.625,26.812,2025-10-26 16:44:33
155.1,0.1,31.5,142,0.1,27.1,57.6,59.98,211.2,0.4,5.6,1369.0,33.3,3.2,2.7,0,0.0,4624.131396083386,0,27.625,26.812,2025-10-26 16:44:48
151.9,0.1,31.7,136.1,0.1,25.6,56.8,60,211.2,0.4,5.6,1369.0,33.3,3.2,2.7,0,0.0,5268.477574226153,0,27.625,26.812,2025-10-26 16:45:03
150.4,0.1,31.6,140.4,0.1,26.6,57.2,59.99,211.3,0.4,5.6,1369.0,33.3,3.2,2.7,0,0.0,5988.629185091599,0,27.625,26.812,2025-10-26 16:45:18
153.2,0.1,31.1,142,0.1,25.7,56.1,60.02,211.2,0.4,5.6,1369.0,33.3,3.2,2.7,0,0.0,3524.9526216045483,0,27.625,26.812,2025-10-26 16:45:33
150.4,0.1,31.4,144,0.1,25.7,55.8,59.98,211.4,0.4,5.6,1369.0,33.3,3.2,2.7,0,0.0,871.7624763108023,0,27.562,26.75,2025-10-26 16:45:48
152.3,0.1,31.3,141.8,0.1,25.2,55.4,59.98,211.3,0.3,5.6,1369.0,33.3,3.2,2.7,0,0.0,4851.5476942514215,0,27.562,26.75,2025-10-26 16:46:03
153.3,0.1,31.1,141.9,0.1,24.6,54.8,59.99,211.2,0.4,5.6,1369.0,33.3,3.2,2.7,0,0.0,4965.255843335439,0,27.562,26.812,2025-10-26 16:46:18
153.3,0.1,30.4,139.6,0.1,24.2,54.2,60.02,211.2,0.4,5.6,1369.0,33.3,3.2,2.7,0,0.0,5912.8237523689195,0,27.562,26.812,2025-10-26 16:46:33
151.9,0.1,29.8,140.4,0.1,23.7,52.9,60,211.4,0.4,5.6,1369.0,33.4,3.2,2.7,0,0.0,2842.703727100442,0,27.562,26.812,2025-10-26 16:46:48
151.9,0.1,29.6,140.5,0.1,23.5,52.2,59.97,211.4,0.5,5.6,1369.0,33.4,3.2,2.7,0,0.0,4662.034112444725,0,27.5,26.812,2025-10-26 16:47:03
152,0.1,28.9,141.9,0.1,23.8,51.9,59.98,211,0.4,5.6,1369.0,33.4,3.2,2.7,0,0.0,1933.0385344283006,0,27.5,26.812,2025-10-26 16:47:18
145.8,0.1,28.7,138.7,0.1,23.2,50.4,59.97,211.1,0.2,5.6,1369.0,33.4,3.2,2.7,0,0.0,6026.531901452938,0,27.437,26.75,2025-10-26 16:47:33
156.3,0.1,27.0,138.9,0.1,22.8,49.1,59.99,211.1,0.4,5.6,1369.0,33.4,3.2,2.7,0,0.0,1857.233101705622,0,27.437,26.812,2025-10-26 16:47:48
156.3,0.1,26.5,141.8,0.1,22.6,48.4,59.99,211.1,0.4,5.6,1369.0,33.4,3.2,2.7,0,0.0,3866.0770688566013,0,27.437,26.812,2025-10-26 16:48:03
154.7,0.1,26.5,139.1,0.1,21.5,48.5,59.99,211,0.4,5.6,1369.0,33.4,3.2,2.7,0,0.0,5003.158559696778,0,27.437,26.812,2025-10-26 16:48:18
153.4,0.1,28.1,138.9,0.1,20.7,48.1,60.03,211,0.4,5.6,1369.0,33.4,3.2,2.7,0,0.0,1629.8168035375868,0,27.375,26.812,2025-10-26 16:48:33
151.2,0.1,27.3,141.8,0.1,20.7,47.3,59.99,210.8,0.4,5.6,1369.0,33.4,3.2,2.7,0,0.0,833.8597599494631,0,27.375,26.812,2025-10-26 16:48:48
150.4,0.1,27.1,140.4,0.1,19.9,46.2,60.02,210.6,0.4,5.6,1369.0,33.3,3.2,2.7,0,0.0,1819.330385344283,0,27.375,26.75,2025-10-26 16:49:03
150.4,0.1,26.2,140.4,0.1,20.1,44.8,60.03,210.6,0.4,5.6,1369.0,33.3,3.2,2.7,0,0.0,5988.629185091599,0,27.375,26.75,2025-10-26 16:49:18
146,0.1,25.4,138.1,0.1,19.7,44.3,60.01,210.6,0.4,5.6,1369.0,33.3,3.2,2.7,0,0.0,2918.5091598231206,0,27.312,26.75,2025-10-26 16:49:33
151.1,0.1,24.9,139.9,0.1,18.8,43.1,60.05,210.5,0.3,5.6,1369.0,33.3,3.2,2.7,0,0.0,871.7624763108023,0,27.312,26.75,2025-10-26 16:49:48
148.5,0.1,24.4,137.8,0.1,18.7,42.4,59.99,210.7,0.4,5.6,1369.0,33.3,3.2,2.7,0,0.0,5230.574857864814,0,27.312,26.75,2025-10-26 16:50:03
146.2,0.1,24.6,138.9,0.1,18.9,42.5,59.97,211,0.4,5.6,1369.0,33.3,3.2,2.7,0,0.0,833.8597599494631,0,27.312,26.75,2025-10-26 16:50:18
152,0.1,23.7,139.2,0.1,18.1,41.1,59.95,211,0.3,5.6,1369.0,33.3,3.2,2.7,0,0.0,1667.7195198989261,0,27.25,26.75,2025-10-26 16:50:33
150.6,0.1,23.6,139,0.1,17.9,40.6,59.97,210.9,0.4,5.6,1369.0,33.3,3.2,2.7,0,0.0,795.9570435881238,0,27.25,26.687,2025-10-26 16:50:48
151.9,0.1,23.7,139.8,0.1,16.8,39.9,59.95,210.8,0.4,5.6,1369.0,33.3,3.2,2.7,0,0.0,2236.2602653190143,0,27.25,26.687,2025-10-26 16:51:03
149,0.1,22.9,139.8,0.1,16.1,38.4,59.96,210.8,0.3,5.6,1369.0,33.3,3.2,2.7,0,0.0,4965.255843335439,0,27.25,26.687,2025-10-26 16:51:18
154.5,0.1,22.4,138.8,0.1,16.2,38.2,59.97,210.8,0.3,5.6,1369.0,33.3,3.2,2.7,0,0.0,5950.7264687302595,0,27.187,26.687,2025-10-26 16:51:33
150.3,0.1,22.2,138.6,0.1,16.0,38.0,59.99,210.8,0.3,5.6,1369.0,33.3,3.2,2.7,0,0.0,5988.629185091599,0,27.187,26.687,2025-10-26 16:51:48
149.2,0.1,21.7,136,0.1,15.4,36.0,59.99,210.9,0.4,5.6,1369.0,33.3,3.2,2.7,0,0.0,5192.672141503474,0,27.187,26.687,2025-10-26 16:52:03
141,0.1,21.2,137.1,0.1,15.6,36.3,59.97,210.9,0.4,5.6,1369.0,33.3,3.2,2.7,0,0.0,1364.4977890082123,0,27.125,26.625,2025-10-26 16:52:18
141.5,0.1,21.1,139.7,0,14.7,35.7,59.97,210.9,0.3,5.6,1369.0,33.3,3.2,2.7,0,0.0,6026.531901452938,0,27.125,26.625,2025-10-26 16:52:33
143.9,0.1,20.9,133.6,0,13.8,34.2,59.94,211,0.4,5.6,1369.0,33.2,3.2,2.7,0,0.0,5950.7264687302595,0,27.125,26.625,2025-10-26 16:52:48
138.7,0.1,20.7,134.7,0,13.5,33.7,59.94,210.9,0.4,5.6,1369.0,33.2,3.2,2.7,0,0.0,1819.330385344283,0,27.125,26.625,2025-10-26 16:53:03
137.8,0.1,20.1,139.5,0,13.7,33.4,59.96,211,0.2,5.6,1369.0,33.2,3.2,2.7,0,0.0,5116.866708780796,0,27.125,26.562,2025-10-26 16:53:18
146.7,0.1,20.0,139.5,0,12.8,32.6,59.97,210.9,0.3,5.6,1369.0,33.2,3.2,2.7,0,0.0,5533.796588755527,0,27.125,26.562,2025-10-26 16:53:33
149.6,0.1,19.5,133.9,0,12.5,31.6,59.96,210.9,0.3,5.6,1369.0,33.2,3.2,2.7,0,0.0,3070.1200252684775,0,27.125,26.562,2025-10-26 16:53:48
149.7,0.1,19.8,136.7,0,12.3,31.6,59.95,210.9,0.3,5.6,1369.0,33.2,3.2,2.7,0,0.0,3449.14718888187,0,27.125,26.562,2025-10-26 16:54:03
146.7,0.1,19.2,134.2,0,11.5,30.2,59.95,210.9,0.4,5.6,1369.0,33.2,3.2,2.7,0,0.0,5306.380290587492,0,27.125,26.562,2025-10-26 16:54:18
149.9,0.1,19.2,137.2,0,11.1,29.9,59.97,210.9,0.3,5.6,1369.0,33.2,3.2,2.7,0,0.0,3297.5363234365127,0,27.125,26.5,2025-10-26 16:54:33
152.7,0.1,18.7,137,0,10.7,29.0,59.95,211.1,0.2,5.6,1369.0,33.2,3.2,2.7,0,0.0,1212.8869235628554,0,27.062,26.5,2025-10-26 16:54:48
146.7,0.1,18.3,136.6,0,10.6,28.5,59.95,211.1,0.3,5.6,1369.0,33.2,3.2,2.7,0,0.0,3562.855337965888,0,27.062,26.5,2025-10-26 16:55:03
145.4,0.1,17.5,132.1,0,10.4,27.5,59.97,210.9,0.4,5.6,1369.0,33.2,3.2,2.7,0,0.0,2577.3847125710677,0,27.062,26.5,2025-10-26 16:55:18
142.3,0.1,17.9,139.6,0,10.2,27.7,59.95,210.9,0.4,5.6,1369.0,33.2,3.2,2.7,0,0.0,4813.644977890082,0,27.062,26.5,2025-10-26 16:55:33
134.9,0.1,16.7,128,0,9.5,25.8,59.95,210.9,0.5,5.6,1369.0,33.2,3.2,2.7,0,0.0,5912.8237523689195,0,27.062,26.5,2025-10-26 16:55:48
145.4,0.1,18.0,144.5,0,7.6,25.7,59.96,210.9,0.3,5.6,1369.0,33.2,3.2,2.7,0,0.0,1212.8869235628554,0,27.062,26.5,2025-10-26 16:56:03
144.7,0.1,17.1,136.8,0,8.6,25.5,59.95,210.9,0.4,5.6,1369.0,33.2,3.2,2.7,0,0.0,3524.9526216045483,0,27.0,26.5,2025-10-26 16:56:18
135.9,0.1,16.2,136.8,0,8.2,24.1,59.95,210.8,0.4,5.6,1369.0,33.2,3.2,2.7,0,0.0,4510.423246999368,0,27.0,26.5,2025-10-26 16:56:33
137.5,0.1,16.0,134.9,0,8.6,24.3,59.94,210.9,0.4,5.6,1369.0,33.3,3.2,2.7,0,0.0,5306.380290587492,0,27.0,26.437,2025-10-26 16:56:48
135.7,0,15.8,131.3,0,7.6,23.2,59.93,210.8,0.5,5.6,1369.0,33.3,3.2,2.7,0,0.0,5912.8237523689195,0,27.0,26.437,2025-10-26 16:57:03
138.5,0.1,15.6,134.2,0,7.6,22.9,59.94,210.8,0.4,5.6,1369.0,33.3,3.2,2.7,0,0.0,5116.866708780796,0,27.0,26.437,2025-10-26 16:57:18
135.8,0.1,15.9,137.1,0,7.1,22.7,59.94,210.9,0.3,5.6,1369.0,33.3,3.2,2.7,0,0.0,3221.7308907138345,0,26.937,26.437,2025-10-26 16:57:33
137.1,0,15.1,128.4,0,6.9,21.8,59.96,210.8,0.3,5.6,1369.0,33.3,3.2,2.7,0,0.0,2084.649399873658,0,26.937,26.375,2025-10-26 16:57:48
134.3,0,14.5,130.1,0,6.6,20.8,59.96,210.6,0.4,5.6,1369.0,33.3,3.2,2.7,0,0.0,871.7624763108023,0,26.937,26.437,2025-10-26 16:58:03
138.7,0,14.4,128.5,0,6.0,20.2,59.96,210.6,0.4,5.6,1369.0,33.3,3.2,2.7,0,0.0,3449.14718888187,0,26.937,26.375,2025-10-26 16:58:18
150.5,0,14.3,128.4,0,5.3,19.5,59.96,210.6,0.4,5.6,1369.0,33.3,3.2,2.7,0,0.0,6064.434617814276,0,26.937,26.375,2025-10-26 16:58:33
147.7,0,14.2,131.3,0,5.6,19.6,59.94,210.7,0.4,5.6,1369.0,33.3,3.2,2.7,0,0.0,4434.61781427669,0,26.875,26.375,2025-10-26 16:58:48
138.7,0,13.1,128.3,0,5.5,18.6,59.95,210.8,0.3,5.6,1369.0,33.3,3.2,2.7,0,0.0,985.4706253948199,0,26.875,26.375,2025-10-26 16:59:03
147.6,0,13.5,131.8,0,5.2,18.5,59.97,210.9,0.4,5.6,1369.0,33.3,3.2,2.7,0,0.0,5988.629185091599,0,26.875,26.375,2025-10-26 16:59:18
144.7,0,13.3,134.3,0,4.7,18.3,59.97,211.1,0.4,5.6,1369.0,33.3,3.2,2.7,0,0.0,4624.131396083386,0,26.875,26.312,2025-10-26 16:59:33
147.8,0,13.4,130.8,0,4.6,17.8,59.94,211,0.3,5.6,1369.0,33.3,3.2,2.7,0,0.0,871.7624763108023,0,26.875,26.312,2025-10-26 16:59:48
144.6,0,12.4,131.2,0,4.4,16.2,59.94,211.1,0.3,5.6,1369.0,33.3,3.2,2.7,0,0.0,3411.2444725205305,0,26.875,26.312,2025-10-26 17:00:03
145.1,0,12.6,143.6,0,3.0,15.4,59.96,211,0.3,5.6,1369.0,33.3,3.2,2.7,0,0.0,2122.552116234997,0,26.875,26.312,2025-10-26 17:00:18
139.2,0,11.9,128.8,0,3.8,15.6,59.95,211,0.3,5.6,1369.0,33.3,3.2,2.7,0,0.0,1023.3733417561592,0,26.875,26.312,2025-10-26 17:00:33
137.1,0,11.7,135.3,0,3.5,15.1,59.96,211,0.3,5.6,1369.0,33.3,3.2,2.7,0,0.0,2236.2602653190143,0,26.812,26.312,2025-10-26 17:00:48
133,0,11.0,122.5,0,3.4,14.8,59.98,211.1,0.4,5.6,1369.0,33.3,3.2,2.7,0,0.0,5837.018319646241,0,26.812,26.312,2025-10-26 17:01:03
141.9,0,11.1,131.5,0,3.3,14.3,59.95,211.1,0.4,5.6,1369.0,33.3,3.2,2.7,0,0.0,2387.871130764371,0,26.812,26.312,2025-10-26 17:01:18
147.7,0,10.9,134.7,0,2.6,13.5,59.97,211,0.4,5.6,1369.0,33.3,3.2,2.7,0,0.0,4889.450410612761,0,26.812,26.25,2025-10-26 17:01:33
135.4,0,11.4,131.5,0,2.8,14.0,59.96,211,0.4,5.6,1369.0,33.3,3.2,2.7,0,0.0,3828.1743524952617,0,26.812,26.25,2025-10-26 17:01:48
142,0,10.3,131.3,0,2.5,12.7,59.96,211,0.3,5.6,1369.0,33.3,3.2,2.7,0,0.0,833.8597599494631,0,26.75,26.25,2025-10-26 17:02:03
141.9,0,9.7,134.6,0,2.3,12.0,59.95,210.9,0.3,5.6,1369.0,33.3,3.2,2.7,0,0.0,5761.212886923563,0,26.75,26.25,2025-10-26 17:02:18
141.6,0,9.4,131.5,0,2.0,11.4,59.96,211,0.2,5.6,1369.0,33.3,3.2,2.7,0,0.0,3487.049905243209,0,26.75,26.25,2025-10-26 17:02:33
141.8,0,9.5,134.5,0,1.9,11.5,59.97,210.9,0.4,5.6,1369.0,33.3,3.2,2.7,0,0.0,1174.984207201516,0,26.75,26.25,2025-10-26 17:02:48
140.9,0,8.7,134.3,0,2.0,10.7,59.96,211.1,0.3,5.6,1369.0,33.3,3.2,2.7,0,0.0,5003.158559696778,0,26.75,26.187,2025-10-26 17:03:03
134.6,0,8.3,131.3,0,2.0,10.1,59.97,211.1,0.4,5.6,1369.0,33.3,3.2,2.7,0,0.0,1743.5249526216046,0,26.75,26.187,2025-10-26 17:03:18
129.7,0,8.3,134.4,0,1.8,10.0,59.95,210.9,0.3,5.6,1369.0,33.3,3.2,2.7,0,0.0,5988.629185091599,0,26.75,26.187,2025-10-26 17:03:33
133,0,7.5,134,0,1.7,9.3,59.96,211.1,0.4,5.6,1369.0,33.3,3.2,2.7,0,0.0,2918.5091598231206,0,26.687,26.187,2025-10-26 17:03:48
138.7,0,7.1,136.7,0,1.5,8.7,59.94,210.9,0.5,5.6,1369.0,33.3,3.2,2.7,0,0.0,6367.656348704991,0,26.687,26.187,2025-10-26 17:04:03
135.7,0,6.6,139.6,0,1.5,7.7,59.92,210.8,0.5,5.6,1369.0,33.3,3.2,2.7,0,0.0,5041.061276058118,0,26.687,26.187,2025-10-26 17:04:18
143.2,0,6.2,132.9,0,1.6,7.7,59.93,211.1,0.2,5.6,1369.0,33.3,3.2,2.7,0,0.0,6291.850915982312,0,26.687,26.125,2025-10-26 17:04:33
126.7,0,6.5,118.7,0,1.3,7.7,59.95,211,0.4,5.6,1369.0,33.3,3.2,2.7,0,0.0,6026.531901452938,0,26.687,26.187,2025-10-26 17:04:48
134.6,0,6.1,133.5,0,1.3,7.5,59.94,211,0.3,5.6,1369.0,33.3,3.2,2.7,0,-38.845008416418494,5192.672141503474,0,26.625,26.125,2025-10-26 17:05:03
129.2,0,5.9,118.8,0,1.2,6.6,59.95,211.2,0.3,5.6,1369.0,33.3,3.2,2.7,0,0.0,6557.169930511686,0,26.625,26.125,2025-10-26 17:05:18
123.2,0,5.2,139.8,0,1.4,6.6,59.94,211.1,0.4,5.6,1369.0,33.3,3.2,2.7,0,0.0,6367.656348704991,0,26.625,26.125,2025-10-26 17:05:33
134.9,0,4.0,146.7,0,1.0,4.5,59.95,211.2,0.3,5.6,1369.0,33.3,3.2,2.7,0,0.0,2766.8982943777637,0,26.625,26.125,2025-10-26 17:05:48
135.4,0,3.0,148.9,0,0.8,3.4,59.95,211.2,0.4,5.6,1369.0,33.3,3.2,2.7,0,-38.845008416418494,1895.1358180669613,0,26.625,26.125,2025-10-26 17:06:03
138.2,0,1.9,149.8,0,0.5,2.3,59.96,211.1,0.4,5.6,1369.0,33.3,3.2,2.7,0,0.0,1895.1358180669613,0,26.625,26.062,2025-10-26 17:06:18
132.3,0,3.2,145.1,0,0.9,3.6,59.94,211.2,0.4,5.6,1369.0,33.3,3.2,2.7,0,-38.845008416418494,6216.045483259633,0,26.562,26.125,2025-10-26 17:06:33
135.7,0,3.5,147.7,0,1.0,3.9,59.93,211.1,0.3,5.6,1369.0,33.3,3.2,2.7,0,-38.845008416418494,2349.968414403032,0,26.562,26.062,2025-10-26 17:06:48
138,0,1.9,149.2,0,0.7,2.8,59.94,211,0.3,5.6,1369.0,33.3,3.2,2.7,0,0.0,1099.1787744788378,0,26.562,26.062,2025-10-26 17:07:03
135.3,0,1.5,149.8,0,0.6,1.9,59.94,211,0.3,5.6,1369.0,33.3,3.2,2.7,0,-38.845008416418494,1667.7195198989261,0,26.5,26.062,2025-10-26 17:07:18
141.2,0,1.6,146.9,0,0.5,1.8,59.93,211,0.4,5.6,1369.0,33.3,3.2,2.7,0,-38.845008416418494,6216.045483259633,0,26.5,26.062,2025-10-26 17:07:33
131.5,0,1.8,147.6,0,0.6,2.2,59.93,210.8,0.3,5.6,1369.0,33.3,3.2,2.7,0,0.0,4965.255843335439,0,26.5,26.062,2025-10-26 17:07:48
133,0,1.6,147.6,0,0.6,2.0,59.95,211,0.2,5.6,1369.0,33.3,3.2,2.7,0,-38.845008416418494,4889.450410612761,0,26.437,26.062,2025-10-26 17:08:03
126.9,0,1.3,145.5,0,0.5,1.7,59.97,211,0.4,5.6,1369.0,33.3,3.2,2.7,0,0.0,5344.283006948831,0,26.437,26.062,2025-10-26 17:08:18
136.6,0,1.2,148.3,0,0.5,1.9,59.98,211,0.4,5.6,1369.0,33.3,3.2,2.7,0,-38.845008416418494,5268.477574226153,0,26.437,26.0,2025-10-26 17:08:33
142.5,0,2.3,140.5,0,1.7,2.3,59.99,211,0.3,5.6,1369.0,33.3,3.2,2.7,0,0.0,1591.9140871762477,0,26.437,26.0,2025-10-26 17:08:48
133.8,0,2.5,113.6,0,0.8,2.8,59.96,211,0.3,5.6,1369.0,33.3,3.2,2.7,0,-38.845008416418494,4245.104232469994,0,26.375,26.0,2025-10-26 17:09:03
133.3,0,2.7,131.2,0,1.1,3.3,60.01,211,0.4,5.6,1369.0,33.3,3.2,2.7,0,-38.845008416418494,5457.991156032849,0,26.437,26.0,2025-10-26 17:09:18
128.1,0,3.0,113.9,0,0.6,2.4,60.02,211,0.4,5.6,1369.0,33.3,3.2,2.7,0,0.0,2198.3575489576756,0,26.375,26.0,2025-10-26 17:09:33
133.2,0,2.5,133.5,0,1.1,3.3,60.04,210.8,0.4,5.6,1369.0,33.3,3.2,2.7,0,-38.845008416418494,5533.796588755527,0,26.375,25.937,2025-10-26 17:09:48
137.2,0,1.5,138.6,0,0.7,2.0,60.04,211,0.3,5.6,1369.0,33.3,3.2,2.7,0,-38.845008416418494,947.5679090334806,0,26.375,26.0,2025-10-26 17:10:03
139.4,0,0.9,145.7,0,0.5,1.3,60.03,211.1,0.2,5.6,1369.0,33.3,3.2,2.7,0,-38.845008416418494,2312.065698041693,0,26.375,25.937,2025-10-26 17:10:18
128.9,0,1.4,143.2,0,0.7,1.8,60.02,211.2,0.4,5.6,1369.0,33.2,3.2,2.7,0,0.0,4055.5906506632973,0,26.375,25.937,2025-10-26 17:10:33
128.7,0,1.0,140,0,0.5,1.4,60.02,211.3,0.4,5.6,1369.0,33.2,3.2,2.7,0,-38.845008416418494,1667.7195198989261,0,26.312,25.937,2025-10-26 17:10:48
136,0,0.8,139.3,0,0.3,1.1,60.02,211.3,0.3,5.6,1369.0,33.2,3.2,2.7,0,-38.845008416418494,1819.330385344283,0,26.312,25.937,2025-10-26 17:11:03
132.4,0,1.2,143.6,0,0.6,1.5,60.05,211.2,0.3,5.6,1369.0,33.2,3.2,2.7,0,0.0,5723.310170562224,0,26.312,25.937,2025-10-26 17:11:18
132.4,0,1.0,139.6,0,0.5,1.5,60,211.2,0.5,5.6,1369.0,33.2,3.2,2.7,0,-38.845008416418494,1288.6923562855338,0,26.312,25.937,2025-10-26 17:11:33
131.2,0,0.9,136.6,0,0.5,1.3,60.01,211.1,0.4,5.6,1369.0,33.2,3.2,2.7,0,-38.845008416418494,2918.5091598231206,0,26.312,25.875,2025-10-26 17:11:48
124.7,0,0.8,138.7,0,0.5,1.4,59.98,210.9,0.3,5.6,1369.0,33.2,3.2,2.7,0,-38.845008416418494,4548.325963360707,0,26.25,25.875,2025-10-26 17:12:03
125.6,0,0.8,142.3,0,0.5,1.3,59.96,210.9,0.5,5.6,1369.0,33.2,3.2,2.7,0,-38.845008416418494,833.8597599494631,0,26.25,25.875,2025-10-26 17:12:18
127.3,0,0.3,141.8,0,0.1,0.5,59.98,210.9,0.4,5.6,1369.0,33.2,3.2,2.7,0,-38.845008416418494,5912.8237523689195,0,26.25,25.875,2025-10-26 17:12:33
133.2,0,0.8,141.3,0,0.5,1.0,59.97,210.9,0.3,5.6,1369.0,33.1,3.2,2.7,0,-38.845008416418494,3941.8825015792795,0,26.187,25.812,2025-10-26 17:12:48
134.7,0,0.9,138.3,0,0.5,3.7,59.96,211,0.4,5.6,1369.0,33.1,3.2,2.7,0,-38.845008416418494,2463.67656348705,0,26.187,25.812,2025-10-26 17:13:03
118.5,0,1.0,118.7,0,0.4,1.4,59.98,211.2,0.4,5.6,1369.0,33.1,3.2,2.7,0,-38.845008416418494,1705.6222362602653,0,26.187,25.812,2025-10-26 17:13:18
122.7,0,0.7,120.4,0,0.4,1.2,59.96,211.2,0.4,5.6,1369.0,33.1,3.2,2.7,0,-38.845008416418494,3145.925457991156,0,26.187,25.75,2025-10-26 17:13:33
111.8,0,0.4,108.7,0,0.2,0.7,59.99,211.1,0.3,5.6,1369.0,33.1,3.2,2.7,0,-38.845008416418494,2274.1629816803534,0,26.187,25.75,2025-10-26 17:13:48
119.8,0,0.7,134.6,0,0.4,1.1,59.95,211.1,0.3,5.6,1369.0,33.1,3.2,2.7,0,-38.845008416418494,2008.843967150979,0,26.125,25.75,2025-10-26 17:14:03
128.7,0,0.6,137.7,0,0.4,1.0,59.94,211,0.4,5.6,1369.0,33,3.2,2.7,0,-38.845008416418494,871.7624763108023,0,26.125,25.75,2025-10-26 17:14:18
119.3,0,0.3,135.5,0,0.2,0.5,59.97,210.9,0.3,5.6,1369.0,33,3.2,2.7,0,-38.845008416418494,5950.7264687302595,0,26.125,25.687,2025-10-26 17:14:33
115.3,0,0.6,137.3,0,0.4,1.0,59.99,211,0.3,5.6,1369.0,33,3.2,2.7,0,-38.845008416418494,1857.233101705622,0,26.062,25.687,2025-10-26 17:14:48
124.9,0,0.4,126.3,0,0.2,0.7,59.98,211.1,0.3,5.6,1369.0,32.9,3.2,2.7,0,-38.845008416418494,909.6651926721415,0,26.062,25.687,2025-10-26 17:15:03
121.9,0,0.2,133.4,0,0.1,0.4,59.98,210.9,0.3,5.6,1369.0,32.9,3.2,2.7,0,-38.845008416418494,3487.049905243209,0,26.062,25.75,2025-10-26 17:15:18
112.8,0,0.1,134.9,0,0.3,0.9,59.98,211,0.3,5.6,1369.0,32.8,3.2,2.7,0,-38.845008416418494,5533.796588755527,0,26.062,25.687,2025-10-26 17:15:33
125.5,0,0.3,126.5,0,0.2,0.6,60,211.1,0.4,5.6,1369.0,32.8,3.2,2.7,0,0.0,3411.2444725205305,0,26.062,25.687,2025-10-26 17:15:48
129.7,0,0.5,134.9,0,0.4,0.9,59.97,211,0.4,5.6,1369.0,32.8,3.2,2.7,0,-38.845008416418494,5078.963992419457,0,26.062,25.625,2025-10-26 17:16:03
131.3,0,0.5,134.4,0,0.3,0.8,59.98,211,0.4,5.6,1369.0,32.7,3.2,2.7,0,-38.845008416418494,4699.936828806064,0,26.0,25.687,2025-10-26 17:16:18
125.2,0,0.2,133.2,0,0.2,0.5,59.96,211,0.4,5.6,1369.0,32.7,3.2,2.7,0,-38.845008416418494,758.0543272267845,0,26.0,25.625,2025-10-26 17:16:33
133.9,0,0.7,129.6,0,0.4,1.2,59.98,210.9,0.3,5.6,1369.0,32.7,3.2,2.7,0,-38.845008416418494,5003.158559696778,0,26.0,25.625,2025-10-26 17:16:48
135.2,0,0.4,130,0,0.2,0.6,59.96,210.9,0.3,5.6,1369.0,32.6,3.2,2.7,0,-38.845008416418494,5950.7264687302595,0,26.0,25.625,2025-10-26 17:17:03
130.7,0,0.5,132.6,0,0.3,0.7,59.96,211,0.5,5.6,1369.0,32.6,3.2,2.7,0,-38.845008416418494,6064.434617814276,0,26.0,25.625,2025-10-26 17:17:18
110.9,0,0.5,109.1,0,0.3,0.9,59.95,210.9,0.3,5.6,1369.0,32.6,3.2,2.7,0,-38.845008416418494,5874.92103600758,0,26.0,25.625,2025-10-26 17:17:33
121,0,0.5,111.5,0,0.3,0.9,59.96,210.9,0.3,5.6,1369.0,32.6,3.2,2.7,0,-38.845008416418494,5609.602021478206,0,25.937,25.625,2025-10-26 17:17:48
115.9,0,0.4,115.5,0,0.2,0.5,59.95,210.9,0.4,5.6,1369.0,32.6,3.2,2.7,0,-38.845008416418494,4207.201516108655,0,25.937,25.625,2025-10-26 17:18:03
129.4,0,0.4,125.7,0,0.2,0.7,60.01,210.9,0.3,5.6,1369.0,32.5,3.2,2.7,0,-38.845008416418494,5874.92103600758,0,25.937,25.562,2025-10-26 17:18:18
131.8,0,0.4,130.1,0,0.3,0.7,60.01,210.9,0.3,5.6,1369.0,32.5,3.2,2.7,0,-38.845008416418494,5723.310170562224,0,25.937,25.562,2025-10-26 17:18:33
123.2,0,0.1,129.5,0,0.1,0.5,59.99,210.9,0.4,5.6,1369.0,32.5,3.2,2.7,0,-38.845008416418494,5685.407454200884,0,25.937,25.562,2025-10-26 17:18:48
131,0,0.2,129,0,0.2,0.5,60,211,0.3,5.6,1369.0,32.5,3.2,2.7,0,-38.845008416418494,4548.325963360707,0,25.937,25.562,2025-10-26 17:19:03
118,0,0.2,123.6,0,0.1,0.4,59.99,211.1,0.3,5.6,1369.0,32.5,3.2,2.7,0,0.0,2046.7466835123184,0,25.875,25.562,2025-10-26 17:19:18
126.2,0,0.5,127.7,0,0.4,1.0,60,211.4,0.3,5.6,1369.0,32.4,3.2,2.7,0,-38.845008416418494,1250.7896399241945,0,25.875,25.562,2025-10-26 17:19:33
119.1,0,0.4,127.1,0,0.3,0.7,59.97,211.4,0.2,5.6,1369.0,32.4,3.2,2.7,0,-38.845008416418494,6140.240050536955,0,25.937,25.562,2025-10-26 17:19:48
128.4,0,0.2,126.4,0,0.1,0.4,59.98,211.5,0.3,5.6,1369.0,32.4,3.2,2.7,0,-38.845008416418494,833.8597599494631,0,25.875,25.562,2025-10-26 17:20:03
122.8,0,0.2,125.6,0,0.1,0.5,59.99,211.4,0.3,5.6,1369.0,32.4,3.2,2.7,0,-38.845008416418494,2956.4118761844597,0,25.875,25.562,2025-10-26 17:20:18
126.4,0,0.1,124.7,0,0.1,0.3,59.98,211.5,0.4,5.6,1369.0,32.4,3.2,2.7,0,-38.845008416418494,6064.434617814276,0,25.875,25.5,2025-10-26 17:20:33
125.5,0,0.9,123.8,0,0.7,1.6,60.05,211.5,0.3,5.6,1369.0,32.4,3.2,2.7,0,-38.845008416418494,2312.065698041693,0,25.875,25.5,2025-10-26 17:20:48
124.6,0,0.2,122.8,0,0.1,0.4,60.02,211.4,0.3,5.6,1369.0,32.4,3.2,2.7,0,-38.845008416418494,909.6651926721415,0,25.875,25.5,2025-10-26 17:21:03
123.4,0,0.3,121.7,0,0.2,0.6,59.95,211.4,0.3,5.6,1369.0,32.4,3.2,2.7,0,-38.845008416418494,1895.1358180669613,0,25.875,25.5,2025-10-26 17:21:18
122.3,0,0.2,120.6,0,0.2,1.0,59.95,211.3,0.4,5.6,1369.0,32.4,3.2,2.7,0,-38.845008416418494,2387.871130764371,0,25.875,25.562,2025-10-26 17:21:33
91.2,0,0.4,79.8,0,0.1,0.6,59.97,211.3,0.4,5.6,1369.0,32.4,3.2,2.7,0,-38.845008416418494,3487.049905243209,0,25.875,25.562,2025-10-26 17:21:48
100.5,0,0.1,68.6,0,0.0,0.3,59.98,211.1,0.3,5.6,1369.0,32.4,3.2,2.7,0,-38.845008416418494,5003.158559696778,0,25.875,25.5,2025-10-26 17:22:03
99.6,0,2.0,71.5,0,0.6,1.7,59.98,211,0.4,5.6,1369.0,32.4,3.2,2.7,0,-38.845008416418494,5382.18572331017,0,25.875,25.562,2025-10-26 17:22:18
112.7,0,1.7,86.9,0,1.0,2.5,59.96,211.1,0.4,5.6,1369.0,32.3,3.2,2.7,0,-38.845008416418494,2766.8982943777637,0,25.875,25.5,2025-10-26 17:22:33
111.8,0,0.5,101.8,0,0.2,0.9,59.98,211.1,0,5.6,1369.0,32.3,3.2,2.7,0,-38.845008416418494,4320.909665192672,0,25.875,25.562,2025-10-26 17:22:48
114.1,0,1.5,87.6,0,1.0,2.6,59.98,210.8,0.5,5.6,1369.0,32.3,3.2,2.7,0,-38.845008416418494,1743.5249526216046,0,25.812,25.562,2025-10-26 17:23:03
111.4,0,2.7,91.3,0,1.7,4.7,60,210.7,0,5.6,1369.0,32.3,3.2,2.7,0,-38.845008416418494,871.7624763108023,0,25.812,25.562,2025-10-26 17:23:18
105.3,0,1.6,87.5,0,0.9,6.0,59.98,210.7,0.5,5.6,1369.0,32.2,3.2,2.7,0,-38.845008416418494,4510.423246999368,0,25.812,25.562,2025-10-26 17:23:33
86.3,0,1.8,74.4,0,1.2,3.4,59.97,210.7,0,5.6,1369.0,32.2,3.2,2.7,0,-38.845008416418494,5306.380290587492,0,25.812,25.562,2025-10-26 17:23:48
83.5,0,3.8,95.7,0,3.8,8.1,59.99,210.8,0.4,5.6,1369.0,32.2,3.2,2.7,0,-38.845008416418494,4548.325963360707,0,25.812,25.562,2025-10-26 17:24:03
84.9,0,2.0,90,0,1.6,5.0,59.97,210.8,0.2,5.6,1369.0,32.2,3.2,2.7,0,-38.845008416418494,1743.5249526216046,0,25.812,25.562,2025-10-26 17:24:18
107,0,0.0,102.2,0,0.0,0.0,59.99,210.9,0,5.6,1369.0,32.2,3.2,2.7,0,-38.845008416418494,1364.4977890082123,0,25.812,25.562,2025-10-26 17:24:33
104.3,0,0.0,100.5,0,0.0,0.0,60,210.9,0,5.6,1369.0,32.2,3.2,2.7,0,-38.845008416418494,1667.7195198989261,0,25.812,25.562,2025-10-26 17:24:48
