Voltaje PV1 [V],Corriente PV1 [A],Potencia PV1 [W],Voltaje PV2 [V],Corriente PV2[A],Potencia PV2 [W],Potencia total [Wac],Frecuencia,Voltaje [Vac],Corriente [Aac],Energia hoy [Wh],Energia total [Wh],Temperatura inversor [°C],Energìa PV1 [Wh],Energìa PV2 [Wh],codigo_error,irradiancia_incidente,irradiancia_reflejada,albedo,temp_vertical,temp_inclinado,timestamp
,0,0.0,0,0,0.0,0.0,0,,,0.0,1378.1,,0.0,0.0,0,-38.845008416418494,-37.90271636133923,0,23.312,23.25,2025-10-28 05:26:32
,,0.0,0,0,0.0,0.0,0,0,0,0.0,1378.1,0,0.0,0.0,,-38.845008416418494,-37.90271636133923,0,23.312,23.25,2025-10-28 05:27:31
,0,0.0,0,0,0.0,0.0,0,0,0,0.0,1378.1,0,0.0,0.0,0,-38.845008416418494,-37.90271636133923,0,23.312,23.25,2025-10-28 05:27:44
,0,0.0,0,0,0.0,0.0,0,0,0,0.0,1378.1,0,0.0,0.0,0,0.0,-37.90271636133923,0,23.312,23.25,2025-10-28 05:28:14
,0,0.0,0,0,0.0,0.0,0,0,0,0.0,1378.1,0,0.0,0.0,0,-38.845008416418494,-37.90271636133923,0,23.312,23.25,2025-10-28 05:28:29
0,0,0.0,0,0,0.0,0.0,0,0,0,0.0,1378.1,0,0.0,0.0,0,-38.845008416418494,-37.90271636133923,0,23.375,23.25,2025-10-28 05:28:58
,,0.0,0,0,0.0,0.0,0,0,0,0.0,1378.1,0,0.0,0.0,0,-38.845008416418494,-37.90271636133923,0,23.312,23.312,2025-10-28 05:29:30
,,0.0,0,0,0.0,0.0,0,0,0,0.0,1378.1,0,0.0,0.0,0,0.0,-37.90271636133923,0,23.375,23.25,2025-10-28 05:29:45
0,0,0.0,0,0,0.0,0.0,0,0,0,0.0,1378.1,0,0.0,0.0,0,-38.845008416418494,-37.90271636133923,0,23.312,23.25,2025-10-28 05:29:58
,0,0.0,0,0,0.0,0.0,0,0,0,0.0,1378.1,0,0.0,0.0,0,-38.845008416418494,-37.90271636133923,0,23.312,23.312,2025-10-28 05:30:14
,0,0.0,0,0,0.0,0.0,0,0,0,0.0,1378.1,0,0.0,0.0,0,-38.845008416418494,-37.90271636133923,0,23.375,23.25,2025-10-28 05:30:29
30.5,0,0.0,30.4,0,0.0,0.0,60.01,76.1,0,0.0,1378.1,0,0.0,0.0,0,0.0,-37.90271636133923,0,23.375,23.25,2025-10-28 05:30:43
98.4,0,0.0,102.6,0,0.0,0.0,60.05,211.5,0,0.0,1378.1,23.4,0.0,0.0,0,-38.845008416418494,-37.90271636133923,0,23.375,23.25,2025-10-28 05:30:58
146.4,0,0.0,146.2,0,0.0,0.0,60.04,211.6,0,0.0,1378.1,23.4,0.0,0.0,0,-38.845008416418494,-37.90271636133923,0,23.375,23.25,2025-10-28 05:31:13
146.9,0,0.0,146.8,0,0.0,0.0,60.03,211.7,0,0.0,1378.1,23.4,0.0,0.0,0,0.0,-37.90271636133923,0,23.375,23.25,2025-10-28 05:31:28
147.5,0,0.0,147.4,0,0.0,0.0,60.03,211.6,0,0.0,1378.1,23.4,0.0,0.0,0,0.0,-37.90271636133923,0,23.375,23.25,2025-10-28 05:31:43
148.4,0,0.0,148.3,0,0.0,0.0,60,211.4,0,0.0,1378.1,23.4,0.0,0.0,0,0.0,-37.90271636133923,0,23.375,23.312,2025-10-28 05:31:58
148.8,0,0.0,148.7,0,0.0,0.0,60.01,211.3,0,0.0,1378.1,23.4,0.0,0.0,0,0.0,-37.90271636133923,0,23.375,23.312,2025-10-28 05:32:13
149.3,0,0.0,148.5,0,0.0,0.0,60.01,211.3,0,0.0,1378.1,23.4,0.0,0.0,0,0.0,-37.90271636133923,0,23.375,23.25,2025-10-28 05:32:28
149.9,0,0.0,149.7,0,0.0,0.0,59.99,211.4,0,0.0,1378.1,23.4,0.0,0.0,0,0.0,-37.90271636133923,0,23.375,23.25,2025-10-28 05:32:43
150.5,0,0.0,150.3,0,0.0,0.0,59.98,211.4,0,0.0,1378.1,23.4,0.0,0.0,0,0.0,-37.90271636133923,0,23.375,23.25,2025-10-28 05:32:58
150.9,0,0.0,150.7,0,0.0,0.0,59.98,211.5,0,0.0,1378.1,23.4,0.0,0.0,0,0.0,0.0,0,23.375,23.25,2025-10-28 05:33:13
151.3,0,0.0,151.1,0,0.0,0.0,59.98,211.4,0,0.0,1378.1,23.5,0.0,0.0,0,0.0,-37.90271636133923,0,23.375,23.25,2025-10-28 05:33:28
151.8,0,0.0,151.5,0,0.0,0.0,60.02,211.4,0,0.0,1378.1,23.5,0.0,0.0,0,0.0,-37.90271636133923,0,23.375,23.25,2025-10-28 05:33:43
152.1,0,0.0,151.9,0,0.0,0.0,60.01,211.4,0,0.0,1378.1,23.5,0.0,0.0,0,0.0,0.0,0,23.375,23.25,2025-10-28 05:33:58
152.4,0,0.0,152.2,0,0.0,0.0,59.98,211.5,0,0.0,1378.1,23.5,0.0,0.0,0,0.0,-37.90271636133923,0,23.375,23.25,2025-10-28 05:34:13
152.7,0,0.0,152.6,0,0.0,0.0,60.02,211.6,0,0.0,1378.1,23.5,0.0,0.0,0,-38.845008416418494,0.0,0,23.375,23.25,2025-10-28 05:34:28
153.1,0,0.0,153,0,0.0,0.0,60,211.5,0,0.0,1378.1,23.5,0.0,0.0,0,0.0,-37.90271636133923,0,23.375,23.25,2025-10-28 05:34:43
153.2,0,0.0,153.2,0,0.0,0.0,59.97,211.4,0,0.0,1378.1,23.5,0.0,0.0,0,0.0,-37.90271636133923,0,23.375,23.25,2025-10-28 05:34:58
153.7,0,0.0,153.7,0,0.0,0.0,59.99,211.4,0,0.0,1378.1,23.5,0.0,0.0,0,0.0,0.0,0,23.375,23.25,2025-10-28 05:35:13
154.2,0,0.0,154.1,0,0.0,0.0,60.01,211.3,0,0.0,1378.1,23.6,0.0,0.0,0,-38.845008416418494,-37.90271636133923,0,23.375,23.25,2025-10-28 05:35:28
154.4,0,0.0,154.3,0,0.0,0.0,60.01,211.4,0,0.0,1378.1,23.5,0.0,0.0,0,0.0,-37.90271636133923,0,23.375,23.25,2025-10-28 05:35:43
99.7,0,0.0,95.7,0,0.0,0.0,60,211.3,0,0.0,1378.1,23.6,0.0,0.0,0,0.0,-37.90271636133923,0,23.25,23.25,2025-10-28 05:35:58
158.6,0,0.0,156.2,0,0.0,0.0,59.97,211.4,0,0.0,1378.1,23.6,0.0,0.0,0,0.0,-37.90271636133923,0,23.437,23.25,2025-10-28 05:36:13
158.9,0,0.0,156.5,0,0.0,0.0,60.02,211.3,0,0.0,1378.1,23.6,0.0,0.0,0,0.0,-37.90271636133923,0,23.375,23.25,2025-10-28 05:36:28
156,0,0.0,155.8,0,0.0,0.0,60.03,211.4,0,0.0,1378.1,23.6,0.0,0.0,0,0.0,-37.90271636133923,0,23.375,23.25,2025-10-28 05:36:43
156.5,0,0.0,156.2,0,0.0,0.0,60.04,211.2,0,0.0,1378.1,23.6,0.0,0.0,0,0.0,-37.90271636133923,0,23.375,23.25,2025-10-28 05:36:58
156.7,0,0.0,156.6,0,0.0,0.0,60.03,211.3,0,0.0,1378.1,23.6,0.0,0.0,0,0.0,-37.90271636133923,0,23.437,23.25,2025-10-28 05:37:13
157.1,0,0.0,156.9,0,0.0,0.0,60.03,211.2,0,0.0,1378.1,23.6,0.0,0.0,0,0.0,-37.90271636133923,0,23.437,23.25,2025-10-28 05:37:28
157.5,0,0.0,157.3,0,0.0,0.0,60.03,211.2,0,0.0,1378.1,23.6,0.0,0.0,0,0.0,-37.90271636133923,0,23.375,23.25,2025-10-28 05:37:43
157.9,0,0.0,157.7,0,0.0,0.0,60.01,211.2,0,0.0,1378.1,23.6,0.0,0.0,0,0.0,-37.90271636133923,0,23.437,23.25,2025-10-28 05:37:58
158.3,0,0.0,158.1,0,0.0,0.0,59.98,211.2,0,0.0,1378.1,23.6,0.0,0.0,0,0.0,-37.90271636133923,0,23.437,23.25,2025-10-28 05:38:13
158.7,0,0.0,158.5,0,0.0,0.0,59.99,211.5,0,0.0,1378.1,23.6,0.0,0.0,0,0.0,-37.90271636133923,0,23.437,23.25,2025-10-28 05:38:28
159,0,0.0,158.8,0,0.0,0.0,60.01,211.6,0,0.0,1378.1,23.6,0.0,0.0,0,0.0,-37.90271636133923,0,23.187,23.25,2025-10-28 05:38:43
159.4,0,0.0,159.1,0,0.0,0.0,59.97,211.6,0,0.0,1378.1,23.6,0.0,0.0,0,0.0,0.0,0,23.437,23.25,2025-10-28 05:38:58
159.7,0,0.0,159.5,0,0.0,0.0,59.98,211.5,0,0.0,1378.1,23.7,0.0,0.0,0,0.0,0.0,0,23.5,23.25,2025-10-28 05:39:13
160.1,0,0.0,159.8,0,0.0,0.0,59.99,211.4,0,0.0,1378.1,23.7,0.0,0.0,0,0.0,-37.90271636133923,0,23.312,23.25,2025-10-28 05:39:28
160.5,0,0.0,160.2,0,0.0,0.0,59.98,211.3,0,0.0,1378.1,23.7,0.0,0.0,0,0.0,-37.90271636133923,0,23.437,23.25,2025-10-28 05:39:43
160.9,0,0.0,160.5,0,0.0,0.0,59.98,211.4,0,0.0,1378.1,23.7,0.0,0.0,0,0.0,0.0,0,85.0,23.25,2025-10-28 05:39:58
161.1,0,0.0,160.7,0,0.0,0.0,59.99,211.4,0,0.0,1378.1,23.7,0.0,0.0,0,0.0,-37.90271636133923,0,23.562,23.25,2025-10-28 05:40:13
161.7,0,0.0,161,0,0.0,0.0,60.02,211.4,0,0.0,1378.1,23.7,0.0,0.0,0,0.0,0.0,0,22.875,23.25,2025-10-28 05:40:28
162,0,0.0,161.3,0,0.0,0.0,60.02,211.5,0,0.0,1378.1,23.7,0.0,0.0,0,0.0,0.0,0,23.437,23.25,2025-10-28 05:40:43
162.3,0,0.0,161.5,0,0.0,0.0,60.03,211.4,0,0.0,1378.1,23.7,0.0,0.0,0,0.0,0.0,0,23.437,23.25,2025-10-28 05:40:58
162.6,0,0.0,159.9,0,0.0,0.0,60.01,211.4,0,0.0,1378.1,23.7,0.0,0.0,0,0.0,-37.90271636133923,0,23.437,23.312,2025-10-28 05:41:13
145.5,0,20.6,142.8,0,9.9,30.1,60.02,211.5,0.3,0.0,1378.1,23.7,0.0,0.0,0,0.0,-37.90271636133923,0,23.437,23.312,2025-10-28 05:41:28
130.7,0,19.6,122,0,10.3,29.4,59.98,211.3,0.4,0.0,1378.1,23.7,0.0,0.0,0,0.0,-37.90271636133923,0,23.437,23.312,2025-10-28 05:41:43
136.7,0,19.8,113.6,0,10.3,29.7,59.99,211.2,0.4,0.0,1378.1,23.8,0.0,0.0,0,0.0,0.0,0,23.5,23.312,2025-10-28 05:41:58
148.2,0,20.5,107.1,0,11.0,31.0,59.97,211.3,0.3,0.0,1378.1,23.9,0.0,0.0,0,0.0,-37.90271636133923,0,23.437,23.312,2025-10-28 05:42:13
127.7,0.1,20.7,115.1,0,11.5,31.7,60.01,211.3,0.4,0.0,1378.1,23.9,0.0,0.0,0,0.0,0.0,0,23.5,23.312,2025-10-28 05:42:28
123.8,0.1,22.8,128.6,0,13.6,35.9,60.02,211.3,0.5,0.0,1378.1,24,0.0,0.0,0,0.0,-37.90271636133923,0,23.5,23.312,2025-10-28 05:42:43
127.1,0.1,23.4,132.5,0,14.4,37.3,60.01,211.5,0.4,0.0,1378.1,24,0.0,0.0,0,0.0,0.0,0,22.75,23.312,2025-10-28 05:42:58
136.5,0.1,23.6,130.6,0,16.4,39.8,60.01,211.5,0.5,0.0,1378.1,24,0.0,0.0,0,0.0,0.0,0,23.5,23.312,2025-10-28 05:43:13
125,0.1,24.2,128,0,15.8,39.3,59.99,211.4,0.3,0.0,1378.1,24.1,0.0,0.0,0,0.0,0.0,0,23.5,23.312,2025-10-28 05:43:28
133.2,0.1,26.0,131.2,0,17.6,42.9,60.01,211.4,0.4,0.0,1378.1,24.1,0.0,0.0,0,0.0,0.0,0,23.5,23.312,2025-10-28 05:43:43
127.7,0.1,26.6,143,0,17.1,43.4,60,211.3,0.5,0.0,1378.1,24.2,0.0,0.0,0,0.0,-37.90271636133923,0,23.562,23.375,2025-10-28 05:43:58
130.4,0.1,27.2,133.6,0,18.9,45.3,60,211.4,0.6,0.0,1378.1,24.2,0.0,0.0,0,0.0,0.0,0,23.562,23.375,2025-10-28 05:44:13
145.5,0.1,28.6,136.7,0.1,19.9,47.6,60.03,211.4,0.5,0.0,1378.1,24.2,0.0,0.0,0,0.0,0.0,0,23.562,23.375,2025-10-28 05:44:28
147.1,0.1,29.3,130.5,0.1,20.8,49.1,60.02,211.6,0.5,0.0,1378.1,24.3,0.0,0.0,0,0.0,0.0,0,23.562,23.375,2025-10-28 05:44:43
136.7,0.1,29.3,142.6,0.1,22.0,50.7,60.01,211.7,0.5,0.0,1378.1,24.3,0.0,0.0,0,0.0,0.0,0,23.562,23.375,2025-10-28 05:44:58
128.3,0.1,29.4,136.2,0.1,22.5,51.0,59.99,211.7,0.6,0.0,1378.1,24.3,0.0,0.0,0,0.0,0.0,0,23.625,23.375,2025-10-28 05:45:13
133.1,0.1,31.4,142.6,0.1,24.3,54.7,60.01,211.5,0.4,0.0,1378.1,24.3,0.0,0.0,0,0.0,0.0,0,23.625,23.437,2025-10-28 05:45:28
155.2,0.1,32.9,147.7,0.1,25.9,57.8,60.02,211.3,0.4,0.0,1378.1,24.4,0.0,0.0,0,0.0,0.0,0,23.625,23.375,2025-10-28 05:45:43
143.1,0.1,32.1,132.2,0.1,28.0,58.4,60.03,211.3,0.4,0.0,1378.1,24.4,0.0,0.0,0,0.0,0.0,0,23.687,23.437,2025-10-28 05:45:58
149.4,0.1,32.7,138.1,0.1,29.8,61.4,60.03,211.3,0.4,0.0,1378.1,24.5,0.0,0.0,0,0.0,0.0,0,23.687,23.437,2025-10-28 05:46:13
142.2,0.1,33.8,138.3,0.1,31.6,63.8,59.99,211.2,0.5,0.0,1378.1,24.5,0.0,0.0,0,0.0,0.0,0,23.687,23.437,2025-10-28 05:46:28
140.5,0.1,33.7,140,0.1,32.8,65.4,60.02,211.3,0.5,0.0,1378.1,24.5,0.0,0.0,0,0.0,0.0,0,23.687,23.437,2025-10-28 05:46:43
149.3,0.1,33.8,134.5,0.1,32.9,65.5,60,211.4,0.5,0.0,1378.1,24.6,0.0,0.0,0,0.0,0.0,0,23.75,23.437,2025-10-28 05:46:58
146.4,0.1,35.5,141.2,0.1,34.0,68.4,60.01,211.6,0.5,0.0,1378.1,24.6,0.0,0.0,0,0.0,0.0,0,23.75,23.437,2025-10-28 05:47:13
140.7,0.1,36.1,141.3,0.1,34.0,68.8,60,211.5,0.5,0.0,1378.1,24.6,0.0,0.0,0,0.0,0.0,0,23.812,23.437,2025-10-28 05:47:28
143.5,0.1,38.1,147.1,0.1,33.5,70.3,60,211.6,0.5,0.0,1378.1,24.7,0.0,0.0,0,0.0,0.0,0,23.812,23.437,2025-10-28 05:47:43
140.6,0.2,36.8,135.3,0.2,34.3,70.2,60,211.6,0.5,0.0,1378.1,24.7,0.0,0.0,0,0.0,0.0,0,23.812,23.437,2025-10-28 05:47:58
143.4,0.2,40.2,143.9,0.1,36.9,75.7,60.01,211.6,0.5,0.0,1378.1,24.7,0.0,0.0,0,0.0,-37.90271636133923,0,23.875,23.5,2025-10-28 05:48:13
137.7,0.2,39.6,138.5,0.2,39.2,77.4,60.01,211.5,0.5,0.0,1378.1,24.8,0.0,0.0,0,0.0,0.0,0,23.875,23.5,2025-10-28 05:48:28
140.5,0.2,41.7,144.3,0.2,41.7,82.0,59.99,211.8,0.5,0.0,1378.1,24.8,0.0,0.0,0,0.0,-37.90271636133923,0,23.875,23.5,2025-10-28 05:48:43
149.4,0.2,42.3,141.3,0.2,44.2,84.9,59.98,211.7,0.5,0.0,1378.1,24.8,0.0,0.0,0,0.0,0.0,0,23.937,23.562,2025-10-28 05:48:58
147.4,0.2,43.5,139.3,0.2,46.1,88.2,60.02,211.7,0.5,0.0,1378.1,24.8,0.0,0.0,0,0.0,0.0,0,23.937,23.562,2025-10-28 05:49:13
145.9,0.2,45.0,149.5,0.2,50.2,93.4,60.02,211.8,0.5,0.0,1378.1,24.9,0.0,0.0,0,0.0,0.0,0,24.0,23.562,2025-10-28 05:49:28
149.3,0.2,45.2,141.7,0.3,53.4,96.9,59.98,211.8,0.5,0.0,1378.1,24.9,0.0,0.0,0,0.0,0.0,0,24.0,23.625,2025-10-28 05:49:43
146.4,0.2,45.8,147.1,0.3,60.0,103.8,60,211.8,0.5,0.0,1378.1,24.9,0.0,0.0,0,0.0,0.0,0,24.062,23.562,2025-10-28 05:49:58
148.6,0.2,46.9,144.6,0.3,65.7,110.7,60.02,211.7,0.6,0.0,1378.1,24.9,0.0,0.0,0,0.0,0.0,0,24.125,23.625,2025-10-28 05:50:13
158.2,0.2,47.7,142.8,0.4,72.6,118.1,60,211.7,0.6,0.0,1378.1,25,0.0,0.0,0,0.0,0.0,0,24.125,23.687,2025-10-28 05:50:28
152.3,0.2,48.0,135.3,0.5,77.4,122.9,59.99,211.8,0.6,0.0,1378.1,25,0.0,0.0,0,0.0,0.0,0,24.187,23.687,2025-10-28 05:50:43
155.3,0.2,50.1,150,0.4,82.1,129.7,60,211.6,0.6,0.0,1378.1,25,0.0,0.0,0,0.0,0.0,0,24.187,23.75,2025-10-28 05:50:58
158.2,0.2,50.9,147,0.5,89.2,137.4,60.01,211.6,0.6,0.0,1378.1,25.1,0.0,0.0,0,0.0,0.0,0,24.187,23.75,2025-10-28 05:51:13
164.1,0.2,53.2,150.1,0.5,93.6,144.1,60,211.6,0.7,0.0,1378.1,25.1,0.0,0.0,0,0.0,0.0,0,24.25,23.812,2025-10-28 05:51:28
166.1,0.2,54.1,153.3,0.5,97.3,148.6,60,211.5,0.7,0.0,1378.1,25.1,0.0,0.0,0,0.0,0.0,0,24.312,23.812,2025-10-28 05:51:43
161.2,0.3,54.3,150.1,0.5,97.4,148.9,60.03,211.6,0.7,0.0,1378.1,25.2,0.0,0.0,0,0.0,0.0,0,24.312,23.812,2025-10-28 05:51:58
161.2,0.3,54.7,151.5,0.5,99.4,151.2,60.03,211.7,0.8,0.0,1378.1,25.2,0.0,0.0,0,0.0,0.0,0,24.375,23.875,2025-10-28 05:52:13
158.5,0.3,54.7,145.6,0.6,102.8,154.2,60.01,211.7,0.7,0.0,1378.1,25.2,0.0,0.0,0,0.0,0.0,0,24.375,23.875,2025-10-28 05:52:28
159.8,0.3,55.2,145.2,0.6,105.7,157.9,60.02,211.8,0.8,0.0,1378.1,25.2,0.0,0.0,0,0.0,0.0,0,24.437,23.937,2025-10-28 05:52:43
161.4,0.3,56.1,149.4,0.6,111.4,164.4,60.02,211.8,0.7,0.0,1378.1,25.3,0.0,0.0,0,0.0,0.0,0,24.437,24.0,2025-10-28 05:52:58
168.6,0.3,58.0,149.1,0.7,119.0,173.7,59.97,211.7,0.8,0.0,1378.1,25.3,0.0,0.0,0,0.0,0.0,0,24.5,24.0,2025-10-28 05:53:13
166.1,0.3,58.0,148.7,0.7,125.3,179.6,59.98,211.6,0.8,0.0,1378.1,25.3,0.0,0.0,0,38.845008416418494,0.0,0.0,24.562,24.062,2025-10-28 05:53:28
166.1,0.3,59.4,145.7,0.8,130.1,186.0,59.97,211.7,0.8,0.0,1378.1,25.4,0.0,0.0,0,38.845008416418494,0.0,0.0,24.562,24.062,2025-10-28 05:53:43
160.2,0.3,59.5,141.1,1,142.0,197.9,59.99,211.8,0.9,0.0,1378.1,25.4,0.0,0.0,0,38.845008416418494,0.0,0.0,24.625,24.062,2025-10-28 05:53:58
161.6,0.3,60.6,139.3,1,154.8,209.6,60.01,211.7,0.9,0.0,1378.1,25.5,0.0,0.0,0,0.0,0.0,0,24.625,24.125,2025-10-28 05:54:13
161.5,0.3,62.9,137,1.1,154.9,213.5,60,211.6,1,0.0,1378.1,25.5,0.0,0.0,0,38.845008416418494,0.0,0.0,24.687,24.125,2025-10-28 05:54:28
166.1,0.3,64.9,133.6,1.1,156.0,216.8,59.97,211.6,1,0.0,1378.1,25.5,0.0,0.0,0,38.845008416418494,0.0,0.0,24.687,24.125,2025-10-28 05:54:43
163.8,0.3,64.3,134.5,1.1,156.6,217.5,60,211.6,1,0.0,1378.1,25.5,0.0,0.0,0,38.845008416418494,0.0,0.0,24.75,24.187,2025-10-28 05:54:58
170.2,0.3,66.7,137.9,1,158.4,220.7,60.01,211.6,1,0.0,1378.1,25.6,0.0,0.0,0,38.845008416418494,0.0,0.0,24.75,24.187,2025-10-28 05:55:13
171.2,0.3,67.7,136.9,1.1,158.6,221.5,60,211.6,1,0.0,1378.1,25.6,0.0,0.0,0,38.845008416418494,0.0,0.0,24.812,24.25,2025-10-28 05:55:28
168.4,0.3,68.3,133.8,1.1,156.2,220.2,60,211.4,1.1,0.0,1378.1,25.6,0.0,0.0,0,38.845008416418494,0.0,0.0,24.875,24.25,2025-10-28 05:55:43
168.3,0.4,70.2,136.8,1.1,156.4,222.2,60.01,211.4,1,0.0,1378.1,25.7,0.0,0.0,0,38.845008416418494,0.0,0.0,24.937,24.312,2025-10-28 05:55:58
163.9,0.4,75.3,136.9,1,155.5,226.6,60.01,211.4,1,0.0,1378.1,25.7,0.0,0.0,0,38.845008416418494,0.0,0.0,24.937,24.312,2025-10-28 05:56:13
168.2,0.4,81.4,139.8,1,157.6,234.0,60.01,211.4,1.1,0.0,1378.1,25.8,0.0,0.0,0,38.845008416418494,0.0,0.0,25.0,24.375,2025-10-28 05:56:28
169.8,0.5,93.4,136.8,1,153.8,243.3,59.98,211.4,1.1,0.0,1378.1,25.8,0.0,0.0,0,38.845008416418494,0.0,0.0,25.0,24.375,2025-10-28 05:56:43
171.2,0.6,109.4,142.5,1,146.6,251.7,59.99,211.5,1.2,0.0,1378.1,25.8,0.0,0.0,0,38.845008416418494,0.0,0.0,25.062,24.375,2025-10-28 05:56:58
171.2,0.6,120.1,139.8,1,148.6,263.8,59.99,211.8,1.2,0.0,1378.1,25.8,0.0,0.0,0,38.845008416418494,0.0,0.0,25.125,24.437,2025-10-28 05:57:13
166,0.8,133.7,139.8,0.9,141.6,270.0,59.99,212,1.2,0.0,1378.1,25.9,0.0,0.0,0,38.845008416418494,0.0,0.0,25.187,24.5,2025-10-28 05:57:28
164.9,0.8,141.6,141,0.9,121.5,259.1,59.98,212.1,1.2,0.0,1378.1,25.9,0.0,0.0,0,38.845008416418494,0.0,0.0,25.187,24.5,2025-10-28 05:57:43
166,0.7,136.0,141.1,0.8,127.1,258.1,60.01,212.1,1.2,0.0,1378.1,26,0.0,0.0,0,38.845008416418494,0.0,0.0,25.25,24.562,2025-10-28 05:57:58
164.4,0.7,131.7,139.6,0.8,121.6,248.0,60.03,211.9,1.1,0.0,1378.1,26,0.0,0.0,0,38.845008416418494,0.0,0.0,25.312,24.625,2025-10-28 05:58:13
163.7,0.7,129.2,142.6,0.7,104.9,232.9,60.02,211.4,1.1,0.0,1378.1,26,0.0,0.0,0,38.845008416418494,0.0,0.0,25.312,24.687,2025-10-28 05:58:28
166.7,0.7,125.4,139.1,0.7,112.3,233.0,59.98,211.6,1,0.0,1378.1,26.1,0.0,0.0,0,38.845008416418494,0.0,0.0,25.375,24.687,2025-10-28 05:58:43
163.7,0.7,121.6,137.4,0.7,105.9,223.2,59.97,211.9,1.1,0.0,1378.1,26.1,0.0,0.0,0,38.845008416418494,0.0,0.0,25.437,24.75,2025-10-28 05:58:58
163.5,0.6,119.1,139.7,0.7,102.8,217.1,60.02,212,1,0.0,1378.1,26.1,0.0,0.0,0,38.845008416418494,0.0,0.0,25.437,24.75,2025-10-28 05:59:13
166.9,0.6,114.6,139.8,0.6,98.0,207.3,60,211.6,1,0.0,1378.1,26.2,0.0,0.0,0,38.845008416418494,0.0,0.0,25.437,24.75,2025-10-28 05:59:28
163.7,0.6,112.3,136.6,0.6,94.1,202.5,59.97,211.6,0.9,0.0,1378.1,26.2,0.0,0.0,0,38.845008416418494,0.0,0.0,25.5,24.75,2025-10-28 05:59:43
160.7,0.6,109.1,133.8,0.6,90.1,195.3,59.98,211.7,0.9,0.0,1378.1,26.2,0.0,0.0,0,38.845008416418494,0.0,0.0,25.562,24.75,2025-10-28 05:59:58
162.9,0.6,107.6,136.7,0.5,88.1,191.9,59.98,211.8,0.8,0.0,1378.1,26.3,0.0,0.0,0,38.845008416418494,0.0,0.0,25.562,24.75,2025-10-28 06:00:13
160.9,0.6,105.8,133.8,0.5,85.2,187.3,60,211.9,0.8,0.0,1378.1,26.3,0.0,0.0,0,38.845008416418494,0.0,0.0,25.625,24.75,2025-10-28 06:00:28
163.7,0.5,101.1,136.6,0.5,80.8,178.4,59.98,211.9,0.8,0.0,1378.1,26.4,0.0,0.0,0,38.845008416418494,0.0,0.0,25.687,24.812,2025-10-28 06:00:43
163.5,0.5,94.6,136.2,0.4,73.6,163.6,60.01,211.9,0.8,0.0,1378.1,26.4,0.0,0.0,0,0.0,0.0,0,25.687,24.812,2025-10-28 06:00:58
161.7,0.4,85.2,136.8,0.4,67.6,150.0,60.04,212,0.8,0.0,1378.1,26.5,0.0,0.0,0,38.845008416418494,0.0,0.0,25.75,24.812,2025-10-28 06:01:13
162.9,0.4,76.5,133.9,0.4,59.9,133.8,60.02,211.9,0.6,0.0,1378.1,26.5,0.0,0.0,0,0.0,0.0,0,25.812,24.875,2025-10-28 06:01:28
160.9,0.3,68.9,135.7,0.3,53.6,120.3,60.03,212.1,0.5,0.0,1378.1,26.5,0.0,0.0,0,38.845008416418494,0.0,0.0,25.812,24.875,2025-10-28 06:01:43
157.9,0.3,63.1,136.9,0.3,50.0,111.1,60.03,212.2,0.5,0.0,1378.1,26.5,0.0,0.0,0,0.0,0.0,0,25.875,24.875,2025-10-28 06:01:58
160.8,0.3,61.1,134,0.2,48.1,107.3,60.03,212.2,0.5,0.0,1378.1,26.6,0.0,0.0,0,0.0,0.0,0,25.875,24.875,2025-10-28 06:02:13
157.9,0.3,61.8,136.8,0.3,49.1,108.8,60.02,212.1,0.5,0.0,1378.1,26.6,0.0,0.0,0,0.0,0.0,0,25.937,24.937,2025-10-28 06:02:28
160.8,0.3,62.2,136.6,0.3,49.2,109.9,60.02,212.1,0.5,0.0,1378.1,26.6,0.0,0.0,0,0.0,0.0,0,25.937,24.875,2025-10-28 06:02:43
157.7,0.3,61.8,132.3,0.3,48.7,108.4,59.98,212.2,0.6,0.0,1378.1,26.7,0.0,0.0,0,0.0,-37.90271636133923,0,26.0,24.875,2025-10-28 06:02:58
161.2,0.3,62.7,143.1,0.2,50.3,110.9,59.98,212.1,0.6,0.0,1378.1,26.7,0.0,0.0,0,0.0,0.0,0,26.0,24.875,2025-10-28 06:03:13
161.2,0.2,62.5,138.8,0.3,50.4,106.2,59.99,212.1,0.6,0.0,1378.1,26.7,0.0,0.0,0,0.0,0.0,0,26.0,24.875,2025-10-28 06:03:28
160.9,0.3,62.1,139.6,0.2,50.3,110.2,60.02,212.1,0.5,0.0,1378.1,26.8,0.0,0.0,0,0.0,0.0,0,26.062,24.875,2025-10-28 06:03:43
162.1,0.2,62.3,147.2,0.2,48.1,108.4,60.03,212.1,0.5,0.0,1378.1,26.8,0.0,0.0,0,38.845008416418494,0.0,0.0,26.125,24.875,2025-10-28 06:03:58
160.8,0.2,61.7,144.9,0.2,47.4,107.1,60.01,212,0.6,0.0,1378.1,26.8,0.0,0.0,0,0.0,0.0,0,26.125,24.937,2025-10-28 06:04:13
160.8,0.3,60.5,136.9,0.2,47.9,106.4,59.96,212,0.5,0.0,1378.1,26.8,0.0,0.0,0,0.0,0.0,0,26.125,24.875,2025-10-28 06:04:28
158.1,0.3,60.9,139.6,0.2,48.6,107.2,59.97,211.9,0.4,0.0,1378.1,26.9,0.0,0.0,0,0.0,0.0,0,26.187,24.875,2025-10-28 06:04:43
160.7,0.3,62.1,140,0.2,49.1,109.1,59.98,212,0.5,0.0,1378.1,26.9,0.0,0.0,0,38.845008416418494,0.0,0.0,26.187,24.875,2025-10-28 06:04:58
157.9,0.3,63.2,145.4,0.2,47.5,108.8,59.98,212.6,0.6,0.0,1378.1,26.9,0.0,0.0,0,38.845008416418494,0.0,0.0,26.25,24.875,2025-10-28 06:05:13
159.4,0.3,63.4,142.6,0.2,50.2,111.6,59.97,212.6,0.5,0.0,1378.1,27,0.0,0.0,0,38.845008416418494,0.0,0.0,26.25,24.875,2025-10-28 06:05:28
159.1,0.3,65.7,144.3,0.2,51.0,114.6,59.99,212.7,0.6,0.0,1378.1,27,0.0,0.0,0,38.845008416418494,0.0,0.0,26.25,24.875,2025-10-28 06:05:43
160.7,0.3,66.7,144,0.3,51.6,116.1,59.98,212.7,0.6,0.0,1378.1,27,0.0,0.0,0,38.845008416418494,0.0,0.0,26.312,24.875,2025-10-28 06:05:58
163.2,0.2,68.0,138.3,0.3,52.9,118.6,59.97,212.4,0.6,0.0,1378.1,27,0.0,0.0,0,38.845008416418494,0.0,0.0,26.312,24.937,2025-10-28 06:06:13
162.2,0.3,70.3,144.6,0.3,54.7,122.6,59.98,212.4,0.7,0.0,1378.1,27.1,0.0,0.0,0,38.845008416418494,0.0,0.0,26.312,24.875,2025-10-28 06:06:28
159.6,0.3,71.7,142.7,0.3,56.8,126.2,60.04,212.4,0.5,0.0,1378.1,27.1,0.0,0.0,0,38.845008416418494,0.0,0.0,26.375,24.875,2025-10-28 06:06:43
162.3,0.4,73.8,136.8,0.3,57.3,129.2,60.03,212.4,0.6,0.0,1378.1,27.1,0.0,0.0,0,38.845008416418494,0.0,0.0,26.375,24.875,2025-10-28 06:06:58
160.6,0.4,76.3,139.6,0.3,58.9,132.8,60,212.4,0.5,0.0,1378.1,27.1,0.0,0.0,0,38.845008416418494,0.0,0.0,26.437,24.875,2025-10-28 06:07:13
158,0.4,77.5,146.3,0.3,58.7,133.4,59.98,212.4,0.6,0.0,1378.1,27.1,0.0,0.0,0,38.845008416418494,0.0,0.0,26.437,24.875,2025-10-28 06:07:28
157.8,0.4,78.4,144.3,0.3,60.5,135.4,60.03,212.3,0.6,0.0,1378.1,27.2,0.0,0.0,0,38.845008416418494,0.0,0.0,26.437,24.875,2025-10-28 06:07:43
161,0.4,79.3,144.1,0.3,60.3,137.5,60.02,212.4,0.7,0.0,1378.1,27.2,0.0,0.0,0,38.845008416418494,0.0,0.0,26.437,24.812,2025-10-28 06:07:58
160.8,0.4,80.4,141.3,0.3,60.6,138.4,60,212.3,0.7,0.0,1378.1,27.2,0.0,0.0,0,38.845008416418494,0.0,0.0,26.437,24.812,2025-10-28 06:08:13
161.6,0.4,82.7,142.6,0.3,62.1,142.0,59.99,212.3,0.7,0.0,1378.1,27.2,0.0,0.0,0,38.845008416418494,0.0,0.0,26.437,24.812,2025-10-28 06:08:28
161.1,0.4,84.3,141.2,0.4,63.2,144.7,59.98,212.3,0.7,0.0,1378.1,27.2,0.0,0.0,0,38.845008416418494,0.0,0.0,26.437,24.812,2025-10-28 06:08:43
164.5,0.4,87.5,140.9,0.4,65.2,149.1,60.03,212.1,0.7,0.0,1378.1,27.3,0.0,0.0,0,38.845008416418494,0.0,0.0,26.5,24.812,2025-10-28 06:08:58
153.4,0.5,91.4,139.7,0.4,70.6,158.9,60.02,212.1,0.8,0.0,1378.1,27.3,0.0,0.0,0,38.845008416418494,0.0,0.0,26.5,24.75,2025-10-28 06:09:13
153.5,0.5,98.4,139.8,0.5,78.2,173.8,59.99,212.3,0.8,0.0,1378.1,27.3,0.0,0.0,0,38.845008416418494,0.0,0.0,26.5,24.812,2025-10-28 06:09:28
154.8,0.6,106.9,141.1,0.5,85.9,189.1,59.98,212.3,0.9,0.0,1378.1,27.3,0.0,0.0,0,38.845008416418494,0.0,0.0,26.562,24.75,2025-10-28 06:09:43
154,0.7,116.2,140.4,0.6,93.4,205.5,59.98,212.5,0.9,0.0,1378.1,27.4,0.0,0.0,0,38.845008416418494,0.0,0.0,26.562,24.812,2025-10-28 06:09:58
155,0.8,126.9,140.4,0.7,102.0,224.4,60,212.5,1,0.0,1378.1,27.4,0.0,0.0,0,38.845008416418494,0.0,0.0,26.625,24.812,2025-10-28 06:10:13
153.3,0.8,138.5,139.7,0.7,110.1,243.9,60.02,212.6,1.1,0.0,1378.1,27.4,0.0,0.0,0,38.845008416418494,0.0,0.0,26.625,24.812,2025-10-28 06:10:28
154.9,0.9,148.5,141.3,0.8,117.8,261.5,59.97,212.5,1.1,0.0,1378.1,27.4,0.0,0.0,0,38.845008416418494,0.0,0.0,26.687,24.812,2025-10-28 06:10:43
153.5,0.9,154.9,139.8,0.8,123.7,273.2,59.98,212.6,1.2,0.0,1378.1,27.5,0.0,0.0,0,38.845008416418494,0.0,0.0,27.0,24.875,2025-10-28 06:10:58
154.5,1,160.1,141.3,0.8,128.1,283.2,59.98,212.5,1.3,0.0,1378.1,27.5,0.0,0.0,0,38.845008416418494,0.0,0.0,26.687,24.875,2025-10-28 06:11:13
153.6,1,164.4,139.9,0.9,132.9,291.5,59.99,212.7,1.3,0.0,1378.1,27.5,0.0,0.0,0,38.845008416418494,0.0,0.0,26.687,24.937,2025-10-28 06:11:28
154.9,1,167.7,141.2,0.9,136.3,298.1,59.99,212.7,1.3,0.0,1378.1,27.5,0.0,0.0,0,38.845008416418494,0.0,0.0,26.75,24.937,2025-10-28 06:11:43
156.4,1.1,171.1,138.3,1,141.1,306.6,59.97,212.7,1.4,0.0,1378.1,27.6,0.0,0.0,0,38.845008416418494,0.0,0.0,26.812,24.937,2025-10-28 06:11:58
153.8,1.1,174.4,131.9,1.1,145.6,313.8,59.96,212.6,1.5,0.0,1378.1,27.6,0.0,0.0,0,38.845008416418494,0.0,0.0,26.875,25.0,2025-10-28 06:12:13
154.3,1.1,177.9,124.9,1.2,155.0,324.4,60.03,212.8,1.5,0.0,1378.1,27.6,0.0,0.0,0,38.845008416418494,0.0,0.0,26.937,25.0,2025-10-28 06:12:28
153.2,1.1,181.0,126.5,1.2,158.5,331.3,60.01,212.5,1.5,0.0,1378.1,27.7,0.0,0.0,0,38.845008416418494,0.0,0.0,26.937,25.0,2025-10-28 06:12:43
153.4,1.2,183.4,129.4,1.2,160.8,336.6,60.01,212.6,1.5,0.0,1378.1,27.7,0.0,0.0,0,38.845008416418494,0.0,0.0,27.0,25.062,2025-10-28 06:12:58
152.1,1.2,183.0,129.4,1.2,161.6,335.7,60,212.6,1.5,0.0,1378.1,27.7,0.0,0.0,0,77.69001683283699,0.0,0.0,27.062,25.125,2025-10-28 06:13:13
160.8,1.1,187.6,132.3,1.2,158.2,338.8,60.03,212.6,1.6,0.0,1378.1,27.7,0.0,0.0,0,38.845008416418494,0.0,0.0,27.125,25.125,2025-10-28 06:13:28
170.1,0.9,184.4,129.4,1.2,163.3,318.9,60.03,212.6,1.5,0.0,1378.1,27.8,0.0,0.0,0,38.845008416418494,0.0,0.0,27.25,25.125,2025-10-28 06:13:43
168.3,1.1,191.7,126.4,1.2,160.3,344.2,60.01,212.8,1.6,0.0,1378.1,27.8,0.0,0.0,0,38.845008416418494,0.0,0.0,27.312,25.187,2025-10-28 06:13:58
165.2,1.1,189.7,129.4,1.2,162.8,345.1,59.96,212.3,1.6,0.0,1378.1,27.8,0.0,0.0,0,38.845008416418494,0.0,0.0,27.312,25.187,2025-10-28 06:14:13
168.3,1.1,190.8,129.1,1.2,162.3,346.1,60,212.7,1.6,0.0,1378.1,27.8,0.0,0.0,0,38.845008416418494,0.0,0.0,27.375,25.187,2025-10-28 06:14:28
170.5,1.1,160.2,129.5,1.2,165.7,319.8,60.02,212.8,1.6,0.0,1378.1,27.9,0.0,0.0,0,38.845008416418494,0.0,0.0,27.375,25.25,2025-10-28 06:14:43
166.4,1.1,193.6,127.6,1.3,165.9,351.6,59.97,212.9,1.6,0.0,1378.1,27.9,0.0,0.0,0,38.845008416418494,0.0,0.0,27.375,25.25,2025-10-28 06:14:58
167.4,1.1,194.0,126.5,1.3,164.9,350.8,60.01,213,1.6,0.0,1378.1,27.9,0.0,0.0,0,38.845008416418494,0.0,0.0,27.375,25.312,2025-10-28 06:15:13
168.4,0.9,196.8,129.4,1.3,169.3,354.1,60.02,212.9,1.5,0.0,1378.1,28,0.0,0.0,0,38.845008416418494,0.0,0.0,27.437,25.312,2025-10-28 06:15:28
168.3,1.2,198.0,129.4,1.3,171.1,360.8,60.01,212.9,1.6,0.0,1378.1,28,0.0,0.0,0,38.845008416418494,0.0,0.0,27.437,25.312,2025-10-28 06:15:43
165.3,1.2,198.3,132.2,1.3,172.3,363.1,59.99,212.8,1.7,0.0,1378.1,28,0.0,0.0,0,38.845008416418494,0.0,0.0,27.625,25.312,2025-10-28 06:15:58
168.1,1.2,199.0,132.1,1.3,174.7,367.3,60.01,212.7,1.7,0.0,1378.1,28,0.0,0.0,0,38.845008416418494,0.0,0.0,27.687,25.375,2025-10-28 06:16:13
170.8,0.9,188.0,133.7,1.3,177.0,359.2,60.03,212.7,1.7,0.0,1378.1,28,0.0,0.0,0,38.845008416418494,0.0,0.0,27.687,25.375,2025-10-28 06:16:28
168.3,1.2,203.1,142.5,1.3,186.7,382.1,60.02,212.6,1.8,0.0,1378.1,28,0.0,0.0,0,38.845008416418494,0.0,0.0,27.687,25.437,2025-10-28 06:16:43
165.3,1.2,202.3,144.1,1.3,186.8,381.5,60.01,212.6,1.8,0.1,1378.2,28.1,0.0,0.0,0,77.69001683283699,0.0,0.0,27.75,25.437,2025-10-28 06:16:58
168.3,1.2,203.5,142.3,1.3,188.8,384.5,60.03,212.6,1.7,0.1,1378.2,28.1,0.0,0.0,0,38.845008416418494,0.0,0.0,28.0,25.5,2025-10-28 06:17:13
169.8,1.2,170.6,138.9,1.3,190.6,359.7,59.99,212.6,1.7,0.1,1378.2,28.1,0.0,0.0,0,38.845008416418494,0.0,0.0,27.812,25.5,2025-10-28 06:17:28
165.9,1.2,202.1,141.2,1.3,188.6,383.0,60,212.6,1.8,0.1,1378.2,28.2,0.0,0.0,0,77.69001683283699,0.0,0.0,27.875,25.562,2025-10-28 06:17:43
165.3,1.2,200.3,141.2,1.3,186.1,377.9,60.03,212.5,1.7,0.1,1378.2,28.2,0.0,0.0,0,77.69001683283699,0.0,0.0,27.875,25.562,2025-10-28 06:17:58
167.9,1.2,196.3,144.1,1.3,187.7,377.4,60.01,212.3,1.8,0.1,1378.2,28.3,0.0,0.0,0,38.845008416418494,0.0,0.0,27.937,25.687,2025-10-28 06:18:13
165.2,1.2,196.8,147.9,1.2,186.3,375.7,60.01,212.3,1.7,0.1,1378.2,28.3,0.0,0.0,0,38.845008416418494,0.0,0.0,28.0,25.625,2025-10-28 06:18:28
162,1.2,193.9,148.7,1.2,187.0,373.4,59.96,212.5,1.7,0.1,1378.2,28.3,0.0,0.0,0,77.69001683283699,0.0,0.0,28.125,25.687,2025-10-28 06:18:43
165.3,1.1,193.9,151.8,1.2,183.3,370.2,59.97,212.5,1.7,0.1,1378.2,28.3,0.0,0.0,0,38.845008416418494,0.0,0.0,28.25,25.75,2025-10-28 06:18:58
168.3,1.1,190.3,148.7,1.2,188.1,370.3,59.98,212.7,1.7,0.1,1378.2,28.3,0.0,0.0,0,38.845008416418494,0.0,0.0,28.375,25.812,2025-10-28 06:19:13
165.5,1.1,194.2,145.6,1.2,186.7,373.4,60.02,212.6,1.7,0.1,1378.2,28.4,0.0,0.0,0,38.845008416418494,0.0,0.0,28.437,25.812,2025-10-28 06:19:28
162.3,1.2,193.8,148.6,1.2,190.2,377.4,59.99,212.6,1.7,0.1,1378.2,28.4,0.0,0.0,0,38.845008416418494,0.0,0.0,28.5,25.812,2025-10-28 06:19:43
165.3,1.2,198.0,148.8,1.3,183.8,373.9,60.01,212.6,1.7,0.1,1378.2,28.4,0.0,0.0,0,38.845008416418494,0.0,0.0,28.437,25.812,2025-10-28 06:19:58
165.8,1.2,195.1,145.9,1.3,191.7,379.1,60,212.6,1.7,0.1,1378.2,28.5,0.0,0.0,0,38.845008416418494,0.0,0.0,28.687,25.875,2025-10-28 06:20:13
165.3,1.2,197.5,145.5,1.3,189.7,378.1,59.99,212.7,1.8,0.1,1378.2,28.5,0.0,0.0,0,38.845008416418494,0.0,0.0,28.5,25.875,2025-10-28 06:20:28
163.2,1.1,192.6,148.8,1.1,187.7,372.9,60.05,212.8,1.6,0.1,1378.2,28.5,0.0,0.0,0,38.845008416418494,0.0,0.0,27.812,25.937,2025-10-28 06:20:43
166.5,1.1,191.0,148.9,1.2,183.0,366.7,60.04,212.6,1.7,0.1,1378.2,28.5,0.0,0.0,0,38.845008416418494,0.0,0.0,28.687,25.937,2025-10-28 06:20:58
165.2,1.1,189.8,147.3,1.1,177.3,360.0,60.04,212.8,1.7,0.1,1378.2,28.6,0.0,0.0,0,38.845008416418494,0.0,0.0,26.5,25.937,2025-10-28 06:21:13
162.4,1.1,190.1,148.6,1.1,177.6,359.6,60.01,212.6,1.6,0.1,1378.2,28.6,0.0,0.0,0,38.845008416418494,0.0,0.0,28.75,26.0,2025-10-28 06:21:28
165.2,1.1,195.6,151.5,1.2,176.2,364.5,60,212.6,1.7,0.1,1378.2,28.6,0.0,0.0,0,38.845008416418494,0.0,0.0,28.812,26.0,2025-10-28 06:21:43
168.3,1.1,193.7,148.7,1.2,180.3,365.0,60.02,212.7,1.7,0.1,1378.2,28.6,0.0,0.0,0,77.69001683283699,0.0,0.0,28.937,26.0,2025-10-28 06:21:58
165.4,1.2,203.5,149.9,1.2,183.7,379.5,60.02,212.7,1.8,0.1,1378.2,28.7,0.0,0.0,0,38.845008416418494,0.0,0.0,29.0,26.062,2025-10-28 06:22:13
162.5,1.2,206.4,147.2,1.2,183.9,382.6,60.03,212.5,1.8,0.1,1378.2,28.7,0.0,0.0,0,77.69001683283699,0.0,0.0,29.125,26.125,2025-10-28 06:22:28
162.2,1.3,211.9,150,1.2,187.5,391.6,60.03,212.7,1.8,0.1,1378.2,28.7,0.0,0.0,0,77.69001683283699,0.0,0.0,29.187,26.125,2025-10-28 06:22:43
163.8,1.3,220.8,152.9,1.2,192.1,404.6,60.04,212.4,1.9,0.1,1378.2,28.8,0.0,0.0,0,77.69001683283699,0.0,0.0,29.25,26.125,2025-10-28 06:22:58
165.3,1.4,228.5,144.4,1.4,198.5,415.5,60.03,212.4,2,0.1,1378.2,28.8,0.0,0.0,0,77.69001683283699,0.0,0.0,29.375,26.187,2025-10-28 06:23:13
168.4,1.4,235.6,139.3,1.5,210.2,432.6,60.01,212.4,2,0.1,1378.2,28.8,0.0,0.0,0,77.69001683283699,0.0,0.0,29.375,26.187,2025-10-28 06:23:28
166.1,1.4,233.3,139.1,1.5,207.9,427.6,60.01,212.4,1.9,0.1,1378.2,28.9,0.0,0.0,0,77.69001683283699,0.0,0.0,29.375,26.187,2025-10-28 06:23:43
165.2,1.3,218.0,141.1,1.4,194.3,397.6,59.99,212.4,1.8,0.1,1378.2,28.9,0.0,0.0,0,77.69001683283699,0.0,0.0,29.437,26.187,2025-10-28 06:23:58
165.2,1.1,185.7,138.5,1.1,164.9,343.7,60.03,212.5,1.5,0.1,1378.2,28.9,0.0,0.0,0,38.845008416418494,0.0,0.0,27.25,26.187,2025-10-28 06:24:13
162.5,0.8,150.4,140.7,0.9,134.3,279.4,60.03,212.3,1.3,0.1,1378.2,28.9,0.0,0.0,0,38.845008416418494,0.0,0.0,29.375,26.25,2025-10-28 06:24:28
162.2,0.7,123.3,138.2,0.7,107.6,225.0,60.02,212.4,1,0.1,1378.2,28.9,0.0,0.0,0,38.845008416418494,0.0,0.0,29.375,26.187,2025-10-28 06:24:43
162.4,0.6,105.3,141.3,0.6,92.6,194.1,60,212.3,0.9,0.1,1378.2,28.9,0.0,0.0,0,38.845008416418494,0.0,0.0,29.5,26.187,2025-10-28 06:24:58
159.1,0.5,95.0,141.2,0.5,83.4,175.2,60.02,212.3,0.8,0.1,1378.2,28.9,0.0,0.0,0,38.845008416418494,0.0,0.0,29.562,26.187,2025-10-28 06:25:13
160.5,0.4,89.2,144,0.4,75.5,161.7,60,212,0.8,0.1,1378.2,29,0.0,0.0,0,38.845008416418494,0.0,0.0,29.5,26.125,2025-10-28 06:25:28
160.2,0.4,86.0,140.1,0.4,73.9,156.9,59.99,212.2,0.7,0.1,1378.2,29,0.0,0.0,0,38.845008416418494,0.0,0.0,29.5,26.125,2025-10-28 06:25:43
159.3,0.4,84.1,141.2,0.4,72.4,153.6,60.05,212,0.7,0.1,1378.2,29,0.0,0.0,0,38.845008416418494,0.0,0.0,29.437,26.125,2025-10-28 06:25:58
158.8,0.4,81.8,138.8,0.4,70.4,149.3,60.04,211.9,0.7,0.1,1378.2,29,0.0,0.0,0,38.845008416418494,0.0,0.0,29.437,26.062,2025-10-28 06:26:13
159.2,0.4,80.9,141.1,0.4,69.9,148.3,60.03,211.9,0.7,0.1,1378.2,29,0.0,0.0,0,38.845008416418494,0.0,0.0,29.5,26.0,2025-10-28 06:26:28
161.6,0.4,79.3,138.8,0.4,69.1,146.0,60.01,211.9,0.7,0.1,1378.2,29,0.0,0.0,0,38.845008416418494,0.0,0.0,29.562,26.0,2025-10-28 06:26:43
159.3,0.4,79.4,139.9,0.4,69.2,145.8,60,212,0.8,0.1,1378.2,29,0.0,0.0,0,38.845008416418494,0.0,0.0,29.625,25.937,2025-10-28 06:26:58
159.4,0.4,78.4,139.9,0.4,68.6,144.6,59.99,211.9,0.7,0.1,1378.2,29,0.0,0.0,0,38.845008416418494,0.0,0.0,29.687,25.937,2025-10-28 06:27:13
156.5,0.4,77.5,138.5,0.4,67.5,142.4,59.98,212,0.6,0.1,1378.2,29,0.0,0.0,0,38.845008416418494,0.0,0.0,29.75,25.937,2025-10-28 06:27:28
156.4,0.4,76.8,138.2,0.4,67.1,141.2,60.01,212.1,0.7,0.1,1378.2,29,0.0,0.0,0,38.845008416418494,0.0,0.0,29.75,25.937,2025-10-28 06:27:43
159.3,0.4,77.3,141.2,0.4,67.7,142.3,60.01,211.8,0.7,0.1,1378.2,29.1,0.0,0.0,0,38.845008416418494,0.0,0.0,29.75,25.937,2025-10-28 06:27:58
159.3,0.4,77.6,141.2,0.4,68.0,142.6,59.99,211.8,0.6,0.1,1378.2,29.1,0.0,0.0,0,38.845008416418494,0.0,0.0,29.75,25.875,2025-10-28 06:28:13
162.2,0.4,76.7,143.8,0.4,67.7,141.8,59.98,211.7,0.7,0.1,1378.2,29.1,0.0,0.0,0,38.845008416418494,0.0,0.0,29.687,25.812,2025-10-28 06:28:28
162.3,0.4,77.4,144.2,0.4,67.5,142.1,59.97,211.7,0.7,0.1,1378.2,29.1,0.0,0.0,0,38.845008416418494,0.0,0.0,29.562,25.812,2025-10-28 06:28:43
162.1,0.4,78.0,143.8,0.4,68.0,142.6,60.01,211.7,0.7,0.1,1378.2,29.1,0.0,0.0,0,38.845008416418494,0.0,0.0,29.812,25.812,2025-10-28 06:28:58
159.5,0.4,77.8,141.3,0.4,68.6,143.6,60.04,211.6,0.7,0.1,1378.2,29.2,0.0,0.0,0,38.845008416418494,0.0,0.0,29.625,25.75,2025-10-28 06:29:13
158,0.4,77.8,139.9,0.4,68.3,143.1,60.02,211.8,0.7,0.1,1378.2,29.2,0.0,0.0,0,38.845008416418494,0.0,0.0,29.5,25.75,2025-10-28 06:29:28
156.3,0.4,77.2,138.1,0.4,68.4,142.9,60.01,211.8,0.7,0.1,1378.2,29.2,0.0,0.0,0,38.845008416418494,0.0,0.0,29.562,25.687,2025-10-28 06:29:43
165.6,0.4,67.5,138.2,0.4,70.6,133.2,60.02,211.8,0.7,0.1,1378.2,29.2,0.0,0.0,0,38.845008416418494,0.0,0.0,29.562,25.75,2025-10-28 06:29:58
165.7,0.4,65.4,138,0.4,70.5,133.8,60,211.6,0.7,0.1,1378.2,29.2,0.0,0.0,0,38.845008416418494,0.0,0.0,29.625,25.687,2025-10-28 06:30:13
162.2,0.4,78.5,138.5,0.4,69.2,144.9,60.04,211.6,0.7,0.1,1378.2,29.2,0.0,0.0,0,38.845008416418494,0.0,0.0,29.625,25.687,2025-10-28 06:30:28
164.5,0.3,74.2,141,0.4,72.3,133.8,59.98,211.7,0.7,0.1,1378.2,29.2,0.0,0.0,0,38.845008416418494,0.0,0.0,29.562,25.687,2025-10-28 06:30:43
164.9,0.3,75.7,138.2,0.4,70.8,141.1,59.96,211.7,0.7,0.1,1378.2,29.2,0.0,0.0,0,38.845008416418494,0.0,0.0,29.437,25.625,2025-10-28 06:30:58
165.4,0.3,70.7,138.1,0.4,70.8,139.4,59.97,211.7,0.6,0.1,1378.2,29.2,0.0,0.0,0,38.845008416418494,0.0,0.0,29.312,25.625,2025-10-28 06:31:13
162.4,0.4,78.9,138.3,0.4,70.6,147.2,59.97,211.6,0.8,0.1,1378.2,29.2,0.0,0.0,0,38.845008416418494,0.0,0.0,29.375,25.562,2025-10-28 06:31:28
159.2,0.4,79.9,145.7,0.4,70.2,147.2,59.99,211.7,0.7,0.1,1378.2,29.2,0.0,0.0,0,38.845008416418494,0.0,0.0,29.375,25.562,2025-10-28 06:31:43
161.1,0.4,79.3,142.6,0.4,72.4,148.8,59.96,211.5,0.7,0.1,1378.2,29.2,0.0,0.0,0,38.845008416418494,0.0,0.0,29.375,25.5,2025-10-28 06:31:58
164,0.3,78.1,139.6,0.4,72.7,148.3,60,211.8,0.7,0.1,1378.2,29.3,0.0,0.0,0,38.845008416418494,0.0,0.0,29.312,25.5,2025-10-28 06:32:13
159.4,0.4,80.2,145.6,0.4,71.8,149.0,60.04,211.6,0.7,0.1,1378.2,29.3,0.0,0.0,0,38.845008416418494,0.0,0.0,29.187,25.437,2025-10-28 06:32:28
162,0.4,80.6,141.4,0.4,72.9,150.6,60.02,211.6,0.7,0.1,1378.2,29.3,0.0,0.0,0,38.845008416418494,0.0,0.0,29.125,25.312,2025-10-28 06:32:43
159.4,0.4,80.9,144.3,0.4,72.7,150.7,60.02,211.6,0.7,0.1,1378.2,29.3,0.0,0.0,0,38.845008416418494,0.0,0.0,29.062,25.25,2025-10-28 06:32:58
159.5,0.4,80.7,144.3,0.4,72.9,151.0,60,211.6,0.8,0.1,1378.2,29.4,0.0,0.0,0,38.845008416418494,0.0,0.0,29.062,25.187,2025-10-28 06:33:13
160.8,0.4,81.1,142.6,0.4,74.5,152.6,60,211.8,0.6,0.1,1378.2,29.4,0.0,0.0,0,38.845008416418494,0.0,0.0,29.0,25.187,2025-10-28 06:33:28
163.9,0.4,79.2,141,0.4,74.3,150.7,60,211.8,0.7,0.1,1378.2,29.4,0.0,0.0,0,38.845008416418494,0.0,0.0,28.937,25.187,2025-10-28 06:33:43
163.8,0.4,79.3,141.2,0.4,75.0,151.4,60.01,211.7,0.7,0.1,1378.2,29.4,0.0,0.0,0,38.845008416418494,0.0,0.0,28.875,25.187,2025-10-28 06:33:58
162.1,0.4,80.0,141.2,0.4,75.5,152.6,60.01,211.7,0.7,0.1,1378.2,29.4,0.0,0.0,0,38.845008416418494,0.0,0.0,28.875,25.125,2025-10-28 06:34:13
160.8,0.4,81.8,139.1,0.4,75.9,154.9,60.03,211.8,0.7,0.1,1378.2,29.4,0.0,0.0,0,38.845008416418494,0.0,0.0,28.937,25.187,2025-10-28 06:34:28
158.2,0.4,81.7,138.2,0.4,75.1,153.1,60.04,211.7,0.8,0.1,1378.2,29.4,0.0,0.0,0,38.845008416418494,0.0,0.0,28.937,25.187,2025-10-28 06:34:43
157.8,0.4,81.7,138.2,0.4,75.7,154.2,60.02,211.6,0.7,0.1,1378.2,29.4,0.0,0.0,0,38.845008416418494,0.0,0.0,28.937,25.187,2025-10-28 06:34:58
158.7,0.4,82.4,141.2,0.4,77.2,156.7,60.01,211.7,0.8,0.1,1378.2,29.4,0.0,0.0,0,38.845008416418494,0.0,0.0,29.0,25.187,2025-10-28 06:35:13
160.9,0.4,83.8,141.9,0.4,77.7,158.5,59.97,211.7,0.7,0.1,1378.2,29.4,0.0,0.0,0,38.845008416418494,0.0,0.0,28.937,25.187,2025-10-28 06:35:28
160.7,0.4,84.2,144.1,0.4,78.4,159.6,60,211.7,0.7,0.1,1378.2,29.4,0.0,0.0,0,38.845008416418494,0.0,0.0,28.875,25.187,2025-10-28 06:35:43
163.9,0.4,83.8,144,0.5,79.0,159.6,60,211.7,0.8,0.1,1378.2,29.5,0.0,0.0,0,38.845008416418494,0.0,0.0,28.812,25.187,2025-10-28 06:35:58
163.8,0.4,84.8,141.1,0.5,80.0,161.6,60.02,211.5,0.7,0.1,1378.2,29.5,0.0,0.0,0,38.845008416418494,0.0,0.0,28.75,25.125,2025-10-28 06:36:13
163.7,0.4,86.1,141.2,0.5,80.5,163.5,60.02,211.5,0.7,0.1,1378.2,29.5,0.0,0.0,0,38.845008416418494,0.0,0.0,28.812,25.125,2025-10-28 06:36:28
162.3,0.4,86.8,138.8,0.5,81.9,163.5,60.02,211.5,0.7,0.1,1378.2,29.5,0.0,0.0,0,38.845008416418494,0.0,0.0,28.625,25.125,2025-10-28 06:36:43
162.8,0.4,82.4,144.4,0.5,81.0,161.7,59.99,211.3,0.7,0.1,1378.2,29.5,0.0,0.0,0,38.845008416418494,0.0,0.0,28.875,25.187,2025-10-28 06:36:58
162.2,0.4,85.0,147.1,0.5,82.0,163.5,60,211.4,0.8,0.1,1378.2,29.5,0.0,0.0,0,38.845008416418494,0.0,0.0,28.687,25.125,2025-10-28 06:37:13
161.8,0.5,89.4,141.1,0.5,83.0,168.4,60.02,211.5,0.8,0.1,1378.2,29.5,0.0,0.0,0,38.845008416418494,0.0,0.0,28.625,25.125,2025-10-28 06:37:28
162.3,0.5,90.4,144.2,0.5,83.8,171.0,59.99,211.4,0.8,0.1,1378.2,29.5,0.0,0.0,0,38.845008416418494,0.0,0.0,28.562,25.125,2025-10-28 06:37:43
163.9,0.5,85.7,146.1,0.5,84.7,167.1,59.98,211.5,0.8,0.1,1378.2,29.5,0.0,0.0,0,38.845008416418494,0.0,0.0,28.625,25.125,2025-10-28 06:37:58
162.4,0.5,92.5,147.2,0.5,84.3,173.5,59.96,211.5,0.8,0.1,1378.2,29.5,0.0,0.0,0,38.845008416418494,0.0,0.0,28.687,25.125,2025-10-28 06:38:13
159.4,0.5,92.1,141.2,0.5,85.7,174.5,60.01,211.5,0.8,0.1,1378.2,29.5,0.0,0.0,0,38.845008416418494,0.0,0.0,28.75,25.125,2025-10-28 06:38:28
162.4,0.4,93.4,141.2,0.5,86.8,176.8,60.02,211.4,0.7,0.1,1378.2,29.5,0.0,0.0,0,38.845008416418494,0.0,0.0,28.75,25.125,2025-10-28 06:38:43
162.2,0.5,94.3,142.7,0.5,87.7,178.4,60.01,211.5,0.7,0.1,1378.2,29.5,0.0,0.0,0,38.845008416418494,0.0,0.0,28.75,25.125,2025-10-28 06:38:58
159.8,0.5,94.1,140.2,0.5,87.2,177.8,59.97,211.5,0.9,0.1,1378.2,29.5,0.0,0.0,0,38.845008416418494,0.0,0.0,28.687,25.125,2025-10-28 06:39:13
162,0.5,95.4,142.6,0.5,88.5,180.4,59.99,211.7,0.8,0.1,1378.2,29.5,0.0,0.0,0,38.845008416418494,0.0,0.0,28.687,25.125,2025-10-28 06:39:28
162.4,0.5,96.8,139.2,0.5,89.4,182.7,60.03,211.7,0.8,0.1,1378.2,29.5,0.0,0.0,0,38.845008416418494,0.0,0.0,26.937,25.125,2025-10-28 06:39:43
163,0.5,98.0,142.7,0.5,90.9,181.7,60,211.7,0.9,0.1,1378.2,29.5,0.0,0.0,0,38.845008416418494,0.0,0.0,28.625,25.125,2025-10-28 06:39:58
165.3,0.5,95.2,147.6,0.5,90.4,183.4,59.99,211.6,0.8,0.1,1378.2,29.5,0.0,0.0,0,38.845008416418494,0.0,0.0,28.562,25.125,2025-10-28 06:40:13
163.6,0.5,97.0,144.2,0.5,92.3,185.7,60,211.6,0.9,0.1,1378.2,29.5,0.0,0.0,0,38.845008416418494,0.0,0.0,28.562,25.125,2025-10-28 06:40:28
162.3,0.5,100.3,142,0.6,92.7,189.1,60.01,211.6,0.9,0.1,1378.2,29.5,0.0,0.0,0,38.845008416418494,0.0,0.0,28.625,25.125,2025-10-28 06:40:43
162.3,0.5,100.7,141.1,0.6,92.7,189.5,59.99,211.6,0.9,0.1,1378.2,29.5,0.0,0.0,0,38.845008416418494,0.0,0.0,28.687,25.125,2025-10-28 06:40:58
159.4,0.5,100.4,145.7,0.5,93.6,190.1,60.04,211,0.8,0.1,1378.2,29.5,0.0,0.0,0,38.845008416418494,0.0,0.0,28.0,25.062,2025-10-28 06:41:13
159.7,0.5,101.2,145.6,0.5,94.6,192.0,59.98,211.8,0.9,0.1,1378.2,29.5,0.1,0.0,0,38.845008416418494,0.0,0.0,28.437,25.062,2025-10-28 06:41:28
161.9,0.5,101.8,143,0.6,95.2,194.2,59.99,211.7,0.8,0.1,1378.2,29.5,0.1,0.0,0,38.845008416418494,0.0,0.0,28.375,25.062,2025-10-28 06:41:43
162.3,0.5,103.6,142.6,0.6,95.7,195.5,59.98,211.6,0.9,0.1,1378.2,29.5,0.1,0.0,0,38.845008416418494,0.0,0.0,28.437,25.062,2025-10-28 06:41:58
165.7,0.5,103.6,144.1,0.6,97.1,196.2,60,211.7,0.9,0.1,1378.2,29.5,0.1,0.0,0,38.845008416418494,0.0,0.0,28.5,25.062,2025-10-28 06:42:13
165.2,0.5,104.5,142.8,0.6,97.5,198.2,59.99,211.7,0.9,0.1,1378.2,29.5,0.1,0.0,0,38.845008416418494,0.0,0.0,28.437,25.0,2025-10-28 06:42:28
164.4,0.5,106.2,142.9,0.6,97.8,200.1,60.02,211.7,0.9,0.1,1378.2,29.5,0.1,0.0,0,38.845008416418494,0.0,0.0,28.5,25.0,2025-10-28 06:42:43
165.2,0.6,98.3,144.6,0.6,99.2,193.1,60.02,211.7,0.9,0.1,1378.2,29.5,0.1,0.0,0,38.845008416418494,0.0,0.0,28.562,25.125,2025-10-28 06:42:58
161.2,0.6,107.3,143.8,0.6,98.4,201.7,59.98,211.6,0.9,0.1,1378.2,29.5,0.1,0.0,0,38.845008416418494,0.0,0.0,28.625,25.125,2025-10-28 06:43:13
160.8,0.6,107.5,144.2,0.6,99.9,204.5,59.97,211.6,0.9,0.2,1378.3,29.5,0.1,0.1,0,38.845008416418494,0.0,0.0,28.625,25.125,2025-10-28 06:43:28
163.7,0.5,109.7,141.1,0.6,99.4,205.2,59.99,211.4,0.9,0.2,1378.3,29.5,0.1,0.1,0,38.845008416418494,0.0,0.0,28.625,25.125,2025-10-28 06:43:43
163.7,0.6,109.1,140.3,0.6,100.4,205.9,60.02,211.7,0.9,0.2,1378.3,29.5,0.1,0.1,0,38.845008416418494,0.0,0.0,28.562,25.125,2025-10-28 06:43:58
161,0.6,110.7,144,0.6,101.4,207.4,60.04,211.7,1,0.2,1378.3,29.5,0.1,0.1,0,38.845008416418494,0.0,0.0,28.437,25.187,2025-10-28 06:44:13
164.1,0.6,111.7,142.6,0.6,102.5,209.9,60.03,211.6,0.9,0.2,1378.3,29.5,0.1,0.1,0,38.845008416418494,0.0,0.0,28.437,25.125,2025-10-28 06:44:28
167,0.5,107.1,142.6,0.6,103.4,206.8,60.03,211.7,0.9,0.2,1378.3,29.5,0.1,0.1,0,38.845008416418494,0.0,0.0,28.5,25.125,2025-10-28 06:44:43
163.9,0.6,114.2,145.6,0.6,104.0,214.0,60,211.7,1,0.2,1378.3,29.5,0.1,0.1,0,38.845008416418494,0.0,0.0,28.562,25.187,2025-10-28 06:44:58
160.7,0.6,113.3,142.7,0.6,104.2,212.9,60.01,211.5,0.9,0.2,1378.3,29.6,0.1,0.1,0,77.69001683283699,0.0,0.0,28.562,25.187,2025-10-28 06:45:13
163.9,0.6,115.4,142.7,0.7,104.5,216.3,60.03,211.4,0.9,0.2,1378.3,29.6,0.1,0.1,0,38.845008416418494,0.0,0.0,28.5,25.187,2025-10-28 06:45:28
164.1,0.6,112.7,142.7,0.6,106.8,214.9,59.99,211.7,1,0.2,1378.3,29.6,0.1,0.1,0,38.845008416418494,0.0,0.0,28.562,25.187,2025-10-28 06:45:43
163.4,0.6,118.0,142.7,0.7,106.1,219.4,60.02,211.6,1,0.2,1378.3,29.6,0.1,0.1,0,77.69001683283699,0.0,0.0,28.562,25.187,2025-10-28 06:45:58
161.3,0.6,117.4,145.2,0.7,107.4,220.4,60.01,211.4,1,0.2,1378.3,29.6,0.1,0.1,0,77.69001683283699,0.0,0.0,28.437,25.187,2025-10-28 06:46:13
164.8,0.6,119.7,142.8,0.7,107.4,222.8,59.96,211.6,1,0.2,1378.3,29.6,0.1,0.1,0,77.69001683283699,0.0,0.0,28.375,25.187,2025-10-28 06:46:28
163.7,0.7,120.8,144.1,0.7,109.1,225.6,60,211.3,1,0.2,1378.3,29.7,0.1,0.1,0,77.69001683283699,0.0,0.0,28.375,25.187,2025-10-28 06:46:43
160.7,0.7,120.4,145.6,0.7,109.6,225.6,59.99,211.4,1.1,0.2,1378.3,29.7,0.1,0.1,0,77.69001683283699,0.0,0.0,28.5,25.25,2025-10-28 06:46:58
163.6,0.7,122.7,145.6,0.7,110.6,228.8,59.96,211.5,1.1,0.2,1378.3,29.7,0.1,0.1,0,77.69001683283699,0.0,0.0,28.562,25.25,2025-10-28 06:47:13
166.9,0.7,119.2,145.7,0.7,111.9,226.8,59.99,211.4,1.1,0.2,1378.3,29.7,0.1,0.1,0,77.69001683283699,0.0,0.0,28.562,25.25,2025-10-28 06:47:28
163.8,0.7,124.8,144.9,0.7,110.5,231.8,59.98,211.3,1.1,0.2,1378.3,29.7,0.1,0.1,0,77.69001683283699,0.0,0.0,28.562,25.25,2025-10-28 06:47:43
160.9,0.7,124.3,147.3,0.7,110.9,230.6,60.01,211.4,1.1,0.2,1378.3,29.7,0.1,0.1,0,77.69001683283699,0.0,0.0,28.5,25.25,2025-10-28 06:47:58
163.8,0.7,126.3,141.1,0.7,111.9,233.0,59.99,211.3,1.1,0.2,1378.3,29.7,0.1,0.1,0,77.69001683283699,0.0,0.0,28.5,25.312,2025-10-28 06:48:13
164.2,0.7,128.0,143.9,0.7,113.6,234.2,59.99,211.2,1,0.2,1378.3,29.7,0.1,0.1,0,77.69001683283699,0.0,0.0,28.437,25.312,2025-10-28 06:48:28
166.8,0.7,124.6,143,0.7,114.3,234.7,60.01,211.4,1.1,0.2,1378.3,29.7,0.1,0.1,0,77.69001683283699,0.0,0.0,28.375,25.312,2025-10-28 06:48:43
165.2,0.7,127.2,148.6,0.7,114.1,236.6,60.01,211.4,1.1,0.2,1378.3,29.7,0.1,0.1,0,77.69001683283699,0.0,0.0,28.375,25.312,2025-10-28 06:48:58
163.7,0.7,130.4,146.1,0.7,114.5,240.3,59.95,211.3,1.1,0.2,1378.3,29.7,0.1,0.1,0,77.69001683283699,0.0,0.0,28.5,25.312,2025-10-28 06:49:13
163.9,0.7,131.6,144.1,0.7,114.8,241.6,59.99,211.5,1.1,0.2,1378.3,29.7,0.1,0.1,0,77.69001683283699,0.0,0.0,28.562,25.312,2025-10-28 06:49:28
160.8,0.7,130.8,147,0.7,115.4,241.6,59.99,211.6,1.2,0.2,1378.3,29.7,0.1,0.1,0,77.69001683283699,0.0,0.0,28.625,25.375,2025-10-28 06:49:43
161.3,0.7,131.2,144,0.7,115.8,242.2,60.02,211.5,1.1,0.2,1378.3,29.7,0.1,0.1,0,77.69001683283699,0.0,0.0,28.562,25.375,2025-10-28 06:49:58
163.3,0.7,133.3,149.5,0.7,114.9,245.0,60.04,211.8,1.1,0.2,1378.3,29.8,0.1,0.1,0,77.69001683283699,0.0,0.0,28.562,25.375,2025-10-28 06:50:13
163.8,0.7,135.6,150,0.7,115.6,246.2,60.04,211.6,1.1,0.2,1378.3,29.8,0.1,0.1,0,77.69001683283699,0.0,0.0,28.562,25.375,2025-10-28 06:50:28
166.9,0.7,134.5,147,0.7,117.6,247.3,60.08,211.7,1.1,0.2,1378.3,29.8,0.1,0.1,0,77.69001683283699,0.0,0.0,28.5,25.375,2025-10-28 06:50:43
166.8,0.7,135.9,147.1,0.7,118.7,249.6,60.04,211.7,1.1,0.2,1378.3,29.8,0.1,0.1,0,77.69001683283699,0.0,0.0,28.562,25.375,2025-10-28 06:50:58
165.1,0.8,137.5,145.5,0.7,119.6,252.1,60.05,211.7,1.2,0.2,1378.3,29.8,0.1,0.1,0,77.69001683283699,0.0,0.0,28.562,25.375,2025-10-28 06:51:13
163.8,0.8,140.0,144.2,0.7,119.6,254.4,60.04,211.7,1.1,0.2,1378.3,29.8,0.1,0.1,0,77.69001683283699,0.0,0.0,28.687,25.375,2025-10-28 06:51:28
161.2,0.8,140.8,141.2,0.8,118.2,254.0,60.01,211.6,1.2,0.2,1378.3,29.8,0.1,0.1,0,77.69001683283699,0.0,0.0,28.687,25.437,2025-10-28 06:51:43
160.9,0.8,141.9,147.2,0.7,120.5,256.9,60.04,211.5,1.1,0.2,1378.3,29.8,0.1,0.1,0,77.69001683283699,0.0,0.0,28.687,25.437,2025-10-28 06:51:58
163.7,0.8,144.7,147.1,0.8,121.0,260.6,60.03,211.4,1.2,0.2,1378.3,29.8,0.1,0.1,0,77.69001683283699,0.0,0.0,28.687,25.437,2025-10-28 06:52:13
163.8,0.8,145.4,147.1,0.7,122.3,262.6,59.99,211.2,1.2,0.2,1378.3,29.8,0.1,0.1,0,77.69001683283699,0.0,0.0,28.937,25.437,2025-10-28 06:52:28
166.8,0.8,146.6,148.9,0.8,121.3,262.8,59.97,211.3,1.2,0.2,1378.3,29.8,0.1,0.1,0,77.69001683283699,0.0,0.0,28.812,25.5,2025-10-28 06:52:43
166.9,0.8,147.5,144,0.8,123.7,265.7,60,211.5,1.2,0.2,1378.3,29.8,0.1,0.1,0,77.69001683283699,0.0,0.0,85.0,25.5,2025-10-28 06:52:58
165.2,0.8,149.7,147.4,0.8,123.6,268.1,60.01,211.4,1.2,0.2,1378.3,29.8,0.1,0.1,0,77.69001683283699,0.0,0.0,28.75,25.562,2025-10-28 06:53:13
167.1,0.8,149.9,147.1,0.8,125.1,269.1,60.02,211.4,1.2,0.2,1378.3,29.8,0.1,0.1,0,77.69001683283699,0.0,0.0,28.875,25.562,2025-10-28 06:53:28
163.2,0.9,150.9,145,0.8,125.7,271.3,60.04,211.3,1.2,0.2,1378.3,29.8,0.1,0.1,0,77.69001683283699,0.0,0.0,28.375,25.625,2025-10-28 06:53:43
164.9,0.9,151.3,143.2,0.8,126.1,272.0,60.03,211.5,1.3,0.2,1378.3,29.8,0.1,0.1,0,77.69001683283699,0.0,0.0,28.937,25.687,2025-10-28 06:53:58
167.9,0.8,151.3,142.7,0.8,126.5,272.8,60.03,211.4,1.2,0.2,1378.3,29.9,0.1,0.1,0,77.69001683283699,0.0,0.0,29.0,25.687,2025-10-28 06:54:13
165.5,0.9,153.8,142.8,0.8,128.0,278.0,60.02,211.5,1.3,0.2,1378.3,29.9,0.1,0.1,0,77.69001683283699,0.0,0.0,29.062,25.687,2025-10-28 06:54:28
162.2,0.9,154.7,145.5,0.8,129.2,278.7,60.04,211.4,1.2,0.2,1378.3,29.9,0.1,0.1,0,77.69001683283699,0.0,0.0,29.062,25.687,2025-10-28 06:54:43
165.4,0.9,157.3,146.4,0.8,130.2,281.9,60.02,211.3,1.3,0.2,1378.3,29.9,0.1,0.1,0,77.69001683283699,0.0,0.0,29.125,25.75,2025-10-28 06:54:58
168.3,0.9,147.2,148.3,0.8,131.3,272.7,60.01,211.5,1.3,0.2,1378.3,29.9,0.1,0.1,0,77.69001683283699,0.0,0.0,29.125,25.75,2025-10-28 06:55:13
165.3,0.9,160.6,148.6,0.8,131.0,286.0,60.01,211.6,1.3,0.2,1378.3,29.9,0.1,0.1,0,77.69001683283699,0.0,0.0,29.187,25.812,2025-10-28 06:55:28
162.4,0.9,160.1,148.6,0.8,132.5,287.0,60.02,211.6,1.3,0.2,1378.3,29.9,0.1,0.1,0,77.69001683283699,0.0,0.0,29.187,25.812,2025-10-28 06:55:43
165.4,0.9,162.7,148.6,0.8,133.4,290.3,59.99,211.5,1.2,0.2,1378.3,30,0.1,0.1,0,77.69001683283699,0.0,0.0,29.187,25.875,2025-10-28 06:55:58
166.8,0.9,152.2,146.3,0.9,135.4,292.5,60,211.5,1.4,0.2,1378.3,30,0.1,0.1,0,77.69001683283699,0.0,0.0,29.25,25.875,2025-10-28 06:56:13
162.3,0.9,164.3,145.6,0.9,136.3,294.9,60,211.2,1.3,0.2,1378.3,30,0.1,0.1,0,77.69001683283699,0.0,0.0,29.25,25.937,2025-10-28 06:56:28
162.4,1,164.6,142.8,0.9,136.5,294.6,59.99,211.3,1.3,0.2,1378.3,30,0.1,0.1,0,77.69001683283699,0.0,0.0,29.312,25.937,2025-10-28 06:56:43
162.6,1,165.9,142.7,0.9,136.9,298.1,59.99,211.3,1.4,0.2,1378.3,30,0.1,0.1,0,77.69001683283699,0.0,0.0,29.375,25.937,2025-10-28 06:56:58
166,0.9,169.0,143.9,0.9,137.9,301.0,60.02,211.5,1.4,0.2,1378.3,30,0.1,0.1,0,77.69001683283699,0.0,0.0,29.375,26.0,2025-10-28 06:57:13
165.3,1,170.8,145.6,0.9,140.8,305.6,60.04,211.6,1.3,0.2,1378.3,30,0.1,0.1,0,77.69001683283699,0.0,0.0,29.437,26.062,2025-10-28 06:57:28
162.2,1,170.6,147.6,0.9,141.1,305.6,60.06,211.5,1.3,0.2,1378.3,30.1,0.1,0.1,0,77.69001683283699,0.0,0.0,29.437,26.062,2025-10-28 06:57:43
165.2,1,174.0,148.5,0.9,142.0,309.8,60.03,211.7,1.4,0.2,1378.3,30.1,0.1,0.1,0,77.69001683283699,0.0,0.0,29.5,26.062,2025-10-28 06:57:58
168.3,1,167.4,148.5,0.9,143.8,306.1,60.04,211.7,1.4,0.2,1378.3,30.1,0.1,0.1,0,77.69001683283699,0.0,0.0,29.5,26.125,2025-10-28 06:58:13
164.7,1,177.6,148.1,0.9,144.3,315.6,60.05,211.5,1.4,0.2,1378.3,30.1,0.1,0.1,0,77.69001683283699,0.0,0.0,29.437,26.125,2025-10-28 06:58:28
162.3,1,177.4,145.9,0.9,145.3,316.2,60.03,211.6,1.5,0.2,1378.3,30.1,0.1,0.1,0,116.53502524925548,0.0,0.0,29.437,26.187,2025-10-28 06:58:43
165.4,1,180.5,145.7,1,146.4,320.8,60.01,211.8,1.4,0.2,1378.3,30.2,0.1,0.1,0,77.69001683283699,0.0,0.0,29.437,26.187,2025-10-28 06:58:58
165.3,1.1,181.0,142.7,1,146.8,321.2,60.01,211.6,1.5,0.2,1378.3,30.2,0.1,0.1,0,116.53502524925548,0.0,0.0,29.5,26.25,2025-10-28 06:59:13
164.2,1.1,182.3,142.7,1,148.4,324.3,60,211.8,1.5,0.2,1378.3,30.2,0.1,0.1,0,116.53502524925548,0.0,0.0,29.562,26.25,2025-10-28 06:59:28
164.2,1.1,185.0,144.5,1,149.8,328.1,60,212,1.5,0.2,1378.3,30.2,0.1,0.1,0,116.53502524925548,0.0,0.0,29.625,26.312,2025-10-28 06:59:43
167.5,1.1,188.3,145.7,1,153.2,335.0,60.01,212,1.5,0.2,1378.3,30.2,0.1,0.1,0,116.53502524925548,0.0,0.0,29.687,26.312,2025-10-28 06:59:58
165.2,1.1,192.1,148,1,154.1,339.5,60.01,212,1.6,0.2,1378.3,30.2,0.1,0.1,0,116.53502524925548,0.0,0.0,29.812,26.375,2025-10-28 07:00:13
162.4,1.1,191.5,148.7,1,153.6,339.0,60.06,211.9,1.5,0.2,1378.3,30.2,0.1,0.1,0,116.53502524925548,0.0,0.0,29.812,26.437,2025-10-28 07:00:28
165.3,1.1,194.9,148.3,1,154.5,342.6,60.04,211.8,1.6,0.2,1378.3,30.3,0.1,0.1,0,116.53502524925548,0.0,0.0,29.937,26.437,2025-10-28 07:00:43
167.7,1.1,189.4,145.5,1,155.9,338.9,60.01,211.9,1.6,0.2,1378.3,30.3,0.1,0.1,0,116.53502524925548,0.0,0.0,29.937,26.5,2025-10-28 07:00:58
165.3,1.2,195.9,145.6,1,155.5,344.4,60.01,211.8,1.6,0.2,1378.3,30.3,0.1,0.1,0,116.53502524925548,0.0,0.0,30.0,26.562,2025-10-28 07:01:13
162.3,1.1,194.3,142.7,1,153.9,341.6,60.04,211.7,1.6,0.2,1378.3,30.4,0.1,0.1,0,116.53502524925548,0.0,0.0,30.062,26.562,2025-10-28 07:01:28
165.3,1.1,196.4,142.7,1,154.0,343.5,60.03,211.6,1.5,0.2,1378.3,30.4,0.1,0.1,0,116.53502524925548,0.0,0.0,29.75,26.625,2025-10-28 07:01:43
166.6,1.2,198.1,145.5,1,155.9,347.2,60.02,211.7,1.6,0.2,1378.3,30.4,0.1,0.1,0,116.53502524925548,0.0,0.0,30.187,26.625,2025-10-28 07:01:58
163.2,1.2,199.4,145.6,1,157.3,349.8,60.02,211.8,1.6,0.2,1378.3,30.4,0.1,0.1,0,116.53502524925548,0.0,0.0,30.25,26.625,2025-10-28 07:02:13
165,1.2,201.0,148.2,1,157.9,351.9,60.03,211.6,1.6,0.2,1378.3,30.4,0.1,0.1,0,116.53502524925548,0.0,0.0,30.25,26.687,2025-10-28 07:02:28
168.1,1.1,202.5,148.6,1,159.0,355.0,59.98,211.7,1.6,0.2,1378.3,30.5,0.1,0.1,0,116.53502524925548,0.0,0.0,30.25,26.687,2025-10-28 07:02:43
165.5,1.2,208.7,148.6,1.1,160.8,362.3,59.98,211.7,1.7,0.2,1378.3,30.5,0.1,0.1,0,116.53502524925548,0.0,0.0,30.25,26.75,2025-10-28 07:02:58
162.2,1.2,209.9,145.6,1.1,162.2,365.1,60.03,211.7,1.7,0.2,1378.3,30.5,0.1,0.1,0,116.53502524925548,0.0,0.0,30.312,26.812,2025-10-28 07:03:13
165.3,1.3,216.8,144.2,1.1,165.2,374.5,60.02,211.4,1.7,0.2,1378.3,30.6,0.1,0.1,0,116.53502524925548,0.0,0.0,30.375,26.875,2025-10-28 07:03:28
168.5,1.3,217.8,142.7,1.1,166.5,376.6,60.01,211.6,1.8,0.2,1378.3,30.6,0.1,0.1,0,116.53502524925548,0.0,0.0,30.437,26.875,2025-10-28 07:03:43
165.5,1.4,226.7,142.7,1.1,168.9,387.7,59.98,211.3,1.8,0.2,1378.3,30.6,0.1,0.1,0,116.53502524925548,0.0,0.0,30.5,26.937,2025-10-28 07:03:58
165.3,1.4,232.9,145.7,1.2,174.0,398.6,59.98,211.4,1.9,0.2,1378.3,30.7,0.1,0.1,0,116.53502524925548,0.0,0.0,30.5,27.0,2025-10-28 07:04:13
168.2,1.4,230.8,145.6,1.2,177.5,399.1,59.98,211.7,1.9,0.2,1378.3,30.7,0.1,0.1,0,116.53502524925548,0.0,0.0,30.562,27.062,2025-10-28 07:04:28
162.3,1.5,239.4,147.9,1.2,179.7,409.2,59.97,211.6,2,0.3,1378.4,30.7,0.1,0.1,0,116.53502524925548,0.0,0.0,30.875,27.062,2025-10-28 07:04:43
165.3,1.5,247.6,148.3,1.2,181.1,419.9,60.01,211.3,2,0.3,1378.4,30.8,0.1,0.1,0,116.53502524925548,0.0,0.0,30.687,27.125,2025-10-28 07:04:58
168.2,1.5,251.1,148.7,1.2,184.8,427.2,60.02,211.4,2,0.3,1378.4,30.8,0.1,0.1,0,116.53502524925548,0.0,0.0,30.75,27.187,2025-10-28 07:05:13
165.4,1.5,256.4,148.5,1.2,187.2,434.3,60.03,211.5,2.1,0.3,1378.4,30.8,0.1,0.1,0,116.53502524925548,0.0,0.0,31.312,27.187,2025-10-28 07:05:28
167.6,1.6,262.8,147.6,1.3,192.6,445.4,60.04,211.7,2.1,0.3,1378.4,30.9,0.1,0.1,0,116.53502524925548,0.0,0.0,30.812,27.25,2025-10-28 07:05:43
165.9,1.6,275.1,146.2,1.3,200.0,463.1,60.01,211.5,2.2,0.3,1378.4,30.9,0.1,0.1,0,155.38003366567398,0.0,0.0,30.812,27.25,2025-10-28 07:05:58
165.3,1.8,293.9,148.2,1.4,213.0,491.4,60.01,211.6,2.3,0.3,1378.4,30.9,0.1,0.1,0,155.38003366567398,0.0,0.0,30.937,27.312,2025-10-28 07:06:13
166.8,1.9,320.4,148.7,1.5,229.1,530.6,60.04,211.7,2.5,0.3,1378.4,30.9,0.1,0.1,0,155.38003366567398,0.0,0.0,31.0,27.312,2025-10-28 07:06:28
165.4,2.1,352.9,147.2,1.7,249.8,580.2,60.02,211.7,2.8,0.3,1378.4,31,0.1,0.1,0,155.38003366567398,0.0,0.0,31.0,27.375,2025-10-28 07:06:43
166.7,2.4,392.4,148.4,1.8,273.7,638.3,60.04,211.7,3,0.3,1378.4,31.1,0.1,0.1,0,155.38003366567398,37.90271636133923,0.2439355653821857,31.125,27.437,2025-10-28 07:06:58
165.4,2.6,421.4,148.6,1.9,292.8,683.7,60.02,211.6,3.3,0.3,1378.4,31.1,0.1,0.1,0,155.38003366567398,37.90271636133923,0.2439355653821857,31.125,27.5,2025-10-28 07:07:13
166.8,2.7,449.1,151.6,2.1,307.8,723.8,60.01,211.7,3.4,0.3,1378.4,31.1,0.1,0.1,0,155.38003366567398,37.90271636133923,0.2439355653821857,31.25,27.562,2025-10-28 07:07:28
166.8,2.8,473.0,151.4,2.1,323.3,761.3,60.05,211.8,3.6,0.3,1378.4,31.2,0.1,0.1,0,155.38003366567398,37.90271636133923,0.2439355653821857,31.312,27.687,2025-10-28 07:07:43
168.3,2.9,494.0,155,2,322.4,779.3,60.04,211.7,3.7,0.3,1378.4,31.3,0.1,0.1,0,155.38003366567398,37.90271636133923,0.2439355653821857,31.312,27.75,2025-10-28 07:07:58
167.3,3.1,505.3,151.6,2.3,342.9,809.2,60.02,212,3.8,0.3,1378.4,31.3,0.1,0.1,0,155.38003366567398,37.90271636133923,0.2439355653821857,31.437,27.812,2025-10-28 07:08:13
169.6,3.2,511.5,148.6,2.4,353.3,825.1,60.02,211.5,4,0.3,1378.4,31.4,0.1,0.1,0,155.38003366567398,37.90271636133923,0.2439355653821857,31.562,27.937,2025-10-28 07:08:28
167.9,3.3,543.7,151.5,2.4,367.5,868.4,60.01,211.6,4.2,0.3,1378.4,31.4,0.1,0.1,0,155.38003366567398,37.90271636133923,0.2439355653821857,31.687,28.062,2025-10-28 07:08:43
171.1,3.4,541.0,154.4,2.5,360.0,874.0,60.02,211.6,4.2,0.3,1378.4,31.5,0.1,0.1,0,155.38003366567398,37.90271636133923,0.2439355653821857,31.812,28.187,2025-10-28 07:08:58
165.9,3.5,571.0,151,2.6,385.5,910.2,60.03,211.8,4.2,0.3,1378.4,31.6,0.1,0.1,0,155.38003366567398,37.90271636133923,0.2439355653821857,31.875,28.312,2025-10-28 07:09:13
170.7,3.5,557.9,152.2,2.4,392.0,906.9,60.02,211.6,4.2,0.3,1378.4,31.6,0.1,0.1,0,155.38003366567398,37.90271636133923,0.2439355653821857,32.0,28.437,2025-10-28 07:09:28
165,3.6,594.3,151.7,2.6,398.5,942.1,59.99,211.8,4.4,0.3,1378.4,31.7,0.1,0.1,0,155.38003366567398,37.90271636133923,0.2439355653821857,32.125,28.437,2025-10-28 07:09:43
170.7,3.5,589.5,148.6,2.7,400.0,944.0,60.01,211.7,4.5,0.3,1378.4,31.7,0.1,0.1,0,155.38003366567398,37.90271636133923,0.2439355653821857,32.25,28.75,2025-10-28 07:09:58
165.3,3.6,602.5,151.5,2.5,402.1,954.9,60.04,211.8,4.4,0.3,1378.4,31.8,0.1,0.1,0,155.38003366567398,37.90271636133923,0.2439355653821857,32.375,28.875,2025-10-28 07:10:13
169.3,3.3,564.8,151.5,2.6,394.9,915.6,60,211.8,4.2,0.3,1378.4,31.9,0.2,0.1,0,155.38003366567398,37.90271636133923,0.2439355653821857,32.5,29.0,2025-10-28 07:10:28
166,3.5,583.4,150.6,2.5,383.2,920.1,59.96,211.8,4.2,0.3,1378.4,32,0.2,0.1,0,155.38003366567398,37.90271636133923,0.2439355653821857,32.625,29.125,2025-10-28 07:10:43
165.3,3.3,545.2,148.8,2.4,358.5,862.4,59.97,212,4,0.3,1378.4,32,0.2,0.1,0,155.38003366567398,37.90271636133923,0.2439355653821857,32.687,29.25,2025-10-28 07:10:58
168,2.9,496.6,148.6,2.2,333.2,793.8,59.97,211.8,3.7,0.3,1378.4,32.1,0.2,0.1,0,155.38003366567398,37.90271636133923,0.2439355653821857,32.812,29.312,2025-10-28 07:11:13
165.3,2.7,458.9,148.5,2.1,305.5,727.8,60.01,211.7,3.4,0.3,1378.4,32.1,0.2,0.1,0,155.38003366567398,37.90271636133923,0.2439355653821857,33.0,29.437,2025-10-28 07:11:28
164.1,2.5,422.3,146.6,1.9,283.9,674.4,60,211.7,3.1,0.3,1378.4,32.2,0.2,0.1,0,155.38003366567398,37.90271636133923,0.2439355653821857,33.062,29.562,2025-10-28 07:11:43
163.6,2.3,384.0,147.2,1.8,265.2,622.4,59.98,211.6,2.9,0.3,1378.4,32.2,0.2,0.1,0,155.38003366567398,37.90271636133923,0.2439355653821857,33.125,29.625,2025-10-28 07:11:58
165.2,2.2,365.7,147.3,1.6,252.0,592.7,60,211.7,2.7,0.3,1378.4,32.2,0.2,0.1,0,155.38003366567398,0.0,0.0,33.25,29.687,2025-10-28 07:12:13
165.3,2,353.8,145.5,1.7,245.8,576.4,59.99,211.6,2.5,0.3,1378.4,32.2,0.2,0.1,0,155.38003366567398,0.0,0.0,33.312,29.75,2025-10-28 07:12:28
165.3,2.1,347.2,145.6,1.6,241.8,566.2,60.01,211.5,2.6,0.3,1378.4,32.2,0.2,0.1,0,155.38003366567398,0.0,0.0,33.312,29.75,2025-10-28 07:12:43
165.4,2,341.6,148.5,1.6,235.5,557.2,60,211.4,2.5,0.3,1378.4,32.2,0.2,0.1,0,155.38003366567398,37.90271636133923,0.2439355653821857,33.187,29.75,2025-10-28 07:12:58
165.2,2,338.3,145.6,1.6,236.4,553.4,59.98,211.7,2.5,0.3,1378.4,32.2,0.2,0.1,0,155.38003366567398,0.0,0.0,33.312,29.687,2025-10-28 07:13:13
165.4,2,338.5,146.4,1.6,234.0,550.2,59.99,211.4,2.5,0.4,1378.5,32.2,0.2,0.1,0,155.38003366567398,0.0,0.0,33.5,29.687,2025-10-28 07:13:28
165.4,2.1,344.0,148.8,1.6,237.9,561.8,59.99,211.5,2.6,0.4,1378.5,32.2,0.2,0.1,0,155.38003366567398,0.0,0.0,33.625,29.687,2025-10-28 07:13:43
165.3,2.1,352.9,148.6,1.6,245.7,579.2,60.03,211.6,2.7,0.4,1378.5,32.2,0.2,0.1,0,155.38003366567398,37.90271636133923,0.2439355653821857,33.687,29.687,2025-10-28 07:13:58
159.4,2.3,371.2,146.4,1.8,263.3,606.9,60.02,211.6,2.9,0.4,1378.5,32.2,0.2,0.1,0,155.38003366567398,37.90271636133923,0.2439355653821857,33.812,29.75,2025-10-28 07:14:13
154.3,2.5,391.5,145.6,1.9,280.4,641.2,60,211.6,3,0.4,1378.5,32.2,0.2,0.1,0,155.38003366567398,37.90271636133923,0.2439355653821857,33.875,29.75,2025-10-28 07:14:28
154.9,2.7,413.8,144.9,2,295.1,676.6,59.99,211.6,3.1,0.4,1378.5,32.2,0.2,0.1,0,155.38003366567398,37.90271636133923,0.2439355653821857,33.875,29.75,2025-10-28 07:14:43
153.4,2.8,429.7,149.9,2,303.3,699.2,60,211.7,3.3,0.4,1378.5,32.3,0.2,0.1,0,155.38003366567398,37.90271636133923,0.2439355653821857,34.0,29.75,2025-10-28 07:14:58
154.8,2.9,445.5,147,2.1,315.1,725.7,60.01,211.5,3.4,0.4,1378.5,32.3,0.2,0.1,0,155.38003366567398,37.90271636133923,0.2439355653821857,7.0,29.75,2025-10-28 07:15:13
153.4,3,462.1,149.9,2.2,326.9,751.6,59.97,211.7,3.6,0.4,1378.5,32.4,0.2,0.1,0,155.38003366567398,37.90271636133923,0.2439355653821857,34.125,29.75,2025-10-28 07:15:28
155,3.2,485.2,147.2,2.3,341.5,789.8,59.99,211.9,3.8,0.4,1378.5,32.4,0.2,0.2,0,155.38003366567398,37.90271636133923,0.2439355653821857,34.25,29.812,2025-10-28 07:15:43
153.4,3.4,518.3,150,2.4,362.6,837.3,60.04,212,4,0.4,1378.5,32.4,0.2,0.2,0,155.38003366567398,37.90271636133923,0.2439355653821857,34.312,29.937,2025-10-28 07:15:58
155,3.6,550.8,148.6,2.6,381.9,886.3,59.99,211.9,4.2,0.4,1378.5,32.5,0.2,0.2,0,155.38003366567398,37.90271636133923,0.2439355653821857,34.312,30.0,2025-10-28 07:16:13
154.3,3.8,580.9,150,2.7,399.4,930.8,59.97,212.1,4.3,0.4,1378.5,32.6,0.2,0.2,0,155.38003366567398,37.90271636133923,0.2439355653821857,34.5,30.062,2025-10-28 07:16:28
154.3,4,606.7,150.2,2.7,413.0,967.1,60.03,212.1,4.5,0.4,1378.5,32.7,0.2,0.2,0,155.38003366567398,37.90271636133923,0.2439355653821857,34.562,30.187,2025-10-28 07:16:43
153.9,4.2,634.5,148.6,2.9,429.4,1008.5,60.01,211.8,4.7,0.4,1378.5,32.8,0.2,0.2,0,155.38003366567398,37.90271636133923,0.2439355653821857,34.562,30.312,2025-10-28 07:16:58
151.2,4.4,658.6,152.8,2.9,420.6,1022.7,60.04,211.7,4.9,0.4,1378.5,32.8,0.2,0.2,0,155.38003366567398,37.90271636133923,0.2439355653821857,34.437,30.437,2025-10-28 07:17:13
150.5,4.5,677.5,148.5,3.1,456.1,1073.3,60.05,211.9,5,0.4,1378.5,32.9,0.2,0.2,0,155.38003366567398,37.90271636133923,0.2439355653821857,34.5,30.5,2025-10-28 07:17:28
151.8,4.6,686.9,148.7,3.1,460.5,1084.4,60.04,212.1,5.1,0.4,1378.5,33,0.2,0.2,0,155.38003366567398,37.90271636133923,0.2439355653821857,34.562,30.687,2025-10-28 07:17:43
157.9,4.5,702.2,149.1,3,459.3,1100.1,60.04,212.1,5.1,0.4,1378.5,33.1,0.2,0.2,0,155.38003366567398,75.80543272267846,0.4878711307643714,34.812,30.875,2025-10-28 07:17:58
163.9,4.4,717.0,148.5,3.1,459.8,1118.4,60.03,212,5.2,0.4,1378.5,33.2,0.2,0.2,0,155.38003366567398,37.90271636133923,0.2439355653821857,35.0,31.0,2025-10-28 07:18:13
163.9,4.4,719.9,148.6,3,458.7,1117.8,59.99,212.2,5.2,0.4,1378.5,33.3,0.2,0.2,0,155.38003366567398,75.80543272267846,0.4878711307643714,35.187,31.187,2025-10-28 07:18:28
163.7,4.4,713.3,148.6,3.1,456.7,1111.6,60.01,212.1,5.1,0.4,1378.5,33.4,0.2,0.2,0,155.38003366567398,37.90271636133923,0.2439355653821857,35.312,31.375,2025-10-28 07:18:43
162.7,4.4,711.7,148.7,3,452.5,1104.8,59.98,212.1,5.1,0.4,1378.5,33.5,0.2,0.2,0,155.38003366567398,75.80543272267846,0.4878711307643714,35.437,31.5,2025-10-28 07:18:58
165.3,4.3,690.1,148.7,3,449.7,1081.0,59.99,212,5.1,0.4,1378.5,33.5,0.2,0.2,0,194.22504208209244,37.90271636133923,0.1951484523057486,35.5,31.625,2025-10-28 07:19:13
163.3,4.3,696.7,148.6,3,446.3,1082.8,60,212,5.1,0.4,1378.5,33.6,0.2,0.2,0,194.22504208209244,75.80543272267846,0.3902969046114972,35.5,31.687,2025-10-28 07:19:28
164.6,4.3,682.9,148.6,3,444.0,1068.4,59.99,212,5.1,0.4,1378.5,33.7,0.2,0.2,0,194.22504208209244,37.90271636133923,0.1951484523057486,35.562,31.812,2025-10-28 07:19:43
161.1,4.2,682.5,148.6,2.9,438.9,1068.2,59.99,211.7,5,0.5,1378.6,33.7,0.2,0.2,0,194.22504208209244,37.90271636133923,0.1951484523057486,35.687,31.812,2025-10-28 07:19:58
166.4,4.2,650.2,148.7,2.9,432.4,1029.0,60.01,212.1,4.9,0.5,1378.6,33.8,0.2,0.2,0,194.22504208209244,37.90271636133923,0.1951484523057486,35.625,31.875,2025-10-28 07:20:13
162,4.1,661.1,148.6,2.9,426.3,1032.0,59.98,212.1,4.8,0.5,1378.6,33.9,0.2,0.2,0,194.22504208209244,37.90271636133923,0.1951484523057486,35.75,31.812,2025-10-28 07:20:28
166.2,4,622.1,148.6,2.8,419.7,992.8,59.97,212,4.7,0.5,1378.6,33.9,0.2,0.2,0,194.22504208209244,37.90271636133923,0.1951484523057486,35.875,31.875,2025-10-28 07:20:43
160.7,4,645.7,148.7,2.8,413.7,1003.9,59.98,212.2,4.7,0.5,1378.6,34,0.2,0.2,0,233.07005049851097,37.90271636133923,0.16262371025479047,36.0,32.0,2025-10-28 07:20:58
166.4,3.6,613.5,148.6,2.7,408.1,971.9,60.02,212,4.6,0.5,1378.6,34.1,0.2,0.2,0,233.07005049851097,37.90271636133923,0.16262371025479047,36.187,32.125,2025-10-28 07:21:13
160.7,3.9,626.8,148.5,2.7,402.7,977.6,60.03,212,4.6,0.5,1378.6,34.1,0.2,0.2,0,233.07005049851097,37.90271636133923,0.16262371025479047,36.312,32.25,2025-10-28 07:21:28
165.4,3.4,618.1,150.4,2.6,392.5,913.5,60.06,211.9,4.4,0.5,1378.6,34.2,0.3,0.2,0,233.07005049851097,37.90271636133923,0.16262371025479047,34.75,32.312,2025-10-28 07:21:43
161.1,3.8,614.5,148.6,2.6,392.7,957.8,60.06,211.8,4.4,0.5,1378.6,34.2,0.3,0.2,0,233.07005049851097,37.90271636133923,0.16262371025479047,35.937,32.312,2025-10-28 07:21:58
165.9,3.4,596.7,145.6,2.7,390.1,939.8,60.03,212,4.2,0.5,1378.6,34.3,0.3,0.2,0,271.91505891492943,37.90271636133923,0.13939175164696327,36.0,32.312,2025-10-28 07:22:13
162.9,3.8,614.7,148.6,2.6,390.3,951.9,60.03,212,4.4,0.5,1378.6,34.3,0.3,0.2,0,271.91505891492943,37.90271636133923,0.13939175164696327,36.125,32.437,2025-10-28 07:22:28
164.4,3.4,615.2,150.8,2.6,361.2,930.4,60.04,211.9,4.2,0.5,1378.6,34.4,0.3,0.2,0,271.91505891492943,37.90271636133923,0.13939175164696327,36.25,32.312,2025-10-28 07:22:43
162.1,3.8,619.0,149.6,2.4,390.5,955.9,60.03,211.9,4.3,0.5,1378.6,34.4,0.3,0.2,0,271.91505891492943,37.90271636133923,0.13939175164696327,36.437,32.312,2025-10-28 07:22:58
163.8,3.5,619.1,145.6,2.7,393.5,963.4,59.99,211.9,4.2,0.5,1378.6,34.5,0.3,0.2,0,271.91505891492943,37.90271636133923,0.13939175164696327,36.562,32.375,2025-10-28 07:23:13
163.8,3.9,624.0,145.6,2.7,392.7,966.3,60.02,211.8,4.5,0.5,1378.6,34.5,0.3,0.2,0,310.76006733134795,37.90271636133923,0.12196778269109285,36.687,32.437,2025-10-28 07:23:28
163.8,3.8,623.3,143,2.7,387.7,960.0,60.02,211.9,4.5,0.5,1378.6,34.6,0.3,0.2,0,310.76006733134795,37.90271636133923,0.12196778269109285,36.875,32.562,2025-10-28 07:23:43
166.4,3.6,572.6,145.7,2.6,393.2,918.7,60.02,211.6,4.4,0.5,1378.6,34.6,0.3,0.2,0,310.76006733134795,37.90271636133923,0.12196778269109285,36.875,32.5,2025-10-28 07:23:58
163.9,3.9,622.9,148.6,2.7,391.8,967.4,60,211.7,4.5,0.5,1378.6,34.6,0.3,0.2,0,310.76006733134795,37.90271636133923,0.12196778269109285,36.875,32.5,2025-10-28 07:24:13
160.7,3.8,622.6,145.6,2.7,391.7,962.9,60.05,211.6,4.4,0.5,1378.6,34.7,0.3,0.2,0,310.76006733134795,37.90271636133923,0.12196778269109285,37.0,32.5,2025-10-28 07:24:28
163.9,3.8,617.8,145.7,2.6,386.2,954.2,60.04,211.6,4.5,0.5,1378.6,34.7,0.3,0.2,0,310.76006733134795,37.90271636133923,0.12196778269109285,37.062,32.5,2025-10-28 07:24:43
160.8,3.8,613.3,145.5,2.6,383.9,947.6,60.01,211.8,4.4,0.5,1378.6,34.8,0.3,0.2,0,310.76006733134795,37.90271636133923,0.12196778269109285,37.125,32.625,2025-10-28 07:24:58
159.7,3.8,600.6,144.7,2.6,374.9,928.9,60,211.5,4.3,0.5,1378.6,34.8,0.3,0.2,0,310.76006733134795,37.90271636133923,0.12196778269109285,37.187,32.75,2025-10-28 07:25:13
161.8,3.7,596.2,146.5,2.5,371.3,921.2,59.99,211.6,4.3,0.5,1378.6,34.9,0.3,0.2,0,310.76006733134795,37.90271636133923,0.12196778269109285,37.25,32.812,2025-10-28 07:25:28
160.5,3.7,584.5,145.3,2.5,366.3,902.8,59.97,211.4,4.2,0.5,1378.6,35,0.3,0.2,0,310.76006733134795,37.90271636133923,0.12196778269109285,37.312,32.812,2025-10-28 07:25:43
163.8,3.6,572.0,148.6,2.5,356.7,891.1,59.98,211.5,4.2,0.5,1378.6,35,0.3,0.2,0,310.76006733134795,37.90271636133923,0.12196778269109285,37.312,32.937,2025-10-28 07:25:58
158.3,3.6,573.6,142.9,2.5,360.0,885.6,60,211.7,4.2,0.6,1378.7,35.1,0.3,0.2,0,310.76006733134795,37.90271636133923,0.12196778269109285,37.25,32.812,2025-10-28 07:26:13
163.3,3.7,580.8,148.1,2.5,361.7,897.3,60,211.6,4.2,0.6,1378.7,35.1,0.3,0.2,0,310.76006733134795,37.90271636133923,0.12196778269109285,37.312,32.812,2025-10-28 07:26:28
157.9,3.7,593.1,142.7,2.5,367.3,908.2,60.01,211.8,4.2,0.6,1378.7,35.2,0.3,0.2,0,310.76006733134795,37.90271636133923,0.12196778269109285,37.312,32.812,2025-10-28 07:26:43
163.7,3.7,594.4,148.6,2.5,367.8,916.8,60.03,211.6,4.2,0.6,1378.7,35.2,0.3,0.2,0,310.76006733134795,37.90271636133923,0.12196778269109285,37.25,32.875,2025-10-28 07:26:58
158,3.8,594.2,142.8,2.5,367.8,914.3,60.03,211.3,4.3,0.6,1378.7,35.2,0.3,0.2,0,310.76006733134795,37.90271636133923,0.12196778269109285,37.437,32.875,2025-10-28 07:27:13
162.2,3.6,592.2,148.6,2.4,365.8,912.0,60.05,211.6,4.3,0.6,1378.7,35.2,0.3,0.2,0,310.76006733134795,37.90271636133923,0.12196778269109285,37.437,32.875,2025-10-28 07:27:28
158.5,3.7,594.9,143.3,2.5,367.5,914.9,60.02,211.3,4.3,0.6,1378.7,35.3,0.3,0.2,0,310.76006733134795,37.90271636133923,0.12196778269109285,37.375,32.812,2025-10-28 07:27:43
163,3.5,585.5,147.8,2.4,361.7,902.2,60.03,211.4,4.2,0.6,1378.7,35.3,0.3,0.2,0,310.76006733134795,37.90271636133923,0.12196778269109285,37.437,32.937,2025-10-28 07:27:58
157.7,3.6,573.1,142.4,2.5,354.4,882.0,60.01,211.4,4.1,0.6,1378.7,35.3,0.3,0.2,0,310.76006733134795,37.90271636133923,0.12196778269109285,37.5,32.937,2025-10-28 07:28:13
161.2,3.4,570.4,145.9,2.3,347.3,867.4,60.01,211.6,4,0.6,1378.7,35.3,0.3,0.2,0,310.76006733134795,37.90271636133923,0.12196778269109285,37.625,32.937,2025-10-28 07:28:28
160,3.5,567.6,144.7,2.4,352.4,875.3,60.02,211.5,4.1,0.6,1378.7,35.4,0.3,0.2,0,310.76006733134795,37.90271636133923,0.12196778269109285,37.625,32.937,2025-10-28 07:28:43
161.7,3.3,563.4,146.5,2.2,349.3,868.3,60,211.3,3.9,0.6,1378.7,35.4,0.3,0.2,0,310.76006733134795,37.90271636133923,0.12196778269109285,37.687,33.062,2025-10-28 07:28:58
160.8,3.5,553.7,143.6,2.4,343.6,854.4,60.02,211.3,4,0.6,1378.7,35.4,0.3,0.2,0,310.76006733134795,37.90271636133923,0.12196778269109285,37.687,33.062,2025-10-28 07:29:13
160.9,3.2,546.7,145.6,2.2,339.6,844.1,60,211.2,3.9,0.6,1378.7,35.5,0.3,0.2,0,310.76006733134795,37.90271636133923,0.12196778269109285,37.562,33.062,2025-10-28 07:29:28
160.7,3.4,539.6,145.5,2.3,334.7,832.6,60,211.3,3.9,0.6,1378.7,35.5,0.3,0.2,0,271.91505891492943,37.90271636133923,0.13939175164696327,37.562,33.062,2025-10-28 07:29:43
160.9,3.2,521.4,145.5,2.1,324.3,806.2,60.03,211.3,3.7,0.6,1378.7,35.6,0.3,0.2,0,271.91505891492943,37.90271636133923,0.13939175164696327,37.625,33.062,2025-10-28 07:29:58
160.8,3.1,502.8,145.5,2.1,312.9,778.5,60.05,211.1,3.6,0.6,1378.7,35.6,0.3,0.2,0,271.91505891492943,37.90271636133923,0.13939175164696327,37.687,33.125,2025-10-28 07:30:13
160.8,3,487.1,145.4,2,304.7,756.3,60,211.5,3.5,0.6,1378.7,35.7,0.3,0.2,0,271.91505891492943,37.90271636133923,0.13939175164696327,37.625,33.187,2025-10-28 07:30:28
160.8,2.9,474.4,145.7,2,291.1,731.0,60.01,211.6,3.5,0.6,1378.7,35.7,0.3,0.2,0,271.91505891492943,37.90271636133923,0.13939175164696327,37.687,33.25,2025-10-28 07:30:43
160.8,2.8,456.8,143.5,1.9,285.2,707.8,60.04,211.6,3.3,0.6,1378.7,35.7,0.3,0.2,0,233.07005049851097,37.90271636133923,0.16262371025479047,37.562,33.187,2025-10-28 07:30:58
160.8,2.7,431.0,144.3,1.9,272.5,672.5,60.01,211.4,3.2,0.6,1378.7,35.7,0.3,0.2,0,233.07005049851097,37.90271636133923,0.16262371025479047,37.437,33.312,2025-10-28 07:31:13
160.7,2.5,408.1,142.7,1.8,260.2,639.6,59.99,211.2,3,0.6,1378.7,35.7,0.3,0.3,0,233.07005049851097,37.90271636133923,0.16262371025479047,37.312,33.187,2025-10-28 07:31:28
160.9,2.4,391.6,144.9,1.7,251.8,616.5,60.02,211.4,2.9,0.6,1378.7,35.7,0.3,0.3,0,233.07005049851097,37.90271636133923,0.16262371025479047,37.437,33.125,2025-10-28 07:31:43
160.7,2.3,374.4,142.4,1.7,243.5,593.1,59.97,211.2,2.7,0.6,1378.7,35.7,0.3,0.3,0,194.22504208209244,37.90271636133923,0.1951484523057486,37.375,33.0,2025-10-28 07:31:58
160.5,2.2,348.5,142.7,1.6,232.6,561.3,60.03,211.2,2.7,0.6,1378.7,35.7,0.3,0.3,0,194.22504208209244,37.90271636133923,0.1951484523057486,37.312,32.875,2025-10-28 07:32:13
160.8,2.1,340.8,142.1,1.6,227.2,547.4,60.01,211.3,2.6,0.6,1378.7,35.7,0.4,0.3,0,194.22504208209244,0.0,0.0,37.375,32.687,2025-10-28 07:32:28
161.5,2.1,317.7,145.4,1.5,218.5,538.7,60.02,211.1,2.5,0.6,1378.7,35.7,0.4,0.3,0,194.22504208209244,0.0,0.0,37.25,32.625,2025-10-28 07:32:43
160.9,2,329.4,139.5,1.5,218.2,526.8,60.01,211.3,2.5,0.6,1378.7,35.6,0.4,0.3,0,194.22504208209244,0.0,0.0,37.25,32.562,2025-10-28 07:32:58
161,2,305.3,145.7,1.4,209.3,498.2,60,211.1,2.4,0.6,1378.7,35.6,0.4,0.3,0,194.22504208209244,0.0,0.0,37.187,32.5,2025-10-28 07:33:13
159.4,1.9,307.2,142.7,1.4,208.4,499.6,60,211.1,2.3,0.6,1378.7,35.6,0.4,0.3,0,155.38003366567398,0.0,0.0,37.062,32.437,2025-10-28 07:33:28
163.6,1.8,265.1,139.7,1.4,203.1,458.8,59.98,211.2,2.3,0.6,1378.7,35.6,0.4,0.3,0,155.38003366567398,0.0,0.0,37.062,32.437,2025-10-28 07:33:43
159.9,1.9,298.3,144.6,1.3,202.6,485.1,59.98,211.3,2.2,0.6,1378.7,35.6,0.4,0.3,0,155.38003366567398,0.0,0.0,37.187,32.437,2025-10-28 07:33:58
162.2,1.8,263.3,139.9,1.4,202.0,457.6,59.98,211.2,2.2,0.6,1378.7,35.6,0.4,0.3,0,155.38003366567398,0.0,0.0,37.25,32.437,2025-10-28 07:34:13
158.1,1.9,299.2,139.9,1.4,200.5,486.0,60,211.1,2.3,0.7,1378.8,35.6,0.4,0.3,0,155.38003366567398,0.0,0.0,37.25,32.375,2025-10-28 07:34:28
163.7,1.9,279.5,145.4,1.4,199.5,468.6,60.02,211.2,2.3,0.7,1378.8,35.6,0.4,0.3,0,194.22504208209244,0.0,0.0,37.375,32.375,2025-10-28 07:34:43
158.7,1.9,306.6,140.7,1.4,203.4,492.8,60.01,211.1,2.3,0.7,1378.8,35.6,0.4,0.3,0,155.38003366567398,0.0,0.0,37.375,32.312,2025-10-28 07:34:58
163.3,1.9,303.6,145.5,1.4,203.5,477.2,60,211.2,2.4,0.7,1378.8,35.6,0.4,0.3,0,194.22504208209244,0.0,0.0,37.25,32.312,2025-10-28 07:35:13
157.7,1.9,307.8,139.5,1.4,204.7,493.0,60.01,211.3,2.3,0.7,1378.8,35.6,0.4,0.3,0,155.38003366567398,0.0,0.0,37.125,32.25,2025-10-28 07:35:28
163.7,1.7,298.6,145.7,1.4,205.5,490.0,60.04,211.3,2.4,0.7,1378.8,35.6,0.4,0.3,0,194.22504208209244,0.0,0.0,37.062,32.312,2025-10-28 07:35:43
159,2,316.3,139.7,1.5,208.1,504.7,60.03,211.5,2.4,0.7,1378.8,35.7,0.4,0.3,0,194.22504208209244,0.0,0.0,37.125,32.375,2025-10-28 07:35:58
160.8,2,326.5,142.7,1.5,213.9,521.3,60.01,211.4,2.4,0.7,1378.8,35.7,0.4,0.3,0,194.22504208209244,0.0,0.0,37.125,32.375,2025-10-28 07:36:13
160.8,2.1,333.8,145.1,1.5,216.1,531.1,60.04,211.5,2.5,0.7,1378.8,35.7,0.4,0.3,0,194.22504208209244,0.0,0.0,37.187,32.312,2025-10-28 07:36:28
160.9,2.1,338.8,142.6,1.5,218.3,537.8,60.04,211.4,2.5,0.7,1378.8,35.7,0.4,0.3,0,194.22504208209244,37.90271636133923,0.1951484523057486,37.125,32.187,2025-10-28 07:36:43
163.9,2.2,327.4,145.6,1.5,225.4,552.5,59.96,211.3,2.6,0.7,1378.8,35.7,0.4,0.3,0,194.22504208209244,37.90271636133923,0.1951484523057486,36.937,32.062,2025-10-28 07:36:58
158,2.3,358.9,143.2,1.6,230.1,567.5,60.02,211.4,2.7,0.7,1378.8,35.7,0.4,0.3,0,194.22504208209244,37.90271636133923,0.1951484523057486,36.75,32.0,2025-10-28 07:37:13
160.8,2.4,380.3,142.6,1.6,238.5,594.0,60.02,211.4,2.8,0.7,1378.8,35.7,0.4,0.3,0,194.22504208209244,37.90271636133923,0.1951484523057486,36.812,31.937,2025-10-28 07:37:28
160.6,2.5,391.2,145.6,1.7,247.7,616.4,60.03,211.4,2.9,0.7,1378.8,35.7,0.4,0.3,0,233.07005049851097,37.90271636133923,0.16262371025479047,36.937,31.687,2025-10-28 07:37:43
166.2,2.2,380.0,148.8,1.7,247.9,606.9,60.08,211.4,3,0.7,1378.8,35.7,0.4,0.3,0,233.07005049851097,37.90271636133923,0.16262371025479047,36.937,31.562,2025-10-28 07:37:58
166.5,2.5,385.8,142.7,1.8,258.1,618.9,60.02,211.2,3.1,0.7,1378.8,35.7,0.4,0.3,0,233.07005049851097,37.90271636133923,0.16262371025479047,36.937,31.437,2025-10-28 07:38:13
166.6,2.5,401.4,145.5,1.7,269.2,643.4,60.03,211.5,3.1,0.7,1378.8,35.6,0.4,0.3,0,233.07005049851097,37.90271636133923,0.16262371025479047,36.875,31.375,2025-10-28 07:38:28
160.5,2.8,452.8,145.6,1.9,275.3,699.9,60.05,211.7,3.2,0.7,1378.8,35.6,0.4,0.3,0,233.07005049851097,37.90271636133923,0.16262371025479047,36.875,31.437,2025-10-28 07:38:43
162.3,2.9,471.6,145.6,1.9,281.4,719.4,60.05,211.7,3.4,0.7,1378.8,35.6,0.4,0.3,0,271.91505891492943,37.90271636133923,0.13939175164696327,36.812,31.437,2025-10-28 07:38:58
163.9,3,485.6,145.5,2,288.0,738.3,60.05,211.7,3.5,0.7,1378.8,35.7,0.4,0.3,0,271.91505891492943,37.90271636133923,0.13939175164696327,36.812,31.437,2025-10-28 07:39:13
162.4,3.1,501.1,145.8,2,294.5,761.3,60.05,211.5,3.6,0.7,1378.8,35.7,0.4,0.3,0,271.91505891492943,37.90271636133923,0.13939175164696327,36.875,31.437,2025-10-28 07:39:28
162.3,3.2,513.6,148.6,2,296.2,774.5,60.06,211.6,3.7,0.7,1378.8,35.7,0.4,0.3,0,271.91505891492943,37.90271636133923,0.13939175164696327,36.812,31.312,2025-10-28 07:39:43
162.3,3.2,519.8,145.5,2,300.6,783.9,60.01,211.5,3.7,0.7,1378.8,35.7,0.4,0.3,0,271.91505891492943,37.90271636133923,0.13939175164696327,36.75,31.312,2025-10-28 07:39:58
162.3,3.2,520.2,145.3,2,296.5,779.7,60.02,211.5,3.7,0.7,1378.8,35.7,0.4,0.3,0,271.91505891492943,37.90271636133923,0.13939175164696327,36.25,31.062,2025-10-28 07:40:13
162.4,3.2,519.0,145.5,2,299.9,781.7,60.02,211.6,3.7,0.7,1378.8,35.7,0.4,0.3,0,271.91505891492943,37.90271636133923,0.13939175164696327,35.875,31.0,2025-10-28 07:40:28
162.4,3.2,520.3,148.4,2,296.9,780.7,60.03,211.6,3.7,0.7,1378.8,35.7,0.4,0.3,0,271.91505891492943,37.90271636133923,0.13939175164696327,36.125,31.0,2025-10-28 07:40:43
162.3,3.2,523.9,145.1,2.1,300.3,788.0,60.01,211.9,3.7,0.7,1378.8,35.7,0.4,0.3,0,271.91505891492943,37.90271636133923,0.13939175164696327,36.0,30.937,2025-10-28 07:40:58
162.4,3.3,530.0,146.2,2.1,303.5,799.8,60.01,212,3.8,0.7,1378.8,35.6,0.4,0.3,0,271.91505891492943,37.90271636133923,0.13939175164696327,35.937,31.0,2025-10-28 07:41:13
162.1,3.3,536.4,149.1,2.1,305.0,804.2,60.02,211.9,3.9,0.7,1378.8,35.6,0.4,0.3,0,310.76006733134795,37.90271636133923,0.12196778269109285,36.062,31.062,2025-10-28 07:41:28
162.2,3.4,552.2,148.9,2.1,312.6,825.9,60.02,212,3.9,0.7,1378.8,35.6,0.4,0.3,0,310.76006733134795,37.90271636133923,0.12196778269109285,35.812,31.187,2025-10-28 07:41:43
164.1,3.5,558.6,142.7,2.2,312.4,837.0,60.03,212.1,4,0.7,1378.8,35.7,0.4,0.3,0,310.76006733134795,37.90271636133923,0.12196778269109285,35.687,31.25,2025-10-28 07:41:58
161.6,3.6,568.5,148.6,2.1,321.8,849.3,60.03,212.1,4,0.7,1378.8,35.7,0.4,0.3,0,310.76006733134795,37.90271636133923,0.12196778269109285,35.812,31.375,2025-10-28 07:42:13
163.1,3.6,580.1,150,2.1,306.0,845.6,60.03,212,4.1,0.7,1378.8,35.7,0.4,0.3,0,310.76006733134795,37.90271636133923,0.12196778269109285,35.937,31.562,2025-10-28 07:42:28
162.3,3.7,590.7,145.5,2.2,328.3,877.2,60.02,212.2,4.2,0.7,1378.8,35.8,0.4,0.3,0,310.76006733134795,37.90271636133923,0.12196778269109285,35.875,31.687,2025-10-28 07:42:43
165,3.7,584.6,146,2.2,326.6,876.7,60,212,4.2,0.7,1378.8,35.9,0.4,0.3,0,310.76006733134795,37.90271636133923,0.12196778269109285,35.75,31.75,2025-10-28 07:42:58
160.2,3.7,591.2,148.9,1.9,327.7,876.3,60.03,212,4.1,0.7,1378.8,35.9,0.4,0.3,0,310.76006733134795,37.90271636133923,0.12196778269109285,35.75,31.812,2025-10-28 07:43:13
164.3,3.8,597.8,148.7,2.2,329.2,884.0,60.04,211.9,4.2,0.8,1378.9,36,0.4,0.3,0,310.76006733134795,37.90271636133923,0.12196778269109285,35.375,31.75,2025-10-28 07:43:28
159.4,3.8,611.6,145.6,2.3,332.0,898.8,60.05,212.1,4.2,0.8,1378.9,36,0.4,0.3,0,310.76006733134795,37.90271636133923,0.12196778269109285,35.5,31.812,2025-10-28 07:43:43
165.2,3.9,619.9,148.6,2.1,337.3,913.5,60.06,212,4.2,0.8,1378.9,36.1,0.4,0.3,0,310.76006733134795,37.90271636133923,0.12196778269109285,35.375,31.812,2025-10-28 07:43:58
159.5,4,632.2,145.5,2.3,340.2,924.7,60.04,212.2,4.3,0.8,1378.9,36.1,0.4,0.3,0,310.76006733134795,37.90271636133923,0.12196778269109285,35.375,31.812,2025-10-28 07:44:13
164,3.8,631.4,147.2,2.2,340.7,926.3,60.06,212.2,4.3,0.8,1378.9,36.1,0.4,0.3,0,310.76006733134795,37.90271636133923,0.12196778269109285,35.375,31.937,2025-10-28 07:44:28
159.5,4,642.3,147.3,2.3,337.7,935.3,60.04,212.1,4.3,0.8,1378.9,36.1,0.4,0.3,0,310.76006733134795,37.90271636133923,0.12196778269109285,35.25,32.0,2025-10-28 07:44:43
164.9,3.8,647.9,152.4,2,330.3,927.0,60.03,212.1,4.3,0.8,1378.9,36.2,0.4,0.3,0,271.91505891492943,37.90271636133923,0.13939175164696327,35.062,32.0,2025-10-28 07:44:58
159.1,4.1,645.6,146.8,2.2,330.8,930.6,60.04,212,4.3,0.8,1378.9,36.2,0.4,0.3,0,271.91505891492943,37.90271636133923,0.13939175164696327,34.875,31.937,2025-10-28 07:45:13
162.9,3.9,656.8,150.3,2,322.9,923.1,60.04,211.9,4.2,0.8,1378.9,36.2,0.5,0.3,0,271.91505891492943,37.90271636133923,0.13939175164696327,34.687,31.937,2025-10-28 07:45:28
160.6,4.1,659.8,148.2,2.2,332.4,945.9,60.04,212.2,4.2,0.8,1378.9,36.2,0.5,0.3,0,271.91505891492943,37.90271636133923,0.13939175164696327,34.625,31.937,2025-10-28 07:45:43
164,4,665.2,151.4,2,330.2,949.4,60.03,212.2,4.2,0.8,1378.9,36.2,0.5,0.3,0,271.91505891492943,37.90271636133923,0.13939175164696327,34.75,31.937,2025-10-28 07:45:58
162.3,4.1,663.3,147.5,2.2,324.5,938.5,60.01,212.1,4.3,0.8,1378.9,36.1,0.5,0.3,0,271.91505891492943,37.90271636133923,0.13939175164696327,34.5,31.937,2025-10-28 07:46:13
162.3,3.9,660.9,150,1.9,320.8,937.2,60.02,212.2,4.2,0.8,1378.9,36.2,0.5,0.3,0,271.91505891492943,37.90271636133923,0.13939175164696327,34.437,32.0,2025-10-28 07:46:28
161.9,4.2,673.2,149.9,2.1,320.4,946.2,60.03,212.2,4.3,0.8,1378.9,36.2,0.5,0.3,0,271.91505891492943,37.90271636133923,0.13939175164696327,34.375,32.062,2025-10-28 07:46:43
162.8,4.1,687.6,150.4,2.1,321.3,960.7,60.04,212.1,4.3,0.8,1378.9,36.2,0.5,0.3,0,310.76006733134795,37.90271636133923,0.12196778269109285,34.312,32.062,2025-10-28 07:46:58
162.3,4.3,695.0,149.3,2.1,321.8,965.5,60.01,212.1,4.4,0.8,1378.9,36.3,0.5,0.3,0,310.76006733134795,37.90271636133923,0.12196778269109285,34.437,32.25,2025-10-28 07:47:13
162.2,4.2,695.6,150,2.1,317.0,965.0,60.03,212.2,4.4,0.8,1378.9,36.3,0.5,0.3,0,310.76006733134795,37.90271636133923,0.12196778269109285,34.625,32.375,2025-10-28 07:47:28
162.4,4.3,692.9,156,2,313.7,960.0,59.98,212,4.4,0.8,1378.9,36.4,0.5,0.3,0,349.6050757477664,37.90271636133923,0.10841580683652699,34.687,32.5,2025-10-28 07:47:43
162.2,4.2,686.8,152.9,2,312.1,951.8,60.02,212,4.4,0.8,1378.9,36.5,0.5,0.3,0,349.6050757477664,37.90271636133923,0.10841580683652699,34.875,32.687,2025-10-28 07:47:58
162.2,4.2,684.1,155.8,2,310.5,948.3,60.04,212,4.4,0.8,1378.9,36.5,0.5,0.3,0,349.6050757477664,37.90271636133923,0.10841580683652699,34.937,32.875,2025-10-28 07:48:13
162.3,4.2,685.7,155.9,2,310.0,949.2,60.03,212.2,4.4,0.8,1378.9,36.6,0.5,0.3,0,349.6050757477664,37.90271636133923,0.10841580683652699,35.062,33.062,2025-10-28 07:48:28
162.4,4.3,687.9,156.2,1.9,306.6,948.9,60.02,212.1,4.4,0.8,1378.9,36.7,0.5,0.3,0,349.6050757477664,37.90271636133923,0.10841580683652699,35.125,33.125,2025-10-28 07:48:43
162.4,4.2,683.4,156,1.9,303.8,942.4,59.99,212.1,4.4,0.8,1378.9,36.7,0.5,0.3,0,349.6050757477664,37.90271636133923,0.10841580683652699,35.125,33.25,2025-10-28 07:48:58
162.3,4.2,679.8,163.2,1.9,307.8,943.6,59.97,212.1,4.4,0.8,1378.9,36.8,0.5,0.3,0,349.6050757477664,37.90271636133923,0.10841580683652699,35.125,33.312,2025-10-28 07:49:13
162.3,4.2,680.6,163.3,1.8,306.2,942.7,59.98,212,4.4,0.8,1378.9,36.8,0.5,0.3,0,349.6050757477664,37.90271636133923,0.10841580683652699,35.0,33.25,2025-10-28 07:49:28
162.9,4.2,657.9,163.2,1.9,303.2,940.7,59.97,212,4.4,0.9,1379.0,36.9,0.5,0.3,0,349.6050757477664,37.90271636133923,0.10841580683652699,35.062,33.375,2025-10-28 07:49:43
162.4,4.2,676.9,163.4,1.8,302.7,936.3,60,212,4.3,0.9,1379.0,36.9,0.5,0.3,0,349.6050757477664,37.90271636133923,0.10841580683652699,35.125,33.437,2025-10-28 07:49:58
162.6,4.2,666.0,163.5,1.8,300.9,923.0,60.05,212.1,4.3,0.9,1379.0,36.9,0.5,0.3,0,349.6050757477664,37.90271636133923,0.10841580683652699,35.312,33.375,2025-10-28 07:50:13
161.3,4.2,666.8,163.2,1.8,297.8,929.4,59.99,212.1,4.3,0.9,1379.0,37,0.5,0.3,0,349.6050757477664,37.90271636133923,0.10841580683652699,35.375,33.437,2025-10-28 07:50:28
164,4.1,622.6,164.1,1.8,287.3,871.6,60,211.9,4.3,0.9,1379.0,37,0.5,0.3,0,349.6050757477664,37.90271636133923,0.10841580683652699,35.375,33.437,2025-10-28 07:50:43
162,4.1,656.4,163,1.8,288.0,905.9,60.02,212,4.2,0.9,1379.0,37,0.5,0.3,0,349.6050757477664,37.90271636133923,0.10841580683652699,35.187,33.437,2025-10-28 07:50:58
163.4,4.1,622.2,163.8,1.7,279.7,863.9,60.01,212.1,4.2,0.9,1379.0,37.1,0.5,0.3,0,349.6050757477664,37.90271636133923,0.10841580683652699,35.0,33.312,2025-10-28 07:51:13
160.1,4.2,665.7,160.4,1.8,285.0,915.1,60.04,212.2,4.3,0.9,1379.0,37.1,0.5,0.3,0,349.6050757477664,37.90271636133923,0.10841580683652699,34.937,33.25,2025-10-28 07:51:28
164.7,4.2,639.8,163.3,1.8,290.0,890.0,60.02,212.2,4.3,0.9,1379.0,37.1,0.5,0.3,0,349.6050757477664,37.90271636133923,0.10841580683652699,34.875,33.062,2025-10-28 07:51:43
160.9,4.3,690.7,167.5,1.8,266.3,910.1,60.01,212.2,4.4,0.9,1379.0,37.1,0.5,0.3,0,388.4500841641849,37.90271636133923,0.0975742261528743,34.812,32.875,2025-10-28 07:51:58
164.7,4.3,677.7,162,1.8,291.2,909.3,60.02,212.3,4.4,0.9,1379.0,37.1,0.5,0.3,0,388.4500841641849,37.90271636133923,0.0975742261528743,34.75,32.812,2025-10-28 07:52:13
159.4,4.4,701.0,167.7,1.8,280.3,939.7,59.96,212.3,4.5,0.9,1379.0,37.1,0.5,0.3,0,388.4500841641849,37.90271636133923,0.0975742261528743,34.687,32.875,2025-10-28 07:52:28
164.9,4.2,658.2,162.2,1.7,286.7,908.1,59.99,212.1,4.3,0.9,1379.0,37.2,0.5,0.4,0,388.4500841641849,37.90271636133923,0.0975742261528743,34.687,32.937,2025-10-28 07:52:43
160,4.3,683.2,167.9,1.6,257.9,905.3,59.98,212.1,4.3,0.9,1379.0,37.2,0.5,0.4,0,388.4500841641849,37.90271636133923,0.0975742261528743,34.687,33.0,2025-10-28 07:52:58
164,3.9,685.6,161.9,1.7,287.1,933.5,60,212.1,4.3,0.9,1379.0,37.2,0.5,0.4,0,388.4500841641849,37.90271636133923,0.0975742261528743,34.625,33.062,2025-10-28 07:53:13
159.4,4.4,701.7,167.2,1.5,287.4,948.6,60.02,212.2,4.4,0.9,1379.0,37.3,0.5,0.4,0,388.4500841641849,75.80543272267846,0.1951484523057486,34.562,33.187,2025-10-28 07:53:28
164.4,4,688.0,161.6,1.8,290.2,939.2,60,211.9,4.2,0.9,1379.0,37.3,0.5,0.4,0,388.4500841641849,75.80543272267846,0.1951484523057486,34.625,33.187,2025-10-28 07:53:43
161.1,4.5,722.9,165.6,1.5,296.2,957.8,60.04,212.2,4.4,0.9,1379.0,37.3,0.5,0.4,0,349.6050757477664,75.80543272267846,0.21683161367305398,34.437,33.25,2025-10-28 07:53:58
163.1,4,719.4,163.2,1.8,295.2,971.6,60.04,212.1,4.2,0.9,1379.0,37.4,0.5,0.4,0,349.6050757477664,37.90271636133923,0.10841580683652699,34.25,33.25,2025-10-28 07:54:13
160.3,4.6,725.8,164.8,1.8,298.7,980.0,60.02,212.3,4.5,0.9,1379.0,37.4,0.6,0.4,0,310.76006733134795,75.80543272267846,0.2439355653821857,34.187,33.125,2025-10-28 07:54:28
162.3,4.2,723.4,164.7,1.8,297.0,970.7,60,212.3,4.3,0.9,1379.0,37.4,0.6,0.4,0,310.76006733134795,75.80543272267846,0.2439355653821857,34.25,33.125,2025-10-28 07:54:43
162.2,4.5,723.2,164.7,1.8,299.5,976.9,60,212.1,4.5,0.9,1379.0,37.4,0.6,0.4,0,310.76006733134795,75.80543272267846,0.2439355653821857,34.25,33.187,2025-10-28 07:54:58
162.4,4.2,727.4,165.1,1.8,294.7,978.4,59.99,212.2,4.3,0.9,1379.0,37.4,0.6,0.4,0,310.76006733134795,75.80543272267846,0.2439355653821857,34.187,33.25,2025-10-28 07:55:13
161.7,4.5,722.9,164.9,1.8,302.4,979.5,60.04,212.2,4.5,0.9,1379.0,37.4,0.6,0.4,0,271.91505891492943,75.80543272267846,0.27878350329392654,34.062,33.25,2025-10-28 07:55:28
162.2,4.3,723.4,165.1,1.8,269.2,956.5,59.99,212.2,4.3,0.9,1379.0,37.4,0.6,0.4,0,271.91505891492943,75.80543272267846,0.27878350329392654,33.875,33.25,2025-10-28 07:55:43
163.2,4.5,680.7,165.1,1.8,301.6,938.2,60.02,212.1,4.5,0.9,1379.0,37.5,0.6,0.4,0,271.91505891492943,75.80543272267846,0.27878350329392654,33.812,33.312,2025-10-28 07:55:58
162.3,4.4,712.9,167.4,1.5,283.2,948.4,60.02,211.8,4.3,1.0,1379.1,37.5,0.6,0.4,0,271.91505891492943,37.90271636133923,0.13939175164696327,33.812,33.437,2025-10-28 07:56:13
160.8,4.3,704.3,165,1.8,299.8,961.2,59.97,211.6,4.4,1.0,1379.1,37.6,0.6,0.4,0,271.91505891492943,37.90271636133923,0.13939175164696327,33.812,33.437,2025-10-28 07:56:28
161.2,4.3,702.6,162,1.8,296.0,952.9,59.99,211.7,4.4,1.0,1379.1,37.6,0.6,0.4,0,271.91505891492943,37.90271636133923,0.13939175164696327,33.562,33.437,2025-10-28 07:56:43
163.5,3.9,696.6,164.9,1.8,299.6,955.1,60,211.9,4.2,1.0,1379.1,37.6,0.6,0.4,0,271.91505891492943,75.80543272267846,0.27878350329392654,33.5,33.312,2025-10-28 07:56:58
162.7,4.3,691.9,166.2,1.8,254.7,905.6,60.02,211.8,4.4,1.0,1379.1,37.6,0.6,0.4,0,271.91505891492943,37.90271636133923,0.13939175164696327,33.5,33.187,2025-10-28 07:57:13
159.6,4.3,688.6,164.6,1.8,294.4,939.4,60.03,211.9,4.3,1.0,1379.1,37.6,0.6,0.4,0,271.91505891492943,37.90271636133923,0.13939175164696327,33.562,33.187,2025-10-28 07:57:28
159.8,4.3,688.8,161.4,1.8,295.4,940.6,60.01,211.9,4.3,1.0,1379.1,37.6,0.6,0.4,0,271.91505891492943,37.90271636133923,0.13939175164696327,33.562,33.187,2025-10-28 07:57:43
162.3,4.2,687.2,161.8,1.8,295.3,939.2,60.01,211.9,4.3,1.0,1379.1,37.6,0.6,0.4,0,233.07005049851097,37.90271636133923,0.16262371025479047,33.562,33.312,2025-10-28 07:57:58
159.4,4.3,684.7,165,1.8,292.2,936.8,59.99,211.9,4.4,1.0,1379.1,37.6,0.6,0.4,0,233.07005049851097,37.90271636133923,0.16262371025479047,33.625,33.375,2025-10-28 07:58:13
162.4,4.3,691.4,161.9,1.8,294.8,942.8,60.02,211.9,4.4,1.0,1379.1,37.7,0.6,0.4,0,233.07005049851097,37.90271636133923,0.16262371025479047,33.5,33.375,2025-10-28 07:58:28
159.4,4.4,694.8,162.1,1.8,295.8,946.3,60.02,212,4.4,1.0,1379.1,37.7,0.6,0.4,0,233.07005049851097,37.90271636133923,0.16262371025479047,33.437,33.375,2025-10-28 07:58:43
157.3,4.4,690.3,161.9,1.8,293.2,931.9,60.01,211.9,4.4,1.0,1379.1,37.8,0.6,0.4,0,233.07005049851097,37.90271636133923,0.16262371025479047,33.437,33.5,2025-10-28 07:58:58
161.6,4.2,687.3,161.8,1.8,291.9,935.8,60.03,211.8,4.4,1.0,1379.1,37.8,0.6,0.4,0,233.07005049851097,37.90271636133923,0.16262371025479047,33.437,33.625,2025-10-28 07:59:13
156.6,4.4,686.1,161.7,1.8,290.2,930.5,60.03,211.5,4.3,1.0,1379.1,37.8,0.6,0.4,0,271.91505891492943,37.90271636133923,0.13939175164696327,33.562,33.687,2025-10-28 07:59:28
159.4,4.2,688.6,165.1,1.7,291.0,936.8,60.05,211.8,4.4,1.0,1379.1,37.8,0.6,0.4,0,271.91505891492943,37.90271636133923,0.13939175164696327,33.562,33.875,2025-10-28 07:59:43
158.6,4.4,693.0,164.2,1.8,291.0,941.0,60.04,211.8,4.3,1.0,1379.1,37.9,0.6,0.4,0,310.76006733134795,37.90271636133923,0.12196778269109285,33.562,33.937,2025-10-28 07:59:58
160.4,4.3,697.2,160.6,1.8,293.1,946.3,60.04,211.7,4.3,1.0,1379.1,37.9,0.6,0.4,0,349.6050757477664,37.90271636133923,0.10841580683652699,33.437,33.937,2025-10-28 08:00:13
157.6,4.4,698.2,161.9,1.8,293.8,947.8,60.03,211.8,4.3,1.0,1379.1,38,0.6,0.4,0,388.4500841641849,37.90271636133923,0.0975742261528743,33.437,34.0,2025-10-28 08:00:28
159.4,4.3,699.0,165,1.7,290.7,946.0,60.04,211.9,4.4,1.0,1379.1,38,0.6,0.4,0,388.4500841641849,37.90271636133923,0.0975742261528743,33.437,34.0,2025-10-28 08:00:43
159.6,4.5,701.7,162.1,1.8,293.8,950.9,60.02,212,4.4,1.0,1379.1,38,0.6,0.4,0,388.4500841641849,37.90271636133923,0.0975742261528743,33.437,34.0,2025-10-28 08:00:58
159.5,4.3,706.4,159.1,1.8,291.5,952.0,60.03,211.7,4.4,1.0,1379.1,38,0.6,0.4,0,388.4500841641849,37.90271636133923,0.0975742261528743,33.375,33.937,2025-10-28 08:01:13
159.5,4.5,708.0,161.9,1.8,293.1,957.0,60.03,211.8,4.3,1.0,1379.1,38.1,0.6,0.4,0,388.4500841641849,37.90271636133923,0.0975742261528743,33.25,33.687,2025-10-28 08:01:28
159.5,4.5,712.8,165,1.8,293.2,960.7,60.03,211.6,4.5,1.0,1379.1,38,0.6,0.4,0,388.4500841641849,37.90271636133923,0.0975742261528743,33.125,33.687,2025-10-28 08:01:43
159.4,4.5,716.9,165,1.8,295.4,966.4,60.03,211.7,4.5,1.0,1379.1,37.9,0.6,0.4,0,427.2950925806034,37.90271636133923,0.08870384195715844,33.125,33.375,2025-10-28 08:01:58
159.3,4.5,715.4,164.9,1.8,293.9,964.0,60.04,211.5,4.5,1.0,1379.1,37.8,0.6,0.4,0,388.4500841641849,37.90271636133923,0.0975742261528743,33.187,33.375,2025-10-28 08:02:13
159.4,4.5,716.4,164.9,1.7,292.5,964.0,60.03,211.8,4.5,1.1,1379.2,37.8,0.6,0.4,0,388.4500841641849,75.80543272267846,0.1951484523057486,33.25,33.437,2025-10-28 08:02:28
159.3,4.4,705.0,167,1.7,238.6,904.8,60.05,211.6,4.4,1.1,1379.2,37.8,0.6,0.4,0,388.4500841641849,37.90271636133923,0.0975742261528743,33.25,33.437,2025-10-28 08:02:43
159.4,4.4,702.0,162.7,1.7,284.7,943.7,60.05,211.5,4.4,1.1,1379.2,37.8,0.7,0.4,0,388.4500841641849,37.90271636133923,0.0975742261528743,33.25,33.687,2025-10-28 08:02:58
159.4,4.5,703.7,164.6,1.7,282.5,944.0,60.05,211.7,4.4,1.1,1379.2,37.9,0.7,0.4,0,388.4500841641849,37.90271636133923,0.0975742261528743,33.312,33.75,2025-10-28 08:03:13
159.4,4.5,708.1,167.8,1.6,243.4,914.9,60.04,211.6,4.4,1.1,1379.2,37.9,0.7,0.4,0,388.4500841641849,75.80543272267846,0.1951484523057486,33.312,33.875,2025-10-28 08:03:28
159.5,4.5,720.0,164.3,1.7,285.8,961.9,60.02,211.7,4.4,1.1,1379.2,38,0.7,0.4,0,427.2950925806034,37.90271636133923,0.08870384195715844,33.25,33.875,2025-10-28 08:03:43
159.8,4.6,726.7,165.2,1.6,286.9,969.2,59.98,211.7,4.3,1.1,1379.2,38,0.7,0.4,0,427.2950925806034,37.90271636133923,0.08870384195715844,33.187,33.875,2025-10-28 08:03:58
159.5,4.6,724.2,165,1.7,283.9,963.8,60.02,211.8,4.5,1.1,1379.2,38.1,0.7,0.4,0,427.2950925806034,37.90271636133923,0.08870384195715844,33.187,34.0,2025-10-28 08:04:13
159.4,4.6,728.6,165.1,1.7,285.1,968.7,60.02,211.7,4.5,1.1,1379.2,38.1,0.7,0.4,0,427.2950925806034,75.80543272267846,0.17740768391431688,33.187,34.062,2025-10-28 08:04:28
159.3,4.7,745.4,164.4,1.7,274.4,973.4,60.02,211.7,4.6,1.1,1379.2,38.1,0.7,0.4,0,427.2950925806034,37.90271636133923,0.08870384195715844,33.187,34.062,2025-10-28 08:04:43
161,4.7,731.4,163.9,1.7,287.5,985.7,59.99,211.8,4.6,1.1,1379.2,38.2,0.7,0.4,0,388.4500841641849,75.80543272267846,0.1951484523057486,33.25,34.125,2025-10-28 08:04:58
159,4.7,729.2,166.7,1.7,243.3,928.2,60.05,211.7,4.5,1.1,1379.2,38.2,0.7,0.4,0,388.4500841641849,75.80543272267846,0.1951484523057486,33.312,34.187,2025-10-28 08:05:13
160.1,4.7,729.8,164.7,1.7,284.2,969.0,60.02,211.7,4.6,1.1,1379.2,38.2,0.7,0.4,0,349.6050757477664,75.80543272267846,0.21683161367305398,33.312,34.187,2025-10-28 08:05:28
156.4,4.7,737.1,165.9,1.7,253.6,946.1,60,211.6,4.6,1.1,1379.2,38.2,0.7,0.4,0,349.6050757477664,75.80543272267846,0.21683161367305398,33.312,34.125,2025-10-28 08:05:43
162,4.6,718.0,162.5,1.7,282.1,959.0,59.98,211.7,4.6,1.1,1379.2,38.3,0.7,0.4,0,310.76006733134795,75.80543272267846,0.2439355653821857,33.187,34.125,2025-10-28 08:05:58
157.3,4.6,721.6,167.5,1.6,239.5,922.1,59.96,211.5,4.5,1.1,1379.2,38.2,0.7,0.4,0,271.91505891492943,75.80543272267846,0.27878350329392654,33.187,34.0,2025-10-28 08:06:13
161.5,4.6,720.2,163.4,1.7,286.6,962.8,59.98,211.5,4.5,1.1,1379.2,38.2,0.7,0.4,0,233.07005049851097,75.80543272267846,0.32524742050958094,33.0,33.875,2025-10-28 08:06:28
156.3,4.6,724.3,165.1,1.7,284.3,966.2,59.98,211.6,4.5,1.1,1379.2,38.2,0.7,0.4,0,233.07005049851097,75.80543272267846,0.32524742050958094,32.875,33.687,2025-10-28 08:06:43
162.2,4.6,735.4,167.7,1.6,268.0,952.9,59.98,211.5,4.5,1.1,1379.2,38.2,0.7,0.4,0,233.07005049851097,75.80543272267846,0.32524742050958094,33.0,33.75,2025-10-28 08:06:58
156.5,4.7,731.4,164.8,1.8,290.1,976.0,60.01,211.9,4.6,1.1,1379.2,38.2,0.7,0.4,0,233.07005049851097,75.80543272267846,0.32524742050958094,32.937,33.812,2025-10-28 08:07:13
161.1,4.4,730.3,162,1.8,288.3,960.2,60.01,211.8,4.5,1.1,1379.2,38.3,0.7,0.4,0,271.91505891492943,75.80543272267846,0.27878350329392654,33.062,33.812,2025-10-28 08:07:28
156.6,4.6,724.9,161.6,1.8,287.6,966.1,60.01,211.7,4.5,1.1,1379.2,38.3,0.7,0.4,0,310.76006733134795,75.80543272267846,0.2439355653821857,32.937,33.875,2025-10-28 08:07:43
161.7,4.5,735.3,162.1,1.8,290.4,981.1,59.98,211.6,4.6,1.1,1379.2,38.4,0.7,0.4,0,310.76006733134795,75.80543272267846,0.2439355653821857,32.937,33.875,2025-10-28 08:07:58
159.1,4.7,737.0,162.2,1.8,293.1,982.6,60.02,211.7,4.6,1.1,1379.2,38.4,0.7,0.4,0,349.6050757477664,75.80543272267846,0.21683161367305398,32.812,33.875,2025-10-28 08:08:13
160.1,4.5,747.6,165,1.8,291.4,993.6,60.02,211.7,4.6,1.1,1379.2,38.4,0.7,0.4,0,388.4500841641849,75.80543272267846,0.1951484523057486,32.812,33.812,2025-10-28 08:08:28
158.1,4.8,755.6,161.8,1.8,297.3,1006.2,59.98,211.6,4.6,1.2,1379.3,38.4,0.7,0.4,0,427.2950925806034,75.80543272267846,0.17740768391431688,32.812,33.75,2025-10-28 08:08:43
160.6,4.6,750.1,163.5,1.7,293.1,995.6,59.98,211.8,4.6,1.2,1379.3,38.5,0.7,0.4,0,427.2950925806034,75.80543272267846,0.17740768391431688,32.687,33.625,2025-10-28 08:08:58
159.4,4.7,738.2,164.9,1.8,288.2,975.6,60.03,211.7,4.5,1.2,1379.3,38.5,0.7,0.4,0,427.2950925806034,75.80543272267846,0.17740768391431688,32.625,33.625,2025-10-28 08:09:13
159.5,4.6,740.4,164.9,1.7,289.0,983.8,60.02,211.7,4.5,1.2,1379.3,38.4,0.7,0.4,0,427.2950925806034,75.80543272267846,0.17740768391431688,32.625,33.562,2025-10-28 08:09:28
159.2,4.7,747.5,162,1.7,290.8,990.7,60.01,211.7,4.6,1.2,1379.3,38.5,0.7,0.4,0,427.2950925806034,75.80543272267846,0.17740768391431688,32.625,33.562,2025-10-28 08:09:43
159.4,4.6,740.9,162.2,1.7,288.9,983.2,60.01,211.6,4.5,1.2,1379.3,38.5,0.7,0.4,0,427.2950925806034,75.80543272267846,0.17740768391431688,32.562,33.437,2025-10-28 08:09:58
159.4,4.7,735.2,164.9,1.7,288.3,977.9,60,211.6,4.5,1.2,1379.3,38.5,0.7,0.4,0,427.2950925806034,75.80543272267846,0.17740768391431688,32.562,33.437,2025-10-28 08:10:13
159.4,4.6,728.7,161.5,1.8,286.9,971.1,60.01,211.8,4.5,1.2,1379.3,38.5,0.7,0.4,0,427.2950925806034,75.80543272267846,0.17740768391431688,32.562,33.437,2025-10-28 08:10:28
159.4,4.7,738.4,165.4,1.7,257.3,961.1,60.03,211.9,4.6,1.2,1379.3,38.5,0.7,0.4,0,427.2950925806034,75.80543272267846,0.17740768391431688,32.5,33.437,2025-10-28 08:10:43
159.4,4.7,740.5,160.4,1.8,289.5,981.3,60.02,211.8,4.5,1.2,1379.3,38.4,0.7,0.4,0,427.2950925806034,75.80543272267846,0.17740768391431688,32.5,33.437,2025-10-28 08:10:58
159.4,4.7,744.0,164.9,1.7,290.9,990.0,60.01,211.7,4.6,1.2,1379.3,38.4,0.8,0.4,0,427.2950925806034,75.80543272267846,0.17740768391431688,32.437,33.437,2025-10-28 08:11:13
159.4,4.7,738.5,164.9,1.7,288.6,982.6,60.02,211.8,4.5,1.2,1379.3,38.4,0.8,0.4,0,427.2950925806034,37.90271636133923,0.08870384195715844,32.437,33.437,2025-10-28 08:11:28
159.4,4.4,715.5,161.9,1.7,281.2,950.7,59.98,211.5,4.4,1.2,1379.3,38.4,0.8,0.4,0,427.2950925806034,37.90271636133923,0.08870384195715844,32.437,33.312,2025-10-28 08:11:43
159.4,4.2,662.2,159.2,1.6,261.3,884.9,59.97,211.3,4.2,1.2,1379.3,38.3,0.8,0.4,0,388.4500841641849,37.90271636133923,0.0975742261528743,32.375,33.25,2025-10-28 08:11:58
159.3,4.2,667.8,164.8,1.6,258.3,887.9,59.97,211.4,4.2,1.2,1379.3,38.3,0.8,0.4,0,388.4500841641849,37.90271636133923,0.0975742261528743,32.25,33.187,2025-10-28 08:12:13
159.4,4.3,675.4,161.1,1.6,267.5,903.8,59.99,211.4,4.2,1.2,1379.3,38.3,0.8,0.4,0,388.4500841641849,37.90271636133923,0.0975742261528743,32.312,33.25,2025-10-28 08:12:28
159.3,4.1,660.7,161.9,1.6,261.5,884.0,60.01,211.5,4.1,1.2,1379.3,38.3,0.8,0.4,0,388.4500841641849,37.90271636133923,0.0975742261528743,32.375,33.312,2025-10-28 08:12:43
159.4,4.2,667.5,161.7,1.6,260.9,890.6,60.01,211.7,4.2,1.2,1379.3,38.3,0.8,0.4,0,388.4500841641849,37.90271636133923,0.0975742261528743,32.375,33.437,2025-10-28 08:12:58
162.3,4.3,694.4,161.9,1.7,272.4,926.8,59.99,211.6,4.3,1.2,1379.3,38.3,0.8,0.4,0,427.2950925806034,37.90271636133923,0.08870384195715844,32.312,33.312,2025-10-28 08:13:13
160.8,4.5,708.3,161.8,1.7,274.8,940.8,60,211.6,4.4,1.2,1379.3,38.3,0.8,0.4,0,427.2950925806034,37.90271636133923,0.08870384195715844,32.187,33.062,2025-10-28 08:13:28
162.4,4.4,713.6,161.9,1.7,278.1,949.5,59.98,211.7,4.4,1.2,1379.3,38.2,0.8,0.5,0,427.2950925806034,75.80543272267846,0.17740768391431688,32.25,33.187,2025-10-28 08:13:43
159.9,4.6,725.5,166.4,1.7,240.4,925.5,59.99,211.7,4.5,1.2,1379.3,38.1,0.8,0.5,0,427.2950925806034,75.80543272267846,0.17740768391431688,32.312,33.125,2025-10-28 08:13:58
159.7,4.4,707.7,161.9,1.7,275.4,941.5,60,211.7,4.4,1.2,1379.3,38.2,0.8,0.5,0,427.2950925806034,37.90271636133923,0.08870384195715844,32.25,33.062,2025-10-28 08:14:13
162,4.4,698.1,162.4,1.6,271.5,929.5,60,211.4,4.3,1.2,1379.3,38.1,0.8,0.5,0,427.2950925806034,37.90271636133923,0.08870384195715844,32.25,33.125,2025-10-28 08:14:28
159.8,4.2,672.3,159.7,1.6,261.1,893.3,60,211.3,4.2,1.2,1379.3,38.1,0.8,0.5,0,388.4500841641849,37.90271636133923,0.0975742261528743,32.437,33.187,2025-10-28 08:14:43
162.3,4.1,661.3,163.5,1.6,254.7,879.3,60.03,211.6,4.2,1.3,1379.4,38,0.8,0.5,0,388.4500841641849,37.90271636133923,0.0975742261528743,32.562,33.25,2025-10-28 08:14:58
160.8,4.1,669.1,158.8,1.6,257.0,889.7,60,211.5,4.2,1.3,1379.4,38,0.8,0.5,0,388.4500841641849,37.90271636133923,0.0975742261528743,32.562,33.187,2025-10-28 08:15:13
159.6,4.4,694.1,158.7,1.6,265.4,918.5,60,211.8,4.3,1.3,1379.4,38.1,0.8,0.5,0,427.2950925806034,37.90271636133923,0.08870384195715844,32.5,33.125,2025-10-28 08:15:28
160.8,4.5,718.2,161.7,1.7,273.9,949.3,60,211.8,4.4,1.3,1379.4,38.1,0.8,0.5,0,427.2950925806034,75.80543272267846,0.17740768391431688,32.375,33.125,2025-10-28 08:15:43
159.9,4.7,742.0,164,1.7,281.8,977.5,59.99,211.9,4.5,1.3,1379.4,38.1,0.8,0.5,0,427.2950925806034,75.80543272267846,0.17740768391431688,32.375,33.125,2025-10-28 08:15:58
162.3,4.8,770.5,164.4,1.8,278.6,1002.8,60.02,212,4.8,1.3,1379.4,38.1,0.8,0.5,0,466.14010099702193,75.80543272267846,0.16262371025479047,32.437,33.25,2025-10-28 08:16:13
163.7,4.8,723.5,163.4,1.8,292.2,968.4,60.04,211.9,4.7,1.3,1379.4,38.2,0.8,0.5,0,466.14010099702193,75.80543272267846,0.16262371025479047,32.375,33.187,2025-10-28 08:16:28
162.3,5,794.7,163.5,1.8,292.6,1038.4,60.03,211.8,4.9,1.3,1379.4,38.2,0.8,0.5,0,466.14010099702193,75.80543272267846,0.16262371025479047,32.375,33.25,2025-10-28 08:16:43
162.3,5,802.8,160.4,1.8,299.7,1051.1,60.02,211.8,4.9,1.3,1379.4,38.2,0.8,0.5,0,466.14010099702193,75.80543272267846,0.16262371025479047,32.375,33.25,2025-10-28 08:16:58
162.5,5,791.9,164.2,1.7,301.7,1041.9,60.03,211.9,4.9,1.3,1379.4,38.2,0.8,0.5,0,466.14010099702193,75.80543272267846,0.16262371025479047,32.375,33.25,2025-10-28 08:17:13
162.3,4.9,793.6,161.5,1.8,298.4,1042.8,60.01,211.7,4.9,1.3,1379.4,38.2,0.8,0.5,0,466.14010099702193,75.80543272267846,0.16262371025479047,32.312,33.187,2025-10-28 08:17:28
163.1,5,762.2,163.4,1.7,298.0,1042.2,60.02,211.5,4.9,1.3,1379.4,38.2,0.8,0.5,0,466.14010099702193,75.80543272267846,0.16262371025479047,32.375,33.312,2025-10-28 08:17:43
162.3,5,800.8,163.4,1.8,301.2,1052.1,60.02,211.7,4.9,1.3,1379.4,38.2,0.8,0.5,0,466.14010099702193,75.80543272267846,0.16262371025479047,32.375,33.375,2025-10-28 08:17:58
162.8,5,782.8,163.5,1.7,301.3,1039.8,60.02,211.4,4.9,1.3,1379.4,38.2,0.8,0.5,0,466.14010099702193,75.80543272267846,0.16262371025479047,32.375,33.375,2025-10-28 08:18:13
161.3,5.2,828.8,162.8,1.9,307.4,1082.4,60,211.5,5,1.3,1379.4,38.3,0.8,0.5,0,504.9851094134404,75.80543272267846,0.15011419408134505,32.375,33.437,2025-10-28 08:18:28
159.6,5.2,824.1,163.4,1.8,307.6,1079.0,59.98,211.6,5,1.3,1379.4,38.3,0.8,0.5,0,504.9851094134404,75.80543272267846,0.15011419408134505,32.375,33.5,2025-10-28 08:18:43
162.3,5.1,819.3,163.4,1.8,304.4,1071.8,59.98,211.4,5,1.3,1379.4,38.3,0.8,0.5,0,504.9851094134404,75.80543272267846,0.15011419408134505,32.375,33.625,2025-10-28 08:18:58
156.4,5.2,808.1,163.3,1.8,302.1,1058.8,59.98,211.4,5,1.3,1379.4,38.3,0.8,0.5,0,504.9851094134404,75.80543272267846,0.15011419408134505,32.5,33.687,2025-10-28 08:19:13
159.4,5.1,814.4,163.4,1.8,298.9,1061.1,60.02,211.6,5,1.3,1379.4,38.4,0.9,0.5,0,504.9851094134404,75.80543272267846,0.15011419408134505,32.5,33.75,2025-10-28 08:19:28
162.3,5,812.9,163.4,1.8,297.3,1059.0,60.01,211.8,4.9,1.3,1379.4,38.4,0.9,0.5,0,504.9851094134404,75.80543272267846,0.15011419408134505,32.5,33.75,2025-10-28 08:19:43
157.1,5.2,812.8,163.5,1.8,294.8,1057.9,59.97,211.7,4.9,1.3,1379.4,38.4,0.9,0.5,0,504.9851094134404,75.80543272267846,0.15011419408134505,32.437,33.812,2025-10-28 08:19:58
159.5,5.1,825.8,163.2,1.8,295.4,1069.8,59.98,211.4,4.9,1.3,1379.4,38.4,0.9,0.5,0,504.9851094134404,75.80543272267846,0.15011419408134505,32.5,33.875,2025-10-28 08:20:13
159.4,5.3,833.2,166.4,1.8,293.3,1076.4,59.97,211.8,4.9,1.3,1379.4,38.5,0.9,0.5,0,504.9851094134404,75.80543272267846,0.15011419408134505,32.5,33.937,2025-10-28 08:20:28
159.6,5.2,835.9,163.2,1.8,294.6,1077.8,59.98,211.8,5,1.3,1379.4,38.5,0.9,0.5,0,504.9851094134404,75.80543272267846,0.15011419408134505,32.437,33.937,2025-10-28 08:20:43
159.4,5.3,829.6,165.8,1.8,289.0,1067.8,59.98,212,4.9,1.4,1379.5,38.5,0.9,0.5,0,504.9851094134404,75.80543272267846,0.15011419408134505,32.562,34.062,2025-10-28 08:20:58
159.4,5.1,813.7,160.3,1.7,283.8,1047.7,59.98,211.8,4.9,1.4,1379.5,38.6,0.9,0.5,0,504.9851094134404,75.80543272267846,0.15011419408134505,32.5,34.0,2025-10-28 08:21:13
159.4,5.1,809.1,166.4,1.7,281.8,1043.1,60.02,211.6,4.8,1.4,1379.5,38.6,0.9,0.5,0,466.14010099702193,75.80543272267846,0.16262371025479047,32.5,33.937,2025-10-28 08:21:28
159.3,5,797.4,160.4,1.7,276.1,1026.4,60.01,211.9,4.8,1.4,1379.5,38.6,0.9,0.5,0,466.14010099702193,75.80543272267846,0.16262371025479047,32.437,33.812,2025-10-28 08:21:43
159.3,4.9,772.3,164.6,1.6,266.4,990.1,59.97,211.5,4.6,1.4,1379.5,38.6,0.9,0.5,0,466.14010099702193,75.80543272267846,0.16262371025479047,32.437,33.75,2025-10-28 08:21:58
159.4,4.8,759.0,161.1,1.6,267.2,981.2,59.99,211.5,4.6,1.4,1379.5,38.6,0.9,0.5,0,466.14010099702193,75.80543272267846,0.16262371025479047,32.375,33.562,2025-10-28 08:22:13
162.4,4.8,768.2,163.9,1.7,274.8,997.8,60,211.6,4.6,1.4,1379.5,38.6,0.9,0.5,0,466.14010099702193,75.80543272267846,0.16262371025479047,32.5,33.5,2025-10-28 08:22:28
159.4,5.1,799.9,163.7,1.7,281.7,1032.9,59.97,211.6,4.8,1.4,1379.5,38.5,0.9,0.5,0,466.14010099702193,75.80543272267846,0.16262371025479047,32.437,33.5,2025-10-28 08:22:43
159.4,5.1,813.1,160.5,1.7,283.0,1045.4,60.02,211.6,4.9,1.4,1379.5,38.5,0.9,0.5,0,504.9851094134404,75.80543272267846,0.15011419408134505,32.5,33.625,2025-10-28 08:22:58
159.5,5,797.1,166.5,1.7,273.8,1024.8,60.04,211.6,4.8,1.4,1379.5,38.5,0.9,0.5,0,466.14010099702193,75.80543272267846,0.16262371025479047,32.5,33.625,2025-10-28 08:23:13
159.5,5,788.9,161.5,1.7,279.0,1019.6,60,211.6,4.8,1.4,1379.5,38.5,0.9,0.5,0,466.14010099702193,75.80543272267846,0.16262371025479047,32.375,33.562,2025-10-28 08:23:28
162.3,4.9,795.6,166.3,1.7,284.2,1018.1,60.01,211.5,4.8,1.4,1379.5,38.5,0.9,0.5,0,466.14010099702193,75.80543272267846,0.16262371025479047,32.312,33.5,2025-10-28 08:23:43
159.2,5,797.0,160.5,1.7,284.2,1030.7,59.99,211.6,4.8,1.4,1379.5,38.5,0.9,0.5,0,504.9851094134404,75.80543272267846,0.15011419408134505,32.312,33.5,2025-10-28 08:23:58
159.2,5,782.2,166.5,1.6,277.1,1011.5,60.03,211.7,4.6,1.4,1379.5,38.5,0.9,0.5,0,466.14010099702193,75.80543272267846,0.16262371025479047,32.375,33.5,2025-10-28 08:24:13
162.5,4.9,777.7,161.6,1.7,282.2,1019.6,60.03,211.7,4.8,1.4,1379.5,38.5,0.9,0.5,0,466.14010099702193,75.80543272267846,0.16262371025479047,32.437,33.562,2025-10-28 08:24:28
159.3,5,792.1,165.1,1.6,286.4,1030.1,60,211.9,4.8,1.4,1379.5,38.6,0.9,0.5,0,466.14010099702193,75.80543272267846,0.16262371025479047,32.5,33.687,2025-10-28 08:24:43
159.6,5.1,804.3,160.7,1.8,287.4,1043.3,60.03,211.8,4.9,1.4,1379.5,38.6,0.9,0.5,0,504.9851094134404,75.80543272267846,0.15011419408134505,32.562,33.625,2025-10-28 08:24:58
162.8,5.2,827.5,163.4,1.8,299.2,1076.1,60.01,211.6,5.1,1.4,1379.5,38.6,0.9,0.5,0,504.9851094134404,75.80543272267846,0.15011419408134505,32.562,33.562,2025-10-28 08:25:13
159.4,5.3,842.2,166,1.8,289.4,1080.3,59.99,211.6,5.1,1.4,1379.5,38.5,0.9,0.5,0,504.9851094134404,75.80543272267846,0.15011419408134505,32.5,33.5,2025-10-28 08:25:28
159.4,5.3,840.7,161.7,1.8,298.8,1086.1,60.01,211.7,5.1,1.4,1379.5,38.5,0.9,0.5,0,504.9851094134404,75.80543272267846,0.15011419408134505,32.5,33.5,2025-10-28 08:25:43
159.4,5.3,838.2,165.1,1.8,288.4,1075.9,60.02,211.8,5,1.4,1379.5,38.5,0.9,0.5,0,504.9851094134404,75.80543272267846,0.15011419408134505,32.625,33.625,2025-10-28 08:25:58
159.3,5.2,821.6,160.5,1.8,293.2,1062.3,59.98,211.6,5,1.4,1379.5,38.6,0.9,0.5,0,504.9851094134404,75.80543272267846,0.15011419408134505,32.75,33.687,2025-10-28 08:26:13
159.4,5.2,818.9,166.3,1.8,284.2,1054.3,60,211.6,5,1.4,1379.5,38.6,0.9,0.5,0,504.9851094134404,75.80543272267846,0.15011419408134505,32.687,33.687,2025-10-28 08:26:28
159.4,5.2,826.9,160.6,1.8,292.1,1065.7,60.01,211.7,5,1.5,1379.6,38.7,0.9,0.5,0,504.9851094134404,75.80543272267846,0.15011419408134505,32.75,33.687,2025-10-28 08:26:43
158.5,5.3,832.7,166.4,1.7,282.8,1066.8,60.01,211.7,5.1,1.5,1379.6,38.7,1.0,0.5,0,504.9851094134404,75.80543272267846,0.15011419408134505,32.687,33.625,2025-10-28 08:26:58
160.1,5.2,818.4,160.6,1.8,295.4,1063.7,60,211.7,5,1.5,1379.6,38.6,1.0,0.5,0,504.9851094134404,75.80543272267846,0.15011419408134505,32.812,33.75,2025-10-28 08:27:13
159.3,5.1,806.9,165.8,1.6,288.1,1046.6,60.02,211.5,4.9,1.5,1379.6,38.7,1.0,0.5,0,504.9851094134404,75.80543272267846,0.15011419408134505,32.812,33.812,2025-10-28 08:27:28
159.5,5.2,813.6,160.2,1.8,292.1,1055.2,60,211.8,5,1.5,1379.6,38.7,1.0,0.5,0,504.9851094134404,75.80543272267846,0.15011419408134505,32.75,33.75,2025-10-28 08:27:43
157.4,5.3,819.5,163.9,1.7,297.7,1069.3,59.98,211.6,5,1.5,1379.6,38.7,1.0,0.5,0,504.9851094134404,75.80543272267846,0.15011419408134505,32.812,33.75,2025-10-28 08:27:58
161.5,5.3,820.1,161.9,1.8,298.9,1068.2,59.97,211.7,5,1.5,1379.6,38.7,1.0,0.5,0,504.9851094134404,75.80543272267846,0.15011419408134505,32.875,33.875,2025-10-28 08:28:13
158.3,5.2,816.8,164.7,1.6,293.4,1059.2,59.98,211.8,4.8,1.5,1379.6,38.7,1.0,0.5,0,504.9851094134404,75.80543272267846,0.15011419408134505,32.875,33.937,2025-10-28 08:28:28
162.1,5.2,811.5,163.2,1.8,291.1,1048.2,60.04,211.8,5,1.5,1379.6,38.8,1.0,0.5,0,504.9851094134404,75.80543272267846,0.15011419408134505,32.875,33.937,2025-10-28 08:28:43
156.4,5.3,819.8,163.3,1.8,292.5,1062.6,59.98,211.5,5.1,1.5,1379.6,38.8,1.0,0.5,0,504.9851094134404,75.80543272267846,0.15011419408134505,32.812,33.937,2025-10-28 08:28:58
162.1,5.2,803.6,163,1.7,283.8,1039.6,60.02,211.6,4.9,1.5,1379.6,38.8,1.0,0.5,0,504.9851094134404,75.80543272267846,0.15011419408134505,32.937,34.0,2025-10-28 08:29:13
156.7,5.1,797.9,163.4,1.7,282.4,1030.8,60,211.4,4.9,1.5,1379.6,38.8,1.0,0.5,0,504.9851094134404,75.80543272267846,0.15011419408134505,32.875,34.062,2025-10-28 08:29:28
161.8,4.8,795.1,163.6,1.7,266.9,1015.4,59.99,211.4,4.8,1.5,1379.6,38.8,1.0,0.5,0,504.9851094134404,75.80543272267846,0.15011419408134505,32.937,34.062,2025-10-28 08:29:43
156.4,5,774.9,164,1.6,268.5,998.1,60.02,211.4,4.7,1.5,1379.6,38.8,1.0,0.5,0,466.14010099702193,75.80543272267846,0.16262371025479047,33.0,34.125,2025-10-28 08:29:58
162,4.8,780.2,166.4,1.5,262.2,999.6,60.01,211.3,4.7,1.5,1379.6,38.9,1.0,0.5,0,466.14010099702193,75.80543272267846,0.16262371025479047,33.0,34.125,2025-10-28 08:30:13
157.8,5,784.1,163.4,1.6,271.1,999.0,59.98,211.3,4.6,1.5,1379.6,38.9,1.0,0.5,0,466.14010099702193,75.80543272267846,0.16262371025479047,33.0,34.187,2025-10-28 08:30:28
160.8,4.6,772.2,162.6,1.6,265.5,992.8,59.97,211.5,4.5,1.5,1379.6,38.9,1.0,0.5,0,466.14010099702193,75.80543272267846,0.16262371025479047,33.0,34.125,2025-10-28 08:30:43
157.2,4.9,767.7,164.6,1.6,251.1,975.1,59.96,211.5,4.6,1.5,1379.6,38.9,1.0,0.5,0,466.14010099702193,75.80543272267846,0.16262371025479047,32.937,34.062,2025-10-28 08:30:58
159.3,4.6,755.9,163.1,1.6,263.0,975.7,59.99,211.5,4.5,1.5,1379.6,38.9,1.0,0.5,0,466.14010099702193,75.80543272267846,0.16262371025479047,32.937,34.125,2025-10-28 08:31:13
159.3,4.8,751.3,166.3,1.6,241.8,951.6,59.99,211.4,4.4,1.5,1379.6,38.9,1.0,0.5,0,466.14010099702193,75.80543272267846,0.16262371025479047,33.0,34.125,2025-10-28 08:31:28
159.8,4.6,747.2,160.7,1.6,258.0,960.8,59.96,211.3,4.4,1.5,1379.6,39,1.0,0.5,0,466.14010099702193,75.80543272267846,0.16262371025479047,33.0,34.25,2025-10-28 08:31:43
158.6,4.7,734.2,166,1.5,232.6,928.3,59.99,211.3,4.4,1.5,1379.6,39,1.0,0.5,0,466.14010099702193,75.80543272267846,0.16262371025479047,32.937,34.25,2025-10-28 08:31:58
159.3,4.4,720.6,160.5,1.5,252.9,929.0,59.99,211.1,4.3,1.5,1379.6,39.1,1.0,0.5,0,427.2950925806034,75.80543272267846,0.17740768391431688,32.875,34.312,2025-10-28 08:32:13
159.3,4.4,703.4,166.1,1.4,236.1,901.7,60,211.2,4.2,1.6,1379.7,39.1,1.0,0.5,0,427.2950925806034,37.90271636133923,0.08870384195715844,32.937,34.312,2025-10-28 08:32:28
159.4,4.5,706.7,163.4,1.5,251.7,917.7,60.01,211.4,4.2,1.6,1379.7,39.1,1.0,0.5,0,427.2950925806034,37.90271636133923,0.08870384195715844,32.875,34.375,2025-10-28 08:32:43
159.4,4.5,707.6,162.2,1.5,251.3,917.5,59.97,211.6,4.2,1.6,1379.7,39.1,1.0,0.5,0,427.2950925806034,37.90271636133923,0.08870384195715844,32.875,34.187,2025-10-28 08:32:58
159.3,4.3,683.5,165.1,1.5,218.4,866.7,60.04,211.5,4.2,1.6,1379.7,39.1,1.0,0.5,0,427.2950925806034,75.80543272267846,0.17740768391431688,32.875,34.125,2025-10-28 08:33:13
159.4,4.2,672.3,161.1,1.5,244.0,877.2,60.01,211.5,4.2,1.6,1379.7,39.1,1.0,0.5,0,427.2950925806034,37.90271636133923,0.08870384195715844,32.875,34.062,2025-10-28 08:33:28
156.4,4.6,710.5,160.5,1.6,252.8,921.4,60.02,211.1,4.3,1.6,1379.7,39.1,1.0,0.5,0,466.14010099702193,75.80543272267846,0.16262371025479047,32.75,33.937,2025-10-28 08:33:43
157.9,5,778.9,161.9,1.6,269.5,1000.6,60.01,211.2,4.7,1.6,1379.7,39.1,1.0,0.5,0,466.14010099702193,75.80543272267846,0.16262371025479047,32.75,33.812,2025-10-28 08:33:58
158.7,4.8,756.9,164.4,1.6,261.2,974.9,60.01,211.1,4.4,1.6,1379.7,39.1,1.0,0.5,0,466.14010099702193,75.80543272267846,0.16262371025479047,32.812,33.812,2025-10-28 08:34:13
160.2,4.7,762.6,160.8,1.6,266.4,985.3,60.01,211.3,4.5,1.6,1379.7,39.1,1.0,0.5,0,466.14010099702193,75.80543272267846,0.16262371025479047,32.75,33.875,2025-10-28 08:34:28
159.3,4.9,777.8,158.6,1.6,267.3,997.2,59.96,211.4,4.6,1.6,1379.7,39.2,1.1,0.5,0,504.9851094134404,75.80543272267846,0.15011419408134505,32.75,33.875,2025-10-28 08:34:43
159.4,5,794.8,161.9,1.6,272.4,1020.3,59.97,211.4,4.7,1.6,1379.7,39.2,1.1,0.5,0,504.9851094134404,75.80543272267846,0.15011419408134505,32.812,33.937,2025-10-28 08:34:58
159.3,5.1,811.6,162,1.7,277.8,1041.5,59.99,211.6,4.7,1.6,1379.7,39.2,1.1,0.6,0,504.9851094134404,75.80543272267846,0.15011419408134505,32.687,33.937,2025-10-28 08:35:13
159.4,5.3,841.2,164.9,1.7,286.0,1075.4,59.97,211.3,5.1,1.6,1379.7,39.2,1.1,0.6,0,504.9851094134404,75.80543272267846,0.15011419408134505,32.687,33.937,2025-10-28 08:35:28
159.2,5.1,822.2,164.9,1.7,282.0,1054.7,59.99,211.3,4.8,1.6,1379.7,39.2,1.1,0.6,0,504.9851094134404,75.80543272267846,0.15011419408134505,32.625,33.937,2025-10-28 08:35:43
159.2,4.6,732.7,161.9,1.6,263.1,954.0,59.96,211.6,4.4,1.6,1379.7,39.1,1.1,0.6,0,466.14010099702193,75.80543272267846,0.16262371025479047,32.625,33.875,2025-10-28 08:35:58
159.7,4.4,689.7,161.8,1.5,252.8,903.1,59.99,211.5,4.2,1.6,1379.7,39.1,1.1,0.6,0,427.2950925806034,37.90271636133923,0.08870384195715844,32.625,33.875,2025-10-28 08:36:13
156.7,4.2,660.6,161.8,1.5,246.2,872.8,59.97,211.2,4.1,1.6,1379.7,39.1,1.1,0.6,0,427.2950925806034,37.90271636133923,0.08870384195715844,32.625,33.875,2025-10-28 08:36:28
161.7,3.9,613.3,161.8,1.4,234.8,815.6,59.98,211.3,3.9,1.6,1379.7,39.1,1.1,0.6,0,388.4500841641849,37.90271636133923,0.0975742261528743,32.625,33.875,2025-10-28 08:36:43
157.9,3.3,528.0,160.1,1.2,210.3,711.8,59.97,211,3.3,1.6,1379.7,39.1,1.1,0.6,0,310.76006733134795,37.90271636133923,0.12196778269109285,32.625,34.0,2025-10-28 08:36:58
159.5,2.7,429.2,158.8,1.1,176.8,586.2,60.01,210.9,2.7,1.6,1379.7,39.1,1.1,0.6,0,271.91505891492943,37.90271636133923,0.13939175164696327,32.687,34.0,2025-10-28 08:37:13
159.3,2.3,388.1,161.9,1,159.0,534.6,59.99,210.6,2.4,1.6,1379.7,39,1.1,0.6,0,233.07005049851097,37.90271636133923,0.16262371025479047,32.625,34.0,2025-10-28 08:37:28
159.5,2.4,378.9,159.1,1,163.5,529.7,59.99,210.5,2.5,1.6,1379.7,39,1.1,0.6,0,233.07005049851097,37.90271636133923,0.16262371025479047,32.562,33.812,2025-10-28 08:37:43
159.3,2.3,385.7,156.3,1,162.7,535.8,60.01,210.5,2.4,1.6,1379.7,38.9,1.1,0.6,0,233.07005049851097,37.90271636133923,0.16262371025479047,32.5,33.687,2025-10-28 08:37:58
159.4,2.5,398.9,158.9,1,168.8,552.5,59.98,210.5,2.5,1.6,1379.7,38.9,1.1,0.6,0,233.07005049851097,37.90271636133923,0.16262371025479047,32.437,33.562,2025-10-28 08:38:13
159.5,2.6,413.7,161.9,1,170.4,568.9,60,210.6,2.7,1.6,1379.7,38.8,1.1,0.6,0,271.91505891492943,37.90271636133923,0.13939175164696327,32.5,33.5,2025-10-28 08:38:28
159.4,2.7,429.7,159,1.1,177.2,591.3,60.01,210.7,2.8,1.6,1379.7,38.8,1.1,0.6,0,271.91505891492943,37.90271636133923,0.13939175164696327,32.375,33.375,2025-10-28 08:38:43
159.5,2.7,426.3,162.3,0.8,160.1,574.7,60.03,210.6,2.6,1.6,1379.7,38.8,1.1,0.6,0,271.91505891492943,37.90271636133923,0.13939175164696327,32.312,33.25,2025-10-28 08:38:58
159.3,2.7,435.1,158.9,1.1,179.6,598.7,59.98,210.7,2.8,1.6,1379.7,38.7,1.1,0.6,0,271.91505891492943,37.90271636133923,0.13939175164696327,32.312,33.187,2025-10-28 08:39:13
159.4,2.8,438.1,163.6,1.1,152.4,576.8,60,210.7,2.8,1.6,1379.7,38.7,1.1,0.6,0,271.91505891492943,37.90271636133923,0.13939175164696327,34.625,33.125,2025-10-28 08:39:28
162.3,2.9,452.8,159.6,1.1,187.0,624.9,60.02,210.7,2.9,1.6,1379.7,38.7,1.1,0.6,0,271.91505891492943,37.90271636133923,0.13939175164696327,32.25,33.062,2025-10-28 08:39:43
165,2.8,425.0,159,1.1,188.4,598.3,59.99,210.6,3,1.7,1379.8,38.7,1.1,0.6,0,271.91505891492943,37.90271636133923,0.13939175164696327,32.25,33.0,2025-10-28 08:39:58
159.4,3.2,500.6,161.8,1,199.6,678.7,60.04,210.8,3.1,1.7,1379.8,38.6,1.1,0.6,0,310.76006733134795,37.90271636133923,0.12196778269109285,32.187,32.937,2025-10-28 08:40:13
160.7,3.3,528.0,162.1,1.2,203.9,706.7,60.04,210.8,3.4,1.7,1379.8,38.5,1.1,0.6,0,310.76006733134795,37.90271636133923,0.12196778269109285,32.187,32.875,2025-10-28 08:40:28
158,3.4,534.9,159,1.3,206.7,711.7,60.04,210.6,3.4,1.7,1379.8,38.5,1.1,0.6,0,349.6050757477664,37.90271636133923,0.10841580683652699,32.187,32.875,2025-10-28 08:40:43
163.6,3.2,537.7,164.8,1.1,205.8,720.5,59.99,210.6,3.4,1.7,1379.8,38.5,1.1,0.6,0,349.6050757477664,37.90271636133923,0.10841580683652699,32.187,32.937,2025-10-28 08:40:58
161,3.8,595.9,161.8,1.4,223.5,788.4,59.98,210.6,3.7,1.7,1379.8,38.5,1.1,0.6,0,388.4500841641849,37.90271636133923,0.0975742261528743,32.25,32.875,2025-10-28 08:41:13
159.3,4.1,640.6,158.9,1.4,233.0,839.6,59.98,210.8,3.9,1.7,1379.8,38.5,1.1,0.6,0,388.4500841641849,37.90271636133923,0.0975742261528743,32.125,32.812,2025-10-28 08:41:28
159.9,4.2,664.8,161.9,1.5,243.9,870.0,59.98,210.8,4.2,1.7,1379.8,38.5,1.1,0.6,0,427.2950925806034,37.90271636133923,0.08870384195715844,32.125,32.812,2025-10-28 08:41:43
161.9,4.3,679.8,164.2,1.5,245.9,887.4,60,211.1,4.2,1.7,1379.8,38.5,1.1,0.6,0,427.2950925806034,37.90271636133923,0.08870384195715844,32.125,32.812,2025-10-28 08:41:58
164,4.6,748.8,163.2,1.6,265.8,973.1,60.01,211.1,4.6,1.7,1379.8,38.5,1.1,0.6,0,466.14010099702193,75.80543272267846,0.16262371025479047,32.125,32.75,2025-10-28 08:42:13
160.8,5.2,818.1,161.9,1.7,281.8,1051.4,60,211.5,4.9,1.7,1379.8,38.6,1.1,0.6,0,504.9851094134404,75.80543272267846,0.15011419408134505,32.125,32.812,2025-10-28 08:42:28
161.1,5.2,850.2,166.3,1.8,282.3,1082.5,59.99,211.4,5.1,1.7,1379.8,38.6,1.1,0.6,0,543.8301178298589,75.80543272267846,0.13939175164696327,32.125,32.875,2025-10-28 08:42:43
160,5.5,866.8,161.3,1.8,293.7,1106.0,60.02,211.5,5.2,1.7,1379.8,38.7,1.1,0.6,0,543.8301178298589,75.80543272267846,0.13939175164696327,32.187,33.062,2025-10-28 08:42:58
160.8,5.5,888.3,166.5,1.8,295.9,1132.8,60.03,211.5,5.3,1.7,1379.8,38.7,1.1,0.6,0,582.6751262462774,75.80543272267846,0.13009896820383238,32.25,33.062,2025-10-28 08:43:13
160.8,5.9,940.1,163.4,1.9,312.3,1194.6,59.98,211.8,5.6,1.7,1379.8,38.7,1.1,0.6,0,582.6751262462774,75.80543272267846,0.13009896820383238,32.25,33.25,2025-10-28 08:43:28
160.8,6,951.2,163.5,1.9,317.0,1207.3,60,211.8,5.6,1.7,1379.8,38.8,1.1,0.6,0,582.6751262462774,75.80543272267846,0.13009896820383238,32.312,33.437,2025-10-28 08:43:43
160.8,6.1,970.6,163.6,1.9,319.7,1229.3,60.04,211.8,5.7,1.7,1379.8,38.9,1.1,0.6,0,621.5201346626959,75.80543272267846,0.12196778269109285,32.437,33.562,2025-10-28 08:43:58
160.8,6.2,989.6,162.7,2,323.6,1247.8,60.01,211.9,5.9,1.7,1379.8,39,1.2,0.6,0,621.5201346626959,75.80543272267846,0.12196778269109285,32.437,33.625,2025-10-28 08:44:13
160.9,6.2,995.6,164,2,324.7,1254.3,59.99,212,5.9,1.7,1379.8,39.1,1.2,0.6,0,621.5201346626959,75.80543272267846,0.12196778269109285,32.5,33.687,2025-10-28 08:44:28
160.8,6.3,998.9,163.1,2,326.6,1259.2,59.98,211.8,5.9,1.7,1379.8,39,1.2,0.6,0,621.5201346626959,75.80543272267846,0.12196778269109285,32.5,33.75,2025-10-28 08:44:43
160.8,6.3,993.8,166.3,2,319.8,1257.6,60.01,211.8,5.9,1.7,1379.8,39,1.2,0.6,0,621.5201346626959,75.80543272267846,0.12196778269109285,32.5,33.687,2025-10-28 08:44:58
160.8,6.2,997.5,161.5,2,322.4,1254.0,59.99,211.9,5.9,1.7,1379.8,39,1.2,0.6,0,621.5201346626959,75.80543272267846,0.12196778269109285,32.562,33.75,2025-10-28 08:45:13
160.9,6.1,976.6,165.4,1.9,314.4,1228.5,60,211.9,5.8,1.7,1379.8,39,1.2,0.6,0,621.5201346626959,75.80543272267846,0.12196778269109285,32.812,33.75,2025-10-28 08:45:28
161,6.2,979.6,160.4,2,319.5,1241.7,60.03,212,5.8,1.7,1379.8,39.1,1.2,0.6,0,621.5201346626959,75.80543272267846,0.12196778269109285,32.687,33.75,2025-10-28 08:45:43
161.4,6.2,958.3,166.4,2,316.6,1213.9,60.01,211.9,5.8,1.8,1379.9,39.1,1.2,0.6,0,621.5201346626959,75.80543272267846,0.12196778269109285,32.75,33.687,2025-10-28 08:45:58
160.9,6.2,987.1,160.5,2,322.0,1244.9,59.98,212,5.9,1.8,1379.9,39.1,1.2,0.6,0,621.5201346626959,75.80543272267846,0.12196778269109285,32.812,33.875,2025-10-28 08:46:13
162.9,6.2,971.3,166.3,1.9,316.1,1224.5,60.02,211.7,5.9,1.8,1379.9,39,1.2,0.6,0,621.5201346626959,75.80543272267846,0.12196778269109285,32.812,33.875,2025-10-28 08:46:28
160.3,6.2,984.1,160.8,2,324.2,1243.7,60.01,211.6,5.9,1.8,1379.9,39.1,1.2,0.6,0,621.5201346626959,75.80543272267846,0.12196778269109285,31.562,33.875,2025-10-28 08:46:43
162.3,6.2,944.1,166.1,1.9,323.3,1206.2,59.99,211.7,5.9,1.8,1379.9,39.1,1.2,0.6,0,621.5201346626959,75.80543272267846,0.12196778269109285,33.062,34.125,2025-10-28 08:46:58
160.7,6.2,987.2,160.3,2,323.6,1246.4,59.98,212,5.8,1.8,1379.9,39.3,1.2,0.6,0,621.5201346626959,75.80543272267846,0.12196778269109285,33.125,34.312,2025-10-28 08:47:13
155.6,6.3,971.3,163.8,1.9,318.6,1237.7,60.03,211.9,5.8,1.8,1379.9,39.4,1.2,0.6,0,621.5201346626959,75.80543272267846,0.12196778269109285,33.062,34.5,2025-10-28 08:47:28
159,6.2,993.2,162,2,328.8,1256.3,60.03,211.7,5.9,1.8,1379.9,39.5,1.2,0.6,0,660.3651430791144,75.80543272267846,0.11479320723867562,33.187,34.5,2025-10-28 08:47:43
156,6.3,989.4,164.8,1.8,328.1,1252.1,60.02,211.7,5.7,1.8,1379.9,39.6,1.2,0.6,0,660.3651430791144,75.80543272267846,0.11479320723867562,33.187,34.875,2025-10-28 08:47:58
157.9,6.2,990.1,161.4,2,327.6,1250.9,60.01,211.7,5.8,1.8,1379.9,39.7,1.2,0.6,0,660.3651430791144,75.80543272267846,0.11479320723867562,33.312,35.0,2025-10-28 08:48:13
157.9,6.3,981.5,163.4,1.8,325.6,1242.9,60.01,211.7,5.6,1.8,1379.9,39.7,1.2,0.6,0,621.5201346626959,75.80543272267846,0.12196778269109285,33.687,35.0,2025-10-28 08:48:28
158,6.1,984.8,163.3,2,326.3,1245.1,60.01,211.5,5.7,1.8,1379.9,39.7,1.2,0.6,0,621.5201346626959,75.80543272267846,0.12196778269109285,33.25,35.125,2025-10-28 08:48:43
157.5,6.3,983.8,163.7,1.8,325.4,1243.9,59.98,212.1,5.6,1.8,1379.9,39.8,1.2,0.6,0,621.5201346626959,75.80543272267846,0.12196778269109285,33.312,35.187,2025-10-28 08:48:58
157.9,6.3,979.8,163.3,2,324.0,1238.4,59.97,211.7,5.8,1.8,1379.9,39.8,1.2,0.6,0,621.5201346626959,75.80543272267846,0.12196778269109285,33.375,35.312,2025-10-28 08:49:13
157.9,6.2,973.1,163.4,1.8,322.1,1230.9,59.98,212.1,5.6,1.8,1379.9,39.9,1.2,0.6,0,621.5201346626959,75.80543272267846,0.12196778269109285,33.375,35.375,2025-10-28 08:49:28
157.9,6.2,964.2,163.4,1.9,318.7,1220.1,60.03,211.9,5.7,1.8,1379.9,39.9,1.2,0.6,0,621.5201346626959,75.80543272267846,0.12196778269109285,33.437,35.375,2025-10-28 08:49:43
157.9,6.1,958.2,163.4,1.9,318.0,1213.0,60,211.8,5.7,1.8,1379.9,40,1.2,0.6,0,621.5201346626959,75.80543272267846,0.12196778269109285,33.437,35.312,2025-10-28 08:49:58
157.8,6,946.4,163.5,1.9,314.1,1199.3,60.03,211.8,5.6,1.8,1379.9,40,1.3,0.6,0,621.5201346626959,75.80543272267846,0.12196778269109285,33.5,35.375,2025-10-28 08:50:13
157.9,6,946.1,163.3,1.9,313.2,1198.0,60.01,211.8,5.6,1.8,1379.9,40.1,1.3,0.6,0,621.5201346626959,75.80543272267846,0.12196778269109285,33.5,35.312,2025-10-28 08:50:28
157.9,6.1,952.0,163.4,1.9,314.5,1205.1,60.01,211.8,5.7,1.9,1380.0,40.1,1.3,0.6,0,621.5201346626959,75.80543272267846,0.12196778269109285,33.562,35.25,2025-10-28 08:50:43
157.9,6.1,958.3,163.5,1.9,314.6,1210.4,60.02,211.9,5.7,1.9,1380.0,40.2,1.3,0.6,0,621.5201346626959,75.80543272267846,0.12196778269109285,33.562,35.125,2025-10-28 08:50:58
157.9,6.1,954.1,163.4,1.9,313.3,1205.5,60.01,211.9,5.6,1.9,1380.0,40.2,1.3,0.6,0,621.5201346626959,75.80543272267846,0.12196778269109285,33.437,35.062,2025-10-28 08:51:13
157.9,6.1,948.6,163.5,1.9,312.3,1199.8,59.98,212,5.6,1.9,1380.0,40.2,1.3,0.6,0,621.5201346626959,75.80543272267846,0.12196778269109285,33.375,34.812,2025-10-28 08:51:28
158.1,6.1,949.9,163.7,1.9,298.5,1209.7,59.98,211.9,5.7,1.9,1380.0,40.1,1.3,0.6,0,621.5201346626959,75.80543272267846,0.12196778269109285,33.25,34.75,2025-10-28 08:51:43
158.2,6.1,942.4,163.5,1.9,312.4,1192.6,59.98,211.8,5.6,1.9,1380.0,40.1,1.3,0.6,0,621.5201346626959,75.80543272267846,0.12196778269109285,33.375,34.687,2025-10-28 08:51:58
158,6.1,950.5,163.5,1.9,304.5,1192.5,59.97,211.9,5.7,1.9,1380.0,40.2,1.3,0.6,0,621.5201346626959,75.80543272267846,0.12196778269109285,33.25,34.625,2025-10-28 08:52:13
160.1,6.1,937.0,163.3,1.9,313.6,1204.7,60.01,211.9,5.7,1.9,1380.0,40.1,1.3,0.6,0,621.5201346626959,75.80543272267846,0.12196778269109285,33.187,34.5,2025-10-28 08:52:28
157.1,6.1,949.6,164.8,1.9,295.0,1183.9,60.01,211.7,5.7,1.9,1380.0,40,1.3,0.6,0,621.5201346626959,75.80543272267846,0.12196778269109285,33.125,34.312,2025-10-28 08:52:43
159.2,6.1,935.4,162.9,1.9,309.2,1187.3,60.04,211.7,5.6,1.9,1380.0,40,1.3,0.6,0,621.5201346626959,75.80543272267846,0.12196778269109285,33.0,34.312,2025-10-28 08:52:58
157.8,6.1,947.3,164,1.9,298.2,1184.4,60,211.6,5.6,1.9,1380.0,40,1.3,0.6,0,621.5201346626959,75.80543272267846,0.12196778269109285,32.937,34.187,2025-10-28 08:53:13
160.6,6,920.4,160.8,1.9,304.1,1175.6,60,211.5,5.6,1.9,1380.0,40,1.3,0.6,0,621.5201346626959,75.80543272267846,0.12196778269109285,33.0,34.25,2025-10-28 08:53:28
155.5,6,919.0,166.3,1.9,281.8,1142.6,60.03,211.5,5.6,1.9,1380.0,40.1,1.3,0.6,0,621.5201346626959,75.80543272267846,0.12196778269109285,33.125,34.437,2025-10-28 08:53:43
160.2,6,907.1,161.6,1.9,301.3,1153.0,60.01,212.1,5.5,1.9,1380.0,40.1,1.3,0.6,0,621.5201346626959,75.80543272267846,0.12196778269109285,33.125,34.562,2025-10-28 08:53:58
154.9,6,923.1,166,1.8,278.2,1142.7,60.03,212.1,5.5,1.9,1380.0,40.2,1.3,0.6,0,621.5201346626959,75.80543272267846,0.12196778269109285,33.187,34.5,2025-10-28 08:54:13
160.5,5.8,918.0,160.4,1.8,299.7,1161.8,60.03,211.9,5.5,1.9,1380.0,40.3,1.3,0.6,0,621.5201346626959,75.80543272267846,0.12196778269109285,33.062,34.312,2025-10-28 08:54:28
155.1,6,917.8,166.2,1.7,287.9,1142.0,59.97,211.8,5.5,1.9,1380.0,40.2,1.3,0.6,0,621.5201346626959,75.80543272267846,0.12196778269109285,33.125,34.312,2025-10-28 08:54:43
159.2,5.7,916.6,160.6,1.8,300.2,1160.9,60.04,212,5.5,1.9,1380.0,40.2,1.3,0.6,0,621.5201346626959,75.80543272267846,0.12196778269109285,33.125,34.375,2025-10-28 08:54:58
155.3,6,927.6,165.3,1.6,300.1,1170.7,60.02,211.9,5.4,1.9,1380.0,40.2,1.3,0.6,0,621.5201346626959,75.80543272267846,0.12196778269109285,33.187,34.375,2025-10-28 08:55:13
160.1,5.7,929.2,160.7,1.9,304.0,1175.9,60.04,212,5.5,1.9,1380.0,40.2,1.3,0.6,0,621.5201346626959,75.80543272267846,0.12196778269109285,33.312,34.5,2025-10-28 08:55:28
154.6,6,924.3,165.9,1.6,295.9,1162.9,60.03,212,5.4,2.0,1380.1,40.2,1.3,0.6,0,621.5201346626959,75.80543272267846,0.12196778269109285,33.312,34.562,2025-10-28 08:55:43
158.4,5.7,936.3,162.4,1.9,306.3,1168.7,60.01,211.9,5.4,2.0,1380.1,40.2,1.3,0.6,0,621.5201346626959,75.80543272267846,0.12196778269109285,33.375,34.687,2025-10-28 08:55:58
156.6,6,937.9,164.2,1.6,306.1,1185.2,60,211.9,5.3,2.0,1380.1,40.3,1.3,0.6,0,621.5201346626959,75.80543272267846,0.12196778269109285,33.562,34.875,2025-10-28 08:56:13
158.9,5.8,948.2,161.6,1.9,308.3,1197.2,59.96,211.9,5.4,2.0,1380.1,40.3,1.3,0.6,0,621.5201346626959,75.80543272267846,0.12196778269109285,33.5,34.875,2025-10-28 08:56:28
157.7,6.1,950.9,164.9,1.7,306.6,1190.5,59.98,211.7,5.4,2.0,1380.1,40.3,1.4,0.7,0,621.5201346626959,75.80543272267846,0.12196778269109285,33.375,34.875,2025-10-28 08:56:43
157.8,5.8,946.7,163.4,1.9,307.2,1193.5,60.04,211.8,5.4,2.0,1380.1,40.4,1.4,0.7,0,621.5201346626959,75.80543272267846,0.12196778269109285,33.437,35.0,2025-10-28 08:56:58
157.7,6.1,949.2,163.5,1.7,306.7,1195.9,60.01,211.9,5.4,2.0,1380.1,40.4,1.4,0.7,0,621.5201346626959,75.80543272267846,0.12196778269109285,33.5,35.062,2025-10-28 08:57:13
158,5.9,950.7,163.4,1.9,307.8,1199.2,60.04,211.7,5.5,2.0,1380.1,40.4,1.4,0.7,0,621.5201346626959,75.80543272267846,0.12196778269109285,33.5,35.125,2025-10-28 08:57:28
157.8,6.1,952.3,163.4,1.7,309.1,1201.4,60.02,211.9,5.4,2.0,1380.1,40.4,1.4,0.7,0,621.5201346626959,75.80543272267846,0.12196778269109285,33.625,35.25,2025-10-28 08:57:43
157.9,6.1,958.1,163.4,1.9,309.1,1206.0,60,212,5.6,2.0,1380.1,40.5,1.4,0.7,0,621.5201346626959,75.80543272267846,0.12196778269109285,33.437,35.312,2025-10-28 08:57:58
157.9,6.2,968.3,163.4,1.9,311.2,1218.4,60.04,212,5.6,2.0,1380.1,40.5,1.4,0.7,0,621.5201346626959,75.80543272267846,0.12196778269109285,33.375,35.187,2025-10-28 08:58:13
157.9,6.2,975.8,163.3,1.9,312.7,1226.4,59.99,211.9,5.7,2.0,1380.1,40.4,1.4,0.7,0,621.5201346626959,75.80543272267846,0.12196778269109285,33.312,35.125,2025-10-28 08:58:28
157.9,6.2,977.0,163.3,1.9,312.9,1227.7,59.99,212.2,5.8,2.0,1380.1,40.3,1.4,0.7,0,660.3651430791144,75.80543272267846,0.11479320723867562,33.375,35.062,2025-10-28 08:58:43
158,6.2,976.7,163.4,1.9,312.5,1226.6,60.01,212.1,5.8,2.0,1380.1,40.2,1.4,0.7,0,660.3651430791144,75.80543272267846,0.11479320723867562,33.312,35.0,2025-10-28 08:58:58
158.1,6.2,977.3,163.4,1.9,312.2,1228.1,60.03,212,5.7,2.0,1380.1,40.2,1.4,0.7,0,660.3651430791144,75.80543272267846,0.11479320723867562,33.562,35.0,2025-10-28 08:59:13
157.9,6.3,977.5,163.4,1.9,311.3,1227.3,59.99,212,5.8,2.0,1380.1,40.1,1.4,0.7,0,660.3651430791144,113.70814908401769,0.17218981085801344,33.5,35.0,2025-10-28 08:59:28
157.9,6.3,978.7,163.4,1.9,312.9,1229.5,59.98,212.1,5.8,2.0,1380.1,40.2,1.4,0.7,0,660.3651430791144,75.80543272267846,0.11479320723867562,30.0,34.875,2025-10-28 08:59:43
157.8,6.3,983.7,163.5,1.9,313.7,1235.4,60.04,212,5.8,2.0,1380.1,40.2,1.4,0.7,0,660.3651430791144,75.80543272267846,0.11479320723867562,33.375,34.75,2025-10-28 08:59:58
158.8,6.3,962.8,163.5,1.9,311.1,1237.8,60,211.8,5.8,2.0,1380.1,40.3,1.4,0.7,0,660.3651430791144,75.80543272267846,0.11479320723867562,33.437,34.812,2025-10-28 09:00:13
157.9,6.3,984.0,163.4,1.9,301.2,1221.9,60.04,211.9,5.9,2.0,1380.1,40.3,1.4,0.7,0,660.3651430791144,75.80543272267846,0.11479320723867562,33.437,34.875,2025-10-28 09:00:28
158.3,6.3,973.7,163.5,1.9,311.5,1222.1,59.99,211.8,5.8,2.1,1380.2,40.4,1.4,0.7,0,660.3651430791144,75.80543272267846,0.11479320723867562,33.312,34.812,2025-10-28 09:00:43
156.8,6.4,981.2,163.4,1.9,309.0,1237.1,60.02,212,5.9,2.1,1380.2,40.4,1.4,0.7,0,660.3651430791144,113.70814908401769,0.17218981085801344,33.375,34.937,2025-10-28 09:00:58
159.8,6.4,953.4,162.8,1.9,310.6,1211.1,60.05,211.9,5.8,2.1,1380.2,40.4,1.4,0.7,0,660.3651430791144,113.70814908401769,0.17218981085801344,33.437,35.062,2025-10-28 09:01:13
157.4,6.4,989.5,164.5,1.9,290.6,1218.5,60.03,212,5.9,2.1,1380.2,40.5,1.4,0.7,0,660.3651430791144,113.70814908401769,0.17218981085801344,33.437,35.0,2025-10-28 09:01:28
160.4,6.4,970.5,163.5,1.9,312.2,1219.2,60.03,211.6,5.9,2.1,1380.2,40.5,1.4,0.7,0,660.3651430791144,75.80543272267846,0.11479320723867562,33.5,35.125,2025-10-28 09:01:43
154.9,6.4,986.3,166.2,1.9,287.5,1213.0,60.04,211.7,5.8,2.1,1380.2,40.5,1.4,0.7,0,660.3651430791144,75.80543272267846,0.11479320723867562,33.562,35.187,2025-10-28 09:01:58
157.2,6.3,999.3,161.4,1.9,311.6,1245.9,60.03,211.6,5.8,2.1,1380.2,40.6,1.4,0.7,0,660.3651430791144,75.80543272267846,0.11479320723867562,33.625,35.375,2025-10-28 09:02:13
154.8,6.4,996.7,165.6,1.9,283.5,1219.0,60,211.3,5.8,2.1,1380.2,40.6,1.4,0.7,0,660.3651430791144,113.70814908401769,0.17218981085801344,33.625,35.312,2025-10-28 09:02:28
156.5,6.3,998.3,160.5,1.9,306.2,1239.8,59.98,211.5,5.8,2.1,1380.2,40.6,1.4,0.7,0,660.3651430791144,75.80543272267846,0.11479320723867562,33.5,35.125,2025-10-28 09:02:43
156.4,6.5,1003.5,166.2,1.9,296.1,1237.1,60,211.6,5.9,2.1,1380.2,40.6,1.5,0.7,0,660.3651430791144,113.70814908401769,0.17218981085801344,33.437,35.0,2025-10-28 09:02:58
156.4,6.5,1008.4,160.7,1.9,311.3,1254.6,60.02,211.6,5.9,2.1,1380.2,40.5,1.5,0.7,0,660.3651430791144,75.80543272267846,0.11479320723867562,33.437,34.937,2025-10-28 09:03:13
156.3,6.5,1006.6,166.3,1.9,292.4,1235.9,60.03,211.5,5.8,2.1,1380.2,40.5,1.5,0.7,0,660.3651430791144,113.70814908401769,0.17218981085801344,33.5,35.125,2025-10-28 09:03:28
156.4,6.5,999.6,160.6,1.9,312.0,1248.6,60.01,211.6,5.9,2.1,1380.2,40.5,1.5,0.7,0,660.3651430791144,113.70814908401769,0.17218981085801344,33.687,35.25,2025-10-28 09:03:43
156.4,6.5,1005.0,165.7,1.7,302.9,1246.2,60,211.5,5.7,2.1,1380.2,40.6,1.5,0.7,0,660.3651430791144,113.70814908401769,0.17218981085801344,33.687,35.25,2025-10-28 09:03:58
156.4,6.5,1009.1,160.2,1.9,312.2,1257.0,59.97,211.6,6,2.1,1380.2,40.6,1.5,0.7,0,660.3651430791144,113.70814908401769,0.17218981085801344,33.625,35.25,2025-10-28 09:04:13
156.5,6.5,1010.8,164,1.7,316.5,1247.9,59.98,211.7,5.8,2.1,1380.2,40.6,1.5,0.7,0,660.3651430791144,113.70814908401769,0.17218981085801344,33.75,35.312,2025-10-28 09:04:28
156.4,6.6,1017.6,161.9,1.9,317.5,1269.9,60.01,212,5.9,2.1,1380.2,40.6,1.5,0.7,0,699.2101514955328,113.70814908401769,0.16262371025479047,33.75,35.312,2025-10-28 09:04:43
156.3,6.5,1011.4,164.5,1.7,315.3,1262.6,60.03,211.8,5.8,2.1,1380.2,40.6,1.5,0.7,0,660.3651430791144,113.70814908401769,0.17218981085801344,33.75,35.375,2025-10-28 09:04:58
156.5,6.5,1005.6,161,1.9,315.2,1256.8,60,211.6,5.8,2.1,1380.2,40.6,1.5,0.7,0,660.3651430791144,113.70814908401769,0.17218981085801344,33.75,35.375,2025-10-28 09:05:13
156.3,6.5,1003.8,163.3,1.7,316.5,1260.4,59.98,211.9,5.8,2.1,1380.2,40.7,1.5,0.7,0,699.2101514955328,113.70814908401769,0.16262371025479047,33.75,35.437,2025-10-28 09:05:28
156.4,6.5,1012.7,163.2,1.9,317.7,1265.4,60.01,212,5.9,2.2,1380.3,40.7,1.5,0.7,0,699.2101514955328,75.80543272267846,0.10841580683652699,33.812,35.5,2025-10-28 09:05:43
157.8,6.5,1009.1,163.5,1.8,317.4,1263.5,60.01,212.1,5.8,2.2,1380.3,40.8,1.5,0.7,0,660.3651430791144,113.70814908401769,0.17218981085801344,33.75,35.562,2025-10-28 09:05:58
156.2,6.5,997.8,163.4,1.9,316.4,1248.7,60.02,212.1,5.9,2.2,1380.3,40.8,1.5,0.7,0,660.3651430791144,113.70814908401769,0.17218981085801344,33.75,35.562,2025-10-28 09:06:13
157,6.5,990.7,163.4,1.9,316.5,1243.9,60.01,212.1,5.8,2.2,1380.3,40.8,1.5,0.7,0,660.3651430791144,113.70814908401769,0.17218981085801344,33.812,35.687,2025-10-28 09:06:28
156.6,6.5,1009.9,163.4,1.9,318.2,1262.1,60.01,211.9,5.9,2.2,1380.3,40.9,1.5,0.7,0,699.2101514955328,113.70814908401769,0.16262371025479047,33.812,35.562,2025-10-28 09:06:43
158.8,6.6,993.3,163.4,1.9,319.8,1266.2,60,212,5.9,2.2,1380.3,40.8,1.5,0.7,0,699.2101514955328,113.70814908401769,0.16262371025479047,33.937,35.5,2025-10-28 09:06:58
155.2,6.6,997.9,163.4,1.9,316.7,1249.1,60.01,212.2,5.9,2.2,1380.3,40.8,1.5,0.7,0,699.2101514955328,113.70814908401769,0.16262371025479047,33.875,35.312,2025-10-28 09:07:13
158.1,6.6,999.0,163.4,1.9,318.9,1253.5,60.02,212,6,2.2,1380.3,40.7,1.5,0.7,0,699.2101514955328,113.70814908401769,0.16262371025479047,33.75,35.187,2025-10-28 09:07:28
153.3,6.6,1013.4,163.4,1.9,321.1,1267.1,60,212,6,2.2,1380.3,40.7,1.5,0.7,0,699.2101514955328,113.70814908401769,0.16262371025479047,33.625,35.187,2025-10-28 09:07:43
159.1,6.6,1010.2,163.3,1.9,319.4,1264.6,60.01,211.9,6,2.2,1380.3,40.6,1.5,0.7,0,699.2101514955328,113.70814908401769,0.16262371025479047,33.625,35.062,2025-10-28 09:07:58
153.5,6.6,1008.3,163.4,1.9,319.0,1266.4,60.01,212.2,6,2.2,1380.3,40.6,1.5,0.7,0,699.2101514955328,113.70814908401769,0.16262371025479047,33.625,35.0,2025-10-28 09:08:13
158.9,6.6,1012.6,163.4,2,323.4,1271.4,60.02,212.4,6,2.2,1380.3,40.6,1.5,0.7,0,699.2101514955328,113.70814908401769,0.16262371025479047,33.625,35.062,2025-10-28 09:08:28
153.5,6.6,1017.5,163.9,2,305.1,1272.0,60.02,212.2,6.1,2.2,1380.3,40.6,1.5,0.7,0,699.2101514955328,113.70814908401769,0.16262371025479047,33.625,35.062,2025-10-28 09:08:43
159,6.5,1021.5,163.7,2,323.9,1279.7,60.04,211.8,6.1,2.2,1380.3,40.7,1.6,0.7,0,699.2101514955328,113.70814908401769,0.16262371025479047,33.625,35.062,2025-10-28 09:08:58
153.6,6.7,1017.7,163.4,2,316.5,1266.5,60.02,212.1,6,2.2,1380.3,40.6,1.6,0.7,0,699.2101514955328,113.70814908401769,0.16262371025479047,33.437,34.937,2025-10-28 09:09:13
157.7,6.4,1035.1,163.4,2,325.9,1282.5,59.99,212.2,6.1,2.2,1380.3,40.6,1.6,0.7,0,699.2101514955328,113.70814908401769,0.16262371025479047,33.437,35.0,2025-10-28 09:09:28
154.1,6.7,1035.5,165.1,2,292.8,1263.7,59.98,212.1,6.1,2.2,1380.3,40.6,1.6,0.7,0,699.2101514955328,113.70814908401769,0.16262371025479047,33.437,35.0,2025-10-28 09:09:43
158.2,6.5,1040.0,162.9,2,325.3,1298.4,59.98,212.2,6,2.2,1380.3,40.6,1.6,0.7,0,699.2101514955328,113.70814908401769,0.16262371025479047,33.312,34.875,2025-10-28 09:09:58
156.5,6.7,1033.3,164.1,2,299.3,1268.6,60,212.1,6,2.3,1380.4,40.7,1.6,0.7,0,699.2101514955328,113.70814908401769,0.16262371025479047,33.375,34.875,2025-10-28 09:10:13
156.6,6.5,1040.8,162.8,2,328.0,1301.5,60.03,212.2,6,2.3,1380.4,40.7,1.6,0.7,0,699.2101514955328,113.70814908401769,0.16262371025479047,33.375,34.937,2025-10-28 09:10:28
155.6,6.7,1041.0,163.7,1.7,328.8,1302.6,60.01,211.9,5.9,2.3,1380.4,40.8,1.6,0.7,0,699.2101514955328,113.70814908401769,0.16262371025479047,33.5,34.937,2025-10-28 09:10:43
157.2,6.5,1042.2,161.9,2,328.7,1303.0,60.02,211.8,6,2.3,1380.4,40.8,1.6,0.7,0,699.2101514955328,113.70814908401769,0.16262371025479047,33.375,35.187,2025-10-28 09:10:58
156.4,6.7,1042.4,163.6,2,329.6,1299.4,60.02,212,6,2.3,1380.4,40.9,1.6,0.7,0,699.2101514955328,113.70814908401769,0.16262371025479047,33.375,35.187,2025-10-28 09:11:13
156.4,6.5,1040.4,166.1,1.9,304.4,1279.2,60.04,212,6,2.3,1380.4,40.9,1.6,0.7,0,699.2101514955328,113.70814908401769,0.16262371025479047,33.375,35.187,2025-10-28 09:11:28
156.4,6.7,1042.3,160.6,2,326.3,1300.3,59.99,211.8,6,2.3,1380.4,40.9,1.6,0.7,0,699.2101514955328,113.70814908401769,0.16262371025479047,33.5,35.187,2025-10-28 09:11:43
156.4,6.8,1048.9,163.4,2,328.9,1309.7,60.02,212.1,6.2,2.3,1380.4,40.9,1.6,0.7,0,699.2101514955328,113.70814908401769,0.16262371025479047,33.375,35.125,2025-10-28 09:11:58
156.4,6.7,1042.6,165.2,1.8,320.8,1297.1,60.01,211.9,5.9,2.3,1380.4,40.9,1.6,0.7,0,699.2101514955328,113.70814908401769,0.16262371025479047,33.437,35.062,2025-10-28 09:12:13
156.4,6.8,1055.4,163.4,2,332.1,1318.3,60,211.8,6.2,2.3,1380.4,41,1.6,0.7,0,699.2101514955328,113.70814908401769,0.16262371025479047,33.437,35.062,2025-10-28 09:12:28
156.4,6.8,1058.1,163.6,2,330.4,1318.1,60.01,211.8,6.2,2.3,1380.4,41,1.6,0.7,0,699.2101514955328,113.70814908401769,0.16262371025479047,33.312,35.0,2025-10-28 09:12:43
156.5,6.9,1060.6,166,2,297.1,1313.6,60.02,211.7,6.2,2.3,1380.4,41,1.6,0.7,0,738.0551599119514,113.70814908401769,0.1540645676098015,33.25,34.937,2025-10-28 09:12:58
156.4,6.9,1062.9,161.8,2,331.5,1324.6,60.01,211.8,6.2,2.3,1380.4,41,1.6,0.7,0,738.0551599119514,113.70814908401769,0.1540645676098015,33.312,34.875,2025-10-28 09:13:13
156.3,6.9,1065.0,164.5,1.8,332.3,1328.7,60.03,211.9,6.1,2.3,1380.4,41,1.6,0.7,0,738.0551599119514,113.70814908401769,0.1540645676098015,33.437,34.812,2025-10-28 09:13:28
156.5,6.9,1058.0,163.4,2,333.3,1329.9,60.04,211.9,6.3,2.3,1380.4,41,1.6,0.7,0,738.0551599119514,113.70814908401769,0.1540645676098015,33.5,34.812,2025-10-28 09:13:43
156.3,6.9,1063.2,160.5,2,332.3,1324.8,60.04,211.7,6.3,2.3,1380.4,41,1.6,0.7,0,738.0551599119514,113.70814908401769,0.1540645676098015,33.562,34.875,2025-10-28 09:13:58
156.3,6.9,1067.5,163.4,1.8,336.7,1334.4,60.02,211.9,6.1,2.3,1380.4,41.1,1.6,0.7,0,738.0551599119514,113.70814908401769,0.1540645676098015,33.562,35.062,2025-10-28 09:14:13
156.3,6.9,1068.0,163.4,2,331.3,1328.9,60.02,211.8,6.2,2.3,1380.4,41.1,1.6,0.7,0,738.0551599119514,113.70814908401769,0.1540645676098015,33.812,35.187,2025-10-28 09:14:28
157.4,6.9,1053.1,160.8,2.1,335.6,1319.7,60.02,211.8,6.3,2.3,1380.4,41.2,1.7,0.7,0,738.0551599119514,113.70814908401769,0.1540645676098015,33.687,35.187,2025-10-28 09:14:43
156.7,6.9,1064.6,163.7,2,334.3,1328.4,60.04,211.9,6.3,2.4,1380.5,41.2,1.7,0.7,0,738.0551599119514,113.70814908401769,0.1540645676098015,33.75,35.187,2025-10-28 09:14:58
156.7,6.9,1060.4,166.1,1.7,307.8,1302.6,60.03,211.7,6.1,2.4,1380.5,41.2,1.7,0.7,0,738.0551599119514,113.70814908401769,0.1540645676098015,33.687,35.0,2025-10-28 09:15:13
155,6.9,1051.7,161.9,2,333.9,1332.8,60.01,211.7,6.3,2.4,1380.5,41.2,1.7,0.7,0,738.0551599119514,113.70814908401769,0.1540645676098015,33.687,35.0,2025-10-28 09:15:28
158.5,6.9,1042.6,163.4,2,334.6,1308.6,60.03,211.7,6.3,2.4,1380.5,41.2,1.7,0.7,0,738.0551599119514,113.70814908401769,0.1540645676098015,33.687,35.0,2025-10-28 09:15:43
155.7,6.9,1053.4,163.4,2,335.6,1318.7,60.03,212.1,6.3,2.4,1380.5,41.2,1.7,0.8,0,738.0551599119514,113.70814908401769,0.1540645676098015,33.375,34.812,2025-10-28 09:15:58
159.1,6.9,1047.2,163.3,2,333.3,1313.5,60.02,212,6.2,2.4,1380.5,41.2,1.7,0.8,0,738.0551599119514,113.70814908401769,0.1540645676098015,33.562,34.625,2025-10-28 09:16:13
153.8,6.9,1043.8,160.8,2,333.8,1307.5,60.05,212.2,6.2,2.4,1380.5,41.1,1.7,0.8,0,738.0551599119514,113.70814908401769,0.1540645676098015,33.562,34.687,2025-10-28 09:16:28
159,6.9,1041.1,163.4,2,332.8,1306.9,60.05,212.2,6.2,2.4,1380.5,41.1,1.7,0.8,0,738.0551599119514,113.70814908401769,0.1540645676098015,33.687,34.687,2025-10-28 09:16:43
154.6,6.9,1045.4,160.4,2.1,335.7,1312.0,60.05,212.2,6.2,2.4,1380.5,41.2,1.7,0.8,0,738.0551599119514,113.70814908401769,0.1540645676098015,33.75,34.812,2025-10-28 09:16:58
158.8,6.7,1050.4,157.4,2.1,332.8,1298.6,60.04,212.2,6.2,2.4,1380.5,41.2,1.7,0.8,0,738.0551599119514,113.70814908401769,0.1540645676098015,33.812,34.812,2025-10-28 09:17:13
153.4,6.8,1043.6,160.5,2,335.7,1311.1,60.05,212.2,6.2,2.4,1380.5,41.2,1.7,0.8,0,738.0551599119514,113.70814908401769,0.1540645676098015,33.812,34.875,2025-10-28 09:17:28
159,6.6,1038.7,160.6,2.1,335.1,1305.9,60.05,212.1,6.2,2.4,1380.5,41.2,1.7,0.8,0,738.0551599119514,113.70814908401769,0.1540645676098015,34.0,35.0,2025-10-28 09:17:43
154.2,6.8,1053.7,159.8,2.1,336.5,1307.4,60.04,212.1,6.3,2.4,1380.5,41.2,1.7,0.8,0,738.0551599119514,113.70814908401769,0.1540645676098015,34.0,34.937,2025-10-28 09:17:58
158.3,6.5,1053.9,161,2.1,332.5,1319.7,60.05,211.9,6.1,2.4,1380.5,41.2,1.7,0.8,0,738.0551599119514,113.70814908401769,0.1540645676098015,33.875,34.937,2025-10-28 09:18:13
153.5,6.8,1043.6,160.3,2.1,332.3,1308.0,60.05,212.1,6.2,2.4,1380.5,41.2,1.7,0.8,0,738.0551599119514,113.70814908401769,0.1540645676098015,33.875,34.937,2025-10-28 09:18:28
156.4,6.5,1050.2,160.2,2.1,333.1,1316.1,60.04,212.1,6.1,2.4,1380.5,41.2,1.7,0.8,0,738.0551599119514,113.70814908401769,0.1540645676098015,33.812,34.875,2025-10-28 09:18:43
155.2,6.8,1057.9,158.6,2.1,332.1,1321.4,60.06,211.9,6.1,2.4,1380.5,41.1,1.7,0.8,0,738.0551599119514,113.70814908401769,0.1540645676098015,33.687,34.875,2025-10-28 09:18:58
157.4,6.6,1060.0,162.2,2.1,333.2,1324.9,60.03,212,6.2,2.4,1380.5,41.1,1.7,0.8,0,738.0551599119514,113.70814908401769,0.1540645676098015,33.812,34.875,2025-10-28 09:19:13
154.4,6.9,1060.4,159.5,2.1,335.2,1327.7,60.01,212,6.2,2.5,1380.6,41.1,1.7,0.8,0,738.0551599119514,113.70814908401769,0.1540645676098015,33.875,35.0,2025-10-28 09:19:28
156.3,6.6,1064.3,163.5,2.1,335.3,1327.9,60.04,211.9,6.1,2.5,1380.6,41.1,1.7,0.8,0,738.0551599119514,113.70814908401769,0.1540645676098015,33.937,35.125,2025-10-28 09:19:43
156.4,6.9,1064.5,157.6,2.1,335.4,1330.7,60.02,212.1,6.1,2.5,1380.6,41.2,1.7,0.8,0,738.0551599119514,113.70814908401769,0.1540645676098015,33.937,35.187,2025-10-28 09:19:58
156.6,6.6,1064.5,163.3,2.1,331.4,1328.7,59.99,212.2,6.2,2.5,1380.6,41.3,1.8,0.8,0,738.0551599119514,113.70814908401769,0.1540645676098015,33.937,35.25,2025-10-28 09:20:13
156.4,6.9,1058.9,157.9,2.1,333.8,1323.9,60,212,6.1,2.5,1380.6,41.3,1.8,0.8,0,738.0551599119514,113.70814908401769,0.1540645676098015,33.937,35.125,2025-10-28 09:20:28
156.4,6.8,1056.5,163.3,2.1,336.8,1324.7,59.98,212,6.2,2.5,1380.6,41.2,1.8,0.8,0,738.0551599119514,113.70814908401769,0.1540645676098015,33.812,35.062,2025-10-28 09:20:43
156.3,6.8,1056.4,157.4,2.1,337.3,1323.9,60.01,212.3,6.1,2.5,1380.6,41.2,1.8,0.8,0,738.0551599119514,113.70814908401769,0.1540645676098015,33.875,35.062,2025-10-28 09:20:58
156.4,6.8,1055.6,163.5,2,330.2,1318.4,59.99,212.2,6.2,2.5,1380.6,41.3,1.8,0.8,0,738.0551599119514,113.70814908401769,0.1540645676098015,33.937,35.187,2025-10-28 09:21:13
156.4,6.8,1054.9,159,2.1,338.7,1319.9,59.98,211.9,6.2,2.5,1380.6,41.2,1.8,0.8,0,738.0551599119514,113.70814908401769,0.1540645676098015,34.0,35.187,2025-10-28 09:21:28
156.4,6.8,1054.0,162,2,339.2,1324.8,59.99,211.9,6.2,2.5,1380.6,41.3,1.8,0.8,0,738.0551599119514,113.70814908401769,0.1540645676098015,34.0,35.125,2025-10-28 09:21:43
156.4,6.8,1050.7,158.3,2.1,338.3,1321.4,59.97,211.8,6.2,2.5,1380.6,41.3,1.8,0.8,0,738.0551599119514,113.70814908401769,0.1540645676098015,33.937,35.187,2025-10-28 09:21:58
156.4,6.7,1043.1,160.5,2,337.0,1314.7,59.96,211.9,6.2,2.5,1380.6,41.3,1.8,0.8,0,738.0551599119514,113.70814908401769,0.1540645676098015,34.125,35.187,2025-10-28 09:22:13
156.4,6.7,1041.0,160.3,2.1,340.2,1311.7,60.01,211.9,6.2,2.5,1380.6,41.3,1.8,0.8,0,738.0551599119514,113.70814908401769,0.1540645676098015,34.187,35.187,2025-10-28 09:22:28
156.4,6.7,1044.8,160.7,2,339.7,1315.7,60.02,211.9,6.2,2.5,1380.6,41.3,1.8,0.8,0,738.0551599119514,113.70814908401769,0.1540645676098015,34.062,35.062,2025-10-28 09:22:43
157.5,6.7,1040.9,159.6,2.1,339.5,1311.2,60,211.9,6.1,2.5,1380.6,41.2,1.8,0.8,0,738.0551599119514,113.70814908401769,0.1540645676098015,34.0,34.937,2025-10-28 09:22:58
156.4,6.7,1033.9,160.5,2,339.6,1307.3,59.99,212,6.1,2.5,1380.6,41.2,1.8,0.8,0,738.0551599119514,113.70814908401769,0.1540645676098015,33.937,34.875,2025-10-28 09:23:13
156.9,6.7,1033.9,160.5,2.1,339.1,1304.8,59.98,211.8,6.1,2.5,1380.6,41,1.8,0.8,0,738.0551599119514,113.70814908401769,0.1540645676098015,34.0,34.875,2025-10-28 09:23:28
156.5,6.7,1041.7,160.5,2.1,340.5,1313.8,59.98,211.6,6.1,2.5,1380.6,41,1.8,0.8,0,738.0551599119514,113.70814908401769,0.1540645676098015,34.187,34.875,2025-10-28 09:23:43
158.5,6.7,1011.3,160.5,2.1,340.9,1307.3,59.98,211.7,6.2,2.6,1380.7,40.9,1.8,0.8,0,738.0551599119514,113.70814908401769,0.1540645676098015,34.125,34.875,2025-10-28 09:23:58
155.5,6.7,1016.5,160.5,2.1,340.0,1289.4,59.98,211.8,6.1,2.6,1380.7,40.9,1.8,0.8,0,738.0551599119514,113.70814908401769,0.1540645676098015,34.125,34.937,2025-10-28 09:24:13
157.9,6.7,1009.4,160.5,2.1,340.6,1283.9,59.99,211.8,6.2,2.6,1380.7,40.9,1.8,0.8,0,738.0551599119514,113.70814908401769,0.1540645676098015,34.062,35.0,2025-10-28 09:24:28
153.5,6.7,1021.0,160.4,2.1,340.8,1296.1,59.97,211.5,6.2,2.6,1380.7,40.9,1.8,0.8,0,738.0551599119514,113.70814908401769,0.1540645676098015,34.0,35.0,2025-10-28 09:24:43
159.1,6.7,1012.2,160.5,2.1,339.8,1286.8,60,211.4,6.1,2.6,1380.7,40.9,1.8,0.8,0,738.0551599119514,113.70814908401769,0.1540645676098015,34.0,35.062,2025-10-28 09:24:58
153.8,6.7,1013.4,160.5,2.1,340.6,1287.6,59.98,211.3,6.2,2.6,1380.7,40.9,1.8,0.8,0,738.0551599119514,113.70814908401769,0.1540645676098015,34.187,35.187,2025-10-28 09:25:13
158.9,6.6,1002.6,160.5,2.1,339.8,1277.9,59.95,211.7,6.1,2.6,1380.7,40.9,1.8,0.8,0,699.2101514955328,113.70814908401769,0.16262371025479047,34.0,35.125,2025-10-28 09:25:28
153.1,6.6,1007.3,160.7,2.1,338.8,1280.6,60.05,211.6,6.1,2.6,1380.7,40.9,1.8,0.8,0,699.2101514955328,113.70814908401769,0.16262371025479047,32.75,35.125,2025-10-28 09:25:43
159,6.3,1005.1,160.4,2.1,334.6,1275.6,60.04,211.4,6.1,2.6,1380.7,40.8,1.9,0.8,0,699.2101514955328,113.70814908401769,0.16262371025479047,34.062,35.125,2025-10-28 09:25:58
153.4,6.5,994.8,160.5,2.1,336.1,1265.8,60,211.6,6,2.6,1380.7,40.8,1.9,0.8,0,699.2101514955328,113.70814908401769,0.16262371025479047,33.937,35.187,2025-10-28 09:26:13
157.8,6.2,1005.5,161.7,2.1,337.4,1260.9,59.98,211.8,6,2.6,1380.7,40.8,1.9,0.8,0,699.2101514955328,113.70814908401769,0.16262371025479047,34.0,35.062,2025-10-28 09:26:28
154,6.5,1005.8,159.8,2.1,335.1,1275.3,59.97,211.8,6,2.6,1380.7,40.7,1.9,0.8,0,699.2101514955328,113.70814908401769,0.16262371025479047,34.062,35.062,2025-10-28 09:26:43
158.4,6.2,1008.2,161,2.1,326.4,1271.4,60.02,212,6,2.6,1380.7,40.7,1.9,0.8,0,699.2101514955328,113.70814908401769,0.16262371025479047,34.125,35.187,2025-10-28 09:26:58
156.2,6.5,998.8,160.6,2.1,335.9,1269.5,59.99,212,5.9,2.6,1380.7,40.8,1.9,0.8,0,699.2101514955328,113.70814908401769,0.16262371025479047,34.25,35.187,2025-10-28 09:27:13
156.8,6.2,1009.1,163.1,2.1,321.4,1266.7,60.01,212.2,5.9,2.6,1380.7,40.8,1.9,0.8,0,699.2101514955328,113.70814908401769,0.16262371025479047,34.125,35.187,2025-10-28 09:27:28
155.1,6.5,1007.8,158.4,2.1,335.7,1277.1,59.98,211.9,6,2.6,1380.7,40.7,1.9,0.8,0,699.2101514955328,113.70814908401769,0.16262371025479047,33.875,35.062,2025-10-28 09:27:43
157.4,6.3,1005.3,162.3,2.1,322.7,1263.4,60,212.1,5.9,2.6,1380.7,40.7,1.9,0.8,0,699.2101514955328,113.70814908401769,0.16262371025479047,34.125,35.062,2025-10-28 09:27:58
156.4,6.5,1002.9,157.3,2.1,336.3,1268.9,59.98,212,6,2.6,1380.7,40.7,1.9,0.8,0,699.2101514955328,113.70814908401769,0.16262371025479047,34.25,35.0,2025-10-28 09:28:13
156.4,6.3,1008.5,163.4,2.1,324.5,1269.4,59.99,212.2,5.9,2.6,1380.7,40.6,1.9,0.8,0,699.2101514955328,113.70814908401769,0.16262371025479047,34.25,34.937,2025-10-28 09:28:28
156.4,6.5,1006.2,157.6,2.1,336.2,1276.2,60,212.1,6,2.7,1380.8,40.6,1.9,0.8,0,699.2101514955328,113.70814908401769,0.16262371025479047,33.937,34.687,2025-10-28 09:28:43
156.4,6.4,1004.3,163.3,2,322.5,1263.3,59.97,212,5.9,2.7,1380.8,40.5,1.9,0.8,0,699.2101514955328,113.70814908401769,0.16262371025479047,33.812,34.625,2025-10-28 09:28:58
156.4,6.5,1000.0,157.7,2.1,339.5,1273.8,59.98,212,5.9,2.7,1380.8,40.4,1.9,0.8,0,699.2101514955328,113.70814908401769,0.16262371025479047,33.75,34.5,2025-10-28 09:29:13
156.3,6.4,996.8,163.1,1.9,336.6,1269.2,60,211.7,5.9,2.7,1380.8,40.4,1.9,0.8,0,699.2101514955328,113.70814908401769,0.16262371025479047,33.687,34.5,2025-10-28 09:29:28
156.4,6.4,994.4,157.4,2.1,335.6,1264.2,59.99,211.8,6,2.7,1380.8,40.4,1.9,0.8,0,699.2101514955328,113.70814908401769,0.16262371025479047,34.062,34.5,2025-10-28 09:29:43
156.4,6.5,999.8,161,1.9,340.6,1263.5,59.97,212,5.9,2.7,1380.8,40.4,1.9,0.8,0,699.2101514955328,113.70814908401769,0.16262371025479047,33.687,34.437,2025-10-28 09:29:58
156.3,6.5,1002.7,159.2,2.1,343.3,1280.1,59.97,212,6,2.7,1380.8,40.3,1.9,0.8,0,699.2101514955328,113.70814908401769,0.16262371025479047,33.562,34.375,2025-10-28 09:30:13
156.4,6.4,991.6,161.9,1.9,341.0,1267.4,59.99,212,5.9,2.7,1380.8,40.3,1.9,0.8,0,699.2101514955328,113.70814908401769,0.16262371025479047,33.75,34.375,2025-10-28 09:30:28
159.4,6.4,993.6,160.5,2.1,342.2,1272.7,60.03,211.9,5.9,2.7,1380.8,40.3,1.9,0.8,0,699.2101514955328,113.70814908401769,0.16262371025479047,33.687,34.312,2025-10-28 09:30:43
156.3,6.4,997.4,160.5,1.9,342.6,1274.5,60.04,212.1,5.9,2.7,1380.8,40.3,1.9,0.8,0,699.2101514955328,113.70814908401769,0.16262371025479047,33.562,34.25,2025-10-28 09:30:58
159.5,6.1,987.3,160.4,2.1,341.5,1265.0,59.98,211.9,5.7,2.7,1380.8,40.2,1.9,0.8,0,699.2101514955328,113.70814908401769,0.16262371025479047,33.562,34.25,2025-10-28 09:31:13
156.5,6.4,997.2,160.7,1.9,345.2,1276.9,59.97,211.7,5.8,2.7,1380.8,40.2,1.9,0.8,0,699.2101514955328,113.70814908401769,0.16262371025479047,33.625,34.187,2025-10-28 09:31:28
159.4,6.3,997.3,160.3,2.1,345.3,1277.9,59.99,211.4,5.8,2.7,1380.8,40.2,1.9,0.8,0,699.2101514955328,113.70814908401769,0.16262371025479047,33.437,34.187,2025-10-28 09:31:43
159.5,6.3,1001.2,160.7,2.1,345.3,1281.8,60,211.6,5.9,2.7,1380.8,40.2,1.9,0.8,0,699.2101514955328,113.70814908401769,0.16262371025479047,33.312,34.062,2025-10-28 09:31:58
159.4,6.3,996.2,160.6,2.1,345.7,1277.8,60.02,211.7,5.9,2.7,1380.8,40.2,2.0,0.8,0,699.2101514955328,113.70814908401769,0.16262371025479047,33.25,34.187,2025-10-28 09:32:13
159.6,6.3,985.2,160.2,2.1,346.4,1280.7,60.01,211.5,6,2.7,1380.8,40.2,2.0,0.8,0,699.2101514955328,113.70814908401769,0.16262371025479047,33.312,34.125,2025-10-28 09:32:28
159.4,6.3,998.2,160.6,2.1,345.3,1279.7,59.96,211.6,6,2.7,1380.8,40.2,2.0,0.8,0,699.2101514955328,113.70814908401769,0.16262371025479047,33.312,34.187,2025-10-28 09:32:43
159.5,6.4,1003.7,160.1,2.1,346.9,1286.0,59.95,211.2,6.1,2.7,1380.8,40.2,2.0,0.8,0,699.2101514955328,113.70814908401769,0.16262371025479047,33.437,34.25,2025-10-28 09:32:58
159.4,6.4,1004.2,160.6,2.1,346.4,1286.6,59.99,211.5,6.1,2.7,1380.8,40.2,2.0,0.8,0,699.2101514955328,113.70814908401769,0.16262371025479047,33.5,34.187,2025-10-28 09:33:13
159.9,6.4,988.2,160.4,2.1,348.7,1271.2,59.95,211.3,6.1,2.8,1380.9,40.2,2.0,0.8,0,699.2101514955328,113.70814908401769,0.16262371025479047,33.437,34.125,2025-10-28 09:33:28
159.4,6.4,1004.5,159.8,2.1,346.2,1284.5,59.96,211.2,6,2.8,1380.9,40.2,2.0,0.9,0,699.2101514955328,113.70814908401769,0.16262371025479047,33.437,34.25,2025-10-28 09:33:43
159.7,6.3,977.6,160.4,2.1,345.5,1258.5,59.98,211.1,6,2.8,1380.9,40.2,2.0,0.9,0,699.2101514955328,113.70814908401769,0.16262371025479047,33.562,34.312,2025-10-28 09:33:58
159.4,6.2,979.8,160.7,2.1,332.8,1262.6,59.98,211.1,6,2.8,1380.9,40.2,2.0,0.9,0,699.2101514955328,113.70814908401769,0.16262371025479047,33.5,34.312,2025-10-28 09:34:13
160.4,6.1,918.9,160.8,2.1,338.3,1205.5,59.99,211.4,5.9,2.8,1380.9,40.1,2.0,0.9,0,699.2101514955328,75.80543272267846,0.10841580683652699,33.5,34.375,2025-10-28 09:34:28
159.4,6.1,962.5,160.5,2.1,335.8,1234.7,59.99,211.4,5.8,2.8,1380.9,40.1,2.0,0.9,0,699.2101514955328,113.70814908401769,0.16262371025479047,33.5,34.375,2025-10-28 09:34:43
161.6,6.2,921.8,157.7,2.1,340.5,1231.2,59.99,211.4,5.9,2.8,1380.9,40,2.0,0.9,0,699.2101514955328,113.70814908401769,0.16262371025479047,33.312,34.25,2025-10-28 09:34:58
158.5,6.4,991.8,161.7,2,350.0,1275.5,59.96,211.6,5.9,2.8,1380.9,40,2.0,0.9,0,699.2101514955328,113.70814908401769,0.16262371025479047,33.375,34.187,2025-10-28 09:35:13
161.2,6.4,959.6,158.2,2.2,350.7,1244.5,60.02,211.5,6.1,2.8,1380.9,40,2.0,0.9,0,738.0551599119514,113.70814908401769,0.1540645676098015,33.187,34.187,2025-10-28 09:35:28
156.4,6.5,1013.2,162.6,2,350.6,1298.7,59.99,211.6,6,2.8,1380.9,40,2.0,0.9,0,738.0551599119514,113.70814908401769,0.1540645676098015,33.25,34.125,2025-10-28 09:35:43
161.8,6.4,977.2,160.5,2.2,355.0,1271.2,59.99,211.7,6.1,2.8,1380.9,40,2.0,0.9,0,738.0551599119514,113.70814908401769,0.1540645676098015,33.375,34.25,2025-10-28 09:35:58
156.7,6.4,1008.2,160.6,1.9,354.6,1295.4,59.97,211.3,6,2.8,1380.9,40.1,2.0,0.9,0,738.0551599119514,113.70814908401769,0.1540645676098015,33.5,34.25,2025-10-28 09:36:13
161.7,6.1,958.3,159.5,2.2,355.4,1253.1,60.01,211.8,6,2.8,1380.9,40.1,2.0,0.9,0,699.2101514955328,113.70814908401769,0.16262371025479047,33.5,34.25,2025-10-28 09:36:28
156.5,6.5,1013.7,160.5,2,357.8,1303.9,60.03,211.8,6.1,2.8,1380.9,40.1,2.0,0.9,0,738.0551599119514,113.70814908401769,0.1540645676098015,33.562,34.312,2025-10-28 09:36:43
161.4,6.1,1006.8,160.5,2.2,359.7,1303.2,60.03,211.9,6.1,2.8,1380.9,40.2,2.0,0.9,0,738.0551599119514,113.70814908401769,0.1540645676098015,33.437,34.375,2025-10-28 09:36:58
156.5,6.7,1040.9,160.5,2.2,362.8,1334.0,60.02,211.9,6.3,2.8,1380.9,40.2,2.0,0.9,0,738.0551599119514,113.70814908401769,0.1540645676098015,33.562,34.375,2025-10-28 09:37:13
160.1,6.1,1042.7,160.5,2.2,363.1,1295.6,60,211.9,6.1,2.8,1380.9,40.2,2.0,0.9,0,738.0551599119514,113.70814908401769,0.1540645676098015,33.375,34.312,2025-10-28 09:37:28
157.1,6.7,1039.6,160.4,2.2,363.0,1334.2,60,211.8,6.2,2.8,1380.9,40.1,2.0,0.9,0,738.0551599119514,113.70814908401769,0.1540645676098015,33.312,34.312,2025-10-28 09:37:43
160.8,6.1,1038.9,160.5,2.2,362.9,1334.2,60.02,211.9,6,2.9,1381.0,40.1,2.0,0.9,0,738.0551599119514,113.70814908401769,0.1540645676098015,33.312,34.375,2025-10-28 09:37:58
156.4,6.8,1054.2,160.5,2.3,365.6,1348.7,60.05,212.1,6.3,2.9,1381.0,40,2.1,0.9,0,738.0551599119514,113.70814908401769,0.1540645676098015,33.375,34.375,2025-10-28 09:38:13
159.6,6.3,1057.1,160.5,2.3,362.1,1339.0,60.03,212,6.1,2.9,1381.0,40,2.1,0.9,0,776.9001683283698,113.70814908401769,0.14636133922931144,33.437,34.25,2025-10-28 09:38:28
158.6,6.8,1063.3,160.5,2.3,368.3,1361.3,60,212.1,6.4,2.9,1381.0,40,2.1,0.9,0,776.9001683283698,113.70814908401769,0.14636133922931144,33.375,34.25,2025-10-28 09:38:43
159.9,6.4,1064.0,160.5,2.3,366.7,1360.1,60.02,212.2,6.1,2.9,1381.0,40,2.1,0.9,0,776.9001683283698,113.70814908401769,0.14636133922931144,33.375,34.312,2025-10-28 09:38:58
159.4,6.8,1060.5,160.6,2.3,367.4,1356.9,59.99,212.1,6.4,2.9,1381.0,40,2.1,0.9,0,776.9001683283698,113.70814908401769,0.14636133922931144,33.5,34.187,2025-10-28 09:39:13
159.4,6.4,1057.5,159.8,2.3,358.2,1344.3,59.98,212.1,6.1,2.9,1381.0,40,2.1,0.9,0,738.0551599119514,113.70814908401769,0.1540645676098015,33.25,34.187,2025-10-28 09:39:28
159.4,6.7,1046.3,160.5,2.2,364.6,1340.8,60.01,212,6.3,2.9,1381.0,39.9,2.1,0.9,0,738.0551599119514,113.70814908401769,0.1540645676098015,33.312,34.25,2025-10-28 09:39:43
159.4,6.6,1036.5,160.1,2.2,360.4,1328.0,59.98,211.8,6.2,2.9,1381.0,39.9,2.1,0.9,0,738.0551599119514,113.70814908401769,0.1540645676098015,33.312,34.187,2025-10-28 09:39:58
159.4,6.5,1027.6,160.4,2.2,358.8,1317.7,59.97,211.9,6.2,2.9,1381.0,39.9,2.1,0.9,0,738.0551599119514,113.70814908401769,0.1540645676098015,33.312,34.187,2025-10-28 09:40:13
159.4,6.5,1031.7,162.8,2.1,356.1,1321.8,60,212,6.1,2.9,1381.0,39.9,2.1,0.9,0,738.0551599119514,113.70814908401769,0.1540645676098015,33.187,34.187,2025-10-28 09:40:28
159.5,6.6,1035.1,160.5,2.2,361.7,1328.6,59.99,211.8,6.3,2.9,1381.0,39.9,2.1,0.9,0,738.0551599119514,113.70814908401769,0.1540645676098015,33.25,34.062,2025-10-28 09:40:43
159.4,6.6,1034.3,158.5,2.2,362.1,1327.3,60.03,211.9,6.2,2.9,1381.0,39.8,2.1,0.9,0,738.0551599119514,113.70814908401769,0.1540645676098015,33.125,33.812,2025-10-28 09:40:58
159.5,6.6,1035.7,161.2,2,364.5,1331.0,60,211.6,6.1,2.9,1381.0,39.7,2.1,0.9,0,738.0551599119514,113.70814908401769,0.1540645676098015,33.187,33.812,2025-10-28 09:41:13
159.4,6.6,1037.1,160.6,2.3,363.6,1331.2,59.99,211.8,6.3,2.9,1381.0,39.7,2.1,0.9,0,738.0551599119514,113.70814908401769,0.1540645676098015,33.125,33.812,2025-10-28 09:41:28
160,6.5,1001.4,160,2.2,361.5,1316.2,59.97,211.5,6.2,2.9,1381.0,39.8,2.1,0.9,0,738.0551599119514,113.70814908401769,0.1540645676098015,33.125,33.75,2025-10-28 09:41:43
159.4,6.4,1014.0,163.9,2.3,339.6,1289.2,59.97,211.8,6.2,2.9,1381.0,39.7,2.1,0.9,0,738.0551599119514,113.70814908401769,0.1540645676098015,33.187,33.625,2025-10-28 09:41:58
159.6,6.4,994.2,160.4,2.3,360.7,1287.3,60,211.8,6.1,2.9,1381.0,39.6,2.1,0.9,0,738.0551599119514,113.70814908401769,0.1540645676098015,33.125,33.75,2025-10-28 09:42:13
159.3,6.3,1001.8,157.9,2.2,357.2,1292.9,60.01,211.8,6.1,2.9,1381.0,39.6,2.1,0.9,0,699.2101514955328,113.70814908401769,0.16262371025479047,33.187,33.812,2025-10-28 09:42:28
160.6,6.3,953.4,160.5,2.2,358.9,1283.0,59.98,211.9,5.9,3.0,1381.1,39.6,2.1,0.9,0,699.2101514955328,113.70814908401769,0.16262371025479047,33.125,33.875,2025-10-28 09:42:43
159.6,6.4,1001.2,157.5,2.3,360.1,1296.8,59.99,211.8,6.1,3.0,1381.1,39.6,2.1,0.9,0,738.0551599119514,113.70814908401769,0.1540645676098015,33.187,33.875,2025-10-28 09:42:58
160.2,6.4,981.6,160.4,2.2,349.5,1263.4,60.02,211.8,6.1,3.0,1381.1,39.7,2.1,0.9,0,738.0551599119514,113.70814908401769,0.1540645676098015,33.375,34.0,2025-10-28 09:43:13
157.9,6.3,978.5,160.5,2.2,358.8,1282.1,60.04,211.5,6,3.0,1381.1,39.8,2.1,0.9,0,699.2101514955328,113.70814908401769,0.16262371025479047,33.187,33.937,2025-10-28 09:43:28
161.4,6.3,944.2,157.6,2.3,359.3,1240.3,60,211.6,6,3.0,1381.1,39.7,2.1,0.9,0,699.2101514955328,113.70814908401769,0.16262371025479047,33.375,34.0,2025-10-28 09:43:43
158.6,6.2,976.3,160.1,2.2,361.5,1270.5,60,211.5,6,3.0,1381.1,39.7,2.2,0.9,0,699.2101514955328,113.70814908401769,0.16262371025479047,33.25,34.062,2025-10-28 09:43:58
161.8,6.2,948.2,162.3,1.9,354.5,1239.9,60.02,211.6,5.9,3.0,1381.1,39.8,2.2,0.9,0,699.2101514955328,113.70814908401769,0.16262371025479047,33.312,34.187,2025-10-28 09:44:13
156.7,6.3,980.4,157.5,2.3,361.5,1275.9,60.02,211.6,6.1,3.0,1381.1,39.8,2.2,0.9,0,699.2101514955328,113.70814908401769,0.16262371025479047,33.312,34.25,2025-10-28 09:44:28
161.8,6.3,953.6,154.8,2.3,359.3,1249.8,60.03,211.6,6.1,3.0,1381.1,39.9,2.2,0.9,0,738.0551599119514,113.70814908401769,0.1540645676098015,33.5,34.312,2025-10-28 09:44:43
157.3,6.4,994.4,158.3,2.2,366.0,1294.3,60,211.5,6.1,3.0,1381.1,39.9,2.2,0.9,0,738.0551599119514,113.70814908401769,0.1540645676098015,33.375,34.312,2025-10-28 09:44:58
161.3,6,985.1,160.5,2.3,362.8,1249.8,59.97,211.5,6,3.0,1381.1,39.9,2.2,0.9,0,738.0551599119514,113.70814908401769,0.1540645676098015,33.5,34.312,2025-10-28 09:45:13
156.2,6.2,971.7,154.4,2.3,357.4,1264.1,60,211.5,6,3.0,1381.1,40,2.2,0.9,0,699.2101514955328,113.70814908401769,0.16262371025479047,33.375,34.375,2025-10-28 09:45:28
161.6,5.6,941.2,160.6,2.2,356.1,1228.9,60,211.4,5.8,3.0,1381.1,39.9,2.2,0.9,0,699.2101514955328,113.70814908401769,0.16262371025479047,33.375,34.5,2025-10-28 09:45:43
157.6,6.3,983.7,157.6,2.3,363.9,1270.6,60,211.2,6,3.0,1381.1,39.9,2.2,0.9,0,699.2101514955328,113.70814908401769,0.16262371025479047,33.437,34.5,2025-10-28 09:45:58
160.6,5.8,980.4,157.5,2.3,363.4,1278.3,59.98,211.1,5.9,3.0,1381.1,40,2.2,0.9,0,699.2101514955328,113.70814908401769,0.16262371025479047,33.312,34.375,2025-10-28 09:46:13
156.8,6.2,967.7,157.6,2.3,360.4,1263.0,60.01,211.4,5.9,3.0,1381.1,39.9,2.2,0.9,0,699.2101514955328,113.70814908401769,0.16262371025479047,33.312,34.312,2025-10-28 09:46:28
161.2,5.8,974.0,157.6,2.3,362.2,1271.7,60,211.4,5.8,3.0,1381.1,39.9,2.2,0.9,0,699.2101514955328,113.70814908401769,0.16262371025479047,33.562,34.375,2025-10-28 09:46:43
159,6.2,981.8,160.3,2.3,361.2,1271.9,59.97,211.5,6,3.0,1381.1,39.9,2.2,0.9,0,699.2101514955328,113.70814908401769,0.16262371025479047,33.625,34.375,2025-10-28 09:46:58
159.7,5.8,971.1,155.4,2.3,358.4,1263.4,60.03,211.6,5.7,3.1,1381.2,39.9,2.2,0.9,0,699.2101514955328,113.70814908401769,0.16262371025479047,33.5,34.437,2025-10-28 09:47:13
158,6.4,1005.5,160.5,2.3,366.3,1305.1,60.03,211.6,6.1,3.1,1381.2,39.9,2.2,0.9,0,738.0551599119514,113.70814908401769,0.1540645676098015,33.375,34.437,2025-10-28 09:47:28
159.4,6.3,1039.7,157.5,2.4,377.4,1338.6,60.06,211.7,6.1,3.1,1381.2,39.9,2.2,0.9,0,738.0551599119514,113.70814908401769,0.1540645676098015,33.0,34.375,2025-10-28 09:47:43
159.4,6.5,1014.7,157.5,2.3,373.9,1319.1,60.01,211.9,6.1,3.1,1381.2,39.9,2.2,0.9,0,738.0551599119514,113.70814908401769,0.1540645676098015,33.5,34.375,2025-10-28 09:47:58
159.4,6.1,996.1,157.5,2.4,371.7,1299.9,60.02,212,5.9,3.1,1381.2,40,2.2,0.9,0,738.0551599119514,113.70814908401769,0.1540645676098015,33.5,34.375,2025-10-28 09:48:13
159.5,6.5,1022.9,157.6,2.3,377.2,1330.8,60.04,212.1,6.2,3.1,1381.2,40,2.2,0.9,0,738.0551599119514,113.70814908401769,0.1540645676098015,33.25,34.312,2025-10-28 09:48:28
159.4,6.5,1024.4,157.5,2.4,377.0,1332.8,60.02,212.1,6.2,3.1,1381.2,40,2.2,0.9,0,738.0551599119514,113.70814908401769,0.1540645676098015,33.375,34.312,2025-10-28 09:48:43
159.4,6.6,1043.6,157.5,2.4,381.4,1355.3,60.03,211.9,6.4,3.1,1381.2,40,2.2,0.9,0,776.9001683283698,113.70814908401769,0.14636133922931144,33.375,34.187,2025-10-28 09:48:58
159.4,6.7,1051.4,157.5,2.4,384.1,1364.3,60.03,211.7,6.4,3.1,1381.2,40,2.2,0.9,0,776.9001683283698,113.70814908401769,0.14636133922931144,33.437,34.187,2025-10-28 09:49:13
159.6,6.6,1037.8,157.6,2.4,384.1,1362.6,60.01,211.7,6.4,3.1,1381.2,40,2.2,0.9,0,776.9001683283698,113.70814908401769,0.14636133922931144,33.312,34.312,2025-10-28 09:49:28
159.3,6.5,1031.8,157.4,2.4,380.2,1342.3,60.03,211.7,6.3,3.1,1381.2,40,2.2,0.9,0,738.0551599119514,113.70814908401769,0.1540645676098015,33.375,34.375,2025-10-28 09:49:43
159.4,6.5,1014.4,157.6,2.4,378.9,1326.6,60.02,211.4,6.3,3.1,1381.2,40,2.3,0.9,0,738.0551599119514,113.70814908401769,0.1540645676098015,33.437,34.187,2025-10-28 09:49:58
159.5,6.4,1004.6,157.6,2.4,377.7,1316.5,59.98,211.6,6.2,3.1,1381.2,40,2.3,0.9,0,738.0551599119514,113.70814908401769,0.1540645676098015,33.5,34.125,2025-10-28 09:50:13
159.7,6.3,984.3,157.3,2.4,376.0,1294.6,59.98,211.9,6.1,3.1,1381.2,40,2.3,1.0,0,738.0551599119514,113.70814908401769,0.1540645676098015,33.437,34.125,2025-10-28 09:50:28
159.4,6.2,978.8,157.4,2.3,373.6,1285.0,59.98,211.8,6.1,3.1,1381.2,40,2.3,1.0,0,699.2101514955328,113.70814908401769,0.16262371025479047,33.562,34.062,2025-10-28 09:50:43
159.5,6.2,972.2,157.4,2.3,372.9,1279.4,60.02,211.7,6.1,3.1,1381.2,40,2.3,1.0,0,699.2101514955328,113.70814908401769,0.16262371025479047,33.687,34.187,2025-10-28 09:50:58
159.2,6.1,963.0,157.7,2.4,369.5,1265.0,60,211.7,6,3.1,1381.2,40,2.3,1.0,0,699.2101514955328,113.70814908401769,0.16262371025479047,33.562,34.25,2025-10-28 09:51:13
160.3,6.1,923.8,157.8,2.4,370.8,1229.4,60.01,211.6,6,3.1,1381.2,40,2.3,1.0,0,699.2101514955328,113.70814908401769,0.16262371025479047,33.687,34.375,2025-10-28 09:51:28
159.5,6.2,970.6,157.4,2.4,372.4,1275.6,59.98,211.4,6,3.1,1381.2,40.1,2.3,1.0,0,699.2101514955328,113.70814908401769,0.16262371025479047,33.562,34.375,2025-10-28 09:51:43
161.6,6.1,919.8,156,2.4,372.0,1247.0,60,211.4,6,3.2,1381.3,40.1,2.3,1.0,0,699.2101514955328,113.70814908401769,0.16262371025479047,33.562,34.437,2025-10-28 09:51:58
158.1,6.2,969.8,159,2.4,367.5,1271.6,60.03,211.7,6.1,3.2,1381.3,40.1,2.3,1.0,0,738.0551599119514,113.70814908401769,0.1540645676098015,33.562,34.312,2025-10-28 09:52:13
161.2,6.1,928.2,157.1,2.4,372.4,1237.9,60.03,211.4,6,3.2,1381.3,40,2.3,1.0,0,699.2101514955328,113.70814908401769,0.16262371025479047,33.5,34.312,2025-10-28 09:52:28
156.5,5.9,929.0,158,2.3,363.5,1229.4,60.02,211.5,5.8,3.2,1381.3,40,2.3,1.0,0,699.2101514955328,113.70814908401769,0.16262371025479047,33.75,34.312,2025-10-28 09:52:43
161.8,5.8,881.8,154.8,2.3,361.9,1186.4,60.03,211.3,5.8,3.2,1381.3,40,2.3,1.0,0,660.3651430791144,113.70814908401769,0.17218981085801344,33.812,34.562,2025-10-28 09:52:58
156.8,5.9,912.3,160.2,2.3,356.8,1207.3,60.03,211.5,5.8,3.2,1381.3,40.1,2.3,1.0,0,699.2101514955328,113.70814908401769,0.16262371025479047,34.062,34.562,2025-10-28 09:53:13
161.7,5.8,879.5,155.8,2.3,364.8,1185.3,60.03,211.3,5.8,3.2,1381.3,40.1,2.3,1.0,0,699.2101514955328,113.70814908401769,0.16262371025479047,33.812,34.562,2025-10-28 09:53:28
156.1,5.9,925.0,160.4,2.4,366.7,1219.9,60.04,211.4,5.8,3.2,1381.3,40.1,2.3,1.0,0,699.2101514955328,113.70814908401769,0.16262371025479047,34.312,34.562,2025-10-28 09:53:43
161.6,5.5,904.7,154.6,2.3,366.1,1212.3,60.02,211.2,5.7,3.2,1381.3,40.1,2.3,1.0,0,699.2101514955328,113.70814908401769,0.16262371025479047,24.75,34.562,2025-10-28 09:53:58
156.5,5.9,908.8,160.6,2.3,360.9,1207.4,60.02,211.1,5.8,3.2,1381.3,40.1,2.3,1.0,0,699.2101514955328,113.70814908401769,0.16262371025479047,33.937,34.5,2025-10-28 09:54:13
160.3,5.6,948.8,154.7,2.4,369.5,1222.4,60.04,211.1,5.8,3.2,1381.3,40.1,2.3,1.0,0,699.2101514955328,113.70814908401769,0.16262371025479047,34.062,34.5,2025-10-28 09:54:28
159.2,5.6,895.8,159.5,2.2,366.5,1202.0,60.02,211.2,5.5,3.2,1381.3,40.1,2.3,1.0,0,660.3651430791144,113.70814908401769,0.17218981085801344,34.5,34.625,2025-10-28 09:54:43
159.3,5.1,806.4,154.6,2.2,352.2,1104.8,60.04,211,5.1,3.2,1381.3,40.1,2.3,1.0,0,582.6751262462774,75.80543272267846,0.13009896820383238,85.0,34.437,2025-10-28 09:54:58
159.4,5,796.9,160.1,2.1,345.4,1090.9,59.99,211,5.1,3.2,1381.3,40.1,2.3,1.0,0,582.6751262462774,75.80543272267846,0.13009896820383238,85.0,34.312,2025-10-28 09:55:13
159.4,5.2,822.5,156.9,2.2,356.4,1124.4,59.98,210.7,5.2,3.2,1381.3,40,2.3,1.0,0,621.5201346626959,75.80543272267846,0.12196778269109285,85.0,34.312,2025-10-28 09:55:28
159.4,5.3,831.4,158.2,2.1,359.5,1135.0,59.99,210.9,5.3,3.2,1381.3,39.9,2.3,1.0,0,621.5201346626959,75.80543272267846,0.12196778269109285,33.375,34.25,2025-10-28 09:55:43
159.4,5.5,864.1,155.7,2.3,362.5,1168.3,60,209.4,5.5,3.2,1381.3,39.9,2.3,1.0,0,660.3651430791144,75.80543272267846,0.11479320723867562,32.812,34.312,2025-10-28 09:55:58
160,5.8,888.8,157.5,2.2,371.8,1216.2,60.02,209.6,5.8,3.2,1381.3,39.9,2.3,1.0,0,660.3651430791144,113.70814908401769,0.17218981085801344,33.5,34.5,2025-10-28 09:56:13
159.5,5.9,924.3,157.5,2.4,375.5,1236.0,60,209.5,5.9,3.2,1381.3,40,2.3,1.0,0,699.2101514955328,113.70814908401769,0.16262371025479047,32.75,34.5,2025-10-28 09:56:28
159.5,5.7,899.2,157.5,2.2,373.2,1208.0,60,209.5,5.6,3.2,1381.3,40,2.4,1.0,0,660.3651430791144,113.70814908401769,0.17218981085801344,127.937,34.625,2025-10-28 09:56:43
158.8,5.5,863.0,157.1,2.3,366.7,1171.0,59.99,209.2,5.6,3.3,1381.4,40,2.4,1.0,0,660.3651430791144,75.80543272267846,0.11479320723867562,34.5,34.625,2025-10-28 09:56:58
160.8,5.4,823.8,157.5,2.2,364.2,1129.5,60.02,208.9,5.5,3.3,1381.4,40,2.4,1.0,0,660.3651430791144,75.80543272267846,0.11479320723867562,34.375,34.625,2025-10-28 09:57:13
159.7,5.4,848.3,157.6,2.3,366.3,1157.9,60.02,209.3,5.5,3.3,1381.4,40.1,2.4,1.0,0,660.3651430791144,75.80543272267846,0.11479320723867562,34.437,34.562,2025-10-28 09:57:28
156.2,5.1,802.7,157.5,2.2,359.1,1107.3,60.02,209.1,5.2,3.3,1381.4,40.1,2.4,1.0,0,621.5201346626959,75.80543272267846,0.12196778269109285,33.875,34.625,2025-10-28 09:57:43
160.1,4.8,809.1,157.7,2.3,354.1,1094.9,59.99,209.1,5.1,3.3,1381.4,40.1,2.4,1.0,0,621.5201346626959,75.80543272267846,0.12196778269109285,34.5,34.687,2025-10-28 09:57:58
157.5,5,793.5,157.5,2.2,356.7,1096.9,59.99,209.2,5.1,3.3,1381.4,40.1,2.4,1.0,0,582.6751262462774,75.80543272267846,0.13009896820383238,34.5,34.562,2025-10-28 09:58:13
160.6,4.8,799.3,157.5,2.3,356.5,1097.9,60.02,209.3,5,3.3,1381.4,40.1,2.4,1.0,0,582.6751262462774,75.80543272267846,0.13009896820383238,34.312,34.375,2025-10-28 09:58:28
159.3,5,787.2,157.5,2.2,355.4,1082.9,60.03,209.1,5.1,3.3,1381.4,40.1,2.4,1.0,0,582.6751262462774,75.80543272267846,0.13009896820383238,34.312,34.312,2025-10-28 09:58:43
159.5,4.9,809.0,157.1,2.2,353.1,1107.2,59.99,209.2,5.1,3.3,1381.4,40.1,2.4,1.0,0,621.5201346626959,75.80543272267846,0.12196778269109285,34.375,34.125,2025-10-28 09:58:58
159.4,4.8,765.9,157.5,2.2,350.9,1065.6,60.04,208.9,5,3.3,1381.4,40,2.4,1.0,0,582.6751262462774,75.80543272267846,0.13009896820383238,33.187,33.875,2025-10-28 09:59:13
159.4,4.6,750.3,157.7,2.2,345.9,1045.2,60,209.1,4.9,3.3,1381.4,39.9,2.4,1.0,0,582.6751262462774,75.80543272267846,0.13009896820383238,34.0,33.812,2025-10-28 09:59:28
159.5,4.8,765.4,157.5,2.2,349.2,1064.1,59.99,209.3,4.9,3.3,1381.4,39.8,2.4,1.0,0,582.6751262462774,75.80543272267846,0.13009896820383238,34.125,33.812,2025-10-28 09:59:43
159.4,4.6,726.7,157.3,2.2,336.6,1014.4,59.98,209.5,4.7,3.3,1381.4,39.8,2.4,1.0,0,543.8301178298589,75.80543272267846,0.13939175164696327,34.375,33.937,2025-10-28 09:59:58
159.4,4.6,733.3,154.6,2.2,343.7,1027.9,60.04,209.7,4.8,3.3,1381.4,39.8,2.4,1.0,0,543.8301178298589,75.80543272267846,0.13939175164696327,30.375,33.875,2025-10-28 10:00:13
159.3,4.8,752.4,158.2,2.1,337.1,1041.5,60.03,209.5,4.9,3.3,1381.4,39.8,2.4,1.0,0,582.6751262462774,75.80543272267846,0.13009896820383238,34.312,33.937,2025-10-28 10:00:28
159.3,4.6,725.3,155.4,2.2,345.7,1022.2,60.02,209.5,4.8,3.3,1381.4,39.8,2.4,1.0,0,543.8301178298589,75.80543272267846,0.13939175164696327,34.187,33.875,2025-10-28 10:00:43
159.5,4.6,732.7,157.5,2.2,348.2,1031.6,60.03,209.8,4.8,3.3,1381.4,39.8,2.4,1.0,0,543.8301178298589,75.80543272267846,0.13939175164696327,34.187,33.75,2025-10-28 10:00:58
159.4,4.8,752.9,157.5,2.2,350.8,1053.7,59.99,209.8,5,3.3,1381.4,39.7,2.4,1.0,0,582.6751262462774,75.80543272267846,0.13009896820383238,34.125,33.75,2025-10-28 10:01:13
159.4,4.6,738.1,157.5,2.2,350.4,1038.7,60.02,209.6,4.9,3.3,1381.4,39.7,2.4,1.0,0,543.8301178298589,75.80543272267846,0.13939175164696327,31.5,33.812,2025-10-28 10:01:28
159.5,4.4,702.2,157.4,2.2,343.1,997.5,59.98,209.5,4.7,3.3,1381.4,39.7,2.4,1.0,0,543.8301178298589,75.80543272267846,0.13939175164696327,34.187,33.875,2025-10-28 10:01:43
159.5,4.4,694.9,155.6,2.1,338.6,987.4,60.01,209.3,4.7,3.3,1381.4,39.6,2.4,1.0,0,543.8301178298589,75.80543272267846,0.13939175164696327,34.062,33.75,2025-10-28 10:01:58
159.2,4.5,702.9,157.6,2.1,342.8,1003.2,60.01,209.6,4.6,3.3,1381.4,39.6,2.4,1.0,0,543.8301178298589,75.80543272267846,0.13939175164696327,33.937,33.625,2025-10-28 10:02:13
159.4,4.5,719.9,157.3,2.2,341.9,1014.0,60.01,209.7,4.8,3.4,1381.5,39.5,2.4,1.0,0,543.8301178298589,75.80543272267846,0.13939175164696327,33.875,33.5,2025-10-28 10:02:28
159.3,4.4,705.2,157.5,2.2,344.7,1002.7,60.02,209.7,4.7,3.4,1381.5,39.4,2.4,1.0,0,543.8301178298589,75.80543272267846,0.13939175164696327,33.875,33.5,2025-10-28 10:02:43
161.3,4.3,694.2,159.2,2.2,342.6,988.7,60.03,209.3,4.7,3.4,1381.5,39.4,2.4,1.0,0,543.8301178298589,75.80543272267846,0.13939175164696327,33.812,33.375,2025-10-28 10:02:58
159.4,4.6,722.0,154.5,2.2,346.2,1019.2,60,209.3,4.8,3.4,1381.5,39.3,2.4,1.0,0,543.8301178298589,75.80543272267846,0.13939175164696327,33.75,33.375,2025-10-28 10:03:13
162.1,4.5,726.3,159.8,2.1,345.7,1024.6,59.98,209.3,4.8,3.4,1381.5,39.3,2.4,1.0,0,543.8301178298589,75.80543272267846,0.13939175164696327,33.687,33.437,2025-10-28 10:03:28
162,4.3,692.3,154.6,2.2,344.6,991.7,59.97,209.2,4.6,3.4,1381.5,39.4,2.4,1.0,0,543.8301178298589,75.80543272267846,0.13939175164696327,33.75,33.437,2025-10-28 10:03:43
159.9,4,641.1,157.6,2,338.0,936.7,59.98,209.3,4.3,3.4,1381.5,39.4,2.4,1.0,0,504.9851094134404,75.80543272267846,0.15011419408134505,33.812,33.5,2025-10-28 10:03:58
160.1,4.1,651.4,157.4,2.1,337.8,946.3,60,209.3,4.4,3.4,1381.5,39.4,2.4,1.0,0,504.9851094134404,75.80543272267846,0.15011419408134505,33.562,33.437,2025-10-28 10:04:13
162.4,4.1,653.2,158.3,1.9,338.9,950.4,59.96,209.2,4.4,3.4,1381.5,39.4,2.4,1.0,0,504.9851094134404,75.80543272267846,0.15011419408134505,33.937,33.5,2025-10-28 10:04:28
159.5,4.2,661.0,157.5,2.2,341.1,957.7,60.01,209.2,4.5,3.4,1381.5,39.4,2.5,1.0,0,504.9851094134404,75.80543272267846,0.15011419408134505,33.812,33.5,2025-10-28 10:04:43
164.7,3.9,637.0,157.6,1.9,342.8,933.1,60.02,209,4.4,3.4,1381.5,39.3,2.5,1.0,0,504.9851094134404,75.80543272267846,0.15011419408134505,33.75,33.437,2025-10-28 10:04:58
162.3,4.3,687.3,157.5,2.2,346.3,987.8,60.01,209.2,4.6,3.4,1381.5,39.3,2.5,1.0,0,543.8301178298589,75.80543272267846,0.13939175164696327,33.687,33.375,2025-10-28 10:05:13
162.3,4.3,711.3,157.7,2.2,350.9,1015.1,60.02,208.9,4.6,3.4,1381.5,39.2,2.5,1.0,0,543.8301178298589,75.80543272267846,0.13939175164696327,33.687,33.25,2025-10-28 10:05:28
162.3,4.5,727.1,157.5,2.2,353.2,1032.5,59.99,208.8,4.8,3.4,1381.5,39.2,2.5,1.0,0,543.8301178298589,75.80543272267846,0.13939175164696327,33.5,33.125,2025-10-28 10:05:43
162.3,4.7,753.3,157.5,2.3,359.4,1062.0,60.01,208.7,5.1,3.4,1381.5,39.1,2.5,1.0,0,582.6751262462774,75.80543272267846,0.13009896820383238,33.75,33.125,2025-10-28 10:05:58
162.3,4.6,747.1,157.5,2.3,359.4,1056.0,59.98,208.7,5,3.4,1381.5,39.1,2.5,1.0,0,582.6751262462774,75.80543272267846,0.13009896820383238,33.562,33.125,2025-10-28 10:06:13
162.4,4.9,786.1,157.5,2.3,365.6,1101.2,60.01,208.8,5.2,3.4,1381.5,39.1,2.5,1.0,0,582.6751262462774,75.80543272267846,0.13009896820383238,33.5,33.062,2025-10-28 10:06:28
162.3,5,797.5,157.5,2.3,367.3,1110.0,59.98,208.8,5.3,3.4,1381.5,39.1,2.5,1.0,0,621.5201346626959,75.80543272267846,0.12196778269109285,33.437,33.062,2025-10-28 10:06:43
162.4,5.1,813.6,157.6,2.3,371.6,1129.8,60,209.2,5.4,3.4,1381.5,39.1,2.5,1.0,0,621.5201346626959,75.80543272267846,0.12196778269109285,33.187,33.062,2025-10-28 10:06:58
162.8,5.2,815.4,157.4,2.4,376.0,1152.6,60.02,209.5,5.5,3.4,1381.5,39.1,2.5,1.1,0,621.5201346626959,75.80543272267846,0.12196778269109285,33.312,33.125,2025-10-28 10:07:13
162.3,5.2,837.1,157.5,2.4,375.5,1154.9,59.99,209.4,5.5,3.4,1381.5,39.1,2.5,1.1,0,621.5201346626959,75.80543272267846,0.12196778269109285,32.062,33.187,2025-10-28 10:07:28
162.4,5.2,820.4,157.5,2.4,376.1,1143.2,60.01,209.2,5.4,3.4,1381.5,39.1,2.5,1.1,0,621.5201346626959,75.80543272267846,0.12196778269109285,33.375,33.187,2025-10-28 10:07:43
161.9,5.1,816.6,157.4,2.4,375.1,1134.9,59.97,208.9,5.4,3.4,1381.5,39.1,2.5,1.1,0,621.5201346626959,75.80543272267846,0.12196778269109285,33.437,33.25,2025-10-28 10:07:58
163.4,4.9,759.9,157.6,2.3,362.4,1068.1,59.98,209,5.2,3.4,1381.6,39.1,2.5,1.1,0,621.5201346626959,75.80543272267846,0.12196778269109285,33.5,33.25,2025-10-28 10:08:13
162.4,4.9,779.5,157.6,2.3,367.6,1092.4,59.98,208.8,5.2,3.5,1381.6,39.1,2.5,1.1,0,582.6751262462774,75.80543272267846,0.13009896820383238,33.437,33.312,2025-10-28 10:08:28
163,4.9,766.9,157.4,2.3,365.9,1085.7,59.98,208.9,5.2,3.5,1381.6,39.1,2.5,1.1,0,621.5201346626959,75.80543272267846,0.12196778269109285,33.375,33.375,2025-10-28 10:08:43
160.5,4.9,784.1,155.8,2.3,370.6,1105.9,60.01,208.8,5.3,3.5,1381.6,39.1,2.5,1.1,0,621.5201346626959,75.80543272267846,0.12196778269109285,33.437,33.437,2025-10-28 10:08:58
164.4,4.8,731.3,158.9,2.3,355.0,1046.0,60.02,209,5.2,3.5,1381.6,39.2,2.5,1.1,0,582.6751262462774,75.80543272267846,0.13009896820383238,33.437,33.5,2025-10-28 10:09:13
161.7,4.8,768.0,157,2.3,365.5,1079.3,60.02,208.9,5.2,3.5,1381.6,39.2,2.5,1.1,0,582.6751262462774,75.80543272267846,0.13009896820383238,33.312,33.5,2025-10-28 10:09:28
164.8,4.8,729.9,158.2,2.3,357.0,1049.7,59.97,209,5.1,3.5,1381.6,39.2,2.5,1.1,0,582.6751262462774,75.80543272267846,0.13009896820383238,33.25,33.5,2025-10-28 10:09:43
159.4,4.8,762.9,154.5,2.3,365.6,1074.6,60.01,208.7,5.1,3.5,1381.6,39.2,2.5,1.1,0,582.6751262462774,75.80543272267846,0.13009896820383238,33.437,33.5,2025-10-28 10:09:58
164.9,4.7,726.2,160.2,2.3,352.3,1032.9,60.06,208.5,5.2,3.5,1381.6,39.2,2.5,1.1,0,582.6751262462774,75.80543272267846,0.13009896820383238,33.5,33.562,2025-10-28 10:10:13
160.2,5,801.5,156.6,2.4,376.6,1121.9,60.03,208.8,5.3,3.5,1381.6,39.2,2.5,1.1,0,621.5201346626959,75.80543272267846,0.12196778269109285,33.375,33.562,2025-10-28 10:10:28
164.4,4.7,783.9,157.7,2.4,374.4,1069.1,59.98,208.7,5.3,3.5,1381.6,39.2,2.5,1.1,0,621.5201346626959,75.80543272267846,0.12196778269109285,33.375,33.562,2025-10-28 10:10:43
159.1,4.7,761.7,160.5,2.3,362.5,1065.3,59.99,208.8,5.1,3.5,1381.6,39.2,2.5,1.1,0,582.6751262462774,75.80543272267846,0.13009896820383238,33.312,33.562,2025-10-28 10:10:58
162.3,4.6,736.9,154.5,2.3,364.2,1050.0,60.01,208.7,4.9,3.5,1381.6,39.2,2.5,1.1,0,582.6751262462774,75.80543272267846,0.13009896820383238,33.187,33.5,2025-10-28 10:11:13
162.3,4.6,747.2,157.5,2.3,369.1,1065.3,59.99,208.8,5,3.5,1381.6,39.2,2.5,1.1,0,582.6751262462774,75.80543272267846,0.13009896820383238,33.187,33.437,2025-10-28 10:11:28
162.3,4.7,754.0,158.6,2.3,358.3,1060.1,59.97,208.7,5.1,3.5,1381.6,39.2,2.5,1.1,0,582.6751262462774,75.80543272267846,0.13009896820383238,33.187,33.437,2025-10-28 10:11:43
162.3,4.7,761.9,155,2.4,370.2,1079.5,59.98,208.9,5.1,3.5,1381.6,39.2,2.5,1.1,0,582.6751262462774,75.80543272267846,0.13009896820383238,33.125,33.5,2025-10-28 10:11:58
162.4,4.6,746.2,160,2.2,364.1,1060.0,60.01,209,5,3.5,1381.6,39.1,2.5,1.1,0,582.6751262462774,75.80543272267846,0.13009896820383238,33.187,33.562,2025-10-28 10:12:13
162.3,4.6,743.5,157.1,2.4,371.3,1063.6,59.95,208.8,5.1,3.5,1381.6,39.1,2.6,1.1,0,582.6751262462774,75.80543272267846,0.13009896820383238,33.125,33.437,2025-10-28 10:12:28
162.4,4.6,739.7,158.1,2.2,370.6,1059.5,60.02,208.9,5,3.5,1381.6,39.1,2.6,1.1,0,582.6751262462774,75.80543272267846,0.13009896820383238,33.187,33.437,2025-10-28 10:12:43
162.3,4.8,764.4,157.5,2.4,375.7,1087.4,60.02,208.8,5.2,3.5,1381.6,39.1,2.6,1.1,0,582.6751262462774,75.80543272267846,0.13009896820383238,33.187,33.437,2025-10-28 10:12:58
162.9,4.8,739.4,157.5,2.4,375.1,1090.5,60,208.8,5.2,3.5,1381.6,39.1,2.6,1.1,0,582.6751262462774,75.80543272267846,0.13009896820383238,33.187,33.375,2025-10-28 10:13:13
162.4,4.8,769.0,157.5,2.4,372.3,1088.4,60,208.8,5.3,3.5,1381.6,39,2.6,1.1,0,582.6751262462774,75.80543272267846,0.13009896820383238,33.125,33.312,2025-10-28 10:13:28
162.5,4.9,786.8,154.8,2.4,376.7,1107.0,60,208.9,5.3,3.5,1381.6,39,2.6,1.1,0,621.5201346626959,75.80543272267846,0.12196778269109285,33.125,33.312,2025-10-28 10:13:43
161.6,5,805.6,160.5,2.3,370.6,1121.7,60,208.8,5.4,3.6,1381.7,38.9,2.6,1.1,0,621.5201346626959,75.80543272267846,0.12196778269109285,33.0,33.312,2025-10-28 10:13:58
163.9,4.9,761.9,154.9,2.4,382.5,1089.1,59.99,208.5,5.3,3.6,1381.7,38.9,2.6,1.1,0,621.5201346626959,75.80543272267846,0.12196778269109285,33.0,33.25,2025-10-28 10:14:13
162.1,4.9,777.0,160,2.3,375.3,1098.4,60.02,208.7,5.2,3.6,1381.7,38.8,2.6,1.1,0,582.6751262462774,75.80543272267846,0.13009896820383238,33.062,33.25,2025-10-28 10:14:28
163.1,4.9,772.4,154.1,2.5,383.2,1098.7,60.01,208.8,5.4,3.6,1381.7,38.8,2.6,1.1,0,621.5201346626959,75.80543272267846,0.12196778269109285,33.125,33.312,2025-10-28 10:14:43
160.3,5,799.3,158.1,2.3,388.4,1131.4,60.01,208.7,5.4,3.6,1381.7,38.8,2.6,1.1,0,621.5201346626959,75.80543272267846,0.12196778269109285,33.25,33.375,2025-10-28 10:14:58
164.6,5,759.9,156.2,2.5,387.7,1093.7,60.01,208.7,5.3,3.6,1381.7,38.8,2.6,1.1,0,621.5201346626959,75.80543272267846,0.12196778269109285,33.125,33.375,2025-10-28 10:15:13
161,5,793.4,158.8,2.3,387.3,1124.9,60.02,208.7,5.3,3.6,1381.7,38.7,2.6,1.1,0,621.5201346626959,75.80543272267846,0.12196778269109285,85.0,33.375,2025-10-28 10:15:28
164.7,4.9,775.0,157.5,2.5,386.9,1089.0,59.98,208.8,5.3,3.6,1381.7,38.7,2.6,1.1,0,621.5201346626959,75.80543272267846,0.12196778269109285,127.937,33.375,2025-10-28 10:15:43
159.5,4.8,771.9,157.5,2.3,386.8,1104.3,59.99,208.8,5.2,3.6,1381.7,38.7,2.6,1.1,0,621.5201346626959,75.80543272267846,0.12196778269109285,127.937,33.375,2025-10-28 10:15:58
164.9,4.6,733.8,157.4,2.4,383.7,1062.5,60.02,208.8,5.2,3.6,1381.7,38.6,2.6,1.1,0,582.6751262462774,75.80543272267846,0.13009896820383238,127.937,33.437,2025-10-28 10:16:13
159.9,4.9,778.3,157.4,2.4,387.4,1110.7,60.01,208.3,5.4,3.6,1381.7,38.7,2.6,1.1,0,621.5201346626959,75.80543272267846,0.12196778269109285,127.937,33.5,2025-10-28 10:16:28
164.3,4.6,791.1,160.1,2.4,385.5,1123.8,60.01,208.5,5.3,3.6,1381.7,38.7,2.6,1.1,0,621.5201346626959,75.80543272267846,0.12196778269109285,127.937,33.5,2025-10-28 10:16:43
159.3,5,799.0,154.5,2.5,391.1,1133.9,59.98,208.8,5.4,3.6,1381.7,38.6,2.6,1.1,0,621.5201346626959,75.80543272267846,0.12196778269109285,127.937,33.625,2025-10-28 10:16:58
164.6,4.4,760.2,160.4,2.3,378.8,1089.5,59.98,208.7,5,3.6,1381.7,38.6,2.6,1.1,0,621.5201346626959,75.80543272267846,0.12196778269109285,127.937,47.437,2025-10-28 10:17:13
161.1,4.7,751.8,156.3,2.4,381.7,1072.3,60.03,208.8,5,3.6,1381.7,38.6,2.6,1.1,0,582.6751262462774,75.80543272267846,0.13009896820383238,33.687,33.812,2025-10-28 10:17:28
163.2,4.2,735.4,156.2,2.4,379.8,1063.9,60.04,208.7,4.8,3.6,1381.7,38.6,2.6,1.1,0,582.6751262462774,75.80543272267846,0.13009896820383238,33.562,33.812,2025-10-28 10:17:43
160.3,4.5,725.8,159.1,2.2,377.6,1053.7,60,208.9,4.9,3.6,1381.7,38.6,2.6,1.1,0,582.6751262462774,75.80543272267846,0.13009896820383238,33.625,33.75,2025-10-28 10:17:58
162.3,4.1,720.4,157.5,2.4,381.0,1045.8,59.99,208.8,4.8,3.6,1381.7,38.6,2.6,1.1,0,582.6751262462774,75.80543272267846,0.13009896820383238,33.562,33.875,2025-10-28 10:18:13
162.2,4.5,720.2,154.7,2.4,378.8,1048.6,60.01,208.8,4.9,3.6,1381.7,38.7,2.6,1.1,0,582.6751262462774,75.80543272267846,0.13009896820383238,33.437,33.812,2025-10-28 10:18:28
162.5,4.2,708.4,157.5,2.4,379.7,1038.7,60,208.9,4.7,3.6,1381.7,38.7,2.6,1.1,0,543.8301178298589,75.80543272267846,0.13939175164696327,33.437,33.75,2025-10-28 10:18:43
161.6,4.4,700.6,160.1,2.4,361.8,1016.0,59.98,208.7,4.8,3.6,1381.7,38.7,2.6,1.1,0,543.8301178298589,75.80543272267846,0.13939175164696327,33.5,33.75,2025-10-28 10:18:58
162.3,4.2,706.0,157.6,2.4,379.8,1036.8,59.98,208.7,4.7,3.6,1381.7,38.7,2.6,1.1,0,543.8301178298589,75.80543272267846,0.13939175164696327,33.562,33.812,2025-10-28 10:19:13
162.4,4.5,715.0,154.6,2.5,381.3,1045.0,60.04,208.9,4.9,3.7,1381.8,38.7,2.6,1.1,0,543.8301178298589,75.80543272267846,0.13939175164696327,33.562,33.875,2025-10-28 10:19:28
162.3,4.6,738.8,154.6,2.5,386.2,1072.5,59.99,208.9,4.9,3.7,1381.8,38.8,2.6,1.1,0,582.6751262462774,75.80543272267846,0.13009896820383238,33.687,33.937,2025-10-28 10:19:43
162.3,4.6,736.2,156,2.5,386.6,1071.2,60.03,208.9,5,3.7,1381.8,38.8,2.6,1.1,0,582.6751262462774,75.80543272267846,0.13009896820383238,33.75,33.937,2025-10-28 10:19:58
162.3,4.6,734.2,157.5,2.4,387.2,1069.3,60.02,208.6,5,3.7,1381.8,38.9,2.6,1.1,0,582.6751262462774,75.80543272267846,0.13009896820383238,33.687,33.937,2025-10-28 10:20:13
162.3,4.6,742.5,155.3,2.5,390.1,1080.0,60,208.7,5.1,3.7,1381.8,38.9,2.7,1.1,0,582.6751262462774,75.80543272267846,0.13009896820383238,33.75,34.0,2025-10-28 10:20:28
162.3,4.5,734.2,156.1,2.5,390.9,1072.6,60.03,209,5.1,3.7,1381.8,38.9,2.7,1.1,0,582.6751262462774,75.80543272267846,0.13009896820383238,33.75,34.0,2025-10-28 10:20:43
162.4,4.5,720.9,157.4,2.4,387.9,1056.9,60.04,209.1,5,3.7,1381.8,38.9,2.7,1.1,0,582.6751262462774,75.80543272267846,0.13009896820383238,33.812,34.0,2025-10-28 10:20:58
162.3,4.5,719.1,157.5,2.4,386.1,1055.9,60.03,208.8,5,3.7,1381.8,38.9,2.7,1.1,0,582.6751262462774,75.80543272267846,0.13009896820383238,33.812,34.0,2025-10-28 10:21:13
162.3,4.3,698.6,154.5,2.5,384.5,1033.0,60.01,208.8,4.9,3.7,1381.8,38.9,2.7,1.1,0,543.8301178298589,75.80543272267846,0.13939175164696327,33.625,33.875,2025-10-28 10:21:28
162.4,4.3,690.8,151.5,2.5,378.7,1024.7,60,208.8,4.9,3.7,1381.8,38.9,2.7,1.1,0,543.8301178298589,75.80543272267846,0.13939175164696327,33.562,33.875,2025-10-28 10:21:43
162.8,4.4,683.4,154.6,2.4,386.7,1019.1,59.98,208.9,5,3.7,1381.8,38.9,2.7,1.1,0,543.8301178298589,75.80543272267846,0.13939175164696327,33.5,33.812,2025-10-28 10:21:58
162.4,4.4,709.6,157.5,2.5,388.1,1049.0,60,208.8,5,3.7,1381.8,38.9,2.7,1.1,0,543.8301178298589,75.80543272267846,0.13939175164696327,33.625,33.812,2025-10-28 10:22:13
164.3,4.5,709.8,154.7,2.5,390.8,1048.6,59.98,209,5,3.7,1381.8,38.9,2.7,1.1,0,582.6751262462774,75.80543272267846,0.13009896820383238,33.625,33.812,2025-10-28 10:22:28
161.7,4.5,714.0,152.1,2.5,389.9,1051.3,59.98,208.9,5,3.7,1381.8,39,2.7,1.1,0,582.6751262462774,75.80543272267846,0.13009896820383238,33.625,33.75,2025-10-28 10:22:43
163.7,4.5,687.6,154.6,2.5,392.1,1029.1,60,208.9,5,3.7,1381.8,39,2.7,1.1,0,582.6751262462774,75.80543272267846,0.13009896820383238,33.687,33.812,2025-10-28 10:22:58
162.5,4.5,725.1,157.5,2.5,392.9,1065.9,59.99,208.9,5.1,3.7,1381.8,39.1,2.7,1.2,0,582.6751262462774,75.80543272267846,0.13009896820383238,33.812,33.937,2025-10-28 10:23:13
164.9,4.5,687.3,154.5,2.5,394.5,1047.5,59.97,208.9,5.1,3.7,1381.8,39.1,2.7,1.2,0,582.6751262462774,75.80543272267846,0.13009896820383238,33.75,33.812,2025-10-28 10:23:28
160.2,4.5,714.0,152.6,2.5,387.2,1048.5,59.97,209,5,3.7,1381.8,39.1,2.7,1.2,0,582.6751262462774,75.80543272267846,0.13009896820383238,33.562,33.812,2025-10-28 10:23:43
164.5,4.3,655.7,156,2.5,388.3,997.6,60.04,208.7,4.9,3.7,1381.8,39.1,2.7,1.2,0,543.8301178298589,75.80543272267846,0.13939175164696327,33.562,33.437,2025-10-28 10:23:58
159.2,4.1,663.8,151.5,2.5,379.1,991.5,60.01,209,4.7,3.7,1381.8,39.1,2.7,1.2,0,543.8301178298589,75.80543272267846,0.13939175164696327,33.562,33.437,2025-10-28 10:24:13
164.9,3.9,619.8,154.6,2.4,382.8,957.1,59.99,209.1,4.6,3.7,1381.8,39.1,2.7,1.2,0,504.9851094134404,75.80543272267846,0.15011419408134505,33.625,33.437,2025-10-28 10:24:28
159.3,3.6,591.1,154.6,2.4,373.4,921.4,60,208.9,4.3,3.7,1381.8,39.1,2.7,1.2,0,466.14010099702193,75.80543272267846,0.16262371025479047,33.625,33.437,2025-10-28 10:24:43
162.3,3.5,568.6,154.9,2.3,368.2,896.1,59.98,208.8,4.2,3.7,1381.8,39.1,2.7,1.2,0,466.14010099702193,75.80543272267846,0.16262371025479047,33.75,33.437,2025-10-28 10:24:58
162.3,3.4,556.2,154.6,2.4,366.3,883.2,59.99,208.7,4.1,3.8,1381.9,39.1,2.7,1.2,0,427.2950925806034,37.90271636133923,0.08870384195715844,33.687,33.437,2025-10-28 10:25:13
162.2,3.4,548.8,154.5,2.3,365.4,874.2,59.97,208.7,4.2,3.8,1381.9,39,2.7,1.2,0,427.2950925806034,75.80543272267846,0.17740768391431688,33.562,33.25,2025-10-28 10:25:28
162.4,3.5,560.9,154.6,2.4,368.0,888.3,59.99,208.8,4.2,3.8,1381.9,38.9,2.7,1.2,0,466.14010099702193,75.80543272267846,0.16262371025479047,33.5,33.125,2025-10-28 10:25:43
162.4,3.5,566.8,154.7,2.4,369.6,896.5,60.04,209,4.2,3.8,1381.9,38.8,2.7,1.2,0,466.14010099702193,75.80543272267846,0.16262371025479047,33.5,33.125,2025-10-28 10:25:58
162.3,3.5,568.8,154.6,2.4,370.7,899.3,60,209,4.2,3.8,1381.9,38.8,2.7,1.2,0,466.14010099702193,75.80543272267846,0.16262371025479047,33.562,33.187,2025-10-28 10:26:13
162.3,3.5,565.1,154.7,2.4,370.6,894.4,60.01,208.9,4.2,3.8,1381.9,38.7,2.7,1.2,0,466.14010099702193,37.90271636133923,0.08131185512739524,33.625,33.187,2025-10-28 10:26:28
162.4,3.5,558.9,154.7,2.4,370.3,888.1,60.02,208.6,4.2,3.8,1381.9,38.7,2.7,1.2,0,466.14010099702193,75.80543272267846,0.16262371025479047,33.687,33.187,2025-10-28 10:26:43
162.4,3.4,551.9,154.5,2.4,370.0,883.7,60,208.8,4.2,3.8,1381.9,38.7,2.7,1.2,0,427.2950925806034,37.90271636133923,0.08870384195715844,33.875,33.312,2025-10-28 10:26:58
162.2,3.4,555.7,154.7,2.4,370.2,886.1,60.03,208.8,4.2,3.8,1381.9,38.7,2.7,1.2,0,427.2950925806034,37.90271636133923,0.08870384195715844,34.0,33.375,2025-10-28 10:27:13
162.3,3.5,558.3,154.6,2.4,372.0,890.3,60.01,208.9,4.2,3.8,1381.9,38.8,2.7,1.2,0,466.14010099702193,37.90271636133923,0.08131185512739524,34.0,33.312,2025-10-28 10:27:28
162.3,3.5,555.4,154.8,2.4,370.1,891.5,60.01,208.6,4.2,3.8,1381.9,38.9,2.7,1.2,0,466.14010099702193,75.80543272267846,0.16262371025479047,33.937,33.312,2025-10-28 10:27:43
162.7,3.5,548.4,154.8,2.4,370.8,877.5,59.98,208.6,4.2,3.8,1381.9,38.9,2.7,1.2,0,466.14010099702193,75.80543272267846,0.16262371025479047,33.875,33.25,2025-10-28 10:27:58
162.3,3.5,564.6,154.3,2.4,373.6,897.8,60.01,208.8,4.2,3.8,1381.9,38.8,2.7,1.2,0,466.14010099702193,37.90271636133923,0.08131185512739524,33.812,33.25,2025-10-28 10:28:13
164.6,3.5,537.1,153,2.4,374.5,889.8,60.02,208.6,4.2,3.8,1381.9,38.8,2.7,1.2,0,466.14010099702193,37.90271636133923,0.08131185512739524,33.75,33.187,2025-10-28 10:28:28
161.3,3.4,550.5,155.9,2.4,372.4,882.0,59.99,208.7,4.2,3.8,1381.9,38.8,2.7,1.2,0,466.14010099702193,75.80543272267846,0.16262371025479047,33.812,33.187,2025-10-28 10:28:43
163.5,3.4,523.3,154.1,2.4,367.5,850.2,60.01,209.3,4.2,3.8,1381.9,38.8,2.7,1.2,0,427.2950925806034,37.90271636133923,0.08870384195715844,33.812,33.062,2025-10-28 10:28:58
159.5,3.3,524.6,154.9,2.4,367.7,853.5,60.01,209.4,4.1,3.8,1381.9,38.8,2.7,1.2,0,427.2950925806034,37.90271636133923,0.08870384195715844,33.625,32.937,2025-10-28 10:29:13
165.2,3.2,497.3,151.6,2.4,362.2,824.3,59.98,209.8,4.1,3.8,1381.9,38.7,2.7,1.2,0,427.2950925806034,37.90271636133923,0.08870384195715844,33.562,32.875,2025-10-28 10:29:28
159.9,3.1,501.2,157.2,2.4,361.4,827.9,60,210.1,4,3.8,1381.9,38.6,2.7,1.2,0,427.2950925806034,37.90271636133923,0.08870384195715844,33.625,32.875,2025-10-28 10:29:43
164.8,3.1,485.3,152.7,2.3,360.1,810.6,60.02,209.8,4,3.8,1381.9,38.5,2.7,1.2,0,427.2950925806034,37.90271636133923,0.08870384195715844,33.25,32.875,2025-10-28 10:29:58
159.1,3.1,498.6,157.7,2.4,361.6,822.4,60.03,210.1,4,3.8,1381.9,38.5,2.8,1.2,0,427.2950925806034,37.90271636133923,0.08870384195715844,33.437,32.875,2025-10-28 10:30:13
165.1,3.1,489.9,151.6,2.3,361.1,817.1,59.99,209.8,3.9,3.8,1381.9,38.5,2.8,1.2,0,388.4500841641849,37.90271636133923,0.0975742261528743,33.375,32.875,2025-10-28 10:30:28
159.4,3.1,493.5,157.6,2.4,362.6,818.2,60,210,4,3.8,1381.9,38.5,2.8,1.2,0,388.4500841641849,37.90271636133923,0.0975742261528743,33.437,32.875,2025-10-28 10:30:43
163.6,2.9,487.1,151.9,2.4,360.5,813.4,60.03,210,4,3.8,1381.9,38.5,2.8,1.2,0,388.4500841641849,37.90271636133923,0.0975742261528743,33.562,32.937,2025-10-28 10:30:58
160.1,3.1,496.8,156.6,2.3,367.3,825.2,59.99,210.1,3.9,3.8,1381.9,38.5,2.8,1.2,0,388.4500841641849,37.90271636133923,0.0975742261528743,33.562,32.937,2025-10-28 10:31:13
164.7,2.9,492.1,151.7,2.4,363.9,821.0,59.98,209.6,3.8,3.8,1381.9,38.5,2.8,1.2,0,388.4500841641849,37.90271636133923,0.0975742261528743,33.562,32.937,2025-10-28 10:31:28
159.5,3.1,491.2,157.3,2.3,365.8,819.4,59.97,209.6,3.9,3.8,1381.9,38.5,2.8,1.2,0,388.4500841641849,37.90271636133923,0.0975742261528743,33.437,32.75,2025-10-28 10:31:43
162.4,2.9,490.6,154.5,2.4,366.4,808.8,59.96,209.7,3.8,3.8,1381.9,38.5,2.8,1.2,0,388.4500841641849,37.90271636133923,0.0975742261528743,33.562,32.75,2025-10-28 10:31:58
161.2,3,487.1,155.3,2.3,365.5,816.9,59.95,209.5,3.8,3.9,1382.0,38.5,2.8,1.2,0,388.4500841641849,37.90271636133923,0.0975742261528743,33.562,32.687,2025-10-28 10:32:13
163.5,2.9,483.4,153.1,2.4,364.6,813.7,59.98,209.9,3.8,3.9,1382.0,38.5,2.8,1.2,0,388.4500841641849,37.90271636133923,0.0975742261528743,33.5,32.625,2025-10-28 10:32:28
162.2,3,480.5,154.6,2.3,365.8,811.4,60,209.9,3.8,3.9,1382.0,38.3,2.8,1.2,0,388.4500841641849,37.90271636133923,0.0975742261528743,33.312,32.5,2025-10-28 10:32:43
162.3,2.8,477.7,154.6,2.4,365.6,807.9,59.99,209.8,3.8,3.9,1382.0,38.3,2.8,1.2,0,388.4500841641849,37.90271636133923,0.0975742261528743,33.25,32.375,2025-10-28 10:32:58
162.3,2.9,475.2,154.7,2.3,365.0,806.4,59.99,210.2,3.8,3.9,1382.0,38.2,2.8,1.2,0,388.4500841641849,37.90271636133923,0.0975742261528743,33.375,32.375,2025-10-28 10:33:13
162.2,2.9,473.2,154.5,2.3,365.7,805.0,59.98,210.4,3.8,3.9,1382.0,38.2,2.8,1.2,0,388.4500841641849,37.90271636133923,0.0975742261528743,33.375,32.437,2025-10-28 10:33:28
162.3,2.9,471.6,154.5,2.4,365.4,803.5,59.98,210.2,3.7,3.9,1382.0,38.2,2.8,1.2,0,388.4500841641849,37.90271636133923,0.0975742261528743,33.437,32.437,2025-10-28 10:33:43
162.2,2.9,471.7,154.6,2.4,366.4,803.7,59.97,210,3.7,3.9,1382.0,38.2,2.8,1.2,0,388.4500841641849,37.90271636133923,0.0975742261528743,33.5,32.437,2025-10-28 10:33:58
162.3,2.9,469.9,154.6,2.4,366.4,802.7,59.99,210.2,3.8,3.9,1382.0,38.2,2.8,1.2,0,388.4500841641849,37.90271636133923,0.0975742261528743,33.562,32.437,2025-10-28 10:34:13
162.3,2.9,468.9,154.6,2.3,365.5,800.6,60.02,210.4,3.8,3.9,1382.0,38.2,2.8,1.2,0,388.4500841641849,37.90271636133923,0.0975742261528743,33.562,32.437,2025-10-28 10:34:28
162.2,2.9,467.6,154.7,2.4,366.7,800.8,60,210.3,3.8,3.9,1382.0,38.2,2.8,1.2,0,388.4500841641849,37.90271636133923,0.0975742261528743,33.562,32.437,2025-10-28 10:34:43
162.2,2.9,466.6,154.6,2.4,367.1,800.5,60,210.4,3.8,3.9,1382.0,38.2,2.8,1.2,0,388.4500841641849,37.90271636133923,0.0975742261528743,33.562,32.437,2025-10-28 10:34:58
162.2,2.9,463.9,154.6,2.4,366.7,798.5,59.98,210.1,3.8,3.9,1382.0,38.2,2.8,1.2,0,388.4500841641849,37.90271636133923,0.0975742261528743,33.625,32.437,2025-10-28 10:35:13
162.2,2.9,462.9,154.4,2.4,365.4,795.1,60.01,210,3.8,3.9,1382.0,38.2,2.8,1.2,0,388.4500841641849,37.90271636133923,0.0975742261528743,33.562,32.437,2025-10-28 10:35:28
162.4,2.8,462.1,154.4,2.4,367.8,795.8,60,210.2,3.8,3.9,1382.0,38.2,2.8,1.2,0,388.4500841641849,37.90271636133923,0.0975742261528743,33.5,32.437,2025-10-28 10:35:43
159.3,2.8,454.3,154.5,2.4,367.2,787.5,59.98,210.2,3.8,3.9,1382.0,38.2,2.8,1.2,0,388.4500841641849,37.90271636133923,0.0975742261528743,33.5,32.437,2025-10-28 10:35:58
162.3,2.8,461.0,154.4,2.4,363.7,794.3,59.97,210.1,3.8,3.9,1382.0,38.2,2.8,1.2,0,388.4500841641849,37.90271636133923,0.0975742261528743,33.562,32.5,2025-10-28 10:36:13
165.3,2.8,458.7,157.5,2.3,364.5,790.7,59.97,210.4,3.8,3.9,1382.0,38.2,2.8,1.2,0,388.4500841641849,37.90271636133923,0.0975742261528743,33.562,32.562,2025-10-28 10:36:28
162.3,2.8,461.3,151.2,2.4,364.2,790.6,60.01,210.4,3.8,3.9,1382.0,38.2,2.8,1.2,0,388.4500841641849,37.90271636133923,0.0975742261528743,33.5,32.562,2025-10-28 10:36:43
160.4,2.8,454.6,154.7,2.4,369.2,795.6,60,210.3,3.8,3.9,1382.0,38.2,2.8,1.2,0,388.4500841641849,37.90271636133923,0.0975742261528743,33.437,32.5,2025-10-28 10:36:58
163.5,2.8,464.1,157.5,2.3,367.0,797.7,60.01,210.5,3.8,3.9,1382.0,38.1,2.8,1.2,0,388.4500841641849,37.90271636133923,0.0975742261528743,33.437,32.437,2025-10-28 10:37:13
165.3,2.8,463.3,152.6,2.4,369.6,799.4,59.97,210.4,3.8,3.9,1382.0,38,2.8,1.2,0,388.4500841641849,37.90271636133923,0.0975742261528743,33.375,32.437,2025-10-28 10:37:28
162.2,2.9,463.9,154.5,2.4,371.5,801.4,60.01,210.4,3.8,3.9,1382.0,38,2.8,1.2,0,388.4500841641849,37.90271636133923,0.0975742261528743,33.312,32.437,2025-10-28 10:37:43
165.3,2.8,463.9,157.4,2.3,367.9,799.0,59.98,210.3,3.8,3.9,1382.0,38,2.8,1.2,0,388.4500841641849,37.90271636133923,0.0975742261528743,33.187,32.375,2025-10-28 10:37:58
168,2.7,427.8,154.7,2.4,371.1,762.4,60.01,210.2,3.8,3.9,1382.0,38,2.8,1.2,0,388.4500841641849,37.90271636133923,0.0975742261528743,33.437,32.5,2025-10-28 10:38:13
164.9,2.9,465.6,154.6,2.4,372.1,804.3,59.98,210.3,3.8,3.9,1382.0,38,2.8,1.2,0,388.4500841641849,37.90271636133923,0.0975742261528743,33.562,32.437,2025-10-28 10:38:28
162.3,2.8,463.9,157.3,2.3,371.6,800.0,59.98,210.2,3.8,3.9,1382.0,38.1,2.8,1.2,0,388.4500841641849,37.90271636133923,0.0975742261528743,33.625,32.562,2025-10-28 10:38:43
165.3,2.8,466.0,154.6,2.4,373.3,805.5,60,210.3,3.6,3.9,1382.0,38.1,2.8,1.2,0,388.4500841641849,37.90271636133923,0.0975742261528743,33.625,32.562,2025-10-28 10:38:58
165.9,2.8,438.5,154.6,2.4,373.7,778.8,60,210,3.8,3.9,1382.0,38.1,2.8,1.2,0,388.4500841641849,37.90271636133923,0.0975742261528743,33.625,32.625,2025-10-28 10:39:13
164.2,2.9,467.4,154.5,2.4,373.1,803.1,59.98,209.8,3.8,3.9,1382.0,38.1,2.8,1.3,0,388.4500841641849,37.90271636133923,0.0975742261528743,33.5,32.625,2025-10-28 10:39:28
163.8,2.8,464.5,152.7,2.4,373.9,803.7,60.05,209.8,3.8,4.0,1382.1,38.2,2.8,1.3,0,388.4500841641849,37.90271636133923,0.0975742261528743,33.5,32.625,2025-10-28 10:39:43
166.4,2.5,462.2,156.5,2.3,374.5,804.2,60.02,210,3.6,4.0,1382.1,38.2,2.8,1.3,0,388.4500841641849,37.90271636133923,0.0975742261528743,33.5,32.687,2025-10-28 10:39:58
165.3,2.8,467.9,151.8,2.4,373.8,807.6,60.03,210.1,3.8,4.0,1382.1,38.2,2.8,1.3,0,388.4500841641849,37.90271636133923,0.0975742261528743,33.5,32.687,2025-10-28 10:40:13
165.3,2.8,466.5,154.7,2.4,376.8,808.3,60.05,209.9,3.8,4.0,1382.1,38.2,2.8,1.3,0,388.4500841641849,37.90271636133923,0.0975742261528743,33.5,32.687,2025-10-28 10:40:28
168,2.8,421.9,154.6,2.4,376.6,768.3,60.03,209.8,3.9,4.0,1382.1,38.2,2.8,1.3,0,388.4500841641849,37.90271636133923,0.0975742261528743,33.5,32.687,2025-10-28 10:40:43
162.3,2.9,464.4,152.6,2.4,370.3,799.7,60.03,210,3.8,4.0,1382.1,38.2,2.8,1.3,0,388.4500841641849,37.90271636133923,0.0975742261528743,33.437,32.625,2025-10-28 10:40:58
165.3,2.8,465.4,154.5,2.3,377.4,810.4,60.03,209.9,3.8,4.0,1382.1,38.2,2.8,1.3,0,388.4500841641849,37.90271636133923,0.0975742261528743,33.312,32.625,2025-10-28 10:41:13
165.9,2.8,440.2,154.4,2.4,376.9,781.2,60.01,209.7,3.9,4.0,1382.1,38.2,2.8,1.3,0,388.4500841641849,37.90271636133923,0.0975742261528743,33.437,32.5,2025-10-28 10:41:28
165.4,2.8,464.4,154.6,2.4,376.6,805.6,59.97,209.7,3.8,4.0,1382.1,38.2,2.8,1.3,0,388.4500841641849,37.90271636133923,0.0975742261528743,33.375,32.437,2025-10-28 10:41:43
167.4,2.8,451.9,157.5,2.4,375.3,794.5,60.02,210.3,3.8,4.0,1382.1,38.2,2.8,1.3,0,388.4500841641849,37.90271636133923,0.0975742261528743,33.437,32.375,2025-10-28 10:41:58
164.4,2.8,460.5,154.7,2.4,378.3,803.4,60,210.2,3.8,4.0,1382.1,38.2,2.8,1.3,0,388.4500841641849,37.90271636133923,0.0975742261528743,33.375,32.312,2025-10-28 10:42:13
166.8,2.8,420.2,154.1,2.4,372.6,770.5,60.03,209.9,3.9,4.0,1382.1,38.2,2.8,1.3,0,388.4500841641849,37.90271636133923,0.0975742261528743,33.375,32.312,2025-10-28 10:42:28
165.5,2.8,460.6,157.6,2.4,376.7,803.0,60,209.8,3.9,4.0,1382.1,38.1,2.8,1.3,0,388.4500841641849,37.90271636133923,0.0975742261528743,33.312,32.25,2025-10-28 10:42:43
168,2.8,422.6,157.2,2.4,377.5,785.2,60.02,209.7,3.9,4.0,1382.1,38,2.8,1.3,0,388.4500841641849,37.90271636133923,0.0975742261528743,85.0,32.187,2025-10-28 10:42:58
162.9,2.8,458.0,153.9,2.4,378.0,800.5,60.02,209.4,3.8,4.0,1382.1,38,2.9,1.3,0,388.4500841641849,37.90271636133923,0.0975742261528743,33.125,32.187,2025-10-28 10:43:13
167.7,2.8,418.3,154.6,2.4,378.0,765.4,60.05,209.8,3.8,4.0,1382.1,37.9,2.9,1.3,0,388.4500841641849,37.90271636133923,0.0975742261528743,85.0,32.125,2025-10-28 10:43:28
162.1,2.8,458.7,157.5,2.4,376.2,799.9,60.04,209.9,3.8,4.0,1382.1,37.9,2.9,1.3,0,388.4500841641849,37.90271636133923,0.0975742261528743,33.25,32.187,2025-10-28 10:43:43
167.9,2.7,437.0,154.6,2.4,378.8,785.4,60.03,209.6,3.8,4.0,1382.1,37.9,2.9,1.3,0,388.4500841641849,37.90271636133923,0.0975742261528743,33.25,32.187,2025-10-28 10:43:58
162.4,2.8,458.4,151.7,2.4,373.8,794.2,60.03,209.9,3.8,4.0,1382.1,37.9,2.9,1.3,0,388.4500841641849,37.90271636133923,0.0975742261528743,33.187,32.125,2025-10-28 10:44:13
168.1,2.7,428.3,157.5,2.4,378.2,776.4,60.03,209.9,3.8,4.0,1382.1,37.8,2.9,1.3,0,388.4500841641849,37.90271636133923,0.0975742261528743,33.25,32.187,2025-10-28 10:44:28
162.7,2.8,461.5,154.9,2.4,379.4,803.4,60.03,210.1,3.9,4.0,1382.1,37.8,2.9,1.3,0,388.4500841641849,37.90271636133923,0.0975742261528743,33.187,32.187,2025-10-28 10:44:43
167.5,2.5,447.7,151.5,2.4,376.7,792.6,60.02,210.1,3.7,4.0,1382.1,37.8,2.9,1.3,0,388.4500841641849,37.90271636133923,0.0975742261528743,33.25,32.187,2025-10-28 10:44:58
162.1,2.8,459.6,154.5,2.4,381.5,806.6,60.01,209.9,3.8,4.0,1382.1,37.8,2.9,1.3,0,388.4500841641849,37.90271636133923,0.0975742261528743,33.312,32.25,2025-10-28 10:45:13
165.8,2.5,464.5,157.5,2.4,379.7,789.0,59.99,210,3.6,4.0,1382.1,37.8,2.9,1.3,0,388.4500841641849,37.90271636133923,0.0975742261528743,33.5,32.312,2025-10-28 10:45:28
163.7,2.8,465.7,154.5,2.5,383.0,813.3,60,210.2,3.8,4.0,1382.1,37.9,2.9,1.3,0,388.4500841641849,37.90271636133923,0.0975742261528743,33.5,32.312,2025-10-28 10:45:43
166.4,2.5,464.2,153.6,2.5,379.1,808.2,60.02,210.2,3.7,4.0,1382.1,37.9,2.9,1.3,0,388.4500841641849,37.90271636133923,0.0975742261528743,33.437,32.25,2025-10-28 10:45:58
165.3,2.8,466.8,156.9,2.4,384.4,815.4,60,210.3,3.8,4.0,1382.1,37.8,2.9,1.3,0,388.4500841641849,37.90271636133923,0.0975742261528743,33.25,32.187,2025-10-28 10:46:13
165.2,2.6,469.2,157.4,2.5,382.8,817.5,60.01,210.3,3.7,4.0,1382.1,37.8,2.9,1.3,0,388.4500841641849,37.90271636133923,0.0975742261528743,33.125,32.125,2025-10-28 10:46:28
165.2,2.9,470.3,154.5,2.5,386.0,820.5,60.02,210.2,3.8,4.0,1382.1,37.7,2.9,1.3,0,388.4500841641849,37.90271636133923,0.0975742261528743,33.125,32.125,2025-10-28 10:46:43
165.6,2.7,471.4,154.7,2.5,386.8,822.7,59.99,210.5,3.8,4.0,1382.1,37.7,2.9,1.3,0,388.4500841641849,37.90271636133923,0.0975742261528743,33.187,32.125,2025-10-28 10:46:58
165.3,2.9,474.0,157.3,2.4,386.5,824.2,59.98,210.5,3.9,4.1,1382.2,37.6,2.9,1.3,0,388.4500841641849,37.90271636133923,0.0975742261528743,33.25,32.125,2025-10-28 10:47:13
165.3,2.8,475.8,154.3,2.5,387.5,827.2,59.98,210.5,3.8,4.1,1382.2,37.7,2.9,1.3,0,388.4500841641849,37.90271636133923,0.0975742261528743,33.312,32.125,2025-10-28 10:47:28
165.3,2.9,477.1,151.6,2.5,383.9,824.6,60.04,210.4,3.9,4.1,1382.2,37.7,2.9,1.3,0,388.4500841641849,37.90271636133923,0.0975742261528743,33.375,32.187,2025-10-28 10:47:43
165.3,2.9,477.7,154.6,2.5,389.5,831.7,60.06,210.4,3.9,4.1,1382.2,37.7,2.9,1.3,0,388.4500841641849,37.90271636133923,0.0975742261528743,33.375,32.25,2025-10-28 10:47:58
165.3,2.9,479.9,157.5,2.5,389.2,833.3,60.03,210.4,3.9,4.1,1382.2,37.7,2.9,1.3,0,388.4500841641849,37.90271636133923,0.0975742261528743,33.312,32.187,2025-10-28 10:48:13
165.3,2.9,483.0,154.6,2.5,392.5,838.4,60.01,210.5,4,4.1,1382.2,37.7,2.9,1.3,0,388.4500841641849,37.90271636133923,0.0975742261528743,33.375,32.187,2025-10-28 10:48:28
165.3,2.9,487.0,154.6,2.5,389.5,837.8,60.02,210.3,4,4.1,1382.2,37.7,2.9,1.3,0,388.4500841641849,37.90271636133923,0.0975742261528743,33.562,32.187,2025-10-28 10:48:43
165.3,3,491.1,155,2.5,395.2,849.3,60.01,210.4,4.1,4.1,1382.2,37.6,2.9,1.3,0,388.4500841641849,37.90271636133923,0.0975742261528743,33.312,32.25,2025-10-28 10:48:58
165.3,3,495.7,157.1,2.6,396.4,853.8,60,210.3,4.1,4.1,1382.2,37.6,2.9,1.3,0,388.4500841641849,37.90271636133923,0.0975742261528743,33.312,32.25,2025-10-28 10:49:13
165.3,3,498.0,153.3,2.6,399.1,857.9,59.98,210,4.1,4.1,1382.2,37.6,2.9,1.3,0,388.4500841641849,37.90271636133923,0.0975742261528743,33.312,32.312,2025-10-28 10:49:28
165.8,3,479.9,154.6,2.6,399.3,859.8,59.97,210.1,4.1,4.1,1382.2,37.6,2.9,1.3,0,388.4500841641849,37.90271636133923,0.0975742261528743,33.437,32.375,2025-10-28 10:49:43
165.5,3,499.8,157.6,2.5,399.3,860.4,59.96,210.4,4.1,4.1,1382.2,37.7,2.9,1.3,0,388.4500841641849,37.90271636133923,0.0975742261528743,33.562,32.5,2025-10-28 10:49:58
165.5,3.1,492.9,154.5,2.6,402.0,854.4,59.99,210.4,4.1,4.1,1382.2,37.7,2.9,1.3,0,388.4500841641849,37.90271636133923,0.0975742261528743,33.562,32.562,2025-10-28 10:50:13
164.3,3.1,508.9,151.7,2.6,397.1,865.4,60,210.1,4.2,4.1,1382.2,37.8,2.9,1.3,0,427.2950925806034,37.90271636133923,0.08870384195715844,33.625,32.625,2025-10-28 10:50:28
167,3.1,472.7,154.6,2.6,404.3,838.9,59.99,209.9,4.2,4.1,1382.2,37.8,2.9,1.3,0,427.2950925806034,37.90271636133923,0.08870384195715844,33.812,32.687,2025-10-28 10:50:43
165,3.1,503.6,157.5,2.5,402.2,866.7,59.98,210.3,4.1,4.1,1382.2,37.8,2.9,1.3,0,388.4500841641849,37.90271636133923,0.0975742261528743,33.75,32.75,2025-10-28 10:50:58
166.3,3.1,474.8,154.6,2.6,404.4,839.9,59.98,210.3,4.2,4.1,1382.2,37.8,2.9,1.3,0,427.2950925806034,37.90271636133923,0.08870384195715844,33.687,32.625,2025-10-28 10:51:13
162.5,3,497.2,151.7,2.6,397.1,862.7,59.97,210,4.1,4.1,1382.2,37.8,2.9,1.3,0,388.4500841641849,37.90271636133923,0.0975742261528743,33.562,32.562,2025-10-28 10:51:28
167.9,3,460.7,155.2,2.5,403.5,825.8,59.99,210.1,4.1,4.1,1382.2,37.7,2.9,1.3,0,388.4500841641849,37.90271636133923,0.0975742261528743,33.5,32.5,2025-10-28 10:51:43
163.8,3,496.6,156.3,2.6,402.2,859.6,59.99,210.1,4.1,4.1,1382.2,37.7,2.9,1.3,0,388.4500841641849,37.90271636133923,0.0975742261528743,33.562,32.5,2025-10-28 10:51:58
167.8,3,484.1,152.7,2.6,404.1,827.6,60.02,209.9,4.1,4.1,1382.2,37.6,2.9,1.3,0,388.4500841641849,37.90271636133923,0.0975742261528743,33.562,32.437,2025-10-28 10:52:13
162.4,3,499.7,154.6,2.6,404.4,864.8,59.99,210.2,4.2,4.1,1382.2,37.6,2.9,1.3,0,388.4500841641849,37.90271636133923,0.0975742261528743,33.5,32.437,2025-10-28 10:52:28
168,2.9,476.0,157.5,2.6,405.0,847.0,59.98,210,4.2,4.1,1382.2,37.7,2.9,1.3,0,388.4500841641849,37.90271636133923,0.0975742261528743,33.625,32.5,2025-10-28 10:52:43
162.5,3.1,501.5,154.5,2.6,407.6,869.7,60.01,210.2,4.1,4.1,1382.2,37.7,2.9,1.3,0,388.4500841641849,37.90271636133923,0.0975742261528743,33.687,32.562,2025-10-28 10:52:58
166.8,2.8,506.2,154,2.6,403.0,863.9,60,210.1,4.1,4.1,1382.2,37.8,2.9,1.3,0,427.2950925806034,37.90271636133923,0.08870384195715844,33.75,32.625,2025-10-28 10:53:13
162.2,3.1,508.0,157.5,2.6,408.9,876.5,59.97,210.3,4.2,4.1,1382.2,37.8,2.9,1.3,0,427.2950925806034,37.90271636133923,0.08870384195715844,33.812,32.687,2025-10-28 10:53:28
167.5,2.8,500.4,151.6,2.6,406.6,861.0,60,209.7,3.9,4.1,1382.2,37.8,2.9,1.3,0,427.2950925806034,37.90271636133923,0.08870384195715844,33.875,32.625,2025-10-28 10:53:43
164.8,3.2,516.0,154.6,2.6,412.3,881.5,60,209.7,4.2,4.1,1382.2,37.8,2.9,1.3,0,427.2950925806034,37.90271636133923,0.08870384195715844,33.812,32.562,2025-10-28 10:53:58
165.8,2.8,517.2,156.4,2.6,409.6,886.7,60.01,209.9,4,4.2,1382.3,37.8,2.9,1.3,0,427.2950925806034,37.90271636133923,0.08870384195715844,33.875,32.562,2025-10-28 10:54:13
163.6,3.2,519.6,153.5,2.7,407.2,884.3,59.99,209.8,4.2,4.2,1382.3,37.8,2.9,1.3,0,427.2950925806034,37.90271636133923,0.08870384195715844,33.875,32.687,2025-10-28 10:54:28
165.3,2.9,517.4,157.5,2.6,411.8,890.1,60,209.6,4.1,4.2,1382.3,37.9,2.9,1.3,0,427.2950925806034,37.90271636133923,0.08870384195715844,33.875,32.75,2025-10-28 10:54:43
165.3,3.2,525.0,154.7,2.7,415.9,899.7,60.04,209.9,4.2,4.2,1382.3,37.9,2.9,1.4,0,427.2950925806034,37.90271636133923,0.08870384195715844,34.0,32.875,2025-10-28 10:54:58
165.3,2.9,530.4,154.7,2.6,417.4,906.7,60.01,209.9,4.1,4.2,1382.3,38,2.9,1.4,0,427.2950925806034,37.90271636133923,0.08870384195715844,34.062,32.875,2025-10-28 10:55:13
165,3.3,536.3,154.2,2.7,420.4,914.2,60.01,210.1,4.2,4.2,1382.3,38,3.0,1.4,0,427.2950925806034,37.90271636133923,0.08870384195715844,34.0,32.937,2025-10-28 10:55:28
165.4,3.3,540.6,154.5,2.6,423.0,920.1,60,210.4,4.2,4.2,1382.3,38,3.0,1.4,0,427.2950925806034,37.90271636133923,0.08870384195715844,33.937,32.875,2025-10-28 10:55:43
165.3,3.3,544.0,154.6,2.7,424.4,925.2,60.01,210.3,4.2,4.2,1382.3,37.9,3.0,1.4,0,427.2950925806034,37.90271636133923,0.08870384195715844,33.937,32.875,2025-10-28 10:55:58
165.2,3.3,547.2,154.5,2.7,425.4,930.0,60.02,210.6,4.2,4.2,1382.3,37.9,3.0,1.4,0,427.2950925806034,37.90271636133923,0.08870384195715844,34.187,32.937,2025-10-28 10:56:13
165.3,3.3,546.5,154.7,2.7,426.7,932.1,60.01,210.4,4.3,4.2,1382.3,37.9,3.0,1.4,0,427.2950925806034,75.80543272267846,0.17740768391431688,34.125,32.875,2025-10-28 10:56:28
165.3,3.3,548.6,154.7,2.7,426.2,931.2,60.01,210.5,4.3,4.2,1382.3,37.9,3.0,1.4,0,427.2950925806034,37.90271636133923,0.08870384195715844,34.187,33.0,2025-10-28 10:56:43
165.3,3.3,548.1,154.6,2.8,427.1,932.2,60,210.8,4.3,4.2,1382.3,38,3.0,1.4,0,427.2950925806034,37.90271636133923,0.08870384195715844,34.375,33.062,2025-10-28 10:56:58
165.3,3.3,550.6,154.5,2.8,429.6,935.6,59.99,210.5,4.4,4.2,1382.3,38,3.0,1.4,0,427.2950925806034,75.80543272267846,0.17740768391431688,34.437,33.125,2025-10-28 10:57:13
168,3.3,515.3,154.6,2.8,429.8,906.1,60.01,210.4,4.4,4.2,1382.3,38.1,3.0,1.4,0,466.14010099702193,37.90271636133923,0.08131185512739524,34.375,33.125,2025-10-28 10:57:28
162.8,3.4,551.9,154.6,2.8,431.3,938.9,60.01,210.3,4.4,4.2,1382.3,38.1,3.0,1.4,0,466.14010099702193,75.80543272267846,0.16262371025479047,34.25,33.062,2025-10-28 10:57:43
167.9,3.2,506.2,154.6,2.8,431.1,897.4,60.04,210.3,4.4,4.2,1382.3,38.1,3.0,1.4,0,427.2950925806034,37.90271636133923,0.08870384195715844,34.25,33.062,2025-10-28 10:57:58
162.1,3.3,551.4,154.9,2.8,431.1,937.7,60.02,210.5,4.4,4.2,1382.3,38.2,3.0,1.4,0,427.2950925806034,37.90271636133923,0.08870384195715844,34.375,33.187,2025-10-28 10:58:13
165.4,3.2,551.1,154.6,2.8,430.0,937.1,60.01,210.7,4.2,4.2,1382.3,38.2,3.0,1.4,0,427.2950925806034,75.80543272267846,0.17740768391431688,34.437,33.187,2025-10-28 10:58:28
165.9,3.3,526.3,154.7,2.8,430.6,911.9,60.01,210.6,4.3,4.2,1382.3,38.3,3.0,1.4,0,466.14010099702193,75.80543272267846,0.16262371025479047,34.375,33.312,2025-10-28 10:58:43
163.7,3.4,554.6,154.6,2.8,434.4,943.2,60,210.6,4.4,4.2,1382.3,38.3,3.0,1.4,0,466.14010099702193,75.80543272267846,0.16262371025479047,34.375,33.375,2025-10-28 10:58:58
163.3,3.4,556.6,153.9,2.8,428.1,941.3,60,210.8,4.4,4.2,1382.3,38.4,3.0,1.4,0,466.14010099702193,37.90271636133923,0.08131185512739524,34.437,33.375,2025-10-28 10:59:13
164.7,3.4,555.2,155.2,2.8,430.9,941.8,60.01,210.9,4.4,4.2,1382.3,38.4,3.0,1.4,0,466.14010099702193,37.90271636133923,0.08131185512739524,34.5,33.437,2025-10-28 10:59:28
159.7,3.4,551.2,154.2,2.8,429.7,935.7,60.02,210.8,4.4,4.2,1382.3,38.4,3.0,1.4,0,466.14010099702193,75.80543272267846,0.16262371025479047,34.5,33.437,2025-10-28 10:59:43
165.3,3.5,556.1,157.4,2.8,430.4,947.3,59.99,210.9,4.4,4.2,1382.3,38.3,3.0,1.4,0,466.14010099702193,75.80543272267846,0.16262371025479047,34.625,33.375,2025-10-28 10:59:58
163,3.4,560.4,152.5,2.8,430.0,944.5,60,210.7,4.4,4.2,1382.3,38.3,3.0,1.4,0,466.14010099702193,75.80543272267846,0.16262371025479047,34.687,33.312,2025-10-28 11:00:13
164.4,3.5,559.5,156.6,2.8,433.7,948.3,60.04,210.5,4.5,4.2,1382.3,38.4,3.0,1.4,0,466.14010099702193,75.80543272267846,0.16262371025479047,34.687,33.25,2025-10-28 11:00:28
162.3,3.5,562.3,153.4,2.8,434.1,949.0,60.04,210.4,4.4,4.3,1382.4,38.4,3.0,1.4,0,466.14010099702193,75.80543272267846,0.16262371025479047,34.687,33.312,2025-10-28 11:00:43
162.4,3.5,563.6,157.5,2.8,436.3,954.8,60.02,210.2,4.5,4.3,1382.4,38.5,3.0,1.4,0,466.14010099702193,75.80543272267846,0.16262371025479047,34.625,33.375,2025-10-28 11:00:58
165.4,3.4,565.6,151.8,2.9,435.8,955.5,60.04,210.2,4.5,4.3,1382.4,38.5,3.0,1.4,0,466.14010099702193,75.80543272267846,0.16262371025479047,34.812,33.437,2025-10-28 11:01:13
162.2,3.5,571.5,157.3,2.8,438.9,964.6,60.02,210.4,4.5,4.3,1382.4,38.5,3.0,1.4,0,466.14010099702193,75.80543272267846,0.16262371025479047,34.687,33.375,2025-10-28 11:01:28
161.9,3.5,567.3,152,2.9,444.7,965.1,60.02,210.1,4.5,4.3,1382.4,38.5,3.0,1.4,0,466.14010099702193,75.80543272267846,0.16262371025479047,34.562,33.312,2025-10-28 11:01:43
165.1,3.5,578.6,157.2,2.8,445.2,977.5,60.03,210.1,4.6,4.3,1382.4,38.5,3.0,1.4,0,466.14010099702193,75.80543272267846,0.16262371025479047,34.625,33.375,2025-10-28 11:01:58
159.2,3.6,579.4,151.4,2.9,445.5,977.1,60.01,210.5,4.5,4.3,1382.4,38.5,3.0,1.4,0,466.14010099702193,75.80543272267846,0.16262371025479047,34.687,33.375,2025-10-28 11:02:13
162.6,3.6,592.8,154.9,2.8,448.6,991.0,60,210.4,4.6,4.3,1382.4,38.6,3.0,1.4,0,466.14010099702193,75.80543272267846,0.16262371025479047,34.625,33.375,2025-10-28 11:02:28
160.8,3.7,598.3,153.1,2.9,456.5,1005.2,59.97,210.4,4.6,4.3,1382.4,38.6,3.0,1.4,0,504.9851094134404,75.80543272267846,0.15011419408134505,34.562,33.375,2025-10-28 11:02:43
163.8,3.6,603.2,156,2.9,459.2,1012.2,60,210.5,4.7,4.3,1382.4,38.6,3.0,1.4,0,504.9851094134404,75.80543272267846,0.15011419408134505,34.5,33.375,2025-10-28 11:02:58
162.4,3.8,605.1,152.5,3,458.9,1014.2,59.97,210,4.7,4.3,1382.4,38.6,3.0,1.4,0,504.9851094134404,75.80543272267846,0.15011419408134505,34.687,33.375,2025-10-28 11:03:13
162.2,3.7,613.3,154.6,2.9,463.4,1024.0,59.99,210.2,4.8,4.3,1382.4,38.6,3.0,1.4,0,504.9851094134404,75.80543272267846,0.15011419408134505,34.625,33.5,2025-10-28 11:03:28
162.4,3.8,617.4,154.7,3,465.2,1031.2,60.01,210.2,4.7,4.3,1382.4,38.7,3.0,1.4,0,504.9851094134404,75.80543272267846,0.15011419408134505,34.687,33.5,2025-10-28 11:03:43
162.7,3.8,622.7,154.8,2.9,468.1,1038.7,60.02,210.3,4.8,4.3,1382.4,38.7,3.0,1.4,0,504.9851094134404,75.80543272267846,0.15011419408134505,34.75,33.562,2025-10-28 11:03:58
162.3,3.9,629.6,154.6,3,470.4,1046.2,60.01,210.3,4.8,4.3,1382.4,38.7,3.0,1.4,0,504.9851094134404,75.80543272267846,0.15011419408134505,34.812,33.625,2025-10-28 11:04:13
162.3,3.9,634.9,154.5,3,473.6,1054.6,59.98,210.5,4.9,4.3,1382.4,38.7,3.0,1.4,0,504.9851094134404,75.80543272267846,0.15011419408134505,35.0,33.75,2025-10-28 11:04:28
162.3,4,645.9,154.6,3.1,477.2,1068.5,60,210.2,4.9,4.3,1382.4,38.8,3.0,1.4,0,504.9851094134404,75.80543272267846,0.15011419408134505,35.0,33.875,2025-10-28 11:04:43
162.3,4,652.1,154.6,3.1,480.8,1078.4,60,210.2,5.1,4.3,1382.4,38.8,3.0,1.4,0,543.8301178298589,75.80543272267846,0.13939175164696327,35.125,34.062,2025-10-28 11:04:58
162.3,4.1,660.8,154.6,3.1,484.1,1088.2,59.99,210.3,5.1,4.3,1382.4,38.9,3.0,1.4,0,543.8301178298589,75.80543272267846,0.13939175164696327,35.187,34.125,2025-10-28 11:05:13
162.5,4.1,669.6,154.7,3.1,487.7,1099.8,60.02,210.3,5.2,4.3,1382.4,38.9,3.0,1.4,0,543.8301178298589,75.80543272267846,0.13939175164696327,35.25,34.25,2025-10-28 11:05:28
162.1,4.2,673.1,154.7,3.2,490.0,1105.0,59.99,210.2,5.2,4.3,1382.4,38.9,3.0,1.4,0,543.8301178298589,75.80543272267846,0.13939175164696327,35.312,34.25,2025-10-28 11:05:43
162.2,4.2,678.3,154.6,3.2,490.8,1110.6,60.01,210.5,5.2,4.3,1382.4,39.1,3.1,1.4,0,543.8301178298589,75.80543272267846,0.13939175164696327,35.25,34.375,2025-10-28 11:05:58
162.4,4.3,685.6,154.6,3.2,495.1,1123.4,60.04,210.4,5.3,4.3,1382.4,39.1,3.1,1.4,0,543.8301178298589,75.80543272267846,0.13939175164696327,35.312,34.375,2025-10-28 11:06:13
162.4,4.3,691.4,154.6,3.2,498.1,1129.9,60.02,210.3,5.3,4.4,1382.5,39.2,3.1,1.4,0,543.8301178298589,75.80543272267846,0.13939175164696327,35.5,34.5,2025-10-28 11:06:28
162.8,4.3,688.5,154.7,3.2,501.3,1140.7,60,210.5,5.4,4.4,1382.5,39.3,3.1,1.4,0,582.6751262462774,75.80543272267846,0.13009896820383238,35.687,34.625,2025-10-28 11:06:43
162.5,4.4,703.2,154.7,3.3,501.2,1142.3,60.03,210.8,5.4,4.4,1382.5,39.4,3.1,1.4,0,582.6751262462774,75.80543272267846,0.13009896820383238,35.625,34.687,2025-10-28 11:06:58
162.3,4.4,708.0,154.6,3.3,505.6,1151.4,60.01,210.9,5.5,4.4,1382.5,39.4,3.1,1.4,0,582.6751262462774,75.80543272267846,0.13009896820383238,35.687,34.75,2025-10-28 11:07:13
161.1,4.5,718.2,154.6,3.3,509.4,1165.2,60,210.7,5.5,4.4,1382.5,39.4,3.1,1.4,0,582.6751262462774,75.80543272267846,0.13009896820383238,35.687,34.75,2025-10-28 11:07:28
163.9,4.3,675.4,155.6,3.2,493.9,1114.5,60.03,210.3,5.3,4.4,1382.5,39.4,3.1,1.4,0,543.8301178298589,75.80543272267846,0.13939175164696327,35.812,34.75,2025-10-28 11:07:43
161.8,4.1,654.2,154.1,3.2,483.6,1079.2,60,210.2,5.2,4.4,1382.5,39.5,3.1,1.4,0,543.8301178298589,75.80543272267846,0.13939175164696327,35.812,34.687,2025-10-28 11:07:58
163.1,4,622.2,155,3.1,476.7,1050.1,60.01,210.1,5,4.4,1382.5,39.5,3.1,1.5,0,504.9851094134404,75.80543272267846,0.15011419408134505,35.625,34.625,2025-10-28 11:08:13
159.7,3.9,624.5,151.9,3.1,473.6,1048.8,59.99,210.2,5,4.4,1382.5,39.5,3.1,1.5,0,504.9851094134404,75.80543272267846,0.15011419408134505,35.5,34.687,2025-10-28 11:08:28
165,3.8,582.0,157,3.1,461.8,995.8,60.02,210.2,4.8,4.4,1382.5,39.5,3.1,1.5,0,504.9851094134404,75.80543272267846,0.15011419408134505,35.562,34.687,2025-10-28 11:08:43
160.5,3.8,606.9,152.7,3.1,469.1,1022.5,60.01,210.1,4.9,4.4,1382.5,39.5,3.1,1.5,0,504.9851094134404,75.80543272267846,0.15011419408134505,35.625,34.75,2025-10-28 11:08:58
164.8,4,625.8,157.5,3.1,474.7,1036.6,59.98,210.3,5.1,4.4,1382.5,39.6,3.1,1.5,0,504.9851094134404,75.80543272267846,0.15011419408134505,35.5,34.75,2025-10-28 11:09:13
159.3,4.4,685.3,151.5,3.3,499.8,1123.9,59.96,210.1,5.4,4.4,1382.5,39.6,3.1,1.5,0,582.6751262462774,75.80543272267846,0.13009896820383238,35.5,34.75,2025-10-28 11:09:28
163.9,4.4,736.1,157.5,3.4,513.0,1187.7,59.98,210.2,5.5,4.4,1382.5,39.6,3.1,1.5,0,582.6751262462774,75.80543272267846,0.13009896820383238,35.5,34.687,2025-10-28 11:09:43
162.6,4.3,708.0,151.6,3.3,507.1,1153.7,60,210.3,5.5,4.4,1382.5,39.7,3.1,1.5,0,582.6751262462774,75.80543272267846,0.13009896820383238,35.437,34.75,2025-10-28 11:09:58
161.5,4.3,698.3,156.6,3.1,508.3,1146.2,59.99,210,5.4,4.4,1382.5,39.7,3.1,1.5,0,543.8301178298589,75.80543272267846,0.13939175164696327,35.625,34.687,2025-10-28 11:10:13
163.3,4.2,684.8,152,3.3,503.3,1126.5,60.01,210.2,5.3,4.4,1382.5,39.8,3.1,1.5,0,543.8301178298589,75.80543272267846,0.13939175164696327,35.375,34.562,2025-10-28 11:10:28
160.8,4.6,739.8,157.4,3.3,520.3,1197.6,60,210.3,5.7,4.4,1382.5,39.7,3.1,1.5,0,621.5201346626959,75.80543272267846,0.12196778269109285,35.25,34.562,2025-10-28 11:10:43
163.8,4.7,763.4,153.9,3.5,533.4,1227.6,60,210.3,5.8,4.4,1382.5,39.7,3.1,1.5,0,621.5201346626959,75.80543272267846,0.12196778269109285,35.5,34.562,2025-10-28 11:10:58
163.1,4.9,779.9,155.3,3.4,544.5,1256.0,59.97,210.3,5.9,4.4,1382.5,39.7,3.1,1.5,0,621.5201346626959,75.80543272267846,0.12196778269109285,35.687,34.562,2025-10-28 11:11:13
159.6,5,779.8,152.8,3.6,548.3,1257.6,60.01,210.2,6,4.4,1382.5,39.7,3.1,1.5,0,660.3651430791144,75.80543272267846,0.11479320723867562,35.625,34.437,2025-10-28 11:11:28
163.7,5,796.3,156.2,3.4,550.6,1276.6,59.99,210.1,6,4.5,1382.6,39.7,3.1,1.5,0,660.3651430791144,75.80543272267846,0.11479320723867562,35.625,34.437,2025-10-28 11:11:43
158,5,792.0,154.5,3.6,554.1,1275.8,59.99,210.1,6.1,4.5,1382.6,39.6,3.1,1.5,0,660.3651430791144,75.80543272267846,0.11479320723867562,35.625,34.375,2025-10-28 11:11:58
163.7,5,799.4,154.6,3.5,555.5,1284.4,60,209.9,6,4.5,1382.6,39.6,3.1,1.5,0,660.3651430791144,75.80543272267846,0.11479320723867562,35.625,34.375,2025-10-28 11:12:13
157.9,5,794.1,154.6,3.6,557.4,1279.2,60,210.1,6.1,4.5,1382.6,39.6,3.1,1.5,0,660.3651430791144,113.70814908401769,0.17218981085801344,35.5,34.25,2025-10-28 11:12:28
163.3,5.1,811.4,154.6,3.5,559.8,1295.4,60.02,209.9,6.1,4.5,1382.6,39.7,3.1,1.5,0,660.3651430791144,75.80543272267846,0.11479320723867562,35.437,34.25,2025-10-28 11:12:43
157.8,5.1,810.9,154.6,3.7,561.7,1302.1,59.98,210,6.2,4.5,1382.6,39.6,3.1,1.5,0,660.3651430791144,75.80543272267846,0.11479320723867562,35.687,34.375,2025-10-28 11:12:58
163.6,4.9,810.8,154.7,3.6,561.4,1301.8,59.99,210.3,6.1,4.5,1382.6,39.7,3.1,1.5,0,660.3651430791144,75.80543272267846,0.11479320723867562,35.875,34.562,2025-10-28 11:13:13
159.7,5.1,812.3,154.6,3.6,560.2,1287.6,60.01,210.3,6.2,4.5,1382.6,39.8,3.1,1.5,0,660.3651430791144,75.80543272267846,0.11479320723867562,36.125,34.687,2025-10-28 11:13:28
161.9,4.9,809.6,154.6,3.6,560.1,1298.2,60.02,210.2,6,4.5,1382.6,39.8,3.1,1.5,0,660.3651430791144,75.80543272267846,0.11479320723867562,36.187,34.687,2025-10-28 11:13:43
159,5,802.8,154.7,3.6,559.1,1290.8,60.02,210.3,6,4.5,1382.6,39.9,3.1,1.5,0,660.3651430791144,75.80543272267846,0.11479320723867562,36.187,34.812,2025-10-28 11:13:58
160.8,4.8,802.3,154.6,3.6,558.7,1290.1,60.02,210.2,6,4.5,1382.6,40,3.2,1.5,0,660.3651430791144,75.80543272267846,0.11479320723867562,36.312,34.937,2025-10-28 11:14:13
160.8,5,802.9,154.6,3.6,557.2,1287.9,59.99,210.2,6,4.5,1382.6,40,3.2,1.5,0,660.3651430791144,75.80543272267846,0.11479320723867562,36.25,34.937,2025-10-28 11:14:28
161,4.9,805.4,154.6,3.6,559.9,1294.3,60.01,210.4,6.1,4.5,1382.6,40,3.2,1.5,0,660.3651430791144,75.80543272267846,0.11479320723867562,36.0,34.937,2025-10-28 11:14:43
160.1,5.1,808.9,154.6,3.6,561.6,1298.9,60.02,210.3,6.1,4.5,1382.6,40,3.2,1.5,0,660.3651430791144,75.80543272267846,0.11479320723867562,36.0,35.062,2025-10-28 11:14:58
160.9,5,813.2,154.5,3.6,565.0,1305.0,59.98,210.4,6.1,4.5,1382.6,40,3.2,1.5,0,660.3651430791144,75.80543272267846,0.11479320723867562,36.0,35.062,2025-10-28 11:15:13
160.7,5.1,815.7,154.7,3.7,561.3,1305.8,60,210.3,6.1,4.5,1382.6,40.1,3.2,1.5,0,660.3651430791144,113.70814908401769,0.17218981085801344,35.812,35.125,2025-10-28 11:15:28
160.8,5.1,818.4,154.6,3.7,566.8,1311.8,60.03,210.2,6.2,4.5,1382.6,40.1,3.2,1.5,0,660.3651430791144,113.70814908401769,0.17218981085801344,35.75,35.062,2025-10-28 11:15:43
160.7,5.2,826.5,154.6,3.7,568.7,1322.7,59.98,210.3,6.2,4.5,1382.6,40.2,3.2,1.5,0,660.3651430791144,75.80543272267846,0.11479320723867562,35.75,35.0,2025-10-28 11:15:58
160.8,5.2,832.8,153.3,3.7,569.2,1326.8,59.97,210.2,6.3,4.5,1382.6,40.2,3.2,1.5,0,699.2101514955328,113.70814908401769,0.16262371025479047,35.875,35.062,2025-10-28 11:16:13
160.8,5.3,841.8,155.8,3.7,565.8,1334.4,59.97,210.1,6.4,4.6,1382.7,40.3,3.2,1.5,0,699.2101514955328,113.70814908401769,0.16262371025479047,35.937,35.125,2025-10-28 11:16:28
160.8,5.3,849.7,154.3,3.8,578.3,1350.3,59.99,210.1,6.4,4.6,1382.7,40.4,3.2,1.5,0,699.2101514955328,113.70814908401769,0.16262371025479047,35.937,35.25,2025-10-28 11:16:43
160.9,5.3,847.6,154.8,3.6,583.9,1356.8,59.98,210.5,6.4,4.6,1382.7,40.5,3.2,1.5,0,699.2101514955328,113.70814908401769,0.16262371025479047,36.062,35.375,2025-10-28 11:16:58
160.8,5.4,857.7,154.5,3.8,586.5,1367.7,59.98,210.3,6.4,4.6,1382.7,40.6,3.2,1.5,0,699.2101514955328,113.70814908401769,0.16262371025479047,36.187,35.5,2025-10-28 11:17:13
160.8,5.4,860.7,154.6,3.8,588.8,1373.2,60,210.3,6.5,4.6,1382.7,40.6,3.2,1.5,0,699.2101514955328,113.70814908401769,0.16262371025479047,36.187,35.687,2025-10-28 11:17:28
160.8,5.4,859.3,157.2,3.8,575.3,1365.7,60.04,210.3,6.5,4.6,1382.7,40.7,3.2,1.5,0,699.2101514955328,113.70814908401769,0.16262371025479047,36.375,35.812,2025-10-28 11:17:43
161.4,5.4,835.6,154.6,3.9,590.1,1355.3,59.99,210.5,6.5,4.6,1382.7,40.8,3.2,1.5,0,699.2101514955328,113.70814908401769,0.16262371025479047,36.187,35.75,2025-10-28 11:17:58
160.9,5.4,857.7,151.7,3.8,588.1,1366.9,59.99,210.3,6.5,4.6,1382.7,40.8,3.2,1.5,0,699.2101514955328,113.70814908401769,0.16262371025479047,36.25,35.75,2025-10-28 11:18:13
163,5.4,848.0,154.6,3.7,591.4,1364.0,59.98,210.3,6.4,4.6,1382.7,40.8,3.2,1.5,0,699.2101514955328,113.70814908401769,0.16262371025479047,36.437,35.812,2025-10-28 11:18:28
159.8,5.4,847.3,155.9,3.8,576.8,1347.4,60,210.5,6.4,4.6,1382.7,40.9,3.2,1.5,0,699.2101514955328,113.70814908401769,0.16262371025479047,36.5,35.812,2025-10-28 11:18:43
162.4,5.4,812.4,152.1,3.9,591.2,1329.0,59.98,210.2,6.5,4.6,1382.7,40.9,3.2,1.5,0,699.2101514955328,113.70814908401769,0.16262371025479047,36.625,36.062,2025-10-28 11:18:58
160.8,5.4,853.9,154.5,3.8,594.6,1370.1,59.98,210.2,6.5,4.6,1382.7,40.9,3.2,1.6,0,699.2101514955328,113.70814908401769,0.16262371025479047,36.562,35.937,2025-10-28 11:19:13
163.4,5.4,823.3,153,3.9,598.2,1351.1,59.98,210.6,6.5,4.6,1382.7,40.9,3.2,1.6,0,699.2101514955328,113.70814908401769,0.16262371025479047,36.562,35.875,2025-10-28 11:19:28
158.5,5.4,859.9,154.6,3.9,599.8,1380.2,59.97,210.3,6.6,4.6,1382.7,40.9,3.2,1.6,0,699.2101514955328,113.70814908401769,0.16262371025479047,36.625,35.875,2025-10-28 11:19:43
163.1,5.3,825.6,151.6,4,603.5,1353.9,60.01,210.5,6.6,4.6,1382.7,41,3.2,1.6,0,738.0551599119514,113.70814908401769,0.1540645676098015,36.875,35.875,2025-10-28 11:19:58
157.6,5.4,862.2,151.6,4,601.7,1384.0,60,210.5,6.6,4.6,1382.7,41.1,3.2,1.6,0,699.2101514955328,113.70814908401769,0.16262371025479047,37.0,35.937,2025-10-28 11:20:13
157.9,5.2,826.4,151.6,3.7,583.3,1334.1,59.98,210.6,6.3,4.6,1382.7,41.2,3.2,1.6,0,660.3651430791144,113.70814908401769,0.17218981085801344,37.062,36.0,2025-10-28 11:20:28
160.8,5,800.5,151.7,3.8,572.2,1299.2,60.01,210.4,6.1,4.7,1382.8,41.2,3.2,1.6,0,660.3651430791144,75.80543272267846,0.11479320723867562,37.187,36.0,2025-10-28 11:20:43
160.8,4.8,784.4,151.5,3.8,569.0,1281.2,59.94,210,5.9,4.7,1382.8,41.2,3.2,1.6,0,660.3651430791144,75.80543272267846,0.11479320723867562,37.062,36.0,2025-10-28 11:20:58
160.8,5,792.6,151,3.8,565.3,1296.7,59.98,210.3,6.1,4.7,1382.8,41.2,3.2,1.6,0,660.3651430791144,75.80543272267846,0.11479320723867562,37.0,36.062,2025-10-28 11:21:13
158,5.3,826.8,153,3.9,598.8,1347.5,60,210.4,6.4,4.7,1382.8,41.2,3.3,1.6,0,699.2101514955328,113.70814908401769,0.16262371025479047,37.312,36.187,2025-10-28 11:21:28
159.6,5.6,882.9,151.7,4.2,630.0,1430.8,60.02,210.5,6.9,4.7,1382.8,41.3,3.3,1.6,0,776.9001683283698,113.70814908401769,0.14636133922931144,37.5,36.187,2025-10-28 11:21:43
160.8,5.9,940.7,151.7,4.3,653.5,1505.9,60.04,210.6,7.2,4.7,1382.8,41.3,3.3,1.6,0,815.7451767447883,113.70814908401769,0.13939175164696327,37.625,36.187,2025-10-28 11:21:58
161.2,5.7,976.5,152.7,4.4,669.4,1555.3,60.03,210.5,7.1,4.7,1382.8,41.4,3.3,1.6,0,815.7451767447883,113.70814908401769,0.13939175164696327,37.812,36.25,2025-10-28 11:22:13
156.3,6.3,983.3,151.6,4.5,674.4,1565.4,60.02,210.5,7.3,4.7,1382.8,41.5,3.3,1.6,0,815.7451767447883,113.70814908401769,0.13939175164696327,37.937,36.437,2025-10-28 11:22:28
158,6.4,994.5,153.1,4.5,679.7,1581.1,59.98,210.1,7.5,4.7,1382.8,41.6,3.3,1.6,0,854.5901851612068,113.70814908401769,0.13305576293573768,37.875,36.437,2025-10-28 11:22:43
157.8,6.4,997.4,156,4.5,671.9,1577.2,59.99,210.3,7.6,4.7,1382.8,41.6,3.3,1.6,0,854.5901851612068,113.70814908401769,0.13305576293573768,37.937,36.5,2025-10-28 11:22:58
157.9,6.4,1002.8,150.3,4.6,684.3,1591.4,60,210.4,7.6,4.7,1382.8,41.7,3.3,1.6,0,854.5901851612068,113.70814908401769,0.13305576293573768,38.062,36.5,2025-10-28 11:23:13
157.9,6.4,1005.8,153.2,4.5,690.0,1600.7,60.01,210.4,7.6,4.7,1382.8,41.8,3.3,1.6,0,854.5901851612068,113.70814908401769,0.13305576293573768,38.062,36.5,2025-10-28 11:23:28
157.8,6.5,1000.7,155.3,4.5,679.7,1598.3,60.01,210.2,7.6,4.7,1382.8,41.9,3.3,1.6,0,854.5901851612068,113.70814908401769,0.13305576293573768,38.125,36.5,2025-10-28 11:23:43
158.4,6.6,1018.4,153.2,4.6,700.8,1621.9,60.02,210.4,7.8,4.7,1382.8,41.9,3.3,1.6,0,854.5901851612068,113.70814908401769,0.13305576293573768,38.25,36.687,2025-10-28 11:23:58
158.1,6.6,1025.9,153.1,4.6,706.0,1631.8,60.03,210.5,7.8,4.7,1382.8,42,3.3,1.6,0,854.5901851612068,113.70814908401769,0.13305576293573768,38.437,36.625,2025-10-28 11:24:13
160.3,6.6,1025.6,150.1,4.7,706.3,1633.3,60.04,210.5,7.8,4.7,1382.8,42,3.3,1.6,0,854.5901851612068,113.70814908401769,0.13305576293573768,38.5,36.625,2025-10-28 11:24:28
156.7,6.5,998.8,150.8,4.7,710.0,1610.1,60.01,210.6,7.8,4.8,1382.9,41.9,3.3,1.6,0,893.4351935776253,113.70814908401769,0.12727072976461865,38.687,36.5,2025-10-28 11:24:43
159.6,6.7,1026.7,151.1,4.8,718.8,1645.5,60.03,210.4,7.9,4.8,1382.9,41.9,3.3,1.6,0,893.4351935776253,113.70814908401769,0.12727072976461865,38.875,36.5,2025-10-28 11:24:58
157.3,6.6,1013.6,152.4,4.7,714.4,1628.4,60.02,210.4,7.9,4.8,1382.9,42,3.3,1.6,0,854.5901851612068,113.70814908401769,0.13305576293573768,38.937,36.437,2025-10-28 11:25:13
160.5,6.7,1033.8,150.1,4.7,722.9,1656.0,60.02,210.4,8,4.8,1382.9,42,3.3,1.6,0,893.4351935776253,113.70814908401769,0.12727072976461865,39.0,36.375,2025-10-28 11:25:28
155.3,6.8,1050.4,150.2,4.9,732.7,1680.1,60.01,210.7,8.1,4.8,1382.9,41.9,3.3,1.6,0,893.4351935776253,113.70814908401769,0.12727072976461865,38.812,36.437,2025-10-28 11:25:43
160.4,6.8,1048.4,147.9,4.9,722.8,1670.3,59.96,210.5,8.1,4.8,1382.9,41.9,3.3,1.6,0,893.4351935776253,151.61086544535692,0.16969430635282484,39.062,36.562,2025-10-28 11:25:58
157.8,6.3,1000.7,153.1,4.7,705.9,1607.0,60,210.6,7.6,4.8,1382.9,42.1,3.3,1.6,0,854.5901851612068,113.70814908401769,0.13305576293573768,38.937,36.625,2025-10-28 11:26:13
158.2,6.7,1035.3,151.7,4.8,727.5,1665.1,60.01,210.5,8,4.8,1382.9,42.2,3.3,1.6,0,893.4351935776253,151.61086544535692,0.16969430635282484,39.187,36.812,2025-10-28 11:26:28
158.4,6.8,1050.0,150.1,4.9,736.3,1682.1,60.02,210.5,8.1,4.8,1382.9,42.3,3.3,1.6,0,893.4351935776253,151.61086544535692,0.16969430635282484,39.562,37.125,2025-10-28 11:26:43
156.2,7.1,1114.0,151.6,5,757.2,1764.2,60.01,210.7,8.4,4.8,1382.9,42.5,3.3,1.6,0,932.2802019940439,151.61086544535692,0.16262371025479047,39.562,37.125,2025-10-28 11:26:58
159.9,7.1,1068.5,151.6,5,756.9,1718.3,60.02,210.9,8.4,4.8,1382.9,42.6,3.3,1.6,0,932.2802019940439,151.61086544535692,0.16262371025479047,39.687,37.375,2025-10-28 11:27:13
157.4,7.2,1111.8,151.5,5,759.8,1762.1,60,211.1,8.4,4.8,1382.9,42.7,3.4,1.6,0,932.2802019940439,151.61086544535692,0.16262371025479047,39.687,37.5,2025-10-28 11:27:28
159.4,7.1,1071.2,151.6,5,758.6,1722.6,60.05,211.2,8.4,4.8,1382.9,42.8,3.4,1.6,0,971.1252104104623,151.61086544535692,0.15611876184459886,39.937,37.812,2025-10-28 11:27:43
154.9,7.2,1113.0,154.6,5,750.3,1758.9,60.03,211,8.4,4.8,1382.9,42.9,3.4,1.7,0,971.1252104104623,151.61086544535692,0.15611876184459886,39.875,38.062,2025-10-28 11:27:58
160.3,7,1059.2,149.3,5,754.9,1709.2,60.03,211.1,8.4,4.9,1383.0,43,3.4,1.7,0,971.1252104104623,151.61086544535692,0.15611876184459886,40.0,37.937,2025-10-28 11:28:13
156.1,7.1,1103.6,153.7,5,737.6,1736.3,60.05,211.3,8.3,4.9,1383.0,43.1,3.4,1.7,0,932.2802019940439,151.61086544535692,0.16262371025479047,40.062,37.875,2025-10-28 11:28:28
157.8,7,1083.2,150,4.9,736.4,1715.0,60.05,211.1,8.2,4.9,1383.0,43.1,3.4,1.7,0,932.2802019940439,151.61086544535692,0.16262371025479047,40.0,37.875,2025-10-28 11:28:43
157.9,6.7,1046.4,151.6,4.8,717.5,1664.7,60.02,211,7.9,4.9,1383.0,43.2,3.4,1.7,0,893.4351935776253,113.70814908401769,0.12727072976461865,40.125,37.875,2025-10-28 11:28:58
157.9,6.4,1005.9,151.6,4.4,699.5,1609.0,60.03,211.1,7.6,4.9,1383.0,43.2,3.4,1.7,0,854.5901851612068,113.70814908401769,0.13305576293573768,40.0,37.75,2025-10-28 11:29:13
155.2,6.4,979.7,151.5,4.6,693.1,1578.0,60.04,211,7.5,4.9,1383.0,43.2,3.4,1.7,0,854.5901851612068,113.70814908401769,0.13305576293573768,39.812,37.625,2025-10-28 11:29:28
152.4,6.6,1000.2,148.7,4.7,697.5,1588.7,60.01,210.9,7.7,4.9,1383.0,43.2,3.4,1.7,0,854.5901851612068,113.70814908401769,0.13305576293573768,39.75,37.562,2025-10-28 11:29:43
157.6,6.3,992.9,151.5,4.5,690.1,1587.2,60.02,210.9,7.3,4.9,1383.0,43.2,3.4,1.7,0,854.5901851612068,113.70814908401769,0.13305576293573768,39.812,37.5,2025-10-28 11:29:58
154.7,5.9,923.5,148.5,4.3,651.3,1483.6,59.96,210.8,7,4.9,1383.0,43.2,3.4,1.7,0,776.9001683283698,113.70814908401769,0.14636133922931144,39.687,37.562,2025-10-28 11:30:13
158,5.5,864.0,149,4.1,626.0,1416.1,60,210.8,6.7,4.9,1383.0,43.1,3.4,1.7,0,738.0551599119514,113.70814908401769,0.1540645676098015,39.687,37.562,2025-10-28 11:30:28
156.2,4.8,768.3,150.1,3.8,583.4,1280.7,60.02,210.5,5.8,4.9,1383.0,43,3.4,1.7,0,660.3651430791144,75.80543272267846,0.11479320723867562,39.5,37.437,2025-10-28 11:30:43
156.9,4.2,654.6,150.6,3.4,519.8,1114.0,60.03,210.5,5.3,4.9,1383.0,43,3.4,1.7,0,543.8301178298589,75.80543272267846,0.13939175164696327,39.687,37.562,2025-10-28 11:30:58
160.3,4.1,596.7,152.8,3.4,503.5,1052.6,60.02,210.3,5.2,4.9,1383.0,42.9,3.4,1.7,0,543.8301178298589,75.80543272267846,0.13939175164696327,39.5,37.437,2025-10-28 11:31:13
154.9,4.1,638.0,148.7,3.4,509.3,1088.8,60.04,210.3,5.2,4.9,1383.0,42.9,3.4,1.7,0,543.8301178298589,75.80543272267846,0.13939175164696327,39.187,37.25,2025-10-28 11:31:28
160.6,4.3,644.3,154.6,3.5,518.8,1107.2,59.99,210,5.5,4.9,1383.0,42.9,3.4,1.7,0,582.6751262462774,75.80543272267846,0.13009896820383238,38.687,37.0,2025-10-28 11:31:43
153.4,5.3,791.0,147.1,4.1,590.0,1304.7,60,210.8,6.2,4.9,1383.0,42.8,3.4,1.7,0,738.0551599119514,113.70814908401769,0.1540645676098015,38.687,36.75,2025-10-28 11:31:58
156.5,5.8,884.4,148.7,4.2,626.9,1431.7,60.01,210.8,6.8,4.9,1383.0,42.8,3.4,1.7,0,776.9001683283698,113.70814908401769,0.14636133922931144,38.562,36.625,2025-10-28 11:32:13
156.5,6.1,936.7,150.2,4.3,646.4,1498.4,60.03,211.1,7.1,5.0,1383.1,42.7,3.4,1.7,0,776.9001683283698,113.70814908401769,0.14636133922931144,38.375,36.437,2025-10-28 11:32:28
157.7,6,947.1,149.9,4.4,676.2,1535.9,59.97,210.9,7.1,5.0,1383.1,42.6,3.4,1.7,0,815.7451767447883,113.70814908401769,0.13939175164696327,38.437,36.437,2025-10-28 11:32:43
160.4,5.2,792.8,150.2,4,596.7,1324.4,59.96,210.7,6.3,5.0,1383.1,42.6,3.4,1.7,0,699.2101514955328,113.70814908401769,0.16262371025479047,38.375,36.437,2025-10-28 11:32:58
156.1,5.9,890.5,154.4,4.1,640.5,1449.3,59.98,210.5,7,5.0,1383.1,42.6,3.4,1.7,0,776.9001683283698,113.70814908401769,0.14636133922931144,38.562,36.437,2025-10-28 11:33:13
157.1,5.8,907.5,150.9,4.3,659.7,1481.7,59.98,210.4,7,5.0,1383.1,42.6,3.4,1.7,0,776.9001683283698,113.70814908401769,0.14636133922931144,38.687,36.437,2025-10-28 11:33:28
159.5,6.1,915.9,148.7,4.5,660.9,1489.5,59.99,210.4,7.2,5.0,1383.1,42.6,3.4,1.7,0,815.7451767447883,113.70814908401769,0.13939175164696327,38.812,36.562,2025-10-28 11:33:43
157.9,5.1,803.9,153,4,612.9,1333.5,60,210.5,6.3,5.0,1383.1,42.6,3.5,1.7,0,699.2101514955328,113.70814908401769,0.16262371025479047,38.812,36.75,2025-10-28 11:33:58
155.3,5.9,903.0,151.9,4.2,643.0,1460.8,60,210.7,7,5.0,1383.1,42.6,3.5,1.7,0,776.9001683283698,113.70814908401769,0.14636133922931144,38.875,37.0,2025-10-28 11:34:13
157,5.7,909.3,150.2,4.4,663.5,1487.0,60.03,210.7,7,5.0,1383.1,42.7,3.5,1.7,0,776.9001683283698,113.70814908401769,0.14636133922931144,38.875,37.062,2025-10-28 11:34:28
159.1,5.8,925.1,150,4.4,667.6,1495.0,60,210.4,7,5.0,1383.1,42.7,3.5,1.7,0,776.9001683283698,113.70814908401769,0.14636133922931144,38.812,37.125,2025-10-28 11:34:43
156.2,4.9,774.8,149.9,3.9,595.9,1299.7,60.02,210,6.1,5.0,1383.1,42.8,3.5,1.7,0,660.3651430791144,75.80543272267846,0.11479320723867562,38.937,37.062,2025-10-28 11:34:58
159.3,4.7,742.5,150,3.8,563.7,1240.3,59.98,209.9,5.8,5.0,1383.1,42.7,3.5,1.7,0,621.5201346626959,75.80543272267846,0.12196778269109285,38.75,36.812,2025-10-28 11:35:13
157.8,4.1,642.9,150.1,3.5,524.3,1108.3,59.97,209.8,5.3,5.0,1383.1,42.7,3.5,1.7,0,543.8301178298589,75.80543272267846,0.13939175164696327,38.812,36.687,2025-10-28 11:35:28
158.4,3.9,621.1,152,3.3,510.4,1074.5,59.99,209.5,5,5.0,1383.1,42.6,3.5,1.7,0,543.8301178298589,75.80543272267846,0.13939175164696327,38.562,36.625,2025-10-28 11:35:43
160.9,3.8,554.2,150.1,3.3,500.2,1002.6,59.99,209.4,4.9,5.0,1383.1,42.6,3.5,1.7,0,504.9851094134404,75.80543272267846,0.15011419408134505,38.562,36.5,2025-10-28 11:35:58
159.1,3.7,586.7,150.5,3.3,491.6,1025.9,60.02,209.4,4.9,5.0,1383.1,42.5,3.5,1.7,0,504.9851094134404,75.80543272267846,0.15011419408134505,38.562,36.5,2025-10-28 11:36:13
161.9,3.7,545.0,149.9,3.3,489.3,990.6,60,209.6,4.8,5.0,1383.1,42.5,3.5,1.7,0,504.9851094134404,75.80543272267846,0.15011419408134505,38.562,36.625,2025-10-28 11:36:28
157.2,3.8,590.3,150.8,3.2,497.1,1033.8,60.03,209.7,4.9,5.0,1383.1,42.6,3.5,1.7,0,504.9851094134404,75.80543272267846,0.15011419408134505,38.312,36.562,2025-10-28 11:36:43
161.7,3.8,557.8,152,3.4,501.0,1010.6,59.98,210,5,5.0,1383.1,42.6,3.5,1.7,0,504.9851094134404,75.80543272267846,0.15011419408134505,38.187,36.5,2025-10-28 11:36:58
156.4,4.1,632.4,155,3.4,509.3,1090.4,60.02,210.1,5.3,5.1,1383.2,42.6,3.5,1.7,0,543.8301178298589,75.80543272267846,0.13939175164696327,38.125,36.375,2025-10-28 11:37:13
156.6,4.5,690.6,150.2,3.8,561.3,1186.9,60.03,210.2,5.7,5.1,1383.2,42.5,3.5,1.7,0,621.5201346626959,75.80543272267846,0.12196778269109285,37.75,36.062,2025-10-28 11:37:28
155.1,5.3,801.6,153.1,4,605.5,1335.1,60.04,210.5,6.5,5.1,1383.2,42.4,3.5,1.7,0,699.2101514955328,113.70814908401769,0.16262371025479047,37.687,35.937,2025-10-28 11:37:43
156.5,5.5,848.0,151.5,4.2,628.4,1398.2,60.03,210.7,6.7,5.1,1383.2,42.3,3.5,1.8,0,699.2101514955328,113.70814908401769,0.16262371025479047,37.687,35.875,2025-10-28 11:37:58
157.9,6,929.0,149,4.6,676.2,1528.3,60,210.9,7.2,5.1,1383.2,42.4,3.5,1.8,0,815.7451767447883,113.70814908401769,0.13939175164696327,37.875,35.937,2025-10-28 11:38:13
158,6.2,972.6,149.1,4.7,697.9,1578.1,60.03,211.1,7.5,5.1,1383.2,42.5,3.5,1.8,0,815.7451767447883,113.70814908401769,0.13939175164696327,38.0,36.0,2025-10-28 11:38:28
158.1,6.3,977.6,151.6,4.7,705.8,1588.5,60.01,211.3,7.6,5.1,1383.2,42.5,3.5,1.8,0,854.5901851612068,113.70814908401769,0.13305576293573768,38.375,36.187,2025-10-28 11:38:43
160.3,6,943.9,151,4.6,679.3,1535.3,59.97,211.3,7.3,5.1,1383.2,42.6,3.5,1.8,0,776.9001683283698,113.70814908401769,0.14636133922931144,38.375,36.187,2025-10-28 11:38:58
156.2,6.1,943.1,151.5,4.6,700.0,1551.0,59.97,211,7.4,5.1,1383.2,42.7,3.5,1.8,0,815.7451767447883,113.70814908401769,0.13939175164696327,38.437,36.125,2025-10-28 11:39:13
159.9,6.2,954.5,151.6,4.6,700.7,1565.0,59.96,211,7.5,5.1,1383.2,42.7,3.5,1.8,0,815.7451767447883,113.70814908401769,0.13939175164696327,38.375,36.062,2025-10-28 11:39:28
154.9,6.2,952.9,150.5,4.6,699.0,1561.9,60.02,211,7.5,5.1,1383.2,42.7,3.5,1.8,0,815.7451767447883,113.70814908401769,0.13939175164696327,38.375,36.062,2025-10-28 11:39:43
160.6,6,937.0,154.6,4.6,681.0,1530.4,60.02,211.2,7.3,5.1,1383.2,42.6,3.5,1.8,0,815.7451767447883,113.70814908401769,0.13939175164696327,38.437,36.187,2025-10-28 11:39:58
155.1,5.9,914.2,148.8,4.5,681.7,1506.8,60.05,211,7.2,5.1,1383.2,42.7,3.5,1.8,0,776.9001683283698,113.70814908401769,0.14636133922931144,38.312,36.125,2025-10-28 11:40:13
160.6,5.9,905.3,154.5,4.5,668.6,1489.9,59.99,211.1,7.1,5.1,1383.2,42.7,3.5,1.8,0,776.9001683283698,113.70814908401769,0.14636133922931144,37.812,35.875,2025-10-28 11:40:28
154.8,5.8,906.8,148.9,4.5,675.2,1485.6,60.02,210.7,7.1,5.1,1383.2,42.7,3.5,1.8,0,776.9001683283698,113.70814908401769,0.14636133922931144,38.062,35.937,2025-10-28 11:40:43
160.4,5.6,908.2,154.4,4.4,672.8,1494.4,60.01,210.6,7.2,5.1,1383.2,42.7,3.5,1.8,0,776.9001683283698,113.70814908401769,0.14636133922931144,38.375,36.062,2025-10-28 11:40:58
154.7,5.8,891.6,151.6,4.4,672.6,1479.8,60.04,210.5,7,5.2,1383.3,42.8,3.6,1.8,0,776.9001683283698,113.70814908401769,0.14636133922931144,38.375,36.312,2025-10-28 11:41:13
156.2,5.5,867.9,151.5,4.3,655.4,1418.7,60.03,210.2,6.7,5.2,1383.3,42.9,3.6,1.8,0,738.0551599119514,113.70814908401769,0.1540645676098015,38.5,36.312,2025-10-28 11:41:28
159.7,5,772.6,151.5,4,605.6,1304.7,60.02,210.1,6.3,5.2,1383.3,42.9,3.6,1.8,0,660.3651430791144,75.80543272267846,0.11479320723867562,38.5,36.375,2025-10-28 11:41:43
159.5,4.4,735.6,149.3,3.8,578.8,1245.7,60,210,5.7,5.2,1383.3,42.9,3.6,1.8,0,582.6751262462774,75.80543272267846,0.13009896820383238,38.437,36.5,2025-10-28 11:41:58
154.6,4.8,720.5,149.9,3.8,573.4,1224.2,59.95,209.9,5.9,5.2,1383.3,42.9,3.6,1.8,0,621.5201346626959,75.80543272267846,0.12196778269109285,38.625,36.5,2025-10-28 11:42:13
159.3,4.8,775.7,150,3.8,572.7,1264.4,59.97,209.9,5.9,5.2,1383.3,42.9,3.6,1.8,0,621.5201346626959,75.80543272267846,0.12196778269109285,38.562,36.437,2025-10-28 11:42:28
162,4.3,654.2,147.7,3.7,541.6,1137.9,59.97,210.1,5.6,5.2,1383.3,42.9,3.6,1.8,0,582.6751262462774,75.80543272267846,0.13009896820383238,38.187,36.312,2025-10-28 11:42:43
156.8,4.3,673.3,152.6,3.6,539.4,1151.5,59.96,210.2,5.5,5.2,1383.3,42.8,3.6,1.8,0,582.6751262462774,75.80543272267846,0.13009896820383238,37.812,36.0,2025-10-28 11:42:58
161.5,4,656.3,150.1,3.4,530.4,1097.9,60,209.9,5.3,5.2,1383.3,42.7,3.6,1.8,0,543.8301178298589,75.80543272267846,0.13939175164696327,37.687,35.75,2025-10-28 11:43:13
156.1,4.1,637.3,150.1,3.5,528.8,1108.9,60.01,210,5.2,5.2,1383.3,42.5,3.6,1.8,0,543.8301178298589,75.80543272267846,0.13939175164696327,37.25,35.312,2025-10-28 11:43:28
162,4,657.5,153.1,3.5,536.8,1131.9,60.03,210,5.4,5.2,1383.3,42.3,3.6,1.8,0,582.6751262462774,75.80543272267846,0.13009896820383238,37.187,35.125,2025-10-28 11:43:43
157.5,4.3,666.4,150.1,3.6,546.4,1150.1,59.98,210.1,5.5,5.2,1383.3,42.1,3.6,1.8,0,582.6751262462774,75.80543272267846,0.13009896820383238,37.0,35.0,2025-10-28 11:43:58
161,4.3,714.1,151.1,3.8,568.1,1216.2,59.98,209.8,5.8,5.2,1383.3,42,3.6,1.8,0,621.5201346626959,75.80543272267846,0.12196778269109285,36.812,34.875,2025-10-28 11:44:13
157,4.6,725.4,150.1,4,591.3,1249.2,59.98,210.2,5.9,5.2,1383.3,41.9,3.6,1.8,0,660.3651430791144,75.80543272267846,0.11479320723867562,36.625,34.75,2025-10-28 11:44:28
161.7,4.7,760.0,150.1,4,604.0,1293.5,59.96,210.3,6.1,5.2,1383.3,41.9,3.6,1.8,0,660.3651430791144,75.80543272267846,0.11479320723867562,36.687,34.75,2025-10-28 11:44:43
159.1,5,796.0,153.1,4,616.0,1330.4,59.99,210.4,6.2,5.2,1383.3,41.9,3.6,1.8,0,660.3651430791144,113.70814908401769,0.17218981085801344,36.75,34.75,2025-10-28 11:44:58
159.8,4.9,792.4,147.6,4.1,605.1,1324.7,60.02,210.4,6.3,5.2,1383.3,41.9,3.6,1.8,0,660.3651430791144,113.70814908401769,0.17218981085801344,36.75,34.812,2025-10-28 11:45:13
158.1,5,791.1,150.9,4,617.9,1335.0,60.01,210.5,6.3,5.2,1383.3,41.9,3.6,1.8,0,660.3651430791144,75.80543272267846,0.11479320723867562,36.875,34.937,2025-10-28 11:45:28
159.4,4.8,786.5,149.1,4.1,603.0,1317.2,59.99,210.5,6.2,5.2,1383.3,41.9,3.6,1.8,0,660.3651430791144,113.70814908401769,0.17218981085801344,37.125,35.062,2025-10-28 11:45:43
159.4,5,789.7,150.1,4,616.0,1331.8,59.99,210.4,6.2,5.3,1383.4,41.9,3.6,1.8,0,660.3651430791144,75.80543272267846,0.11479320723867562,37.187,35.187,2025-10-28 11:45:58
159.4,5,785.0,153.1,4.1,611.6,1324.6,60,210.3,6.2,5.3,1383.4,42,3.6,1.8,0,660.3651430791144,75.80543272267846,0.11479320723867562,37.187,35.312,2025-10-28 11:46:13
159.4,4.9,778.5,150.1,4.1,609.9,1315.8,60.01,210.5,6,5.3,1383.4,42,3.6,1.8,0,660.3651430791144,75.80543272267846,0.11479320723867562,37.312,35.25,2025-10-28 11:46:28
159.4,5,790.1,149.6,4.1,608.8,1335.3,59.99,210.4,6.3,5.3,1383.4,41.9,3.6,1.8,0,660.3651430791144,113.70814908401769,0.17218981085801344,37.562,35.312,2025-10-28 11:46:43
159.3,5.1,804.7,151.3,4.1,626.5,1355.7,60,210.4,6.4,5.3,1383.4,41.9,3.6,1.8,0,699.2101514955328,75.80543272267846,0.10841580683652699,37.5,35.375,2025-10-28 11:46:58
159.4,5,786.5,153,4,614.3,1326.8,59.99,210.5,6.3,5.3,1383.4,41.9,3.6,1.8,0,660.3651430791144,75.80543272267846,0.11479320723867562,37.437,35.5,2025-10-28 11:47:13
159.4,4.8,763.7,152.6,4,601.5,1293.0,59.98,210.6,6.1,5.3,1383.4,41.9,3.6,1.9,0,660.3651430791144,75.80543272267846,0.11479320723867562,37.437,35.375,2025-10-28 11:47:28
159.4,4.8,763.3,152.3,4,599.4,1291.5,59.98,210.6,6.1,5.3,1383.4,41.6,3.6,1.9,0,660.3651430791144,75.80543272267846,0.11479320723867562,37.437,35.25,2025-10-28 11:47:43
159.4,4.6,737.7,151.3,3.8,584.8,1254.5,59.97,210.4,5.9,5.3,1383.4,41.4,3.6,1.9,0,621.5201346626959,75.80543272267846,0.12196778269109285,37.5,35.25,2025-10-28 11:47:58
156.2,4.5,698.5,151.2,3.8,569.6,1203.7,60,210.4,5.8,5.3,1383.4,41.3,3.6,1.9,0,621.5201346626959,75.80543272267846,0.12196778269109285,37.437,35.25,2025-10-28 11:48:13
162.3,4.6,716.5,156,3.8,564.1,1215.9,60,210.5,5.8,5.3,1383.4,41.3,3.6,1.9,0,621.5201346626959,75.80543272267846,0.12196778269109285,37.0,35.062,2025-10-28 11:48:28
164.7,4.3,690.4,150.1,3.9,588.1,1216.2,60.02,210.6,5.9,5.3,1383.4,41.4,3.6,1.9,0,621.5201346626959,75.80543272267846,0.12196778269109285,37.062,35.125,2025-10-28 11:48:43
156.6,4.8,740.3,150,4,599.2,1268.9,60.01,210.9,6.1,5.3,1383.4,41.4,3.6,1.9,0,660.3651430791144,75.80543272267846,0.11479320723867562,37.062,35.187,2025-10-28 11:48:58
161.6,4.6,745.6,149.6,4,587.1,1268.1,60,210.9,6,5.3,1383.4,41.4,3.6,1.9,0,621.5201346626959,75.80543272267846,0.12196778269109285,36.875,35.187,2025-10-28 11:49:13
159.4,4.8,764.5,151.6,4,606.7,1298.1,60,210.8,6.1,5.3,1383.4,41.5,3.7,1.9,0,660.3651430791144,75.80543272267846,0.11479320723867562,37.187,35.375,2025-10-28 11:49:28
159.5,4.8,763.8,153.1,4,606.7,1299.3,60.02,210.6,6.1,5.3,1383.4,41.6,3.7,1.9,0,660.3651430791144,75.80543272267846,0.11479320723867562,37.187,35.437,2025-10-28 11:49:43
159.4,4.9,776.2,153.1,4,614.4,1319.8,59.99,210.8,6.3,5.3,1383.4,41.6,3.7,1.9,0,660.3651430791144,75.80543272267846,0.11479320723867562,37.125,35.437,2025-10-28 11:49:58
162.5,5,793.1,150.7,4.2,635.1,1351.9,59.98,210.6,6.5,5.3,1383.4,41.6,3.7,1.9,0,699.2101514955328,113.70814908401769,0.16262371025479047,37.312,35.437,2025-10-28 11:50:13
159.4,5.1,814.4,151.5,4.2,633.9,1372.4,60.01,210.6,6.5,5.3,1383.4,41.7,3.7,1.9,0,699.2101514955328,113.70814908401769,0.16262371025479047,37.687,35.5,2025-10-28 11:50:28
159.4,5.1,810.8,147.7,4.2,629.8,1363.7,60.03,210.5,6.4,5.4,1383.5,41.8,3.7,1.9,0,699.2101514955328,113.70814908401769,0.16262371025479047,37.625,35.562,2025-10-28 11:50:43
159.2,5,797.8,150.1,4.1,628.0,1351.4,59.99,210.6,6.4,5.4,1383.5,41.8,3.7,1.9,0,699.2101514955328,75.80543272267846,0.10841580683652699,37.687,35.5,2025-10-28 11:50:58
159.5,5.1,801.8,153.1,4.2,627.0,1354.6,59.99,210.6,6.4,5.4,1383.5,41.8,3.7,1.9,0,699.2101514955328,75.80543272267846,0.10841580683652699,37.75,35.625,2025-10-28 11:51:13
159.4,5,791.4,147.8,4.1,613.4,1329.8,59.97,210.8,6.3,5.4,1383.5,41.8,3.7,1.9,0,660.3651430791144,75.80543272267846,0.11479320723867562,37.75,35.687,2025-10-28 11:51:28
159.9,4.9,777.2,152.6,4.1,614.5,1324.3,59.96,210.6,6.3,5.4,1383.5,41.8,3.7,1.9,0,660.3651430791144,75.80543272267846,0.11479320723867562,38.0,35.812,2025-10-28 11:51:43
159.6,4.9,765.6,146.9,4,603.0,1295.0,59.98,210.7,6.2,5.4,1383.5,41.8,3.7,1.9,0,660.3651430791144,75.80543272267846,0.11479320723867562,38.062,35.812,2025-10-28 11:51:58
159.3,4.8,757.7,153.1,3.9,603.8,1292.3,60.01,210.7,6.1,5.4,1383.5,41.8,3.7,1.9,0,660.3651430791144,75.80543272267846,0.11479320723867562,38.062,35.812,2025-10-28 11:52:13
157.5,4.8,753.5,147.1,4,593.3,1276.3,60.01,210.8,6.1,5.4,1383.5,41.9,3.7,1.9,0,660.3651430791144,75.80543272267846,0.11479320723867562,38.125,35.937,2025-10-28 11:52:28
161.3,4.8,745.2,151.4,3.9,601.8,1278.2,60,210.8,6,5.4,1383.5,41.9,3.7,1.9,0,660.3651430791144,75.80543272267846,0.11479320723867562,38.312,35.875,2025-10-28 11:52:43
158.8,4.8,745.7,147.8,4,597.1,1271.4,60.01,210.8,6,5.4,1383.5,42,3.7,1.9,0,660.3651430791144,75.80543272267846,0.11479320723867562,38.0,35.75,2025-10-28 11:52:58
160.2,4.6,731.2,152.4,3.8,590.2,1252.6,60.03,210.7,5.9,5.4,1383.5,41.9,3.7,1.9,0,621.5201346626959,75.80543272267846,0.12196778269109285,37.875,35.687,2025-10-28 11:53:13
156.4,4.6,709.4,150,3.9,581.9,1223.9,60.04,210.7,5.7,5.4,1383.5,41.8,3.7,1.9,0,621.5201346626959,75.80543272267846,0.12196778269109285,37.812,35.562,2025-10-28 11:53:28
162.1,4.5,698.3,150.3,3.7,572.9,1205.6,60.02,210.7,5.8,5.4,1383.5,41.7,3.7,1.9,0,621.5201346626959,75.80543272267846,0.12196778269109285,37.812,35.625,2025-10-28 11:53:43
157.2,4.4,679.8,149,3.8,563.4,1179.6,60.01,210.7,5.6,5.4,1383.5,41.7,3.7,1.9,0,582.6751262462774,75.80543272267846,0.13009896820383238,37.75,35.625,2025-10-28 11:53:58
162,4.2,672.6,151.2,3.6,553.7,1158.0,60.02,210.7,5.5,5.4,1383.5,41.7,3.7,1.9,0,582.6751262462774,75.80543272267846,0.13009896820383238,37.312,35.437,2025-10-28 11:54:13
156.4,4.2,664.6,150.2,3.7,550.9,1149.2,59.99,210.5,5.4,5.4,1383.5,41.7,3.7,1.9,0,582.6751262462774,75.80543272267846,0.13009896820383238,36.875,35.25,2025-10-28 11:54:28
162.3,4.2,666.7,147.2,3.7,541.4,1148.1,60.02,210.1,5.4,5.4,1383.5,41.6,3.7,1.9,0,582.6751262462774,75.80543272267846,0.13009896820383238,37.0,35.25,2025-10-28 11:54:43
157.5,4.2,661.4,150.1,3.6,552.0,1150.6,60.03,210.2,5.5,5.4,1383.5,41.6,3.7,1.9,0,582.6751262462774,75.80543272267846,0.13009896820383238,37.125,35.312,2025-10-28 11:54:58
161,4.1,662.5,153.1,3.6,545.9,1145.0,60.02,210.4,5.4,5.4,1383.5,41.6,3.7,1.9,0,582.6751262462774,75.80543272267846,0.13009896820383238,37.25,35.375,2025-10-28 11:55:13
156.7,4.2,659.7,150.2,3.7,548.7,1148.6,60.02,210.5,5.4,5.5,1383.6,41.6,3.7,1.9,0,582.6751262462774,75.80543272267846,0.13009896820383238,37.125,35.375,2025-10-28 11:55:28
162.1,4.1,658.8,150,3.6,542.6,1141.0,60.04,210.5,5.4,5.5,1383.6,41.6,3.7,1.9,0,582.6751262462774,75.80543272267846,0.13009896820383238,37.062,35.437,2025-10-28 11:55:43
159.2,4.1,656.5,150.1,3.5,544.2,1133.7,59.99,210.2,5.3,5.5,1383.6,41.7,3.7,1.9,0,543.8301178298589,75.80543272267846,0.13939175164696327,37.062,35.312,2025-10-28 11:55:58
160.1,4,654.6,152.4,3.6,542.8,1138.4,59.99,210.4,5.4,5.5,1383.6,41.7,3.7,1.9,0,543.8301178298589,75.80543272267846,0.13939175164696327,37.062,35.312,2025-10-28 11:56:13
157.9,4.1,643.4,150.1,3.6,537.4,1121.8,60,210.4,5.2,5.5,1383.6,41.7,3.7,1.9,0,543.8301178298589,75.80543272267846,0.13939175164696327,36.875,35.125,2025-10-28 11:56:28
159.6,4.1,641.8,153.1,3.5,536.2,1119.8,60.02,210.6,5.3,5.5,1383.6,41.7,3.7,1.9,0,543.8301178298589,75.80543272267846,0.13939175164696327,36.812,35.062,2025-10-28 11:56:43
159.3,4.1,651.5,153.2,3.5,543.7,1135.4,60.02,210.5,5.3,5.5,1383.6,41.6,3.7,1.9,0,543.8301178298589,75.80543272267846,0.13939175164696327,36.75,34.937,2025-10-28 11:56:58
162.8,4,630.7,153.1,3.5,539.2,1111.6,59.99,210.8,5.3,5.5,1383.6,41.6,3.7,1.9,0,543.8301178298589,75.80543272267846,0.13939175164696327,36.625,34.75,2025-10-28 11:57:13
159.7,4.1,648.6,153.1,3.5,542.7,1132.2,60.02,210.7,5.3,5.5,1383.6,41.5,3.7,1.9,0,543.8301178298589,75.80543272267846,0.13939175164696327,36.687,34.75,2025-10-28 11:57:28
163.7,3.6,646.6,149.6,3.6,538.4,1093.3,60.02,210.8,5.2,5.5,1383.6,41.3,3.8,2.0,0,582.6751262462774,75.80543272267846,0.13009896820383238,36.625,34.687,2025-10-28 11:57:43
159.5,4,642.7,153,3.5,537.7,1122.8,60.03,210.7,5.2,5.5,1383.6,41.3,3.8,2.0,0,543.8301178298589,75.80543272267846,0.13939175164696327,36.75,34.812,2025-10-28 11:57:58
164.4,3.5,610.2,150.1,3.5,529.1,1087.1,59.97,210.7,5.1,5.5,1383.6,41.2,3.8,2.0,0,543.8301178298589,75.80543272267846,0.13939175164696327,36.812,34.812,2025-10-28 11:58:13
161.8,3.9,630.3,153.2,3.5,529.1,1100.9,59.97,210.8,5.2,5.5,1383.6,41.2,3.8,2.0,0,543.8301178298589,75.80543272267846,0.13939175164696327,36.75,34.812,2025-10-28 11:58:28
162.8,3.5,636.0,151.2,3.5,532.8,1109.8,59.95,210.9,5,5.5,1383.6,41.2,3.8,2.0,0,543.8301178298589,75.80543272267846,0.13939175164696327,36.625,34.875,2025-10-28 11:58:43
160.7,4,632.7,154.4,3.3,532.0,1108.9,59.97,210.9,5.1,5.5,1383.6,41.2,3.8,2.0,0,543.8301178298589,75.80543272267846,0.13939175164696327,36.5,34.875,2025-10-28 11:58:58
162.3,3.6,633.0,152,3.5,532.2,1105.0,59.97,211,5,5.5,1383.6,41.2,3.8,2.0,0,543.8301178298589,75.80543272267846,0.13939175164696327,36.25,34.812,2025-10-28 11:59:13
162.3,4,632.7,153.1,3.5,530.9,1108.0,59.97,210.9,5.1,5.5,1383.6,41.3,3.8,2.0,0,543.8301178298589,75.80543272267846,0.13939175164696327,36.312,34.812,2025-10-28 11:59:28
162.4,3.6,630.0,150.2,3.4,528.7,1102.5,59.99,210.8,4.9,5.5,1383.6,41.3,3.8,2.0,0,543.8301178298589,75.80543272267846,0.13939175164696327,36.375,34.75,2025-10-28 11:59:43
162.1,3.9,622.2,155.9,3.4,513.5,1082.6,60,210.9,5.1,5.5,1383.6,41.3,3.8,2.0,0,543.8301178298589,75.80543272267846,0.13939175164696327,36.437,34.875,2025-10-28 11:59:58
162.4,3.7,620.4,153.1,3.5,524.3,1090.1,60,211,5,5.5,1383.6,41.3,3.8,2.0,0,543.8301178298589,75.80543272267846,0.13939175164696327,36.437,34.812,2025-10-28 12:00:13
162.3,3.8,616.6,150.3,3.4,521.4,1083.5,60.02,211.1,5,5.5,1383.6,41.3,3.8,2.0,0,504.9851094134404,75.80543272267846,0.15011419408134505,36.25,34.812,2025-10-28 12:00:28
162.3,3.7,605.5,153.1,3.4,516.0,1068.5,60,211.2,4.9,5.6,1383.7,41.3,3.8,2.0,0,504.9851094134404,75.80543272267846,0.15011419408134505,36.187,34.812,2025-10-28 12:00:43
162.3,3.7,593.2,153.2,3.3,507.0,1048.0,59.98,211.1,4.9,5.6,1383.7,41.2,3.8,2.0,0,504.9851094134404,75.80543272267846,0.15011419408134505,36.125,34.5,2025-10-28 12:00:58
162.3,3.6,590.3,154.2,3.2,505.5,1043.9,59.96,211,4.8,5.6,1383.7,41.1,3.8,2.0,0,504.9851094134404,75.80543272267846,0.15011419408134505,36.062,34.437,2025-10-28 12:01:13
162.3,3.6,586.6,153.1,3.3,503.0,1038.4,59.99,210.9,4.8,5.6,1383.7,41,3.8,2.0,0,504.9851094134404,75.80543272267846,0.15011419408134505,36.187,34.5,2025-10-28 12:01:28
162.3,3.6,582.0,150.1,3.3,498.4,1028.7,59.98,210.8,4.8,5.6,1383.7,40.9,3.8,2.0,0,504.9851094134404,75.80543272267846,0.15011419408134505,36.187,34.5,2025-10-28 12:01:43
162.5,3.6,573.4,153.1,3.3,500.8,1035.1,59.98,210.8,4.8,5.6,1383.7,41,3.8,2.0,0,504.9851094134404,75.80543272267846,0.15011419408134505,36.0,34.375,2025-10-28 12:01:58
162.3,3.7,593.2,155.8,3.3,498.7,1041.6,59.99,210.9,4.9,5.6,1383.7,40.9,3.8,2.0,0,504.9851094134404,75.80543272267846,0.15011419408134505,35.812,34.25,2025-10-28 12:02:13
162.3,3.7,601.2,152.8,3.4,515.0,1064.6,60.01,210.9,5,5.6,1383.7,40.9,3.8,2.0,0,504.9851094134404,75.80543272267846,0.15011419408134505,35.812,34.25,2025-10-28 12:02:28
162.5,3.7,588.8,153.1,3.3,507.5,1047.8,59.97,210.6,4.9,5.6,1383.7,40.9,3.8,2.0,0,504.9851094134404,75.80543272267846,0.15011419408134505,35.875,34.312,2025-10-28 12:02:43
162.9,3.6,556.4,153,3.2,498.4,1003.7,59.99,210.8,4.8,5.6,1383.7,40.9,3.8,2.0,0,504.9851094134404,75.80543272267846,0.15011419408134505,35.875,34.25,2025-10-28 12:02:58
162.4,3.5,563.9,153,3.2,488.3,1003.2,60,210.7,4.7,5.6,1383.7,40.9,3.8,2.0,0,466.14010099702193,75.80543272267846,0.16262371025479047,35.812,34.187,2025-10-28 12:03:13
164.7,3.4,541.7,153.1,3.2,484.4,986.6,60.01,210.7,4.7,5.6,1383.7,40.8,3.8,2.0,0,466.14010099702193,75.80543272267846,0.16262371025479047,35.812,34.187,2025-10-28 12:03:28
161.4,3.4,545.8,154.5,3.1,474.5,973.7,60.03,210.9,4.6,5.6,1383.7,40.8,3.8,2.0,0,466.14010099702193,75.80543272267846,0.16262371025479047,35.812,34.25,2025-10-28 12:03:43
164,3.4,519.4,152.2,3.2,482.7,959.6,60.02,211.1,4.7,5.6,1383.7,40.8,3.8,2.0,0,466.14010099702193,75.80543272267846,0.16262371025479047,35.75,34.25,2025-10-28 12:03:58
162.2,3.5,555.3,155.4,3.1,485.3,992.9,60.01,211.1,4.6,5.6,1383.7,40.7,3.8,2.0,0,466.14010099702193,75.80543272267846,0.16262371025479047,35.5,34.0,2025-10-28 12:04:13
165,3.6,546.1,153.1,3.3,499.1,1007.8,60.02,211.1,4.8,5.6,1383.7,40.6,3.8,2.0,0,504.9851094134404,75.80543272267846,0.15011419408134505,35.5,34.0,2025-10-28 12:04:28
159.8,3.6,574.4,150.6,3.3,501.5,1024.7,60,211.3,4.9,5.6,1383.7,40.6,3.8,2.0,0,504.9851094134404,75.80543272267846,0.15011419408134505,35.625,34.062,2025-10-28 12:04:43
164.8,3.6,557.2,155.4,3.3,499.1,1009.7,60.01,211.2,4.9,5.6,1383.7,40.5,3.8,2.0,0,504.9851094134404,75.80543272267846,0.15011419408134505,35.625,33.875,2025-10-28 12:04:58
159.4,3.7,582.8,151.6,3.3,507.1,1037.2,60.01,211.3,4.9,5.6,1383.7,40.4,3.8,2.0,0,504.9851094134404,75.80543272267846,0.15011419408134505,35.687,34.0,2025-10-28 12:05:13
165,3.7,586.7,156,3.4,510.0,1049.2,60,211.2,5,5.6,1383.7,40.4,3.8,2.0,0,504.9851094134404,75.80543272267846,0.15011419408134505,35.625,33.937,2025-10-28 12:05:28
159.5,3.7,590.5,150.2,3.3,514.5,1047.0,59.97,210.6,5,5.6,1383.7,40.4,3.8,2.0,0,504.9851094134404,75.80543272267846,0.15011419408134505,35.437,34.0,2025-10-28 12:05:43
165.1,3.4,574.8,156,3.3,506.7,1034.0,59.95,210.5,4.9,5.6,1383.7,40.4,3.8,2.0,0,504.9851094134404,75.80543272267846,0.15011419408134505,35.625,34.0,2025-10-28 12:05:58
160.2,3.7,596.8,151,3.4,516.6,1050.3,59.98,210.6,5,5.6,1383.7,40.4,3.8,2.0,0,504.9851094134404,75.80543272267846,0.15011419408134505,35.625,34.062,2025-10-28 12:06:13
164.1,3.5,602.4,155.1,3.3,522.2,1072.9,60.03,210.6,5,5.6,1383.7,40.4,3.8,2.0,0,504.9851094134404,75.80543272267846,0.15011419408134505,35.437,33.875,2025-10-28 12:06:28
159.2,3.7,594.9,150,3.4,517.7,1060.2,60,210.8,4.9,5.7,1383.8,40.3,3.8,2.0,0,504.9851094134404,75.80543272267846,0.15011419408134505,35.562,34.0,2025-10-28 12:06:43
162.6,3.4,585.3,153.4,3.2,504.7,1030.8,60.01,210.7,4.7,5.7,1383.8,40.3,3.8,2.0,0,504.9851094134404,75.80543272267846,0.15011419408134505,35.375,33.812,2025-10-28 12:06:58
161.6,3.5,571.9,152.4,3.3,501.9,1023.8,60.01,210.8,4.7,5.7,1383.8,40.3,3.8,2.0,0,466.14010099702193,75.80543272267846,0.16262371025479047,35.125,33.75,2025-10-28 12:07:13
163.1,3.4,574.7,153.9,3.2,504.9,1029.2,60.04,210.8,4.7,5.7,1383.8,40.3,3.8,2.0,0,504.9851094134404,75.80543272267846,0.15011419408134505,35.125,33.687,2025-10-28 12:07:28
162.3,3.6,576.5,151.1,3.3,507.3,1031.6,60,210.5,4.7,5.7,1383.8,40.3,3.8,2.0,0,504.9851094134404,75.80543272267846,0.15011419408134505,35.125,33.75,2025-10-28 12:07:43
162.3,3.3,567.5,153.1,3.1,501.3,1019.8,60.01,211,4.6,5.7,1383.8,40.2,3.9,2.0,0,466.14010099702193,75.80543272267846,0.16262371025479047,35.0,33.812,2025-10-28 12:07:58
162.3,3.5,565.9,153,3.3,501.1,1017.4,60,210.8,4.7,5.7,1383.8,40.2,3.9,2.0,0,466.14010099702193,75.80543272267846,0.16262371025479047,35.062,33.812,2025-10-28 12:08:13
162.2,3.4,565.7,153.1,3.1,500.0,1016.5,60.04,210.8,4.6,5.7,1383.8,40.1,3.9,2.0,0,466.14010099702193,75.80543272267846,0.16262371025479047,35.187,33.875,2025-10-28 12:08:28
162.3,3.5,566.6,153.1,3.3,500.7,1018.2,60.05,210.9,4.7,5.7,1383.8,40,3.9,2.0,0,504.9851094134404,75.80543272267846,0.15011419408134505,35.187,34.0,2025-10-28 12:08:43
162.3,3.5,577.9,153.1,3.3,510.0,1037.6,60.02,210.9,4.8,5.7,1383.8,40,3.9,2.0,0,504.9851094134404,75.80543272267846,0.15011419408134505,35.312,34.0,2025-10-28 12:08:58
162.3,3.6,584.8,153.1,3.4,516.4,1049.6,60.02,210.9,4.9,5.7,1383.8,40,3.9,2.0,0,504.9851094134404,75.80543272267846,0.15011419408134505,35.312,34.125,2025-10-28 12:09:13
162.4,3.7,592.4,153.1,3.4,521.0,1060.9,60,211,4.9,5.7,1383.8,40.1,3.9,2.0,0,504.9851094134404,75.80543272267846,0.15011419408134505,35.375,34.062,2025-10-28 12:09:28
162.3,3.7,594.3,153.1,3.4,522.4,1064.4,59.98,210.9,5,5.7,1383.8,40.1,3.9,2.1,0,504.9851094134404,75.80543272267846,0.15011419408134505,35.312,34.062,2025-10-28 12:09:43
162.4,3.7,594.3,153.2,3.4,522.2,1064.4,60,210.8,5,5.7,1383.8,40.1,3.9,2.1,0,504.9851094134404,75.80543272267846,0.15011419408134505,35.375,34.062,2025-10-28 12:09:58
162.4,3.8,609.8,153.2,3.5,534.0,1089.1,60.02,210.8,5.1,5.7,1383.8,40.1,3.9,2.1,0,504.9851094134404,75.80543272267846,0.15011419408134505,35.437,34.187,2025-10-28 12:10:13
162.1,3.9,624.6,153.1,3.6,543.1,1112.9,59.97,210.9,5.2,5.7,1383.8,40.2,3.9,2.1,0,543.8301178298589,75.80543272267846,0.13939175164696327,35.437,34.187,2025-10-28 12:10:28
162.3,4,639.6,153.1,3.6,556.2,1137.3,59.97,210.9,5.3,5.7,1383.8,40.3,3.9,2.1,0,543.8301178298589,75.80543272267846,0.13939175164696327,35.5,34.25,2025-10-28 12:10:43
162.3,4.1,656.3,153.1,3.7,567.2,1164.6,60,211.1,5.5,5.7,1383.8,40.3,3.9,2.1,0,543.8301178298589,75.80543272267846,0.13939175164696327,35.687,34.375,2025-10-28 12:10:58
162.9,4.2,659.3,155.6,3.8,570.4,1183.3,60.01,211.3,5.6,5.7,1383.8,40.4,3.9,2.1,0,582.6751262462774,75.80543272267846,0.13009896820383238,35.812,34.5,2025-10-28 12:11:13
162.6,4.3,685.3,149.9,3.9,589.5,1209.5,60.03,211.4,5.7,5.7,1383.8,40.4,3.9,2.1,0,582.6751262462774,75.80543272267846,0.13009896820383238,35.812,34.375,2025-10-28 12:11:28
162.3,4.4,697.4,153.2,3.9,602.1,1233.2,59.91,211.4,5.8,5.7,1383.8,40.4,3.9,2.1,0,582.6751262462774,75.80543272267846,0.13009896820383238,35.625,34.375,2025-10-28 12:11:43
160.5,4.4,711.6,153.1,4,606.0,1250.6,59.93,211.4,5.9,5.7,1383.8,40.4,3.9,2.1,0,621.5201346626959,75.80543272267846,0.12196778269109285,35.812,34.437,2025-10-28 12:11:58
164.4,4.5,711.3,150.3,4.1,617.1,1260.5,59.97,211.4,6,5.8,1383.9,40.4,3.9,2.1,0,621.5201346626959,75.80543272267846,0.12196778269109285,35.937,34.5,2025-10-28 12:12:13
161.7,4.7,742.6,152.2,4.2,635.7,1306.9,59.98,211.5,6.2,5.8,1383.9,40.4,3.9,2.1,0,660.3651430791144,75.80543272267846,0.11479320723867562,36.125,34.75,2025-10-28 12:12:28
163.5,4.8,755.5,153.9,4.2,643.3,1326.8,59.96,211.6,6.3,5.8,1383.9,40.4,3.9,2.1,0,660.3651430791144,75.80543272267846,0.11479320723867562,36.062,34.75,2025-10-28 12:12:43
159.5,4.7,751.6,150.2,4.2,642.4,1327.1,59.98,211.5,6.3,5.8,1383.9,40.5,3.9,2.1,0,660.3651430791144,75.80543272267846,0.11479320723867562,36.0,34.75,2025-10-28 12:12:58
165.1,4.7,732.5,156,4.2,628.9,1292.1,59.96,211.4,6.2,5.8,1383.9,40.5,3.9,2.1,0,660.3651430791144,75.80543272267846,0.11479320723867562,36.25,34.875,2025-10-28 12:13:13
160.2,4.6,733.2,150,4.2,629.2,1291.6,59.96,211.3,6.1,5.8,1383.9,40.6,3.9,2.1,0,621.5201346626959,75.80543272267846,0.12196778269109285,36.437,35.0,2025-10-28 12:13:28
164.5,4.5,703.6,153.1,4.1,623.1,1258.4,59.97,211.3,6.1,5.8,1383.9,40.6,3.9,2.1,0,621.5201346626959,75.80543272267846,0.12196778269109285,36.5,35.125,2025-10-28 12:13:43
159.2,4.5,730.3,150,4.2,624.1,1284.7,59.98,211.3,6.1,5.8,1383.9,40.6,3.9,2.1,0,621.5201346626959,75.80543272267846,0.12196778269109285,36.562,35.187,2025-10-28 12:13:58
164.9,4.5,734.4,150.1,4.2,634.7,1293.8,59.98,211.2,6.1,5.8,1383.9,40.7,3.9,2.1,0,660.3651430791144,75.80543272267846,0.11479320723867562,36.812,35.312,2025-10-28 12:14:13
159.5,4.7,741.5,153.1,4.2,637.9,1307.9,60.01,211.4,6.2,5.8,1383.9,40.8,3.9,2.1,0,660.3651430791144,75.80543272267846,0.11479320723867562,37.062,35.5,2025-10-28 12:14:28
163.3,4.3,751.0,151.4,4.3,638.8,1288.3,60.03,211.2,6.1,5.8,1383.9,40.9,3.9,2.1,0,660.3651430791144,113.70814908401769,0.17218981085801344,37.312,35.812,2025-10-28 12:14:43
159.9,4.7,756.9,150.9,4.3,644.5,1329.4,60.01,211.2,6.2,5.8,1383.9,41,3.9,2.1,0,660.3651430791144,75.80543272267846,0.11479320723867562,37.437,35.937,2025-10-28 12:14:58
164.1,4.4,759.7,150.1,4.3,647.1,1328.0,60.05,211.3,6,5.8,1383.9,41,3.9,2.1,0,660.3651430791144,75.80543272267846,0.11479320723867562,37.437,35.937,2025-10-28 12:15:13
162.3,4.8,769.2,153.1,4.2,649.8,1339.7,60.04,211.2,6.4,5.8,1383.9,41.1,3.9,2.1,0,660.3651430791144,75.80543272267846,0.11479320723867562,37.625,36.062,2025-10-28 12:15:28
162.5,4.5,782.8,150.1,4.4,660.6,1368.5,60.04,211.4,6.2,5.8,1383.9,41.2,3.9,2.1,0,660.3651430791144,113.70814908401769,0.17218981085801344,37.687,36.125,2025-10-28 12:15:43
161.2,5,803.0,153.1,4.4,673.3,1399.4,60.04,211.5,6.6,5.8,1383.9,41.2,3.9,2.1,0,699.2101514955328,113.70814908401769,0.16262371025479047,37.875,36.25,2025-10-28 12:15:58
162.3,4.9,826.5,150.9,4.6,695.6,1441.4,60.04,211.4,6.6,5.8,1383.9,41.2,3.9,2.1,0,699.2101514955328,113.70814908401769,0.16262371025479047,38.125,36.375,2025-10-28 12:16:13
162.3,5.2,829.7,150.2,4.7,695.5,1447.0,60.03,211.5,6.9,5.8,1383.9,41.3,3.9,2.1,0,699.2101514955328,113.70814908401769,0.16262371025479047,38.437,36.437,2025-10-28 12:16:28
162.4,5,838.8,153.2,4.7,705.8,1463.2,60.03,211.6,6.7,5.9,1384.0,41.3,4.0,2.1,0,738.0551599119514,113.70814908401769,0.1540645676098015,38.625,36.562,2025-10-28 12:16:43
162.3,5.3,846.4,147.4,4.8,704.4,1465.3,60.04,211.8,7,5.9,1384.0,41.4,4.0,2.1,0,738.0551599119514,113.70814908401769,0.1540645676098015,38.625,36.562,2025-10-28 12:16:58
161.7,5.5,877.4,151.1,4.9,737.4,1524.9,60.03,211.9,7.1,5.9,1384.0,41.5,4.0,2.1,0,776.9001683283698,113.70814908401769,0.14636133922931144,38.812,36.812,2025-10-28 12:17:13
159.8,5.8,905.4,151.4,5,759.8,1572.9,60.03,212.1,7.5,5.9,1384.0,41.6,4.0,2.1,0,815.7451767447883,113.70814908401769,0.13939175164696327,38.5,36.75,2025-10-28 12:17:28
159.5,6.3,983.6,150.3,5.5,814.5,1696.9,60.04,212.4,8.1,5.9,1384.0,41.7,4.0,2.1,0,854.5901851612068,113.70814908401769,0.13305576293573768,38.5,36.687,2025-10-28 12:17:43
162.7,6.3,1015.7,151.7,5.6,851.6,1760.7,60.02,212.4,8.4,5.9,1384.0,41.8,4.0,2.1,0,893.4351935776253,113.70814908401769,0.12727072976461865,38.812,36.812,2025-10-28 12:17:58
157.6,6.7,1030.7,147.4,5.9,866.1,1786.6,59.99,212.4,8.5,5.9,1384.0,41.8,4.0,2.1,0,932.2802019940439,151.61086544535692,0.16262371025479047,39.25,37.125,2025-10-28 12:18:13
161.3,6.7,1037.0,150.2,5.9,870.8,1802.3,60,212.5,8.5,5.9,1384.0,41.9,4.0,2.1,0,932.2802019940439,151.61086544535692,0.16262371025479047,39.375,37.25,2025-10-28 12:18:28
158.8,6.6,1026.1,148,5.8,862.0,1777.6,60.05,212.4,8.5,5.9,1384.0,42,4.0,2.2,0,893.4351935776253,113.70814908401769,0.12727072976461865,39.625,37.5,2025-10-28 12:18:43
161.9,6.6,1023.7,150.1,5.6,863.1,1773.4,60.04,212.3,8.4,5.9,1384.0,42.2,4.0,2.2,0,932.2802019940439,151.61086544535692,0.16262371025479047,39.625,37.687,2025-10-28 12:18:58
156.4,6.6,1025.5,150.1,5.9,864.5,1780.8,60.03,212.3,8.5,5.9,1384.0,42.3,4.0,2.2,0,932.2802019940439,113.70814908401769,0.12196778269109285,39.437,37.687,2025-10-28 12:19:13
161.9,6.6,1013.6,150.5,5.6,864.1,1771.7,60.04,212.3,8.5,5.9,1384.0,42.4,4.0,2.2,0,932.2802019940439,151.61086544535692,0.16262371025479047,39.25,37.312,2025-10-28 12:19:28
156.6,6.8,1057.1,147.2,5.9,881.2,1820.4,60.04,212.3,8.6,5.9,1384.0,42.4,4.0,2.2,0,932.2802019940439,151.61086544535692,0.16262371025479047,39.187,37.125,2025-10-28 12:19:43
161.5,6.4,1057.1,150.2,5.9,884.1,1833.1,60.03,212.2,8.6,5.9,1384.0,42.4,4.0,2.2,0,932.2802019940439,151.61086544535692,0.16262371025479047,39.562,37.062,2025-10-28 12:19:58
156.3,6.9,1068.7,148.7,6.1,897.9,1852.3,60.03,212.4,8.7,6.0,1384.1,42.5,4.0,2.2,0,932.2802019940439,151.61086544535692,0.16262371025479047,39.562,37.187,2025-10-28 12:20:13
160.1,6.5,1062.6,147.1,6.2,902.0,1851.1,59.98,212.3,8.7,6.0,1384.1,42.5,4.0,2.2,0,971.1252104104623,151.61086544535692,0.15611876184459886,39.625,37.25,2025-10-28 12:20:28
157.7,7,1094.0,150.1,6.1,910.3,1884.7,60.01,212.2,8.9,6.0,1384.1,42.6,4.0,2.2,0,971.1252104104623,151.61086544535692,0.15611876184459886,39.875,37.375,2025-10-28 12:20:43
160.5,6.5,1087.3,149.2,6.1,908.6,1878.9,60.03,212.5,8.6,6.0,1384.1,42.5,4.0,2.2,0,971.1252104104623,151.61086544535692,0.15611876184459886,40.0,37.625,2025-10-28 12:20:58
156.7,6.8,1069.2,150.1,6,895.7,1846.8,60.02,212.4,8.6,6.0,1384.1,42.6,4.0,2.2,0,932.2802019940439,151.61086544535692,0.16262371025479047,40.187,37.625,2025-10-28 12:21:13
159.4,6.4,1068.4,147.3,6,894.0,1838.5,60.03,212.3,8.5,6.0,1384.1,42.6,4.0,2.2,0,932.2802019940439,151.61086544535692,0.16262371025479047,40.0,37.625,2025-10-28 12:21:28
159.2,6.9,1072.9,148.8,6,901.0,1859.6,60.02,212.1,8.6,6.0,1384.1,42.7,4.0,2.2,0,971.1252104104623,151.61086544535692,0.15611876184459886,40.062,37.75,2025-10-28 12:21:43
159.7,6.5,1082.7,147.9,6.1,908.6,1873.2,60.01,212,8.5,6.0,1384.1,42.8,4.0,2.2,0,971.1252104104623,151.61086544535692,0.15611876184459886,40.25,37.937,2025-10-28 12:21:58
160.5,6.9,1080.7,147.9,6.2,917.9,1883.9,60.02,211.9,8.9,6.0,1384.1,42.8,4.0,2.2,0,971.1252104104623,151.61086544535692,0.15611876184459886,39.937,37.687,2025-10-28 12:22:13
159.3,6.9,1084.1,150.1,6.1,910.4,1879.3,60.03,212,8.8,6.0,1384.1,42.8,4.1,2.2,0,971.1252104104623,151.61086544535692,0.15611876184459886,39.75,37.687,2025-10-28 12:22:28
156.3,6.7,1060.8,147.3,6,898.3,1842.4,60.02,212,8.6,6.0,1384.1,42.8,4.1,2.2,0,932.2802019940439,151.61086544535692,0.16262371025479047,39.875,37.875,2025-10-28 12:22:43
159.4,6.8,1051.7,153.1,5.9,882.5,1823.2,60.03,211.9,8.6,6.0,1384.1,42.8,4.1,2.2,0,932.2802019940439,151.61086544535692,0.16262371025479047,39.875,37.687,2025-10-28 12:22:58
158.7,6.7,1070.8,146.4,6.2,891.6,1850.8,60.02,212.1,8.7,6.0,1384.1,42.8,4.1,2.2,0,932.2802019940439,151.61086544535692,0.16262371025479047,40.125,37.75,2025-10-28 12:23:13
156.9,6.8,1053.1,149.5,6,895.9,1835.4,60.01,212.2,8.6,6.1,1384.2,42.8,4.1,2.2,0,932.2802019940439,151.61086544535692,0.16262371025479047,40.062,37.5,2025-10-28 12:23:28
153.3,6.8,1039.5,144.2,6.1,885.8,1810.9,60.06,212.1,8.5,6.1,1384.2,42.7,4.1,2.2,0,932.2802019940439,151.61086544535692,0.16262371025479047,39.812,37.5,2025-10-28 12:23:43
156.9,6.7,1060.4,146.7,6.2,893.5,1839.9,60.06,212,8.6,6.1,1384.2,42.6,4.1,2.2,0,932.2802019940439,151.61086544535692,0.16262371025479047,40.125,37.625,2025-10-28 12:23:58
156.5,6.8,1052.8,149.5,6.2,900.5,1837.9,60.04,212.1,8.6,6.1,1384.2,42.7,4.1,2.2,0,932.2802019940439,151.61086544535692,0.16262371025479047,40.25,37.812,2025-10-28 12:24:13
158.4,6.9,1058.3,148.9,6.2,909.4,1852.1,60.01,212.1,8.7,6.1,1384.2,42.7,4.1,2.2,0,971.1252104104623,151.61086544535692,0.15611876184459886,40.687,37.937,2025-10-28 12:24:28
156.3,6.5,1026.9,148.9,5.9,882.9,1797.0,60.04,212.3,8.5,6.1,1384.2,42.8,4.1,2.2,0,893.4351935776253,151.61086544535692,0.16969430635282484,40.687,38.062,2025-10-28 12:24:43
159.3,6.3,978.3,150.1,5.8,843.0,1716.2,60.03,212.2,8.1,6.1,1384.2,42.9,4.1,2.2,0,893.4351935776253,113.70814908401769,0.12727072976461865,40.875,38.25,2025-10-28 12:24:58
153.5,6.7,1017.9,148.8,5.9,886.4,1791.0,60.03,212.3,8.5,6.1,1384.2,42.9,4.1,2.2,0,932.2802019940439,151.61086544535692,0.16262371025479047,41.125,38.375,2025-10-28 12:25:13
159.2,6.8,1049.8,150.1,6.1,908.4,1842.1,60.01,212.4,8.6,6.1,1384.2,43,4.1,2.3,0,932.2802019940439,151.61086544535692,0.16262371025479047,41.062,38.562,2025-10-28 12:25:28
153.7,6.5,1005.4,147.6,5.9,878.0,1758.0,59.99,212.3,8.4,6.1,1384.2,43.1,4.1,2.3,0,893.4351935776253,113.70814908401769,0.12727072976461865,41.312,38.875,2025-10-28 12:25:43
156.3,6.1,949.9,149.8,5.5,828.0,1673.6,60.01,212.2,7.8,6.1,1384.2,43.2,4.1,2.3,0,854.5901851612068,113.70814908401769,0.13305576293573768,41.125,38.937,2025-10-28 12:25:58
156.4,6.1,950.8,150.1,5.5,824.0,1672.5,60.03,212.2,7.9,6.1,1384.2,43.2,4.1,2.3,0,854.5901851612068,113.70814908401769,0.13305576293573768,41.312,39.062,2025-10-28 12:26:13
156.3,5.8,908.6,147.1,5.4,796.6,1606.2,60.03,212.1,7.5,6.1,1384.2,43.2,4.1,2.3,0,815.7451767447883,113.70814908401769,0.13939175164696327,40.875,38.75,2025-10-28 12:26:28
157.6,5.3,846.6,148.4,5,747.9,1503.8,60.03,212,7,6.2,1384.3,43.3,4.1,2.3,0,738.0551599119514,113.70814908401769,0.1540645676098015,40.625,38.687,2025-10-28 12:26:43
157.5,5.1,790.4,148.2,4.8,704.9,1414.8,60.02,211.9,6.6,6.2,1384.3,43.2,4.1,2.3,0,699.2101514955328,113.70814908401769,0.16262371025479047,40.687,38.375,2025-10-28 12:26:58
156.1,5,771.5,146.9,4.7,682.1,1370.3,60.03,211.8,6.5,6.2,1384.3,43.2,4.1,2.3,0,699.2101514955328,113.70814908401769,0.16262371025479047,40.437,38.0,2025-10-28 12:27:13
156.5,5.2,800.2,150.2,4.8,712.9,1434.1,60.02,211.9,6.8,6.2,1384.3,43.2,4.1,2.3,0,738.0551599119514,113.70814908401769,0.1540645676098015,40.5,38.0,2025-10-28 12:27:28
159.4,5.1,807.6,147.3,4.8,718.4,1441.5,60.02,211.9,6.8,6.2,1384.3,43.1,4.1,2.3,0,738.0551599119514,113.70814908401769,0.1540645676098015,40.437,37.875,2025-10-28 12:27:43
159.7,4.8,809.6,147.8,4.8,721.8,1448.3,59.98,211.8,6.6,6.2,1384.3,43.1,4.1,2.3,0,738.0551599119514,113.70814908401769,0.1540645676098015,40.25,37.687,2025-10-28 12:27:58
160.5,5.2,768.1,147.1,4.9,723.7,1449.0,59.97,211.9,6.9,6.2,1384.3,43,4.1,2.3,0,738.0551599119514,113.70814908401769,0.1540645676098015,40.0,37.5,2025-10-28 12:28:13
156.3,5.2,812.6,147.1,4.8,724.8,1454.2,59.97,211.9,6.9,6.2,1384.3,43,4.1,2.3,0,738.0551599119514,113.70814908401769,0.1540645676098015,39.875,37.5,2025-10-28 12:28:28
159.4,5,796.7,153.1,4.7,705.8,1423.6,60,211.9,6.7,6.2,1384.3,43,4.1,2.3,0,699.2101514955328,113.70814908401769,0.16262371025479047,39.812,37.437,2025-10-28 12:28:43
159.4,4.9,779.4,150.1,4.7,699.8,1401.9,59.99,211.7,6.6,6.2,1384.3,43,4.2,2.3,0,699.2101514955328,113.70814908401769,0.16262371025479047,39.687,37.25,2025-10-28 12:28:58
159.5,4.7,748.6,148.3,4.6,675.9,1349.3,60.03,212,6.3,6.2,1384.3,43,4.2,2.3,0,660.3651430791144,75.80543272267846,0.11479320723867562,39.625,37.25,2025-10-28 12:29:13
159.4,4.6,733.3,152.1,4.3,660.3,1322.2,60.02,211.7,6.2,6.2,1384.3,42.9,4.2,2.3,0,660.3651430791144,75.80543272267846,0.11479320723867562,39.125,37.125,2025-10-28 12:29:28
159.4,4.6,726.5,147.4,4.4,655.7,1308.5,60.03,211.6,6.1,6.2,1384.3,42.9,4.2,2.3,0,660.3651430791144,75.80543272267846,0.11479320723867562,39.375,37.125,2025-10-28 12:29:43
159.4,4.5,720.1,150.3,4.2,648.0,1298.5,60.02,211.6,6,6.2,1384.3,42.9,4.2,2.3,0,621.5201346626959,75.80543272267846,0.12196778269109285,39.375,36.875,2025-10-28 12:29:58
159.5,4.6,721.5,149.6,4.5,657.6,1307.4,60.03,211.6,6.2,6.2,1384.3,42.8,4.2,2.3,0,660.3651430791144,75.80543272267846,0.11479320723867562,39.187,36.875,2025-10-28 12:30:13
159.4,4.6,724.1,150.1,4.4,658.9,1310.9,60.04,211.4,6.2,6.2,1384.3,42.7,4.2,2.3,0,621.5201346626959,75.80543272267846,0.12196778269109285,39.312,36.937,2025-10-28 12:30:28
160.1,4.5,710.9,150.1,4.3,648.3,1289.3,60.02,211.5,6.1,6.2,1384.3,42.8,4.2,2.3,0,621.5201346626959,75.80543272267846,0.12196778269109285,39.375,37.062,2025-10-28 12:30:43
159.4,4.4,702.4,150.1,4.3,641.1,1274.7,60.03,211.6,6,6.2,1384.3,42.8,4.2,2.3,0,621.5201346626959,75.80543272267846,0.12196778269109285,39.187,36.875,2025-10-28 12:30:58
159.5,4.4,683.3,150,4.2,632.5,1246.3,59.98,211.5,5.9,6.3,1384.4,42.8,4.2,2.3,0,621.5201346626959,75.80543272267846,0.12196778269109285,39.0,36.625,2025-10-28 12:31:13
159.4,4.3,675.8,150.1,4.1,619.2,1229.2,59.96,211.4,5.8,6.3,1384.4,42.7,4.2,2.3,0,582.6751262462774,75.80543272267846,0.13009896820383238,38.687,36.437,2025-10-28 12:31:28
160.8,4.3,643.3,151,4.1,611.4,1224.1,59.98,211.2,5.8,6.3,1384.4,42.7,4.2,2.3,0,582.6751262462774,75.80543272267846,0.13009896820383238,38.437,36.312,2025-10-28 12:31:43
159.4,4.3,668.3,150,4.1,616.2,1222.1,59.99,211.1,5.8,6.3,1384.4,42.6,4.2,2.3,0,582.6751262462774,75.80543272267846,0.13009896820383238,38.375,36.25,2025-10-28 12:31:58
160,4.2,650.2,150.3,4.1,611.3,1197.6,60.01,211.2,5.7,6.3,1384.4,42.6,4.2,2.3,0,582.6751262462774,75.80543272267846,0.13009896820383238,38.437,36.125,2025-10-28 12:32:13
156.9,4.1,646.6,147.6,4,602.9,1192.5,60.02,211.4,5.6,6.3,1384.4,42.6,4.2,2.3,0,582.6751262462774,75.80543272267846,0.13009896820383238,38.312,36.062,2025-10-28 12:32:28
161.8,4.1,622.4,152.3,4,592.8,1156.4,60.03,211.3,5.6,6.3,1384.4,42.6,4.2,2.3,0,582.6751262462774,75.80543272267846,0.13009896820383238,38.125,36.0,2025-10-28 12:32:43
158.4,4.1,637.8,149,4,593.5,1167.5,60,211.6,5.6,6.3,1384.4,42.5,4.2,2.3,0,582.6751262462774,75.80543272267846,0.13009896820383238,38.062,35.875,2025-10-28 12:32:58
162,4,615.5,151.2,3.9,585.2,1141.7,60.02,211.5,5.4,6.3,1384.4,42.5,4.2,2.3,0,543.8301178298589,75.80543272267846,0.13939175164696327,38.125,35.937,2025-10-28 12:33:13
156.6,4,620.8,147.4,3.9,578.2,1139.4,60.05,211.7,5.4,6.3,1384.4,42.5,4.2,2.3,0,543.8301178298589,75.80543272267846,0.13939175164696327,38.125,35.875,2025-10-28 12:33:28
162.2,4,617.9,153.1,3.9,582.3,1142.9,60.02,211.4,5.4,6.3,1384.4,42.4,4.2,2.3,0,543.8301178298589,75.80543272267846,0.13939175164696327,38.062,35.812,2025-10-28 12:33:43
156.9,3.9,618.4,147.7,3.9,575.7,1135.5,60.02,211.2,5.4,6.3,1384.4,42.3,4.2,2.3,0,543.8301178298589,75.80543272267846,0.13939175164696327,38.312,35.812,2025-10-28 12:33:58
161.6,3.9,620.8,152.6,3.9,576.0,1130.2,60.01,211.2,5.4,6.3,1384.4,42.3,4.2,2.3,0,543.8301178298589,75.80543272267846,0.13939175164696327,38.125,35.75,2025-10-28 12:34:13
156,4,621.4,146.8,3.9,579.7,1143.0,60,211.1,5.5,6.3,1384.4,42.3,4.2,2.4,0,543.8301178298589,75.80543272267846,0.13939175164696327,38.0,35.75,2025-10-28 12:34:28
162.1,3.8,620.3,153.1,3.8,580.6,1144.3,60,211.1,5.4,6.3,1384.4,42.2,4.2,2.4,0,543.8301178298589,75.80543272267846,0.13939175164696327,38.25,35.687,2025-10-28 12:34:43
158.1,4.1,638.3,147.2,4,586.1,1153.7,60,211.3,5.5,6.3,1384.4,42.2,4.2,2.4,0,582.6751262462774,75.80543272267846,0.13009896820383238,38.437,35.75,2025-10-28 12:34:58
160.6,4.1,670.9,151.4,4,621.6,1228.9,60.03,211.3,5.7,6.3,1384.4,42.2,4.2,2.4,0,582.6751262462774,75.80543272267846,0.13009896820383238,38.375,35.75,2025-10-28 12:35:13
157,4.4,691.4,148,4.3,641.7,1265.9,59.98,211.4,5.9,6.3,1384.4,42.1,4.2,2.4,0,621.5201346626959,75.80543272267846,0.12196778269109285,38.312,35.812,2025-10-28 12:35:28
161.8,4.4,712.1,152.5,4.3,659.7,1303.1,59.99,211.4,6.1,6.3,1384.4,42.1,4.2,2.4,0,621.5201346626959,75.80543272267846,0.12196778269109285,38.25,35.937,2025-10-28 12:35:43
159.3,4.5,716.0,150,4.5,665.9,1302.4,59.99,211.4,6.1,6.3,1384.4,42.2,4.2,2.4,0,621.5201346626959,75.80543272267846,0.12196778269109285,38.312,36.0,2025-10-28 12:35:58
159.6,4.4,721.1,150.2,4.3,669.1,1319.5,59.99,211.5,6.2,6.4,1384.5,42.2,4.2,2.4,0,621.5201346626959,75.80543272267846,0.12196778269109285,38.437,36.062,2025-10-28 12:36:13
158.5,4.6,721.8,149.2,4.5,670.9,1321.7,59.98,211.5,6.1,6.4,1384.5,42.2,4.2,2.4,0,621.5201346626959,75.80543272267846,0.12196778269109285,38.75,36.187,2025-10-28 12:36:28
159.4,4.4,719.6,150.1,4.3,670.0,1319.4,60,211.7,6.2,6.4,1384.5,42.3,4.2,2.4,0,621.5201346626959,75.80543272267846,0.12196778269109285,38.5,36.062,2025-10-28 12:36:43
159.5,4.7,740.0,150.2,4.6,688.1,1353.3,59.98,211.7,6.2,6.4,1384.5,42.3,4.2,2.4,0,660.3651430791144,75.80543272267846,0.11479320723867562,38.375,36.25,2025-10-28 12:36:58
159.5,4.9,777.0,150.2,4.7,721.3,1419.0,59.99,211.4,6.7,6.4,1384.5,42.3,4.2,2.4,0,699.2101514955328,113.70814908401769,0.16262371025479047,38.625,36.375,2025-10-28 12:37:13
159.3,5.1,806.0,150.2,5,748.2,1471.3,59.99,211.4,6.9,6.4,1384.5,42.4,4.2,2.4,0,699.2101514955328,113.70814908401769,0.16262371025479047,38.812,36.5,2025-10-28 12:37:28
159.5,5.1,806.2,150.1,5,749.3,1471.6,59.97,211.4,7,6.4,1384.5,42.4,4.3,2.4,0,699.2101514955328,113.70814908401769,0.16262371025479047,39.125,36.875,2025-10-28 12:37:43
159.4,5,794.5,150.1,4.9,740.7,1453.4,60.02,211.4,6.9,6.4,1384.5,42.6,4.3,2.4,0,699.2101514955328,75.80543272267846,0.10841580683652699,39.562,37.0,2025-10-28 12:37:58
159.4,4.9,773.8,150.1,4.8,722.5,1415.8,60.04,211.6,6.7,6.4,1384.5,42.6,4.3,2.4,0,699.2101514955328,113.70814908401769,0.16262371025479047,39.687,37.187,2025-10-28 12:38:13
159.5,4.8,763.5,150.1,4.8,712.6,1399.4,60.03,211.6,6.5,6.4,1384.5,42.6,4.3,2.4,0,660.3651430791144,113.70814908401769,0.17218981085801344,39.5,37.125,2025-10-28 12:38:28
159.4,4.8,766.1,150.1,4.8,714.8,1401.7,60.02,211.6,6.6,6.4,1384.5,42.6,4.3,2.4,0,699.2101514955328,113.70814908401769,0.16262371025479047,39.562,37.25,2025-10-28 12:38:43
159.4,4.9,777.0,150.1,4.8,723.9,1420.9,60.03,211.3,6.7,6.4,1384.5,42.7,4.3,2.4,0,699.2101514955328,113.70814908401769,0.16262371025479047,39.875,37.437,2025-10-28 12:38:58
159.6,5.1,795.7,147.2,5,739.3,1456.7,60.02,211.4,6.9,6.4,1384.5,42.8,4.3,2.4,0,699.2101514955328,113.70814908401769,0.16262371025479047,39.875,37.562,2025-10-28 12:39:13
159.3,5.2,811.1,150.1,5.1,757.8,1482.7,60.02,211.6,7,6.4,1384.5,42.9,4.3,2.4,0,738.0551599119514,113.70814908401769,0.1540645676098015,39.875,37.687,2025-10-28 12:39:28
159.4,5.1,811.0,150.1,5,755.7,1481.2,59.99,211.2,7,6.4,1384.5,42.9,4.3,2.4,0,738.0551599119514,113.70814908401769,0.1540645676098015,39.75,37.75,2025-10-28 12:39:43
159.4,5.1,807.6,150.2,5,751.7,1473.7,59.97,211.3,7,6.4,1384.5,43,4.3,2.4,0,738.0551599119514,113.70814908401769,0.1540645676098015,40.062,37.937,2025-10-28 12:39:58
159,5.1,804.4,148,5.1,757.3,1479.4,59.98,211.3,7,6.4,1384.5,43,4.3,2.4,0,738.0551599119514,113.70814908401769,0.1540645676098015,40.312,37.937,2025-10-28 12:40:13
160.1,5.1,784.2,152.5,4.8,746.5,1453.8,60.01,211.2,6.9,6.5,1384.6,42.9,4.3,2.4,0,699.2101514955328,113.70814908401769,0.16262371025479047,40.125,37.625,2025-10-28 12:40:28
159.2,5.1,797.6,147.2,5.1,746.9,1459.4,59.99,211.4,6.9,6.5,1384.6,42.8,4.3,2.4,0,699.2101514955328,113.70814908401769,0.16262371025479047,40.062,37.687,2025-10-28 12:40:43
161.9,5,763.3,150.3,4.7,730.8,1427.9,59.99,211.3,6.7,6.5,1384.6,42.8,4.3,2.4,0,699.2101514955328,113.70814908401769,0.16262371025479047,40.375,37.812,2025-10-28 12:40:58
157.6,4.9,764.6,149.1,4.9,731.4,1415.6,59.96,211,6.7,6.5,1384.6,42.9,4.3,2.4,0,699.2101514955328,113.70814908401769,0.16262371025479047,40.687,37.937,2025-10-28 12:41:13
161.4,4.9,755.3,151.3,4.7,730.7,1406.8,59.99,210.9,6.7,6.5,1384.6,43,4.3,2.4,0,699.2101514955328,113.70814908401769,0.16262371025479047,40.562,37.875,2025-10-28 12:41:28
156.2,4.9,768.3,150.2,4.9,733.3,1421.1,59.98,210.9,6.8,6.5,1384.6,43.1,4.3,2.4,0,699.2101514955328,75.80543272267846,0.10841580683652699,40.375,37.812,2025-10-28 12:41:43
162.1,4.9,766.4,147.2,5,733.0,1420.7,59.99,210.9,6.9,6.5,1384.6,43.1,4.3,2.4,0,699.2101514955328,113.70814908401769,0.16262371025479047,40.125,37.625,2025-10-28 12:41:58
156.6,5.1,795.3,150.2,5.2,762.2,1472.8,59.99,211.1,7.1,6.5,1384.6,43.1,4.3,2.4,0,738.0551599119514,113.70814908401769,0.1540645676098015,40.062,37.562,2025-10-28 12:42:13
162,5,805.1,153,5.2,767.5,1491.2,59.99,211.1,7.3,6.5,1384.6,43.2,4.3,2.4,0,738.0551599119514,113.70814908401769,0.1540645676098015,40.187,37.562,2025-10-28 12:42:28
156.4,5.3,827.5,149.7,5.2,782.4,1509.2,59.99,211,7.2,6.5,1384.6,43.2,4.3,2.4,0,738.0551599119514,113.70814908401769,0.1540645676098015,40.375,37.562,2025-10-28 12:42:43
161.6,4.8,794.9,149.9,5.1,757.7,1469.0,60.02,211,6.9,6.5,1384.6,43.2,4.3,2.5,0,699.2101514955328,113.70814908401769,0.16262371025479047,40.312,37.5,2025-10-28 12:42:58
156.1,4.8,745.6,147.1,4.8,712.1,1375.6,60.02,210.7,6.6,6.5,1384.6,43.3,4.3,2.5,0,660.3651430791144,75.80543272267846,0.11479320723867562,40.375,37.5,2025-10-28 12:43:13
159.8,4.4,743.8,153,4.5,698.4,1354.4,60,210.7,6.3,6.5,1384.6,43.3,4.3,2.5,0,660.3651430791144,75.80543272267846,0.11479320723867562,40.187,37.437,2025-10-28 12:43:28
157.8,4.7,738.3,148.9,4.8,704.6,1369.1,59.98,210.7,6.4,6.5,1384.6,43.3,4.3,2.5,0,660.3651430791144,75.80543272267846,0.11479320723867562,39.937,37.375,2025-10-28 12:43:43
160.7,4.3,726.7,150,4.7,701.4,1354.0,59.97,210.9,6.3,6.5,1384.6,43.3,4.3,2.5,0,660.3651430791144,75.80543272267846,0.11479320723867562,39.75,37.187,2025-10-28 12:43:58
157.1,4.3,685.9,151.9,4.3,665.0,1282.0,59.97,210.9,6,6.5,1384.6,43.2,4.3,2.5,0,621.5201346626959,75.80543272267846,0.12196778269109285,39.687,37.187,2025-10-28 12:44:13
159.4,4.4,718.2,147.2,4.6,686.6,1334.1,59.96,210.9,6.2,6.5,1384.6,43.2,4.3,2.5,0,660.3651430791144,75.80543272267846,0.11479320723867562,39.5,37.125,2025-10-28 12:44:28
159.2,4.8,757.5,150.1,4.9,727.9,1405.6,60.01,211.3,6.7,6.6,1384.7,43.2,4.3,2.5,0,660.3651430791144,113.70814908401769,0.17218981085801344,39.812,37.125,2025-10-28 12:44:43
159.5,4.9,795.0,148.8,5.1,761.2,1471.3,60,211,6.9,6.6,1384.7,43.2,4.3,2.5,0,699.2101514955328,113.70814908401769,0.16262371025479047,39.687,37.062,2025-10-28 12:44:58
159.4,5.4,841.9,150,5.4,803.8,1556.9,60.01,211.1,7.4,6.6,1384.7,43.2,4.4,2.5,0,776.9001683283698,113.70814908401769,0.14636133922931144,39.437,37.062,2025-10-28 12:45:13
159.4,5.5,878.6,148.7,5.6,840.8,1622.8,60.01,211.1,7.7,6.6,1384.7,43.2,4.4,2.5,0,776.9001683283698,113.70814908401769,0.14636133922931144,39.375,37.187,2025-10-28 12:45:28
159.4,5.6,891.0,147.2,5.8,854.4,1646.0,59.98,211.2,7.8,6.6,1384.7,43.3,4.4,2.5,0,815.7451767447883,113.70814908401769,0.13939175164696327,39.5,37.25,2025-10-28 12:45:43
159.4,5.6,886.8,150.1,5.7,849.6,1639.7,59.98,211.2,7.8,6.6,1384.7,43.3,4.4,2.5,0,815.7451767447883,113.70814908401769,0.13939175164696327,39.625,37.25,2025-10-28 12:45:58
159.4,5.7,905.4,147.2,5.9,866.9,1672.0,59.97,211.2,8,6.6,1384.7,43.3,4.4,2.5,0,815.7451767447883,113.70814908401769,0.13939175164696327,39.875,37.437,2025-10-28 12:46:13
159.4,5.6,890.4,149,5.7,855.5,1646.2,60,211.2,7.8,6.6,1384.7,43.3,4.4,2.5,0,776.9001683283698,113.70814908401769,0.14636133922931144,40.5,37.687,2025-10-28 12:46:28
159.5,5.6,890.3,144.8,5.9,849.0,1640.7,60.03,211.4,7.7,6.6,1384.7,43.4,4.4,2.5,0,815.7451767447883,113.70814908401769,0.13939175164696327,40.875,37.937,2025-10-28 12:46:43
159.4,5.8,905.3,153.1,5.8,859.8,1670.6,60.02,211.3,8,6.6,1384.7,43.5,4.4,2.5,0,815.7451767447883,113.70814908401769,0.13939175164696327,40.937,38.125,2025-10-28 12:46:58
159.4,5.8,912.5,147.4,6,882.5,1691.1,60,211.4,8,6.6,1384.7,43.5,4.4,2.5,0,815.7451767447883,113.70814908401769,0.13939175164696327,41.062,38.25,2025-10-28 12:47:13
159.3,5.7,898.0,147.1,5.9,868.3,1666.1,60.01,211.4,7.8,6.6,1384.7,43.5,4.4,2.5,0,815.7451767447883,113.70814908401769,0.13939175164696327,41.25,38.437,2025-10-28 12:47:28
160.3,5.6,865.5,145.7,5.9,857.2,1645.5,60.03,211.3,7.7,6.6,1384.7,43.6,4.4,2.5,0,815.7451767447883,113.70814908401769,0.13939175164696327,41.062,38.5,2025-10-28 12:47:43
159.6,5.6,889.0,147.3,5.9,861.3,1648.3,59.99,211.2,7.8,6.6,1384.7,43.6,4.4,2.5,0,815.7451767447883,113.70814908401769,0.13939175164696327,41.0,38.5,2025-10-28 12:47:58
159.8,5.5,864.0,147.1,5.8,852.3,1616.2,59.98,211.1,7.7,6.6,1384.7,43.6,4.4,2.5,0,776.9001683283698,113.70814908401769,0.14636133922931144,40.75,38.562,2025-10-28 12:48:13
159.3,5.3,833.5,150,5.4,812.6,1553.9,59.98,211.1,7.4,6.7,1384.8,43.6,4.4,2.5,0,738.0551599119514,113.70814908401769,0.1540645676098015,40.812,38.562,2025-10-28 12:48:28
161.2,5,756.5,148.3,5.3,773.3,1477.5,59.98,210.8,7,6.7,1384.8,43.6,4.4,2.5,0,699.2101514955328,113.70814908401769,0.16262371025479047,40.687,38.437,2025-10-28 12:48:43
158.8,4.9,767.2,149.3,5.1,759.7,1442.2,59.99,210.7,6.9,6.7,1384.8,43.5,4.4,2.5,0,699.2101514955328,113.70814908401769,0.16262371025479047,40.562,38.25,2025-10-28 12:48:58
160.5,5,764.2,152.5,5,769.5,1451.2,60,210.9,7,6.7,1384.8,43.5,4.4,2.5,0,699.2101514955328,113.70814908401769,0.16262371025479047,40.625,38.25,2025-10-28 12:49:13
156.8,5,778.2,147.2,5.3,775.0,1471.6,59.99,210.8,7,6.7,1384.8,43.5,4.4,2.5,0,699.2101514955328,113.70814908401769,0.16262371025479047,40.75,38.437,2025-10-28 12:49:28
161.8,4.9,741.3,149.7,5.2,761.5,1418.7,60,210.8,6.9,6.7,1384.8,43.6,4.4,2.5,0,699.2101514955328,75.80543272267846,0.10841580683652699,40.937,38.437,2025-10-28 12:49:43
157.4,4.8,751.0,145.3,5.1,741.4,1408.4,60.03,211.1,6.7,6.7,1384.8,43.6,4.4,2.5,0,660.3651430791144,113.70814908401769,0.17218981085801344,40.875,38.562,2025-10-28 12:49:58
161.7,4.7,709.9,148.8,5,733.7,1365.6,60,211,6.7,6.7,1384.8,43.6,4.4,2.5,0,660.3651430791144,75.80543272267846,0.11479320723867562,40.625,38.5,2025-10-28 12:50:13
156.3,4.8,747.0,153.1,5,737.5,1407.7,60,211,6.7,6.7,1384.8,43.6,4.4,2.6,0,660.3651430791144,75.80543272267846,0.11479320723867562,40.562,38.437,2025-10-28 12:50:28
162,4.7,737.8,147.2,5.1,750.4,1406.8,60,210.9,6.7,6.7,1384.8,43.6,4.4,2.6,0,699.2101514955328,75.80543272267846,0.10841580683652699,40.375,38.125,2025-10-28 12:50:43
156.4,4.7,734.8,147.2,4.9,741.9,1396.6,60.03,210.7,6.7,6.7,1384.8,43.6,4.4,2.6,0,660.3651430791144,75.80543272267846,0.11479320723867562,40.062,37.875,2025-10-28 12:50:58
161.1,4.3,728.8,149.3,4.9,726.2,1352.9,60.04,210.6,6.5,6.7,1384.8,43.5,4.4,2.6,0,660.3651430791144,75.80543272267846,0.11479320723867562,40.187,37.812,2025-10-28 12:51:13
156.6,4.5,703.7,147.7,4.8,708.4,1337.3,60.03,210.6,6.4,6.7,1384.8,43.5,4.4,2.6,0,621.5201346626959,75.80543272267846,0.12196778269109285,40.187,37.75,2025-10-28 12:51:28
161.8,4.2,698.1,147.2,4.8,701.9,1321.5,60.03,210.6,6.2,6.7,1384.8,43.5,4.4,2.6,0,621.5201346626959,75.80543272267846,0.12196778269109285,40.187,37.687,2025-10-28 12:51:43
158.6,4.5,709.6,153.1,4.6,700.2,1326.4,60.04,211,6.2,6.7,1384.8,43.5,4.4,2.6,0,621.5201346626959,75.80543272267846,0.12196778269109285,40.062,37.5,2025-10-28 12:51:58
160.2,4.2,710.5,147.2,4.8,712.3,1346.9,60.03,210.9,6.2,6.7,1384.8,43.4,4.4,2.6,0,621.5201346626959,75.80543272267846,0.12196778269109285,40.125,37.437,2025-10-28 12:52:13
157.5,4.4,693.4,148.5,4.7,698.2,1319.5,60.03,210.8,6.2,6.8,1384.9,43.3,4.4,2.6,0,621.5201346626959,75.80543272267846,0.12196778269109285,40.25,37.562,2025-10-28 12:52:28
159.4,4,673.6,149.2,4.5,680.3,1283.7,60.01,210.8,5.9,6.8,1384.9,43.2,4.5,2.6,0,621.5201346626959,75.80543272267846,0.12196778269109285,40.0,37.562,2025-10-28 12:52:43
159.4,4.1,656.9,150.1,4.5,662.8,1252.1,60.01,210.7,5.9,6.8,1384.9,43.2,4.5,2.6,0,582.6751262462774,75.80543272267846,0.13009896820383238,40.187,37.562,2025-10-28 12:52:58
159.5,3.9,642.4,147.3,4.3,647.4,1224.1,60.03,210.8,5.6,6.8,1384.9,43.2,4.5,2.6,0,582.6751262462774,75.80543272267846,0.13009896820383238,40.187,37.562,2025-10-28 12:53:13
159.1,4,639.0,147.4,4.3,643.5,1216.0,60.02,210.6,5.8,6.8,1384.9,43.2,4.5,2.6,0,582.6751262462774,75.80543272267846,0.13009896820383238,40.187,37.562,2025-10-28 12:53:28
159.4,3.9,631.3,149.9,4.3,635.3,1200.1,59.97,210.6,5.6,6.8,1384.9,43.1,4.5,2.6,0,543.8301178298589,75.80543272267846,0.13939175164696327,40.0,37.5,2025-10-28 12:53:43
159.4,4,626.4,150.1,4.2,632.0,1194.7,59.99,210.4,5.6,6.8,1384.9,43.1,4.5,2.6,0,543.8301178298589,75.80543272267846,0.13939175164696327,39.75,37.375,2025-10-28 12:53:58
159.4,3.9,626.9,153.1,4.1,626.2,1190.6,60.03,210.3,5.6,6.8,1384.9,43.1,4.5,2.6,0,543.8301178298589,75.80543272267846,0.13939175164696327,39.937,37.562,2025-10-28 12:54:13
159.5,3.9,625.7,150.1,4.2,633.5,1195.0,60.02,210.2,5.7,6.8,1384.9,43.1,4.5,2.6,0,543.8301178298589,75.80543272267846,0.13939175164696327,39.75,37.625,2025-10-28 12:54:28
159.3,4,629.5,147.1,4.3,635.7,1201.1,60,210.3,5.7,6.8,1384.9,43.2,4.5,2.6,0,543.8301178298589,75.80543272267846,0.13939175164696327,39.5,37.437,2025-10-28 12:54:43
159.4,3.9,626.6,150.1,4.2,635.7,1197.3,60.01,210.3,5.6,6.8,1384.9,43.2,4.5,2.6,0,543.8301178298589,75.80543272267846,0.13939175164696327,39.125,37.187,2025-10-28 12:54:58
159.4,4,631.8,150.9,4.3,635.7,1203.1,60.01,210.4,5.7,6.8,1384.9,43.1,4.5,2.6,0,582.6751262462774,75.80543272267846,0.13009896820383238,39.0,37.187,2025-10-28 12:55:13
159.4,3.9,624.9,150,4.3,638.7,1198.4,60.03,210.6,5.6,6.8,1384.9,43.1,4.5,2.6,0,543.8301178298589,75.80543272267846,0.13939175164696327,39.125,37.062,2025-10-28 12:55:28
159.4,4,627.5,146.9,4.3,636.8,1200.6,60.02,210.4,5.6,6.8,1384.9,43.2,4.5,2.6,0,582.6751262462774,75.80543272267846,0.13009896820383238,39.187,37.187,2025-10-28 12:55:43
159.4,4,639.8,152.6,4.4,643.3,1220.8,60.01,210.5,5.8,6.8,1384.9,43.2,4.5,2.6,0,582.6751262462774,75.80543272267846,0.13009896820383238,39.437,37.25,2025-10-28 12:55:58
159.4,4.1,644.3,148.9,4.5,662.5,1244.4,60.02,210.5,5.9,6.8,1384.9,43.2,4.5,2.6,0,582.6751262462774,75.80543272267846,0.13009896820383238,39.312,37.062,2025-10-28 12:56:13
159.4,4.2,664.2,150.2,4.6,680.1,1275.3,60,210.6,6.1,6.8,1384.9,43.2,4.5,2.6,0,582.6751262462774,75.80543272267846,0.13009896820383238,39.312,37.062,2025-10-28 12:56:28
159.4,4.4,688.7,148.8,4.7,706.3,1321.3,59.98,210.5,6.3,6.8,1384.9,43.1,4.5,2.6,0,621.5201346626959,75.80543272267846,0.12196778269109285,38.812,37.062,2025-10-28 12:56:43
160.9,4.6,723.0,150.2,5,741.1,1386.5,60.05,210.6,6.6,6.8,1384.9,43.1,4.5,2.6,0,660.3651430791144,75.80543272267846,0.11479320723867562,38.687,36.687,2025-10-28 12:56:58
158.6,4.7,732.2,150.1,5.1,760.3,1411.7,60.02,210.6,6.8,6.8,1384.9,43.1,4.5,2.6,0,660.3651430791144,75.80543272267846,0.11479320723867562,38.937,36.75,2025-10-28 12:57:13
160.1,4.8,748.4,147.2,5.3,771.1,1437.6,60.06,210.8,6.8,6.9,1385.0,43.1,4.5,2.6,0,660.3651430791144,113.70814908401769,0.17218981085801344,38.937,36.875,2025-10-28 12:57:28
159.5,4.9,759.1,152.7,5.1,785.8,1462.4,60.03,210.9,6.9,6.9,1385.0,43.2,4.5,2.6,0,699.2101514955328,113.70814908401769,0.16262371025479047,39.187,36.875,2025-10-28 12:57:43
162,4.8,762.5,147.6,5.3,791.8,1471.3,60.02,210.9,7,6.9,1385.0,43.2,4.5,2.6,0,699.2101514955328,113.70814908401769,0.16262371025479047,39.375,37.125,2025-10-28 12:57:58
157.2,4.8,753.7,147.2,5.4,791.0,1459.6,60.03,210.8,7,6.9,1385.0,43.3,4.5,2.6,0,699.2101514955328,113.70814908401769,0.16262371025479047,39.437,37.187,2025-10-28 12:58:13
161.3,4.9,766.1,148.1,5.4,798.5,1480.1,60.03,210.8,7,6.9,1385.0,43.4,4.5,2.6,0,699.2101514955328,113.70814908401769,0.16262371025479047,39.562,37.312,2025-10-28 12:58:28
156.3,4.9,761.8,147.1,5.4,798.7,1473.2,60.02,210.5,7.1,6.9,1385.0,43.4,4.5,2.6,0,699.2101514955328,113.70814908401769,0.16262371025479047,39.125,37.312,2025-10-28 12:58:43
162.2,4.8,758.2,150.1,5.4,790.3,1466.1,60.01,210.4,7,6.9,1385.0,43.5,4.5,2.7,0,699.2101514955328,113.70814908401769,0.16262371025479047,39.0,37.062,2025-10-28 12:58:58
156.6,4.7,740.6,147.3,5.2,779.6,1436.6,60.04,210.6,6.9,6.9,1385.0,43.5,4.5,2.7,0,660.3651430791144,113.70814908401769,0.17218981085801344,39.125,37.187,2025-10-28 12:59:13
162.3,4.7,738.9,150.1,5.2,773.2,1431.2,60.02,210.6,6.8,6.9,1385.0,43.5,4.5,2.7,0,660.3651430791144,75.80543272267846,0.11479320723867562,39.125,37.312,2025-10-28 12:59:28
156.7,4.7,734.0,150.1,5,769.1,1413.4,60.01,210.5,6.7,6.9,1385.0,43.5,4.5,2.7,0,660.3651430791144,75.80543272267846,0.11479320723867562,39.0,37.312,2025-10-28 12:59:43
161.9,4.4,722.7,147.3,5.1,755.1,1399.3,59.96,210.8,6.6,6.9,1385.0,43.5,4.5,2.7,0,660.3651430791144,75.80543272267846,0.11479320723867562,38.812,37.187,2025-10-28 12:59:58
159.4,4.4,697.1,150.2,4.9,728.6,1350.2,59.97,210.6,6.4,6.9,1385.0,43.6,4.5,2.7,0,621.5201346626959,75.80543272267846,0.12196778269109285,38.687,37.187,2025-10-28 13:00:13
159.3,4.3,675.6,146.9,4.8,702.9,1305.0,59.97,210.7,6.1,6.9,1385.0,43.6,4.5,2.7,0,621.5201346626959,75.80543272267846,0.12196778269109285,38.625,37.062,2025-10-28 13:00:28
159.4,4.2,661.6,150.1,4.6,692.3,1283.5,59.98,210.7,6,6.9,1385.0,43.6,4.5,2.7,0,582.6751262462774,75.80543272267846,0.13009896820383238,38.562,37.062,2025-10-28 13:00:43
159.3,4.1,644.9,150.1,4.5,677.7,1254.5,59.98,210.3,5.9,6.9,1385.0,43.6,4.5,2.7,0,582.6751262462774,75.80543272267846,0.13009896820383238,38.5,37.125,2025-10-28 13:00:58
159.3,3.8,621.2,147.9,4.4,653.7,1210.5,59.99,210.3,5.7,6.9,1385.0,43.6,4.5,2.7,0,543.8301178298589,75.80543272267846,0.13939175164696327,38.5,37.0,2025-10-28 13:01:13
162.3,3.8,597.3,147.3,4.2,628.7,1163.9,60.03,210.2,5.6,6.9,1385.0,43.6,4.5,2.7,0,543.8301178298589,75.80543272267846,0.13939175164696327,38.312,36.75,2025-10-28 13:01:28
159.4,3.7,581.1,150,4.1,612.7,1134.6,60.01,210.3,5.3,7.0,1385.1,43.5,4.6,2.7,0,504.9851094134404,75.80543272267846,0.15011419408134505,38.062,36.437,2025-10-28 13:01:43
161.9,3.6,564.4,150.4,3.8,597.9,1105.2,60.01,210.3,5.2,7.0,1385.1,43.4,4.6,2.7,0,504.9851094134404,75.80543272267846,0.15011419408134505,37.875,36.125,2025-10-28 13:01:58
159.6,3.5,556.0,150,3.9,586.0,1086.2,60.02,210.5,5.1,7.0,1385.1,43.3,4.6,2.7,0,504.9851094134404,75.80543272267846,0.15011419408134505,38.0,36.125,2025-10-28 13:02:13
155.9,3.5,546.0,150.1,3.8,581.1,1069.5,59.99,210.4,5.1,7.0,1385.1,43.2,4.6,2.7,0,504.9851094134404,75.80543272267846,0.15011419408134505,38.0,36.062,2025-10-28 13:02:28
159.3,3.4,542.0,150,3.8,571.5,1060.5,60,210.3,4.9,7.0,1385.1,43.1,4.6,2.7,0,466.14010099702193,75.80543272267846,0.16262371025479047,37.937,35.875,2025-10-28 13:02:43
160.5,3.3,529.7,150.1,3.7,559.7,1037.0,59.99,210.5,4.8,7.0,1385.1,43,4.6,2.7,0,466.14010099702193,75.80543272267846,0.16262371025479047,38.0,36.0,2025-10-28 13:02:58
157.5,3.3,520.6,150.1,3.7,549.7,1019.9,59.99,210.4,4.7,7.0,1385.1,42.9,4.6,2.7,0,466.14010099702193,37.90271636133923,0.08131185512739524,38.187,36.062,2025-10-28 13:03:13
159.3,3.3,523.5,150.1,3.7,551.5,1024.8,60,210.5,4.8,7.0,1385.1,42.9,4.6,2.7,0,466.14010099702193,37.90271636133923,0.08131185512739524,38.25,36.187,2025-10-28 13:03:28
162.3,3.2,526.4,150.1,3.7,557.1,1032.7,60.03,210.7,4.8,7.0,1385.1,42.9,4.6,2.7,0,466.14010099702193,75.80543272267846,0.16262371025479047,38.437,36.25,2025-10-28 13:03:43
159.6,3.2,527.0,150.1,3.7,557.1,1034.2,60.02,210.9,4.8,7.0,1385.1,42.9,4.6,2.7,0,466.14010099702193,75.80543272267846,0.16262371025479047,38.562,36.187,2025-10-28 13:03:58
162.5,3.3,517.8,150.1,3.7,558.4,1025.0,59.97,210.9,4.9,7.0,1385.1,42.9,4.6,2.7,0,466.14010099702193,75.80543272267846,0.16262371025479047,38.437,36.125,2025-10-28 13:04:13
159.4,3.3,532.2,150.1,3.7,561.6,1042.4,59.97,210.7,4.9,7.0,1385.1,42.9,4.6,2.7,0,466.14010099702193,37.90271636133923,0.08131185512739524,38.5,36.125,2025-10-28 13:04:28
164.3,3.2,522.3,150.3,3.8,566.4,1000.9,60,210.7,4.9,7.0,1385.1,42.9,4.6,2.7,0,466.14010099702193,75.80543272267846,0.16262371025479047,38.437,36.187,2025-10-28 13:04:43
162.3,3.4,536.6,150.2,3.8,565.6,1049.4,60.01,210.7,4.9,7.0,1385.1,42.9,4.6,2.7,0,466.14010099702193,75.80543272267846,0.16262371025479047,38.687,36.25,2025-10-28 13:04:58
159.4,3.4,537.7,150.1,3.8,567.7,1053.5,59.99,210.7,4.9,7.0,1385.1,42.9,4.6,2.7,0,466.14010099702193,75.80543272267846,0.16262371025479047,38.625,36.25,2025-10-28 13:05:13
162.3,3.4,546.0,150.1,3.8,574.8,1067.5,59.98,210.6,4.9,7.0,1385.1,42.9,4.6,2.7,0,504.9851094134404,75.80543272267846,0.15011419408134505,38.375,36.062,2025-10-28 13:05:28
162.3,3.4,547.4,151.5,3.9,573.6,1068.3,59.99,210.7,5,7.0,1385.1,42.8,4.6,2.7,0,504.9851094134404,75.80543272267846,0.15011419408134505,38.312,36.062,2025-10-28 13:05:43
162.3,3.4,548.0,149.6,3.9,575.0,1068.6,59.99,210.6,5,7.0,1385.1,42.7,4.6,2.7,0,504.9851094134404,75.80543272267846,0.15011419408134505,38.375,36.0,2025-10-28 13:05:58
162.3,3.4,544.2,150.4,3.8,572.0,1063.5,59.97,210.8,5,7.0,1385.1,42.6,4.6,2.7,0,466.14010099702193,75.80543272267846,0.16262371025479047,38.125,36.0,2025-10-28 13:06:13
162.3,3.4,550.8,147.2,3.9,578.7,1075.7,59.98,210.7,5.1,7.0,1385.1,42.5,4.6,2.7,0,466.14010099702193,75.80543272267846,0.16262371025479047,38.0,36.0,2025-10-28 13:06:28
162.4,3.5,552.8,152.7,3.9,581.4,1080.7,60.04,210.5,5.1,7.0,1385.1,42.3,4.6,2.7,0,504.9851094134404,75.80543272267846,0.15011419408134505,37.937,36.0,2025-10-28 13:06:43
162.3,3.5,566.8,148.4,4,591.3,1100.0,60.02,210.2,5.3,7.0,1385.1,42.2,4.6,2.7,0,504.9851094134404,75.80543272267846,0.15011419408134505,37.875,35.687,2025-10-28 13:06:58
163,3.5,570.1,151.8,4,594.8,1110.0,59.99,210.5,5.2,7.0,1385.1,42.1,4.6,2.7,0,504.9851094134404,75.80543272267846,0.15011419408134505,37.687,35.625,2025-10-28 13:07:13
162.4,3.5,570.0,147.3,4,597.3,1110.7,60,210.5,5.3,7.1,1385.2,42,4.6,2.7,0,504.9851094134404,75.80543272267846,0.15011419408134505,37.75,35.687,2025-10-28 13:07:28
162.5,3.5,556.1,153.1,4,595.9,1095.8,60.03,210.7,5.2,7.1,1385.2,42,4.6,2.7,0,504.9851094134404,75.80543272267846,0.15011419408134505,38.062,35.75,2025-10-28 13:07:43
162.3,3.5,567.2,147.4,4,594.0,1103.6,60.02,210.9,5.2,7.1,1385.2,42.1,4.6,2.7,0,504.9851094134404,75.80543272267846,0.15011419408134505,38.0,35.625,2025-10-28 13:07:58
163.9,3.4,517.4,152.2,3.8,589.5,1084.0,60.04,210.8,5.1,7.1,1385.2,42.1,4.6,2.7,0,504.9851094134404,75.80543272267846,0.15011419408134505,37.937,35.625,2025-10-28 13:08:13
162.4,3.4,550.2,147.2,3.9,584.6,1079.5,60.03,210.6,5.1,7.1,1385.2,42.1,4.6,2.7,0,504.9851094134404,75.80543272267846,0.15011419408134505,38.062,35.687,2025-10-28 13:08:28
163.2,3.5,533.5,152.9,3.9,594.0,1072.9,60,210.6,5.2,7.1,1385.2,42.1,4.6,2.8,0,504.9851094134404,75.80543272267846,0.15011419408134505,38.25,35.687,2025-10-28 13:08:43
159.7,3.6,568.4,149.7,4.1,606.0,1121.0,59.98,210.4,5.3,7.1,1385.2,42.1,4.6,2.8,0,504.9851094134404,75.80543272267846,0.15011419408134505,38.312,35.812,2025-10-28 13:08:58
164.8,3.6,550.0,150.9,4,623.5,1117.5,60.06,210.5,5.4,7.1,1385.2,42.1,4.6,2.8,0,504.9851094134404,75.80543272267846,0.15011419408134505,38.437,35.875,2025-10-28 13:09:13
161.3,3.7,591.5,148.4,4.3,635.1,1165.6,60.03,210.6,5.5,7.1,1385.2,42.1,4.6,2.8,0,543.8301178298589,75.80543272267846,0.13939175164696327,38.5,35.937,2025-10-28 13:09:28
164.8,3.7,567.4,151.9,4.1,639.0,1148.2,60.03,210.4,5.5,7.1,1385.2,42.2,4.6,2.8,0,543.8301178298589,75.80543272267846,0.13939175164696327,38.687,36.0,2025-10-28 13:09:43
159.5,3.7,588.2,150,4.2,632.0,1159.1,59.99,210.3,5.4,7.1,1385.2,42.2,4.6,2.8,0,543.8301178298589,75.80543272267846,0.13939175164696327,38.812,36.0,2025-10-28 13:09:58
165,3.6,553.7,150.1,4,623.5,1121.2,60,210.4,5.4,7.1,1385.2,42.2,4.6,2.8,0,504.9851094134404,75.80543272267846,0.15011419408134505,38.625,36.0,2025-10-28 13:10:13
159.9,3.7,584.2,149.7,4.2,627.3,1150.3,59.97,210.3,5.4,7.1,1385.2,42.1,4.6,2.8,0,504.9851094134404,75.80543272267846,0.15011419408134505,38.375,35.812,2025-10-28 13:10:28
164.1,3.4,589.3,150,4.1,632.4,1132.6,60.03,210.3,5.4,7.1,1385.2,42.1,4.6,2.8,0,543.8301178298589,75.80543272267846,0.13939175164696327,38.437,35.812,2025-10-28 13:10:43
159.4,3.7,587.2,150.1,4.2,629.0,1157.3,60,210.4,5.4,7.1,1385.2,42,4.6,2.8,0,504.9851094134404,75.80543272267846,0.15011419408134505,38.187,35.75,2025-10-28 13:10:58
164.7,3.3,573.2,150.1,4.2,627.5,1145.4,59.97,210.3,5.3,7.1,1385.2,42,4.6,2.8,0,543.8301178298589,75.80543272267846,0.13939175164696327,38.125,35.562,2025-10-28 13:11:13
161.3,3.7,588.9,150.1,4.2,633.1,1162.0,59.97,210.4,5.5,7.1,1385.2,42,4.6,2.8,0,543.8301178298589,75.80543272267846,0.13939175164696327,38.375,35.562,2025-10-28 13:11:28
163.2,3.4,598.8,150,4.3,638.9,1177.2,59.97,210.4,5.4,7.1,1385.2,42,4.6,2.8,0,543.8301178298589,75.80543272267846,0.13939175164696327,38.062,35.125,2025-10-28 13:11:43
160.2,3.7,593.4,150.2,4.2,635.1,1168.1,59.95,210.6,5.4,7.1,1385.2,41.9,4.6,2.8,0,504.9851094134404,75.80543272267846,0.15011419408134505,38.125,34.937,2025-10-28 13:11:58
163.9,3.4,580.0,150.1,4.2,625.1,1147.6,59.97,210.5,5.3,7.1,1385.2,41.8,4.6,2.8,0,504.9851094134404,75.80543272267846,0.15011419408134505,37.937,34.875,2025-10-28 13:12:13
162.3,3.6,578.1,150.1,4.1,615.5,1131.0,59.97,210.4,5.3,7.1,1385.2,41.7,4.7,2.8,0,504.9851094134404,75.80543272267846,0.15011419408134505,37.875,34.812,2025-10-28 13:12:28
159.6,3.5,564.5,155.9,3.9,589.9,1099.7,60,210.3,5.3,7.2,1385.3,41.7,4.7,2.8,0,504.9851094134404,75.80543272267846,0.15011419408134505,38.062,34.937,2025-10-28 13:12:43
165.1,3.4,520.7,148.9,3.8,582.4,1052.6,60.01,210.2,5.1,7.2,1385.3,41.6,4.7,2.8,0,466.14010099702193,75.80543272267846,0.16262371025479047,37.875,34.875,2025-10-28 13:12:58
159.2,3.2,530.6,151.6,3.7,564.7,1037.3,60.02,210.1,4.9,7.2,1385.3,41.6,4.7,2.8,0,466.14010099702193,75.80543272267846,0.16262371025479047,37.875,34.875,2025-10-28 13:13:13
164.7,3.1,508.6,151.6,3.5,553.1,1013.5,60.02,209.9,4.8,7.2,1385.3,41.5,4.7,2.8,0,466.14010099702193,75.80543272267846,0.16262371025479047,37.812,34.937,2025-10-28 13:13:28
159.1,3.2,507.1,151.6,3.6,543.0,999.7,60.01,209.9,4.7,7.2,1385.3,41.4,4.7,2.8,0,466.14010099702193,75.80543272267846,0.16262371025479047,37.812,34.937,2025-10-28 13:13:43
162.9,2.8,479.1,151.6,3.5,530.8,965.9,60.03,210.1,4.5,7.2,1385.3,41.4,4.7,2.8,0,427.2950925806034,37.90271636133923,0.08870384195715844,37.687,34.812,2025-10-28 13:13:58
160.3,3,489.8,151.5,3.4,518.1,961.9,59.98,210,4.4,7.2,1385.3,41.4,4.7,2.8,0,427.2950925806034,75.80543272267846,0.17740768391431688,37.437,34.75,2025-10-28 13:14:13
164.1,2.8,481.7,151.6,3.4,511.7,950.5,60.01,210.2,4.3,7.2,1385.3,41.3,4.7,2.8,0,427.2950925806034,37.90271636133923,0.08870384195715844,37.5,34.75,2025-10-28 13:14:28
159.7,3,479.9,151.6,3.3,509.3,944.1,60.02,210.2,4.5,7.2,1385.3,41.3,4.7,2.8,0,427.2950925806034,37.90271636133923,0.08870384195715844,37.375,34.687,2025-10-28 13:14:43
162.3,2.7,481.5,151.6,3.3,507.4,935.2,59.98,210.2,4.3,7.2,1385.3,41.3,4.7,2.8,0,427.2950925806034,37.90271636133923,0.08870384195715844,37.062,34.625,2025-10-28 13:14:58
161.6,2.9,476.3,151.6,3.3,502.1,934.3,59.98,210.1,4.3,7.2,1385.3,41.2,4.7,2.8,0,427.2950925806034,37.90271636133923,0.08870384195715844,36.875,34.5,2025-10-28 13:15:13
163,2.7,471.8,151.6,3.3,496.7,925.8,60.01,210.2,4.2,7.2,1385.3,41.2,4.7,2.8,0,427.2950925806034,37.90271636133923,0.08870384195715844,36.687,34.375,2025-10-28 13:15:28
162.3,2.9,474.5,151.6,3.3,499.9,930.4,60.03,210.3,4.3,7.2,1385.3,41.1,4.7,2.8,0,427.2950925806034,37.90271636133923,0.08870384195715844,36.625,34.375,2025-10-28 13:15:43
162.2,2.8,473.4,151.7,3.3,497.2,928.5,59.99,210.3,4.3,7.2,1385.3,41,4.7,2.8,0,427.2950925806034,37.90271636133923,0.08870384195715844,36.5,34.25,2025-10-28 13:15:58
162.3,2.9,472.7,151.6,3.3,499.3,927.9,60,210.1,4.3,7.2,1385.3,40.9,4.7,2.8,0,427.2950925806034,37.90271636133923,0.08870384195715844,36.625,34.312,2025-10-28 13:16:13
162.3,2.9,468.7,151.6,3.2,494.0,920.6,60.02,210.3,4.2,7.2,1385.3,40.8,4.7,2.8,0,388.4500841641849,37.90271636133923,0.0975742261528743,36.562,34.375,2025-10-28 13:16:28
162.2,2.9,464.9,152.6,3.2,485.0,913.9,60.04,210.5,4.2,7.2,1385.3,40.8,4.7,2.8,0,388.4500841641849,37.90271636133923,0.0975742261528743,36.875,34.437,2025-10-28 13:16:43
162.4,2.8,461.9,151.3,3.2,483.2,902.0,60.01,210.2,4.2,7.2,1385.3,40.8,4.7,2.8,0,388.4500841641849,37.90271636133923,0.0975742261528743,36.937,34.375,2025-10-28 13:16:58
162.3,2.8,460.1,151.8,3.2,481.6,900.6,60,210.4,4.2,7.2,1385.3,40.9,4.7,2.8,0,388.4500841641849,37.90271636133923,0.0975742261528743,36.937,34.437,2025-10-28 13:17:13
162.3,2.8,457.2,149.2,3.2,478.1,893.9,59.98,210.4,4.2,7.2,1385.3,40.9,4.7,2.8,0,388.4500841641849,37.90271636133923,0.0975742261528743,36.937,34.5,2025-10-28 13:17:28
162.4,2.8,447.9,154,3.1,463.0,872.5,60.03,210.2,4.1,7.2,1385.3,40.9,4.7,2.8,0,388.4500841641849,37.90271636133923,0.0975742261528743,37.0,34.687,2025-10-28 13:17:43
162.3,2.7,443.8,150.1,3.1,459.8,865.0,60.03,209.9,4.2,7.2,1385.3,40.9,4.7,2.8,0,388.4500841641849,37.90271636133923,0.0975742261528743,37.0,34.75,2025-10-28 13:17:58
162.4,2.7,441.1,153,3,455.7,858.8,59.99,210.1,4.1,7.2,1385.3,40.9,4.7,2.8,0,388.4500841641849,37.90271636133923,0.0975742261528743,36.937,34.75,2025-10-28 13:18:13
162.3,2.7,441.6,148.6,3,456.8,859.9,60.06,210.1,4.1,7.2,1385.3,40.9,4.7,2.8,0,388.4500841641849,37.90271636133923,0.0975742261528743,36.875,34.687,2025-10-28 13:18:28
162.2,2.7,438.8,154.6,3,452.3,854.1,60.02,210,4.1,7.2,1385.3,40.9,4.7,2.8,0,388.4500841641849,37.90271636133923,0.0975742261528743,36.687,34.625,2025-10-28 13:18:43
162.3,2.6,429.1,148.6,2.9,439.8,832.5,60.05,210.3,4,7.3,1385.4,40.9,4.7,2.8,0,349.6050757477664,37.90271636133923,0.10841580683652699,36.5,34.5,2025-10-28 13:18:58
163,2.5,397.0,154.1,2.8,422.1,802.6,60.03,210.1,3.9,7.3,1385.4,40.8,4.7,2.8,0,349.6050757477664,37.90271636133923,0.10841580683652699,36.687,34.437,2025-10-28 13:19:13
162.1,2.5,406.1,148.7,2.8,417.7,789.9,60.02,210,3.8,7.3,1385.4,40.8,4.7,2.8,0,349.6050757477664,37.90271636133923,0.10841580683652699,36.75,34.437,2025-10-28 13:19:28
162.5,2.5,387.6,154.7,2.6,408.6,766.9,60.02,210.1,3.7,7.3,1385.4,40.8,4.7,2.8,0,349.6050757477664,37.90271636133923,0.10841580683652699,36.625,34.375,2025-10-28 13:19:43
160.5,2.4,388.3,148.7,2.6,392.7,749.3,60,210.1,3.6,7.3,1385.4,40.8,4.7,2.9,0,310.76006733134795,37.90271636133923,0.12196778269109285,36.437,34.312,2025-10-28 13:19:58
165,2.3,351.0,152.9,2.4,385.4,710.6,59.98,209.9,3.4,7.3,1385.4,40.8,4.7,2.9,0,310.76006733134795,37.90271636133923,0.12196778269109285,36.375,34.25,2025-10-28 13:20:13
161.4,2.3,372.4,149.5,2.5,377.9,721.3,60.01,209.7,3.5,7.3,1385.4,40.8,4.7,2.9,0,310.76006733134795,37.90271636133923,0.12196778269109285,36.437,34.125,2025-10-28 13:20:28
163.2,2.3,352.8,153.7,2.4,378.4,703.7,60.02,209.6,3.5,7.3,1385.4,40.6,4.7,2.9,0,310.76006733134795,37.90271636133923,0.12196778269109285,36.437,34.062,2025-10-28 13:20:43
159.5,2.3,367.1,151.6,2.5,376.7,713.3,60.01,209.8,3.3,7.3,1385.4,40.3,4.7,2.9,0,310.76006733134795,37.90271636133923,0.12196778269109285,36.312,33.937,2025-10-28 13:20:58
165.4,2.2,351.8,151.9,2.4,373.9,696.4,60.01,209.6,3.3,7.3,1385.4,40.2,4.7,2.9,0,310.76006733134795,37.90271636133923,0.12196778269109285,36.062,33.75,2025-10-28 13:21:13
159.8,2.3,363.7,151.1,2.4,372.4,709.1,60.03,209.7,3.4,7.3,1385.4,40.1,4.7,2.9,0,310.76006733134795,37.90271636133923,0.12196778269109285,35.812,33.625,2025-10-28 13:21:28
164.8,2.2,363.7,151.7,2.3,369.7,684.0,60.01,209.8,3.3,7.3,1385.4,40.1,4.7,2.9,0,310.76006733134795,37.90271636133923,0.12196778269109285,35.687,33.5,2025-10-28 13:21:43
159.2,2.2,358.7,151.6,2.4,364.0,694.5,60.03,209.6,3.3,7.3,1385.4,40.1,4.7,2.9,0,310.76006733134795,37.90271636133923,0.12196778269109285,35.5,33.375,2025-10-28 13:21:58
165.3,2.1,347.8,151.5,2.3,358.3,682.0,60.03,209.7,3.2,7.3,1385.4,40,4.7,2.9,0,310.76006733134795,37.90271636133923,0.12196778269109285,35.375,33.312,2025-10-28 13:22:13
160.6,2.1,344.2,151.6,2.3,349.4,669.3,60,209.6,3.2,7.3,1385.4,40,4.7,2.9,0,310.76006733134795,37.90271636133923,0.12196778269109285,35.187,33.187,2025-10-28 13:22:28
163.9,1.9,339.4,149.4,2.2,339.0,655.9,60.02,209.7,3,7.3,1385.4,39.9,4.7,2.9,0,271.91505891492943,37.90271636133923,0.13939175164696327,35.312,33.125,2025-10-28 13:22:43
159.9,2.1,334.5,151.5,2.2,333.8,645.9,60.03,209.5,3.1,7.3,1385.4,39.9,4.7,2.9,0,271.91505891492943,37.90271636133923,0.13939175164696327,35.437,33.125,2025-10-28 13:22:58
164.6,1.9,324.2,151.9,2.1,324.0,628.2,60.04,209.5,2.9,7.3,1385.4,39.9,4.7,2.9,0,271.91505891492943,37.90271636133923,0.13939175164696327,35.437,33.062,2025-10-28 13:23:13
162,2,326.6,151.5,2.1,317.5,619.9,60.02,209.7,2.9,7.3,1385.4,39.9,4.7,2.9,0,271.91505891492943,37.90271636133923,0.13939175164696327,35.312,33.062,2025-10-28 13:23:28
162.9,1.8,322.6,151.8,2.1,316.8,617.9,60,209.9,2.8,7.3,1385.4,39.9,4.7,2.9,0,271.91505891492943,37.90271636133923,0.13939175164696327,35.437,33.062,2025-10-28 13:23:43
161.1,2,318.5,154.6,2,310.0,608.1,59.99,209.8,2.9,7.3,1385.4,39.9,4.7,2.9,0,271.91505891492943,37.90271636133923,0.13939175164696327,35.5,33.062,2025-10-28 13:23:58
162.3,1.8,313.8,151.6,2,306.7,601.7,59.98,209.8,2.8,7.3,1385.4,40,4.7,2.9,0,271.91505891492943,37.90271636133923,0.13939175164696327,35.375,33.062,2025-10-28 13:24:13
162.3,1.9,311.9,148.6,2,299.5,592.3,60.01,209.7,2.8,7.3,1385.4,40,4.7,2.9,0,233.07005049851097,37.90271636133923,0.16262371025479047,35.375,33.0,2025-10-28 13:24:28
162.4,1.9,310.0,151.6,1.9,301.3,591.7,59.99,209.8,2.7,7.3,1385.4,40,4.7,2.9,0,271.91505891492943,37.90271636133923,0.13939175164696327,35.187,33.0,2025-10-28 13:24:43
162.3,1.9,308.7,154.6,1.9,297.9,588.3,60,209.9,2.8,7.3,1385.4,40,4.7,2.9,0,233.07005049851097,37.90271636133923,0.16262371025479047,35.062,32.937,2025-10-28 13:24:58
162.3,1.9,307.2,151.6,1.9,297.4,586.0,59.99,209.8,2.7,7.3,1385.4,40,4.7,2.9,0,271.91505891492943,37.90271636133923,0.13939175164696327,35.0,32.812,2025-10-28 13:25:13
162.2,1.9,307.1,154.3,1.9,295.9,584.4,60.01,209.6,2.7,7.3,1385.4,39.9,4.7,2.9,0,233.07005049851097,37.90271636133923,0.16262371025479047,34.75,32.75,2025-10-28 13:25:28
162.4,1.9,306.6,153,1.9,297.3,585.6,60.02,209.9,2.8,7.3,1385.4,39.9,4.7,2.9,0,271.91505891492943,37.90271636133923,0.13939175164696327,34.625,32.75,2025-10-28 13:25:43
162.2,1.9,305.7,153.9,1.9,295.8,583.0,60.01,210,2.7,7.3,1385.4,39.8,4.7,2.9,0,233.07005049851097,37.90271636133923,0.16262371025479047,34.562,32.625,2025-10-28 13:25:58
162.4,1.9,306.3,154.1,1.9,295.8,583.9,60.04,210.1,2.7,7.3,1385.4,39.8,4.7,2.9,0,233.07005049851097,37.90271636133923,0.16262371025479047,34.5,32.562,2025-10-28 13:26:13
162.3,1.9,305.8,152.8,1.9,295.0,583.2,60.01,210,2.7,7.3,1385.4,39.7,4.7,2.9,0,233.07005049851097,37.90271636133923,0.16262371025479047,34.375,32.562,2025-10-28 13:26:28
162.1,1.9,305.0,153.6,1.9,294.9,581.5,60,210,2.8,7.3,1385.4,39.7,4.7,2.9,0,233.07005049851097,37.90271636133923,0.16262371025479047,34.312,32.5,2025-10-28 13:26:43
162.2,1.9,302.7,154.6,1.8,295.2,580.4,60,209.8,2.7,7.3,1385.4,39.6,4.7,2.9,0,233.07005049851097,37.90271636133923,0.16262371025479047,34.375,32.375,2025-10-28 13:26:58
162.2,1.9,304.1,154.6,1.9,295.3,581.2,60,209.9,2.7,7.3,1385.4,39.5,4.8,2.9,0,233.07005049851097,37.90271636133923,0.16262371025479047,34.312,32.312,2025-10-28 13:27:13
162.3,1.9,303.4,151.5,1.9,293.9,578.6,59.99,209.8,2.7,7.3,1385.4,39.5,4.8,2.9,0,233.07005049851097,37.90271636133923,0.16262371025479047,34.25,32.25,2025-10-28 13:27:28
162.2,1.9,300.8,154.5,1.9,295.4,581.3,59.98,209.8,2.8,7.3,1385.4,39.4,4.8,2.9,0,233.07005049851097,37.90271636133923,0.16262371025479047,34.25,32.25,2025-10-28 13:27:43
162.4,1.9,297.2,157.3,1.9,291.6,573.0,60.01,209.8,2.7,7.3,1385.4,39.4,4.8,2.9,0,233.07005049851097,37.90271636133923,0.16262371025479047,34.312,32.25,2025-10-28 13:27:58
162.5,1.8,301.1,154.6,1.9,296.4,580.8,59.98,209.9,2.8,7.4,1385.5,39.4,4.8,2.9,0,233.07005049851097,37.90271636133923,0.16262371025479047,34.125,32.187,2025-10-28 13:28:13
164.4,1.9,294.9,151.6,1.9,294.4,576.2,59.99,210,2.7,7.4,1385.5,39.4,4.8,2.9,0,233.07005049851097,37.90271636133923,0.16262371025479047,34.187,32.187,2025-10-28 13:28:28
161,1.8,297.5,154.6,1.9,295.8,575.8,60,209.9,2.7,7.4,1385.5,39.3,4.8,2.9,0,233.07005049851097,37.90271636133923,0.16262371025479047,34.062,32.125,2025-10-28 13:28:43
163.4,1.8,295.9,156,1.9,286.3,567.0,60,209.9,2.7,7.4,1385.5,39.3,4.8,2.9,0,233.07005049851097,37.90271636133923,0.16262371025479047,34.125,32.187,2025-10-28 13:28:58
161.7,1.8,296.7,152.1,1.9,294.4,574.4,60,210,2.7,7.4,1385.5,39.3,4.8,2.9,0,233.07005049851097,37.90271636133923,0.16262371025479047,34.187,32.187,2025-10-28 13:29:13
165.4,1.8,292.8,151.6,1.9,292.5,572.3,60.01,209.9,2.8,7.4,1385.5,39.3,4.8,2.9,0,233.07005049851097,37.90271636133923,0.16262371025479047,34.312,32.375,2025-10-28 13:29:28
159.6,1.8,296.4,154.7,1.8,294.8,573.9,59.98,210,2.7,7.4,1385.5,39.3,4.8,2.9,0,233.07005049851097,37.90271636133923,0.16262371025479047,34.312,32.375,2025-10-28 13:29:43
164.8,1.8,291.3,154.6,1.9,294.9,570.2,59.98,210,2.8,7.4,1385.5,39.3,4.8,2.9,0,233.07005049851097,37.90271636133923,0.16262371025479047,34.187,32.312,2025-10-28 13:29:58
159.5,1.8,298.3,151.7,1.9,292.5,570.2,60,210.1,2.7,7.4,1385.5,39.3,4.8,2.9,0,233.07005049851097,37.90271636133923,0.16262371025479047,34.125,32.312,2025-10-28 13:30:13
165.4,1.8,297.4,154.8,1.9,293.8,573.1,59.99,210,2.7,7.4,1385.5,39.3,4.8,2.9,0,233.07005049851097,37.90271636133923,0.16262371025479047,34.125,32.312,2025-10-28 13:30:28
159.5,1.8,296.7,157.5,1.8,286.9,567.4,60.02,210,2.7,7.4,1385.5,39.2,4.8,2.9,0,233.07005049851097,37.90271636133923,0.16262371025479047,34.0,32.312,2025-10-28 13:30:43
163.6,1.8,294.5,154.6,1.9,293.8,570.9,60.01,210,2.7,7.4,1385.5,39.2,4.8,2.9,0,233.07005049851097,37.90271636133923,0.16262371025479047,34.0,32.312,2025-10-28 13:30:58
160.4,1.8,298.4,151.7,1.9,290.8,571.2,60.02,209.7,2.7,7.4,1385.5,39.2,4.8,2.9,0,233.07005049851097,37.90271636133923,0.16262371025479047,33.875,32.25,2025-10-28 13:31:13
164.2,1.8,299.0,154.6,1.9,293.8,574.7,60.02,209.8,2.7,7.4,1385.5,39.2,4.8,2.9,0,233.07005049851097,37.90271636133923,0.16262371025479047,33.812,32.25,2025-10-28 13:31:28
159.4,1.8,297.0,155,1.9,288.6,568.3,60.03,209.7,2.8,7.4,1385.5,39.1,4.8,2.9,0,233.07005049851097,37.90271636133923,0.16262371025479047,33.625,32.25,2025-10-28 13:31:43
162.5,1.8,299.8,152,1.9,293.2,571.7,60,209.6,2.7,7.4,1385.5,39.1,4.8,2.9,0,233.07005049851097,37.90271636133923,0.16262371025479047,33.562,32.187,2025-10-28 13:31:58
162,1.8,299.6,157.3,1.9,284.6,567.9,60.04,209.8,2.7,7.4,1385.5,39.1,4.8,2.9,0,233.07005049851097,37.90271636133923,0.16262371025479047,33.562,32.125,2025-10-28 13:32:13
163.1,1.8,300.0,152.7,1.9,292.5,573.9,60.02,209.9,2.8,7.4,1385.5,39.1,4.8,2.9,0,233.07005049851097,37.90271636133923,0.16262371025479047,33.562,32.0,2025-10-28 13:32:28
165.3,1.8,298.0,155.9,1.8,296.1,576.6,60.02,209.7,2.7,7.4,1385.5,39,4.8,2.9,0,233.07005049851097,37.90271636133923,0.16262371025479047,33.437,31.937,2025-10-28 13:32:43
162.3,1.8,301.0,154.6,1.9,296.6,579.2,60.01,209.8,2.7,7.4,1385.5,39,4.8,2.9,0,233.07005049851097,37.90271636133923,0.16262371025479047,33.5,31.875,2025-10-28 13:32:58
162.1,1.8,301.6,154.6,1.9,295.9,579.2,59.96,210,2.7,7.4,1385.5,38.9,4.8,2.9,0,233.07005049851097,37.90271636133923,0.16262371025479047,33.5,31.875,2025-10-28 13:33:13
165.3,1.8,298.0,154.5,1.9,294.9,575.8,59.98,209.5,2.7,7.4,1385.5,38.9,4.8,2.9,0,233.07005049851097,37.90271636133923,0.16262371025479047,33.562,31.937,2025-10-28 13:33:28
163.1,1.8,300.3,151.6,1.9,291.7,573.4,59.96,209.4,2.7,7.4,1385.5,38.9,4.8,2.9,0,233.07005049851097,37.90271636133923,0.16262371025479047,33.5,31.937,2025-10-28 13:33:43
159.8,1.8,298.7,156.9,1.8,290.8,572.2,59.97,209.5,2.7,7.4,1385.5,38.9,4.8,2.9,0,233.07005049851097,37.90271636133923,0.16262371025479047,33.437,31.875,2025-10-28 13:33:58
162.3,1.8,300.4,151.4,1.9,292.1,574.0,59.96,209.5,2.7,7.4,1385.5,38.8,4.8,2.9,0,233.07005049851097,37.90271636133923,0.16262371025479047,33.437,31.812,2025-10-28 13:34:13
165.3,1.8,298.3,154.9,1.8,287.1,570.5,59.97,209.4,2.7,7.4,1385.5,38.7,4.8,2.9,0,233.07005049851097,37.90271636133923,0.16262371025479047,33.437,31.75,2025-10-28 13:34:28
165.3,1.8,299.1,153.8,1.9,293.1,574.8,59.98,209.3,2.7,7.4,1385.5,38.7,4.8,2.9,0,233.07005049851097,37.90271636133923,0.16262371025479047,33.375,31.75,2025-10-28 13:34:43
165.3,1.8,299.8,155.8,1.8,292.0,574.0,60,209.4,2.7,7.4,1385.5,38.7,4.8,2.9,0,233.07005049851097,37.90271636133923,0.16262371025479047,33.312,31.75,2025-10-28 13:34:58
165.5,1.8,299.7,152.7,1.9,291.2,573.9,60,209.4,2.7,7.4,1385.5,38.7,4.8,2.9,0,233.07005049851097,37.90271636133923,0.16262371025479047,33.312,31.687,2025-10-28 13:35:13
165.4,1.8,297.3,154.6,1.8,290.8,571.3,59.97,209.3,2.7,7.4,1385.5,38.6,4.8,2.9,0,233.07005049851097,37.90271636133923,0.16262371025479047,33.375,31.687,2025-10-28 13:35:28
168.2,1.6,272.6,154.6,1.9,290.0,538.1,59.98,209.2,2.6,7.4,1385.5,38.6,4.8,2.9,0,233.07005049851097,37.90271636133923,0.16262371025479047,33.437,31.75,2025-10-28 13:35:43
165.2,1.8,298.3,154.7,1.8,289.1,570.6,60,209.1,2.6,7.4,1385.5,38.5,4.8,2.9,0,233.07005049851097,37.90271636133923,0.16262371025479047,33.562,31.812,2025-10-28 13:35:58
165.3,1.8,298.3,154.7,1.8,289.2,569.2,59.98,209.2,2.6,7.4,1385.5,38.6,4.8,2.9,0,233.07005049851097,37.90271636133923,0.16262371025479047,33.5,31.875,2025-10-28 13:36:13
162.2,1.8,298.3,154.6,1.8,288.1,568.6,59.98,209.4,2.7,7.4,1385.5,38.5,4.8,2.9,0,233.07005049851097,37.90271636133923,0.16262371025479047,33.437,31.875,2025-10-28 13:36:28
159.3,1.8,295.6,154.5,1.8,288.0,565.5,60,209.5,2.6,7.4,1385.5,38.5,4.8,2.9,0,233.07005049851097,37.90271636133923,0.16262371025479047,33.375,31.875,2025-10-28 13:36:43
165,1.8,297.7,154.6,1.8,287.4,567.7,60.02,210.1,2.7,7.4,1385.5,38.5,4.8,2.9,0,233.07005049851097,37.90271636133923,0.16262371025479047,33.25,31.875,2025-10-28 13:36:58
163.9,1.8,299.1,154.7,1.8,287.4,568.5,60.03,210,2.6,7.4,1385.5,38.5,4.8,2.9,0,233.07005049851097,37.90271636133923,0.16262371025479047,33.125,31.812,2025-10-28 13:37:13
162.3,1.8,298.5,154.5,1.8,287.0,567.2,60.02,210.1,2.7,7.4,1385.5,38.4,4.8,2.9,0,233.07005049851097,37.90271636133923,0.16262371025479047,33.062,31.875,2025-10-28 13:37:28
165.3,1.8,298.9,154.6,1.8,287.0,568.4,60.03,210.1,2.7,7.4,1385.5,38.4,4.8,2.9,0,233.07005049851097,37.90271636133923,0.16262371025479047,33.0,31.812,2025-10-28 13:37:43
168.3,1.7,275.4,154.6,1.8,285.3,530.4,59.99,210.1,2.6,7.4,1385.5,38.4,4.8,2.9,0,233.07005049851097,37.90271636133923,0.16262371025479047,33.0,31.812,2025-10-28 13:37:58
165.3,1.8,300.2,154.6,1.8,286.4,568.2,60,210.1,2.7,7.4,1385.5,38.4,4.8,2.9,0,233.07005049851097,37.90271636133923,0.16262371025479047,33.0,31.687,2025-10-28 13:38:13
162.8,1.8,298.7,154.6,1.8,286.0,567.7,60.03,210.2,2.7,7.4,1385.5,38.4,4.8,2.9,0,233.07005049851097,37.90271636133923,0.16262371025479047,33.125,31.687,2025-10-28 13:38:28
165.3,1.8,301.2,155,1.8,287.5,569.4,60.02,210.3,2.6,7.5,1385.6,38.4,4.8,2.9,0,233.07005049851097,37.90271636133923,0.16262371025479047,33.0,31.625,2025-10-28 13:38:43
165.5,1.8,269.5,155,1.8,284.2,536.0,60.03,210.2,2.7,7.5,1385.6,38.3,4.8,2.9,0,233.07005049851097,37.90271636133923,0.16262371025479047,32.812,31.562,2025-10-28 13:38:58
162.3,1.8,300.9,154.5,1.8,283.8,566.5,60.03,210.2,2.7,7.5,1385.6,38.3,4.8,2.9,0,233.07005049851097,37.90271636133923,0.16262371025479047,32.812,31.562,2025-10-28 13:39:13
163.3,1.8,300.5,154.6,1.8,285.3,569.1,60.02,210.2,2.7,7.5,1385.6,38.3,4.8,3.0,0,233.07005049851097,37.90271636133923,0.16262371025479047,32.812,31.562,2025-10-28 13:39:28
166,1.5,301.1,156,1.8,280.8,564.4,60.04,210.1,2.5,7.5,1385.6,38.3,4.8,3.0,0,233.07005049851097,37.90271636133923,0.16262371025479047,32.812,31.625,2025-10-28 13:39:43
165.3,1.8,302.1,153.9,1.8,283.6,567.4,60.01,209.9,2.7,7.5,1385.6,38.3,4.8,3.0,0,233.07005049851097,37.90271636133923,0.16262371025479047,32.812,31.625,2025-10-28 13:39:58
162.2,1.8,301.5,155,1.8,283.2,566.4,60.01,209.8,2.7,7.5,1385.6,38.3,4.8,3.0,0,233.07005049851097,37.90271636133923,0.16262371025479047,32.875,31.625,2025-10-28 13:40:13
165.4,1.6,304.4,151.8,1.8,284.4,562.8,60.01,209.8,2.5,7.5,1385.6,38.2,4.8,3.0,0,233.07005049851097,37.90271636133923,0.16262371025479047,32.875,31.625,2025-10-28 13:40:28
165.1,1.8,305.0,157.3,1.8,281.1,569.2,60,209.9,2.7,7.5,1385.6,38.2,4.8,3.0,0,233.07005049851097,37.90271636133923,0.16262371025479047,32.937,31.625,2025-10-28 13:40:43
165.3,1.8,305.2,152.6,1.8,284.9,570.6,59.98,209.8,2.7,7.5,1385.6,38.2,4.8,3.0,0,233.07005049851097,37.90271636133923,0.16262371025479047,32.875,31.625,2025-10-28 13:40:58
167.4,1.7,295.5,156.4,1.8,282.3,530.2,59.98,209.6,2.7,7.5,1385.6,38.2,4.8,3.0,0,233.07005049851097,37.90271636133923,0.16262371025479047,32.875,31.625,2025-10-28 13:41:13
165.3,1.9,305.6,151.7,1.8,287.1,573.9,60,209.6,2.7,7.5,1385.6,38.2,4.8,3.0,0,233.07005049851097,37.90271636133923,0.16262371025479047,32.937,31.687,2025-10-28 13:41:28
162.4,1.8,304.0,157.5,1.8,285.0,569.4,60.01,209.6,2.7,7.5,1385.6,38.2,4.8,3.0,0,233.07005049851097,37.90271636133923,0.16262371025479047,33.062,31.75,2025-10-28 13:41:43
165.3,1.8,306.9,151.9,1.9,286.4,574.3,60.01,209.6,2.7,7.5,1385.6,38.2,4.8,3.0,0,233.07005049851097,37.90271636133923,0.16262371025479047,33.125,31.75,2025-10-28 13:41:58
165.3,1.8,304.5,156.4,1.8,290.7,575.3,59.98,209.5,2.7,7.5,1385.6,38.2,4.8,3.0,0,233.07005049851097,37.90271636133923,0.16262371025479047,33.062,31.812,2025-10-28 13:42:13
165,1.8,304.3,151.8,1.9,289.5,574.3,60.02,209.2,2.7,7.5,1385.6,38.3,4.8,3.0,0,233.07005049851097,37.90271636133923,0.16262371025479047,33.062,31.812,2025-10-28 13:42:28
167.1,1.5,301.7,157.2,1.8,290.2,569.1,60.02,209.3,2.5,7.5,1385.6,38.3,4.8,3.0,0,233.07005049851097,37.90271636133923,0.16262371025479047,33.125,31.812,2025-10-28 13:42:43
164.9,1.8,300.7,154.5,1.9,288.6,576.2,60,209.6,2.7,7.5,1385.6,38.3,4.8,3.0,0,233.07005049851097,37.90271636133923,0.16262371025479047,33.062,31.812,2025-10-28 13:42:58
162.2,1.9,304.5,155.2,1.8,292.8,577.6,60.04,209.7,2.7,7.5,1385.6,38.3,4.8,3.0,0,233.07005049851097,37.90271636133923,0.16262371025479047,33.062,31.875,2025-10-28 13:43:13
165.3,1.8,306.1,153.1,1.9,292.7,580.6,60.02,209.6,2.7,7.5,1385.6,38.3,4.8,3.0,0,233.07005049851097,37.90271636133923,0.16262371025479047,33.062,31.875,2025-10-28 13:43:28
165.8,1.8,304.3,156.1,1.8,292.6,578.3,60.05,209.4,2.7,7.5,1385.6,38.3,4.8,3.0,0,233.07005049851097,37.90271636133923,0.16262371025479047,33.062,31.937,2025-10-28 13:43:43
162.4,1.8,302.9,154.7,1.9,293.0,577.0,60.02,209.4,2.7,7.5,1385.6,38.2,4.8,3.0,0,233.07005049851097,37.90271636133923,0.16262371025479047,33.062,31.937,2025-10-28 13:43:58
165.3,1.7,305.3,154.5,1.8,292.2,578.8,59.99,209.4,2.6,7.5,1385.6,38.2,4.8,3.0,0,233.07005049851097,37.90271636133923,0.16262371025479047,33.0,31.937,2025-10-28 13:44:13
165.3,1.8,294.3,154.4,1.9,291.9,566.8,59.99,209.4,2.7,7.5,1385.6,38.2,4.8,3.0,0,233.07005049851097,37.90271636133923,0.16262371025479047,33.0,31.812,2025-10-28 13:44:28
162.9,1.8,301.8,154.5,1.8,290.2,571.3,60,209.3,2.6,7.5,1385.6,38.2,4.8,3.0,0,233.07005049851097,37.90271636133923,0.16262371025479047,33.0,31.812,2025-10-28 13:44:43
165.5,1.8,299.7,154.6,1.8,289.1,570.0,60.04,209.2,2.7,7.5,1385.6,38.2,4.8,3.0,0,233.07005049851097,37.90271636133923,0.16262371025479047,33.0,31.687,2025-10-28 13:44:58
165.9,1.8,272.5,154.6,1.8,287.7,543.3,60.01,209.1,2.7,7.5,1385.6,38.2,4.8,3.0,0,233.07005049851097,37.90271636133923,0.16262371025479047,32.937,31.687,2025-10-28 13:45:13
164.7,1.8,300.3,154.6,1.8,287.1,566.3,60.03,209.4,2.7,7.5,1385.6,38.1,4.8,3.0,0,233.07005049851097,37.90271636133923,0.16262371025479047,32.875,31.625,2025-10-28 13:45:28
163.5,1.8,296.1,154.7,1.8,286.3,563.6,60.03,209.4,2.7,7.5,1385.6,38.1,4.8,3.0,0,233.07005049851097,37.90271636133923,0.16262371025479047,32.812,31.5,2025-10-28 13:45:43
167.6,1.8,254.5,154.7,1.8,284.4,527.4,60,209.2,2.7,7.5,1385.6,38.1,4.8,3.0,0,233.07005049851097,37.90271636133923,0.16262371025479047,32.687,31.375,2025-10-28 13:45:58
162.4,1.8,293.9,154.6,1.8,282.9,559.8,60.02,209.1,2.7,7.5,1385.6,38,4.8,3.0,0,233.07005049851097,37.90271636133923,0.16262371025479047,32.812,31.375,2025-10-28 13:46:13
168.4,1.7,271.0,154.6,1.8,281.2,539.1,60,209.1,2.6,7.5,1385.6,37.9,4.8,3.0,0,233.07005049851097,37.90271636133923,0.16262371025479047,32.875,31.375,2025-10-28 13:46:28
165.3,1.8,294.5,154.6,1.8,281.3,559.8,60,209.2,2.6,7.5,1385.6,37.9,4.8,3.0,0,233.07005049851097,37.90271636133923,0.16262371025479047,32.812,31.375,2025-10-28 13:46:43
162.9,1.7,291.4,154.6,1.8,280.9,554.9,60.01,209.2,2.6,7.5,1385.6,37.8,4.8,3.0,0,233.07005049851097,37.90271636133923,0.16262371025479047,32.812,31.375,2025-10-28 13:46:58
165.3,1.7,293.2,154.5,1.8,280.6,556.5,60,209.3,2.6,7.5,1385.6,37.8,4.8,3.0,0,233.07005049851097,37.90271636133923,0.16262371025479047,32.875,31.375,2025-10-28 13:47:13
166.1,1.7,267.0,154.6,1.8,276.3,527.2,60,209.4,2.6,7.5,1385.6,37.8,4.9,3.0,0,233.07005049851097,37.90271636133923,0.16262371025479047,32.937,31.437,2025-10-28 13:47:28
162.1,1.8,289.7,154.7,1.8,278.1,551.4,59.99,209.3,2.6,7.5,1385.6,37.8,4.9,3.0,0,233.07005049851097,37.90271636133923,0.16262371025479047,33.0,31.5,2025-10-28 13:47:43
163.3,1.8,289.1,154.5,1.8,277.7,551.8,60,209.6,2.6,7.5,1385.6,37.8,4.9,3.0,0,233.07005049851097,37.90271636133923,0.16262371025479047,33.0,31.437,2025-10-28 13:47:58
166.1,1.4,290.8,153.4,1.8,275.9,550.3,60.04,209,2.4,7.5,1385.6,37.8,4.9,3.0,0,233.07005049851097,37.90271636133923,0.16262371025479047,33.062,31.5,2025-10-28 13:48:13
165.5,1.7,289.8,155.4,1.8,272.9,547.6,59.98,209.4,2.6,7.5,1385.6,37.8,4.9,3.0,0,233.07005049851097,37.90271636133923,0.16262371025479047,33.0,31.5,2025-10-28 13:48:28
162.2,1.8,289.0,154.1,1.8,276.5,548.2,59.99,208.2,2.6,7.5,1385.6,37.8,4.9,3.0,0,233.07005049851097,37.90271636133923,0.16262371025479047,33.0,31.5,2025-10-28 13:48:43
165.3,1.7,288.2,157.5,1.8,270.2,548.4,59.96,209.3,2.6,7.5,1385.6,37.8,4.9,3.0,0,233.07005049851097,37.90271636133923,0.16262371025479047,33.125,31.5,2025-10-28 13:48:58
168.3,1.7,255.8,152.1,1.8,271.8,507.2,59.99,209,2.6,7.5,1385.6,37.7,4.9,3.0,0,233.07005049851097,37.90271636133923,0.16262371025479047,33.062,31.5,2025-10-28 13:49:13
164.7,1.8,289.3,157,1.7,267.6,542.9,59.98,209.5,2.6,7.6,1385.7,37.7,4.9,3.0,0,233.07005049851097,37.90271636133923,0.16262371025479047,32.937,31.437,2025-10-28 13:49:28
165.7,1.7,286.1,152.8,1.7,269.8,541.1,59.99,209.1,2.6,7.6,1385.7,37.6,4.9,3.0,0,233.07005049851097,37.90271636133923,0.16262371025479047,32.937,31.5,2025-10-28 13:49:43
168.1,1.6,271.0,157.6,1.7,269.5,529.8,59.99,208.9,2.6,7.6,1385.7,37.6,4.9,3.0,0,233.07005049851097,37.90271636133923,0.16262371025479047,32.937,31.5,2025-10-28 13:49:58
165.3,1.7,287.0,151.5,1.7,269.9,541.3,60,209.1,2.6,7.6,1385.7,37.6,4.9,3.0,0,233.07005049851097,37.90271636133923,0.16262371025479047,33.0,31.5,2025-10-28 13:50:13
162.2,1.7,285.1,157.5,1.7,267.4,537.8,59.98,209.2,2.6,7.6,1385.7,37.6,4.9,3.0,0,233.07005049851097,37.90271636133923,0.16262371025479047,32.937,31.437,2025-10-28 13:50:28
165.2,1.7,286.5,152.5,1.7,273.1,543.4,59.99,209.1,2.6,7.6,1385.7,37.6,4.9,3.0,0,233.07005049851097,37.90271636133923,0.16262371025479047,33.062,31.437,2025-10-28 13:50:43
166.9,1.7,252.7,156.8,1.7,270.7,510.4,60,209.2,2.6,7.6,1385.7,37.6,4.9,3.0,0,233.07005049851097,37.90271636133923,0.16262371025479047,33.0,31.437,2025-10-28 13:50:58
162.5,1.7,286.3,151.9,1.7,271.3,540.3,60.03,209.4,2.6,7.6,1385.7,37.6,4.9,3.0,0,233.07005049851097,37.90271636133923,0.16262371025479047,32.875,31.375,2025-10-28 13:51:13
162.4,1.7,285.1,154.7,1.6,268.4,539.6,60.01,209.2,2.6,7.6,1385.7,37.6,4.9,3.0,0,233.07005049851097,0.0,0.0,32.875,31.437,2025-10-28 13:51:28
165.5,1.4,287.2,153.7,1.7,272.9,546.4,60.02,209.4,2.4,7.6,1385.7,37.6,4.9,3.0,0,233.07005049851097,37.90271636133923,0.16262371025479047,32.812,31.375,2025-10-28 13:51:43
165.1,1.7,285.5,155.4,1.6,272.9,544.3,60,209.3,2.6,7.6,1385.7,37.6,4.9,3.0,0,233.07005049851097,37.90271636133923,0.16262371025479047,32.687,31.375,2025-10-28 13:51:58
162.2,1.7,285.1,152.7,1.7,272.6,542.9,59.99,209.3,2.5,7.6,1385.7,37.6,4.9,3.0,0,233.07005049851097,37.90271636133923,0.16262371025479047,32.75,31.312,2025-10-28 13:52:13
165.5,1.7,285.3,154.6,1.6,273.9,543.9,59.99,209.3,2.6,7.6,1385.7,37.5,4.9,3.0,0,233.07005049851097,37.90271636133923,0.16262371025479047,32.812,31.312,2025-10-28 13:52:28
168.4,1.5,261.7,154.5,1.8,273.7,523.9,60,209.2,2.5,7.6,1385.7,37.5,4.9,3.0,0,233.07005049851097,0.0,0.0,32.937,31.312,2025-10-28 13:52:43
165.3,1.7,287.5,154.6,1.7,274.1,545.5,60,209.5,2.5,7.6,1385.7,37.6,4.9,3.0,0,233.07005049851097,37.90271636133923,0.16262371025479047,32.875,31.375,2025-10-28 13:52:58
162.4,1.7,285.3,154.7,1.7,274.2,544.5,59.99,209.5,2.6,7.6,1385.7,37.5,4.9,3.0,0,233.07005049851097,0.0,0.0,32.937,31.437,2025-10-28 13:53:13
165.4,1.7,288.9,154.6,1.7,274.6,547.5,60.03,209.3,2.6,7.6,1385.7,37.5,4.9,3.0,0,233.07005049851097,37.90271636133923,0.16262371025479047,33.062,31.5,2025-10-28 13:53:28
166.3,1.7,264.1,154.6,1.8,274.6,522.8,60.02,209.2,2.6,7.6,1385.7,37.6,4.9,3.0,0,233.07005049851097,37.90271636133923,0.16262371025479047,33.125,31.562,2025-10-28 13:53:43
162.4,1.7,286.6,154.5,1.8,275.0,544.6,60.02,209.1,2.6,7.6,1385.7,37.6,4.9,3.0,0,233.07005049851097,37.90271636133923,0.16262371025479047,33.062,31.562,2025-10-28 13:53:58
165.2,1.7,288.1,154.6,1.8,274.7,547.1,60,209.1,2.6,7.6,1385.7,37.6,4.9,3.0,0,233.07005049851097,37.90271636133923,0.16262371025479047,33.125,31.625,2025-10-28 13:54:13
167.7,1.7,244.2,154.6,1.8,274.7,506.5,60,209.1,2.6,7.6,1385.7,37.6,4.9,3.0,0,233.07005049851097,37.90271636133923,0.16262371025479047,33.125,31.562,2025-10-28 13:54:28
165.3,1.7,288.2,154.7,1.7,274.2,545.6,60.02,209.1,2.6,7.6,1385.7,37.6,4.9,3.0,0,233.07005049851097,37.90271636133923,0.16262371025479047,33.062,31.562,2025-10-28 13:54:43
162.3,1.7,285.7,154.6,1.8,273.2,542.0,60.02,209.1,2.6,7.6,1385.7,37.6,4.9,3.0,0,233.07005049851097,37.90271636133923,0.16262371025479047,33.062,31.5,2025-10-28 13:54:58
165.3,1.6,287.3,154.7,1.7,272.0,544.8,59.98,209.4,2.3,7.6,1385.7,37.6,4.9,3.0,0,233.07005049851097,37.90271636133923,0.16262371025479047,33.187,31.5,2025-10-28 13:55:13
164.8,1.7,279.5,154.6,1.7,272.5,536.4,59.97,209.4,2.6,7.6,1385.7,37.6,4.9,3.0,0,233.07005049851097,37.90271636133923,0.16262371025479047,33.25,31.437,2025-10-28 13:55:28
162.5,1.7,286.8,154.9,1.7,272.0,540.8,59.98,209.3,2.6,7.6,1385.7,37.6,4.9,3.0,0,233.07005049851097,37.90271636133923,0.16262371025479047,33.312,31.5,2025-10-28 13:55:43
165.3,1.7,286.0,154.5,1.7,270.0,540.4,59.99,209.3,2.5,7.6,1385.7,37.6,4.9,3.0,0,233.07005049851097,37.90271636133923,0.16262371025479047,33.25,31.562,2025-10-28 13:55:58
165.2,1.7,284.7,154.5,1.7,268.2,538.6,60.02,209.2,2.5,7.6,1385.7,37.6,4.9,3.0,0,233.07005049851097,37.90271636133923,0.16262371025479047,33.312,31.562,2025-10-28 13:56:13
161.1,1.7,279.3,154.7,1.7,269.3,532.7,59.97,209.2,2.5,7.6,1385.7,37.6,4.9,3.0,0,233.07005049851097,37.90271636133923,0.16262371025479047,33.25,31.625,2025-10-28 13:56:28
164,1.7,283.7,156.2,1.7,261.7,531.2,60.01,209.2,2.5,7.6,1385.7,37.6,4.9,3.0,0,233.07005049851097,37.90271636133923,0.16262371025479047,33.25,31.625,2025-10-28 13:56:43
165.4,1.7,280.4,153.5,1.7,267.2,532.6,60,209.4,2.5,7.6,1385.7,37.6,4.9,3.0,0,233.07005049851097,37.90271636133923,0.16262371025479047,33.25,31.687,2025-10-28 13:56:58
164.6,1.7,281.3,155.4,1.7,261.5,530.3,59.99,209.2,2.5,7.6,1385.7,37.6,4.9,3.0,0,233.07005049851097,37.90271636133923,0.16262371025479047,33.312,31.625,2025-10-28 13:57:13
165.3,1.7,282.3,151.8,1.7,266.0,533.0,60.02,209.3,2.6,7.6,1385.7,37.6,4.9,3.0,0,233.07005049851097,37.90271636133923,0.16262371025479047,33.437,31.625,2025-10-28 13:57:28
162.2,1.7,280.7,157.8,1.7,261.9,528.1,60.02,209.2,2.5,7.6,1385.7,37.6,4.9,3.0,0,233.07005049851097,37.90271636133923,0.16262371025479047,33.5,31.625,2025-10-28 13:57:43
165,1.7,282.1,152,1.7,266.7,532.7,60.03,209,2.5,7.6,1385.7,37.6,4.9,3.0,0,233.07005049851097,37.90271636133923,0.16262371025479047,33.5,31.625,2025-10-28 13:57:58
165.2,1.7,281.2,157.5,1.7,261.3,525.1,60.03,209.1,2.6,7.6,1385.7,37.6,4.9,3.0,0,233.07005049851097,0.0,0.0,33.437,31.625,2025-10-28 13:58:13
162.2,1.7,280.1,151.3,1.7,267.5,532.3,60.02,209,2.5,7.6,1385.7,37.6,4.9,3.0,0,233.07005049851097,37.90271636133923,0.16262371025479047,33.375,31.562,2025-10-28 13:58:28
165.3,1.7,281.8,157.7,1.6,264.5,532.0,60.04,209.3,2.5,7.6,1385.7,37.6,4.9,3.0,0,233.07005049851097,37.90271636133923,0.16262371025479047,33.312,31.562,2025-10-28 13:58:43
163.6,1.7,280.3,154.6,1.7,271.3,535.9,60.01,209.2,2.5,7.6,1385.7,37.6,4.9,3.0,0,233.07005049851097,37.90271636133923,0.16262371025479047,33.312,31.562,2025-10-28 13:58:58
166.4,1.4,281.6,154.6,1.7,271.6,538.5,60.03,209.2,2.5,7.6,1385.7,37.6,4.9,3.0,0,233.07005049851097,37.90271636133923,0.16262371025479047,33.187,31.437,2025-10-28 13:59:13
161.7,1.7,279.2,154.6,1.7,271.6,534.9,60,209.2,2.5,7.6,1385.7,37.5,4.9,3.0,0,233.07005049851097,37.90271636133923,0.16262371025479047,33.312,31.437,2025-10-28 13:59:28
162.3,1.7,282.4,154.6,1.7,272.4,539.0,60.02,209.1,2.6,7.6,1385.7,37.5,4.9,3.0,0,233.07005049851097,37.90271636133923,0.16262371025479047,33.312,31.437,2025-10-28 13:59:43
162.4,1.7,281.9,154.7,1.7,272.9,540.0,60,208.9,2.6,7.6,1385.7,37.4,4.9,3.0,0,233.07005049851097,37.90271636133923,0.16262371025479047,33.375,31.375,2025-10-28 13:59:58
165.2,1.7,283.6,151.9,1.8,270.7,538.1,59.97,209.1,2.6,7.6,1385.7,37.4,4.9,3.0,0,233.07005049851097,37.90271636133923,0.16262371025479047,33.25,31.375,2025-10-28 14:00:13
168,1.7,245.0,156.7,1.8,266.9,499.6,60,209,2.6,7.6,1385.7,37.4,4.9,3.0,0,233.07005049851097,37.90271636133923,0.16262371025479047,33.25,31.437,2025-10-28 14:00:28
165.4,1.7,288.4,153.4,1.8,272.8,544.4,60.02,209,2.6,7.7,1385.8,37.4,4.9,3.0,0,233.07005049851097,37.90271636133923,0.16262371025479047,33.25,31.375,2025-10-28 14:00:43
162.3,1.7,287.2,157.6,1.8,271.6,543.7,60.01,209.3,2.6,7.7,1385.8,37.3,4.9,3.0,0,233.07005049851097,37.90271636133923,0.16262371025479047,33.312,31.437,2025-10-28 14:00:58
165.3,1.7,290.5,151.8,1.8,276.0,549.6,60.02,209.3,2.6,7.7,1385.8,37.3,4.9,3.1,0,233.07005049851097,37.90271636133923,0.16262371025479047,33.312,31.437,2025-10-28 14:01:13
165.1,1.7,282.3,157.5,1.8,273.3,538.6,60.02,209.6,2.6,7.7,1385.8,37.3,4.9,3.1,0,233.07005049851097,37.90271636133923,0.16262371025479047,33.312,31.562,2025-10-28 14:01:28
162.9,1.8,292.9,152,1.8,280.9,552.4,60.01,209.6,2.6,7.7,1385.8,37.3,4.9,3.1,0,233.07005049851097,37.90271636133923,0.16262371025479047,33.375,31.562,2025-10-28 14:01:43
165,1.8,293.9,157.1,1.7,283.1,557.8,60,209.4,2.7,7.7,1385.8,37.2,4.9,3.1,0,233.07005049851097,37.90271636133923,0.16262371025479047,33.25,31.562,2025-10-28 14:01:58
167.6,1.5,289.8,151.2,1.8,283.8,556.7,60.02,209.2,2.5,7.7,1385.8,37.2,4.9,3.1,0,233.07005049851097,37.90271636133923,0.16262371025479047,33.25,31.625,2025-10-28 14:02:13
165.4,1.8,294.7,155.1,1.8,283.8,565.3,60.02,209.3,2.6,7.7,1385.8,37.2,4.9,3.1,0,233.07005049851097,37.90271636133923,0.16262371025479047,33.187,31.625,2025-10-28 14:02:28
162.2,1.8,298.7,153.5,1.9,290.8,570.7,59.96,209.6,2.7,7.7,1385.8,37.2,4.9,3.1,0,233.07005049851097,37.90271636133923,0.16262371025479047,33.25,31.687,2025-10-28 14:02:43
165.3,1.8,303.5,155.9,1.8,293.4,579.2,59.97,209.7,2.7,7.7,1385.8,37.2,4.9,3.1,0,233.07005049851097,37.90271636133923,0.16262371025479047,33.312,31.687,2025-10-28 14:02:58
165.1,1.8,304.5,152.4,1.9,296.4,581.7,59.98,209.6,2.7,7.7,1385.8,37.2,4.9,3.1,0,271.91505891492943,37.90271636133923,0.13939175164696327,33.312,31.687,2025-10-28 14:03:13
165.4,1.9,307.7,154.6,1.8,301.5,589.2,59.96,209.6,2.7,7.7,1385.8,37.2,4.9,3.1,0,271.91505891492943,37.90271636133923,0.13939175164696327,33.25,31.687,2025-10-28 14:03:28
165.3,1.9,298.2,154.6,2,309.1,590.1,59.97,209.5,2.8,7.7,1385.8,37.2,4.9,3.1,0,271.91505891492943,37.90271636133923,0.13939175164696327,33.25,31.687,2025-10-28 14:03:43
165.2,1.9,317.4,154.7,1.9,316.2,612.6,59.96,209.6,2.9,7.7,1385.8,37.3,4.9,3.1,0,271.91505891492943,37.90271636133923,0.13939175164696327,33.25,31.875,2025-10-28 14:03:58
166.6,1.9,286.0,154.6,2.1,317.9,611.0,59.96,209.7,2.9,7.7,1385.8,37.3,4.9,3.1,0,271.91505891492943,37.90271636133923,0.13939175164696327,33.25,31.937,2025-10-28 14:04:13
165.3,1.9,319.5,154.6,2.1,321.2,618.2,59.98,209.3,2.9,7.7,1385.8,37.3,4.9,3.1,0,271.91505891492943,37.90271636133923,0.13939175164696327,33.25,32.0,2025-10-28 14:04:28
165.8,1.9,299.7,154.6,2.1,324.7,611.5,59.98,209.3,3,7.7,1385.8,37.4,4.9,3.1,0,271.91505891492943,37.90271636133923,0.13939175164696327,33.312,32.062,2025-10-28 14:04:43
162.9,2,326.7,154.4,2.1,330.1,633.6,60.02,209.2,3,7.7,1385.8,37.4,4.9,3.1,0,271.91505891492943,37.90271636133923,0.13939175164696327,33.312,32.0,2025-10-28 14:04:58
167.7,2,302.0,157,2.1,326.4,608.7,60.01,209.2,3.1,7.7,1385.8,37.4,4.9,3.1,0,271.91505891492943,37.90271636133923,0.13939175164696327,33.187,31.937,2025-10-28 14:05:13
164.3,2,330.9,153.5,2.2,332.6,638.7,60.01,209.2,3,7.7,1385.8,37.3,4.9,3.1,0,271.91505891492943,37.90271636133923,0.13939175164696327,33.125,31.812,2025-10-28 14:05:28
166.9,2,302.6,155.9,2.1,324.2,605.6,60,209.1,3,7.7,1385.8,37.3,4.9,3.1,0,271.91505891492943,37.90271636133923,0.13939175164696327,33.187,31.812,2025-10-28 14:05:43
162.5,2,328.0,151.2,2.1,326.2,628.5,60,209.2,3,7.7,1385.8,37.2,4.9,3.1,0,271.91505891492943,37.90271636133923,0.13939175164696327,33.187,31.812,2025-10-28 14:05:58
168.2,2,305.7,157.5,2.1,320.7,607.4,60.05,209,3,7.7,1385.8,37.2,4.9,3.1,0,271.91505891492943,37.90271636133923,0.13939175164696327,33.312,31.937,2025-10-28 14:06:13
162.8,2,326.3,154.1,2.1,323.8,626.4,60.02,208.9,3,7.7,1385.8,37.2,4.9,3.1,0,271.91505891492943,37.90271636133923,0.13939175164696327,33.375,32.0,2025-10-28 14:06:28
167.4,1.7,317.9,154.6,1.9,322.1,600.0,60.04,209,2.9,7.7,1385.8,37.3,4.9,3.1,0,271.91505891492943,37.90271636133923,0.13939175164696327,33.375,32.0,2025-10-28 14:06:43
161.9,2,327.9,154.6,2.1,322.2,627.1,60.02,209.2,2.9,7.7,1385.8,37.3,4.9,3.1,0,271.91505891492943,37.90271636133923,0.13939175164696327,33.437,32.062,2025-10-28 14:06:58
168,1.7,311.2,154.6,2,322.7,614.8,60.01,209.3,2.9,7.7,1385.8,37.4,4.9,3.1,0,271.91505891492943,37.90271636133923,0.13939175164696327,33.375,32.125,2025-10-28 14:07:13
164,2,328.6,154.6,2.1,323.1,628.9,60.03,209.2,3,7.7,1385.8,37.4,4.9,3.1,0,271.91505891492943,37.90271636133923,0.13939175164696327,33.5,32.125,2025-10-28 14:07:28
166.3,1.7,331.8,154.6,2.1,323.7,633.0,59.99,209.3,2.8,7.7,1385.8,37.4,4.9,3.1,0,271.91505891492943,37.90271636133923,0.13939175164696327,33.625,32.125,2025-10-28 14:07:43
163.1,2,333.3,154.6,2.1,323.7,633.7,59.99,209.3,3,7.7,1385.8,37.5,4.9,3.1,0,271.91505891492943,37.90271636133923,0.13939175164696327,33.562,32.187,2025-10-28 14:07:58
167.3,1.7,329.0,154.6,2.1,324.3,632.3,59.99,209.4,2.9,7.7,1385.8,37.5,5.0,3.1,0,271.91505891492943,37.90271636133923,0.13939175164696327,33.562,32.125,2025-10-28 14:08:13
165.2,2,335.6,154.7,2.1,324.0,634.1,60,209.3,3,7.7,1385.8,37.4,5.0,3.1,0,271.91505891492943,37.90271636133923,0.13939175164696327,33.5,32.125,2025-10-28 14:08:28
165.4,1.8,335.9,151.7,2.1,321.0,634.0,60.02,209.3,2.9,7.7,1385.8,37.4,5.0,3.1,0,271.91505891492943,37.90271636133923,0.13939175164696327,33.5,32.125,2025-10-28 14:08:43
164.1,2,337.5,156.9,2.1,317.1,632.4,60.04,209.4,3,7.7,1385.8,37.4,5.0,3.1,0,271.91505891492943,37.90271636133923,0.13939175164696327,33.437,32.062,2025-10-28 14:08:58
165.2,1.8,336.2,153.2,2.1,321.7,634.4,60.02,209.4,2.9,7.7,1385.8,37.4,5.0,3.1,0,271.91505891492943,37.90271636133923,0.13939175164696327,33.562,32.125,2025-10-28 14:09:13
165.3,2.1,339.7,154.6,2,327.9,642.8,60.04,209.6,3,7.7,1385.8,37.3,5.0,3.1,0,271.91505891492943,37.90271636133923,0.13939175164696327,33.625,32.25,2025-10-28 14:09:28
165.3,1.9,340.4,154.5,2.1,329.1,645.7,60.03,209.6,2.9,7.7,1385.8,37.4,5.0,3.1,0,271.91505891492943,37.90271636133923,0.13939175164696327,33.562,32.25,2025-10-28 14:09:43
165.3,2.1,341.4,154.4,2.1,329.7,647.2,60.04,209.4,3.1,7.7,1385.8,37.3,5.0,3.1,0,271.91505891492943,37.90271636133923,0.13939175164696327,33.562,32.125,2025-10-28 14:09:58
165.3,2.1,342.3,154.6,2.1,330.2,649.1,60.03,209.1,3.1,7.7,1385.8,37.3,5.0,3.1,0,271.91505891492943,37.90271636133923,0.13939175164696327,33.625,32.187,2025-10-28 14:10:13
165.4,2.1,343.1,154.4,2.1,331.3,651.1,60.04,209.3,3.1,7.8,1385.9,37.3,5.0,3.1,0,271.91505891492943,37.90271636133923,0.13939175164696327,33.75,32.312,2025-10-28 14:10:28
165.2,2.1,344.6,154.5,2.1,331.9,652.7,60.04,209.2,3.1,7.8,1385.9,37.4,5.0,3.1,0,271.91505891492943,37.90271636133923,0.13939175164696327,33.687,32.375,2025-10-28 14:10:43
165.3,2.1,345.7,154.5,2.1,333.6,655.0,60.03,209.4,3.1,7.8,1385.9,37.4,5.0,3.1,0,271.91505891492943,37.90271636133923,0.13939175164696327,33.75,32.375,2025-10-28 14:10:58
165.3,2.1,346.2,154.7,2.1,331.9,654.0,60.02,209.6,3.1,7.8,1385.9,37.4,5.0,3.1,0,271.91505891492943,37.90271636133923,0.13939175164696327,33.812,32.437,2025-10-28 14:11:13
165.3,2.1,347.7,154.6,2.1,334.7,658.9,60,209.5,3.1,7.8,1385.9,37.4,5.0,3.1,0,271.91505891492943,37.90271636133923,0.13939175164696327,33.812,32.437,2025-10-28 14:11:28
165.5,2.1,349.0,154.7,2.1,334.9,659.6,60.03,209.5,3.1,7.8,1385.9,37.4,5.0,3.1,0,271.91505891492943,37.90271636133923,0.13939175164696327,33.875,32.5,2025-10-28 14:11:43
165.4,2.1,337.6,154.6,2.2,336.6,648.0,60.01,209.6,3.1,7.8,1385.9,37.4,5.0,3.1,0,310.76006733134795,37.90271636133923,0.12196778269109285,33.937,32.562,2025-10-28 14:11:58
165.2,2.1,349.6,154.5,2.2,334.3,659.0,59.97,209.3,3.2,7.8,1385.9,37.5,5.0,3.1,0,271.91505891492943,37.90271636133923,0.13939175164696327,34.0,32.625,2025-10-28 14:12:13
165.2,2.1,346.2,154.5,2.2,338.4,659.0,59.99,209.4,3.1,7.8,1385.9,37.5,5.0,3.1,0,310.76006733134795,37.90271636133923,0.12196778269109285,34.062,32.687,2025-10-28 14:12:28
165,2.1,350.1,154.5,2.2,337.8,664.2,60.03,209.2,3.2,7.8,1385.9,37.6,5.0,3.1,0,271.91505891492943,37.90271636133923,0.13939175164696327,34.062,32.687,2025-10-28 14:12:43
166.1,2.1,329.1,154.7,2.2,339.2,642.3,60.02,209.4,3.2,7.8,1385.9,37.6,5.0,3.1,0,310.76006733134795,37.90271636133923,0.12196778269109285,34.0,32.562,2025-10-28 14:12:58
165.4,2.1,350.9,154.3,2.2,335.4,662.1,60.07,209.5,3.2,7.8,1385.9,37.6,5.0,3.1,0,310.76006733134795,37.90271636133923,0.12196778269109285,34.062,32.562,2025-10-28 14:13:13
167.9,2.1,340.3,154.7,2.2,341.0,655.2,60.04,209.4,3.2,7.8,1385.9,37.6,5.0,3.1,0,310.76006733134795,37.90271636133923,0.12196778269109285,34.0,32.562,2025-10-28 14:13:28
163.5,2.1,351.0,157.1,2.2,329.3,656.5,60.01,209.3,3.2,7.8,1385.9,37.7,5.0,3.1,0,310.76006733134795,37.90271636133923,0.12196778269109285,34.062,32.562,2025-10-28 14:13:43
167.2,2.1,315.0,153.7,2.2,337.5,629.2,59.99,209.3,3.2,7.8,1385.9,37.6,5.0,3.1,0,310.76006733134795,37.90271636133923,0.12196778269109285,34.062,32.562,2025-10-28 14:13:58
165,2.1,351.0,155.2,2.2,332.0,658.7,59.99,209.3,3.2,7.8,1385.9,37.6,5.0,3.1,0,310.76006733134795,37.90271636133923,0.12196778269109285,33.937,32.437,2025-10-28 14:14:13
168.1,2.1,324.2,151.7,2.2,337.5,636.0,60.01,209.4,3.2,7.8,1385.9,37.5,5.0,3.1,0,310.76006733134795,37.90271636133923,0.12196778269109285,33.812,32.375,2025-10-28 14:14:28
162.5,2.1,350.5,157.9,2.2,331.1,658.7,60.03,209.4,3.2,7.8,1385.9,37.5,5.0,3.1,0,310.76006733134795,37.90271636133923,0.12196778269109285,33.812,32.375,2025-10-28 14:14:43
167.9,2.1,316.7,152.3,2.2,336.4,628.9,60.01,209.3,3.2,7.8,1385.9,37.4,5.0,3.1,0,310.76006733134795,37.90271636133923,0.12196778269109285,33.937,32.375,2025-10-28 14:14:58
162.4,2.1,351.1,157.5,2.2,329.9,657.5,60.02,209.4,3.2,7.8,1385.9,37.4,5.0,3.1,0,310.76006733134795,37.90271636133923,0.12196778269109285,33.875,32.312,2025-10-28 14:15:13
167.9,1.8,337.6,151.4,2.2,336.5,645.9,59.98,209.3,3.1,7.8,1385.9,37.5,5.0,3.1,0,310.76006733134795,37.90271636133923,0.12196778269109285,34.0,32.437,2025-10-28 14:15:28
162.1,2.2,351.4,157.8,2.1,332.9,660.2,59.98,209.3,3.1,7.8,1385.9,37.5,5.0,3.1,0,310.76006733134795,37.90271636133923,0.12196778269109285,34.187,32.5,2025-10-28 14:15:43
165.3,2.1,356.7,151.7,2.2,335.7,666.9,60.02,209.2,3.1,7.8,1385.9,37.5,5.0,3.1,0,310.76006733134795,37.90271636133923,0.12196778269109285,34.312,32.562,2025-10-28 14:15:58
167.3,2.2,313.7,155.8,2.1,339.4,630.3,60,209.2,3.2,7.8,1385.9,37.6,5.0,3.1,0,310.76006733134795,37.90271636133923,0.12196778269109285,34.25,32.625,2025-10-28 14:16:13
162.2,2.2,359.1,152.1,2.2,339.4,672.6,60.03,209,3.1,7.8,1385.9,37.6,5.0,3.1,0,310.76006733134795,37.90271636133923,0.12196778269109285,34.187,32.562,2025-10-28 14:16:28
165.2,2.2,360.1,157.1,2.1,338.7,673.6,60.01,209.4,3.2,7.8,1385.9,37.6,5.0,3.1,0,310.76006733134795,37.90271636133923,0.12196778269109285,34.125,32.625,2025-10-28 14:16:43
165.4,2.2,353.3,154.5,2.2,338.3,672.2,60.01,209.4,3.2,7.8,1385.9,37.6,5.0,3.1,0,310.76006733134795,37.90271636133923,0.12196778269109285,34.312,32.687,2025-10-28 14:16:58
165.6,2.2,360.5,154.8,2,339.7,675.9,60,209.5,3.1,7.8,1385.9,37.6,5.0,3.1,0,310.76006733134795,37.90271636133923,0.12196778269109285,34.437,32.75,2025-10-28 14:17:13
165.4,2.2,358.7,153.3,2.2,340.3,673.0,60.02,209.5,3.2,7.8,1385.9,37.6,5.0,3.1,0,310.76006733134795,37.90271636133923,0.12196778269109285,34.562,32.812,2025-10-28 14:17:28
161.8,2.2,361.7,155.4,2,338.8,675.9,60.02,209.4,3.1,7.8,1385.9,37.6,5.0,3.1,0,310.76006733134795,37.90271636133923,0.12196778269109285,34.625,32.812,2025-10-28 14:17:43
165.5,2.2,362.6,154.6,2.2,339.2,677.6,59.98,209.5,3.2,7.8,1385.9,37.7,5.0,3.1,0,310.76006733134795,37.90271636133923,0.12196778269109285,34.75,32.937,2025-10-28 14:17:58
162.3,2.2,363.3,154.6,2.1,339.2,677.2,59.99,209.6,3.1,7.8,1385.9,37.8,5.0,3.1,0,310.76006733134795,37.90271636133923,0.12196778269109285,34.812,33.062,2025-10-28 14:18:13
165.4,2.2,365.4,154.6,2.2,339.1,679.3,60.03,209.2,3.2,7.8,1385.9,37.8,5.0,3.1,0,310.76006733134795,37.90271636133923,0.12196778269109285,34.875,33.187,2025-10-28 14:18:28
161.7,2.2,359.4,154.6,2.2,338.2,676.8,59.98,208.9,3.2,7.8,1385.9,37.8,5.0,3.1,0,310.76006733134795,37.90271636133923,0.12196778269109285,35.0,33.312,2025-10-28 14:18:43
162.2,2.2,361.0,154.5,2.2,337.3,671.9,59.99,209,3.2,7.8,1385.9,37.9,5.0,3.1,0,310.76006733134795,37.90271636133923,0.12196778269109285,35.062,33.312,2025-10-28 14:18:58
162.3,2.2,364.1,154.6,2.2,336.5,675.3,60.03,208.9,3.2,7.8,1385.9,37.9,5.0,3.1,0,310.76006733134795,37.90271636133923,0.12196778269109285,35.062,33.375,2025-10-28 14:19:13
165.2,2.2,362.7,154.7,2.2,335.5,674.9,60.03,208.9,3.2,7.8,1385.9,37.9,5.0,3.1,0,310.76006733134795,37.90271636133923,0.12196778269109285,35.187,33.5,2025-10-28 14:19:28
163,2.2,363.3,154.5,2.1,333.1,671.6,60.01,209.2,3.1,7.9,1386.0,37.9,5.0,3.2,0,310.76006733134795,37.90271636133923,0.12196778269109285,35.25,33.562,2025-10-28 14:19:43
160.5,2.2,361.6,156.5,2.1,321.3,658.5,60.02,209,3.1,7.9,1386.0,37.9,5.0,3.2,0,310.76006733134795,37.90271636133923,0.12196778269109285,35.312,33.687,2025-10-28 14:19:58
162.3,2.2,362.1,153.6,2.1,328.7,664.7,60.04,209.3,3.1,7.9,1386.0,38,5.0,3.2,0,310.76006733134795,37.90271636133923,0.12196778269109285,35.312,33.812,2025-10-28 14:20:13
162.2,2.2,360.4,158.1,2.1,319.9,656.9,60.01,209.1,3.2,7.9,1386.0,38,5.0,3.2,0,310.76006733134795,37.90271636133923,0.12196778269109285,35.25,33.812,2025-10-28 14:20:28
162.2,2.2,358.9,152,2.1,325.6,660.1,60,209.1,3.1,7.9,1386.0,38,5.0,3.2,0,310.76006733134795,37.90271636133923,0.12196778269109285,35.0,33.625,2025-10-28 14:20:43
161.9,2.2,358.3,157.2,2.1,318.2,652.7,59.99,209.3,3.1,7.9,1386.0,38,5.0,3.2,0,310.76006733134795,37.90271636133923,0.12196778269109285,34.75,33.437,2025-10-28 14:20:58
162.3,2.2,356.9,154.6,2.1,327.3,659.9,59.99,209.1,3.1,7.9,1386.0,38,5.0,3.2,0,310.76006733134795,37.90271636133923,0.12196778269109285,34.75,33.375,2025-10-28 14:21:13
162.1,2.2,355.3,151.5,2.1,322.6,653.2,59.97,209.4,3.1,7.9,1386.0,38,5.0,3.2,0,310.76006733134795,37.90271636133923,0.12196778269109285,34.562,33.312,2025-10-28 14:21:28
162.3,2.2,355.8,154.7,2.1,325.1,656.2,59.96,209.4,3.1,7.9,1386.0,37.9,5.0,3.2,0,310.76006733134795,37.90271636133923,0.12196778269109285,34.5,33.125,2025-10-28 14:21:43
162.7,2.2,354.8,154.5,2.1,323.7,652.6,60,209.3,3.1,7.9,1386.0,37.9,5.0,3.2,0,310.76006733134795,37.90271636133923,0.12196778269109285,34.562,33.125,2025-10-28 14:21:58
162.2,2.2,353.1,153.3,2.1,323.4,652.4,59.99,209.4,3.1,7.9,1386.0,37.9,5.0,3.2,0,310.76006733134795,37.90271636133923,0.12196778269109285,34.625,33.125,2025-10-28 14:22:13
163.5,2.2,346.7,153.7,2.1,321.1,644.4,59.99,209.3,3.1,7.9,1386.0,37.9,5.0,3.2,0,310.76006733134795,37.90271636133923,0.12196778269109285,34.625,33.125,2025-10-28 14:22:28
162,2.2,347.9,156.5,2,319.5,643.2,60,209.5,3,7.9,1386.0,37.9,5.0,3.2,0,310.76006733134795,37.90271636133923,0.12196778269109285,34.812,33.25,2025-10-28 14:22:43
165.3,2.2,343.5,154.5,2.1,320.9,642.9,59.99,209.6,3.1,7.9,1386.0,38,5.0,3.2,0,310.76006733134795,37.90271636133923,0.12196778269109285,34.875,33.312,2025-10-28 14:22:58
159.6,2.1,344.4,151.6,2,318.7,639.1,60.02,209.6,3.1,7.9,1386.0,38,5.0,3.2,0,310.76006733134795,37.90271636133923,0.12196778269109285,34.875,33.312,2025-10-28 14:23:13
165.1,2.1,340.0,157.1,2.1,309.8,627.9,60.03,209.4,3.1,7.9,1386.0,38,5.0,3.2,0,310.76006733134795,37.90271636133923,0.12196778269109285,35.0,33.312,2025-10-28 14:23:28
159.3,2.1,343.8,151.5,2,317.4,635.0,60.01,209.5,3,7.9,1386.0,38,5.0,3.2,0,310.76006733134795,37.90271636133923,0.12196778269109285,34.875,33.312,2025-10-28 14:23:43
165.2,2.1,342.0,154.6,1.9,319.1,636.5,60.01,209.6,3,7.9,1386.0,38.1,5.0,3.2,0,271.91505891492943,37.90271636133923,0.13939175164696327,34.875,33.312,2025-10-28 14:23:58
159.1,2.1,340.6,154.5,2,316.4,633.8,59.98,209.5,3,7.9,1386.0,38.1,5.0,3.2,0,310.76006733134795,37.90271636133923,0.12196778269109285,34.937,33.375,2025-10-28 14:24:13
163.2,2,336.6,151.6,2.1,315.7,629.7,60,209.3,3,7.9,1386.0,38.1,5.0,3.2,0,310.76006733134795,37.90271636133923,0.12196778269109285,34.875,33.375,2025-10-28 14:24:28
160.4,2.1,343.2,153.4,2,316.6,635.0,60.01,209.1,3,7.9,1386.0,38.1,5.0,3.2,0,271.91505891492943,37.90271636133923,0.13939175164696327,34.875,33.375,2025-10-28 14:24:43
164.4,2,341.3,156.4,1.9,315.9,634.2,59.97,208.9,3,7.9,1386.0,38.1,5.0,3.2,0,271.91505891492943,37.90271636133923,0.13939175164696327,34.75,33.312,2025-10-28 14:24:58
160,2.1,338.8,154.6,2,316.3,632.0,60,209,3,7.9,1386.0,38.1,5.0,3.2,0,310.76006733134795,37.90271636133923,0.12196778269109285,34.812,33.312,2025-10-28 14:25:13
162.3,2,340.0,151.7,2.1,315.0,628.4,59.99,208.9,3,7.9,1386.0,38,5.1,3.2,0,271.91505891492943,37.90271636133923,0.13939175164696327,34.75,33.25,2025-10-28 14:25:28
161.7,2.1,339.1,154.5,2,315.8,629.9,60.02,209.1,2.9,7.9,1386.0,38,5.1,3.2,0,271.91505891492943,37.90271636133923,0.13939175164696327,34.562,33.187,2025-10-28 14:25:43
163,2,338.3,156.9,2,305.5,620.8,60.04,209.3,2.9,7.9,1386.0,38,5.1,3.2,0,271.91505891492943,37.90271636133923,0.13939175164696327,34.687,33.125,2025-10-28 14:25:58
162.2,2.1,337.5,153,2.1,315.8,628.2,60.02,209.4,3,7.9,1386.0,37.9,5.1,3.2,0,271.91505891492943,37.90271636133923,0.13939175164696327,34.562,33.062,2025-10-28 14:26:13
162.3,2,336.1,151.6,2,314.5,626.8,59.98,209.3,2.9,7.9,1386.0,37.9,5.1,3.2,0,271.91505891492943,37.90271636133923,0.13939175164696327,34.5,33.0,2025-10-28 14:26:28
162.3,2.1,334.3,154.6,2,315.1,626.6,59.96,209.4,3,7.9,1386.0,37.8,5.1,3.2,0,271.91505891492943,37.90271636133923,0.13939175164696327,34.625,33.0,2025-10-28 14:26:43
162.3,2,333.0,154.5,2,315.0,624.4,59.96,209.4,2.9,7.9,1386.0,37.8,5.1,3.2,0,271.91505891492943,37.90271636133923,0.13939175164696327,34.687,33.062,2025-10-28 14:26:58
162.3,2,331.6,152.3,2,315.1,622.0,60.02,209.4,2.9,7.9,1386.0,37.8,5.1,3.2,0,271.91505891492943,37.90271636133923,0.13939175164696327,34.75,33.125,2025-10-28 14:27:13
162.4,2,330.6,154.2,2,314.3,621.2,60.02,209.3,3,7.9,1386.0,37.8,5.1,3.2,0,271.91505891492943,37.90271636133923,0.13939175164696327,34.75,33.125,2025-10-28 14:27:28
162.4,2,329.4,157.2,1.9,311.5,616.9,59.98,209.3,2.9,7.9,1386.0,37.8,5.1,3.2,0,271.91505891492943,37.90271636133923,0.13939175164696327,34.687,33.062,2025-10-28 14:27:43
162.3,2,327.9,154.6,2,315.1,620.0,59.99,209.1,2.9,7.9,1386.0,37.8,5.1,3.2,0,271.91505891492943,37.90271636133923,0.13939175164696327,34.562,32.937,2025-10-28 14:27:58
162.3,2,327.1,151.5,2.1,314.3,617.7,60.02,209.2,2.9,7.9,1386.0,37.8,5.1,3.2,0,271.91505891492943,37.90271636133923,0.13939175164696327,34.625,32.875,2025-10-28 14:28:13
162.2,2,326.4,154.6,2,315.2,618.2,59.98,209,2.9,7.9,1386.0,37.8,5.1,3.2,0,271.91505891492943,37.90271636133923,0.13939175164696327,34.75,32.875,2025-10-28 14:28:28
162.3,2,325.6,151.7,2.1,315.2,618.1,59.99,209.1,2.9,7.9,1386.0,37.8,5.1,3.2,0,271.91505891492943,37.90271636133923,0.13939175164696327,34.75,32.75,2025-10-28 14:28:43
162.5,2,324.1,157.6,2,308.7,610.9,59.97,209.1,2.9,8.0,1386.1,37.8,5.1,3.2,0,271.91505891492943,37.90271636133923,0.13939175164696327,34.812,32.75,2025-10-28 14:28:58
162.5,2,324.0,154.6,2,318.1,618.2,59.97,209.1,3,8.0,1386.1,37.8,5.1,3.2,0,271.91505891492943,37.90271636133923,0.13939175164696327,34.75,32.75,2025-10-28 14:29:13
162.4,2,324.4,151.6,2.1,319.3,620.1,60.02,209.1,2.9,8.0,1386.1,37.8,5.1,3.2,0,271.91505891492943,37.90271636133923,0.13939175164696327,34.75,32.687,2025-10-28 14:29:28
163,2,315.4,154.6,2,320.3,621.2,60.04,209,2.9,8.0,1386.1,37.8,5.1,3.2,0,271.91505891492943,37.90271636133923,0.13939175164696327,34.687,32.75,2025-10-28 14:29:43
162,2,320.8,154.6,2.1,322.0,621.6,60.03,208.8,3,8.0,1386.1,37.9,5.1,3.2,0,271.91505891492943,37.90271636133923,0.13939175164696327,34.812,32.75,2025-10-28 14:29:58
162,2,319.6,155.1,2.1,323.6,620.8,60.01,209,3,8.0,1386.1,37.9,5.1,3.2,0,271.91505891492943,37.90271636133923,0.13939175164696327,34.75,32.812,2025-10-28 14:30:13
160.3,2,318.2,154.9,2.1,325.3,625.9,59.97,209,2.9,8.0,1386.1,37.9,5.1,3.2,0,271.91505891492943,37.90271636133923,0.13939175164696327,34.75,32.812,2025-10-28 14:30:28
164.5,2,314.5,152.4,2.1,326.6,619.0,60,209.1,3,8.0,1386.1,37.9,5.1,3.2,0,271.91505891492943,37.90271636133923,0.13939175164696327,34.875,32.875,2025-10-28 14:30:43
161.2,2,318.8,154,2.1,328.4,624.1,59.97,209,3,8.0,1386.1,38,5.1,3.2,0,271.91505891492943,37.90271636133923,0.13939175164696327,35.0,33.0,2025-10-28 14:30:58
163.4,2,315.6,149.4,2.2,329.2,621.1,59.98,209.1,3,8.0,1386.1,38,5.1,3.2,0,271.91505891492943,37.90271636133923,0.13939175164696327,35.0,33.062,2025-10-28 14:31:13
159.5,2,318.9,154.6,2.2,331.8,627.8,59.97,209,3,8.0,1386.1,38,5.1,3.2,0,271.91505891492943,37.90271636133923,0.13939175164696327,35.0,33.062,2025-10-28 14:31:28
165.3,2,312.6,154.6,2.1,333.4,624.2,60.01,208.9,3,8.0,1386.1,38.1,5.1,3.2,0,271.91505891492943,37.90271636133923,0.13939175164696327,35.062,33.062,2025-10-28 14:31:43
159.3,2,317.2,154.5,2.2,334.7,628.8,60.02,209,3,8.0,1386.1,38.1,5.1,3.2,0,271.91505891492943,37.90271636133923,0.13939175164696327,35.187,33.187,2025-10-28 14:31:58
165.1,2,320.0,151.6,2.2,338.5,627.0,60.01,209.1,3,8.0,1386.1,38.1,5.1,3.2,0,271.91505891492943,37.90271636133923,0.13939175164696327,35.125,33.187,2025-10-28 14:32:13
159.4,2,318.4,151.6,2.2,336.9,630.4,59.96,209.1,3,8.0,1386.1,38.1,5.1,3.2,0,271.91505891492943,37.90271636133923,0.13939175164696327,35.125,33.187,2025-10-28 14:32:28
165.3,1.9,314.5,154.8,2.2,340.9,631.7,59.99,209.1,3,8.0,1386.1,38,5.1,3.2,0,271.91505891492943,37.90271636133923,0.13939175164696327,35.25,33.25,2025-10-28 14:32:43
161.2,2,317.1,151.3,2.2,343.9,635.7,59.98,209.1,3,8.0,1386.1,38,5.1,3.2,0,271.91505891492943,37.90271636133923,0.13939175164696327,35.25,33.25,2025-10-28 14:32:58
163.5,1.9,321.1,150.2,2.3,346.2,642.4,60,209,3,8.0,1386.1,38.1,5.1,3.2,0,271.91505891492943,37.90271636133923,0.13939175164696327,35.375,33.25,2025-10-28 14:33:13
160.3,2,320.7,152.7,2.3,348.5,645.5,59.99,209,3,8.0,1386.1,38.1,5.1,3.2,0,271.91505891492943,37.90271636133923,0.13939175164696327,35.25,33.375,2025-10-28 14:33:28
164.5,1.9,321.2,151.5,2.3,352.6,649.1,60.01,209.3,3.1,8.0,1386.1,38.1,5.1,3.2,0,271.91505891492943,37.90271636133923,0.13939175164696327,35.125,33.375,2025-10-28 14:33:43
162.2,2,323.6,154.6,2.3,355.8,652.0,59.98,209,3.1,8.0,1386.1,38.1,5.1,3.2,0,271.91505891492943,37.90271636133923,0.13939175164696327,35.062,33.312,2025-10-28 14:33:58
162.3,1.9,324.5,154.7,2.2,360.1,658.8,60.02,209.3,3.1,8.0,1386.1,38.1,5.1,3.2,0,271.91505891492943,37.90271636133923,0.13939175164696327,35.0,33.25,2025-10-28 14:34:13
161.7,2,326.0,151.6,2.4,364.5,663.3,60.03,209,3.1,8.0,1386.1,38.1,5.1,3.2,0,271.91505891492943,37.90271636133923,0.13939175164696327,34.937,33.187,2025-10-28 14:34:28
162.3,1.9,327.8,151.5,2.4,368.8,668.6,60,209,3.1,8.0,1386.1,38.1,5.1,3.2,0,271.91505891492943,37.90271636133923,0.13939175164696327,34.812,33.187,2025-10-28 14:34:43
162.2,2,329.2,151.3,2.5,373.4,674.8,59.99,209.4,3.2,8.0,1386.1,38.1,5.1,3.2,0,271.91505891492943,37.90271636133923,0.13939175164696327,34.875,33.25,2025-10-28 14:34:58
162.4,2,331.2,148.8,2.5,373.1,677.4,59.99,209.5,3.2,8.0,1386.1,38.1,5.1,3.2,0,310.76006733134795,37.90271636133923,0.12196778269109285,35.0,33.312,2025-10-28 14:35:13
162.3,2,334.0,148.7,2.5,380.1,685.0,59.99,209.5,3.3,8.0,1386.1,38.1,5.1,3.2,0,310.76006733134795,37.90271636133923,0.12196778269109285,35.0,33.375,2025-10-28 14:35:28
162.3,2.1,336.3,152.2,2.6,395.2,701.4,59.97,209.8,3.4,8.0,1386.1,38.1,5.1,3.2,0,310.76006733134795,37.90271636133923,0.12196778269109285,35.062,33.375,2025-10-28 14:35:43
162.3,2.1,338.6,156.4,2.5,398.1,708.2,60.02,209.8,3.3,8.0,1386.1,38.1,5.1,3.2,0,310.76006733134795,37.90271636133923,0.12196778269109285,35.062,33.562,2025-10-28 14:35:58
162.3,2.1,341.1,151.5,2.7,405.7,715.6,60.02,209.8,3.4,8.0,1386.1,38.1,5.1,3.2,0,310.76006733134795,37.90271636133923,0.12196778269109285,35.187,33.562,2025-10-28 14:36:13
165.4,2.1,341.9,151.7,2.7,419.9,732.5,59.99,209.8,3.5,8.0,1386.1,38.2,5.1,3.2,0,310.76006733134795,37.90271636133923,0.12196778269109285,35.312,33.5,2025-10-28 14:36:28
162.4,2.1,348.1,151.7,2.8,430.2,746.3,60,209.7,3.5,8.0,1386.1,38.2,5.1,3.2,0,310.76006733134795,37.90271636133923,0.12196778269109285,35.437,33.5,2025-10-28 14:36:43
160.2,2.1,347.9,154.7,2.9,443.6,758.2,60.04,209.8,3.6,8.0,1386.1,38.3,5.1,3.2,0,310.76006733134795,37.90271636133923,0.12196778269109285,35.5,33.5,2025-10-28 14:36:58
162.4,2.3,367.1,152.5,3.2,486.2,815.8,60.03,209.4,3.9,8.0,1386.1,38.3,5.1,3.2,0,349.6050757477664,37.90271636133923,0.10841580683652699,35.437,33.5,2025-10-28 14:37:13
163.8,2.5,413.0,153.2,4,595.8,961.7,60.05,209.7,4.6,8.0,1386.1,38.3,5.1,3.3,0,388.4500841641849,37.90271636133923,0.0975742261528743,35.562,33.625,2025-10-28 14:37:28
165.4,2.9,466.1,151.8,4.8,727.9,1133.7,60.05,210.1,5.5,8.0,1386.1,38.3,5.1,3.3,0,466.14010099702193,75.80543272267846,0.16262371025479047,35.687,33.625,2025-10-28 14:37:43
163.7,3,494.3,153.2,5.3,797.0,1224.8,60.03,209.9,5.8,8.1,1386.2,38.4,5.1,3.3,0,504.9851094134404,75.80543272267846,0.15011419408134505,35.937,34.062,2025-10-28 14:37:58
163.2,3.1,496.4,154.9,5.3,813.0,1239.1,60.02,209.9,5.9,8.1,1386.2,38.5,5.1,3.3,0,504.9851094134404,75.80543272267846,0.15011419408134505,36.062,34.375,2025-10-28 14:38:13
164.2,3.1,500.5,153.9,5.3,815.5,1247.6,60.03,210,6,8.1,1386.2,38.5,5.1,3.3,0,504.9851094134404,75.80543272267846,0.15011419408134505,36.187,34.562,2025-10-28 14:38:28
163.9,3.1,501.0,151.6,5.4,821.2,1251.2,60.03,209.8,6,8.1,1386.2,38.6,5.1,3.3,0,504.9851094134404,75.80543272267846,0.15011419408134505,36.5,34.875,2025-10-28 14:38:43
166.5,3.1,497.3,148.6,5.5,817.2,1248.0,60.02,209.8,5.9,8.1,1386.2,38.7,5.1,3.3,0,504.9851094134404,75.80543272267846,0.15011419408134505,36.875,35.375,2025-10-28 14:38:58
161.8,3,492.4,149.4,5.4,813.2,1234.5,60.04,209.8,5.9,8.1,1386.2,38.8,5.1,3.3,0,504.9851094134404,75.80543272267846,0.15011419408134505,37.187,35.562,2025-10-28 14:39:13
165.5,3,484.8,150.3,5.4,798.8,1214.6,60,209.6,5.8,8.1,1386.2,38.9,5.1,3.3,0,466.14010099702193,75.80543272267846,0.16262371025479047,37.187,35.687,2025-10-28 14:39:28
163.2,2.9,469.9,150.4,5,764.3,1168.0,59.96,209.6,5.5,8.1,1386.2,38.9,5.1,3.3,0,466.14010099702193,75.80543272267846,0.16262371025479047,37.375,35.812,2025-10-28 14:39:43
163.8,2.6,436.8,151.5,4.4,678.5,1045.1,59.98,209.7,4.9,8.1,1386.2,38.9,5.1,3.3,0,427.2950925806034,37.90271636133923,0.08870384195715844,37.5,35.937,2025-10-28 14:39:58
160.8,2.4,397.9,148.7,3.8,580.8,929.9,60.03,209.1,4.4,8.1,1386.2,38.9,5.1,3.3,0,388.4500841641849,37.90271636133923,0.0975742261528743,37.562,35.875,2025-10-28 14:40:13
166.6,2.4,379.2,151.4,3.8,567.3,901.8,60,209.2,4.3,8.1,1386.2,38.9,5.1,3.3,0,388.4500841641849,37.90271636133923,0.0975742261528743,37.187,35.687,2025-10-28 14:40:28
163.5,2.2,359.7,148.9,3.1,464.6,787.7,59.95,208.5,3.7,8.1,1386.2,38.9,5.1,3.3,0,310.76006733134795,37.90271636133923,0.12196778269109285,37.0,35.562,2025-10-28 14:40:43
160.6,2.1,340.3,151.6,2.8,428.8,736.8,59.98,208.6,3.5,8.1,1386.2,38.8,5.1,3.3,0,310.76006733134795,37.90271636133923,0.12196778269109285,36.812,35.437,2025-10-28 14:40:58
166.3,1.8,323.0,151.7,2.7,415.0,702.6,60.02,208.7,3.4,8.1,1386.2,38.8,5.1,3.3,0,310.76006733134795,37.90271636133923,0.12196778269109285,36.562,35.25,2025-10-28 14:41:13
162.8,2,326.0,151.5,2.6,403.0,699.4,60.02,208.5,3.3,8.1,1386.2,38.8,5.1,3.3,0,310.76006733134795,37.90271636133923,0.12196778269109285,36.437,35.125,2025-10-28 14:41:28
164.6,1.7,324.8,150.1,2.6,390.6,685.3,60,208.6,3.1,8.1,1386.2,38.7,5.1,3.3,0,271.91505891492943,37.90271636133923,0.13939175164696327,36.375,35.0,2025-10-28 14:41:43
161.8,2,322.0,152.9,2.5,382.4,676.1,60.01,208.8,3.2,8.1,1386.2,38.7,5.1,3.3,0,271.91505891492943,37.90271636133923,0.13939175164696327,36.312,34.937,2025-10-28 14:41:58
165.4,1.7,313.1,151.2,2.5,378.1,664.9,60.01,209.1,3.1,8.1,1386.2,38.7,5.1,3.3,0,271.91505891492943,37.90271636133923,0.13939175164696327,36.125,34.937,2025-10-28 14:42:13
163.7,1.9,317.8,154.5,2.5,371.3,662.5,59.99,209.1,3.2,8.1,1386.2,38.7,5.2,3.3,0,271.91505891492943,37.90271636133923,0.13939175164696327,36.0,34.812,2025-10-28 14:42:28
163.8,1.9,316.0,148.6,2.4,365.6,654.9,59.99,209.3,3.2,8.1,1386.2,38.7,5.2,3.3,0,271.91505891492943,37.90271636133923,0.13939175164696327,35.875,34.812,2025-10-28 14:42:43
163.8,1.9,311.7,154,2.4,363.6,647.8,60.01,209.3,3.1,8.1,1386.2,38.7,5.2,3.3,0,271.91505891492943,37.90271636133923,0.13939175164696327,35.875,34.625,2025-10-28 14:42:58
163.7,1.9,311.8,149.7,2.4,358.8,647.2,60.02,209.2,3.1,8.1,1386.2,38.7,5.2,3.3,0,271.91505891492943,37.90271636133923,0.13939175164696327,35.75,34.437,2025-10-28 14:43:13
164.1,1.9,286.6,154.7,2.4,357.6,619.7,60.02,209.1,3.1,8.1,1386.2,38.7,5.2,3.3,0,271.91505891492943,37.90271636133923,0.13939175164696327,35.687,34.312,2025-10-28 14:43:28
163.9,1.9,310.3,148.6,2.3,354.3,638.6,60,209.3,3.1,8.1,1386.2,38.7,5.2,3.3,0,271.91505891492943,37.90271636133923,0.13939175164696327,35.75,34.312,2025-10-28 14:43:43
163.4,1.9,297.2,154.6,2.3,351.6,623.8,59.99,209.2,3.1,8.1,1386.2,38.8,5.2,3.3,0,271.91505891492943,37.90271636133923,0.13939175164696327,35.687,34.125,2025-10-28 14:43:58
162.6,1.9,306.8,149.6,2.3,354.4,635.6,59.98,209.4,3,8.1,1386.2,38.8,5.2,3.3,0,271.91505891492943,37.90271636133923,0.13939175164696327,35.75,34.125,2025-10-28 14:44:13
165.6,1.8,272.6,153.8,2.2,351.9,597.6,59.99,209.2,3,8.1,1386.2,38.8,5.2,3.3,0,271.91505891492943,37.90271636133923,0.13939175164696327,35.812,34.125,2025-10-28 14:44:28
163.7,1.9,305.0,148.9,2.3,348.3,628.5,60.02,209.2,3,8.2,1386.3,38.9,5.2,3.3,0,271.91505891492943,37.90271636133923,0.13939175164696327,35.875,34.187,2025-10-28 14:44:43
166.9,1.8,275.9,151.7,2.2,346.7,598.9,60.01,209,3,8.2,1386.3,38.9,5.2,3.3,0,271.91505891492943,37.90271636133923,0.13939175164696327,35.812,34.125,2025-10-28 14:44:58
161.1,1.8,302.0,151.1,2.3,346.6,624.3,59.97,209.2,2.9,8.2,1386.3,38.9,5.2,3.3,0,271.91505891492943,37.90271636133923,0.13939175164696327,35.75,34.062,2025-10-28 14:45:13
166.7,1.7,263.3,152.3,2.2,345.8,591.9,59.98,209.2,2.9,8.2,1386.3,38.9,5.2,3.3,0,271.91505891492943,37.90271636133923,0.13939175164696327,35.812,34.125,2025-10-28 14:45:28
160.6,1.8,299.8,150,2.3,344.3,619.5,59.99,209.2,2.9,8.2,1386.3,38.9,5.2,3.3,0,271.91505891492943,37.90271636133923,0.13939175164696327,35.875,34.125,2025-10-28 14:45:43
163.8,1.7,301.6,151.6,2.2,343.3,621.6,60,209,2.8,8.2,1386.3,38.9,5.2,3.3,0,271.91505891492943,37.90271636133923,0.13939175164696327,35.875,34.125,2025-10-28 14:45:58
163.5,1.8,285.0,151.6,2.3,344.1,605.8,59.99,209,2.9,8.2,1386.3,38.9,5.2,3.3,0,271.91505891492943,37.90271636133923,0.13939175164696327,35.937,34.062,2025-10-28 14:46:13
163.8,1.8,299.2,151.7,2.2,345.0,621.3,60,208.9,2.9,8.2,1386.3,38.9,5.2,3.3,0,271.91505891492943,37.90271636133923,0.13939175164696327,36.062,34.125,2025-10-28 14:46:28
165.9,1.8,262.3,151.6,2.3,347.7,616.4,59.99,208.8,3,8.2,1386.3,38.9,5.2,3.3,0,271.91505891492943,37.90271636133923,0.13939175164696327,36.0,34.125,2025-10-28 14:46:43
161.1,1.8,301.5,151.6,2.3,349.9,627.6,59.98,209,3,8.2,1386.3,38.9,5.2,3.3,0,271.91505891492943,37.90271636133923,0.13939175164696327,35.812,33.937,2025-10-28 14:46:58
165.7,1.5,294.7,151.6,2.3,352.0,624.7,59.98,208.9,2.8,8.2,1386.3,38.9,5.2,3.3,0,271.91505891492943,37.90271636133923,0.13939175164696327,35.75,33.812,2025-10-28 14:47:13
163.7,1.8,303.3,151.6,2.3,353.4,629.2,60,208.8,3,8.2,1386.3,38.9,5.2,3.3,0,271.91505891492943,37.90271636133923,0.13939175164696327,35.625,33.687,2025-10-28 14:47:28
164.1,1.5,303.2,151.5,2.3,354.9,633.3,60.04,209,2.8,8.2,1386.3,38.9,5.2,3.3,0,271.91505891492943,37.90271636133923,0.13939175164696327,35.562,33.687,2025-10-28 14:47:43
164,1.8,301.4,151.6,2.3,357.9,632.9,60.04,209.2,3,8.2,1386.3,38.8,5.2,3.3,0,271.91505891492943,37.90271636133923,0.13939175164696327,35.562,33.687,2025-10-28 14:47:58
163.9,1.8,305.9,151.6,2.3,358.4,638.4,60.02,209.3,3,8.2,1386.3,38.8,5.2,3.3,0,271.91505891492943,37.90271636133923,0.13939175164696327,35.437,33.625,2025-10-28 14:48:13
163.9,1.8,291.3,151.5,2.3,358.2,621.7,60.04,209.4,3,8.2,1386.3,38.8,5.2,3.3,0,271.91505891492943,37.90271636133923,0.13939175164696327,35.5,33.562,2025-10-28 14:48:28
163.7,1.8,304.6,151.6,2.3,357.0,637.4,60.03,209.3,3,8.2,1386.3,38.8,5.2,3.3,0,271.91505891492943,37.90271636133923,0.13939175164696327,35.625,33.562,2025-10-28 14:48:43
163.5,1.8,300.4,151.5,2.3,357.1,631.1,60.04,209.3,3,8.2,1386.3,38.8,5.2,3.3,0,271.91505891492943,37.90271636133923,0.13939175164696327,35.812,33.625,2025-10-28 14:48:58
163.5,1.9,303.8,152.1,2.3,357.0,638.0,60.01,209.3,3,8.2,1386.3,38.8,5.2,3.3,0,271.91505891492943,37.90271636133923,0.13939175164696327,35.875,33.625,2025-10-28 14:49:13
164.6,1.9,276.4,151.8,2.3,354.4,604.6,60.01,209.3,3,8.2,1386.3,38.9,5.2,3.3,0,271.91505891492943,37.90271636133923,0.13939175164696327,35.687,33.625,2025-10-28 14:49:28
163.9,1.9,305.5,151.5,2.3,354.2,635.7,60,209.3,3,8.2,1386.3,38.9,5.2,3.3,0,271.91505891492943,37.90271636133923,0.13939175164696327,35.75,33.687,2025-10-28 14:49:43
166.8,1.9,286.0,151.7,2.3,355.9,617.1,60.01,209.3,3,8.2,1386.3,38.9,5.2,3.3,0,271.91505891492943,37.90271636133923,0.13939175164696327,35.812,33.75,2025-10-28 14:49:58
162.4,1.9,305.2,153.4,2.3,353.0,633.2,60.02,209.1,3.1,8.2,1386.3,38.9,5.2,3.3,0,271.91505891492943,37.90271636133923,0.13939175164696327,35.937,33.875,2025-10-28 14:50:13
166.4,1.9,275.7,150.8,2.4,357.1,610.2,60.03,209.3,3,8.2,1386.3,38.9,5.2,3.3,0,271.91505891492943,37.90271636133923,0.13939175164696327,35.937,33.937,2025-10-28 14:50:28
163.1,1.9,309.7,152.5,2.4,365.7,649.8,60.03,209.3,3.1,8.2,1386.3,38.9,5.2,3.4,0,271.91505891492943,37.90271636133923,0.13939175164696327,36.062,33.937,2025-10-28 14:50:43
166.5,1.9,290.0,148.8,2.5,368.4,630.8,60.04,208.9,3.1,8.2,1386.3,38.9,5.2,3.4,0,271.91505891492943,37.90271636133923,0.13939175164696327,36.187,34.125,2025-10-28 14:50:58
160.8,1.9,310.6,154.5,2.5,371.0,655.5,60.04,209.1,3.1,8.2,1386.3,38.9,5.2,3.4,0,271.91505891492943,37.90271636133923,0.13939175164696327,36.25,34.187,2025-10-28 14:51:13
166.6,1.9,285.9,149.3,2.5,380.8,642.1,60.02,209,3.2,8.2,1386.3,38.9,5.2,3.4,0,271.91505891492943,37.90271636133923,0.13939175164696327,36.375,34.25,2025-10-28 14:51:28
160.8,1.9,315.4,153.7,2.6,385.1,671.2,60.04,209.3,3.2,8.2,1386.3,39,5.2,3.4,0,271.91505891492943,37.90271636133923,0.13939175164696327,36.25,34.25,2025-10-28 14:51:43
163.7,1.8,320.3,148.6,2.6,393.7,681.6,60.01,209.1,3.1,8.2,1386.3,39,5.2,3.4,0,310.76006733134795,37.90271636133923,0.12196778269109285,36.125,34.312,2025-10-28 14:51:58
163.8,1.9,318.0,154.6,2.6,386.8,676.4,60.02,209.2,3.2,8.2,1386.3,39,5.2,3.4,0,271.91505891492943,37.90271636133923,0.13939175164696327,36.062,34.312,2025-10-28 14:52:13
163.8,1.9,318.9,148.8,2.6,391.6,679.6,60.05,209.3,3.2,8.2,1386.3,39,5.2,3.4,0,310.76006733134795,37.90271636133923,0.12196778269109285,36.062,34.312,2025-10-28 14:52:28
163.8,1.9,316.2,153.3,2.5,387.2,675.2,60.05,209.4,3.2,8.2,1386.3,39,5.2,3.4,0,271.91505891492943,37.90271636133923,0.13939175164696327,36.062,34.312,2025-10-28 14:52:43
163.5,1.9,311.4,149.1,2.5,380.6,663.9,60.04,209.2,3.1,8.2,1386.3,39,5.2,3.4,0,271.91505891492943,37.90271636133923,0.13939175164696327,36.125,34.25,2025-10-28 14:52:58
164.8,1.9,289.5,154.3,2.5,385.4,648.6,60.04,209.1,3.2,8.2,1386.3,39,5.2,3.4,0,271.91505891492943,37.90271636133923,0.13939175164696327,35.875,34.062,2025-10-28 14:53:13
161,1.9,310.0,151.5,2.5,377.0,661.0,60.04,209.5,3.1,8.2,1386.3,39,5.2,3.4,0,271.91505891492943,37.90271636133923,0.13939175164696327,35.937,33.937,2025-10-28 14:53:28
166.7,1.9,279.9,152,2.4,377.3,634.5,60.03,209.1,3.1,8.2,1386.3,39,5.2,3.4,0,271.91505891492943,37.90271636133923,0.13939175164696327,35.875,33.875,2025-10-28 14:53:43
162.3,1.9,306.4,150.1,2.4,370.0,648.9,60.04,209.2,3,8.2,1386.3,38.9,5.2,3.4,0,271.91505891492943,37.90271636133923,0.13939175164696327,35.875,33.875,2025-10-28 14:53:58
166.2,1.7,273.1,153.2,2.4,377.6,627.6,60.03,209.3,3.1,8.3,1386.4,38.9,5.2,3.4,0,271.91505891492943,37.90271636133923,0.13939175164696327,36.0,33.937,2025-10-28 14:54:13
161,1.9,307.0,151.6,2.5,379.3,658.4,60.02,209.4,3.1,8.3,1386.4,38.9,5.2,3.4,0,271.91505891492943,37.90271636133923,0.13939175164696327,36.062,33.937,2025-10-28 14:54:28
166.5,1.7,288.1,151.7,2.4,386.0,649.9,60.04,209.2,3.1,8.3,1386.4,38.8,5.2,3.4,0,271.91505891492943,37.90271636133923,0.13939175164696327,36.062,33.937,2025-10-28 14:54:43
161,1.9,310.5,151.5,2.6,390.7,671.8,60.02,209.7,3.2,8.3,1386.4,38.8,5.2,3.4,0,271.91505891492943,37.90271636133923,0.13939175164696327,36.25,34.0,2025-10-28 14:54:58
165.5,1.6,306.2,151.5,2.5,385.0,640.1,60.02,209.5,3,8.3,1386.4,38.8,5.2,3.4,0,271.91505891492943,37.90271636133923,0.13939175164696327,36.312,34.0,2025-10-28 14:55:13
160.7,1.8,300.5,151.6,2.4,361.7,636.7,60.02,209.3,2.9,8.3,1386.4,38.8,5.2,3.4,0,271.91505891492943,37.90271636133923,0.13939175164696327,36.437,34.062,2025-10-28 14:55:28
166.1,1.5,285.0,151.7,2.3,350.4,613.2,60.02,209.6,2.8,8.3,1386.4,38.8,5.2,3.4,0,271.91505891492943,37.90271636133923,0.13939175164696327,36.5,34.062,2025-10-28 14:55:43
163.4,1.8,289.6,151.6,2.2,344.9,616.7,60.02,209.5,2.9,8.3,1386.4,38.8,5.2,3.4,0,271.91505891492943,37.90271636133923,0.13939175164696327,36.5,34.125,2025-10-28 14:55:58
160.8,1.8,291.2,151.6,2.2,339.9,606.7,60.02,209.4,2.8,8.3,1386.4,38.8,5.2,3.4,0,271.91505891492943,37.90271636133923,0.13939175164696327,36.125,33.937,2025-10-28 14:56:13
163.8,1.8,291.2,151.6,2.2,336.0,604.7,59.98,209.3,2.9,8.3,1386.4,38.7,5.2,3.4,0,271.91505891492943,37.90271636133923,0.13939175164696327,35.937,33.937,2025-10-28 14:56:28
166.7,1.7,246.9,151.6,2.2,333.0,566.9,59.99,209.1,2.9,8.3,1386.4,38.7,5.2,3.4,0,271.91505891492943,37.90271636133923,0.13939175164696327,36.0,34.0,2025-10-28 14:56:43
163.8,1.8,288.7,151,2.2,326.5,592.8,59.99,209.2,2.8,8.3,1386.4,38.7,5.2,3.4,0,233.07005049851097,37.90271636133923,0.16262371025479047,36.0,34.0,2025-10-28 14:56:58
160.8,1.7,286.1,151.5,2.2,330.4,594.7,59.99,209.4,2.8,8.3,1386.4,38.7,5.2,3.4,0,233.07005049851097,37.90271636133923,0.16262371025479047,35.937,33.875,2025-10-28 14:57:13
163.9,1.7,288.4,151.8,2.1,325.9,593.4,59.98,209.3,2.6,8.3,1386.4,38.7,5.2,3.4,0,233.07005049851097,37.90271636133923,0.16262371025479047,36.0,33.812,2025-10-28 14:57:28
165.1,1.7,255.2,151.5,2.2,329.4,594.3,60,209.3,2.8,8.3,1386.4,38.7,5.2,3.4,0,271.91505891492943,37.90271636133923,0.13939175164696327,36.062,33.75,2025-10-28 14:57:43
160.6,1.8,286.9,151.1,2.2,325.5,592.3,59.99,209.2,2.8,8.3,1386.4,38.7,5.2,3.4,0,233.07005049851097,37.90271636133923,0.16262371025479047,35.875,33.687,2025-10-28 14:57:58
164,1.8,287.4,151.8,2.2,330.1,594.8,60.02,209.2,2.8,8.3,1386.4,38.7,5.2,3.4,0,271.91505891492943,37.90271636133923,0.13939175164696327,35.937,33.562,2025-10-28 14:58:13
164.2,1.5,264.8,151.6,2.2,328.2,575.4,60.03,209.1,2.8,8.3,1386.4,38.7,5.2,3.4,0,233.07005049851097,37.90271636133923,0.16262371025479047,35.875,33.437,2025-10-28 14:58:28
163.8,1.7,285.6,150.4,2.2,326.8,590.0,60,209.1,2.8,8.3,1386.4,38.6,5.2,3.4,0,233.07005049851097,37.90271636133923,0.16262371025479047,35.812,33.5,2025-10-28 14:58:43
163.1,1.7,285.9,151.9,2.1,324.5,589.4,60.02,209.4,2.8,8.3,1386.4,38.6,5.2,3.4,0,233.07005049851097,37.90271636133923,0.16262371025479047,35.812,33.625,2025-10-28 14:58:58
165.3,1.7,252.7,151.4,2.1,322.5,555.2,60.01,209.2,2.8,8.3,1386.4,38.6,5.2,3.4,0,233.07005049851097,37.90271636133923,0.16262371025479047,35.875,33.625,2025-10-28 14:59:13
163.7,1.7,287.4,154.8,2.1,316.0,586.9,59.97,209.1,2.8,8.3,1386.4,38.6,5.2,3.4,0,233.07005049851097,37.90271636133923,0.16262371025479047,35.875,33.562,2025-10-28 14:59:28
161.1,1.7,285.5,149,2.1,319.9,583.2,60.01,209.1,2.8,8.3,1386.4,38.6,5.2,3.4,0,233.07005049851097,37.90271636133923,0.16262371025479047,35.812,33.625,2025-10-28 14:59:43
164,1.5,289.3,154,2.1,317.1,588.3,59.98,209.2,2.6,8.3,1386.4,38.5,5.2,3.4,0,233.07005049851097,37.90271636133923,0.16262371025479047,35.937,33.625,2025-10-28 14:59:58
164.3,1.7,263.1,148.4,2.1,320.0,584.6,59.98,209.1,2.8,8.3,1386.4,38.5,5.2,3.4,0,233.07005049851097,37.90271636133923,0.16262371025479047,36.0,33.687,2025-10-28 15:00:13
160.8,1.8,287.1,155.3,2.1,320.6,588.5,60,209.1,2.8,8.3,1386.4,38.5,5.2,3.4,0,233.07005049851097,37.90271636133923,0.16262371025479047,35.937,33.687,2025-10-28 15:00:28
163.9,1.8,287.4,148.4,2.1,317.7,584.3,60,209,2.8,8.3,1386.4,38.5,5.2,3.4,0,233.07005049851097,37.90271636133923,0.16262371025479047,35.875,33.562,2025-10-28 15:00:43
164.3,1.5,263.6,154.6,2.1,316.9,552.9,59.99,209.1,2.7,8.3,1386.4,38.5,5.2,3.4,0,233.07005049851097,37.90271636133923,0.16262371025479047,35.812,33.562,2025-10-28 15:00:58
161.8,1.8,289.3,149,2.1,319.2,588.6,59.99,209.3,2.8,8.3,1386.4,38.5,5.2,3.4,0,233.07005049851097,37.90271636133923,0.16262371025479047,35.75,33.437,2025-10-28 15:01:13
165.3,1.5,288.1,154.3,2,318.4,584.1,59.99,209.1,2.6,8.3,1386.4,38.4,5.2,3.4,0,233.07005049851097,37.90271636133923,0.16262371025479047,35.625,33.437,2025-10-28 15:01:28
163.8,1.8,291.2,148.8,2.1,318.5,589.9,60.02,208.9,2.8,8.3,1386.4,38.3,5.2,3.4,0,271.91505891492943,37.90271636133923,0.13939175164696327,35.75,33.437,2025-10-28 15:01:43
160.8,1.8,289.4,151.6,2,321.2,590.2,60.02,209.1,2.8,8.3,1386.4,38.3,5.2,3.4,0,233.07005049851097,37.90271636133923,0.16262371025479047,35.937,33.5,2025-10-28 15:01:58
164,1.5,293.0,151,2.1,319.1,591.8,60.01,209.2,2.6,8.3,1386.4,38.3,5.2,3.4,0,233.07005049851097,37.90271636133923,0.16262371025479047,36.0,33.625,2025-10-28 15:02:13
162.4,1.8,291.3,151.6,2,311.8,583.2,60.01,209.1,2.8,8.3,1386.4,38.3,5.2,3.4,0,233.07005049851097,37.90271636133923,0.16262371025479047,36.062,33.687,2025-10-28 15:02:28
160.8,1.7,289.0,151.6,2,310.4,578.4,60.04,209.2,2.8,8.3,1386.4,38.3,5.3,3.4,0,233.07005049851097,37.90271636133923,0.16262371025479047,36.062,33.625,2025-10-28 15:02:43
163.9,1.7,292.9,151.6,2,308.8,581.3,60.03,209.3,2.5,8.3,1386.4,38.3,5.3,3.4,0,271.91505891492943,37.90271636133923,0.13939175164696327,36.062,33.687,2025-10-28 15:02:58
163.8,1.8,293.0,151.6,2,307.1,580.7,60.02,209.3,2.7,8.3,1386.4,38.3,5.3,3.4,0,233.07005049851097,37.90271636133923,0.16262371025479047,36.062,33.687,2025-10-28 15:03:13
161.1,1.8,290.3,151.6,2,304.9,574.4,60,209.4,2.8,8.3,1386.4,38.3,5.3,3.4,0,233.07005049851097,37.90271636133923,0.16262371025479047,36.125,33.687,2025-10-28 15:03:28
163.8,1.8,293.8,151.2,2,301.4,577.6,59.98,209.3,2.7,8.3,1386.4,38.3,5.3,3.4,0,271.91505891492943,37.90271636133923,0.13939175164696327,36.125,33.625,2025-10-28 15:03:43
164.4,1.8,264.9,151.7,2,305.9,551.0,59.99,209.5,2.8,8.3,1386.4,38.3,5.3,3.4,0,233.07005049851097,37.90271636133923,0.16262371025479047,36.062,33.5,2025-10-28 15:03:58
160.8,1.8,296.2,151.7,2,310.8,585.6,59.99,209.7,2.8,8.4,1386.5,38.3,5.3,3.4,0,271.91505891492943,37.90271636133923,0.13939175164696327,36.25,33.437,2025-10-28 15:04:13
161.2,1.8,297.4,154.2,2.1,316.6,593.5,59.99,209.5,2.8,8.4,1386.5,38.3,5.3,3.4,0,271.91505891492943,37.90271636133923,0.13939175164696327,36.125,33.5,2025-10-28 15:04:28
166.6,1.8,262.6,150.4,2.1,321.9,571.1,60,209.5,2.8,8.4,1386.5,38.3,5.3,3.4,0,271.91505891492943,37.90271636133923,0.13939175164696327,35.937,33.5,2025-10-28 15:04:43
162,1.9,305.1,152.5,2.1,326.7,609.5,59.99,209.2,2.9,8.4,1386.5,38.3,5.3,3.4,0,271.91505891492943,37.90271636133923,0.13939175164696327,36.0,33.562,2025-10-28 15:04:58
163.8,1.7,305.9,149.5,2.2,330.5,610.1,59.98,209.2,2.8,8.4,1386.5,38.2,5.3,3.4,0,271.91505891492943,37.90271636133923,0.13939175164696327,36.125,33.625,2025-10-28 15:05:13
163.9,1.9,310.3,151.7,2.1,336.5,622.8,59.97,209.2,3,8.4,1386.5,38.2,5.3,3.4,0,271.91505891492943,37.90271636133923,0.13939175164696327,36.25,33.687,2025-10-28 15:05:28
163.8,1.7,312.9,151.6,2.2,340.3,628.5,59.97,209.4,2.8,8.4,1386.5,38.2,5.3,3.4,0,271.91505891492943,37.90271636133923,0.13939175164696327,36.312,33.75,2025-10-28 15:05:43
163.7,1.9,315.0,151.8,2.2,343.9,635.2,59.97,209.6,3,8.4,1386.5,38.2,5.3,3.4,0,271.91505891492943,37.90271636133923,0.13939175164696327,36.437,33.812,2025-10-28 15:05:58
163.7,1.9,317.5,151.6,2.3,347.4,640.5,59.97,210,2.9,8.4,1386.5,38.2,5.3,3.4,0,271.91505891492943,37.90271636133923,0.13939175164696327,36.437,33.875,2025-10-28 15:06:13
163.8,1.9,320.4,151.6,2.2,349.6,644.6,59.98,209.9,3,8.4,1386.5,38.2,5.3,3.4,0,271.91505891492943,37.90271636133923,0.13939175164696327,36.437,33.875,2025-10-28 15:06:28
163.8,2,322.3,151.6,2.3,350.9,647.3,59.97,210,3,8.4,1386.5,38.2,5.3,3.4,0,271.91505891492943,37.90271636133923,0.13939175164696327,36.375,33.875,2025-10-28 15:06:43
163.8,2,322.9,151.6,2.3,350.1,648.3,59.95,209.7,3.1,8.4,1386.5,38.1,5.3,3.4,0,271.91505891492943,37.90271636133923,0.13939175164696327,36.375,33.75,2025-10-28 15:06:58
163.8,2,323.5,151.6,2.3,348.2,647.0,59.97,209.9,3.1,8.4,1386.5,38.1,5.3,3.4,0,271.91505891492943,37.90271636133923,0.13939175164696327,36.437,33.687,2025-10-28 15:07:13
163.7,2,324.8,151.6,2.3,346.0,645.0,59.96,210.2,3.1,8.4,1386.5,38.1,5.3,3.4,0,271.91505891492943,37.90271636133923,0.13939175164696327,36.562,33.75,2025-10-28 15:07:28
163.7,2,324.8,151.6,2.2,342.8,642.4,60,210.3,3.1,8.4,1386.5,38.1,5.3,3.4,0,271.91505891492943,37.90271636133923,0.13939175164696327,36.625,33.75,2025-10-28 15:07:43
163.8,2,321.3,151.5,2.2,339.7,640.1,59.97,210.1,3.1,8.4,1386.5,38.1,5.3,3.4,0,271.91505891492943,37.90271636133923,0.13939175164696327,36.687,33.75,2025-10-28 15:07:58
163.8,2,324.2,151.7,2.2,335.4,635.3,59.98,210.2,3,8.4,1386.5,38.1,5.3,3.5,0,271.91505891492943,37.90271636133923,0.13939175164696327,36.75,33.812,2025-10-28 15:08:13
163.8,2,324.5,151.5,2.2,333.5,634.2,59.99,210.1,3,8.4,1386.5,38.1,5.3,3.5,0,271.91505891492943,37.90271636133923,0.13939175164696327,36.562,33.875,2025-10-28 15:08:28
163.9,2,321.6,151.5,2.2,328.1,629.3,59.99,210,3,8.4,1386.5,38.1,5.3,3.5,0,271.91505891492943,37.90271636133923,0.13939175164696327,36.75,33.937,2025-10-28 15:08:43
164.3,2,301.9,151.7,2.1,325.6,604.4,60.02,210.2,3,8.4,1386.5,38.1,5.3,3.5,0,271.91505891492943,37.90271636133923,0.13939175164696327,36.625,34.062,2025-10-28 15:08:58
164,2,322.3,151.1,2.1,323.0,622.5,60.01,210.2,2.9,8.4,1386.5,38.1,5.3,3.5,0,271.91505891492943,37.90271636133923,0.13939175164696327,36.562,34.062,2025-10-28 15:09:13
166.4,2,310.7,151.6,2.1,322.8,609.3,60.02,210.2,3,8.4,1386.5,38.1,5.3,3.5,0,271.91505891492943,37.90271636133923,0.13939175164696327,36.437,34.0,2025-10-28 15:09:28
162.6,2,321.0,153.5,2.1,317.2,615.8,60.04,210.2,2.9,8.4,1386.5,38.1,5.3,3.5,0,271.91505891492943,37.90271636133923,0.13939175164696327,36.5,34.0,2025-10-28 15:09:43
165.4,2,289.0,150.1,2.1,316.0,584.5,60.02,210.2,2.9,8.4,1386.5,38.1,5.3,3.5,0,271.91505891492943,37.90271636133923,0.13939175164696327,36.437,33.937,2025-10-28 15:09:58
163.6,2,320.8,152,2.1,314.5,613.1,60.02,210.2,2.9,8.4,1386.5,38.1,5.3,3.5,0,271.91505891492943,37.90271636133923,0.13939175164696327,36.312,33.875,2025-10-28 15:10:13
166.6,2,292.2,151.5,2.1,312.8,586.0,60.01,210.1,2.9,8.4,1386.5,38.1,5.3,3.5,0,271.91505891492943,37.90271636133923,0.13939175164696327,36.437,34.0,2025-10-28 15:10:28
161,2,319.4,151.8,2,313.5,610.2,60.01,209.8,2.9,8.4,1386.5,38.1,5.3,3.5,0,271.91505891492943,37.90271636133923,0.13939175164696327,36.562,34.062,2025-10-28 15:10:43
166.6,2,286.8,150.6,2,311.9,580.3,60,209.8,2.8,8.4,1386.5,38.1,5.3,3.5,0,271.91505891492943,37.90271636133923,0.13939175164696327,36.687,34.062,2025-10-28 15:10:58
160.9,1.9,318.3,152.8,1.9,310.1,606.1,60,209.4,2.9,8.4,1386.5,38.2,5.3,3.5,0,271.91505891492943,37.90271636133923,0.13939175164696327,36.687,34.062,2025-10-28 15:11:13
166.4,1.9,302.4,151.6,2,308.3,592.4,60,209.3,2.9,8.4,1386.5,38.2,5.3,3.5,0,271.91505891492943,37.90271636133923,0.13939175164696327,36.562,34.0,2025-10-28 15:11:28
163.8,1.9,320.9,151.6,1.9,306.5,606.0,60,209.2,2.8,8.4,1386.5,38.2,5.3,3.5,0,271.91505891492943,37.90271636133923,0.13939175164696327,36.5,34.062,2025-10-28 15:11:43
163.8,1.9,320.7,151.6,2,304.7,603.7,59.99,209.2,2.7,8.4,1386.5,38.2,5.3,3.5,0,271.91505891492943,37.90271636133923,0.13939175164696327,36.687,34.062,2025-10-28 15:11:58
166.1,1.9,279.7,151.6,2,304.1,594.6,59.97,209.2,2.8,8.4,1386.5,38.2,5.3,3.5,0,271.91505891492943,37.90271636133923,0.13939175164696327,36.75,34.125,2025-10-28 15:12:13
161.4,1.9,317.0,151.7,2,302.4,597.2,59.97,209.1,2.8,8.4,1386.5,38.2,5.3,3.5,0,271.91505891492943,37.90271636133923,0.13939175164696327,36.75,34.187,2025-10-28 15:12:28
163.9,1.9,314.9,151.6,1.9,301.3,594.0,59.98,209.1,2.9,8.4,1386.5,38.2,5.3,3.5,0,271.91505891492943,37.90271636133923,0.13939175164696327,36.625,34.187,2025-10-28 15:12:43
163.9,1.6,315.6,151.5,1.9,299.0,579.3,60,209.1,2.6,8.4,1386.5,38.2,5.3,3.5,0,271.91505891492943,37.90271636133923,0.13939175164696327,36.5,34.187,2025-10-28 15:12:58
163.9,1.9,309.5,151.6,1.9,296.4,584.4,60.02,209.2,2.8,8.4,1386.5,38.2,5.3,3.5,0,271.91505891492943,37.90271636133923,0.13939175164696327,36.375,34.25,2025-10-28 15:13:13
160.7,1.9,310.5,151.6,1.9,294.3,583.2,60.01,209.3,2.8,8.4,1386.5,38.2,5.3,3.5,0,271.91505891492943,37.90271636133923,0.13939175164696327,36.312,34.187,2025-10-28 15:13:28
163.9,1.9,309.6,151.7,1.9,291.9,580.5,60,209.2,2.8,8.4,1386.5,38.2,5.3,3.5,0,271.91505891492943,37.90271636133923,0.13939175164696327,36.375,34.187,2025-10-28 15:13:43
163.8,1.9,306.7,151.6,1.9,287.9,574.5,59.99,209.2,2.7,8.5,1386.6,38.2,5.3,3.5,0,271.91505891492943,37.90271636133923,0.13939175164696327,36.437,34.25,2025-10-28 15:13:58
160.9,1.9,302.6,151.7,1.9,286.1,568.1,59.98,209.2,2.7,8.5,1386.6,38.2,5.3,3.5,0,271.91505891492943,37.90271636133923,0.13939175164696327,36.562,34.25,2025-10-28 15:14:13
160.9,1.8,300.3,151.7,1.8,283.3,563.8,59.99,209,2.7,8.5,1386.6,38.3,5.3,3.5,0,271.91505891492943,37.90271636133923,0.13939175164696327,36.562,34.187,2025-10-28 15:14:28
163.8,1.8,296.8,151,1.8,280.1,558.2,60,209.1,2.6,8.5,1386.6,38.3,5.3,3.5,0,271.91505891492943,37.90271636133923,0.13939175164696327,36.687,34.187,2025-10-28 15:14:43
160.8,1.8,292.4,151.9,1.8,273.9,547.7,60.02,209.1,2.6,8.5,1386.6,38.3,5.3,3.5,0,271.91505891492943,37.90271636133923,0.13939175164696327,36.812,34.25,2025-10-28 15:14:58
163.9,1.8,289.7,151.7,1.8,272.3,544.2,60.01,209.3,2.6,8.5,1386.6,38.3,5.3,3.5,0,271.91505891492943,37.90271636133923,0.13939175164696327,36.812,34.25,2025-10-28 15:15:13
163.7,1.8,287.8,151.3,1.8,268.9,538.5,59.99,209.4,2.5,8.5,1386.6,38.3,5.3,3.5,0,233.07005049851097,37.90271636133923,0.16262371025479047,36.687,34.25,2025-10-28 15:15:28
159,1.8,282.3,149.8,1.7,263.8,528.1,60,209.5,2.5,8.5,1386.6,38.3,5.3,3.5,0,233.07005049851097,37.90271636133923,0.16262371025479047,36.687,34.187,2025-10-28 15:15:43
162.8,1.7,278.6,153.1,1.7,258.4,523.5,60.03,209.7,2.5,8.5,1386.6,38.3,5.3,3.5,0,233.07005049851097,37.90271636133923,0.16262371025479047,36.437,34.187,2025-10-28 15:15:58
160.2,1.7,278.2,151,1.7,258.1,519.0,60.01,209.8,2.4,8.5,1386.6,38.3,5.3,3.5,0,233.07005049851097,0.0,0.0,36.312,34.125,2025-10-28 15:16:13
164,1.7,276.3,155,1.7,252.8,514.9,60,209.7,2.5,8.5,1386.6,38.3,5.3,3.5,0,233.07005049851097,37.90271636133923,0.16262371025479047,36.25,34.125,2025-10-28 15:16:28
157.9,1.7,274.6,148.6,1.6,252.9,511.4,60.01,209.8,2.4,8.5,1386.6,38.3,5.3,3.5,0,233.07005049851097,37.90271636133923,0.16262371025479047,36.312,34.062,2025-10-28 15:16:43
164,1.7,269.0,154.5,1.7,246.6,501.9,60.03,209.6,2.4,8.5,1386.6,38.3,5.3,3.5,0,233.07005049851097,37.90271636133923,0.16262371025479047,36.25,34.0,2025-10-28 15:16:58
158.2,1.7,273.4,149.1,1.6,248.9,505.6,59.99,209.5,2.4,8.5,1386.6,38.3,5.3,3.5,0,233.07005049851097,37.90271636133923,0.16262371025479047,36.25,33.937,2025-10-28 15:17:13
163.9,1.6,270.3,154.7,1.5,246.4,505.0,60,209.4,2.4,8.5,1386.6,38.3,5.3,3.5,0,233.07005049851097,37.90271636133923,0.16262371025479047,36.375,33.875,2025-10-28 15:17:28
157.9,1.7,270.2,148.4,1.6,246.5,501.8,59.98,209.4,2.4,8.5,1386.6,38.3,5.3,3.5,0,233.07005049851097,37.90271636133923,0.16262371025479047,36.312,33.875,2025-10-28 15:17:43
161.3,1.6,264.1,154.8,1.5,242.1,495.0,59.99,209.4,2.4,8.5,1386.6,38.3,5.3,3.5,0,233.07005049851097,37.90271636133923,0.16262371025479047,36.312,33.812,2025-10-28 15:17:58
159.3,1.7,271.3,150.5,1.6,246.3,503.4,59.98,209.4,2.4,8.5,1386.6,38.3,5.3,3.5,0,233.07005049851097,37.90271636133923,0.16262371025479047,36.187,33.812,2025-10-28 15:18:13
161,1.7,270.9,150.5,1.6,241.9,498.8,59.99,209.3,2.4,8.5,1386.6,38.4,5.3,3.5,0,233.07005049851097,37.90271636133923,0.16262371025479047,36.187,33.812,2025-10-28 15:18:28
161.3,1.7,265.1,153.8,1.5,244.0,496.1,60.03,209.2,2.4,8.5,1386.6,38.3,5.3,3.5,0,233.07005049851097,37.90271636133923,0.16262371025479047,36.187,33.875,2025-10-28 15:18:43
160.8,1.7,269.5,151.6,1.6,244.8,499.7,60.01,209,2.4,8.5,1386.6,38.3,5.3,3.5,0,233.07005049851097,37.90271636133923,0.16262371025479047,36.25,33.875,2025-10-28 15:18:58
160.6,1.6,268.8,149.3,1.6,240.8,495.8,60.01,208.9,2.3,8.5,1386.6,38.4,5.3,3.5,0,233.07005049851097,37.90271636133923,0.16262371025479047,36.187,33.937,2025-10-28 15:19:13
160.8,1.6,268.9,151.3,1.6,245.1,500.5,59.97,209,2.4,8.5,1386.6,38.4,5.3,3.5,0,233.07005049851097,37.90271636133923,0.16262371025479047,36.125,33.937,2025-10-28 15:19:28
160.8,1.6,267.7,153.9,1.6,239.5,495.8,59.98,209.2,2.4,8.5,1386.6,38.4,5.3,3.5,0,233.07005049851097,37.90271636133923,0.16262371025479047,36.0,33.937,2025-10-28 15:19:43
160.9,1.6,264.5,151.5,1.6,245.3,497.4,59.97,209.3,2.3,8.5,1386.6,38.4,5.3,3.5,0,233.07005049851097,37.90271636133923,0.16262371025479047,36.062,34.0,2025-10-28 15:19:58
161,1.6,265.5,152.5,1.6,243.6,496.0,59.96,209.4,2.3,8.5,1386.6,38.5,5.3,3.5,0,233.07005049851097,37.90271636133923,0.16262371025479047,36.125,34.062,2025-10-28 15:20:13
160.8,1.6,265.8,151.2,1.6,244.7,497.8,59.96,209.6,2.4,8.5,1386.6,38.5,5.3,3.5,0,233.07005049851097,37.90271636133923,0.16262371025479047,36.125,34.125,2025-10-28 15:20:28
159.9,1.6,263.1,150.2,1.6,243.6,498.4,59.99,209.4,2.4,8.5,1386.6,38.5,5.3,3.5,0,233.07005049851097,37.90271636133923,0.16262371025479047,36.062,34.125,2025-10-28 15:20:43
161.7,1.6,261.5,152.8,1.6,242.9,491.7,59.96,209.3,2.4,8.5,1386.6,38.5,5.3,3.5,0,233.07005049851097,0.0,0.0,36.062,34.125,2025-10-28 15:20:58
160.5,1.6,263.1,151.2,1.6,245.7,494.7,59.98,209.3,2.4,8.5,1386.6,38.5,5.3,3.5,0,233.07005049851097,0.0,0.0,35.937,34.062,2025-10-28 15:21:13
163.8,1.6,257.0,154.6,1.6,244.6,494.6,59.98,209.3,2.4,8.5,1386.6,38.5,5.3,3.5,0,233.07005049851097,37.90271636133923,0.16262371025479047,35.812,34.062,2025-10-28 15:21:28
158.6,1.6,260.3,149.1,1.6,245.2,492.4,60.01,209.2,2.4,8.5,1386.6,38.5,5.3,3.5,0,233.07005049851097,0.0,0.0,35.875,34.062,2025-10-28 15:21:43
163.3,1.6,257.1,154.1,1.6,239.0,487.2,59.98,209.2,2.3,8.5,1386.6,38.6,5.3,3.5,0,233.07005049851097,37.90271636133923,0.16262371025479047,35.875,34.125,2025-10-28 15:21:58
157.5,1.6,259.4,148.7,1.6,248.7,492.6,60.01,208.9,2.3,8.5,1386.6,38.6,5.3,3.5,0,233.07005049851097,0.0,0.0,35.937,34.187,2025-10-28 15:22:13
163.9,1.6,259.6,151.7,1.6,252.5,498.1,60,209.1,2.4,8.5,1386.6,38.6,5.3,3.5,0,233.07005049851097,37.90271636133923,0.16262371025479047,35.812,34.187,2025-10-28 15:22:28
157.8,1.6,259.0,155,1.6,252.7,499.1,60.03,209,2.4,8.5,1386.6,38.7,5.3,3.5,0,233.07005049851097,0.0,0.0,35.812,34.187,2025-10-28 15:22:43
163.9,1.6,257.6,151.6,1.7,260.1,502.5,60.03,209.3,2.4,8.5,1386.6,38.7,5.3,3.5,0,233.07005049851097,37.90271636133923,0.16262371025479047,35.812,34.125,2025-10-28 15:22:58
158.6,1.6,260.5,148.8,1.8,265.3,506.7,60.02,209.2,2.5,8.5,1386.6,38.7,5.4,3.5,0,233.07005049851097,37.90271636133923,0.16262371025479047,35.812,34.125,2025-10-28 15:23:13
160.8,1.6,265.3,139.8,2,275.6,521.2,60.03,209.1,2.4,8.5,1386.6,38.7,5.4,3.5,0,233.07005049851097,37.90271636133923,0.16262371025479047,35.687,34.125,2025-10-28 15:23:28
163.8,1.6,262.3,144.1,1.9,280.1,525.4,60,209.2,2.5,8.5,1386.6,38.7,5.4,3.5,0,233.07005049851097,37.90271636133923,0.16262371025479047,35.625,34.125,2025-10-28 15:23:43
160.8,1.6,260.7,147.6,1.8,272.2,514.6,59.99,209,2.4,8.5,1386.6,38.7,5.4,3.5,0,233.07005049851097,37.90271636133923,0.16262371025479047,35.75,34.312,2025-10-28 15:23:58
160.8,1.6,257.6,149.5,1.7,267.2,509.3,60.01,209.3,2.4,8.5,1386.6,38.7,5.4,3.5,0,233.07005049851097,37.90271636133923,0.16262371025479047,35.875,34.312,2025-10-28 15:24:13
160.9,1.6,254.7,150.3,1.7,264.0,504.4,59.99,209.3,2.3,8.5,1386.6,38.8,5.4,3.5,0,233.07005049851097,37.90271636133923,0.16262371025479047,36.0,34.375,2025-10-28 15:24:28
160.7,1.5,252.5,151.6,1.7,257.0,495.1,60,209.1,2.3,8.5,1386.6,38.8,5.4,3.5,0,233.07005049851097,37.90271636133923,0.16262371025479047,36.062,34.437,2025-10-28 15:24:43
160.7,1.5,249.4,150.9,1.6,248.6,486.4,59.98,209.3,2.3,8.5,1386.6,38.9,5.4,3.5,0,233.07005049851097,0.0,0.0,36.062,34.437,2025-10-28 15:24:58
160.7,1.5,246.5,148.6,1.6,242.2,477.9,59.99,209.1,2.3,8.5,1386.6,38.8,5.4,3.5,0,194.22504208209244,0.0,0.0,36.062,34.375,2025-10-28 15:25:13
160.8,1.5,244.8,151.6,1.6,239.7,473.3,60,209.2,2.2,8.5,1386.6,38.8,5.4,3.5,0,194.22504208209244,0.0,0.0,36.0,34.375,2025-10-28 15:25:28
160.4,1.5,240.5,149.1,1.5,234.4,465.8,60.02,209,2.2,8.6,1386.7,38.7,5.4,3.5,0,194.22504208209244,37.90271636133923,0.1951484523057486,36.0,34.375,2025-10-28 15:25:43
161.3,1.5,236.5,151.5,1.5,231.1,457.0,60.03,209.1,2.1,8.6,1386.7,38.7,5.4,3.5,0,194.22504208209244,0.0,0.0,36.0,34.125,2025-10-28 15:25:58
161,1.5,237.4,154.6,1.4,224.9,452.2,60,209.3,2.1,8.6,1386.7,38.6,5.4,3.5,0,194.22504208209244,0.0,0.0,35.937,33.937,2025-10-28 15:26:13
163.2,1.4,233.9,151.6,1.5,225.9,450.2,59.98,209.3,2.1,8.6,1386.7,38.6,5.4,3.5,0,194.22504208209244,0.0,0.0,35.75,33.75,2025-10-28 15:26:28
159.1,1.4,230.5,148.6,1.5,220.5,441.6,59.99,209,2.1,8.6,1386.7,38.6,5.4,3.5,0,194.22504208209244,0.0,0.0,35.687,33.687,2025-10-28 15:26:43
162.2,1.4,225.7,151.6,1.4,219.6,436.5,59.98,208.7,2.1,8.6,1386.7,38.7,5.4,3.5,0,194.22504208209244,0.0,0.0,35.687,33.687,2025-10-28 15:26:58
160.1,1.4,227.4,152.7,1.4,211.6,431.5,59.99,209.2,2,8.6,1386.7,38.7,5.4,3.5,0,194.22504208209244,0.0,0.0,35.687,33.625,2025-10-28 15:27:13
163.9,1.4,224.1,151.6,1.4,214.2,429.2,59.97,209.2,2,8.6,1386.7,38.7,5.4,3.5,0,194.22504208209244,0.0,0.0,35.625,33.75,2025-10-28 15:27:28
158.1,1.4,223.4,148.7,1.4,209.4,424.4,59.96,209.2,2,8.6,1386.7,38.8,5.4,3.5,0,194.22504208209244,0.0,0.0,35.625,33.75,2025-10-28 15:27:43
163.8,1.4,217.4,151.6,1.3,210.0,419.1,59.94,209.2,2,8.6,1386.7,38.8,5.4,3.5,0,194.22504208209244,0.0,0.0,35.562,33.75,2025-10-28 15:27:58
158.2,1.4,223.2,151.6,1.3,208.2,420.5,59.98,209.5,2,8.6,1386.7,38.9,5.4,3.5,0,194.22504208209244,0.0,0.0,35.562,33.812,2025-10-28 15:28:13
163.5,1.3,219.7,148.6,1.3,205.9,417.7,60.01,209.4,2,8.6,1386.7,38.9,5.4,3.5,0,194.22504208209244,0.0,0.0,35.562,33.812,2025-10-28 15:28:28
157.6,1.4,219.4,151.9,1.3,204.7,416.0,60.04,209.4,1.9,8.6,1386.7,38.9,5.4,3.5,0,194.22504208209244,0.0,0.0,35.562,33.812,2025-10-28 15:28:43
160.9,1.3,221.0,154.8,1.2,199.8,412.8,60.02,209.2,1.9,8.6,1386.7,38.9,5.4,3.5,0,194.22504208209244,0.0,0.0,35.375,33.812,2025-10-28 15:28:58
160.7,1.3,219.6,151.6,1.3,203.1,414.7,60.01,209.3,1.9,8.6,1386.7,39,5.4,3.5,0,194.22504208209244,0.0,0.0,35.312,33.75,2025-10-28 15:29:13
160.7,1.3,218.5,148.7,1.3,200.3,410.6,60.04,209.2,1.9,8.6,1386.7,39,5.4,3.5,0,194.22504208209244,0.0,0.0,35.437,33.812,2025-10-28 15:29:28
160.9,1.3,218.0,151.6,1.3,200.7,410.5,60,209.3,1.9,8.6,1386.7,39,5.4,3.5,0,194.22504208209244,0.0,0.0,35.375,33.812,2025-10-28 15:29:43
160.6,1.3,218.2,154.6,1.3,196.1,406.3,59.99,209.5,1.9,8.6,1386.7,39,5.4,3.5,0,194.22504208209244,0.0,0.0,35.312,33.75,2025-10-28 15:29:58
161,1.3,213.6,151.5,1.3,199.6,405.0,60.02,209.4,1.9,8.6,1386.7,39,5.4,3.5,0,194.22504208209244,0.0,0.0,35.25,33.687,2025-10-28 15:30:13
158.3,1.3,211.7,149.2,1.3,197.2,400.8,60.01,209.3,1.9,8.6,1386.7,39,5.4,3.5,0,194.22504208209244,0.0,0.0,35.187,33.625,2025-10-28 15:30:28
163.5,1.3,202.6,152.5,1.2,199.5,394.2,60.02,209.3,1.9,8.6,1386.7,38.9,5.4,3.5,0,194.22504208209244,0.0,0.0,35.125,33.562,2025-10-28 15:30:43
160.7,1.3,213.7,151.3,1.3,195.9,401.3,60.03,209.2,1.9,8.6,1386.7,38.9,5.4,3.5,0,194.22504208209244,0.0,0.0,35.187,33.625,2025-10-28 15:30:58
158,1.3,209.0,148.7,1.3,196.1,397.1,60.02,209.2,1.9,8.6,1386.7,38.9,5.4,3.6,0,194.22504208209244,0.0,0.0,35.312,33.562,2025-10-28 15:31:13
160.8,1.3,211.5,151.6,1.3,197.0,400.5,60.04,209.2,1.9,8.6,1386.7,38.9,5.4,3.6,0,194.22504208209244,0.0,0.0,35.375,33.625,2025-10-28 15:31:28
161.9,1.3,202.4,153.3,1.2,192.2,394.4,60.03,209.4,1.8,8.6,1386.7,38.9,5.4,3.6,0,194.22504208209244,0.0,0.0,35.312,33.562,2025-10-28 15:31:43
160.1,1.3,207.8,151.6,1.3,198.4,398.3,60.05,209.3,1.9,8.6,1386.7,38.9,5.4,3.6,0,194.22504208209244,0.0,0.0,35.25,33.5,2025-10-28 15:31:58
163.4,1.2,207.5,148.8,1.3,197.6,397.3,60.02,209.1,1.8,8.6,1386.7,38.9,5.4,3.6,0,194.22504208209244,0.0,0.0,35.187,33.5,2025-10-28 15:32:13
160.4,1.3,208.7,151.6,1.3,199.4,397.9,60.01,209.2,1.8,8.6,1386.7,38.9,5.4,3.6,0,194.22504208209244,0.0,0.0,35.187,33.437,2025-10-28 15:32:28
160.8,1.3,209.2,154.2,1.3,195.2,396.8,60.04,209.2,1.9,8.6,1386.7,38.9,5.4,3.6,0,155.38003366567398,0.0,0.0,35.187,33.437,2025-10-28 15:32:43
161,1.3,207.6,150.4,1.3,203.6,403.2,60.03,209.2,1.9,8.6,1386.7,38.9,5.4,3.6,0,194.22504208209244,0.0,0.0,35.187,33.437,2025-10-28 15:32:58
157.9,1.3,204.6,149.2,1.4,207.8,404.2,60.02,209.1,1.9,8.6,1386.7,39,5.4,3.6,0,194.22504208209244,0.0,0.0,35.25,33.437,2025-10-28 15:33:13
160.8,1.2,207.7,148.7,1.4,211.6,410.7,60.02,209.1,1.9,8.6,1386.7,39,5.4,3.6,0,155.38003366567398,0.0,0.0,35.187,33.375,2025-10-28 15:33:28
160.7,1.3,207.3,151.6,1.4,217.5,416.3,60.03,209.1,1.9,8.6,1386.7,39,5.4,3.6,0,155.38003366567398,0.0,0.0,35.125,33.437,2025-10-28 15:33:43
160.7,1.3,207.7,151.6,1.4,223.9,423.1,60.01,209.3,2,8.6,1386.7,39,5.4,3.6,0,194.22504208209244,0.0,0.0,35.187,33.437,2025-10-28 15:33:58
161.1,1.3,200.7,151.2,1.5,228.3,425.5,59.97,209.2,2,8.6,1386.7,39.1,5.4,3.6,0,194.22504208209244,0.0,0.0,35.25,33.5,2025-10-28 15:34:13
158,1.3,204.3,148.7,1.6,234.5,429.9,60,209.1,2,8.6,1386.7,39.1,5.4,3.6,0,194.22504208209244,0.0,0.0,35.312,33.562,2025-10-28 15:34:28
160.9,1.3,208.3,148.8,1.6,246.3,445.0,60.03,209.2,2.1,8.6,1386.7,39.1,5.4,3.6,0,194.22504208209244,0.0,0.0,35.312,33.625,2025-10-28 15:34:43
161.1,1.2,206.4,151.9,1.6,240.2,438.1,60.01,209.1,2.1,8.6,1386.7,39.1,5.4,3.6,0,194.22504208209244,0.0,0.0,35.125,33.687,2025-10-28 15:34:58
160.7,1.2,205.4,153.6,1.5,233.2,430.0,59.98,209.2,2.1,8.6,1386.7,39.1,5.4,3.6,0,194.22504208209244,0.0,0.0,35.062,33.75,2025-10-28 15:35:13
160.7,1.2,204.0,148.6,1.6,242.7,438.0,59.98,209.2,2.1,8.6,1386.7,39.1,5.4,3.6,0,194.22504208209244,0.0,0.0,35.062,33.75,2025-10-28 15:35:28
160.8,1.2,204.1,149.3,1.6,247.1,442.4,60,209.1,2.1,8.6,1386.7,39.1,5.4,3.6,0,194.22504208209244,0.0,0.0,35.25,33.812,2025-10-28 15:35:43
161,1.2,202.3,151.6,1.6,250.3,444.6,59.98,208.9,2.1,8.6,1386.7,39.1,5.4,3.6,0,194.22504208209244,0.0,0.0,35.25,33.812,2025-10-28 15:35:58
160.5,1.2,203.8,151.5,1.7,253.7,448.6,59.97,209.2,2.1,8.6,1386.7,39.1,5.4,3.6,0,194.22504208209244,0.0,0.0,35.25,33.875,2025-10-28 15:36:13
161.1,1.2,202.2,151.4,1.7,255.2,448.2,60.01,209.3,2.1,8.6,1386.7,39.1,5.4,3.6,0,194.22504208209244,0.0,0.0,35.312,33.812,2025-10-28 15:36:28
160.9,1.2,200.2,150.9,1.7,252.9,445.6,60.01,209.1,2.1,8.6,1386.7,39.1,5.4,3.6,0,194.22504208209244,0.0,0.0,35.187,33.812,2025-10-28 15:36:43
160.7,1.2,197.2,148.4,1.6,245.4,434.4,59.99,209.2,2.1,8.6,1386.7,39.1,5.4,3.6,0,194.22504208209244,0.0,0.0,35.25,33.875,2025-10-28 15:36:58
160.9,1.2,198.0,148.7,1.6,244.2,433.4,60.02,209,2,8.6,1386.7,39.1,5.4,3.6,0,194.22504208209244,0.0,0.0,35.25,33.875,2025-10-28 15:37:13
163.2,1.2,196.8,152,1.6,243.6,432.5,60.01,208.8,2,8.6,1386.7,39.1,5.4,3.6,0,155.38003366567398,0.0,0.0,35.25,33.937,2025-10-28 15:37:28
159.7,1.2,194.9,150.1,1.6,242.2,430.3,60.04,209,2,8.6,1386.7,39.1,5.4,3.6,0,155.38003366567398,0.0,0.0,35.312,33.937,2025-10-28 15:37:43
161.8,1.2,191.3,149.5,1.6,238.2,422.2,60.04,208.9,2,8.6,1386.7,39.1,5.4,3.6,0,155.38003366567398,0.0,0.0,35.312,34.0,2025-10-28 15:37:58
158.2,1.2,194.3,148.7,1.5,232.9,419.0,60.03,208.7,2,8.6,1386.7,39.2,5.4,3.6,0,155.38003366567398,0.0,0.0,35.25,34.0,2025-10-28 15:38:13
160.7,1.2,194.6,148.9,1.5,229.7,415.4,60.04,209.2,1.9,8.6,1386.7,39.1,5.4,3.6,0,194.22504208209244,0.0,0.0,35.25,34.0,2025-10-28 15:38:28
160.7,1.2,193.2,149,1.4,225.6,410.8,60.01,209.1,1.9,8.6,1386.7,39.2,5.4,3.6,0,155.38003366567398,0.0,0.0,35.25,33.937,2025-10-28 15:38:43
158.7,1.2,189.8,148.7,1.4,219.0,400.9,59.97,209,1.8,8.6,1386.7,39.1,5.4,3.6,0,155.38003366567398,0.0,0.0,35.187,33.875,2025-10-28 15:38:58
160.7,1.1,190.8,150,1.4,212.4,395.6,59.98,209.2,1.8,8.6,1386.7,39.1,5.4,3.6,0,155.38003366567398,0.0,0.0,35.187,33.812,2025-10-28 15:39:13
160.8,1.1,189.9,148.8,1.3,206.1,388.3,60.02,209.1,1.8,8.6,1386.7,39.2,5.4,3.6,0,155.38003366567398,0.0,0.0,35.062,33.812,2025-10-28 15:39:28
160.6,1.1,188.8,151.6,1.3,199.0,380.3,60.02,209.1,1.8,8.6,1386.7,39.2,5.4,3.6,0,155.38003366567398,0.0,0.0,35.125,33.75,2025-10-28 15:39:43
163.8,1.1,180.5,145.7,1.2,189.4,363.1,60.02,209,1.7,8.7,1386.8,39.2,5.4,3.6,0,155.38003366567398,0.0,0.0,35.125,33.75,2025-10-28 15:39:58
160.7,1.1,187.8,151.6,1.2,188.1,368.1,60.03,209.2,1.7,8.7,1386.8,39.2,5.4,3.6,0,155.38003366567398,0.0,0.0,35.0,33.687,2025-10-28 15:40:13
157.9,1.1,185.2,151.1,1.2,184.9,362.8,60.01,209.2,1.7,8.7,1386.8,39.2,5.4,3.6,0,155.38003366567398,0.0,0.0,34.937,33.625,2025-10-28 15:40:28
160.9,1.1,186.4,148.7,1.2,181.8,361.8,60.01,209.4,1.7,8.7,1386.8,39.2,5.4,3.6,0,155.38003366567398,0.0,0.0,34.937,33.562,2025-10-28 15:40:43
163.5,1.1,177.5,148.8,1.2,179.8,355.7,59.98,209.4,1.7,8.7,1386.8,39.2,5.4,3.6,0,155.38003366567398,0.0,0.0,34.812,33.437,2025-10-28 15:40:58
160.1,1.1,185.5,149.2,1.1,178.9,357.3,60,209.2,1.6,8.7,1386.8,39.2,5.4,3.6,0,155.38003366567398,0.0,0.0,34.812,33.375,2025-10-28 15:41:13
160.7,1.1,185.3,149.8,1.1,177.4,355.7,60,209.2,1.7,8.7,1386.8,39.2,5.4,3.6,0,155.38003366567398,0.0,0.0,34.75,33.312,2025-10-28 15:41:28
162.1,1.1,177.7,149.8,1.1,175.3,346.0,60.03,209.2,1.6,8.7,1386.8,39.2,5.4,3.6,0,155.38003366567398,0.0,0.0,34.687,33.312,2025-10-28 15:41:43
160.7,1.1,182.9,148.8,1.1,174.3,349.3,60.02,209.1,1.5,8.7,1386.8,39.2,5.4,3.6,0,155.38003366567398,0.0,0.0,34.625,33.187,2025-10-28 15:41:58
157.9,1.1,179.6,148.6,1.1,172.5,345.1,60.03,209.1,1.6,8.7,1386.8,39.3,5.4,3.6,0,155.38003366567398,0.0,0.0,34.5,33.187,2025-10-28 15:42:13
160.8,1,181.8,151.5,1.1,171.3,346.1,60.02,209.2,1.6,8.7,1386.8,39.3,5.4,3.6,0,155.38003366567398,0.0,0.0,34.312,33.125,2025-10-28 15:42:28
161.5,1.1,176.3,149.2,1.1,170.6,344.2,60.02,209.3,1.6,8.7,1386.8,39.3,5.4,3.6,0,155.38003366567398,0.0,0.0,34.187,33.125,2025-10-28 15:42:43
160.7,1.1,178.5,145.7,1.1,168.2,339.9,59.98,209.2,1.6,8.7,1386.8,39.2,5.4,3.6,0,155.38003366567398,0.0,0.0,34.187,32.937,2025-10-28 15:42:58
163.9,1,174.3,145.7,1.1,166.2,334.3,59.99,209.3,1.5,8.7,1386.8,39.2,5.4,3.6,0,155.38003366567398,0.0,0.0,34.312,32.875,2025-10-28 15:43:13
160.8,1.1,178.2,148.6,1.1,167.7,339.2,60.01,209.5,1.6,8.7,1386.8,39.2,5.4,3.6,0,155.38003366567398,0.0,0.0,34.312,32.812,2025-10-28 15:43:28
157.9,1.1,174.8,151.7,1,165.7,333.9,60,209.1,1.6,8.7,1386.8,39.1,5.4,3.6,0,155.38003366567398,0.0,0.0,34.375,32.812,2025-10-28 15:43:43
160.9,1,176.3,148.7,1,164.6,334.5,59.99,208.9,1.6,8.7,1386.8,39.1,5.4,3.6,0,155.38003366567398,0.0,0.0,34.375,32.75,2025-10-28 15:43:58
161.8,1,169.5,148,1,160.9,323.8,59.99,208.8,1.6,8.7,1386.8,39,5.4,3.6,0,155.38003366567398,0.0,0.0,34.375,32.625,2025-10-28 15:44:13
160.7,1,174.6,148.6,1,162.0,328.8,60,208.8,1.5,8.7,1386.8,39,5.4,3.6,0,155.38003366567398,0.0,0.0,34.312,32.625,2025-10-28 15:44:28
157.9,1,172.1,151.5,1,159.9,325.6,59.99,208.8,1.6,8.7,1386.8,39,5.4,3.6,0,155.38003366567398,0.0,0.0,34.125,32.562,2025-10-28 15:44:43
161.1,0.9,173.5,148.3,1,159.8,326.7,59.99,208.9,1.4,8.7,1386.8,38.9,5.4,3.6,0,155.38003366567398,0.0,0.0,34.125,32.5,2025-10-28 15:44:58
161.2,1,168.8,148.7,1,158.5,324.2,59.98,208.7,1.6,8.7,1386.8,38.9,5.4,3.6,0,155.38003366567398,0.0,0.0,34.187,32.375,2025-10-28 15:45:13
157.5,1,170.5,151.7,1,156.7,321.0,59.98,208.8,1.5,8.7,1386.8,38.8,5.4,3.6,0,155.38003366567398,0.0,0.0,34.125,32.375,2025-10-28 15:45:28
160.8,1,170.8,148.7,1,156.1,320.4,59.96,208.5,1.5,8.7,1386.8,38.7,5.4,3.6,0,155.38003366567398,0.0,0.0,34.125,32.312,2025-10-28 15:45:43
163.9,0.9,163.9,145.7,1,152.7,311.1,60.02,208.7,1.5,8.7,1386.8,38.7,5.4,3.6,0,155.38003366567398,0.0,0.0,34.187,32.25,2025-10-28 15:45:58
160.9,1,169.9,148.7,1,153.8,317.6,60,208.6,1.5,8.7,1386.8,38.7,5.4,3.6,0,155.38003366567398,0.0,0.0,34.187,32.25,2025-10-28 15:46:13
157.9,1,167.2,151.7,0.9,151.7,312.8,59.96,208.5,1.5,8.7,1386.8,38.6,5.4,3.6,0,116.53502524925548,0.0,0.0,34.125,32.187,2025-10-28 15:46:28
160.7,1,167.9,148.7,0.9,151.6,313.4,60,208.7,1.4,8.7,1386.8,38.6,5.4,3.6,0,155.38003366567398,0.0,0.0,34.0,32.187,2025-10-28 15:46:43
163.9,1,159.2,145.9,0.9,149.0,305.4,59.99,208.6,1.4,8.7,1386.8,38.5,5.4,3.6,0,116.53502524925548,0.0,0.0,34.0,32.125,2025-10-28 15:46:58
160.8,1,167.0,148.7,0.9,149.3,310.1,60.01,208.8,1.4,8.7,1386.8,38.5,5.4,3.6,0,116.53502524925548,0.0,0.0,34.0,32.062,2025-10-28 15:47:13
158.8,1,163.7,150.6,0.9,148.3,305.9,60.03,209.1,1.4,8.7,1386.8,38.5,5.4,3.6,0,116.53502524925548,0.0,0.0,34.062,32.0,2025-10-28 15:47:28
160.9,0.9,164.2,148.6,0.9,147.9,306.3,60.01,208.9,1.4,8.7,1386.8,38.4,5.4,3.6,0,116.53502524925548,0.0,0.0,33.937,31.937,2025-10-28 15:47:43
160.6,0.9,161.5,151.5,0.9,146.7,301.9,59.96,208.9,1.4,8.7,1386.8,38.4,5.4,3.6,0,116.53502524925548,0.0,0.0,33.937,31.937,2025-10-28 15:47:58
158.1,0.9,161.8,148.6,0.9,145.6,301.1,60.01,208.9,1.4,8.7,1386.8,38.4,5.4,3.6,0,116.53502524925548,0.0,0.0,34.062,31.875,2025-10-28 15:48:13
160.8,0.9,163.0,145.8,0.9,142.6,299.6,59.99,208.9,1.4,8.7,1386.8,38.4,5.4,3.6,0,116.53502524925548,0.0,0.0,34.062,31.937,2025-10-28 15:48:28
162.2,0.8,161.7,146.8,0.9,144.2,290.9,60.03,208.9,1.3,8.7,1386.8,38.4,5.4,3.6,0,116.53502524925548,0.0,0.0,34.062,31.937,2025-10-28 15:48:43
160.9,0.9,161.3,145.8,0.9,140.8,296.3,60.03,208.9,1.3,8.7,1386.8,38.3,5.4,3.6,0,116.53502524925548,0.0,0.0,34.062,31.937,2025-10-28 15:48:58
158,0.9,158.3,148.7,0.9,142.7,295.2,60.03,208.7,1.3,8.7,1386.8,38.3,5.4,3.6,0,116.53502524925548,0.0,0.0,34.0,31.875,2025-10-28 15:49:13
160.9,0.9,159.9,151.7,0.9,141.2,295.4,60.03,209.2,1.3,8.7,1386.8,38.3,5.4,3.6,0,116.53502524925548,0.0,0.0,34.0,31.937,2025-10-28 15:49:28
163.9,0.9,149.8,151,0.9,141.6,285.8,60.02,208.9,1.4,8.7,1386.8,38.3,5.4,3.6,0,116.53502524925548,0.0,0.0,33.937,31.937,2025-10-28 15:49:43
159.3,0.9,158.2,148.7,0.9,139.8,292.7,59.99,208.9,1.4,8.7,1386.8,38.3,5.4,3.6,0,116.53502524925548,0.0,0.0,33.687,31.812,2025-10-28 15:49:58
157.8,0.9,155.7,147.1,0.9,138.2,288.2,60.01,209.1,1.3,8.7,1386.8,38.3,5.4,3.6,0,116.53502524925548,0.0,0.0,33.625,31.75,2025-10-28 15:50:13
160.8,0.9,156.5,145.8,0.9,136.3,287.0,59.99,209.1,1.4,8.7,1386.8,38.2,5.4,3.6,0,116.53502524925548,0.0,0.0,33.625,31.687,2025-10-28 15:50:28
160.4,0.9,153.7,145.7,0.8,135.2,282.9,60,209.1,1.3,8.7,1386.8,38.1,5.4,3.6,0,116.53502524925548,0.0,0.0,33.562,31.562,2025-10-28 15:50:43
158.1,0.9,153.3,148.6,0.8,135.8,283.6,60,209.2,1.3,8.7,1386.8,38,5.4,3.6,0,116.53502524925548,0.0,0.0,33.562,31.562,2025-10-28 15:50:58
160,0.9,153.3,148.7,0.8,134.7,283.6,60.02,209.1,1.3,8.7,1386.8,38,5.4,3.6,0,116.53502524925548,0.0,0.0,33.437,31.562,2025-10-28 15:51:13
163.3,0.8,152.7,151.6,0.8,133.9,280.1,60.02,209.1,1.4,8.7,1386.8,37.9,5.4,3.6,0,116.53502524925548,0.0,0.0,33.5,31.437,2025-10-28 15:51:28
160.9,0.9,153.2,151.7,0.8,132.9,280.5,59.99,208.9,1.3,8.7,1386.8,37.8,5.4,3.6,0,116.53502524925548,0.0,0.0,33.5,31.437,2025-10-28 15:51:43
157.8,0.9,149.7,148.3,0.8,131.2,275.1,60,208.9,1.3,8.7,1386.8,37.8,5.4,3.6,0,116.53502524925548,0.0,0.0,33.5,31.437,2025-10-28 15:51:58
160.9,0.9,150.6,148.5,0.8,131.3,276.5,60.03,208.9,1.3,8.7,1386.8,37.8,5.4,3.6,0,116.53502524925548,0.0,0.0,33.5,31.437,2025-10-28 15:52:13
162.5,0.8,140.0,147.1,0.8,130.2,264.8,59.98,208.9,1.3,8.7,1386.8,37.8,5.4,3.6,0,116.53502524925548,0.0,0.0,33.375,31.375,2025-10-28 15:52:28
158.7,0.8,149.3,148.6,0.8,128.9,273.2,60,208.9,1.2,8.7,1386.8,37.8,5.4,3.6,0,116.53502524925548,0.0,0.0,33.375,31.375,2025-10-28 15:52:43
157.8,0.8,146.8,148.7,0.8,126.8,268.2,60.02,208.8,1.3,8.7,1386.8,37.8,5.4,3.6,0,116.53502524925548,0.0,0.0,33.437,31.437,2025-10-28 15:52:58
160.8,0.7,147.2,145.8,0.8,124.2,266.1,59.97,208.9,1.2,8.7,1386.8,37.7,5.4,3.6,0,116.53502524925548,0.0,0.0,33.437,31.437,2025-10-28 15:53:13
160.9,0.8,146.0,146,0.8,122.7,263.2,59.96,208.9,1.2,8.7,1386.8,37.7,5.4,3.6,0,116.53502524925548,0.0,0.0,33.312,31.375,2025-10-28 15:53:28
158.3,0.8,145.3,148.8,0.7,123.8,263.0,59.99,209,1.2,8.7,1386.8,37.7,5.4,3.6,0,116.53502524925548,0.0,0.0,33.25,31.375,2025-10-28 15:53:43
161,0.8,144.2,148.6,0.7,122.5,261.5,59.99,208.9,1.2,8.7,1386.8,37.6,5.4,3.6,0,116.53502524925548,0.0,0.0,33.312,31.312,2025-10-28 15:53:58
163.9,0.7,136.0,151.6,0.7,121.0,252.8,60.01,208.9,1.2,8.7,1386.8,37.6,5.5,3.6,0,116.53502524925548,0.0,0.0,33.25,31.25,2025-10-28 15:54:13
160.7,0.8,143.7,151.6,0.7,119.5,258.2,59.99,209.1,1.2,8.7,1386.8,37.5,5.5,3.6,0,116.53502524925548,0.0,0.0,33.187,31.25,2025-10-28 15:54:28
157.8,0.8,140.8,150.1,0.7,119.2,254.9,59.99,209.1,1.2,8.7,1386.8,37.5,5.5,3.6,0,116.53502524925548,0.0,0.0,33.187,31.25,2025-10-28 15:54:43
160.8,0.8,141.8,151.6,0.7,117.1,253.9,60.03,209.1,1.3,8.7,1386.8,37.5,5.5,3.6,0,116.53502524925548,0.0,0.0,33.125,31.25,2025-10-28 15:54:58
161.4,0.8,133.5,149.4,0.7,116.5,244.7,59.98,209.3,1.2,8.7,1386.8,37.5,5.5,3.6,0,116.53502524925548,0.0,0.0,33.062,31.25,2025-10-28 15:55:13
160.8,0.8,139.8,148.7,0.7,115.7,249.8,59.99,209.1,1.2,8.7,1386.8,37.5,5.5,3.6,0,116.53502524925548,0.0,0.0,33.0,31.25,2025-10-28 15:55:28
158.2,0.8,137.5,151.4,0.7,113.7,246.3,60.02,209.1,1.1,8.7,1386.8,37.4,5.5,3.6,0,116.53502524925548,0.0,0.0,32.937,31.25,2025-10-28 15:55:43
161.1,0.7,137.5,148.6,0.7,114.4,247.1,60,208.8,1.1,8.7,1386.8,37.4,5.5,3.6,0,116.53502524925548,0.0,0.0,32.937,31.25,2025-10-28 15:55:58
161,0.8,136.9,147.8,0.7,113.0,245.1,60,208.8,1.2,8.7,1386.8,37.4,5.5,3.6,0,116.53502524925548,0.0,0.0,32.937,31.312,2025-10-28 15:56:13
157.9,0.8,134.7,145.7,0.7,110.5,240.7,60,208.7,1.1,8.7,1386.8,37.4,5.5,3.6,0,116.53502524925548,0.0,0.0,32.937,31.25,2025-10-28 15:56:28
160.8,0.7,134.8,145.8,0.7,109.5,239.6,59.99,208.8,1.2,8.7,1386.8,37.4,5.5,3.6,0,116.53502524925548,0.0,0.0,32.937,31.25,2025-10-28 15:56:43
163.8,0.7,124.9,148.5,0.7,110.6,231.5,60,209.1,1.1,8.7,1386.8,37.4,5.5,3.6,0,116.53502524925548,0.0,0.0,32.875,31.312,2025-10-28 15:56:58
160.7,0.7,133.5,148.6,0.6,109.7,239.0,60.02,209.3,1.1,8.7,1386.8,37.4,5.5,3.6,0,116.53502524925548,0.0,0.0,32.75,31.25,2025-10-28 15:57:13
157.9,0.7,131.8,150.9,0.6,108.3,235.7,59.97,209.1,1.1,8.7,1386.8,37.4,5.5,3.6,0,116.53502524925548,0.0,0.0,32.625,31.25,2025-10-28 15:57:28
160.8,0.7,132.8,151.7,0.6,106.7,235.0,59.98,209.2,1.1,8.7,1386.8,37.4,5.5,3.6,0,116.53502524925548,0.0,0.0,32.687,31.25,2025-10-28 15:57:43
163.8,0.7,123.1,148.5,0.6,106.6,227.7,59.97,209.2,1.1,8.7,1386.8,37.4,5.5,3.6,0,77.69001683283699,0.0,0.0,32.75,31.25,2025-10-28 15:57:58
160,0.7,130.1,147.9,0.6,106.7,232.2,60,209.2,1.1,8.7,1386.8,37.4,5.5,3.6,0,77.69001683283699,0.0,0.0,32.75,31.25,2025-10-28 15:58:13
158.6,0.7,127.9,145.6,0.6,103.5,226.9,60,209,1.1,8.7,1386.8,37.4,5.5,3.6,0,77.69001683283699,0.0,0.0,32.75,31.25,2025-10-28 15:58:28
160.8,0.6,128.3,147.1,0.6,103.0,226.9,59.98,209,1,8.7,1386.8,37.4,5.5,3.6,0,77.69001683283699,0.0,0.0,32.687,31.25,2025-10-28 15:58:43
160.9,0.7,125.5,148.6,0.6,102.9,223.5,59.97,208.8,1.1,8.7,1386.8,37.4,5.5,3.6,0,77.69001683283699,0.0,0.0,32.687,31.187,2025-10-28 15:58:58
157.7,0.7,126.4,148.7,0.6,102.3,224.5,60.03,208.7,1,8.7,1386.8,37.4,5.5,3.6,0,77.69001683283699,0.0,0.0,32.625,31.125,2025-10-28 15:59:13
160.6,0.7,127.5,151.6,0.6,100.3,223.3,60.02,208.6,1,8.7,1386.8,37.4,5.5,3.6,0,77.69001683283699,0.0,0.0,32.5,31.125,2025-10-28 15:59:28
162.7,0.6,126.6,151.6,0.6,100.2,211.2,60,208.5,1,8.7,1386.8,37.4,5.5,3.6,0,77.69001683283699,0.0,0.0,32.5,31.125,2025-10-28 15:59:43
160.9,0.7,125.6,149.3,0.6,98.7,220.1,60,208.7,1.1,8.7,1386.8,37.3,5.5,3.6,0,77.69001683283699,0.0,0.0,32.562,31.062,2025-10-28 15:59:58
157.9,0.7,123.3,148.7,0.6,99.4,218.4,60.01,209,1,8.7,1386.8,37.3,5.5,3.6,0,77.69001683283699,0.0,0.0,32.5,31.062,2025-10-28 16:00:13
160.8,0.7,123.5,145.5,0.6,98.1,216.6,60,209,1.1,8.7,1386.8,37.3,5.5,3.6,0,77.69001683283699,0.0,0.0,32.437,31.0,2025-10-28 16:00:28
163.6,0.7,111.3,145.8,0.6,96.7,203.3,59.99,209.2,1,8.8,1386.9,37.3,5.5,3.6,0,77.69001683283699,0.0,0.0,32.437,31.0,2025-10-28 16:00:43
159.7,0.7,122.1,146.8,0.5,95.5,213.5,59.98,209.2,1.1,8.8,1386.9,37.3,5.5,3.6,0,77.69001683283699,0.0,0.0,32.5,31.0,2025-10-28 16:00:58
159.7,0.7,120.5,148.7,0.5,95.8,212.3,59.99,209.2,1.1,8.8,1386.9,37.3,5.5,3.6,0,77.69001683283699,0.0,0.0,32.5,31.062,2025-10-28 16:01:13
160.9,0.6,120.8,148.7,0.5,95.7,211.2,60,209.3,1,8.8,1386.9,37.3,5.5,3.6,0,77.69001683283699,0.0,0.0,32.437,31.062,2025-10-28 16:01:28
161.2,0.7,117.3,151.6,0.5,93.0,205.8,60.02,209.4,1,8.8,1386.9,37.3,5.5,3.6,0,77.69001683283699,0.0,0.0,32.5,31.062,2025-10-28 16:01:43
157.8,0.7,118.9,151.6,0.5,91.6,206.5,59.98,209.4,0.9,8.8,1386.9,37.3,5.5,3.6,0,77.69001683283699,0.0,0.0,32.5,31.062,2025-10-28 16:01:58
160.6,0.6,118.3,148.7,0.5,93.2,208.1,59.98,209.3,1,8.8,1386.9,37.3,5.5,3.6,0,77.69001683283699,0.0,0.0,32.5,31.062,2025-10-28 16:02:13
163.2,0.5,115.1,146,0.5,91.9,203.7,60.01,209.2,0.9,8.8,1386.9,37.3,5.5,3.6,0,77.69001683283699,0.0,0.0,32.5,31.062,2025-10-28 16:02:28
160.8,0.6,117.1,145.8,0.5,89.8,203.1,59.99,209.1,1,8.8,1386.9,37.3,5.5,3.6,0,77.69001683283699,0.0,0.0,32.5,31.062,2025-10-28 16:02:43
157.9,0.6,115.5,145.7,0.5,88.6,200.3,60.02,209.1,0.9,8.8,1386.9,37.3,5.5,3.6,0,77.69001683283699,0.0,0.0,32.5,31.0,2025-10-28 16:02:58
160.8,0.6,116.5,145.6,0.5,89.0,201.7,60.01,209.2,0.9,8.8,1386.9,37.3,5.5,3.6,0,77.69001683283699,0.0,0.0,32.5,31.0,2025-10-28 16:03:13
163,0.6,98.8,147.3,0.5,89.7,184.3,60.02,209.4,0.9,8.8,1386.9,37.3,5.5,3.6,0,77.69001683283699,0.0,0.0,32.437,31.0,2025-10-28 16:03:28
158.7,0.6,114.4,148.6,0.5,89.1,199.9,60.02,209.4,1,8.8,1386.9,37.3,5.5,3.6,0,77.69001683283699,0.0,0.0,32.312,31.0,2025-10-28 16:03:43
157.8,0.6,113.2,148.7,0.5,87.3,197.0,59.99,209.3,0.9,8.8,1386.9,37.3,5.5,3.6,0,77.69001683283699,0.0,0.0,32.312,30.937,2025-10-28 16:03:58
161,0.5,114.8,151.6,0.5,85.2,196.3,59.98,209.4,0.9,8.8,1386.9,37.2,5.5,3.6,0,77.69001683283699,0.0,0.0,32.25,30.875,2025-10-28 16:04:13
161.2,0.6,111.4,151.5,0.5,84.7,192.1,59.98,209.5,0.9,8.8,1386.9,37.2,5.5,3.6,0,77.69001683283699,0.0,0.0,32.25,30.875,2025-10-28 16:04:28
157.9,0.6,112.4,151.4,0.4,83.4,191.7,60,209.6,0.9,8.8,1386.9,37.2,5.5,3.6,0,77.69001683283699,0.0,0.0,32.25,30.875,2025-10-28 16:04:43
160.8,0.6,112.1,151.6,0.5,83.4,191.7,59.99,209.4,0.9,8.8,1386.9,37.2,5.5,3.6,0,77.69001683283699,0.0,0.0,32.25,30.812,2025-10-28 16:04:58
164,0.5,105.0,151.8,0.4,83.4,186.2,60,209.2,0.9,8.8,1386.9,37.2,5.5,3.6,0,77.69001683283699,0.0,0.0,32.25,30.812,2025-10-28 16:05:13
160.8,0.6,110.2,148.9,0.5,84.5,191.1,59.99,209.4,0.9,8.8,1386.9,37.2,5.5,3.6,0,77.69001683283699,0.0,0.0,32.25,30.875,2025-10-28 16:05:28
157.8,0.6,108.1,145.6,0.5,82.8,187.9,60.03,209.4,0.9,8.8,1386.9,37.2,5.5,3.6,0,77.69001683283699,0.0,0.0,32.187,30.812,2025-10-28 16:05:43
160.6,0.6,109.6,148.8,0.5,83.6,189.6,60.01,209.1,0.9,8.8,1386.9,37.2,5.5,3.6,0,77.69001683283699,0.0,0.0,32.125,30.875,2025-10-28 16:05:58
161.4,0.6,97.1,149,0.4,81.9,174.9,60,208.9,0.9,8.8,1386.9,37.2,5.5,3.6,0,77.69001683283699,0.0,0.0,32.125,30.812,2025-10-28 16:06:13
160.8,0.6,108.2,148.6,0.5,81.9,185.8,59.98,209,0.9,8.8,1386.9,37.2,5.5,3.6,0,77.69001683283699,0.0,0.0,32.125,30.812,2025-10-28 16:06:28
158.2,0.5,106.2,145.8,0.4,80.5,183.2,60,208.9,0.8,8.8,1386.9,37.2,5.5,3.6,0,77.69001683283699,0.0,0.0,32.062,30.812,2025-10-28 16:06:43
161,0.4,107.2,149.3,0.4,80.9,184.4,59.99,208.9,0.7,8.8,1386.9,37.2,5.5,3.6,0,77.69001683283699,0.0,0.0,32.062,30.875,2025-10-28 16:06:58
160.8,0.5,105.3,148.7,0.4,80.5,182.2,59.99,209.2,0.8,8.8,1386.9,37.2,5.5,3.6,0,77.69001683283699,0.0,0.0,32.062,30.812,2025-10-28 16:07:13
157.4,0.5,104.0,145.3,0.4,78.7,179.9,59.96,209,1,8.8,1386.9,37.2,5.5,3.6,0,77.69001683283699,0.0,0.0,32.062,30.875,2025-10-28 16:07:28
160.9,0.5,103.7,148.7,0.4,78.9,179.3,60,209.2,0.8,8.8,1386.9,37.2,5.5,3.6,0,77.69001683283699,0.0,0.0,32.0,30.875,2025-10-28 16:07:43
164,0.4,88.5,151.6,0.4,76.9,163.6,59.98,209.3,0.8,8.8,1386.9,37.2,5.5,3.6,0,77.69001683283699,0.0,0.0,31.937,30.75,2025-10-28 16:07:58
162.4,0.4,102.6,149.7,0.4,79.5,161.5,59.98,209.4,0.8,8.8,1386.9,37.2,5.5,3.6,0,77.69001683283699,0.0,0.0,31.937,30.812,2025-10-28 16:08:13
160.7,0.5,102.2,148.8,0.4,77.2,176.0,60.01,209.3,0.7,8.8,1386.9,37.2,5.5,3.6,0,77.69001683283699,0.0,0.0,31.812,30.75,2025-10-28 16:08:28
157.8,0.5,101.7,151.5,0.4,75.3,173.7,60.01,209.4,0.8,8.8,1386.9,37.2,5.5,3.6,0,77.69001683283699,0.0,0.0,31.75,30.75,2025-10-28 16:08:43
160.7,0.5,101.7,148.7,0.4,75.6,174.0,60.02,209.2,0.8,8.8,1386.9,37.2,5.5,3.6,0,77.69001683283699,0.0,0.0,31.687,30.687,2025-10-28 16:08:58
160.8,0.5,100.4,151.7,0.4,72.0,169.4,60,209.3,0.9,8.8,1386.9,37.2,5.5,3.6,0,77.69001683283699,0.0,0.0,31.687,30.687,2025-10-28 16:09:13
163.2,0.5,83.1,150.4,0.4,73.0,153.0,59.98,209.2,0.8,8.8,1386.9,37.2,5.5,3.6,0,77.69001683283699,0.0,0.0,31.687,30.625,2025-10-28 16:09:28
162.5,0.5,83.2,148.7,0.4,74.8,154.5,60.02,209.2,0.8,8.8,1386.9,37.2,5.5,3.6,0,77.69001683283699,0.0,0.0,31.687,30.625,2025-10-28 16:09:43
160.8,0.5,98.0,148.7,0.4,72.9,167.5,60.03,209.2,0.9,8.8,1386.9,37.1,5.5,3.6,0,77.69001683283699,0.0,0.0,31.687,30.625,2025-10-28 16:09:58
158,0.5,97.5,148.7,0.4,71.1,165.2,60.01,209.3,0.9,8.8,1386.9,37.1,5.5,3.6,0,77.69001683283699,0.0,0.0,31.687,30.625,2025-10-28 16:10:13
157.9,0.5,95.7,148.7,0.4,69.9,162.5,60,209.3,0.8,8.8,1386.9,37.1,5.5,3.6,0,77.69001683283699,0.0,0.0,31.687,30.625,2025-10-28 16:10:28
157.9,0.5,95.2,148.7,0.4,68.7,161.0,60.03,209.1,0.8,8.8,1386.9,37.1,5.5,3.6,0,77.69001683283699,0.0,0.0,31.75,30.625,2025-10-28 16:10:43
158.1,0.5,94.6,148.5,0.4,68.2,159.7,60.06,209.1,0.9,8.8,1386.9,37.1,5.5,3.6,0,77.69001683283699,0.0,0.0,31.75,30.625,2025-10-28 16:10:58
160.8,0.5,92.3,145.9,0.4,67.0,156.3,60.03,209.1,0.8,8.8,1386.9,37.1,5.5,3.6,0,38.845008416418494,0.0,0.0,31.687,30.625,2025-10-28 16:11:13
160.2,0.5,91.3,143,0.3,64.9,153.3,60.03,209,0.7,8.8,1386.9,37.1,5.5,3.6,0,77.69001683283699,0.0,0.0,31.625,30.562,2025-10-28 16:11:28
157.9,0.5,90.8,142.9,0.3,63.7,151.7,60,209.2,0.8,8.8,1386.9,37.1,5.5,3.6,0,38.845008416418494,0.0,0.0,31.562,30.562,2025-10-28 16:11:43
156.1,0.5,90.1,144.5,0.3,62.4,149.7,60,209.3,0.7,8.8,1386.9,37.1,5.5,3.6,0,38.845008416418494,0.0,0.0,31.562,30.562,2025-10-28 16:11:58
154.9,0.5,88.4,145.9,0.3,62.5,148.0,60.01,209.3,0.6,8.8,1386.9,37.1,5.5,3.6,0,38.845008416418494,0.0,0.0,31.5,30.5,2025-10-28 16:12:13
155,0.4,86.9,145.6,0.3,62.0,146.7,59.96,209,0.7,8.8,1386.9,37.1,5.5,3.6,0,38.845008416418494,0.0,0.0,31.437,30.437,2025-10-28 16:12:28
157.9,0.4,87.4,148.7,0.3,60.8,145.5,60,209.1,0.7,8.8,1386.9,37,5.5,3.6,0,38.845008416418494,0.0,0.0,31.375,30.375,2025-10-28 16:12:43
158.1,0.4,87.1,148.3,0.3,60.2,144.5,59.98,209.2,0.6,8.8,1386.9,36.9,5.5,3.6,0,38.845008416418494,0.0,0.0,31.375,30.375,2025-10-28 16:12:58
160.4,0.4,82.6,145.8,0.3,60.1,140.1,59.99,209.2,0.7,8.8,1386.9,36.8,5.5,3.6,0,38.845008416418494,0.0,0.0,31.375,30.312,2025-10-28 16:13:13
160.8,0.4,81.9,145.7,0.3,59.6,138.8,60.01,209.5,0.7,8.8,1386.9,36.8,5.5,3.6,0,38.845008416418494,0.0,0.0,31.437,30.312,2025-10-28 16:13:28
158,0.4,82.9,142.9,0.3,57.8,138.0,60.03,209.3,0.8,8.8,1386.9,36.8,5.5,3.6,0,38.845008416418494,0.0,0.0,31.437,30.312,2025-10-28 16:13:43
157.8,0.4,82.2,142.8,0.3,56.5,136.1,60.03,208.9,0.7,8.8,1386.9,36.8,5.5,3.6,0,38.845008416418494,0.0,0.0,31.5,30.312,2025-10-28 16:13:58
154.9,0.4,80.8,144.5,0.3,56.7,133.4,60.03,208.7,0.6,8.8,1386.9,36.8,5.5,3.6,0,38.845008416418494,0.0,0.0,31.437,30.312,2025-10-28 16:14:13
157.9,0.4,81.1,142.7,0.3,55.3,133.8,60.04,208.7,0.7,8.8,1386.9,36.8,5.5,3.6,0,38.845008416418494,0.0,0.0,31.5,30.25,2025-10-28 16:14:28
158.8,0.4,77.5,142.8,0.3,55.3,130.2,60.04,208.8,0.7,8.8,1386.9,36.8,5.5,3.6,0,38.845008416418494,0.0,0.0,31.437,30.312,2025-10-28 16:14:43
157.7,0.4,79.9,142.8,0.3,53.5,130.0,60.03,208.7,0.6,8.8,1386.9,36.8,5.5,3.6,0,38.845008416418494,0.0,0.0,31.375,30.25,2025-10-28 16:14:58
154.9,0.4,77.2,142.9,0.3,53.3,128.0,60.02,208.7,0.7,8.8,1386.9,36.8,5.5,3.6,0,38.845008416418494,0.0,0.0,31.375,30.25,2025-10-28 16:15:13
158.4,0.3,77.7,142.8,0.3,52.5,127.7,60.04,208.7,0.5,8.8,1386.9,36.7,5.5,3.6,0,38.845008416418494,0.0,0.0,31.25,30.187,2025-10-28 16:15:28
157.7,0.4,76.1,144.3,0.3,53.1,126.9,60.03,208.8,0.6,8.8,1386.9,36.7,5.5,3.6,0,38.845008416418494,0.0,0.0,31.312,30.187,2025-10-28 16:15:43
154.7,0.4,74.5,145.6,0.2,52.5,124.7,60,208.7,0.5,8.8,1386.9,36.7,5.5,3.6,0,38.845008416418494,0.0,0.0,31.25,30.187,2025-10-28 16:15:58
157.8,0.3,74.4,144.2,0.2,51.1,123.1,60.03,208.9,0.6,8.8,1386.9,36.7,5.5,3.6,0,38.845008416418494,0.0,0.0,31.25,30.187,2025-10-28 16:16:13
161.2,0.3,66.6,147.2,0.2,52.3,117.1,60.02,208.5,0.6,8.8,1386.9,36.7,5.5,3.6,0,38.845008416418494,0.0,0.0,31.25,30.187,2025-10-28 16:16:28
157.9,0.3,72.8,147.2,0.2,50.4,121.5,60.01,208.6,0.6,8.8,1386.9,36.7,5.5,3.7,0,38.845008416418494,0.0,0.0,31.25,30.187,2025-10-28 16:16:43
154.9,0.3,71.3,144.5,0.2,49.6,118.7,60.02,208.5,0.6,8.8,1386.9,36.7,5.5,3.7,0,38.845008416418494,0.0,0.0,31.187,30.187,2025-10-28 16:16:58
157.9,0.3,71.2,141.5,0.2,48.1,117.1,60,209,0.6,8.8,1386.9,36.7,5.5,3.7,0,38.845008416418494,0.0,0.0,31.125,30.125,2025-10-28 16:17:13
160.9,0.3,66.0,144.1,0.2,49.3,113.0,60.02,208.9,0.5,8.8,1386.9,36.7,5.5,3.7,0,38.845008416418494,0.0,0.0,31.062,30.125,2025-10-28 16:17:28
157.4,0.3,69.4,141.3,0.2,48.3,115.5,60.01,208.9,0.6,8.8,1386.9,36.6,5.5,3.7,0,38.845008416418494,0.0,0.0,31.062,30.062,2025-10-28 16:17:43
157.8,0.3,69.2,145.7,0.2,48.4,115.5,59.97,208.8,0.6,8.8,1386.9,36.6,5.5,3.7,0,38.845008416418494,0.0,0.0,31.0,30.062,2025-10-28 16:17:58
156.3,0.3,68.6,147.2,0.2,48.9,115.0,60.03,208.7,0.6,8.8,1386.9,36.6,5.5,3.7,0,38.845008416418494,0.0,0.0,31.0,30.062,2025-10-28 16:18:13
154.9,0.3,66.7,141.4,0.2,47.2,112.0,60.02,208.7,0.6,8.8,1386.9,36.5,5.5,3.7,0,38.845008416418494,0.0,0.0,31.0,30.062,2025-10-28 16:18:28
158,0.3,67.4,147.2,0.2,47.8,113.5,59.99,208.5,0.5,8.8,1386.9,36.5,5.5,3.7,0,38.845008416418494,0.0,0.0,31.0,30.062,2025-10-28 16:18:43
158.2,0.3,66.1,147.3,0.2,47.1,111.2,60.01,208.4,0.6,8.8,1386.9,36.5,5.5,3.7,0,38.845008416418494,0.0,0.0,30.937,30.062,2025-10-28 16:18:58
155.6,0.3,65.4,144.6,0.2,47.3,110.3,60.02,208.4,0.6,8.8,1386.9,36.5,5.5,3.7,0,38.845008416418494,0.0,0.0,30.875,30.0,2025-10-28 16:19:13
157.8,0.3,64.7,144.2,0.2,47.3,109.7,59.97,208.2,0.5,8.8,1386.9,36.4,5.5,3.7,0,38.845008416418494,0.0,0.0,30.875,30.0,2025-10-28 16:19:28
161,0.2,60.5,144.3,0.2,47.3,106.3,60,208.2,0.6,8.8,1386.9,36.4,5.5,3.7,0,38.845008416418494,0.0,0.0,30.812,30.0,2025-10-28 16:19:43
158,0.3,65.1,147.2,0.2,45.9,108.9,59.99,208,0.6,8.8,1386.9,36.4,5.5,3.7,0,38.845008416418494,0.0,0.0,30.875,30.0,2025-10-28 16:19:58
157.9,0.3,64.1,145.8,0.2,45.1,107.2,60.01,208.1,0.6,8.8,1386.9,36.4,5.5,3.7,0,38.845008416418494,0.0,0.0,30.875,30.0,2025-10-28 16:20:13
154.9,0.3,63.1,142.8,0.2,45.4,106.8,60.02,208.3,0.6,8.8,1386.9,36.4,5.5,3.7,0,38.845008416418494,0.0,0.0,30.875,30.0,2025-10-28 16:20:28
158,0.3,63.8,143.4,0.2,44.9,106.7,60,208.3,0.5,8.8,1386.9,36.3,5.5,3.7,0,38.845008416418494,0.0,0.0,30.812,30.0,2025-10-28 16:20:43
160.9,0.3,52.5,145.8,0.2,45.9,101.1,60,208.5,0.6,8.8,1386.9,36.3,5.5,3.7,0,38.845008416418494,0.0,0.0,30.812,30.0,2025-10-28 16:20:58
157.9,0.3,63.1,145.7,0.2,45.2,106.4,60.02,208.4,0.6,8.8,1386.9,36.3,5.5,3.7,0,38.845008416418494,0.0,0.0,30.812,30.0,2025-10-28 16:21:13
155.4,0.3,62.2,145.7,0.2,44.5,104.8,60,208.2,0.5,8.8,1386.9,36.3,5.5,3.7,0,38.845008416418494,0.0,0.0,30.812,29.937,2025-10-28 16:21:28
157.8,0.3,62.8,143.5,0.2,43.6,104.4,59.99,208.4,0.6,8.8,1386.9,36.3,5.5,3.7,0,38.845008416418494,0.0,0.0,30.812,29.937,2025-10-28 16:21:43
158.3,0.3,56.1,142.7,0.2,43.8,97.8,59.98,208.3,0.5,8.8,1386.9,36.3,5.5,3.7,0,38.845008416418494,0.0,0.0,30.75,29.937,2025-10-28 16:21:58
155,0.3,61.8,142.8,0.2,43.4,103.3,60.01,208.6,0.6,8.8,1386.9,36.3,5.5,3.7,0,38.845008416418494,0.0,0.0,30.75,29.937,2025-10-28 16:22:13
157.8,0.3,61.6,142.7,0.2,43.0,102.2,60.01,208.5,0.5,8.8,1386.9,36.2,5.5,3.7,0,38.845008416418494,0.0,0.0,30.687,29.875,2025-10-28 16:22:28
159.3,0.2,61.6,142.9,0.2,41.9,93.5,60,208.6,0.6,8.8,1386.9,36.2,5.5,3.7,0,38.845008416418494,0.0,0.0,30.687,29.812,2025-10-28 16:22:43
157.9,0.3,62.1,143.6,0.2,42.2,102.3,60.01,208.5,0.6,8.8,1386.9,36.2,5.5,3.7,0,38.845008416418494,0.0,0.0,30.625,29.875,2025-10-28 16:22:58
154.9,0.3,61.3,144,0.2,41.5,100.9,60.01,208.4,0.5,8.8,1386.9,36.2,5.5,3.7,0,38.845008416418494,0.0,0.0,30.625,29.812,2025-10-28 16:23:13
158,0.3,61.8,142.8,0.2,40.6,101.1,60.02,208.4,0.6,8.8,1386.9,36.1,5.5,3.7,0,38.845008416418494,0.0,0.0,30.562,29.812,2025-10-28 16:23:28
160.7,0.3,51.9,145.7,0.2,42.4,92.6,59.99,208.4,0.5,8.8,1386.9,36.1,5.5,3.7,0,38.845008416418494,0.0,0.0,30.562,29.812,2025-10-28 16:23:43
156.8,0.3,61.7,143.9,0.2,40.2,100.1,60.03,208.4,0.6,8.8,1386.9,36.1,5.5,3.7,0,38.845008416418494,0.0,0.0,30.5,29.812,2025-10-28 16:23:58
154.8,0.2,61.2,143.9,0.2,40.0,99.3,60,208.3,0.7,8.8,1386.9,36.1,5.5,3.7,0,38.845008416418494,0.0,0.0,30.437,29.75,2025-10-28 16:24:13
154.8,0.2,62.0,147.2,0.1,38.8,99.0,59.99,208.5,0.5,8.8,1386.9,36.1,5.5,3.7,0,38.845008416418494,0.0,0.0,30.375,29.75,2025-10-28 16:24:28
154.9,0.2,61.5,147.2,0.2,38.7,98.3,60,208.6,0.6,8.8,1386.9,36,5.5,3.7,0,38.845008416418494,0.0,0.0,30.375,29.687,2025-10-28 16:24:43
157.9,0.2,62.4,145.6,0.2,38.9,99.5,60.04,208.7,0.5,8.8,1386.9,36,5.5,3.7,0,38.845008416418494,0.0,0.0,30.375,29.687,2025-10-28 16:24:58
159,0.3,53.7,142.6,0.2,39.0,98.1,60.01,208.5,0.6,8.8,1386.9,35.9,5.5,3.7,0,38.845008416418494,0.0,0.0,30.375,29.687,2025-10-28 16:25:13
155.1,0.3,61.0,144,0.2,38.1,97.3,59.98,208.5,0.5,8.8,1386.9,36,5.5,3.7,0,38.845008416418494,0.0,0.0,30.375,29.687,2025-10-28 16:25:28
157.8,0.3,60.8,141.1,0.2,36.7,95.8,60.03,208.4,0.5,8.8,1386.9,36,5.5,3.7,0,38.845008416418494,0.0,0.0,30.375,29.687,2025-10-28 16:25:43
160.7,0.2,56.5,147.4,0.1,37.6,92.1,60.02,208.5,0.5,8.8,1386.9,36,5.5,3.7,0,38.845008416418494,0.0,0.0,30.375,29.687,2025-10-28 16:25:58
156.9,0.2,61.1,147.3,0.1,36.3,95.6,60.03,208.4,0.6,8.8,1386.9,36,5.5,3.7,0,38.845008416418494,0.0,0.0,30.312,29.687,2025-10-28 16:26:13
156.4,0.3,60.1,142.9,0.2,36.0,94.3,60.03,208.2,0.7,8.8,1386.9,36,5.5,3.7,0,38.845008416418494,0.0,0.0,30.312,29.687,2025-10-28 16:26:28
157.9,0.2,59.7,141.2,0.2,35.7,94.2,59.99,208.2,0.5,8.8,1386.9,36,5.5,3.7,0,38.845008416418494,0.0,0.0,30.312,29.687,2025-10-28 16:26:43
154.9,0.2,59.0,141.3,0.1,34.9,92.4,60,208.2,0.4,8.8,1386.9,36,5.5,3.7,0,38.845008416418494,0.0,0.0,30.312,29.625,2025-10-28 16:26:58
154.9,0.2,59.6,144.2,0.1,34.8,92.8,60.02,208.1,0.5,8.8,1386.9,36,5.5,3.7,0,38.845008416418494,0.0,0.0,30.25,29.625,2025-10-28 16:27:13
157.9,0.2,58.3,138.2,0.1,33.8,90.3,60.02,208.3,0.5,8.8,1386.9,35.9,5.5,3.7,0,38.845008416418494,0.0,0.0,30.25,29.625,2025-10-28 16:27:28
160.2,0.2,57.3,145.2,0.1,35.9,82.6,59.99,208.2,0.8,8.8,1386.9,35.9,5.5,3.7,0,38.845008416418494,0.0,0.0,30.25,29.625,2025-10-28 16:27:43
160.7,0.2,54.5,141.6,0.1,34.0,86.8,60.02,208.1,0.4,8.8,1386.9,35.9,5.5,3.7,0,38.845008416418494,0.0,0.0,30.187,29.625,2025-10-28 16:27:58
157.9,0.2,58.5,144.3,0.1,33.0,89.9,60.02,208.5,0.5,8.8,1386.9,35.9,5.5,3.7,0,38.845008416418494,0.0,0.0,30.187,29.625,2025-10-28 16:28:13
155.1,0.2,57.1,142.9,0.1,32.6,88.4,60,208.4,0.5,8.8,1386.9,35.9,5.5,3.7,0,38.845008416418494,0.0,0.0,30.187,29.625,2025-10-28 16:28:28
157.9,0.2,57.7,141.6,0.1,31.8,87.9,60.03,208.1,0.4,8.8,1386.9,35.9,5.5,3.7,0,38.845008416418494,0.0,0.0,30.187,29.625,2025-10-28 16:28:43
159.5,0.2,47.6,142.8,0.1,33.5,80.7,60.03,208.4,0.6,8.8,1386.9,36,5.5,3.7,0,38.845008416418494,0.0,0.0,30.187,29.562,2025-10-28 16:28:58
156,0.2,57.6,143.9,0.1,31.2,87.2,59.99,208.6,0.5,8.8,1386.9,36,5.5,3.7,0,38.845008416418494,0.0,0.0,30.125,29.562,2025-10-28 16:29:13
154.9,0.2,57.3,142.8,0.1,30.7,85.3,59.99,208.4,0.7,8.8,1386.9,36,5.5,3.7,0,38.845008416418494,0.0,0.0,30.062,29.562,2025-10-28 16:29:28
157.8,0.2,56.7,138.2,0.1,28.9,84.1,60.02,208.4,0.6,8.8,1386.9,35.9,5.5,3.7,0,38.845008416418494,0.0,0.0,30.062,29.562,2025-10-28 16:29:43
155.6,0.2,56.9,144.7,0.1,29.6,84.9,60.02,208.1,0.5,8.8,1386.9,35.9,5.5,3.7,0,38.845008416418494,0.0,0.0,30.062,29.5,2025-10-28 16:29:58
154.9,0.2,55.7,142.8,0.1,29.3,83.4,59.99,208.3,0.5,8.8,1386.9,35.9,5.5,3.7,0,38.845008416418494,0.0,0.0,30.0,29.5,2025-10-28 16:30:13
154.8,0.2,55.3,145.7,0.1,28.3,82.1,60,208.1,0.6,8.8,1386.9,35.9,5.5,3.7,0,38.845008416418494,0.0,0.0,30.0,29.5,2025-10-28 16:30:28
156.2,0.2,55.1,138.2,0.1,27.5,81.2,60,208.2,0.5,8.8,1386.9,35.9,5.5,3.7,0,38.845008416418494,0.0,0.0,29.937,29.5,2025-10-28 16:30:43
153.4,0.2,54.1,141.2,0.1,28.2,80.8,60,208.4,0.4,8.8,1386.9,35.9,5.5,3.7,0,38.845008416418494,0.0,0.0,29.937,29.437,2025-10-28 16:30:58
156.4,0.2,54.9,141.2,0.1,27.5,81.4,60.03,208.6,0.4,8.8,1386.9,35.9,5.5,3.7,0,38.845008416418494,0.0,0.0,29.875,29.437,2025-10-28 16:31:13
157.6,0.2,50.5,142.8,0.1,27.7,76.6,60.04,208.4,0.4,8.8,1386.9,35.8,5.5,3.7,0,38.845008416418494,0.0,0.0,29.875,29.437,2025-10-28 16:31:28
154.2,0.2,54.2,141.5,0.1,26.5,79.3,60.03,208.2,0.5,8.8,1386.9,35.8,5.5,3.7,0,38.845008416418494,0.0,0.0,29.875,29.437,2025-10-28 16:31:43
153.4,0.2,54.3,145.7,0.1,25.8,78.8,60.04,208.2,0.5,8.8,1386.9,35.8,5.5,3.7,0,38.845008416418494,0.0,0.0,29.875,29.437,2025-10-28 16:31:58
156.7,0.2,54.7,140.8,0.1,25.0,78.0,60.04,208.2,0.4,8.8,1386.9,35.8,5.5,3.7,0,0.0,0.0,0,29.812,29.375,2025-10-28 16:32:13
156.6,0.2,52.8,138.3,0.1,24.7,76.1,60.04,208.1,0.6,8.8,1386.9,35.8,5.5,3.7,0,38.845008416418494,0.0,0.0,29.812,29.375,2025-10-28 16:32:28
153.3,0.2,52.1,137.3,0.1,24.8,75.1,60.02,208.1,0.5,8.8,1386.9,35.8,5.5,3.7,0,0.0,0.0,0,29.75,29.375,2025-10-28 16:32:43
156.4,0.2,51.9,132.4,0.1,23.5,74.2,60,207.9,0.5,8.8,1386.9,35.8,5.5,3.7,0,0.0,0.0,0,29.75,29.312,2025-10-28 16:32:58
153.6,0.2,51.1,132.2,0.1,23.3,73.1,60.02,208.2,0.5,8.8,1386.9,35.7,5.5,3.7,0,38.845008416418494,0.0,0.0,29.75,29.312,2025-10-28 16:33:13
156.4,0.2,50.8,132.5,0.1,22.5,72.0,60.02,208.2,0.5,8.8,1386.9,35.8,5.5,3.7,0,0.0,0.0,0,29.75,29.312,2025-10-28 16:33:28
155.5,0.2,49.7,127.4,0.1,21.6,70.8,60.03,208.2,0.5,8.8,1386.9,35.8,5.5,3.7,0,0.0,0.0,0,29.75,29.312,2025-10-28 16:33:43
159.1,0.1,47.9,132.3,0.1,22.8,69.8,59.99,208.2,0.4,8.8,1386.9,35.8,5.5,3.7,0,0.0,0.0,0,29.75,29.25,2025-10-28 16:33:58
154.5,0.2,49.8,138.3,0.1,22.2,70.7,60.03,208.3,0.4,8.8,1386.9,35.8,5.5,3.7,0,0.0,0.0,0,29.687,29.25,2025-10-28 16:34:13
152.1,0.2,48.8,142.8,0.1,22.0,70.7,60.01,208.3,0.5,8.8,1386.9,35.8,5.5,3.7,0,0.0,0.0,0,29.687,29.25,2025-10-28 16:34:28
154.9,0.2,48.9,136.8,0.1,21.4,69.1,60.02,208.2,0.4,8.8,1386.9,35.7,5.5,3.7,0,0.0,0.0,0,29.687,29.25,2025-10-28 16:34:43
156.4,0.2,49.1,142.5,0.1,21.3,69.2,60.02,208.3,0.3,8.8,1386.9,35.7,5.5,3.7,0,0.0,0.0,0,29.687,29.25,2025-10-28 16:34:58
154.9,0.2,48.5,138.1,0.1,20.5,67.9,60.01,208.4,0.5,8.8,1386.9,35.7,5.5,3.7,0,0.0,0.0,0,29.687,29.25,2025-10-28 16:35:13
152.2,0.2,47.7,139.9,0,20.3,66.4,60.02,208.4,0.5,8.8,1386.9,35.7,5.5,3.7,0,0.0,0.0,0,29.625,29.187,2025-10-28 16:35:28
159.7,0.1,4.9,157.2,0,4.3,10.4,60.01,208.4,0.5,8.8,1386.9,35.6,5.5,3.7,0,0.0,0.0,0,29.625,29.187,2025-10-28 16:35:43
158.8,0.1,46.2,138.4,0,19.8,65.1,59.98,208.1,0.4,8.8,1386.9,35.6,5.5,3.7,0,0.0,0.0,0,29.625,29.187,2025-10-28 16:35:58
156.1,0.2,47.4,138.2,0,19.0,65.1,59.99,208.5,0.4,8.8,1386.9,35.6,5.5,3.7,0,0.0,0.0,0,29.625,29.187,2025-10-28 16:36:13
153.8,0.1,45.8,132.4,0,18.2,62.9,60,208.5,0.4,8.8,1386.9,35.6,5.5,3.7,0,0.0,0.0,0,29.625,29.187,2025-10-28 16:36:28
154.1,0.2,45.7,129.5,0,17.1,61.7,60,208.4,0.5,8.8,1386.9,35.6,5.5,3.7,0,0.0,0.0,0,29.625,29.187,2025-10-28 16:36:43
150.6,0.1,44.6,126.4,0,16.3,59.8,60.01,208.5,0.4,8.8,1386.9,35.6,5.5,3.7,0,0.0,0.0,0,29.625,29.187,2025-10-28 16:36:58
153.1,0.1,43.9,123.5,0,16.2,59.1,59.99,208.5,0.4,8.8,1386.9,35.6,5.5,3.7,0,0.0,0.0,0,29.562,29.125,2025-10-28 16:37:13
150.5,0.1,44.2,129.2,0,15.9,58.9,59.98,208.5,0.4,8.8,1386.9,35.6,5.5,3.7,0,0.0,0.0,0,29.562,29.125,2025-10-28 16:37:28
150.4,0.1,44.5,132.3,0,15.3,58.9,59.98,208.5,0.4,8.8,1386.9,35.6,5.5,3.7,0,0.0,0.0,0,29.562,29.125,2025-10-28 16:37:43
150.3,0.1,43.8,134.4,0,14.8,58.0,59.97,208.7,0.4,8.8,1386.9,35.6,5.5,3.7,0,0.0,0.0,0,29.562,29.125,2025-10-28 16:37:58
150.3,0.1,43.6,126.9,0,14.2,56.6,60,208.9,0.3,8.8,1386.9,35.6,5.5,3.7,0,0.0,0.0,0,29.562,29.062,2025-10-28 16:38:13
144.6,0.1,42.0,132.3,0,15.1,56.1,59.98,208.8,0.5,8.8,1386.9,35.5,5.5,3.7,0,0.0,0.0,0,29.5,29.062,2025-10-28 16:38:28
144.1,0.1,42.2,132.4,0,14.3,55.0,59.97,208.9,0.4,8.8,1386.9,35.5,5.5,3.7,0,0.0,0.0,0,29.5,29.062,2025-10-28 16:38:43
144.1,0.1,43.4,137.7,0,13.2,55.7,59.99,208.8,0.4,8.8,1386.9,35.5,5.5,3.7,0,0.0,0.0,0,29.5,29.062,2025-10-28 16:38:58
147.4,0.1,41.2,129.4,0,13.6,54.1,59.97,208.7,0.5,8.8,1386.9,35.5,5.5,3.7,0,0.0,0.0,0,29.5,29.062,2025-10-28 16:39:13
141.6,0.1,41.3,136.5,0,13.1,53.5,59.98,208.8,0.4,8.8,1386.9,35.5,5.5,3.7,0,0.0,0.0,0,29.5,29.0,2025-10-28 16:39:28
138.5,0.1,42.7,147.1,0,9.6,52.2,59.98,208.8,0.4,8.8,1386.9,35.5,5.5,3.7,0,0.0,-37.90271636133923,0,29.5,29.0,2025-10-28 16:39:43
163,0.1,7.0,158.7,0,2.7,11.0,59.97,208.6,0.3,8.8,1386.9,35.5,5.5,3.7,0,0.0,-37.90271636133923,0,29.5,29.0,2025-10-28 16:39:58
134.4,0.1,39.9,142.7,0,11.6,50.8,59.97,208.7,0.3,8.8,1386.9,35.5,5.5,3.7,0,0.0,0.0,0,29.5,29.0,2025-10-28 16:40:13
143.2,0.1,41.7,142.7,0,11.4,51.6,59.97,208.7,0.3,8.8,1386.9,35.4,5.5,3.7,0,0.0,0.0,0,29.437,29.0,2025-10-28 16:40:28
143.1,0.1,39.6,139.5,0,12.0,50.7,59.97,208.8,0.4,8.8,1386.9,35.4,5.5,3.7,0,0.0,0.0,0,29.375,28.937,2025-10-28 16:40:43
140.4,0.1,38.4,136.6,0,11.9,49.4,60,208.6,0.5,8.8,1386.9,35.4,5.5,3.7,0,0.0,-37.90271636133923,0,29.437,28.937,2025-10-28 16:40:58
140.1,0.1,39.3,138.2,0,10.4,49.0,60.01,208.8,0.3,8.8,1386.9,35.4,5.5,3.7,0,0.0,0.0,0,29.437,28.937,2025-10-28 16:41:13
143.2,0.1,39.5,137,0,9.5,48.1,60.02,208.8,0.4,8.8,1386.9,35.4,5.5,3.7,0,0.0,0.0,0,29.437,28.875,2025-10-28 16:41:28
137.1,0.1,39.2,139.7,0,9.4,47.9,60.03,208.8,0.3,8.8,1386.9,35.4,5.5,3.7,0,0.0,-37.90271636133923,0,29.437,28.875,2025-10-28 16:41:43
140.2,0.1,38.1,134.1,0,8.9,46.3,60,208.7,0.4,8.8,1386.9,35.4,5.5,3.7,0,0.0,0.0,0,29.437,28.875,2025-10-28 16:41:58
140.2,0.1,38.2,135.3,0,8.4,46.3,59.97,208.9,0.3,8.8,1386.9,35.4,5.5,3.7,0,0.0,0.0,0,29.375,28.812,2025-10-28 16:42:13
140.1,0.1,37.8,130.9,0,8.1,45.2,59.98,208.9,0.3,8.8,1386.9,35.4,5.5,3.7,0,0.0,0.0,0,29.375,28.812,2025-10-28 16:42:28
137.3,0.1,36.6,130.9,0,8.2,44.0,59.96,208.9,0.4,8.8,1386.9,35.4,5.5,3.7,0,0.0,-37.90271636133923,0,29.437,28.812,2025-10-28 16:42:43
143.2,0.1,37.1,130.5,0,7.2,43.8,60.01,208.9,0.4,8.8,1386.9,35.3,5.5,3.7,0,0.0,0.0,0,29.375,28.812,2025-10-28 16:42:58
143.2,0.1,37.4,127.8,0,6.4,43.1,59.98,208.9,0.4,8.8,1386.9,35.3,5.5,3.7,0,0.0,-37.90271636133923,0,29.375,28.812,2025-10-28 16:43:13
141.1,0.1,34.8,116.1,0,7.0,40.8,59.97,208.8,0.3,8.8,1386.9,35.3,5.5,3.7,0,0.0,-37.90271636133923,0,29.375,28.812,2025-10-28 16:43:28
143.2,0.1,35.2,120.2,0,6.3,40.9,59.99,208.6,0.4,8.8,1386.9,35.3,5.5,3.7,0,0.0,-37.90271636133923,0,29.375,28.812,2025-10-28 16:43:43
139.8,0.1,36.0,127.7,0,5.7,41.1,59.98,208.6,0.4,8.8,1386.9,35.2,5.5,3.7,0,0.0,0.0,0,29.312,28.812,2025-10-28 16:43:58
162.8,0.1,1.8,158.6,0,1.8,5.7,59.99,208.6,0.3,8.8,1386.9,35.2,5.5,3.7,0,0.0,-37.90271636133923,0,29.312,28.812,2025-10-28 16:44:13
153.7,0.1,36.7,132.1,0,4.6,41.0,60.01,208.5,0.3,8.8,1386.9,35.2,5.5,3.7,0,0.0,0.0,0,29.312,28.812,2025-10-28 16:44:28
153.7,0.1,36.2,131.7,0,4.0,39.6,60,208.6,0.4,8.8,1386.9,35.2,5.5,3.7,0,0.0,0.0,0,29.312,28.812,2025-10-28 16:44:43
147.8,0.1,35.0,132.2,0,4.6,39.0,60.03,208.5,0.3,8.8,1386.9,35.2,5.5,3.7,0,0.0,0.0,0,29.437,28.812,2025-10-28 16:44:58
147.8,0.1,35.2,137.7,0,4.4,39.0,60.02,208.6,0.4,8.8,1386.9,35.2,5.5,3.7,0,0.0,0.0,0,29.312,28.812,2025-10-28 16:45:13
144.7,0.1,33.8,132.1,0,4.4,37.8,60.02,208.6,0.3,8.8,1386.9,35.2,5.5,3.7,0,0.0,-37.90271636133923,0,29.312,28.812,2025-10-28 16:45:28
136,0.1,33.7,126.2,0,4.2,37.3,60.04,208.6,0.5,8.8,1386.9,35.2,5.5,3.7,0,0.0,0.0,0,29.312,28.812,2025-10-28 16:45:43
138.8,0.1,33.1,125.8,0,3.9,36.4,60.04,208.7,0.4,8.8,1386.9,35.2,5.5,3.7,0,0.0,0.0,0,29.312,28.812,2025-10-28 16:45:58
142.1,0.1,32.2,120.5,0,3.5,35.2,60.04,208.7,0.4,8.8,1386.9,35.2,5.5,3.7,0,0.0,0.0,0,29.25,28.812,2025-10-28 16:46:13
145.9,0.1,32.2,127.9,0,3.5,35.3,60.02,208.7,0.4,8.8,1386.9,35.1,5.5,3.7,0,0.0,0.0,0,29.5,28.75,2025-10-28 16:46:28
147.8,0.1,32.0,122.1,0,3.2,34.8,60.02,208.8,0.4,8.8,1386.9,35.1,5.5,3.7,0,0.0,0.0,0,29.25,28.75,2025-10-28 16:46:43
141.9,0.1,32.1,132.9,0,3.5,35.0,59.99,208.9,0.4,8.8,1386.9,35,5.5,3.7,0,0.0,0.0,0,29.25,28.75,2025-10-28 16:46:58
139.1,0.1,30.9,123.9,0,3.2,33.6,59.98,208.8,0.4,8.8,1386.9,35,5.5,3.7,0,0.0,-37.90271636133923,0,29.25,28.75,2025-10-28 16:47:13
141.4,0.1,31.7,132.4,0,3.2,34.4,60.05,208.8,0.3,8.8,1386.9,35.1,5.5,3.7,0,0.0,-37.90271636133923,0,29.25,28.75,2025-10-28 16:47:28
140.5,0.1,30.9,131,0,3.0,33.5,60.01,208.8,0.3,8.8,1386.9,35,5.5,3.7,0,0.0,0.0,0,29.187,28.75,2025-10-28 16:47:43
140.7,0.1,30.7,136.6,0,2.9,33.1,59.99,208.6,0.4,8.8,1386.9,35,5.5,3.7,0,0.0,-37.90271636133923,0,29.187,28.687,2025-10-28 16:47:58
139.5,0.1,29.6,124.6,0,2.8,31.9,59.98,208.5,0.3,8.8,1386.9,35,5.5,3.7,0,0.0,-37.90271636133923,0,29.187,28.687,2025-10-28 16:48:13
153,0,24.2,142.7,0,2.7,27.0,60.01,208.7,0.3,8.8,1386.9,35,5.5,3.7,0,0.0,0.0,0,29.187,28.687,2025-10-28 16:48:28
143.5,0,28.5,127.2,0,2.5,30.9,60.02,208.6,0.4,8.8,1386.9,35,5.5,3.7,0,0.0,-37.90271636133923,0,29.187,28.687,2025-10-28 16:48:43
135.7,0.1,28.2,124.7,0,2.4,30.2,59.99,208.9,0.4,8.8,1386.9,35.1,5.5,3.7,0,0.0,0.0,0,29.187,28.625,2025-10-28 16:48:58
127.6,0.1,26.3,145.8,0,2.8,28.7,59.98,209,0.3,8.8,1386.9,35,5.5,3.7,0,0.0,0.0,0,29.187,28.625,2025-10-28 16:49:13
131.6,0,23.1,146.9,0,2.7,25.3,59.98,209.1,0.3,8.8,1386.9,35,5.5,3.7,0,0.0,0.0,0,29.187,28.625,2025-10-28 16:49:28
131.6,0,16.6,151.2,0,1.9,17.9,60.04,209.3,0.5,8.8,1386.9,35,5.5,3.7,0,0.0,-37.90271636133923,0,29.187,28.625,2025-10-28 16:49:43
137.5,0,21.2,152.3,0,2.6,24.1,60.05,209.1,0.4,8.8,1386.9,35,5.5,3.7,0,0.0,-37.90271636133923,0,29.125,28.625,2025-10-28 16:49:58
137.6,0,23.9,147.5,0,2.8,26.4,60.02,209.2,0.4,8.8,1386.9,35,5.5,3.7,0,0.0,0.0,0,29.125,28.625,2025-10-28 16:50:13
139.3,0,24.4,144,0,3.0,26.9,60,209.2,0.3,8.8,1386.9,35,5.5,3.7,0,0.0,0.0,0,29.187,28.625,2025-10-28 16:50:28
137.3,0,20.9,150.2,0,2.6,23.1,60,209.2,0.4,8.8,1386.9,35,5.5,3.7,0,0.0,-37.90271636133923,0,29.062,28.625,2025-10-28 16:50:43
125.4,0,14.0,155.6,0,1.8,15.5,60,209.2,0.4,8.8,1386.9,35,5.5,3.7,0,0.0,-37.90271636133923,0,29.062,28.562,2025-10-28 16:50:58
131.7,0,14.9,154.9,0,2.1,16.8,60,209.2,0.3,8.8,1386.9,35,5.5,3.7,0,0.0,-37.90271636133923,0,29.062,28.562,2025-10-28 16:51:13
126.6,0,17.6,153,0,2.2,18.2,60.04,209.1,0.5,8.8,1386.9,35,5.5,3.7,0,0.0,-37.90271636133923,0,29.062,28.562,2025-10-28 16:51:28
128.5,0,19.5,148,0,2.7,21.9,59.98,208.8,0.3,8.8,1386.9,35,5.5,3.7,0,0.0,-37.90271636133923,0,29.062,28.562,2025-10-28 16:51:43
137,0,21.6,128.2,0,2.9,24.3,59.99,208.8,0.4,8.8,1386.9,35,5.5,3.7,0,0.0,-37.90271636133923,0,29.0,28.562,2025-10-28 16:51:58
142.1,0,20.7,142.7,0,3.2,23.7,59.98,208.7,0.3,8.8,1386.9,34.9,5.5,3.7,0,0.0,-37.90271636133923,0,29.0,28.562,2025-10-28 16:52:13
148.4,0,18.2,148.9,0,3.0,20.9,59.98,208.9,0.3,8.8,1386.9,34.9,5.5,3.7,0,0.0,-37.90271636133923,0,29.0,28.5,2025-10-28 16:52:28
138.6,0,16.9,149,0,2.8,19.9,59.98,208.9,0.4,8.8,1386.9,34.9,5.5,3.7,0,0.0,-37.90271636133923,0,29.0,28.437,2025-10-28 16:52:43
147.3,0,19.5,125.4,0,2.8,22.1,60,208.8,0.5,8.8,1386.9,34.9,5.5,3.7,0,0.0,-37.90271636133923,0,28.937,28.5,2025-10-28 16:52:58
147,0,19.0,139.6,0,3.5,21.6,60.01,208.7,0.5,8.8,1386.9,34.9,5.5,3.7,0,0.0,0.0,0,28.937,28.5,2025-10-28 16:53:13
141.3,0,15.3,145.7,0,2.8,17.5,60.02,208.7,0.4,8.8,1386.9,34.9,5.5,3.7,0,0.0,0.0,0,28.937,28.437,2025-10-28 16:53:28
144.5,0,16.1,147.9,0,3.2,19.2,60,208.7,0.4,8.8,1386.9,34.9,5.5,3.7,0,0.0,-37.90271636133923,0,28.937,28.437,2025-10-28 16:53:43
134.3,0,12.4,151,0,2.5,14.8,60.01,208.6,0.4,8.8,1386.9,34.8,5.5,3.7,0,0.0,-37.90271636133923,0,28.937,28.437,2025-10-28 16:53:58
138.3,0,13.8,149.2,0,3.0,16.3,60.02,208.6,0.4,8.8,1386.9,34.8,5.5,3.7,0,0.0,-37.90271636133923,0,28.875,28.437,2025-10-28 16:54:13
141,0,12.1,151.5,0,2.7,14.7,59.99,208.7,0.4,8.8,1386.9,34.8,5.5,3.7,0,0.0,-37.90271636133923,0,28.875,28.437,2025-10-28 16:54:28
135.3,0,10.2,152.6,0,2.2,12.2,59.99,208.8,0.3,8.8,1386.9,34.8,5.5,3.7,0,0.0,-37.90271636133923,0,28.875,28.437,2025-10-28 16:54:43
127.4,0,10.2,149.9,0,2.2,15.2,59.99,208.9,0.4,8.8,1386.9,34.8,5.5,3.7,0,0.0,-37.90271636133923,0,28.875,28.437,2025-10-28 16:54:58
127.4,0,11.6,148.3,0,2.7,14.2,60.01,208.9,0.3,8.8,1386.9,34.7,5.5,3.7,0,0.0,-37.90271636133923,0,28.812,28.437,2025-10-28 16:55:13
123.9,0,12.6,145.4,0,2.8,15.3,60.01,209,0.4,8.8,1386.9,34.7,5.5,3.7,0,0.0,-37.90271636133923,0,28.812,28.437,2025-10-28 16:55:28
126.8,0,8.9,148.7,0,2.6,13.2,60.04,209,0.4,8.8,1386.9,34.7,5.5,3.7,0,0.0,0.0,0,28.812,28.437,2025-10-28 16:55:43
126.6,0,7.9,152.4,0,2.0,9.9,60.02,209,0.4,8.8,1386.9,34.7,5.5,3.7,0,0.0,-37.90271636133923,0,28.812,28.437,2025-10-28 16:55:58
133.3,0,13.0,125.7,0,3.4,16.1,60.03,209,0.3,8.8,1386.9,34.7,5.5,3.7,0,0.0,-37.90271636133923,0,28.812,28.437,2025-10-28 16:56:13
142,0,11.8,132,0,3.5,15.2,60.01,208.8,0.4,8.8,1386.9,34.6,5.5,3.7,0,0.0,-37.90271636133923,0,28.75,28.437,2025-10-28 16:56:28
141.5,0,7.5,151.2,0,2.6,10.0,59.97,208.8,0.4,8.8,1386.9,34.6,5.5,3.7,0,0.0,-37.90271636133923,0,28.75,28.437,2025-10-28 16:56:43
138.5,0,9.0,146.2,0,3.1,12.1,59.98,208.8,0.4,8.8,1386.9,34.6,5.5,3.7,0,0.0,-37.90271636133923,0,28.75,28.375,2025-10-28 16:56:58
135.5,0,10.6,121,0,3.4,13.9,60.01,208.6,0.4,8.8,1386.9,34.6,5.5,3.7,0,0.0,-37.90271636133923,0,28.75,28.375,2025-10-28 16:57:13
135.6,0,10.2,133.5,0,3.5,13.8,60.03,208.7,0.4,8.8,1386.9,34.6,5.5,3.7,0,0.0,0.0,0,28.687,28.375,2025-10-28 16:57:28
121,0,5.1,151.7,0,1.8,7.0,59.99,208.8,0.4,8.8,1386.9,34.6,5.5,3.7,0,0.0,-37.90271636133923,0,28.687,28.375,2025-10-28 16:57:43
119.1,0,6.6,146.8,0,2.5,9.3,60,208.7,0.4,8.8,1386.9,34.6,5.5,3.7,0,0.0,-37.90271636133923,0,28.687,28.312,2025-10-28 16:57:58
120.6,0,5.8,148.4,0,2.6,8.4,60.01,208.6,0.2,8.8,1386.9,34.6,5.5,3.7,0,0.0,-37.90271636133923,0,28.687,28.312,2025-10-28 16:58:13
114.9,0,4.2,150.3,0,1.9,6.2,60.01,208.6,0.3,8.8,1386.9,34.6,5.5,3.7,0,0.0,-37.90271636133923,0,28.687,28.312,2025-10-28 16:58:28
118.6,0,6.1,143.9,0,3.1,9.2,60,208.8,0.3,8.8,1386.9,34.6,5.5,3.7,0,0.0,-37.90271636133923,0,28.687,28.312,2025-10-28 16:58:43
122.9,0,4.7,147.7,0,2.4,7.3,59.99,208.9,0.3,8.8,1386.9,34.6,5.5,3.7,0,0.0,-37.90271636133923,0,28.625,28.312,2025-10-28 16:58:58
120.8,0,4.0,148.8,0,2.4,6.2,60,209.1,0.3,8.8,1386.9,34.6,5.5,3.7,0,0.0,0.0,0,28.625,28.312,2025-10-28 16:59:13
114.9,0,3.2,148.9,0,1.8,5.7,60,209.1,0.4,8.8,1386.9,34.6,5.5,3.7,0,0.0,-37.90271636133923,0,28.625,28.25,2025-10-28 16:59:28
111.7,0,3.2,150.2,0,2.1,5.3,60.02,208.8,0.3,8.8,1386.9,34.6,5.5,3.7,0,0.0,-37.90271636133923,0,28.625,28.25,2025-10-28 16:59:43
116.6,0,4.3,144.3,0,2.4,6.2,60,208.4,0.4,8.8,1386.9,34.6,5.5,3.7,0,0.0,-37.90271636133923,0,28.625,28.25,2025-10-28 16:59:58
120.7,0,2.4,149.6,0,1.8,4.3,59.96,208.4,0.4,8.8,1386.9,34.6,5.5,3.7,0,0.0,-37.90271636133923,0,28.562,28.25,2025-10-28 17:00:13
132.5,0,5.3,129,0,3.0,8.3,60,208.4,0.3,8.8,1386.9,34.5,5.5,3.7,0,0.0,0.0,0,28.562,28.25,2025-10-28 17:00:28
123.9,0,4.3,138,0,3.0,7.4,60.02,208.6,0.4,8.8,1386.9,34.5,5.5,3.7,0,0.0,-37.90271636133923,0,28.562,28.25,2025-10-28 17:00:43
129.6,0,3.2,144,0,2.6,5.9,60.02,208.5,0.4,8.8,1386.9,34.5,5.5,3.7,0,0.0,-37.90271636133923,0,28.562,28.25,2025-10-28 17:00:58
132.4,0,2.2,143.8,0,2.0,4.2,59.97,208.9,0.4,8.8,1386.9,34.4,5.5,3.7,0,0.0,-37.90271636133923,0,28.562,28.25,2025-10-28 17:01:13
127,0,3.6,128.2,0,2.8,6.4,60,208.8,0.3,8.8,1386.9,34.4,5.5,3.7,0,0.0,-37.90271636133923,0,28.562,28.25,2025-10-28 17:01:28
119.9,0,2.7,141.9,0,2.5,5.1,60,208.8,0.4,8.8,1386.9,34.4,5.5,3.7,0,0.0,0.0,0,28.562,28.187,2025-10-28 17:01:43
114,0,1.7,144.8,0,1.9,3.8,59.99,208.9,0.4,8.8,1386.9,34.4,5.5,3.7,0,0.0,-37.90271636133923,0,28.5,28.187,2025-10-28 17:01:58
108,0,1.8,144.9,0,2.1,3.8,59.98,208.9,0.3,8.8,1386.9,34.4,5.5,3.7,0,0.0,-37.90271636133923,0,28.5,28.187,2025-10-28 17:02:13
130.1,0,1.6,144.1,0,1.7,3.5,60.01,208.8,0.4,8.8,1386.9,34.3,5.5,3.7,0,0.0,-37.90271636133923,0,28.5,28.187,2025-10-28 17:02:28
150.8,0,0.5,145.5,0,0.5,0.9,60.01,208.9,0.3,8.8,1386.9,34.3,5.5,3.7,0,0.0,-37.90271636133923,0,28.437,28.187,2025-10-28 17:02:43
145.7,0,0.9,148.2,0,0.9,1.6,60.01,209.1,0.3,8.8,1386.9,34.3,5.5,3.7,0,0.0,-37.90271636133923,0,28.312,28.125,2025-10-28 17:02:58
149,0,0.4,147.2,0,0.3,0.8,59.98,209,0.4,8.8,1386.9,34.3,5.5,3.7,0,-38.845008416418494,-37.90271636133923,0,28.437,28.125,2025-10-28 17:03:13
149.7,0,0.7,146,0,0.6,1.2,60.01,209,0.3,8.8,1386.9,34.2,5.5,3.7,0,-38.845008416418494,-37.90271636133923,0,28.5,28.125,2025-10-28 17:03:28
151.1,0,0.3,144.8,0,0.2,0.6,60.02,208.9,0.4,8.8,1386.9,34.2,5.5,3.7,0,0.0,-37.90271636133923,0,28.437,28.125,2025-10-28 17:03:43
145.7,0,1.2,145.5,0,1.2,2.1,60.01,209,0.3,8.8,1386.9,34.2,5.5,3.7,0,-38.845008416418494,-37.90271636133923,0,28.375,28.062,2025-10-28 17:03:58
150,0,0.4,144.3,0,0.3,0.7,59.99,208.8,0.4,8.8,1386.9,34.2,5.5,3.7,0,0.0,-37.90271636133923,0,28.625,28.062,2025-10-28 17:04:13
145.9,0,0.5,147.3,0,0.5,0.9,59.99,208.8,0.3,8.8,1386.9,34.2,5.5,3.7,0,-38.845008416418494,-37.90271636133923,0,28.375,28.062,2025-10-28 17:04:28
125.4,0,1.7,122.4,0,1.5,3.4,59.99,208.9,0.3,8.8,1386.9,34.1,5.5,3.7,0,0.0,-37.90271636133923,0,28.375,28.062,2025-10-28 17:04:43
116.9,0,1.6,114.8,0,1.5,3.3,59.99,208.9,0.3,8.8,1386.9,34.1,5.5,3.7,0,-38.845008416418494,-37.90271636133923,0,28.375,28.125,2025-10-28 17:04:58
143.8,0,1.4,139.3,0,1.4,2.6,59.99,208.7,0.3,8.8,1386.9,34.1,5.5,3.7,0,-38.845008416418494,-37.90271636133923,0,28.375,28.062,2025-10-28 17:05:13
145.2,0,1.3,136.6,0,1.2,2.2,60,208.7,0.4,8.8,1386.9,34.1,5.5,3.7,0,-38.845008416418494,-37.90271636133923,0,28.375,28.062,2025-10-28 17:05:28
124.6,0,1.6,117.9,0,1.4,3.2,60.02,208.6,0.4,8.8,1386.9,34.1,5.5,3.7,0,-38.845008416418494,-37.90271636133923,0,28.375,28.125,2025-10-28 17:05:43
128.3,0,1.4,119.3,0,1.1,2.3,60.02,208.7,0.3,8.8,1386.9,34.1,5.5,3.7,0,0.0,-37.90271636133923,0,28.375,28.125,2025-10-28 17:05:58
147.9,0,0.3,143,0,0.3,0.6,60.02,208.7,0.4,8.8,1386.9,34,5.5,3.7,0,-38.845008416418494,-37.90271636133923,0,28.375,28.125,2025-10-28 17:06:13
146.9,0,0.5,138.9,0,0.5,1.0,60.02,208.7,0.4,8.8,1386.9,34,5.5,3.7,0,0.0,0.0,0,28.375,28.125,2025-10-28 17:06:28
145.5,0,0.8,136.3,0,0.5,1.1,60.02,208.8,0.3,8.8,1386.9,33.9,5.5,3.7,0,0.0,-37.90271636133923,0,28.375,28.125,2025-10-28 17:06:43
144.1,0,0.9,137.6,0,0.9,1.7,60.01,208.7,0.4,8.8,1386.9,33.9,5.5,3.7,0,-38.845008416418494,-37.90271636133923,0,28.375,28.125,2025-10-28 17:06:58
145.5,0,0.2,144.7,0,0.2,0.5,60.02,208.8,0.3,8.8,1386.9,33.9,5.5,3.7,0,0.0,-37.90271636133923,0,28.312,28.125,2025-10-28 17:07:13
144.6,0,0.8,144.4,0,0.8,1.3,60.04,208.8,0.3,8.8,1386.9,33.9,5.5,3.7,0,0.0,-37.90271636133923,0,28.375,28.125,2025-10-28 17:07:28
136.8,0,0.8,138.2,0,0.8,2.2,60.02,208.8,0.3,8.8,1386.9,33.9,5.5,3.7,0,-38.845008416418494,0.0,0,28.312,28.125,2025-10-28 17:07:43
146.2,0,0.0,143.5,0,0.0,0.2,59.99,209,0.3,8.8,1386.9,34,5.5,3.7,0,-38.845008416418494,-37.90271636133923,0,28.5,28.125,2025-10-28 17:07:58
140.8,0,0.7,138.3,0,0.7,1.3,60.04,209.2,0.5,8.8,1386.9,34,5.5,3.7,0,-38.845008416418494,-37.90271636133923,0,28.312,28.062,2025-10-28 17:08:13
137.3,0,0.6,143.5,0,0.7,1.4,60.02,209.2,0.4,8.8,1386.9,34,5.5,3.7,0,-38.845008416418494,-37.90271636133923,0,28.312,28.062,2025-10-28 17:08:28
147,0,0.8,135.3,0,0.8,1.5,60.04,209.1,0.4,8.8,1386.9,34,5.5,3.7,0,-38.845008416418494,0.0,0,28.312,28.062,2025-10-28 17:08:43
124.8,0,1.0,121.1,0,1.0,1.8,60.05,208.8,0.4,8.8,1386.9,34,5.5,3.7,0,-38.845008416418494,-37.90271636133923,0,28.312,28.062,2025-10-28 17:08:58
118,0,0.9,109.1,0,0.8,1.7,60.01,208.8,0.3,8.8,1386.9,34,5.5,3.7,0,-38.845008416418494,-37.90271636133923,0,28.25,28.062,2025-10-28 17:09:13
142.7,0,0.4,134.6,0,0.3,0.8,60.03,208.9,0.3,8.8,1386.9,34,5.5,3.7,0,-38.845008416418494,-37.90271636133923,0,28.25,28.062,2025-10-28 17:09:28
139.1,0,0.3,138.5,0,0.3,0.6,60,208.8,0.4,8.8,1386.9,34,5.5,3.7,0,-38.845008416418494,-37.90271636133923,0,28.25,28.062,2025-10-28 17:09:43
118.1,0,0.7,115.5,0,0.7,1.3,59.99,209,0.4,8.8,1386.9,34,5.5,3.7,0,-38.845008416418494,-37.90271636133923,0,28.25,28.062,2025-10-28 17:09:58
114.6,0,0.8,105,0,0.5,1.1,60,209.3,0.4,8.8,1386.9,34,5.5,3.7,0,-38.845008416418494,-37.90271636133923,0,28.25,28.062,2025-10-28 17:10:13
140.3,0,0.5,131.8,0,0.4,1.0,59.96,209.2,0.3,8.8,1386.9,34,5.5,3.7,0,-38.845008416418494,-37.90271636133923,0,28.25,28.0,2025-10-28 17:10:28
137.9,0,0.3,137.5,0,0.3,0.6,59.98,209.3,0.3,8.8,1386.9,34,5.5,3.7,0,-38.845008416418494,-37.90271636133923,0,28.25,28.0,2025-10-28 17:10:43
138.1,0,0.1,140,0,0.6,1.1,59.98,209.5,0.4,8.8,1386.9,34,5.5,3.7,0,-38.845008416418494,-37.90271636133923,0,28.25,28.0,2025-10-28 17:10:58
137.8,0,0.4,139.7,0,0.4,0.8,59.97,209.4,0.3,8.8,1386.9,34,5.5,3.7,0,0.0,-37.90271636133923,0,28.25,28.0,2025-10-28 17:11:13
137.7,0,0.2,138.5,0,0.2,0.3,60,209.3,0.4,8.8,1386.9,34,5.5,3.7,0,-38.845008416418494,-37.90271636133923,0,28.187,27.937,2025-10-28 17:11:28
137.1,0,0.4,138.7,0,0.4,0.8,60.01,209.3,0.3,8.8,1386.9,34,5.5,3.7,0,0.0,0.0,0,28.187,27.937,2025-10-28 17:11:43
136,0,0.3,138.2,0,0.4,0.8,60.01,209.2,0.4,8.8,1386.9,34.1,5.5,3.7,0,0.0,-37.90271636133923,0,28.187,27.937,2025-10-28 17:11:58
136.5,0,0.3,137.9,0,0.3,0.6,60,209.3,0.4,8.8,1386.9,34.1,5.5,3.7,0,-38.845008416418494,-37.90271636133923,0,28.187,27.937,2025-10-28 17:12:13
140,0,0.2,137.5,0,0.2,0.5,60.03,209.2,0.5,8.8,1386.9,34.1,5.5,3.7,0,-38.845008416418494,-37.90271636133923,0,28.187,27.875,2025-10-28 17:12:28
141.6,0,0.3,137.1,0,0.1,0.4,59.99,209.2,0.4,8.8,1386.9,34.1,5.5,3.7,0,-38.845008416418494,-37.90271636133923,0,28.125,27.937,2025-10-28 17:12:43
141.1,0,0.1,136.7,0,0.0,0.2,59.97,209.3,0.4,8.8,1386.9,34.1,5.5,3.7,0,-38.845008416418494,-37.90271636133923,0,28.125,27.875,2025-10-28 17:12:58
117.5,0,0.2,113.7,0,0.2,0.5,60.03,209.3,0.4,8.8,1386.9,34.1,5.5,3.7,0,-38.845008416418494,-37.90271636133923,0,28.125,27.875,2025-10-28 17:13:13
108.9,0,0.9,107.1,0,0.9,1.5,60.03,209.1,0.3,8.8,1386.9,34,5.5,3.7,0,-38.845008416418494,-37.90271636133923,0,28.125,27.875,2025-10-28 17:13:28
130.6,0,0.2,130.3,0,0.2,0.4,60.01,209.1,0.5,8.8,1386.9,34,5.5,3.7,0,-38.845008416418494,0.0,0,28.125,27.875,2025-10-28 17:13:43
140.1,0,0.2,128.8,0,0.1,0.4,60,209,0.4,8.8,1386.9,34,5.5,3.7,0,-38.845008416418494,-37.90271636133923,0,28.062,27.812,2025-10-28 17:13:58
116.2,0,0.2,110.3,0,0.2,0.5,59.97,209.1,0.4,8.8,1386.9,34,5.5,3.7,0,0.0,-37.90271636133923,0,28.125,27.812,2025-10-28 17:14:13
127.4,0,0.5,107.4,0,0.4,1.0,60.03,209.1,0.3,8.8,1386.9,34,5.5,3.7,0,-38.845008416418494,-37.90271636133923,0,28.062,27.812,2025-10-28 17:14:28
139.7,0,0.2,134.3,0,0.2,0.4,59.99,209,0.4,8.8,1386.9,34,5.5,3.7,0,-38.845008416418494,-37.90271636133923,0,28.062,27.812,2025-10-28 17:14:43
139.3,0,0.1,128.4,0,0.0,0.1,59.99,209,0.4,8.8,1386.9,34,5.5,3.7,0,-38.845008416418494,-37.90271636133923,0,28.062,27.812,2025-10-28 17:14:58
137.6,0,0.3,131.8,0,0.2,0.4,59.98,208.8,0.2,8.8,1386.9,34,5.5,3.7,0,-38.845008416418494,-37.90271636133923,0,28.062,27.75,2025-10-28 17:15:13
138.9,0,0.4,132,0,0.3,0.7,59.99,208.9,0.3,8.8,1386.9,34.1,5.5,3.7,0,-38.845008416418494,-37.90271636133923,0,28.062,27.75,2025-10-28 17:15:28
138.6,0,0.2,130.3,0,0.2,0.5,59.99,208.8,0.3,8.8,1386.9,34.1,5.5,3.7,0,-38.845008416418494,0.0,0,28.062,27.75,2025-10-28 17:15:43
138.3,0,0.5,130.2,0,0.4,1.0,59.97,208.9,0.4,8.8,1386.9,34.1,5.5,3.7,0,-38.845008416418494,-37.90271636133923,0,28.0,27.75,2025-10-28 17:15:58
138.1,0,0.5,130.3,0,0.4,0.7,60,208.8,0.4,8.8,1386.9,34.1,5.5,3.7,0,-38.845008416418494,-37.90271636133923,0,28.0,27.75,2025-10-28 17:16:13
122.8,0,0.3,129.6,0,0.3,0.6,60.03,208.3,0.5,8.8,1386.9,34,5.5,3.7,0,-38.845008416418494,-37.90271636133923,0,28.0,27.687,2025-10-28 17:16:28
137.3,0,0.3,129.9,0,0.3,0.5,60.01,208.7,0.5,8.8,1386.9,34,5.5,3.7,0,-38.845008416418494,-37.90271636133923,0,27.937,27.687,2025-10-28 17:16:43
131.9,0,0.3,127.2,0,0.1,0.4,60,208.7,0.4,8.8,1386.9,34,5.5,3.7,0,-38.845008416418494,-37.90271636133923,0,27.937,27.687,2025-10-28 17:16:58
129.1,0,0.4,126,0,0.3,0.7,59.99,208.7,0.3,8.8,1386.9,34,5.5,3.7,0,-38.845008416418494,-37.90271636133923,0,28.0,27.687,2025-10-28 17:17:13
118.2,0,0.8,110.5,0,0.8,1.5,60.05,208.6,0.4,8.8,1386.9,34,5.5,3.7,0,-38.845008416418494,-37.90271636133923,0,27.937,27.687,2025-10-28 17:17:28
111.7,0,0.6,118.3,0,0.6,1.1,60.03,208.9,0.3,8.8,1386.9,34,5.5,3.7,0,-38.845008416418494,-37.90271636133923,0,27.937,27.687,2025-10-28 17:17:43
134.7,0,0.1,128.3,0,0.1,0.3,60,208.8,0.3,8.8,1386.9,34,5.5,3.7,0,-38.845008416418494,-37.90271636133923,0,27.937,27.625,2025-10-28 17:17:58
134.2,0,0.1,129.3,0,0.1,0.3,59.98,208.9,0.3,8.8,1386.9,33.9,5.5,3.7,0,-38.845008416418494,-37.90271636133923,0,27.937,27.625,2025-10-28 17:18:13
113.5,0,0.4,107.4,0,0.3,0.7,60,208.9,0.4,8.8,1386.9,33.9,5.5,3.7,0,-38.845008416418494,-37.90271636133923,0,27.937,27.625,2025-10-28 17:18:28
114.1,0,0.4,111.4,0,0.4,0.2,60.03,208.8,0.4,8.8,1386.9,33.9,5.5,3.7,0,-38.845008416418494,-37.90271636133923,0,27.875,27.625,2025-10-28 17:18:43
131.4,0,0.3,121.8,0,0.3,0.5,60.01,208.5,0.3,8.8,1386.9,33.9,5.5,3.7,0,-38.845008416418494,-37.90271636133923,0,27.812,27.562,2025-10-28 17:18:58
127.9,0,0.2,127.3,0,0.2,0.5,59.98,208.5,0.3,8.8,1386.9,33.9,5.5,3.7,0,-38.845008416418494,-37.90271636133923,0,27.812,27.562,2025-10-28 17:19:13
131.9,0,0.4,126.9,0,0.2,0.6,59.96,208.7,0.3,8.8,1386.9,33.9,5.5,3.7,0,-38.845008416418494,-37.90271636133923,0,27.812,27.5,2025-10-28 17:19:28
131.5,0,0.2,126.4,0,0.1,0.4,59.97,208.8,0.4,8.8,1386.9,33.9,5.5,3.7,0,-38.845008416418494,-37.90271636133923,0,27.812,27.5,2025-10-28 17:19:43
126.5,0,0.3,125.4,0,0.2,0.5,59.98,208.8,0.4,8.8,1386.9,33.9,5.5,3.7,0,-38.845008416418494,-37.90271636133923,0,27.75,27.437,2025-10-28 17:19:58
129.8,0,0.2,124.8,0,0.2,0.5,59.97,209,0.4,8.8,1386.9,33.9,5.5,3.7,0,-38.845008416418494,-37.90271636133923,0,27.75,27.437,2025-10-28 17:20:13
130.1,0,0.2,123.5,0,0.1,0.1,59.99,209.1,0.4,8.8,1386.9,33.9,5.5,3.7,0,-38.845008416418494,-37.90271636133923,0,27.687,27.375,2025-10-28 17:20:28
129.7,0,0.3,123.7,0,0.3,0.6,59.99,209.2,0.4,8.8,1386.9,33.8,5.5,3.7,0,-38.845008416418494,-37.90271636133923,0,27.687,27.375,2025-10-28 17:20:43
129.2,0,0.2,124.1,0,0.2,0.5,59.98,209.2,0.4,8.8,1386.9,33.8,5.5,3.7,0,-38.845008416418494,-37.90271636133923,0,27.687,27.312,2025-10-28 17:20:58
128.7,0,0.3,123.5,0,0.0,0.3,59.98,209.2,0.4,8.8,1386.9,33.8,5.5,3.7,0,-38.845008416418494,-37.90271636133923,0,27.687,27.312,2025-10-28 17:21:13
128.3,0,0.3,123,0,0.3,0.7,59.99,209.2,0.3,8.8,1386.9,33.8,5.5,3.7,0,-38.845008416418494,-37.90271636133923,0,27.625,27.25,2025-10-28 17:21:28
113.7,0,0.9,93.4,0,0.6,1.4,60.02,209.2,0.5,8.8,1386.9,33.8,5.5,3.7,0,-38.845008416418494,-37.90271636133923,0,27.625,27.25,2025-10-28 17:21:43
103.9,0,0.2,87.1,0,0.1,0.7,60,209.3,0.4,8.8,1386.9,33.8,5.5,3.7,0,-38.845008416418494,-37.90271636133923,0,27.625,27.25,2025-10-28 17:21:58
126.7,0,0.2,121.2,0,0.2,0.7,59.98,209.1,0.4,8.8,1386.9,33.7,5.5,3.7,0,-38.845008416418494,-37.90271636133923,0,27.562,27.25,2025-10-28 17:22:13
126.1,0,0.3,120.6,0,0.3,0.6,59.99,209.1,0.4,8.8,1386.9,33.7,5.5,3.7,0,-38.845008416418494,-37.90271636133923,0,27.562,27.187,2025-10-28 17:22:28
103.8,0,0.0,83.8,0,0.0,0.2,60,209.2,0.4,8.8,1386.9,33.7,5.5,3.7,0,-38.845008416418494,-37.90271636133923,0,27.562,27.187,2025-10-28 17:22:43
101.9,0,0.1,81.8,0,0.1,0.3,60.02,209.1,0.4,8.8,1386.9,33.7,5.5,3.7,0,-38.845008416418494,-37.90271636133923,0,27.562,27.125,2025-10-28 17:22:58
100.8,0,0.2,107.6,0,0.2,0.3,60,209.2,0.3,8.8,1386.9,33.7,5.5,3.7,0,-38.845008416418494,-37.90271636133923,0,27.5,27.125,2025-10-28 17:23:13
123.5,0,0.1,117.7,0,0.1,0.4,59.97,209,0.4,8.8,1386.9,33.6,5.5,3.7,0,-38.845008416418494,-37.90271636133923,0,27.5,27.125,2025-10-28 17:23:28
122.8,0,0.4,107.2,0,0.4,0.8,59.98,209.1,0.3,8.8,1386.9,33.6,5.5,3.7,0,-38.845008416418494,-37.90271636133923,0,27.5,27.125,2025-10-28 17:23:43
117.4,0,0.4,116.2,0,0.4,0.8,59.97,209,0.4,8.8,1386.9,33.6,5.5,3.7,0,-38.845008416418494,-37.90271636133923,0,27.437,27.062,2025-10-28 17:23:58
121.2,0,0.1,114.1,0,0.1,0.4,60,209.1,0.3,8.8,1386.9,33.6,5.5,3.7,0,-38.845008416418494,-37.90271636133923,0,27.437,27.0,2025-10-28 17:24:13
120.4,0,0.4,114.4,0,0.3,0.8,60.01,209.1,0.4,8.8,1386.9,33.6,5.5,3.7,0,-38.845008416418494,-37.90271636133923,0,27.437,27.0,2025-10-28 17:24:28
119.6,0,0.2,113.4,0,0.2,0.5,59.97,209.1,0.4,8.8,1386.9,33.6,5.5,3.7,0,-38.845008416418494,-37.90271636133923,0,27.437,27.0,2025-10-28 17:24:43
118.7,0,0.1,112.4,0,0.1,0.3,60.02,209.1,0.3,8.8,1386.9,33.6,5.5,3.7,0,-38.845008416418494,-37.90271636133923,0,27.375,27.0,2025-10-28 17:24:58
117.6,0,0.4,106.6,0,0.3,1.0,60.01,209,0.3,8.8,1386.9,33.5,5.5,3.7,0,-38.845008416418494,-37.90271636133923,0,27.312,26.937,2025-10-28 17:25:13
116.6,0,0.1,105.2,0,0.4,0.9,60,208.9,0.3,8.8,1386.9,33.5,5.5,3.7,0,-38.845008416418494,-37.90271636133923,0,27.312,26.937,2025-10-28 17:25:28
113,0,2.1,100.4,0,1.7,3.8,59.99,209.1,0,8.8,1386.9,33.5,5.5,3.7,0,-38.845008416418494,-37.90271636133923,0,27.312,26.937,2025-10-28 17:25:43
109.2,0,1.3,89.8,0,1.2,1.5,59.98,208.9,0.2,8.8,1386.9,33.5,5.5,3.7,0,-38.845008416418494,-37.90271636133923,0,27.25,26.875,2025-10-28 17:25:58
92.9,0,0.8,88.4,0,0.6,2.2,59.98,208.5,0,8.8,1386.9,33.4,5.5,3.7,0,-38.845008416418494,-37.90271636133923,0,27.25,26.812,2025-10-28 17:26:13
103.8,0,1.1,96.1,0,1.0,2.0,60.02,208.6,0.3,8.8,1386.9,33.3,5.5,3.7,0,-38.845008416418494,-37.90271636133923,0,27.25,26.875,2025-10-28 17:26:28
83.5,0,1.3,99.8,0,1.2,2.5,60.01,208.5,0,8.8,1386.9,33.3,5.5,3.7,0,-38.845008416418494,-37.90271636133923,0,27.25,26.875,2025-10-28 17:26:43
40.5,0,0.2,92.5,0,0.3,0.6,59.97,208.5,0.3,8.8,1386.9,33.3,5.5,3.7,0,-38.845008416418494,0.0,0,27.25,26.875,2025-10-28 17:26:58
107.5,0,0.0,99.6,0,0.0,0.0,59.98,208.7,0,8.8,1386.9,33.3,5.5,3.7,0,-38.845008416418494,-37.90271636133923,0,27.25,26.875,2025-10-28 17:27:13
106,0,0.0,97.8,0,0.0,0.0,59.99,208.6,0,8.8,1386.9,33.2,5.5,3.7,0,-38.845008416418494,-37.90271636133923,0,27.187,26.812,2025-10-28 17:27:28
