vpv1,ipv1,pv1_watt,vpv2,ipv2,pv2_watt,pac_total,freq,vac1,iac1,energia_hoy,energia_total,temp_inversor,Energìa PV1,Energìa PV2,codigo_error,irradiancia,temp1,temp2,timestamp
0,0,0.0,0,0,0.0,0.0,0,0,0,0.0,810.5,0,0.0,0.0,0,-38.845008416418494,22.937,23.0,2025-06-08 05:22:08
,,0.0,0,0,0.0,0.0,0,0,0,0.0,810.5,0,0.0,0.0,,-38.845008416418494,22.937,23.0,2025-06-08 05:22:35
0,0,0.0,0,0,0.0,0.0,0,0,0,0.0,810.5,0,0.0,0.0,0,-38.845008416418494,22.937,23.0,2025-06-08 05:23:10
0,0,0.0,0,0,0.0,0.0,0,0,0,0.0,810.5,0,0.0,0.0,0,-38.845008416418494,23.0,23.0,2025-06-08 05:24:13
,,0.0,0,0,0.0,0.0,0,0,0,0.0,810.5,0,0.0,0.0,0,-38.845008416418494,23.0,23.0,2025-06-08 05:24:43
95.9,0,0.0,95.8,0,0.0,0.0,60.03,212.2,0,0.0,810.5,22.9,0.0,0.0,0,-38.845008416418494,22.937,23.0,2025-06-08 05:25:15
146.2,0,0.0,146,0,0.0,0.0,60.02,212.3,0,0.0,810.5,22.9,0.0,0.0,0,-38.845008416418494,22.937,23.0,2025-06-08 05:25:45
147.5,0,0.0,147.3,0,0.0,0.0,60.01,212.1,0,0.0,810.5,22.9,0.0,0.0,0,-38.845008416418494,22.937,22.937,2025-06-08 05:26:18
148.4,0,0.0,148.2,0,0.0,0.0,60.05,212.2,0,0.0,810.5,22.9,0.0,0.0,0,-38.845008416418494,23.0,22.937,2025-06-08 05:26:48
149.2,0,0.0,149.1,0,0.0,0.0,60.02,212.1,0,0.0,810.5,23,0.0,0.0,0,-38.845008416418494,22.937,22.937,2025-06-08 05:27:20
149.1,0,0.0,149,0,0.0,0.0,60.02,212.2,0,0.0,810.5,23,0.0,0.0,0,-38.845008416418494,22.937,22.937,2025-06-08 05:27:50
151,0,0.0,150.9,0,0.0,0.0,59.98,212.1,0,0.0,810.5,23,0.0,0.0,0,-38.845008416418494,22.937,22.937,2025-06-08 05:28:22
152,0,0.0,151.8,0,0.0,0.0,59.98,212.2,0,0.0,810.5,23,0.0,0.0,0,-38.845008416418494,23.0,23.0,2025-06-08 05:28:53
152.9,0,0.0,152.8,0,0.0,0.0,59.98,211.8,0,0.0,810.5,23,0.0,0.0,0,-38.845008416418494,22.937,23.0,2025-06-08 05:29:25
153.5,0,0.0,153.6,0,0.0,0.0,60.03,211.9,0,0.0,810.5,23.1,0.0,0.0,0,0.0,22.937,23.0,2025-06-08 05:29:55
99,0,0.0,85.7,0,0.0,0.0,60,212.1,0,0.0,810.5,23.1,0.0,0.0,0,0.0,23.0,23.0,2025-06-08 05:30:27
155.2,0,0.0,155.1,0,0.0,0.0,59.99,212.1,0,0.0,810.5,23.1,0.0,0.0,0,0.0,23.0,23.0,2025-06-08 05:30:57
155.8,0,0.0,155.6,0,0.0,0.0,60.01,212.1,0,0.0,810.5,23.1,0.0,0.0,0,-38.845008416418494,23.0,23.0,2025-06-08 05:31:30
156.4,0,0.0,156.2,0,0.0,0.0,59.99,212.2,0,0.0,810.5,23.1,0.0,0.0,0,-38.845008416418494,23.0,23.0,2025-06-08 05:32:00
156.9,0,0.0,156.8,0,0.0,0.0,59.98,212,0,0.0,810.5,23.1,0.0,0.0,0,0.0,23.0,23.0,2025-06-08 05:32:32
157.6,0,0.0,157.5,0,0.0,0.0,59.99,212,0,0.0,810.5,23.2,0.0,0.0,0,0.0,23.0,23.0,2025-06-08 05:33:02
158.2,0,0.0,158,0,0.0,0.0,60,212.1,0,0.0,810.5,23.2,0.0,0.0,0,-38.845008416418494,23.0,23.0,2025-06-08 05:33:35
158.9,0,0.0,158.6,0,0.0,0.0,60,211.9,0,0.0,810.5,23.2,0.0,0.0,0,-38.845008416418494,23.0,23.0,2025-06-08 05:34:05
159.4,0,0.0,159.2,0,0.0,0.0,60.03,212,0,0.0,810.5,23.2,0.0,0.0,0,-38.845008416418494,23.0,23.0,2025-06-08 05:34:37
159.9,0,0.0,159.7,0,0.0,0.0,59.97,211.9,0,0.0,810.5,23.2,0.0,0.0,0,0.0,23.0,22.937,2025-06-08 05:35:07
144.3,0,0.0,133.5,0,0.0,0.0,60,212.1,0,0.0,810.5,23.2,0.0,0.0,0,0.0,23.0,23.0,2025-06-08 05:35:40
144.4,0,16.1,128.2,0,8.8,24.7,60.02,212.2,0.4,0.0,810.5,23.3,0.0,0.0,0,0.0,23.0,23.0,2025-06-08 05:36:10
141.5,0,17.5,132.8,0,9.1,26.4,60,212.1,0.4,0.0,810.5,23.4,0.0,0.0,0,0.0,23.0,23.0,2025-06-08 05:36:42
145,0,18.3,134.5,0,9.9,27.9,60.01,212.2,0.4,0.0,810.5,23.5,0.0,0.0,0,0.0,23.0,23.0,2025-06-08 05:37:12
144.4,0,20.3,135.7,0,9.6,29.3,60,212.2,0.5,0.0,810.5,23.6,0.0,0.0,0,0.0,23.062,23.062,2025-06-08 05:37:45
137,0,18.5,128.8,0,10.1,28.2,60.02,212.2,0.5,0.0,810.5,23.7,0.0,0.0,0,0.0,23.062,23.062,2025-06-08 05:38:15
147,0,20.8,138.9,0,10.9,31.3,60,212.2,0.4,0.0,810.5,23.7,0.0,0.0,0,0.0,23.062,23.062,2025-06-08 05:38:47
149.1,0,20.8,134.6,0,11.4,32.1,59.99,212.1,0.4,0.0,810.5,23.8,0.0,0.0,0,0.0,23.062,23.062,2025-06-08 05:39:17
138.1,0,20.1,120.9,0,11.4,31.0,60.04,212.2,0.4,0.0,810.5,23.9,0.0,0.0,0,0.0,23.062,23.125,2025-06-08 05:39:50
144,0,21.4,130,0,11.8,32.8,60.03,212.1,0.4,0.0,810.5,24,0.0,0.0,0,0.0,23.062,23.125,2025-06-08 05:40:20
147.6,0,21.6,134.6,0,12.6,33.4,60,212.1,0.4,0.0,810.5,24,0.0,0.0,0,0.0,23.125,23.125,2025-06-08 05:40:52
122,0.1,19.7,128.7,0,12.2,31.6,60.05,212.1,0.4,0.0,810.5,24.1,0.0,0.0,0,0.0,23.125,23.125,2025-06-08 05:41:22
139.9,0,22.8,146.3,0,13.1,35.4,60.01,212.1,0.4,0.0,810.5,24.2,0.0,0.0,0,0.0,23.125,23.125,2025-06-08 05:41:54
139.9,0.1,23.1,139.1,0,14.4,37.2,60.02,212.3,0.4,0.0,810.5,24.2,0.0,0.0,0,0.0,23.125,23.125,2025-06-08 05:42:24
146.1,0,23.6,134.6,0,15.1,38.1,59.99,212.3,0.4,0.0,810.5,24.3,0.0,0.0,0,0.0,23.125,23.125,2025-06-08 05:42:57
141.4,0.1,24.8,135.4,0,15.2,38.7,60.01,212.4,0.4,0.0,810.5,24.3,0.0,0.0,0,0.0,23.125,23.125,2025-06-08 05:43:27
142.9,0.1,24.7,137.6,0,15.9,40.0,59.98,212.3,0.4,0.0,810.5,24.4,0.0,0.0,0,0.0,23.125,23.187,2025-06-08 05:43:59
139.8,0.1,26.1,142.1,0,15.3,40.9,60,212.1,0.4,0.0,810.5,24.5,0.0,0.0,0,0.0,23.125,23.125,2025-06-08 05:44:29
141.6,0.1,26.8,127.5,0,16.1,42.2,60,211.9,0.3,0.0,810.5,24.6,0.0,0.0,0,0.0,23.125,23.125,2025-06-08 05:45:02
137.7,0.1,27.4,130.3,0,16.2,42.6,60.02,212,0.5,0.0,810.5,24.6,0.0,0.0,0,0.0,23.125,23.187,2025-06-08 05:45:32
138.5,0.1,30.4,138.9,0,17.2,46.9,59.98,212,0.4,0.0,810.5,24.7,0.0,0.0,0,0.0,23.125,23.187,2025-06-08 05:46:04
138.6,0.1,31.5,134.8,0,18.4,49.1,60.01,212.2,0.5,0.0,810.5,24.7,0.0,0.0,0,0.0,23.125,23.187,2025-06-08 05:46:34
144.2,0.1,33.5,133.1,0.1,19.0,51.7,60.02,212.2,0.4,0.0,810.5,24.8,0.0,0.0,0,0.0,23.187,23.187,2025-06-08 05:47:07
144.5,0.1,34.5,136.1,0.1,19.9,53.7,60.02,212.2,0.5,0.0,810.5,24.9,0.0,0.0,0,0.0,23.187,23.187,2025-06-08 05:47:37
144.3,0.1,34.4,142,0,20.3,53.8,60,212.2,0.6,0.0,810.5,24.9,0.0,0.0,0,0.0,23.187,23.25,2025-06-08 05:48:09
143.8,0.1,36.1,144.9,0.1,20.8,56.0,60.04,212.3,0.5,0.0,810.5,25,0.0,0.0,0,0.0,23.25,23.25,2025-06-08 05:48:39
143.4,0.1,37.2,135,0.1,21.3,58.1,60.03,212.2,0.5,0.0,810.5,25,0.0,0.0,0,0.0,23.25,23.25,2025-06-08 05:49:12
149.6,0.1,40.1,143.6,0.1,21.7,60.7,60.01,212.3,0.5,0.0,810.5,25.1,0.0,0.0,0,0.0,23.25,23.312,2025-06-08 05:49:42
149.3,0.2,40.4,140.7,0.1,22.1,61.6,60,212.2,0.4,0.0,810.5,25.2,0.0,0.0,0,0.0,23.312,23.312,2025-06-08 05:50:14
142.4,0.2,39.7,130,0.1,22.2,60.9,59.98,212.2,0.4,0.0,810.5,25.2,0.0,0.0,0,0.0,23.312,23.312,2025-06-08 05:50:44
149.7,0.1,41.1,134.6,0.1,22.5,62.6,60.02,212.3,0.5,0.0,810.5,25.2,0.0,0.0,0,0.0,23.312,23.312,2025-06-08 05:51:17
153.5,0.1,40.6,133.3,0.1,21.8,61.3,60.02,212.2,0.5,0.0,810.5,25.3,0.0,0.0,0,0.0,23.312,23.312,2025-06-08 05:51:47
143.5,0.2,40.4,134.7,0.1,21.7,61.6,60.05,212,0.4,0.0,810.5,25.4,0.0,0.0,0,0.0,23.375,23.375,2025-06-08 05:52:19
153.3,0.1,42.7,151.6,0.1,19.6,61.3,60.03,212.2,0.5,0.0,810.5,25.4,0.0,0.0,0,0.0,23.375,23.375,2025-06-08 05:52:49
150.2,0.1,41.7,135.1,0.1,21.2,61.9,60.05,212.4,0.6,0.0,810.5,25.5,0.0,0.0,0,0.0,23.375,23.375,2025-06-08 05:53:21
156.2,0.1,40.0,142.6,0.1,21.4,60.2,60.03,212.3,0.4,0.0,810.5,25.5,0.0,0.0,0,0.0,23.375,23.375,2025-06-08 05:53:52
153.1,0.1,40.9,135.1,0.1,20.0,59.8,60.05,212.4,0.5,0.0,810.5,25.6,0.0,0.0,0,0.0,23.437,23.437,2025-06-08 05:54:24
153.1,0.1,40.7,141,0.1,20.2,59.9,60.05,212.5,0.6,0.0,810.5,25.6,0.0,0.0,0,0.0,23.437,23.437,2025-06-08 05:54:54
147.3,0.1,39.3,135.1,0.1,19.6,58.0,60.03,212.5,0.6,0.0,810.5,25.7,0.0,0.0,0,0.0,23.437,23.5,2025-06-08 05:55:26
144.3,0.1,38.8,135.2,0.1,19.0,57.2,60.03,212.5,0.4,0.0,810.5,25.7,0.0,0.0,0,0.0,23.437,23.5,2025-06-08 05:55:56
144.3,0.1,37.1,135.1,0.1,19.0,55.2,60.04,212.5,0.4,0.0,810.5,25.8,0.0,0.0,0,0.0,23.437,23.437,2025-06-08 05:56:29
150.7,0,37.1,147.1,0,5.0,14.7,60.03,212.4,0.5,0.0,810.5,25.8,0.0,0.0,0,0.0,23.375,23.437,2025-06-08 05:56:59
143.4,0.1,35.7,128.2,0.1,18.2,52.9,59.98,212.5,0.4,0.0,810.5,25.9,0.0,0.0,0,0.0,23.375,23.375,2025-06-08 05:57:31
146.5,0.1,35.1,131.5,0.1,19.0,53.2,59.97,212.3,0.5,0.0,810.5,26,0.0,0.0,0,0.0,23.375,23.312,2025-06-08 05:58:01
146.6,0.1,35.5,137.4,0,19.2,53.3,59.97,212.3,0.4,0.0,810.5,26,0.0,0.0,0,0.0,23.312,23.25,2025-06-08 05:58:34
153.3,0.1,36.3,131.4,0,18.5,53.8,59.96,211.9,0.5,0.0,810.5,26.1,0.0,0.0,0,0.0,23.25,23.25,2025-06-08 05:59:04
146.4,0.1,36.4,137.3,0,19.7,55.1,59.97,211.9,0.5,0.0,810.5,26.1,0.0,0.0,0,0.0,23.187,23.187,2025-06-08 05:59:36
146.6,0.1,37.4,139.6,0.1,20.1,56.4,59.97,212.1,0.5,0.0,810.5,26.2,0.0,0.0,0,0.0,23.187,23.187,2025-06-08 06:00:06
134.8,0.2,36.6,134.4,0.1,20.0,55.9,59.97,212.2,0.5,0.0,810.5,26.2,0.0,0.0,0,0.0,23.187,23.187,2025-06-08 06:00:39
149.6,0.1,40.1,137.7,0.1,19.7,59.8,59.97,212,0.4,0.0,810.5,26.3,0.0,0.0,0,0.0,23.187,23.187,2025-06-08 06:01:09
146.8,0.1,40.7,143.6,0.1,20.4,60.1,60.03,212,0.5,0.0,810.5,26.3,0.0,0.0,0,0.0,23.187,23.187,2025-06-08 06:01:41
140.8,0.2,40.6,131.9,0.1,20.9,60.4,59.99,212.1,0.5,0.0,810.5,26.4,0.0,0.0,0,0.0,23.25,23.25,2025-06-08 06:02:11
147,0.2,43.6,146.5,0.1,21.9,64.8,60.02,212.1,0.4,0.0,810.5,26.5,0.0,0.0,0,0.0,23.25,23.312,2025-06-08 06:02:44
150.2,0.2,44.2,131.8,0.1,23.2,66.2,60,212.1,0.5,0.0,810.5,26.5,0.0,0.0,0,0.0,23.312,23.312,2025-06-08 06:03:14
143.8,0.2,46.2,143.6,0.1,24.8,70.0,59.99,212.1,0.5,0.0,810.5,26.5,0.0,0.0,0,0.0,23.375,23.375,2025-06-08 06:03:46
149.5,0.2,48.1,131.8,0.1,26.2,73.1,59.97,212,0.5,0.0,810.5,26.6,0.0,0.0,0,0.0,23.375,23.375,2025-06-08 06:04:16
151.7,0.2,49.9,134.8,0.1,28.2,76.7,59.98,212.1,0.5,0.0,810.5,26.6,0.0,0.0,0,0.0,23.437,23.437,2025-06-08 06:04:49
155.7,0.2,51.9,135,0.1,29.2,79.4,59.96,212.1,0.5,0.0,810.5,26.7,0.0,0.0,0,0.0,23.437,23.437,2025-06-08 06:05:19
152.8,0.2,54.3,139,0.1,31.1,83.5,59.97,212.3,0.5,0.0,810.5,26.7,0.0,0.0,0,0.0,23.437,23.437,2025-06-08 06:05:51
146.8,0.2,54.5,134.8,0.1,31.7,84.1,59.97,212.2,0.5,0.0,810.5,26.8,0.0,0.0,0,0.0,23.437,23.437,2025-06-08 06:06:21
145.2,0.3,55.2,137.7,0.1,33.4,86.6,59.97,212.1,0.5,0.0,810.5,26.8,0.0,0.0,0,0.0,23.437,23.5,2025-06-08 06:06:54
149.4,0.3,54.9,136.3,0.1,33.1,86.4,59.97,212.2,0.5,0.0,810.5,26.8,0.0,0.0,0,0.0,23.437,23.5,2025-06-08 06:07:23
148.4,0.3,54.8,139.2,0.1,33.5,86.8,59.97,212.2,0.5,0.0,810.5,26.8,0.0,0.0,0,0.0,23.5,23.5,2025-06-08 06:07:56
149.9,0.2,56.3,142.6,0.1,33.5,88.1,60,212.2,0.6,0.0,810.5,26.9,0.0,0.0,0,0.0,23.562,23.562,2025-06-08 06:08:26
148.2,0.3,56.8,140.8,0.2,34.9,90.0,59.97,212,0.4,0.0,810.5,26.9,0.0,0.0,0,0.0,23.562,23.625,2025-06-08 06:08:58
154.7,0.3,59.7,140.1,0.2,35.2,93.2,60.01,212.1,0.6,0.0,810.5,27,0.0,0.0,0,0.0,23.625,23.625,2025-06-08 06:09:28
157.4,0.3,60.3,134.7,0.2,35.2,93.8,60.03,212.1,0.5,0.0,810.5,27,0.0,0.0,0,0.0,23.562,23.625,2025-06-08 06:10:01
154.2,0.3,62.0,137.1,0.2,35.9,96.4,60.02,211.8,0.5,0.0,810.5,27.1,0.0,0.0,0,0.0,23.562,23.562,2025-06-08 06:10:31
155,0.3,61.1,138.9,0.2,37.0,96.3,60.03,211.9,0.6,0.0,810.5,27.1,0.0,0.0,0,0.0,23.625,23.625,2025-06-08 06:11:03
151.2,0.3,59.7,139,0.2,37.4,95.3,59.99,212.1,0.5,0.0,810.5,27.2,0.0,0.0,0,0.0,23.625,23.625,2025-06-08 06:11:33
153.7,0.3,59.0,133.5,0.2,36.6,94.4,59.98,212.1,0.5,0.0,810.5,27.2,0.0,0.0,0,0.0,23.625,23.625,2025-06-08 06:12:06
157.1,0.3,57.5,140.7,0.2,38.4,94.2,60.03,212.2,0.5,0.0,810.5,27.2,0.0,0.0,0,0.0,23.625,23.625,2025-06-08 06:12:36
151.3,0.3,59.0,140.7,0.2,38.3,95.7,60.02,212.3,0.5,0.0,810.5,27.3,0.0,0.0,0,0.0,23.625,23.625,2025-06-08 06:13:08
147.1,0.3,58.8,137.8,0.2,38.5,95.3,60,212.3,0.6,0.0,810.5,27.3,0.0,0.0,0,0.0,23.625,23.625,2025-06-08 06:13:38
151.3,0.3,60.5,143.5,0.2,38.4,97.1,60.04,212.3,0.5,0.0,810.5,27.4,0.0,0.0,0,38.845008416418494,23.687,23.687,2025-06-08 06:14:11
155.7,0.3,62.0,136.2,0.2,38.5,98.2,60.01,212.2,0.5,0.0,810.5,27.4,0.0,0.0,0,0.0,23.687,23.625,2025-06-08 06:14:41
155.8,0.3,62.3,140.7,0.2,39.5,99.9,59.98,212.3,0.5,0.0,810.5,27.5,0.0,0.0,0,38.845008416418494,23.687,23.687,2025-06-08 06:15:13
158.6,0.3,59.9,139.1,0.2,39.6,97.6,60.01,212.2,0.7,0.0,810.5,27.5,0.0,0.0,0,0.0,23.687,23.687,2025-06-08 06:15:43
154.6,0.3,61.9,142.3,0.2,39.9,99.5,60.03,212.2,0.5,0.0,810.5,27.6,0.0,0.0,0,0.0,23.687,23.687,2025-06-08 06:16:16
154.6,0.3,61.7,142,0.2,39.2,98.8,60.01,212.2,0.5,0.0,810.5,27.6,0.0,0.0,0,0.0,23.625,23.687,2025-06-08 06:16:46
158.8,0.3,59.4,139,0.2,39.5,97.2,60.01,212.2,0.7,0.0,810.5,27.7,0.0,0.0,0,0.0,23.562,23.625,2025-06-08 06:17:18
156,0.3,62.5,137.9,0.2,39.1,99.6,59.99,212.1,0.6,0.0,810.5,27.7,0.0,0.0,0,0.0,23.562,23.562,2025-06-08 06:17:48
155.8,0.3,61.7,137.9,0.2,38.8,98.6,59.99,212.2,0.6,0.0,810.5,27.7,0.0,0.0,0,38.845008416418494,23.562,23.562,2025-06-08 06:18:20
156.9,0.3,62.0,137.8,0.2,39.5,96.6,60.03,212.2,0.5,0.0,810.5,27.8,0.0,0.0,0,0.0,23.5,23.5,2025-06-08 06:18:51
155.6,0.3,62.3,140.7,0.2,39.5,99.9,59.99,211.9,0.5,0.0,810.5,27.8,0.0,0.0,0,38.845008416418494,23.562,23.562,2025-06-08 06:19:23
152.8,0.3,61.5,140.7,0.2,40.1,99.8,60.01,211.9,0.5,0.0,810.5,27.9,0.0,0.0,0,0.0,23.562,23.562,2025-06-08 06:19:53
159,0.3,62.5,139,0.2,42.0,102.8,60.02,212.1,0.6,0.0,810.5,27.9,0.0,0.0,0,0.0,23.5,23.5,2025-06-08 06:20:25
155.8,0.3,65.6,139.2,0.2,43.8,107.3,60.02,212.1,0.6,0.0,810.5,27.9,0.0,0.0,0,0.0,23.5,23.5,2025-06-08 06:20:56
148.2,0.4,67.6,141.2,0.2,46.8,112.3,60,212.2,0.6,0.0,810.5,28,0.0,0.0,0,38.845008416418494,23.5,23.5,2025-06-08 06:21:28
149.9,0.4,71.3,143.4,0.2,49.4,118.4,59.97,212.1,0.6,0.0,810.5,28,0.0,0.0,0,38.845008416418494,23.5,23.5,2025-06-08 06:21:58
157.3,0.4,73.9,140.7,0.3,51.3,122.8,59.99,212.2,0.8,0.0,810.5,28,0.0,0.0,0,38.845008416418494,23.562,23.562,2025-06-08 06:22:30
157.4,0.4,73.2,146.7,0.2,50.6,122.5,60.04,212.4,0.6,0.0,810.5,28.1,0.0,0.0,0,38.845008416418494,23.562,23.562,2025-06-08 06:23:00
154.4,0.3,69.3,148.1,0.2,47.9,115.0,60.01,212.4,0.7,0.0,810.5,28.1,0.0,0.0,0,38.845008416418494,23.562,23.625,2025-06-08 06:23:33
155.7,0.3,66.7,150.5,0.2,46.6,110.9,60.05,212.4,0.6,0.0,810.5,28.2,0.0,0.0,0,0.0,23.562,23.625,2025-06-08 06:24:03
158.4,0.3,63.1,139.8,0.2,45.7,106.8,60.01,212.3,0.6,0.0,810.5,28.2,0.0,0.0,0,0.0,23.625,23.625,2025-06-08 06:24:35
154.1,0.3,63.3,142.2,0.2,44.3,105.6,60.03,212.4,0.6,0.0,810.5,28.2,0.0,0.0,0,38.845008416418494,23.562,23.625,2025-06-08 06:25:05
155.8,0.3,63.2,142.2,0.2,43.0,104.4,60,212.4,0.6,0.0,810.5,28.2,0.0,0.0,0,0.0,23.625,23.625,2025-06-08 06:25:38
158.5,0.3,61.1,142.2,0.2,43.3,103.3,60.03,212.4,0.7,0.0,810.5,28.3,0.0,0.0,0,0.0,23.625,23.625,2025-06-08 06:26:08
152.6,0.3,66.5,142.1,0.2,43.4,107.6,59.99,212.4,0.6,0.0,810.5,28.3,0.0,0.0,0,0.0,23.625,23.625,2025-06-08 06:26:40
152.8,0.4,71.0,139.2,0.2,44.8,113.6,59.99,212.4,0.6,0.0,810.5,28.3,0.0,0.0,0,0.0,23.687,23.687,2025-06-08 06:27:10
152.6,0.4,78.8,142.2,0.3,50.0,126.4,60.02,212.4,0.7,0.0,810.5,28.3,0.0,0.0,0,38.845008416418494,23.687,23.687,2025-06-08 06:27:43
153.8,0.5,87.8,143.6,0.3,55.7,140.8,59.99,212.2,0.8,0.0,810.5,28.3,0.0,0.0,0,38.845008416418494,23.687,23.687,2025-06-08 06:28:13
149.5,0.6,99.2,146.2,0.3,60.8,157.0,60.01,212.1,0.7,0.0,810.5,28.4,0.0,0.0,0,38.845008416418494,23.687,23.687,2025-06-08 06:28:45
151.3,0.6,108.1,143.5,0.4,66.2,171.3,60.02,212.4,0.8,0.0,810.5,28.4,0.0,0.0,0,38.845008416418494,23.687,23.687,2025-06-08 06:29:15
155.8,0.6,111.6,146.6,0.4,70.3,178.7,60,212.3,0.7,0.0,810.5,28.4,0.0,0.0,0,38.845008416418494,23.75,23.75,2025-06-08 06:29:48
157.2,0.6,108.9,146.7,0.4,73.5,178.8,60.03,212.3,0.8,0.0,810.5,28.5,0.0,0.0,0,38.845008416418494,23.75,23.812,2025-06-08 06:30:18
159.8,0.6,105.9,149.6,0.4,74.9,177.2,60.03,212.3,0.8,0.0,810.5,28.5,0.0,0.0,0,38.845008416418494,23.75,23.75,2025-06-08 06:30:50
157.2,0.6,105.5,143.6,0.4,78.5,180.6,60.02,212.3,0.8,0.0,810.5,28.5,0.0,0.0,0,38.845008416418494,23.75,23.812,2025-06-08 06:31:20
157.2,0.6,109.4,143.7,0.5,80.5,186.3,60.01,212.3,0.8,0.0,810.5,28.6,0.0,0.0,0,38.845008416418494,23.812,23.875,2025-06-08 06:31:52
152.8,0.7,114.6,146.6,0.5,81.3,192.1,60,212.4,0.8,0.0,810.5,28.6,0.0,0.0,0,38.845008416418494,23.875,23.875,2025-06-08 06:32:23
151.4,0.7,121.1,143.5,0.5,82.9,200.2,59.99,212.4,1.1,0.0,810.5,28.7,0.0,0.0,0,38.845008416418494,23.875,23.875,2025-06-08 06:32:55
159.4,0.7,129.2,145.1,0.5,83.2,208.4,60.02,212.5,1,0.0,810.5,28.7,0.0,0.0,0,38.845008416418494,23.937,23.937,2025-06-08 06:33:25
158.8,0.7,133.1,142.2,0.5,82.9,211.9,60.02,212.4,1,0.0,810.5,28.8,0.0,0.0,0,77.69001683283699,23.937,23.937,2025-06-08 06:33:57
155.6,0.8,134.6,145.1,0.5,83.0,213.4,60.03,212.5,1,0.0,810.5,28.8,0.0,0.0,0,38.845008416418494,23.937,23.937,2025-06-08 06:34:28
158.9,0.8,137.0,145.1,0.5,82.6,215.6,60.02,212.5,1,0.0,810.5,28.8,0.0,0.0,0,77.69001683283699,23.937,23.937,2025-06-08 06:35:00
160.3,0.8,136.9,143.9,0.5,83.3,216.0,60.04,212.6,0.9,0.0,810.5,28.8,0.0,0.0,0,77.69001683283699,23.937,23.937,2025-06-08 06:35:30
155.8,0.8,134.5,145.1,0.5,80.6,211.1,60.01,212.3,0.9,0.0,810.5,28.9,0.0,0.0,0,77.69001683283699,23.937,23.937,2025-06-08 06:36:02
158.7,0.8,135.3,148.2,0.5,79.3,210.1,60.03,212.4,1,0.0,810.5,28.9,0.0,0.0,0,77.69001683283699,24.0,24.0,2025-06-08 06:36:32
158.7,0.8,135.0,142.3,0.5,81.9,212.7,60.01,212.4,1,0.0,810.5,29,0.0,0.0,0,77.69001683283699,24.062,24.062,2025-06-08 06:37:05
155.6,0.8,136.6,145.2,0.5,84.7,217.3,60.04,212.4,1,0.0,810.5,29,0.0,0.0,0,77.69001683283699,24.0,24.0,2025-06-08 06:37:35
158.7,0.8,138.6,148.1,0.5,88.5,222.6,60.02,212.4,1,0.0,810.5,29,0.0,0.0,0,77.69001683283699,23.937,23.937,2025-06-08 06:38:07
158.3,0.8,136.9,145.1,0.6,92.1,224.6,60.03,212.5,1,0.0,810.5,29.1,0.0,0.0,0,77.69001683283699,23.937,23.937,2025-06-08 06:38:37
155.8,0.8,136.7,143.3,0.6,94.0,226.3,60.04,212.5,0.9,0.0,810.5,29.1,0.0,0.0,0,77.69001683283699,23.937,23.937,2025-06-08 06:39:10
158.7,0.8,144.5,149.7,0.5,94.6,234.3,60.06,212.6,1,0.1,810.6,29.2,0.0,0.0,0,77.69001683283699,23.875,23.875,2025-06-08 06:39:40
158.5,0.9,151.6,146.7,0.6,96.3,243.1,60.04,212.5,1,0.1,810.6,29.2,0.0,0.0,0,77.69001683283699,23.875,23.937,2025-06-08 06:40:12
155.7,0.9,156.6,145.2,0.6,98.7,251.0,60.03,212.5,1.1,0.1,810.6,29.2,0.0,0.0,0,77.69001683283699,23.937,23.937,2025-06-08 06:40:42
159.7,1,168.6,145.5,0.7,103.4,266.7,60.04,212.6,1.2,0.1,810.6,29.3,0.0,0.0,0,77.69001683283699,23.937,24.0,2025-06-08 06:41:15
158.8,1,174.7,147.7,0.7,107.1,276.3,60.04,212.6,1.2,0.1,810.6,29.3,0.0,0.0,0,77.69001683283699,24.062,24.062,2025-06-08 06:41:45
161,1.1,180.3,146.6,0.7,110.4,285.0,60.02,212.3,1.3,0.1,810.6,29.4,0.0,0.0,0,77.69001683283699,24.187,24.25,2025-06-08 06:42:17
162.8,1,183.2,146.6,0.7,111.9,289.4,60.02,212.3,1.3,0.1,810.6,29.5,0.0,0.0,0,77.69001683283699,24.25,24.25,2025-06-08 06:42:47
159.1,1.1,182.0,146.5,0.7,113.6,289.7,60.02,212.5,1.3,0.1,810.6,29.5,0.0,0.0,0,77.69001683283699,24.312,24.312,2025-06-08 06:43:20
161.6,1.1,181.6,147.2,0.7,117.4,293.1,59.99,212.5,1.3,0.1,810.6,29.5,0.0,0.0,0,77.69001683283699,24.437,24.437,2025-06-08 06:43:50
164.6,0.9,172.9,148.2,0.8,120.5,285.4,60.01,212.6,1.3,0.1,810.6,29.5,0.0,0.0,0,77.69001683283699,24.437,24.437,2025-06-08 06:44:22
158.7,1,174.7,147.2,0.8,123.4,292.4,59.98,212.5,1.3,0.1,810.6,29.6,0.0,0.0,0,77.69001683283699,24.437,24.437,2025-06-08 06:44:52
161.6,1.1,180.0,146.7,0.8,129.8,303.8,60,212.6,1.3,0.1,810.6,29.7,0.0,0.0,0,77.69001683283699,24.5,24.5,2025-06-08 06:45:24
161.6,1.1,185.8,143.1,0.9,133.3,313.2,60,212.6,1.5,0.1,810.6,29.7,0.0,0.0,0,77.69001683283699,24.562,24.562,2025-06-08 06:45:55
158.7,1.2,191.7,143.7,0.9,138.5,323.8,60,212.3,1.5,0.1,810.6,29.8,0.0,0.0,0,77.69001683283699,24.5,24.5,2025-06-08 06:46:27
161.4,1.2,195.4,145.2,0.9,141.8,332.0,59.98,212.4,1.5,0.1,810.6,29.8,0.0,0.0,0,116.53502524925548,24.5,24.5,2025-06-08 06:46:57
161.5,1.2,203.9,144.8,1,143.6,341.0,60.01,212.6,1.5,0.1,810.6,29.9,0.0,0.0,0,77.69001683283699,24.375,24.437,2025-06-08 06:47:29
158.4,1.2,204.1,142.4,1,145.6,343.1,60,212.6,1.5,0.1,810.6,29.9,0.0,0.0,0,116.53502524925548,24.312,24.375,2025-06-08 06:47:59
161.9,1.3,205.6,139.3,1,149.1,347.8,60.03,212.7,1.6,0.1,810.6,30,0.0,0.0,0,116.53502524925548,24.375,24.375,2025-06-08 06:48:32
161.7,1.3,208.7,140.7,1.1,155.5,357.1,60.01,212.6,1.7,0.1,810.6,30,0.0,0.0,0,116.53502524925548,24.437,24.437,2025-06-08 06:49:02
158.6,1.3,210.2,148,1.1,163.7,366.9,59.98,212.6,1.7,0.1,810.6,30.1,0.0,0.0,0,116.53502524925548,24.5,24.562,2025-06-08 06:49:34
164.4,1.2,210.4,151,1.1,163.5,355.8,59.98,212.6,1.7,0.1,810.6,30.1,0.0,0.0,0,116.53502524925548,24.625,24.625,2025-06-08 06:50:04
164.8,1.3,198.8,148.1,1.1,165.7,357.6,60,212.5,1.6,0.1,810.6,30.2,0.0,0.0,0,116.53502524925548,24.75,24.75,2025-06-08 06:50:37
161.6,1.2,202.0,146,1.1,163.4,358.2,60.01,212.3,1.7,0.1,810.6,30.2,0.0,0.0,0,116.53502524925548,24.75,24.75,2025-06-08 06:51:07
161.6,1.1,193.1,143.7,1.1,161.3,343.5,60,212.3,1.5,0.1,810.6,30.2,0.1,0.0,0,116.53502524925548,24.812,24.812,2025-06-08 06:51:39
159.1,1.1,187.9,145.5,1,158.1,339.3,60.02,212.4,1.6,0.1,810.6,30.3,0.1,0.0,0,116.53502524925548,24.812,24.75,2025-06-08 06:52:09
155.7,1.1,182.3,149.3,0.9,150.4,326.3,59.96,212.4,1.5,0.1,810.6,30.3,0.1,0.0,0,116.53502524925548,24.812,24.812,2025-06-08 06:52:42
158.6,1.1,182.8,144.3,0.9,143.1,319.7,59.98,212.4,1.5,0.1,810.6,30.4,0.1,0.0,0,116.53502524925548,24.812,24.812,2025-06-08 06:53:12
159.3,1.1,180.7,146.6,0.9,136.7,311.2,59.98,212.4,1.4,0.1,810.6,30.4,0.1,0.0,0,77.69001683283699,24.812,24.812,2025-06-08 06:53:44
158.2,1.1,179.0,141.1,0.8,128.5,301.5,60.01,212.3,1.4,0.1,810.6,30.4,0.1,0.0,0,116.53502524925548,24.875,24.875,2025-06-08 06:54:14
158.7,1.1,176.5,145.9,0.8,126.4,297.0,60.01,212.2,1.4,0.1,810.6,30.5,0.1,0.0,0,77.69001683283699,24.812,24.875,2025-06-08 06:54:47
158.7,1,175.1,149.5,0.8,122.8,292.2,59.99,212.4,1.3,0.1,810.6,30.5,0.1,0.0,0,77.69001683283699,24.875,24.875,2025-06-08 06:55:16
158.8,1,174.0,140.7,0.8,119.6,287.5,60.04,212.3,1.3,0.1,810.6,30.6,0.1,0.0,0,77.69001683283699,24.812,24.812,2025-06-08 06:55:49
158.7,1.1,176.8,146.6,0.8,120.1,291.2,60.02,213,1.3,0.1,810.6,30.6,0.1,0.0,0,77.69001683283699,24.687,24.687,2025-06-08 06:56:19
161.6,1,177.5,143.5,0.8,119.9,291.7,60.01,213.5,1.3,0.1,810.6,30.6,0.1,0.0,0,77.69001683283699,24.562,24.625,2025-06-08 06:56:52
158.7,1.1,184.0,146.5,0.8,121.0,299.6,59.99,213.6,1.3,0.1,810.6,30.7,0.1,0.0,0,116.53502524925548,24.5,24.5,2025-06-08 06:57:21
158.6,1.2,192.3,146.4,0.8,121.4,307.6,59.99,213.5,1.4,0.1,810.6,30.7,0.1,0.0,0,116.53502524925548,24.562,24.625,2025-06-08 06:57:54
161.3,1.2,197.1,149.3,0.8,123.1,314.2,60,213.5,1.4,0.1,810.6,30.7,0.1,0.0,0,77.69001683283699,24.625,24.625,2025-06-08 06:58:24
158.8,1.2,201.6,146.6,0.8,125.9,321.1,59.98,213.5,1.4,0.2,810.7,30.8,0.1,0.0,0,116.53502524925548,24.625,24.625,2025-06-08 06:58:56
155.7,1.2,201.3,143.7,0.8,126.9,322.5,60,213.6,1.5,0.2,810.7,30.8,0.1,0.0,0,116.53502524925548,24.625,24.687,2025-06-08 06:59:26
161.8,1.2,206.9,146.6,0.9,134.0,335.5,60.01,213.6,1.5,0.2,810.7,30.9,0.1,0.0,0,116.53502524925548,24.687,24.75,2025-06-08 06:59:59
159.4,1.3,213.8,149.5,0.9,136.6,343.6,60.04,213.5,1.6,0.2,810.7,30.9,0.1,0.0,0,116.53502524925548,24.687,24.75,2025-06-08 07:00:29
155.8,1.3,213.9,144.3,0.9,139.7,346.6,60.03,213.6,1.6,0.2,810.7,31,0.1,0.0,0,116.53502524925548,24.687,24.687,2025-06-08 07:01:01
161.6,1.3,216.0,143.9,0.9,140.8,349.8,60.04,213.6,1.6,0.2,810.7,31,0.1,0.0,0,116.53502524925548,24.562,24.562,2025-06-08 07:01:31
156.5,1.4,217.2,149.5,0.9,144.7,354.9,60.03,213.5,1.6,0.2,810.7,31.1,0.1,0.0,0,116.53502524925548,24.562,24.562,2025-06-08 07:02:04
156,1.3,213.9,146.6,1,147.7,355.0,60.05,213.5,1.5,0.2,810.7,31.1,0.1,0.0,0,116.53502524925548,24.562,24.562,2025-06-08 07:02:34
158.7,1.4,218.4,145.6,1,149.0,360.2,60.04,213.6,1.7,0.2,810.7,31.1,0.1,0.0,0,116.53502524925548,24.562,24.562,2025-06-08 07:03:06
156,1.4,217.8,146.8,1,154.6,365.0,60.02,213.5,1.7,0.2,810.7,31.2,0.1,0.0,0,116.53502524925548,24.562,24.562,2025-06-08 07:03:36
161.5,1.4,226.9,146.7,1,159.2,378.6,60.02,213.5,1.7,0.2,810.7,31.2,0.1,0.0,0,116.53502524925548,24.5,24.5,2025-06-08 07:04:09
158.9,1.5,235.7,143.6,1.1,158.8,386.8,60.01,213.6,1.8,0.2,810.7,31.3,0.1,0.0,0,116.53502524925548,24.5,24.5,2025-06-08 07:04:39
158.7,1.5,240.0,149.4,1.1,161.5,393.8,60.02,213.6,1.8,0.2,810.7,31.3,0.1,0.0,0,116.53502524925548,24.5,24.5,2025-06-08 07:05:11
158.7,1.5,239.1,146.8,1.1,161.2,392.3,59.97,213.5,1.8,0.2,810.7,31.3,0.1,0.0,0,116.53502524925548,24.562,24.562,2025-06-08 07:05:41
155.8,1.5,232.3,146.4,1.1,160.7,384.9,59.97,213.4,1.7,0.2,810.7,31.3,0.1,0.0,0,116.53502524925548,24.625,24.625,2025-06-08 07:06:14
161.2,1.4,231.3,149,1,159.8,383.7,60,213.4,1.8,0.2,810.7,31.4,0.1,0.1,0,116.53502524925548,24.75,24.75,2025-06-08 07:06:44
158.7,1.4,231.2,146.6,1.1,159.3,382.6,60,213.6,1.8,0.2,810.7,31.4,0.1,0.1,0,116.53502524925548,25.0,25.0,2025-06-08 07:07:16
158.7,1.4,231.3,143.7,1.1,157.3,380.8,60.02,213.8,1.7,0.2,810.7,31.4,0.1,0.1,0,116.53502524925548,25.187,25.187,2025-06-08 07:07:46
158.7,1.4,233.9,149.6,1,158.0,384.2,60.02,214,1.7,0.2,810.7,31.5,0.1,0.1,0,116.53502524925548,25.375,25.437,2025-06-08 07:08:19
158.7,1.5,235.2,146.6,1.1,159.5,386.3,60.03,214.4,1.7,0.2,810.7,31.5,0.1,0.1,0,116.53502524925548,25.562,25.562,2025-06-08 07:08:49
161.7,1.4,227.6,146.7,1,153.0,373.0,60.03,214.3,1.7,0.2,810.7,31.5,0.1,0.1,0,116.53502524925548,25.562,25.562,2025-06-08 07:09:21
161.6,1.4,223.3,146.7,1,146.4,362.1,60.03,214.3,1.7,0.2,810.7,31.6,0.1,0.1,0,116.53502524925548,25.5,25.5,2025-06-08 07:09:51
159.6,1.4,222.2,147.3,0.9,142.8,356.6,60.05,214.3,1.6,0.2,810.7,31.6,0.1,0.1,0,116.53502524925548,25.375,25.375,2025-06-08 07:10:24
158.9,1.3,227.5,146.7,0.9,138.7,359.1,60.03,214.3,1.7,0.2,810.7,31.6,0.1,0.1,0,116.53502524925548,25.187,25.187,2025-06-08 07:10:53
159.8,1.4,225.3,152.5,0.8,137.0,355.0,60.02,214.3,1.6,0.2,810.7,31.7,0.1,0.1,0,116.53502524925548,24.875,24.875,2025-06-08 07:11:26
161.6,1.4,227.3,149.6,0.9,136.1,356.3,59.97,213.8,1.7,0.2,810.7,31.7,0.1,0.1,0,116.53502524925548,24.687,24.687,2025-06-08 07:11:56
160.4,1.4,235.4,148.4,0.9,133.7,362.4,59.98,214.3,1.6,0.2,810.7,31.7,0.1,0.1,0,116.53502524925548,24.562,24.562,2025-06-08 07:12:28
158.7,1.4,238.5,149.5,0.8,133.6,364.7,60.03,214.2,1.6,0.2,810.7,31.7,0.1,0.1,0,116.53502524925548,24.625,24.625,2025-06-08 07:12:58
160.1,1.4,228.8,149.5,0.8,132.7,358.4,60.02,214.2,1.6,0.2,810.7,31.7,0.1,0.1,0,116.53502524925548,24.562,24.562,2025-06-08 07:13:31
161.6,1.4,221.6,155.9,0.8,131.9,346.5,60.04,214.1,1.7,0.2,810.7,31.7,0.1,0.1,0,116.53502524925548,24.562,24.562,2025-06-08 07:14:01
158.7,1.3,212.3,155.2,0.8,129.4,335.0,60.04,214.4,1.4,0.2,810.7,31.8,0.1,0.1,0,116.53502524925548,24.562,24.562,2025-06-08 07:14:33
158.7,1.2,197.5,155.4,0.8,128.5,319.7,60.04,214.2,1.4,0.2,810.7,31.8,0.1,0.1,0,77.69001683283699,24.562,24.562,2025-06-08 07:15:03
158.7,1.1,185.8,158.4,0.7,125.5,304.5,60.03,213.5,1.4,0.3,810.8,31.8,0.1,0.1,0,77.69001683283699,24.562,24.562,2025-06-08 07:15:36
158.6,1.1,176.5,157.9,0.7,122.9,293.6,60.04,213.5,1.3,0.3,810.8,31.8,0.1,0.1,0,77.69001683283699,24.562,24.562,2025-06-08 07:16:06
158.7,0.9,169.8,152.4,0.7,117.5,281.9,60.04,214.2,1.2,0.3,810.8,31.8,0.1,0.1,0,77.69001683283699,24.5,24.562,2025-06-08 07:16:38
156.2,1,166.7,155,0.7,114.3,275.4,60.04,213.5,1.3,0.3,810.8,31.8,0.1,0.1,0,77.69001683283699,24.562,24.562,2025-06-08 07:17:08
158.7,1,163.8,155.4,0.6,112.1,270.9,60.03,213.4,1.2,0.3,810.8,31.8,0.1,0.1,0,77.69001683283699,24.562,24.562,2025-06-08 07:17:41
158.2,1,166.5,157.1,0.6,110.7,271.2,60.02,213.7,1.2,0.3,810.8,31.8,0.1,0.1,0,77.69001683283699,24.625,24.625,2025-06-08 07:18:11
158.6,1,170.0,158.4,0.6,110.5,275.0,60,214.3,1.2,0.3,810.8,31.9,0.1,0.1,0,77.69001683283699,24.75,24.75,2025-06-08 07:18:43
155.8,1,173.8,155.5,0.7,112.6,280.8,59.99,214,1.2,0.3,810.8,31.9,0.1,0.1,0,77.69001683283699,24.875,24.875,2025-06-08 07:19:13
152.6,1.1,176.5,152.5,0.7,114.1,285.0,60,214,1.3,0.3,810.8,31.9,0.1,0.1,0,77.69001683283699,24.812,24.812,2025-06-08 07:19:46
161.5,1.1,174.2,152.5,0.7,118.4,286.6,60.01,214.3,1.3,0.3,810.8,31.9,0.1,0.1,0,77.69001683283699,24.75,24.812,2025-06-08 07:20:15
158.6,1.1,184.4,160,0.6,121.7,299.5,60.04,214.6,1.4,0.3,810.8,31.9,0.1,0.1,0,77.69001683283699,24.75,24.75,2025-06-08 07:20:48
158.7,1.1,182.2,156.8,0.7,123.7,299.9,60,214.4,1.4,0.3,810.8,31.9,0.2,0.1,0,77.69001683283699,24.687,24.687,2025-06-08 07:21:18
160,1.1,172.0,158.5,0.7,124.3,296.7,60.03,214.5,1.4,0.3,810.8,31.9,0.2,0.1,0,77.69001683283699,24.687,24.687,2025-06-08 07:21:51
155.7,1.1,182.3,159.8,0.7,121.2,298.7,60.02,214.5,1.4,0.3,810.8,31.9,0.2,0.1,0,77.69001683283699,24.75,24.75,2025-06-08 07:22:20
157,1.2,189.0,154.1,0.7,121.3,304.2,60.04,214.4,1.4,0.3,810.8,31.9,0.2,0.1,0,116.53502524925548,24.812,24.812,2025-06-08 07:22:53
158.6,1.1,199.0,156.9,0.7,125.9,318.3,60.04,214.2,1.3,0.3,810.8,31.9,0.2,0.1,0,116.53502524925548,24.937,24.937,2025-06-08 07:23:23
158.5,1.3,212.0,156.9,0.8,130.2,335.5,60.02,214.2,1.5,0.3,810.8,31.9,0.2,0.1,0,116.53502524925548,25.062,25.062,2025-06-08 07:23:56
158.8,1.4,224.2,158.3,0.8,138.1,355.2,60.02,214.2,1.6,0.3,810.8,32,0.2,0.1,0,116.53502524925548,25.062,25.125,2025-06-08 07:24:25
158.5,1.5,237.3,155.4,0.9,144.0,373.7,60.02,214.1,1.7,0.3,810.8,32,0.2,0.1,0,116.53502524925548,25.187,25.187,2025-06-08 07:24:58
158.8,1.5,250.1,160.7,0.9,151.0,393.4,60.03,214.3,1.8,0.3,810.8,32,0.2,0.1,0,116.53502524925548,25.312,25.312,2025-06-08 07:25:28
161.7,1.6,254.3,155.4,1,155.9,402.3,60.02,214.3,1.9,0.3,810.8,32,0.2,0.1,0,155.38003366567398,25.375,25.375,2025-06-08 07:26:01
160.7,1.6,258.6,159.3,1,160.6,411.2,60,214.3,1.8,0.3,810.8,32.1,0.2,0.1,0,155.38003366567398,25.5,25.562,2025-06-08 07:26:30
158.5,1.6,255.8,157.7,1,167.6,415.5,60.02,214.4,1.9,0.3,810.8,32.1,0.2,0.1,0,155.38003366567398,25.687,25.687,2025-06-08 07:27:03
159.7,1.6,251.3,158.5,1.1,174.5,417.4,60.01,214.2,1.9,0.3,810.8,32.1,0.2,0.1,0,155.38003366567398,25.687,25.687,2025-06-08 07:27:33
156.6,1.5,247.9,158.3,1.1,179.3,419.5,60.02,214.2,1.9,0.3,810.8,32.2,0.2,0.1,0,155.38003366567398,25.5,25.562,2025-06-08 07:28:05
158.6,1.5,249.0,155.5,1.1,179.3,419.4,60.02,214.4,1.9,0.3,810.8,32.2,0.2,0.1,0,155.38003366567398,25.5,25.5,2025-06-08 07:28:35
157.6,1.6,247.7,161.2,1.1,181.8,420.9,60.02,214.4,2,0.3,810.8,32.2,0.2,0.1,0,155.38003366567398,25.5,25.5,2025-06-08 07:29:08
155.9,1.6,250.7,158.5,1.1,182.5,424.8,59.98,214.4,1.9,0.3,810.8,32.2,0.2,0.1,0,155.38003366567398,25.5,25.625,2025-06-08 07:29:38
158.7,1.6,257.6,161.3,1.1,183.7,432.8,60.03,214.6,2,0.3,810.8,32.2,0.2,0.1,0,155.38003366567398,25.687,25.687,2025-06-08 07:30:10
158.5,1.6,259.2,158.4,1.1,184.7,434.6,60.04,214.5,2,0.3,810.8,32.3,0.2,0.1,0,155.38003366567398,25.687,25.875,2025-06-08 07:30:40
157.5,1.6,258.6,161.4,1.1,186.3,439.2,60.02,214.5,2,0.3,810.8,32.3,0.2,0.1,0,155.38003366567398,26.0,26.0,2025-06-08 07:31:13
158.8,1.7,267.6,161.3,1.1,188.5,445.5,60.01,214.5,2,0.3,810.8,32.4,0.2,0.1,0,155.38003366567398,25.937,25.937,2025-06-08 07:31:42
158.5,1.7,274.5,158.3,1.2,191.0,454.7,60.05,214.4,2.1,0.3,810.8,32.4,0.2,0.1,0,155.38003366567398,25.937,25.937,2025-06-08 07:32:15
158.5,1.8,281.3,162,1.2,185.7,455.5,60.04,214.4,2.2,0.4,810.9,32.4,0.2,0.1,0,155.38003366567398,25.937,25.937,2025-06-08 07:32:45
158.7,1.8,295.6,161.4,1,201.0,482.8,60.04,214.3,2.1,0.4,810.9,32.5,0.2,0.1,0,155.38003366567398,25.937,25.937,2025-06-08 07:33:18
158.7,1.9,306.4,158.7,1.2,203.7,494.6,60.01,214.2,2.3,0.4,810.9,32.5,0.2,0.1,0,155.38003366567398,25.812,25.875,2025-06-08 07:33:47
161.6,2,312.3,160.7,1.3,203.4,499.8,60.03,214.6,2.3,0.4,810.9,32.6,0.2,0.1,0,155.38003366567398,25.812,25.812,2025-06-08 07:34:20
160.7,1.9,321.4,160.5,1.3,209.5,513.7,60.03,214.6,2.3,0.4,810.9,32.6,0.2,0.1,0,194.22504208209244,25.75,25.75,2025-06-08 07:34:50
158.6,2,321.2,155.4,1.3,205.5,512.2,60,214.5,2.3,0.4,810.9,32.7,0.2,0.1,0,194.22504208209244,25.812,25.812,2025-06-08 07:35:23
159.6,2,311.6,158.3,1.2,202.1,502.6,60.03,214.5,2.3,0.4,810.9,32.7,0.2,0.1,0,194.22504208209244,25.875,25.875,2025-06-08 07:35:52
156.5,1.9,301.8,158.5,1.2,191.7,479.5,59.97,214.5,2.2,0.4,810.9,32.8,0.2,0.1,0,155.38003366567398,26.125,26.125,2025-06-08 07:36:25
158.7,1.8,283.5,161.2,1.1,172.2,446.6,59.98,214.4,2,0.4,810.9,32.8,0.2,0.1,0,155.38003366567398,26.25,26.25,2025-06-08 07:36:55
157.8,1.6,257.8,160,0.9,164.9,414.6,60.01,214.4,1.8,0.4,810.9,32.9,0.2,0.1,0,155.38003366567398,26.25,26.25,2025-06-08 07:37:28
156,1.5,239.9,155.6,0.9,151.7,383.9,60,214.2,1.7,0.4,810.9,32.9,0.2,0.1,0,155.38003366567398,26.187,26.187,2025-06-08 07:37:57
155.7,1.4,224.3,156.4,0.9,142.8,359.3,59.98,214.3,1.6,0.4,810.9,32.9,0.2,0.1,0,116.53502524925548,26.187,26.187,2025-06-08 07:38:30
158.7,1.3,212.3,158.4,0.8,136.9,342.6,60,214.2,1.5,0.4,810.9,33,0.2,0.1,0,116.53502524925548,26.125,26.125,2025-06-08 07:39:00
152.7,1.2,198.7,156.7,0.8,130.3,321.9,59.99,214.2,1.5,0.4,810.9,33,0.2,0.1,0,116.53502524925548,26.187,26.25,2025-06-08 07:39:33
155.8,1.2,190.1,155.5,0.7,125.7,310.2,59.98,214.1,1.4,0.4,810.9,33,0.2,0.1,0,116.53502524925548,26.25,26.25,2025-06-08 07:40:02
152.8,1.1,177.4,158.4,0.7,120.2,291.9,59.98,214.1,1.3,0.4,810.9,33,0.2,0.1,0,77.69001683283699,26.125,26.187,2025-06-08 07:40:35
158.7,1,167.8,155.4,0.7,116.2,278.4,60.02,214.2,1.3,0.4,810.9,33,0.2,0.1,0,77.69001683283699,25.937,25.937,2025-06-08 07:41:05
155.7,1,164.9,152.5,0.7,110.3,269.9,60.04,214.3,1.2,0.4,810.9,32.9,0.2,0.1,0,77.69001683283699,25.812,25.812,2025-06-08 07:41:38
152.7,1,158.7,154.4,0.6,105.8,259.3,60.04,214.3,1.1,0.4,810.9,32.9,0.2,0.1,0,77.69001683283699,25.75,25.812,2025-06-08 07:42:07
155.8,0.9,159.3,158.4,0.6,100.8,255.0,60.04,214.2,1.1,0.4,810.9,32.9,0.2,0.1,0,77.69001683283699,25.75,25.812,2025-06-08 07:42:40
155.8,0.9,158.0,153.5,0.6,101.7,254.7,60.03,214.3,1.2,0.4,810.9,32.9,0.2,0.1,0,77.69001683283699,25.75,25.75,2025-06-08 07:43:10
152.7,0.9,155.7,155.4,0.5,101.7,253.1,60.01,214.3,1.1,0.4,810.9,32.8,0.2,0.1,0,77.69001683283699,25.687,25.75,2025-06-08 07:43:42
157.1,0.9,158.0,155.5,0.6,103.0,255.8,60,214.1,1.1,0.4,810.9,32.8,0.2,0.1,0,77.69001683283699,25.687,25.687,2025-06-08 07:44:12
155.6,0.9,167.3,157.1,0.6,102.6,264.6,60,214.2,1.2,0.4,810.9,32.8,0.2,0.1,0,77.69001683283699,25.625,25.625,2025-06-08 07:44:45
156.9,1.1,173.3,152.5,0.7,110.6,278.3,60.04,214.2,1.3,0.4,810.9,32.7,0.2,0.1,0,77.69001683283699,25.562,25.562,2025-06-08 07:45:14
154.4,1.1,184.0,155.4,0.7,121.1,299.1,60.01,214.2,1.3,0.4,810.9,32.7,0.2,0.1,0,116.53502524925548,25.5,25.562,2025-06-08 07:45:47
159.1,1.2,197.2,152.5,0.8,129.4,319.2,60.01,214.3,1.5,0.4,810.9,32.7,0.2,0.1,0,116.53502524925548,25.5,25.5,2025-06-08 07:46:17
158,1.3,212.7,147.4,0.9,138.4,344.3,59.99,214.1,1.5,0.4,810.9,32.7,0.2,0.1,0,116.53502524925548,25.437,25.437,2025-06-08 07:46:50
154.3,1.4,223.1,147.9,1,148.3,364.2,59.99,214.3,1.6,0.4,810.9,32.7,0.3,0.1,0,116.53502524925548,25.437,25.437,2025-06-08 07:47:19
157.1,1.5,242.6,149.5,1,158.0,392.8,59.99,214.3,1.8,0.4,810.9,32.7,0.3,0.2,0,116.53502524925548,25.437,25.437,2025-06-08 07:47:52
154.2,1.6,252.8,148.1,1.1,166.8,410.9,60,214.3,1.9,0.4,810.9,32.6,0.3,0.2,0,155.38003366567398,25.5,25.5,2025-06-08 07:48:22
157.3,1.7,272.4,146.5,1.2,180.5,441.1,60,214.4,2,0.5,811.0,32.6,0.3,0.2,0,155.38003366567398,25.687,25.687,2025-06-08 07:48:55
160.2,1.8,287.0,149.7,1.2,189.0,463.6,60.01,214.5,2.1,0.5,811.0,32.7,0.3,0.2,0,155.38003366567398,25.687,25.875,2025-06-08 07:49:24
155.7,1.8,285.2,151.2,1.2,187.0,459.7,59.98,214.4,2.1,0.5,811.0,32.7,0.3,0.2,0,155.38003366567398,26.125,26.125,2025-06-08 07:49:57
157,1.8,282.2,148.1,1.2,183.7,454.4,59.98,214.4,2.1,0.5,811.0,32.7,0.3,0.2,0,155.38003366567398,26.312,26.312,2025-06-08 07:50:27
158.9,1.7,275.1,148.5,1.2,180.3,443.8,59.98,214.4,2,0.5,811.0,32.7,0.3,0.2,0,155.38003366567398,26.437,26.437,2025-06-08 07:51:00
156.4,1.6,260.7,146.1,1.2,176.1,425.9,60,214.5,1.9,0.5,811.0,32.8,0.3,0.2,0,155.38003366567398,26.5,26.5,2025-06-08 07:51:29
158.7,1.4,245.9,145.1,1.1,165.1,403.0,59.99,214.5,1.8,0.5,811.0,32.8,0.3,0.2,0,116.53502524925548,26.5,26.5,2025-06-08 07:52:02
158.7,1.4,224.3,142.1,1,152.1,369.0,59.99,214.5,1.7,0.5,811.0,32.8,0.3,0.2,0,116.53502524925548,26.437,26.437,2025-06-08 07:52:32
155.6,1.2,202.6,145.1,0.9,138.8,334.5,60.04,214.4,1.5,0.5,811.0,32.8,0.3,0.2,0,116.53502524925548,26.5,26.5,2025-06-08 07:53:05
157.8,1.1,184.5,145.2,0.8,126.8,306.1,60.03,214.3,1.3,0.5,811.0,32.8,0.3,0.2,0,116.53502524925548,26.437,26.437,2025-06-08 07:53:34
155.7,1,171.0,142.2,0.7,115.1,280.8,60.03,214.3,1.2,0.5,811.0,32.8,0.3,0.2,0,77.69001683283699,26.437,26.437,2025-06-08 07:54:07
158.8,0.9,155.5,142.2,0.7,107.1,258.0,60.02,214.4,1.2,0.5,811.0,32.8,0.3,0.2,0,77.69001683283699,26.437,26.437,2025-06-08 07:54:37
155.9,0.8,148.4,139.8,0.6,97.4,241.1,59.98,214.2,1.1,0.5,811.0,32.8,0.3,0.2,0,77.69001683283699,26.437,26.437,2025-06-08 07:55:10
152.4,0.8,138.1,142.3,0.6,93.3,227.0,59.99,214.1,1,0.5,811.0,32.7,0.3,0.2,0,77.69001683283699,26.375,26.375,2025-06-08 07:55:39
155.7,0.7,130.3,142.1,0.5,86.3,212.4,59.99,214,1,0.5,811.0,32.7,0.3,0.2,0,77.69001683283699,26.25,26.25,2025-06-08 07:56:12
155.7,0.7,122.6,139,0.5,81.1,199.5,60,214,0.9,0.5,811.0,32.7,0.3,0.2,0,38.845008416418494,26.125,26.125,2025-06-08 07:56:42
155.7,0.7,117.8,142.2,0.4,77.1,191.5,60.04,214,0.9,0.5,811.0,32.7,0.3,0.2,0,38.845008416418494,26.125,26.125,2025-06-08 07:57:14
155.6,0.6,114.8,145,0.4,74.3,185.2,60.04,214.2,0.9,0.5,811.0,32.6,0.3,0.2,0,38.845008416418494,26.0,26.0,2025-06-08 07:57:44
154.2,0.6,111.3,142.2,0.4,73.0,180.7,59.98,214.2,0.8,0.5,811.0,32.6,0.3,0.2,0,38.845008416418494,25.875,25.875,2025-06-08 07:58:17
151.3,0.6,110.2,142.1,0.4,72.1,178.8,60.01,214.2,0.8,0.5,811.0,32.6,0.3,0.2,0,38.845008416418494,25.812,25.812,2025-06-08 07:58:46
151.4,0.6,111.6,142.4,0.4,71.0,178.6,60.04,213.9,0.8,0.5,811.0,32.6,0.3,0.2,0,38.845008416418494,25.812,25.75,2025-06-08 07:59:19
155.2,0.6,113.0,143.5,0.4,71.2,181.1,60.04,214,0.8,0.5,811.0,32.5,0.3,0.2,0,38.845008416418494,25.687,25.687,2025-06-08 07:59:49
151.4,0.6,112.5,142.3,0.4,71.4,180.5,60.05,214.3,0.8,0.5,811.0,32.5,0.3,0.2,0,38.845008416418494,25.562,25.562,2025-06-08 08:00:22
154.2,0.7,117.4,145.1,0.4,72.9,186.6,60.05,214.2,0.8,0.5,811.0,32.5,0.3,0.2,0,38.845008416418494,25.562,25.437,2025-06-08 08:00:51
154.1,0.7,118.7,143.6,0.4,74.1,190.8,60.06,214.3,0.9,0.5,811.0,32.4,0.3,0.2,0,38.845008416418494,25.25,25.25,2025-06-08 08:01:24
153.5,0.7,123.4,144.4,0.4,75.3,195.1,60.05,214.3,0.9,0.5,811.0,32.4,0.3,0.2,0,38.845008416418494,25.187,25.187,2025-06-08 08:01:54
155.1,0.7,128.9,144.7,0.4,76.7,201.6,60.07,214.3,0.9,0.5,811.0,32.4,0.3,0.2,0,38.845008416418494,25.125,25.125,2025-06-08 08:02:27
154.2,0.8,131.9,145.1,0.5,79.2,207.0,60.06,214.3,0.9,0.5,811.0,32.3,0.3,0.2,0,38.845008416418494,25.125,25.125,2025-06-08 08:02:56
156.2,0.8,135.5,145.1,0.5,81.8,213.2,60.07,214.2,0.9,0.5,811.0,32.3,0.3,0.2,0,38.845008416418494,25.062,25.062,2025-06-08 08:03:29
157.2,0.8,139.0,148.1,0.5,83.6,218.3,60.06,214.3,0.9,0.5,811.0,32.3,0.3,0.2,0,38.845008416418494,25.062,25.062,2025-06-08 08:03:59
155.1,0.8,140.1,152.5,0.5,85.1,220.7,60.03,214.2,1.1,0.5,811.0,32.3,0.3,0.2,0,38.845008416418494,25.062,25.062,2025-06-08 08:04:32
157,0.8,139.4,158.5,0.5,83.1,218.2,60.05,214.2,1,0.5,811.0,32.3,0.3,0.2,0,77.69001683283699,25.062,25.125,2025-06-08 08:05:01
157.7,0.7,141.2,154.7,0.5,88.8,218.7,60.05,214.4,1,0.5,811.0,32.2,0.3,0.2,0,77.69001683283699,25.062,25.062,2025-06-08 08:05:34
154.1,0.8,138.7,152.3,0.5,89.9,224.3,60.04,214.3,1.1,0.5,811.0,32.2,0.3,0.2,0,77.69001683283699,25.0,25.0,2025-06-08 08:06:04
157.2,0.8,139.0,155.4,0.5,91.4,226.0,60.05,214.2,1.1,0.5,811.0,32.2,0.3,0.2,0,77.69001683283699,25.0,25.0,2025-06-08 08:06:37
157.3,0.8,136.8,155.8,0.5,92.1,225.0,60.03,214.2,1,0.5,811.0,32.2,0.3,0.2,0,77.69001683283699,25.062,25.062,2025-06-08 08:07:06
154.3,0.8,136.7,155.7,0.5,92.4,224.8,60.02,214.3,1,0.5,811.0,32.2,0.3,0.2,0,77.69001683283699,25.062,25.062,2025-06-08 08:07:39
158.3,0.8,132.7,153.1,0.5,94.2,222.3,60.04,214.3,1,0.5,811.0,32.2,0.3,0.2,0,77.69001683283699,25.062,25.0,2025-06-08 08:08:09
157.2,0.8,142.8,157.1,0.5,94.7,232.9,60,214.4,1,0.5,811.0,32.2,0.3,0.2,0,77.69001683283699,24.937,24.937,2025-06-08 08:08:42
155.4,0.8,144.5,154.2,0.5,96.5,236.5,59.99,214.4,1.1,0.5,811.0,32.1,0.3,0.2,0,77.69001683283699,24.937,25.0,2025-06-08 08:09:11
156.5,0.8,143.5,150.7,0.5,95.6,234.4,60.02,214.3,1,0.5,811.0,32.1,0.3,0.2,0,77.69001683283699,25.0,25.0,2025-06-08 08:09:44
155.7,0.8,146.3,151,0.5,92.9,234.9,60.03,214.4,1,0.5,811.0,32.1,0.3,0.2,0,77.69001683283699,25.062,25.062,2025-06-08 08:10:13
153.8,0.8,147.8,155.5,0.5,93.0,235.5,60.01,214.5,1.1,0.5,811.0,32.1,0.3,0.2,0,77.69001683283699,25.062,25.062,2025-06-08 08:10:46
158,0.8,148.6,156.2,0.5,88.4,227.3,59.98,214.2,1,0.5,811.0,32.1,0.3,0.2,0,77.69001683283699,25.062,25.062,2025-06-08 08:11:16
157.2,0.8,147.0,155.4,0.5,92.2,234.5,59.96,214.1,1,0.5,811.0,32.1,0.3,0.2,0,77.69001683283699,25.0,25.0,2025-06-08 08:11:49
157.3,0.8,145.6,155.6,0.5,90.8,231.9,59.99,214.1,1,0.6,811.1,32.1,0.3,0.2,0,77.69001683283699,25.062,25.062,2025-06-08 08:12:18
159.5,0.8,137.3,157.6,0.5,82.8,216.0,60.03,214.2,1,0.6,811.1,32.1,0.3,0.2,0,77.69001683283699,25.062,25.062,2025-06-08 08:12:51
154.1,0.8,140.5,152.6,0.5,86.3,222.4,60.02,214.2,1,0.6,811.1,32.1,0.3,0.2,0,77.69001683283699,25.062,25.062,2025-06-08 08:13:21
156.2,0.8,137.4,154.5,0.5,85.6,218.8,60.03,214.3,1,0.6,811.1,32.1,0.3,0.2,0,38.845008416418494,25.0,25.062,2025-06-08 08:13:54
157.2,0.7,132.3,155.4,0.4,83.0,211.1,59.98,214.2,0.9,0.6,811.1,32.1,0.3,0.2,0,77.69001683283699,25.0,25.0,2025-06-08 08:14:23
156.4,0.7,125.4,155.5,0.4,78.6,199.1,59.98,214.2,0.9,0.6,811.1,32.1,0.3,0.2,0,38.845008416418494,25.125,25.125,2025-06-08 08:14:56
157.3,0.7,118.8,155.4,0.4,78.1,192.9,60,214.2,0.9,0.6,811.1,32.2,0.3,0.2,0,38.845008416418494,25.187,25.187,2025-06-08 08:15:26
154.2,0.6,115.0,155.5,0.4,73.5,184.7,60.02,214.2,0.9,0.6,811.1,32.2,0.3,0.2,0,38.845008416418494,25.25,25.25,2025-06-08 08:15:59
151.4,0.6,110.7,153.8,0.4,74.0,181.3,59.99,213.9,0.9,0.6,811.1,32.2,0.3,0.2,0,38.845008416418494,25.25,25.312,2025-06-08 08:16:28
157.3,0.6,109.2,155.4,0.4,74.5,180.3,60.02,214.1,0.8,0.6,811.1,32.2,0.3,0.2,0,38.845008416418494,25.312,25.312,2025-06-08 08:17:01
156.1,0.6,111.3,157.4,0.4,69.8,177.6,60,214.3,0.8,0.6,811.1,32.1,0.3,0.2,0,38.845008416418494,25.312,25.312,2025-06-08 08:17:31
151.3,0.6,112.0,154.1,0.4,77.1,185.7,60.01,214.4,0.9,0.6,811.1,32.1,0.3,0.2,0,38.845008416418494,25.187,25.187,2025-06-08 08:18:04
157.2,0.7,118.5,154.7,0.4,79.7,194.4,60.02,214.3,0.9,0.6,811.1,32.1,0.3,0.2,0,77.69001683283699,25.187,25.187,2025-06-08 08:18:33
157.4,0.7,121.3,150.8,0.5,82.3,202.4,60.04,214.2,0.9,0.6,811.1,32.1,0.3,0.2,0,77.69001683283699,25.25,25.25,2025-06-08 08:19:06
154.8,0.7,128.3,153.3,0.5,85.1,209.3,60.03,214.3,0.9,0.6,811.1,32.1,0.3,0.2,0,77.69001683283699,25.187,25.187,2025-06-08 08:19:36
154.2,0.8,132.7,153.2,0.5,87.9,216.3,60.02,214.3,1,0.6,811.1,32.1,0.3,0.2,0,77.69001683283699,25.125,25.125,2025-06-08 08:20:09
157.4,0.7,139.8,154.1,0.5,90.2,219.8,60.02,214.3,1,0.6,811.1,32.1,0.3,0.2,0,77.69001683283699,25.062,25.062,2025-06-08 08:20:38
157.1,0.8,142.1,151,0.5,89.7,227.2,60.01,214.2,0.9,0.6,811.1,32.1,0.3,0.2,0,77.69001683283699,25.062,25.062,2025-06-08 08:21:11
157.3,0.8,140.8,153.6,0.5,89.8,226.1,59.98,214.1,1,0.6,811.1,32,0.3,0.2,0,77.69001683283699,25.0,25.062,2025-06-08 08:21:40
160.1,0.8,132.0,151.2,0.5,91.0,218.7,59.98,214.2,1,0.6,811.1,32,0.3,0.2,0,77.69001683283699,25.0,25.0,2025-06-08 08:22:14
154.2,0.8,137.7,154,0.5,94.9,227.6,60.02,214.4,1,0.6,811.1,32,0.3,0.2,0,77.69001683283699,24.937,24.937,2025-06-08 08:22:43
157.2,0.8,140.5,155.5,0.5,99.4,233.5,59.96,214.4,1.1,0.6,811.1,32,0.3,0.2,0,77.69001683283699,24.937,24.937,2025-06-08 08:23:16
157.2,0.8,141.2,155.3,0.6,101.5,238.1,59.99,214.5,1,0.6,811.1,32,0.3,0.2,0,77.69001683283699,24.937,25.0,2025-06-08 08:23:45
157.2,0.8,142.2,155.1,0.6,100.0,237.3,60,214.2,1,0.6,811.1,32,0.3,0.2,0,77.69001683283699,25.0,25.0,2025-06-08 08:24:19
157.4,0.8,141.9,152.6,0.6,103.6,240.6,59.99,214.1,1.1,0.6,811.1,32,0.3,0.2,0,77.69001683283699,25.0,25.0,2025-06-08 08:24:48
160,0.8,148.2,152.6,0.6,105.7,248.6,60,214.3,1.1,0.6,811.1,32,0.3,0.2,0,77.69001683283699,25.062,25.062,2025-06-08 08:25:21
154.5,0.9,148.8,156.1,0.6,107.2,251.0,60.02,214.2,1.1,0.6,811.1,32,0.3,0.2,0,77.69001683283699,25.062,25.062,2025-06-08 08:25:50
157.1,0.9,154.5,155,0.6,108.4,257.8,60.03,214.2,1.1,0.6,811.1,32,0.4,0.2,0,77.69001683283699,25.125,25.187,2025-06-08 08:26:23
155.1,0.9,155.0,155.5,0.7,112.1,261.8,60.01,214.2,1.1,0.6,811.1,32.1,0.4,0.2,0,77.69001683283699,25.25,25.25,2025-06-08 08:26:53
154.5,0.9,160.7,158,0.7,116.5,268.3,60.02,214.2,1.2,0.6,811.1,32.1,0.4,0.2,0,77.69001683283699,25.375,25.375,2025-06-08 08:27:26
157.5,0.9,163.4,152.5,0.7,120.6,278.5,60.01,214.1,1.3,0.6,811.1,32.1,0.4,0.2,0,77.69001683283699,25.437,25.437,2025-06-08 08:27:55
156.8,1,168.8,154.7,0.8,130.1,293.6,60.03,214.1,1.3,0.6,811.1,32.1,0.4,0.2,0,77.69001683283699,25.562,25.562,2025-06-08 08:28:28
157.4,1,174.3,152.3,0.8,136.1,304.4,60.02,214.3,1.4,0.6,811.1,32.1,0.4,0.2,0,77.69001683283699,25.625,25.625,2025-06-08 08:28:58
156.9,1.1,182.6,156.7,0.9,143.7,319.9,59.99,214.1,1.4,0.6,811.1,32.1,0.4,0.2,0,77.69001683283699,25.625,25.687,2025-06-08 08:29:31
154.2,1.1,185.7,156.8,0.9,148.2,327.8,60.02,214.2,1.5,0.6,811.1,32.2,0.4,0.2,0,116.53502524925548,25.625,25.625,2025-06-08 08:30:00
157.2,1.1,196.3,153.9,0.9,151.2,341.3,59.98,214.5,1.5,0.6,811.1,32.2,0.4,0.2,0,116.53502524925548,25.625,25.625,2025-06-08 08:30:33
162.8,1.1,201.6,159.8,0.9,149.9,343.5,60.02,214.4,1.5,0.6,811.1,32.2,0.4,0.2,0,116.53502524925548,25.625,25.625,2025-06-08 08:31:03
157.3,1.3,214.0,156.9,0.9,152.7,359.4,60.01,214.6,1.6,0.6,811.1,32.2,0.4,0.2,0,116.53502524925548,25.687,25.75,2025-06-08 08:31:36
162.7,1.3,220.4,157,0.9,155.5,369.1,60.04,214.5,1.7,0.6,811.1,32.2,0.4,0.2,0,116.53502524925548,25.812,25.812,2025-06-08 08:32:05
160.2,1.4,230.8,157.1,0.9,151.2,374.3,59.99,214.6,1.7,0.6,811.1,32.2,0.4,0.2,0,116.53502524925548,25.75,25.75,2025-06-08 08:32:38
160.2,1.4,230.5,154.1,0.9,151.1,374.0,59.98,214.6,1.7,0.6,811.1,32.3,0.4,0.2,0,116.53502524925548,25.687,25.687,2025-06-08 08:33:08
160.7,1.4,222.2,154.2,0.9,150.8,365.7,59.98,214.5,1.7,0.6,811.1,32.3,0.4,0.2,0,116.53502524925548,25.687,25.687,2025-06-08 08:33:41
157.2,1.4,220.2,156.9,0.9,148.8,361.5,60.03,214.5,1.6,0.6,811.1,32.3,0.4,0.2,0,116.53502524925548,25.75,25.75,2025-06-08 08:34:10
157.7,1.3,211.7,156.5,0.9,146.3,351.0,60,214.3,1.6,0.6,811.1,32.3,0.4,0.2,0,116.53502524925548,25.812,25.812,2025-06-08 08:34:43
156.9,1.3,208.3,156.8,0.9,149.5,350.7,60,214.5,1.5,0.7,811.2,32.3,0.4,0.2,0,116.53502524925548,25.812,25.75,2025-06-08 08:35:12
157.1,1.3,209.4,159.2,0.9,153.2,354.0,60.03,214.5,1.6,0.7,811.2,32.3,0.4,0.2,0,116.53502524925548,25.812,25.812,2025-06-08 08:35:46
157.2,1.3,211.9,154,1,154.8,359.5,60.02,214.2,1.6,0.7,811.2,32.3,0.4,0.2,0,116.53502524925548,25.687,25.75,2025-06-08 08:36:15
160.1,1.3,218.1,156.7,1,160.5,371.8,60,214.3,1.6,0.7,811.2,32.4,0.4,0.2,0,116.53502524925548,25.75,25.75,2025-06-08 08:36:48
160.3,1.4,227.0,154.2,1,161.6,381.0,59.98,214.3,1.7,0.7,811.2,32.4,0.4,0.2,0,116.53502524925548,25.812,25.812,2025-06-08 08:37:17
160.1,1.5,236.4,157,1,167.1,395.6,59.97,214.4,1.8,0.7,811.2,32.4,0.4,0.2,0,155.38003366567398,25.937,25.937,2025-06-08 08:37:51
160.2,1.5,241.3,154,1,167.3,402.4,60.03,214.4,1.8,0.7,811.2,32.4,0.4,0.2,0,155.38003366567398,25.937,26.0,2025-06-08 08:38:20
157.3,1.5,244.5,159.9,1,168.7,405.3,60.02,214.4,1.9,0.7,811.2,32.5,0.4,0.2,0,155.38003366567398,26.125,26.062,2025-06-08 08:38:53
160.7,1.5,235.6,154.1,1,169.4,396.5,59.98,214.5,1.8,0.7,811.2,32.5,0.4,0.2,0,155.38003366567398,26.25,26.25,2025-06-08 08:39:22
160.3,1.4,242.1,159.9,1,164.3,398.5,59.97,214.4,1.8,0.7,811.2,32.5,0.4,0.2,0,155.38003366567398,26.437,26.437,2025-06-08 08:39:56
157.7,1.5,236.6,156.9,1,162.9,392.2,59.99,214.2,1.8,0.7,811.2,32.5,0.4,0.2,0,155.38003366567398,26.562,26.625,2025-06-08 08:40:25
157.3,1.4,231.3,159.9,1,157.7,380.2,59.99,214.2,1.7,0.7,811.2,32.6,0.4,0.3,0,116.53502524925548,26.625,26.687,2025-06-08 08:40:58
158,1.4,221.3,156.3,0.9,152.9,366.7,60.01,214.4,1.6,0.7,811.2,32.6,0.4,0.3,0,116.53502524925548,26.687,26.687,2025-06-08 08:41:27
159.1,1.2,207.0,156.1,0.9,145.2,345.3,60.04,214.4,1.5,0.7,811.2,32.6,0.4,0.3,0,116.53502524925548,26.625,26.625,2025-06-08 08:42:00
157.3,1.2,197.2,157.5,0.8,135.3,328.1,60.01,214.3,1.5,0.7,811.2,32.6,0.4,0.3,0,116.53502524925548,26.5,26.5,2025-06-08 08:42:30
159.1,1.1,187.9,158.9,0.8,137.2,319.3,60.01,214.2,1.4,0.7,811.2,32.6,0.4,0.3,0,116.53502524925548,26.312,26.375,2025-06-08 08:43:03
156.2,1.1,181.5,154.1,0.8,133.6,308.7,60.04,214.4,1.5,0.7,811.2,32.6,0.4,0.3,0,116.53502524925548,26.375,26.375,2025-06-08 08:43:32
156.3,1.1,177.1,156.9,0.8,134.3,305.4,60.02,214.4,1.4,0.7,811.2,32.7,0.4,0.3,0,116.53502524925548,26.312,26.375,2025-06-08 08:44:05
157.3,1.1,179.5,156.9,0.8,134.4,307.7,60.03,214.2,1.4,0.7,811.2,32.7,0.4,0.3,0,116.53502524925548,26.312,26.312,2025-06-08 08:44:35
158.8,1,180.1,153.8,0.8,135.1,304.4,59.99,214.2,1.5,0.7,811.2,32.7,0.4,0.3,0,116.53502524925548,26.25,26.312,2025-06-08 08:45:08
154.3,1.1,183.6,160,0.8,133.5,308.5,60,214.3,1.4,0.7,811.2,32.7,0.4,0.3,0,116.53502524925548,26.312,26.312,2025-06-08 08:45:37
157.3,1.2,191.6,156.9,0.9,143.5,328.3,60,214.3,1.5,0.7,811.2,32.7,0.4,0.3,0,116.53502524925548,26.25,26.25,2025-06-08 08:46:10
154.2,1.2,196.3,157,0.9,146.0,335.7,60,214.5,1.5,0.7,811.2,32.7,0.4,0.3,0,116.53502524925548,26.187,26.187,2025-06-08 08:46:39
160,1.3,204.5,156.9,0.9,149.3,346.9,60.01,214.3,1.5,0.7,811.2,32.7,0.4,0.3,0,116.53502524925548,26.187,26.187,2025-06-08 08:47:13
157.4,1.3,211.8,156,0.9,149.9,354.7,60.03,214.4,1.6,0.7,811.2,32.8,0.4,0.3,0,116.53502524925548,26.25,26.25,2025-06-08 08:47:42
157.2,1.3,218.3,154.1,0.9,151.7,362.2,60.04,214.4,1.6,0.7,811.2,32.8,0.4,0.3,0,116.53502524925548,26.312,26.312,2025-06-08 08:48:15
154.2,1.4,221.7,158.8,0.9,154.2,368.2,60,214.4,1.7,0.7,811.2,32.8,0.4,0.3,0,155.38003366567398,26.312,26.312,2025-06-08 08:48:44
157.2,1.4,225.9,154,0.9,152.9,371.2,59.97,214.5,1.7,0.7,811.2,32.9,0.4,0.3,0,155.38003366567398,26.187,26.187,2025-06-08 08:49:18
160.2,1.4,225.3,156.9,0.9,152.2,370.1,59.97,214.4,1.7,0.7,811.2,32.9,0.4,0.3,0,116.53502524925548,26.25,26.25,2025-06-08 08:49:47
154.3,1.4,219.0,156.9,0.9,147.9,359.8,60.04,214.4,1.6,0.7,811.2,32.8,0.4,0.3,0,116.53502524925548,26.375,26.437,2025-06-08 08:50:20
155.9,1.3,215.4,157,0.9,144.4,353.2,60.01,214.5,1.6,0.7,811.2,32.8,0.4,0.3,0,116.53502524925548,26.5,26.5,2025-06-08 08:50:49
156,1.3,210.6,155.6,0.8,138.8,342.4,60.04,214.4,1.6,0.7,811.2,32.8,0.4,0.3,0,116.53502524925548,26.375,26.375,2025-06-08 08:51:23
157.3,1.3,210.9,158.4,0.8,137.0,340.6,60.03,214.3,1.6,0.7,811.2,32.8,0.4,0.3,0,116.53502524925548,26.312,26.312,2025-06-08 08:51:52
157.2,1.3,209.1,158.4,0.8,135.6,338.1,59.98,214.4,1.5,0.8,811.3,32.8,0.4,0.3,0,116.53502524925548,26.312,26.312,2025-06-08 08:52:25
157.2,1.3,209.4,154.1,0.8,133.6,336.5,60.02,214.4,1.5,0.8,811.3,32.9,0.4,0.3,0,116.53502524925548,26.375,26.375,2025-06-08 08:52:54
155.7,1.3,210.7,156.8,0.8,134.9,341.3,60.04,214.4,1.5,0.8,811.3,32.9,0.4,0.3,0,116.53502524925548,26.5,26.5,2025-06-08 08:53:28
157.1,1.3,217.1,157,0.8,136.4,346.6,60,214.5,1.6,0.8,811.3,32.9,0.4,0.3,0,116.53502524925548,26.625,26.625,2025-06-08 08:53:57
156,1.4,218.8,153.9,0.8,137.8,349.7,60.03,214.4,1.6,0.8,811.3,32.9,0.4,0.3,0,116.53502524925548,26.75,26.75,2025-06-08 08:54:30
154.1,1.4,225.3,160.3,0.9,135.3,353.9,60,214.4,1.7,0.8,811.3,32.9,0.4,0.3,0,116.53502524925548,26.812,26.812,2025-06-08 08:54:59
160.2,1.4,232.5,157,0.9,148.1,373.2,60.02,214.4,1.7,0.8,811.3,32.9,0.5,0.3,0,116.53502524925548,26.875,26.875,2025-06-08 08:55:32
160.3,1.4,237.8,156.9,0.9,151.8,382.1,60.01,214.4,1.8,0.8,811.3,32.9,0.5,0.3,0,155.38003366567398,26.812,26.812,2025-06-08 08:56:02
157.1,1.5,242.2,156.8,1,155.0,389.4,60.01,214.4,1.7,0.8,811.3,33,0.5,0.3,0,155.38003366567398,26.687,26.687,2025-06-08 08:56:35
161.6,1.4,244.6,155.8,1,158.2,395.1,60,214.4,1.7,0.8,811.3,32.9,0.5,0.3,0,155.38003366567398,26.562,26.562,2025-06-08 08:57:04
160.2,1.5,248.9,154,1,162.6,403.7,59.99,214.4,1.9,0.8,811.3,33,0.5,0.3,0,155.38003366567398,26.75,26.75,2025-06-08 08:57:37
160.2,1.6,255.8,158.4,1,168.2,415.8,60.02,214.2,1.9,0.8,811.3,33,0.5,0.3,0,155.38003366567398,26.625,26.687,2025-06-08 08:58:07
157.3,1.7,263.9,155.1,1.1,172.8,429.2,60.01,214.3,1.9,0.8,811.3,33,0.5,0.3,0,155.38003366567398,26.562,26.625,2025-06-08 08:58:40
157.3,1.7,273.6,154,1.1,176.1,440.0,60,214.4,2,0.8,811.3,33,0.5,0.3,0,155.38003366567398,26.687,26.687,2025-06-08 08:59:09
158.5,1.8,288.5,156.9,1.1,184.2,462.3,59.98,214.7,2.1,0.8,811.3,33.1,0.5,0.3,0,155.38003366567398,26.75,26.812,2025-06-08 08:59:42
160.1,1.9,299.9,158.1,1.2,190.7,478.6,60.02,214.7,2.2,0.8,811.3,33.1,0.5,0.3,0,194.22504208209244,26.812,26.875,2025-06-08 09:00:12
158.6,1.9,309.0,157,1.2,197.8,492.9,59.97,214.7,2.3,0.8,811.3,33.1,0.5,0.3,0,194.22504208209244,27.0,27.0,2025-06-08 09:00:45
159.2,2,319.5,159.9,1.2,203.6,506.8,60,214.8,2.3,0.8,811.3,33.1,0.5,0.3,0,194.22504208209244,27.25,27.25,2025-06-08 09:01:14
160.2,2,327.5,156.9,1.3,207.8,518.4,60,214.7,2.4,0.8,811.3,33.2,0.5,0.3,0,194.22504208209244,27.5,27.5,2025-06-08 09:01:47
160.3,2,325.2,153.9,1.3,206.7,515.0,60.01,214.4,2.4,0.8,811.3,33.3,0.5,0.3,0,194.22504208209244,27.625,27.625,2025-06-08 09:02:16
160.7,1.9,322.0,159,1.3,206.4,503.7,60.01,214.4,2.3,0.8,811.3,33.3,0.5,0.3,0,194.22504208209244,27.5,27.5,2025-06-08 09:02:50
160.3,1.9,310.8,154.1,1.3,200.7,497.1,60.01,214.5,2.3,0.8,811.3,33.3,0.5,0.3,0,194.22504208209244,27.437,27.437,2025-06-08 09:03:19
160.3,1.8,292.4,154,1.2,191.9,472.5,60.03,214.4,2.2,0.8,811.3,33.3,0.5,0.3,0,194.22504208209244,27.562,27.625,2025-06-08 09:03:52
156.7,1.7,277.0,156.9,1.1,184.7,452.4,60.01,214.4,2,0.8,811.3,33.4,0.5,0.3,0,155.38003366567398,27.5,27.5,2025-06-08 09:04:21
157.5,1.6,256.1,153.5,1.1,172.0,419.7,59.98,214.4,2,0.8,811.3,33.3,0.5,0.3,0,155.38003366567398,27.312,27.375,2025-06-08 09:04:55
154.1,1.5,238.5,156.8,1,163.0,393.7,59.97,214.4,1.8,0.8,811.3,33.4,0.5,0.3,0,155.38003366567398,27.375,27.25,2025-06-08 09:05:24
157.2,1.4,224.1,153.6,0.9,150.9,367.7,60.02,214.3,1.6,0.8,811.3,33.4,0.5,0.3,0,116.53502524925548,27.062,27.062,2025-06-08 09:05:57
157.2,1.3,212.9,156.8,0.9,142.6,348.6,59.99,214.1,1.6,0.9,811.4,33.3,0.5,0.3,0,116.53502524925548,27.062,26.937,2025-06-08 09:06:26
160,1.2,198.9,154.1,0.8,136.0,322.5,60.01,214.1,1.5,0.9,811.4,33.3,0.5,0.3,0,116.53502524925548,27.0,27.0,2025-06-08 09:07:00
155.3,1.2,194.0,156.9,0.8,129.1,316.8,59.99,214.3,1.4,0.9,811.4,33.3,0.5,0.3,0,116.53502524925548,27.0,26.875,2025-06-08 09:07:29
157.2,1.1,191.0,154,0.8,128.3,313.2,60,214.2,1.4,0.9,811.4,33.3,0.5,0.3,0,116.53502524925548,26.687,26.687,2025-06-08 09:08:02
157.1,1.1,187.4,156,0.7,125.0,306.3,60.01,214.3,1.4,0.9,811.4,33.3,0.5,0.3,0,116.53502524925548,26.625,26.625,2025-06-08 09:08:31
159.7,1.1,174.6,153.2,0.7,124.9,293.8,59.98,214.3,1.4,0.9,811.4,33.3,0.5,0.3,0,116.53502524925548,26.5,26.5,2025-06-08 09:09:04
154.3,1.1,179.6,151,0.7,122.4,296.3,59.99,214.4,1.3,0.9,811.4,33.3,0.5,0.3,0,77.69001683283699,26.437,26.437,2025-06-08 09:09:34
156.5,1.1,182.5,154,0.7,125.4,302.0,60,214.5,1.4,0.9,811.4,33.3,0.5,0.3,0,77.69001683283699,26.437,26.437,2025-06-08 09:10:07
157.2,1.1,185.3,156.9,0.7,126.8,306.1,60.01,214.6,1.4,0.9,811.4,33.3,0.5,0.3,0,77.69001683283699,26.437,26.437,2025-06-08 09:10:36
154.8,1.1,186.2,154.6,0.8,128.3,309.2,60.02,214.7,1.4,0.9,811.4,33.3,0.5,0.3,0,116.53502524925548,26.312,26.312,2025-06-08 09:11:09
157.2,1.2,189.4,157,0.8,128.3,311.8,60.04,214.6,1.5,0.9,811.4,33.3,0.5,0.3,0,116.53502524925548,26.375,26.375,2025-06-08 09:11:39
157,1.2,194.4,160,0.7,130.5,318.5,60.02,214.7,1.4,0.9,811.4,33.3,0.5,0.3,0,116.53502524925548,26.5,26.5,2025-06-08 09:12:12
154.2,1.2,199.5,153.7,0.8,135.0,328.2,60,214.6,1.5,0.9,811.4,33.3,0.5,0.3,0,116.53502524925548,26.625,26.625,2025-06-08 09:12:41
154,1.3,206.8,156.9,0.8,139.5,339.7,59.99,214.6,1.5,0.9,811.4,33.3,0.5,0.3,0,116.53502524925548,26.625,26.625,2025-06-08 09:13:14
160.1,1.3,210.4,154.1,0.8,140.5,339.4,60.03,214.6,1.6,0.9,811.4,33.2,0.5,0.3,0,116.53502524925548,26.75,26.75,2025-06-08 09:13:44
160.2,1.3,211.5,153.7,0.9,142.8,347.7,60.02,214.7,1.5,0.9,811.4,33.3,0.5,0.3,0,116.53502524925548,26.937,26.937,2025-06-08 09:14:17
154.1,1.3,213.5,154.7,0.9,142.9,349.6,59.98,214.6,1.6,0.9,811.4,33.3,0.5,0.3,0,116.53502524925548,27.062,27.062,2025-06-08 09:14:46
154.2,1.4,217.9,159.9,0.9,145.8,356.8,59.99,214.7,1.6,0.9,811.4,33.3,0.5,0.3,0,116.53502524925548,27.0,27.0,2025-06-08 09:15:19
159.9,1.4,218.2,156.9,0.9,150.2,361.2,60,214.7,1.6,0.9,811.4,33.3,0.5,0.3,0,116.53502524925548,27.0,27.0,2025-06-08 09:15:48
154.3,1.4,225.4,157.1,0.9,155.0,373.0,60.02,214.5,1.7,0.9,811.4,33.3,0.5,0.3,0,116.53502524925548,27.187,27.187,2025-06-08 09:16:22
157.3,1.5,234.6,157.2,0.9,160.7,387.9,59.98,214.6,1.7,0.9,811.4,33.3,0.5,0.3,0,155.38003366567398,27.312,27.312,2025-06-08 09:16:51
157.2,1.5,243.6,157,1,167.1,402.5,60,214.6,1.8,0.9,811.4,33.3,0.5,0.3,0,155.38003366567398,27.437,27.437,2025-06-08 09:17:24
162.9,1.5,238.0,157,1.1,174.1,410.4,59.99,214.6,1.9,0.9,811.4,33.3,0.5,0.3,0,155.38003366567398,27.375,27.375,2025-06-08 09:17:53
160.2,1.7,267.1,156.7,1.1,182.3,440.6,60.04,214.7,2,0.9,811.4,33.3,0.5,0.3,0,155.38003366567398,27.5,27.5,2025-06-08 09:18:27
157.4,1.7,278.9,159.9,1.2,192.0,461.0,60.01,214.7,2.1,0.9,811.4,33.3,0.5,0.3,0,155.38003366567398,27.625,27.687,2025-06-08 09:18:56
157.1,1.8,291.9,159.9,1.2,202.1,481.4,60,214.7,2.2,0.9,811.4,33.4,0.5,0.3,0,194.22504208209244,27.75,27.75,2025-06-08 09:19:29
162.7,1.8,302.7,158.7,1.3,208.4,499.7,60.01,214.6,2.2,0.9,811.4,33.4,0.5,0.3,0,194.22504208209244,27.75,27.75,2025-06-08 09:19:58
160.2,2,320.2,158.3,1.4,221.1,525.3,60.02,214.6,2.4,0.9,811.4,33.4,0.6,0.4,0,194.22504208209244,27.687,27.75,2025-06-08 09:20:32
160.6,2.1,321.6,161.3,1.4,226.4,530.9,60.02,214.6,2.5,0.9,811.4,33.4,0.6,0.4,0,194.22504208209244,27.812,27.812,2025-06-08 09:21:01
157.5,2.1,339.2,161.9,1.4,223.1,544.4,59.98,214.7,2.5,0.9,811.4,33.5,0.6,0.4,0,233.07005049851097,28.0,28.062,2025-06-08 09:21:34
160.5,2.2,347.2,163.5,1.4,238.3,567.8,60,214.6,2.6,1.0,811.5,33.5,0.6,0.4,0,233.07005049851097,28.187,28.187,2025-06-08 09:22:03
159.8,2.2,350.7,161.1,1.5,251.8,582.3,59.99,214.7,2.7,1.0,811.5,33.6,0.6,0.4,0,233.07005049851097,28.25,28.312,2025-06-08 09:22:36
157.6,2.2,353.8,158.5,1.6,254.6,587.2,60.04,214.9,2.8,1.0,811.5,33.6,0.6,0.4,0,233.07005049851097,28.125,28.125,2025-06-08 09:23:06
160.2,2.3,364.2,161.3,1.6,259.1,602.7,60.06,215,2.7,1.0,811.5,33.7,0.6,0.4,0,233.07005049851097,27.875,27.937,2025-06-08 09:23:39
160.2,2.3,368.3,161.2,1.6,262.5,608.5,60.05,214.9,2.8,1.0,811.5,33.7,0.6,0.4,0,233.07005049851097,27.937,27.937,2025-06-08 09:24:08
162.1,2.2,371.4,162.2,1.6,263.4,601.1,60.04,214.9,2.8,1.0,811.5,33.7,0.6,0.4,0,233.07005049851097,28.25,28.25,2025-06-08 09:24:41
160.2,2.2,379.7,158.4,1.6,263.0,618.6,59.99,214.9,2.8,1.0,811.5,33.7,0.6,0.4,0,233.07005049851097,28.437,28.437,2025-06-08 09:25:11
160.2,2.4,386.7,158.5,1.6,264.1,625.8,60.02,214.9,2.9,1.0,811.5,33.8,0.6,0.4,0,233.07005049851097,28.625,28.625,2025-06-08 09:25:44
163.1,2.5,379.7,160,1.6,269.8,624.8,59.97,214.7,2.9,1.0,811.5,33.9,0.6,0.4,0,271.91505891492943,28.875,28.875,2025-06-08 09:26:13
160.3,2.5,401.2,159.6,1.7,273.6,648.2,59.97,214.7,3,1.0,811.5,33.9,0.6,0.4,0,271.91505891492943,29.187,29.25,2025-06-08 09:26:46
160.1,2.5,402.6,159.7,1.7,271.8,651.6,59.97,214.7,3,1.0,811.5,34,0.6,0.4,0,271.91505891492943,29.25,29.437,2025-06-08 09:27:16
157.2,2.5,403.0,159.9,1.8,285.2,660.2,60,214.6,3.1,1.0,811.5,34.1,0.6,0.4,0,271.91505891492943,29.75,29.75,2025-06-08 09:27:49
157.5,2.6,405.7,159.9,1.8,288.6,665.8,60,214.7,3.1,1.0,811.5,34.2,0.6,0.4,0,271.91505891492943,29.75,30.0,2025-06-08 09:28:18
160.2,2.5,407.0,156.9,1.8,287.9,667.4,60.01,214.7,3.1,1.0,811.5,34.2,0.6,0.4,0,271.91505891492943,30.187,30.25,2025-06-08 09:28:51
159.5,2.6,406.6,157.6,1.8,292.3,670.2,60.01,214.7,3.1,1.0,811.5,34.3,0.6,0.4,0,271.91505891492943,30.5,30.5,2025-06-08 09:29:20
160.2,2.6,411.8,159.9,1.8,292.7,675.3,60.02,214.9,3.2,1.0,811.5,34.4,0.6,0.4,0,271.91505891492943,30.625,30.625,2025-06-08 09:29:54
159.3,2.6,409.0,159,1.8,285.7,665.8,60.02,214.8,3.1,1.0,811.5,34.4,0.6,0.4,0,271.91505891492943,30.437,30.437,2025-06-08 09:30:23
157.3,2.6,405.2,161.5,1.6,281.7,660.9,60.02,214.9,3,1.0,811.5,34.5,0.6,0.4,0,271.91505891492943,30.187,30.187,2025-06-08 09:30:56
161.9,2.4,398.6,159.8,1.7,281.3,641.9,60.04,214.9,3,1.0,811.5,34.5,0.6,0.4,0,271.91505891492943,30.312,30.312,2025-06-08 09:31:25
158,2.5,396.2,160.7,1.7,266.0,637.6,60.02,214.9,3,1.1,811.6,34.6,0.6,0.4,0,271.91505891492943,30.437,30.437,2025-06-08 09:31:59
157.1,2.5,392.3,163.1,1.6,258.5,630.2,60.02,214.8,3,1.1,811.6,34.6,0.6,0.4,0,271.91505891492943,30.625,30.687,2025-06-08 09:32:28
156.4,2.5,385.5,159.9,1.7,273.1,633.0,60.05,214.8,2.9,1.1,811.6,34.6,0.6,0.4,0,271.91505891492943,30.812,30.812,2025-06-08 09:33:01
160.2,2.5,387.3,159.4,1.7,268.5,631.5,60.04,214.5,2.9,1.1,811.6,34.6,0.6,0.4,0,271.91505891492943,30.812,30.75,2025-06-08 09:33:30
159.2,2.4,388.5,159.9,1.6,264.4,628.0,60.02,214.4,2.9,1.1,811.6,34.6,0.6,0.4,0,271.91505891492943,30.875,30.812,2025-06-08 09:34:04
157.2,2.5,388.2,159.9,1.6,256.7,620.5,60.03,214.7,2.9,1.1,811.6,34.6,0.6,0.4,0,233.07005049851097,30.75,30.75,2025-06-08 09:34:33
157.3,2.5,386.3,159.9,1.6,250.1,612.0,60.03,214.7,2.8,1.1,811.6,34.6,0.6,0.4,0,271.91505891492943,30.187,30.187,2025-06-08 09:35:06
160.2,2.4,374.0,154,1.5,238.7,592.8,60.04,214.7,2.8,1.1,811.6,34.6,0.6,0.4,0,233.07005049851097,30.0,30.0,2025-06-08 09:35:35
157.1,2.3,357.3,156.9,1.4,227.7,564.7,60.04,214.8,2.6,1.1,811.6,34.6,0.7,0.4,0,233.07005049851097,30.062,30.062,2025-06-08 09:36:08
157.2,2.1,333.4,156.9,1.3,214.1,530.2,60.03,214.8,2.4,1.1,811.6,34.6,0.7,0.4,0,233.07005049851097,30.125,30.187,2025-06-08 09:36:38
154.2,1.9,303.3,160.2,1.2,190.0,481.9,60.04,214.6,2.3,1.1,811.6,34.6,0.7,0.4,0,194.22504208209244,30.0,30.0,2025-06-08 09:37:11
154.6,1.8,287.8,159.4,1.1,186.9,460.8,60.03,214.5,2.1,1.1,811.6,34.7,0.7,0.4,0,194.22504208209244,29.812,29.812,2025-06-08 09:37:40
157.2,1.7,270.7,159.9,1.1,172.7,436.6,60.04,214.5,2,1.1,811.6,34.7,0.7,0.4,0,155.38003366567398,29.375,29.375,2025-06-08 09:38:13
157.1,1.6,253.2,156.7,1.1,170.6,415.6,60.03,214.3,1.9,1.1,811.6,34.6,0.7,0.4,0,155.38003366567398,29.0,29.062,2025-06-08 09:38:43
156.8,1.5,240.5,154.1,1,162.7,395.3,60.03,214.1,1.8,1.1,811.6,34.6,0.7,0.4,0,155.38003366567398,28.937,28.937,2025-06-08 09:39:16
157.9,1.5,224.2,159.3,1,157.2,375.5,60.04,214.2,1.8,1.1,811.6,34.6,0.7,0.4,0,155.38003366567398,28.937,28.937,2025-06-08 09:39:45
154.6,1.4,227.2,159.3,0.8,154.4,371.9,60.06,214.1,1.7,1.1,811.6,34.6,0.7,0.4,0,155.38003366567398,29.0,29.0,2025-06-08 09:40:18
157.2,1.3,223.1,157.1,0.9,152.8,368.6,60.02,214.3,1.6,1.1,811.6,34.6,0.7,0.4,0,155.38003366567398,29.125,29.125,2025-06-08 09:40:48
156.8,1.4,218.2,151.1,0.9,148.0,359.0,60.02,214.3,1.6,1.1,811.6,34.6,0.7,0.4,0,155.38003366567398,29.125,29.125,2025-06-08 09:41:21
157.2,1.3,217.2,153.9,0.9,147.4,357.4,59.98,214.4,1.6,1.1,811.6,34.6,0.7,0.4,0,116.53502524925548,28.937,28.937,2025-06-08 09:41:50
159,1.2,214.3,154.9,0.9,144.4,342.3,60.01,214.3,1.6,1.1,811.6,34.6,0.7,0.4,0,116.53502524925548,28.625,28.625,2025-06-08 09:42:23
154.1,1.3,211.3,153.9,0.9,144.3,348.7,60,214.4,1.6,1.1,811.6,34.6,0.7,0.4,0,116.53502524925548,28.437,28.5,2025-06-08 09:42:52
157.2,1.3,208.9,154,0.8,143.5,345.2,60.01,214.3,1.6,1.1,811.6,34.6,0.7,0.4,0,116.53502524925548,28.187,28.187,2025-06-08 09:43:26
154.2,1.2,205.4,157.1,0.9,138.6,337.2,60.01,214.2,1.5,1.2,811.7,34.5,0.7,0.4,0,116.53502524925548,27.937,27.937,2025-06-08 09:43:55
157,1.3,202.3,154,0.8,139.1,334.5,59.98,214.2,1.5,1.2,811.7,34.5,0.7,0.4,0,116.53502524925548,27.875,27.937,2025-06-08 09:44:28
154.1,1.2,199.4,154,0.8,134.8,328.2,60.01,214.3,1.5,1.2,811.7,34.5,0.7,0.4,0,116.53502524925548,27.875,27.937,2025-06-08 09:44:57
154.3,1.2,197.3,153.9,0.8,133.1,323.3,60,214.3,1.5,1.2,811.7,34.4,0.7,0.4,0,116.53502524925548,27.937,27.937,2025-06-08 09:45:31
157.3,1.2,195.6,151,0.8,128.9,318.2,59.98,214.4,1.4,1.2,811.7,34.4,0.7,0.4,0,116.53502524925548,28.0,28.0,2025-06-08 09:46:00
157.2,1.1,193.6,156.8,0.7,126.8,314.1,60.03,214.3,1.4,1.2,811.7,34.4,0.7,0.4,0,116.53502524925548,28.125,28.125,2025-06-08 09:46:33
155,1.2,190.7,154.7,0.7,124.0,308.8,60,214.3,1.4,1.2,811.7,34.4,0.7,0.4,0,116.53502524925548,28.187,28.25,2025-06-08 09:47:02
157.2,1.2,188.4,156.9,0.7,119.9,302.3,60.01,214.4,1.4,1.2,811.7,34.4,0.7,0.5,0,116.53502524925548,28.187,28.187,2025-06-08 09:47:36
155.1,1.1,185.7,156.9,0.7,116.4,296.2,59.99,214.3,1.4,1.2,811.7,34.4,0.7,0.5,0,116.53502524925548,28.187,28.187,2025-06-08 09:48:05
156.2,1.1,182.6,151.9,0.7,113.4,290.4,60.04,214.4,1.3,1.2,811.7,34.3,0.7,0.5,0,77.69001683283699,28.187,28.187,2025-06-08 09:48:38
156.7,1.1,183.7,146.6,0.7,113.7,291.8,60.05,214.3,1.4,1.2,811.7,34.3,0.7,0.5,0,77.69001683283699,28.125,28.125,2025-06-08 09:49:07
159.1,1,181.3,147.3,0.7,116.1,292.2,60.03,214.3,1.3,1.2,811.7,34.2,0.7,0.5,0,116.53502524925548,27.875,27.875,2025-06-08 09:49:40
159.1,1,187.1,145.1,0.8,118.3,290.8,60.04,214.3,1.3,1.2,811.7,34.2,0.7,0.5,0,116.53502524925548,27.812,27.812,2025-06-08 09:50:09
157.2,1.2,192.1,145.1,0.8,120.5,306.5,60.03,214.5,1.4,1.2,811.7,34.1,0.7,0.5,0,116.53502524925548,27.75,27.75,2025-06-08 09:50:43
157.2,1.2,196.6,145.1,0.8,123.2,313.6,60.02,214.7,1.4,1.2,811.7,34.1,0.7,0.5,0,116.53502524925548,27.875,27.875,2025-06-08 09:51:12
157.4,1.2,199.7,144.3,0.8,126.7,320.6,60.02,215,1.4,1.2,811.7,34.1,0.7,0.5,0,116.53502524925548,27.937,27.937,2025-06-08 09:51:45
157,1.3,205.1,143.6,0.8,131.1,329.5,59.97,214.7,1.5,1.2,811.7,34.1,0.7,0.5,0,116.53502524925548,28.0,28.0,2025-06-08 09:52:14
154.3,1.3,210.0,148.1,0.9,135.4,338.7,59.99,214.7,1.5,1.2,811.7,34.1,0.7,0.5,0,116.53502524925548,28.062,28.0,2025-06-08 09:52:48
157.3,1.3,216.5,146.7,0.9,141.2,350.6,59.98,214.7,1.6,1.2,811.7,34.1,0.7,0.5,0,116.53502524925548,28.0,28.0,2025-06-08 09:53:17
154.2,1.4,220.3,154,0.9,148.1,361.5,59.98,214.9,1.6,1.2,811.7,34.1,0.7,0.5,0,116.53502524925548,28.062,28.125,2025-06-08 09:53:50
157.2,1.3,226.8,156.9,0.9,155.5,373.6,59.98,215.3,1.7,1.2,811.7,34.1,0.7,0.5,0,155.38003366567398,28.125,28.187,2025-06-08 09:54:19
160.3,1.4,224.6,156.9,1,159.4,376.6,59.99,215.5,1.7,1.2,811.7,34,0.7,0.5,0,155.38003366567398,28.25,28.25,2025-06-08 09:54:53
157.3,1.4,227.5,156.9,1,163.0,382.9,60.02,215.4,1.7,1.2,811.7,34.1,0.7,0.5,0,155.38003366567398,28.375,28.375,2025-06-08 09:55:22
160.3,1.4,224.5,160,1,159.5,378.3,60.03,215.3,1.8,1.2,811.7,34.1,0.7,0.5,0,155.38003366567398,28.375,28.437,2025-06-08 09:55:55
159.1,1.4,227.2,154,1,166.6,386.2,60.03,215.3,1.7,1.2,811.7,34.1,0.7,0.5,0,155.38003366567398,28.187,28.25,2025-06-08 09:56:24
159.2,1.4,228.7,154.7,1.1,171.2,392.0,60.02,215.4,1.7,1.2,811.7,34.1,0.7,0.5,0,155.38003366567398,28.312,28.312,2025-06-08 09:56:58
156,1.4,227.4,156.9,1.1,171.4,390.9,59.98,215.1,1.8,1.2,811.7,34.1,0.7,0.5,0,155.38003366567398,28.375,28.375,2025-06-08 09:57:27
157.3,1.5,232.8,156.9,1.1,172.8,397.6,60.01,215.1,1.8,1.2,811.7,34.1,0.7,0.5,0,155.38003366567398,28.312,28.375,2025-06-08 09:58:00
155.6,1.5,235.3,156.9,1.1,173.0,400.5,60.02,215.6,1.8,1.2,811.7,34.1,0.7,0.5,0,155.38003366567398,28.312,28.312,2025-06-08 09:58:29
156,1.5,236.0,156.8,1.1,172.2,400.1,60.01,215.5,1.8,1.2,811.7,34.2,0.7,0.5,0,155.38003366567398,28.5,28.562,2025-06-08 09:59:03
157.3,1.5,244.5,156.6,1.1,173.9,410.0,60.01,215.6,1.8,1.2,811.7,34.2,0.7,0.5,0,155.38003366567398,28.625,28.625,2025-06-08 09:59:32
157.2,1.5,247.7,154,1.1,169.7,408.8,60.02,215.7,1.8,1.2,811.7,34.3,0.7,0.5,0,155.38003366567398,28.5,28.5,2025-06-08 10:00:05
160.1,1.5,245.8,159.9,1,167.5,403.1,60.04,215.7,1.8,1.2,811.7,34.3,0.7,0.5,0,155.38003366567398,28.375,28.375,2025-06-08 10:00:34
160.2,1.5,243.5,156.8,1,167.1,402.3,60.02,215.6,1.8,1.3,811.8,34.3,0.7,0.5,0,155.38003366567398,28.5,28.5,2025-06-08 10:01:07
157.2,1.5,244.9,156.9,1,165.0,401.9,59.99,215.6,1.8,1.3,811.8,34.4,0.7,0.5,0,155.38003366567398,28.5,28.625,2025-06-08 10:01:36
157.4,1.5,239.4,156.9,1,161.3,392.5,59.96,215.5,1.8,1.3,811.8,34.4,0.7,0.5,0,155.38003366567398,28.562,28.625,2025-06-08 10:02:10
160.2,1.5,231.0,157.1,1,159.4,382.7,60.04,215.6,1.7,1.3,811.8,34.4,0.8,0.5,0,155.38003366567398,28.625,28.625,2025-06-08 10:02:39
157.2,1.4,226.2,154,0.9,154.2,372.9,60.03,215.5,1.7,1.3,811.8,34.4,0.8,0.5,0,155.38003366567398,28.5,28.5,2025-06-08 10:03:12
156.7,1.4,217.8,160.3,0.9,144.2,357.5,60.03,215.4,1.7,1.3,811.8,34.4,0.8,0.5,0,116.53502524925548,28.5,28.5,2025-06-08 10:03:41
157.2,1.3,211.7,156.9,0.8,147.0,351.8,60.03,215.2,1.5,1.3,811.8,34.4,0.8,0.5,0,116.53502524925548,28.437,28.437,2025-06-08 10:04:15
157,1.2,204.3,155.9,0.8,141.1,338.5,60.04,215.1,1.5,1.3,811.8,34.4,0.8,0.5,0,116.53502524925548,28.312,28.312,2025-06-08 10:04:44
154,1.1,195.5,157,0.8,136.8,325.4,60.04,215.3,1.4,1.3,811.8,34.3,0.8,0.5,0,116.53502524925548,28.062,28.062,2025-06-08 10:05:17
155.2,1.1,189.6,152.9,0.8,132.3,315.6,59.99,215.4,1.4,1.3,811.8,34.3,0.8,0.5,0,116.53502524925548,27.875,27.875,2025-06-08 10:05:46
156.1,1.1,181.6,154,0.8,129.4,304.6,59.98,215.3,1.4,1.3,811.8,34.3,0.8,0.5,0,116.53502524925548,27.687,27.75,2025-06-08 10:06:20
159,1.1,170.4,153.9,0.8,127.7,292.2,60,215.4,1.4,1.3,811.8,34.2,0.8,0.5,0,116.53502524925548,27.812,27.812,2025-06-08 10:06:49
158.5,1,174.8,154,0.7,123.7,293.1,60.04,215,1.3,1.3,811.8,34.2,0.8,0.5,0,116.53502524925548,27.937,27.937,2025-06-08 10:07:22
155.7,1,173.0,155.3,0.7,121.0,286.0,60,215.1,1.3,1.3,811.8,34.2,0.8,0.5,0,116.53502524925548,28.0,28.0,2025-06-08 10:07:51
157.1,1,170.3,152.2,0.7,118.0,282.9,59.98,215.1,1.3,1.3,811.8,34.3,0.8,0.5,0,77.69001683283699,27.937,28.0,2025-06-08 10:08:25
155.1,1,165.7,151.1,0.7,115.1,275.5,60.04,215.2,1.2,1.3,811.8,34.3,0.8,0.5,0,77.69001683283699,27.937,27.937,2025-06-08 10:08:54
157.2,0.9,161.9,157,0.7,112.5,268.8,60.04,215.1,1.2,1.3,811.8,34.3,0.8,0.5,0,77.69001683283699,27.875,27.937,2025-06-08 10:09:27
157.2,0.9,157.1,150.9,0.7,113.2,265.2,60,215,1.2,1.3,811.8,34.3,0.8,0.5,0,77.69001683283699,27.812,27.812,2025-06-08 10:09:56
154.3,0.9,152.9,156.9,0.6,111.4,259.3,59.99,215,1.2,1.3,811.8,34.2,0.8,0.5,0,77.69001683283699,27.687,27.687,2025-06-08 10:10:30
151.1,0.9,148.1,154,0.7,111.8,255.3,60.03,215.2,1.1,1.3,811.8,34.2,0.8,0.5,0,77.69001683283699,27.625,27.625,2025-06-08 10:10:59
157.6,0.9,146.4,154,0.6,109.6,251.3,60.02,215.2,1.1,1.3,811.8,34.3,0.8,0.5,0,77.69001683283699,27.5,27.5,2025-06-08 10:11:32
157.3,0.9,145.8,157,0.6,105.2,245.0,60.01,215,1.1,1.3,811.8,34.3,0.8,0.5,0,77.69001683283699,27.312,27.312,2025-06-08 10:12:01
151.3,0.8,141.7,150.7,0.6,101.3,238.4,60.03,215,1.1,1.3,811.8,34.3,0.8,0.5,0,77.69001683283699,27.125,27.125,2025-06-08 10:12:34
154.3,0.8,142.6,152.5,0.6,97.6,235.7,60.03,215.1,1.1,1.3,811.8,34.3,0.8,0.5,0,77.69001683283699,27.125,27.125,2025-06-08 10:13:04
153.9,0.8,140.9,157,0.5,95.0,232.1,59.98,215,1,1.3,811.8,34.4,0.8,0.5,0,77.69001683283699,27.062,27.062,2025-06-08 10:13:37
152.8,0.8,139.9,154,0.5,93.8,229.2,59.99,215,1,1.3,811.8,34.4,0.8,0.5,0,77.69001683283699,27.125,27.125,2025-06-08 10:14:06
154.2,0.8,138.6,154,0.5,92.2,226.3,59.99,215,1,1.3,811.8,34.4,0.8,0.5,0,77.69001683283699,27.125,27.187,2025-06-08 10:14:39
157.1,0.8,135.7,154.8,0.5,91.8,223.2,60.03,215,1,1.3,811.8,34.4,0.8,0.5,0,77.69001683283699,27.125,27.125,2025-06-08 10:15:08
151.2,0.8,133.3,153.1,0.5,88.9,218.0,60.02,214.9,1,1.3,811.8,34.4,0.8,0.5,0,77.69001683283699,27.125,27.125,2025-06-08 10:15:42
152.4,0.8,132.1,150.9,0.5,84.7,212.4,59.99,214.8,1,1.3,811.8,34.4,0.8,0.5,0,77.69001683283699,27.187,27.187,2025-06-08 10:16:11
156.5,0.8,131.1,154,0.4,82.9,210.0,60.04,215.1,0.9,1.3,811.8,34.4,0.8,0.5,0,77.69001683283699,27.187,27.25,2025-06-08 10:16:44
154.2,0.7,131.9,154,0.4,78.0,205.7,60.02,215,1,1.3,811.8,34.4,0.8,0.5,0,77.69001683283699,27.25,27.25,2025-06-08 10:17:13
154,0.7,128.1,152.1,0.4,75.5,199.7,60.01,215,0.8,1.3,811.8,34.4,0.8,0.5,0,38.845008416418494,27.25,27.25,2025-06-08 10:17:47
157.3,0.7,123.7,154,0.4,73.8,193.8,59.98,215.1,0.9,1.3,811.8,34.4,0.8,0.5,0,77.69001683283699,27.25,27.25,2025-06-08 10:18:16
153.4,0.7,123.0,153.2,0.4,70.7,188.1,59.99,215,0.8,1.3,811.8,34.3,0.8,0.5,0,38.845008416418494,27.062,27.062,2025-06-08 10:18:49
151.4,0.7,119.7,151,0.4,69.5,185.7,60.02,214.9,0.9,1.3,811.8,34.1,0.8,0.5,0,38.845008416418494,27.0,27.0,2025-06-08 10:19:18
157.3,0.7,120.7,154.1,0.4,69.8,186.8,60,215,0.9,1.3,811.8,34.1,0.8,0.5,0,38.845008416418494,26.875,26.875,2025-06-08 10:19:52
154,0.7,123.7,157,0.4,66.8,187.0,59.97,215,0.9,1.3,811.8,34.1,0.8,0.5,0,38.845008416418494,26.812,26.875,2025-06-08 10:20:21
154.2,0.7,127.6,151,0.4,69.5,193.4,60.02,215.2,0.9,1.3,811.8,34.1,0.8,0.5,0,38.845008416418494,26.75,26.75,2025-06-08 10:20:54
154.3,0.7,131.3,155.8,0.4,68.0,195.9,60.01,215.1,0.9,1.3,811.8,34.1,0.8,0.5,0,77.69001683283699,26.625,26.625,2025-06-08 10:21:23
157.2,0.7,133.8,154,0.4,76.6,206.2,60.02,215.2,0.9,1.3,811.8,34.2,0.8,0.5,0,77.69001683283699,26.562,26.562,2025-06-08 10:21:57
157.2,0.8,134.6,153.1,0.4,78.9,209.5,60.03,215,1,1.3,811.8,34.2,0.8,0.5,0,77.69001683283699,26.5,26.5,2025-06-08 10:22:26
154.2,0.7,134.4,154,0.4,77.7,210.4,60.01,215,1,1.3,811.8,34.2,0.8,0.5,0,77.69001683283699,26.562,26.562,2025-06-08 10:22:59
159.7,0.8,127.3,151.5,0.4,81.0,204.1,60.02,215,0.9,1.3,811.8,34.2,0.8,0.5,0,77.69001683283699,26.5,26.5,2025-06-08 10:23:28
157.2,0.7,134.0,150.9,0.5,81.8,211.6,59.99,215,0.9,1.3,811.8,34.2,0.8,0.5,0,77.69001683283699,26.437,26.437,2025-06-08 10:24:01
156.7,0.8,133.7,154.4,0.4,83.7,213.3,60.05,214.9,0.9,1.4,811.9,34.1,0.8,0.5,0,38.845008416418494,26.437,26.437,2025-06-08 10:24:31
157.2,0.7,132.0,154.1,0.5,85.5,213.4,60.04,215,1,1.4,811.9,34,0.8,0.5,0,77.69001683283699,26.437,26.437,2025-06-08 10:25:04
154.9,0.7,131.7,154,0.5,86.1,213.8,60.01,215,1,1.4,811.9,33.9,0.8,0.5,0,38.845008416418494,26.437,26.437,2025-06-08 10:25:33
154.2,0.7,130.0,156.8,0.5,83.5,209.7,60.04,214.8,0.9,1.4,811.9,33.9,0.8,0.5,0,38.845008416418494,26.375,26.375,2025-06-08 10:26:06
160.2,0.7,124.6,151,0.5,88.3,208.9,60.02,214.8,1,1.4,811.9,33.9,0.8,0.5,0,77.69001683283699,26.312,26.312,2025-06-08 10:26:36
157.2,0.7,128.9,153.8,0.5,91.0,215.6,60.03,214.9,0.9,1.4,811.9,33.9,0.8,0.5,0,38.845008416418494,26.312,26.375,2025-06-08 10:27:09
157.2,0.7,131.2,152.5,0.5,93.1,220.0,59.97,214.9,0.9,1.4,811.9,33.8,0.8,0.5,0,77.69001683283699,26.312,26.312,2025-06-08 10:27:38
160,0.8,131.7,148,0.6,96.5,223.5,59.98,214.9,1,1.4,811.9,33.8,0.8,0.5,0,77.69001683283699,26.25,26.312,2025-06-08 10:28:11
154.2,0.8,137.6,150.9,0.6,98.4,231.5,60,214.9,1.1,1.4,811.9,33.7,0.8,0.5,0,77.69001683283699,26.25,26.25,2025-06-08 10:28:41
154.5,0.8,145.7,156.9,0.6,103.4,244.5,59.98,215.1,1.1,1.4,811.9,33.7,0.8,0.5,0,77.69001683283699,26.25,26.312,2025-06-08 10:29:14
157,0.9,152.6,154,0.6,105.0,252.6,59.98,215.2,1.1,1.4,811.9,33.7,0.8,0.5,0,77.69001683283699,26.312,26.312,2025-06-08 10:29:43
154.3,0.9,159.8,155.4,0.6,107.8,262.6,60.01,215.4,1.2,1.4,811.9,33.7,0.8,0.5,0,77.69001683283699,26.375,26.375,2025-06-08 10:30:16
154.9,1,165.5,158.3,0.6,108.3,268.5,60.04,215.4,1.2,1.4,811.9,33.7,0.8,0.5,0,77.69001683283699,26.437,26.437,2025-06-08 10:30:45
160.2,1,170.2,152.5,0.7,110.7,275.5,60.01,215.3,1.2,1.4,811.9,33.7,0.8,0.5,0,77.69001683283699,26.437,26.5,2025-06-08 10:31:19
157.2,1,172.9,157.9,0.7,110.9,278.5,60.04,215.3,1.3,1.4,811.9,33.6,0.8,0.5,0,77.69001683283699,26.5,26.5,2025-06-08 10:31:48
157,1,174.3,156.9,0.7,112.5,281.9,60.01,215.2,1.3,1.4,811.9,33.6,0.8,0.5,0,77.69001683283699,26.437,26.437,2025-06-08 10:32:21
157.4,1,175.7,154,0.7,111.0,281.2,60.02,215.3,1.3,1.4,811.9,33.5,0.8,0.5,0,77.69001683283699,26.375,26.375,2025-06-08 10:32:50
156.8,1.1,174.4,153.9,0.6,110.1,279.0,59.97,215.2,1.2,1.4,811.9,33.5,0.8,0.5,0,77.69001683283699,26.375,26.375,2025-06-08 10:33:24
154,1,170.0,156.8,0.6,108.1,273.0,59.98,215.2,1.2,1.4,811.9,33.5,0.8,0.5,0,77.69001683283699,26.312,26.312,2025-06-08 10:33:53
160.1,0.9,166.6,156.9,0.6,105.5,266.5,59.98,215.2,1.2,1.4,811.9,33.6,0.8,0.5,0,77.69001683283699,26.375,26.375,2025-06-08 10:34:26
160.2,0.9,162.4,154,0.6,102.7,259.9,60,215.1,1.2,1.4,811.9,33.6,0.8,0.5,0,77.69001683283699,26.375,26.375,2025-06-08 10:34:55
157.3,0.9,158.8,156.9,0.6,100.8,254.4,60.02,215,1.2,1.4,811.9,33.6,0.8,0.5,0,77.69001683283699,26.375,26.375,2025-06-08 10:35:29
157.1,0.9,153.3,154,0.6,99.8,248.1,59.98,215,1.1,1.4,811.9,33.6,0.8,0.5,0,77.69001683283699,26.375,26.375,2025-06-08 10:35:58
157.2,0.8,151.3,156.9,0.5,98.0,244.3,60.02,214.9,1.1,1.4,811.9,33.5,0.8,0.5,0,77.69001683283699,26.375,26.375,2025-06-08 10:36:31
157.3,0.9,149.8,154.5,0.6,100.5,245.4,59.98,214.8,1.1,1.4,811.9,33.4,0.8,0.5,0,77.69001683283699,26.375,26.375,2025-06-08 10:37:00
157.1,0.9,148.8,156.6,0.6,100.6,244.6,59.98,215,1.1,1.4,811.9,33.4,0.8,0.5,0,77.69001683283699,26.437,26.437,2025-06-08 10:37:33
159.5,0.8,148.3,151.6,0.6,99.7,243.2,60,214.8,1.1,1.4,811.9,33.4,0.8,0.5,0,77.69001683283699,26.437,26.437,2025-06-08 10:38:03
154.7,0.9,149.3,157.9,0.5,99.4,244.0,60.01,214.8,1,1.4,811.9,33.4,0.8,0.5,0,77.69001683283699,26.437,26.437,2025-06-08 10:38:36
154.2,0.9,150.1,158.4,0.5,95.5,240.9,59.99,214.9,1.1,1.4,811.9,33.4,0.8,0.5,0,77.69001683283699,26.375,26.375,2025-06-08 10:39:05
159.9,0.9,151.4,152.5,0.5,97.0,244.1,59.99,215,1.1,1.4,811.9,33.4,0.8,0.5,0,77.69001683283699,26.375,26.375,2025-06-08 10:39:38
157.3,0.9,155.0,155.3,0.5,96.5,246.7,59.99,214.9,1.1,1.4,811.9,33.4,0.8,0.6,0,77.69001683283699,26.375,26.375,2025-06-08 10:40:08
156.3,0.9,156.5,156.1,0.5,96.3,248.6,60.01,214.7,1.1,1.4,811.9,33.4,0.8,0.6,0,77.69001683283699,26.25,26.25,2025-06-08 10:40:41
157.3,0.9,160.6,155.2,0.5,95.8,251.4,59.99,214.8,1.1,1.4,811.9,33.5,0.8,0.6,0,77.69001683283699,26.187,26.25,2025-06-08 10:41:10
157.4,1,163.7,155.5,0.5,96.5,255.1,59.97,214.9,1.1,1.4,811.9,33.4,0.8,0.6,0,77.69001683283699,26.062,26.062,2025-06-08 10:41:43
160.1,1,168.9,158.5,0.5,95.6,259.4,60,214.8,1.1,1.4,811.9,33.4,0.9,0.6,0,77.69001683283699,25.937,25.937,2025-06-08 10:42:12
160.3,1,171.0,152.7,0.6,98.1,263.8,59.97,214.6,1.2,1.4,811.9,33.3,0.9,0.6,0,77.69001683283699,25.875,25.875,2025-06-08 10:42:46
157.1,1,172.4,155.5,0.6,101.8,269.6,59.98,214.7,1.2,1.4,811.9,33.3,0.9,0.6,0,77.69001683283699,25.75,25.75,2025-06-08 10:43:15
157.4,1,176.2,157.1,0.6,106.0,276.7,59.99,214.6,1.3,1.4,811.9,33.3,0.9,0.6,0,77.69001683283699,25.687,25.75,2025-06-08 10:43:48
160.1,1,181.6,156.1,0.6,109.8,286.1,59.98,214.6,1.2,1.4,811.9,33.4,0.9,0.6,0,38.845008416418494,25.75,25.687,2025-06-08 10:44:17
160.2,1.1,188.1,157,0.7,116.0,299.4,60.03,214.9,1.3,1.4,811.9,33.4,0.9,0.6,0,116.53502524925548,25.75,25.75,2025-06-08 10:44:51
160.3,1.2,197.0,155,0.7,119.8,310.7,59.99,214.9,1.4,1.4,811.9,33.4,0.9,0.6,0,116.53502524925548,25.812,25.812,2025-06-08 10:45:20
161.5,1.2,201.4,158.8,0.7,123.1,318.1,60.02,215,1.4,1.4,811.9,33.4,0.9,0.6,0,116.53502524925548,25.812,25.875,2025-06-08 10:45:53
159.4,1.3,210.9,159.9,0.7,123.2,327.5,60.02,215,1.5,1.4,811.9,33.5,0.9,0.6,0,116.53502524925548,25.75,25.812,2025-06-08 10:46:22
158.3,1.3,220.5,154,0.8,124.3,338.1,59.96,215,1.5,1.4,811.9,33.5,0.9,0.6,0,116.53502524925548,25.75,25.75,2025-06-08 10:46:56
157.2,1.4,223.6,155.7,0.8,126.4,343.7,60,215.2,1.5,1.5,812.0,33.5,0.9,0.6,0,116.53502524925548,25.75,25.75,2025-06-08 10:47:25
163.1,1.4,232.2,158.3,0.8,130.5,355.6,59.98,215.2,1.6,1.5,812.0,33.5,0.9,0.6,0,116.53502524925548,25.812,25.812,2025-06-08 10:47:58
161.8,1.4,238.0,159.9,0.8,134.4,365.0,59.98,215,1.6,1.5,812.0,33.5,0.9,0.6,0,116.53502524925548,25.812,25.812,2025-06-08 10:48:27
161.3,1.4,239.8,161.9,0.8,128.9,366.4,59.99,215,1.6,1.5,812.0,33.3,0.9,0.6,0,116.53502524925548,25.687,25.687,2025-06-08 10:49:01
160.1,1.4,236.5,154,0.9,140.3,369.5,60,214.9,1.7,1.5,812.0,33.2,0.9,0.6,0,116.53502524925548,25.687,25.625,2025-06-08 10:49:30
160.3,1.4,237.3,161.7,0.8,144.5,374.4,59.99,215,1.7,1.5,812.0,33.3,0.9,0.6,0,77.69001683283699,25.625,25.625,2025-06-08 10:50:03
163,1.5,235.4,158.2,0.9,152.0,379.8,60.02,215,1.7,1.5,812.0,33.3,0.9,0.6,0,116.53502524925548,25.562,25.562,2025-06-08 10:50:32
157.3,1.5,238.8,158.3,1,158.1,389.0,60.03,214.8,1.8,1.5,812.0,33.3,0.9,0.6,0,116.53502524925548,25.562,25.562,2025-06-08 10:51:06
160.1,1.5,249.2,159.8,1,166.2,407.1,60.04,214.7,1.9,1.5,812.0,33.4,0.9,0.6,0,116.53502524925548,25.562,25.625,2025-06-08 10:51:35
161.4,1.6,265.0,161.4,1,176.9,433.1,60.02,213.4,1.9,1.5,812.0,33.5,0.9,0.6,0,155.38003366567398,25.687,25.75,2025-06-08 10:52:08
161.5,1.7,283.2,156.9,1.1,185.1,458.9,60.05,215.8,2.1,1.5,812.0,33.5,0.9,0.6,0,155.38003366567398,25.75,25.812,2025-06-08 10:52:37
161.6,1.9,309.6,162.8,1.2,198.4,495.1,60.03,215.9,2.3,1.5,812.0,33.6,0.9,0.6,0,194.22504208209244,25.875,25.875,2025-06-08 10:53:10
158.6,2.1,328.7,158.1,1.3,215.2,526.3,60.03,215.9,2.4,1.5,812.0,33.6,0.9,0.6,0,194.22504208209244,25.875,26.0,2025-06-08 10:53:39
163.2,2.2,364.5,161.5,1.4,229.8,574.3,60.02,216.2,2.6,1.5,812.0,33.7,0.9,0.6,0,233.07005049851097,26.125,26.187,2025-06-08 10:54:13
162.5,2.4,388.5,162.8,1.5,241.8,606.6,60.03,216.4,2.8,1.5,812.0,33.8,0.9,0.6,0,233.07005049851097,26.312,26.312,2025-06-08 10:54:42
163.7,2.6,423.8,162.8,1.6,259.0,657.8,60.02,216.2,3,1.5,812.0,33.9,0.9,0.6,0,271.91505891492943,26.5,26.5,2025-06-08 10:55:15
163.8,2.8,452.8,160.4,1.7,276.2,699.6,59.98,216.4,3.2,1.5,812.0,33.9,0.9,0.6,0,271.91505891492943,26.562,26.562,2025-06-08 10:55:44
163.7,2.9,479.9,161.1,1.8,291.9,738.8,60.01,216.4,3.4,1.5,812.0,34,0.9,0.6,0,271.91505891492943,26.75,26.812,2025-06-08 10:56:18
163.1,3,493.4,162.8,1.8,301.4,761.9,59.99,216.6,3.5,1.5,812.0,34.1,0.9,0.6,0,310.76006733134795,26.812,26.937,2025-06-08 10:56:47
161.3,3.1,494.0,159.9,1.9,309.5,768.0,59.97,216.2,3.6,1.5,812.0,34.2,0.9,0.6,0,310.76006733134795,27.062,27.062,2025-06-08 10:57:20
160,3.1,501.4,159.7,1.9,315.1,778.1,59.99,216.3,3.6,1.5,812.0,34.3,0.9,0.6,0,310.76006733134795,27.062,27.062,2025-06-08 10:57:49
163.2,3.1,511.0,162.8,1.9,316.8,792.5,59.96,216.3,3.6,1.5,812.0,34.4,0.9,0.6,0,310.76006733134795,26.937,26.937,2025-06-08 10:58:23
163.3,3.1,508.1,159.9,1.9,322.1,793.5,60.02,216.5,3.6,1.6,812.1,34.5,0.9,0.6,0,310.76006733134795,26.875,26.875,2025-06-08 10:58:52
166.1,3,495.9,159.9,2,324.0,784.9,59.99,216.3,3.6,1.6,812.1,34.5,0.9,0.6,0,310.76006733134795,27.062,27.062,2025-06-08 10:59:25
163.1,3,508.6,160.1,2,324.8,797.9,60,216.4,3.6,1.6,812.1,34.5,0.9,0.6,0,310.76006733134795,27.187,27.187,2025-06-08 10:59:54
163.2,3.1,494.3,162.9,2,326.1,785.6,60.04,216.5,3.6,1.6,812.1,34.4,0.9,0.6,0,310.76006733134795,27.312,27.375,2025-06-08 11:00:28
165.9,3.1,492.7,159.9,1.9,327.6,775.5,60.03,216.5,3.6,1.6,812.1,34.4,1.0,0.6,0,271.91505891492943,27.375,27.375,2025-06-08 11:00:57
163.1,3.1,502.0,159.7,2,326.4,792.1,60.02,216.4,3.6,1.6,812.1,34.3,1.0,0.6,0,271.91505891492943,27.5,27.562,2025-06-08 11:01:30
163.1,3.1,501.4,161.5,2,321.7,787.6,60.04,216.2,3.7,1.6,812.1,34.3,1.0,0.6,0,271.91505891492943,27.625,27.625,2025-06-08 11:01:59
160.1,3.1,502.8,159.9,2,326.5,789.8,60,216.5,3.7,1.6,812.1,34.3,1.0,0.6,0,310.76006733134795,27.812,27.875,2025-06-08 11:02:33
161.6,3.2,513.1,159.9,2,327.4,803.7,60.01,216.4,3.7,1.6,812.1,34.4,1.0,0.6,0,310.76006733134795,27.937,27.937,2025-06-08 11:03:02
163.1,3.2,521.1,158.5,2,324.5,808.4,60.02,216.6,3.7,1.6,812.1,34.4,1.0,0.6,0,310.76006733134795,28.0,28.062,2025-06-08 11:03:35
161.2,3.2,522.5,160,2,330.6,815.3,60.05,216.5,3.8,1.6,812.1,34.5,1.0,0.6,0,310.76006733134795,28.25,28.25,2025-06-08 11:04:04
163.9,3.1,537.6,159.8,2.1,335.3,834.7,60.02,216.7,3.7,1.6,812.1,34.5,1.0,0.6,0,310.76006733134795,28.187,28.187,2025-06-08 11:04:38
163.1,3.3,544.2,160,2.1,340.2,845.6,60.04,216.7,3.9,1.6,812.1,34.6,1.0,0.6,0,310.76006733134795,28.375,28.375,2025-06-08 11:05:07
165.5,3.3,524.3,160.7,2,341.7,827.6,60.06,216.7,3.9,1.6,812.1,34.6,1.0,0.6,0,310.76006733134795,28.687,28.687,2025-06-08 11:05:40
165.9,3.1,523.8,159.9,2.1,341.1,828.6,60.04,216.5,3.8,1.7,812.2,34.8,1.0,0.6,0,310.76006733134795,28.937,28.937,2025-06-08 11:06:09
163.1,3.3,531.4,162,2.1,337.1,829.9,60.03,216.6,3.8,1.7,812.2,34.8,1.0,0.6,0,310.76006733134795,29.187,29.187,2025-06-08 11:06:42
163.2,3.2,516.0,162.8,2.1,330.6,809.0,60.03,216.7,3.8,1.7,812.2,34.8,1.0,0.6,0,310.76006733134795,29.375,29.437,2025-06-08 11:07:12
160.1,3.2,513.5,159.9,2.1,334.3,810.6,60.04,216.7,3.7,1.7,812.2,34.8,1.0,0.7,0,310.76006733134795,29.562,29.562,2025-06-08 11:07:45
163.1,3.2,512.5,159.7,2.1,329.7,805.4,60.01,216.6,3.7,1.7,812.2,34.9,1.0,0.7,0,310.76006733134795,29.687,29.687,2025-06-08 11:08:14
163.2,3.1,496.2,156.7,2,327.5,787.5,60,216.7,3.7,1.7,812.2,35,1.0,0.7,0,310.76006733134795,29.812,29.875,2025-06-08 11:08:47
160.1,3.2,510.1,159.9,2.1,330.5,803.6,60.01,216.8,3.7,1.7,812.2,35,1.0,0.7,0,310.76006733134795,29.875,29.937,2025-06-08 11:09:16
163.1,3.2,516.5,160.1,2.1,329.9,809.0,59.97,216.8,3.7,1.7,812.2,35.1,1.0,0.7,0,310.76006733134795,30.0,30.0,2025-06-08 11:09:50
160.2,3.3,528.4,158.5,2.1,329.5,819.0,59.98,216.6,3.8,1.7,812.2,35.1,1.0,0.7,0,310.76006733134795,29.937,29.937,2025-06-08 11:10:19
163,3.4,534.7,159.9,1.9,333.4,826.2,60.02,216.6,3.8,1.7,812.2,35.2,1.0,0.7,0,310.76006733134795,29.875,29.937,2025-06-08 11:10:52
161.1,3.3,547.4,159.9,2.1,334.1,841.9,60,216.6,3.8,1.7,812.2,35.2,1.0,0.7,0,349.6050757477664,30.0,30.0,2025-06-08 11:11:21
160.3,3.6,566.2,160.8,1.9,339.7,864.8,59.98,216.6,3.9,1.7,812.2,35.3,1.0,0.7,0,349.6050757477664,30.0,30.062,2025-06-08 11:11:55
162.4,3.7,579.0,157,2.2,346.5,883.3,60.01,216.5,4.1,1.7,812.2,35.4,1.0,0.7,0,349.6050757477664,30.25,30.312,2025-06-08 11:12:24
158.9,3.9,624.9,159.4,2.3,361.7,941.5,60.03,216.8,4.2,1.7,812.2,35.5,1.1,0.7,0,388.4500841641849,30.5,30.5,2025-06-08 11:12:57
160.1,4,642.2,159,2.3,367.5,962.1,60.01,216.7,4.4,1.8,812.3,35.7,1.1,0.7,0,427.2950925806034,30.812,30.875,2025-06-08 11:13:26
158.2,4.1,648.9,159,2.4,375.9,976.7,59.99,216.8,4.5,1.8,812.3,35.7,1.1,0.7,0,427.2950925806034,30.937,30.937,2025-06-08 11:14:00
159.6,4,641.5,157,2.4,372.2,954.9,59.99,216.7,4.3,1.8,812.3,35.7,1.1,0.7,0,427.2950925806034,30.875,30.937,2025-06-08 11:14:29
160.2,4,633.3,156.2,2.4,375.2,959.8,59.99,216.7,4.3,1.8,812.3,35.9,1.1,0.7,0,427.2950925806034,30.812,30.812,2025-06-08 11:15:02
160.4,3.9,620.1,160,2.3,376.0,949.0,59.98,216.6,4.3,1.8,812.3,36,1.1,0.7,0,388.4500841641849,30.625,30.625,2025-06-08 11:15:31
160.4,3.6,596.5,156.8,2.4,375.0,926.9,60,216.4,4.2,1.8,812.3,36.1,1.1,0.7,0,388.4500841641849,30.5,30.5,2025-06-08 11:16:05
160.2,3.7,596.6,160,2.3,373.1,925.5,60.04,216.3,4.2,1.8,812.3,36.1,1.1,0.7,0,388.4500841641849,30.562,30.562,2025-06-08 11:16:34
160.5,3.7,571.6,156.9,2.4,373.5,899.0,60.02,216.5,4.2,1.8,812.3,36.1,1.1,0.7,0,388.4500841641849,30.625,30.625,2025-06-08 11:17:07
162.5,3.5,573.9,157,2.4,374.5,902.6,60.03,216.5,4.2,1.8,812.3,36.1,1.1,0.7,0,388.4500841641849,30.687,30.687,2025-06-08 11:17:36
160.2,3.6,576.9,160,2.3,373.5,906.0,60.02,216.6,4.2,1.8,812.3,36.1,1.1,0.7,0,388.4500841641849,30.812,30.875,2025-06-08 11:18:10
160.8,3.6,562.2,159.9,2.2,380.9,916.3,60,216.4,4.2,1.8,812.3,36,1.1,0.7,0,388.4500841641849,30.812,30.812,2025-06-08 11:18:39
157.3,3.8,601.4,159.8,2.5,392.5,945.1,59.99,216.9,4.3,1.8,812.3,36,1.1,0.7,0,388.4500841641849,30.812,30.875,2025-06-08 11:19:12
159.5,4,631.5,159.1,2.6,411.7,993.4,60,216.9,4.5,1.9,812.4,36,1.1,0.7,0,427.2950925806034,31.062,31.062,2025-06-08 11:19:41
159.8,4.1,655.8,159.6,2.7,428.8,1034.1,60.02,216.9,4.7,1.9,812.4,36.1,1.1,0.7,0,427.2950925806034,31.312,31.312,2025-06-08 11:20:14
157.1,4.4,679.8,157.4,2.8,440.0,1064.3,60.01,216.9,4.9,1.9,812.4,36.3,1.1,0.7,0,427.2950925806034,31.437,31.437,2025-06-08 11:20:44
157.7,4.5,711.4,160.2,2.7,465.3,1116.2,59.98,217,5,1.9,812.4,36.5,1.1,0.7,0,466.14010099702193,31.437,31.437,2025-06-08 11:21:17
162.8,4.7,715.4,159.9,3,485.6,1140.6,59.97,217.2,5.3,1.9,812.4,36.4,1.1,0.7,0,504.9851094134404,31.375,31.375,2025-06-08 11:21:46
158.6,5,779.7,159.9,3.1,501.6,1213.3,59.98,217.1,5.5,1.9,812.4,36.6,1.2,0.7,0,504.9851094134404,31.562,31.562,2025-06-08 11:22:19
157.5,5,790.8,157.1,3.2,506.7,1229.3,59.99,216.9,5.6,1.9,812.4,36.9,1.2,0.7,0,543.8301178298589,31.562,31.875,2025-06-08 11:22:48
160.1,5.1,791.8,159.8,3.2,501.1,1224.2,59.97,217,5.6,1.9,812.4,37.1,1.2,0.8,0,543.8301178298589,32.0,32.0,2025-06-08 11:23:22
159.8,4.9,779.7,159.5,3,495.3,1209.3,59.97,216.7,5.4,1.9,812.4,37,1.2,0.8,0,504.9851094134404,32.125,32.125,2025-06-08 11:23:51
157.1,4.8,755.5,156.8,3.1,487.2,1175.5,60,217,5.3,1.9,812.4,37,1.2,0.8,0,504.9851094134404,31.812,31.812,2025-06-08 11:24:24
157.8,4.7,722.9,157.5,3,471.2,1131.1,60,217,5.2,2.0,812.5,36.9,1.2,0.8,0,466.14010099702193,31.625,31.625,2025-06-08 11:24:53
157.2,4.5,699.7,154.4,3,469.6,1109.4,60.02,217,5,2.0,812.5,37.1,1.2,0.8,0,466.14010099702193,31.625,31.625,2025-06-08 11:25:27
157.2,4.4,685.6,156.9,3,466.5,1093.1,60.01,217,5,2.0,812.5,37.2,1.2,0.8,0,427.2950925806034,31.312,31.312,2025-06-08 11:25:56
156.7,4.3,658.5,156.4,2.9,457.5,1058.7,60.03,216.8,4.8,2.0,812.5,37.3,1.2,0.8,0,427.2950925806034,31.125,31.125,2025-06-08 11:26:29
154.5,4.2,649.5,154.4,2.9,453.0,1046.7,60.03,216.7,4.8,2.0,812.5,37.5,1.2,0.8,0,427.2950925806034,31.125,31.187,2025-06-08 11:26:58
157.1,4.1,639.2,156.9,2.8,445.0,1029.9,60.02,216.7,4.7,2.0,812.5,37.6,1.2,0.8,0,388.4500841641849,31.312,31.375,2025-06-08 11:27:32
156.8,4,622.4,154.2,2.7,431.2,1000.7,60.03,216.7,4.5,2.0,812.5,37.6,1.2,0.8,0,388.4500841641849,31.187,31.187,2025-06-08 11:28:01
159.1,3.7,600.1,156.4,2.7,422.6,973.9,59.98,216.7,4.4,2.0,812.5,37.5,1.2,0.8,0,388.4500841641849,30.937,30.937,2025-06-08 11:28:34
157.2,3.6,586.3,154,2.6,411.9,949.1,60.03,216.6,4.2,2.0,812.5,37.6,1.2,0.8,0,349.6050757477664,30.75,30.75,2025-06-08 11:29:03
158.5,3.6,562.4,154.1,2.5,400.5,916.3,59.98,216.6,4.2,2.0,812.5,37.8,1.2,0.8,0,349.6050757477664,30.687,30.687,2025-06-08 11:29:37
160.1,3.4,527.3,156.9,2.5,390.4,875.2,60,216.5,4.1,2.0,812.5,37.8,1.2,0.8,0,349.6050757477664,30.562,30.625,2025-06-08 11:30:06
157.2,3.4,523.4,154,2.4,377.0,857.6,59.97,216.4,3.9,2.0,812.5,37.9,1.2,0.8,0,310.76006733134795,30.687,30.687,2025-06-08 11:30:39
157.2,3.2,500.0,153.9,2.4,365.2,824.1,59.98,216.5,3.8,2.1,812.6,38,1.3,0.8,0,310.76006733134795,30.625,30.625,2025-06-08 11:31:08
154.2,3,473.6,153.9,2.3,351.0,787.0,60.04,216.5,3.6,2.1,812.6,38,1.3,0.8,0,271.91505891492943,30.437,30.375,2025-06-08 11:31:42
157.2,2.9,451.8,154.1,2.2,337.0,753.9,60.04,216.4,3.5,2.1,812.6,38,1.3,0.8,0,271.91505891492943,30.062,30.062,2025-06-08 11:32:11
157.2,2.7,421.6,154.1,2.1,325.1,713.7,60.02,216.3,3.2,2.1,812.6,38,1.3,0.8,0,233.07005049851097,30.0,30.0,2025-06-08 11:32:44
156.5,2.5,392.8,154,2,311.6,675.9,60.04,216.4,3.1,2.1,812.6,38,1.3,0.8,0,233.07005049851097,30.0,29.937,2025-06-08 11:33:13
154.2,2.3,363.6,153.4,1.9,292.3,627.8,59.96,216.2,2.9,2.1,812.6,38,1.3,0.8,0,233.07005049851097,29.937,29.937,2025-06-08 11:33:46
154.1,2.2,341.3,151.6,1.8,280.0,597.4,59.98,216.1,2.7,2.1,812.6,38,1.3,0.8,0,194.22504208209244,29.937,29.937,2025-06-08 11:34:15
155,2.1,317.2,153.9,1.7,266.4,562.1,60.01,216.2,2.6,2.1,812.6,37.9,1.3,0.8,0,194.22504208209244,29.937,30.0,2025-06-08 11:34:49
156.2,1.9,301.6,153.3,1.6,249.9,532.6,59.98,216.1,2.4,2.1,812.6,37.8,1.3,0.8,0,194.22504208209244,29.75,29.75,2025-06-08 11:35:18
154.2,1.8,284.6,155.7,1.4,237.5,505.9,60.02,216.1,2.3,2.1,812.6,37.7,1.3,0.8,0,194.22504208209244,29.5,29.5,2025-06-08 11:35:51
155.2,1.7,268.0,154,1.4,226.0,482.0,60.02,216.1,2.2,2.1,812.6,37.6,1.3,0.8,0,155.38003366567398,29.187,29.125,2025-06-08 11:36:20
152.1,1.6,256.1,155,1.4,211.3,456.7,60.02,215.9,2,2.1,812.6,37.5,1.3,0.8,0,155.38003366567398,29.062,29.062,2025-06-08 11:36:54
154.3,1.6,247.1,156.9,1.3,201.1,439.5,59.99,216.1,2,2.1,812.6,37.4,1.3,0.8,0,155.38003366567398,29.0,29.0,2025-06-08 11:37:23
152.5,1.5,239.6,155.3,1.2,195.2,423.3,59.99,216.2,2,2.1,812.6,37.4,1.3,0.8,0,155.38003366567398,29.062,29.062,2025-06-08 11:37:56
157.2,1.5,232.7,154.1,1.2,192.0,414.6,60,216.2,1.9,2.1,812.6,37.4,1.3,0.8,0,155.38003366567398,29.062,29.062,2025-06-08 11:38:25
154.3,1.5,229.9,156.9,1.1,185.3,407.1,59.99,216,1.8,2.1,812.6,37.5,1.3,0.8,0,116.53502524925548,29.062,29.125,2025-06-08 11:38:59
154.1,1.4,225.0,154,1.1,183.1,400.1,60.01,215.9,1.8,2.1,812.6,37.4,1.3,0.8,0,116.53502524925548,28.937,28.937,2025-06-08 11:39:28
157.2,1.4,217.9,154,1.1,179.3,389.5,59.96,215.9,1.8,2.1,812.6,37.2,1.3,0.8,0,116.53502524925548,28.75,28.75,2025-06-08 11:40:01
151.2,1.4,212.5,157,1.1,173.9,377.9,59.98,215.9,1.7,2.1,812.6,37.2,1.3,0.8,0,116.53502524925548,28.687,28.687,2025-06-08 11:40:30
154.1,1.3,208.0,151,1.1,166.5,367.2,60.03,215.6,1.7,2.1,812.6,37.2,1.3,0.8,0,116.53502524925548,28.687,28.687,2025-06-08 11:41:04
154.4,1.3,203.0,154,1,164.5,361.3,60.05,215.9,1.6,2.1,812.6,37.2,1.3,0.9,0,116.53502524925548,28.687,28.625,2025-06-08 11:41:33
154.2,1.2,200.1,154.1,1,159.7,353.0,60.04,215.9,1.6,2.1,812.6,37.2,1.3,0.9,0,116.53502524925548,28.75,28.75,2025-06-08 11:42:06
154,1.2,196.7,150.9,1,153.5,343.4,60.03,215.7,1.5,2.2,812.7,37.2,1.3,0.9,0,116.53502524925548,28.75,28.812,2025-06-08 11:42:35
157.2,1.2,193.0,156.9,0.9,148.4,334.6,60.02,215.9,1.5,2.2,812.7,37.2,1.3,0.9,0,116.53502524925548,28.937,28.937,2025-06-08 11:43:09
154.2,1.2,193.5,154.8,0.9,141.4,329.0,60.02,215.5,1.5,2.2,812.7,37.2,1.3,0.9,0,116.53502524925548,28.937,28.937,2025-06-08 11:43:38
154.2,1.2,191.0,153.1,0.8,133.2,318.3,60.02,215.6,1.4,2.2,812.7,37.1,1.3,0.9,0,116.53502524925548,28.875,28.875,2025-06-08 11:44:11
157.2,1.1,188.2,153.9,0.8,128.2,310.2,60,215.7,1.4,2.2,812.7,37.1,1.3,0.9,0,116.53502524925548,28.812,28.812,2025-06-08 11:44:40
151.1,1.1,183.5,153.8,0.7,120.5,298.2,60.01,215.7,1.4,2.2,812.7,37.1,1.3,0.9,0,77.69001683283699,28.687,28.687,2025-06-08 11:45:13
155.5,1.1,183.6,152.4,0.7,114.1,291.9,60.04,215.8,1.3,2.2,812.7,37.1,1.3,0.9,0,77.69001683283699,28.562,28.562,2025-06-08 11:45:42
158.7,1.1,170.1,152.6,0.7,110.4,274.7,59.99,215.6,1.3,2.2,812.7,37,1.3,0.9,0,77.69001683283699,28.187,28.187,2025-06-08 11:46:16
154.1,1.1,177.2,154.1,0.6,108.2,279.9,60.01,215.7,1.2,2.2,812.7,37,1.3,0.9,0,77.69001683283699,27.937,27.937,2025-06-08 11:46:45
159,1.1,169.4,154.1,0.6,107.5,280.3,60,215.6,1.2,2.2,812.7,37,1.3,0.9,0,77.69001683283699,27.687,27.687,2025-06-08 11:47:18
154.1,1.1,178.8,150.9,0.6,105.4,278.8,60.03,215.7,1.3,2.2,812.7,37,1.3,0.9,0,77.69001683283699,27.562,27.5,2025-06-08 11:47:47
154.3,1.1,184.8,156.8,0.6,107.2,286.5,60,215.8,1.3,2.2,812.7,36.9,1.3,0.9,0,116.53502524925548,27.375,27.375,2025-06-08 11:48:21
157.3,1.1,191.6,155.3,0.6,110.8,296.6,60.02,215.7,1.3,2.2,812.7,36.9,1.3,0.9,0,116.53502524925548,27.312,27.312,2025-06-08 11:48:50
160.3,1.1,192.8,155.4,0.7,113.3,300.0,60,215.6,1.4,2.2,812.7,36.8,1.3,0.9,0,116.53502524925548,27.312,27.312,2025-06-08 11:49:23
154,1.2,201.1,155.3,0.6,116.5,309.7,60,215.7,1.4,2.2,812.7,36.8,1.3,0.9,0,116.53502524925548,27.312,27.312,2025-06-08 11:49:52
154.1,1.3,207.5,155.4,0.7,119.1,320.5,60.01,215.7,1.5,2.2,812.7,36.8,1.3,0.9,0,116.53502524925548,27.437,27.437,2025-06-08 11:50:26
158.8,1.2,214.1,155.4,0.7,123.2,330.7,59.99,215.9,1.4,2.2,812.7,36.8,1.3,0.9,0,116.53502524925548,27.5,27.562,2025-06-08 11:50:55
157.4,1.3,218.4,158.6,0.8,123.1,335.8,60.02,215.9,1.5,2.2,812.7,36.7,1.3,0.9,0,116.53502524925548,27.625,27.625,2025-06-08 11:51:28
155.4,1.4,221.9,152.5,0.8,128.6,343.2,59.97,216.1,1.5,2.2,812.7,36.7,1.3,0.9,0,116.53502524925548,27.687,27.75,2025-06-08 11:51:57
158.8,1.4,223.7,153.9,0.8,133.3,349.9,59.99,215.9,1.6,2.2,812.7,36.7,1.3,0.9,0,116.53502524925548,27.812,27.812,2025-06-08 11:52:31
154.3,1.4,226.0,152.4,0.8,134.5,353.4,60.01,215.9,1.6,2.2,812.7,36.7,1.3,0.9,0,116.53502524925548,27.812,27.875,2025-06-08 11:53:00
159,1.4,231.3,155.4,0.8,140.1,364.0,60.03,215.9,1.7,2.2,812.7,36.7,1.3,0.9,0,155.38003366567398,28.062,28.062,2025-06-08 11:53:33
157.2,1.5,235.4,152.4,0.9,141.0,368.5,60,215.6,1.6,2.2,812.7,36.7,1.3,0.9,0,155.38003366567398,28.062,28.125,2025-06-08 11:54:02
158.4,1.4,238.6,158.3,0.9,145.2,376.6,60.04,215.9,1.7,2.2,812.7,36.6,1.3,0.9,0,155.38003366567398,28.25,28.25,2025-06-08 11:54:36
160.2,1.5,239.9,155.7,0.9,148.8,381.2,60.02,215.8,1.7,2.2,812.7,36.5,1.3,0.9,0,155.38003366567398,28.25,28.312,2025-06-08 11:55:05
154.1,1.5,241.1,154,0.9,149.8,385.8,60.03,215.6,1.8,2.2,812.7,36.6,1.4,0.9,0,155.38003366567398,28.375,28.375,2025-06-08 11:55:38
157.2,1.5,248.0,158.5,0.9,154.6,394.6,60,215.7,1.8,2.2,812.7,36.6,1.4,0.9,0,155.38003366567398,28.375,28.375,2025-06-08 11:56:07
156.2,1.6,247.5,154,1,157.2,397.0,59.99,215.5,1.8,2.2,812.7,36.6,1.4,0.9,0,155.38003366567398,28.562,28.562,2025-06-08 11:56:41
160.3,1.5,252.9,160,1,159.3,404.4,59.98,215.4,1.8,2.2,812.7,36.7,1.4,0.9,0,155.38003366567398,28.687,28.687,2025-06-08 11:57:10
154.2,1.6,252.2,156.8,1,164.2,408.2,59.95,215.7,1.8,2.2,812.7,36.7,1.4,0.9,0,155.38003366567398,28.625,28.687,2025-06-08 11:57:43
157.4,1.6,256.0,156.9,1,166.2,413.7,59.97,215.7,1.9,2.2,812.7,36.7,1.4,0.9,0,155.38003366567398,28.562,28.625,2025-06-08 11:58:12
154,1.6,255.6,156.9,1,167.2,414.6,59.98,215.6,1.9,2.2,812.7,36.7,1.4,0.9,0,155.38003366567398,28.625,28.625,2025-06-08 11:58:45
157.5,1.6,258.1,155.7,1,169.4,419.4,60.03,216,1.9,2.2,812.7,36.7,1.4,0.9,0,155.38003366567398,28.625,28.625,2025-06-08 11:59:14
157.2,1.6,257.4,156.8,1,168.1,417.2,60.04,215.9,1.9,2.2,812.7,36.7,1.4,0.9,0,155.38003366567398,28.687,28.687,2025-06-08 11:59:48
155.1,1.6,253.0,154.9,1,168.1,412.8,60.03,215.9,1.9,2.3,812.8,36.7,1.4,0.9,0,155.38003366567398,28.687,28.687,2025-06-08 12:00:17
157.2,1.6,253.5,153.6,1.1,167.9,413.1,60.03,216,1.8,2.3,812.8,36.7,1.4,0.9,0,155.38003366567398,28.687,28.75,2025-06-08 12:00:50
157.3,1.6,251.6,157,1,169.6,412.5,59.98,215.8,1.9,2.3,812.8,36.7,1.4,0.9,0,155.38003366567398,28.812,28.812,2025-06-08 12:01:19
155,1.5,245.4,154.8,1,166.1,403.5,59.98,215.7,1.9,2.3,812.8,36.7,1.4,0.9,0,155.38003366567398,28.937,28.937,2025-06-08 12:01:53
160.1,1.5,245.7,159.6,1,165.7,403.3,60,215.5,1.9,2.3,812.8,36.7,1.4,0.9,0,155.38003366567398,28.937,28.937,2025-06-08 12:02:22
154.3,1.5,242.9,156.8,1,167.9,402.7,60,215.6,1.8,2.3,812.8,36.7,1.4,0.9,0,155.38003366567398,28.875,28.875,2025-06-08 12:02:55
157.4,1.5,245.2,157.1,1,167.1,403.3,60.02,215.9,1.8,2.3,812.8,36.7,1.4,0.9,0,155.38003366567398,28.875,28.875,2025-06-08 12:03:24
154.3,1.5,244.0,156.8,1,169.8,405.7,60.04,215.9,1.9,2.3,812.8,36.7,1.4,0.9,0,155.38003366567398,28.812,28.812,2025-06-08 12:03:58
160.2,1.5,248.5,159.9,1,169.1,409.7,60.02,215.8,1.8,2.3,812.8,36.7,1.4,0.9,0,155.38003366567398,28.75,28.75,2025-06-08 12:04:27
157.3,1.6,253.0,153.9,1.1,171.6,416.3,59.99,216,1.9,2.3,812.8,36.6,1.4,0.9,0,155.38003366567398,28.687,28.687,2025-06-08 12:05:00
160.2,1.6,256.9,156.8,1.1,175.5,423.8,60,216,1.9,2.3,812.8,36.6,1.4,0.9,0,155.38003366567398,28.75,28.75,2025-06-08 12:05:29
158.9,1.6,264.7,156.8,1.1,178.1,434.0,59.97,215.9,2,2.3,812.8,36.6,1.4,0.9,0,155.38003366567398,28.75,28.812,2025-06-08 12:06:03
158.6,1.7,269.9,156.9,1.1,180.4,441.3,59.98,215.6,2,2.3,812.8,36.6,1.4,0.9,0,155.38003366567398,28.687,28.75,2025-06-08 12:06:32
158.4,1.7,272.8,156.9,1.1,184.1,446.9,60.01,215.6,2,2.3,812.8,36.6,1.4,0.9,0,155.38003366567398,28.5,28.5,2025-06-08 12:07:05
155.9,1.7,277.1,159.8,1.1,183.5,449.8,60.01,215.7,2.1,2.3,812.8,36.6,1.4,0.9,0,155.38003366567398,28.5,28.5,2025-06-08 12:07:34
158.8,1.8,284.7,156.5,1.2,184.5,458.7,60.04,215.8,2.1,2.3,812.8,36.6,1.4,0.9,0,155.38003366567398,28.375,28.375,2025-06-08 12:08:07
158.7,1.8,288.7,159.9,1.1,187.7,465.7,60.01,215.6,2.1,2.3,812.8,36.6,1.4,0.9,0,155.38003366567398,28.437,28.5,2025-06-08 12:08:37
161.2,1.8,290.6,159.7,1.2,189.1,469.7,60.01,215.7,2.2,2.3,812.8,36.6,1.4,0.9,0,155.38003366567398,28.562,28.625,2025-06-08 12:09:10
159,1.8,297.6,159.9,1.2,192.0,477.0,59.98,215.7,2.1,2.3,812.8,36.6,1.4,0.9,0,194.22504208209244,28.812,28.812,2025-06-08 12:09:39
159.4,1.9,300.0,162.5,1.1,178.0,467.2,60.02,215.7,2.2,2.3,812.8,36.5,1.4,0.9,0,194.22504208209244,28.875,28.937,2025-06-08 12:10:12
161.5,1.9,296.5,156.8,1.2,193.6,476.4,60.02,215.8,2.2,2.3,812.8,36.5,1.4,0.9,0,155.38003366567398,29.0,29.0,2025-06-08 12:10:42
158.4,1.9,306.2,159.9,1.2,193.5,487.6,59.99,215.8,2.2,2.3,812.8,36.4,1.4,0.9,0,194.22504208209244,28.875,28.875,2025-06-08 12:11:15
158.8,1.9,308.2,156.8,1.2,195.0,489.6,60.01,215.8,2.3,2.3,812.8,36.4,1.4,0.9,0,194.22504208209244,28.75,28.75,2025-06-08 12:11:44
155.8,1.9,306.2,157,1.2,196.1,488.1,60.02,216,2.2,2.3,812.8,36.5,1.4,0.9,0,194.22504208209244,28.562,28.562,2025-06-08 12:12:17
155.7,2,311.7,159.9,1.2,196.9,493.5,60.01,216.2,2.3,2.3,812.8,36.5,1.4,0.9,0,194.22504208209244,28.5,28.5,2025-06-08 12:12:47
158.7,2,315.4,156.8,1.2,200.2,501.5,60,215.8,2.3,2.3,812.8,36.5,1.4,0.9,0,194.22504208209244,28.25,28.25,2025-06-08 12:13:20
158.6,2,313.7,157.5,1.2,198.5,498.4,59.98,215.7,2.3,2.4,812.9,36.5,1.4,0.9,0,194.22504208209244,28.062,28.062,2025-06-08 12:13:49
158.7,1.9,319.2,156.8,1.2,201.8,504.5,59.98,215.9,2.3,2.4,812.9,36.5,1.4,0.9,0,194.22504208209244,27.937,27.937,2025-06-08 12:14:22
158.7,2,321.0,156.8,1.3,203.0,509.4,60,216.1,2.3,2.4,812.9,36.5,1.4,0.9,0,194.22504208209244,28.0,28.0,2025-06-08 12:14:51
159.2,2,318.4,156.9,1.3,205.2,510.0,60.03,215.9,2.3,2.4,812.9,36.5,1.4,0.9,0,194.22504208209244,27.937,27.937,2025-06-08 12:15:25
160.9,2,323.1,159.2,1.2,205.2,506.8,60.01,216.2,2.3,2.4,812.9,36.6,1.4,0.9,0,194.22504208209244,27.937,27.937,2025-06-08 12:15:54
158.7,2,323.6,154.4,1.3,204.2,514.1,60,216.1,2.3,2.4,812.9,36.6,1.4,0.9,0,194.22504208209244,28.0,28.0,2025-06-08 12:16:27
158.7,2,322.3,154.3,1.3,202.3,509.9,59.97,216,2.3,2.4,812.9,36.6,1.4,0.9,0,194.22504208209244,28.187,28.187,2025-06-08 12:16:56
156.3,2,319.6,157.5,1.3,203.0,508.6,60,216,2.3,2.4,812.9,36.6,1.5,0.9,0,194.22504208209244,28.312,28.312,2025-06-08 12:17:30
158.5,2,318.7,156.7,1.3,203.0,507.9,60,216.1,2.3,2.4,812.9,36.6,1.5,0.9,0,194.22504208209244,28.375,28.375,2025-06-08 12:17:59
157.9,2,314.4,156.9,1.3,202.7,506.9,60,215.9,2.4,2.4,812.9,36.6,1.5,1.0,0,194.22504208209244,28.437,28.437,2025-06-08 12:18:32
156,2,313.6,160.1,1.2,199.4,500.2,60.06,216,2.3,2.4,812.9,36.6,1.5,1.0,0,194.22504208209244,28.562,28.562,2025-06-08 12:19:01
158.7,2,319.1,154,1.3,199.8,504.8,60.03,215.5,2.3,2.4,812.9,36.7,1.5,1.0,0,194.22504208209244,28.625,28.625,2025-06-08 12:19:34
158.6,2,320.0,154.1,1.3,200.9,505.1,60.03,215.5,2.3,2.4,812.9,36.7,1.5,1.0,0,194.22504208209244,28.625,28.625,2025-06-08 12:20:04
161.6,2,312.7,156.9,1.2,205.2,502.8,60.01,215.9,2.3,2.4,812.9,36.6,1.5,1.0,0,194.22504208209244,28.562,28.562,2025-06-08 12:20:37
158.7,1.9,321.5,156.9,1.3,207.1,513.8,60.02,215.9,2.3,2.4,812.9,36.7,1.5,1.0,0,194.22504208209244,28.625,28.625,2025-06-08 12:21:06
158.9,2.1,326.9,156.9,1.3,207.8,518.2,60.05,215.9,2.3,2.4,812.9,36.7,1.5,1.0,0,194.22504208209244,28.562,28.625,2025-06-08 12:21:39
159.2,2.1,325.6,153.9,1.3,208.6,517.1,60.03,215.8,2.3,2.4,812.9,36.6,1.5,1.0,0,194.22504208209244,28.5,28.5,2025-06-08 12:22:09
158.7,2.1,336.6,156.8,1.3,214.0,533.7,60,215.9,2.4,2.4,812.9,36.6,1.5,1.0,0,194.22504208209244,28.562,28.562,2025-06-08 12:22:42
158.6,2.1,341.7,158.3,1.4,219.7,544.3,60.04,215.9,2.5,2.4,812.9,36.6,1.5,1.0,0,194.22504208209244,28.5,28.5,2025-06-08 12:23:11
155.7,2.2,344.1,159.9,1.4,225.4,551.2,59.98,215.8,2.5,2.4,812.9,36.6,1.5,1.0,0,194.22504208209244,28.562,28.562,2025-06-08 12:23:44
156.3,2.2,353.6,157,1.4,229.8,563.9,59.97,215.6,2.6,2.4,812.9,36.5,1.5,1.0,0,194.22504208209244,28.562,28.625,2025-06-08 12:24:14
158.7,2.3,364.4,157.2,1.5,237.7,582.4,59.99,215.7,2.7,2.4,812.9,36.6,1.5,1.0,0,194.22504208209244,28.5,28.5,2025-06-08 12:24:47
157.8,2.4,368.4,156.9,1.5,242.8,595.5,60.02,215.8,2.7,2.5,813.0,36.6,1.5,1.0,0,194.22504208209244,28.437,28.5,2025-06-08 12:25:16
160.5,2.4,386.4,157.8,1.6,251.6,615.2,59.98,215.8,2.8,2.5,813.0,36.5,1.5,1.0,0,233.07005049851097,28.437,28.437,2025-06-08 12:25:49
158.6,2.5,400.3,159.9,1.5,259.6,635.5,59.97,216,2.8,2.5,813.0,36.6,1.5,1.0,0,233.07005049851097,28.312,28.375,2025-06-08 12:26:19
158.7,2.6,415.1,158.1,1.6,264.0,653.1,59.98,216.2,3,2.5,813.0,36.6,1.5,1.0,0,233.07005049851097,28.375,28.375,2025-06-08 12:26:52
158.6,2.7,425.9,156.9,1.7,268.1,666.3,60.02,216,3.1,2.5,813.0,36.6,1.5,1.0,0,233.07005049851097,28.5,28.5,2025-06-08 12:27:21
161.6,2.7,432.4,156.9,1.7,270.9,675.5,60.03,216.1,3.1,2.5,813.0,36.7,1.5,1.0,0,233.07005049851097,28.625,28.625,2025-06-08 12:27:54
155.7,2.8,435.3,163.4,1.7,257.6,668.8,60.01,216.2,3.1,2.5,813.0,36.8,1.5,1.0,0,271.91505891492943,28.687,28.687,2025-06-08 12:28:24
158.7,2.8,442.9,159.9,1.7,275.9,690.3,60.02,216,3.1,2.5,813.0,36.8,1.5,1.0,0,271.91505891492943,28.625,28.625,2025-06-08 12:28:56
158.7,2.7,443.9,163.4,1.7,260.1,676.8,60,215.2,3.2,2.5,813.0,36.8,1.5,1.0,0,271.91505891492943,28.312,28.312,2025-06-08 12:29:26
158.7,2.8,443.2,160.1,1.7,273.4,688.6,60.03,215,3.2,2.5,813.0,36.8,1.5,1.0,0,271.91505891492943,28.0,28.0,2025-06-08 12:29:59
158.6,2.8,442.8,156.9,1.7,275.0,689.9,60.03,215,3.2,2.5,813.0,36.7,1.5,1.0,0,271.91505891492943,27.75,27.812,2025-06-08 12:30:28
158.7,2.8,439.6,160.2,1.7,270.5,682.0,60.03,215,3.1,2.5,813.0,36.6,1.5,1.0,0,271.91505891492943,27.625,27.625,2025-06-08 12:31:01
159.6,2.7,432.6,158.5,1.6,273.2,678.5,60.01,214.8,3.1,2.5,813.0,36.5,1.5,1.0,0,271.91505891492943,27.625,27.625,2025-06-08 12:31:31
158.7,2.7,429.7,156.3,1.7,265.4,666.9,60.01,214.6,3.1,2.5,813.0,36.5,1.5,1.0,0,271.91505891492943,27.687,27.687,2025-06-08 12:32:04
158.7,2.6,419.6,158.6,1.6,255.6,649.7,60.01,214.8,3.1,2.5,813.0,36.5,1.5,1.0,0,233.07005049851097,27.75,27.75,2025-06-08 12:32:33
155.5,2.5,399.7,160,1.6,248.6,623.0,59.98,214.8,2.9,2.5,813.0,36.5,1.6,1.0,0,233.07005049851097,28.0,28.0,2025-06-08 12:33:06
156.9,2.4,386.3,155.7,1.5,245.2,602.5,60.05,214.7,2.8,2.5,813.0,36.5,1.6,1.0,0,233.07005049851097,28.125,28.125,2025-06-08 12:33:36
158.7,2.3,361.1,155.2,1.5,230.5,571.7,60.02,214.5,2.6,2.6,813.1,36.5,1.6,1.0,0,194.22504208209244,28.187,28.25,2025-06-08 12:34:09
158.6,2.1,332.2,153.9,1.4,214.7,529.6,60.04,214.8,2.4,2.6,813.1,36.5,1.6,1.0,0,194.22504208209244,28.062,28.062,2025-06-08 12:34:38
160.1,1.7,298.8,155,1.2,191.6,478.1,60.03,214.1,2.2,2.6,813.1,36.5,1.6,1.0,0,155.38003366567398,27.937,28.0,2025-06-08 12:35:11
158.7,1.7,268.9,154,1.1,175.1,433.9,60.04,214.1,2,2.6,813.1,36.4,1.6,1.0,0,155.38003366567398,28.0,27.625,2025-06-08 12:35:41
157.1,1.5,239.0,152.8,1,154.0,385.4,60.01,214.1,1.7,2.6,813.1,36.3,1.6,1.0,0,116.53502524925548,27.25,27.25,2025-06-08 12:36:14
158.6,1.4,216.5,154.2,0.9,140.9,350.3,59.99,214.3,1.6,2.6,813.1,36.3,1.6,1.0,0,116.53502524925548,26.937,26.937,2025-06-08 12:36:43
154.3,1.2,201.7,155.1,0.7,123.6,316.9,60.02,214.2,1.5,2.6,813.1,36.2,1.6,1.0,0,116.53502524925548,26.687,26.75,2025-06-08 12:37:16
155.7,1.1,191.1,151.2,0.7,119.7,303.8,59.97,214.2,1.3,2.6,813.1,36.2,1.6,1.0,0,77.69001683283699,26.625,26.687,2025-06-08 12:37:46
155.8,1.1,180.6,154,0.7,116.3,291.4,59.98,214.3,1.3,2.6,813.1,36.2,1.6,1.0,0,116.53502524925548,26.5,26.5,2025-06-08 12:38:19
155.5,1.1,174.4,154,0.7,112.5,281.4,59.99,214.3,1.2,2.6,813.1,36.1,1.6,1.0,0,77.69001683283699,26.437,26.437,2025-06-08 12:38:48
155.6,1,166.5,151,0.6,107.8,269.0,60.02,214.4,1.2,2.6,813.1,36.1,1.6,1.0,0,77.69001683283699,26.375,26.375,2025-06-08 12:39:21
155.7,0.9,161.0,155.1,0.6,100.7,256.4,59.99,214.2,1.1,2.6,813.1,36.1,1.6,1.0,0,77.69001683283699,26.375,26.375,2025-06-08 12:39:51
158.9,0.9,152.0,154,0.6,103.0,249.7,59.98,214.4,1.2,2.6,813.1,36,1.6,1.0,0,77.69001683283699,26.312,26.312,2025-06-08 12:40:24
154.1,0.9,147.3,151.1,0.6,100.1,242.0,59.98,214.4,1.1,2.6,813.1,36,1.6,1.0,0,77.69001683283699,26.25,26.25,2025-06-08 12:40:53
155.7,0.8,142.4,154,0.6,98.1,235.6,60.02,214.3,1.1,2.6,813.1,36,1.6,1.0,0,77.69001683283699,26.125,26.125,2025-06-08 12:41:26
154.3,0.8,137.6,154,0.5,95.8,227.4,60,214.4,1,2.6,813.1,36,1.6,1.0,0,77.69001683283699,26.062,26.062,2025-06-08 12:41:56
157.1,0.8,129.9,148.1,0.5,92.6,218.3,59.97,214.3,1,2.6,813.1,36,1.6,1.0,0,77.69001683283699,25.937,26.0,2025-06-08 12:42:28
154.8,0.7,127.4,152.6,0.5,90.4,213.7,59.97,214.2,1,2.6,813.1,35.9,1.6,1.0,0,77.69001683283699,25.875,25.937,2025-06-08 12:42:58
157.4,0.7,121.1,150.5,0.5,88.4,205.5,60,214.1,1,2.6,813.1,35.9,1.6,1.0,0,77.69001683283699,25.875,25.875,2025-06-08 12:43:31
152.6,0.7,119.0,152.5,0.5,85.5,200.6,59.98,214.1,0.9,2.6,813.1,35.9,1.6,1.0,0,38.845008416418494,25.75,25.75,2025-06-08 12:44:00
155.7,0.6,116.6,150.3,0.5,82.8,195.6,59.97,214,0.9,2.6,813.1,35.8,1.6,1.0,0,38.845008416418494,25.625,25.625,2025-06-08 12:44:33
155.9,0.6,112.8,152.1,0.4,80.4,189.4,59.96,213.8,0.9,2.6,813.1,35.7,1.6,1.0,0,38.845008416418494,25.5,25.5,2025-06-08 12:45:03
155.1,0.6,111.1,152.5,0.4,79.8,187.4,60,214.1,0.9,2.6,813.1,35.7,1.6,1.0,0,38.845008416418494,25.437,25.437,2025-06-08 12:45:36
152.7,0.6,108.0,155.6,0.4,76.1,180.8,60.03,214.1,0.8,2.6,813.1,35.7,1.6,1.0,0,38.845008416418494,25.5,25.5,2025-06-08 12:46:05
158.6,0.6,105.5,149.6,0.4,75.8,177.9,59.99,214,0.8,2.6,813.1,35.6,1.6,1.0,0,38.845008416418494,25.562,25.562,2025-06-08 12:46:38
155.4,0.6,106.8,152.7,0.4,74.7,178.3,60.04,214.1,0.8,2.6,813.1,35.6,1.6,1.0,0,38.845008416418494,25.625,25.687,2025-06-08 12:47:08
155.9,0.6,106.3,152.4,0.4,72.2,175.0,60.02,214.1,0.8,2.6,813.1,35.6,1.6,1.0,0,38.845008416418494,25.625,25.625,2025-06-08 12:47:41
156.8,0.5,106.5,151.2,0.4,71.8,175.0,59.98,214.1,0.8,2.6,813.1,35.5,1.6,1.0,0,38.845008416418494,25.625,25.625,2025-06-08 12:48:10
155.8,0.6,106.4,152.4,0.4,70.5,173.4,59.97,214,0.7,2.6,813.1,35.5,1.6,1.0,0,38.845008416418494,25.625,25.687,2025-06-08 12:48:43
152.6,0.6,103.7,155.4,0.3,67.3,167.7,59.98,213.9,0.8,2.6,813.1,35.4,1.6,1.0,0,38.845008416418494,25.687,25.687,2025-06-08 12:49:13
158.5,0.5,102.7,149.7,0.4,68.8,168.5,59.98,213.9,0.8,2.6,813.1,35.4,1.6,1.0,0,38.845008416418494,25.687,25.75,2025-06-08 12:49:46
158.5,0.5,99.6,149.5,0.4,68.2,164.7,59.97,214,0.8,2.6,813.1,35.4,1.6,1.0,0,38.845008416418494,25.687,25.687,2025-06-08 12:50:15
152.7,0.5,101.4,154.9,0.3,67.4,165.8,60.01,214.2,0.8,2.6,813.1,35.3,1.6,1.0,0,38.845008416418494,25.687,25.687,2025-06-08 12:50:48
155.6,0.6,104.4,152.9,0.4,69.2,170.3,59.96,214,0.8,2.6,813.1,35.3,1.6,1.0,0,38.845008416418494,25.687,25.687,2025-06-08 12:51:18
155.5,0.6,106.2,144.9,0.4,70.5,173.4,59.98,214,0.8,2.6,813.1,35.3,1.6,1.0,0,38.845008416418494,25.75,25.75,2025-06-08 12:51:51
152.8,0.6,107.9,145.1,0.4,72.9,177.4,59.98,214,0.8,2.6,813.1,35.3,1.6,1.0,0,38.845008416418494,25.75,25.812,2025-06-08 12:52:20
155.8,0.6,111.6,139.2,0.4,75.1,183.2,59.98,214,0.8,2.6,813.1,35.3,1.6,1.0,0,38.845008416418494,26.0,26.0,2025-06-08 12:52:53
158.7,0.6,114.2,142.3,0.5,78.4,188.9,59.97,213.9,0.9,2.6,813.1,35.2,1.6,1.0,0,38.845008416418494,26.062,26.062,2025-06-08 12:53:23
161.6,0.7,110.9,145.1,0.5,82.6,190.5,60,213.9,0.9,2.6,813.1,35.2,1.6,1.0,0,77.69001683283699,26.187,26.25,2025-06-08 12:53:55
155.7,0.7,124.3,142.1,0.5,84.4,204.7,59.96,214,0.9,2.6,813.1,35.2,1.6,1.0,0,38.845008416418494,26.25,26.25,2025-06-08 12:54:25
155.6,0.7,131.2,142,0.5,87.6,215.4,59.98,214.3,0.9,2.6,813.1,35.2,1.6,1.0,0,77.69001683283699,26.187,26.25,2025-06-08 12:54:58
159.2,0.8,134.6,145.1,0.5,90.3,226.8,59.98,214,1,2.6,813.1,35.2,1.6,1.0,0,77.69001683283699,26.187,26.25,2025-06-08 12:55:28
160.7,0.8,149.0,140.7,0.6,93.0,237.3,59.97,214.1,1,2.6,813.1,35.2,1.6,1.0,0,77.69001683283699,26.125,26.125,2025-06-08 12:56:00
155.8,0.9,153.0,142.2,0.6,96.5,244.5,59.98,214.2,1.1,2.6,813.1,35.2,1.6,1.1,0,77.69001683283699,26.125,26.125,2025-06-08 12:56:30
158.7,0.9,162.6,142.7,0.6,100.7,258.3,59.99,214.3,1.2,2.6,813.1,35.2,1.6,1.1,0,77.69001683283699,26.062,26.062,2025-06-08 12:57:03
158.7,1,168.1,145.1,0.6,103.0,265.9,60.02,214.3,1.2,2.6,813.1,35.2,1.6,1.1,0,77.69001683283699,26.062,26.125,2025-06-08 12:57:33
155.7,1,171.2,145,0.7,106.0,271.8,60.03,214.3,1.2,2.6,813.1,35.2,1.6,1.1,0,77.69001683283699,26.312,26.312,2025-06-08 12:58:05
158.8,1.1,179.4,148.1,0.7,108.0,281.9,60.01,214.3,1.3,2.6,813.1,35.2,1.6,1.1,0,116.53502524925548,26.5,26.5,2025-06-08 12:58:35
159.8,1.1,184.0,143.2,0.7,113.0,291.9,60,214.3,1.3,2.7,813.2,35.2,1.6,1.1,0,77.69001683283699,26.625,26.625,2025-06-08 12:59:08
158.8,1.1,192.0,142.1,0.7,115.4,300.9,60.03,214.4,1.4,2.7,813.2,35.2,1.6,1.1,0,116.53502524925548,26.75,26.75,2025-06-08 12:59:37
158.6,1.2,197.9,148.1,0.8,117.6,309.4,59.98,214.4,1.4,2.7,813.2,35.2,1.6,1.1,0,116.53502524925548,26.812,26.812,2025-06-08 13:00:10
161.6,1.2,200.4,145,0.8,121.2,315.4,60,214.3,1.4,2.7,813.2,35.2,1.6,1.1,0,116.53502524925548,26.75,26.812,2025-06-08 13:00:40
158.8,1.2,202.0,145,0.8,121.4,316.7,60,214.2,1.5,2.7,813.2,35.3,1.6,1.1,0,116.53502524925548,26.75,26.687,2025-06-08 13:01:13
162.5,1.2,191.5,147.6,0.8,123.1,307.8,60.04,214.3,1.4,2.7,813.2,35.3,1.6,1.1,0,116.53502524925548,26.687,26.625,2025-06-08 13:01:42
155.5,1.2,199.6,145.2,0.8,122.1,315.4,60,214.2,1.4,2.7,813.2,35.3,1.6,1.1,0,116.53502524925548,26.437,26.437,2025-06-08 13:02:15
158.1,1.2,196.9,142.1,0.8,118.5,309.2,59.98,214.1,1.4,2.7,813.2,35.3,1.6,1.1,0,116.53502524925548,26.437,26.25,2025-06-08 13:02:45
161.6,1.2,194.1,148.2,0.7,116.6,304.5,59.99,214.3,1.4,2.7,813.2,35.3,1.6,1.1,0,116.53502524925548,26.062,26.062,2025-06-08 13:03:18
158.6,1.1,193.1,146.1,0.7,113.6,300.2,59.97,214.1,1.3,2.7,813.2,35.3,1.6,1.1,0,116.53502524925548,25.937,25.937,2025-06-08 13:03:47
158.7,1.1,190.4,144.3,0.7,110.8,295.2,60.01,214.2,1.3,2.7,813.2,35.3,1.6,1.1,0,116.53502524925548,26.0,26.0,2025-06-08 13:04:20
158.7,1.1,189.0,145.1,0.7,110.5,293.7,59.98,214.2,1.3,2.7,813.2,35.3,1.6,1.1,0,116.53502524925548,26.0,26.125,2025-06-08 13:04:50
158.8,1.1,188.0,145.2,0.7,109.1,291.4,60.04,214.1,1.3,2.7,813.2,35.3,1.6,1.1,0,116.53502524925548,26.187,26.187,2025-06-08 13:05:23
158.7,1.1,186.3,142.3,0.7,105.8,286.5,60.04,214.3,1.4,2.7,813.2,35.3,1.6,1.1,0,116.53502524925548,26.25,26.25,2025-06-08 13:05:52
159.9,1.1,178.7,144.5,0.7,105.1,278.2,60.03,214.2,1.2,2.7,813.2,35.3,1.6,1.1,0,77.69001683283699,26.125,26.125,2025-06-08 13:06:25
158.6,1,175.3,140.7,0.6,99.6,269.7,60,214.1,1.2,2.7,813.2,35.3,1.6,1.1,0,77.69001683283699,26.125,25.937,2025-06-08 13:06:55
157.4,1,164.6,141.9,0.6,98.3,257.8,60.01,214.3,1.1,2.7,813.2,35.3,1.6,1.1,0,77.69001683283699,25.75,25.75,2025-06-08 13:07:27
158.8,0.9,160.4,154,0.6,99.4,255.2,59.99,214.3,1.2,2.7,813.2,35.3,1.6,1.1,0,77.69001683283699,25.687,25.687,2025-06-08 13:07:57
159.3,0.8,154.7,154,0.5,97.2,240.9,60.01,214.3,1.1,2.7,813.2,35.2,1.6,1.1,0,77.69001683283699,25.562,25.625,2025-06-08 13:08:30
155.7,0.9,147.9,154,0.5,94.7,238.0,59.99,214.2,1.1,2.7,813.2,35.2,1.7,1.1,0,77.69001683283699,25.5,25.5,2025-06-08 13:09:00
158.8,0.8,148.0,151,0.5,93.4,236.7,60.01,214.3,1.1,2.7,813.2,35.2,1.7,1.1,0,77.69001683283699,25.5,25.5,2025-06-08 13:09:32
158.8,0.8,143.6,154.4,0.5,89.8,229.0,59.99,214.3,1,2.7,813.2,35.2,1.7,1.1,0,77.69001683283699,25.562,25.562,2025-06-08 13:10:02
155.8,0.7,133.0,154,0.5,91.4,220.1,60.02,214,1,2.7,813.2,35,1.7,1.1,0,77.69001683283699,25.562,25.562,2025-06-08 13:10:35
156.9,0.7,125.3,151.8,0.5,88.8,210.1,60.02,213.9,1,2.7,813.2,34.9,1.7,1.1,0,38.845008416418494,25.5,25.5,2025-06-08 13:11:05
155.7,0.7,117.5,153.8,0.5,83.7,197.3,60,214.2,0.9,2.7,813.2,35,1.7,1.1,0,38.845008416418494,25.437,25.437,2025-06-08 13:11:37
158.7,0.6,109.0,152.9,0.4,79.4,185.1,60.01,214.3,0.9,2.7,813.2,35,1.7,1.1,0,38.845008416418494,25.437,25.437,2025-06-08 13:12:07
152.5,0.6,103.8,154.2,0.3,73.7,173.5,60.01,214.3,0.8,2.7,813.2,35,1.7,1.1,0,38.845008416418494,25.437,25.437,2025-06-08 13:12:40
154.6,0.5,102.0,151,0.4,69.0,167.8,60.01,214.3,0.7,2.7,813.2,34.9,1.7,1.1,0,38.845008416418494,25.437,25.437,2025-06-08 13:13:10
158.7,0.5,98.3,155.3,0.3,66.4,161.6,59.97,214.2,0.8,2.7,813.2,34.9,1.7,1.1,0,38.845008416418494,25.437,25.437,2025-06-08 13:13:42
152.6,0.5,99.9,151,0.3,62.5,159.4,59.99,214,0.7,2.7,813.2,34.9,1.7,1.1,0,38.845008416418494,25.375,25.375,2025-06-08 13:14:12
156.7,0.5,101.6,149.2,0.3,60.2,158.8,60.04,214,0.7,2.7,813.2,34.9,1.7,1.1,0,38.845008416418494,25.25,25.25,2025-06-08 13:14:45
158.7,0.5,99.0,143.6,0.3,59.7,155.7,60.02,214.1,0.7,2.7,813.2,34.9,1.7,1.1,0,38.845008416418494,25.125,25.125,2025-06-08 13:15:14
152.7,0.5,101.8,139.4,0.3,59.9,158.7,60.01,214.3,0.7,2.7,813.2,34.8,1.7,1.1,0,38.845008416418494,25.062,25.062,2025-06-08 13:15:47
155.5,0.6,105.0,145.1,0.3,61.2,162.9,60.02,214.2,0.7,2.7,813.2,34.8,1.7,1.1,0,38.845008416418494,25.062,25.062,2025-06-08 13:16:17
158.2,0.6,106.0,145.2,0.3,62.3,166.2,59.98,214,0.7,2.7,813.2,34.8,1.7,1.1,0,38.845008416418494,25.0,25.0,2025-06-08 13:16:50
155.6,0.6,107.0,142.2,0.4,62.9,167.1,60.02,214,0.8,2.7,813.2,34.7,1.7,1.1,0,38.845008416418494,25.0,24.875,2025-06-08 13:17:19
155.6,0.6,109.6,142.4,0.4,63.4,169.6,59.98,214.1,0.8,2.7,813.2,34.7,1.7,1.1,0,38.845008416418494,24.875,24.937,2025-06-08 13:17:52
157.2,0.6,111.0,142.8,0.4,65.1,172.8,60.01,214.1,0.8,2.7,813.2,34.7,1.7,1.1,0,38.845008416418494,24.937,24.875,2025-06-08 13:18:22
158.8,0.6,114.9,146.6,0.4,66.0,177.4,60.02,214.1,0.8,2.7,813.2,34.6,1.7,1.1,0,38.845008416418494,24.875,24.875,2025-06-08 13:18:55
160,0.6,121.4,145.2,0.4,66.9,184.2,60.01,214.1,0.8,2.7,813.2,34.5,1.7,1.1,0,38.845008416418494,24.937,24.875,2025-06-08 13:19:24
158.9,0.7,125.8,142.2,0.4,68.2,190.6,59.96,214.1,0.8,2.7,813.2,34.5,1.7,1.1,0,38.845008416418494,24.875,24.937,2025-06-08 13:19:57
158.7,0.7,131.7,144,0.4,70.0,197.8,59.97,214,0.9,2.7,813.2,34.5,1.7,1.1,0,38.845008416418494,24.875,24.875,2025-06-08 13:20:27
161.7,0.7,131.4,142.2,0.4,70.9,198.9,60.01,214.1,1,2.7,813.2,34.5,1.7,1.1,0,77.69001683283699,24.875,24.875,2025-06-08 13:21:00
155.8,0.8,133.7,145.2,0.4,72.6,202.7,60.01,214,0.9,2.7,813.2,34.5,1.7,1.1,0,38.845008416418494,24.875,24.875,2025-06-08 13:21:29
158.7,0.8,137.0,145.1,0.4,73.2,206.2,60.04,214,0.9,2.7,813.2,34.5,1.7,1.1,0,38.845008416418494,24.875,24.937,2025-06-08 13:22:02
158.7,0.8,136.3,142.1,0.4,72.7,204.8,60.02,214,0.9,2.7,813.2,34.4,1.7,1.1,0,38.845008416418494,25.0,25.0,2025-06-08 13:22:32
156.3,0.7,133.6,145.8,0.4,73.3,202.9,60.04,213.9,0.9,2.7,813.2,34.4,1.7,1.1,0,38.845008416418494,25.125,25.187,2025-06-08 13:23:04
158.5,0.7,133.0,148.1,0.4,72.3,201.1,60.04,213.8,0.9,2.7,813.2,34.4,1.7,1.1,0,38.845008416418494,25.25,25.312,2025-06-08 13:23:34
159.1,0.7,134.4,142.2,0.4,71.3,201.9,59.97,213.5,0.9,2.7,813.2,34.4,1.7,1.1,0,38.845008416418494,25.375,25.375,2025-06-08 13:24:07
155.7,0.7,132.3,142.2,0.4,71.0,199.6,60.01,213.8,0.9,2.7,813.2,34.4,1.7,1.1,0,38.845008416418494,25.312,25.312,2025-06-08 13:24:37
158.6,0.7,133.0,145.3,0.4,70.6,199.7,59.98,213.3,0.9,2.8,813.3,34.4,1.7,1.1,0,77.69001683283699,25.25,25.25,2025-06-08 13:25:09
158.7,0.7,130.6,148.1,0.4,68.0,195.8,60.01,213.6,0.9,2.8,813.3,34.4,1.7,1.1,0,38.845008416418494,25.25,25.25,2025-06-08 13:25:39
155.8,0.7,126.7,145,0.4,67.1,190.4,60.05,213.7,0.9,2.8,813.3,34.4,1.7,1.1,0,38.845008416418494,25.312,25.375,2025-06-08 13:26:12
160.5,0.7,116.0,145.3,0.4,65.5,178.0,60.04,213.6,0.9,2.8,813.3,34.4,1.7,1.1,0,38.845008416418494,25.312,25.312,2025-06-08 13:26:42
158.6,0.6,114.6,142.3,0.3,60.8,171.9,60.04,213.6,0.8,2.8,813.3,34.3,1.7,1.1,0,38.845008416418494,25.25,25.25,2025-06-08 13:27:14
155.5,0.6,107.4,143.5,0.3,57.7,162.0,60.01,213.5,0.7,2.8,813.3,34.3,1.7,1.1,0,38.845008416418494,25.187,25.187,2025-06-08 13:27:44
158.8,0.5,101.5,142.1,0.3,55.6,154.1,60.01,213.5,0.8,2.8,813.3,34.2,1.7,1.1,0,38.845008416418494,25.062,25.062,2025-06-08 13:28:17
155.7,0.5,100.7,143.7,0.3,53.3,151.1,59.98,213.5,0.7,2.8,813.3,34.2,1.7,1.1,0,38.845008416418494,25.062,25.062,2025-06-08 13:28:46
155.3,0.5,98.5,139.3,0.3,51.6,147.2,60.03,213.7,0.8,2.8,813.3,34.2,1.7,1.1,0,38.845008416418494,25.062,25.062,2025-06-08 13:29:19
156.2,0.5,99.5,142.3,0.3,51.6,146.1,60.01,213.6,0.7,2.8,813.3,34.2,1.7,1.1,0,38.845008416418494,25.062,25.062,2025-06-08 13:29:49
155.9,0.5,100.8,142.2,0.3,52.3,151.1,60.02,213.5,0.8,2.8,813.3,34.1,1.7,1.1,0,38.845008416418494,24.937,24.937,2025-06-08 13:30:22
152.7,0.5,102.8,145.3,0.3,53.0,152.7,59.97,213.5,0.8,2.8,813.3,34.1,1.7,1.1,0,38.845008416418494,24.937,24.937,2025-06-08 13:30:51
155.3,0.6,104.9,141.3,0.3,56.1,158.0,60.02,213.5,0.8,2.8,813.3,34.1,1.7,1.1,0,38.845008416418494,25.0,25.0,2025-06-08 13:31:24
156,0.6,106.5,139.1,0.3,58.1,161.3,60,213.5,0.8,2.8,813.3,34.1,1.7,1.1,0,38.845008416418494,25.0,25.062,2025-06-08 13:31:54
155.7,0.6,108.4,138.7,0.4,61.1,166.3,60.01,213.7,0.8,2.8,813.3,34.1,1.7,1.1,0,38.845008416418494,25.062,25.062,2025-06-08 13:32:26
154,0.6,112.5,140.8,0.4,64.6,173.4,60,213.8,0.9,2.8,813.3,34.1,1.7,1.1,0,38.845008416418494,25.062,25.125,2025-06-08 13:32:56
157.3,0.7,121.5,140.7,0.4,68.2,186.1,60.02,213.8,0.9,2.8,813.3,34.1,1.7,1.1,0,77.69001683283699,25.062,25.062,2025-06-08 13:33:29
160.2,0.7,127.7,142.2,0.4,72.0,195.8,59.97,213.8,1,2.8,813.3,34,1.7,1.1,0,77.69001683283699,24.937,25.0,2025-06-08 13:33:59
163,0.8,126.4,139.5,0.5,76.3,199.3,59.98,213.6,0.9,2.8,813.3,34,1.7,1.1,0,77.69001683283699,24.937,24.937,2025-06-08 13:34:31
157.1,0.8,138.7,142.2,0.5,78.4,212.9,60.01,213.6,1,2.8,813.3,33.9,1.7,1.1,0,77.69001683283699,25.0,25.0,2025-06-08 13:35:01
160.2,0.8,141.3,142.1,0.5,79.6,215.5,60.02,213.9,1,2.8,813.3,33.9,1.7,1.1,0,77.69001683283699,25.187,25.187,2025-06-08 13:35:34
160.5,0.7,142.6,143.7,0.5,80.2,218.6,60.04,213.8,0.9,2.8,813.3,33.9,1.7,1.1,0,77.69001683283699,25.25,25.312,2025-06-08 13:36:04
159.9,0.8,143.2,140.7,0.5,79.9,218.8,60.01,213.8,1.1,2.8,813.3,33.9,1.7,1.1,0,77.69001683283699,25.187,25.187,2025-06-08 13:36:36
160.3,0.8,144.4,143.5,0.5,82.5,222.4,60,213.7,1,2.8,813.3,33.9,1.7,1.1,0,77.69001683283699,25.187,25.187,2025-06-08 13:37:06
162.6,0.8,146.8,144.9,0.5,83.7,225.9,59.99,213.7,1,2.8,813.3,33.9,1.7,1.1,0,77.69001683283699,25.25,25.312,2025-06-08 13:37:39
157.2,0.9,148.9,143.8,0.5,85.6,229.9,60,213.7,1,2.8,813.3,33.9,1.7,1.1,0,77.69001683283699,25.25,25.25,2025-06-08 13:38:09
159.8,0.9,154.2,142.7,0.5,88.3,237.8,60,213.5,1,2.8,813.3,33.9,1.7,1.1,0,77.69001683283699,25.125,25.187,2025-06-08 13:38:41
160.2,0.9,156.0,143.8,0.6,90.2,242.1,59.97,213.5,1.1,2.8,813.3,33.8,1.7,1.1,0,77.69001683283699,25.187,25.25,2025-06-08 13:39:11
157.1,0.9,155.9,146.7,0.5,92.2,243.3,60,213.5,1.1,2.8,813.3,33.8,1.7,1.1,0,77.69001683283699,25.375,25.375,2025-06-08 13:39:44
160.1,0.9,153.7,146.6,0.6,93.5,242.7,60.02,213.5,1.1,2.8,813.3,33.8,1.7,1.1,0,77.69001683283699,25.437,25.437,2025-06-08 13:40:14
160.2,0.9,161.0,149.5,0.5,91.3,247.4,59.95,213.7,1.1,2.8,813.3,33.8,1.7,1.1,0,77.69001683283699,25.437,25.437,2025-06-08 13:40:46
157.4,0.9,155.4,143.7,0.5,90.0,240.8,60.01,213.7,1.1,2.8,813.3,33.8,1.7,1.1,0,77.69001683283699,25.375,25.375,2025-06-08 13:41:16
160,0.8,147.2,146.6,0.5,86.3,229.0,60.02,213.7,1,2.8,813.3,33.8,1.7,1.1,0,77.69001683283699,25.312,25.312,2025-06-08 13:41:49
159.8,0.8,136.9,143.7,0.5,82.4,215.2,60.04,213.8,0.9,2.8,813.3,33.7,1.7,1.1,0,77.69001683283699,25.312,25.187,2025-06-08 13:42:19
157.1,0.7,131.9,143.9,0.5,76.3,204.3,60.03,213.9,0.9,2.8,813.3,33.7,1.7,1.1,0,38.845008416418494,25.062,25.125,2025-06-08 13:42:51
159.8,0.7,130.1,140.7,0.4,71.8,197.0,60.04,213.7,0.9,2.8,813.3,33.7,1.7,1.1,0,38.845008416418494,25.062,25.062,2025-06-08 13:43:21
157.4,0.7,127.2,143.6,0.4,70.8,193.9,60.04,213.6,0.9,2.8,813.3,33.7,1.7,1.1,0,38.845008416418494,25.062,25.062,2025-06-08 13:43:53
154.3,0.7,124.3,146.4,0.4,68.4,189.0,60.03,213.6,0.9,2.8,813.3,33.7,1.7,1.1,0,77.69001683283699,24.937,24.937,2025-06-08 13:44:23
160.1,0.7,122.8,140.7,0.4,65.8,185.0,60.03,213.7,0.8,2.8,813.3,33.7,1.7,1.1,0,38.845008416418494,24.875,24.812,2025-06-08 13:44:56
157,0.7,119.9,143.5,0.4,64.3,180.7,59.99,213.6,0.8,2.8,813.3,33.7,1.7,1.1,0,38.845008416418494,24.875,24.875,2025-06-08 13:45:26
157.2,0.6,111.9,142.9,0.3,59.4,168.1,59.99,213.7,0.7,2.8,813.3,33.7,1.7,1.1,0,38.845008416418494,24.937,24.937,2025-06-08 13:45:58
157.3,0.5,103.1,143.6,0.3,58.2,158.2,59.98,213.6,0.7,2.8,813.3,33.7,1.7,1.1,0,38.845008416418494,25.0,25.0,2025-06-08 13:46:28
158.1,0.5,95.3,140.6,0.3,56.2,148.5,59.99,213.6,0.7,2.8,813.3,33.6,1.7,1.1,0,38.845008416418494,25.062,25.062,2025-06-08 13:47:01
154.2,0.5,98.9,140.8,0.3,55.6,152.2,59.96,213.4,0.7,2.8,813.3,33.6,1.7,1.1,0,38.845008416418494,25.062,25.062,2025-06-08 13:47:31
155.4,0.5,101.5,142.4,0.3,55.4,153.6,59.99,213.5,0.7,2.8,813.3,33.6,1.7,1.1,0,38.845008416418494,25.062,25.062,2025-06-08 13:48:03
159.8,0.5,101.4,141,0.3,55.6,151.6,59.97,213.7,0.7,2.8,813.3,33.6,1.7,1.1,0,38.845008416418494,25.062,25.062,2025-06-08 13:48:33
155.6,0.5,100.2,143.7,0.3,56.4,153.6,59.98,213.7,0.7,2.8,813.3,33.6,1.7,1.1,0,38.845008416418494,25.125,25.125,2025-06-08 13:49:06
158.1,0.5,100.1,144.4,0.3,58.7,155.8,60,213.7,0.7,2.8,813.3,33.6,1.7,1.1,0,38.845008416418494,25.062,25.062,2025-06-08 13:49:36
154.1,0.6,106.0,140.5,0.3,60.0,162.8,59.99,213.7,0.7,2.8,813.3,33.5,1.7,1.1,0,38.845008416418494,25.125,25.125,2025-06-08 13:50:08
157.1,0.6,108.4,143.6,0.3,62.0,167.3,59.96,213.7,0.9,2.8,813.3,33.5,1.7,1.1,0,38.845008416418494,25.25,25.25,2025-06-08 13:50:38
157,0.6,106.4,143.8,0.4,63.2,166.2,59.99,213.6,0.8,2.8,813.3,33.5,1.7,1.1,0,38.845008416418494,25.25,25.25,2025-06-08 13:51:11
155.2,0.6,106.3,141.8,0.4,63.6,165.3,59.98,213.6,0.8,2.8,813.3,33.5,1.7,1.1,0,38.845008416418494,25.25,25.25,2025-06-08 13:51:41
157.1,0.5,106.5,143.6,0.3,63.7,167.0,60.03,213.7,0.7,2.8,813.3,33.5,1.7,1.1,0,38.845008416418494,25.062,25.125,2025-06-08 13:52:13
160.2,0.5,105.2,146.6,0.3,63.1,165.2,59.96,213.7,0.8,2.8,813.3,33.5,1.7,1.1,0,38.845008416418494,25.0,25.0,2025-06-08 13:52:43
154.1,0.6,108.9,140.7,0.4,62.5,167.8,60,213.5,0.8,2.8,813.3,33.5,1.7,1.1,0,38.845008416418494,25.0,25.0,2025-06-08 13:53:16
157.1,0.6,111.0,143.5,0.4,64.7,172.7,60.04,213.4,0.8,2.8,813.3,33.5,1.7,1.1,0,38.845008416418494,25.0,25.0,2025-06-08 13:53:46
158.4,0.6,108.5,144.9,0.4,65.4,170.6,59.99,213.5,0.8,2.8,813.3,33.5,1.7,1.1,0,38.845008416418494,25.062,25.125,2025-06-08 13:54:18
157.2,0.6,110.3,143.6,0.4,64.9,171.8,60.04,213.6,0.8,2.8,813.3,33.5,1.7,1.1,0,38.845008416418494,25.187,25.187,2025-06-08 13:54:48
157.3,0.6,107.4,143.8,0.4,64.2,168.3,60.02,213.8,0.7,2.8,813.3,33.5,1.7,1.1,0,38.845008416418494,25.062,25.062,2025-06-08 13:55:21
160.4,0.5,105.6,146.7,0.4,64.3,167.4,60.04,213.8,0.8,2.8,813.3,33.4,1.7,1.1,0,38.845008416418494,25.0,25.0,2025-06-08 13:55:51
156.1,0.6,107.3,142.6,0.4,64.8,168.8,60.03,213.5,0.7,2.8,813.3,33.4,1.7,1.1,0,38.845008416418494,24.937,24.937,2025-06-08 13:56:23
154.3,0.6,104.7,142.7,0.4,63.3,164.8,59.98,213.6,0.7,2.8,813.3,33.4,1.7,1.1,0,38.845008416418494,24.812,24.875,2025-06-08 13:56:53
159.9,0.5,99.7,146.7,0.3,62.3,159.4,60.03,213.7,0.7,2.9,813.4,33.4,1.7,1.1,0,38.845008416418494,24.812,24.812,2025-06-08 13:57:25
156.6,0.5,101.1,143.7,0.3,61.4,159.4,59.99,213.7,0.8,2.9,813.4,33.4,1.7,1.1,0,38.845008416418494,24.75,24.75,2025-06-08 13:57:56
157.2,0.5,99.9,143.8,0.3,59.7,156.6,59.99,213.6,0.8,2.9,813.4,33.4,1.7,1.1,0,38.845008416418494,24.687,24.687,2025-06-08 13:58:28
155.2,0.5,98.1,144.9,0.3,58.6,153.8,59.99,213.5,0.7,2.9,813.4,33.4,1.7,1.1,0,38.845008416418494,24.687,24.687,2025-06-08 13:58:58
156.6,0.5,94.2,146.6,0.3,56.8,148.0,60.04,213.3,0.7,2.9,813.4,33.3,1.8,1.1,0,38.845008416418494,24.687,24.687,2025-06-08 13:59:30
156,0.5,91.3,142,0.3,54.5,143.0,60.03,213.4,0.6,2.9,813.4,33.3,1.8,1.1,0,38.845008416418494,24.75,24.812,2025-06-08 14:00:00
154.1,0.5,90.0,146.6,0.3,53.3,139.7,60.03,213.7,0.7,2.9,813.4,33.3,1.8,1.1,0,38.845008416418494,24.812,24.812,2025-06-08 14:00:33
158.5,0.4,89.5,155.5,0.2,52.1,132.7,60.01,213.6,0.5,2.9,813.4,33.3,1.8,1.1,0,38.845008416418494,24.812,24.875,2025-06-08 14:01:03
157.1,0.4,86.8,152.6,0.2,51.3,136.9,60.01,213.7,0.6,2.9,813.4,33.3,1.8,1.1,0,38.845008416418494,24.75,24.75,2025-06-08 14:01:35
157.1,0.4,85.5,149.6,0.2,51.3,134.2,59.98,213.6,0.7,2.9,813.4,33.3,1.8,1.1,0,38.845008416418494,24.687,24.687,2025-06-08 14:02:05
159.9,0.4,79.8,148.1,0.2,51.5,128.7,60.01,213.7,0.7,2.9,813.4,33.2,1.8,1.1,0,38.845008416418494,24.687,24.687,2025-06-08 14:02:38
154.1,0.4,83.2,143.6,0.3,49.4,130.0,60.04,213.6,0.7,2.9,813.4,33.2,1.8,1.1,0,38.845008416418494,24.687,24.687,2025-06-08 14:03:08
155.7,0.4,85.0,150.5,0.2,51.1,133.6,60,213.4,0.6,2.9,813.4,33.2,1.8,1.1,0,38.845008416418494,24.75,24.75,2025-06-08 14:03:40
157.2,0.4,86.3,143.6,0.3,51.6,135.5,60.02,213.4,0.6,2.9,813.4,33.2,1.8,1.1,0,38.845008416418494,24.687,24.687,2025-06-08 14:04:10
155.3,0.5,90.8,148.5,0.3,53.0,141.2,60.02,213.5,0.7,2.9,813.4,33.2,1.8,1.1,0,38.845008416418494,24.75,24.812,2025-06-08 14:04:43
156.9,0.5,92.0,149.7,0.3,55.4,145.8,59.99,213.4,0.7,2.9,813.4,33.2,1.8,1.1,0,38.845008416418494,24.875,24.875,2025-06-08 14:05:13
157.7,0.4,90.8,144.4,0.3,56.4,141.8,59.99,213.2,0.7,2.9,813.4,33.2,1.8,1.1,0,38.845008416418494,24.937,24.937,2025-06-08 14:05:45
154.2,0.5,91.8,155.3,0.2,52.1,141.2,59.96,213.3,0.7,2.9,813.4,33.1,1.8,1.1,0,38.845008416418494,24.875,24.875,2025-06-08 14:06:15
157.3,0.5,94.1,152.2,0.3,56.2,147.4,60.02,213.6,0.6,2.9,813.4,33.1,1.8,1.1,0,38.845008416418494,24.75,24.75,2025-06-08 14:06:48
157.3,0.5,91.5,145.4,0.3,57.0,145.7,60.02,213.2,0.8,2.9,813.4,33,1.8,1.1,0,38.845008416418494,24.687,24.75,2025-06-08 14:07:18
154.1,0.4,83.7,140.4,0.3,53.2,134.4,60.04,213.3,0.6,2.9,813.4,33,1.8,1.1,0,38.845008416418494,24.687,24.687,2025-06-08 14:07:50
158.3,0.4,82.1,147.8,0.2,49.8,129.4,60.03,213.4,0.5,2.9,813.4,33.1,1.8,1.1,0,38.845008416418494,24.75,24.75,2025-06-08 14:08:20
153.8,0.4,79.9,152.5,0.2,47.1,124.9,60.03,213.8,0.7,2.9,813.4,33.1,1.8,1.1,0,38.845008416418494,24.687,24.75,2025-06-08 14:08:53
155.6,0.4,77.0,149.5,0.2,46.1,119.8,60.04,213.7,0.7,2.9,813.4,33.1,1.8,1.1,0,38.845008416418494,24.687,24.687,2025-06-08 14:09:23
157.2,0.3,68.9,146.4,0.2,41.3,108.3,60.01,213.7,0.5,2.9,813.4,33.1,1.8,1.1,0,0.0,24.687,24.687,2025-06-08 14:09:55
154.4,0.3,66.2,149.4,0.1,37.0,101.1,60.01,213.7,0.5,2.9,813.4,33,1.8,1.1,0,38.845008416418494,24.687,24.687,2025-06-08 14:10:25
152.6,0.3,65.4,147.9,0.1,34.5,98.2,60.02,213.6,0.4,2.9,813.4,33,1.8,1.1,0,0.0,24.687,24.687,2025-06-08 14:10:58
151.3,0.3,64.3,146.4,0.1,33.9,96.7,60.03,213.6,0.5,2.9,813.4,33,1.8,1.1,0,0.0,24.687,24.562,2025-06-08 14:11:28
154.2,0.3,65.5,148.1,0.1,33.8,96.8,60.05,213.6,0.5,2.9,813.4,33,1.8,1.1,0,0.0,24.562,24.562,2025-06-08 14:12:00
157.4,0.2,60.9,146.9,0.1,32.6,92.0,60.03,213.5,0.4,2.9,813.4,33,1.8,1.1,0,0.0,24.562,24.562,2025-06-08 14:12:30
153,0.3,64.4,148.4,0.1,31.8,94.4,60.04,213.5,0.6,2.9,813.4,33,1.8,1.1,0,0.0,24.5,24.5,2025-06-08 14:13:02
154.2,0.3,61.7,143.5,0.1,31.4,91.2,60,213.4,0.5,2.9,813.4,33,1.8,1.1,0,38.845008416418494,24.437,24.5,2025-06-08 14:13:32
154.3,0.3,60.1,143.7,0.1,30.6,89.4,60,213.3,0.5,2.9,813.4,33,1.8,1.1,0,0.0,24.437,24.437,2025-06-08 14:14:05
154.2,0.2,59.8,145.3,0.1,29.5,87.6,59.97,213.3,0.6,2.9,813.4,32.7,1.8,1.1,0,0.0,24.375,24.375,2025-06-08 14:14:35
149.6,0.3,60.4,140.9,0.1,29.4,88.5,60.04,213.4,0.5,2.9,813.4,32.7,1.8,1.1,0,0.0,24.312,24.375,2025-06-08 14:15:07
146.9,0.3,59.6,141.9,0.1,29.8,87.7,60.02,213.5,0.5,2.9,813.4,32.7,1.8,1.1,0,0.0,24.375,24.375,2025-06-08 14:15:37
143.3,0.3,57.0,137.8,0.1,28.6,84.1,59.97,213.7,0.5,2.9,813.4,32.7,1.8,1.1,0,0.0,24.375,24.375,2025-06-08 14:16:10
151.3,0.2,56.9,134.9,0.1,26.7,81.7,60,213.6,0.4,2.9,813.4,32.6,1.8,1.1,0,0.0,24.312,24.375,2025-06-08 14:16:40
157.4,0.2,57.1,135.1,0.1,26.3,82.1,59.99,213.6,0.5,2.9,813.4,32.6,1.8,1.1,0,0.0,24.312,24.312,2025-06-08 14:17:12
149.7,0.2,56.8,131.9,0.1,26.3,81.0,60.03,213.6,0.4,2.9,813.4,32.5,1.8,1.1,0,0.0,24.187,24.187,2025-06-08 14:17:42
145.3,0.2,55.2,137.8,0.1,26.4,80.2,60.03,213.5,0.4,2.9,813.4,32.5,1.8,1.1,0,0.0,24.125,24.187,2025-06-08 14:18:15
154.9,0.2,55.7,139.2,0.1,27.2,81.5,60.02,213.6,0.5,2.9,813.4,32.5,1.8,1.1,0,0.0,24.125,24.125,2025-06-08 14:18:45
152.8,0.2,54.8,139.3,0.1,25.9,79.5,60.01,213.7,0.5,2.9,813.4,32.5,1.8,1.1,0,0.0,24.062,24.062,2025-06-08 14:19:17
155.7,0.2,54.1,139,0.1,25.6,78.2,60.02,213.6,0.4,2.9,813.4,32.4,1.8,1.1,0,0.0,24.0,24.062,2025-06-08 14:19:47
154.8,0.2,53.4,139.2,0.1,25.6,77.6,60,213.6,0.5,2.9,813.4,32.4,1.8,1.1,0,0.0,24.062,24.062,2025-06-08 14:20:20
152.6,0.2,53.0,140.8,0.1,25.7,77.3,60.02,213.5,0.3,2.9,813.4,32.4,1.8,1.1,0,0.0,24.062,24.062,2025-06-08 14:20:50
153.6,0.2,51.9,139.1,0.1,25.3,75.8,60.02,213.5,0.5,2.9,813.4,32.4,1.8,1.1,0,0.0,24.062,24.062,2025-06-08 14:21:22
152.6,0.2,51.9,143.7,0.1,25.4,76.0,60,213.5,0.5,2.9,813.4,32.3,1.8,1.1,0,0.0,24.125,24.062,2025-06-08 14:21:52
151.4,0.2,51.1,137.8,0.1,25.4,75.2,59.99,213.4,0.5,2.9,813.4,32.3,1.8,1.1,0,0.0,24.125,24.125,2025-06-08 14:22:25
155.6,0.2,51.3,137.3,0.1,25.7,75.7,60,213.5,0.5,2.9,813.4,32.3,1.8,1.1,0,0.0,24.187,24.25,2025-06-08 14:22:55
153.6,0.2,50.8,139,0.1,25.6,76.2,59.99,213.7,0.4,2.9,813.4,32.3,1.8,1.1,0,0.0,24.187,24.187,2025-06-08 14:23:27
150.9,0.2,51.7,144.6,0.1,25.9,76.3,60.03,213.6,0.6,2.9,813.4,32.2,1.8,1.1,0,0.0,24.187,24.187,2025-06-08 14:23:57
153.8,0.2,51.8,144.6,0.1,25.8,76.5,59.99,213.6,0.4,2.9,813.4,32.2,1.8,1.1,0,0.0,24.125,24.125,2025-06-08 14:24:30
153.6,0.2,51.2,141.8,0.1,26.2,76.1,60,213.6,0.5,2.9,813.4,32.2,1.8,1.1,0,0.0,24.062,24.125,2025-06-08 14:25:00
145.1,0.2,51.1,139.2,0.1,26.4,76.1,60,213.7,0.4,2.9,813.4,32.1,1.8,1.1,0,0.0,24.062,24.062,2025-06-08 14:25:32
153.3,0.2,52.6,141.7,0.1,26.8,78.1,59.98,213.6,0.5,2.9,813.4,32.1,1.8,1.1,0,0.0,24.062,24.062,2025-06-08 14:26:02
144.8,0.2,52.5,138.8,0.1,27.8,78.8,59.99,213.4,0.4,2.9,813.4,32.1,1.8,1.1,0,0.0,24.0,24.0,2025-06-08 14:26:35
147.8,0.2,52.6,137.3,0.1,28.7,80.0,59.97,213.4,0.5,2.9,813.4,32,1.8,1.1,0,0.0,24.0,23.937,2025-06-08 14:27:04
144.6,0.2,52.7,136,0.1,28.4,79.4,60.01,213.6,0.4,2.9,813.4,32,1.8,1.1,0,0.0,23.875,23.937,2025-06-08 14:27:37
143.7,0.2,52.7,136,0.1,28.3,79.5,59.99,213.5,0.6,2.9,813.4,32,1.8,1.1,0,0.0,23.937,23.875,2025-06-08 14:28:07
144.9,0.2,52.1,138.3,0.1,28.5,79.1,60,213.6,0.4,2.9,813.4,32,1.8,1.1,0,0.0,23.875,23.875,2025-06-08 14:28:39
144.8,0.2,52.7,140.4,0.1,28.3,79.5,60.03,213.6,0.5,2.9,813.4,32,1.8,1.1,0,0.0,23.937,23.937,2025-06-08 14:29:09
155.3,0.2,55.1,135.8,0.1,27.3,80.7,59.98,213.6,0.5,2.9,813.4,31.9,1.8,1.1,0,0.0,23.875,23.937,2025-06-08 14:29:42
155.1,0.2,55.7,138.2,0.1,27.3,81.5,59.98,213.6,0.5,2.9,813.4,31.9,1.8,1.1,0,0.0,23.937,23.875,2025-06-08 14:30:12
156.1,0.2,53.2,141.1,0.1,27.6,79.2,60.02,213.6,0.5,2.9,813.4,31.9,1.8,1.1,0,0.0,23.875,23.937,2025-06-08 14:30:44
155.1,0.2,55.3,141.7,0.1,27.5,80.4,60.01,213.6,0.5,2.9,813.4,31.9,1.8,1.2,0,0.0,23.937,23.937,2025-06-08 14:31:14
150,0.2,56.1,139,0.1,28.1,82.8,59.98,213.5,0.4,2.9,813.4,31.9,1.8,1.2,0,0.0,23.875,23.875,2025-06-08 14:31:47
149.1,0.2,57.1,141.7,0.1,27.9,83.6,59.96,213.3,0.4,2.9,813.4,31.9,1.8,1.2,0,0.0,23.875,23.937,2025-06-08 14:32:17
146.2,0.3,57.2,138.9,0.1,28.6,84.9,59.98,213.4,0.3,2.9,813.4,31.8,1.8,1.2,0,0.0,23.875,23.875,2025-06-08 14:32:49
143.3,0.3,56.8,137.6,0.1,29.4,84.6,59.97,213.4,0.4,2.9,813.4,31.8,1.8,1.2,0,0.0,23.875,23.875,2025-06-08 14:33:19
147.8,0.3,58.8,134.4,0.1,29.6,86.8,60.01,213.4,0.5,2.9,813.4,31.8,1.8,1.2,0,0.0,23.812,23.812,2025-06-08 14:33:52
148.4,0.3,59.4,135.9,0.1,30.7,88.5,60.01,213.4,0.5,2.9,813.4,31.8,1.8,1.2,0,0.0,23.812,23.812,2025-06-08 14:34:22
149.2,0.3,61.7,137.4,0.1,32.2,92.1,59.98,213.6,0.4,2.9,813.4,31.8,1.8,1.2,0,0.0,23.812,23.812,2025-06-08 14:34:54
148.8,0.3,64.0,141.6,0.1,33.7,96.8,59.99,213.7,0.5,2.9,813.4,31.7,1.8,1.2,0,38.845008416418494,23.875,23.875,2025-06-08 14:35:24
146.4,0.3,66.7,144.9,0.1,35.8,100.7,60,213.7,0.4,2.9,813.4,31.7,1.8,1.2,0,38.845008416418494,23.812,23.875,2025-06-08 14:35:57
147.8,0.3,69.4,140.5,0.2,37.4,104.9,59.99,213.7,0.7,2.9,813.4,31.6,1.8,1.2,0,38.845008416418494,23.812,23.875,2025-06-08 14:36:27
152.2,0.4,71.5,141.8,0.2,39.0,108.5,59.99,213.8,0.5,2.9,813.4,31.6,1.8,1.2,0,38.845008416418494,23.812,23.812,2025-06-08 14:36:59
156.8,0.4,74.5,137.5,0.2,39.3,111.7,60.02,213.8,0.6,2.9,813.4,31.6,1.8,1.2,0,38.845008416418494,23.812,23.812,2025-06-08 14:37:29
152.3,0.4,74.4,141.8,0.2,40.2,112.6,60.02,213.7,0.6,2.9,813.4,31.6,1.8,1.2,0,38.845008416418494,23.812,23.812,2025-06-08 14:38:02
152.2,0.4,74.4,143.5,0.2,40.0,112.3,59.97,213.8,0.6,2.9,813.4,31.6,1.8,1.2,0,38.845008416418494,23.875,23.875,2025-06-08 14:38:32
150.5,0.4,74.9,147.3,0.2,39.8,112.6,59.98,213.8,0.5,2.9,813.4,31.6,1.8,1.2,0,38.845008416418494,23.875,23.875,2025-06-08 14:39:04
149.2,0.4,75.8,146.3,0.2,38.7,111.7,59.96,213.9,0.6,2.9,813.4,31.6,1.8,1.2,0,38.845008416418494,23.875,23.937,2025-06-08 14:39:34
146.2,0.4,74.9,152.2,0.2,40.5,113.3,60,213.9,0.5,2.9,813.4,31.6,1.8,1.2,0,38.845008416418494,23.937,23.875,2025-06-08 14:40:06
149.1,0.4,78.0,152.2,0.2,39.8,115.6,59.99,214,0.6,2.9,813.4,31.6,1.8,1.2,0,38.845008416418494,23.875,23.937,2025-06-08 14:40:37
150.7,0.4,77.0,147.6,0.2,41.1,116.8,60.03,214,0.8,2.9,813.4,31.6,1.8,1.2,0,38.845008416418494,23.937,23.937,2025-06-08 14:41:09
147.2,0.4,77.8,148.2,0.2,40.5,116.2,60.01,213.8,0.5,2.9,813.4,31.6,1.8,1.2,0,38.845008416418494,23.937,23.937,2025-06-08 14:41:39
149.4,0.4,77.3,152.2,0.2,39.5,114.8,60.01,213.8,0.6,2.9,813.4,31.5,1.8,1.2,0,38.845008416418494,23.812,23.812,2025-06-08 14:42:11
152.2,0.4,74.5,149.2,0.2,38.5,111.1,60.01,213.5,0.5,2.9,813.4,31.5,1.8,1.2,0,38.845008416418494,23.812,23.812,2025-06-08 14:42:41
146.5,0.4,73.6,149.1,0.2,36.8,108.3,60.04,213.5,0.6,2.9,813.4,31.5,1.8,1.2,0,38.845008416418494,23.875,23.937,2025-06-08 14:43:14
152.3,0.4,72.2,147.6,0.2,36.3,106.6,59.99,213.6,0.5,2.9,813.4,31.5,1.8,1.2,0,38.845008416418494,23.937,23.937,2025-06-08 14:43:44
149.2,0.4,72.8,149.3,0.1,35.1,106.0,60.02,213.3,0.5,2.9,813.4,31.5,1.8,1.2,0,38.845008416418494,23.937,23.937,2025-06-08 14:44:16
149.3,0.4,72.2,139,0.2,35.5,105.8,60.01,213.3,0.5,2.9,813.4,31.4,1.8,1.2,0,38.845008416418494,24.0,24.0,2025-06-08 14:44:46
149.1,0.4,72.4,144.9,0.2,36.0,106.5,60.01,213.6,0.5,2.9,813.4,31.4,1.8,1.2,0,38.845008416418494,24.062,24.062,2025-06-08 14:45:19
143.4,0.4,71.0,136.1,0.2,36.0,105.0,60.03,213.8,0.5,2.9,813.4,31.4,1.8,1.2,0,38.845008416418494,24.125,24.125,2025-06-08 14:45:49
149.3,0.4,73.9,137.6,0.2,37.1,108.8,60,213.8,0.5,2.9,813.4,31.4,1.8,1.2,0,38.845008416418494,24.062,24.125,2025-06-08 14:46:21
152.3,0.4,73.1,143.2,0.2,38.9,109.9,59.98,213.8,0.4,2.9,813.4,31.3,1.8,1.2,0,38.845008416418494,24.062,24.062,2025-06-08 14:46:51
                                                                                                                                   172.7,0,0.0,169.6,0,0.0,0.0,0,0,0,2.9,813.4,31.1,1.8,1.2,302,38.845008416418494,24.125,24.125,2025-06-08 14:47:48
173,0,0.0,169.9,0,0.0,0.0,0,0,0,2.9,813.4,30.9,1.8,1.2,302,38.845008416418494,24.187,24.187,2025-06-08 14:48:50
173.1,0,0.0,170.1,0,0.0,0.0,0,0,0,2.9,813.4,30.7,1.8,1.2,302,38.845008416418494,24.25,24.312,2025-06-08 14:50:35
172.9,0,0.0,169.9,0,0.0,0.0,0,0,0,2.9,813.4,30.7,1.8,1.2,302,38.845008416418494,24.375,24.437,2025-06-08 14:51:38
172.9,0,0.0,169.8,0,0.0,0.0,0,0,0,2.9,813.4,30.6,1.8,1.2,302,38.845008416418494,24.437,24.437,2025-06-08 14:52:40
173,0,0.0,169.6,0,0.0,0.0,0,0,0,2.9,813.4,30.4,1.8,1.2,302,38.845008416418494,24.375,24.437,2025-06-08 14:53:43
171.3,0,0.0,168.3,0,0.0,0.0,0,0,0,2.9,813.4,30.4,1.8,1.2,302,38.845008416418494,24.437,24.437,2025-06-08 14:54:45
169.6,0,0.0,166.7,0,0.0,0.0,0,0,0,2.9,813.4,30.3,1.8,1.2,302,0.0,24.312,24.312,2025-06-08 14:55:47
170.1,0,0.0,167,0,0.0,0.0,0,0,0,2.9,813.4,30.2,1.8,1.2,302,0.0,24.25,24.312,2025-06-08 14:56:50
170.6,0,0.0,167.4,0,0.0,0.0,0,0,0,2.9,813.4,30.2,1.8,1.2,302,0.0,24.187,24.187,2025-06-08 14:57:52
170.2,0,0.0,167.4,0,0.0,0.0,0,0,0,2.9,813.4,30,1.8,1.2,302,0.0,24.187,24.187,2025-06-08 14:58:55
170.8,0,0.0,167.7,0,0.0,0.0,0,0,0,2.9,813.4,30,1.8,1.2,302,38.845008416418494,24.125,24.187,2025-06-08 14:59:57
170.3,0,0.0,167.5,0,0.0,0.0,0,0,0,2.9,813.4,29.9,1.8,1.2,302,0.0,24.062,24.125,2025-06-08 15:01:00
169.5,0,0.0,166.8,0,0.0,0.0,0,0,0,2.9,813.4,29.8,1.8,1.2,302,0.0,24.187,24.187,2025-06-08 15:02:02
168.4,0,0.0,166,0,0.0,0.0,0,0,0,2.9,813.4,29.8,1.8,1.2,302,0.0,24.187,24.187,2025-06-08 15:03:05
168.2,0,0.0,165.6,0,0.0,0.0,0,0,0,2.9,813.4,29.7,1.8,1.2,302,0.0,24.125,24.125,2025-06-08 15:04:07
168.4,0,0.0,165.7,0,0.0,0.0,0,0,0,2.9,813.4,29.6,1.8,1.2,302,0.0,24.187,24.187,2025-06-08 15:05:09
168.4,0,0.0,165.8,0,0.0,0.0,0,0,0,2.9,813.4,29.5,1.8,1.2,302,0.0,24.187,24.187,2025-06-08 15:06:12
169.2,0,0.0,166.4,0,0.0,0.0,0,0,0,2.9,813.4,29.4,1.8,1.2,302,0.0,24.125,24.125,2025-06-08 15:07:14
170.2,0,0.0,167,0,0.0,0.0,0,0,0,2.9,813.4,29.4,1.8,1.2,302,0.0,24.187,24.125,2025-06-08 15:08:17
171,0,0.0,167.6,0,0.0,0.0,0,0,0,2.9,813.4,29.2,1.8,1.2,302,0.0,24.25,24.187,2025-06-08 15:09:19
171.1,0,0.0,168,0,0.0,0.0,0,0,0,2.9,813.4,29.2,1.8,1.2,302,38.845008416418494,24.187,24.187,2025-06-08 15:10:22
171.5,0,0.0,168.5,0,0.0,0.0,0,0,0,2.9,813.4,29.1,1.8,1.2,302,38.845008416418494,24.125,24.125,2025-06-08 15:11:24
171.9,0,0.0,169,0,0.0,0.0,0,0,0,2.9,813.4,29,1.8,1.2,302,38.845008416418494,24.187,24.187,2025-06-08 15:12:27
172.3,0,0.0,169,0,0.0,0.0,0,0,0,2.9,813.4,28.9,1.8,1.2,302,38.845008416418494,24.25,24.25,2025-06-08 15:13:29
172.5,0,0.0,169.2,0,0.0,0.0,0,0,0,2.9,813.4,28.9,1.8,1.2,302,38.845008416418494,24.375,24.375,2025-06-08 15:14:32
171.9,0,0.0,168.9,0,0.0,0.0,0,0,0,2.9,813.4,28.8,1.8,1.2,302,38.845008416418494,24.437,24.437,2025-06-08 15:15:34
170.8,0,0.0,167.7,0,0.0,0.0,0,0,0,2.9,813.4,28.8,1.8,1.2,302,38.845008416418494,24.437,24.437,2025-06-08 15:16:37
169.5,0,0.0,166.6,0,0.0,0.0,0,0,0,2.9,813.4,28.7,1.8,1.2,302,0.0,24.312,24.375,2025-06-08 15:17:39
167.9,0,0.0,165.5,0,0.0,0.0,0,0,0,2.9,813.4,28.7,1.8,1.2,302,0.0,24.312,24.375,2025-06-08 15:18:42
166.9,0,0.0,164.7,0,0.0,0.0,0,0,0,2.9,813.4,28.7,1.8,1.2,302,0.0,24.437,24.437,2025-06-08 15:19:44
166.6,0,0.0,164.1,0,0.0,0.0,0,0,0,2.9,813.4,28.6,1.8,1.2,302,0.0,24.437,24.5,2025-06-08 15:20:46
166.4,0,0.0,163.8,0,0.0,0.0,0,0,0,2.9,813.4,28.6,1.8,1.2,302,0.0,24.5,24.5,2025-06-08 15:21:49
166.1,0,0.0,163.9,0,0.0,0.0,0,0,0,2.9,813.4,28.6,1.8,1.2,302,0.0,24.5,24.5,2025-06-08 15:22:51
165.8,0,0.0,163.9,0,0.0,0.0,0,0,0,2.9,813.4,28.6,1.8,1.2,302,0.0,24.5,24.5,2025-06-08 15:23:54
167.1,0,0.0,164.6,0,0.0,0.0,0,0,0,2.9,813.4,28.5,1.8,1.2,302,0.0,24.5,24.5,2025-06-08 15:24:56
168.2,0,0.0,165.1,0,0.0,0.0,0,0,0,2.9,813.4,28.5,1.8,1.2,302,0.0,24.375,24.437,2025-06-08 15:25:59
167.7,0,0.0,165.1,0,0.0,0.0,0,0,0,2.9,813.4,28.5,1.8,1.2,302,0.0,24.375,24.375,2025-06-08 15:27:01
166.8,0,0.0,164.6,0,0.0,0.0,0,0,0,2.9,813.4,28.4,1.8,1.2,302,0.0,24.375,24.437,2025-06-08 15:28:04
165.1,0,0.0,163.9,0,0.0,0.0,0,0,0,2.9,813.4,28.4,1.8,1.2,302,0.0,24.375,24.375,2025-06-08 15:29:06
163.4,0,0.0,162.6,0,0.0,0.0,0,0,0,2.9,813.4,28.3,1.8,1.2,302,0.0,24.375,24.375,2025-06-08 15:30:09
162,0,0.0,161.2,0,0.0,0.0,0,0,0,2.9,813.4,28.3,1.8,1.2,302,0.0,24.375,24.375,2025-06-08 15:31:11
161.7,0,0.0,160.9,0,0.0,0.0,0,0,0,2.9,813.4,28.3,1.8,1.2,302,0.0,24.25,24.312,2025-06-08 15:32:14
164.5,0,0.0,162,0,0.0,0.0,0,0,0,2.9,813.4,28.3,1.8,1.2,302,0.0,24.25,24.25,2025-06-08 15:33:16
165.9,0,0.0,163.2,0,0.0,0.0,0,0,0,2.9,813.4,28.2,1.8,1.2,302,0.0,24.25,24.25,2025-06-08 15:34:18
166.2,0,0.0,163.9,0,0.0,0.0,0,0,0,2.9,813.4,28.2,1.8,1.2,302,0.0,24.25,24.312,2025-06-08 15:35:21
165.8,0,0.0,163.8,0,0.0,0.0,0,0,0,2.9,813.4,28.2,1.8,1.2,302,0.0,24.25,24.25,2025-06-08 15:36:23
165.4,0,0.0,163.4,0,0.0,0.0,0,0,0,2.9,813.4,28.2,1.8,1.2,302,0.0,24.25,24.312,2025-06-08 15:37:26
165.4,0,0.0,163.2,0,0.0,0.0,0,0,0,2.9,813.4,28.1,1.8,1.2,302,0.0,24.25,24.25,2025-06-08 15:38:28
164.9,0,0.0,163,0,0.0,0.0,0,0,0,2.9,813.4,28.1,1.8,1.2,302,0.0,24.25,24.25,2025-06-08 15:39:31
163.8,0,0.0,162.6,0,0.0,0.0,0,0,0,2.9,813.4,28.1,1.8,1.2,302,0.0,24.25,24.25,2025-06-08 15:40:33
162.4,0,0.0,161.8,0,0.0,0.0,0,0,0,2.9,813.4,28.1,1.8,1.2,302,0.0,24.25,24.25,2025-06-08 15:41:36
162.6,0,0.0,161.4,0,0.0,0.0,0,0,0,2.9,813.4,28,1.8,1.2,302,0.0,24.25,24.25,2025-06-08 15:42:38
163,0,0.0,161.5,0,0.0,0.0,0,0,0,2.9,813.4,28,1.8,1.2,302,0.0,24.187,24.187,2025-06-08 15:43:41
163.1,0,0.0,161.9,0,0.0,0.0,0,0,0,2.9,813.4,28,1.8,1.2,302,0.0,24.187,24.187,2025-06-08 15:44:43
164.1,0,0.0,162.3,0,0.0,0.0,0,0,0,2.9,813.4,28,1.8,1.2,302,0.0,24.187,24.187,2025-06-08 15:45:46
164.9,0,0.0,162.5,0,0.0,0.0,0,0,0,2.9,813.4,28,1.8,1.2,302,0.0,24.25,24.25,2025-06-08 15:46:48
164.2,0,0.0,162.6,0,0.0,0.0,0,0,0,2.9,813.4,27.9,1.8,1.2,302,0.0,24.25,24.25,2025-06-08 15:47:51
164.5,0,0.0,162.8,0,0.0,0.0,0,0,0,2.9,813.4,27.9,1.8,1.2,302,0.0,24.25,24.25,2025-06-08 15:48:53
165.8,0,0.0,163.2,0,0.0,0.0,0,0,0,2.9,813.4,27.9,1.8,1.2,302,0.0,24.25,24.25,2025-06-08 15:49:55
166.5,0,0.0,163.7,0,0.0,0.0,0,0,0,2.9,813.4,27.8,1.8,1.2,302,0.0,24.25,24.25,2025-06-08 15:50:58
165.8,0,0.0,163.5,0,0.0,0.0,0,0,0,2.9,813.4,27.8,1.8,1.2,302,0.0,24.312,24.25,2025-06-08 15:52:00
163.5,0,0.0,162.6,0,0.0,0.0,0,0,0,2.9,813.4,27.8,1.8,1.2,302,0.0,24.25,24.25,2025-06-08 15:53:03
162.8,0,0.0,161.7,0,0.0,0.0,0,0,0,2.9,813.4,27.7,1.8,1.2,302,0.0,24.312,24.312,2025-06-08 15:54:05
163.7,0,0.0,161.9,0,0.0,0.0,0,0,0,2.9,813.4,27.7,1.8,1.2,302,0.0,24.312,24.312,2025-06-08 15:55:08
163.6,0,0.0,162,0,0.0,0.0,0,0,0,2.9,813.4,27.7,1.8,1.2,302,0.0,24.312,24.375,2025-06-08 15:56:10
163.4,0,0.0,161.9,0,0.0,0.0,0,0,0,2.9,813.4,27.7,1.8,1.2,302,0.0,24.312,24.312,2025-06-08 15:57:13
163.3,0,0.0,161.9,0,0.0,0.0,0,0,0,2.9,813.4,27.7,1.8,1.2,302,0.0,24.312,24.375,2025-06-08 15:58:15
163.4,0,0.0,162,0,0.0,0.0,0,0,0,2.9,813.4,27.6,1.8,1.2,302,0.0,24.25,24.312,2025-06-08 15:59:18
163.5,0,0.0,162.2,0,0.0,0.0,0,0,0,2.9,813.4,27.6,1.8,1.2,302,0.0,24.25,24.25,2025-06-08 16:00:20
163.7,0,0.0,162.4,0,0.0,0.0,0,0,0,2.9,813.4,27.6,1.8,1.2,302,0.0,24.25,24.312,2025-06-08 16:01:23
163.8,0,0.0,162.6,0,0.0,0.0,0,0,0,2.9,813.4,27.6,1.8,1.2,302,0.0,24.312,24.312,2025-06-08 16:02:25
164.2,0,0.0,162.9,0,0.0,0.0,0,0,0,2.9,813.4,27.5,1.8,1.2,302,0.0,24.312,24.312,2025-06-08 16:03:27
164.6,0,0.0,163.1,0,0.0,0.0,0,0,0,2.9,813.4,27.5,1.8,1.2,302,0.0,24.25,24.25,2025-06-08 16:04:30
164.7,0,0.0,163.1,0,0.0,0.0,0,0,0,2.9,813.4,27.5,1.8,1.2,302,0.0,24.312,24.312,2025-06-08 16:05:32
164.7,0,0.0,163,0,0.0,0.0,0,0,0,2.9,813.4,27.5,1.8,1.2,302,0.0,24.312,24.312,2025-06-08 16:06:35
164.5,0,0.0,162.7,0,0.0,0.0,0,0,0,2.9,813.4,27.5,1.8,1.2,302,0.0,24.25,24.312,2025-06-08 16:07:37
164.2,0,0.0,162.2,0,0.0,0.0,0,0,0,2.9,813.4,27.5,1.8,1.2,302,0.0,24.312,24.312,2025-06-08 16:08:40
163.1,0,0.0,161.6,0,0.0,0.0,0,0,0,2.9,813.4,27.5,1.8,1.2,302,0.0,24.312,24.312,2025-06-08 16:09:42
162.1,0,0.0,160.9,0,0.0,0.0,0,0,0,2.9,813.4,27.4,1.8,1.2,302,0.0,24.25,24.25,2025-06-08 16:10:45
161.2,0,0.0,160.2,0,0.0,0.0,0,0,0,2.9,813.4,27.4,1.8,1.2,302,0.0,24.25,24.25,2025-06-08 16:11:47
160.5,0,0.0,159.4,0,0.0,0.0,0,0,0,2.9,813.4,27.4,1.8,1.2,302,0.0,24.25,24.25,2025-06-08 16:12:50
159.6,0,0.0,158.8,0,0.0,0.0,0,0,0,2.9,813.4,27.4,1.8,1.2,302,0.0,24.312,24.312,2025-06-08 16:13:52
158.3,0,0.0,158.1,0,0.0,0.0,0,0,0,2.9,813.4,27.4,1.8,1.2,302,0.0,24.312,24.312,2025-06-08 16:14:55
157.5,0,0.0,157.3,0,0.0,0.0,0,0,0,2.9,813.4,27.4,1.8,1.2,302,0.0,24.25,24.25,2025-06-08 16:15:57
157,0,0.0,156.9,0,0.0,0.0,0,0,0,2.9,813.4,27.4,1.8,1.2,302,0.0,24.187,24.187,2025-06-08 16:16:59
156.8,0,0.0,156.7,0,0.0,0.0,0,0,0,2.9,813.4,27.4,1.8,1.2,302,-38.845008416418494,24.125,24.125,2025-06-08 16:18:02
157.1,0,0.0,156.9,0,0.0,0.0,0,0,0,2.9,813.4,27.4,1.8,1.2,302,0.0,24.062,24.125,2025-06-08 16:19:04
157.5,0,0.0,157.3,0,0.0,0.0,0,0,0,2.9,813.4,27.4,1.8,1.2,302,0.0,24.062,24.062,2025-06-08 16:20:07
157.8,0,0.0,157.6,0,0.0,0.0,0,0,0,2.9,813.4,27.3,1.8,1.2,302,0.0,24.125,24.125,2025-06-08 16:21:09
157.9,0,0.0,157.7,0,0.0,0.0,0,0,0,2.9,813.4,27.3,1.8,1.2,302,0.0,24.062,24.125,2025-06-08 16:22:12
158,0,0.0,157.8,0,0.0,0.0,0,0,0,2.9,813.4,27.3,1.8,1.2,302,0.0,24.062,24.062,2025-06-08 16:23:14
157.7,0,0.0,157.5,0,0.0,0.0,0,0,0,2.9,813.4,27.3,1.8,1.2,302,0.0,24.062,24.062,2025-06-08 16:24:17
157.2,0,0.0,156.9,0,0.0,0.0,0,0,0,2.9,813.4,27.3,1.8,1.2,302,0.0,24.062,24.062,2025-06-08 16:25:19
156.4,0,0.0,156.1,0,0.0,0.0,0,0,0,2.9,813.4,27.2,1.8,1.2,302,-38.845008416418494,24.125,24.125,2025-06-08 16:26:22
155.3,0,0.0,155.2,0,0.0,0.0,0,0,0,2.9,813.4,27.2,1.8,1.2,302,-38.845008416418494,24.125,24.125,2025-06-08 16:27:24
153.9,0,0.0,153.8,0,0.0,0.0,0,0,0,2.9,813.4,27.2,1.8,1.2,302,0.0,24.187,24.187,2025-06-08 16:28:27
153.2,0,0.0,153.3,0,0.0,0.0,0,0,0,2.9,813.4,27.2,1.8,1.2,302,-38.845008416418494,24.187,24.187,2025-06-08 16:29:29
153.1,0,0.0,153.1,0,0.0,0.0,0,0,0,2.9,813.4,27.2,1.8,1.2,302,-38.845008416418494,24.187,24.187,2025-06-08 16:30:31
153,0,0.0,153,0,0.0,0.0,0,0,0,2.9,813.4,27.2,1.8,1.2,302,-38.845008416418494,24.125,24.125,2025-06-08 16:31:34
153.2,0,0.0,153.3,0,0.0,0.0,0,0,0,2.9,813.4,27.2,1.8,1.2,302,-38.845008416418494,24.125,24.125,2025-06-08 16:32:36
153.9,0,0.0,153.9,0,0.0,0.0,0,0,0,2.9,813.4,27.2,1.8,1.2,302,0.0,24.125,24.187,2025-06-08 16:33:39
154.2,0,0.0,154.2,0,0.0,0.0,0,0,0,2.9,813.4,27.1,1.8,1.2,302,-38.845008416418494,24.125,24.187,2025-06-08 16:34:41
154.2,0,0.0,154.2,0,0.0,0.0,0,0,0,2.9,813.4,27.1,1.8,1.2,302,-38.845008416418494,24.125,24.125,2025-06-08 16:35:44
153.6,0,0.0,153.6,0,0.0,0.0,0,0,0,2.9,813.4,27.1,1.8,1.2,302,0.0,24.187,24.125,2025-06-08 16:36:46
153.1,0,0.0,153.1,0,0.0,0.0,0,0,0,2.9,813.4,27.1,1.8,1.2,302,0.0,24.125,24.125,2025-06-08 16:37:49
152.9,0,0.0,152.8,0,0.0,0.0,0,0,0,2.9,813.4,27.1,1.8,1.2,302,0.0,24.125,24.125,2025-06-08 16:38:51
153,0,0.0,152.9,0,0.0,0.0,0,0,0,2.9,813.4,27.1,1.8,1.2,302,0.0,24.187,24.125,2025-06-08 16:39:54
153.1,0,0.0,153.1,0,0.0,0.0,0,0,0,2.9,813.4,27.1,1.8,1.2,302,-38.845008416418494,24.125,24.125,2025-06-08 16:40:56
153.2,0,0.0,153.1,0,0.0,0.0,0,0,0,2.9,813.4,27.1,1.8,1.2,302,0.0,24.125,24.125,2025-06-08 16:41:59
153.1,0,0.0,153,0,0.0,0.0,0,0,0,2.9,813.4,27,1.8,1.2,302,-38.845008416418494,24.125,24.125,2025-06-08 16:43:01
153.2,0,0.0,153.2,0,0.0,0.0,0,0,0,2.9,813.4,27,1.8,1.2,302,-38.845008416418494,24.125,24.125,2025-06-08 16:44:04
153.2,0,0.0,153.2,0,0.0,0.0,0,0,0,2.9,813.4,27,1.8,1.2,302,0.0,24.125,24.125,2025-06-08 16:45:06
152.9,0,0.0,152.9,0,0.0,0.0,0,0,0,2.9,813.4,27,1.8,1.2,302,0.0,24.125,24.125,2025-06-08 16:46:08
152.2,0,0.0,152.1,0,0.0,0.0,0,0,0,2.9,813.4,27,1.8,1.2,302,-38.845008416418494,24.062,24.062,2025-06-08 16:47:11
150.9,0,0.0,150.8,0,0.0,0.0,0,0,0,2.9,813.4,27,1.8,1.2,302,-38.845008416418494,24.0,24.0,2025-06-08 16:48:13
149.5,0,0.0,149.4,0,0.0,0.0,0,0,0,2.9,813.4,27,1.8,1.2,302,-38.845008416418494,24.0,24.062,2025-06-08 16:49:16
147.8,0,0.0,147.8,0,0.0,0.0,0,0,0,2.9,813.4,27,1.8,1.2,302,-38.845008416418494,24.0,24.0,2025-06-08 16:50:18
146,0,0.0,145.8,0,0.0,0.0,0,0,0,2.9,813.4,27,1.8,1.2,302,-38.845008416418494,24.0,24.0,2025-06-08 16:51:21
144.4,0,0.0,144.2,0,0.0,0.0,0,0,0,2.9,813.4,27,1.8,1.2,302,-38.845008416418494,24.0,24.0,2025-06-08 16:52:23
143.4,0,0.0,143.3,0,0.0,0.0,0,0,0,2.9,813.4,27,1.8,1.2,302,-38.845008416418494,24.0,24.0,2025-06-08 16:53:26
143.1,0,0.0,143,0,0.0,0.0,0,0,0,2.9,813.4,26.9,1.8,1.2,302,-38.845008416418494,24.0,24.0,2025-06-08 16:54:28
143.2,0,0.0,143.1,0,0.0,0.0,0,0,0,2.9,813.4,26.9,1.8,1.2,302,-38.845008416418494,24.0,24.0,2025-06-08 16:55:31
142.8,0,0.0,142.7,0,0.0,0.0,0,0,0,2.9,813.4,26.9,1.8,1.2,302,-38.845008416418494,24.0,24.0,2025-06-08 16:56:33
142.4,0,0.0,142.2,0,0.0,0.0,0,0,0,2.9,813.4,26.9,1.8,1.2,302,-38.845008416418494,24.062,24.062,2025-06-08 16:57:36
141.6,0,0.0,141.4,0,0.0,0.0,0,0,0,2.9,813.4,26.9,1.8,1.2,302,-38.845008416418494,24.062,24.062,2025-06-08 16:58:38
140.9,0,0.0,140.8,0,0.0,0.0,0,0,0,2.9,813.4,26.9,1.8,1.2,302,-38.845008416418494,24.062,24.062,2025-06-08 16:59:41
140.2,0,0.0,140.1,0,0.0,0.0,0,0,0,2.9,813.4,26.9,1.8,1.2,302,-38.845008416418494,24.062,24.062,2025-06-08 17:00:43
140.9,0,0.0,140.8,0,0.0,0.0,0,0,0,2.9,813.4,26.9,1.8,1.2,302,-38.845008416418494,24.0,24.062,2025-06-08 17:01:45
140.9,0,0.0,140.8,0,0.0,0.0,0,0,0,2.9,813.4,26.9,1.8,1.2,302,-38.845008416418494,24.0,24.0,2025-06-08 17:02:48
140,0,0.0,139.9,0,0.0,0.0,0,0,0,2.9,813.4,26.9,1.8,1.2,302,-38.845008416418494,24.0,24.0,2025-06-08 17:03:50
137.9,0,0.0,137.9,0,0.0,0.0,0,0,0,2.9,813.4,26.9,1.8,1.2,302,-38.845008416418494,23.937,24.0,2025-06-08 17:04:53
133.6,0,0.0,133.5,0,0.0,0.0,0,0,0,2.9,813.4,26.9,1.8,1.2,302,-38.845008416418494,23.937,23.937,2025-06-08 17:05:55
0,0,0.0,0,0,0.0,0.0,0,0,0,2.9,813.4,0,1.8,1.2,0,-38.845008416418494,23.937,24.0,2025-06-08 17:06:58
