vpv1,ipv1,pv1_watt,vpv2,ipv2,pv2_watt,pac_total,freq,vac1,iac1,energia_hoy,energia_total,temp_inversor,Energìa PV1,Energìa PV2,codigo_error,irradiancia,temp1,temp2,timestamp
,,0.0,0,0,0.0,0.0,0,0,0,0.0,798.6,0,0.0,0.0,0,-38.845008416418494,21.625,21.625,2025-06-06 05:15:29
,,0.0,0,0,0.0,0.0,0,,,0.0,798.6,,0.0,0.0,0,-38.845008416418494,21.625,21.625,2025-06-06 05:16:05
0,0,0.0,34.9,0,0.0,0.0,59.98,72,0,0.0,798.6,0,0.0,0.0,0,-38.845008416418494,21.687,21.687,2025-06-06 05:18:09
148,0,0.0,147.9,0,0.0,0.0,59.97,211.7,0,0.0,798.6,22.3,0.0,0.0,0,-38.845008416418494,21.687,21.687,2025-06-06 05:18:34
148.6,0,0.0,148.4,0,0.0,0.0,59.99,211.7,0,0.0,798.6,22.4,0.0,0.0,0,-38.845008416418494,21.687,21.687,2025-06-06 05:19:12
151.1,0,0.0,150.9,0,0.0,0.0,60.01,211.8,0,0.0,798.6,22.4,0.0,0.0,0,-38.845008416418494,21.687,21.687,2025-06-06 05:19:37
152.5,0,0.0,152.3,0,0.0,0.0,59.97,211.7,0,0.0,798.6,22.4,0.0,0.0,0,-38.845008416418494,21.687,21.625,2025-06-06 05:20:14
153.2,0,0.0,153.2,0,0.0,0.0,60.01,211.9,0,0.0,798.6,22.4,0.0,0.0,0,-38.845008416418494,21.625,21.625,2025-06-06 05:20:39
154.4,0,0.0,154.3,0,0.0,0.0,59.99,211.7,0,0.0,798.6,22.5,0.0,0.0,0,-38.845008416418494,21.625,21.625,2025-06-06 05:21:17
155.2,0,0.0,155.1,0,0.0,0.0,60,211.6,0,0.0,798.6,22.5,0.0,0.0,0,-38.845008416418494,21.625,21.625,2025-06-06 05:21:41
156,0,0.0,155.9,0,0.0,0.0,59.99,211.6,0,0.0,798.6,22.5,0.0,0.0,0,-38.845008416418494,21.625,21.625,2025-06-06 05:22:19
156.6,0,0.0,156.5,0,0.0,0.0,60.03,211.8,0,0.0,798.6,22.5,0.0,0.0,0,-38.845008416418494,21.625,21.625,2025-06-06 05:22:44
111.1,0,0.0,109.6,0,0.0,0.0,60.03,211.7,0,0.0,798.6,22.5,0.0,0.0,0,-38.845008416418494,21.625,21.687,2025-06-06 05:23:22
158.1,0,0.0,157.9,0,0.0,0.0,60.01,211.4,0,0.0,798.6,22.5,0.0,0.0,0,-38.845008416418494,21.687,21.75,2025-06-06 05:23:46
158.8,0,0.0,158.6,0,0.0,0.0,60.02,211.4,0,0.0,798.6,22.5,0.0,0.0,0,0.0,21.812,21.812,2025-06-06 05:24:24
159.2,0,0.0,159.1,0,0.0,0.0,59.97,211.4,0,0.0,798.6,22.5,0.0,0.0,0,0.0,21.812,21.812,2025-06-06 05:24:49
160.1,0,0.0,159.9,0,0.0,0.0,60.03,211.2,0,0.0,798.6,22.5,0.0,0.0,0,-38.845008416418494,21.875,21.937,2025-06-06 05:25:27
160.6,0,0.0,160.4,0,0.0,0.0,59.97,211.4,0,0.0,798.6,22.6,0.0,0.0,0,-38.845008416418494,21.937,22.0,2025-06-06 05:25:51
161.3,0,0.0,161.1,0,0.0,0.0,60.02,211.4,0,0.0,798.6,22.6,0.0,0.0,0,0.0,22.0,22.0,2025-06-06 05:26:29
161.8,0,0.0,161.6,0,0.0,0.0,60.01,211.4,0,0.0,798.6,22.6,0.0,0.0,0,0.0,22.0,22.0,2025-06-06 05:26:54
162.5,0,0.0,162.4,0,0.0,0.0,60.03,211.1,0,0.0,798.6,22.6,0.0,0.0,0,0.0,22.0,22.0,2025-06-06 05:27:31
162.9,0,0.0,162.9,0,0.0,0.0,60.01,211.1,0,0.0,798.6,22.6,0.0,0.0,0,0.0,22.0,22.0,2025-06-06 05:27:56
155.7,0,1.7,155.4,0,1.7,6.4,60.01,211,0.5,0.0,798.6,22.6,0.0,0.0,0,0.0,21.937,22.0,2025-06-06 05:28:34
142.5,0,16.4,130.1,0,16.1,32.2,60.04,211,0.5,0.0,798.6,22.7,0.0,0.0,0,-38.845008416418494,21.937,22.0,2025-06-06 05:28:59
121.7,0,17.2,133.8,0,15.9,32.5,60.02,211.2,0.4,0.0,798.6,22.8,0.0,0.0,0,0.0,21.937,21.937,2025-06-06 05:29:36
133.8,0,18.4,124.1,0,16.9,34.7,59.99,211.3,0.3,0.0,798.6,22.9,0.0,0.0,0,0.0,21.937,21.937,2025-06-06 05:30:01
128.7,0.1,18.9,121.3,0,17.7,36.1,59.99,211.3,0.4,0.0,798.6,23,0.0,0.0,0,0.0,21.875,21.937,2025-06-06 05:30:39
136.5,0,21.2,139.1,0,19.3,39.8,60.02,211.4,0.4,0.0,798.6,23.1,0.0,0.0,0,0.0,21.875,21.937,2025-06-06 05:31:04
139.5,0.1,21.7,130.1,0.1,20.4,41.4,59.97,211.2,0.5,0.0,798.6,23.1,0.0,0.0,0,0.0,21.937,21.937,2025-06-06 05:31:41
142.2,0.1,23.1,141.8,0,20.2,43.0,59.99,211.2,0.5,0.0,798.6,23.2,0.0,0.0,0,0.0,21.937,21.937,2025-06-06 05:32:06
148.3,0.1,23.7,136.1,0,21.0,44.2,60.03,211.2,0.4,0.0,798.6,23.3,0.0,0.0,0,0.0,21.937,21.937,2025-06-06 05:32:44
145,0.1,24.0,135.5,0,21.0,44.2,60.01,211,0.4,0.0,798.6,23.4,0.0,0.0,0,0.0,21.937,21.937,2025-06-06 05:33:08
143.8,0.1,24.0,132.5,0,20.2,43.5,60.03,211.1,0.4,0.0,798.6,23.4,0.0,0.0,0,0.0,22.0,22.0,2025-06-06 05:33:46
139,0,23.4,132.3,0,18.6,41.9,60,211.2,0.3,0.0,798.6,23.5,0.0,0.0,0,0.0,22.0,22.0,2025-06-06 05:34:11
142,0.1,24.3,132.4,0,17.1,40.8,59.99,211.3,0.4,0.0,798.6,23.6,0.0,0.0,0,0.0,22.0,22.0,2025-06-06 05:34:49
144.8,0.1,24.9,135.9,0,16.1,40.3,59.99,210.9,0.4,0.0,798.6,23.6,0.0,0.0,0,0.0,22.062,22.0,2025-06-06 05:35:13
133.1,0.1,22.8,126.7,0,14.4,36.8,60.03,211,0.4,0.0,798.6,23.7,0.0,0.0,0,0.0,22.062,22.062,2025-06-06 05:35:51
142,0,23.6,126.6,0,13.9,36.9,59.99,211,0.4,0.0,798.6,23.7,0.0,0.0,0,0.0,22.062,22.062,2025-06-06 05:36:16
139,0,22.6,126.9,0,13.4,35.5,59.99,211.2,0.5,0.0,798.6,23.8,0.0,0.0,0,0.0,22.062,22.125,2025-06-06 05:36:54
144.4,0,24.4,133.9,0,13.3,36.8,59.99,211.1,0.4,0.0,798.6,23.8,0.0,0.0,0,0.0,22.125,22.125,2025-06-06 05:37:18
128.2,0.1,23.8,139.6,0,11.6,35.0,59.98,210.9,0.4,0.0,798.6,23.9,0.0,0.0,0,0.0,22.125,22.187,2025-06-06 05:37:56
144.2,0.1,25.3,137,0,11.5,36.6,59.99,211,0.5,0.0,798.6,24,0.0,0.0,0,0.0,22.187,22.187,2025-06-06 05:38:21
135.8,0.1,24.1,122.1,0,12.1,35.8,60.02,211.1,0.5,0.0,798.6,24,0.0,0.0,0,0.0,22.187,22.25,2025-06-06 05:38:59
149.5,0.1,25.4,119.1,0,12.6,37.4,60.01,211,0.5,0.0,798.6,24.1,0.0,0.0,0,0.0,22.25,22.25,2025-06-06 05:39:23
135.7,0.1,25.4,107.3,0,12.2,37.0,59.98,211.2,0.5,0.0,798.6,24.1,0.0,0.0,0,0.0,22.25,22.25,2025-06-06 05:40:01
134.3,0.1,25.8,113.2,0,13.5,38.9,60.02,211.2,0.5,0.0,798.6,24.2,0.0,0.0,0,0.0,22.25,22.25,2025-06-06 05:40:26
141.6,0.1,29.5,119.5,0,14.8,43.3,59.98,211.2,0.4,0.0,798.6,24.3,0.0,0.0,0,0.0,22.312,22.312,2025-06-06 05:41:03
146.5,0.1,33.9,140.8,0,15.5,48.6,60,210.6,0.4,0.0,798.6,24.3,0.0,0.0,0,0.0,22.312,22.312,2025-06-06 05:41:28
147.3,0.1,35.3,114.2,0.1,17.8,52.3,60.01,210.8,0.4,0.0,798.6,24.4,0.0,0.0,0,0.0,22.312,22.375,2025-06-06 05:42:06
128.5,0.2,35.1,120.1,0.1,18.8,53.1,59.97,211,0.5,0.0,798.6,24.4,0.0,0.0,0,0.0,22.375,22.375,2025-06-06 05:42:30
144,0.1,38.4,117.3,0.1,20.5,58.4,60.02,211.2,0.4,0.0,798.6,24.5,0.0,0.0,0,0.0,22.375,22.375,2025-06-06 05:43:08
143.2,0.2,38.2,111.3,0.1,20.6,57.8,60.03,211,0.4,0.0,798.6,24.5,0.0,0.0,0,0.0,22.375,22.375,2025-06-06 05:43:33
155.1,0.1,39.2,120.3,0.1,22.1,60.1,60.03,211.2,0.4,0.0,798.6,24.6,0.0,0.0,0,0.0,22.437,22.437,2025-06-06 05:44:11
140.4,0.2,38.0,117.2,0.1,22.0,58.9,60,211.4,0.4,0.0,798.6,24.6,0.0,0.0,0,0.0,22.437,22.437,2025-06-06 05:44:35
155.3,0.1,37.5,116.9,0.1,22.2,58.8,60,211.3,0.5,0.0,798.6,24.6,0.0,0.0,0,0.0,22.437,22.437,2025-06-06 05:45:13
155.2,0.1,34.7,151.1,0,19.1,52.7,60.02,211.3,0.5,0.0,798.6,24.7,0.0,0.0,0,0.0,22.437,22.5,2025-06-06 05:45:38
142.7,0.1,32.9,139.1,0,18.3,50.5,60,211.3,0.4,0.0,798.6,24.7,0.0,0.0,0,0.0,22.437,22.437,2025-06-06 05:46:16
141,0.1,29.5,136,0,18.1,46.8,60.03,211.1,0.5,0.0,798.6,24.8,0.0,0.0,0,0.0,22.437,22.437,2025-06-06 05:46:40
142.1,0.1,28.2,136.2,0,20.3,48.9,60,211.1,0.5,0.0,798.6,24.9,0.0,0.0,0,0.0,22.437,22.437,2025-06-06 05:47:18
147,0.1,29.7,142.1,0.1,22.2,50.2,60.02,210.9,0.5,0.0,798.6,24.9,0.0,0.0,0,0.0,22.437,22.437,2025-06-06 05:47:43
146.4,0.1,29.5,145.1,0,22.1,50.7,60,211.2,0.5,0.0,798.6,25,0.0,0.0,0,0.0,22.437,22.437,2025-06-06 05:48:21
148.5,0.1,28.8,136.4,0,20.0,47.9,59.97,211,0.5,0.0,798.6,25,0.0,0.0,0,0.0,22.437,22.437,2025-06-06 05:48:45
150.2,0.1,29.3,138.5,0,15.7,44.3,59.99,211.3,0.4,0.0,798.6,25.1,0.0,0.0,0,0.0,22.437,22.5,2025-06-06 05:49:23
152.7,0,24.2,151.1,0,13.8,38.5,60.01,210.9,0.5,0.0,798.6,25.1,0.0,0.0,0,0.0,22.5,22.5,2025-06-06 05:49:48
147.9,0.1,26.5,114,0.1,17.9,43.7,60.01,211,0.4,0.0,798.6,25.2,0.0,0.0,0,0.0,22.5,22.5,2025-06-06 05:50:25
146.3,0.1,28.0,136.9,0,20.1,47.3,60.03,211,0.5,0.0,798.6,25.2,0.0,0.0,0,0.0,22.5,22.5,2025-06-06 05:50:50
139.1,0.1,29.9,141.6,0.1,21.8,50.9,60.01,211.3,0.4,0.0,798.6,25.3,0.0,0.0,0,0.0,22.562,22.562,2025-06-06 05:51:28
129.4,0.1,30.5,141.2,0.1,22.2,51.4,60.03,211.1,0.4,0.0,798.6,25.3,0.0,0.0,0,0.0,22.562,22.562,2025-06-06 05:51:53
151.3,0.1,32.4,120.6,0.1,25.7,57.8,59.97,211.3,0.5,0.0,798.6,25.4,0.0,0.0,0,0.0,22.562,22.562,2025-06-06 05:52:30
142.8,0.1,33.0,117.6,0.1,26.3,58.2,60.03,211.4,0.5,0.0,798.6,25.4,0.0,0.0,0,0.0,22.562,22.562,2025-06-06 05:52:55
150.9,0.1,36.4,120.6,0.1,29.0,64.3,60,211,0.5,0.0,798.6,25.5,0.0,0.0,0,0.0,22.562,22.562,2025-06-06 05:53:33
157.2,0.1,35.7,114.5,0.2,31.6,66.1,60,210.9,0.4,0.0,798.6,25.5,0.0,0.0,0,0.0,22.562,22.562,2025-06-06 05:53:58
151.3,0.2,43.3,120.8,0.2,34.1,76.1,59.98,210.7,0.4,0.0,798.6,25.6,0.0,0.0,0,0.0,22.562,22.562,2025-06-06 05:54:35
154.4,0.2,47.5,124.2,0.2,35.7,81.7,60.02,210.9,0.6,0.0,798.6,25.6,0.0,0.0,0,0.0,22.562,22.562,2025-06-06 05:55:00
145.5,0.2,53.7,135.6,0.2,39.8,91.8,60.01,210.6,0.5,0.0,798.6,25.7,0.0,0.0,0,0.0,22.562,22.562,2025-06-06 05:55:38
145.1,0.3,58.7,147.1,0.2,42.9,99.8,60.03,210.8,0.5,0.0,798.6,25.7,0.0,0.0,0,0.0,22.562,22.562,2025-06-06 05:56:02
149.8,0.3,64.8,137.1,0.2,48.9,111.6,59.98,211,0.6,0.0,798.6,25.7,0.0,0.0,0,0.0,22.562,22.562,2025-06-06 05:56:40
150,0.3,67.7,142.6,0.3,53.1,118.4,60,211,0.6,0.0,798.6,25.8,0.0,0.0,0,0.0,22.562,22.562,2025-06-06 05:57:05
155.4,0.4,70.4,141.5,0.3,60.5,128.5,60.02,211,0.6,0.0,798.6,25.8,0.0,0.0,0,0.0,22.625,22.625,2025-06-06 05:57:43
152.7,0.4,71.3,139.7,0.4,70.2,139.0,60,211,0.7,0.0,798.6,25.8,0.0,0.0,0,0.0,22.625,22.625,2025-06-06 05:58:07
146.9,0.4,76.4,138.6,0.6,96.3,169.8,60.01,211.3,0.8,0.0,798.6,25.9,0.0,0.0,0,38.845008416418494,22.687,22.687,2025-06-06 05:58:45
145.2,0.5,86.1,138.5,0.9,134.5,216.2,60.03,211.2,1,0.0,798.6,25.9,0.0,0.0,0,38.845008416418494,22.687,22.75,2025-06-06 05:59:10
144.1,0.7,103.2,139.7,1.3,189.5,286.9,60.01,211.2,1.3,0.0,798.6,26,0.0,0.0,0,38.845008416418494,22.75,22.812,2025-06-06 05:59:48
144,0.6,100.4,145.5,1.3,189.4,283.9,59.97,211.1,1.3,0.0,798.6,26,0.0,0.0,0,38.845008416418494,22.812,22.812,2025-06-06 06:00:12
151.3,0.6,95.6,142.8,1.1,170.1,260.3,59.97,211.1,1.1,0.0,798.6,26.1,0.0,0.0,0,38.845008416418494,22.875,22.875,2025-06-06 06:00:50
157.1,0.6,98.1,137,1.1,166.5,259.3,59.98,211.1,1.2,0.0,798.6,26.1,0.0,0.0,0,38.845008416418494,22.875,22.937,2025-06-06 06:01:15
157.2,0.7,115.3,142.6,1.6,234.2,343.6,59.98,211.1,1.6,0.0,798.6,26.2,0.0,0.0,0,38.845008416418494,22.875,22.875,2025-06-06 06:01:53
142.5,0.8,119.3,135.4,1.9,257.0,366.8,59.99,211.2,1.7,0.0,798.6,26.2,0.0,0.0,0,38.845008416418494,22.875,22.875,2025-06-06 06:02:17
142.4,0.9,128.8,139.8,2,286.2,402.4,59.96,210.8,1.8,0.0,798.6,26.3,0.0,0.0,0,38.845008416418494,22.812,22.812,2025-06-06 06:02:55
148.6,0.9,134.4,144.2,2.1,301.3,424.3,59.98,211.3,2,0.0,798.6,26.4,0.0,0.0,0,38.845008416418494,22.812,22.812,2025-06-06 06:03:20
158.7,0.9,151.2,147.2,2.1,318.6,458.0,59.95,210.9,2.1,0.0,798.6,26.5,0.0,0.0,0,38.845008416418494,22.875,22.812,2025-06-06 06:03:58
159.9,1,158.1,145.1,2.3,328.1,473.1,59.95,211.1,2.1,0.0,798.6,26.5,0.0,0.0,0,38.845008416418494,22.812,22.812,2025-06-06 06:04:22
161.6,0.9,157.4,147.6,2.2,313.4,458.9,59.99,211.1,2.1,0.0,798.6,26.6,0.0,0.0,0,38.845008416418494,22.812,22.875,2025-06-06 06:05:00
159.6,0.9,147.9,145.3,2,290.0,427.6,60.02,211,2,0.0,798.6,26.7,0.0,0.0,0,38.845008416418494,22.875,22.875,2025-06-06 06:05:24
158.6,0.7,125.7,144.1,1.5,230.5,349.7,60.02,210.8,1.6,0.0,798.6,26.8,0.0,0.0,0,38.845008416418494,22.875,22.875,2025-06-06 06:06:02
155.7,0.7,122.2,144,1.5,222.7,338.1,60,210.8,1.5,0.0,798.6,26.8,0.0,0.0,0,38.845008416418494,22.875,22.937,2025-06-06 06:06:27
159.1,1.1,180.2,135.8,2.5,339.4,501.0,60.03,211.2,2.4,0.0,798.6,26.9,0.0,0.0,0,38.845008416418494,23.0,23.0,2025-06-06 06:07:05
164.5,1.2,190.1,138.2,2.6,355.7,526.0,60.04,211.1,2.5,0.0,798.6,27,0.0,0.0,0,77.69001683283699,23.0,23.0,2025-06-06 06:07:29
159.6,1.3,216.2,146.3,2.7,389.4,582.6,60.03,211.3,2.8,0.0,798.6,27.1,0.0,0.0,0,77.69001683283699,23.062,23.062,2025-06-06 06:08:07
163.1,1.3,219.1,147.1,2.9,417.0,611.0,59.98,211.3,2.8,0.0,798.6,27.2,0.0,0.0,0,77.69001683283699,23.062,23.062,2025-06-06 06:08:32
162.2,1.4,234.2,147.2,3,444.8,651.6,60.03,211.2,3.1,0.0,798.6,27.4,0.0,0.0,0,77.69001683283699,23.062,23.062,2025-06-06 06:09:10
161.6,1.4,229.0,153.2,2.8,435.2,639.2,60.02,211.3,3,0.1,798.7,27.5,0.0,0.0,0,77.69001683283699,23.0,23.062,2025-06-06 06:09:34
159.7,1.1,178.2,154.3,1.8,292.0,455.5,60,210.8,2.1,0.1,798.7,27.6,0.0,0.0,0,77.69001683283699,22.937,23.0,2025-06-06 06:10:12
157.1,1.1,181.5,148.5,2,299.6,466.9,60.03,210.7,2.2,0.1,798.7,27.6,0.0,0.0,0,77.69001683283699,22.937,22.937,2025-06-06 06:10:37
161.7,1.2,196.2,153.2,2.2,341.3,521.1,60.04,210.7,2.4,0.1,798.7,27.7,0.0,0.0,0,77.69001683283699,22.875,22.875,2025-06-06 06:11:15
160.5,1.4,234.1,152,2.8,432.0,640.6,60,211.1,3,0.1,798.7,27.7,0.0,0.0,0,77.69001683283699,22.875,22.875,2025-06-06 06:11:39
164.8,1.2,209.1,154.8,2.1,333.3,523.9,59.99,210.8,2.4,0.1,798.7,27.9,0.0,0.0,0,77.69001683283699,22.875,22.875,2025-06-06 06:12:17
160.6,1,164.1,151.5,1.4,230.6,387.3,59.97,210.7,1.8,0.1,798.7,28,0.0,0.0,0,77.69001683283699,22.875,22.875,2025-06-06 06:12:42
158.7,0.8,138.9,147.3,1,148.8,282.2,60.02,210.8,1.3,0.1,798.7,28,0.0,0.0,0,38.845008416418494,22.937,22.937,2025-06-06 06:13:20
159.6,0.8,138.1,145.2,0.9,140.6,273.4,60.03,210.6,1.3,0.1,798.7,28,0.0,0.0,0,77.69001683283699,22.937,23.0,2025-06-06 06:13:44
161.7,0.8,136.4,144.2,0.8,128.2,260.3,60.02,210.5,1.2,0.1,798.7,28.1,0.0,0.0,0,38.845008416418494,23.0,23.0,2025-06-06 06:14:22
158.7,0.8,135.6,141.3,0.8,121.0,251.8,60.04,210.7,1.1,0.1,798.7,28.1,0.0,0.0,0,38.845008416418494,23.0,23.0,2025-06-06 06:14:47
155.8,0.8,131.6,143.2,0.7,114.6,241.5,60.01,210.6,1.1,0.1,798.7,28.1,0.0,0.0,0,38.845008416418494,23.0,23.062,2025-06-06 06:15:25
155.9,0.8,131.2,144.2,0.7,112.0,238.4,60.02,210.7,1.1,0.1,798.7,28.1,0.0,0.0,0,38.845008416418494,23.062,23.062,2025-06-06 06:15:49
158.7,0.8,134.5,146,0.6,105.6,235.7,60.01,210.5,1.1,0.1,798.7,28.2,0.0,0.0,0,77.69001683283699,23.062,23.062,2025-06-06 06:16:27
158.7,0.8,137.5,147.1,0.6,99.0,232.1,60.02,210.3,1.1,0.1,798.7,28.2,0.0,0.0,0,77.69001683283699,23.062,23.062,2025-06-06 06:16:52
161.6,0.8,141.9,144.3,0.6,97.7,234.9,59.97,210.6,1.1,0.1,798.7,28.2,0.0,0.0,0,77.69001683283699,23.187,23.187,2025-06-06 06:17:29
161.6,0.8,142.4,144.2,0.6,96.1,233.9,59.99,210.7,1.1,0.1,798.7,28.2,0.0,0.0,0,77.69001683283699,23.312,23.312,2025-06-06 06:17:54
158.6,0.8,141.5,141.3,0.5,90.0,227.0,59.97,210.7,1,0.1,798.7,28.3,0.0,0.0,0,77.69001683283699,23.437,23.437,2025-06-06 06:18:32
158.7,0.8,139.4,141.1,0.5,88.4,223.9,59.98,210.8,1,0.1,798.7,28.3,0.0,0.0,0,77.69001683283699,23.5,23.5,2025-06-06 06:18:57
160.5,0.8,138.0,144.2,0.5,86.5,220.1,59.99,210.6,1,0.1,798.7,28.3,0.0,0.0,0,77.69001683283699,23.5,23.562,2025-06-06 06:19:34
161.6,0.7,134.7,144.1,0.5,83.6,214.3,59.97,210.7,1,0.1,798.7,28.3,0.0,0.0,0,77.69001683283699,23.562,23.562,2025-06-06 06:19:59
158.7,0.7,129.8,144.1,0.4,74.9,200.8,59.99,210.7,0.9,0.1,798.7,28.4,0.0,0.0,0,38.845008416418494,23.562,23.562,2025-06-06 06:20:37
157.5,0.7,123.2,143.1,0.4,68.9,188.2,59.98,210.8,0.9,0.1,798.7,28.4,0.0,0.0,0,77.69001683283699,23.562,23.562,2025-06-06 06:21:02
158.8,0.6,118.2,144.2,0.4,65.1,179.8,60,210.3,0.9,0.1,798.7,28.4,0.0,0.0,0,38.845008416418494,23.5,23.5,2025-06-06 06:21:39
158.7,0.6,116.9,143.4,0.4,63.7,177.1,60.01,210.5,0.8,0.1,798.7,28.4,0.0,0.0,0,38.845008416418494,23.5,23.5,2025-06-06 06:22:04
161.7,0.6,111.2,145.6,0.4,65.4,173.6,59.98,210.6,0.8,0.1,798.7,28.5,0.0,0.0,0,38.845008416418494,23.562,23.562,2025-06-06 06:22:42
160.8,0.6,108.4,144.2,0.4,64.9,173.3,60.01,210.5,0.8,0.1,798.7,28.5,0.0,0.0,0,38.845008416418494,23.562,23.562,2025-06-06 06:23:06
158.8,0.6,110.3,144.2,0.4,64.4,171.2,59.99,210.5,0.8,0.1,798.7,28.5,0.0,0.0,0,38.845008416418494,23.5,23.5,2025-06-06 06:23:44
155.7,0.6,108.6,145.7,0.4,64.8,170.3,60,210.7,0.8,0.1,798.7,28.6,0.0,0.0,0,38.845008416418494,23.562,23.562,2025-06-06 06:24:09
156.8,0.6,107.6,146.9,0.3,65.1,169.4,59.98,210.5,0.8,0.1,798.7,28.6,0.0,0.0,0,38.845008416418494,23.5,23.5,2025-06-06 06:24:47
158.7,0.6,109.4,148.6,0.4,61.7,168.0,59.97,210.3,0.8,0.1,798.7,28.6,0.0,0.0,0,38.845008416418494,23.5,23.5,2025-06-06 06:25:11
159.4,0.5,112.9,145.7,0.3,63.2,172.7,60.02,210.1,0.8,0.1,798.7,28.7,0.0,0.0,0,38.845008416418494,23.375,23.375,2025-06-06 06:25:49
161.7,0.6,110.6,145.7,0.4,64.0,171.9,59.98,210.3,0.8,0.1,798.7,28.7,0.0,0.1,0,38.845008416418494,23.312,23.312,2025-06-06 06:26:14
158.6,0.6,118.7,142.8,0.4,63.6,178.8,59.98,210.4,0.8,0.1,798.7,28.7,0.0,0.1,0,38.845008416418494,23.25,23.25,2025-06-06 06:26:52
158.7,0.7,122.4,142.9,0.4,65.6,184.2,59.99,210.3,0.9,0.1,798.7,28.8,0.0,0.1,0,38.845008416418494,23.25,23.25,2025-06-06 06:27:16
155.6,0.7,123.0,145.6,0.4,69.6,189.0,59.99,209.9,0.9,0.1,798.7,28.8,0.0,0.1,0,38.845008416418494,23.25,23.25,2025-06-06 06:27:54
155.7,0.7,125.2,147.3,0.4,71.5,193.0,60.03,210.2,0.9,0.1,798.7,28.8,0.0,0.1,0,38.845008416418494,23.312,23.312,2025-06-06 06:28:19
158.7,0.7,130.6,145,0.4,72.5,199.1,60,210.6,0.9,0.1,798.7,28.8,0.0,0.1,0,77.69001683283699,23.312,23.375,2025-06-06 06:28:57
158.6,0.7,132.6,145.8,0.4,75.4,203.9,60.02,210.7,0.9,0.1,798.7,28.8,0.0,0.1,0,77.69001683283699,23.312,23.312,2025-06-06 06:29:21
158.8,0.8,135.9,145.4,0.5,76.4,209.1,60.02,210.7,1.1,0.1,798.7,28.9,0.0,0.1,0,77.69001683283699,23.375,23.375,2025-06-06 06:29:59
156.5,0.8,138.4,145.7,0.5,82.3,216.4,60,210.5,1,0.1,798.7,28.9,0.0,0.1,0,77.69001683283699,23.375,23.375,2025-06-06 06:30:24
155.6,0.8,145.7,142.8,0.5,84.9,226.3,59.96,210.7,1,0.1,798.7,28.9,0.0,0.1,0,77.69001683283699,23.5,23.5,2025-06-06 06:31:01
158.8,0.8,149.3,145.7,0.5,86.9,231.1,59.98,210.7,1,0.1,798.7,28.9,0.0,0.1,0,77.69001683283699,23.562,23.562,2025-06-06 06:31:26
161.6,0.9,153.2,148.7,0.5,88.8,236.6,59.97,211,1.1,0.1,798.7,28.9,0.0,0.1,0,77.69001683283699,23.625,23.687,2025-06-06 06:32:04
158.8,0.9,156.3,148.8,0.5,93.2,244.8,60,211.2,1.1,0.1,798.7,28.9,0.0,0.1,0,77.69001683283699,23.75,23.75,2025-06-06 06:32:29
159.3,1,165.4,142.5,0.6,99.9,260.0,59.98,211.2,1.2,0.2,798.8,29,0.0,0.1,0,77.69001683283699,23.812,23.812,2025-06-06 06:33:06
161.5,1,171.4,141.2,0.7,108.6,274.1,59.97,211.4,1.3,0.2,798.8,29,0.0,0.1,0,77.69001683283699,23.812,23.812,2025-06-06 06:33:31
154.1,1.2,188.0,141.5,0.8,119.5,301.6,59.98,211.4,1.4,0.2,798.8,29.1,0.1,0.1,0,116.53502524925548,23.812,23.812,2025-06-06 06:34:09
154.3,1.2,197.1,148.6,0.8,126.9,317.7,60.01,211.4,1.5,0.2,798.8,29.1,0.1,0.1,0,116.53502524925548,23.875,23.875,2025-06-06 06:34:33
157.2,1.3,210.6,145.4,0.9,139.0,342.5,59.99,211.6,1.6,0.2,798.8,29.1,0.1,0.1,0,116.53502524925548,23.75,23.75,2025-06-06 06:35:11
157.3,1.4,217.8,148.7,0.9,147.0,357.7,59.98,211.5,1.6,0.2,798.8,29.1,0.1,0.1,0,116.53502524925548,23.75,23.75,2025-06-06 06:35:36
160,1.3,222.7,151.4,1,148.3,364.1,59.98,211.2,1.7,0.2,798.8,29.2,0.1,0.1,0,116.53502524925548,23.812,23.812,2025-06-06 06:36:14
157.1,1.3,217.8,149.3,1,150.9,360.9,59.99,211.2,1.7,0.2,798.8,29.3,0.1,0.1,0,116.53502524925548,23.812,23.875,2025-06-06 06:36:38
160.2,1.3,218.2,145.9,1,148.2,359.5,60.02,211.1,1.6,0.2,798.8,29.3,0.1,0.1,0,116.53502524925548,23.875,23.875,2025-06-06 06:37:16
160,1.3,219.0,145.8,0.9,145.5,357.4,60,211.4,1.7,0.2,798.8,29.4,0.1,0.1,0,116.53502524925548,23.937,23.937,2025-06-06 06:37:41
160.7,1.3,216.8,148.5,0.9,142.9,352.7,60.02,211.4,1.6,0.2,798.8,29.5,0.1,0.1,0,116.53502524925548,23.812,23.812,2025-06-06 06:38:19
163,1.3,213.4,148.7,0.9,142.0,348.7,60.01,211.2,1.6,0.2,798.8,29.5,0.1,0.1,0,116.53502524925548,23.75,23.75,2025-06-06 06:38:43
157.6,1.3,213.2,149.2,0.9,137.6,343.9,59.99,211.4,1.5,0.2,798.8,29.6,0.1,0.1,0,116.53502524925548,23.687,23.687,2025-06-06 06:39:21
157.4,1.3,209.8,148.5,0.9,140.1,343.1,60.03,211.2,1.5,0.2,798.8,29.6,0.1,0.1,0,116.53502524925548,23.5,23.5,2025-06-06 06:39:46
162.2,1.2,211.2,145.6,0.9,137.0,341.4,60,211.1,1.5,0.2,798.8,29.7,0.1,0.1,0,116.53502524925548,23.437,23.5,2025-06-06 06:40:24
163.5,1.2,205.2,143,0.9,133.4,332.4,59.99,210.9,1.5,0.2,798.8,29.7,0.1,0.1,0,116.53502524925548,23.437,23.5,2025-06-06 06:40:48
157.2,1.2,203.6,148,0.8,132.7,329.4,60.03,211.1,1.5,0.2,798.8,29.8,0.1,0.1,0,116.53502524925548,23.562,23.562,2025-06-06 06:41:26
160.1,1.2,203.1,148.7,0.8,134.1,330.6,60,211.2,1.5,0.2,798.8,29.8,0.1,0.1,0,116.53502524925548,23.687,23.687,2025-06-06 06:41:51
160.5,1.2,201.5,142.6,0.9,134.8,329.8,60.02,210.9,1.5,0.2,798.8,29.8,0.1,0.1,0,77.69001683283699,23.812,23.812,2025-06-06 06:42:28
157.2,1.2,203.1,145.7,0.9,142.5,338.9,60.03,211,1.6,0.2,798.8,29.8,0.1,0.1,0,116.53502524925548,23.875,23.875,2025-06-06 06:42:53
160.2,1.4,220.4,147.2,1,158.1,370.9,60.04,211.1,1.7,0.2,798.8,29.9,0.1,0.1,0,116.53502524925548,24.062,24.062,2025-06-06 06:43:31
160.3,1.4,231.9,148.5,1.1,163.5,387.2,60.03,211,1.8,0.2,798.8,29.9,0.1,0.1,0,116.53502524925548,24.187,24.187,2025-06-06 06:43:56
157.3,1.6,250.0,145.7,1.2,172.7,413.4,60.01,211.2,1.9,0.2,798.8,29.9,0.1,0.1,0,116.53502524925548,24.312,24.312,2025-06-06 06:44:33
157.6,1.7,266.1,146.2,1.2,178.7,432.8,59.99,211.2,2,0.2,798.8,30,0.1,0.1,0,155.38003366567398,24.312,24.312,2025-06-06 06:44:58
160.2,1.8,288.4,142.8,1.3,196.2,470.0,60,211.3,2.2,0.2,798.8,30,0.1,0.1,0,155.38003366567398,24.375,24.375,2025-06-06 06:45:36
160.2,1.9,306.9,145.7,1.5,222.8,510.8,60.02,211,2.4,0.2,798.8,30.1,0.1,0.1,0,155.38003366567398,24.375,24.375,2025-06-06 06:46:01
159.5,2,317.5,148,1.5,223.5,521.9,60.02,211.2,2.4,0.2,798.8,30.2,0.1,0.1,0,155.38003366567398,24.375,24.375,2025-06-06 06:46:38
161.5,1.9,321.1,147.2,1.4,220.7,522.0,60.01,211.2,2.4,0.2,798.8,30.2,0.1,0.1,0,155.38003366567398,24.375,24.375,2025-06-06 06:47:03
160.8,2,321.8,145.2,1.5,226.8,529.2,59.99,211.4,2.5,0.2,798.8,30.3,0.1,0.1,0,155.38003366567398,24.437,24.437,2025-06-06 06:47:41
164.6,2,324.1,144.3,1.6,241.2,544.1,60.01,211.5,2.5,0.2,798.8,30.4,0.1,0.1,0,194.22504208209244,24.437,24.437,2025-06-06 06:48:06
161.7,2.1,334.0,149.5,1.7,254.8,567.4,59.99,211.5,2.7,0.3,798.9,30.5,0.1,0.1,0,155.38003366567398,24.5,24.5,2025-06-06 06:48:43
161.5,2.1,336.5,148.7,1.6,258.1,573.5,60.01,211.4,2.7,0.3,798.9,30.6,0.1,0.1,0,194.22504208209244,24.562,24.562,2025-06-06 06:49:08
163,2.2,371.1,143.9,2.1,300.3,637.1,60.01,211.5,3.1,0.3,798.9,30.7,0.1,0.1,0,194.22504208209244,24.625,24.625,2025-06-06 06:49:46
155.8,2.7,425.8,144,2.8,393.8,779.7,60.01,211.9,3.7,0.3,798.9,30.7,0.1,0.1,0,233.07005049851097,24.625,24.687,2025-06-06 06:50:10
151.2,3.3,515.7,147.1,3.2,476.6,936.6,60.01,211.2,4.3,0.3,798.9,30.9,0.1,0.1,0,233.07005049851097,24.75,24.75,2025-06-06 06:50:48
154.1,2.7,421.1,152,2.5,388.0,770.6,60.03,211.9,3.6,0.3,798.9,31.1,0.1,0.1,0,233.07005049851097,24.812,24.812,2025-06-06 06:51:13
161.7,3.4,538.0,150.1,3.6,543.1,1023.7,60.05,212.1,4.8,0.3,798.9,31.2,0.1,0.1,0,271.91505891492943,24.875,24.875,2025-06-06 06:51:51
160.6,3,506.7,147.6,2.8,448.2,898.9,60.04,211.8,4,0.3,798.9,31.4,0.1,0.1,0,233.07005049851097,24.875,24.937,2025-06-06 06:52:15
160.2,2.5,395.6,153.2,2.6,386.0,744.8,59.97,211.7,3.5,0.3,798.9,31.5,0.1,0.1,0,194.22504208209244,24.937,24.937,2025-06-06 06:52:53
159.3,2.1,338.1,149,1.8,276.7,584.0,59.99,211.5,2.7,0.3,798.9,31.5,0.1,0.1,0,155.38003366567398,24.812,24.812,2025-06-06 06:53:18
160.2,1.9,312.5,150.3,1.6,227.2,520.9,60.02,211.2,2.4,0.3,798.9,31.6,0.1,0.1,0,155.38003366567398,24.687,24.75,2025-06-06 06:53:56
160.2,1.9,304.8,144.3,1.5,220.9,507.6,60.04,211.3,2.3,0.3,798.9,31.6,0.1,0.1,0,155.38003366567398,24.687,24.75,2025-06-06 06:54:20
157.3,1.9,300.8,147.1,1.5,220.2,501.9,59.99,210.8,2.4,0.3,798.9,31.6,0.1,0.1,0,155.38003366567398,24.5,24.5,2025-06-06 06:54:58
163.2,1.9,294.9,144.3,1.5,215.2,493.9,59.98,210.8,2.3,0.3,798.9,31.6,0.2,0.1,0,155.38003366567398,24.5,24.375,2025-06-06 06:55:23
160.1,1.9,309.0,148.7,1.3,212.2,504.3,59.99,210.7,2.3,0.3,798.9,31.7,0.2,0.1,0,155.38003366567398,24.625,24.625,2025-06-06 06:56:00
160.1,1.9,311.2,150.1,1.4,203.1,498.8,60.02,210.7,2.4,0.3,798.9,31.7,0.2,0.1,0,155.38003366567398,24.625,24.75,2025-06-06 06:56:25
161.5,1.9,320.1,145.5,1.4,214.4,517.2,59.97,210.5,2.3,0.3,798.9,31.7,0.2,0.1,0,155.38003366567398,24.937,24.937,2025-06-06 06:57:03
160.3,2,327.0,144.2,1.5,216.9,524.9,59.99,210.7,2.4,0.3,798.9,31.7,0.2,0.1,0,155.38003366567398,24.937,24.937,2025-06-06 06:57:28
162.4,2.2,331.9,144.3,1.6,240.1,553.2,60.04,210.5,2.7,0.4,799.0,31.8,0.2,0.1,0,155.38003366567398,25.0,25.062,2025-06-06 06:58:05
157.1,2.3,362.1,141.7,1.8,262.7,599.5,60.02,210.7,2.9,0.4,799.0,31.9,0.2,0.2,0,194.22504208209244,25.0,24.937,2025-06-06 06:58:30
158.3,2.3,361.6,145.8,1.8,263.6,602.4,60.02,210.7,2.9,0.4,799.0,32,0.2,0.2,0,194.22504208209244,25.0,25.0,2025-06-06 06:59:08
161.4,2.3,359.0,147.7,1.8,264.4,599.4,60.02,211,2.8,0.4,799.0,32,0.2,0.2,0,194.22504208209244,25.0,25.062,2025-06-06 06:59:33
158.1,2.6,415.2,139.8,2.3,315.4,695.7,60.03,210.9,3.3,0.4,799.0,32.2,0.2,0.2,0,194.22504208209244,25.0,25.062,2025-06-06 07:00:10
161.6,2.7,422.0,144.7,2.3,333.1,721.1,60.02,211.1,3.5,0.4,799.0,32.2,0.2,0.2,0,194.22504208209244,25.0,25.0,2025-06-06 07:00:35
160.1,2.3,367.0,147.3,1.7,257.0,598.8,60,210.7,2.8,0.4,799.0,32.3,0.2,0.2,0,194.22504208209244,25.062,25.062,2025-06-06 07:01:13
158.8,2.2,351.7,145.6,1.6,234.2,564.6,59.99,210.6,2.7,0.4,799.0,32.4,0.2,0.2,0,194.22504208209244,25.062,25.125,2025-06-06 07:01:38
160.4,2.2,346.5,150.2,1.4,211.5,539.9,60,210.5,2.5,0.4,799.0,32.4,0.2,0.2,0,155.38003366567398,25.125,25.187,2025-06-06 07:02:15
160.4,2.2,344.8,145.5,1.4,211.7,539.1,60.02,210.6,2.5,0.4,799.0,32.4,0.2,0.2,0,155.38003366567398,25.187,25.125,2025-06-06 07:02:40
160.2,2.1,341.3,147.2,1.4,205.5,529.3,60.01,210.7,2.4,0.4,799.0,32.5,0.2,0.2,0,155.38003366567398,25.062,25.062,2025-06-06 07:03:18
156.6,2.1,336.5,147.2,1.3,202.4,521.2,60.03,210.6,2.4,0.4,799.0,32.5,0.2,0.2,0,155.38003366567398,25.0,25.0,2025-06-06 07:03:42
163,2.1,317.1,144.2,1.4,201.6,503.5,59.99,210.6,2.4,0.4,799.0,32.5,0.2,0.2,0,155.38003366567398,24.937,24.937,2025-06-06 07:04:20
160.2,2,324.7,147.1,1.3,204.8,513.2,60.04,210.7,2.4,0.4,799.0,32.6,0.2,0.2,0,155.38003366567398,24.937,24.937,2025-06-06 07:04:45
158.9,2.1,328.4,149.1,1.4,197.2,510.4,60.01,210.3,2.4,0.4,799.0,32.6,0.2,0.2,0,155.38003366567398,24.937,25.0,2025-06-06 07:05:23
157.1,2.1,328.4,147.2,1.4,209.7,520.2,60.03,210.2,2.4,0.4,799.0,32.7,0.2,0.2,0,155.38003366567398,25.0,25.0,2025-06-06 07:05:47
158.2,2.1,334.3,144.2,1.5,218.3,533.2,59.96,210.2,2.5,0.4,799.0,32.7,0.2,0.2,0,155.38003366567398,24.937,25.0,2025-06-06 07:06:25
160.7,2.1,341.0,147.5,1.5,226.5,550.7,59.98,210.1,2.6,0.4,799.0,32.7,0.2,0.2,0,155.38003366567398,25.0,25.0,2025-06-06 07:06:50
159.4,2.2,348.9,147.3,1.6,239.5,567.5,60,210.1,2.7,0.4,799.0,32.8,0.2,0.2,0,155.38003366567398,25.062,25.062,2025-06-06 07:07:27
160.2,2.1,351.7,147.3,1.7,248.1,577.0,60,210.5,2.6,0.4,799.0,32.9,0.2,0.2,0,194.22504208209244,25.062,25.062,2025-06-06 07:07:52
160.2,2.2,355.7,146.4,1.8,256.9,591.8,59.97,210,2.8,0.5,799.1,32.9,0.2,0.2,0,194.22504208209244,24.937,25.0,2025-06-06 07:08:30
157.1,2.3,363.7,148.3,1.7,271.9,609.6,60,210,2.8,0.5,799.1,33,0.2,0.2,0,194.22504208209244,25.0,25.0,2025-06-06 07:08:55
160.3,2.4,382.1,147.4,1.9,289.4,642.1,60.02,210.4,3.1,0.5,799.1,33.1,0.2,0.2,0,194.22504208209244,25.0,25.0,2025-06-06 07:09:32
161,2.4,401.1,149.3,2.1,298.0,669.9,59.97,210.3,3.1,0.5,799.1,33.1,0.2,0.2,0,194.22504208209244,25.062,25.062,2025-06-06 07:09:57
160.3,2.7,435.7,147.1,2.3,341.4,741.0,60.02,209.9,3.5,0.5,799.1,33.2,0.2,0.2,0,233.07005049851097,25.125,25.187,2025-06-06 07:10:35
162.5,3,456.1,147.8,2.6,381.2,797.4,60.04,209.9,3.9,0.5,799.1,33.2,0.2,0.2,0,233.07005049851097,25.187,25.187,2025-06-06 07:11:00
156,4.2,618.9,149.3,4.5,615.1,1164.5,59.97,210.2,5.9,0.5,799.1,33.4,0.2,0.2,0,349.6050757477664,25.125,25.125,2025-06-06 07:11:37
160.5,4.2,679.4,150.2,4,599.9,1209.5,60.04,210.2,5.7,0.5,799.1,33.6,0.3,0.2,0,349.6050757477664,24.937,24.875,2025-06-06 07:12:02
158.8,5.3,831.2,150.1,5.2,772.7,1517.9,59.99,211.6,7.1,0.5,799.1,33.9,0.3,0.2,0,427.2950925806034,24.875,24.937,2025-06-06 07:12:40
161.7,5.2,828.2,147.4,5.5,797.7,1531.5,59.99,211.6,7.4,0.5,799.1,34.1,0.3,0.2,0,427.2950925806034,24.875,24.875,2025-06-06 07:13:05
160.7,5,787.8,149,5.3,797.4,1497.4,60.01,211.7,7.1,0.5,799.1,34.4,0.3,0.2,0,427.2950925806034,24.875,24.875,2025-06-06 07:13:42
155.6,5.1,789.3,147.2,5.4,793.7,1491.9,60.03,211.7,7.1,0.5,799.1,34.6,0.3,0.2,0,427.2950925806034,25.187,25.187,2025-06-06 07:14:07
155.3,3.5,549.3,149.7,2.9,432.2,934.6,59.99,210.8,4.3,0.6,799.2,34.9,0.3,0.2,0,271.91505891492943,25.312,25.25,2025-06-06 07:14:45
157.3,3.4,555.6,147.2,3.1,465.5,967.5,60.04,210.9,4.4,0.6,799.2,34.9,0.3,0.2,0,271.91505891492943,25.0,25.0,2025-06-06 07:15:10
160.1,3,468.9,144,2.5,358.6,787.1,60.02,211.2,3.7,0.6,799.2,34.8,0.3,0.3,0,233.07005049851097,25.062,25.062,2025-06-06 07:15:47
153.8,2.9,457.3,145,2.3,346.8,762.1,60.02,210.9,3.6,0.6,799.2,34.8,0.3,0.3,0,233.07005049851097,25.0,25.0,2025-06-06 07:16:12
157.3,2.7,431.9,141.4,2.3,330.2,730.2,59.99,210.9,3.5,0.6,799.2,34.8,0.3,0.3,0,233.07005049851097,25.062,25.062,2025-06-06 07:16:50
157.2,2.8,433.1,144.8,2.3,342.1,739.8,60.01,210.6,3.5,0.6,799.2,34.8,0.3,0.3,0,233.07005049851097,25.062,25.187,2025-06-06 07:17:14
151.4,2.9,446.8,144.3,2.4,358.3,766.9,60.02,210.8,3.6,0.6,799.2,34.8,0.3,0.3,0,233.07005049851097,25.375,25.437,2025-06-06 07:17:52
158.2,2.6,400.7,141.9,2.1,303.5,673.5,59.97,210.6,3.2,0.6,799.2,34.8,0.3,0.3,0,194.22504208209244,25.437,25.437,2025-06-06 07:18:17
154.4,3.3,494.8,139.1,3.5,453.4,899.6,60.01,211.2,4.4,0.6,799.2,34.8,0.3,0.3,0,271.91505891492943,25.312,25.312,2025-06-06 07:18:55
158.6,2.8,448.2,143.9,2.6,392.4,800.4,60.01,211.1,3.7,0.6,799.2,35,0.3,0.3,0,233.07005049851097,25.312,25.375,2025-06-06 07:19:19
155.8,2.9,446.8,142.8,2.7,398.1,803.3,59.99,211.1,3.7,0.6,799.2,35,0.3,0.3,0,233.07005049851097,25.5,25.5,2025-06-06 07:19:57
158.5,2.5,394.6,147,2.2,323.3,682.8,60.02,210.8,3.2,0.6,799.2,35.1,0.3,0.3,0,194.22504208209244,25.5,25.5,2025-06-06 07:20:22
155.6,2.2,340.7,146.6,1.6,246.6,565.8,60.04,210.6,2.6,0.6,799.2,35,0.3,0.3,0,155.38003366567398,25.437,25.5,2025-06-06 07:20:59
155.7,2.1,329.5,141.3,1.7,240.1,548.5,60.02,210.8,2.6,0.6,799.2,35,0.3,0.3,0,155.38003366567398,25.5,25.5,2025-06-06 07:21:24
155.3,2.2,343.6,142.7,1.8,262.3,581.8,59.96,210.9,2.7,0.7,799.3,35,0.3,0.3,0,155.38003366567398,25.5,25.562,2025-06-06 07:22:02
158.4,2,319.3,145.6,1.6,239.5,537.8,59.97,210.9,2.5,0.7,799.3,35.1,0.3,0.3,0,155.38003366567398,25.562,25.562,2025-06-06 07:22:27
155.6,2,315.0,148.5,1.6,223.1,520.1,59.97,210.6,2.5,0.7,799.3,35.1,0.3,0.3,0,155.38003366567398,25.5,25.5,2025-06-06 07:23:04
155.8,2.1,331.7,144.1,1.7,254.0,564.0,59.98,210.6,2.6,0.7,799.3,35.1,0.3,0.3,0,155.38003366567398,25.5,25.5,2025-06-06 07:23:29
158.7,1.9,307.9,144.1,1.4,228.3,518.3,60.01,210.3,2.4,0.7,799.3,35.1,0.4,0.3,0,155.38003366567398,25.5,25.5,2025-06-06 07:24:07
155.7,1.9,297.3,144.2,1.5,222.2,502.1,59.97,210,2.3,0.7,799.3,35.1,0.4,0.3,0,155.38003366567398,25.562,25.562,2025-06-06 07:24:32
157.2,2.3,349.9,142.9,2,287.4,611.4,59.99,210.4,2.9,0.7,799.3,35,0.4,0.3,0,194.22504208209244,25.562,25.562,2025-06-06 07:25:09
159.8,2.9,451.6,144.1,2.7,388.5,802.7,59.98,210.7,3.9,0.7,799.3,35.1,0.4,0.3,0,233.07005049851097,25.625,25.625,2025-06-06 07:25:34
155.6,1.9,314.5,146.3,1.4,198.9,495.8,59.97,210.3,2.3,0.7,799.3,35.1,0.4,0.3,0,155.38003366567398,25.687,25.75,2025-06-06 07:26:12
155.9,1.9,308.6,145.7,1.2,180.1,474.8,60.02,210.1,2.2,0.7,799.3,35.1,0.4,0.3,0,155.38003366567398,25.687,25.687,2025-06-06 07:26:37
158.1,2.1,331.3,145.2,1.2,183.0,498.9,59.99,210.2,2.3,0.7,799.3,35,0.4,0.3,0,194.22504208209244,25.812,25.812,2025-06-06 07:27:14
152.9,2.2,337.5,143,1.2,184.8,505.8,60.01,210.1,2.4,0.7,799.3,35,0.4,0.3,0,194.22504208209244,25.875,25.875,2025-06-06 07:27:39
158.7,2.2,354.0,145.2,1.3,192.4,529.0,60.01,210,2.5,0.7,799.3,34.9,0.4,0.3,0,194.22504208209244,26.0,25.937,2025-06-06 07:28:17
158.7,2,352.9,145.7,1.3,194.2,522.9,59.96,209.9,2.4,0.7,799.3,34.8,0.4,0.3,0,194.22504208209244,26.0,26.0,2025-06-06 07:28:42
158.9,2.2,345.5,144.9,1.3,194.3,522.3,60,210.2,2.5,0.7,799.3,34.8,0.4,0.3,0,194.22504208209244,26.062,26.062,2025-06-06 07:29:19
155.9,2.2,342.4,148.4,1.3,199.8,524.7,60.05,210,2.5,0.7,799.3,34.8,0.4,0.3,0,194.22504208209244,26.125,26.187,2025-06-06 07:29:44
157.4,2.2,349.7,147.1,1.5,214.8,546.5,60.01,210.1,2.5,0.7,799.3,34.7,0.4,0.3,0,194.22504208209244,26.187,26.125,2025-06-06 07:30:22
158.7,2.3,363.1,145.7,1.5,227.7,570.7,59.99,210.1,2.7,0.7,799.3,34.7,0.4,0.3,0,194.22504208209244,26.125,26.187,2025-06-06 07:30:46
158.7,2.6,408.5,142.8,1.9,271.8,650.5,60.02,210.4,3.1,0.7,799.3,34.6,0.4,0.3,0,233.07005049851097,26.187,26.187,2025-06-06 07:31:24
157.1,2.7,423.1,147.1,1.9,283.2,676.5,60,210.2,3.2,0.7,799.3,34.6,0.4,0.3,0,233.07005049851097,26.25,26.25,2025-06-06 07:31:49
157.3,2.6,411.4,147.2,1.8,268.3,652.6,59.99,209.8,3,0.8,799.4,34.6,0.4,0.3,0,233.07005049851097,26.312,26.312,2025-06-06 07:32:27
157.2,2.4,379.6,146.4,1.6,246.0,601.3,59.99,209.4,2.9,0.8,799.4,34.7,0.4,0.3,0,194.22504208209244,26.312,26.375,2025-06-06 07:32:51
154.3,2.2,340.3,147.2,1.5,217.4,539.2,59.99,209.8,2.6,0.8,799.4,34.7,0.4,0.3,0,194.22504208209244,26.375,26.437,2025-06-06 07:33:29
158.9,2,323.5,144.2,1.4,208.0,515.4,59.98,210.2,2.5,0.8,799.4,34.7,0.4,0.3,0,194.22504208209244,26.437,26.437,2025-06-06 07:33:54
157.3,2,321.1,144.2,1.3,191.7,497.9,60.02,209.4,2.3,0.8,799.4,34.7,0.4,0.3,0,155.38003366567398,26.375,26.437,2025-06-06 07:34:31
157.2,2,319.5,147.2,1.3,186.6,492.5,60.03,209.7,2.3,0.8,799.4,34.6,0.4,0.3,0,194.22504208209244,26.375,26.375,2025-06-06 07:34:56
159,2,326.2,145.3,1.2,186.2,499.6,60,210.2,2.3,0.8,799.4,34.6,0.4,0.3,0,194.22504208209244,26.312,26.312,2025-06-06 07:35:34
157.2,2.1,334.2,144.4,1.3,188.2,507.7,59.99,210.2,2.3,0.8,799.4,34.6,0.4,0.3,0,194.22504208209244,26.375,26.375,2025-06-06 07:35:59
158.4,2.3,358.2,146.3,1.5,218.9,558.3,60.01,210.6,2.7,0.8,799.4,34.6,0.4,0.3,0,194.22504208209244,26.375,26.375,2025-06-06 07:36:36
155.8,2.5,385.4,147.2,1.7,245.3,606.4,60.02,210.5,2.9,0.8,799.4,34.6,0.4,0.3,0,194.22504208209244,26.375,26.375,2025-06-06 07:37:01
157.4,2.6,404.2,144,1.8,258.1,635.8,59.99,210.1,3,0.8,799.4,34.6,0.4,0.3,0,233.07005049851097,26.375,26.375,2025-06-06 07:37:39
157.2,2.9,441.1,145.6,2,292.1,707.7,60.02,210.1,3.4,0.8,799.4,34.6,0.4,0.3,0,233.07005049851097,26.312,26.312,2025-06-06 07:38:04
158.5,2.6,422.7,147.2,1.9,281.5,674.5,59.99,209.8,3.2,0.8,799.4,34.6,0.4,0.4,0,233.07005049851097,26.375,26.375,2025-06-06 07:38:41
157.3,2.9,456.5,143.9,2.2,314.3,736.3,59.99,210,3.6,0.8,799.4,34.6,0.4,0.4,0,271.91505891492943,26.437,26.437,2025-06-06 07:39:06
159.8,4.6,723.2,143.4,4,574.4,1231.2,60.03,210.8,5.8,0.8,799.4,34.7,0.4,0.4,0,388.4500841641849,26.5,26.5,2025-06-06 07:39:44
160.2,5,791.2,143.7,4.4,622.5,1334.8,59.96,211.1,6.4,0.8,799.4,34.9,0.5,0.4,0,427.2950925806034,26.5,26.5,2025-06-06 07:40:09
160.3,3.1,494.0,145.7,2.7,401.3,853.8,60.03,210.4,4.1,0.8,799.4,35.1,0.5,0.4,0,310.76006733134795,26.562,26.562,2025-06-06 07:40:46
158.5,2.5,393.1,146.8,1.9,278.7,645.7,60.05,209.8,3.1,0.9,799.5,35.1,0.5,0.4,0,233.07005049851097,26.562,26.562,2025-06-06 07:41:11
157.2,2.2,352.9,145.9,1.5,230.2,562.8,60.02,210.3,2.6,0.9,799.5,35,0.5,0.4,0,194.22504208209244,26.562,26.562,2025-06-06 07:41:49
157.3,2.2,343.7,147.1,1.5,228.3,555.6,59.97,210.3,2.6,0.9,799.5,34.9,0.5,0.4,0,194.22504208209244,26.5,26.5,2025-06-06 07:42:14
160.1,2.1,348.1,142.8,1.6,240.7,566.5,60.03,210.4,2.6,0.9,799.5,34.8,0.5,0.4,0,194.22504208209244,26.5,26.5,2025-06-06 07:42:51
154.2,2.2,346.4,149.1,1.6,241.1,567.3,60,210.1,2.7,0.9,799.5,34.7,0.5,0.4,0,194.22504208209244,26.437,26.437,2025-06-06 07:43:16
157.1,1.8,312.3,145.8,1.4,202.3,497.2,60.01,209.9,2.3,0.9,799.5,34.7,0.5,0.4,0,155.38003366567398,26.375,26.375,2025-06-06 07:43:54
157.2,1.9,299.9,145.7,1.3,189.5,477.1,60.05,209.9,2.2,0.9,799.5,34.6,0.5,0.4,0,155.38003366567398,26.375,26.375,2025-06-06 07:44:19
158.5,1.8,300.2,146.9,1.2,186.7,475.4,60.03,210.1,2.1,0.9,799.5,34.5,0.5,0.4,0,155.38003366567398,26.125,26.125,2025-06-06 07:44:56
157.2,1.9,303.3,145.6,1.2,182.6,473.8,60,210,2.2,0.9,799.5,34.4,0.5,0.4,0,155.38003366567398,26.0,26.062,2025-06-06 07:45:21
159.1,1.9,284.4,147.7,1.2,167.7,443.4,59.99,210.2,2.2,0.9,799.5,34.4,0.5,0.4,0,155.38003366567398,26.062,26.125,2025-06-06 07:45:58
154.4,1.8,288.6,145.4,1.1,172.2,451.3,60.02,210.1,2.2,0.9,799.5,34.4,0.5,0.4,0,155.38003366567398,26.125,26.062,2025-06-06 07:46:23
157.2,2,308.7,144.6,1.4,195.1,488.7,59.97,210,2.3,0.9,799.5,34.4,0.5,0.4,0,155.38003366567398,26.187,26.187,2025-06-06 07:47:01
155.2,1.8,277.8,144.7,1.1,165.6,434.3,59.99,209.7,2,0.9,799.5,34.4,0.5,0.4,0,155.38003366567398,26.187,26.187,2025-06-06 07:47:26
159.9,1.7,265.1,148,1.1,164.6,431.0,60,209.2,2,0.9,799.5,34.3,0.5,0.4,0,155.38003366567398,26.25,26.25,2025-06-06 07:48:03
156,1.8,276.2,144,1.2,172.3,438.1,59.96,209.4,2.1,0.9,799.5,34.3,0.5,0.4,0,155.38003366567398,26.312,26.312,2025-06-06 07:48:28
157.3,1.8,282.3,146,1.2,180.6,452.7,60.04,209.7,2.1,0.9,799.5,34.3,0.5,0.4,0,155.38003366567398,26.375,26.375,2025-06-06 07:49:06
157.2,1.8,284.5,145.5,1.2,186.6,458.9,60.02,209.9,2.1,0.9,799.5,34.3,0.5,0.4,0,155.38003366567398,26.312,26.312,2025-06-06 07:49:31
153.9,1.6,252.0,142.7,1,154.4,397.4,59.99,209.5,1.9,0.9,799.5,34.3,0.5,0.4,0,116.53502524925548,26.312,26.312,2025-06-06 07:50:08
158.3,1.4,239.7,144.1,0.9,140.2,365.6,60.01,209.7,1.7,0.9,799.5,34.3,0.5,0.4,0,116.53502524925548,26.125,26.125,2025-06-06 07:50:33
157.2,1.5,233.7,145.7,0.9,137.6,363.6,60.02,209.8,1.7,0.9,799.5,34.2,0.5,0.4,0,116.53502524925548,25.937,25.937,2025-06-06 07:51:11
157.2,1.5,240.5,145.8,0.9,137.4,370.3,59.99,209.9,1.7,0.9,799.5,34.2,0.5,0.4,0,116.53502524925548,25.937,25.875,2025-06-06 07:51:36
157.3,1.5,248.1,142.9,0.9,138.8,378.8,60.01,210.1,1.7,0.9,799.5,34.2,0.5,0.4,0,116.53502524925548,25.875,25.875,2025-06-06 07:52:13
157.2,1.6,259.1,145.6,1,146.3,397.5,60.02,210.1,1.9,0.9,799.5,34.2,0.5,0.4,0,116.53502524925548,25.875,25.875,2025-06-06 07:52:38
157.2,1.7,277.1,148.7,1,157.8,427.2,60.04,210.3,2,0.9,799.5,34.3,0.5,0.4,0,155.38003366567398,25.875,25.875,2025-06-06 07:53:16
157.3,1.9,293.8,147,1.1,171.3,455.6,60.02,210,2.1,0.9,799.5,34.3,0.5,0.4,0,155.38003366567398,25.937,25.937,2025-06-06 07:53:41
157.3,2.1,330.4,147.2,1.3,200.0,515.2,59.99,209.8,2.4,1.0,799.6,34.4,0.5,0.4,0,194.22504208209244,26.062,26.125,2025-06-06 07:54:18
157.3,2.3,357.8,147.2,1.5,222.0,560.8,60.04,210,2.6,1.0,799.6,34.4,0.5,0.4,0,194.22504208209244,26.25,26.25,2025-06-06 07:54:43
158,2.4,392.5,145.1,1.7,249.2,616.2,59.98,210.1,3,1.0,799.6,34.4,0.5,0.4,0,233.07005049851097,26.312,26.375,2025-06-06 07:55:21
160.3,2.5,404.6,148.6,1.8,262.3,641.8,60,210.3,3,1.0,799.6,34.4,0.5,0.4,0,233.07005049851097,26.5,26.5,2025-06-06 07:55:46
160.5,2.4,415.4,147.3,1.9,280.6,667.7,60,210.3,3,1.0,799.6,34.5,0.5,0.4,0,233.07005049851097,26.625,26.625,2025-06-06 07:56:23
162.2,2.6,390.7,147.2,1.9,279.5,643.5,59.98,210.4,3.1,1.0,799.6,34.6,0.5,0.4,0,233.07005049851097,26.687,26.687,2025-06-06 07:56:48
157,2.4,370.8,144.4,1.6,238.8,584.1,59.98,210.1,2.7,1.0,799.6,34.6,0.5,0.4,0,194.22504208209244,26.75,26.75,2025-06-06 07:57:26
158.3,2.2,360.4,149.3,1.5,225.3,566.4,60,210.1,2.7,1.0,799.6,34.6,0.6,0.4,0,194.22504208209244,26.75,26.75,2025-06-06 07:57:51
157.6,2.2,346.9,147,1.5,213.9,542.3,60.02,210,2.6,1.0,799.6,34.7,0.6,0.4,0,194.22504208209244,26.75,26.75,2025-06-06 07:58:28
160.5,2.2,344.8,145.4,1.4,210.3,537.0,59.98,210,2.5,1.0,799.6,34.7,0.6,0.4,0,194.22504208209244,26.75,26.75,2025-06-06 07:58:53
157.3,2.3,369.0,147.2,1.5,224.6,573.0,60.01,210.1,2.7,1.0,799.6,34.8,0.6,0.4,0,194.22504208209244,26.812,26.812,2025-06-06 07:59:30
157.9,2.3,372.1,147.1,1.5,220.9,570.5,60.04,210.2,2.7,1.0,799.6,34.8,0.6,0.4,0,194.22504208209244,26.812,26.812,2025-06-06 07:59:55
157.1,2.3,354.7,144.4,1.4,203.6,540.1,59.97,210.1,2.5,1.0,799.6,34.8,0.6,0.4,0,194.22504208209244,26.625,26.625,2025-06-06 08:00:33
160.3,2.2,356.9,147.5,1.4,208.6,547.5,59.98,210.3,2.6,1.0,799.6,34.8,0.6,0.4,0,194.22504208209244,26.562,26.562,2025-06-06 08:00:58
160.2,2.3,364.8,147.2,1.5,222.1,569.5,60.01,210.5,2.6,1.0,799.6,34.9,0.6,0.4,0,194.22504208209244,26.625,26.625,2025-06-06 08:01:35
157.1,2.3,369.0,150.2,1.4,221.8,572.5,60.02,210.3,2.7,1.0,799.6,34.9,0.6,0.4,0,233.07005049851097,26.75,26.75,2025-06-06 08:02:00
157.2,2.3,365.3,144.7,1.4,213.4,559.0,60.02,210.5,2.6,1.0,799.6,35,0.6,0.4,0,194.22504208209244,26.875,26.875,2025-06-06 08:02:38
153.9,2.4,370.0,147.6,1.5,221.9,571.2,60.02,210.3,2.8,1.0,799.6,35,0.6,0.4,0,194.22504208209244,26.937,26.937,2025-06-06 08:03:03
157.1,2.5,393.1,144.5,1.6,238.1,608.0,60,210.3,2.9,1.0,799.6,35,0.6,0.4,0,233.07005049851097,27.0,27.0,2025-06-06 08:03:40
158.7,2.5,404.2,147.2,1.6,246.2,627.3,60,210.3,2.9,1.0,799.6,35,0.6,0.4,0,233.07005049851097,27.062,27.062,2025-06-06 08:04:05
157.5,2.4,386.0,146.9,1.5,223.2,588.4,59.97,210.3,2.7,1.1,799.7,35,0.6,0.4,0,233.07005049851097,27.187,27.187,2025-06-06 08:04:43
155,2.4,372.9,148.1,1.4,212.2,565.0,59.96,210.5,2.7,1.1,799.7,35,0.6,0.4,0,233.07005049851097,27.25,27.25,2025-06-06 08:05:08
157.1,2.4,372.1,147.4,1.4,209.6,562.9,59.97,210.2,2.6,1.1,799.7,35.1,0.6,0.5,0,233.07005049851097,27.312,27.312,2025-06-06 08:05:45
157.7,2.4,381.9,147.3,1.5,222.5,582.1,60.02,210.3,2.7,1.1,799.7,35.1,0.6,0.5,0,233.07005049851097,27.375,27.375,2025-06-06 08:06:10
152.8,3.1,469.5,149.1,2.1,310.1,744.5,60.03,210.5,3.6,1.1,799.7,35.1,0.6,0.5,0,271.91505891492943,27.437,27.437,2025-06-06 08:06:48
158.9,2.9,468.2,148.6,2,301.2,737.3,60.02,210.4,3.5,1.1,799.7,35.1,0.6,0.5,0,271.91505891492943,27.5,27.5,2025-06-06 08:07:13
157.1,3.2,496.5,151,2.1,328.6,790.2,60.04,210.5,3.7,1.1,799.7,35.2,0.6,0.5,0,271.91505891492943,27.625,27.625,2025-06-06 08:07:50
157.7,3.1,496.4,148.2,2.2,328.5,789.0,60.02,210.3,3.7,1.1,799.7,35.3,0.6,0.5,0,310.76006733134795,27.687,27.687,2025-06-06 08:08:15
157.3,3.2,504.3,148.4,2.2,320.9,790.6,60.02,210.4,3.8,1.1,799.7,35.3,0.6,0.5,0,310.76006733134795,27.75,27.75,2025-06-06 08:08:53
159.9,3.2,496.4,146.1,2.1,313.8,778.2,60.01,210.4,3.7,1.1,799.7,35.4,0.6,0.5,0,271.91505891492943,27.812,27.812,2025-06-06 08:09:17
157.8,3.2,494.4,148.6,2.1,311.6,773.0,59.97,210.5,3.7,1.1,799.7,35.4,0.6,0.5,0,310.76006733134795,27.937,27.937,2025-06-06 08:09:55
157.2,3.2,510.3,148.6,2.2,323.7,798.6,59.98,210.3,3.8,1.1,799.7,35.5,0.6,0.5,0,310.76006733134795,28.062,28.062,2025-06-06 08:10:20
160.3,3.5,556.3,146.4,2.4,360.2,874.2,60.02,210.2,4.2,1.1,799.7,35.6,0.6,0.5,0,349.6050757477664,28.062,28.062,2025-06-06 08:10:57
155.9,4,618.2,142.9,2.8,397.5,964.5,60,210.4,4.6,1.1,799.7,35.7,0.6,0.5,0,388.4500841641849,28.125,28.125,2025-06-06 08:11:22
159.1,3.9,617.6,138.2,2.6,363.2,933.4,59.98,211,4.4,1.1,799.7,35.8,0.7,0.5,0,349.6050757477664,28.375,28.375,2025-06-06 08:12:00
157.3,4.1,638.4,150,2.6,392.6,980.9,59.98,211,4.6,1.2,799.8,35.9,0.7,0.5,0,388.4500841641849,28.375,28.375,2025-06-06 08:12:25
161.3,3.9,618.2,147,2.4,381.6,947.8,60.02,211.1,4.4,1.2,799.8,36,0.7,0.5,0,388.4500841641849,28.437,28.5,2025-06-06 08:13:02
158.7,3.6,566.0,147.3,2.2,322.2,849.6,60,210.6,3.9,1.2,799.8,36,0.7,0.5,0,349.6050757477664,28.562,28.562,2025-06-06 08:13:27
155.6,3.2,517.7,150.1,2,293.1,776.7,59.98,210.3,3.7,1.2,799.8,36,0.7,0.5,0,310.76006733134795,28.625,28.687,2025-06-06 08:14:05
158.6,3.1,493.7,144.3,1.9,278.3,738.0,60,210.4,3.5,1.2,799.8,36,0.7,0.5,0,310.76006733134795,28.75,28.75,2025-06-06 08:14:30
158.7,3,463.7,150.1,1.8,268.7,701.0,60.03,210.3,3.3,1.2,799.8,36,0.7,0.5,0,271.91505891492943,28.937,28.937,2025-06-06 08:15:07
158.7,2.9,453.0,144.1,1.8,260.9,685.1,60,210.3,3.3,1.2,799.8,35.9,0.7,0.5,0,271.91505891492943,28.937,28.937,2025-06-06 08:15:32
155.6,2.9,452.0,149.3,1.7,260.7,684.6,60.02,210.3,3.2,1.2,799.8,35.9,0.7,0.5,0,271.91505891492943,28.937,28.937,2025-06-06 08:16:10
155.6,2.8,454.8,150.1,1.7,257.6,684.6,59.98,210.4,3.2,1.2,799.8,35.9,0.7,0.5,0,271.91505891492943,28.937,28.937,2025-06-06 08:16:35
158.7,2.9,457.5,148,1.7,256.9,687.3,60.03,210.4,3.2,1.2,799.8,35.9,0.7,0.5,0,271.91505891492943,28.812,28.875,2025-06-06 08:17:12
158.7,3,460.0,144.3,1.7,256.4,687.2,59.96,210.5,3.3,1.2,799.8,35.8,0.7,0.5,0,271.91505891492943,28.875,28.875,2025-06-06 08:17:37
160,2.8,469.4,147.2,1.8,267.3,708.1,59.99,210.4,3.3,1.2,799.8,35.8,0.7,0.5,0,310.76006733134795,28.875,28.875,2025-06-06 08:18:15
155.8,3.1,484.7,147.1,1.8,275.2,728.9,59.97,210.2,3.5,1.2,799.8,35.8,0.7,0.5,0,310.76006733134795,28.937,28.937,2025-06-06 08:18:39
157.9,3.2,511.2,148.7,1.9,288.2,765.2,60.04,210.1,3.6,1.2,799.8,35.8,0.7,0.5,0,310.76006733134795,29.062,29.062,2025-06-06 08:19:17
157.5,3.3,519.8,147.8,2,290.1,775.5,60.02,210.4,3.7,1.2,799.8,35.9,0.7,0.5,0,310.76006733134795,29.062,29.062,2025-06-06 08:19:42
158.7,3.3,521.9,147.4,2,296.0,782.9,60,210.3,3.7,1.3,799.9,35.9,0.7,0.5,0,310.76006733134795,29.062,29.125,2025-06-06 08:20:19
156.4,3.3,518.0,144.9,2,297.2,780.2,60.01,210.3,3.7,1.3,799.9,35.9,0.7,0.5,0,310.76006733134795,29.187,29.187,2025-06-06 08:20:44
155.7,3.3,519.5,147.2,2.1,306.3,788.7,60.03,210.2,3.7,1.3,799.9,36,0.7,0.5,0,310.76006733134795,29.25,29.25,2025-06-06 08:21:22
155.7,3.4,527.6,147.2,2.1,315.4,805.5,60.02,210.1,3.9,1.3,799.9,36,0.7,0.5,0,310.76006733134795,29.187,29.25,2025-06-06 08:21:47
158.7,3.6,555.8,150.1,2.2,332.1,849.0,60.02,210.1,4,1.3,799.9,36.1,0.7,0.5,0,349.6050757477664,29.187,29.187,2025-06-06 08:22:24
156.7,3.5,539.6,147.2,2.2,322.1,823.9,60.03,210.3,3.9,1.3,799.9,36.1,0.7,0.5,0,310.76006733134795,29.0,29.0,2025-06-06 08:22:49
158.9,3.3,521.3,147.1,2.1,308.4,794.8,60,210.5,3.7,1.3,799.9,36.2,0.8,0.5,0,310.76006733134795,29.062,29.062,2025-06-06 08:23:27
157.5,3.2,504.6,147.1,1.9,287.8,757.4,60.04,210.5,3.6,1.3,799.9,36.2,0.8,0.5,0,310.76006733134795,29.062,29.062,2025-06-06 08:23:52
155.8,3,471.7,144.2,1.8,262.1,701.8,59.99,210.2,3.3,1.3,799.9,36.1,0.8,0.5,0,271.91505891492943,29.125,29.125,2025-06-06 08:24:29
155.7,2.9,454.7,150.1,1.6,253.0,679.7,59.99,210.3,3.2,1.3,799.9,36.1,0.8,0.5,0,271.91505891492943,29.062,29.062,2025-06-06 08:24:54
155.6,2.7,435.6,146.2,1.6,243.1,650.8,60.03,211.1,3.1,1.3,799.9,36.1,0.8,0.6,0,271.91505891492943,29.0,29.0,2025-06-06 08:25:32
155.7,2.8,428.6,147.2,1.6,242.5,644.7,60,211.6,3,1.3,799.9,36.1,0.8,0.6,0,271.91505891492943,29.0,29.062,2025-06-06 08:25:57
157.3,2.8,425.5,150,1.6,238.1,641.1,59.96,211.7,3,1.3,799.9,36.1,0.8,0.6,0,271.91505891492943,29.062,29.125,2025-06-06 08:26:34
152.7,2.8,424.7,150.1,1.6,238.9,639.9,59.99,211.7,3,1.3,799.9,36,0.8,0.6,0,271.91505891492943,29.187,29.187,2025-06-06 08:26:59
157.5,2.8,430.9,147.2,1.6,241.4,648.4,60.01,211.7,3,1.3,799.9,36.1,0.8,0.6,0,271.91505891492943,29.187,29.25,2025-06-06 08:27:37
152.6,2.8,426.6,150.1,1.6,237.8,640.5,59.98,211.7,3,1.3,799.9,36.1,0.8,0.6,0,271.91505891492943,29.187,29.187,2025-06-06 08:28:01
157.7,2.7,417.2,147.3,1.6,234.1,627.8,59.96,211.5,3,1.4,800.0,36.1,0.8,0.6,0,271.91505891492943,29.187,29.25,2025-06-06 08:28:39
152.7,2.6,406.1,150.1,1.5,232.2,615.6,59.98,211.6,2.9,1.4,800.0,36.1,0.8,0.6,0,233.07005049851097,29.25,29.312,2025-06-06 08:29:04
155.7,2.6,401.5,148.7,1.5,230.1,609.5,59.99,211.9,2.9,1.4,800.0,36.1,0.8,0.6,0,233.07005049851097,29.312,29.312,2025-06-06 08:29:42
154.5,2.6,393.0,150.1,1.5,228.6,600.3,60.01,211.5,2.8,1.4,800.0,36.1,0.8,0.6,0,233.07005049851097,29.25,29.25,2025-06-06 08:30:06
158.7,2.5,392.8,153.2,1.4,226.9,599.5,59.98,211.6,2.8,1.4,800.0,36.1,0.8,0.6,0,233.07005049851097,29.062,29.062,2025-06-06 08:30:44
157.6,2.6,401.0,146.3,1.6,237.8,615.9,60,211.1,2.9,1.4,800.0,36.1,0.8,0.6,0,233.07005049851097,28.937,28.937,2025-06-06 08:31:09
155.6,2.9,446.3,148.9,1.8,270.7,688.7,60,211.2,3.3,1.4,800.0,36.1,0.8,0.6,0,271.91505891492943,28.937,29.0,2025-06-06 08:31:46
152.1,3.6,571.7,148,2.4,355.2,882.9,60,211.5,4.1,1.4,800.0,36.1,0.8,0.6,0,349.6050757477664,29.0,29.0,2025-06-06 08:32:11
158.8,2.8,444.1,147,1.7,252.5,669.8,59.98,211.5,3.1,1.4,800.0,36.1,0.8,0.6,0,271.91505891492943,29.062,29.062,2025-06-06 08:32:49
157.9,2.8,432.1,145.2,1.6,246.4,651.2,60,211.5,3,1.4,800.0,36.1,0.8,0.6,0,271.91505891492943,29.125,29.125,2025-06-06 08:33:14
158.7,2.7,414.3,150.1,1.5,234.2,625.7,60.03,211.5,2.9,1.4,800.0,36.1,0.8,0.6,0,233.07005049851097,29.187,29.25,2025-06-06 08:33:51
155.8,2.6,405.1,147.2,1.5,229.1,612.6,60.01,211,2.9,1.4,800.0,36.1,0.8,0.6,0,271.91505891492943,28.812,28.812,2025-06-06 08:34:16
155.1,2.6,401.1,144.7,1.5,220.8,600.2,59.99,211.2,2.8,1.4,800.0,36.1,0.8,0.6,0,233.07005049851097,28.562,28.562,2025-06-06 08:34:54
152.5,2.6,397.7,147.4,1.5,222.4,597.1,60.01,211.2,2.8,1.4,800.0,36,0.8,0.6,0,233.07005049851097,28.625,28.625,2025-06-06 08:35:19
155.8,2.5,395.9,146.9,1.5,221.0,595.4,59.97,211.5,2.8,1.4,800.0,35.9,0.8,0.6,0,233.07005049851097,28.687,28.687,2025-06-06 08:35:56
155.8,2.5,388.2,147.2,1.4,217.8,584.9,60,211.6,2.7,1.4,800.0,36,0.8,0.6,0,233.07005049851097,28.687,28.812,2025-06-06 08:36:21
158.8,2.4,377.6,147.1,1.4,215.7,573.7,60.03,211.8,2.7,1.4,800.0,36,0.8,0.6,0,233.07005049851097,28.875,28.875,2025-06-06 08:36:59
158.7,2.4,374.1,143.9,1.4,210.3,565.0,59.98,211.9,2.7,1.4,800.0,36,0.8,0.6,0,233.07005049851097,28.812,28.812,2025-06-06 08:37:23
155.7,2.4,369.3,147.2,1.4,210.5,561.2,60.01,211.8,2.6,1.5,800.1,35.9,0.9,0.6,0,233.07005049851097,28.75,28.75,2025-06-06 08:38:01
154.9,2.4,363.7,147.2,1.4,206.8,552.1,60.03,211.8,2.5,1.5,800.1,35.9,0.9,0.6,0,233.07005049851097,28.75,28.812,2025-06-06 08:38:26
153,2.3,353.3,144.2,1.4,200.3,536.5,60.01,211.8,2.5,1.5,800.1,35.9,0.9,0.6,0,233.07005049851097,28.875,28.875,2025-06-06 08:39:04
155.8,2.3,352.2,144.3,1.3,198.0,532.7,60.02,211.5,2.5,1.5,800.1,35.9,0.9,0.6,0,233.07005049851097,28.812,28.812,2025-06-06 08:39:28
158.7,2.2,347.7,150.1,1.3,198.5,530.9,60.02,211.8,2.5,1.5,800.1,35.9,0.9,0.6,0,194.22504208209244,28.875,28.875,2025-06-06 08:40:06
158.9,2.1,342.3,147.1,1.3,196.2,523.2,60.03,211.7,2.4,1.5,800.1,35.9,0.9,0.6,0,194.22504208209244,28.812,28.812,2025-06-06 08:40:31
155.6,2.2,339.5,150.1,1.3,194.9,518.8,59.99,211.7,2.4,1.5,800.1,35.9,0.9,0.6,0,194.22504208209244,28.875,28.875,2025-06-06 08:41:09
156.2,2,338.7,150.1,1.2,191.6,515.9,60.01,211.8,2.4,1.5,800.1,35.9,0.9,0.6,0,194.22504208209244,28.562,28.562,2025-06-06 08:41:33
158.6,2.1,338.0,150,1.3,193.7,518.5,60,211.7,2.4,1.5,800.1,35.8,0.9,0.6,0,194.22504208209244,28.625,28.625,2025-06-06 08:42:11
159.1,2.1,338.7,150.1,1.3,195.3,521.7,59.98,211.5,2.4,1.5,800.1,35.8,0.9,0.6,0,194.22504208209244,28.625,28.625,2025-06-06 08:42:36
158.6,2.1,344.5,149.6,1.3,194.8,525.6,60,211.7,2.3,1.5,800.1,35.8,0.9,0.6,0,194.22504208209244,28.625,28.687,2025-06-06 08:43:14
161.2,2,339.5,147.3,1.3,194.8,521.6,60.01,211.4,2.4,1.5,800.1,35.7,0.9,0.6,0,194.22504208209244,28.625,28.687,2025-06-06 08:43:38
158.3,2.2,350.0,144.3,1.3,192.3,525.4,60,211.2,2.5,1.5,800.1,35.7,0.9,0.6,0,194.22504208209244,28.625,28.687,2025-06-06 08:44:16
158.6,2.2,353.7,150.6,1.1,185.3,525.5,59.99,211.4,2.4,1.5,800.1,35.7,0.9,0.6,0,233.07005049851097,28.687,28.687,2025-06-06 08:44:41
155.8,2.3,353.9,153,1.2,191.1,530.8,60.02,211.5,2.5,1.5,800.1,35.7,0.9,0.6,0,233.07005049851097,28.687,28.687,2025-06-06 08:45:18
155.7,2.3,353.1,145.7,1.3,197.4,534.2,60.01,211.6,2.5,1.5,800.1,35.7,0.9,0.6,0,233.07005049851097,28.75,28.75,2025-06-06 08:45:43
158.7,2.2,350.8,159,1.2,192.5,531.9,59.99,211.4,2.5,1.5,800.1,35.6,0.9,0.6,0,194.22504208209244,28.812,28.812,2025-06-06 08:46:21
160.7,2.1,346.0,159,1.2,191.7,510.6,59.99,211.1,2.5,1.5,800.1,35.6,0.9,0.6,0,194.22504208209244,28.875,28.875,2025-06-06 08:46:46
155.5,2.1,338.8,148.7,1.3,195.8,521.2,59.98,211.2,2.4,1.5,800.1,35.6,0.9,0.6,0,194.22504208209244,28.812,28.812,2025-06-06 08:47:23
158.7,2.1,333.4,148.8,1.3,193.8,513.7,59.99,211.2,2.4,1.5,800.1,35.6,0.9,0.6,0,194.22504208209244,28.75,28.75,2025-06-06 08:47:48
158.7,2.1,330.1,146.2,1.3,190.8,507.5,60.02,211.1,2.4,1.5,800.1,35.4,0.9,0.6,0,194.22504208209244,28.75,28.75,2025-06-06 08:48:26
158.6,2.1,325.4,146.4,1.2,184.2,497.0,60.02,211.1,2.3,1.5,800.1,35.4,0.9,0.6,0,194.22504208209244,28.75,28.75,2025-06-06 08:48:51
155.7,2,319.8,149.4,1.2,188.4,495.7,60.02,211.3,2.3,1.6,800.2,35.4,0.9,0.6,0,194.22504208209244,28.75,28.812,2025-06-06 08:49:28
155.7,2,318.7,150,1.2,188.1,494.7,60.04,211.3,2.3,1.6,800.2,35.3,0.9,0.6,0,194.22504208209244,28.812,28.812,2025-06-06 08:49:53
158.7,2,325.1,145.2,1.3,178.1,490.3,59.97,211.4,2.3,1.6,800.2,35.3,0.9,0.6,0,194.22504208209244,28.875,28.875,2025-06-06 08:50:31
158.7,1.9,326.3,148.7,1.3,196.1,500.4,60,211.7,2.3,1.6,800.2,35.2,0.9,0.6,0,194.22504208209244,28.875,28.875,2025-06-06 08:50:55
159.2,2,313.8,145.9,1.3,195.7,495.7,60.01,211.5,2.4,1.6,800.2,35.2,0.9,0.6,0,194.22504208209244,28.812,28.875,2025-06-06 08:51:33
158.7,2,325.4,145.9,1.3,194.5,505.8,60,211.5,2.4,1.6,800.2,35.2,0.9,0.6,0,194.22504208209244,28.812,28.812,2025-06-06 08:51:58
156.2,2.1,326.0,148.4,1.2,174.1,488.5,60,211.1,2.3,1.6,800.2,35.2,0.9,0.6,0,194.22504208209244,28.812,28.812,2025-06-06 08:52:36
158.7,2.1,330.9,147.2,1.3,190.3,506.3,59.99,211.1,2.3,1.6,800.2,35.2,0.9,0.6,0,194.22504208209244,28.687,28.75,2025-06-06 08:53:00
155.6,2,316.5,147.4,1.2,181.3,485.3,60.04,211.5,2.2,1.6,800.2,35.2,0.9,0.7,0,194.22504208209244,28.687,28.687,2025-06-06 08:53:38
155.7,2,313.3,147.3,1.2,179.4,480.1,60,211.6,2.2,1.6,800.2,35.1,0.9,0.7,0,194.22504208209244,28.75,28.75,2025-06-06 08:54:03
158.7,1.9,308.1,146.9,1.2,175.6,472.3,60.02,211.5,2.2,1.6,800.2,35,0.9,0.7,0,194.22504208209244,28.75,28.75,2025-06-06 08:54:41
158.7,1.9,303.8,144.3,1.1,169.0,462.4,60.01,211.2,2.1,1.6,800.2,35,0.9,0.7,0,194.22504208209244,28.812,28.812,2025-06-06 08:55:05
161.5,1.9,287.8,147,1.1,173.5,452.1,60,211.2,2.1,1.6,800.2,35,1.0,0.7,0,194.22504208209244,28.812,28.812,2025-06-06 08:55:43
159.1,1.9,295.4,147,1.1,172.9,458.3,60.01,211.2,2.1,1.6,800.2,35,1.0,0.7,0,194.22504208209244,28.812,28.75,2025-06-06 08:56:08
158.6,2,310.2,150.2,1.2,180.1,478.4,59.97,211.3,2.2,1.6,800.2,35,1.0,0.7,0,194.22504208209244,28.75,28.812,2025-06-06 08:56:46
156.1,2,314.4,147.1,1.2,187.9,488.7,60.02,211.4,2.3,1.6,800.2,35,1.0,0.7,0,194.22504208209244,28.75,28.75,2025-06-06 08:57:10
158.7,2,324.1,153.3,1.3,200.4,511.4,60.02,211.4,2.4,1.6,800.2,34.9,1.0,0.7,0,194.22504208209244,28.687,28.687,2025-06-06 08:57:48
161.3,2.1,318.8,149.3,1.4,211.2,513.9,59.97,211.4,2.4,1.6,800.2,35,1.0,0.7,0,194.22504208209244,28.625,28.625,2025-06-06 08:58:13
158.8,2.2,349.4,148.7,1.5,227.0,558.0,60.03,211.6,2.7,1.6,800.2,34.9,1.0,0.7,0,233.07005049851097,28.687,28.687,2025-06-06 08:58:51
161.4,2.3,354.2,149.9,1.6,239.7,575.8,60,211.3,2.8,1.6,800.2,34.9,1.0,0.7,0,233.07005049851097,28.75,28.75,2025-06-06 08:59:15
158.7,2.5,395.6,149.3,1.7,251.7,623.7,60.03,211.4,2.9,1.6,800.2,35,1.0,0.7,0,233.07005049851097,28.812,28.812,2025-06-06 08:59:53
158.7,2.6,414.5,151.8,1.6,263.5,653.2,60.02,211.4,3.1,1.6,800.2,35,1.0,0.7,0,271.91505891492943,28.812,28.875,2025-06-06 09:00:18
153.2,3.5,519.8,149.2,2.5,351.6,850.2,60.04,211.8,4.2,1.6,800.2,35,1.0,0.7,0,388.4500841641849,28.937,28.937,2025-06-06 09:00:55
158.1,3.6,599.6,149.7,2.3,369.6,900.8,60.01,211.7,4.1,1.7,800.3,35.2,1.0,0.7,0,349.6050757477664,29.062,29.062,2025-06-06 09:01:20
160.6,2.9,470.2,150.1,1.9,292.2,731.7,60.01,211.4,3.5,1.7,800.3,35.2,1.0,0.7,0,310.76006733134795,29.0,29.0,2025-06-06 09:01:58
155.4,3.4,526.6,141.6,2.2,305.8,794.3,60,211.6,3.8,1.7,800.3,35.3,1.0,0.7,0,349.6050757477664,28.75,28.75,2025-06-06 09:02:23
161.5,3,460.5,147.1,1.8,275.3,706.3,60,211.4,3.4,1.7,800.3,35.4,1.0,0.7,0,310.76006733134795,28.625,28.625,2025-06-06 09:03:00
155.6,3,466.7,150.1,1.8,272.1,706.8,60,211.3,3.3,1.7,800.3,35.4,1.0,0.7,0,310.76006733134795,28.625,28.687,2025-06-06 09:03:25
155.7,3.3,510.5,147.3,2,303.0,778.1,60.01,211.4,3.7,1.7,800.3,35.3,1.0,0.7,0,310.76006733134795,28.687,28.875,2025-06-06 09:04:03
157,3.2,496.6,149.9,2,299.3,760.8,59.97,211.6,3.6,1.7,800.3,35.3,1.0,0.7,0,310.76006733134795,28.937,28.937,2025-06-06 09:04:27
160.3,3.2,493.8,150.1,1.9,288.2,749.0,60.01,211.7,3.6,1.7,800.3,35.3,1.0,0.7,0,310.76006733134795,29.062,29.125,2025-06-06 09:05:05
158.8,3.5,553.0,152.6,2,306.2,826.8,60,211.8,3.8,1.7,800.3,35.3,1.0,0.7,0,349.6050757477664,29.187,29.187,2025-06-06 09:05:30
155.8,2.9,462.7,148.6,1.6,251.1,685.4,60.03,211.6,3.2,1.7,800.3,35.3,1.0,0.7,0,271.91505891492943,29.25,29.25,2025-06-06 09:06:08
158.7,2.7,434.1,145.7,1.5,227.1,637.1,60.02,211.7,3,1.7,800.3,35.4,1.0,0.7,0,271.91505891492943,29.312,29.375,2025-06-06 09:06:32
158.7,2.6,413.1,149.2,1.4,213.6,606.5,60,211.6,2.9,1.7,800.3,35.4,1.0,0.7,0,271.91505891492943,29.437,29.5,2025-06-06 09:07:10
158.6,2.6,403.8,148.5,1.4,210.8,593.9,60.01,211.7,2.7,1.7,800.3,35.4,1.0,0.7,0,271.91505891492943,29.5,29.5,2025-06-06 09:07:35
155.7,2.5,386.1,148.3,1.3,200.1,565.8,60.05,211.5,2.6,1.7,800.3,35.3,1.0,0.7,0,233.07005049851097,29.562,29.562,2025-06-06 09:08:13
152.9,2.4,372.7,148.7,1.3,199.2,553.6,60,211.6,2.6,1.7,800.3,35.4,1.0,0.7,0,233.07005049851097,29.5,29.5,2025-06-06 09:08:37
155.6,2.3,363.2,148.7,1.3,194.9,541.7,60.03,211.3,2.5,1.7,800.3,35.4,1.0,0.7,0,233.07005049851097,29.062,29.062,2025-06-06 09:09:15
155.7,2.2,359.4,148.5,1.3,195.7,537.9,59.96,211.3,2.5,1.8,800.4,35.4,1.0,0.7,0,233.07005049851097,29.062,29.187,2025-06-06 09:09:40
156.6,2.2,348.4,148.6,1.3,197.1,531.6,60.01,211.3,2.5,1.8,800.4,35.3,1.1,0.7,0,233.07005049851097,29.312,29.312,2025-06-06 09:10:18
155.9,2.2,348.7,151.4,1.3,199.2,531.3,59.99,211.4,2.5,1.8,800.4,35.3,1.1,0.7,0,233.07005049851097,29.375,29.437,2025-06-06 09:10:42
152.8,2.2,346.2,151.6,1.3,203.6,532.4,60,211,2.5,1.8,800.4,35.3,1.1,0.7,0,233.07005049851097,29.5,29.5,2025-06-06 09:11:20
155.4,2.3,353.5,148.7,1.4,205.7,540.4,60.02,210.9,2.5,1.8,800.4,35.3,1.1,0.7,0,233.07005049851097,29.5,29.562,2025-06-06 09:11:45
155.7,2.2,356.5,151.6,1.3,208.0,547.3,59.96,211.2,2.5,1.8,800.4,35.3,1.1,0.7,0,233.07005049851097,29.5,29.5,2025-06-06 09:12:23
158.1,2.2,356.9,151.6,1.3,208.9,548.3,59.99,211.3,2.6,1.8,800.4,35.3,1.1,0.7,0,233.07005049851097,29.5,29.187,2025-06-06 09:12:47
157.2,2.2,360.3,154.7,1.3,202.7,547.5,59.97,210.9,2.6,1.8,800.4,35.3,1.1,0.7,0,233.07005049851097,28.687,28.625,2025-06-06 09:13:25
155,2.3,357.4,152.6,1.3,204.5,544.4,60,211,2.6,1.8,800.4,35.3,1.1,0.7,0,233.07005049851097,28.562,28.562,2025-06-06 09:13:50
155.7,2.2,358.9,148.7,1.4,206.2,546.5,59.98,211.1,2.6,1.8,800.4,35.3,1.1,0.7,0,233.07005049851097,28.687,28.75,2025-06-06 09:14:28
155.8,2.3,358.2,148.6,1.3,204.7,544.5,59.96,211.3,2.6,1.8,800.4,35.3,1.1,0.7,0,233.07005049851097,28.812,28.812,2025-06-06 09:14:52
155.7,2.3,358.3,149.5,1.3,204.0,544.2,59.98,211.4,2.5,1.8,800.4,35.2,1.1,0.7,0,233.07005049851097,29.0,29.0,2025-06-06 09:15:30
155.7,2.2,355.1,151.6,1.3,201.3,539.1,60.03,211.2,2.5,1.8,800.4,35.2,1.1,0.7,0,233.07005049851097,29.062,29.062,2025-06-06 09:15:54
160.7,2.2,328.8,149.7,1.3,196.0,510.3,60.01,211.2,2.4,1.8,800.4,35.2,1.1,0.7,0,233.07005049851097,29.062,29.062,2025-06-06 09:16:32
152.6,2.2,340.6,148.7,1.3,192.7,517.4,60.02,211.1,2.4,1.8,800.4,35.3,1.1,0.7,0,233.07005049851097,29.187,29.187,2025-06-06 09:16:57
157,2.1,335.4,150.1,1.2,187.0,507.4,59.99,211.4,2.4,1.8,800.4,35.3,1.1,0.7,0,194.22504208209244,29.375,29.375,2025-06-06 09:17:35
158.8,2,320.3,148.7,1.1,180.4,488.5,60.02,211.6,2.2,1.8,800.4,35.3,1.1,0.7,0,194.22504208209244,29.437,29.5,2025-06-06 09:17:59
154.3,1.9,304.3,150.2,1.1,171.9,461.9,59.97,211.6,2.1,1.8,800.4,35.3,1.1,0.7,0,194.22504208209244,29.312,29.375,2025-06-06 09:18:37
155.8,1.8,295.7,151.7,1.1,167.4,452.9,59.96,211.6,2.1,1.8,800.4,35.3,1.1,0.7,0,194.22504208209244,29.187,29.187,2025-06-06 09:19:02
155.6,1.8,279.9,151.6,1,159.7,430.8,59.99,211.5,2,1.8,800.4,35.3,1.1,0.7,0,194.22504208209244,29.0,29.0,2025-06-06 09:19:40
157,1.7,267.4,150.7,1,154.5,413.6,60.02,211.6,1.9,1.8,800.4,35.3,1.1,0.7,0,155.38003366567398,29.0,29.0,2025-06-06 09:20:04
155.7,1.7,264.4,151.5,0.9,149.3,405.6,59.99,211.3,1.8,1.8,800.4,35.2,1.1,0.8,0,155.38003366567398,29.0,29.062,2025-06-06 09:20:42
155.9,1.6,261.3,154.6,0.9,144.5,397.7,60.02,211.3,1.8,1.8,800.4,35.2,1.1,0.8,0,155.38003366567398,29.062,29.062,2025-06-06 09:21:07
155.7,1.6,259.0,147.2,0.9,144.6,395.8,60.01,211.5,1.7,1.9,800.5,35.2,1.1,0.8,0,155.38003366567398,28.812,28.812,2025-06-06 09:21:45
156.9,1.6,261.1,148.5,0.9,145.7,398.6,59.99,211.5,1.8,1.9,800.5,35.2,1.1,0.8,0,155.38003366567398,28.75,28.75,2025-06-06 09:22:09
156,1.7,263.2,147.1,1,150.4,406.6,59.99,211.7,1.9,1.9,800.5,35.2,1.1,0.8,0,155.38003366567398,28.5,28.437,2025-06-06 09:22:47
158.4,1.7,261.4,145.7,1,150.8,406.9,60,211.2,1.9,1.9,800.5,35.2,1.1,0.8,0,155.38003366567398,28.312,28.312,2025-06-06 09:23:12
155.6,1.6,262.7,147.1,1,150.1,404.7,59.98,211.3,1.9,1.9,800.5,35.2,1.1,0.8,0,155.38003366567398,28.312,28.312,2025-06-06 09:23:50
158.9,1.6,255.7,147.3,1,149.0,395.4,59.99,211.5,1.8,1.9,800.5,35.2,1.1,0.8,0,155.38003366567398,28.437,28.437,2025-06-06 09:24:14
153.6,1.6,248.2,149.2,0.9,144.2,384.8,60.04,211.7,1.8,1.9,800.5,35.2,1.1,0.8,0,155.38003366567398,28.5,28.5,2025-06-06 09:24:52
158.7,1.5,242.4,147.1,0.9,140.0,375.0,60,211.6,1.7,1.9,800.5,35.1,1.1,0.8,0,155.38003366567398,28.187,28.25,2025-06-06 09:25:17
155.7,1.5,241.2,149.6,0.9,135.0,368.9,59.99,211.5,1.7,1.9,800.5,35.1,1.1,0.8,0,155.38003366567398,27.937,27.937,2025-06-06 09:25:55
155.7,1.5,236.0,150.1,0.8,133.2,363.1,59.97,211.4,1.7,1.9,800.5,35.1,1.1,0.8,0,155.38003366567398,27.937,27.937,2025-06-06 09:26:19
156,1.4,230.3,147.5,0.8,127.6,351.0,60.01,211.5,1.6,1.9,800.5,35.1,1.1,0.8,0,116.53502524925548,28.062,28.062,2025-06-06 09:26:57
155.8,1.4,226.6,153.1,0.8,122.5,341.6,60,211.7,1.6,1.9,800.5,35.1,1.1,0.8,0,155.38003366567398,28.062,28.062,2025-06-06 09:27:22
158.7,1.3,214.8,147,0.8,122.2,332.4,60,211.6,1.5,1.9,800.5,35.1,1.1,0.8,0,116.53502524925548,28.125,28.125,2025-06-06 09:27:59
153.9,1.3,212.6,146.2,0.8,119.8,326.0,59.98,211.5,1.5,1.9,800.5,35.2,1.1,0.8,0,116.53502524925548,28.125,28.125,2025-06-06 09:28:24
155.7,1.3,214.6,150,0.7,116.6,324.8,60.01,211.5,1.5,1.9,800.5,35.2,1.1,0.8,0,116.53502524925548,28.062,28.125,2025-06-06 09:29:02
153.4,1.3,211.1,148,0.7,115.3,319.5,60.02,211.7,1.5,1.9,800.5,35.2,1.1,0.8,0,116.53502524925548,28.062,28.062,2025-06-06 09:29:27
158.5,1.2,211.3,147,0.7,110.9,315.9,60.04,211.5,1.5,1.9,800.5,35.1,1.1,0.8,0,116.53502524925548,28.0,28.0,2025-06-06 09:30:04
155.1,1.3,211.1,144.2,0.7,108.1,313.1,59.99,211.2,1.4,1.9,800.5,35.1,1.2,0.8,0,116.53502524925548,27.875,27.875,2025-06-06 09:30:29
158.4,1.2,202.1,144.4,0.7,106.1,302.6,60.03,211.3,1.4,1.9,800.5,35.1,1.2,0.8,0,116.53502524925548,27.75,27.75,2025-06-06 09:31:07
155.4,1.2,198.5,144.3,0.6,102.4,293.0,60,211.4,1.3,1.9,800.5,35,1.2,0.8,0,116.53502524925548,27.687,27.75,2025-06-06 09:31:31
158.4,1.1,186.2,147.2,0.6,99.9,276.4,60.03,211.6,1.3,1.9,800.5,35,1.2,0.8,0,116.53502524925548,27.875,27.875,2025-06-06 09:32:09
155.7,1.1,181.6,147.1,0.6,96.3,272.4,60.04,211.4,1.2,1.9,800.5,35,1.2,0.8,0,77.69001683283699,27.937,27.937,2025-06-06 09:32:34
152.9,1,170.3,150,0.5,93.1,258.1,60.04,211.3,1.2,1.9,800.5,34.9,1.2,0.8,0,77.69001683283699,27.937,27.937,2025-06-06 09:33:12
152.7,1,166.4,147.2,0.5,92.4,253.9,60.02,211.6,1.2,1.9,800.5,34.8,1.2,0.8,0,77.69001683283699,27.937,27.937,2025-06-06 09:33:36
155.8,1,166.1,149.5,0.5,90.9,252.0,60.01,211.5,1.1,1.9,800.5,34.8,1.2,0.8,0,77.69001683283699,27.875,27.875,2025-06-06 09:34:14
155.7,1,167.1,151.6,0.5,93.3,255.4,60.02,211.4,1.1,1.9,800.5,34.8,1.2,0.8,0,77.69001683283699,27.875,27.875,2025-06-06 09:34:39
158.5,1,161.1,151.6,0.5,95.3,251.5,59.97,211.1,1.2,1.9,800.5,34.8,1.2,0.8,0,77.69001683283699,27.75,27.812,2025-06-06 09:35:17
155.9,1,165.2,148.7,0.6,96.0,255.8,60.02,211.3,1.2,1.9,800.5,34.8,1.2,0.8,0,77.69001683283699,27.625,27.625,2025-06-06 09:35:41
155.6,1,170.8,145.5,0.6,97.9,262.4,60.01,211.4,1.2,1.9,800.5,34.8,1.2,0.8,0,77.69001683283699,27.375,27.375,2025-06-06 09:36:19
152.5,1,171.7,147.4,0.6,101.1,267.7,60.02,211.3,1.2,1.9,800.5,34.7,1.2,0.8,0,77.69001683283699,27.25,27.187,2025-06-06 09:36:44
152.7,1.1,178.6,148.6,0.6,103.8,276.6,60,211.1,1.2,1.9,800.5,34.7,1.2,0.8,0,116.53502524925548,27.062,27.062,2025-06-06 09:37:22
155.7,1.1,182.1,145.7,0.7,104.8,281.4,60.01,211.1,1.3,1.9,800.5,34.7,1.2,0.8,0,116.53502524925548,27.062,27.062,2025-06-06 09:37:46
158.4,1.1,184.1,149.9,0.6,107.5,285.2,60.01,211.2,1.3,1.9,800.5,34.7,1.2,0.8,0,116.53502524925548,27.062,27.062,2025-06-06 09:38:24
158.3,1.1,184.2,151.6,0.6,108.2,286.6,60,211.3,1.3,1.9,800.5,34.7,1.2,0.8,0,116.53502524925548,27.062,27.125,2025-06-06 09:38:49
155.6,1.1,189.0,148.7,0.7,108.9,292.2,60,211.4,1.3,1.9,800.5,34.7,1.2,0.8,0,116.53502524925548,27.187,27.187,2025-06-06 09:39:27
158.6,1.1,188.9,151.5,0.7,110.6,293.7,59.99,211.4,1.4,1.9,800.5,34.7,1.2,0.8,0,116.53502524925548,27.187,27.187,2025-06-06 09:39:51
158.1,1.1,195.0,148.7,0.7,112.6,301.2,60.01,211.2,1.4,2.0,800.6,34.7,1.2,0.8,0,116.53502524925548,27.125,27.125,2025-06-06 09:40:29
155.3,1.2,197.0,151.8,0.7,112.5,304.0,60.02,211.2,1.4,2.0,800.6,34.7,1.2,0.8,0,116.53502524925548,27.125,27.125,2025-06-06 09:40:54
155.7,1.2,202.8,152,0.7,113.0,309.9,60.04,211.5,1.4,2.0,800.6,34.8,1.2,0.8,0,116.53502524925548,27.187,27.187,2025-06-06 09:41:31
155.3,1.3,205.8,151.6,0.7,111.8,311.5,60.01,211.6,1.4,2.0,800.6,34.8,1.2,0.8,0,116.53502524925548,27.25,27.25,2025-06-06 09:41:56
152.7,1.3,207.2,151.9,0.6,110.8,311.7,60,211.4,1.4,2.0,800.6,34.8,1.2,0.8,0,116.53502524925548,27.312,27.375,2025-06-06 09:42:34
155.7,1.3,210.6,154.4,0.6,107.7,312.4,60,211.5,1.5,2.0,800.6,34.8,1.2,0.8,0,116.53502524925548,27.437,27.437,2025-06-06 09:42:59
155.6,1.3,209.4,151.6,0.7,109.0,311.9,60.02,211.4,1.4,2.0,800.6,34.8,1.2,0.8,0,116.53502524925548,27.562,27.562,2025-06-06 09:43:36
152.7,1.3,204.3,146,0.7,109.2,307.6,60.02,211.3,1.4,2.0,800.6,34.8,1.2,0.8,0,116.53502524925548,27.625,27.687,2025-06-06 09:44:01
155.6,1.3,209.3,148.7,0.7,111.0,314.0,59.99,211.5,1.4,2.0,800.6,34.8,1.2,0.8,0,116.53502524925548,27.75,27.75,2025-06-06 09:44:39
158.3,1.3,211.6,150.9,0.7,109.5,315.2,60.01,211.5,1.5,2.0,800.6,34.8,1.2,0.8,0,116.53502524925548,27.687,27.75,2025-06-06 09:45:04
162.1,1.3,207.4,148.6,0.7,110.0,311.0,60,211.2,1.5,2.0,800.6,34.9,1.2,0.8,0,116.53502524925548,27.812,27.812,2025-06-06 09:45:41
158.9,1.2,221.2,148.6,0.7,109.6,324.3,59.99,211.3,1.5,2.0,800.6,34.9,1.2,0.8,0,116.53502524925548,27.812,27.812,2025-06-06 09:46:06
159.3,1.3,214.3,148.7,0.7,111.2,319.6,59.98,211.5,1.5,2.0,800.6,34.9,1.2,0.8,0,116.53502524925548,27.937,27.937,2025-06-06 09:46:44
158.7,1.3,224.5,148.9,0.7,113.0,330.4,60,211.5,1.5,2.0,800.6,34.8,1.2,0.8,0,116.53502524925548,28.0,28.0,2025-06-06 09:47:08
156.2,1.4,223.6,147.2,0.7,114.2,331.3,60.02,211.5,1.5,2.0,800.6,34.8,1.2,0.8,0,116.53502524925548,28.062,28.062,2025-06-06 09:47:46
155.8,1.4,221.9,149.9,0.7,112.2,327.7,60.03,211.4,1.5,2.0,800.6,34.8,1.2,0.8,0,116.53502524925548,27.937,27.937,2025-06-06 09:48:11
158,1.4,224.6,153.9,0.6,104.6,321.8,60.03,211.5,1.5,2.0,800.6,34.8,1.2,0.8,0,116.53502524925548,28.062,28.062,2025-06-06 09:48:49
158.6,1.4,225.9,150,0.7,118.1,338.1,60.02,211.6,1.6,2.0,800.6,34.9,1.2,0.8,0,116.53502524925548,28.125,28.187,2025-06-06 09:49:13
160.5,1.3,215.2,148.8,0.9,141.6,349.9,59.98,211.4,1.7,2.0,800.6,34.9,1.2,0.8,0,116.53502524925548,28.062,28.062,2025-06-06 09:49:51
159,1.4,221.4,157.5,0.8,138.3,352.9,60,211.5,1.7,2.0,800.6,34.9,1.2,0.8,0,116.53502524925548,27.937,27.937,2025-06-06 09:50:16
158.7,1.4,230.0,151.7,0.9,146.6,369.2,59.97,211.6,1.7,2.0,800.6,34.9,1.2,0.8,0,116.53502524925548,28.125,28.187,2025-06-06 09:50:54
156,1.4,231.7,154.5,0.9,150.8,375.2,60.03,211.6,1.8,2.0,800.6,34.8,1.2,0.8,0,116.53502524925548,28.25,28.25,2025-06-06 09:51:18
155.9,1.4,236.1,148.7,0.9,138.3,366.8,60.02,211.6,1.7,2.0,800.6,34.8,1.2,0.8,0,155.38003366567398,28.375,28.437,2025-06-06 09:51:56
158.2,1.5,242.4,149,0.9,145.2,379.9,60.01,211.4,1.7,2.0,800.6,34.8,1.2,0.8,0,116.53502524925548,28.5,28.5,2025-06-06 09:52:21
161.7,1.6,245.6,159.2,0.9,152.4,390.4,60.01,211.3,1.9,2.0,800.6,34.8,1.2,0.8,0,155.38003366567398,28.687,28.687,2025-06-06 09:52:59
158.6,1.6,260.8,157.8,0.9,151.3,408.0,59.98,211.7,1.8,2.0,800.6,34.9,1.2,0.8,0,155.38003366567398,28.812,28.812,2025-06-06 09:53:23
158.6,1.5,266.2,157.6,1,167.0,423.0,60.01,211.6,1.9,2.0,800.6,34.8,1.2,0.8,0,155.38003366567398,28.75,28.75,2025-06-06 09:54:01
160.1,1.6,267.9,157.5,1,169.5,428.8,60.04,211.6,2,2.0,800.6,34.9,1.2,0.8,0,155.38003366567398,28.812,28.812,2025-06-06 09:54:26
160.4,1.5,271.2,155.2,1,170.9,432.2,60,211.7,1.9,2.0,800.6,34.9,1.2,0.8,0,155.38003366567398,28.937,28.937,2025-06-06 09:55:04
158.5,1.7,274.5,159,0.9,156.2,422.4,60.03,211.8,2,2.0,800.6,34.9,1.2,0.8,0,155.38003366567398,29.062,29.062,2025-06-06 09:55:28
160.1,1.7,265.0,154.1,1.1,159.4,415.3,60.03,211.7,2,2.0,800.6,35,1.2,0.8,0,155.38003366567398,29.125,29.125,2025-06-06 09:56:06
156,1.7,269.4,158.9,1,166.7,427.6,60.02,211.5,2,2.0,800.6,34.9,1.2,0.8,0,155.38003366567398,29.187,29.25,2025-06-06 09:56:31
158.8,1.7,271.2,157.3,0.9,151.5,414.5,59.99,211.7,2,2.1,800.7,34.9,1.2,0.8,0,155.38003366567398,29.312,29.25,2025-06-06 09:57:08
158.7,1.7,269.5,154.8,1,156.3,422.0,59.99,211.6,2,2.1,800.7,34.9,1.2,0.8,0,155.38003366567398,29.312,29.312,2025-06-06 09:57:33
156.6,1.7,271.4,147.4,0.9,139.7,399.4,60.04,211.7,1.8,2.1,800.7,34.9,1.2,0.8,0,155.38003366567398,29.25,29.312,2025-06-06 09:58:11
158.7,1.5,271.9,147,1,169.5,429.9,60.02,211.8,1.9,2.1,800.7,34.9,1.3,0.8,0,155.38003366567398,29.312,29.312,2025-06-06 09:58:36
158.7,1.7,281.5,147.3,0.9,139.5,412.7,60.05,211.9,1.9,2.1,800.7,34.9,1.3,0.8,0,155.38003366567398,29.312,29.312,2025-06-06 09:59:13
159.4,1.8,283.8,145.7,1.1,170.2,444.7,60.03,211.9,2.1,2.1,800.7,34.9,1.3,0.8,0,155.38003366567398,29.312,29.312,2025-06-06 09:59:38
158.7,2,310.9,141.4,1,144.8,445.8,60.06,211.7,2.1,2.1,800.7,34.9,1.3,0.8,0,194.22504208209244,29.25,29.25,2025-06-06 10:00:16
159.4,2.1,321.3,147.6,1.3,178.5,490.2,60.04,211.6,2.4,2.1,800.7,34.9,1.3,0.8,0,194.22504208209244,29.187,29.25,2025-06-06 10:00:41
158.7,2.3,359.0,151.8,1.3,190.7,534.5,60.05,211.7,2.5,2.1,800.7,35,1.3,0.8,0,194.22504208209244,29.187,29.25,2025-06-06 10:01:18
159.5,2.4,374.9,147.2,1.4,205.6,563.1,60.04,211.9,2.6,2.1,800.7,35,1.3,0.8,0,233.07005049851097,29.25,29.312,2025-06-06 10:01:43
158.8,2.4,400.4,145.7,1.5,228.1,606.1,60.04,211.6,2.8,2.1,800.7,35.1,1.3,0.8,0,233.07005049851097,29.25,29.25,2025-06-06 10:02:21
158.7,2.6,407.4,157.6,1.5,246.0,632.5,60.03,211.8,2.9,2.1,800.7,35.1,1.3,0.8,0,233.07005049851097,29.312,29.375,2025-06-06 10:02:45
161.6,2.5,399.8,157.9,1.4,228.4,610.1,60.03,211.8,2.8,2.1,800.7,35.2,1.3,0.8,0,233.07005049851097,29.5,29.5,2025-06-06 10:03:23
156,2.5,388.7,156.1,1.5,242.8,610.6,60,212,2.9,2.1,800.7,35.2,1.3,0.8,0,233.07005049851097,29.562,29.625,2025-06-06 10:03:48
158.7,2.3,369.1,158.1,1.3,216.4,570.8,60,211.9,2.7,2.1,800.7,35.2,1.3,0.8,0,233.07005049851097,29.687,29.75,2025-06-06 10:04:26
158.7,2.2,347.7,158.9,1.4,220.6,553.5,60,212,2.6,2.1,800.7,35.2,1.3,0.8,0,194.22504208209244,29.75,29.75,2025-06-06 10:04:50
156.4,1.9,311.7,154,1.4,216.5,515.4,59.98,211.6,2.4,2.1,800.7,35.2,1.3,0.9,0,194.22504208209244,29.812,29.75,2025-06-06 10:05:28
158.7,1.8,290.9,153.3,1.3,209.4,488.9,59.97,211.7,2.2,2.1,800.7,35.2,1.3,0.9,0,155.38003366567398,29.625,29.625,2025-06-06 10:05:53
157.4,1.6,258.9,153,1.3,199.8,450.8,59.96,212,2.1,2.1,800.7,35.2,1.3,0.9,0,155.38003366567398,29.187,29.25,2025-06-06 10:06:31
158.7,1.5,240.9,158.6,0.9,139.7,374.8,59.97,211.9,1.7,2.1,800.7,35.2,1.3,0.9,0,155.38003366567398,29.0,29.0,2025-06-06 10:06:55
157.4,1.3,215.4,141.3,0.9,136.5,345.2,59.99,211.6,1.6,2.1,800.7,35.1,1.3,0.9,0,116.53502524925548,28.75,28.75,2025-06-06 10:07:33
154.9,1.2,201.5,151,0.9,140.4,335.2,60.03,211.7,1.5,2.1,800.7,35.1,1.3,0.9,0,116.53502524925548,28.562,28.562,2025-06-06 10:07:58
155.6,1.2,193.7,157.6,0.7,116.8,304.2,60,211.8,1.4,2.1,800.7,35.1,1.3,0.9,0,116.53502524925548,28.187,28.25,2025-06-06 10:08:36
153.4,1.1,190.6,155,0.7,116.4,301.4,60.03,211.8,1.3,2.1,800.7,35.1,1.3,0.9,0,77.69001683283699,28.0,28.062,2025-06-06 10:09:00
155.8,1.2,192.7,156.4,0.7,103.8,295.4,60.01,211.7,1.5,2.1,800.7,35,1.3,0.9,0,77.69001683283699,27.812,27.812,2025-06-06 10:09:38
157.4,1.1,196.9,160.4,0.8,123.5,314.1,59.96,211.7,1.5,2.2,800.8,34.9,1.3,0.9,0,77.69001683283699,27.812,27.812,2025-06-06 10:10:03
155.5,1.3,206.3,154.6,0.8,140.7,340.1,59.98,211.6,1.6,2.2,800.8,34.9,1.3,0.9,0,116.53502524925548,27.937,28.0,2025-06-06 10:10:40
153.9,1.4,217.8,155.8,0.9,142.7,351.0,59.99,211.6,1.6,2.2,800.8,34.9,1.3,0.9,0,116.53502524925548,28.062,28.125,2025-06-06 10:11:05
155.7,1.5,241.5,156.4,0.9,149.4,383.0,60.01,211.6,1.8,2.2,800.8,34.9,1.3,0.9,0,116.53502524925548,28.25,28.25,2025-06-06 10:11:43
155.7,1.6,258.4,157.4,1,157.8,408.0,59.98,211.6,1.9,2.2,800.8,34.8,1.3,0.9,0,155.38003366567398,28.312,28.375,2025-06-06 10:12:08
158.1,1.8,286.7,159,1,170.2,447.3,60.03,211.7,2,2.2,800.8,34.8,1.3,0.9,0,155.38003366567398,28.5,28.5,2025-06-06 10:12:45
160.2,1.9,302.6,160.5,1.1,175.1,466.9,59.98,211.8,2.2,2.2,800.8,34.8,1.3,0.9,0,155.38003366567398,28.5,28.687,2025-06-06 10:13:10
157.1,2.1,326.5,157.6,1.2,197.2,512.3,59.97,211.5,2.4,2.2,800.8,34.8,1.3,0.9,0,194.22504208209244,28.75,28.75,2025-06-06 10:13:48
157.1,2.1,333.8,157.5,1.3,208.6,529.5,60.01,211.4,2.5,2.2,800.8,34.9,1.3,0.9,0,194.22504208209244,28.875,28.875,2025-06-06 10:14:13
161,1.9,334.7,154.6,1.4,212.4,532.8,60.02,211.3,2.4,2.2,800.8,34.9,1.3,0.9,0,194.22504208209244,29.0,29.0,2025-06-06 10:14:50
160.1,2.1,329.3,153.3,1.4,222.2,536.3,59.98,211.4,2.5,2.2,800.8,34.9,1.3,0.9,0,194.22504208209244,29.0,29.062,2025-06-06 10:15:15
159.3,2,321.1,156,1.4,230.1,537.4,59.96,211.6,2.5,2.2,800.8,34.9,1.3,0.9,0,194.22504208209244,29.187,29.187,2025-06-06 10:15:53
157.2,2,323.2,155.9,1.5,233.8,540.8,59.96,211.7,2.6,2.2,800.8,34.9,1.3,0.9,0,194.22504208209244,29.25,29.312,2025-06-06 10:16:17
157.2,2.1,334.9,156,1.5,241.9,560.9,59.96,211.7,2.7,2.2,800.8,34.9,1.3,0.9,0,194.22504208209244,29.437,29.437,2025-06-06 10:16:55
159.2,2.2,353.4,157.5,1.6,248.5,585.0,60,211.7,2.7,2.2,800.8,34.9,1.3,0.9,0,194.22504208209244,29.5,29.562,2025-06-06 10:17:20
158.7,2.4,379.7,161.9,1.5,256.5,616.6,60.02,211.8,2.9,2.2,800.8,35,1.3,0.9,0,233.07005049851097,29.812,29.875,2025-06-06 10:17:58
159.3,2.5,398.4,161.4,1.7,256.7,634.3,59.97,212,3,2.2,800.8,35,1.3,0.9,0,233.07005049851097,30.0,30.0,2025-06-06 10:18:22
158.8,2.7,422.8,161.8,1.7,280.8,679.8,60.01,212.1,3.2,2.2,800.8,35.1,1.4,0.9,0,271.91505891492943,30.062,30.062,2025-06-06 10:19:00
158.7,2.8,437.1,161.3,1.8,283.3,704.9,59.96,212.1,3.3,2.2,800.8,35.1,1.4,0.9,0,310.76006733134795,30.062,30.062,2025-06-06 10:19:25
161.4,2.8,454.0,157.5,1.9,264.9,697.8,59.96,212.2,3.4,2.2,800.8,35.2,1.4,0.9,0,310.76006733134795,30.437,30.437,2025-06-06 10:20:03
157.9,2.9,460.1,159,1.9,307.5,739.1,59.98,212.1,3.5,2.2,800.8,35.3,1.4,0.9,0,310.76006733134795,30.75,30.812,2025-06-06 10:20:27
159.1,2.9,463.2,156.3,1.8,298.0,731.7,60,212.3,3.5,2.3,800.9,35.4,1.4,0.9,0,310.76006733134795,31.25,31.312,2025-06-06 10:21:05
158.9,2.9,452.0,156,1.8,291.3,714.9,60.01,212.2,3.4,2.3,800.9,35.4,1.4,0.9,0,310.76006733134795,31.437,31.437,2025-06-06 10:21:30
158.5,2.8,440.8,155.8,1.8,283.8,697.7,59.97,212.2,3.2,2.3,800.9,35.5,1.4,0.9,0,310.76006733134795,31.375,31.375,2025-06-06 10:22:08
158.6,2.7,433.6,152.8,1.8,277.8,684.1,59.99,212.2,3.2,2.3,800.9,35.6,1.4,0.9,0,271.91505891492943,31.187,31.25,2025-06-06 10:22:32
155.7,2.6,415.5,156.2,1.8,277.8,668.0,59.99,212.2,3.2,2.3,800.9,35.6,1.4,0.9,0,271.91505891492943,31.062,31.062,2025-06-06 10:23:10
161.3,2.6,410.3,155.9,1.7,277.6,654.3,59.98,212.3,3.1,2.3,800.9,35.7,1.4,0.9,0,271.91505891492943,31.187,31.187,2025-06-06 10:23:35
158.7,2.6,408.3,153.1,1.8,274.7,658.1,60,212.2,3.1,2.3,800.9,35.7,1.4,0.9,0,271.91505891492943,31.25,31.25,2025-06-06 10:24:12
159.1,2.6,406.6,156.1,1.8,281.1,663.0,60,212.2,3.1,2.3,800.9,35.8,1.4,0.9,0,271.91505891492943,31.375,31.375,2025-06-06 10:24:37
158.7,2.4,407.7,155.9,1.8,284.9,662.9,60,212,3.1,2.3,800.9,35.8,1.4,0.9,0,271.91505891492943,31.5,31.5,2025-06-06 10:25:15
158.2,2.6,410.9,155.5,1.8,286.5,671.8,60.04,212.2,3.1,2.3,800.9,35.8,1.4,0.9,0,271.91505891492943,31.375,31.437,2025-06-06 10:25:40
159.3,2.6,405.0,158.5,1.8,291.8,671.6,60.03,211.8,3.2,2.3,800.9,35.8,1.4,0.9,0,271.91505891492943,31.062,31.062,2025-06-06 10:26:17
155.7,2.7,416.1,155.8,1.9,294.8,684.2,60.01,212,3.2,2.3,800.9,35.8,1.4,0.9,0,271.91505891492943,30.812,30.812,2025-06-06 10:26:42
158.7,2.7,425.7,156.6,1.9,290.6,690.1,60,211.9,3.3,2.3,800.9,35.8,1.4,0.9,0,271.91505891492943,30.812,30.812,2025-06-06 10:27:20
158.7,2.7,425.0,153.2,1.9,289.6,687.5,60,212.1,3.3,2.3,800.9,35.8,1.4,0.9,0,271.91505891492943,30.687,30.75,2025-06-06 10:27:45
156.2,2.7,419.8,156,1.9,293.5,687.5,60.02,212.2,3.2,2.3,800.9,35.8,1.4,0.9,0,271.91505891492943,30.812,30.875,2025-06-06 10:28:22
158.8,2.5,421.2,156,1.9,295.1,682.9,60.01,212.2,3.1,2.3,800.9,35.8,1.4,0.9,0,271.91505891492943,30.937,31.0,2025-06-06 10:28:47
158,2.6,414.6,153.6,1.9,291.8,682.5,59.96,212.1,3.2,2.3,800.9,35.9,1.4,0.9,0,271.91505891492943,31.062,31.125,2025-06-06 10:29:25
159.2,2.6,402.2,158.6,1.8,292.8,669.8,59.98,212,3.2,2.3,800.9,35.9,1.4,0.9,0,271.91505891492943,31.187,31.25,2025-06-06 10:29:50
158.8,2.4,399.6,155.9,1.8,290.4,666.1,59.98,212.2,3,2.4,801.0,35.9,1.4,0.9,0,271.91505891492943,31.312,31.312,2025-06-06 10:30:27
158.7,2.4,385.8,156.5,1.8,280.7,643.8,60.01,212.1,3,2.4,801.0,35.9,1.4,1.0,0,271.91505891492943,31.375,31.375,2025-06-06 10:30:52
155.9,2.3,361.0,156.1,1.7,279.7,619.7,60,212.1,2.8,2.4,801.0,35.9,1.4,1.0,0,233.07005049851097,31.5,31.5,2025-06-06 10:31:30
158.3,2.2,347.8,156,1.7,274.8,603.0,60.03,211.8,2.8,2.4,801.0,35.9,1.4,1.0,0,233.07005049851097,31.25,31.25,2025-06-06 10:31:54
155.6,2.1,330.9,159.5,1.7,258.9,574.2,60,211.9,2.7,2.4,801.0,35.9,1.4,1.0,0,194.22504208209244,30.687,30.687,2025-06-06 10:32:32
153.1,2.1,324.4,153.7,1.6,256.4,559.4,60.02,211.9,2.7,2.4,801.0,35.9,1.4,1.0,0,194.22504208209244,30.437,30.437,2025-06-06 10:32:57
155.7,2.1,326.2,159,1.6,247.2,558.8,59.99,212.1,2.6,2.4,801.0,35.9,1.5,1.0,0,233.07005049851097,30.437,30.437,2025-06-06 10:33:35
155.8,2.1,333.5,153.5,1.5,242.5,559.5,60,211.9,2.6,2.4,801.0,35.9,1.5,1.0,0,233.07005049851097,30.562,30.562,2025-06-06 10:33:59
155.7,2.1,322.1,156,1.4,226.1,533.1,60.03,212,2.5,2.4,801.0,36,1.5,1.0,0,194.22504208209244,30.687,30.75,2025-06-06 10:34:37
155.9,1.9,313.5,155.9,1.3,213.8,514.5,60,212.2,2.4,2.4,801.0,36,1.5,1.0,0,194.22504208209244,30.625,30.625,2025-06-06 10:35:02
158.8,1.8,294.3,155.4,1.2,199.3,483.5,60.02,212,2.2,2.4,801.0,35.8,1.5,1.0,0,194.22504208209244,30.25,30.312,2025-06-06 10:35:40
155.6,1.8,285.3,155.9,1.2,193.9,469.7,60,212.1,2.2,2.4,801.0,35.8,1.5,1.0,0,194.22504208209244,30.187,30.187,2025-06-06 10:36:04
156.8,1.7,264.0,154.6,1.2,187.7,442.9,59.99,211.8,2.1,2.4,801.0,35.9,1.5,1.0,0,194.22504208209244,29.937,29.937,2025-06-06 10:36:42
152.9,1.6,254.9,151.6,1.1,181.1,428.3,59.99,211.8,2,2.4,801.0,35.9,1.5,1.0,0,155.38003366567398,29.937,29.812,2025-06-06 10:37:07
155.7,1.5,245.4,155.8,1.1,173.7,410.4,60.03,211.8,1.9,2.4,801.0,35.9,1.5,1.0,0,155.38003366567398,29.687,29.75,2025-06-06 10:37:44
155.5,1.5,237.3,154.6,1.1,169.9,399.3,60,211.8,1.8,2.4,801.0,35.9,1.5,1.0,0,155.38003366567398,29.687,29.75,2025-06-06 10:38:09
152.9,1.4,223.9,151.7,1,162.0,378.0,59.99,211.7,1.7,2.4,801.0,35.9,1.5,1.0,0,155.38003366567398,29.625,29.625,2025-06-06 10:38:47
157.9,1.3,217.7,151.6,1,158.1,368.8,60.03,211.6,1.7,2.4,801.0,35.9,1.5,1.0,0,155.38003366567398,29.625,29.687,2025-06-06 10:39:12
155.6,1.3,211.1,154.5,0.9,154.0,357.8,60.03,211.5,1.6,2.4,801.0,35.9,1.5,1.0,0,116.53502524925548,29.562,29.562,2025-06-06 10:39:49
156.5,1.3,199.2,154.6,0.9,152.2,344.5,60.03,211.5,1.6,2.4,801.0,35.9,1.5,1.0,0,116.53502524925548,29.5,29.5,2025-06-06 10:40:14
155.7,1.2,202.3,157.7,0.9,141.7,336.9,60,211.6,1.6,2.4,801.0,35.8,1.5,1.0,0,116.53502524925548,29.437,29.437,2025-06-06 10:40:52
157.5,1.2,201.4,155.3,0.9,146.2,332.7,59.98,211.6,1.5,2.4,801.0,35.8,1.5,1.0,0,116.53502524925548,29.187,29.187,2025-06-06 10:41:17
155.8,1.2,201.7,154.6,0.9,144.3,339.2,60.03,211.7,1.6,2.4,801.0,35.7,1.5,1.0,0,116.53502524925548,29.062,29.062,2025-06-06 10:41:54
155.7,1.2,200.6,151.7,0.9,140.6,334.0,59.97,211.7,1.5,2.4,801.0,35.7,1.5,1.0,0,116.53502524925548,29.0,29.0,2025-06-06 10:42:19
152.5,1.2,197.5,151.7,0.8,138.5,328.1,59.98,211.8,1.5,2.5,801.1,35.7,1.5,1.0,0,116.53502524925548,29.0,29.0,2025-06-06 10:42:57
155.7,1.2,199.8,154.4,0.8,139.1,332.4,60.02,212,1.6,2.5,801.1,35.7,1.5,1.0,0,116.53502524925548,29.062,29.062,2025-06-06 10:43:22
153.6,1.2,200.3,153.7,0.8,137.1,330.8,59.99,211.6,1.5,2.5,801.1,35.7,1.5,1.0,0,116.53502524925548,29.125,29.125,2025-06-06 10:43:59
155.6,1.2,201.7,151.7,0.8,136.6,331.6,59.99,211.9,1.5,2.5,801.1,35.7,1.5,1.0,0,116.53502524925548,29.125,29.125,2025-06-06 10:44:24
155.6,1.2,205.1,155.5,0.8,140.0,338.3,59.99,211.8,1.6,2.5,801.1,35.7,1.5,1.0,0,116.53502524925548,29.187,29.187,2025-06-06 10:45:02
155.5,1.3,208.0,151.6,0.9,140.7,340.3,60.03,211.8,1.6,2.5,801.1,35.7,1.5,1.0,0,116.53502524925548,29.0,28.937,2025-06-06 10:45:27
157.4,1.3,214.5,156.7,0.9,146.3,353.7,60.02,211.8,1.6,2.5,801.1,35.6,1.5,1.0,0,116.53502524925548,28.75,28.75,2025-06-06 10:46:04
158.8,1.3,219.7,152.2,0.9,147.9,360.5,60.02,211.8,1.6,2.5,801.1,35.6,1.5,1.0,0,116.53502524925548,28.625,28.687,2025-06-06 10:46:29
157.3,1.4,229.1,159,0.9,150.9,372.5,60.01,211.7,1.8,2.5,801.1,35.6,1.5,1.0,0,116.53502524925548,28.562,28.562,2025-06-06 10:47:07
155.6,1.5,235.6,159,0.9,156.3,383.9,60.01,211.8,1.7,2.5,801.1,35.6,1.5,1.0,0,116.53502524925548,28.5,28.5,2025-06-06 10:47:31
158.7,1.5,246.6,156,1,164.5,403.4,59.99,211.7,1.8,2.5,801.1,35.7,1.5,1.0,0,155.38003366567398,28.562,28.562,2025-06-06 10:48:09
155.7,1.5,247.2,153.1,1,166.0,405.1,59.99,211.5,1.9,2.5,801.1,35.6,1.5,1.0,0,155.38003366567398,28.625,28.625,2025-06-06 10:48:34
161.7,1.4,243.4,159,1,171.4,407.4,60.03,211.4,1.9,2.5,801.1,35.6,1.5,1.0,0,155.38003366567398,28.687,28.687,2025-06-06 10:49:12
160.1,1.6,243.8,156.1,1,170.4,405.8,60.04,211.7,1.9,2.5,801.1,35.6,1.5,1.0,0,155.38003366567398,28.875,28.875,2025-06-06 10:49:36
158.8,1.6,260.9,154,0.9,140.5,393.5,60.04,211.5,1.9,2.5,801.1,35.6,1.5,1.0,0,155.38003366567398,29.125,29.125,2025-06-06 10:50:14
159.4,1.5,256.0,145.6,1.2,178.1,425.7,60.05,211.8,2,2.5,801.1,35.7,1.5,1.0,0,155.38003366567398,29.25,29.25,2025-06-06 10:50:39
158.9,1.7,272.3,153.4,1.2,186.1,451.4,60.04,211.9,2.1,2.5,801.1,35.7,1.5,1.0,0,155.38003366567398,29.375,29.437,2025-06-06 10:51:16
158.2,1.7,271.6,148.7,1.2,184.0,446.5,60.02,211.8,2.1,2.5,801.1,35.7,1.5,1.0,0,155.38003366567398,29.437,29.437,2025-06-06 10:51:41
159.8,1.6,279.7,154.9,1.1,178.3,449.1,59.99,211.9,2,2.5,801.1,35.7,1.5,1.0,0,155.38003366567398,29.562,29.625,2025-06-06 10:52:19
158.7,1.8,282.2,150.1,1.2,185.5,458.5,59.99,211.8,2.1,2.5,801.1,35.6,1.5,1.0,0,155.38003366567398,29.687,29.687,2025-06-06 10:52:44
160.3,1.8,279.9,154.6,1.1,179.9,450.5,60.01,211.9,2.1,2.5,801.1,35.6,1.5,1.0,0,155.38003366567398,29.687,29.625,2025-06-06 10:53:21
155.8,1.8,288.3,150,1.1,177.8,457.1,60.02,211.8,2.1,2.5,801.1,35.6,1.5,1.0,0,194.22504208209244,29.75,29.75,2025-06-06 10:53:46
158.7,1.9,301.6,156,1.1,175.7,467.9,59.98,211.6,2.2,2.5,801.1,35.6,1.5,1.0,0,194.22504208209244,29.625,29.625,2025-06-06 10:54:24
158.7,1.9,305.4,160.1,1.1,177.0,474.3,60,211.8,2.2,2.5,801.1,35.6,1.5,1.0,0,194.22504208209244,29.437,29.437,2025-06-06 10:54:49
157.7,1.9,312.6,162.5,0.8,168.5,455.6,60,211.3,2.1,2.5,801.1,35.6,1.5,1.0,0,194.22504208209244,29.5,29.5,2025-06-06 10:55:26
160.3,1.9,311.8,159.6,1.1,179.3,480.9,59.98,211.4,2.3,2.5,801.1,35.6,1.5,1.0,0,194.22504208209244,29.5,29.5,2025-06-06 10:55:51
156.6,1.9,306.7,155.9,1.2,196.1,492.4,60.02,211.4,2.3,2.5,801.1,35.6,1.5,1.0,0,194.22504208209244,29.75,29.75,2025-06-06 10:56:29
160.1,1.9,295.9,153.1,1.2,192.0,477.7,60.01,211.6,2.3,2.5,801.1,35.6,1.6,1.0,0,194.22504208209244,29.75,29.875,2025-06-06 10:56:54
158.8,1.8,296.7,157.8,1.2,189.3,476.3,60.01,212,2.2,2.6,801.2,35.6,1.6,1.0,0,194.22504208209244,29.812,29.812,2025-06-06 10:57:31
158.7,1.8,294.2,158.7,1.1,183.7,466.1,60.02,212,2.2,2.6,801.2,35.6,1.6,1.0,0,194.22504208209244,29.812,29.812,2025-06-06 10:57:56
161.6,1.7,290.1,156,1.2,192.7,471.5,59.99,212.1,2.2,2.6,801.2,35.7,1.6,1.0,0,194.22504208209244,29.75,29.812,2025-06-06 10:58:34
157.4,1.9,302.0,149.1,1.2,176.1,465.0,60.02,211.8,2.2,2.6,801.2,35.7,1.6,1.0,0,194.22504208209244,29.687,29.75,2025-06-06 10:58:59
158.7,1.9,308.6,157.3,1.1,185.2,484.0,60.04,211.8,2.2,2.6,801.2,35.7,1.6,1.0,0,194.22504208209244,29.75,29.75,2025-06-06 10:59:36
158.7,2,315.8,161.9,1,173.8,479.7,60.02,211.9,2.2,2.6,801.2,35.7,1.6,1.0,0,194.22504208209244,29.75,29.812,2025-06-06 11:00:01
158.7,2,320.2,157.2,1,168.9,479.6,60,211.8,2.2,2.6,801.2,35.7,1.6,1.0,0,194.22504208209244,29.875,29.875,2025-06-06 11:00:39
158.7,2,320.6,151.6,1.3,196.0,503.7,60,212,2.3,2.6,801.2,35.7,1.6,1.0,0,194.22504208209244,29.875,29.937,2025-06-06 11:01:03
156.8,2,313.3,157.7,1.2,198.6,501.0,59.96,211.8,2.3,2.6,801.2,35.7,1.6,1.0,0,194.22504208209244,29.937,29.937,2025-06-06 11:01:41
161.6,2,308.9,161.9,1,173.5,472.9,59.97,211.9,2.2,2.6,801.2,35.7,1.6,1.0,0,194.22504208209244,29.937,30.0,2025-06-06 11:02:06
158.7,1.9,312.7,155.4,1.2,197.4,498.7,59.97,212,2.3,2.6,801.2,35.8,1.6,1.0,0,194.22504208209244,29.937,29.937,2025-06-06 11:02:44
158.6,1.9,307.8,157.7,1.1,181.3,483.2,59.97,212,2.2,2.6,801.2,35.8,1.6,1.0,0,194.22504208209244,29.75,29.75,2025-06-06 11:03:08
159,1.8,312.3,161.9,1.1,186.5,489.7,59.98,212,2.2,2.6,801.2,35.8,1.6,1.0,0,194.22504208209244,29.75,29.75,2025-06-06 11:03:46
158.6,1.9,310.9,156,1.3,211.1,510.6,59.99,212,2.3,2.6,801.2,35.8,1.6,1.1,0,194.22504208209244,29.687,29.75,2025-06-06 11:04:11
161.5,2,301.2,157.2,1.3,203.4,498.7,59.98,212,2.4,2.6,801.2,35.9,1.6,1.1,0,194.22504208209244,29.687,29.687,2025-06-06 11:04:48
156.9,2,313.0,152.8,1.3,200.8,500.2,59.97,212,2.4,2.6,801.2,35.9,1.6,1.1,0,194.22504208209244,29.687,29.5,2025-06-06 11:05:13
158.7,2,324.5,153.4,1.3,207.9,518.2,59.96,211.9,2.4,2.6,801.2,35.8,1.6,1.1,0,194.22504208209244,29.375,29.375,2025-06-06 11:05:51
158.8,2.1,330.6,158.5,1.3,222.3,538.7,60.01,212,2.5,2.6,801.2,35.9,1.6,1.1,0,194.22504208209244,29.375,29.312,2025-06-06 11:06:16
155.6,2.2,342.6,160.4,1.3,218.4,547.3,59.98,212,2.5,2.6,801.2,35.9,1.6,1.1,0,194.22504208209244,29.375,29.437,2025-06-06 11:06:53
159.1,2.1,357.4,158.7,1.5,238.4,576.0,59.98,211.7,2.6,2.6,801.2,35.9,1.6,1.1,0,233.07005049851097,29.562,29.562,2025-06-06 11:07:18
158.5,2.4,384.6,158.8,1.4,231.3,597.3,60.01,211.9,2.8,2.6,801.2,35.9,1.6,1.1,0,233.07005049851097,29.75,29.75,2025-06-06 11:07:56
161.4,2.5,391.2,157.8,1.5,230.0,606.6,59.97,212,2.9,2.6,801.2,36,1.6,1.1,0,233.07005049851097,29.812,29.875,2025-06-06 11:08:21
158.7,2.5,405.6,156,1.5,242.8,626.8,60,211.8,2.9,2.7,801.3,36.1,1.6,1.1,0,233.07005049851097,29.937,29.937,2025-06-06 11:08:58
158.7,2.6,407.3,159,1.4,236.6,622.9,59.99,212,2.9,2.7,801.3,36.1,1.6,1.1,0,233.07005049851097,29.937,29.937,2025-06-06 11:09:23
161.6,2.5,388.3,154.5,1.5,239.1,608.2,59.98,212.3,2.9,2.7,801.3,36.2,1.6,1.1,0,233.07005049851097,30.062,30.062,2025-06-06 11:10:01
155.7,2.4,386.7,154.7,1.5,238.8,606.0,60,212.1,2.8,2.7,801.3,36.2,1.6,1.1,0,233.07005049851097,30.187,30.187,2025-06-06 11:10:26
158.7,2.3,368.3,154.5,1.5,237.3,587.8,60.02,212.2,2.7,2.7,801.3,36.2,1.6,1.1,0,233.07005049851097,30.375,30.375,2025-06-06 11:11:03
158.6,2.2,350.3,154.7,1.5,235.0,568.5,59.99,212.1,2.6,2.7,801.3,36.3,1.6,1.1,0,194.22504208209244,30.5,30.5,2025-06-06 11:11:28
158.7,2.1,328.5,154.6,1.4,228.6,541.8,60.01,212.2,2.5,2.7,801.3,36.3,1.6,1.1,0,194.22504208209244,30.562,30.562,2025-06-06 11:12:06
155.8,1.9,310.4,152,1.4,218.8,514.6,60.04,212.1,2.3,2.7,801.3,36.2,1.6,1.1,0,194.22504208209244,30.562,30.562,2025-06-06 11:12:31
155.9,1.8,290.0,154.8,1.3,210.5,490.2,60.02,212.1,2.2,2.7,801.3,36.2,1.6,1.1,0,155.38003366567398,30.562,30.562,2025-06-06 11:13:08
155.7,1.8,279.4,154.6,1.3,204.0,473.0,60.03,212.1,2.2,2.7,801.3,36.1,1.6,1.1,0,155.38003366567398,30.562,30.562,2025-06-06 11:13:33
155.7,1.6,267.7,152.2,1.2,193.3,452.1,60.02,212.1,2.1,2.7,801.3,36,1.6,1.1,0,155.38003366567398,30.5,30.5,2025-06-06 11:14:11
156.2,1.7,262.9,154.4,1.2,189.8,443.9,60,212.2,2,2.7,801.3,36,1.6,1.1,0,155.38003366567398,30.437,30.437,2025-06-06 11:14:35
153.4,1.6,256.1,156.9,1.1,183.5,431.1,60.02,212,2,2.7,801.3,35.9,1.7,1.1,0,155.38003366567398,30.062,30.062,2025-06-06 11:15:13
152.8,1.6,250.6,154.6,1.1,181.1,423.1,60.02,212,2,2.7,801.3,35.8,1.7,1.1,0,155.38003366567398,29.875,29.937,2025-06-06 11:15:38
158,1.5,248.9,152.2,1.1,178.4,419.2,59.97,212.1,1.9,2.7,801.3,35.8,1.7,1.1,0,155.38003366567398,29.625,29.625,2025-06-06 11:16:16
155.7,1.5,245.4,151.7,1.1,176.7,414.2,60.01,212,1.9,2.7,801.3,35.7,1.7,1.1,0,155.38003366567398,29.437,29.437,2025-06-06 11:16:40
157.7,1.4,239.1,151.5,1.1,175.9,407.0,60.05,212,1.9,2.7,801.3,35.7,1.7,1.1,0,116.53502524925548,29.25,29.25,2025-06-06 11:17:18
153,1.5,232.4,152,1.1,175.8,400.6,60.03,211.8,1.9,2.7,801.3,35.7,1.7,1.1,0,116.53502524925548,29.062,29.062,2025-06-06 11:17:43
156.8,1.4,227.0,154.6,1.1,174.2,393.2,60.04,211.7,1.9,2.7,801.3,35.7,1.7,1.1,0,116.53502524925548,28.937,28.937,2025-06-06 11:18:20
155.5,1.4,221.1,157.5,1,170.9,384.9,60.04,211.9,1.8,2.7,801.3,35.7,1.7,1.1,0,116.53502524925548,28.875,28.875,2025-06-06 11:18:45
155.7,1.4,219.9,157.5,1,168.5,381.3,60.04,211.9,1.7,2.7,801.3,35.8,1.7,1.1,0,116.53502524925548,28.75,28.812,2025-06-06 11:19:23
155.5,1.4,219.2,158,1,161.6,372.9,60.01,211.9,1.8,2.7,801.3,35.6,1.7,1.1,0,116.53502524925548,28.562,28.625,2025-06-06 11:19:48
158.7,1.3,221.5,157.5,1,168.7,382.6,60,211.8,1.8,2.7,801.3,35.4,1.7,1.1,0,116.53502524925548,28.437,28.437,2025-06-06 11:20:25
155.7,1.4,230.5,154.9,1,167.6,390.9,59.97,211.8,1.8,2.7,801.3,35.3,1.7,1.1,0,116.53502524925548,28.375,28.375,2025-06-06 11:20:50
155.6,1.5,245.1,154.6,1.1,172.0,408.8,59.97,211.8,1.9,2.7,801.3,35.3,1.7,1.1,0,116.53502524925548,28.437,28.437,2025-06-06 11:21:28
158.7,1.6,260.5,157.6,1.1,179.2,431.1,60.03,211.9,2,2.8,801.4,35.4,1.7,1.1,0,116.53502524925548,28.5,28.5,2025-06-06 11:21:53
158.8,1.8,289.1,159.7,1.1,189.3,469.6,60,211.9,2.2,2.8,801.4,35.5,1.7,1.1,0,116.53502524925548,28.562,28.562,2025-06-06 11:22:30
157.3,2,308.3,154.8,1.2,196.5,494.2,60,211.9,2.3,2.8,801.4,35.6,1.7,1.1,0,155.38003366567398,28.625,28.625,2025-06-06 11:22:55
160.1,2.1,342.2,157.6,1.3,215.9,544.0,59.98,212,2.6,2.8,801.4,35.7,1.7,1.1,0,194.22504208209244,28.687,28.687,2025-06-06 11:23:33
160.2,2.3,367.0,158.9,1.4,231.2,581.1,60.01,212.2,2.7,2.8,801.4,35.7,1.7,1.1,0,194.22504208209244,28.75,28.75,2025-06-06 11:23:58
158.7,2.5,402.0,160,1.6,252.0,633.4,59.99,212.1,3,2.8,801.4,35.8,1.7,1.1,0,233.07005049851097,28.875,28.937,2025-06-06 11:24:35
158.7,2.7,423.7,156.1,1.7,262.6,665.0,59.99,212.3,3.1,2.8,801.4,35.9,1.7,1.1,0,233.07005049851097,29.0,29.0,2025-06-06 11:25:00
160.1,2.8,459.3,159,1.8,287.2,718.5,60.02,212.3,3.4,2.8,801.4,36.1,1.7,1.1,0,271.91505891492943,29.25,29.312,2025-06-06 11:25:38
161.7,3,482.3,158.5,1.9,297.9,750.7,60.03,212.4,3.6,2.8,801.4,36.2,1.7,1.1,0,271.91505891492943,29.5,29.5,2025-06-06 11:26:03
158.7,3.3,523.8,159.1,2,321.9,811.9,60.03,212.7,3.8,2.8,801.4,36.3,1.7,1.1,0,310.76006733134795,29.687,29.75,2025-06-06 11:26:40
163,3.5,533.1,159.1,2.1,335.2,833.9,60,212.6,4.1,2.8,801.4,36.4,1.7,1.1,0,349.6050757477664,29.875,29.875,2025-06-06 11:27:05
161.6,3.7,592.9,158.9,2.2,350.1,903.0,59.95,212.6,4.2,2.8,801.4,36.6,1.7,1.1,0,349.6050757477664,30.25,30.25,2025-06-06 11:27:43
158.7,3.8,594.4,156.8,2.2,352.6,907.7,59.97,212.6,4.2,2.8,801.4,36.7,1.7,1.1,0,388.4500841641849,30.5,30.5,2025-06-06 11:28:08
161.6,3.7,582.0,155.9,2.3,359.3,901.1,60.04,212.5,4.2,2.8,801.4,36.8,1.7,1.1,0,349.6050757477664,30.875,30.875,2025-06-06 11:28:45
156.8,3.6,573.3,156,2.3,362.1,894.3,59.97,212.4,4.2,2.8,801.4,36.8,1.7,1.1,0,349.6050757477664,31.062,31.062,2025-06-06 11:29:10
158.6,3.5,546.4,159,2.3,361.5,869.7,60.01,212.7,4.1,2.8,801.4,36.9,1.7,1.1,0,349.6050757477664,31.312,31.312,2025-06-06 11:29:48
157.6,3.3,528.5,153.4,2.3,359.0,848.9,59.99,212.6,4,2.9,801.5,37,1.7,1.2,0,349.6050757477664,31.375,31.375,2025-06-06 11:30:12
158.7,3.1,494.2,155.8,2.3,357.9,817.0,59.99,212.5,3.8,2.9,801.5,37.1,1.7,1.2,0,310.76006733134795,31.437,31.437,2025-06-06 11:30:50
158.7,2.9,469.3,156,2.3,354.3,790.8,60,212.1,3.6,2.9,801.5,37.1,1.7,1.2,0,271.91505891492943,31.312,31.375,2025-06-06 11:31:15
155.4,2.7,430.9,154.2,2.2,342.9,744.3,59.99,211.9,3.5,2.9,801.5,37.1,1.8,1.2,0,271.91505891492943,31.25,31.187,2025-06-06 11:31:52
161.6,2.6,404.2,155.7,1.9,336.6,712.9,59.99,212.1,3.3,2.9,801.5,37.1,1.8,1.2,0,271.91505891492943,31.062,31.062,2025-06-06 11:32:17
158.7,2.5,392.8,154.5,2.1,319.8,685.7,59.98,211.8,3.3,2.9,801.5,37.1,1.8,1.2,0,233.07005049851097,30.562,30.562,2025-06-06 11:32:55
158.7,2.4,380.5,159,2,309.8,664.7,60,211.9,3.2,2.9,801.5,37.1,1.8,1.2,0,233.07005049851097,30.437,30.437,2025-06-06 11:33:20
156.8,2.3,363.4,156,1.9,304.8,642.2,60.01,212.1,3,2.9,801.5,37.2,1.8,1.2,0,233.07005049851097,30.437,30.437,2025-06-06 11:33:57
158.8,2.3,354.0,156,1.9,295.5,626.9,60.02,211.9,2.9,2.9,801.5,37.1,1.8,1.2,0,194.22504208209244,30.437,30.5,2025-06-06 11:34:22
158.9,2.2,343.7,156.8,1.7,284.3,602.5,60.02,211.8,2.8,2.9,801.5,37.1,1.8,1.2,0,194.22504208209244,30.5,30.5,2025-06-06 11:35:00
155.3,2.2,343.4,154.2,1.8,277.5,600.3,59.98,211.8,2.8,2.9,801.5,37.1,1.8,1.2,0,194.22504208209244,30.5,30.562,2025-06-06 11:35:25
156.3,2.1,343.8,155,1.7,267.4,590.9,59.99,212,2.8,2.9,801.5,37.1,1.8,1.2,0,194.22504208209244,30.5,30.562,2025-06-06 11:36:02
157.1,2.2,347.7,154.8,1.7,267.6,594.4,60.02,212.2,2.8,2.9,801.5,37.1,1.8,1.2,0,194.22504208209244,30.437,30.437,2025-06-06 11:36:27
158.7,2.2,352.2,156,1.7,268.5,601.4,60,212.1,2.8,2.9,801.5,37.1,1.8,1.2,0,194.22504208209244,30.5,30.5,2025-06-06 11:37:05
157.4,2.3,355.1,155.9,1.7,267.4,602.5,60.02,212.3,2.8,2.9,801.5,37.2,1.8,1.2,0,194.22504208209244,30.375,30.375,2025-06-06 11:37:30
155.6,2.3,358.2,153,1.7,262.4,600.9,60.02,212.3,2.8,2.9,801.5,37.2,1.8,1.2,0,194.22504208209244,30.25,30.25,2025-06-06 11:38:07
154.2,2.3,359.4,156.7,1.6,254.9,591.5,60.03,212.2,2.8,2.9,801.5,37.2,1.8,1.2,0,194.22504208209244,30.062,30.062,2025-06-06 11:38:32
155.7,2.3,361.4,156.3,1.7,261.6,602.3,59.98,212.2,2.8,2.9,801.5,37.1,1.8,1.2,0,194.22504208209244,30.187,30.187,2025-06-06 11:39:10
152.8,2.3,357.2,159.7,1.5,250.6,590.7,60.04,212,2.7,3.0,801.6,37.1,1.8,1.2,0,194.22504208209244,30.25,30.25,2025-06-06 11:39:35
155.8,2.2,355.9,152.8,1.6,252.6,589.6,59.99,211.8,2.7,3.0,801.6,37.1,1.8,1.2,0,194.22504208209244,30.375,30.375,2025-06-06 11:40:12
158.8,2.2,348.7,156,1.6,249.1,581.6,60.02,212.2,2.6,3.0,801.6,37.1,1.8,1.2,0,194.22504208209244,30.5,30.5,2025-06-06 11:40:37
154.8,2.2,340.6,158.3,1.5,230.9,555.9,59.98,212.1,2.6,3.0,801.6,37.1,1.8,1.2,0,194.22504208209244,30.312,30.375,2025-06-06 11:41:15
156.6,2.1,328.2,156.1,1.5,232.4,546.9,60.01,212,2.5,3.0,801.6,37.1,1.8,1.2,0,194.22504208209244,30.375,30.375,2025-06-06 11:41:39
155.7,2,319.0,155.4,1.4,226.2,530.2,59.99,212.1,2.5,3.0,801.6,37.1,1.8,1.2,0,155.38003366567398,30.375,30.375,2025-06-06 11:42:17
156,2,308.3,152.9,1.4,217.7,512.3,59.97,212.2,2.4,3.0,801.6,37.1,1.8,1.2,0,155.38003366567398,30.5,30.5,2025-06-06 11:42:42
155.4,1.9,296.1,153.4,1.3,210.3,494.4,60,212.2,2.3,3.0,801.6,37.1,1.8,1.2,0,155.38003366567398,30.437,30.5,2025-06-06 11:43:20
155.7,1.7,287.6,156,1.3,206.2,482.7,60.03,212.1,2.2,3.0,801.6,37,1.8,1.2,0,155.38003366567398,30.437,30.5,2025-06-06 11:43:44
152.8,1.8,273.0,156.1,1.1,195.4,462.8,59.99,212,2.1,3.0,801.6,37,1.8,1.2,0,155.38003366567398,30.5,30.5,2025-06-06 11:44:22
158.1,1.7,263.3,158.4,1.2,186.9,441.4,60.02,211.9,2.1,3.0,801.6,36.9,1.8,1.2,0,116.53502524925548,30.437,30.437,2025-06-06 11:44:47
155.7,1.7,264.6,155.9,1.2,194.3,450.3,60.01,212,2.1,3.0,801.6,36.8,1.8,1.2,0,116.53502524925548,30.312,30.312,2025-06-06 11:45:24
156.1,1.6,259.4,155.8,1.2,193.5,444.0,59.99,212,2,3.0,801.6,36.7,1.8,1.2,0,155.38003366567398,30.25,30.25,2025-06-06 11:45:49
158.6,1.5,249.5,156.1,1.2,192.2,433.5,60.01,212,2,3.0,801.6,36.7,1.8,1.2,0,116.53502524925548,30.25,30.25,2025-06-06 11:46:27
155,1.6,248.3,155.2,1.2,191.2,430.9,59.99,211.9,2,3.0,801.6,36.7,1.8,1.2,0,116.53502524925548,30.312,30.312,2025-06-06 11:46:52
155.9,1.5,236.6,152.8,1.2,188.2,416.3,60.03,211.8,1.9,3.0,801.6,36.7,1.8,1.2,0,116.53502524925548,30.187,30.187,2025-06-06 11:47:29
153.1,1.5,234.8,155.8,1.2,186.5,414.8,60.01,212,1.9,3.0,801.6,36.7,1.8,1.2,0,116.53502524925548,30.125,30.187,2025-06-06 11:47:54
155.6,1.5,233.6,153.5,1.1,183.3,408.3,60,211.8,1.9,3.0,801.6,36.7,1.8,1.2,0,116.53502524925548,30.062,30.062,2025-06-06 11:48:32
155.6,1.4,230.7,156,1.1,181.3,404.2,60.03,211.8,1.9,3.0,801.6,36.7,1.8,1.2,0,116.53502524925548,30.0,30.0,2025-06-06 11:48:57
152.8,1.4,224.2,158.4,1.1,168.1,384.5,59.97,212.1,1.9,3.0,801.6,36.6,1.8,1.2,0,116.53502524925548,29.875,29.875,2025-06-06 11:49:34
158.7,1.3,223.5,156.1,1.1,171.0,386.7,59.98,212.2,1.8,3.0,801.6,36.5,1.8,1.2,0,116.53502524925548,29.812,29.812,2025-06-06 11:49:59
155.7,1.4,226.5,155.5,1.1,172.3,390.9,60,212,1.8,3.0,801.6,36.5,1.9,1.2,0,116.53502524925548,29.75,29.75,2025-06-06 11:50:37
155.9,1.4,223.7,153.2,1,169.2,385.4,60,211.6,1.8,3.0,801.6,36.5,1.9,1.2,0,116.53502524925548,29.75,29.75,2025-06-06 11:51:02
155.9,1.3,228.0,153.3,1,165.3,385.6,59.97,211.9,1.7,3.0,801.6,36.5,1.9,1.2,0,116.53502524925548,29.687,29.687,2025-06-06 11:51:39
155.7,1.4,229.8,155.9,0.9,166.9,389.0,59.99,212,1.7,3.1,801.7,36.5,1.9,1.2,0,116.53502524925548,29.625,29.625,2025-06-06 11:52:04
155.7,1.5,233.7,159,1,160.0,386.0,60,212,1.8,3.1,801.7,36.5,1.9,1.2,0,116.53502524925548,29.5,29.562,2025-06-06 11:52:42
155.6,1.5,235.8,155.9,1,164.6,392.5,59.98,212,1.8,3.1,801.7,36.5,1.9,1.2,0,116.53502524925548,29.5,29.5,2025-06-06 11:53:07
152.6,1.5,236.2,153.1,1,161.7,391.9,60.01,212,1.8,3.1,801.7,36.5,1.9,1.2,0,116.53502524925548,29.312,29.312,2025-06-06 11:53:44
158.1,1.5,240.4,153.9,1,161.8,394.0,60.04,212,1.8,3.1,801.7,36.6,1.9,1.2,0,116.53502524925548,29.25,29.25,2025-06-06 11:54:09
152.9,1.6,249.0,153.2,1,164.3,405.7,60.03,212.1,1.8,3.1,801.7,36.6,1.9,1.2,0,116.53502524925548,29.312,29.312,2025-06-06 11:54:47
152.9,1.6,255.7,159.2,0.9,167.4,414.8,59.98,212,1.9,3.1,801.7,36.6,1.9,1.2,0,116.53502524925548,29.437,29.437,2025-06-06 11:55:11
155.7,1.7,275.2,156,1.1,172.8,439.5,60.03,212,2.1,3.1,801.7,36.6,1.9,1.2,0,116.53502524925548,29.5,29.5,2025-06-06 11:55:49
155.9,1.8,287.0,156.1,1.1,177.9,456.6,59.98,211.9,2.1,3.1,801.7,36.6,1.9,1.2,0,155.38003366567398,29.5,29.437,2025-06-06 11:56:14
156.4,2,310.7,159,1.1,187.2,488.2,59.99,211.7,2.3,3.1,801.7,36.6,1.9,1.3,0,155.38003366567398,29.312,29.312,2025-06-06 11:56:51
155.7,2.1,321.7,161.7,1.1,187.5,498.7,60.03,211.8,2.3,3.1,801.7,36.7,1.9,1.3,0,155.38003366567398,29.25,29.25,2025-06-06 11:57:16
160.3,2.1,342.3,159.1,1.2,198.3,515.8,60.02,212.1,2.4,3.1,801.7,36.8,1.9,1.3,0,194.22504208209244,29.375,29.375,2025-06-06 11:57:54
155.6,2.2,346.6,156,1.2,197.2,532.6,60.03,212.2,2.5,3.1,801.7,36.8,1.9,1.3,0,194.22504208209244,29.437,29.5,2025-06-06 11:58:19
158.6,2.2,346.2,153.4,1.2,194.4,528.8,60.01,212.4,2.5,3.1,801.7,36.9,1.9,1.3,0,194.22504208209244,29.625,29.625,2025-06-06 11:58:56
158.5,2.2,346.1,153.2,1.2,195.9,529.3,60.01,211.5,2.5,3.1,801.7,36.9,1.9,1.3,0,194.22504208209244,29.75,29.75,2025-06-06 11:59:21
158.5,2.2,346.0,155.9,1.2,196.4,530.0,60.02,213.6,2.4,3.1,801.7,36.9,1.9,1.3,0,194.22504208209244,29.687,29.75,2025-06-06 11:59:59
158.4,2.1,341.5,156.7,1.2,192.6,524.9,59.98,214.2,2.3,3.1,801.7,36.9,1.9,1.3,0,194.22504208209244,29.687,29.687,2025-06-06 12:00:24
158.7,2.1,326.5,155.8,1.2,197.5,513.7,60,214.6,2.3,3.1,801.7,36.9,1.9,1.3,0,155.38003366567398,29.75,29.75,2025-06-06 12:01:01
155.6,2,314.2,159.1,1.2,189.4,494.2,59.97,214.8,2.2,3.1,801.7,36.9,1.9,1.3,0,155.38003366567398,29.812,29.812,2025-06-06 12:01:26
155.8,1.8,297.0,156,1.2,197.4,484.2,60,214.5,2.2,3.1,801.7,36.8,1.9,1.3,0,155.38003366567398,29.875,29.875,2025-06-06 12:02:04
155.7,1.8,286.1,153.3,1.2,192.1,468.3,60.03,214.6,2.1,3.1,801.7,36.8,1.9,1.3,0,155.38003366567398,29.937,29.937,2025-06-06 12:02:29
152.7,1.7,267.4,156.6,1.1,178.4,436.9,59.97,214.7,2,3.1,801.7,36.8,1.9,1.3,0,155.38003366567398,29.75,29.75,2025-06-06 12:03:06
158.7,1.6,256.0,156,1.1,178.6,426.0,60.03,214.7,1.9,3.1,801.7,36.7,1.9,1.3,0,116.53502524925548,29.562,29.562,2025-06-06 12:03:31
155.6,1.5,248.1,153.8,1,167.4,407.6,59.97,214.8,1.9,3.1,801.7,36.7,1.9,1.3,0,116.53502524925548,29.5,29.562,2025-06-06 12:04:09
155.8,1.5,238.5,153.2,1,160.2,391.1,60.04,214.9,1.8,3.1,801.7,36.6,1.9,1.3,0,116.53502524925548,29.562,29.562,2025-06-06 12:04:34
157.8,1.3,226.1,155.2,0.9,153.1,371.7,60.03,214.8,1.6,3.2,801.8,36.5,1.9,1.3,0,116.53502524925548,29.562,29.562,2025-06-06 12:05:11
155.7,1.3,217.1,153.2,0.9,147.8,358.0,59.99,214.8,1.6,3.2,801.8,36.5,1.9,1.3,0,116.53502524925548,29.5,29.5,2025-06-06 12:05:36
156.4,1.2,198.9,155,0.8,141.3,333.2,59.99,214.9,1.5,3.2,801.8,36.4,1.9,1.3,0,116.53502524925548,29.5,29.5,2025-06-06 12:06:14
155.6,1.2,196.9,150.4,0.8,136.3,326.7,60.01,214.9,1.5,3.2,801.8,36.4,1.9,1.3,0,116.53502524925548,29.312,29.312,2025-06-06 12:06:39
157.1,1.1,188.8,156,0.8,131.4,313.8,60.01,214.7,1.4,3.2,801.8,36.3,1.9,1.3,0,77.69001683283699,29.062,29.062,2025-06-06 12:07:16
153.1,1.1,182.6,156,0.7,129.7,306.3,60.04,214.6,1.3,3.2,801.8,36.3,1.9,1.3,0,77.69001683283699,28.937,28.937,2025-06-06 12:07:41
155.7,1,174.3,153.1,0.7,125.3,293.5,60.04,214.8,1.4,3.2,801.8,36.2,1.9,1.3,0,77.69001683283699,28.937,28.937,2025-06-06 12:08:19
155.7,1,170.6,153.1,0.7,122.3,287.2,60.04,214.8,1.4,3.2,801.8,36.1,1.9,1.3,0,77.69001683283699,28.937,28.937,2025-06-06 12:08:43
158.7,1,160.1,156.1,0.7,118.1,273.0,59.98,214.5,1.2,3.2,801.8,36.1,1.9,1.3,0,77.69001683283699,29.0,29.0,2025-06-06 12:09:21
156.7,1,158.6,153.7,0.7,115.2,273.2,60,214.3,1.2,3.2,801.8,36,1.9,1.3,0,77.69001683283699,29.0,29.0,2025-06-06 12:09:46
155.7,1,162.5,153.1,0.6,111.6,268.7,60.02,214.4,1.2,3.2,801.8,36,1.9,1.3,0,77.69001683283699,28.937,28.937,2025-06-06 12:10:23
153.6,1,161.7,156,0.6,110.0,266.5,59.99,214.5,1.2,3.2,801.8,35.9,1.9,1.3,0,77.69001683283699,28.937,28.937,2025-06-06 12:10:48
152.6,0.9,160.6,155.3,0.6,109.8,265.2,60.04,214.4,1.2,3.2,801.8,35.9,1.9,1.3,0,77.69001683283699,28.937,28.937,2025-06-06 12:11:26
155.7,0.9,160.5,153.2,0.6,110.1,265.3,60.03,214.5,1.2,3.2,801.8,35.9,1.9,1.3,0,77.69001683283699,28.937,28.937,2025-06-06 12:11:51
157.7,0.9,160.2,153,0.6,111.3,266.4,59.99,214.7,1.2,3.2,801.8,35.8,1.9,1.3,0,77.69001683283699,29.0,29.0,2025-06-06 12:12:28
158.7,0.9,156.4,153.2,0.6,110.9,262.3,59.98,214.7,1.2,3.2,801.8,35.8,1.9,1.3,0,77.69001683283699,29.0,29.0,2025-06-06 12:12:53
155.7,1,165.2,156,0.6,111.1,271.0,60.01,214.7,1.2,3.2,801.8,35.8,1.9,1.3,0,77.69001683283699,29.062,29.062,2025-06-06 12:13:31
155.6,1,169.3,155.9,0.6,111.7,275.5,60.01,214.7,1.3,3.2,801.8,35.8,1.9,1.3,0,77.69001683283699,29.0,29.0,2025-06-06 12:13:56
152.7,1,172.2,153,0.7,111.5,278.2,59.98,214.4,1.2,3.2,801.8,35.8,1.9,1.3,0,77.69001683283699,29.0,29.0,2025-06-06 12:14:33
152.7,1.1,178.9,155.5,0.7,112.2,285.2,59.97,214.4,1.4,3.2,801.8,35.8,1.9,1.3,0,77.69001683283699,28.937,29.0,2025-06-06 12:14:58
155.7,1.2,192.9,156,0.7,118.1,304.8,60,214.6,1.3,3.2,801.8,35.8,1.9,1.3,0,77.69001683283699,28.812,28.875,2025-06-06 12:15:36
157.9,1.2,199.7,158.2,0.7,119.4,312.2,59.96,214.5,1.4,3.2,801.8,35.7,2.0,1.3,0,77.69001683283699,28.75,28.75,2025-06-06 12:16:01
155.8,1.3,211.1,155.9,0.7,124.4,329.0,60.01,214.6,1.5,3.2,801.8,35.7,2.0,1.3,0,77.69001683283699,28.75,28.75,2025-06-06 12:16:38
154.7,1.3,216.6,156,0.8,129.6,339.4,59.98,214.8,1.5,3.2,801.8,35.8,2.0,1.3,0,116.53502524925548,28.75,28.75,2025-06-06 12:17:03
155.5,1.4,229.4,152.9,0.8,136.5,358.8,60.01,214.8,1.6,3.2,801.8,35.8,2.0,1.3,0,116.53502524925548,28.75,28.75,2025-06-06 12:17:41
158.7,1.4,236.7,153.1,0.9,141.3,370.6,60.04,214.8,1.6,3.2,801.8,35.9,2.0,1.3,0,116.53502524925548,28.625,28.625,2025-06-06 12:18:05
155.8,1.5,240.1,156.1,0.9,148.0,381.1,60.02,214.7,1.7,3.2,801.8,35.9,2.0,1.3,0,116.53502524925548,28.5,28.5,2025-06-06 12:18:43
155.7,1.5,240.5,155.9,0.9,152.0,384.7,59.99,214.6,1.7,3.2,801.8,36,2.0,1.3,0,116.53502524925548,28.437,28.437,2025-06-06 12:19:08
158.7,1.4,245.6,159.1,0.9,150.1,387.0,60.03,214.9,1.7,3.2,801.8,36,2.0,1.3,0,116.53502524925548,28.25,28.25,2025-06-06 12:19:46
158.7,1.5,244.0,156.1,0.9,154.3,390.4,60.02,215.1,1.8,3.2,801.8,36,2.0,1.3,0,116.53502524925548,28.187,28.187,2025-06-06 12:20:10
160.3,1.4,228.3,154.3,0.9,152.1,372.7,59.99,215.2,1.7,3.2,801.8,36,2.0,1.3,0,116.53502524925548,28.187,28.187,2025-06-06 12:20:48
155.7,1.4,230.4,153.2,0.9,146.6,369.8,60.03,215.1,1.7,3.2,801.8,36,2.0,1.3,0,116.53502524925548,28.0,28.0,2025-06-06 12:21:13
158.7,1.4,227.9,154.5,0.9,142.9,363.2,60.01,215,1.7,3.2,801.8,35.9,2.0,1.3,0,116.53502524925548,27.75,27.687,2025-06-06 12:21:51
155.8,1.3,219.9,156.2,0.8,140.7,353.5,60.02,214.9,1.6,3.2,801.8,35.8,2.0,1.3,0,116.53502524925548,27.625,27.625,2025-06-06 12:22:15
159.2,1.1,216.4,156.7,0.8,137.1,346.7,59.97,214.9,1.5,3.2,801.8,35.8,2.0,1.3,0,116.53502524925548,27.75,27.75,2025-06-06 12:22:53
161.9,1.3,208.2,159.5,0.8,130.1,328.5,59.98,214.8,1.6,3.2,801.8,35.7,2.0,1.3,0,116.53502524925548,27.812,27.812,2025-06-06 12:23:18
158.9,1.3,211.5,156.1,0.8,134.4,340.8,59.99,214.6,1.6,3.3,801.9,35.7,2.0,1.3,0,116.53502524925548,27.875,27.875,2025-06-06 12:23:56
156.8,1.3,213.1,154.3,0.8,134.0,340.4,60.01,214.4,1.6,3.3,801.9,35.7,2.0,1.3,0,116.53502524925548,27.875,27.875,2025-06-06 12:24:20
155.7,1.3,210.8,153.1,0.8,131.1,335.3,59.98,214.8,1.5,3.3,801.9,35.6,2.0,1.3,0,116.53502524925548,27.875,27.875,2025-06-06 12:24:58
157.2,1.3,211.7,154.7,0.8,130.5,335.5,60.01,214.7,1.5,3.3,801.9,35.5,2.0,1.3,0,77.69001683283699,27.875,27.937,2025-06-06 12:25:23
158.7,1.3,214.6,155.9,0.8,133.4,341.3,59.99,214.6,1.5,3.3,801.9,35.5,2.0,1.3,0,116.53502524925548,27.937,28.0,2025-06-06 12:26:00
159.3,1.1,214.6,156.9,0.7,134.8,342.7,60,214.6,1.5,3.3,801.9,35.4,2.0,1.3,0,116.53502524925548,28.0,28.0,2025-06-06 12:26:25
158.9,1.3,209.3,155.6,0.8,136.2,338.2,59.98,214.8,1.6,3.3,801.9,35.4,2.0,1.3,0,116.53502524925548,28.062,28.062,2025-06-06 12:27:03
158.6,1.3,216.8,155.8,0.8,141.9,353.6,59.98,214.9,1.6,3.3,801.9,35.4,2.0,1.3,0,116.53502524925548,28.062,28.062,2025-06-06 12:27:28
155.6,1.3,219.8,156,0.9,148.8,360.8,60.03,215.1,1.6,3.3,801.9,35.3,2.0,1.3,0,116.53502524925548,28.125,28.125,2025-06-06 12:28:05
155.9,1.4,220.5,153.2,0.9,153.7,366.3,60,214.8,1.7,3.3,801.9,35.3,2.0,1.3,0,116.53502524925548,28.187,28.187,2025-06-06 12:28:30
158.4,1.4,228.0,153.1,1,162.9,383.6,60,214.9,1.8,3.3,801.9,35.3,2.0,1.3,0,116.53502524925548,28.187,28.25,2025-06-06 12:29:08
158.8,1.4,233.0,156.1,1,171.6,396.6,59.99,215,1.8,3.3,801.9,35.3,2.0,1.3,0,116.53502524925548,28.25,28.25,2025-06-06 12:29:33
161.3,1.5,232.0,156.3,1.1,182.3,406.0,59.97,215.1,1.9,3.3,801.9,35.3,2.0,1.3,0,116.53502524925548,28.312,28.312,2025-06-06 12:30:10
158.7,1.5,246.3,159,1.2,190.9,429.9,59.98,215.3,2,3.3,801.9,35.3,2.0,1.3,0,116.53502524925548,28.312,28.375,2025-06-06 12:30:35
156,1.7,265.8,155.9,1.2,198.6,455.1,60.02,214.3,2.1,3.3,801.9,35.3,2.0,1.3,0,155.38003366567398,28.437,28.437,2025-06-06 12:31:13
158.8,1.8,286.3,156,1.3,205.4,481.9,59.99,214.5,2.2,3.3,801.9,35.3,2.0,1.3,0,155.38003366567398,28.437,28.5,2025-06-06 12:31:37
156,2,307.9,159,1.4,218.6,518.2,60.03,214.5,2.4,3.3,801.9,35.3,2.0,1.3,0,155.38003366567398,28.687,28.687,2025-06-06 12:32:15
161.5,2.1,331.0,161.7,1.4,217.9,535.8,60,214.6,2.5,3.3,801.9,35.4,2.0,1.3,0,194.22504208209244,28.812,28.812,2025-06-06 12:32:40
158.7,2.3,366.9,159,1.5,241.1,591.0,59.99,214.5,2.7,3.3,801.9,35.4,2.0,1.3,0,194.22504208209244,29.0,29.0,2025-06-06 12:33:18
161.6,2.4,384.2,158.6,1.6,249.6,614.8,59.99,214.6,2.8,3.3,801.9,35.4,2.0,1.3,0,233.07005049851097,29.125,29.187,2025-06-06 12:33:42
161.5,2.6,413.2,159.3,1.6,263.8,656.1,60,214.6,3.1,3.3,801.9,35.5,2.0,1.3,0,233.07005049851097,29.375,29.437,2025-06-06 12:34:20
161.5,2.7,430.3,159.3,1.7,270.9,677.5,59.98,214.5,3.2,3.3,801.9,35.5,2.0,1.3,0,233.07005049851097,29.437,29.625,2025-06-06 12:34:45
160.2,2.8,446.7,161.2,1.6,281.3,702.8,59.96,214.4,3.2,3.3,801.9,35.6,2.0,1.4,0,271.91505891492943,29.937,29.937,2025-06-06 12:35:23
160.2,2.9,456.2,158.8,1.8,291.3,719.7,59.98,214.3,3.3,3.3,801.9,35.7,2.0,1.4,0,271.91505891492943,30.187,30.25,2025-06-06 12:35:47
157.8,3,469.2,159.9,1.9,292.8,735.1,59.96,214.3,3.5,3.3,801.9,35.8,2.0,1.4,0,271.91505891492943,30.625,30.625,2025-06-06 12:36:25
160.2,2.9,488.3,156,1.9,306.4,762.6,59.97,214.4,3.5,3.4,802.0,35.8,2.0,1.4,0,310.76006733134795,30.812,30.812,2025-06-06 12:36:50
159.3,3,478.2,159,2,314.1,767.8,60,214.5,3.5,3.4,802.0,35.9,2.0,1.4,0,310.76006733134795,31.0,31.0,2025-06-06 12:37:27
160.7,3,476.2,158.9,2,316.5,762.7,59.97,214.5,3.5,3.4,802.0,35.9,2.1,1.4,0,310.76006733134795,31.0,31.062,2025-06-06 12:37:52
160.2,2.9,472.7,156.2,2,314.3,757.4,59.98,214.5,3.5,3.4,802.0,36,2.1,1.4,0,310.76006733134795,31.25,31.25,2025-06-06 12:38:30
160.3,2.9,465.6,158.5,2,314.7,750.8,59.96,214.6,3.5,3.4,802.0,36.1,2.1,1.4,0,271.91505891492943,31.25,31.375,2025-06-06 12:38:55
163.1,2.8,449.8,159,1.9,318.9,740.4,59.97,214.7,3.4,3.4,802.0,36.2,2.1,1.4,0,310.76006733134795,31.187,31.187,2025-06-06 12:39:32
157.8,2.9,456.6,160.7,1.8,316.0,744.3,59.96,214.7,3.4,3.4,802.0,36.2,2.1,1.4,0,310.76006733134795,31.062,31.062,2025-06-06 12:39:57
160.1,2.8,444.5,158.9,2,314.5,730.4,59.96,214.5,3.4,3.4,802.0,36.3,2.1,1.4,0,271.91505891492943,30.937,31.0,2025-06-06 12:40:35
159.1,2.8,438.5,157.9,2,318.8,731.8,59.97,214.7,3.4,3.4,802.0,36.3,2.1,1.4,0,271.91505891492943,31.062,31.062,2025-06-06 12:41:00
160.2,2.8,435.4,156,2,318.4,725.3,59.97,214.6,3.3,3.4,802.0,36.3,2.1,1.4,0,271.91505891492943,31.125,31.187,2025-06-06 12:41:37
157.1,2.7,427.8,156,2,319.0,720.0,59.99,214.5,3.3,3.4,802.0,36.4,2.1,1.4,0,271.91505891492943,31.187,31.187,2025-06-06 12:42:02
160.3,2.6,421.9,156,1.9,317.7,712.2,59.96,214.9,3.3,3.4,802.0,36.4,2.1,1.4,0,271.91505891492943,30.937,30.937,2025-06-06 12:42:40
157.2,2.6,413.6,155.9,2,314.7,702.7,59.97,214.8,3.2,3.4,802.0,36.4,2.1,1.4,0,271.91505891492943,30.812,30.812,2025-06-06 12:43:04
155.7,2.6,400.4,157.6,2,307.6,683.4,60.03,214.7,3.2,3.4,802.0,36.5,2.1,1.4,0,271.91505891492943,30.687,30.687,2025-06-06 12:43:42
160.3,2.6,399.1,153.2,2,306.8,681.0,60.04,214.7,3.2,3.4,802.0,36.5,2.1,1.4,0,271.91505891492943,30.562,30.562,2025-06-06 12:44:07
157.2,2.5,400.2,156.1,2,312.0,687.1,60,214.7,3.2,3.4,802.0,36.5,2.1,1.4,0,233.07005049851097,30.437,30.5,2025-06-06 12:44:45
157.2,2.5,398.8,156,2,312.5,685.8,60.04,214.7,3.2,3.5,802.1,36.5,2.1,1.4,0,233.07005049851097,30.375,30.375,2025-06-06 12:45:09
158.3,2.5,401.0,154.7,2,313.7,689.3,60.04,214.8,3.1,3.5,802.1,36.5,2.1,1.4,0,233.07005049851097,30.25,30.25,2025-06-06 12:45:47
157.2,2.6,403.9,156,2,316.3,694.1,60.04,214.7,3.2,3.5,802.1,36.5,2.1,1.4,0,233.07005049851097,30.187,30.187,2025-06-06 12:46:12
159.4,2.6,402.0,157,2,314.9,697.0,59.98,214.4,3.2,3.5,802.1,36.5,2.1,1.4,0,233.07005049851097,30.312,30.312,2025-06-06 12:46:49
156.2,2.6,403.6,159,1.9,314.1,691.4,60,214.5,3.3,3.5,802.1,36.5,2.1,1.4,0,271.91505891492943,30.375,30.375,2025-06-06 12:47:14
157.2,2.6,408.1,155.8,2,312.5,694.7,60.03,214.5,3.2,3.5,802.1,36.6,2.1,1.4,0,271.91505891492943,30.687,30.75,2025-06-06 12:47:52
157.1,2.5,401.6,154.1,2,306.9,682.7,60.02,214.6,3.1,3.5,802.1,36.6,2.1,1.4,0,233.07005049851097,30.937,31.0,2025-06-06 12:48:17
154.1,2.5,385.7,159.1,1.8,296.1,658.6,59.99,214.5,3.1,3.5,802.1,36.6,2.1,1.4,0,233.07005049851097,31.375,31.375,2025-06-06 12:48:54
158.4,2.3,383.4,154.5,1.9,294.5,654.4,59.98,214.6,3,3.5,802.1,36.6,2.1,1.4,0,233.07005049851097,31.437,31.5,2025-06-06 12:49:19
157.3,2.4,371.4,156,1.8,287.6,636.7,60.01,214.5,2.9,3.5,802.1,36.7,2.1,1.4,0,233.07005049851097,31.562,31.562,2025-06-06 12:49:57
159.3,2.3,356.6,154.3,1.8,285.9,628.0,60,214.3,2.9,3.5,802.1,36.7,2.1,1.4,0,233.07005049851097,31.562,31.562,2025-06-06 12:50:22
157.2,2.2,361.9,156,1.8,283.5,623.7,59.99,214.3,2.8,3.5,802.1,36.8,2.1,1.4,0,233.07005049851097,31.312,31.312,2025-06-06 12:50:59
157.2,2.3,358.8,155.9,1.8,280.0,618.3,59.99,214.2,2.8,3.5,802.1,36.8,2.1,1.4,0,233.07005049851097,31.125,31.125,2025-06-06 12:51:24
159.7,2.1,340.9,154.5,1.7,270.7,593.3,60.03,214.6,2.8,3.5,802.1,36.8,2.1,1.4,0,233.07005049851097,31.062,31.125,2025-06-06 12:52:02
154,2.3,352.7,155.9,1.7,272.5,604.7,59.99,214.6,2.8,3.5,802.1,36.8,2.2,1.4,0,233.07005049851097,31.062,31.062,2025-06-06 12:52:27
157.2,2.3,365.5,158.9,1.7,267.9,613.8,60,214.1,2.9,3.5,802.1,36.8,2.2,1.4,0,233.07005049851097,31.125,31.125,2025-06-06 12:53:04
157.3,2.4,374.9,159,1.7,270.6,625.7,60.04,214.4,2.9,3.5,802.1,36.8,2.2,1.4,0,233.07005049851097,31.125,31.062,2025-06-06 12:53:29
156.5,2.6,401.6,156,1.8,280.3,658.0,60.03,214.4,3,3.6,802.2,36.8,2.2,1.4,0,271.91505891492943,31.0,31.062,2025-06-06 12:54:07
157.2,2.6,421.9,156,1.8,289.0,684.8,60.02,214.5,3.1,3.6,802.2,36.8,2.2,1.4,0,271.91505891492943,31.0,31.0,2025-06-06 12:54:32
154.6,2.9,445.2,155.6,1.9,301.5,721.5,60.01,214.5,3.3,3.6,802.2,36.8,2.2,1.5,0,310.76006733134795,31.062,31.125,2025-06-06 12:55:09
158.9,3,459.1,157.2,1.9,309.0,738.5,60.02,214.4,3.4,3.6,802.2,36.9,2.2,1.5,0,310.76006733134795,31.125,31.187,2025-06-06 12:55:34
157.3,3,473.4,156.3,2,316.7,758.5,60.02,214.4,3.5,3.6,802.2,36.9,2.2,1.5,0,310.76006733134795,31.437,31.437,2025-06-06 12:56:12
157.2,3.1,479.0,157.8,2,315.5,765.2,60.02,214.3,3.6,3.6,802.2,37,2.2,1.5,0,310.76006733134795,31.625,31.625,2025-06-06 12:56:36
160.1,3,483.6,156,2.1,327.7,780.0,59.99,214.3,3.7,3.6,802.2,37.1,2.2,1.5,0,310.76006733134795,31.875,31.875,2025-06-06 12:57:14
156.2,3.2,497.9,155.9,2.1,329.8,794.8,59.98,214.4,3.7,3.6,802.2,37.2,2.2,1.5,0,310.76006733134795,31.875,32.187,2025-06-06 12:57:39
158.5,3.9,639.5,150.3,2.5,373.0,967.0,59.99,214.7,4.3,3.6,802.2,37.3,2.2,1.5,0,427.2950925806034,32.687,32.687,2025-06-06 12:58:17
158.7,3.4,545.6,156.8,2.2,350.7,859.1,60,214.4,4,3.6,802.2,37.4,2.2,1.5,0,388.4500841641849,33.0,33.0,2025-06-06 12:58:41
151.1,3.8,569.1,157.4,2.2,342.5,872.1,59.96,214.4,4.2,3.6,802.2,37.4,2.2,1.5,0,388.4500841641849,33.25,33.312,2025-06-06 12:59:19
154.2,4.7,716.9,157.6,2.6,408.2,1071.9,59.99,214.9,4.9,3.6,802.2,37.5,2.2,1.5,0,504.9851094134404,33.187,33.187,2025-06-06 12:59:44
154.6,4.3,656.1,156.1,2.5,390.7,995.0,60.01,214.6,4.6,3.6,802.2,37.7,2.2,1.5,0,504.9851094134404,33.25,33.25,2025-06-06 13:00:21
159.5,5,820.7,158.9,2.8,445.4,1207.8,60,214.6,5.4,3.6,802.2,37.8,2.2,1.5,0,543.8301178298589,33.312,33.312,2025-06-06 13:00:46
156.3,4.5,717.5,155.4,2.7,421.7,1087.1,59.98,214.4,4.8,3.7,802.3,38.1,2.2,1.5,0,504.9851094134404,33.312,33.312,2025-06-06 13:01:24
157.3,4.7,729.2,153,2.7,411.3,1086.8,59.96,214.5,5,3.7,802.3,38.1,2.2,1.5,0,504.9851094134404,33.375,33.375,2025-06-06 13:01:49
157.2,4.1,641.5,154.5,2.5,388.6,983.3,60,214.1,4.5,3.7,802.3,38.2,2.2,1.5,0,427.2950925806034,33.375,33.375,2025-06-06 13:02:26
157.1,4,619.7,154.6,2.5,382.8,957.3,59.99,214.2,4.4,3.7,802.3,38.3,2.2,1.5,0,427.2950925806034,33.437,33.437,2025-06-06 13:02:51
152.8,4.4,678.6,154.8,2.6,422.6,1047.6,60,214.2,4.8,3.7,802.3,38.4,2.3,1.5,0,466.14010099702193,33.75,33.75,2025-06-06 13:03:29
157,4.6,718.0,156.8,2.8,429.6,1094.4,60.02,214.5,5,3.7,802.3,38.5,2.3,1.5,0,504.9851094134404,34.0,34.0,2025-06-06 13:03:54
155.8,4.3,693.2,151.8,2.7,423.0,1059.3,59.99,214.6,4.8,3.7,802.3,38.5,2.3,1.5,0,466.14010099702193,34.187,34.187,2025-06-06 13:04:31
153.4,4.7,699.2,150.9,2.9,438.2,1079.3,60.01,214.7,5.1,3.7,802.3,38.5,2.3,1.5,0,543.8301178298589,34.312,34.312,2025-06-06 13:04:56
149.9,4.5,676.4,156.1,2.8,439.4,1060.9,59.99,214.2,4.9,3.7,802.3,38.6,2.3,1.5,0,504.9851094134404,34.5,34.5,2025-06-06 13:05:34
157.2,3.9,611.8,156.4,2.5,412.4,977.8,60.03,214.3,4.4,3.7,802.3,38.6,2.3,1.5,0,427.2950925806034,34.312,34.312,2025-06-06 13:05:59
155.6,4.7,725.5,150.2,3,450.6,1118.2,59.98,214.8,5.1,3.7,802.3,38.6,2.3,1.5,0,504.9851094134404,34.312,34.312,2025-06-06 13:06:36
157.4,5,768.6,151.7,3.1,472.6,1177.6,60.03,214.9,5.5,3.8,802.4,38.7,2.3,1.5,0,582.6751262462774,34.312,34.312,2025-06-06 13:07:01
157.2,5.2,804.5,150.4,3.3,498.0,1236.2,60.03,214.8,5.7,3.8,802.4,38.9,2.3,1.5,0,621.5201346626959,34.625,34.625,2025-06-06 13:07:39
154.4,4.7,745.7,155.7,3.1,474.1,1155.1,60.03,214.9,5.3,3.8,802.4,39.1,2.3,1.5,0,543.8301178298589,34.75,34.687,2025-06-06 13:08:03
154.4,4.5,687.6,153.2,3,451.7,1090.3,59.97,214.7,4.9,3.8,802.4,39.2,2.3,1.5,0,504.9851094134404,34.562,34.562,2025-06-06 13:08:41
154.3,4.5,692.0,153.1,3,457.9,1094.3,59.98,214.6,5.1,3.8,802.4,39.3,2.3,1.5,0,543.8301178298589,34.375,34.375,2025-06-06 13:09:06
154.2,4.8,737.8,153,3.1,480.4,1158.2,59.99,214.8,5.3,3.8,802.4,39.4,2.3,1.6,0,582.6751262462774,34.375,34.375,2025-06-06 13:09:44
154.5,4.8,739.1,149.9,3.2,490.6,1168.6,60.01,214.7,5.3,3.8,802.4,39.5,2.3,1.6,0,582.6751262462774,34.437,34.437,2025-06-06 13:10:08
157.1,4.8,738.4,154.4,3.1,486.1,1165.0,59.99,214.9,5.3,3.8,802.4,39.7,2.3,1.6,0,543.8301178298589,34.437,34.437,2025-06-06 13:10:46
153.7,4.9,769.2,152.9,3.2,502.4,1205.8,60.04,215,5.5,3.8,802.4,39.8,2.3,1.6,0,582.6751262462774,34.375,34.375,2025-06-06 13:11:11
154.1,3.6,560.3,153.1,2.6,404.6,920.7,60.02,214.1,4.2,3.8,802.4,39.8,2.4,1.6,0,427.2950925806034,33.75,33.812,2025-06-06 13:11:49
155,3.3,502.0,150.4,2.4,370.3,834.9,59.99,214.1,3.9,3.9,802.5,39.8,2.4,1.6,0,349.6050757477664,33.437,33.437,2025-06-06 13:12:13
151.3,3.4,505.5,153.2,2.4,369.3,839.9,60.02,214,3.9,3.9,802.5,39.7,2.4,1.6,0,388.4500841641849,33.5,33.5,2025-06-06 13:12:51
154.8,2.9,454.3,153,2.3,348.4,770.1,59.98,213.9,3.5,3.9,802.5,39.7,2.4,1.6,0,349.6050757477664,33.562,33.625,2025-06-06 13:13:16
152.7,2.5,394.9,153.8,2,303.5,671.3,60.03,213.6,3.1,3.9,802.5,39.6,2.4,1.6,0,271.91505891492943,33.375,33.375,2025-06-06 13:13:54
152.6,2.5,378.2,150.1,1.9,291.4,643.8,59.99,213.7,3,3.9,802.5,39.5,2.4,1.6,0,233.07005049851097,33.312,33.312,2025-06-06 13:14:18
153.6,2.4,357.8,153.2,1.8,284.6,619.5,60,213.8,2.9,3.9,802.5,39.4,2.4,1.6,0,233.07005049851097,33.187,33.187,2025-06-06 13:14:56
149.9,2.3,354.5,153.1,1.8,280.7,612.8,60,213.8,2.9,3.9,802.5,39.4,2.4,1.6,0,233.07005049851097,32.875,32.875,2025-06-06 13:15:21
152.8,2.3,357.9,150.9,1.8,277.1,611.2,60.01,213.8,2.8,3.9,802.5,39.3,2.4,1.6,0,233.07005049851097,32.75,32.75,2025-06-06 13:15:58
152.7,2.3,358.3,153,1.8,275.6,611.4,59.97,213.8,2.8,3.9,802.5,39.2,2.4,1.6,0,233.07005049851097,32.812,32.812,2025-06-06 13:16:23
150.7,2.3,357.7,155.1,1.7,273.1,608.9,60.05,213.8,2.8,3.9,802.5,39.1,2.4,1.6,0,233.07005049851097,32.937,32.937,2025-06-06 13:17:01
152.7,2.3,358.4,154.8,1.7,272.7,609.1,60,213.8,2.8,3.9,802.5,39.1,2.4,1.6,0,233.07005049851097,33.0,33.0,2025-06-06 13:17:26
153.9,2.3,357.6,155.9,1.7,271.3,610.0,59.96,213.9,2.8,3.9,802.5,39.1,2.4,1.6,0,233.07005049851097,33.0,33.0,2025-06-06 13:18:03
152.7,2.4,361.1,153.7,1.7,269.1,609.8,59.99,213.8,2.9,3.9,802.5,39.1,2.4,1.6,0,233.07005049851097,32.812,32.812,2025-06-06 13:18:28
155.7,2.4,365.5,153.1,1.7,269.5,612.4,59.97,213.9,2.9,3.9,802.5,39.1,2.4,1.6,0,233.07005049851097,32.625,32.625,2025-06-06 13:19:06
157.6,2.2,371.4,155.4,1.7,271.1,619.5,60.02,213.9,2.8,3.9,802.5,39.1,2.4,1.6,0,233.07005049851097,32.687,32.687,2025-06-06 13:19:31
155.7,2.5,387.7,156,1.7,279.0,642.2,59.98,213.8,2.9,3.9,802.5,39.2,2.4,1.6,0,233.07005049851097,32.687,32.687,2025-06-06 13:20:08
155.7,2.6,400.7,157.1,1.8,268.5,646.3,59.99,213.8,3.1,3.9,802.5,39.2,2.4,1.6,0,271.91505891492943,32.687,32.687,2025-06-06 13:20:33
158.7,2.7,408.6,155.9,1.8,289.0,673.0,59.98,213.9,3.2,4.0,802.6,39.3,2.4,1.6,0,271.91505891492943,32.937,33.0,2025-06-06 13:21:11
153.6,2.8,433.2,154.1,1.9,291.6,691.4,60.01,214,3.2,4.0,802.6,39.3,2.4,1.6,0,271.91505891492943,33.187,33.187,2025-06-06 13:21:35
155.7,2.9,448.9,153.2,1.9,299.8,723.7,59.99,214,3.4,4.0,802.6,39.2,2.4,1.6,0,310.76006733134795,33.375,33.375,2025-06-06 13:22:13
155.7,3,461.6,156,1.9,306.4,738.5,60,213.8,3.5,4.0,802.6,39.2,2.4,1.6,0,310.76006733134795,33.5,33.5,2025-06-06 13:22:38
153.9,3,469.9,157.5,1.9,313.2,753.4,59.98,213.8,3.4,4.0,802.6,39.2,2.4,1.6,0,310.76006733134795,33.687,33.687,2025-06-06 13:23:16
155.7,3,475.7,159,2,306.4,752.7,59.97,213.6,3.5,4.0,802.6,39.2,2.4,1.6,0,310.76006733134795,33.812,33.875,2025-06-06 13:23:40
154.3,3,466.3,156,2.1,325.7,761.2,59.97,213.7,3.6,4.0,802.6,39.2,2.4,1.6,0,310.76006733134795,34.062,34.062,2025-06-06 13:24:18
158.6,3,455.8,156,2.1,327.5,751.3,60,213.9,3.5,4.0,802.6,39.2,2.4,1.6,0,310.76006733134795,34.062,34.062,2025-06-06 13:24:43
155.7,2.9,445.1,158.3,2.1,313.8,729.6,59.97,213.9,3.5,4.0,802.6,39.3,2.4,1.6,0,310.76006733134795,33.625,33.625,2025-06-06 13:25:21
155.7,2.8,426.0,154.7,2.1,326.7,728.7,59.99,213.8,3.4,4.0,802.6,39.2,2.4,1.6,0,310.76006733134795,33.25,33.312,2025-06-06 13:25:45
156.3,2.5,412.6,153.9,2,318.8,692.8,60.01,213.8,3.2,4.0,802.6,39.2,2.5,1.6,0,271.91505891492943,32.625,32.625,2025-06-06 13:26:23
153.8,2.6,403.8,154.3,2,316.2,693.7,60.02,213.8,3.2,4.0,802.6,39.1,2.5,1.6,0,271.91505891492943,32.25,32.25,2025-06-06 13:26:48
158.2,2.6,394.9,153.1,2,312.7,680.5,59.98,213.6,3.2,4.0,802.6,39.1,2.5,1.6,0,271.91505891492943,31.875,31.875,2025-06-06 13:27:25
154.3,2.6,400.0,154.6,2,312.7,685.3,60.02,213.7,3.2,4.0,802.6,39,2.5,1.6,0,271.91505891492943,31.687,31.687,2025-06-06 13:27:50
155.7,2.7,416.9,156,2,318.1,708.0,60,214,3.2,4.0,802.6,39,2.5,1.7,0,271.91505891492943,31.875,31.875,2025-06-06 13:28:28
155.7,2.7,427.4,156,2,321.7,721.0,60,214.1,3.4,4.0,802.6,39,2.5,1.7,0,271.91505891492943,32.125,32.125,2025-06-06 13:28:53
152.6,2.9,439.5,159,2.1,320.7,732.9,60.02,214,3.5,4.1,802.7,39,2.5,1.7,0,310.76006733134795,32.5,32.562,2025-06-06 13:29:30
156.7,2.8,455.2,155.7,2.1,333.7,744.4,60.03,214,3.5,4.1,802.7,39,2.5,1.7,0,310.76006733134795,32.812,32.812,2025-06-06 13:29:55
156.1,3.1,470.7,155.9,2.2,336.5,774.8,60.02,214.1,3.7,4.1,802.7,39.1,2.5,1.7,0,310.76006733134795,32.687,32.687,2025-06-06 13:30:33
158,3.1,484.7,156.1,2.2,351.4,801.8,60,214.2,3.8,4.1,802.7,39.1,2.5,1.7,0,310.76006733134795,32.562,32.562,2025-06-06 13:30:58
155.7,3.3,521.5,154.9,2.4,373.7,856.4,59.98,214.2,4,4.1,802.7,39.1,2.5,1.7,0,349.6050757477664,32.625,32.687,2025-06-06 13:31:35
148.6,4.6,661.1,153.2,2.9,447.3,1054.3,60.05,214.3,5,4.1,802.7,39.2,2.5,1.7,0,504.9851094134404,32.875,32.875,2025-06-06 13:32:00
153.7,4.5,685.0,156,3.1,478.3,1106.7,60.02,214.4,5.2,4.1,802.7,39.4,2.5,1.7,0,504.9851094134404,33.375,33.437,2025-06-06 13:32:38
158.7,4.4,687.1,153.1,3,466.5,1100.6,59.99,214.4,5.2,4.1,802.7,39.5,2.5,1.7,0,504.9851094134404,33.75,33.75,2025-06-06 13:33:03
155.8,4.1,627.3,155.3,2.8,443.6,1020.8,59.98,214.2,4.7,4.1,802.7,39.6,2.5,1.7,0,427.2950925806034,34.062,34.062,2025-06-06 13:33:40
156,4.1,629.1,156,2.7,450.2,1027.2,60,214.1,4.7,4.1,802.7,39.7,2.5,1.7,0,466.14010099702193,33.937,33.937,2025-06-06 13:34:05
155.3,4.3,659.3,153.4,3,465.3,1071.4,60.02,214.2,4.9,4.1,802.7,39.8,2.5,1.7,0,466.14010099702193,33.687,33.625,2025-06-06 13:34:43
155.8,4.3,678.2,158,3.1,469.7,1093.9,60,214.2,5.1,4.1,802.7,39.9,2.5,1.7,0,466.14010099702193,33.625,33.625,2025-06-06 13:35:08
153.1,4.6,706.3,153.1,3.3,502.4,1147.9,59.99,214,5.3,4.2,802.8,39.9,2.5,1.7,0,504.9851094134404,33.875,33.875,2025-06-06 13:35:45
158,4.7,717.0,156,3.3,521.8,1178.9,60.03,214.1,5.5,4.2,802.8,40,2.5,1.7,0,504.9851094134404,34.125,34.125,2025-06-06 13:36:10
155.7,4.9,753.0,153.2,3.5,536.4,1224.1,60.03,214.4,5.7,4.2,802.8,40.1,2.5,1.7,0,543.8301178298589,34.437,34.437,2025-06-06 13:36:48
155.7,4.9,764.0,155.1,3.6,545.2,1243.9,60.02,214.4,5.8,4.2,802.8,40.3,2.6,1.7,0,543.8301178298589,34.437,34.625,2025-06-06 13:37:12
158.1,4.8,782.8,153,3.7,564.7,1278.9,60.03,214.1,5.9,4.2,802.8,40.4,2.6,1.7,0,582.6751262462774,34.562,34.562,2025-06-06 13:37:50
154.8,5.1,778.0,153.9,3.5,556.4,1267.1,60.01,213.9,5.8,4.2,802.8,40.5,2.6,1.7,0,582.6751262462774,34.562,34.562,2025-06-06 13:38:15
156.9,5.6,808.5,150.1,3.8,559.5,1303.7,59.99,214.3,6.4,4.2,802.8,40.6,2.6,1.7,0,621.5201346626959,34.625,34.687,2025-06-06 13:38:53
155.7,5.9,908.0,155.5,4.1,622.0,1445.9,59.99,214.6,6.7,4.2,802.8,40.8,2.6,1.7,0,699.2101514955328,34.687,34.562,2025-06-06 13:39:17
155.7,5.1,783.1,154.7,3.6,565.0,1281.6,60.01,214.5,5.9,4.2,802.8,41,2.6,1.7,0,582.6751262462774,34.437,34.375,2025-06-06 13:39:55
152.6,5.1,772.0,151.4,3.8,574.1,1275.5,59.99,214.6,5.8,4.3,802.9,41.1,2.6,1.7,0,582.6751262462774,34.375,34.437,2025-06-06 13:40:20
155.1,4.9,737.1,154.9,3.3,537.9,1211.4,59.99,214.5,5.5,4.3,802.9,41.1,2.6,1.7,0,543.8301178298589,34.437,34.5,2025-06-06 13:40:58
155.7,4.7,731.9,157.3,3.3,526.1,1197.6,59.98,214.4,5.6,4.3,802.9,41.2,2.6,1.8,0,543.8301178298589,34.5,34.5,2025-06-06 13:41:22
152.8,4.9,741.2,154.6,3.5,539.9,1214.9,60,214.3,5.6,4.3,802.9,41.3,2.6,1.8,0,543.8301178298589,34.187,34.187,2025-06-06 13:42:00
158,4.8,752.0,154.6,3.6,553.6,1236.1,59.99,214.3,5.7,4.3,802.9,41.4,2.6,1.8,0,582.6751262462774,34.187,34.125,2025-06-06 13:42:25
156,5.9,874.3,153.3,4.2,636.5,1430.6,59.99,214.7,6.8,4.3,802.9,41.5,2.6,1.8,0,699.2101514955328,33.812,33.812,2025-06-06 13:43:02
155.8,6.8,1018.8,151.7,4.8,724.1,1648.5,60.02,215,7.6,4.3,802.9,41.7,2.6,1.8,0,854.5901851612068,33.812,33.812,2025-06-06 13:43:27
152.7,7.2,1122.9,151.6,5.1,776.5,1784.2,60.03,215,8.3,4.3,802.9,42,2.7,1.8,0,893.4351935776253,33.687,33.687,2025-06-06 13:44:05
151.8,7.4,1107.9,151.6,5.1,774.5,1773.4,60.03,215.2,8.2,4.3,802.9,42.2,2.7,1.8,0,893.4351935776253,33.687,33.562,2025-06-06 13:44:30
153.4,7.1,1062.9,154.2,4.8,755.2,1716.0,60,215.1,8,4.4,803.0,42.6,2.7,1.8,0,893.4351935776253,33.562,33.562,2025-06-06 13:45:07
150.3,7.3,1087.3,150.9,5,751.6,1731.8,59.97,215,8.1,4.4,803.0,42.8,2.7,1.8,0,893.4351935776253,33.625,33.625,2025-06-06 13:45:32
152.6,7.5,1143.1,150.3,5.2,792.4,1823.2,59.96,215.2,8.4,4.4,803.0,42.9,2.7,1.8,0,932.2802019940439,33.687,33.687,2025-06-06 13:46:10
152.7,7.5,1130.3,150.1,5.2,786.3,1805.7,59.97,215.5,8.4,4.4,803.0,43,2.7,1.8,0,932.2802019940439,33.687,33.687,2025-06-06 13:46:35
150.2,7.3,1103.7,150.7,5.1,776.1,1773.9,59.99,215.5,8.2,4.4,803.0,43.3,2.7,1.8,0,893.4351935776253,33.75,33.75,2025-06-06 13:47:12
152.8,6.4,1020.6,150.1,4.6,712.1,1625.9,59.97,215,7.4,4.4,803.0,43.4,2.7,1.8,0,815.7451767447883,33.562,33.562,2025-06-06 13:47:37
151.9,6.1,925.5,150.9,4.3,645.7,1487.9,59.99,214.8,6.9,4.5,803.1,43.6,2.7,1.8,0,738.0551599119514,33.375,33.375,2025-06-06 13:48:15
152.3,5.2,804.7,150,4.1,629.1,1358.6,60,214.6,6.1,4.5,803.1,43.7,2.7,1.8,0,582.6751262462774,33.375,33.375,2025-06-06 13:48:40
151.1,4.2,633.6,151.3,3.4,506.3,1082.9,60.04,214.1,4.9,4.5,803.1,43.8,2.7,1.8,0,466.14010099702193,33.125,33.125,2025-06-06 13:49:17
151.2,3.5,535.0,151.5,2.9,439.2,930.5,59.97,213.8,4.2,4.5,803.1,43.7,2.7,1.8,0,388.4500841641849,33.125,33.062,2025-06-06 13:49:42
151.4,3,474.6,154.5,2.5,378.2,818.2,59.96,213.7,3.7,4.5,803.1,43.6,2.7,1.9,0,310.76006733134795,33.5,33.562,2025-06-06 13:50:20
151.2,3,454.3,148.9,2.4,360.0,780.3,59.97,213.9,3.6,4.5,803.1,43.6,2.8,1.9,0,310.76006733134795,33.75,33.812,2025-06-06 13:50:44
154.2,2.9,425.4,151.2,2.2,331.0,727.9,59.98,213.9,3.5,4.5,803.1,43.5,2.8,1.9,0,271.91505891492943,33.625,33.625,2025-06-06 13:51:22
148.9,2.9,433.9,151.6,2.1,320.7,723.4,59.97,213.9,3.4,4.5,803.1,43.3,2.8,1.9,0,271.91505891492943,33.562,33.562,2025-06-06 13:51:47
151.4,2.9,442.4,151.7,2,314.1,727.2,60.01,213.8,3.4,4.5,803.1,43.2,2.8,1.9,0,271.91505891492943,33.625,33.625,2025-06-06 13:52:25
150.6,3,449.9,151.6,2,312.6,733.9,60.03,213.7,3.4,4.5,803.1,43.2,2.8,1.9,0,310.76006733134795,33.812,33.875,2025-06-06 13:52:49
151.3,3.1,457.2,149,2.1,312.4,739.7,60.02,213.9,3.4,4.5,803.1,43,2.8,1.9,0,310.76006733134795,33.75,33.812,2025-06-06 13:53:27
151.3,3.1,466.4,148.3,2,312.1,747.8,60.04,213.9,3.5,4.5,803.1,43,2.8,1.9,0,310.76006733134795,33.75,33.75,2025-06-06 13:53:52
151.2,3.2,477.7,151.6,2.1,325.4,771.1,60.02,213.8,3.6,4.5,803.1,43,2.8,1.9,0,310.76006733134795,33.937,33.937,2025-06-06 13:54:30
154.3,3,487.4,151.8,2.1,332.6,787.0,60.02,213.9,3.6,4.6,803.2,43,2.8,1.9,0,349.6050757477664,34.062,34.125,2025-06-06 13:54:54
155.6,3.2,478.4,149.3,2.3,343.6,789.6,59.97,213.7,3.8,4.6,803.2,43,2.8,1.9,0,349.6050757477664,34.375,34.375,2025-06-06 13:55:32
151.5,3.3,504.0,154.6,2.2,350.6,819.7,59.99,214.2,3.9,4.6,803.2,43,2.8,1.9,0,349.6050757477664,34.437,34.437,2025-06-06 13:55:57
154.2,3.3,515.3,154.6,2.3,353.4,834.3,60,214.2,3.9,4.6,803.2,42.9,2.8,1.9,0,349.6050757477664,34.312,34.312,2025-06-06 13:56:35
154.2,3.4,518.0,151.9,2.3,355.0,838.5,60.02,214.2,3.9,4.6,803.2,42.9,2.8,1.9,0,349.6050757477664,34.312,34.312,2025-06-06 13:56:59
152.3,3.5,527.7,151.6,2.4,360.8,845.2,60.01,214,3.9,4.6,803.2,42.9,2.8,1.9,0,349.6050757477664,33.875,33.875,2025-06-06 13:57:37
156.3,3.3,530.0,151.7,2.4,365.9,858.6,60,213.8,4,4.6,803.2,42.8,2.8,1.9,0,349.6050757477664,33.687,33.687,2025-06-06 13:58:02
154.2,3.5,539.0,154.6,2.4,372.2,871.9,60.06,214.3,4.1,4.6,803.2,42.8,2.8,1.9,0,349.6050757477664,33.312,33.312,2025-06-06 13:58:39
155.3,3.4,507.5,156.6,2.2,362.6,835.9,60.03,214,4,4.6,803.2,42.8,2.8,1.9,0,349.6050757477664,33.25,33.25,2025-06-06 13:59:04
154.2,3.1,506.5,154.6,2.3,353.3,826.0,59.97,214.3,3.8,4.6,803.2,42.8,2.8,1.9,0,349.6050757477664,33.062,33.062,2025-06-06 13:59:42
154.2,3.3,504.8,152.2,2.3,353.1,823.9,59.98,214,3.8,4.6,803.2,42.8,2.8,1.9,0,349.6050757477664,33.0,33.0,2025-06-06 14:00:07
157.1,3.5,524.1,154.6,2.4,381.1,869.2,60.02,214.1,4.1,4.6,803.2,42.8,2.8,1.9,0,349.6050757477664,33.0,33.062,2025-06-06 14:00:44
151.9,3.3,510.9,154.5,2.3,362.8,828.0,60.02,213.9,3.9,4.6,803.2,42.7,2.8,1.9,0,349.6050757477664,33.062,33.062,2025-06-06 14:01:09
154.1,3.3,498.1,154.6,2.4,366.0,834.2,60,214,3.9,4.6,803.2,42.7,2.8,1.9,0,349.6050757477664,33.0,32.937,2025-06-06 14:01:47
153.3,3.1,472.3,154.5,2.2,340.0,781.8,59.98,213.9,3.7,4.7,803.3,42.7,2.8,1.9,0,310.76006733134795,32.687,32.687,2025-06-06 14:02:11
152.2,2.9,443.0,154.4,2.1,325.6,740.5,60.03,213.9,3.5,4.7,803.3,42.6,2.8,1.9,0,271.91505891492943,32.375,32.437,2025-06-06 14:02:49
154.2,2.7,438.8,154.6,1.9,323.5,734.8,59.98,213.9,3.3,4.7,803.3,42.6,2.9,1.9,0,271.91505891492943,32.437,32.437,2025-06-06 14:03:14
153,2.8,431.3,154.6,2.1,324.4,727.2,60.03,213.9,3.4,4.7,803.3,42.6,2.9,1.9,0,271.91505891492943,32.437,32.437,2025-06-06 14:03:52
157.2,2.8,424.5,154.5,2.1,326.6,725.2,60.02,214.1,3.4,4.7,803.3,42.6,2.9,1.9,0,271.91505891492943,32.25,32.25,2025-06-06 14:04:16
154.2,2.9,446.2,156.8,2.1,321.6,740.1,60,214,3.5,4.7,803.3,42.6,2.9,1.9,0,271.91505891492943,32.125,32.125,2025-06-06 14:04:54
154.1,2.9,450.6,151.7,2.2,340.7,762.1,59.97,213.9,3.6,4.7,803.3,42.5,2.9,1.9,0,271.91505891492943,32.0,32.0,2025-06-06 14:05:19
155.2,2.9,467.9,154.6,2.3,351.7,784.4,59.97,213.9,3.7,4.7,803.3,42.5,2.9,1.9,0,310.76006733134795,32.0,32.062,2025-06-06 14:05:57
154.2,3.1,473.5,154.5,2.3,353.9,793.7,60.03,213.8,3.7,4.7,803.3,42.5,2.9,1.9,0,310.76006733134795,32.062,32.062,2025-06-06 14:06:21
156.4,3.1,473.7,151.3,2.3,347.3,790.3,59.99,214,3.7,4.7,803.3,42.5,2.9,1.9,0,310.76006733134795,32.0,32.0,2025-06-06 14:06:59
153.2,3.1,468.6,155.8,2.1,346.2,783.8,60,213.6,3.7,4.7,803.3,42.5,2.9,1.9,0,310.76006733134795,31.937,31.937,2025-06-06 14:07:24
154.2,3.1,482.0,154.7,2.2,344.3,794.5,59.98,213.4,3.7,4.7,803.3,42.4,2.9,2.0,0,310.76006733134795,32.25,32.25,2025-06-06 14:08:02
151.5,3.6,509.9,157.3,2.6,371.5,847.1,60.02,213.7,4.3,4.7,803.3,42.5,2.9,2.0,0,427.2950925806034,32.437,32.437,2025-06-06 14:08:26
155.8,3.3,514.4,156.1,2.4,379.0,857.3,60.02,214,4,4.7,803.3,42.5,2.9,2.0,0,349.6050757477664,32.687,32.75,2025-06-06 14:09:04
154.2,3.7,582.4,154.3,2.6,408.2,949.7,60,214.1,4.2,4.8,803.4,42.6,2.9,2.0,0,388.4500841641849,32.812,32.812,2025-06-06 14:09:29
152.5,3.3,498.6,150,2.3,355.7,820.0,60.01,213.8,3.9,4.8,803.4,42.5,2.9,2.0,0,349.6050757477664,32.875,32.875,2025-06-06 14:10:07
156.5,3,487.6,154.8,2.3,351.7,796.5,60.01,214.1,3.7,4.8,803.4,42.2,2.9,2.0,0,310.76006733134795,32.812,32.812,2025-06-06 14:10:31
155.7,2.9,459.8,154.7,2.2,336.0,767.1,60.05,214,3.6,4.8,803.4,42.1,2.9,2.0,0,271.91505891492943,32.687,32.687,2025-06-06 14:11:09
155.7,2.8,434.0,152.5,2.1,324.1,730.7,60,213.9,3.5,4.8,803.4,42.2,2.9,2.0,0,271.91505891492943,32.625,32.625,2025-06-06 14:11:34
156.6,2.5,410.2,154.3,1.9,307.4,693.4,59.97,213.8,3.1,4.8,803.4,42.2,2.9,2.0,0,233.07005049851097,32.375,32.375,2025-06-06 14:12:11
155.7,2.6,400.8,156.1,1.9,297.4,675.6,59.96,213.5,3.1,4.8,803.4,42.2,2.9,2.0,0,233.07005049851097,32.25,32.187,2025-06-06 14:12:36
158.1,2.5,378.5,154.1,1.8,286.8,645.6,60.01,213.5,3.1,4.8,803.4,42.2,2.9,2.0,0,233.07005049851097,32.125,32.125,2025-06-06 14:13:14
152.4,2.6,394.7,156.1,1.8,282.8,656.1,60.03,213.5,3.1,4.8,803.4,42.2,2.9,2.0,0,233.07005049851097,32.0,32.062,2025-06-06 14:13:39
155.7,2.5,395.8,155,1.8,280.3,654.4,59.98,213.5,3.1,4.8,803.4,42.2,2.9,2.0,0,233.07005049851097,32.062,32.062,2025-06-06 14:14:16
155.8,2.5,385.8,153,1.7,275.3,641.0,59.97,213.4,3,4.8,803.4,42.2,2.9,2.0,0,233.07005049851097,32.0,32.0,2025-06-06 14:14:41
155.1,2.4,365.8,156,1.7,266.1,613.2,60,213.2,2.8,4.8,803.4,42.2,2.9,2.0,0,194.22504208209244,31.875,31.875,2025-06-06 14:15:19
154.1,2.3,355.6,156.7,1.5,259.7,597.7,60.04,213.2,2.7,4.8,803.4,42.2,2.9,2.0,0,194.22504208209244,31.937,31.875,2025-06-06 14:15:43
155.6,2.2,344.2,153,1.6,247.3,576.7,59.98,213.1,2.7,4.8,803.4,42.2,2.9,2.0,0,194.22504208209244,31.875,31.875,2025-06-06 14:16:21
154.7,2.2,340.8,153,1.5,242.5,569.0,59.99,213.5,2.6,4.8,803.4,42.1,3.0,2.0,0,194.22504208209244,31.937,31.937,2025-06-06 14:16:46
152.7,2.2,335.8,156.3,1.5,236.6,558.0,59.99,213.4,2.6,4.8,803.4,42,3.0,2.0,0,194.22504208209244,31.812,31.812,2025-06-06 14:17:24
155.7,2.2,333.1,156,1.5,233.5,553.4,59.99,213.3,2.6,4.8,803.4,41.9,3.0,2.0,0,194.22504208209244,31.75,31.75,2025-06-06 14:17:48
155.6,2.1,331.5,158.8,1.4,221.0,540.5,59.96,213,2.6,4.9,803.5,41.8,3.0,2.0,0,194.22504208209244,31.437,31.437,2025-06-06 14:18:26
155.8,2.1,327.4,158.6,1.4,206.9,535.7,59.98,213.3,2.5,4.9,803.5,41.7,3.0,2.0,0,194.22504208209244,31.312,31.312,2025-06-06 14:18:51
158.1,2,319.9,155.4,1.4,214.2,510.7,59.98,213.6,2.4,4.9,803.5,41.6,3.0,2.0,0,155.38003366567398,31.0,31.0,2025-06-06 14:19:29
155.2,2,314.2,153.1,1.3,208.1,510.8,60.03,213.6,2.4,4.9,803.5,41.5,3.0,2.0,0,155.38003366567398,30.937,30.937,2025-06-06 14:19:53
152.9,1.9,298.5,153.3,1.2,197.6,484.6,59.98,213.2,2.2,4.9,803.5,41.4,3.0,2.0,0,155.38003366567398,30.812,30.812,2025-06-06 14:20:31
155.7,1.8,290.7,156,1.2,185.8,466.6,59.96,213.4,2.2,4.9,803.5,41.3,3.0,2.0,0,155.38003366567398,30.687,30.625,2025-06-06 14:20:56
155.7,1.8,278.9,151.8,1.1,180.2,450.2,59.98,213.6,2.1,4.9,803.5,41.2,3.0,2.0,0,155.38003366567398,30.5,30.5,2025-06-06 14:21:34
155.7,1.7,273.3,154.4,1.1,177.6,442.1,59.96,213.5,2,4.9,803.5,41.2,3.0,2.0,0,155.38003366567398,30.437,30.437,2025-06-06 14:21:58
152.7,1.7,269.2,157.5,1.1,165.3,426.1,60,213.5,2,4.9,803.5,41.1,3.0,2.0,0,116.53502524925548,30.375,30.375,2025-06-06 14:22:36
152.6,1.7,265.4,154.8,1,164.2,421.2,59.99,213.5,1.9,4.9,803.5,41.1,3.0,2.0,0,116.53502524925548,30.375,30.375,2025-06-06 14:23:00
152.7,1.6,260.8,154.6,1,163.8,416.5,59.98,213,1.9,4.9,803.5,40.9,3.0,2.0,0,116.53502524925548,30.25,30.25,2025-06-06 14:23:39
154.2,1.7,263.9,151.9,1,164.9,420.1,59.99,213.2,1.9,4.9,803.5,40.9,3.0,2.0,0,116.53502524925548,30.187,30.25,2025-06-06 14:24:03
153.1,1.8,278.0,157.5,1,169.5,438.8,60.01,213.4,2,4.9,803.5,40.8,3.0,2.0,0,116.53502524925548,30.125,30.187,2025-06-06 14:24:41
153.2,1.8,281.6,154.7,1,175.9,448.5,59.98,213.5,2.1,4.9,803.5,40.8,3.0,2.0,0,155.38003366567398,30.062,30.125,2025-06-06 14:25:05
155.7,1.9,293.1,154.7,1.1,180.8,464.5,59.99,213.5,2.1,4.9,803.5,40.8,3.0,2.0,0,155.38003366567398,30.0,30.062,2025-06-06 14:25:43
155.6,1.9,297.5,156,1.1,183.7,472.4,59.99,213.5,2.2,4.9,803.5,40.7,3.0,2.0,0,155.38003366567398,30.0,30.0,2025-06-06 14:26:08
153.4,2,306.2,154.5,1.2,187.6,484.3,60.03,213.5,2.2,4.9,803.5,40.6,3.0,2.0,0,155.38003366567398,30.125,30.187,2025-06-06 14:26:46
155.7,1.9,315.6,154.6,1.2,191.9,497.5,60.05,213.4,2.2,4.9,803.5,40.6,3.0,2.0,0,155.38003366567398,30.25,30.312,2025-06-06 14:27:10
154.8,2.1,324.3,157.5,1.2,202.2,521.2,60.04,213.7,2.4,4.9,803.5,40.5,3.0,2.0,0,155.38003366567398,30.625,30.625,2025-06-06 14:27:48
159.1,2.2,335.2,157.6,1.2,208.0,531.6,60,213.6,2.4,4.9,803.5,40.5,3.0,2.0,0,194.22504208209244,30.875,30.875,2025-06-06 14:28:13
153,2.3,357.5,157.6,1.4,217.0,559.2,60.03,213.4,2.6,4.9,803.5,40.4,3.0,2.0,0,194.22504208209244,31.0,31.0,2025-06-06 14:28:51
158.7,2.4,377.7,157.6,1.4,226.9,588.5,60.03,213.9,2.8,4.9,803.5,40.4,3.0,2.0,0,194.22504208209244,30.937,30.937,2025-06-06 14:29:15
155.6,2.6,407.7,157.3,1.5,244.3,632.3,60.04,213.7,3,4.9,803.5,40.3,3.0,2.0,0,233.07005049851097,30.937,30.937,2025-06-06 14:29:53
157.5,2.7,427.1,159.9,1.5,250.5,656.9,60.05,213.7,3,4.9,803.5,40.3,3.0,2.0,0,233.07005049851097,30.937,30.937,2025-06-06 14:30:18
155.7,2.8,446.4,157.5,1.7,272.5,693.8,60.03,213.9,3.2,5.0,803.6,40.3,3.0,2.0,0,271.91505891492943,30.937,30.937,2025-06-06 14:30:56
158.3,2.9,454.4,157.1,1.8,280.0,707.4,59.97,213.9,3.3,5.0,803.6,40.3,3.0,2.0,0,271.91505891492943,31.0,31.0,2025-06-06 14:31:20
161.5,2.9,444.2,157.4,1.9,300.8,720.3,60.03,214,3.4,5.0,803.6,40.3,3.0,2.1,0,271.91505891492943,31.0,31.0,2025-06-06 14:31:58
150.8,3.5,485.5,156.6,2.3,322.0,815.9,60.01,214.2,4,5.0,803.6,40.3,3.0,2.1,0,349.6050757477664,31.125,31.125,2025-06-06 14:32:23
150.8,3.1,469.6,154.4,2.1,322.0,759.8,60,214.1,3.5,5.0,803.6,40.4,3.0,2.1,0,271.91505891492943,31.5,31.562,2025-06-06 14:33:01
150.5,2.7,415.5,158.8,1.9,287.8,678.6,60,214,3.2,5.0,803.6,40.4,3.0,2.1,0,271.91505891492943,31.75,31.812,2025-06-06 14:33:25
153.3,2.4,374.1,156,1.6,253.4,606.9,60.01,213.7,2.8,5.0,803.6,40.4,3.1,2.1,0,194.22504208209244,32.0,32.0,2025-06-06 14:34:03
155.7,2.2,364.5,156.2,1.5,246.5,593.0,60.02,213.7,2.7,5.0,803.6,40.4,3.1,2.1,0,194.22504208209244,32.062,32.062,2025-06-06 14:34:28
155,2.2,345.0,157.9,1.4,234.8,564.3,60.03,213.7,2.6,5.0,803.6,40.4,3.1,2.1,0,194.22504208209244,32.187,32.25,2025-06-06 14:35:06
159.3,2.2,330.8,156,1.5,230.8,549.3,60.05,213.8,2.5,5.0,803.6,40.4,3.1,2.1,0,194.22504208209244,32.25,32.312,2025-06-06 14:35:30
155.8,2.1,335.6,157.8,1.4,224.3,540.8,60.01,213.5,2.5,5.0,803.6,40.4,3.1,2.1,0,194.22504208209244,32.375,32.375,2025-06-06 14:36:08
155.8,2.1,330.8,155.9,1.4,221.2,538.5,60.01,213.6,2.5,5.0,803.6,40.4,3.1,2.1,0,194.22504208209244,32.312,32.312,2025-06-06 14:36:33
157.5,2,318.1,156.1,1.3,217.5,523.5,60.01,213.5,2.4,5.0,803.6,40.4,3.1,2.1,0,155.38003366567398,32.0,32.0,2025-06-06 14:37:11
155.7,2.1,321.8,155.9,1.3,214.5,522.3,60,213.3,2.4,5.0,803.6,40.4,3.1,2.1,0,155.38003366567398,31.812,31.812,2025-06-06 14:37:35
155.8,2,313.9,159.1,1.3,199.9,503.8,60.04,213.4,2.4,5.0,803.6,40.3,3.1,2.1,0,155.38003366567398,31.5,31.5,2025-06-06 14:38:13
155,2,303.9,155.9,1.3,203.6,496.4,60.02,213.4,2.3,5.0,803.6,40.3,3.1,2.1,0,155.38003366567398,31.25,31.25,2025-06-06 14:38:38
155.7,1.9,300.9,153.2,1.3,196.7,488.0,60.01,213.7,2.2,5.0,803.6,40.1,3.1,2.1,0,155.38003366567398,31.062,31.062,2025-06-06 14:39:16
155.7,1.9,297.5,155.3,1.2,194.4,483.3,60.02,213.5,2.2,5.0,803.6,40.1,3.1,2.1,0,155.38003366567398,31.125,31.125,2025-06-06 14:39:40
152.8,1.8,287.0,155.9,1.1,192.7,470.4,60,213.5,2.2,5.0,803.6,40,3.1,2.1,0,155.38003366567398,31.25,31.25,2025-06-06 14:40:18
157.6,1.7,288.2,156.9,1.2,182.2,461.1,59.99,213.7,2.2,5.1,803.7,39.9,3.1,2.1,0,155.38003366567398,31.375,31.375,2025-06-06 14:40:42
155.7,1.8,287.4,153.4,1.1,184.7,462.9,60,213.7,2.1,5.1,803.7,39.8,3.1,2.1,0,155.38003366567398,31.5,31.5,2025-06-06 14:41:20
156.8,1.8,277.6,153.1,1.1,180.2,457.1,59.99,213.7,2.1,5.1,803.7,39.8,3.1,2.1,0,155.38003366567398,31.5,31.5,2025-06-06 14:41:45
157.6,1.7,284.3,155.9,1.1,179.0,454.5,59.99,213.4,2,5.1,803.7,39.7,3.1,2.1,0,155.38003366567398,31.187,31.187,2025-06-06 14:42:23
155.7,1.8,282.3,156,1,175.0,448.3,60,213.5,2,5.1,803.7,39.6,3.1,2.1,0,155.38003366567398,31.062,31.0,2025-06-06 14:42:47
156.5,1.7,268.2,157.2,1,160.8,419.4,60.05,213.4,2,5.1,803.7,39.5,3.1,2.1,0,155.38003366567398,31.0,31.0,2025-06-06 14:43:25
153,1.7,269.7,156.1,1,167.0,427.9,60.04,213.6,2,5.1,803.7,39.4,3.1,2.1,0,155.38003366567398,30.937,30.937,2025-06-06 14:43:50
155.6,1.7,273.7,154.1,1,164.6,429.7,59.98,213.5,1.9,5.1,803.7,39.4,3.1,2.1,0,155.38003366567398,30.812,30.875,2025-06-06 14:44:28
155.6,1.7,273.4,153.1,1,163.4,428.4,59.98,213.4,2,5.1,803.7,39.3,3.1,2.1,0,155.38003366567398,30.937,30.937,2025-06-06 14:44:52
154,1.8,276.6,156,1,166.6,434.3,59.98,213.3,2,5.1,803.7,39.2,3.1,2.1,0,155.38003366567398,31.0,31.0,2025-06-06 14:45:30
155.7,1.7,283.6,156,1.1,170.3,445.0,60.02,213.4,2,5.1,803.7,39.1,3.1,2.1,0,155.38003366567398,31.062,31.062,2025-06-06 14:45:55
155.7,1.8,288.8,159.1,1,167.0,445.7,59.98,213.6,2.1,5.1,803.7,39,3.1,2.1,0,155.38003366567398,31.25,31.25,2025-06-06 14:46:33
156.6,1.8,287.2,156.9,1.1,169.2,447.1,60,214,2.1,5.1,803.7,39,3.1,2.1,0,155.38003366567398,31.312,31.312,2025-06-06 14:46:57
155.7,1.8,291.7,156,1.2,183.1,465.5,60.02,213.9,2.1,5.1,803.7,38.9,3.1,2.1,0,155.38003366567398,31.375,31.375,2025-06-06 14:47:35
155.7,1.9,293.1,153.7,1.2,185.4,469.2,60.03,213.8,2.2,5.1,803.7,38.9,3.1,2.1,0,155.38003366567398,31.437,31.437,2025-06-06 14:48:00
158.8,1.9,290.4,153.2,1.2,186.5,467.4,60,213.9,2.1,5.1,803.7,38.8,3.1,2.1,0,155.38003366567398,31.5,31.5,2025-06-06 14:48:38
153.7,1.9,290.3,154.9,1.2,186.3,467.3,59.99,213.8,2.1,5.1,803.7,38.8,3.1,2.1,0,155.38003366567398,31.437,31.5,2025-06-06 14:49:02
155.7,1.8,284.8,154,1.2,183.9,460.1,60.01,213.6,2.1,5.1,803.7,38.7,3.1,2.1,0,155.38003366567398,31.375,31.375,2025-06-06 14:49:40
154.5,1.8,275.3,153,1.1,181.4,451.8,60.04,213.6,2.1,5.1,803.7,38.7,3.1,2.1,0,155.38003366567398,31.187,31.187,2025-06-06 14:50:05
153.8,1.7,270.1,152.1,1.1,176.7,438.1,60.06,213.8,2,5.1,803.7,38.6,3.1,2.1,0,155.38003366567398,30.75,30.75,2025-06-06 14:50:43
155.7,1.7,267.4,150.2,1.1,174.6,433.4,60.03,213.7,2,5.1,803.7,38.6,3.1,2.1,0,155.38003366567398,30.5,30.5,2025-06-06 14:51:07
154.2,1.6,258.2,153,1.1,175.9,426.4,60.01,213.4,2,5.1,803.7,38.5,3.1,2.1,0,155.38003366567398,30.187,30.187,2025-06-06 14:51:45
158.8,1.6,254.4,155.9,1.1,173.5,419.8,60.01,213.5,1.9,5.1,803.7,38.4,3.1,2.1,0,155.38003366567398,30.187,30.062,2025-06-06 14:52:10
155.8,1.6,253.1,154.5,1,172.9,417.7,59.96,213.8,1.9,5.1,803.7,38.3,3.1,2.1,0,155.38003366567398,30.0,30.0,2025-06-06 14:52:48
155.7,1.6,249.0,153.1,1.1,171.3,411.7,59.96,214,1.9,5.1,803.7,38.3,3.1,2.1,0,155.38003366567398,30.0,29.812,2025-06-06 14:53:12
156.7,1.5,247.7,150.1,1.1,168.1,403.2,60.01,214,1.9,5.1,803.7,38.2,3.1,2.1,0,155.38003366567398,29.812,29.812,2025-06-06 14:53:50
155.8,1.6,247.4,153,1.1,170.5,407.7,60.01,214,1.9,5.2,803.8,38.1,3.1,2.1,0,155.38003366567398,29.937,29.937,2025-06-06 14:54:14
155.5,1.6,247.2,152.9,1.1,170.9,410.2,59.99,214,1.9,5.2,803.8,38.1,3.2,2.1,0,116.53502524925548,30.062,30.062,2025-06-06 14:54:53
152.5,1.6,246.2,156,1,171.3,409.3,60,214,1.9,5.2,803.8,38,3.2,2.1,0,116.53502524925548,30.0,30.0,2025-06-06 14:55:17
155.7,1.6,248.7,153.1,1,172.5,413.0,60.02,213.8,1.9,5.2,803.8,37.9,3.2,2.1,0,155.38003366567398,29.75,29.75,2025-06-06 14:55:55
155.7,1.5,247.5,151.7,1.1,169.0,408.3,60.02,213.8,1.9,5.2,803.8,37.9,3.2,2.1,0,116.53502524925548,29.687,29.687,2025-06-06 14:56:19
152.8,1.5,241.5,150.2,1.1,166.7,400.0,59.97,214,1.8,5.2,803.8,37.8,3.2,2.1,0,116.53502524925548,29.625,29.625,2025-06-06 14:56:57
156.9,1.4,241.0,153.2,1,166.1,399.1,59.98,213.9,1.8,5.2,803.8,37.8,3.2,2.1,0,116.53502524925548,29.562,29.562,2025-06-06 14:57:22
155.8,1.5,234.1,156,1,161.8,387.9,60.04,214,1.8,5.2,803.8,37.8,3.2,2.1,0,116.53502524925548,29.625,29.625,2025-06-06 14:58:00
157.8,1.4,224.5,154.3,1,160.8,377.7,60.01,213.9,1.7,5.2,803.8,37.8,3.2,2.1,0,116.53502524925548,29.687,29.687,2025-06-06 14:58:24
155.6,1.3,225.8,153.1,1,156.8,375.4,60.03,213.7,1.7,5.2,803.8,37.7,3.2,2.1,0,116.53502524925548,29.875,29.875,2025-06-06 14:59:02
155.6,1.4,221.1,153.1,0.9,153.8,367.7,60.01,213.9,1.6,5.2,803.8,37.6,3.2,2.1,0,116.53502524925548,30.0,30.0,2025-06-06 14:59:27
157.7,1.3,206.9,156,0.9,150.6,350.4,60.03,213.9,1.6,5.2,803.8,37.6,3.2,2.1,0,116.53502524925548,30.187,30.187,2025-06-06 15:00:05
152.5,1.3,209.5,156,0.9,147.8,350.3,59.99,213.8,1.6,5.2,803.8,37.5,3.2,2.1,0,116.53502524925548,30.0,30.0,2025-06-06 15:00:29
155.7,1.3,207.7,153.2,0.9,143.2,344.1,59.99,213.8,1.6,5.2,803.8,37.5,3.2,2.1,0,116.53502524925548,29.812,29.812,2025-06-06 15:01:07
155.7,1.3,202.0,156,0.9,143.2,338.2,60,213.5,1.5,5.2,803.8,37.4,3.2,2.1,0,116.53502524925548,29.812,29.875,2025-06-06 15:01:32
155.7,1.3,206.1,153.1,0.8,138.7,338.1,60.02,213.6,1.6,5.2,803.8,37.4,3.2,2.1,0,116.53502524925548,30.0,30.0,2025-06-06 15:02:10
158.9,1.2,204.2,153,0.8,138.7,335.7,60.01,213.7,1.5,5.2,803.8,37.4,3.2,2.1,0,116.53502524925548,29.937,29.937,2025-06-06 15:02:34
155.2,1.3,209.1,156,0.8,138.5,339.3,60,213.8,1.6,5.2,803.8,37.4,3.2,2.1,0,116.53502524925548,29.812,29.812,2025-06-06 15:03:12
155.7,1.2,208.1,156,0.7,136.7,339.3,60.04,213.9,1.5,5.2,803.8,37.4,3.2,2.1,0,116.53502524925548,29.875,29.875,2025-06-06 15:03:37
155.8,1.2,207.0,155.8,0.8,128.7,329.9,60.02,213.8,1.5,5.2,803.8,37.3,3.2,2.2,0,116.53502524925548,30.0,30.062,2025-06-06 15:04:15
153.9,1.2,204.2,156.1,0.8,130.5,328.2,60.01,213.7,1.5,5.2,803.8,37.3,3.2,2.2,0,116.53502524925548,30.062,30.125,2025-06-06 15:04:39
158.8,1.2,205.6,153,0.8,126.6,326.4,60,213.9,1.4,5.2,803.8,37.3,3.2,2.2,0,116.53502524925548,29.937,29.937,2025-06-06 15:05:17
158.4,1.3,200.7,153.1,0.7,124.5,318.1,60.03,213.8,1.5,5.2,803.8,37.3,3.2,2.2,0,116.53502524925548,29.75,29.812,2025-06-06 15:05:42
152.8,1.3,207.1,155.9,0.7,120.9,321.7,60.03,213.8,1.4,5.2,803.8,37.2,3.2,2.2,0,116.53502524925548,29.625,29.625,2025-06-06 15:06:20
155.6,1.3,208.9,156,0.7,120.3,322.9,60.05,213.9,1.5,5.2,803.8,37.2,3.2,2.2,0,116.53502524925548,29.5,29.5,2025-06-06 15:06:44
152.8,1.3,207.9,158.7,0.7,110.3,310.0,60.01,213.7,1.4,5.2,803.8,37.1,3.2,2.2,0,116.53502524925548,29.312,29.312,2025-06-06 15:07:22
152.6,1.3,206.5,158.5,0.7,115.9,314.8,59.98,213.9,1.4,5.2,803.8,37.1,3.2,2.2,0,116.53502524925548,29.25,29.25,2025-06-06 15:07:46
155.9,1.2,207.8,154.7,0.7,118.0,319.4,60.02,213.4,1.4,5.2,803.8,37,3.2,2.2,0,116.53502524925548,29.187,29.25,2025-06-06 15:08:24
152.9,1.3,207.0,153.1,0.7,116.9,317.6,60,213.6,1.4,5.2,803.8,36.9,3.2,2.2,0,116.53502524925548,29.312,29.312,2025-06-06 15:08:49
154.7,1.2,206.2,154.2,0.7,115.7,315.6,60.02,213.5,1.4,5.2,803.8,36.9,3.2,2.2,0,116.53502524925548,29.312,29.312,2025-06-06 15:09:27
155.8,1.2,204.3,156,0.7,115.8,313.7,60.05,213.7,1.5,5.2,803.8,36.9,3.2,2.2,0,116.53502524925548,29.375,29.437,2025-06-06 15:09:51
156.1,1.2,202.5,156.6,0.6,115.9,312.1,60.03,213.7,1.4,5.2,803.8,36.8,3.2,2.2,0,116.53502524925548,29.437,29.437,2025-06-06 15:10:29
155.8,1.2,205.1,159,0.7,111.7,310.8,60.04,213.7,1.4,5.2,803.8,36.8,3.2,2.2,0,116.53502524925548,29.25,29.25,2025-06-06 15:10:54
153.1,1.3,206.4,156,0.7,115.2,317.2,60.03,213.5,1.4,5.3,803.9,36.8,3.2,2.2,0,116.53502524925548,29.375,29.437,2025-06-06 15:11:32
155.6,1.2,213.3,155.9,0.7,116.2,323.0,60.04,213.5,1.4,5.3,803.9,36.7,3.2,2.2,0,116.53502524925548,29.375,29.375,2025-06-06 15:11:56
155.7,1.3,220.1,153.2,0.7,116.2,329.9,60.04,213.7,1.5,5.3,803.9,36.7,3.2,2.2,0,116.53502524925548,29.25,29.312,2025-06-06 15:12:34
155.6,1.4,224.1,154.6,0.7,117.7,335.1,60.03,213.6,1.5,5.3,803.9,36.7,3.2,2.2,0,116.53502524925548,29.375,29.375,2025-06-06 15:12:59
155.5,1.4,227.5,156.2,0.7,120.5,341.1,60.03,213.7,1.6,5.3,803.9,36.7,3.2,2.2,0,116.53502524925548,29.375,29.375,2025-06-06 15:13:37
158.8,1.4,228.3,156,0.7,122.5,344.3,59.98,213.6,1.6,5.3,803.9,36.6,3.2,2.2,0,116.53502524925548,29.5,29.5,2025-06-06 15:14:01
158.6,1.4,233.4,155.9,0.7,123.7,349.4,59.97,213.6,1.6,5.3,803.9,36.6,3.2,2.2,0,116.53502524925548,29.625,29.625,2025-06-06 15:14:39
155.7,1.4,235.8,153.1,0.7,123.1,351.9,59.96,213.8,1.6,5.3,803.9,36.5,3.2,2.2,0,116.53502524925548,29.687,29.687,2025-06-06 15:15:04
155.6,1.5,238.6,155.9,0.8,126.4,358.7,59.96,213.7,1.6,5.3,803.9,36.5,3.2,2.2,0,116.53502524925548,29.687,29.75,2025-06-06 15:15:42
153,1.5,238.0,158.6,0.8,125.8,356.7,59.94,213.6,1.7,5.3,803.9,36.5,3.2,2.2,0,116.53502524925548,29.625,29.625,2025-06-06 15:16:06
153.3,1.5,242.9,159,0.7,127.2,362.8,60.03,213.9,1.7,5.3,803.9,36.5,3.2,2.2,0,116.53502524925548,29.687,29.687,2025-06-06 15:16:44
155.6,1.5,248.2,156.1,0.8,131.3,372.1,60.03,214,1.7,5.3,803.9,36.5,3.2,2.2,0,116.53502524925548,29.562,29.625,2025-06-06 15:17:09
158.8,1.5,250.2,153.3,0.8,131.4,374.2,60,214,1.7,5.3,803.9,36.4,3.2,2.2,0,116.53502524925548,29.75,29.75,2025-06-06 15:17:47
158.7,1.5,252.2,152.8,0.8,132.7,377.6,60.02,214,1.7,5.3,803.9,36.4,3.2,2.2,0,116.53502524925548,29.875,29.875,2025-06-06 15:18:11
155.7,1.6,252.5,155.7,0.8,135.4,380.4,60.01,213.8,1.7,5.3,803.9,36.4,3.2,2.2,0,116.53502524925548,30.0,30.0,2025-06-06 15:18:49
155.8,1.6,252.0,153.1,0.8,134.3,378.9,59.98,213.6,1.7,5.3,803.9,36.4,3.2,2.2,0,116.53502524925548,30.0,30.062,2025-06-06 15:19:14
158.4,1.5,247.8,153.4,0.8,133.3,373.8,60.04,213.8,1.7,5.3,803.9,36.4,3.2,2.2,0,116.53502524925548,30.0,30.0,2025-06-06 15:19:52
155.9,1.5,245.4,156.1,0.8,133.5,371.3,60.03,213.8,1.7,5.3,803.9,36.4,3.2,2.2,0,116.53502524925548,30.0,30.0,2025-06-06 15:20:16
155.7,1.5,240.6,158.9,0.7,129.3,363.1,60,213.7,1.7,5.3,803.9,36.4,3.2,2.2,0,116.53502524925548,29.875,29.875,2025-06-06 15:20:54
155.6,1.4,236.6,158.5,0.8,121.4,351.2,60.01,213.5,1.6,5.3,803.9,36.4,3.2,2.2,0,116.53502524925548,29.812,29.875,2025-06-06 15:21:18
155.9,1.4,226.2,156.1,0.7,122.8,342.4,60,213.9,1.5,5.3,803.9,36.4,3.3,2.2,0,116.53502524925548,29.937,29.937,2025-06-06 15:21:57
155.6,1.3,219.1,153.1,0.7,117.4,329.9,59.97,213.7,1.5,5.3,803.9,36.4,3.3,2.2,0,116.53502524925548,30.0,30.0,2025-06-06 15:22:21
158.3,1.2,204.7,153,0.6,109.1,308.1,59.97,213.7,1.4,5.3,803.9,36.4,3.3,2.2,0,116.53502524925548,30.0,30.0,2025-06-06 15:22:59
155.7,1.2,195.9,152.5,0.6,103.1,293.8,60.04,213.6,1.3,5.3,803.9,36.4,3.3,2.2,0,116.53502524925548,29.937,29.937,2025-06-06 15:23:23
158.2,1,176.1,155.5,0.5,92.5,264.1,59.99,213.5,1.2,5.3,803.9,36.3,3.3,2.2,0,77.69001683283699,29.75,29.75,2025-06-06 15:24:01
155.4,0.9,164.6,150.3,0.5,86.9,246.7,59.98,213.5,1.2,5.3,803.9,36.3,3.3,2.2,0,77.69001683283699,29.562,29.562,2025-06-06 15:24:26
155.2,0.8,140.7,150.1,0.4,78.6,213.6,60,213.5,1,5.3,803.9,36.3,3.3,2.2,0,77.69001683283699,29.312,29.312,2025-06-06 15:25:04
152.8,0.7,126.4,147.1,0.4,71.1,193.0,59.97,213.5,0.9,5.3,803.9,36.2,3.3,2.2,0,38.845008416418494,29.25,29.25,2025-06-06 15:25:28
152.8,0.6,108.0,150,0.3,62.9,167.7,59.98,213.5,0.8,5.3,803.9,36.2,3.3,2.2,0,38.845008416418494,29.25,29.25,2025-06-06 15:26:06
152.7,0.5,98.4,147.1,0.3,58.3,153.8,60.02,213.5,0.8,5.3,803.9,36.1,3.3,2.2,0,38.845008416418494,29.25,29.187,2025-06-06 15:26:31
152.7,0.5,89.6,150,0.2,54.1,140.9,60.02,213.4,0.7,5.3,803.9,36.1,3.3,2.2,0,38.845008416418494,29.062,29.062,2025-06-06 15:27:09
152.5,0.4,85.7,147.4,0.2,52.1,135.3,60.03,213.5,0.6,5.3,803.9,36,3.3,2.2,0,38.845008416418494,28.937,28.937,2025-06-06 15:27:33
149.7,0.4,83.4,150.1,0.2,49.2,130.0,60.02,213.7,0.6,5.3,803.9,36,3.3,2.2,0,38.845008416418494,28.812,28.812,2025-06-06 15:28:11
146.8,0.4,80.8,149.9,0.2,48.1,126.5,60.02,213.5,0.6,5.3,803.9,35.9,3.3,2.2,0,0.0,28.75,28.75,2025-06-06 15:28:36
149.6,0.4,81.3,144.6,0.2,47.0,125.1,59.98,213.5,0.6,5.3,803.9,35.9,3.3,2.2,0,38.845008416418494,28.75,28.75,2025-06-06 15:29:14
150.3,0.4,80.7,147.6,0.2,46.9,125.9,60.05,213.7,0.6,5.3,803.9,35.8,3.3,2.2,0,38.845008416418494,28.75,28.812,2025-06-06 15:29:38
152.6,0.4,80.8,147.3,0.2,46.8,125.2,59.98,213.7,0.7,5.3,803.9,35.8,3.3,2.2,0,38.845008416418494,28.75,28.75,2025-06-06 15:30:16
149.8,0.4,82.4,153,0.2,43.8,123.9,60.02,213.7,0.6,5.3,803.9,35.8,3.3,2.2,0,38.845008416418494,28.687,28.687,2025-06-06 15:30:41
148.7,0.4,81.6,145.7,0.2,45.4,124.6,59.98,213.6,0.6,5.3,803.9,35.7,3.3,2.2,0,38.845008416418494,28.562,28.625,2025-06-06 15:31:19
152.7,0.4,83.7,141.3,0.2,45.9,127.0,60.03,213.4,0.6,5.3,803.9,35.7,3.3,2.2,0,38.845008416418494,28.5,28.5,2025-06-06 15:31:43
151.2,0.4,87.7,141.8,0.2,46.2,131.4,59.95,213.4,0.6,5.3,803.9,35.7,3.3,2.2,0,38.845008416418494,28.437,28.437,2025-06-06 15:32:21
151.2,0.4,88.8,141.3,0.2,46.7,132.9,59.98,213.3,0.6,5.3,803.9,35.7,3.3,2.2,0,38.845008416418494,28.312,28.375,2025-06-06 15:32:46
145.4,0.5,91.1,151.7,0.2,46.3,134.9,59.98,213.4,0.7,5.3,803.9,35.6,3.3,2.2,0,38.845008416418494,28.187,28.187,2025-06-06 15:33:24
150,0.5,91.5,145.6,0.2,45.9,134.6,59.99,213.5,0.6,5.3,803.9,35.6,3.3,2.2,0,38.845008416418494,28.062,28.062,2025-06-06 15:33:48
152.5,0.4,90.2,150.1,0.2,46.6,134.2,60.02,213.5,0.7,5.4,804.0,35.6,3.3,2.2,0,38.845008416418494,28.0,28.0,2025-06-06 15:34:26
152.8,0.4,89.4,147.7,0.2,46.3,132.8,60.03,213.6,0.7,5.4,804.0,35.6,3.3,2.2,0,38.845008416418494,28.0,28.0,2025-06-06 15:34:51
155.7,0.4,81.6,148.5,0.2,47.8,126.9,60.04,213.7,0.6,5.4,804.0,35.5,3.3,2.2,0,38.845008416418494,28.062,28.062,2025-06-06 15:35:29
153.7,0.4,80.8,141.3,0.2,47.1,125.5,60.06,213.8,0.6,5.4,804.0,35.5,3.3,2.2,0,38.845008416418494,28.125,28.125,2025-06-06 15:35:53
152.7,0.4,82.3,141.3,0.2,46.5,126.4,60.03,213.5,0.6,5.4,804.0,35.4,3.3,2.2,0,38.845008416418494,28.125,28.125,2025-06-06 15:36:31
150.8,0.4,83.1,142.4,0.2,46.4,126.9,60.02,213.8,0.6,5.4,804.0,35.4,3.3,2.2,0,38.845008416418494,28.125,28.125,2025-06-06 15:36:56
149.9,0.4,83.7,142.8,0.2,45.9,127.4,59.99,213.8,0.6,5.4,804.0,35.4,3.3,2.2,0,38.845008416418494,28.187,28.187,2025-06-06 15:37:33
151.7,0.4,84.9,136.5,0.2,45.3,127.3,59.98,213.8,0.7,5.4,804.0,35.4,3.3,2.2,0,38.845008416418494,28.187,28.25,2025-06-06 15:37:58
152.8,0.5,92.5,153.1,0.2,44.6,134.6,60.02,213.9,0.6,5.4,804.0,35.4,3.3,2.2,0,38.845008416418494,28.25,28.312,2025-06-06 15:38:36
151.6,0.5,95.0,148.6,0.2,47.6,139.8,60.01,213.7,0.7,5.4,804.0,35.4,3.3,2.2,0,38.845008416418494,28.312,28.312,2025-06-06 15:39:00
149.8,0.5,98.9,144.2,0.2,49.7,145.8,60.02,213.7,0.7,5.4,804.0,35.4,3.3,2.2,0,38.845008416418494,28.312,28.312,2025-06-06 15:39:38
155.9,0.5,100.7,142.9,0.3,52.5,150.4,60.01,213.7,0.8,5.4,804.0,35.3,3.3,2.2,0,38.845008416418494,28.187,28.187,2025-06-06 15:40:03
151.7,0.6,104.7,147.2,0.3,56.4,158.0,59.99,213.8,0.8,5.4,804.0,35.3,3.3,2.2,0,38.845008416418494,28.062,28.125,2025-06-06 15:40:41
149.8,0.6,107.2,147.3,0.3,59.1,163.2,59.99,213.7,0.7,5.4,804.0,35.3,3.3,2.2,0,38.845008416418494,28.0,28.0,2025-06-06 15:41:05
155.7,0.6,111.2,143.6,0.3,61.6,169.6,60.01,213.6,0.8,5.4,804.0,35.2,3.3,2.2,0,38.845008416418494,27.812,27.875,2025-06-06 15:41:43
155.6,0.5,112.4,142.8,0.4,64.0,173.0,59.99,213.4,0.8,5.4,804.0,35.2,3.3,2.2,0,38.845008416418494,27.75,27.75,2025-06-06 15:42:08
157.4,0.6,106.4,142.6,0.4,65.5,173.8,60.03,213.6,0.8,5.4,804.0,35.2,3.3,2.2,0,38.845008416418494,27.812,27.812,2025-06-06 15:42:46
155.5,0.6,111.2,145.1,0.4,65.7,173.6,59.98,213.6,0.8,5.4,804.0,35.2,3.3,2.2,0,38.845008416418494,27.812,27.812,2025-06-06 15:43:10
152.5,0.6,107.3,151.6,0.3,64.5,168.6,60.01,213.8,0.8,5.4,804.0,35.2,3.3,2.2,0,38.845008416418494,27.875,27.875,2025-06-06 15:43:48
153.7,0.6,104.7,149.3,0.3,62.9,164.3,59.97,213.7,0.8,5.4,804.0,35.2,3.3,2.2,0,38.845008416418494,27.812,27.812,2025-06-06 15:44:13
152.7,0.5,100.5,150.1,0.3,60.8,158.2,60,213.7,0.8,5.4,804.0,35.1,3.3,2.2,0,38.845008416418494,27.875,27.875,2025-06-06 15:44:51
152.7,0.5,97.8,153.1,0.3,57.3,152.3,60.01,213.8,0.7,5.4,804.0,35.1,3.3,2.2,0,38.845008416418494,27.937,27.875,2025-06-06 15:45:15
155.8,0.4,87.7,150.2,0.2,54.9,140.0,60.01,213.6,0.7,5.4,804.0,35,3.3,2.2,0,38.845008416418494,27.937,27.937,2025-06-06 15:45:53
154.2,0.4,85.8,150.2,0.2,52.5,135.6,59.97,213.4,0.7,5.4,804.0,35,3.3,2.2,0,38.845008416418494,27.937,27.937,2025-06-06 15:46:18
152.3,0.4,78.6,140.8,0.2,47.8,125.2,60.01,213.5,0.7,5.4,804.0,35,3.3,2.2,0,38.845008416418494,28.0,28.0,2025-06-06 15:46:56
152.7,0.4,78.1,142.1,0.2,45.8,121.3,60.02,213.4,0.6,5.4,804.0,35,3.3,2.2,0,0.0,28.0,28.062,2025-06-06 15:47:20
154.6,0.4,73.8,151.6,0.2,44.6,116.2,60,213.6,0.6,5.4,804.0,35,3.3,2.2,0,0.0,28.062,28.062,2025-06-06 15:47:58
152.6,0.4,76.7,148.6,0.2,44.5,118.8,60.03,213.6,0.7,5.4,804.0,35,3.3,2.2,0,0.0,28.062,28.062,2025-06-06 15:48:23
152.6,0.4,81.8,144.7,0.2,45.6,125.0,60.02,213.7,0.6,5.4,804.0,35,3.3,2.2,0,38.845008416418494,28.062,28.062,2025-06-06 15:49:01
155.7,0.4,83.9,142.9,0.2,46.9,128.3,60.01,213.6,0.6,5.4,804.0,35,3.3,2.2,0,38.845008416418494,28.062,28.062,2025-06-06 15:49:25
153.5,0.5,93.8,142.8,0.2,49.4,140.5,60,213.7,0.6,5.4,804.0,35,3.3,2.2,0,38.845008416418494,28.125,28.125,2025-06-06 15:50:03
149.9,0.5,98.1,145.6,0.3,52.3,147.4,60.01,213.7,0.7,5.4,804.0,35.1,3.3,2.2,0,38.845008416418494,28.125,28.125,2025-06-06 15:50:27
147.9,0.6,106.8,137.8,0.3,58.5,163.2,60,214,0.7,5.4,804.0,35.1,3.3,2.2,0,38.845008416418494,28.062,28.062,2025-06-06 15:51:05
152.5,0.6,112.5,141.3,0.4,64.2,173.3,60.02,213.8,0.8,5.4,804.0,35.1,3.3,2.2,0,38.845008416418494,28.0,28.062,2025-06-06 15:51:30
153.4,0.6,117.0,147.1,0.4,70.1,183.5,59.97,213.9,0.9,5.4,804.0,35.1,3.3,2.2,0,38.845008416418494,27.937,28.0,2025-06-06 15:52:08
155.6,0.6,119.3,152.1,0.4,72.1,187.7,59.98,213.8,0.9,5.4,804.0,35.1,3.3,2.2,0,38.845008416418494,28.0,27.937,2025-06-06 15:52:32
158.7,0.6,115.1,154.6,0.4,72.7,184.7,60.01,213.7,0.9,5.4,804.0,35.1,3.3,2.2,0,38.845008416418494,27.937,27.937,2025-06-06 15:53:10
157.9,0.6,114.3,152.5,0.4,76.5,187.0,60.03,213.9,0.9,5.4,804.0,35.2,3.3,2.2,0,38.845008416418494,27.937,27.937,2025-06-06 15:53:35
155.8,0.7,119.5,151.8,0.4,77.0,192.6,59.99,213.7,0.8,5.4,804.0,35.2,3.3,2.2,0,38.845008416418494,27.937,27.937,2025-06-06 15:54:13
154.6,0.7,119.8,148.6,0.4,78.8,194.8,60.02,213.8,0.9,5.4,804.0,35.2,3.3,2.2,0,77.69001683283699,27.937,27.937,2025-06-06 15:54:37
152.6,0.6,117.8,151.6,0.4,81.7,196.2,60.05,213.7,0.9,5.4,804.0,35.1,3.3,2.2,0,38.845008416418494,27.937,27.937,2025-06-06 15:55:15
153.9,0.6,117.1,151.5,0.4,82.1,195.4,60.03,213.8,0.9,5.4,804.0,35.1,3.3,2.2,0,77.69001683283699,27.937,27.937,2025-06-06 15:55:40
155.8,0.6,118.6,151.5,0.5,83.8,198.5,60,214,0.9,5.4,804.0,35.2,3.3,2.2,0,38.845008416418494,27.937,28.0,2025-06-06 15:56:18
156.4,0.6,117.1,154.6,0.4,80.9,190.7,60.02,214,0.8,5.4,804.0,35.1,3.3,2.2,0,38.845008416418494,27.937,27.937,2025-06-06 15:56:42
155.6,0.6,116.7,152.3,0.4,80.2,193.2,60.02,213.9,0.9,5.4,804.0,35,3.3,2.2,0,38.845008416418494,27.937,27.937,2025-06-06 15:57:20
155.5,0.6,116.9,151.7,0.4,77.7,190.8,60,214,0.8,5.4,804.0,35,3.3,2.2,0,38.845008416418494,27.875,27.875,2025-06-06 15:57:45
152.7,0.6,114.6,151.6,0.4,73.7,184.9,59.98,213.8,0.9,5.4,804.0,34.9,3.3,2.2,0,38.845008416418494,27.875,27.875,2025-06-06 15:58:23
152.8,0.6,115.2,154.5,0.4,68.4,180.2,60.02,213.8,0.9,5.4,804.0,34.9,3.3,2.2,0,38.845008416418494,27.875,27.875,2025-06-06 15:58:47
155.6,0.6,117.3,151.6,0.3,68.8,182.5,59.98,213.7,0.8,5.4,804.0,35,3.3,2.2,0,38.845008416418494,27.812,27.812,2025-06-06 15:59:25
155.7,0.6,117.8,148.4,0.4,67.4,181.4,60.01,213.7,0.8,5.4,804.0,35,3.3,2.2,0,38.845008416418494,27.812,27.812,2025-06-06 15:59:50
158.6,0.6,110.9,148.7,0.3,65.2,175.2,60,213.5,0.9,5.4,804.0,34.9,3.3,2.2,0,38.845008416418494,27.75,27.812,2025-06-06 16:00:28
156,0.6,110.0,148.4,0.3,63.5,174.0,60.04,213.7,0.8,5.4,804.0,34.9,3.3,2.2,0,38.845008416418494,27.812,27.75,2025-06-06 16:00:52
155.7,0.6,105.7,148.8,0.3,61.0,163.4,60,213.6,0.8,5.4,804.0,35,3.3,2.2,0,38.845008416418494,27.75,27.75,2025-06-06 16:01:30
155.5,0.5,99.8,151,0.3,57.7,154.5,59.99,213.9,0.7,5.4,804.0,35,3.3,2.2,0,38.845008416418494,27.687,27.687,2025-06-06 16:01:54
150,0.5,93.6,151.4,0.2,50.4,141.2,59.99,213.5,0.7,5.4,804.0,35,3.3,2.2,0,38.845008416418494,27.625,27.625,2025-06-06 16:02:32
153,0.5,90.7,148.9,0.2,49.9,138.0,60.02,213.5,0.7,5.4,804.0,35,3.3,2.2,0,38.845008416418494,27.562,27.625,2025-06-06 16:02:57
149.8,0.4,88.1,154.2,0.2,45.8,131.2,59.99,213.9,0.6,5.4,804.0,35,3.3,2.2,0,38.845008416418494,27.437,27.437,2025-06-06 16:03:35
152.6,0.4,89.1,151.8,0.2,46.0,132.6,59.98,214,0.7,5.4,804.0,34.9,3.3,2.2,0,38.845008416418494,27.437,27.375,2025-06-06 16:03:59
153.1,0.5,90.6,150.1,0.2,46.3,136.0,60.01,214.1,0.7,5.4,804.0,34.8,3.3,2.2,0,38.845008416418494,27.375,27.375,2025-06-06 16:04:37
155.6,0.5,94.4,148.6,0.2,46.4,138.8,60.03,214.1,0.7,5.4,804.0,34.8,3.3,2.2,0,38.845008416418494,27.312,27.312,2025-06-06 16:05:02
152.2,0.5,102.9,153.1,0.2,47.9,148.0,60.01,213.8,0.7,5.4,804.0,34.7,3.3,2.2,0,38.845008416418494,27.312,27.312,2025-06-06 16:05:40
146.9,0.6,107.7,152.9,0.2,47.3,151.9,60.04,214,0.7,5.4,804.0,34.7,3.3,2.2,0,38.845008416418494,27.312,27.312,2025-06-06 16:06:04
148.1,0.7,115.0,148.2,0.3,53.2,165.1,60.01,213.7,0.8,5.4,804.0,34.7,3.3,2.2,0,38.845008416418494,27.437,27.437,2025-06-06 16:06:42
146.9,0.7,120.2,147.2,0.3,55.4,172.3,60.01,213.8,0.8,5.4,804.0,34.6,3.3,2.2,0,38.845008416418494,27.5,27.562,2025-06-06 16:07:07
155.6,0.7,129.1,144.3,0.3,60.0,185.5,60.02,213.5,0.9,5.4,804.0,34.6,3.3,2.2,0,77.69001683283699,27.625,27.625,2025-06-06 16:07:45
155.8,0.7,130.9,145.7,0.3,61.8,188.9,60,213.6,0.9,5.4,804.0,34.6,3.3,2.2,0,38.845008416418494,27.687,27.687,2025-06-06 16:08:09
158.8,0.7,129.4,144.3,0.3,62.9,189.1,60.01,213.9,0.9,5.4,804.0,34.6,3.3,2.2,0,38.845008416418494,27.562,27.562,2025-06-06 16:08:47
155.8,0.7,128.2,141.3,0.3,61.3,186.0,60.04,213.8,0.8,5.4,804.0,34.6,3.3,2.2,0,38.845008416418494,27.562,27.562,2025-06-06 16:09:12
155.7,0.6,116.2,141.4,0.3,57.0,170.0,60.05,213.6,0.9,5.4,804.0,34.6,3.3,2.2,0,38.845008416418494,27.625,27.625,2025-06-06 16:09:50
156.3,0.6,111.0,146.4,0.3,53.1,160.9,60.03,213.7,0.7,5.4,804.0,34.6,3.3,2.2,0,38.845008416418494,27.625,27.625,2025-06-06 16:10:14
155.7,0.5,98.6,143.9,0.2,46.4,142.4,59.98,213.8,0.7,5.4,804.0,34.5,3.3,2.2,0,38.845008416418494,27.625,27.687,2025-06-06 16:10:52
150.2,0.5,91.4,141.7,0.2,43.2,132.2,59.98,213.9,0.7,5.4,804.0,34.5,3.3,2.2,0,38.845008416418494,27.562,27.562,2025-06-06 16:11:17
149.9,0.4,83.2,143.7,0.2,39.4,120.7,60,213.7,0.7,5.4,804.0,34.5,3.3,2.2,0,38.845008416418494,27.5,27.5,2025-06-06 16:11:55
149.7,0.4,79.6,144.2,0.2,37.4,114.8,60.01,213.7,0.6,5.5,804.1,34.5,3.3,2.2,0,38.845008416418494,27.5,27.5,2025-06-06 16:12:19
152.1,0.4,73.9,140.5,0.1,33.2,105.2,59.98,214,0.6,5.5,804.1,34.4,3.3,2.2,0,0.0,27.5,27.5,2025-06-06 16:12:57
149.8,0.3,70.3,138.3,0.1,30.8,99.3,60.04,213.8,0.6,5.5,804.1,34.3,3.3,2.2,0,0.0,27.312,27.375,2025-06-06 16:13:22
152.1,0.3,67.7,141.8,0.1,28.7,94.7,60,213.8,0.5,5.5,804.1,34.3,3.3,2.2,0,0.0,27.187,27.25,2025-06-06 16:14:00
149.8,0.3,65.8,144,0.1,27.6,91.5,60.02,213.8,0.7,5.5,804.1,34.3,3.3,2.2,0,0.0,27.187,27.25,2025-06-06 16:14:24
151.6,0.3,64.9,145.8,0.1,26.8,90.1,60.01,213.8,0.5,5.5,804.1,34.3,3.3,2.2,0,0.0,27.125,27.125,2025-06-06 16:15:02
149.6,0.3,63.7,144.2,0.1,25.7,87.4,60.02,213.9,0.5,5.5,804.1,34.3,3.3,2.2,0,0.0,27.0,27.0,2025-06-06 16:15:26
146.9,0.3,62.1,142.5,0.1,24.1,84.6,60,214,0.5,5.5,804.1,34.3,3.3,2.2,0,0.0,27.0,27.0,2025-06-06 16:16:04
149.8,0.3,63.7,148.7,0.1,23.0,85.2,59.99,213.8,0.5,5.5,804.1,34.2,3.3,2.2,0,0.0,27.0,27.0,2025-06-06 16:16:29
152.7,0.3,61.7,141.1,0.1,22.4,82.7,60.02,213.8,0.5,5.5,804.1,34.2,3.3,2.2,0,0.0,27.062,27.062,2025-06-06 16:17:07
152.6,0.2,64.0,147.2,0.1,22.3,84.0,60,214,0.6,5.5,804.1,34.2,3.3,2.2,0,0.0,27.062,27.062,2025-06-06 16:17:31
149.7,0.3,63.4,139.3,0.1,22.4,84.7,60.02,213.9,0.5,5.5,804.1,34.2,3.3,2.2,0,0.0,26.937,27.0,2025-06-06 16:18:09
152.8,0.3,63.4,140.7,0.1,22.5,86.2,60.04,213.7,0.5,5.5,804.1,34.2,3.3,2.2,0,0.0,26.937,27.0,2025-06-06 16:18:34
152.5,0.3,67.9,151.6,0.1,22.6,88.7,60.01,213.7,0.4,5.5,804.1,34.2,3.3,2.2,0,0.0,27.0,27.0,2025-06-06 16:19:12
152.8,0.3,68.6,143.6,0.1,24.5,91.6,59.99,213.8,0.5,5.5,804.1,34.2,3.3,2.2,0,0.0,26.937,26.937,2025-06-06 16:19:36
153.1,0.3,68.8,143.3,0.1,25.3,92.4,60.01,213.8,0.6,5.5,804.1,34.2,3.3,2.2,0,0.0,26.937,26.937,2025-06-06 16:20:14
155.9,0.3,68.0,144.1,0.1,26.6,92.6,60,213.7,0.5,5.5,804.1,34.2,3.4,2.2,0,0.0,26.937,26.937,2025-06-06 16:20:39
152.8,0.3,71.3,146.3,0.1,27.2,96.5,59.98,213.6,0.5,5.5,804.1,34.1,3.4,2.2,0,0.0,26.937,27.0,2025-06-06 16:21:17
151.9,0.3,70.6,149.3,0.1,27.5,96.3,59.99,213.9,0.5,5.5,804.1,34.1,3.4,2.2,0,0.0,27.0,26.937,2025-06-06 16:21:41
149.7,0.3,69.5,143.3,0.1,27.9,95.2,60,213.9,0.5,5.5,804.1,34.1,3.4,2.2,0,0.0,26.75,26.812,2025-06-06 16:22:19
152.8,0.3,69.3,146.3,0.1,27.4,95.0,60.02,213.9,0.5,5.5,804.1,34.1,3.4,2.2,0,0.0,26.812,26.687,2025-06-06 16:22:44
152.5,0.3,65.0,145.4,0.1,27.0,90.4,59.98,214,0.5,5.5,804.1,34.1,3.4,2.2,0,0.0,26.625,26.625,2025-06-06 16:23:22
149.8,0.3,62.4,137.4,0.1,25.3,86.1,59.97,213.9,0.4,5.5,804.1,34,3.4,2.2,0,0.0,26.625,26.562,2025-06-06 16:23:46
152.1,0.2,58.4,140.1,0.1,24.0,80.9,59.99,214.1,0.5,5.5,804.1,34,3.4,2.2,0,0.0,26.562,26.625,2025-06-06 16:24:24
147,0.2,55.5,137.5,0.1,22.5,76.8,59.99,214.1,0.4,5.5,804.1,34,3.4,2.2,0,0.0,26.625,26.625,2025-06-06 16:24:49
148,0.2,52.3,131.6,0.1,20.1,71.2,60,214.1,0.5,5.5,804.1,33.9,3.4,2.2,0,0.0,26.625,26.625,2025-06-06 16:25:27
149.5,0.2,51.1,134.6,0,19.1,68.9,60.04,214.1,0.5,5.5,804.1,33.9,3.4,2.2,0,0.0,26.562,26.562,2025-06-06 16:25:51
148.1,0.2,49.4,137.6,0,18.6,65.7,60.02,214.1,0.5,5.5,804.1,33.9,3.4,2.2,0,0.0,26.562,26.562,2025-06-06 16:26:29
149.9,0.2,49.3,140.3,0,17.3,65.5,60.02,214.1,0.5,5.5,804.1,33.9,3.4,2.2,0,0.0,26.562,26.562,2025-06-06 16:26:53
146.9,0.2,45.9,133,0,16.4,61.4,60.01,214.1,0.5,5.5,804.1,33.9,3.4,2.2,0,0.0,26.562,26.562,2025-06-06 16:27:32
149,0.2,45.7,140.7,0,16.9,62.0,60.02,213.9,0.5,5.5,804.1,33.9,3.4,2.2,0,0.0,26.5,26.5,2025-06-06 16:27:56
145.8,0.2,45.0,137.8,0,17.6,61.5,60,214.1,0.3,5.5,804.1,33.9,3.4,2.2,0,0.0,26.5,26.5,2025-06-06 16:28:34
138.4,0.2,43.5,127.2,0,16.8,59.4,60,214,0.5,5.5,804.1,33.9,3.4,2.2,0,0.0,26.5,26.437,2025-06-06 16:28:58
152,0.2,44.1,137.8,0,18.4,61.7,59.98,213.8,0.4,5.5,804.1,33.9,3.4,2.2,0,0.0,26.437,26.437,2025-06-06 16:29:36
150.2,0.2,46.0,132.9,0,18.1,63.1,59.99,213.8,0.5,5.5,804.1,33.8,3.4,2.2,0,0.0,26.437,26.437,2025-06-06 16:30:01
151.5,0.1,48.9,140.5,0,18.6,66.3,60.02,214,0.4,5.5,804.1,33.6,3.4,2.2,0,0.0,26.5,26.5,2025-06-06 16:30:39
147.3,0.2,47.0,126.8,0.1,19.4,65.3,60,214.1,0.4,5.5,804.1,33.5,3.4,2.2,0,0.0,26.437,26.437,2025-06-06 16:31:03
140.4,0.2,47.7,135.8,0.1,21.1,67.7,60.01,214.2,0.4,5.5,804.1,33.5,3.4,2.2,0,0.0,26.312,26.375,2025-06-06 16:31:41
141,0.2,49.9,135.4,0.1,22.0,70.2,59.99,214.2,0.4,5.5,804.1,33.5,3.4,2.2,0,0.0,26.312,26.312,2025-06-06 16:32:06
149.8,0.2,53.0,141.7,0.1,22.3,73.6,60.01,214.2,0.5,5.5,804.1,33.3,3.4,2.2,0,0.0,26.312,26.312,2025-06-06 16:32:44
154.3,0.2,51.3,137.1,0.1,22.8,72.9,60.03,214.2,0.4,5.5,804.1,33.3,3.4,2.2,0,0.0,26.312,26.312,2025-06-06 16:33:08
151.3,0.2,55.1,142.9,0.1,22.9,76.6,60,214.2,0.5,5.5,804.1,33.3,3.4,2.2,0,0.0,26.25,26.25,2025-06-06 16:33:46
145.4,0.2,52.9,130.7,0.1,22.3,73.9,59.99,214.2,0.4,5.5,804.1,33.3,3.4,2.2,0,0.0,26.25,26.25,2025-06-06 16:34:11
150.2,0.2,54.3,130.2,0.1,22.4,75.4,59.99,213.9,0.4,5.5,804.1,33.3,3.4,2.2,0,0.0,26.312,26.312,2025-06-06 16:34:49
151.5,0.2,54.2,131,0.1,22.9,75.6,59.98,213.9,0.5,5.5,804.1,33.3,3.4,2.2,0,0.0,26.312,26.312,2025-06-06 16:35:13
154.3,0.2,53.4,128,0.1,22.6,74.7,60.01,214.1,0.5,5.5,804.1,33.3,3.4,2.2,0,0.0,26.312,26.312,2025-06-06 16:35:51
149.4,0.2,55.2,145.7,0.1,24.0,77.8,59.97,214,0.5,5.5,804.1,33.2,3.4,2.2,0,0.0,26.312,26.312,2025-06-06 16:36:16
152.2,0.2,54.6,143.6,0.1,23.9,77.1,60.01,214.1,0.4,5.5,804.1,33.1,3.4,2.2,0,0.0,26.25,26.25,2025-06-06 16:36:54
149.4,0.2,54.0,146.2,0.1,23.1,75.7,60,214.1,0.4,5.5,804.1,33.1,3.4,2.2,0,0.0,26.25,26.25,2025-06-06 16:37:18
150.5,0.2,52.4,144.6,0.1,21.9,73.1,60.02,214.4,0.4,5.5,804.1,33,3.4,2.2,0,0.0,26.187,26.187,2025-06-06 16:37:56
149.1,0.2,49.4,140.5,0,21.7,70.0,60.03,214.5,0.4,5.5,804.1,33,3.4,2.2,0,0.0,26.125,26.187,2025-06-06 16:38:21
148.1,0.2,49.1,141.6,0,19.4,67.3,60.03,214.4,0.4,5.5,804.1,33,3.4,2.2,0,0.0,26.062,26.062,2025-06-06 16:38:59
152.3,0.2,46.8,143.6,0,18.4,64.1,60.02,214.4,0.5,5.5,804.1,32.9,3.4,2.2,0,0.0,26.062,26.062,2025-06-06 16:39:23
147,0.1,44.8,144.2,0,16.0,61.0,60.03,214.2,0.4,5.5,804.1,32.9,3.4,2.2,0,0.0,26.062,26.062,2025-06-06 16:40:01
156.4,0.1,33.8,149.8,0,12.3,51.7,60.01,214.1,0.5,5.5,804.1,32.9,3.4,2.2,0,0.0,26.0,26.0,2025-06-06 16:40:25
140,0.1,41.5,134,0,14.3,54.8,59.97,214,0.4,5.5,804.1,32.8,3.4,2.2,0,0.0,25.937,25.937,2025-06-06 16:41:04
150.1,0.1,42.8,127.4,0,12.7,54.9,59.98,214,0.3,5.5,804.1,32.8,3.4,2.2,0,0.0,25.937,25.937,2025-06-06 16:41:28
143.4,0.1,41.6,126.4,0,11.9,52.7,60,214.1,0.4,5.5,804.1,32.8,3.4,2.2,0,0.0,26.0,26.0,2025-06-06 16:42:06
141.3,0.1,41.0,124.7,0,11.6,51.7,59.99,214.2,0.4,5.5,804.1,32.9,3.4,2.2,0,0.0,25.937,25.937,2025-06-06 16:42:30
145.3,0.1,41.4,131,0,10.4,51.0,59.99,213.9,0.4,5.5,804.1,32.9,3.4,2.2,0,0.0,25.937,25.937,2025-06-06 16:43:08
150.5,0.1,42.7,135.9,0,9.8,51.6,59.98,213.9,0.3,5.5,804.1,32.9,3.4,2.2,0,0.0,25.937,25.937,2025-06-06 16:43:33
147.4,0.1,41.7,138.7,0,10.0,50.8,60.05,214,0.3,5.5,804.1,32.8,3.4,2.2,0,0.0,25.875,25.875,2025-06-06 16:44:11
138.7,0.1,39.4,138.5,0,9.6,48.2,60.02,214.1,0.4,5.5,804.1,32.8,3.4,2.2,0,0.0,25.812,25.875,2025-06-06 16:44:35
143.9,0.1,39.1,131.6,0,8.3,46.7,60.04,214.1,0.3,5.5,804.1,32.8,3.4,2.2,0,0.0,25.75,25.75,2025-06-06 16:45:13
138.2,0.1,36.8,125.4,0,8.5,45.1,59.98,214.1,0.3,5.5,804.1,32.8,3.4,2.2,0,0.0,25.75,25.75,2025-06-06 16:45:38
143.3,0.1,37.0,126,0,7.6,43.9,60.02,214.3,0.4,5.5,804.1,32.8,3.4,2.2,0,0.0,25.75,25.75,2025-06-06 16:46:16
140.9,0.1,35.7,131.1,0,8.2,43.2,59.98,214.3,0.4,5.5,804.1,32.8,3.4,2.2,0,0.0,25.75,25.75,2025-06-06 16:46:40
143.8,0.1,35.1,125.9,0,7.0,41.3,59.99,214.2,0.4,5.5,804.1,32.8,3.4,2.2,0,0.0,25.812,25.812,2025-06-06 16:47:18
137.4,0.1,32.8,113.9,0,6.4,38.5,59.99,213.8,0.4,5.5,804.1,32.8,3.4,2.2,0,0.0,25.812,25.812,2025-06-06 16:47:43
140.4,0.1,34.5,125.5,0,5.7,39.5,60.02,214,0.4,5.5,804.1,32.8,3.4,2.2,0,0.0,25.687,25.687,2025-06-06 16:48:21
149.7,0.1,33.5,131.4,0,6.1,39.0,60.02,214.1,0.4,5.5,804.1,32.8,3.4,2.2,0,0.0,25.75,25.75,2025-06-06 16:48:45
130.2,0.1,33.2,134,0,5.2,37.9,60.01,214.1,0.4,5.5,804.1,32.8,3.4,2.2,0,0.0,25.687,25.687,2025-06-06 16:49:23
142.1,0.1,33.2,128.1,0,4.7,37.6,59.99,214,0.3,5.5,804.1,32.8,3.4,2.2,0,0.0,25.687,25.687,2025-06-06 16:49:48
145.2,0.1,33.2,142.8,0,4.5,37.1,59.98,214,0.4,5.5,804.1,32.7,3.4,2.2,0,0.0,25.625,25.687,2025-06-06 16:50:26
141.7,0.1,31.8,130.3,0,5.2,36.4,60,214,0.4,5.5,804.1,32.7,3.4,2.2,0,0.0,25.687,25.687,2025-06-06 16:50:50
141.8,0,30.4,122.8,0,4.3,34.1,59.97,214,0.4,5.5,804.1,32.6,3.4,2.2,0,0.0,25.625,25.625,2025-06-06 16:51:28
135.8,0.1,29.8,129.8,0,4.2,33.6,59.98,214.2,0.4,5.5,804.1,32.5,3.4,2.2,0,0.0,25.625,25.625,2025-06-06 16:51:53
137.8,0.1,30.4,136.8,0,3.7,33.6,60.01,214.2,0.3,5.5,804.1,32.5,3.4,2.2,0,0.0,25.625,25.625,2025-06-06 16:52:31
138.8,0,30.1,142,0,3.6,33.3,60,214.3,0.3,5.5,804.1,32.5,3.4,2.2,0,0.0,25.625,25.625,2025-06-06 16:52:55
135.4,0,29.2,135.2,0,3.4,32.0,60.01,213.9,0.4,5.5,804.1,32.5,3.4,2.2,0,0.0,25.625,25.625,2025-06-06 16:53:33
134.8,0,29.1,143.4,0,3.2,32.1,60.02,213.9,0.4,5.5,804.1,32.5,3.4,2.2,0,0.0,25.625,25.625,2025-06-06 16:53:57
149.3,0,22.4,136.5,0,3.2,24.5,60.01,214.1,0.3,5.5,804.1,32.5,3.4,2.2,0,0.0,25.625,25.625,2025-06-06 16:54:36
134.5,0,27.6,128.1,0,3.0,30.0,60.03,214.2,0.3,5.5,804.1,32.4,3.4,2.2,0,0.0,25.625,25.625,2025-06-06 16:55:00
140.8,0,21.3,155.9,0,2.6,23.6,60.05,213.8,0.3,5.5,804.1,32.4,3.4,2.2,0,0.0,25.562,25.625,2025-06-06 16:55:38
137.1,0,23.6,151.5,0,3.0,26.3,60.01,213.6,0.3,5.5,804.1,32.4,3.4,2.2,0,0.0,25.562,25.562,2025-06-06 16:56:02
138.1,0,19.3,154,0,2.8,21.8,60.02,214,0.4,5.5,804.1,32.4,3.4,2.2,0,0.0,25.5,25.5,2025-06-06 16:56:40
135.1,0,14.5,156.3,0,2.3,16.4,60.01,213.9,0.4,5.5,804.1,32.4,3.4,2.2,0,-38.845008416418494,25.437,25.437,2025-06-06 16:57:05
137.6,0,18.7,125.7,0,3.3,22.6,60.04,213.9,0.4,5.5,804.1,32.4,3.4,2.2,0,0.0,25.437,25.375,2025-06-06 16:57:43
145.2,0,12.4,154.2,0,2.9,15.0,60.01,214,0.5,5.5,804.1,32.4,3.4,2.2,0,-38.845008416418494,25.375,25.375,2025-06-06 16:58:07
144.9,0,10.9,154.8,0,2.8,13.9,60.03,213.8,0.4,5.5,804.1,32.4,3.4,2.2,0,0.0,25.25,25.312,2025-06-06 16:58:45
132.3,0,16.4,132.2,0,3.9,20.0,60.03,213.7,0.5,5.5,804.1,32.3,3.4,2.2,0,-38.845008416418494,25.25,25.25,2025-06-06 16:59:10
132.5,0,9.7,152.1,0,2.5,12.1,59.98,213.9,0.4,5.5,804.1,32.3,3.4,2.2,0,0.0,25.187,25.187,2025-06-06 16:59:48
123.5,0,14.2,146.2,0,3.5,17.6,59.99,213.9,0.3,5.5,804.1,32.3,3.4,2.2,0,0.0,25.187,25.25,2025-06-06 17:00:12
121.3,0,13.0,147.4,0,3.7,16.2,60.01,213.9,0.4,5.5,804.1,32.3,3.4,2.2,0,0.0,25.187,25.187,2025-06-06 17:00:50
111.9,0,9.2,153.4,0,2.8,11.9,59.99,214.1,0.3,5.5,804.1,32.3,3.4,2.2,0,0.0,25.125,25.125,2025-06-06 17:01:15
134.9,0,14.2,128.4,0,3.8,17.9,60.01,214.2,0.3,5.5,804.1,32.2,3.4,2.2,0,0.0,25.0,25.062,2025-06-06 17:01:53
128.8,0,8.5,154.3,0,3.0,11.5,59.99,214.1,0.3,5.5,804.1,32.2,3.4,2.2,0,-38.845008416418494,25.0,25.0,2025-06-06 17:02:17
123,0,7.8,154.9,0,2.7,10.5,60.01,213.9,0.5,5.5,804.1,32.2,3.4,2.2,0,-38.845008416418494,24.937,24.937,2025-06-06 17:02:55
129,0,13.2,126.2,0,4.3,17.3,59.98,213.9,0.4,5.5,804.1,32.1,3.4,2.2,0,0.0,24.875,24.875,2025-06-06 17:03:20
140.8,0,9.7,153.4,0,3.5,13.2,60.01,214.1,0.4,5.5,804.1,32,3.4,2.2,0,0.0,24.812,24.812,2025-06-06 17:03:58
137,0,8.5,152.1,0,3.0,11.1,60.03,213.8,0.3,5.5,804.1,32,3.4,2.2,0,0.0,24.75,24.812,2025-06-06 17:04:22
116.8,0,9.2,147.9,0,3.2,12.1,59.99,213.9,0.4,5.5,804.1,32,3.4,2.2,0,-38.845008416418494,24.75,24.75,2025-06-06 17:05:00
114.7,0,11.3,146.5,0,4.5,15.7,59.99,213.9,0.4,5.5,804.1,32,3.4,2.2,0,0.0,24.75,24.75,2025-06-06 17:05:25
145.4,0,11.6,128.5,0,5.6,16.8,59.99,214.2,0.4,5.5,804.1,31.9,3.4,2.2,0,-38.845008416418494,24.687,24.687,2025-06-06 17:06:03
137.7,0,12.6,136.1,0,4.9,17.5,59.99,214.1,0.4,5.5,804.1,31.8,3.4,2.3,0,0.0,24.687,24.687,2025-06-06 17:06:27
133.3,0,8.9,150.3,0,3.9,12.8,60.01,214.2,0.3,5.5,804.1,31.7,3.4,2.3,0,-38.845008416418494,24.687,24.687,2025-06-06 17:07:05
138.6,0,11.6,134.7,0,5.0,16.5,60.02,214.1,0.4,5.5,804.1,31.7,3.4,2.3,0,0.0,24.625,24.625,2025-06-06 17:07:29
134.5,0,6.2,153.7,0,2.9,9.1,60.05,214,0.4,5.5,804.1,31.6,3.4,2.3,0,-38.845008416418494,24.625,24.625,2025-06-06 17:08:08
137.4,0,7.0,153.4,0,3.2,10.2,60.01,213.9,0.4,5.5,804.1,31.5,3.4,2.3,0,-38.845008416418494,24.625,24.625,2025-06-06 17:08:32
137.4,0,5.5,153.7,0,3.0,8.9,60.01,213.9,0.4,5.5,804.1,31.5,3.4,2.3,0,-38.845008416418494,24.562,24.562,2025-06-06 17:09:10
140.7,0,8.5,147.3,0,4.5,13.0,60.03,214,0.3,5.5,804.1,31.5,3.4,2.3,0,-38.845008416418494,24.5,24.5,2025-06-06 17:09:34
148.5,0,7.4,151.2,0,4.7,5.6,59.99,213.9,0.4,5.5,804.1,31.4,3.4,2.3,0,0.0,24.5,24.5,2025-06-06 17:10:13
128.5,0,7.3,127.4,0,4.5,11.7,60,213.9,0.4,5.5,804.1,31.3,3.4,2.3,0,0.0,24.562,24.562,2025-06-06 17:10:37
124.5,0,4.9,150.8,0,3.5,8.3,59.97,214,0.3,5.5,804.1,31.3,3.4,2.3,0,-38.845008416418494,24.562,24.562,2025-06-06 17:11:15
139.1,0,4.0,128.8,0,3.1,11.5,59.98,213.8,0.4,5.5,804.1,31.3,3.4,2.3,0,-38.845008416418494,24.562,24.562,2025-06-06 17:11:39
123.3,0,4.5,148.1,0,3.9,8.5,60.01,213.7,0.3,5.5,804.1,31.2,3.4,2.3,0,-38.845008416418494,24.562,24.562,2025-06-06 17:12:17
126.7,0,3.5,149.2,0,3.3,6.8,60.02,213.8,0.4,5.5,804.1,31.2,3.4,2.3,0,0.0,24.562,24.562,2025-06-06 17:12:42
141.2,0,3.3,149,0,3.3,6.5,60,213.7,0.5,5.5,804.1,31.2,3.4,2.3,0,-38.845008416418494,24.562,24.562,2025-06-06 17:13:20
155,0,0.9,149.1,0,0.9,1.6,59.98,214,0.3,5.5,804.1,31.2,3.4,2.3,0,-38.845008416418494,24.5,24.562,2025-06-06 17:13:44
151.8,0,1.0,145.6,0,1.0,1.9,60,214,0.4,5.5,804.1,31.2,3.4,2.3,0,-38.845008416418494,24.5,24.5,2025-06-06 17:14:22
118.3,0,3.5,118.2,0,3.2,6.6,60.03,214,0.4,5.5,804.1,31.2,3.4,2.3,0,-38.845008416418494,24.5,24.5,2025-06-06 17:14:47
150.4,0,1.5,147.3,0,1.4,3.1,59.99,213.9,0.5,5.5,804.1,31.1,3.4,2.3,0,-38.845008416418494,24.5,24.5,2025-06-06 17:15:25
150.9,0,1.1,145.7,0,1.0,1.8,60.01,214,0.4,5.5,804.1,31.1,3.4,2.3,0,-38.845008416418494,24.437,24.437,2025-06-06 17:15:49
135.3,0,2.3,147.7,0,2.5,4.6,60.01,214,0.4,5.5,804.1,31.1,3.4,2.3,0,-38.845008416418494,24.5,24.5,2025-06-06 17:16:27
149.5,0,1.3,145.7,0,1.2,2.5,60.01,214.1,0.4,5.5,804.1,31.1,3.4,2.3,0,-38.845008416418494,24.5,24.5,2025-06-06 17:16:52
152.5,0,0.5,147,0,0.5,1.1,59.98,214,0.4,5.5,804.1,31.1,3.4,2.3,0,-38.845008416418494,24.437,24.437,2025-06-06 17:17:30
147.1,0,0.3,148.5,0,0.3,1.0,59.98,214.1,0.4,5.5,804.1,31.1,3.4,2.3,0,-38.845008416418494,24.437,24.5,2025-06-06 17:17:54
149.1,0,1.1,145.4,0,1.1,1.9,60.04,214.4,0.5,5.5,804.1,31,3.4,2.3,0,-38.845008416418494,24.5,24.5,2025-06-06 17:18:32
128.2,0,2.6,121.1,0,2.6,5.2,60.02,214.3,0.4,5.5,804.1,31,3.4,2.3,0,-38.845008416418494,24.5,24.5,2025-06-06 17:18:56
150.7,0,0.8,145.7,0,0.7,1.4,60.03,214.3,0.4,5.5,804.1,31,3.4,2.3,0,-38.845008416418494,24.437,24.437,2025-06-06 17:19:35
148.5,0,0.8,145.8,0,0.8,1.6,59.99,214.3,0.4,5.5,804.1,30.9,3.4,2.3,0,-38.845008416418494,24.437,24.437,2025-06-06 17:19:59
129.2,0,1.9,142,0,2.3,4.3,59.97,214,0.4,5.5,804.1,30.9,3.4,2.3,0,-38.845008416418494,24.437,24.437,2025-06-06 17:20:37
149.8,0,0.9,147.7,0,0.9,1.5,60.01,214.1,0.4,5.5,804.1,30.9,3.4,2.3,0,-38.845008416418494,24.437,24.437,2025-06-06 17:21:01
150.9,0,0.5,148.2,0,0.5,1.0,59.98,213.8,0.5,5.5,804.1,30.9,3.4,2.3,0,-38.845008416418494,24.437,24.437,2025-06-06 17:21:40
151.5,0,0.2,147.6,0,0.2,0.5,59.98,213.7,0.3,5.5,804.1,30.8,3.4,2.3,0,-38.845008416418494,24.5,24.5,2025-06-06 17:22:04
148.4,0,0.8,148.1,0,0.8,1.5,60.03,213.9,0.4,5.5,804.1,30.7,3.4,2.3,0,-38.845008416418494,24.5,24.5,2025-06-06 17:22:42
132.9,0,1.7,132.4,0,1.7,3.6,60.02,214.1,0.4,5.5,804.1,30.7,3.4,2.3,0,-38.845008416418494,24.437,24.437,2025-06-06 17:23:06
145.8,0,0.8,144.2,0,0.3,0.7,59.99,214.1,0.4,5.5,804.1,30.8,3.4,2.3,0,-38.845008416418494,24.437,24.5,2025-06-06 17:23:45
147.3,0,0.7,142.9,0,0.7,1.4,60.02,214.1,0.4,5.5,804.1,30.8,3.4,2.3,0,-38.845008416418494,24.437,24.437,2025-06-06 17:24:09
121.9,0,1.8,118.8,0,1.6,3.5,60.04,214.5,0.4,5.5,804.1,30.8,3.4,2.3,0,-38.845008416418494,24.437,24.437,2025-06-06 17:24:47
144.7,0,1.0,137.5,0,0.9,1.5,60.02,214.4,0.3,5.5,804.1,30.8,3.4,2.3,0,-38.845008416418494,24.437,24.437,2025-06-06 17:25:11
148.3,0,0.5,135,0,0.5,1.0,60.02,214.4,0.3,5.5,804.1,30.8,3.4,2.3,0,-38.845008416418494,24.437,24.437,2025-06-06 17:25:50
144.9,0,0.6,138.9,0,0.6,1.1,60.01,214.4,0.4,5.5,804.1,30.7,3.4,2.3,0,-38.845008416418494,24.437,24.437,2025-06-06 17:26:14
136.4,0,0.6,143.6,0,0.6,1.2,60,213.9,0.3,5.5,804.1,30.7,3.4,2.3,0,-38.845008416418494,24.375,24.437,2025-06-06 17:26:52
146.2,0,1.0,142.5,0,1.0,1.7,59.97,214,0.3,5.5,804.1,30.7,3.4,2.3,0,-38.845008416418494,24.437,24.437,2025-06-06 17:27:16
140.5,0,0.9,127.1,0,0.8,1.6,60,214.2,0.4,5.5,804.1,30.7,3.4,2.3,0,-38.845008416418494,24.437,24.437,2025-06-06 17:27:54
145.8,0,0.3,141.8,0,0.3,0.7,59.98,214.2,0.4,5.5,804.1,30.7,3.4,2.3,0,-38.845008416418494,24.437,24.437,2025-06-06 17:28:19
111.2,0,0.6,119.4,0,0.7,1.3,59.98,214.4,0.4,5.5,804.1,30.7,3.4,2.3,0,-38.845008416418494,24.437,24.437,2025-06-06 17:28:57
138.4,0,0.4,137.7,0,0.4,0.8,60.03,214.4,0.4,5.5,804.1,30.7,3.4,2.3,0,-38.845008416418494,24.375,24.437,2025-06-06 17:29:21
141.5,0,0.6,140.1,0,0.6,1.4,60.04,214,0.4,5.5,804.1,30.7,3.4,2.3,0,-38.845008416418494,24.375,24.437,2025-06-06 17:29:59
140.8,0,0.3,139.8,0,0.3,0.6,60.02,214.2,0.4,5.5,804.1,30.6,3.4,2.3,0,-38.845008416418494,24.375,24.375,2025-06-06 17:30:24
138.6,0,0.8,136.6,0,0.8,1.5,60.03,214,0.4,5.5,804.1,30.6,3.4,2.3,0,-38.845008416418494,24.375,24.375,2025-06-06 17:31:02
135,0,0.2,139,0,0.3,0.6,60.02,213.9,0.4,5.5,804.1,30.6,3.4,2.3,0,-38.845008416418494,24.375,24.437,2025-06-06 17:31:26
116.4,0,0.5,128.1,0,0.5,0.9,59.97,214,0.4,5.5,804.1,30.6,3.4,2.3,0,-38.845008416418494,24.375,24.375,2025-06-06 17:32:04
138,0,0.1,138.2,0,0.2,0.4,59.98,214,0.4,5.5,804.1,30.6,3.4,2.3,0,-38.845008416418494,24.437,24.437,2025-06-06 17:32:28
114.2,0,0.6,115.1,0,0.6,1.1,59.96,214.3,0.3,5.5,804.1,30.6,3.4,2.3,0,-38.845008416418494,24.375,24.437,2025-06-06 17:33:07
124.6,0,0.4,136.6,0,0.5,0.9,60.01,214.3,0.3,5.5,804.1,30.6,3.4,2.3,0,-38.845008416418494,24.437,24.375,2025-06-06 17:33:31
139.4,0,0.2,136.8,0,0.2,0.5,59.99,214.4,0.4,5.5,804.1,30.6,3.4,2.3,0,-38.845008416418494,24.437,24.437,2025-06-06 17:34:09
138.6,0,0.2,132.2,0,0.2,0.5,59.99,214.3,0.4,5.5,804.1,30.6,3.4,2.3,0,-38.845008416418494,24.375,24.437,2025-06-06 17:34:33
138.7,0,0.2,129.5,0,0.2,0.6,59.99,214.1,0.4,5.5,804.1,30.6,3.4,2.3,0,-38.845008416418494,24.375,24.375,2025-06-06 17:35:12
138.5,0,0.2,131.8,0,0.2,0.7,60.02,214.1,0.4,5.5,804.1,30.6,3.4,2.3,0,-38.845008416418494,24.375,24.375,2025-06-06 17:35:36
107.4,0,0.4,110.3,0,0.4,0.8,60.01,213.5,0.5,5.5,804.1,30.6,3.4,2.3,0,-38.845008416418494,24.375,24.375,2025-06-06 17:36:14
138,0,0.5,129.7,0,0.5,1.1,60,213.6,0.4,5.5,804.1,30.6,3.4,2.3,0,-38.845008416418494,24.375,24.375,2025-06-06 17:36:38
124.9,0,0.7,119.4,0,0.7,1.2,60,213.5,0.4,5.5,804.1,30.6,3.4,2.3,0,-38.845008416418494,24.375,24.375,2025-06-06 17:37:17
110,0,0.3,112.6,0,0.4,0.7,59.98,213.4,0.5,5.5,804.1,30.6,3.4,2.3,0,-38.845008416418494,24.375,24.375,2025-06-06 17:37:41
130,0,0.4,133.8,0,0.4,0.9,59.95,213.4,0.4,5.5,804.1,30.6,3.4,2.3,0,-38.845008416418494,24.375,24.375,2025-06-06 17:38:19
131.6,0,0.2,133.7,0,0.2,0.6,59.97,213.7,0.5,5.5,804.1,30.6,3.4,2.3,0,-38.845008416418494,24.375,24.375,2025-06-06 17:38:43
133.8,0,0.5,131.2,0,0.5,1.2,60.03,213.7,0.4,5.5,804.1,30.6,3.4,2.3,0,-38.845008416418494,24.375,24.375,2025-06-06 17:39:22
137.3,0,0.4,126.7,0,0.3,0.7,59.96,213.6,0.4,5.5,804.1,30.6,3.4,2.3,0,-38.845008416418494,24.312,24.375,2025-06-06 17:39:46
109.1,0,0.5,107.8,0,0.5,0.9,60,213.5,0.4,5.5,804.1,30.6,3.4,2.3,0,-38.845008416418494,24.375,24.375,2025-06-06 17:40:24
131.3,0,0.0,132.2,0,0.0,0.2,59.98,213.5,0.4,5.5,804.1,30.6,3.4,2.3,0,-38.845008416418494,24.375,24.375,2025-06-06 17:40:48
135,0,0.3,131.9,0,0.3,0.5,60,213.5,0.4,5.5,804.1,30.6,3.4,2.3,0,-38.845008416418494,24.312,24.375,2025-06-06 17:41:27
105,0,0.1,112.7,0,0.2,0.4,60.02,213.7,0.3,5.5,804.1,30.6,3.4,2.3,0,-38.845008416418494,24.312,24.375,2025-06-06 17:41:51
129.4,0,0.3,131,0,0.3,0.6,60.02,213.7,0.5,5.5,804.1,30.6,3.4,2.3,0,-38.845008416418494,24.312,24.312,2025-06-06 17:42:29
133.5,0,0.9,130.7,0,0.9,1.3,60.06,213.7,0.4,5.5,804.1,30.6,3.4,2.3,0,-38.845008416418494,24.312,24.312,2025-06-06 17:42:53
134.6,0,1.3,130.1,0,1.3,2.5,60.04,213.7,0.4,5.5,804.1,30.6,3.4,2.3,0,-38.845008416418494,24.312,24.312,2025-06-06 17:43:31
131.7,0,0.4,129.5,0,0.4,0.7,60.01,213.7,0.4,5.5,804.1,30.6,3.4,2.3,0,-38.845008416418494,24.312,24.312,2025-06-06 17:43:55
110.9,0,0.8,90.1,0,0.6,1.6,60.01,213.8,0.4,5.5,804.1,30.5,3.4,2.3,0,-38.845008416418494,24.312,24.312,2025-06-06 17:44:34
132.5,0,0.2,128,0,0.2,0.4,60.04,213.8,0.3,5.5,804.1,30.5,3.4,2.3,0,-38.845008416418494,24.312,24.312,2025-06-06 17:44:58
131.4,0,0.6,126.9,0,0.8,1.5,59.99,213.8,0.4,5.5,804.1,30.5,3.4,2.3,0,-38.845008416418494,24.375,24.375,2025-06-06 17:45:36
104.1,0,0.3,93.5,0,0.3,0.7,59.99,213.8,0.4,5.5,804.1,30.5,3.4,2.3,0,-38.845008416418494,24.375,24.375,2025-06-06 17:46:00
129.6,0,0.2,125.1,0,0.2,0.5,59.98,213.6,0.4,5.5,804.1,30.5,3.4,2.3,0,-38.845008416418494,24.375,24.375,2025-06-06 17:46:39
128.5,0,0.5,118.9,0,0.4,0.9,60.02,213.6,0.4,5.5,804.1,30.5,3.4,2.3,0,-38.845008416418494,24.375,24.375,2025-06-06 17:47:03
119,0,0.2,123.2,0,0.2,0.5,59.98,213.5,0.4,5.5,804.1,30.5,3.4,2.3,0,-38.845008416418494,24.375,24.375,2025-06-06 17:47:41
126.4,0,0.4,108.4,0,0.4,1.0,60.03,213.5,0.4,5.5,804.1,30.5,3.4,2.3,0,-38.845008416418494,24.437,24.437,2025-06-06 17:48:05
99.2,0,0.3,84.3,0,0.2,0.6,59.99,213.5,0.4,5.5,804.1,30.5,3.4,2.3,0,-38.845008416418494,24.375,24.437,2025-06-06 17:48:44
97.1,0,0.5,79.5,0,0.3,0.8,60.01,213.6,0.4,5.5,804.1,30.5,3.4,2.3,0,-38.845008416418494,24.437,24.437,2025-06-06 17:49:08
122.1,0,1.0,83.3,0,0.5,1.2,59.99,213.4,0.3,5.5,804.1,30.5,3.4,2.3,0,-38.845008416418494,24.437,24.437,2025-06-06 17:49:46
114.9,0,1.2,96.7,0,0.9,2.5,59.99,213.3,0.1,5.5,804.1,30.4,3.4,2.3,0,-38.845008416418494,24.437,24.437,2025-06-06 17:50:10
118.9,0,0.6,99.8,0,0.4,3.0,60.02,213.6,0.1,5.5,804.1,30.4,3.4,2.3,0,-38.845008416418494,24.437,24.437,2025-06-06 17:50:49
116.9,0,4.1,89.9,0,3.7,4.3,60.01,213.5,0.4,5.5,804.1,30.4,3.4,2.3,0,-38.845008416418494,24.437,24.437,2025-06-06 17:51:13
112.1,0,3.5,84.7,0,2.9,6.1,59.99,213.8,0.5,5.5,804.1,30.3,3.4,2.3,0,-38.845008416418494,24.437,24.5,2025-06-06 17:51:51
102.9,0,1.8,85.1,0,3.9,7.8,60.02,213.4,0.4,5.5,804.1,30.3,3.4,2.3,0,-38.845008416418494,24.437,24.5,2025-06-06 17:52:15
93.8,0,0.8,78.6,0,0.8,2.2,60.02,213.5,0.4,5.5,804.1,30.2,3.4,2.3,0,-38.845008416418494,24.5,24.5,2025-06-06 17:52:54
91.3,0,2.6,96.5,0,2.4,5.3,59.98,213.5,0.1,5.5,804.1,30.2,3.4,2.3,0,-38.845008416418494,24.5,24.5,2025-06-06 17:53:18
82.4,0,1.4,92.5,0,1.4,3.9,59.98,213.5,0.3,5.5,804.1,30.2,3.4,2.3,0,-38.845008416418494,24.5,24.5,2025-06-06 17:53:56
109.5,0,0.0,97.3,0,0.0,0.0,59.97,213.6,0,5.5,804.1,30.2,3.4,2.3,0,-38.845008416418494,24.5,24.5,2025-06-06 17:54:20
