Voltaje PV1 [V],Corriente PV1 [A],Potencia PV1 [W],Voltaje PV2 [V],Corriente PV2[A],Potencia PV2 [W],Potencia total [Wac],Frecuencia,Voltaje [Vac],Corriente [Aac],Energia hoy [Wh],Energia total [Wh],Temperatura inversor [°C],Energìa PV1 [Wh],Energìa PV2 [Wh],codigo_error,irradiancia_incidente,irradiancia_reflejada,albedo,temp_vertical,temp_inclinado,timestamp
,,0.0,0,0,0.0,0.0,0,0,0,0.0,1395.7,0,0.0,0.0,0,-38.845008416418494,-37.90271636133923,0,22.375,22.187,2025-10-30 05:50:25
0,0,0.0,0,0,0.0,0.0,0,0,0,0.0,1395.7,0,0.0,0.0,0,-38.845008416418494,-37.90271636133923,0,22.437,22.187,2025-10-30 05:51:23
,,0.0,0,0,0.0,0.0,0,0,0,0.0,1395.7,0,0.0,0.0,0,0.0,-37.90271636133923,0,22.375,22.187,2025-10-30 05:51:55
,0,0.0,0,0,0.0,0.0,0,0,0,0.0,1395.7,0,0.0,0.0,0,-38.845008416418494,-37.90271636133923,0,22.437,22.25,2025-10-30 05:52:24
,0,0.0,0,0,0.0,0.0,0,0,0,0.0,1395.7,0,0.0,0.0,0,-38.845008416418494,-37.90271636133923,0,22.375,22.187,2025-10-30 05:52:39
,0,0.0,0,0,0.0,0.0,0,0,0,0.0,1395.7,0,0.0,0.0,0,0.0,-37.90271636133923,0,22.375,22.187,2025-10-30 05:52:54
,,0.0,0,0,0.0,0.0,0,0,0,0.0,1395.7,0,0.0,0.0,0,0.0,0.0,0,22.437,22.187,2025-10-30 05:53:10
0,0,0.0,0,0,0.0,0.0,0,0,0,0.0,1395.7,0,0.0,0.0,0,-38.845008416418494,-37.90271636133923,0,22.375,22.187,2025-10-30 05:53:38
,,0.0,0,0,0.0,0.0,0,0,0,0.0,1395.7,0,0.0,0.0,0,-38.845008416418494,-37.90271636133923,0,22.437,22.187,2025-10-30 05:53:55
0,0,0.0,0,0,0.0,0.0,0,0,0,0.0,1395.7,0,0.0,0.0,0,-38.845008416418494,-37.90271636133923,0,22.375,22.187,2025-10-30 05:54:08
,,0.0,0,0,0.0,0.0,0,0,0,0.0,1395.7,0,0.0,0.0,0,0.0,-37.90271636133923,0,22.375,22.187,2025-10-30 05:54:40
,,0.0,0,0,0.0,0.0,0,0,0,0.0,1395.7,0,0.0,0.0,0,0.0,-37.90271636133923,0,22.375,22.187,2025-10-30 05:54:55
,,0.0,0,0,0.0,0.0,0,0,0,0.0,1395.7,0,0.0,0.0,0,0.0,-37.90271636133923,0,22.375,22.187,2025-10-30 05:55:10
,0,0.0,0,0,0.0,0.0,0,0,0,0.0,1395.7,0,0.0,0.0,0,-38.845008416418494,-37.90271636133923,0,22.375,22.187,2025-10-30 05:55:39
,,0.0,0,0,0.0,0.0,0,0,0,0.0,1395.7,0,0.0,0.0,0,-38.845008416418494,-37.90271636133923,0,22.375,22.187,2025-10-30 05:55:55
0,0,0.0,0,0,0.0,0.0,0,0,0,0.0,1395.7,0,0.0,0.0,0,-38.845008416418494,-37.90271636133923,0,22.375,22.187,2025-10-30 05:56:08
,0,0.0,0,0,0.0,0.0,0,0,0,0.0,1395.7,0,0.0,0.0,0,0.0,-37.90271636133923,0,22.375,22.187,2025-10-30 05:56:39
0,0,0.0,0,0,0.0,0.0,0,0,0,0.0,1395.7,0,0.0,0.0,0,-38.845008416418494,-37.90271636133923,0,22.375,22.187,2025-10-30 05:56:53
0,0,0.0,0,0,0.0,0.0,0,0,0,0.0,1395.7,0,0.0,0.0,0,-38.845008416418494,-37.90271636133923,0,22.437,22.187,2025-10-30 05:57:08
0,0,0.0,0,0,0.0,0.0,0,0,0,0.0,1395.7,0,0.0,0.0,0,0.0,-37.90271636133923,0,22.375,22.187,2025-10-30 05:57:23
0,0,0.0,0,0,0.0,0.0,0,0,0,0.0,1395.7,0,0.0,0.0,0,0.0,-37.90271636133923,0,22.375,22.187,2025-10-30 05:57:38
0,0,0.0,0,0,0.0,0.0,0,0,0,0.0,1395.7,0,0.0,0.0,302,0.0,-37.90271636133923,0,22.375,22.187,2025-10-30 05:57:53
89.9,0,0.0,89.8,0,0.0,0.0,0,0,0,0.0,1395.7,22.5,0.0,0.0,302,0.0,-37.90271636133923,0,22.375,22.25,2025-10-30 05:58:08
0,0,0.0,0,0,0.0,0.0,0,0,0,0.0,1395.7,0,0.0,0.0,0,0.0,-37.90271636133923,0,22.375,22.187,2025-10-30 05:58:23
146,0,0.0,145.7,0,0.0,0.0,0,0,0,0.0,1395.7,22.6,0.0,0.0,302,0.0,-37.90271636133923,0,22.375,22.187,2025-10-30 05:58:38
146.3,0,0.0,146.1,0,0.0,0.0,0,0,0,0.0,1395.7,22.6,0.0,0.0,302,0.0,-37.90271636133923,0,22.437,22.25,2025-10-30 05:58:53
147.1,0,0.0,146.9,0,0.0,0.0,0,0,0,0.0,1395.7,22.6,0.0,0.0,302,-38.845008416418494,-37.90271636133923,0,22.375,22.187,2025-10-30 05:59:08
147.6,0,0.0,147.4,0,0.0,0.0,0,0,0,0.0,1395.7,22.6,0.0,0.0,302,0.0,-37.90271636133923,0,22.437,22.25,2025-10-30 05:59:23
148.2,0,0.0,148.1,0,0.0,0.0,0,0,0,0.0,1395.7,22.6,0.0,0.0,302,0.0,-37.90271636133923,0,22.375,22.187,2025-10-30 05:59:38
148.7,0,0.0,148.6,0,0.0,0.0,0,0,0,0.0,1395.7,22.6,0.0,0.0,302,-38.845008416418494,-37.90271636133923,0,22.375,22.187,2025-10-30 05:59:53
149.3,0,0.0,149.3,0,0.0,0.0,0,0,0,0.0,1395.7,22.6,0.0,0.0,302,0.0,-37.90271636133923,0,22.375,22.187,2025-10-30 06:00:08
149.7,0,0.0,149.5,0,0.0,0.0,0,0,0,0.0,1395.7,22.6,0.0,0.0,302,0.0,-37.90271636133923,0,22.375,22.187,2025-10-30 06:00:23
150.3,0,0.0,150.1,0,0.0,0.0,0,0,0,0.0,1395.7,22.6,0.0,0.0,302,0.0,-37.90271636133923,0,22.375,22.187,2025-10-30 06:00:38
150.8,0,0.0,150.6,0,0.0,0.0,0,0,0,0.0,1395.7,22.6,0.0,0.0,302,0.0,-37.90271636133923,0,22.437,22.187,2025-10-30 06:00:53
151.3,0,0.0,151.1,0,0.0,0.0,0,0,0,0.0,1395.7,22.6,0.0,0.0,302,0.0,-37.90271636133923,0,22.375,22.187,2025-10-30 06:01:08
151.8,0,0.0,151.5,0,0.0,0.0,0,0,0,0.0,1395.7,22.7,0.0,0.0,302,0.0,0.0,0,22.375,22.25,2025-10-30 06:01:23
152.2,0,0.0,152,0,0.0,0.0,0,0,0,0.0,1395.7,22.7,0.0,0.0,302,0.0,0.0,0,22.375,22.25,2025-10-30 06:01:38
152.5,0,0.0,152.4,0,0.0,0.0,0,0,0,0.0,1395.7,22.7,0.0,0.0,302,0.0,-37.90271636133923,0,22.375,22.25,2025-10-30 06:01:53
153,0,0.0,152.9,0,0.0,0.0,0,0,0,0.0,1395.7,22.7,0.0,0.0,302,0.0,-37.90271636133923,0,22.375,22.25,2025-10-30 06:02:08
153.3,0,0.0,153.3,0,0.0,0.0,0,0,0,0.0,1395.7,22.7,0.0,0.0,302,0.0,-37.90271636133923,0,22.375,22.187,2025-10-30 06:02:23
153.8,0,0.0,153.8,0,0.0,0.0,0,0,0,0.0,1395.7,22.7,0.0,0.0,302,0.0,-37.90271636133923,0,22.375,22.187,2025-10-30 06:02:38
154.2,0,0.0,154.2,0,0.0,0.0,0,0,0,0.0,1395.7,22.7,0.0,0.0,302,0.0,0.0,0,22.375,22.25,2025-10-30 06:02:53
154.6,0,0.0,154.5,0,0.0,0.0,0,0,0,0.0,1395.7,22.7,0.0,0.0,302,0.0,-37.90271636133923,0,22.375,22.187,2025-10-30 06:03:08
154.9,0,0.0,154.8,0,0.0,0.0,0,0,0,0.0,1395.7,22.7,0.0,0.0,302,0.0,-37.90271636133923,0,22.375,22.25,2025-10-30 06:03:23
155.3,0,0.0,155.1,0,0.0,0.0,0,0,0,0.0,1395.7,22.7,0.0,0.0,302,0.0,-37.90271636133923,0,22.437,22.187,2025-10-30 06:03:38
155.6,0,0.0,155.4,0,0.0,0.0,0,0,0,0.0,1395.7,22.7,0.0,0.0,302,0.0,-37.90271636133923,0,22.437,22.187,2025-10-30 06:03:53
155.9,0,0.0,155.7,0,0.0,0.0,0,0,0,0.0,1395.7,22.7,0.0,0.0,302,0.0,-37.90271636133923,0,22.437,22.187,2025-10-30 06:04:08
156.2,0,0.0,155.9,0,0.0,0.0,0,0,0,0.0,1395.7,22.7,0.0,0.0,302,0.0,-37.90271636133923,0,22.437,22.187,2025-10-30 06:04:23
156.5,0,0.0,156.3,0,0.0,0.0,0,0,0,0.0,1395.7,22.7,0.0,0.0,302,0.0,-37.90271636133923,0,22.375,22.187,2025-10-30 06:04:38
156.7,0,0.0,156.6,0,0.0,0.0,0,0,0,0.0,1395.7,22.7,0.0,0.0,302,0.0,0.0,0,22.375,22.187,2025-10-30 06:04:53
157,0,0.0,156.7,0,0.0,0.0,0,0,0,0.0,1395.7,22.8,0.0,0.0,302,0.0,-37.90271636133923,0,22.437,22.187,2025-10-30 06:05:08
157.2,0,0.0,157,0,0.0,0.0,0,0,0,0.0,1395.7,22.8,0.0,0.0,302,0.0,-37.90271636133923,0,22.437,22.187,2025-10-30 06:05:23
157.4,0,0.0,157.2,0,0.0,0.0,0,0,0,0.0,1395.7,22.8,0.0,0.0,302,0.0,-37.90271636133923,0,22.437,22.187,2025-10-30 06:05:38
157.6,0,0.0,157.4,0,0.0,0.0,0,0,0,0.0,1395.7,22.8,0.0,0.0,302,0.0,-37.90271636133923,0,22.437,22.25,2025-10-30 06:05:53
157.8,0,0.0,157.7,0,0.0,0.0,0,0,0,0.0,1395.7,22.8,0.0,0.0,302,0.0,-37.90271636133923,0,22.437,22.25,2025-10-30 06:06:08
158.1,0,0.0,157.9,0,0.0,0.0,0,0,0,0.0,1395.7,22.8,0.0,0.0,302,0.0,0.0,0,22.437,22.25,2025-10-30 06:06:23
158.3,0,0.0,158.1,0,0.0,0.0,0,0,0,0.0,1395.7,22.8,0.0,0.0,302,0.0,-37.90271636133923,0,22.437,22.25,2025-10-30 06:06:38
158.4,0,0.0,158.2,0,0.0,0.0,0,0,0,0.0,1395.7,22.8,0.0,0.0,302,0.0,-37.90271636133923,0,22.437,22.25,2025-10-30 06:06:53
158.7,0,0.0,158.4,0,0.0,0.0,0,0,0,0.0,1395.7,22.8,0.0,0.0,302,0.0,0.0,0,22.437,22.25,2025-10-30 06:07:08
158.9,0,0.0,158.6,0,0.0,0.0,0,0,0,0.0,1395.7,22.8,0.0,0.0,302,0.0,-37.90271636133923,0,22.437,22.25,2025-10-30 06:07:23
159.1,0,0.0,158.8,0,0.0,0.0,0,0,0,0.0,1395.7,22.8,0.0,0.0,302,0.0,0.0,0,22.437,22.25,2025-10-30 06:07:38
159.2,0,0.0,158.9,0,0.0,0.0,0,0,0,0.0,1395.7,22.8,0.0,0.0,302,0.0,-37.90271636133923,0,22.437,22.25,2025-10-30 06:07:53
159.5,0,0.0,159,0,0.0,0.0,0,0,0,0.0,1395.7,22.8,0.0,0.0,302,0.0,-37.90271636133923,0,22.437,22.312,2025-10-30 06:08:08
159.6,0,0.0,159.1,0,0.0,0.0,0,0,0,0.0,1395.7,22.8,0.0,0.0,302,0.0,-37.90271636133923,0,22.437,22.312,2025-10-30 06:08:23
159.8,0,0.0,159.2,0,0.0,0.0,0,0,0,0.0,1395.7,22.8,0.0,0.0,302,0.0,-37.90271636133923,0,22.437,22.312,2025-10-30 06:08:38
159.8,0,0.0,159.4,0,0.0,0.0,0,0,0,0.0,1395.7,22.9,0.0,0.0,302,0.0,0.0,0,22.437,22.312,2025-10-30 06:08:53
160,0,0.0,159.5,0,0.0,0.0,0,0,0,0.0,1395.7,22.9,0.0,0.0,302,0.0,-37.90271636133923,0,22.437,22.312,2025-10-30 06:09:08
160.1,0,0.0,159.6,0,0.0,0.0,0,0,0,0.0,1395.7,22.9,0.0,0.0,302,0.0,0.0,0,22.437,22.312,2025-10-30 06:09:23
160.3,0,0.0,159.7,0,0.0,0.0,0,0,0,0.0,1395.7,22.9,0.0,0.0,302,0.0,-37.90271636133923,0,22.437,22.25,2025-10-30 06:09:38
160.4,0,0.0,159.8,0,0.0,0.0,0,0,0,0.0,1395.7,22.9,0.0,0.0,302,0.0,-37.90271636133923,0,22.437,22.25,2025-10-30 06:09:53
160.5,0,0.0,159.9,0,0.0,0.0,0,0,0,0.0,1395.7,22.9,0.0,0.0,302,0.0,0.0,0,22.5,22.25,2025-10-30 06:10:08
160.6,0,0.0,159.9,0,0.0,0.0,0,0,0,0.0,1395.7,22.9,0.0,0.0,302,0.0,0.0,0,22.5,22.312,2025-10-30 06:10:23
160.6,0,0.0,160,0,0.0,0.0,0,0,0,0.0,1395.7,23,0.0,0.0,302,0.0,-37.90271636133923,0,22.437,22.312,2025-10-30 06:10:38
160.6,0,0.0,160,0,0.0,0.0,0,0,0,0.0,1395.7,23,0.0,0.0,302,0.0,-37.90271636133923,0,22.5,22.312,2025-10-30 06:10:53
160.6,0,0.0,160.1,0,0.0,0.0,0,0,0,0.0,1395.7,23,0.0,0.0,302,0.0,0.0,0,22.5,22.312,2025-10-30 06:11:08
160.6,0,0.0,160.1,0,0.0,0.0,0,0,0,0.0,1395.7,23,0.0,0.0,302,0.0,0.0,0,22.5,22.312,2025-10-30 06:11:23
160.7,0,0.0,160.1,0,0.0,0.0,0,0,0,0.0,1395.7,23,0.0,0.0,302,0.0,-37.90271636133923,0,22.5,22.312,2025-10-30 06:11:38
160.8,0,0.0,160.1,0,0.0,0.0,0,0,0,0.0,1395.7,23,0.0,0.0,302,0.0,-37.90271636133923,0,22.5,22.312,2025-10-30 06:11:53
160.8,0,0.0,160.1,0,0.0,0.0,0,0,0,0.0,1395.7,23,0.0,0.0,302,0.0,-37.90271636133923,0,22.5,22.312,2025-10-30 06:12:08
160.8,0,0.0,160.1,0,0.0,0.0,0,0,0,0.0,1395.7,23,0.0,0.0,302,0.0,-37.90271636133923,0,22.5,22.375,2025-10-30 06:12:23
160.8,0,0.0,160.1,0,0.0,0.0,0,0,0,0.0,1395.7,23,0.0,0.0,302,0.0,-37.90271636133923,0,22.5,22.312,2025-10-30 06:12:38
160.8,0,0.0,160.1,0,0.0,0.0,0,0,0,0.0,1395.7,23,0.0,0.0,302,0.0,-37.90271636133923,0,22.5,22.312,2025-10-30 06:12:53
160.8,0,0.0,160.1,0,0.0,0.0,0,0,0,0.0,1395.7,23,0.0,0.0,302,0.0,-37.90271636133923,0,22.5,22.312,2025-10-30 06:13:08
160.8,0,0.0,160.1,0,0.0,0.0,0,0,0,0.0,1395.7,23,0.0,0.0,302,0.0,-37.90271636133923,0,22.5,22.312,2025-10-30 06:13:23
160.7,0,0.0,160,0,0.0,0.0,0,0,0,0.0,1395.7,23.1,0.0,0.0,302,0.0,-37.90271636133923,0,22.5,22.312,2025-10-30 06:13:38
160.6,0,0.0,160,0,0.0,0.0,0,0,0,0.0,1395.7,23,0.0,0.0,302,0.0,0.0,0,22.5,22.312,2025-10-30 06:13:53
160.6,0,0.0,159.9,0,0.0,0.0,0,0,0,0.0,1395.7,23.1,0.0,0.0,302,0.0,-37.90271636133923,0,22.5,22.312,2025-10-30 06:14:08
160.5,0,0.0,159.8,0,0.0,0.0,0,0,0,0.0,1395.7,23.1,0.0,0.0,302,0.0,0.0,0,22.5,22.312,2025-10-30 06:14:23
160.4,0,0.0,159.7,0,0.0,0.0,0,0,0,0.0,1395.7,23.1,0.0,0.0,302,0.0,-37.90271636133923,0,22.5,22.25,2025-10-30 06:14:38
160.4,0,0.0,159.7,0,0.0,0.0,0,0,0,0.0,1395.7,23.1,0.0,0.0,302,0.0,-37.90271636133923,0,22.5,22.25,2025-10-30 06:14:53
160.3,0,0.0,159.7,0,0.0,0.0,0,0,0,0.0,1395.7,23.1,0.0,0.0,302,0.0,-37.90271636133923,0,22.5,22.312,2025-10-30 06:15:08
160.3,0,0.0,159.6,0,0.0,0.0,0,0,0,0.0,1395.7,23.1,0.0,0.0,302,0.0,0.0,0,22.5,22.312,2025-10-30 06:15:23
160.2,0,0.0,159.6,0,0.0,0.0,0,0,0,0.0,1395.7,23.1,0.0,0.0,302,0.0,-37.90271636133923,0,22.5,22.312,2025-10-30 06:15:38
160.1,0,0.0,159.6,0,0.0,0.0,0,0,0,0.0,1395.7,23.1,0.0,0.0,302,0.0,0.0,0,22.5,22.25,2025-10-30 06:15:53
160.1,0,0.0,159.6,0,0.0,0.0,0,0,0,0.0,1395.7,23.1,0.0,0.0,302,0.0,-37.90271636133923,0,22.562,22.312,2025-10-30 06:16:08
160,0,0.0,159.6,0,0.0,0.0,0,0,0,0.0,1395.7,23.1,0.0,0.0,302,0.0,-37.90271636133923,0,22.5,22.312,2025-10-30 06:16:23
159.8,0,0.0,159.6,0,0.0,0.0,0,0,0,0.0,1395.7,23.1,0.0,0.0,302,0.0,-37.90271636133923,0,22.5,22.312,2025-10-30 06:16:38
159.7,0,0.0,159.5,0,0.0,0.0,0,0,0,0.0,1395.7,23.1,0.0,0.0,302,0.0,0.0,0,22.5,22.312,2025-10-30 06:16:53
159.6,0,0.0,159.5,0,0.0,0.0,0,0,0,0.0,1395.7,23.1,0.0,0.0,302,0.0,-37.90271636133923,0,22.562,22.312,2025-10-30 06:17:08
159.6,0,0.0,159.4,0,0.0,0.0,0,0,0,0.0,1395.7,23.1,0.0,0.0,302,0.0,-37.90271636133923,0,22.562,22.312,2025-10-30 06:17:23
159.5,0,0.0,159.3,0,0.0,0.0,0,0,0,0.0,1395.7,23.1,0.0,0.0,302,0.0,-37.90271636133923,0,22.562,22.312,2025-10-30 06:17:38
159.4,0,0.0,159.2,0,0.0,0.0,0,0,0,0.0,1395.7,23.2,0.0,0.0,302,0.0,0.0,0,22.5,22.312,2025-10-30 06:17:53
159.4,0,0.0,159.2,0,0.0,0.0,0,0,0,0.0,1395.7,23.2,0.0,0.0,302,0.0,-37.90271636133923,0,22.5,22.25,2025-10-30 06:18:08
159.3,0,0.0,159.1,0,0.0,0.0,0,0,0,0.0,1395.7,23.2,0.0,0.0,302,0.0,-37.90271636133923,0,22.5,22.25,2025-10-30 06:18:23
159.3,0,0.0,159,0,0.0,0.0,0,0,0,0.0,1395.7,23.2,0.0,0.0,302,0.0,-37.90271636133923,0,22.5,22.25,2025-10-30 06:18:38
159.2,0,0.0,159,0,0.0,0.0,0,0,0,0.0,1395.7,23.2,0.0,0.0,302,0.0,-37.90271636133923,0,22.5,22.25,2025-10-30 06:18:53
159.1,0,0.0,159,0,0.0,0.0,0,0,0,0.0,1395.7,23.2,0.0,0.0,302,0.0,-37.90271636133923,0,22.562,22.25,2025-10-30 06:19:08
159.1,0,0.0,158.9,0,0.0,0.0,0,0,0,0.0,1395.7,23.2,0.0,0.0,302,0.0,-37.90271636133923,0,22.5,22.25,2025-10-30 06:19:23
159.1,0,0.0,158.9,0,0.0,0.0,0,0,0,0.0,1395.7,23.2,0.0,0.0,302,0.0,-37.90271636133923,0,22.562,22.25,2025-10-30 06:19:38
159.1,0,0.0,158.9,0,0.0,0.0,0,0,0,0.0,1395.7,23.2,0.0,0.0,302,0.0,-37.90271636133923,0,22.562,22.25,2025-10-30 06:19:53
159.1,0,0.0,158.9,0,0.0,0.0,0,0,0,0.0,1395.7,23.2,0.0,0.0,302,0.0,-37.90271636133923,0,22.562,22.25,2025-10-30 06:20:08
159.1,0,0.0,158.9,0,0.0,0.0,0,0,0,0.0,1395.7,23.2,0.0,0.0,302,0.0,-37.90271636133923,0,22.562,22.312,2025-10-30 06:20:23
159.1,0,0.0,158.9,0,0.0,0.0,0,0,0,0.0,1395.7,23.2,0.0,0.0,302,0.0,-37.90271636133923,0,22.5,22.312,2025-10-30 06:20:38
159.2,0,0.0,159,0,0.0,0.0,0,0,0,0.0,1395.7,23.2,0.0,0.0,302,0.0,-37.90271636133923,0,22.562,22.25,2025-10-30 06:20:53
159.2,0,0.0,159,0,0.0,0.0,0,0,0,0.0,1395.7,23.2,0.0,0.0,302,0.0,-37.90271636133923,0,22.562,22.312,2025-10-30 06:21:08
159.3,0,0.0,159.1,0,0.0,0.0,0,0,0,0.0,1395.7,23.2,0.0,0.0,302,0.0,-37.90271636133923,0,22.5,22.312,2025-10-30 06:21:23
159.4,0,0.0,159.1,0,0.0,0.0,0,0,0,0.0,1395.7,23.2,0.0,0.0,302,0.0,-37.90271636133923,0,22.5,22.312,2025-10-30 06:21:38
159.4,0,0.0,159.1,0,0.0,0.0,0,0,0,0.0,1395.7,23.2,0.0,0.0,302,0.0,-37.90271636133923,0,22.5,22.312,2025-10-30 06:21:53
159.5,0,0.0,159.2,0,0.0,0.0,0,0,0,0.0,1395.7,23.2,0.0,0.0,302,0.0,-37.90271636133923,0,22.5,22.312,2025-10-30 06:22:08
159.6,0,0.0,159.3,0,0.0,0.0,0,0,0,0.0,1395.7,23.2,0.0,0.0,302,0.0,-37.90271636133923,0,22.5,22.25,2025-10-30 06:22:23
159.7,0,0.0,159.3,0,0.0,0.0,0,0,0,0.0,1395.7,23.2,0.0,0.0,302,0.0,-37.90271636133923,0,22.5,22.25,2025-10-30 06:22:38
159.8,0,0.0,159.4,0,0.0,0.0,0,0,0,0.0,1395.7,23.2,0.0,0.0,302,0.0,-37.90271636133923,0,22.5,22.25,2025-10-30 06:22:53
159.8,0,0.0,159.4,0,0.0,0.0,0,0,0,0.0,1395.7,23.2,0.0,0.0,302,0.0,-37.90271636133923,0,22.5,22.25,2025-10-30 06:23:08
159.9,0,0.0,159.5,0,0.0,0.0,0,0,0,0.0,1395.7,23.2,0.0,0.0,302,0.0,0.0,0,22.5,22.25,2025-10-30 06:23:23
160,0,0.0,159.5,0,0.0,0.0,0,0,0,0.0,1395.7,23.3,0.0,0.0,302,0.0,-37.90271636133923,0,22.5,22.25,2025-10-30 06:23:38
160.1,0,0.0,159.6,0,0.0,0.0,0,0,0,0.0,1395.7,23.2,0.0,0.0,302,0.0,0.0,0,22.5,22.25,2025-10-30 06:23:53
160.2,0,0.0,159.6,0,0.0,0.0,0,0,0,0.0,1395.7,23.2,0.0,0.0,302,0.0,-37.90271636133923,0,22.5,22.25,2025-10-30 06:24:08
160.3,0,0.0,159.7,0,0.0,0.0,0,0,0,0.0,1395.7,23.2,0.0,0.0,302,0.0,0.0,0,22.5,22.25,2025-10-30 06:24:23
160.4,0,0.0,159.7,0,0.0,0.0,0,0,0,0.0,1395.7,23.3,0.0,0.0,302,0.0,-37.90271636133923,0,22.5,22.25,2025-10-30 06:24:38
160.5,0,0.0,159.8,0,0.0,0.0,0,0,0,0.0,1395.7,23.3,0.0,0.0,302,0.0,-37.90271636133923,0,22.5,22.25,2025-10-30 06:24:53
160.6,0,0.0,159.8,0,0.0,0.0,0,0,0,0.0,1395.7,23.3,0.0,0.0,302,0.0,-37.90271636133923,0,22.5,22.25,2025-10-30 06:25:08
160.6,0,0.0,159.9,0,0.0,0.0,0,0,0,0.0,1395.7,23.3,0.0,0.0,302,0.0,0.0,0,22.5,22.25,2025-10-30 06:25:23
160.6,0,0.0,160,0,0.0,0.0,0,0,0,0.0,1395.7,23.3,0.0,0.0,302,0.0,-37.90271636133923,0,22.5,22.25,2025-10-30 06:25:38
160.7,0,0.0,160.1,0,0.0,0.0,0,0,0,0.0,1395.7,23.3,0.0,0.0,302,0.0,-37.90271636133923,0,22.437,22.187,2025-10-30 06:25:53
160.8,0,0.0,160.2,0,0.0,0.0,0,0,0,0.0,1395.7,23.3,0.0,0.0,302,0.0,-37.90271636133923,0,22.5,22.187,2025-10-30 06:26:08
160.9,0,0.0,160.3,0,0.0,0.0,0,0,0,0.0,1395.7,23.3,0.0,0.0,302,0.0,0.0,0,22.437,22.187,2025-10-30 06:26:23
161,0,0.0,160.4,0,0.0,0.0,0,0,0,0.0,1395.7,23.3,0.0,0.0,302,0.0,-37.90271636133923,0,22.5,22.187,2025-10-30 06:26:38
161.2,0,0.0,160.5,0,0.0,0.0,0,0,0,0.0,1395.7,23.3,0.0,0.0,302,0.0,0.0,0,22.5,22.187,2025-10-30 06:26:53
161.4,0,0.0,160.7,0,0.0,0.0,0,0,0,0.0,1395.7,23.3,0.0,0.0,302,0.0,-37.90271636133923,0,22.5,22.187,2025-10-30 06:27:08
161.6,0,0.0,160.8,0,0.0,0.0,0,0,0,0.0,1395.7,23.3,0.0,0.0,302,0.0,-37.90271636133923,0,22.5,22.25,2025-10-30 06:27:23
161.9,0,0.0,160.9,0,0.0,0.0,0,0,0,0.0,1395.7,23.3,0.0,0.0,302,0.0,-37.90271636133923,0,22.5,22.25,2025-10-30 06:27:38
162.2,0,0.0,161.1,0,0.0,0.0,0,0,0,0.0,1395.7,23.3,0.0,0.0,302,0.0,0.0,0,22.5,22.25,2025-10-30 06:27:53
162.4,0,0.0,161.3,0,0.0,0.0,0,0,0,0.0,1395.7,23.3,0.0,0.0,302,0.0,-37.90271636133923,0,22.5,22.25,2025-10-30 06:28:08
162.7,0,0.0,161.5,0,0.0,0.0,0,0,0,0.0,1395.7,23.3,0.0,0.0,302,0.0,-37.90271636133923,0,22.437,22.25,2025-10-30 06:28:23
163.1,0,0.0,161.6,0,0.0,0.0,0,0,0,0.0,1395.7,23.3,0.0,0.0,302,0.0,-37.90271636133923,0,22.5,22.25,2025-10-30 06:28:38
163.4,0,0.0,161.8,0,0.0,0.0,0,0,0,0.0,1395.7,23.3,0.0,0.0,302,0.0,0.0,0,22.5,22.25,2025-10-30 06:28:53
163.7,0,0.0,162,0,0.0,0.0,0,0,0,0.0,1395.7,23.4,0.0,0.0,302,0.0,0.0,0,22.5,22.25,2025-10-30 06:29:08
164.1,0,0.0,162.3,0,0.0,0.0,0,0,0,0.0,1395.7,23.4,0.0,0.0,302,0.0,0.0,0,22.5,22.25,2025-10-30 06:29:23
164.5,0,0.0,162.5,0,0.0,0.0,0,0,0,0.0,1395.7,23.4,0.0,0.0,302,0.0,-37.90271636133923,0,22.5,22.25,2025-10-30 06:29:38
164.7,0,0.0,162.7,0,0.0,0.0,0,0,0,0.0,1395.7,23.4,0.0,0.0,302,0.0,-37.90271636133923,0,22.5,22.25,2025-10-30 06:29:53
165,0,0.0,162.9,0,0.0,0.0,0,0,0,0.0,1395.7,23.4,0.0,0.0,302,0.0,0.0,0,22.5,22.25,2025-10-30 06:30:08
165.3,0,0.0,163,0,0.0,0.0,0,0,0,0.0,1395.7,23.4,0.0,0.0,302,0.0,0.0,0,22.5,22.25,2025-10-30 06:30:23
165.5,0,0.0,163.3,0,0.0,0.0,0,0,0,0.0,1395.7,23.4,0.0,0.0,302,0.0,0.0,0,22.5,22.25,2025-10-30 06:30:38
165.8,0,0.0,163.4,0,0.0,0.0,0,0,0,0.0,1395.7,23.4,0.0,0.0,302,0.0,-37.90271636133923,0,22.5,22.25,2025-10-30 06:30:53
165.9,0,0.0,163.6,0,0.0,0.0,0,0,0,0.0,1395.7,23.4,0.0,0.0,302,0.0,0.0,0,22.5,22.312,2025-10-30 06:31:08
166.1,0,0.0,163.8,0,0.0,0.0,0,0,0,0.0,1395.7,23.4,0.0,0.0,302,0.0,-37.90271636133923,0,22.5,22.312,2025-10-30 06:31:23
166.2,0,0.0,163.9,0,0.0,0.0,0,0,0,0.0,1395.7,23.4,0.0,0.0,302,0.0,0.0,0,22.5,22.25,2025-10-30 06:31:38
166.3,0,0.0,164.1,0,0.0,0.0,0,0,0,0.0,1395.7,23.4,0.0,0.0,302,0.0,0.0,0,22.5,22.25,2025-10-30 06:31:53
166.4,0,0.0,164.2,0,0.0,0.0,0,0,0,0.0,1395.7,23.4,0.0,0.0,302,0.0,-37.90271636133923,0,22.5,22.25,2025-10-30 06:32:08
166.6,0,0.0,164.4,0,0.0,0.0,0,0,0,0.0,1395.7,23.4,0.0,0.0,302,0.0,0.0,0,22.5,22.25,2025-10-30 06:32:23
166.8,0,0.0,164.6,0,0.0,0.0,0,0,0,0.0,1395.7,23.4,0.0,0.0,302,0.0,-37.90271636133923,0,22.5,22.25,2025-10-30 06:32:38
166.9,0,0.0,164.7,0,0.0,0.0,0,0,0,0.0,1395.7,23.4,0.0,0.0,302,0.0,-37.90271636133923,0,22.5,22.25,2025-10-30 06:32:53
167,0,0.0,164.9,0,0.0,0.0,0,0,0,0.0,1395.7,23.4,0.0,0.0,302,0.0,0.0,0,22.5,22.312,2025-10-30 06:33:08
167.2,0,0.0,165,0,0.0,0.0,0,0,0,0.0,1395.7,23.4,0.0,0.0,302,0.0,0.0,0,22.562,22.312,2025-10-30 06:33:23
167.3,0,0.0,165.2,0,0.0,0.0,0,0,0,0.0,1395.7,23.4,0.0,0.0,302,0.0,0.0,0,22.5,22.312,2025-10-30 06:33:38
167.4,0,0.0,165.4,0,0.0,0.0,0,0,0,0.0,1395.7,23.4,0.0,0.0,302,0.0,0.0,0,22.5,22.312,2025-10-30 06:33:53
167.6,0,0.0,165.5,0,0.0,0.0,0,0,0,0.0,1395.7,23.4,0.0,0.0,302,0.0,0.0,0,22.562,22.375,2025-10-30 06:34:08
167.7,0,0.0,165.6,0,0.0,0.0,0,0,0,0.0,1395.7,23.5,0.0,0.0,302,0.0,0.0,0,22.562,22.375,2025-10-30 06:34:23
167.9,0,0.0,165.7,0,0.0,0.0,0,0,0,0.0,1395.7,23.5,0.0,0.0,302,0.0,0.0,0,22.562,22.375,2025-10-30 06:34:38
168.2,0,0.0,165.9,0,0.0,0.0,0,0,0,0.0,1395.7,23.5,0.0,0.0,302,0.0,0.0,0,22.562,22.375,2025-10-30 06:34:53
168.3,0,0.0,166,0,0.0,0.0,0,0,0,0.0,1395.7,23.5,0.0,0.0,302,0.0,-37.90271636133923,0,22.562,22.312,2025-10-30 06:35:08
168.5,0,0.0,166.2,0,0.0,0.0,0,0,0,0.0,1395.7,23.5,0.0,0.0,302,0.0,0.0,0,22.562,22.312,2025-10-30 06:35:23
168.6,0,0.0,166.3,0,0.0,0.0,0,0,0,0.0,1395.7,23.5,0.0,0.0,302,0.0,0.0,0,22.562,22.375,2025-10-30 06:35:38
168.7,0,0.0,166.4,0,0.0,0.0,0,0,0,0.0,1395.7,23.5,0.0,0.0,302,0.0,-37.90271636133923,0,22.562,22.375,2025-10-30 06:35:53
168.8,0,0.0,166.5,0,0.0,0.0,0,0,0,0.0,1395.7,23.5,0.0,0.0,302,0.0,0.0,0,22.625,22.375,2025-10-30 06:36:08
169,0,0.0,166.6,0,0.0,0.0,0,0,0,0.0,1395.7,23.5,0.0,0.0,302,0.0,0.0,0,22.625,22.375,2025-10-30 06:36:23
169.1,0,0.0,166.6,0,0.0,0.0,0,0,0,0.0,1395.7,23.5,0.0,0.0,302,0.0,-37.90271636133923,0,22.625,22.375,2025-10-30 06:36:38
169.3,0,0.0,166.7,0,0.0,0.0,0,0,0,0.0,1395.7,23.5,0.0,0.0,302,0.0,-37.90271636133923,0,22.625,22.375,2025-10-30 06:36:53
169.3,0,0.0,166.8,0,0.0,0.0,0,0,0,0.0,1395.7,23.5,0.0,0.0,302,0.0,0.0,0,22.687,22.437,2025-10-30 06:37:08
169.5,0,0.0,167,0,0.0,0.0,0,0,0,0.0,1395.7,23.5,0.0,0.0,302,0.0,0.0,0,22.625,22.437,2025-10-30 06:37:23
169.6,0,0.0,167.1,0,0.0,0.0,0,0,0,0.0,1395.7,23.5,0.0,0.0,302,0.0,-37.90271636133923,0,22.625,22.437,2025-10-30 06:37:38
169.7,0,0.0,167.2,0,0.0,0.0,0,0,0,0.0,1395.7,23.5,0.0,0.0,302,0.0,0.0,0,22.687,22.437,2025-10-30 06:37:53
169.7,0,0.0,167.3,0,0.0,0.0,0,0,0,0.0,1395.7,23.5,0.0,0.0,302,0.0,-37.90271636133923,0,22.687,22.437,2025-10-30 06:38:08
169.8,0,0.0,167.4,0,0.0,0.0,0,0,0,0.0,1395.7,23.5,0.0,0.0,302,0.0,0.0,0,22.625,22.437,2025-10-30 06:38:23
169.9,0,0.0,167.5,0,0.0,0.0,0,0,0,0.0,1395.7,23.5,0.0,0.0,302,0.0,0.0,0,22.687,22.437,2025-10-30 06:38:38
170.1,0,0.0,167.6,0,0.0,0.0,0,0,0,0.0,1395.7,23.5,0.0,0.0,302,0.0,0.0,0,22.687,22.5,2025-10-30 06:38:53
170.2,0,0.0,167.8,0,0.0,0.0,0,0,0,0.0,1395.7,23.5,0.0,0.0,302,0.0,0.0,0,22.687,22.5,2025-10-30 06:39:08
170.3,0,0.0,167.8,0,0.0,0.0,0,0,0,0.0,1395.7,23.5,0.0,0.0,302,0.0,0.0,0,22.687,22.5,2025-10-30 06:39:23
170.5,0,0.0,167.9,0,0.0,0.0,0,0,0,0.0,1395.7,23.5,0.0,0.0,302,0.0,0.0,0,22.687,22.5,2025-10-30 06:39:38
170.7,0,0.0,168.1,0,0.0,0.0,0,0,0,0.0,1395.7,23.5,0.0,0.0,302,0.0,0.0,0,22.687,22.5,2025-10-30 06:39:53
170.9,0,0.0,168.2,0,0.0,0.0,0,0,0,0.0,1395.7,23.5,0.0,0.0,302,0.0,0.0,0,22.75,22.562,2025-10-30 06:40:08
171,0,0.0,168.4,0,0.0,0.0,0,0,0,0.0,1395.7,23.5,0.0,0.0,302,0.0,0.0,0,22.687,22.562,2025-10-30 06:40:23
171.1,0,0.0,168.5,0,0.0,0.0,0,0,0,0.0,1395.7,23.5,0.0,0.0,302,0.0,0.0,0,22.75,22.562,2025-10-30 06:40:38
171.2,0,0.0,168.6,0,0.0,0.0,0,0,0,0.0,1395.7,23.5,0.0,0.0,302,0.0,0.0,0,22.75,22.562,2025-10-30 06:40:53
171.3,0,0.0,168.7,0,0.0,0.0,0,0,0,0.0,1395.7,23.5,0.0,0.0,302,0.0,0.0,0,22.75,22.562,2025-10-30 06:41:08
171.4,0,0.0,168.8,0,0.0,0.0,0,0,0,0.0,1395.7,23.6,0.0,0.0,302,38.845008416418494,0.0,0.0,22.75,22.562,2025-10-30 06:41:23
171.5,0,0.0,168.9,0,0.0,0.0,0,0,0,0.0,1395.7,23.6,0.0,0.0,302,38.845008416418494,0.0,0.0,22.812,22.562,2025-10-30 06:41:38
171.6,0,0.0,169,0,0.0,0.0,0,0,0,0.0,1395.7,23.6,0.0,0.0,302,0.0,0.0,0,22.812,22.562,2025-10-30 06:41:53
171.8,0,0.0,169.1,0,0.0,0.0,0,0,0,0.0,1395.7,23.6,0.0,0.0,302,38.845008416418494,0.0,0.0,22.812,22.562,2025-10-30 06:42:08
171.9,0,0.0,169.3,0,0.0,0.0,0,0,0,0.0,1395.7,23.6,0.0,0.0,302,38.845008416418494,0.0,0.0,22.875,22.625,2025-10-30 06:42:23
172.1,0,0.0,169.4,0,0.0,0.0,0,0,0,0.0,1395.7,23.6,0.0,0.0,302,38.845008416418494,0.0,0.0,22.812,22.625,2025-10-30 06:42:38
172.3,0,0.0,169.6,0,0.0,0.0,0,0,0,0.0,1395.7,23.6,0.0,0.0,302,38.845008416418494,0.0,0.0,22.875,22.625,2025-10-30 06:42:53
172.4,0,0.0,169.7,0,0.0,0.0,0,0,0,0.0,1395.7,23.6,0.0,0.0,302,38.845008416418494,0.0,0.0,22.875,22.562,2025-10-30 06:43:08
172.6,0,0.0,169.8,0,0.0,0.0,0,0,0,0.0,1395.7,23.6,0.0,0.0,302,38.845008416418494,0.0,0.0,22.875,22.562,2025-10-30 06:43:23
172.8,0,0.0,170,0,0.0,0.0,0,0,0,0.0,1395.7,23.6,0.0,0.0,302,38.845008416418494,0.0,0.0,22.875,22.562,2025-10-30 06:43:38
172.9,0,0.0,170.1,0,0.0,0.0,0,0,0,0.0,1395.7,23.6,0.0,0.0,302,38.845008416418494,0.0,0.0,22.875,22.562,2025-10-30 06:43:53
173,0,0.0,170.2,0,0.0,0.0,0,0,0,0.0,1395.7,23.6,0.0,0.0,302,38.845008416418494,0.0,0.0,22.875,22.562,2025-10-30 06:44:08
173.2,0,0.0,170.4,0,0.0,0.0,0,0,0,0.0,1395.7,23.6,0.0,0.0,302,38.845008416418494,0.0,0.0,22.875,22.562,2025-10-30 06:44:23
173.3,0,0.0,170.5,0,0.0,0.0,0,0,0,0.0,1395.7,23.6,0.0,0.0,302,38.845008416418494,0.0,0.0,22.875,22.625,2025-10-30 06:44:38
173.5,0,0.0,170.7,0,0.0,0.0,0,0,0,0.0,1395.7,23.6,0.0,0.0,302,38.845008416418494,0.0,0.0,22.937,22.625,2025-10-30 06:44:53
173.6,0,0.0,170.8,0,0.0,0.0,0,0,0,0.0,1395.7,23.6,0.0,0.0,302,38.845008416418494,0.0,0.0,22.937,22.625,2025-10-30 06:45:08
173.7,0,0.0,170.8,0,0.0,0.0,0,0,0,0.0,1395.7,23.6,0.0,0.0,302,38.845008416418494,0.0,0.0,22.937,22.625,2025-10-30 06:45:23
173.8,0,0.0,171,0,0.0,0.0,0,0,0,0.0,1395.7,23.6,0.0,0.0,302,38.845008416418494,0.0,0.0,22.937,22.625,2025-10-30 06:45:38
174,0,0.0,171,0,0.0,0.0,0,0,0,0.0,1395.7,23.6,0.0,0.0,302,38.845008416418494,0.0,0.0,22.937,22.625,2025-10-30 06:45:53
174.1,0,0.0,171.1,0,0.0,0.0,0,0,0,0.0,1395.7,23.6,0.0,0.0,302,38.845008416418494,0.0,0.0,22.937,22.687,2025-10-30 06:46:08
174.2,0,0.0,171.2,0,0.0,0.0,0,0,0,0.0,1395.7,23.6,0.0,0.0,302,38.845008416418494,0.0,0.0,23.0,22.625,2025-10-30 06:46:23
174.3,0,0.0,171.4,0,0.0,0.0,0,0,0,0.0,1395.7,23.6,0.0,0.0,302,38.845008416418494,0.0,0.0,23.0,22.625,2025-10-30 06:46:38
174.4,0,0.0,171.5,0,0.0,0.0,0,0,0,0.0,1395.7,23.6,0.0,0.0,302,38.845008416418494,0.0,0.0,23.0,22.625,2025-10-30 06:46:53
174.5,0,0.0,171.6,0,0.0,0.0,0,0,0,0.0,1395.7,23.6,0.0,0.0,302,38.845008416418494,0.0,0.0,23.0,22.687,2025-10-30 06:47:08
174.6,0,0.0,171.7,0,0.0,0.0,0,0,0,0.0,1395.7,23.6,0.0,0.0,302,38.845008416418494,0.0,0.0,23.0,22.75,2025-10-30 06:47:23
174.7,0,0.0,171.9,0,0.0,0.0,0,0,0,0.0,1395.7,23.6,0.0,0.0,302,38.845008416418494,0.0,0.0,23.062,22.75,2025-10-30 06:47:38
174.9,0,0.0,172,0,0.0,0.0,0,0,0,0.0,1395.7,23.6,0.0,0.0,302,38.845008416418494,0.0,0.0,23.062,22.75,2025-10-30 06:47:53
175,0,0.0,172.1,0,0.0,0.0,0,0,0,0.0,1395.7,23.7,0.0,0.0,302,38.845008416418494,0.0,0.0,23.062,22.75,2025-10-30 06:48:08
175.1,0,0.0,172.2,0,0.0,0.0,0,0,0,0.0,1395.7,23.7,0.0,0.0,302,38.845008416418494,0.0,0.0,23.062,22.812,2025-10-30 06:48:23
175.2,0,0.0,172.4,0,0.0,0.0,0,0,0,0.0,1395.7,23.7,0.0,0.0,302,38.845008416418494,0.0,0.0,23.125,22.812,2025-10-30 06:48:38
175.3,0,0.0,172.4,0,0.0,0.0,0,0,0,0.0,1395.7,23.7,0.0,0.0,302,38.845008416418494,0.0,0.0,23.125,22.812,2025-10-30 06:48:53
175.4,0,0.0,172.4,0,0.0,0.0,0,0,0,0.0,1395.7,23.7,0.0,0.0,302,38.845008416418494,0.0,0.0,23.125,22.812,2025-10-30 06:49:08
175.4,0,0.0,172.5,0,0.0,0.0,0,0,0,0.0,1395.7,23.7,0.0,0.0,302,38.845008416418494,0.0,0.0,23.187,22.875,2025-10-30 06:49:23
175.5,0,0.0,172.6,0,0.0,0.0,0,0,0,0.0,1395.7,23.7,0.0,0.0,302,38.845008416418494,0.0,0.0,23.187,22.937,2025-10-30 06:49:38
175.5,0,0.0,172.6,0,0.0,0.0,0,0,0,0.0,1395.7,23.7,0.0,0.0,302,38.845008416418494,0.0,0.0,23.187,22.937,2025-10-30 06:49:53
175.6,0,0.0,172.6,0,0.0,0.0,0,0,0,0.0,1395.7,23.7,0.0,0.0,302,77.69001683283699,0.0,0.0,23.187,22.937,2025-10-30 06:50:08
175.7,0,0.0,172.7,0,0.0,0.0,0,0,0,0.0,1395.7,23.7,0.0,0.0,302,38.845008416418494,0.0,0.0,23.25,22.937,2025-10-30 06:50:23
175.7,0,0.0,172.7,0,0.0,0.0,0,0,0,0.0,1395.7,23.7,0.0,0.0,302,77.69001683283699,0.0,0.0,23.25,22.937,2025-10-30 06:50:38
175.8,0,0.0,172.7,0,0.0,0.0,0,0,0,0.0,1395.7,23.7,0.0,0.0,302,38.845008416418494,0.0,0.0,23.25,22.937,2025-10-30 06:50:53
175.8,0,0.0,172.8,0,0.0,0.0,0,0,0,0.0,1395.7,23.7,0.0,0.0,302,77.69001683283699,0.0,0.0,23.25,22.937,2025-10-30 06:51:08
175.9,0,0.0,172.8,0,0.0,0.0,0,0,0,0.0,1395.7,23.7,0.0,0.0,302,77.69001683283699,0.0,0.0,23.25,22.937,2025-10-30 06:51:23
175.9,0,0.0,172.8,0,0.0,0.0,0,0,0,0.0,1395.7,23.7,0.0,0.0,302,77.69001683283699,0.0,0.0,23.25,22.937,2025-10-30 06:51:38
175.9,0,0.0,172.8,0,0.0,0.0,0,0,0,0.0,1395.7,23.7,0.0,0.0,302,77.69001683283699,0.0,0.0,23.187,22.875,2025-10-30 06:51:53
175.9,0,0.0,172.8,0,0.0,0.0,0,0,0,0.0,1395.7,23.7,0.0,0.0,302,77.69001683283699,0.0,0.0,23.187,22.875,2025-10-30 06:52:08
175.9,0,0.0,172.8,0,0.0,0.0,0,0,0,0.0,1395.7,23.7,0.0,0.0,302,77.69001683283699,0.0,0.0,23.187,22.875,2025-10-30 06:52:23
175.8,0,0.0,172.8,0,0.0,0.0,0,0,0,0.0,1395.7,23.7,0.0,0.0,302,77.69001683283699,0.0,0.0,23.25,22.875,2025-10-30 06:52:38
175.7,0,0.0,172.8,0,0.0,0.0,0,0,0,0.0,1395.7,23.7,0.0,0.0,302,77.69001683283699,0.0,0.0,23.25,22.875,2025-10-30 06:52:53
175.7,0,0.0,172.7,0,0.0,0.0,0,0,0,0.0,1395.7,23.7,0.0,0.0,302,77.69001683283699,0.0,0.0,23.25,22.875,2025-10-30 06:53:08
175.5,0,0.0,172.7,0,0.0,0.0,0,0,0,0.0,1395.7,23.7,0.0,0.0,302,77.69001683283699,0.0,0.0,23.25,22.937,2025-10-30 06:53:23
175.4,0,0.0,172.6,0,0.0,0.0,0,0,0,0.0,1395.7,23.7,0.0,0.0,302,77.69001683283699,0.0,0.0,23.312,22.937,2025-10-30 06:53:38
175.2,0,0.0,172.6,0,0.0,0.0,0,0,0,0.0,1395.7,23.8,0.0,0.0,302,77.69001683283699,0.0,0.0,23.312,22.937,2025-10-30 06:53:53
175.1,0,0.0,172.4,0,0.0,0.0,0,0,0,0.0,1395.7,23.8,0.0,0.0,302,38.845008416418494,0.0,0.0,23.375,23.0,2025-10-30 06:54:08
174.9,0,0.0,172.4,0,0.0,0.0,0,0,0,0.0,1395.7,23.8,0.0,0.0,302,38.845008416418494,0.0,0.0,23.375,23.0,2025-10-30 06:54:23
174.8,0,0.0,172.3,0,0.0,0.0,0,0,0,0.0,1395.7,23.8,0.0,0.0,302,38.845008416418494,0.0,0.0,23.375,23.0,2025-10-30 06:54:38
174.8,0,0.0,172.2,0,0.0,0.0,0,0,0,0.0,1395.7,23.8,0.0,0.0,302,38.845008416418494,0.0,0.0,23.312,23.0,2025-10-30 06:54:53
174.7,0,0.0,172.1,0,0.0,0.0,0,0,0,0.0,1395.7,23.8,0.0,0.0,302,38.845008416418494,0.0,0.0,23.312,22.937,2025-10-30 06:55:08
174.6,0,0.0,172.1,0,0.0,0.0,0,0,0,0.0,1395.7,23.8,0.0,0.0,302,38.845008416418494,0.0,0.0,23.25,22.875,2025-10-30 06:55:23
174.6,0,0.0,172,0,0.0,0.0,0,0,0,0.0,1395.7,23.8,0.0,0.0,302,38.845008416418494,0.0,0.0,23.25,22.875,2025-10-30 06:55:38
174.5,0,0.0,171.9,0,0.0,0.0,0,0,0,0.0,1395.7,23.8,0.0,0.0,302,38.845008416418494,0.0,0.0,23.25,22.875,2025-10-30 06:55:53
174.4,0,0.0,171.9,0,0.0,0.0,0,0,0,0.0,1395.7,23.8,0.0,0.0,302,38.845008416418494,0.0,0.0,23.25,22.875,2025-10-30 06:56:08
174.4,0,0.0,171.8,0,0.0,0.0,0,0,0,0.0,1395.7,23.8,0.0,0.0,302,38.845008416418494,0.0,0.0,23.25,22.875,2025-10-30 06:56:23
174.3,0,0.0,171.8,0,0.0,0.0,0,0,0,0.0,1395.7,23.8,0.0,0.0,302,38.845008416418494,0.0,0.0,23.312,22.875,2025-10-30 06:56:38
174.2,0,0.0,171.7,0,0.0,0.0,0,0,0,0.0,1395.7,23.8,0.0,0.0,302,38.845008416418494,0.0,0.0,23.312,22.875,2025-10-30 06:56:53
174.2,0,0.0,171.6,0,0.0,0.0,0,0,0,0.0,1395.7,23.8,0.0,0.0,302,38.845008416418494,0.0,0.0,23.25,22.875,2025-10-30 06:57:08
174.1,0,0.0,171.6,0,0.0,0.0,0,0,0,0.0,1395.7,23.8,0.0,0.0,302,38.845008416418494,0.0,0.0,23.25,22.812,2025-10-30 06:57:23
174,0,0.0,171.6,0,0.0,0.0,0,0,0,0.0,1395.7,23.8,0.0,0.0,302,38.845008416418494,0.0,0.0,23.187,22.812,2025-10-30 06:57:38
173.8,0,0.0,171.5,0,0.0,0.0,0,0,0,0.0,1395.7,23.9,0.0,0.0,302,38.845008416418494,0.0,0.0,23.25,22.875,2025-10-30 06:57:53
173.7,0,0.0,171.5,0,0.0,0.0,0,0,0,0.0,1395.7,23.9,0.0,0.0,302,38.845008416418494,0.0,0.0,23.312,22.875,2025-10-30 06:58:08
173.5,0,0.0,171.4,0,0.0,0.0,0,0,0,0.0,1395.7,23.9,0.0,0.0,302,38.845008416418494,0.0,0.0,23.312,22.937,2025-10-30 06:58:23
173.4,0,0.0,171.3,0,0.0,0.0,0,0,0,0.0,1395.7,23.9,0.0,0.0,302,38.845008416418494,0.0,0.0,23.312,22.875,2025-10-30 06:58:38
173.2,0,0.0,171.2,0,0.0,0.0,0,0,0,0.0,1395.7,23.9,0.0,0.0,302,38.845008416418494,0.0,0.0,23.312,22.937,2025-10-30 06:58:53
173.1,0,0.0,171.1,0,0.0,0.0,0,0,0,0.0,1395.7,23.9,0.0,0.0,302,38.845008416418494,0.0,0.0,23.375,23.0,2025-10-30 06:59:08
172.9,0,0.0,171.1,0,0.0,0.0,0,0,0,0.0,1395.7,23.9,0.0,0.0,302,38.845008416418494,0.0,0.0,23.375,23.0,2025-10-30 06:59:23
172.9,0,0.0,171,0,0.0,0.0,0,0,0,0.0,1395.7,23.9,0.0,0.0,302,38.845008416418494,0.0,0.0,23.375,23.0,2025-10-30 06:59:38
172.7,0,0.0,170.9,0,0.0,0.0,0,0,0,0.0,1395.7,23.9,0.0,0.0,302,38.845008416418494,0.0,0.0,23.375,22.937,2025-10-30 06:59:53
172.7,0,0.0,170.8,0,0.0,0.0,0,0,0,0.0,1395.7,23.9,0.0,0.0,302,38.845008416418494,0.0,0.0,23.375,22.937,2025-10-30 07:00:08
172.7,0,0.0,170.7,0,0.0,0.0,0,0,0,0.0,1395.7,23.9,0.0,0.0,302,38.845008416418494,0.0,0.0,23.312,22.937,2025-10-30 07:00:23
172.6,0,0.0,170.6,0,0.0,0.0,0,0,0,0.0,1395.7,23.9,0.0,0.0,302,38.845008416418494,0.0,0.0,23.312,22.937,2025-10-30 07:00:38
172.6,0,0.0,170.5,0,0.0,0.0,0,0,0,0.0,1395.7,23.9,0.0,0.0,302,38.845008416418494,0.0,0.0,23.312,22.937,2025-10-30 07:00:53
172.5,0,0.0,170.5,0,0.0,0.0,0,0,0,0.0,1395.7,23.9,0.0,0.0,302,38.845008416418494,0.0,0.0,23.375,22.875,2025-10-30 07:01:08
172.4,0,0.0,170.4,0,0.0,0.0,0,0,0,0.0,1395.7,23.9,0.0,0.0,302,38.845008416418494,0.0,0.0,23.25,22.937,2025-10-30 07:01:23
172.4,0,0.0,170.4,0,0.0,0.0,0,0,0,0.0,1395.7,23.9,0.0,0.0,302,38.845008416418494,0.0,0.0,23.25,22.875,2025-10-30 07:01:38
172.4,0,0.0,170.3,0,0.0,0.0,0,0,0,0.0,1395.7,23.9,0.0,0.0,302,38.845008416418494,0.0,0.0,23.25,22.875,2025-10-30 07:01:53
172.4,0,0.0,170.3,0,0.0,0.0,0,0,0,0.0,1395.7,24,0.0,0.0,302,38.845008416418494,0.0,0.0,23.25,22.812,2025-10-30 07:02:08
172.4,0,0.0,170.3,0,0.0,0.0,0,0,0,0.0,1395.7,24,0.0,0.0,302,38.845008416418494,0.0,0.0,23.312,22.875,2025-10-30 07:02:23
172.4,0,0.0,170.3,0,0.0,0.0,0,0,0,0.0,1395.7,24,0.0,0.0,302,38.845008416418494,0.0,0.0,23.312,22.875,2025-10-30 07:02:38
172.5,0,0.0,170.3,0,0.0,0.0,0,0,0,0.0,1395.7,24,0.0,0.0,302,38.845008416418494,0.0,0.0,23.312,22.875,2025-10-30 07:02:53
172.6,0,0.0,170.3,0,0.0,0.0,0,0,0,0.0,1395.7,24,0.0,0.0,302,38.845008416418494,0.0,0.0,23.25,22.812,2025-10-30 07:03:08
172.8,0,0.0,170.3,0,0.0,0.0,0,0,0,0.0,1395.7,24,0.0,0.0,302,38.845008416418494,0.0,0.0,23.25,22.812,2025-10-30 07:03:23
172.9,0,0.0,170.4,0,0.0,0.0,0,0,0,0.0,1395.7,24,0.0,0.0,302,38.845008416418494,0.0,0.0,23.25,22.812,2025-10-30 07:03:38
173.1,0,0.0,170.4,0,0.0,0.0,0,0,0,0.0,1395.7,24,0.0,0.0,302,38.845008416418494,0.0,0.0,23.187,22.75,2025-10-30 07:03:53
173.3,0,0.0,170.5,0,0.0,0.0,0,0,0,0.0,1395.7,24,0.0,0.0,302,38.845008416418494,0.0,0.0,23.187,22.812,2025-10-30 07:04:08
173.5,0,0.0,170.6,0,0.0,0.0,0,0,0,0.0,1395.7,24,0.0,0.0,302,38.845008416418494,0.0,0.0,23.125,22.75,2025-10-30 07:04:23
173.6,0,0.0,170.7,0,0.0,0.0,0,0,0,0.0,1395.7,24,0.0,0.0,302,38.845008416418494,0.0,0.0,23.187,22.75,2025-10-30 07:04:38
173.7,0,0.0,170.8,0,0.0,0.0,0,0,0,0.0,1395.7,24,0.0,0.0,302,38.845008416418494,0.0,0.0,23.187,22.75,2025-10-30 07:04:53
173.9,0,0.0,171,0,0.0,0.0,0,0,0,0.0,1395.7,24,0.0,0.0,302,38.845008416418494,0.0,0.0,23.187,22.75,2025-10-30 07:05:08
174,0,0.0,171.1,0,0.0,0.0,0,0,0,0.0,1395.7,24,0.0,0.0,302,38.845008416418494,0.0,0.0,23.125,22.75,2025-10-30 07:05:23
174.1,0,0.0,171.2,0,0.0,0.0,0,0,0,0.0,1395.7,24,0.0,0.0,302,38.845008416418494,0.0,0.0,23.187,22.812,2025-10-30 07:05:38
174.1,0,0.0,171.4,0,0.0,0.0,0,0,0,0.0,1395.7,24,0.0,0.0,302,38.845008416418494,0.0,0.0,23.125,22.812,2025-10-30 07:05:53
174.1,0,0.0,171.5,0,0.0,0.0,0,0,0,0.0,1395.7,24,0.0,0.0,302,38.845008416418494,0.0,0.0,23.125,22.812,2025-10-30 07:06:08
174.1,0,0.0,171.5,0,0.0,0.0,0,0,0,0.0,1395.7,24,0.0,0.0,302,38.845008416418494,0.0,0.0,23.125,22.812,2025-10-30 07:06:23
174.1,0,0.0,171.6,0,0.0,0.0,0,0,0,0.0,1395.7,24,0.0,0.0,302,38.845008416418494,0.0,0.0,23.125,22.812,2025-10-30 07:06:38
174.1,0,0.0,171.7,0,0.0,0.0,0,0,0,0.0,1395.7,24,0.0,0.0,302,38.845008416418494,0.0,0.0,23.062,22.812,2025-10-30 07:06:53
174.1,0,0.0,171.7,0,0.0,0.0,0,0,0,0.0,1395.7,24.1,0.0,0.0,302,38.845008416418494,0.0,0.0,23.125,22.812,2025-10-30 07:07:08
174.1,0,0.0,171.8,0,0.0,0.0,0,0,0,0.0,1395.7,24.1,0.0,0.0,302,38.845008416418494,0.0,0.0,23.125,22.812,2025-10-30 07:07:23
174.1,0,0.0,171.8,0,0.0,0.0,0,0,0,0.0,1395.7,24.1,0.0,0.0,302,38.845008416418494,0.0,0.0,23.062,22.875,2025-10-30 07:07:38
174.2,0,0.0,171.9,0,0.0,0.0,0,0,0,0.0,1395.7,24.1,0.0,0.0,302,38.845008416418494,0.0,0.0,23.125,22.812,2025-10-30 07:07:53
174.3,0,0.0,171.9,0,0.0,0.0,0,0,0,0.0,1395.7,24.1,0.0,0.0,302,38.845008416418494,0.0,0.0,23.125,22.812,2025-10-30 07:08:08
174.4,0,0.0,172,0,0.0,0.0,0,0,0,0.0,1395.7,24.1,0.0,0.0,302,38.845008416418494,0.0,0.0,23.125,22.812,2025-10-30 07:08:23
174.5,0,0.0,172,0,0.0,0.0,0,0,0,0.0,1395.7,24.1,0.0,0.0,302,38.845008416418494,0.0,0.0,23.125,22.875,2025-10-30 07:08:38
174.6,0,0.0,172.1,0,0.0,0.0,0,0,0,0.0,1395.7,24.1,0.0,0.0,302,38.845008416418494,0.0,0.0,23.125,22.812,2025-10-30 07:08:53
174.8,0,0.0,172.2,0,0.0,0.0,0,0,0,0.0,1395.7,24.1,0.0,0.0,302,38.845008416418494,0.0,0.0,23.125,22.812,2025-10-30 07:09:08
175,0,0.0,172.3,0,0.0,0.0,0,0,0,0.0,1395.7,24.1,0.0,0.0,302,38.845008416418494,0.0,0.0,23.125,22.75,2025-10-30 07:09:23
175.2,0,0.0,172.4,0,0.0,0.0,0,0,0,0.0,1395.7,24.1,0.0,0.0,302,77.69001683283699,0.0,0.0,23.125,22.75,2025-10-30 07:09:38
175.4,0,0.0,172.4,0,0.0,0.0,0,0,0,0.0,1395.7,24.1,0.0,0.0,302,38.845008416418494,0.0,0.0,23.187,22.75,2025-10-30 07:09:53
175.6,0,0.0,172.5,0,0.0,0.0,0,0,0,0.0,1395.7,24.1,0.0,0.0,302,77.69001683283699,0.0,0.0,23.187,22.812,2025-10-30 07:10:08
175.8,0,0.0,172.6,0,0.0,0.0,0,0,0,0.0,1395.7,24.1,0.0,0.0,302,77.69001683283699,0.0,0.0,23.25,22.812,2025-10-30 07:10:23
176,0,0.0,172.7,0,0.0,0.0,0,0,0,0.0,1395.7,24.1,0.0,0.0,302,77.69001683283699,0.0,0.0,23.25,22.812,2025-10-30 07:10:38
176.3,0,0.0,172.8,0,0.0,0.0,0,0,0,0.0,1395.7,24.1,0.0,0.0,302,77.69001683283699,0.0,0.0,23.25,22.812,2025-10-30 07:10:53
176.6,0,0.0,173,0,0.0,0.0,0,0,0,0.0,1395.7,24.1,0.0,0.0,302,77.69001683283699,0.0,0.0,23.25,22.812,2025-10-30 07:11:08
176.6,0,0.0,173.1,0,0.0,0.0,0,0,0,0.0,1395.7,24.1,0.0,0.0,302,77.69001683283699,0.0,0.0,23.25,22.875,2025-10-30 07:11:23
176.8,0,0.0,173.2,0,0.0,0.0,0,0,0,0.0,1395.7,24.1,0.0,0.0,302,77.69001683283699,0.0,0.0,23.25,22.875,2025-10-30 07:11:38
176.9,0,0.0,173.3,0,0.0,0.0,0,0,0,0.0,1395.7,24.1,0.0,0.0,302,77.69001683283699,0.0,0.0,23.25,22.875,2025-10-30 07:11:53
177,0,0.0,173.5,0,0.0,0.0,0,0,0,0.0,1395.7,24.1,0.0,0.0,302,77.69001683283699,0.0,0.0,23.25,22.875,2025-10-30 07:12:08
177,0,0.0,173.6,0,0.0,0.0,0,0,0,0.0,1395.7,24.1,0.0,0.0,302,77.69001683283699,0.0,0.0,23.25,22.875,2025-10-30 07:12:23
177.1,0,0.0,173.7,0,0.0,0.0,0,0,0,0.0,1395.7,24.1,0.0,0.0,302,77.69001683283699,0.0,0.0,23.312,22.937,2025-10-30 07:12:38
177.1,0,0.0,173.8,0,0.0,0.0,0,0,0,0.0,1395.7,24.1,0.0,0.0,302,77.69001683283699,0.0,0.0,23.375,22.937,2025-10-30 07:12:53
177.1,0,0.0,173.9,0,0.0,0.0,0,0,0,0.0,1395.7,24.1,0.0,0.0,302,77.69001683283699,0.0,0.0,23.375,22.937,2025-10-30 07:13:08
177.1,0,0.0,174.1,0,0.0,0.0,0,0,0,0.0,1395.7,24.1,0.0,0.0,302,77.69001683283699,0.0,0.0,23.437,22.937,2025-10-30 07:13:23
177.1,0,0.0,174.2,0,0.0,0.0,0,0,0,0.0,1395.7,24.1,0.0,0.0,302,77.69001683283699,0.0,0.0,23.5,23.0,2025-10-30 07:13:38
177.1,0,0.0,174.3,0,0.0,0.0,0,0,0,0.0,1395.7,24.1,0.0,0.0,302,77.69001683283699,0.0,0.0,23.437,22.937,2025-10-30 07:13:53
177.1,0,0.0,174.4,0,0.0,0.0,0,0,0,0.0,1395.7,24.1,0.0,0.0,302,77.69001683283699,0.0,0.0,23.5,23.0,2025-10-30 07:14:08
177.2,0,0.0,174.4,0,0.0,0.0,0,0,0,0.0,1395.7,24.1,0.0,0.0,302,77.69001683283699,0.0,0.0,23.5,23.0,2025-10-30 07:14:23
177.2,0,0.0,174.5,0,0.0,0.0,0,0,0,0.0,1395.7,24.2,0.0,0.0,302,77.69001683283699,0.0,0.0,23.5,23.0,2025-10-30 07:14:38
177.2,0,0.0,174.5,0,0.0,0.0,0,0,0,0.0,1395.7,24.2,0.0,0.0,302,77.69001683283699,0.0,0.0,23.562,23.062,2025-10-30 07:14:53
177.3,0,0.0,174.5,0,0.0,0.0,0,0,0,0.0,1395.7,24.2,0.0,0.0,302,77.69001683283699,0.0,0.0,23.625,23.062,2025-10-30 07:15:08
177.3,0,0.0,174.6,0,0.0,0.0,0,0,0,0.0,1395.7,24.2,0.0,0.0,302,77.69001683283699,0.0,0.0,23.625,23.125,2025-10-30 07:15:23
177.3,0,0.0,174.6,0,0.0,0.0,0,0,0,0.0,1395.7,24.2,0.0,0.0,302,77.69001683283699,0.0,0.0,23.687,23.125,2025-10-30 07:15:38
177.4,0,0.0,174.6,0,0.0,0.0,0,0,0,0.0,1395.7,24.2,0.0,0.0,302,77.69001683283699,0.0,0.0,23.687,23.187,2025-10-30 07:15:53
177.5,0,0.0,174.6,0,0.0,0.0,0,0,0,0.0,1395.7,24.2,0.0,0.0,302,116.53502524925548,0.0,0.0,23.687,23.187,2025-10-30 07:16:08
177.5,0,0.0,174.6,0,0.0,0.0,0,0,0,0.0,1395.7,24.2,0.0,0.0,302,116.53502524925548,0.0,0.0,23.687,23.187,2025-10-30 07:16:23
177.6,0,0.0,174.6,0,0.0,0.0,0,0,0,0.0,1395.7,24.2,0.0,0.0,302,116.53502524925548,0.0,0.0,23.687,23.25,2025-10-30 07:16:38
177.7,0,0.0,174.7,0,0.0,0.0,0,0,0,0.0,1395.7,24.2,0.0,0.0,302,116.53502524925548,0.0,0.0,23.687,23.125,2025-10-30 07:16:53
177.7,0,0.0,174.7,0,0.0,0.0,0,0,0,0.0,1395.7,24.2,0.0,0.0,302,116.53502524925548,0.0,0.0,23.625,23.062,2025-10-30 07:17:08
177.8,0,0.0,174.7,0,0.0,0.0,0,0,0,0.0,1395.7,24.2,0.0,0.0,302,116.53502524925548,0.0,0.0,23.687,23.062,2025-10-30 07:17:23
177.8,0,0.0,174.7,0,0.0,0.0,0,0,0,0.0,1395.7,24.2,0.0,0.0,302,116.53502524925548,0.0,0.0,23.687,23.125,2025-10-30 07:17:38
177.8,0,0.0,174.8,0,0.0,0.0,0,0,0,0.0,1395.7,24.2,0.0,0.0,302,116.53502524925548,0.0,0.0,23.687,23.187,2025-10-30 07:17:53
177.8,0,0.0,174.8,0,0.0,0.0,0,0,0,0.0,1395.7,24.2,0.0,0.0,302,116.53502524925548,0.0,0.0,23.625,23.187,2025-10-30 07:18:08
177.8,0,0.0,174.7,0,0.0,0.0,0,0,0,0.0,1395.7,24.2,0.0,0.0,302,116.53502524925548,0.0,0.0,23.687,23.125,2025-10-30 07:18:23
177.8,0,0.0,174.7,0,0.0,0.0,0,0,0,0.0,1395.7,24.2,0.0,0.0,302,116.53502524925548,0.0,0.0,23.687,23.125,2025-10-30 07:18:38
177.8,0,0.0,174.7,0,0.0,0.0,0,0,0,0.0,1395.7,24.2,0.0,0.0,302,116.53502524925548,0.0,0.0,23.75,23.125,2025-10-30 07:18:53
177.7,0,0.0,174.7,0,0.0,0.0,0,0,0,0.0,1395.7,24.2,0.0,0.0,302,116.53502524925548,0.0,0.0,23.75,23.125,2025-10-30 07:19:08
177.6,0,0.0,174.6,0,0.0,0.0,0,0,0,0.0,1395.7,24.2,0.0,0.0,302,116.53502524925548,0.0,0.0,23.812,23.187,2025-10-30 07:19:23
177.4,0,0.0,174.6,0,0.0,0.0,0,0,0,0.0,1395.7,24.3,0.0,0.0,302,116.53502524925548,0.0,0.0,23.812,23.125,2025-10-30 07:19:38
177.3,0,0.0,174.5,0,0.0,0.0,0,0,0,0.0,1395.7,24.3,0.0,0.0,302,116.53502524925548,0.0,0.0,23.812,23.187,2025-10-30 07:19:53
177.1,0,0.0,174.5,0,0.0,0.0,0,0,0,0.0,1395.7,24.3,0.0,0.0,302,116.53502524925548,0.0,0.0,23.875,23.25,2025-10-30 07:20:08
176.9,0,0.0,174.4,0,0.0,0.0,0,0,0,0.0,1395.7,24.3,0.0,0.0,302,77.69001683283699,0.0,0.0,23.875,23.25,2025-10-30 07:20:23
176.7,0,0.0,174.3,0,0.0,0.0,0,0,0,0.0,1395.7,24.3,0.0,0.0,302,77.69001683283699,0.0,0.0,23.937,23.312,2025-10-30 07:20:38
176.6,0,0.0,174.3,0,0.0,0.0,0,0,0,0.0,1395.7,24.3,0.0,0.0,302,77.69001683283699,0.0,0.0,23.937,23.312,2025-10-30 07:20:53
176.3,0,0.0,174.1,0,0.0,0.0,0,0,0,0.0,1395.7,24.3,0.0,0.0,302,77.69001683283699,0.0,0.0,23.937,23.312,2025-10-30 07:21:08
176,0,0.0,173.9,0,0.0,0.0,0,0,0,0.0,1395.7,24.3,0.0,0.0,302,77.69001683283699,0.0,0.0,23.937,23.312,2025-10-30 07:21:23
175.8,0,0.0,173.8,0,0.0,0.0,0,0,0,0.0,1395.7,24.3,0.0,0.0,302,77.69001683283699,0.0,0.0,23.937,23.312,2025-10-30 07:21:38
175.6,0,0.0,173.6,0,0.0,0.0,0,0,0,0.0,1395.7,24.3,0.0,0.0,302,77.69001683283699,0.0,0.0,24.0,23.312,2025-10-30 07:21:53
175.5,0,0.0,173.5,0,0.0,0.0,0,0,0,0.0,1395.7,24.3,0.0,0.0,302,77.69001683283699,0.0,0.0,23.937,23.312,2025-10-30 07:22:08
175.3,0,0.0,173.4,0,0.0,0.0,0,0,0,0.0,1395.7,24.3,0.0,0.0,302,77.69001683283699,0.0,0.0,23.937,23.312,2025-10-30 07:22:23
175.2,0,0.0,173.3,0,0.0,0.0,0,0,0,0.0,1395.7,24.3,0.0,0.0,302,77.69001683283699,0.0,0.0,23.937,23.375,2025-10-30 07:22:38
175.1,0,0.0,173.2,0,0.0,0.0,0,0,0,0.0,1395.7,24.3,0.0,0.0,302,77.69001683283699,0.0,0.0,24.0,23.312,2025-10-30 07:22:53
175,0,0.0,173,0,0.0,0.0,0,0,0,0.0,1395.7,24.3,0.0,0.0,302,77.69001683283699,0.0,0.0,24.0,23.25,2025-10-30 07:23:08
174.9,0,0.0,172.9,0,0.0,0.0,0,0,0,0.0,1395.7,24.3,0.0,0.0,302,77.69001683283699,0.0,0.0,23.937,23.187,2025-10-30 07:23:23
174.8,0,0.0,172.9,0,0.0,0.0,0,0,0,0.0,1395.7,24.3,0.0,0.0,302,77.69001683283699,0.0,0.0,24.0,23.187,2025-10-30 07:23:38
174.7,0,0.0,172.8,0,0.0,0.0,0,0,0,0.0,1395.7,24.3,0.0,0.0,302,77.69001683283699,0.0,0.0,23.937,23.187,2025-10-30 07:23:53
174.6,0,0.0,172.7,0,0.0,0.0,0,0,0,0.0,1395.7,24.3,0.0,0.0,302,77.69001683283699,0.0,0.0,23.937,23.125,2025-10-30 07:24:08
174.6,0,0.0,172.6,0,0.0,0.0,0,0,0,0.0,1395.7,24.3,0.0,0.0,302,77.69001683283699,0.0,0.0,23.937,23.125,2025-10-30 07:24:23
174.5,0,0.0,172.6,0,0.0,0.0,0,0,0,0.0,1395.7,24.3,0.0,0.0,302,77.69001683283699,0.0,0.0,23.937,23.125,2025-10-30 07:24:38
174.5,0,0.0,172.6,0,0.0,0.0,0,0,0,0.0,1395.7,24.3,0.0,0.0,302,77.69001683283699,0.0,0.0,23.937,23.125,2025-10-30 07:24:53
174.5,0,0.0,172.5,0,0.0,0.0,0,0,0,0.0,1395.7,24.3,0.0,0.0,302,77.69001683283699,0.0,0.0,23.937,23.062,2025-10-30 07:25:08
174.5,0,0.0,172.5,0,0.0,0.0,0,0,0,0.0,1395.7,24.3,0.0,0.0,302,77.69001683283699,0.0,0.0,23.937,22.937,2025-10-30 07:25:23
174.5,0,0.0,172.5,0,0.0,0.0,0,0,0,0.0,1395.7,24.3,0.0,0.0,302,77.69001683283699,0.0,0.0,23.875,22.937,2025-10-30 07:25:38
174.5,0,0.0,172.5,0,0.0,0.0,0,0,0,0.0,1395.7,24.3,0.0,0.0,302,77.69001683283699,0.0,0.0,23.875,22.937,2025-10-30 07:25:53
174.6,0,0.0,172.5,0,0.0,0.0,0,0,0,0.0,1395.7,24.3,0.0,0.0,302,77.69001683283699,0.0,0.0,23.875,22.937,2025-10-30 07:26:08
174.6,0,0.0,172.5,0,0.0,0.0,0,0,0,0.0,1395.7,24.3,0.0,0.0,302,77.69001683283699,0.0,0.0,23.875,22.937,2025-10-30 07:26:23
174.7,0,0.0,172.6,0,0.0,0.0,0,0,0,0.0,1395.7,24.3,0.0,0.0,302,77.69001683283699,0.0,0.0,23.812,22.937,2025-10-30 07:26:38
174.8,0,0.0,172.6,0,0.0,0.0,0,0,0,0.0,1395.7,24.3,0.0,0.0,302,77.69001683283699,0.0,0.0,23.812,22.875,2025-10-30 07:26:53
174.9,0,0.0,172.6,0,0.0,0.0,0,0,0,0.0,1395.7,24.4,0.0,0.0,302,77.69001683283699,0.0,0.0,23.812,22.812,2025-10-30 07:27:08
175.1,0,0.0,172.7,0,0.0,0.0,0,0,0,0.0,1395.7,24.4,0.0,0.0,302,77.69001683283699,0.0,0.0,23.812,22.812,2025-10-30 07:27:23
175.2,0,0.0,172.8,0,0.0,0.0,0,0,0,0.0,1395.7,24.4,0.0,0.0,302,77.69001683283699,0.0,0.0,23.812,22.812,2025-10-30 07:27:38
175.5,0,0.0,172.9,0,0.0,0.0,0,0,0,0.0,1395.7,24.4,0.0,0.0,302,77.69001683283699,0.0,0.0,23.75,22.812,2025-10-30 07:27:53
175.6,0,0.0,173,0,0.0,0.0,0,0,0,0.0,1395.7,24.4,0.0,0.0,302,77.69001683283699,0.0,0.0,23.75,22.75,2025-10-30 07:28:08
175.7,0,0.0,173.1,0,0.0,0.0,0,0,0,0.0,1395.7,24.4,0.0,0.0,302,77.69001683283699,0.0,0.0,23.75,22.75,2025-10-30 07:28:23
175.8,0,0.0,173.2,0,0.0,0.0,0,0,0,0.0,1395.7,24.4,0.0,0.0,302,77.69001683283699,0.0,0.0,23.75,22.75,2025-10-30 07:28:38
175.9,0,0.0,173.3,0,0.0,0.0,0,0,0,0.0,1395.7,24.4,0.0,0.0,302,77.69001683283699,0.0,0.0,23.812,22.75,2025-10-30 07:28:53
176.1,0,0.0,173.4,0,0.0,0.0,0,0,0,0.0,1395.7,24.4,0.0,0.0,302,77.69001683283699,0.0,0.0,23.75,22.812,2025-10-30 07:29:08
176.2,0,0.0,173.5,0,0.0,0.0,0,0,0,0.0,1395.7,24.4,0.0,0.0,302,77.69001683283699,0.0,0.0,23.75,22.812,2025-10-30 07:29:23
176.3,0,0.0,173.6,0,0.0,0.0,0,0,0,0.0,1395.7,24.4,0.0,0.0,302,77.69001683283699,0.0,0.0,23.75,22.875,2025-10-30 07:29:38
176.5,0,0.0,173.7,0,0.0,0.0,0,0,0,0.0,1395.7,24.4,0.0,0.0,302,77.69001683283699,0.0,0.0,23.75,22.937,2025-10-30 07:29:53
176.6,0,0.0,173.9,0,0.0,0.0,0,0,0,0.0,1395.7,24.4,0.0,0.0,302,77.69001683283699,0.0,0.0,23.75,22.875,2025-10-30 07:30:08
176.7,0,0.0,174,0,0.0,0.0,0,0,0,0.0,1395.7,24.4,0.0,0.0,302,77.69001683283699,0.0,0.0,23.75,22.812,2025-10-30 07:30:23
177,0,0.0,174.3,0,0.0,0.0,0,0,0,0.0,1395.7,24.4,0.0,0.0,302,77.69001683283699,0.0,0.0,23.687,22.875,2025-10-30 07:30:38
177.1,0,0.0,174.4,0,0.0,0.0,0,0,0,0.0,1395.7,24.4,0.0,0.0,302,116.53502524925548,0.0,0.0,23.75,22.875,2025-10-30 07:30:53
177.2,0,0.0,174.6,0,0.0,0.0,0,0,0,0.0,1395.7,24.4,0.0,0.0,302,116.53502524925548,0.0,0.0,23.75,22.875,2025-10-30 07:31:08
177.4,0,0.0,174.7,0,0.0,0.0,0,0,0,0.0,1395.7,24.4,0.0,0.0,302,116.53502524925548,0.0,0.0,23.75,22.875,2025-10-30 07:31:23
177.5,0,0.0,174.9,0,0.0,0.0,0,0,0,0.0,1395.7,24.4,0.0,0.0,302,116.53502524925548,0.0,0.0,23.75,22.875,2025-10-30 07:31:38
177.6,0,0.0,175,0,0.0,0.0,0,0,0,0.0,1395.7,24.5,0.0,0.0,302,116.53502524925548,0.0,0.0,23.812,22.875,2025-10-30 07:31:53
177.7,0,0.0,175.1,0,0.0,0.0,0,0,0,0.0,1395.7,24.5,0.0,0.0,302,116.53502524925548,0.0,0.0,23.812,22.875,2025-10-30 07:32:08
177.9,0,0.0,175.3,0,0.0,0.0,0,0,0,0.0,1395.7,24.5,0.0,0.0,302,116.53502524925548,0.0,0.0,23.812,22.937,2025-10-30 07:32:23
178,0,0.0,175.4,0,0.0,0.0,0,0,0,0.0,1395.7,24.5,0.0,0.0,302,116.53502524925548,0.0,0.0,23.812,23.0,2025-10-30 07:32:38
178.1,0,0.0,175.6,0,0.0,0.0,0,0,0,0.0,1395.7,24.5,0.0,0.0,302,116.53502524925548,0.0,0.0,23.875,23.0,2025-10-30 07:32:53
178.2,0,0.0,175.7,0,0.0,0.0,0,0,0,0.0,1395.7,24.5,0.0,0.0,302,116.53502524925548,0.0,0.0,23.875,23.062,2025-10-30 07:33:08
178.3,0,0.0,175.8,0,0.0,0.0,0,0,0,0.0,1395.7,24.5,0.0,0.0,302,116.53502524925548,0.0,0.0,23.875,23.062,2025-10-30 07:33:23
178.4,0,0.0,175.9,0,0.0,0.0,0,0,0,0.0,1395.7,24.5,0.0,0.0,302,116.53502524925548,0.0,0.0,23.937,23.062,2025-10-30 07:33:38
178.5,0,0.0,176,0,0.0,0.0,0,0,0,0.0,1395.7,24.5,0.0,0.0,302,116.53502524925548,0.0,0.0,24.0,23.125,2025-10-30 07:33:53
178.7,0,0.0,176.1,0,0.0,0.0,0,0,0,0.0,1395.7,24.5,0.0,0.0,302,116.53502524925548,0.0,0.0,24.0,23.125,2025-10-30 07:34:08
178.8,0,0.0,176.2,0,0.0,0.0,0,0,0,0.0,1395.7,24.5,0.0,0.0,302,116.53502524925548,0.0,0.0,24.0,23.125,2025-10-30 07:34:23
178.9,0,0.0,176.3,0,0.0,0.0,0,0,0,0.0,1395.7,24.5,0.0,0.0,302,155.38003366567398,0.0,0.0,24.0,23.187,2025-10-30 07:34:38
179,0,0.0,176.4,0,0.0,0.0,0,0,0,0.0,1395.7,24.5,0.0,0.0,302,155.38003366567398,0.0,0.0,24.062,23.187,2025-10-30 07:34:53
179.2,0,0.0,176.5,0,0.0,0.0,0,0,0,0.0,1395.7,24.5,0.0,0.0,302,155.38003366567398,0.0,0.0,24.062,23.25,2025-10-30 07:35:08
179.3,0,0.0,176.7,0,0.0,0.0,0,0,0,0.0,1395.7,24.6,0.0,0.0,302,155.38003366567398,0.0,0.0,24.125,23.312,2025-10-30 07:35:23
179.5,0,0.0,176.8,0,0.0,0.0,0,0,0,0.0,1395.7,24.6,0.0,0.0,302,155.38003366567398,0.0,0.0,24.125,23.375,2025-10-30 07:35:38
179.5,0,0.0,176.8,0,0.0,0.0,0,0,0,0.0,1395.7,24.6,0.0,0.0,302,155.38003366567398,0.0,0.0,24.125,23.437,2025-10-30 07:35:53
179.6,0,0.0,176.9,0,0.0,0.0,0,0,0,0.0,1395.7,24.6,0.0,0.0,302,155.38003366567398,0.0,0.0,24.187,23.375,2025-10-30 07:36:08
179.6,0,0.0,177,0,0.0,0.0,0,0,0,0.0,1395.7,24.6,0.0,0.0,302,155.38003366567398,0.0,0.0,24.125,23.437,2025-10-30 07:36:23
179.6,0,0.0,177.1,0,0.0,0.0,0,0,0,0.0,1395.7,24.6,0.0,0.0,302,155.38003366567398,0.0,0.0,24.187,23.437,2025-10-30 07:36:38
179.6,0,0.0,177.2,0,0.0,0.0,0,0,0,0.0,1395.7,24.6,0.0,0.0,302,155.38003366567398,0.0,0.0,24.25,23.437,2025-10-30 07:36:53
179.7,0,0.0,177.3,0,0.0,0.0,0,0,0,0.0,1395.7,24.6,0.0,0.0,302,155.38003366567398,0.0,0.0,24.187,23.437,2025-10-30 07:37:08
179.8,0,0.0,177.4,0,0.0,0.0,0,0,0,0.0,1395.7,24.6,0.0,0.0,302,155.38003366567398,0.0,0.0,24.25,23.437,2025-10-30 07:37:23
180,0,0.0,177.6,0,0.0,0.0,0,0,0,0.0,1395.7,24.6,0.0,0.0,302,155.38003366567398,0.0,0.0,24.25,23.375,2025-10-30 07:37:38
180.2,0,0.0,177.8,0,0.0,0.0,0,0,0,0.0,1395.7,24.6,0.0,0.0,302,194.22504208209244,0.0,0.0,24.187,23.375,2025-10-30 07:37:53
180.4,0,0.0,178,0,0.0,0.0,0,0,0,0.0,1395.7,24.6,0.0,0.0,302,194.22504208209244,0.0,0.0,24.187,23.437,2025-10-30 07:38:08
180.5,0,0.0,178.1,0,0.0,0.0,0,0,0,0.0,1395.7,24.6,0.0,0.0,302,194.22504208209244,0.0,0.0,24.187,23.5,2025-10-30 07:38:23
180.7,0,0.0,178.3,0,0.0,0.0,0,0,0,0.0,1395.7,24.6,0.0,0.0,302,194.22504208209244,0.0,0.0,24.187,23.5,2025-10-30 07:38:38
180.9,0,0.0,178.4,0,0.0,0.0,0,0,0,0.0,1395.7,24.6,0.0,0.0,302,194.22504208209244,0.0,0.0,24.25,23.5,2025-10-30 07:38:53
181.2,0,0.0,178.6,0,0.0,0.0,0,0,0,0.0,1395.7,24.6,0.0,0.0,302,194.22504208209244,0.0,0.0,24.312,23.562,2025-10-30 07:39:08
181.4,0,0.0,178.9,0,0.0,0.0,0,0,0,0.0,1395.7,24.6,0.0,0.0,302,194.22504208209244,0.0,0.0,24.375,23.625,2025-10-30 07:39:23
181.7,0,0.0,179.2,0,0.0,0.0,0,0,0,0.0,1395.7,24.6,0.0,0.0,302,233.07005049851097,0.0,0.0,24.437,23.687,2025-10-30 07:39:38
182,0,0.0,179.4,0,0.0,0.0,0,0,0,0.0,1395.7,24.6,0.0,0.0,302,233.07005049851097,0.0,0.0,24.437,23.687,2025-10-30 07:39:53
181.9,0,0.0,179.3,0,0.0,0.0,0,0,0,0.0,1395.7,24.6,0.0,0.0,302,233.07005049851097,0.0,0.0,24.5,23.75,2025-10-30 07:40:08
181.8,0,0.0,179.2,0,0.0,0.0,0,0,0,0.0,1395.7,24.6,0.0,0.0,302,233.07005049851097,0.0,0.0,24.5,23.75,2025-10-30 07:40:23
181.9,0,0.0,179.2,0,0.0,0.0,0,0,0,0.0,1395.7,24.6,0.0,0.0,302,233.07005049851097,0.0,0.0,24.5,23.812,2025-10-30 07:40:38
181.9,0,0.0,179.2,0,0.0,0.0,0,0,0,0.0,1395.7,24.6,0.0,0.0,302,233.07005049851097,0.0,0.0,24.562,23.875,2025-10-30 07:40:53
181.9,0,0.0,179.2,0,0.0,0.0,0,0,0,0.0,1395.7,24.6,0.0,0.0,302,233.07005049851097,0.0,0.0,24.562,23.875,2025-10-30 07:41:08
181.9,0,0.0,179.2,0,0.0,0.0,0,0,0,0.0,1395.7,24.6,0.0,0.0,302,233.07005049851097,37.90271636133923,0.16262371025479047,24.625,23.875,2025-10-30 07:41:23
182,0,0.0,179.3,0,0.0,0.0,0,0,0,0.0,1395.7,24.6,0.0,0.0,302,233.07005049851097,37.90271636133923,0.16262371025479047,24.687,23.937,2025-10-30 07:41:38
182.2,0,0.0,179.4,0,0.0,0.0,0,0,0,0.0,1395.7,24.6,0.0,0.0,302,233.07005049851097,37.90271636133923,0.16262371025479047,24.75,23.937,2025-10-30 07:41:53
182.3,0,0.0,179.4,0,0.0,0.0,0,0,0,0.0,1395.7,24.6,0.0,0.0,302,233.07005049851097,37.90271636133923,0.16262371025479047,24.812,23.937,2025-10-30 07:42:08
182.4,0,0.0,179.4,0,0.0,0.0,0,0,0,0.0,1395.7,24.6,0.0,0.0,302,233.07005049851097,37.90271636133923,0.16262371025479047,24.812,24.0,2025-10-30 07:42:23
182.4,0,0.0,179.3,0,0.0,0.0,0,0,0,0.0,1395.7,24.6,0.0,0.0,302,233.07005049851097,37.90271636133923,0.16262371025479047,24.875,24.125,2025-10-30 07:42:38
182.2,0,0.0,179.2,0,0.0,0.0,0,0,0,0.0,1395.7,24.7,0.0,0.0,302,233.07005049851097,0.0,0.0,24.937,24.187,2025-10-30 07:42:53
181.8,0,0.0,179,0,0.0,0.0,0,0,0,0.0,1395.7,24.7,0.0,0.0,302,233.07005049851097,37.90271636133923,0.16262371025479047,25.0,24.312,2025-10-30 07:43:08
181.5,0,0.0,178.6,0,0.0,0.0,0,0,0,0.0,1395.7,24.7,0.0,0.0,302,233.07005049851097,0.0,0.0,25.0,24.312,2025-10-30 07:43:23
181.6,0,0.0,178.6,0,0.0,0.0,0,0,0,0.0,1395.7,24.7,0.0,0.0,302,233.07005049851097,0.0,0.0,25.062,24.312,2025-10-30 07:43:38
181.7,0,0.0,178.7,0,0.0,0.0,0,0,0,0.0,1395.7,24.7,0.0,0.0,302,233.07005049851097,37.90271636133923,0.16262371025479047,25.062,24.375,2025-10-30 07:43:53
181.4,0,0.0,178.4,0,0.0,0.0,0,0,0,0.0,1395.7,24.7,0.0,0.0,302,233.07005049851097,0.0,0.0,25.125,24.312,2025-10-30 07:44:08
181.4,0,0.0,178.4,0,0.0,0.0,0,0,0,0.0,1395.7,24.7,0.0,0.0,302,233.07005049851097,37.90271636133923,0.16262371025479047,25.187,24.25,2025-10-30 07:44:23
181.4,0,0.0,178.4,0,0.0,0.0,0,0,0,0.0,1395.7,24.7,0.0,0.0,302,233.07005049851097,0.0,0.0,25.187,24.25,2025-10-30 07:44:38
181.4,0,0.0,178.4,0,0.0,0.0,0,0,0,0.0,1395.7,24.7,0.0,0.0,302,233.07005049851097,37.90271636133923,0.16262371025479047,25.25,24.25,2025-10-30 07:44:53
181.4,0,0.0,178.4,0,0.0,0.0,0,0,0,0.0,1395.7,24.7,0.0,0.0,302,233.07005049851097,0.0,0.0,25.25,24.312,2025-10-30 07:45:08
181.4,0,0.0,178.4,0,0.0,0.0,0,0,0,0.0,1395.7,24.7,0.0,0.0,302,233.07005049851097,37.90271636133923,0.16262371025479047,25.25,24.312,2025-10-30 07:45:23
181.6,0,0.0,178.5,0,0.0,0.0,0,0,0,0.0,1395.7,24.7,0.0,0.0,302,233.07005049851097,37.90271636133923,0.16262371025479047,25.312,24.312,2025-10-30 07:45:38
181.6,0,0.0,178.6,0,0.0,0.0,0,0,0,0.0,1395.7,24.7,0.0,0.0,302,233.07005049851097,37.90271636133923,0.16262371025479047,25.312,24.375,2025-10-30 07:45:53
181.8,0,0.0,178.7,0,0.0,0.0,0,0,0,0.0,1395.7,24.7,0.0,0.0,302,233.07005049851097,37.90271636133923,0.16262371025479047,25.312,24.375,2025-10-30 07:46:08
182.4,0,0.0,179.1,0,0.0,0.0,0,0,0,0.0,1395.7,24.7,0.0,0.0,302,271.91505891492943,37.90271636133923,0.13939175164696327,25.375,24.437,2025-10-30 07:46:23
181.8,0,0.0,178.7,0,0.0,0.0,0,0,0,0.0,1395.7,24.7,0.0,0.0,302,233.07005049851097,37.90271636133923,0.16262371025479047,25.375,24.437,2025-10-30 07:46:38
181.8,0,0.0,178.7,0,0.0,0.0,0,0,0,0.0,1395.7,24.7,0.0,0.0,302,271.91505891492943,37.90271636133923,0.13939175164696327,25.375,24.5,2025-10-30 07:46:53
181.5,0,0.0,178.4,0,0.0,0.0,0,0,0,0.0,1395.7,24.7,0.0,0.0,302,233.07005049851097,37.90271636133923,0.16262371025479047,25.437,24.562,2025-10-30 07:47:08
181.5,0,0.0,178.4,0,0.0,0.0,0,0,0,0.0,1395.7,24.7,0.0,0.0,302,233.07005049851097,0.0,0.0,25.5,24.562,2025-10-30 07:47:23
181.6,0,0.0,178.4,0,0.0,0.0,0,0,0,0.0,1395.7,24.7,0.0,0.0,302,233.07005049851097,37.90271636133923,0.16262371025479047,25.5,24.562,2025-10-30 07:47:38
181.5,0,0.0,178.1,0,0.0,0.0,0,0,0,0.0,1395.7,24.7,0.0,0.0,302,233.07005049851097,37.90271636133923,0.16262371025479047,25.437,24.562,2025-10-30 07:47:53
180.7,0,0.0,177.7,0,0.0,0.0,0,0,0,0.0,1395.7,24.8,0.0,0.0,302,233.07005049851097,37.90271636133923,0.16262371025479047,25.437,24.687,2025-10-30 07:48:08
180.5,0,0.0,177.6,0,0.0,0.0,0,0,0,0.0,1395.7,24.8,0.0,0.0,302,233.07005049851097,0.0,0.0,25.5,24.75,2025-10-30 07:48:23
180.2,0,0.0,177.3,0,0.0,0.0,0,0,0,0.0,1395.7,24.8,0.0,0.0,302,233.07005049851097,0.0,0.0,25.5,24.75,2025-10-30 07:48:38
180.1,0,0.0,177.2,0,0.0,0.0,0,0,0,0.0,1395.7,24.8,0.0,0.0,302,233.07005049851097,37.90271636133923,0.16262371025479047,25.5,24.812,2025-10-30 07:48:53
180,0,0.0,177.1,0,0.0,0.0,0,0,0,0.0,1395.7,24.8,0.0,0.0,302,233.07005049851097,0.0,0.0,25.5,24.812,2025-10-30 07:49:08
179.9,0,0.0,176.9,0,0.0,0.0,0,0,0,0.0,1395.7,24.8,0.0,0.0,302,233.07005049851097,0.0,0.0,25.562,24.75,2025-10-30 07:49:23
179.8,0,0.0,176.8,0,0.0,0.0,0,0,0,0.0,1395.7,24.8,0.0,0.0,302,233.07005049851097,0.0,0.0,25.625,24.812,2025-10-30 07:49:38
179.7,0,0.0,176.6,0,0.0,0.0,0,0,0,0.0,1395.7,24.8,0.0,0.0,302,233.07005049851097,37.90271636133923,0.16262371025479047,25.625,24.812,2025-10-30 07:49:53
179.6,0,0.0,176.5,0,0.0,0.0,0,0,0,0.0,1395.7,24.8,0.0,0.0,302,233.07005049851097,0.0,0.0,25.625,24.75,2025-10-30 07:50:08
179.6,0,0.0,176.5,0,0.0,0.0,0,0,0,0.0,1395.7,24.8,0.0,0.0,302,233.07005049851097,0.0,0.0,25.687,24.75,2025-10-30 07:50:23
179.6,0,0.0,176.4,0,0.0,0.0,0,0,0,0.0,1395.7,24.8,0.0,0.0,302,233.07005049851097,0.0,0.0,25.687,24.687,2025-10-30 07:50:38
179.5,0,0.0,176.3,0,0.0,0.0,0,0,0,0.0,1395.7,24.8,0.0,0.0,302,233.07005049851097,0.0,0.0,25.75,24.625,2025-10-30 07:50:53
179.4,0,0.0,176.2,0,0.0,0.0,0,0,0,0.0,1395.7,24.8,0.0,0.0,302,194.22504208209244,0.0,0.0,25.75,24.562,2025-10-30 07:51:08
179.3,0,0.0,176.1,0,0.0,0.0,0,0,0,0.0,1395.7,24.9,0.0,0.0,302,194.22504208209244,0.0,0.0,25.812,24.562,2025-10-30 07:51:23
179.2,0,0.0,176.1,0,0.0,0.0,0,0,0,0.0,1395.7,24.9,0.0,0.0,302,194.22504208209244,0.0,0.0,25.812,24.562,2025-10-30 07:51:38
179.2,0,0.0,175.9,0,0.0,0.0,0,0,0,0.0,1395.7,24.9,0.0,0.0,302,194.22504208209244,0.0,0.0,25.812,24.625,2025-10-30 07:51:53
179,0,0.0,175.8,0,0.0,0.0,0,0,0,0.0,1395.7,24.9,0.0,0.0,302,194.22504208209244,0.0,0.0,25.812,24.687,2025-10-30 07:52:08
178.9,0,0.0,175.7,0,0.0,0.0,0,0,0,0.0,1395.7,24.9,0.0,0.0,302,194.22504208209244,0.0,0.0,25.812,24.687,2025-10-30 07:52:23
178.8,0,0.0,175.5,0,0.0,0.0,0,0,0,0.0,1395.7,24.9,0.0,0.0,302,194.22504208209244,0.0,0.0,25.75,24.687,2025-10-30 07:52:38
178.6,0,0.0,175.3,0,0.0,0.0,0,0,0,0.0,1395.7,24.9,0.0,0.0,302,194.22504208209244,0.0,0.0,25.687,24.687,2025-10-30 07:52:53
178.3,0,0.0,175.1,0,0.0,0.0,0,0,0,0.0,1395.7,24.9,0.0,0.0,302,194.22504208209244,0.0,0.0,25.625,24.687,2025-10-30 07:53:08
178.1,0,0.0,174.9,0,0.0,0.0,0,0,0,0.0,1395.7,24.9,0.0,0.0,302,194.22504208209244,0.0,0.0,25.625,24.687,2025-10-30 07:53:23
177.8,0,0.0,174.7,0,0.0,0.0,0,0,0,0.0,1395.7,24.9,0.0,0.0,302,155.38003366567398,0.0,0.0,25.625,24.75,2025-10-30 07:53:38
177.5,0,0.0,174.5,0,0.0,0.0,0,0,0,0.0,1395.7,24.9,0.0,0.0,302,155.38003366567398,0.0,0.0,25.625,24.687,2025-10-30 07:53:53
177.2,0,0.0,174.3,0,0.0,0.0,0,0,0,0.0,1395.7,24.9,0.0,0.0,302,155.38003366567398,0.0,0.0,25.687,24.625,2025-10-30 07:54:08
176.9,0,0.0,174.1,0,0.0,0.0,0,0,0,0.0,1395.7,24.9,0.0,0.0,302,155.38003366567398,0.0,0.0,25.687,24.625,2025-10-30 07:54:23
176.7,0,0.0,173.9,0,0.0,0.0,0,0,0,0.0,1395.7,24.9,0.0,0.0,302,155.38003366567398,0.0,0.0,25.687,24.562,2025-10-30 07:54:38
176.6,0,0.0,173.8,0,0.0,0.0,0,0,0,0.0,1395.7,24.9,0.0,0.0,302,155.38003366567398,0.0,0.0,25.625,24.562,2025-10-30 07:54:53
176.5,0,0.0,173.7,0,0.0,0.0,0,0,0,0.0,1395.7,24.9,0.0,0.0,302,155.38003366567398,0.0,0.0,25.625,24.437,2025-10-30 07:55:08
176.5,0,0.0,173.6,0,0.0,0.0,0,0,0,0.0,1395.7,24.9,0.0,0.0,302,116.53502524925548,0.0,0.0,25.625,24.437,2025-10-30 07:55:23
176.4,0,0.0,173.5,0,0.0,0.0,0,0,0,0.0,1395.7,24.9,0.0,0.0,302,155.38003366567398,0.0,0.0,25.625,24.437,2025-10-30 07:55:38
176.4,0,0.0,173.5,0,0.0,0.0,0,0,0,0.0,1395.7,25,0.0,0.0,302,155.38003366567398,0.0,0.0,25.625,24.375,2025-10-30 07:55:53
176.4,0,0.0,173.4,0,0.0,0.0,0,0,0,0.0,1395.7,25,0.0,0.0,302,116.53502524925548,0.0,0.0,25.625,24.5,2025-10-30 07:56:08
176.4,0,0.0,173.4,0,0.0,0.0,0,0,0,0.0,1395.7,25,0.0,0.0,302,155.38003366567398,0.0,0.0,25.625,24.5,2025-10-30 07:56:23
176.4,0,0.0,173.4,0,0.0,0.0,0,0,0,0.0,1395.7,25,0.0,0.0,302,116.53502524925548,0.0,0.0,25.625,24.5,2025-10-30 07:56:38
176.5,0,0.0,173.4,0,0.0,0.0,0,0,0,0.0,1395.7,25,0.0,0.0,302,155.38003366567398,0.0,0.0,25.687,24.562,2025-10-30 07:56:53
176.5,0,0.0,173.4,0,0.0,0.0,0,0,0,0.0,1395.7,25,0.0,0.0,302,155.38003366567398,0.0,0.0,25.687,24.625,2025-10-30 07:57:08
176.6,0,0.0,173.4,0,0.0,0.0,0,0,0,0.0,1395.7,25,0.0,0.0,302,116.53502524925548,0.0,0.0,25.687,24.687,2025-10-30 07:57:23
176.6,0,0.0,173.4,0,0.0,0.0,0,0,0,0.0,1395.7,25,0.0,0.0,302,155.38003366567398,0.0,0.0,25.687,24.625,2025-10-30 07:57:38
176.7,0,0.0,173.5,0,0.0,0.0,0,0,0,0.0,1395.7,25,0.0,0.0,302,155.38003366567398,0.0,0.0,25.687,24.687,2025-10-30 07:57:53
176.7,0,0.0,173.5,0,0.0,0.0,0,0,0,0.0,1395.7,25,0.0,0.0,302,155.38003366567398,0.0,0.0,25.75,24.625,2025-10-30 07:58:08
176.8,0,0.0,173.5,0,0.0,0.0,0,0,0,0.0,1395.7,25,0.0,0.0,302,155.38003366567398,0.0,0.0,25.687,24.562,2025-10-30 07:58:23
176.74285714285713,173.7047619047619,0.0,0.0,0.0,0.0,0.0,0.0,0.0,25.654523809523816,24.565190476190477,2025-10-30 07:58:35,,,,,,,
176.9,0,0.0,173.6,0,0.0,0.0,0,0,0,0.0,1395.7,25,0.0,0.0,302,155.38003366567398,0.0,0.0,25.687,24.5,2025-10-30 07:58:38
150.08298706343513,0.0,0.0,2025-10-30 07:58:50,,,,,,,,,,,,,,
176.9,0,0.0,173.6,0,0.0,0.0,0,0,0,0.0,1395.7,25,0.0,0.0,302,155.38003366567398,0.0,0.0,25.687,24.5,2025-10-30 07:58:53
176.8,0,0.0,173.6,0,0.0,0.0,0,0,0,0.0,1395.7,25,0.0,0.0,302,155.38003366567398,0.0,0.0,25.687,24.562,2025-10-30 07:59:08
176.8,0,0.0,173.6,0,0.0,0.0,0,0,0,0.0,1395.7,25,0.0,0.0,302,155.38003366567398,0.0,0.0,25.75,24.5,2025-10-30 07:59:23
176.7,0,0.0,173.7,0,0.0,0.0,0,0,0,0.0,1395.7,25,0.0,0.0,302,155.38003366567398,0.0,0.0,25.75,24.5,2025-10-30 07:59:38
176.6,0,0.0,173.6,0,0.0,0.0,0,0,0,0.0,1395.7,25,0.0,0.0,302,155.38003366567398,0.0,0.0,25.812,24.5,2025-10-30 07:59:53
176.6,0,0.0,173.7,0,0.0,0.0,0,0,0,0.0,1395.7,25.1,0.0,0.0,302,155.38003366567398,0.0,0.0,25.75,24.437,2025-10-30 08:00:08
176.5,0,0.0,173.6,0,0.0,0.0,0,0,0,0.0,1395.7,25.1,0.0,0.0,302,155.38003366567398,0.0,0.0,25.687,24.437,2025-10-30 08:00:23
176.5,0,0.0,173.6,0,0.0,0.0,0,0,0,0.0,1395.7,25.1,0.0,0.0,302,155.38003366567398,0.0,0.0,25.625,24.375,2025-10-30 08:00:38
176.4,0,0.0,173.6,0,0.0,0.0,0,0,0,0.0,1395.7,25.1,0.0,0.0,302,155.38003366567398,0.0,0.0,25.562,24.312,2025-10-30 08:00:53
176.4,0,0.0,173.6,0,0.0,0.0,0,0,0,0.0,1395.7,25.1,0.0,0.0,302,116.53502524925548,0.0,0.0,25.562,24.187,2025-10-30 08:01:08
176.4,0,0.0,173.6,0,0.0,0.0,0,0,0,0.0,1395.7,25.1,0.0,0.0,302,155.38003366567398,0.0,0.0,25.562,24.187,2025-10-30 08:01:23
176.4,0,0.0,173.6,0,0.0,0.0,0,0,0,0.0,1395.7,25.1,0.0,0.0,302,155.38003366567398,0.0,0.0,25.625,24.187,2025-10-30 08:01:38
176.3,0,0.0,173.5,0,0.0,0.0,0,0,0,0.0,1395.7,25.1,0.0,0.0,302,155.38003366567398,0.0,0.0,25.687,24.25,2025-10-30 08:01:53
176.4,0,0.0,173.5,0,0.0,0.0,0,0,0,0.0,1395.7,25.1,0.0,0.0,302,155.38003366567398,0.0,0.0,25.687,24.25,2025-10-30 08:02:08
176.4,0,0.0,173.5,0,0.0,0.0,0,0,0,0.0,1395.7,25.1,0.0,0.0,302,155.38003366567398,0.0,0.0,25.687,24.187,2025-10-30 08:02:23
176.4,0,0.0,173.5,0,0.0,0.0,0,0,0,0.0,1395.7,25.1,0.0,0.0,302,155.38003366567398,0.0,0.0,25.562,24.187,2025-10-30 08:02:38
176.4,0,0.0,173.5,0,0.0,0.0,0,0,0,0.0,1395.7,25.1,0.0,0.0,302,155.38003366567398,0.0,0.0,25.625,24.125,2025-10-30 08:02:53
176.4,0,0.0,173.6,0,0.0,0.0,0,0,0,0.0,1395.7,25.2,0.0,0.0,302,155.38003366567398,0.0,0.0,25.625,24.187,2025-10-30 08:03:08
176.4,0,0.0,173.6,0,0.0,0.0,0,0,0,0.0,1395.7,25.2,0.0,0.0,302,155.38003366567398,0.0,0.0,25.625,24.25,2025-10-30 08:03:23
176.4,0,0.0,173.7,0,0.0,0.0,0,0,0,0.0,1395.7,25.2,0.0,0.0,302,155.38003366567398,0.0,0.0,25.625,24.25,2025-10-30 08:03:38
176.48571428571435,173.59523809523807,0.0,0.0,0.0,0.0,0.0,0.0,0.0,25.657476190476196,24.32114285714286,2025-10-30 08:03:50,,,,,,,
176.4,0,0.0,173.8,0,0.0,0.0,0,0,0,0.0,1395.7,25.2,0.0,0.0,302,155.38003366567398,0.0,0.0,25.562,24.25,2025-10-30 08:03:53
176.4,0,0.0,173.9,0,0.0,0.0,0,0,0,0.0,1395.7,25.2,0.0,0.0,302,155.38003366567398,0.0,0.0,25.625,24.312,2025-10-30 08:04:08
155.38003366567406,0.0,0.0,2025-10-30 08:04:20,,,,,,,,,,,,,,
176.4,0,0.0,173.9,0,0.0,0.0,0,0,0,0.0,1395.7,25.2,0.0,0.0,302,155.38003366567398,0.0,0.0,25.625,24.375,2025-10-30 08:04:23
176.4,0,0.0,173.9,0,0.0,0.0,0,0,0,0.0,1395.7,25.2,0.0,0.0,302,155.38003366567398,0.0,0.0,25.687,24.437,2025-10-30 08:04:38
176.4,0,0.0,173.9,0,0.0,0.0,0,0,0,0.0,1395.7,25.2,0.0,0.0,302,155.38003366567398,0.0,0.0,25.687,24.375,2025-10-30 08:04:53
176.4,0,0.0,173.9,0,0.0,0.0,0,0,0,0.0,1395.7,25.2,0.0,0.0,302,155.38003366567398,0.0,0.0,25.687,24.312,2025-10-30 08:05:08
176.4,0,0.0,174,0,0.0,0.0,0,0,0,0.0,1395.7,25.2,0.0,0.0,302,155.38003366567398,0.0,0.0,25.687,24.25,2025-10-30 08:05:23
176.4,0,0.0,174,0,0.0,0.0,0,0,0,0.0,1395.7,25.2,0.0,0.0,302,155.38003366567398,0.0,0.0,25.562,24.187,2025-10-30 08:05:38
176.4,0,0.0,174,0,0.0,0.0,0,0,0,0.0,1395.7,25.2,0.0,0.0,302,155.38003366567398,0.0,0.0,25.625,24.125,2025-10-30 08:05:53
176.4,0,0.0,174.1,0,0.0,0.0,0,0,0,0.0,1395.7,25.2,0.0,0.0,302,155.38003366567398,0.0,0.0,25.562,24.0,2025-10-30 08:06:08
176.4,0,0.0,174.1,0,0.0,0.0,0,0,0,0.0,1395.7,25.2,0.0,0.0,302,155.38003366567398,0.0,0.0,25.562,24.0,2025-10-30 08:06:23
176.3,0,0.0,174.1,0,0.0,0.0,0,0,0,0.0,1395.7,25.2,0.0,0.0,302,155.38003366567398,0.0,0.0,25.5,24.0,2025-10-30 08:06:38
176.3,0,0.0,174.1,0,0.0,0.0,0,0,0,0.0,1395.7,25.2,0.0,0.0,302,155.38003366567398,0.0,0.0,25.437,23.937,2025-10-30 08:06:53
176.3,0,0.0,174.2,0,0.0,0.0,0,0,0,0.0,1395.7,25.2,0.0,0.0,302,155.38003366567398,0.0,0.0,25.375,23.875,2025-10-30 08:07:08
176.4,0,0.0,174.2,0,0.0,0.0,0,0,0,0.0,1395.7,25.2,0.0,0.0,302,155.38003366567398,0.0,0.0,25.437,23.875,2025-10-30 08:07:23
176.4,0,0.0,174.2,0,0.0,0.0,0,0,0,0.0,1395.7,25.2,0.0,0.0,302,155.38003366567398,0.0,0.0,25.437,23.937,2025-10-30 08:07:38
176.4,0,0.0,174.2,0,0.0,0.0,0,0,0,0.0,1395.7,25.2,0.0,0.0,302,155.38003366567398,0.0,0.0,25.5,23.875,2025-10-30 08:07:53
176.4,0,0.0,174.2,0,0.0,0.0,0,0,0,0.0,1395.7,25.2,0.0,0.0,302,155.38003366567398,0.0,0.0,25.437,23.875,2025-10-30 08:08:08
176.5,0,0.0,174.2,0,0.0,0.0,0,0,0,0.0,1395.7,25.2,0.0,0.0,302,155.38003366567398,0.0,0.0,25.5,23.875,2025-10-30 08:08:23
176.5,0,0.0,174.3,0,0.0,0.0,0,0,0,0.0,1395.7,25.2,0.0,0.0,302,155.38003366567398,0.0,0.0,25.437,23.875,2025-10-30 08:08:38
176.39000000000004,174.07999999999996,0.0,0.0,0.0,0.0,0.0,0.0,0.0,25.537150000000004,24.065500000000004,2025-10-30 08:08:50,,,,,,,
176.5,0,0.0,174.3,0,0.0,0.0,0,0,0,0.0,1395.7,25.2,0.0,0.0,302,155.38003366567398,0.0,0.0,25.5,23.875,2025-10-30 08:08:53
176.6,0,0.0,174.3,0,0.0,0.0,0,0,0,0.0,1395.7,25.2,0.0,0.0,302,155.38003366567398,0.0,0.0,25.5,23.937,2025-10-30 08:09:08
176.6,0,0.0,174.3,0,0.0,0.0,0,0,0,0.0,1395.7,25.2,0.0,0.0,302,155.38003366567398,0.0,0.0,25.562,23.937,2025-10-30 08:09:23
155.38003366567403,0.0,0.0,2025-10-30 08:09:35,,,,,,,,,,,,,,
176.6,0,0.0,174.4,0,0.0,0.0,0,0,0,0.0,1395.7,25.2,0.0,0.0,302,155.38003366567398,0.0,0.0,25.625,24.125,2025-10-30 08:09:38
176.6,0,0.0,174.4,0,0.0,0.0,0,0,0,0.0,1395.7,25.2,0.0,0.0,302,155.38003366567398,0.0,0.0,25.625,24.187,2025-10-30 08:09:53
176.6,0,0.0,174.4,0,0.0,0.0,0,0,0,0.0,1395.7,25.2,0.0,0.0,302,155.38003366567398,0.0,0.0,25.625,24.25,2025-10-30 08:10:08
176.7,0,0.0,174.4,0,0.0,0.0,0,0,0,0.0,1395.7,25.2,0.0,0.0,302,155.38003366567398,0.0,0.0,25.687,24.312,2025-10-30 08:10:23
176.7,0,0.0,174.5,0,0.0,0.0,0,0,0,0.0,1395.7,25.2,0.0,0.0,302,155.38003366567398,0.0,0.0,25.687,24.312,2025-10-30 08:10:38
176.8,0,0.0,174.5,0,0.0,0.0,0,0,0,0.0,1395.7,25.2,0.0,0.0,302,155.38003366567398,0.0,0.0,25.687,24.375,2025-10-30 08:10:53
176.8,0,0.0,174.6,0,0.0,0.0,0,0,0,0.0,1395.7,25.3,0.0,0.0,302,155.38003366567398,0.0,0.0,25.687,24.375,2025-10-30 08:11:08
176.9,0,0.0,174.6,0,0.0,0.0,0,0,0,0.0,1395.7,25.3,0.0,0.0,302,155.38003366567398,0.0,0.0,25.75,24.437,2025-10-30 08:11:23
177,0,0.0,174.7,0,0.0,0.0,0,0,0,0.0,1395.7,25.3,0.0,0.0,302,155.38003366567398,0.0,0.0,25.812,24.437,2025-10-30 08:11:38
177,0,0.0,174.7,0,0.0,0.0,0,0,0,0.0,1395.7,25.3,0.0,0.0,302,155.38003366567398,0.0,0.0,25.812,24.437,2025-10-30 08:11:53
177,0,0.0,174.7,0,0.0,0.0,0,0,0,0.0,1395.7,25.3,0.0,0.0,302,155.38003366567398,0.0,0.0,25.812,24.5,2025-10-30 08:12:08
177.1,0,0.0,174.8,0,0.0,0.0,0,0,0,0.0,1395.7,25.3,0.0,0.0,302,155.38003366567398,0.0,0.0,25.812,24.437,2025-10-30 08:12:23
177.1,0,0.0,174.9,0,0.0,0.0,0,0,0,0.0,1395.7,25.3,0.0,0.0,302,155.38003366567398,0.0,0.0,25.812,24.437,2025-10-30 08:12:38
177.2,0,0.0,175,0,0.0,0.0,0,0,0,0.0,1395.7,25.3,0.0,0.0,302,155.38003366567398,0.0,0.0,25.875,24.437,2025-10-30 08:12:53
177.3,0,0.0,175,0,0.0,0.0,0,0,0,0.0,1395.7,25.3,0.0,0.0,302,155.38003366567398,0.0,0.0,25.875,24.375,2025-10-30 08:13:08
177.3,0,0.0,175.2,0,0.0,0.0,0,0,0,0.0,1395.7,25.3,0.0,0.0,302,155.38003366567398,0.0,0.0,25.875,24.312,2025-10-30 08:13:23
177.5,0,0.0,175.3,0,0.0,0.0,0,0,0,0.0,1395.7,25.3,0.0,0.0,302,155.38003366567398,0.0,0.0,25.875,24.312,2025-10-30 08:13:38
177.6,0,0.0,175.5,0,0.0,0.0,0,0,0,0.0,1395.7,25.3,0.0,0.0,302,155.38003366567398,0.0,0.0,25.875,24.25,2025-10-30 08:13:53
176.97142857142853,174.73333333333335,0.0,0.0,0.0,0.0,0.0,0.0,0.0,25.75266666666667,24.297428571428572,2025-10-30 08:14:05,,,,,,,
177.7,0,0.0,175.6,0,0.0,0.0,0,0,0,0.0,1395.7,25.3,0.0,0.0,302,194.22504208209244,0.0,0.0,25.875,24.25,2025-10-30 08:14:08
177.8,0,0.0,175.7,0,0.0,0.0,0,0,0,0.0,1395.7,25.2,0.0,0.0,302,194.22504208209244,0.0,0.0,25.875,24.25,2025-10-30 08:14:23
177.9,0,0.0,175.9,0,0.0,0.0,0,0,0,0.0,1395.7,25.2,0.0,0.0,302,194.22504208209244,0.0,0.0,25.812,24.25,2025-10-30 08:14:38
166.4786074989364,0.0,0.0,2025-10-30 08:14:50,,,,,,,,,,,,,,
178.1,0,0.0,176,0,0.0,0.0,0,0,0,0.0,1395.7,25.2,0.0,0.0,302,194.22504208209244,0.0,0.0,25.875,24.312,2025-10-30 08:14:53
178.2,0,0.0,176.2,0,0.0,0.0,0,0,0,0.0,1395.7,25.2,0.0,0.0,302,194.22504208209244,0.0,0.0,25.875,24.312,2025-10-30 08:15:08
178.4,0,0.0,176.3,0,0.0,0.0,0,0,0,0.0,1395.7,25.3,0.0,0.0,302,194.22504208209244,0.0,0.0,25.875,24.312,2025-10-30 08:15:23
178.6,0,0.0,176.5,0,0.0,0.0,0,0,0,0.0,1395.7,25.3,0.0,0.0,302,194.22504208209244,0.0,0.0,25.937,24.312,2025-10-30 08:15:38
178.8,0,0.0,176.6,0,0.0,0.0,0,0,0,0.0,1395.7,25.2,0.0,0.0,302,233.07005049851097,0.0,0.0,25.937,24.375,2025-10-30 08:15:53
179,0,0.0,176.7,0,0.0,0.0,0,0,0,0.0,1395.7,25.2,0.0,0.0,302,233.07005049851097,0.0,0.0,25.937,24.5,2025-10-30 08:16:08
179.2,0,0.0,176.8,0,0.0,0.0,0,0,0,0.0,1395.7,25.2,0.0,0.0,302,233.07005049851097,0.0,0.0,25.937,24.5,2025-10-30 08:16:23
179.3,0,0.0,177,0,0.0,0.0,0,0,0,0.0,1395.7,25.3,0.0,0.0,302,233.07005049851097,37.90271636133923,0.16262371025479047,26.0,24.5,2025-10-30 08:16:38
179.5,0,0.0,177.1,0,0.0,0.0,0,0,0,0.0,1395.7,25.3,0.0,0.0,302,233.07005049851097,0.0,0.0,26.062,24.562,2025-10-30 08:16:53
179.7,0,0.0,177.2,0,0.0,0.0,0,0,0,0.0,1395.7,25.3,0.0,0.0,302,233.07005049851097,37.90271636133923,0.16262371025479047,26.062,24.625,2025-10-30 08:17:08
179.8,0,0.0,177.4,0,0.0,0.0,0,0,0,0.0,1395.7,25.3,0.0,0.0,302,271.91505891492943,0.0,0.0,26.062,24.625,2025-10-30 08:17:23
180,0,0.0,177.5,0,0.0,0.0,0,0,0,0.0,1395.7,25.3,0.0,0.0,302,271.91505891492943,37.90271636133923,0.13939175164696327,26.125,24.562,2025-10-30 08:17:38
180.2,0,0.0,177.7,0,0.0,0.0,0,0,0,0.0,1395.7,25.3,0.0,0.0,302,271.91505891492943,37.90271636133923,0.13939175164696327,26.125,24.562,2025-10-30 08:17:53
180.4,0,0.0,177.9,0,0.0,0.0,0,0,0,0.0,1395.7,25.3,0.0,0.0,302,271.91505891492943,37.90271636133923,0.13939175164696327,26.125,24.562,2025-10-30 08:18:08
180.4,0,0.0,178,0,0.0,0.0,0,0,0,0.0,1395.7,25.3,0.0,0.0,302,271.91505891492943,37.90271636133923,0.13939175164696327,26.25,24.625,2025-10-30 08:18:23
180.4,0,0.0,178.1,0,0.0,0.0,0,0,0,0.0,1395.7,25.3,0.0,0.0,302,271.91505891492943,37.90271636133923,0.13939175164696327,26.312,24.75,2025-10-30 08:18:38
180.5,0,0.0,178.1,0,0.0,0.0,0,0,0,0.0,1395.7,25.3,0.0,0.0,302,271.91505891492943,37.90271636133923,0.13939175164696327,26.375,24.812,2025-10-30 08:18:53
179.325,177.03499999999997,0.0,0.0,0.0,0.0,0.0,0.0,0.0,26.043500000000005,24.502900000000004,2025-10-30 08:19:05,,,,,,,
180.5,0,0.0,178.2,0,0.0,0.0,0,0,0,0.0,1395.7,25.3,0.0,0.0,302,271.91505891492943,37.90271636133923,0.13939175164696327,26.437,24.812,2025-10-30 08:19:08
180.6,0,0.0,178.3,0,0.0,0.0,0,0,0,0.0,1395.7,25.3,0.0,0.0,302,310.76006733134795,37.90271636133923,0.12196778269109285,26.437,24.812,2025-10-30 08:19:23
180.7,0,0.0,178.4,0,0.0,0.0,0,0,0,0.0,1395.7,25.3,0.0,0.0,302,310.76006733134795,37.90271636133923,0.12196778269109285,26.437,24.812,2025-10-30 08:19:38
180.8,0,0.0,178.5,0,0.0,0.0,0,0,0,0.0,1395.7,25.3,0.0,0.0,302,310.76006733134795,37.90271636133923,0.12196778269109285,26.437,24.875,2025-10-30 08:19:53
253.41743585949212,23.463586318924285,0.08518384822869975,2025-10-30 08:20:05,,,,,,,,,,,,,,
180.8,0,0.0,178.5,0,0.0,0.0,0,0,0,0.0,1395.7,25.3,0.0,0.0,302,310.76006733134795,37.90271636133923,0.12196778269109285,26.437,24.937,2025-10-30 08:20:08
180.9,0,0.0,178.6,0,0.0,0.0,0,0,0,0.0,1395.7,25.3,0.0,0.0,302,310.76006733134795,37.90271636133923,0.12196778269109285,26.437,25.062,2025-10-30 08:20:23
181.3,0,0.0,178.7,0,0.0,0.0,0,0,0,0.0,1395.7,25.3,0.0,0.0,302,310.76006733134795,37.90271636133923,0.12196778269109285,26.437,25.187,2025-10-30 08:20:38
181.1,0,0.0,178.7,0,0.0,0.0,0,0,0,0.0,1395.7,25.3,0.0,0.0,302,310.76006733134795,37.90271636133923,0.12196778269109285,26.562,25.375,2025-10-30 08:20:53
181.2,0,0.0,178.8,0,0.0,0.0,0,0,0,0.0,1395.7,25.3,0.0,0.0,302,349.6050757477664,37.90271636133923,0.10841580683652699,26.562,25.5,2025-10-30 08:21:08
181,0,0.0,178.7,0,0.0,0.0,0,0,0,0.0,1395.7,25.3,0.0,0.0,302,349.6050757477664,37.90271636133923,0.10841580683652699,26.562,25.625,2025-10-30 08:21:23
181.1,0,0.0,178.7,0,0.0,0.0,0,0,0,0.0,1395.7,25.3,0.0,0.0,302,349.6050757477664,37.90271636133923,0.10841580683652699,26.687,25.687,2025-10-30 08:21:38
180.9,0,0.0,178.6,0,0.0,0.0,0,0,0,0.0,1395.7,25.3,0.0,0.0,302,349.6050757477664,37.90271636133923,0.10841580683652699,26.75,25.75,2025-10-30 08:21:53
180.7,0,0.0,178.5,0,0.0,0.0,0,0,0,0.0,1395.7,25.3,0.0,0.0,302,349.6050757477664,37.90271636133923,0.10841580683652699,26.75,25.937,2025-10-30 08:22:08
180.6,0,0.0,178.4,0,0.0,0.0,0,0,0,0.0,1395.7,25.4,0.0,0.0,302,310.76006733134795,37.90271636133923,0.12196778269109285,26.875,25.937,2025-10-30 08:22:23
180.5,0,0.0,178.3,0,0.0,0.0,0,0,0,0.0,1395.7,25.4,0.0,0.0,302,310.76006733134795,37.90271636133923,0.12196778269109285,26.875,25.937,2025-10-30 08:22:38
180.5,0,0.0,178.3,0,0.0,0.0,0,0,0,0.0,1395.7,25.4,0.0,0.0,302,310.76006733134795,37.90271636133923,0.12196778269109285,26.812,26.0,2025-10-30 08:22:53
180.4,0,0.0,178.3,0,0.0,0.0,0,0,0,0.0,1395.7,25.4,0.0,0.0,302,349.6050757477664,37.90271636133923,0.10841580683652699,26.875,26.062,2025-10-30 08:23:08
180.3,0,0.0,178.3,0,0.0,0.0,0,0,0,0.0,1395.7,25.4,0.0,0.0,302,349.6050757477664,37.90271636133923,0.10841580683652699,26.875,26.187,2025-10-30 08:23:23
180.3,0,0.0,178.2,0,0.0,0.0,0,0,0,0.0,1395.7,25.4,0.0,0.0,302,349.6050757477664,37.90271636133923,0.10841580683652699,26.937,26.187,2025-10-30 08:23:38
180.1,0,0.0,178.1,0,0.0,0.0,0,0,0,0.0,1395.7,25.4,0.0,0.0,302,310.76006733134795,37.90271636133923,0.12196778269109285,27.0,26.25,2025-10-30 08:23:53
180.1,0,0.0,178.1,0,0.0,0.0,0,0,0,0.0,1395.7,25.4,0.0,0.0,302,310.76006733134795,37.90271636133923,0.12196778269109285,27.062,26.375,2025-10-30 08:24:08
180.68095238095233,178.43809523809526,0.0,0.0,0.0,0.0,0.0,0.0,0.0,26.699000000000005,25.651428571428575,2025-10-30 08:24:20,,,,,,,
179.9,0,0.0,178.1,0,0.0,0.0,0,0,0,0.0,1395.7,25.4,0.0,0.0,302,310.76006733134795,37.90271636133923,0.12196778269109285,27.062,26.437,2025-10-30 08:24:23
179.8,0,0.0,178.1,0,0.0,0.0,0,0,0,0.0,1395.7,25.4,0.0,0.0,302,310.76006733134795,37.90271636133923,0.12196778269109285,27.125,26.437,2025-10-30 08:24:38
179.6,0,0.0,178,0,0.0,0.0,0,0,0,0.0,1395.7,25.4,0.0,0.0,302,310.76006733134795,37.90271636133923,0.12196778269109285,27.187,26.375,2025-10-30 08:24:53
179.5,0,0.0,177.9,0,0.0,0.0,0,0,0,0.0,1395.7,25.4,0.0,0.0,302,310.76006733134795,37.90271636133923,0.12196778269109285,27.25,26.5,2025-10-30 08:25:08
179.3,0,0.0,177.8,0,0.0,0.0,0,0,0,0.0,1395.7,25.4,0.0,0.0,302,310.76006733134795,37.90271636133923,0.12196778269109285,27.312,26.5,2025-10-30 08:25:23
323.1198427365721,37.90271636133923,0.11765579037373101,2025-10-30 08:25:35,,,,,,,,,,,,,,
179.1,0,0.0,177.6,0,0.0,0.0,0,0,0,0.0,1395.7,25.4,0.0,0.0,302,310.76006733134795,37.90271636133923,0.12196778269109285,27.375,26.5,2025-10-30 08:25:38
179,0,0.0,177.5,0,0.0,0.0,0,0,0,0.0,1395.7,25.5,0.0,0.0,302,310.76006733134795,37.90271636133923,0.12196778269109285,27.437,26.625,2025-10-30 08:25:53
178.9,0,0.0,177.5,0,0.0,0.0,0,0,0,0.0,1395.7,25.5,0.0,0.0,302,271.91505891492943,37.90271636133923,0.13939175164696327,27.5,26.75,2025-10-30 08:26:08
178.9,0,0.0,177.5,0,0.0,0.0,0,0,0,0.0,1395.7,25.5,0.0,0.0,302,310.76006733134795,37.90271636133923,0.12196778269109285,27.562,26.875,2025-10-30 08:26:23
178.8,0,0.0,177.4,0,0.0,0.0,0,0,0,0.0,1395.7,25.5,0.0,0.0,302,271.91505891492943,37.90271636133923,0.13939175164696327,27.562,26.875,2025-10-30 08:26:38
178.7,0,0.0,177.4,0,0.0,0.0,0,0,0,0.0,1395.7,25.5,0.0,0.0,302,310.76006733134795,37.90271636133923,0.12196778269109285,27.562,26.875,2025-10-30 08:26:53
178.7,0,0.0,177.4,0,0.0,0.0,0,0,0,0.0,1395.7,25.5,0.0,0.0,302,310.76006733134795,37.90271636133923,0.12196778269109285,27.562,26.937,2025-10-30 08:27:08
178.7,0,0.0,177.5,0,0.0,0.0,0,0,0,0.0,1395.7,25.5,0.0,0.0,302,310.76006733134795,37.90271636133923,0.12196778269109285,27.687,26.937,2025-10-30 08:27:23
178.8,0,0.0,177.5,0,0.0,0.0,0,0,0,0.0,1395.7,25.5,0.0,0.0,302,310.76006733134795,37.90271636133923,0.12196778269109285,27.687,27.0,2025-10-30 08:27:38
178.9,0,0.0,177.6,0,0.0,0.0,0,0,0,0.0,1395.7,25.5,0.0,0.0,302,310.76006733134795,37.90271636133923,0.12196778269109285,27.75,27.0,2025-10-30 08:27:53
179,0,0.0,177.6,0,0.0,0.0,0,0,0,0.0,1395.7,25.5,0.0,0.0,302,310.76006733134795,37.90271636133923,0.12196778269109285,27.812,27.062,2025-10-30 08:28:08
179.1,0,0.0,177.7,0,0.0,0.0,0,0,0,0.0,1395.7,25.5,0.0,0.0,302,310.76006733134795,37.90271636133923,0.12196778269109285,27.812,27.062,2025-10-30 08:28:23
179.3,0,0.0,177.8,0,0.0,0.0,0,0,0,0.0,1395.7,25.5,0.0,0.0,302,310.76006733134795,37.90271636133923,0.12196778269109285,27.875,27.187,2025-10-30 08:28:38
179.4,0,0.0,177.9,0,0.0,0.0,0,0,0,0.0,1395.7,25.6,0.0,0.0,302,349.6050757477664,37.90271636133923,0.10841580683652699,27.875,27.25,2025-10-30 08:28:53
179.5,0,0.0,177.9,0,0.0,0.0,0,0,0,0.0,1395.7,25.6,0.0,0.0,302,349.6050757477664,37.90271636133923,0.10841580683652699,27.937,27.25,2025-10-30 08:29:08
179.11500000000004,177.675,0.0,0.0,0.0,0.0,0.0,0.0,0.0,27.57785,26.856050000000003,2025-10-30 08:29:20,,,,,,,
179.4,0,0.0,177.9,0,0.0,0.0,0,0,0,0.0,1395.7,25.6,0.0,0.0,302,349.6050757477664,37.90271636133923,0.10841580683652699,28.0,27.375,2025-10-30 08:29:23
179.4,0,0.0,177.9,0,0.0,0.0,0,0,0,0.0,1395.7,25.6,0.0,0.0,302,349.6050757477664,37.90271636133923,0.10841580683652699,28.0,27.5,2025-10-30 08:29:38
179.3,0,0.0,177.9,0,0.0,0.0,0,0,0,0.0,1395.7,25.6,0.0,0.0,302,349.6050757477664,37.90271636133923,0.10841580683652699,28.062,27.625,2025-10-30 08:29:53
179.2,0,0.0,177.8,0,0.0,0.0,0,0,0,0.0,1395.7,25.6,0.0,0.0,302,349.6050757477664,37.90271636133923,0.10841580683652699,28.062,27.687,2025-10-30 08:30:08
179.2,0,0.0,177.8,0,0.0,0.0,0,0,0,0.0,1395.7,25.6,0.0,0.0,302,349.6050757477664,37.90271636133923,0.10841580683652699,28.125,27.75,2025-10-30 08:30:23
179.1,0,0.0,177.7,0,0.0,0.0,0,0,0,0.0,1395.7,25.6,0.0,0.0,302,349.6050757477664,37.90271636133923,0.10841580683652699,28.125,27.812,2025-10-30 08:30:38
179,0,0.0,177.7,0,0.0,0.0,0,0,0,0.0,1395.7,25.6,0.0,0.0,302,349.6050757477664,37.90271636133923,0.10841580683652699,28.187,27.812,2025-10-30 08:30:53
323.1198427365719,37.90271636133923,0.11818378943299977,2025-10-30 08:31:05,,,,,,,,,,,,,,
178.9,0,0.0,177.6,0,0.0,0.0,0,0,0,0.0,1395.7,25.6,0.0,0.0,302,349.6050757477664,37.90271636133923,0.10841580683652699,28.125,27.875,2025-10-30 08:31:08
178.9,0,0.0,177.6,0,0.0,0.0,0,0,0,0.0,1395.7,25.7,0.0,0.0,302,349.6050757477664,37.90271636133923,0.10841580683652699,28.187,27.812,2025-10-30 08:31:23
178.8,0,0.0,177.6,0,0.0,0.0,0,0,0,0.0,1395.7,25.7,0.0,0.0,302,349.6050757477664,37.90271636133923,0.10841580683652699,28.312,27.875,2025-10-30 08:31:38
178.7,0,0.0,177.5,0,0.0,0.0,0,0,0,0.0,1395.7,25.7,0.0,0.0,302,349.6050757477664,37.90271636133923,0.10841580683652699,28.312,28.0,2025-10-30 08:31:53
178.7,0,0.0,177.5,0,0.0,0.0,0,0,0,0.0,1395.7,25.7,0.0,0.0,302,349.6050757477664,37.90271636133923,0.10841580683652699,28.312,28.062,2025-10-30 08:32:08
178.6,0,0.0,177.5,0,0.0,0.0,0,0,0,0.0,1395.7,25.7,0.0,0.0,302,349.6050757477664,37.90271636133923,0.10841580683652699,28.375,28.125,2025-10-30 08:32:23
178.5,0,0.0,177.5,0,0.0,0.0,0,0,0,0.0,1395.7,25.7,0.0,0.0,302,349.6050757477664,37.90271636133923,0.10841580683652699,28.375,28.25,2025-10-30 08:32:38
178.5,0,0.0,177.5,0,0.0,0.0,0,0,0,0.0,1395.7,25.7,0.0,0.0,302,349.6050757477664,37.90271636133923,0.10841580683652699,28.5,28.312,2025-10-30 08:32:53
178.5,0,0.0,177.4,0,0.0,0.0,0,0,0,0.0,1395.7,25.7,0.0,0.0,302,349.6050757477664,37.90271636133923,0.10841580683652699,28.562,28.437,2025-10-30 08:33:08
178.4,0,0.0,177.4,0,0.0,0.0,0,0,0,0.0,1395.7,25.7,0.0,0.0,302,349.6050757477664,37.90271636133923,0.10841580683652699,28.562,28.562,2025-10-30 08:33:23
178.4,0,0.0,177.4,0,0.0,0.0,0,0,0,0.0,1395.7,25.8,0.0,0.0,302,349.6050757477664,37.90271636133923,0.10841580683652699,28.625,28.687,2025-10-30 08:33:38
178.4,0,0.0,177.4,0,0.0,0.0,0,0,0,0.0,1395.7,25.8,0.0,0.0,302,349.6050757477664,37.90271636133923,0.10841580683652699,28.687,28.812,2025-10-30 08:33:53
178.5,0,0.0,177.4,0,0.0,0.0,0,0,0,0.0,1395.7,25.8,0.0,0.0,302,349.6050757477664,37.90271636133923,0.10841580683652699,28.687,28.937,2025-10-30 08:34:08
178.5,0,0.0,177.4,0,0.0,0.0,0,0,0,0.0,1395.7,25.8,0.0,0.0,302,349.6050757477664,37.90271636133923,0.10841580683652699,28.75,28.937,2025-10-30 08:34:23
178.7857142857143,177.57142857142858,0.0,0.0,0.0,0.0,0.0,0.0,0.0,28.350904761904765,28.178238095238097,2025-10-30 08:34:35,,,,,,,
178.6,0,0.0,177.5,0,0.0,0.0,0,0,0,0.0,1395.7,25.8,0.0,0.0,302,349.6050757477664,37.90271636133923,0.10841580683652699,28.687,29.062,2025-10-30 08:34:38
178.7,0,0.0,177.5,0,0.0,0.0,0,0,0,0.0,1395.7,25.8,0.0,0.0,302,388.4500841641849,37.90271636133923,0.0975742261528743,28.625,29.062,2025-10-30 08:34:53
178.9,0,0.0,177.6,0,0.0,0.0,0,0,0,0.0,1395.7,25.8,0.0,0.0,302,388.4500841641849,37.90271636133923,0.0975742261528743,28.562,29.062,2025-10-30 08:35:08
179.3,0,0.0,177.7,0,0.0,0.0,0,0,0,0.0,1395.7,25.8,0.0,0.0,302,388.4500841641849,37.90271636133923,0.0975742261528743,28.625,29.125,2025-10-30 08:35:23
179.7,0,0.0,177.9,0,0.0,0.0,0,0,0,0.0,1395.7,25.8,0.0,0.0,302,427.2950925806034,37.90271636133923,0.08870384195715844,28.562,29.187,2025-10-30 08:35:38
179.8,0,0.0,178,0,0.0,0.0,0,0,0,0.0,1395.7,25.8,0.0,0.0,302,427.2950925806034,37.90271636133923,0.08870384195715844,28.562,29.312,2025-10-30 08:35:53
179.7,0,0.0,178,0,0.0,0.0,0,0,0,0.0,1395.7,25.8,0.0,0.0,302,427.2950925806034,37.90271636133923,0.08870384195715844,28.5,29.437,2025-10-30 08:36:08
179.4,0,0.0,177.9,0,0.0,0.0,0,0,0,0.0,1395.7,25.9,0.0,0.0,302,427.2950925806034,37.90271636133923,0.08870384195715844,28.687,29.562,2025-10-30 08:36:23
370.79326215672194,37.90271636133923,0.10295021657452028,2025-10-30 08:36:35,,,,,,,,,,,,,,
179,0,0.0,177.7,0,0.0,0.0,0,0,0,0.0,1395.7,25.9,0.0,0.0,302,427.2950925806034,37.90271636133923,0.08870384195715844,28.812,29.625,2025-10-30 08:36:38
178.6,0,0.0,177.5,0,0.0,0.0,0,0,0,0.0,1395.7,25.9,0.0,0.0,302,388.4500841641849,37.90271636133923,0.0975742261528743,28.875,29.75,2025-10-30 08:36:53
178.3,0,0.0,177.3,0,0.0,0.0,0,0,0,0.0,1395.7,25.9,0.0,0.0,302,388.4500841641849,37.90271636133923,0.0975742261528743,29.0,29.875,2025-10-30 08:37:08
178,0,0.0,177.2,0,0.0,0.0,0,0,0,0.0,1395.7,25.9,0.0,0.0,302,388.4500841641849,37.90271636133923,0.0975742261528743,28.937,29.875,2025-10-30 08:37:23
177.7,0,0.0,177,0,0.0,0.0,0,0,0,0.0,1395.7,25.9,0.0,0.0,302,349.6050757477664,37.90271636133923,0.10841580683652699,28.937,29.937,2025-10-30 08:37:38
177.4,0,0.0,176.8,0,0.0,0.0,0,0,0,0.0,1395.7,25.9,0.0,0.0,302,349.6050757477664,37.90271636133923,0.10841580683652699,29.0,30.062,2025-10-30 08:37:53
177.2,0,0.0,176.7,0,0.0,0.0,0,0,0,0.0,1395.7,26,0.0,0.0,302,349.6050757477664,37.90271636133923,0.10841580683652699,29.062,30.125,2025-10-30 08:38:08
177.1,0,0.0,176.6,0,0.0,0.0,0,0,0,0.0,1395.7,26,0.0,0.0,302,349.6050757477664,37.90271636133923,0.10841580683652699,29.187,30.187,2025-10-30 08:38:23
177.1,0,0.0,176.6,0,0.0,0.0,0,0,0,0.0,1395.7,26,0.0,0.0,302,349.6050757477664,37.90271636133923,0.10841580683652699,29.187,30.125,2025-10-30 08:38:38
177,0,0.0,176.5,0,0.0,0.0,0,0,0,0.0,1395.7,26,0.0,0.0,302,349.6050757477664,37.90271636133923,0.10841580683652699,29.187,30.062,2025-10-30 08:38:53
177,0,0.0,176.5,0,0.0,0.0,0,0,0,0.0,1395.7,26,0.0,0.0,302,349.6050757477664,37.90271636133923,0.10841580683652699,29.187,30.0,2025-10-30 08:39:08
177,0,0.0,176.5,0,0.0,0.0,0,0,0,0.0,1395.7,26,0.0,0.0,302,349.6050757477664,37.90271636133923,0.10841580683652699,29.25,30.0,2025-10-30 08:39:23
177,0,0.0,176.5,0,0.0,0.0,0,0,0,0.0,1395.7,26,0.0,0.0,302,349.6050757477664,37.90271636133923,0.10841580683652699,29.312,30.062,2025-10-30 08:39:38
178.15238095238095,177.17142857142858,0.0,0.0,0.0,0.0,0.0,0.0,0.0,28.910476190476196,29.728952380952382,2025-10-30 08:39:50,,,,,,,
177,0,0.0,176.5,0,0.0,0.0,0,0,0,0.0,1395.7,26,0.0,0.0,302,349.6050757477664,37.90271636133923,0.10841580683652699,29.375,29.937,2025-10-30 08:39:53
177,0,0.0,176.4,0,0.0,0.0,0,0,0,0.0,1395.7,26.1,0.0,0.0,302,349.6050757477664,37.90271636133923,0.10841580683652699,29.25,29.937,2025-10-30 08:40:08
177.1,0,0.0,176.4,0,0.0,0.0,0,0,0,0.0,1395.7,26.1,0.0,0.0,302,349.6050757477664,37.90271636133923,0.10841580683652699,29.187,29.875,2025-10-30 08:40:23
177,0,0.0,176.4,0,0.0,0.0,0,0,0,0.0,1395.7,26.1,0.0,0.0,302,349.6050757477664,37.90271636133923,0.10841580683652699,29.187,29.937,2025-10-30 08:40:38
177.1,0,0.0,176.4,0,0.0,0.0,0,0,0,0.0,1395.7,26.1,0.0,0.0,302,349.6050757477664,37.90271636133923,0.10841580683652699,29.312,30.0,2025-10-30 08:40:53
177.1,0,0.0,176.3,0,0.0,0.0,0,0,0,0.0,1395.7,26.1,0.0,0.0,302,349.6050757477664,37.90271636133923,0.10841580683652699,29.312,29.937,2025-10-30 08:41:08
177,0,0.0,176.3,0,0.0,0.0,0,0,0,0.0,1395.7,26.1,0.0,0.0,302,349.6050757477664,37.90271636133923,0.10841580683652699,29.375,30.062,2025-10-30 08:41:23
177,0,0.0,176.2,0,0.0,0.0,0,0,0,0.0,1395.7,26.1,0.0,0.0,302,349.6050757477664,37.90271636133923,0.10841580683652699,29.437,30.125,2025-10-30 08:41:38
177,0,0.0,176.2,0,0.0,0.0,0,0,0,0.0,1395.7,26.1,0.0,0.0,302,349.6050757477664,37.90271636133923,0.10841580683652699,29.25,30.125,2025-10-30 08:41:53
356.66780455075144,37.90271636133923,0.10644461034859014,2025-10-30 08:42:05,,,,,,,,,,,,,,
177,0,0.0,176.2,0,0.0,0.0,0,0,0,0.0,1395.7,26.1,0.0,0.0,302,349.6050757477664,37.90271636133923,0.10841580683652699,29.125,30.187,2025-10-30 08:42:08
177,0,0.0,176.2,0,0.0,0.0,0,0,0,0.0,1395.7,26.1,0.0,0.0,302,349.6050757477664,37.90271636133923,0.10841580683652699,29.187,30.187,2025-10-30 08:42:23
177,0,0.0,176.1,0,0.0,0.0,0,0,0,0.0,1395.7,26.1,0.0,0.0,302,349.6050757477664,37.90271636133923,0.10841580683652699,29.25,30.187,2025-10-30 08:42:38
176.9,0,0.0,176.1,0,0.0,0.0,0,0,0,0.0,1395.7,26.1,0.0,0.0,302,349.6050757477664,37.90271636133923,0.10841580683652699,29.312,30.25,2025-10-30 08:42:53
176.9,0,0.0,176.1,0,0.0,0.0,0,0,0,0.0,1395.7,26.1,0.0,0.0,302,349.6050757477664,37.90271636133923,0.10841580683652699,29.5,30.25,2025-10-30 08:43:08
176.9,0,0.0,176,0,0.0,0.0,0,0,0,0.0,1395.7,26.1,0.0,0.0,302,349.6050757477664,37.90271636133923,0.10841580683652699,29.5,30.25,2025-10-30 08:43:23
176.9,0,0.0,176,0,0.0,0.0,0,0,0,0.0,1395.7,26.1,0.0,0.0,302,349.6050757477664,37.90271636133923,0.10841580683652699,29.5,30.187,2025-10-30 08:43:38
176.8,0,0.0,175.9,0,0.0,0.0,0,0,0,0.0,1395.7,26.1,0.0,0.0,302,349.6050757477664,37.90271636133923,0.10841580683652699,29.625,30.0,2025-10-30 08:43:53
176.8,0,0.0,175.9,0,0.0,0.0,0,0,0,0.0,1395.7,26.1,0.0,0.0,302,349.6050757477664,37.90271636133923,0.10841580683652699,29.562,30.0,2025-10-30 08:44:08
176.7,0,0.0,175.8,0,0.0,0.0,0,0,0,0.0,1395.7,26.1,0.0,0.0,302,349.6050757477664,37.90271636133923,0.10841580683652699,29.625,30.0,2025-10-30 08:44:23
176.7,0,0.0,175.8,0,0.0,0.0,0,0,0,0.0,1395.7,26.2,0.0,0.0,302,349.6050757477664,37.90271636133923,0.10841580683652699,29.625,30.0,2025-10-30 08:44:38
176.95000000000002,176.14000000000004,0.0,0.0,0.0,0.0,0.0,0.0,0.0,29.381050000000005,30.056050000000006,2025-10-30 08:44:50,,,,,,,
176.7,0,0.0,175.8,0,0.0,0.0,0,0,0,0.0,1395.7,26.2,0.0,0.0,302,349.6050757477664,37.90271636133923,0.10841580683652699,29.625,30.062,2025-10-30 08:44:53
176.6,0,0.0,175.8,0,0.0,0.0,0,0,0,0.0,1395.7,26.2,0.0,0.0,302,349.6050757477664,37.90271636133923,0.10841580683652699,29.625,30.062,2025-10-30 08:45:08
176.6,0,0.0,175.7,0,0.0,0.0,0,0,0,0.0,1395.7,26.2,0.0,0.0,302,349.6050757477664,37.90271636133923,0.10841580683652699,29.625,30.062,2025-10-30 08:45:23
176.6,0,0.0,175.7,0,0.0,0.0,0,0,0,0.0,1395.7,26.2,0.0,0.0,302,349.6050757477664,37.90271636133923,0.10841580683652699,29.625,30.0,2025-10-30 08:45:38
176.6,0,0.0,175.6,0,0.0,0.0,0,0,0,0.0,1395.7,26.2,0.0,0.0,302,349.6050757477664,37.90271636133923,0.10841580683652699,29.562,29.937,2025-10-30 08:45:53
176.5,0,0.0,175.6,0,0.0,0.0,0,0,0,0.0,1395.7,26.2,0.0,0.0,302,349.6050757477664,37.90271636133923,0.10841580683652699,29.5,30.0,2025-10-30 08:46:08
176.5,0,0.0,175.6,0,0.0,0.0,0,0,0,0.0,1395.7,26.2,0.0,0.0,302,349.6050757477664,37.90271636133923,0.10841580683652699,29.562,30.0,2025-10-30 08:46:23
176.4,0,0.0,175.5,0,0.0,0.0,0,0,0,0.0,1395.7,26.3,0.0,0.0,302,349.6050757477664,37.90271636133923,0.10841580683652699,29.5,30.062,2025-10-30 08:46:38
176.4,0,0.0,175.5,0,0.0,0.0,0,0,0,0.0,1395.7,26.3,0.0,0.0,302,349.6050757477664,37.90271636133923,0.10841580683652699,29.5,30.062,2025-10-30 08:46:53
176.4,0,0.0,175.4,0,0.0,0.0,0,0,0,0.0,1395.7,26.3,0.0,0.0,302,349.6050757477664,37.90271636133923,0.10841580683652699,29.5,29.937,2025-10-30 08:47:08
349.60507574776625,37.90271636133923,0.108415806836527,2025-10-30 08:47:20,,,,,,,,,,,,,,
176.3,0,0.0,175.4,0,0.0,0.0,0,0,0,0.0,1395.7,26.3,0.0,0.0,302,349.6050757477664,37.90271636133923,0.10841580683652699,29.5,29.937,2025-10-30 08:47:23
176.3,0,0.0,175.4,0,0.0,0.0,0,0,0,0.0,1395.7,26.3,0.0,0.0,302,310.76006733134795,37.90271636133923,0.12196778269109285,29.437,29.875,2025-10-30 08:47:38
176.2,0,0.0,175.4,0,0.0,0.0,0,0,0,0.0,1395.7,26.3,0.0,0.0,302,349.6050757477664,37.90271636133923,0.10841580683652699,29.375,29.687,2025-10-30 08:47:53
175.93809523809531,175.40000000000003,0.0,0.0,0.0,0.0,0.0,0.0,0.0,29.967047619047623,30.00871428571429,2025-10-30 08:53:57,,,,,,,
310.7600673313481,37.90271636133923,0.12196778269109286,2025-10-30 08:54:12,,,,,,,,,,,,,,
175.925,175.49500000000003,0.0,0.0,0.0,0.0,0.0,0.0,0.0,30.396650000000005,30.574750000000005,2025-10-30 08:58:57,,,,,,,
308.9943851306018,37.90271636133923,0.12275978127999605,2025-10-30 08:59:42,,,,,,,,,,,,,,
175.5285714285714,175.21428571428564,0.0,0.0,0.0,0.0,0.0,0.0,0.0,30.87780952380953,30.94919047619048,2025-10-30 09:04:11,,,,,,,
273.7648212204732,37.90271636133923,0.13856203883954082,2025-10-30 09:04:57,,,,,,,,,,,,,,
175.7571428571429,175.28095238095244,0.0,0.0,0.0,0.0,0.0,0.0,0.0,30.96104761904762,30.568142857142863,2025-10-30 09:09:26,,,,,,,
281.1638704426482,37.90271636133923,0.13524318760985124,2025-10-30 09:10:12,,,,,,,,,,,,,,
175.88000000000005,175.25999999999996,0.0,0.0,0.0,0.0,0.0,0.0,0.0,31.327900000000007,30.627950000000006,2025-10-30 09:14:26,,,,,,,
284.2748343201535,37.90271636133923,0.1338477615246408,2025-10-30 09:15:42,,,,,,,,,,,,,,
175.87500000000006,175.13499999999996,0.0,0.0,0.0,0.0,0.0,0.0,0.0,31.443500000000007,30.3216,2025-10-30 09:19:26,,,,,,,
271.91505891492943,37.90271636133923,0.1393917516469632,2025-10-30 09:20:57,,,,,,,,,,,,,,
175.99523809523808,175.1761904761904,0.0,0.0,0.0,0.0,0.0,0.0,0.0,31.124761904761904,30.276523809523816,2025-10-30 09:24:42,,,,,,,
279.3141081371044,37.90271636133923,0.13607290041727366,2025-10-30 09:26:12,,,,,,,,,,,,,,
176.30952380952382,175.27619047619046,0.0,0.0,0.0,0.0,0.0,0.0,0.0,31.086047619047626,29.97009523809524,2025-10-30 09:29:57,,,,,,,
284.86339505373564,37.90271636133923,0.13358376199500638,2025-10-30 09:31:27,,,,,,,,,,,,,,
175.97142857142862,174.92380952380958,0.0,0.0,0.0,0.0,0.0,0.0,0.0,31.291428571428575,29.66052380952381,2025-10-30 09:35:12,,,,,,,
256.02391910821274,34.45701487394476,0.13411176105427525,2025-10-30 09:36:57,,,,,,,,,,,,,,
176.32857142857142,174.92857142857142,0.0,0.0,0.0,0.0,0.0,0.0,0.0,31.1872380952381,29.13361904761905,2025-10-30 09:40:26,,,,,,,
268.21553430384193,37.90271636133923,0.14160431913342292,2025-10-30 09:42:12,,,,,,,,,,,,,,
176.72999999999996,175.39000000000004,0.0,0.0,0.0,0.0,0.0,20.59,0.0,31.4372,30.0779,2025-10-30 09:45:27,,,,,,,
271.91505891492943,37.90271636133923,0.13939175164696319,2025-10-30 09:47:42,,,,,,,,,,,,,,
174.80952380952382,173.3904761904762,0.17142857142857143,0.1523809523809524,25.785714285714285,22.314285714285713,0.0,206.0190476190476,0.24285714285714283,31.464000000000006,30.470047619047623,2025-10-30 09:50:42,,,,,,,
271.91505891492943,36.179865617641994,0.1330557629357376,2025-10-30 09:53:12,,,,,,,,,,,,,,
163.16500000000002,153.245,1.8599999999999999,1.73,297.90999999999997,267.09000000000003,0.0,206.58499999999998,2.625000000000001,31.6404,30.727850000000007,2025-10-30 09:55:42,,,,,,,
270.1493767141831,36.179865617641994,0.13411176105427522,2025-10-30 09:58:42,,,,,,,,,,,,,,
163.09999999999997,153.60999999999999,1.8749999999999993,1.67,314.2950000000001,258.49,0.0,206.93999999999997,2.5900000000000007,31.431000000000004,30.602900000000005,2025-10-30 10:00:42,,,,,,,
247.86814894286084,34.292933850735494,0.1382854679037334,2025-10-30 10:03:57,,,,,,,,,,,,,,
163.14761904761903,153.74761904761903,1.8190476190476188,1.647619047619048,299.66190476190474,256.22857142857146,0.0904761904761905,206.83333333333337,2.5571428571428574,31.43133333333334,30.463952380952385,2025-10-30 10:05:57,,,,,,,
222.4759572940333,13.782805949577902,0.059135894638105625,2025-10-30 10:09:26,,,,,,,,,,,,,,
163.275,153.26999999999998,1.5799999999999998,1.4799999999999993,263.31500000000005,231.33499999999998,0.10000000000000002,207.09499999999994,2.275000000000001,31.405950000000008,30.2404,2025-10-30 10:10:57,,,,,,,
194.22504208209241,0.0,0.0,2025-10-30 10:14:42,,,,,,,,,,,,,,
162.91428571428568,153.75238095238095,1.476190476190476,1.3999999999999995,250.5666666666667,221.52380952380958,0.15238095238095242,207.63333333333335,2.147619047619049,31.03847619047619,29.660571428571433,2025-10-30 10:16:12,,,,,,,
201.6240913042674,0.0,0.0,2025-10-30 10:19:57,,,,,,,,,,,,,,
163.21499999999997,154.35999999999996,1.5900000000000005,1.4649999999999999,262.78,228.37999999999997,0.20000000000000004,207.31999999999994,2.2599999999999993,31.149700000000006,29.87165,2025-10-30 10:21:12,,,,,,,
233.070050498511,14.439130042414945,0.06195188962087256,2025-10-30 10:25:12,,,,,,,,,,,,,,
163.075,155.76500000000001,1.7849999999999997,1.5650000000000002,290.96999999999997,251.2,0.21000000000000005,207.475,2.4950000000000006,31.3841,30.14965,2025-10-30 10:26:12,,,,,,,
266.61801231269055,37.90271636133923,0.142559746002576,2025-10-30 10:30:42,,,,,,,,,,,,,,
163.3095238095238,155.71428571428572,1.9857142857142858,1.7476190476190474,324.7190476190476,273.85714285714283,0.29999999999999993,207.56666666666666,2.733333333333332,31.627666666666673,30.39857142857143,2025-10-30 10:31:26,,,,,,,
268.215534303842,37.90271636133923,0.14160431913342295,2025-10-30 10:35:57,,,,,,,,,,,,,,
163.18500000000003,155.32500000000005,1.8999999999999992,1.795,315.245,284.45500000000004,0.30499999999999994,207.465,2.75,31.893400000000007,30.55285,2025-10-30 10:36:27,,,,,,,
275.44642331642206,37.90271636133923,0.13780775446915683,2025-10-30 10:41:26,,,,,,,,,,,,,,
163.2380952380952,153.6619047619048,2.004761904761905,1.8999999999999997,328.4904761904762,294.0333333333333,0.4000000000000001,207.64285714285714,2.8476190476190473,32.22604761904762,30.758571428571432,2025-10-30 10:41:42,,,,,,,
163.005,153.225,2.32,2.189999999999999,381.18500000000006,336.53999999999996,0.4200000000000001,207.89499999999998,3.3,32.68095000000001,31.299650000000007,334.8069773034164,37.90271636133923,0.11357846430493304,2025-10-30 10:46:42,,,,
163.1047619047619,153.55238095238096,2.7571428571428562,2.5000000000000004,446.4476190476191,387.67619047619047,0.5,207.98571428571424,3.8380952380952387,33.413333333333334,32.16942857142857,392.1496087752723,37.90271636133923,0.09672942765804418,2025-10-30 10:51:57,,,,
163.00999999999996,153.235,2.819999999999999,2.5900000000000007,464.41499999999996,399.93500000000006,0.5749999999999998,207.89000000000001,3.9299999999999997,34.1248,32.81845,2025-10-30 10:56:57,,,,,,,
391.9814485656774,37.90271636133923,0.09676782758962738,2025-10-30 10:57:26,,,,,,,,,,,,,,
163.17142857142858,154.40952380952382,3.2333333333333334,2.8285714285714283,526.8809523809523,438.0095238095238,0.6380952380952378,207.98571428571432,4.3428571428571425,34.734809523809524,33.32709523809525,2025-10-30 11:02:11,,,,,,,
467.98986330256577,50.53695514845231,0.10674090872177686,2025-10-30 11:02:42,,,,,,,,,,,,,,
161.55,154.37500000000003,4.674999999999999,3.54,751.0050000000001,546.01,0.7300000000000002,208.54000000000002,5.825000000000001,35.9873,34.10600000000001,2025-10-30 11:07:12,,,,,,,
636.3182331070458,86.63478025448967,0.13657627420185808,2025-10-30 11:07:57,,,,,,,,,,,,,,
158.24,152.435,5.82,4.095,911.9999999999998,625.885,0.845,208.675,6.909999999999999,37.60915,35.85295000000001,2025-10-30 11:12:12,,,,,,,
819.2765411462807,110.26244759662322,0.13358403949992223,2025-10-30 11:13:26,,,,,,,,,,,,,,
155.82857142857145,151.57142857142858,5.890476190476191,4.247619047619048,912.3238095238095,646.495238095238,0.9666666666666667,208.86190476190473,6.966666666666666,39.01166666666667,37.050285714285714,2025-10-30 11:17:26,,,,,,,
721.4072991620577,93.85434527569714,0.12930285491195517,2025-10-30 11:18:42,,,,,,,,,,,,,,
157.43999999999997,151.775,4.4350000000000005,3.5449999999999995,693.7450000000001,533.51,1.0800000000000003,208.29000000000002,5.525,38.97485,35.624700000000004,2025-10-30 11:22:26,,,,,,,
575.6123974432921,75.80543272267846,0.13238489354278438,2025-10-30 11:24:12,,,,,,,,,,,,,,
155.78095238095236,150.21904761904761,6.404761904761906,4.528571428571429,975.7095238095238,674.9190476190477,1.1904761904761902,208.98095238095232,7.466666666666667,39.800380952380955,35.64861904761905,2025-10-30 11:27:42,,,,,,,
1038.2211340388217,148.16516395796245,0.14293200908521253,2025-10-30 11:29:42,,,,,,,,,,,,,,
151.855,149.095,8.010000000000002,5.21,1215.935,781.0350000000001,1.3449999999999995,209.57,8.825,42.39040000000001,38.281,2025-10-30 11:32:42,,,,,,,
1043.265940326668,146.19619167945132,0.13940958718589866,2025-10-30 11:34:57,,,,,,,,,,,,,,
151.39999999999998,148.34761904761908,5.995238095238096,4.261904761904762,899.6238095238094,632.895238095238,1.4857142857142858,208.70476190476188,6.83809523809524,42.85990476190476,38.96109523809524,2025-10-30 11:37:57,,,,,,,
476.7341942014995,56.85407454200882,0.11316373036099976,2025-10-30 11:40:26,,,,,,,,,,,,,,
154.22499999999997,149.95000000000005,2.6999999999999997,2.4449999999999994,414.43499999999995,367.87999999999994,1.5950000000000006,207.52999999999997,3.6000000000000005,39.9403,36.34355000000001,2025-10-30 11:42:57,,,,,,,
381.05103494200984,37.90271636133923,0.09973315563966227,2025-10-30 11:45:42,,,,,,,,,,,,,,
157.7,150.815,3.1849999999999996,2.825,496.11499999999995,424.96500000000003,1.64,207.97000000000003,4.23,38.24665,34.5466,2025-10-30 11:47:57,,,,,,,
606.722036218346,79.4152152332822,0.12676244575056675,2025-10-30 11:50:57,,,,,,,,,,,,,,
158.64761904761903,150.14761904761906,5.842857142857143,4.776190476190475,907.9809523809523,710.3190476190475,1.7428571428571427,208.7904761904762,7.3571428571428585,39.43423809523809,34.84509523809524,2025-10-30 11:53:12,,,,,,,
987.7730711603562,140.7815179135457,0.14178262399809272,2025-10-30 11:56:12,,,,,,,,,,,,,,
153.96190476190478,148.65238095238095,7.433333333333332,5.6000000000000005,1132.3857142857144,828.9904761904761,1.8999999999999997,209.36666666666665,8.771428571428569,42.169333333333334,37.791380952380955,2025-10-30 11:58:26,,,,,,,
981.7193036149403,137.82805949577906,0.1396854222943015,2025-10-30 12:01:42,,,,,,,,,,,,,,
152.48,146.47500000000002,5.985,4.87,915.8700000000002,722.01,2.0500000000000007,209.01,7.199999999999998,43.8435,38.9249,2025-10-30 12:03:26,,,,,,,
436.5439041083221,46.92717263784857,0.10469615058755107,2025-10-30 12:06:57,,,,,,,,,,,,,,
155.17142857142858,149.23809523809527,3.2190476190476196,3.0,501.5142857142857,449.0571428571429,2.1333333333333346,209.31428571428575,4.300000000000001,41.413380952380955,35.797285714285714,2025-10-30 12:08:42,,,,,,,
761.009028521653,101.64819387813705,0.13245833791320802,2025-10-30 12:12:26,,,,,,,,,,,,,,
156.435,148.525,6.135000000000002,5.23,942.415,777.32,2.249999999999999,210.58499999999998,7.725000000000001,41.99980000000001,37.32790000000001,2025-10-30 12:13:42,,,,,,,
773.2006437172824,97.46412778630089,0.123774639927318,2025-10-30 12:17:42,,,,,,,,,,,,,,
155.55,148.81500000000003,4.965000000000001,4.084999999999999,762.285,609.3749999999999,2.374999999999999,210.10999999999999,6.165000000000001,42.952850000000005,37.26225,2025-10-30 12:18:42,,,,,,,
277.4643458315607,23.463586318924285,0.07592794091034322,2025-10-30 12:22:57,,,,,,,,,,,,,,
157.10999999999996,148.6,1.77,1.8699999999999999,276.28499999999997,282.93500000000006,2.46,208.9,2.555,42.02165000000001,33.79975,2025-10-30 12:23:42,,,,,,,
155.38003366567403,0.0,0.0,2025-10-30 12:28:12,,,,,,,,,,,,,,
156.70476190476188,147.12857142857146,0.9285714285714286,1.095238095238095,157.63333333333335,170.4190476190476,2.5,208.74761904761903,1.4857142857142855,36.642571428571436,32.07119047619048,2025-10-30 12:28:57,,,,,,,
118.30070745000177,0.0,0.0,2025-10-30 12:33:42,,,,,,,,,,,,,,
158.175,147.91500000000002,0.8250000000000004,0.8000000000000002,141.355,130.86499999999998,2.5,208.63999999999996,1.2349999999999997,36.36535,29.918400000000002,2025-10-30 12:33:57,,,,,,,
162.47999999999996,149.34499999999997,0.9350000000000002,0.9700000000000003,161.51500000000004,153.38500000000002,2.5,208.91,1.4450000000000005,31.165350000000007,26.965400000000006,133.18288599914916,0.0,0.0,2025-10-30 12:38:57,,,,
166.79999999999998,152.02857142857147,1.3666666666666667,1.2047619047619047,232.11428571428573,189.53333333333336,2.595238095238096,209.0714285714286,1.9333333333333333,30.663333333333338,26.794428571428575,2025-10-30 12:44:12,,,,,,,
208.3504996880628,1.7228507436972378,0.007391986829763203,2025-10-30 12:44:26,,,,,,,,,,,,,,
168.5238095238095,153.8809523809524,1.4619047619047618,1.371428571428571,249.0428571428571,214.53333333333336,2.6000000000000005,208.99047619047624,2.1238095238095247,30.467000000000006,27.532523809523816,2025-10-30 12:49:26,,,,,,,
220.12171435970478,3.6097825106037362,0.017036769645739955,2025-10-30 12:49:42,,,,,,,,,,,,,,
168.92857142857142,155.92380952380952,1.6238095238095236,1.5000000000000002,279.7142857142857,238.40476190476195,2.642857142857144,209.08095238095237,2.352380952380952,29.79438095238096,26.53242857142858,2025-10-30 12:54:42,,,,,,,
225.67100127633603,19.85380380832055,0.08673264546922159,2025-10-30 12:54:57,,,,,,,,,,,,,,
168.99,156.06,1.9000000000000004,1.6949999999999998,319.415,267.69000000000005,2.700000000000001,209.16,2.7149999999999994,30.296600000000005,27.399800000000006,2025-10-30 12:59:42,,,,,,,
257.11696047057956,37.90271636133923,0.14824202159280214,2025-10-30 13:00:12,,,,,,,,,,,,,,
169.05,156.265,2.2399999999999998,2.0100000000000007,381.66999999999996,318.70000000000005,2.739999999999999,209.09999999999997,3.165,31.162200000000002,28.384050000000002,2025-10-30 13:04:42,,,,,,,
326.65120713806454,37.90271636133923,0.11779659012286937,2025-10-30 13:05:42,,,,,,,,,,,,,,
167.84761904761905,155.41428571428574,2.6809523809523808,2.4142857142857146,448.0380952380952,375.42857142857144,2.799999999999999,209.3904761904762,3.7952380952380955,32.38966666666666,29.92828571428572,2025-10-30 13:09:57,,,,,,,
360.70364958102886,37.90271636133923,0.10862868264772423,2025-10-30 13:10:57,,,,,,,,,,,,,,
164.48000000000002,155.42499999999998,1.9099999999999995,1.8050000000000002,319.47999999999996,283.39500000000004,2.884999999999999,208.92000000000002,2.750000000000001,32.47475,30.346600000000002,2025-10-30 13:14:57,,,,,,,
240.469099720686,36.09782510603736,0.1504545890792619,2025-10-30 13:16:12,,,,,,,,,,,,,,
165.5238095238095,155.28095238095239,2.376190476190476,2.0142857142857142,396.2857142857143,316.42380952380955,2.899999999999999,209.02380952380958,3.2476190476190476,32.40747619047619,29.800428571428576,2025-10-30 13:20:12,,,,,,,
353.136440149259,37.90271636133923,0.10907020567059048,2025-10-30 13:21:42,,,,,,,,,,,,,,
166.22380952380954,154.63809523809527,3.114285714285714,2.961904761904761,510.28095238095244,456.2047619047619,3.0,209.11904761904765,4.3999999999999995,33.850904761904765,31.416428571428572,2025-10-30 13:25:26,,,,,,,
466.14010099702205,55.951628914357904,0.11815651915191666,2025-10-30 13:26:57,,,,,,,,,,,,,,
163.56000000000003,151.89500000000004,3.6749999999999994,3.920000000000001,591.25,594.6,3.080000000000001,209.54500000000002,5.319999999999999,35.831050000000005,33.27160000000001,2025-10-30 13:30:26,,,,,,,
510.53439633007156,72.19565021207472,0.14117882538602686,2025-10-30 13:32:12,,,,,,,,,,,,,,
162.99499999999998,152.54500000000002,3.1150000000000007,3.41,515.7099999999999,523.54,3.175000000000001,208.8,4.6000000000000005,37.368550000000006,34.34665,2025-10-30 13:35:26,,,,,,,
423.763728179111,37.90271636133923,0.08964464028094646,2025-10-30 13:37:42,,,,,,,,,,,,,,
162.3095238095238,152.78571428571433,2.7190476190476196,2.8047619047619055,439.16190476190474,432.595238095238,3.242857142857142,208.6333333333333,3.9523809523809526,37.11285714285715,33.72295238095238,2025-10-30 13:40:42,,,,,,,
358.85388727548496,37.90271636133923,0.10583447810232399,2025-10-30 13:42:57,,,,,,,,,,,,,,
160.04,153.21500000000003,2.4349999999999996,2.4099999999999993,392.30499999999995,373.805,3.2999999999999985,208.52000000000004,3.464999999999999,36.44350000000001,33.45915000000001,2025-10-30 13:45:42,,,,,,,
316.057113933587,37.90271636133923,0.12011978598365207,2025-10-30 13:48:26,,,,,,,,,,,,,,
162.99523809523805,153.3904761904762,2.161904761904762,2.2571428571428576,364.1285714285715,348.7142857142857,3.3857142857142852,208.35238095238097,3.2047619047619054,35.612952380952386,31.967000000000006,2025-10-30 13:50:57,,,,,,,
246.01838663731723,23.463586318924285,0.0882261285225819,2025-10-30 13:53:42,,,,,,,,,,,,,,
162.71999999999997,153.435,1.6200000000000003,1.5749999999999997,268.84499999999997,247.51999999999998,3.3999999999999995,208.08999999999997,2.3500000000000005,34.368500000000004,30.674850000000003,2025-10-30 13:55:57,,,,,,,
194.22504208209241,1.8048912553018681,0.009292783443130885,2025-10-30 13:58:57,,,,,,,,,,,,,,
162.85714285714283,154.55238095238096,1.5142857142857142,1.347619047619048,246.06190476190483,211.47142857142856,3.4809523809523806,207.75714285714284,2.1238095238095247,33.13366666666667,29.47309523809524,2025-10-30 14:01:12,,,,,,,
183.12646824883004,0.0,0.0,2025-10-30 14:04:12,,,,,,,,,,,,,,
163.11499999999995,155.715,1.3949999999999996,1.2850000000000004,230.63999999999996,209.27000000000007,3.5,208.01999999999998,2.0100000000000002,32.5061,29.134150000000005,2025-10-30 14:06:12,,,,,,,
158.91139806716663,0.0,0.0,2025-10-30 14:09:42,,,,,,,,,,,,,,
163.71999999999997,155.81,1.42,1.2950000000000004,232.26,210.16500000000002,3.5099999999999993,208.23500000000004,2.0400000000000005,31.796600000000005,28.827800000000003,2025-10-30 14:11:12,,,,,,,
203.47385360981116,5.414673765905604,0.02323195860782721,2025-10-30 14:14:57,,,,,,,,,,,,,,
165.7619047619048,156.17619047619044,1.638095238095238,1.4285714285714286,278.7952380952382,227.24761904761903,3.5999999999999996,208.08095238095237,2.2999999999999994,34.16328571428572,28.74966666666667,2025-10-30 14:16:26,,,,,,,
238.3670971007499,29.28846264285304,0.12355177986889924,2025-10-30 14:20:26,,,,,,,,,,,,,,
165.98499999999996,155.87,1.8299999999999996,1.5750000000000006,305.84999999999997,250.78999999999996,3.6,208.11999999999998,2.5600000000000005,31.818450000000006,29.446600000000007,2025-10-30 14:21:26,,,,,,,
275.61458352601693,37.90271636133923,0.13773232603211844,2025-10-30 14:25:42,,,,,,,,,,,,,,
164.86999999999998,154.34000000000003,1.9900000000000002,2.1899999999999995,326.42999999999995,342.035,3.680000000000001,208.17,3.08,32.43710000000001,30.430950000000003,2025-10-30 14:26:26,,,,,,,
253.41743585949206,23.463586318924285,0.08960898320161925,2025-10-30 14:30:57,,,,,,,,,,,,,,
164.24285714285716,153.70476190476188,1.6761904761904762,1.8523809523809527,280.4761904761905,291.00476190476195,3.7000000000000015,208.17142857142855,2.619047619047618,33.118904761904766,31.398619047619054,2025-10-30 14:31:42,,,,,,,
197.9245666931799,3.6097825106037362,0.01858556688626177,2025-10-30 14:36:12,,,,,,,,,,,,,,
163.95999999999998,155.21499999999997,1.4499999999999995,1.5249999999999997,243.85500000000002,242.83499999999998,3.784999999999999,207.8,2.2250000000000005,32.85915000000001,30.334100000000007,2025-10-30 14:36:42,,,,,,,
164.2084446694055,0.0,0.0,2025-10-30 14:41:42,,,,,,,,,,,,,,
163.30476190476188,155.70000000000002,1.3190476190476188,1.3142857142857145,221.14285714285714,207.35714285714286,3.7999999999999985,207.76666666666668,1.9571428571428573,32.37766666666667,29.722952380952385,2025-10-30 14:41:57,,,,,,,
163.94,154.26999999999998,1.3499999999999994,1.3599999999999994,231.50500000000002,214.65500000000003,3.815,207.72000000000003,2.0350000000000006,31.909150000000004,29.327650000000006,188.6757551654612,0.0,0.0,2025-10-30 14:46:57,,,,
163.90952380952382,154.16190476190476,1.3142857142857143,1.3333333333333337,218.4142857142857,209.2238095238095,3.9000000000000004,208.0619047619047,1.9809523809523804,31.725952380952386,29.30633333333334,2025-10-30 14:52:12,,,,,,,
173.03685567313696,0.0,0.0,2025-10-30 14:52:26,,,,,,,,,,,,,,
161.45999999999998,153.51000000000005,1.045,0.9949999999999999,175.91500000000002,161.70499999999998,3.9,207.95,1.5399999999999994,31.390400000000007,28.884150000000005,2025-10-30 14:57:12,,,,,,,
125.78383677697416,0.0,0.0,2025-10-30 14:57:42,,,,,,,,,,,,,,
161.68571428571428,153.4190476190476,1.0190476190476194,0.8190476190476191,171.92380952380958,134.10476190476192,3.9000000000000004,207.82857142857142,1.4142857142857141,30.868761904761907,28.258809523809525,2025-10-30 15:02:26,,,,,,,
116.5350252492555,0.0,0.0,2025-10-30 15:02:57,,,,,,,,,,,,,,
161.70499999999998,152.545,0.9150000000000003,0.8700000000000003,159.42000000000002,142.47,3.9850000000000003,207.86000000000004,1.3800000000000003,30.393600000000003,28.009150000000005,2025-10-30 15:07:26,,,,,,,
116.5350252492555,0.0,0.0,2025-10-30 15:08:12,,,,,,,,,,,,,,
162.67142857142858,152.64761904761903,0.8380952380952381,0.7333333333333331,148.10476190476192,124.37619047619049,4.0,207.71904761904764,1.2380952380952381,29.907428571428575,27.666428571428575,2025-10-30 15:12:42,,,,,,,
116.53502524925548,0.0,0.0,2025-10-30 15:13:42,,,,,,,,,,,,,,
163.01499999999996,153.08999999999997,0.8250000000000004,0.6799999999999998,146.385,117.07000000000001,4.0,207.46999999999997,1.2050000000000003,29.484050000000007,27.49975,2025-10-30 15:17:42,,,,,,,
112.83550063816804,0.0,0.0,2025-10-30 15:18:57,,,,,,,,,,,,,,
161.425,151.75,0.595,0.5050000000000001,109.31000000000002,91.81999999999998,4.0,207.31000000000003,0.9250000000000002,29.184150000000006,27.499700000000008,2025-10-30 15:22:42,,,,,,,
58.26751262462776,0.0,0.0,2025-10-30 15:24:26,,,,,,,,,,,,,,
158.0714285714286,150.82857142857142,0.31428571428571417,0.24285714285714294,67.21904761904764,54.05714285714286,4.0,207.25238095238097,0.6523809523809521,28.62476190476191,27.12176190476191,2025-10-30 15:27:57,,,,,,,
38.84500841641851,0.0,0.0,2025-10-30 15:29:42,,,,,,,,,,,,,,
157.57999999999998,148.375,0.2949999999999999,0.20000000000000004,63.75999999999998,45.33,4.019999999999999,207.40500000000003,0.575,28.2091,26.624650000000003,2025-10-30 15:32:57,,,,,,,
38.84500841641851,0.0,0.0,2025-10-30 15:34:57,,,,,,,,,,,,,,
158.5238095238095,149.2714285714286,0.29999999999999993,0.20000000000000004,65.52380952380952,47.20952380952381,4.099999999999999,207.44761904761899,0.5619047619047618,27.592047619047623,26.017619047619053,2025-10-30 15:38:12,,,,,,,
38.84500841641851,0.0,0.0,2025-10-30 15:40:12,,,,,,,,,,,,,,
160.5952380952381,149.23333333333335,0.29999999999999993,0.2285714285714286,68.04761904761907,53.223809523809514,4.099999999999999,207.55714285714285,0.5809523809523808,26.853857142857144,25.06233333333334,2025-10-30 15:43:26,,,,,,,
38.84500841641851,0.0,0.0,2025-10-30 15:45:27,,,,,,,,,,,,,,
160.19047619047618,148.9761904761905,0.29999999999999993,0.20000000000000004,68.6095238095238,48.15238095238096,4.099999999999999,207.36666666666665,0.5761904761904761,26.70809523809524,25.059190476190484,2025-10-30 15:48:42,,,,,,,
38.845008416418516,0.0,0.0,2025-10-30 15:50:57,,,,,,,,,,,,,,
162.0809523809524,148.87619047619052,0.2952380952380952,0.20000000000000004,70.40476190476191,48.628571428571426,4.099999999999999,207.35238095238097,0.5571428571428572,26.67819047619048,25.115952380952383,2025-10-30 15:53:57,,,,,,,
38.845008416418516,0.0,0.0,2025-10-30 15:56:26,,,,,,,,,,,,,,
161.21499999999997,147.82000000000002,0.27999999999999997,0.20000000000000004,61.8,48.515,4.1,207.45499999999998,0.57,26.590500000000002,25.159100000000002,2025-10-30 15:58:57,,,,,,,
38.84500841641851,0.0,0.0,2025-10-30 16:01:42,,,,,,,,,,,,,,
160.6571428571429,150.2666666666667,0.20000000000000004,0.20000000000000004,53.938095238095244,45.61904761904762,4.099999999999999,207.5047619047619,0.5190476190476191,26.362619047619052,25.074142857142856,2025-10-30 16:04:12,,,,,,,
38.845008416418516,0.0,0.0,2025-10-30 16:07:11,,,,,,,,,,,,,,
159.90952380952382,148.61904761904762,0.20000000000000004,0.20000000000000004,51.39047619047619,43.06666666666666,4.099999999999999,207.48571428571424,0.5095238095238095,26.21714285714286,25.044476190476196,2025-10-30 16:09:26,,,,,,,
38.84500841641851,0.0,0.0,2025-10-30 16:12:26,,,,,,,,,,,,,,
159.47619047619045,147.46190476190475,0.20000000000000004,0.20000000000000004,50.91904761904762,43.6,4.099999999999999,207.4619047619048,0.4809523809523809,26.18128571428572,25.14566666666667,2025-10-30 16:14:42,,,,,,,
38.84500841641851,-1.8048912553018681,-0.04646391721565442,2025-10-30 16:17:42,,,,,,,,,,,,,,
159.89999999999998,145.2809523809524,0.20000000000000004,0.20000000000000004,55.1952380952381,44.904761904761905,4.099999999999999,207.67142857142858,0.5333333333333333,26.14266666666667,25.116000000000003,2025-10-30 16:19:57,,,,,,,
38.84500841641851,0.0,0.0,2025-10-30 16:22:57,,,,,,,,,,,,,,
158.62500000000003,143.46500000000003,0.19000000000000006,0.17000000000000004,48.510000000000005,38.30999999999999,4.1,207.39000000000001,0.4750000000000001,26.1312,25.184150000000006,2025-10-30 16:24:57,,,,,,,
14.798098444349902,-1.8048912553018681,0.0,2025-10-30 16:28:12,,,,,,,,,,,,,,
154.21428571428572,140.3,0.10000000000000002,0.06666666666666668,35.59047619047618,24.82857142857143,4.099999999999999,207.68571428571437,0.4142857142857143,26.017619047619046,25.166476190476196,2025-10-30 16:30:11,,,,,,,
0.0,-6.891402974788951,0.0,2025-10-30 16:33:42,,,,,,,,,,,,,,
146.47,139.215,0.10000000000000002,0.0,30.505000000000003,16.845000000000002,4.125000000000002,207.34499999999997,0.38499999999999995,25.931050000000006,25.065300000000004,2025-10-30 16:35:12,,,,,,,
0.0,-20.67420892436685,0.0,2025-10-30 16:39:12,,,,,,,,,,,,,,
133.14499999999998,129.23,0.01,0.0,21.244999999999997,8.145,4.200000000000001,207.66500000000002,0.33499999999999996,25.824600000000004,24.974800000000005,2025-10-30 16:40:12,,,,,,,
0.0,-18.951358180669615,0.0,2025-10-30 16:44:42,,,,,,,,,,,,,,
134.15714285714287,140.93333333333334,0.0,0.0,12.833333333333334,4.214285714285714,4.200000000000001,207.2047619047619,0.34761904761904766,25.675285714285717,24.842000000000002,2025-10-30 16:45:26,,,,,,,
0.0,-25.268477574226154,0.0,2025-10-30 16:49:57,,,,,,,,,,,,,,
129.75238095238095,145.61904761904762,0.0,0.0,4.823809523809524,3.7809523809523804,4.200000000000001,207.64761904761906,0.33809523809523806,25.446285714285718,24.657476190476192,2025-10-30 16:50:42,,,,,,,
0.0,-29.28846264285304,0.0,2025-10-30 16:55:26,,,,,,,,,,,,,,
131.3238095238095,145.12857142857146,0.0,0.0,3.3666666666666676,3.1428571428571423,4.200000000000001,207.8380952380953,0.38095238095238093,25.25280952380952,24.613000000000003,2025-10-30 16:55:57,,,,,,,
-3.6995246110874755,-32.488042595433626,0.0,2025-10-30 17:00:42,,,,,,,,,,,,,,
139.98999999999998,142.095,0.0,0.0,2.415,2.3750000000000004,4.200000000000001,209.14499999999992,0.35500000000000004,25.165300000000006,24.624850000000002,2025-10-30 17:00:57,,,,,,,
-12.948336138806164,-28.87826008482989,0.0,2025-10-30 17:05:57,,,,,,,,,,,,,,
142.84285714285713,143.1142857142857,0.0,0.0,1.0619047619047621,1.1047619047619048,4.200000000000001,209.00476190476198,0.39047619047619053,25.041476190476196,24.571333333333335,2025-10-30 17:06:12,,,,,,,
-16.647860749893642,-36.09782510603736,0.0,2025-10-30 17:11:12,,,,,,,,,,,,,,
140.0809523809524,138.12857142857143,0.0,0.0,0.8380952380952381,0.8380952380952381,4.200000000000001,209.12380952380946,0.37142857142857144,24.89257142857143,24.479000000000003,2025-10-30 17:11:26,,,,,,,
136.12,132.60500000000002,0.0,0.0,0.28,0.28500000000000003,4.200000000000001,208.82000000000002,0.38,24.787200000000006,24.43700000000001,2025-10-30 17:16:26,,,,,,,
-31.782279613433328,-37.90271636133923,0.0,2025-10-30 17:16:42,,,,,,,,,,,,,,
126.19999999999999,121.3047619047619,0.0,0.0,0.30476190476190473,0.28095238095238095,4.200000000000001,208.94761904761907,0.34285714285714286,24.717000000000006,24.404380952380954,2025-10-30 17:21:42,,,,,,,
-35.14548380533103,-34.292933850735494,0.0,2025-10-30 17:21:57,,,,,,,,,,,,,,
