vpv1,ipv1,pv1_watt,vpv2,ipv2,pv2_watt,pac_total,freq,vac1,iac1,energia_hoy,energia_total,temp_inversor,Energìa PV1,Energìa PV2,codigo_error,irradiancia,temp1,temp2,timestamp
159.8,2.9,443.5,158.1,1.8,288.5,704.8,60.02,213.5,3.3,1.4,824.4,35.8,0.8,0.6,0,271.91505891492943,31.562,31.625,2025-06-12 08:44:53
155.2,2.9,441.2,162.6,1.8,273.7,689.8,59.97,213.6,3.3,1.4,824.4,35.8,0.8,0.6,0,271.91505891492943,31.562,31.625,2025-06-12 08:45:09
159.8,2.8,447.7,160.4,1.8,291.9,712.0,59.99,213.6,3.3,1.4,824.4,35.8,0.8,0.6,0,271.91505891492943,31.687,31.687,2025-06-12 08:45:56
155.8,2.9,446.7,160.2,1.8,292.5,709.8,59.97,213.6,3.3,1.4,824.4,35.8,0.8,0.6,0,271.91505891492943,31.625,31.687,2025-06-12 08:46:12
156.8,2.9,456.1,157.1,1.7,287.5,713.9,60.02,213.8,3.3,1.4,824.4,35.8,0.8,0.6,0,271.91505891492943,31.625,31.625,2025-06-12 08:46:58
156.7,2.9,457.5,160.2,1.8,294.1,723.5,60,213.6,3.3,1.4,824.4,35.8,0.8,0.6,0,271.91505891492943,31.562,31.5,2025-06-12 08:47:14
156.7,2.9,462.0,155.7,1.9,315.8,746.9,59.98,213.7,3.5,1.4,824.4,35.8,0.8,0.6,0,271.91505891492943,31.437,31.5,2025-06-12 08:48:01
156.7,3,464.0,155.8,2,315.8,748.4,60.02,213.7,3.5,1.4,824.4,35.8,0.8,0.6,0,271.91505891492943,31.437,31.5,2025-06-12 08:48:17
153.9,3,468.1,164.7,1.6,266.4,706.9,60,213.5,3.3,1.4,824.4,35.9,0.8,0.6,0,271.91505891492943,31.312,31.312,2025-06-12 08:49:03
156.9,3,471.3,164.7,1.5,250.2,694.9,59.99,213.5,3.3,1.4,824.4,35.9,0.8,0.6,0,271.91505891492943,31.812,31.812,2025-06-12 08:49:19
156.7,3.1,475.8,155.1,1.3,224.4,674.2,59.99,213.6,3.1,1.4,824.4,35.9,0.8,0.6,0,271.91505891492943,31.375,31.375,2025-06-12 08:50:06
159.8,3.1,479.4,153.4,1.6,233.3,685.8,60.02,213.7,3.3,1.4,824.4,35.9,0.8,0.6,0,271.91505891492943,31.312,31.312,2025-06-12 08:50:22
154.3,3.2,492.4,142.9,2.1,304.4,763.4,60.02,213.8,3.5,1.4,824.4,36,0.8,0.6,0,271.91505891492943,31.0,31.0,2025-06-12 08:51:08
159.8,3.1,498.6,151.4,2.2,328.8,792.7,60.03,214,3.7,1.4,824.4,36,0.8,0.6,0,271.91505891492943,31.0,31.0,2025-06-12 08:51:24
154.6,3.2,497.4,156.5,2.1,332.2,795.3,59.99,213.9,3.7,1.5,824.5,36.1,0.8,0.6,0,310.76006733134795,30.875,30.937,2025-06-12 08:52:11
159.2,3.2,496.5,155.5,2.1,335.7,799.4,60.03,213.9,3.7,1.5,824.5,36.1,0.8,0.6,0,271.91505891492943,30.937,31.0,2025-06-12 08:52:27
155.9,3.2,502.3,156.6,2.1,337.0,809.7,60.02,214,3.8,1.5,824.5,36.2,0.8,0.6,0,310.76006733134795,31.062,31.062,2025-06-12 08:53:13
156.9,3.3,508.5,155.8,2.1,338.3,812.5,60.03,214,3.8,1.5,824.5,36.3,0.8,0.6,0,310.76006733134795,31.062,31.062,2025-06-12 08:53:29
157,3.3,514.0,155.6,2.2,340.0,818.5,60.01,214,3.7,1.5,824.5,36.3,0.8,0.6,0,310.76006733134795,31.25,31.25,2025-06-12 08:54:15
156.5,3.3,515.8,155.9,2.1,338.1,812.6,59.98,214.1,3.8,1.5,824.5,36.4,0.8,0.6,0,310.76006733134795,31.187,31.187,2025-06-12 08:54:32
159.7,3.3,518.1,153.2,2.2,338.7,821.8,60.02,214,3.9,1.5,824.5,36.4,0.8,0.6,0,310.76006733134795,31.0,31.0,2025-06-12 08:55:18
157.1,3.4,523.0,156,2.2,340.5,827.4,60.01,214,3.9,1.5,824.5,36.5,0.8,0.7,0,310.76006733134795,31.0,31.0,2025-06-12 08:55:34
156.9,3.4,532.9,155.6,2.2,349.2,844.2,59.99,214.1,3.9,1.5,824.5,36.6,0.8,0.7,0,310.76006733134795,30.812,30.812,2025-06-12 08:56:20
156.8,3.4,535.7,155.8,2.2,350.3,849.4,60.02,214,3.9,1.5,824.5,36.6,0.9,0.7,0,310.76006733134795,30.875,30.875,2025-06-12 08:56:36
156.7,3.5,543.7,155.8,2.2,352.7,856.1,60,213.7,4,1.5,824.5,36.6,0.9,0.7,0,310.76006733134795,31.187,31.187,2025-06-12 08:57:23
159.4,3.4,542.4,153,2.3,351.9,857.0,60,213.8,4.1,1.5,824.5,36.6,0.9,0.7,0,310.76006733134795,31.312,31.312,2025-06-12 08:57:39
156.3,3.5,548.1,156.6,2.3,357.4,867.2,59.97,213.8,4.1,1.5,824.5,36.7,0.9,0.7,0,310.76006733134795,31.562,31.625,2025-06-12 08:58:25
157.4,3.6,550.8,155.4,2.3,359.5,870.7,59.99,213.8,4.1,1.5,824.5,36.7,0.9,0.7,0,349.6050757477664,31.687,31.687,2025-06-12 08:58:41
156.8,3.6,563.9,155.8,2.4,368.6,892.5,60.04,214,4.2,1.6,824.6,36.8,0.9,0.7,0,310.76006733134795,31.812,31.812,2025-06-12 08:59:28
156.9,3.6,564.9,156.3,2.3,370.4,893.8,60.03,213.9,4.1,1.6,824.6,36.9,0.9,0.7,0,349.6050757477664,31.875,31.875,2025-06-12 08:59:44
158.6,3.5,567.4,155.8,2.4,373.2,899.2,60.02,213.9,4.2,1.6,824.6,37,0.9,0.7,0,349.6050757477664,32.0,32.062,2025-06-12 09:00:30
154.3,3.6,558.1,155.7,2.4,373.8,891.5,59.99,213.8,4.2,1.6,824.6,37,0.9,0.7,0,349.6050757477664,32.062,32.062,2025-06-12 09:00:46
158.1,3.6,556.4,154.7,2.4,370.6,898.7,59.98,213.7,4.2,1.6,824.6,37.1,0.9,0.7,0,349.6050757477664,32.125,32.125,2025-06-12 09:01:33
156.7,3.6,563.6,158.5,2.4,372.7,896.0,60.04,213.7,4.2,1.6,824.6,37.1,0.9,0.7,0,349.6050757477664,32.125,32.187,2025-06-12 09:01:49
156.7,3.6,559.1,155.8,2.4,375.2,893.1,59.99,213.6,4.1,1.6,824.6,37.2,0.9,0.7,0,349.6050757477664,32.25,32.25,2025-06-12 09:02:35
156.9,3.4,557.2,155.7,2.4,374.5,890.6,59.99,213.7,4.1,1.6,824.6,37.2,0.9,0.7,0,349.6050757477664,32.25,32.25,2025-06-12 09:02:51
153.7,3.5,545.5,155.6,2.4,373.3,877.5,60,212.5,4.1,1.6,824.6,37.2,0.9,0.7,0,310.76006733134795,32.375,32.375,2025-06-12 09:03:38
159.8,3.5,541.8,155.8,2.3,370.1,877.7,60.01,212.2,4.1,1.6,824.6,37.3,0.9,0.7,0,310.76006733134795,32.375,32.375,2025-06-12 09:03:54
156.8,3.5,548.5,152.9,2.4,365.6,873.4,59.97,212.3,4.1,1.6,824.6,37.3,0.9,0.7,0,349.6050757477664,32.312,32.312,2025-06-12 09:04:40
156.9,3.5,549.6,156.2,2.4,366.7,876.7,59.99,212.3,4.1,1.6,824.6,37.4,0.9,0.7,0,310.76006733134795,32.312,32.312,2025-06-12 09:04:56
156.8,3.4,546.1,155.8,2.3,367.9,872.5,60.01,212.3,4.1,1.6,824.6,37.4,0.9,0.7,0,310.76006733134795,32.375,32.437,2025-06-12 09:05:43
154,3.5,542.2,155.7,2.3,367.0,870.4,60.02,212.3,4.1,1.7,824.7,37.4,0.9,0.7,0,349.6050757477664,32.437,32.437,2025-06-12 09:05:58
159.7,3.5,531.2,157.4,2.2,365.3,858.0,60,212.4,4.1,1.7,824.7,37.4,0.9,0.7,0,310.76006733134795,32.375,32.375,2025-06-12 09:06:45
156.5,3.5,536.0,153.2,2.3,364.1,860.7,59.99,212.4,4.1,1.7,824.7,37.4,0.9,0.7,0,310.76006733134795,32.437,32.437,2025-06-12 09:07:01
156.7,3.5,543.7,157.2,2.3,358.4,862.9,60.02,212.5,4.1,1.7,824.7,37.4,1.0,0.7,0,310.76006733134795,32.562,32.562,2025-06-12 09:07:48
156.8,3.5,544.7,155.3,2.3,360.4,870.1,60.01,212.6,4,1.7,824.7,37.4,1.0,0.7,0,349.6050757477664,32.562,32.562,2025-06-12 09:08:03
155.1,3.5,546.1,155.8,2.3,366.2,873.7,60,212.7,4.1,1.7,824.7,37.4,1.0,0.7,0,310.76006733134795,32.625,32.625,2025-06-12 09:08:50
158.4,3.4,535.3,155.8,2.3,366.6,863.4,59.99,212.7,4.1,1.7,824.7,37.5,1.0,0.7,0,310.76006733134795,32.625,32.625,2025-06-12 09:09:06
155.1,3.5,539.2,154.4,2.3,366.4,865.2,60.01,212.3,4.1,1.7,824.7,37.4,1.0,0.7,0,349.6050757477664,32.687,32.687,2025-06-12 09:09:52
156.8,3.5,546.5,158.8,2.3,359.1,867.4,60.01,212.3,4.1,1.7,824.7,37.5,1.0,0.7,0,349.6050757477664,32.75,32.75,2025-06-12 09:10:08
156.8,3.5,546.2,155.7,2.3,365.0,872.1,60,212.3,4.1,1.7,824.7,37.5,1.0,0.7,0,349.6050757477664,32.812,32.812,2025-06-12 09:10:55
156.7,3.5,546.5,155.8,2.3,366.5,873.3,60.02,211.5,4.1,1.7,824.7,37.5,1.0,0.7,0,310.76006733134795,32.75,32.75,2025-06-12 09:11:11
159.7,3.3,536.0,155.8,2.3,367.6,864.8,59.99,212.1,4.1,1.7,824.7,37.6,1.0,0.8,0,349.6050757477664,32.75,32.75,2025-06-12 09:11:57
153.9,3.5,537.1,155.8,2.3,367.2,864.8,60.02,212.1,4.1,1.7,824.7,37.6,1.0,0.8,0,349.6050757477664,32.75,32.812,2025-06-12 09:12:13
156.8,3.5,536.8,158.9,2.3,361.5,860.0,60.01,212.5,4.1,1.8,824.8,37.7,1.0,0.8,0,310.76006733134795,32.812,32.812,2025-06-12 09:13:00
156.8,3.5,541.3,155.2,2.3,362.5,864.6,59.97,212.3,4.1,1.8,824.8,37.7,1.0,0.8,0,310.76006733134795,32.75,32.75,2025-06-12 09:13:16
156.8,3.5,538.1,155.6,2.3,363.1,862.6,60.02,212.5,4,1.8,824.8,37.8,1.0,0.8,0,349.6050757477664,32.687,32.687,2025-06-12 09:14:02
158.6,3.3,534.1,155.8,2.3,366.1,862.8,59.97,212.3,4,1.8,824.8,37.8,1.0,0.8,0,310.76006733134795,32.562,32.562,2025-06-12 09:14:18
153.7,3.4,527.8,154.1,2.3,365.4,853.3,60.02,212.4,4.1,1.8,824.8,38,1.0,0.8,0,310.76006733134795,32.687,32.687,2025-06-12 09:15:05
158.1,3.4,522.4,157.5,2.2,365.5,850.7,60.04,212.5,4,1.8,824.8,38,1.0,0.8,0,310.76006733134795,32.75,32.75,2025-06-12 09:15:21
156.8,3.4,533.3,154.5,2.3,362.6,857.3,60.04,212.3,4.1,1.8,824.8,38,1.0,0.8,0,310.76006733134795,32.875,32.875,2025-06-12 09:16:07
156.8,3.4,533.6,157.1,2.3,360.8,856.1,60,212.2,4.1,1.8,824.8,37.9,1.0,0.8,0,310.76006733134795,32.875,32.875,2025-06-12 09:16:23
157.6,3.2,530.0,155.8,2.3,366.3,858.3,59.99,212,4,1.8,824.8,38,1.0,0.8,0,310.76006733134795,32.812,32.875,2025-06-12 09:17:10
155,3.4,529.4,155.7,2.3,366.4,849.1,60.02,212.1,4,1.8,824.8,38,1.0,0.8,0,310.76006733134795,32.875,32.875,2025-06-12 09:17:26
159.2,3.4,513.7,156.6,2.2,366.6,845.0,59.98,212.2,4,1.8,824.8,38.1,1.0,0.8,0,310.76006733134795,32.937,32.937,2025-06-12 09:18:12
156.8,3.4,528.2,152.9,2.3,363.0,851.7,60.03,212.3,4.1,1.8,824.8,38.1,1.0,0.8,0,310.76006733134795,32.937,33.0,2025-06-12 09:18:28
156.8,3.4,531.9,158.3,2.4,366.1,858.9,59.99,212,4.1,1.8,824.8,38.1,1.1,0.8,0,310.76006733134795,33.125,33.125,2025-06-12 09:19:15
156.8,3.3,532.6,155.9,2.4,368.2,862.3,59.99,212.3,4,1.8,824.8,38.1,1.1,0.8,0,310.76006733134795,33.125,33.125,2025-06-12 09:19:30
153.6,3.4,530.6,155.7,2.4,372.4,864.1,60,212.4,4.1,1.9,824.9,38.2,1.1,0.8,0,310.76006733134795,33.187,33.187,2025-06-12 09:20:17
159.7,3.4,528.0,155.8,2.3,373.6,864.6,60.03,212.4,4.1,1.9,824.9,38.2,1.1,0.8,0,310.76006733134795,33.187,33.25,2025-06-12 09:20:33
157.1,3.5,544.0,152.7,2.4,373.5,877.1,60,212.2,4.2,1.9,824.9,38.2,1.1,0.8,0,349.6050757477664,33.312,33.312,2025-06-12 09:21:20
156.7,3.5,546.6,158.8,2.4,372.2,882.6,59.98,212.3,4.2,1.9,824.9,38.2,1.1,0.8,0,349.6050757477664,33.312,33.312,2025-06-12 09:21:35
156.8,3.6,559.7,156.1,2.5,384.2,901.6,60.03,212.4,4.2,1.9,824.9,38.2,1.1,0.8,0,349.6050757477664,33.437,33.437,2025-06-12 09:22:22
154.9,3.6,562.8,155.8,2.5,388.1,908.2,60.02,212.6,4.2,1.9,824.9,38.1,1.1,0.8,0,349.6050757477664,33.437,33.437,2025-06-12 09:22:38
159.3,3.5,571.0,155.8,2.4,396.5,913.6,59.96,212.5,4.3,1.9,824.9,38.1,1.1,0.8,0,349.6050757477664,33.5,33.5,2025-06-12 09:23:24
155.4,3.7,570.6,154.1,2.5,397.5,922.8,59.95,212.5,4.3,1.9,824.9,38.1,1.1,0.8,0,349.6050757477664,33.562,33.562,2025-06-12 09:23:40
156.8,3.8,591.6,158.3,2.6,396.8,943.5,59.99,212.4,4.4,1.9,824.9,38.2,1.1,0.8,0,349.6050757477664,33.562,33.562,2025-06-12 09:24:27
156.8,3.8,594.9,154.3,2.6,401.8,949.7,59.99,212.7,4.4,1.9,824.9,38.2,1.1,0.8,0,349.6050757477664,33.5,33.5,2025-06-12 09:24:43
156.7,3.9,603.6,155.8,2.6,411.7,969.2,59.98,212.6,4.4,1.9,824.9,38.3,1.1,0.8,0,388.4500841641849,33.625,33.625,2025-06-12 09:25:29
157.5,3.7,607.4,155.9,2.6,414.3,964.5,59.97,212.6,4.4,1.9,824.9,38.3,1.1,0.8,0,388.4500841641849,33.625,33.625,2025-06-12 09:25:45
153.9,4,606.7,155.7,2.7,419.9,978.7,60.03,212.6,4.5,2.0,825.0,38.4,1.1,0.8,0,349.6050757477664,33.5,33.5,2025-06-12 09:26:32
159.4,4,614.8,158.8,2.6,415.7,983.1,60,212.4,4.5,2.0,825.0,38.4,1.1,0.8,0,388.4500841641849,33.5,33.5,2025-06-12 09:26:48
156.8,4,625.7,153,2.7,419.2,1000.3,60.01,212.7,4.7,2.0,825.0,38.5,1.1,0.8,0,388.4500841641849,33.5,33.5,2025-06-12 09:27:34
156.8,4,629.2,155.8,2.7,424.1,1005.2,59.98,212.7,4.7,2.0,825.0,38.6,1.1,0.9,0,388.4500841641849,33.5,33.562,2025-06-12 09:27:50
156.9,3.9,632.4,155.8,2.8,431.3,1011.9,59.99,212.8,4.6,2.0,825.0,38.6,1.1,0.9,0,388.4500841641849,33.687,33.687,2025-06-12 09:28:37
153.5,4.1,629.6,155.8,2.7,430.2,1010.8,59.96,212.8,4.6,2.0,825.0,38.6,1.1,0.9,0,388.4500841641849,33.687,33.75,2025-06-12 09:28:53
157.8,4.1,616.9,158.1,2.6,426.2,995.1,59.97,212.5,4.6,2.0,825.0,38.6,1.2,0.9,0,388.4500841641849,33.812,33.812,2025-06-12 09:29:39
157,4.1,629.8,152.6,2.7,425.6,1007.3,59.99,212.6,4.7,2.0,825.0,38.6,1.2,0.9,0,388.4500841641849,33.875,33.875,2025-06-12 09:29:55
156.8,4.1,638.5,156.7,2.7,423.2,1012.4,59.96,212.4,4.7,2.0,825.0,38.6,1.2,0.9,0,388.4500841641849,34.0,34.0,2025-06-12 09:30:42
156.8,3.9,639.6,155.8,2.8,431.0,1020.1,59.96,212.4,4.6,2.0,825.0,38.6,1.2,0.9,0,388.4500841641849,34.0,34.0,2025-06-12 09:30:58
154.6,4.2,645.4,155.8,2.8,435.2,1028.8,59.97,212.3,4.7,2.0,825.0,38.7,1.2,0.9,0,388.4500841641849,34.125,34.125,2025-06-12 09:31:44
159.6,4.1,625.1,156.1,2.7,435.9,1011.2,59.97,212.3,4.8,2.0,825.0,38.7,1.2,0.9,0,388.4500841641849,34.187,34.187,2025-06-12 09:32:00
155.4,4.3,661.1,153.9,2.9,439.8,1051.5,59.96,212.4,4.9,2.1,825.1,38.8,1.2,0.9,0,427.2950925806034,34.312,34.312,2025-06-12 09:32:47
156.8,4.4,674.4,158.7,2.9,445.5,1065.8,59.98,212.5,5,2.1,825.1,38.8,1.2,0.9,0,427.2950925806034,34.375,34.312,2025-06-12 09:33:02
154,4.9,747.3,158.9,3.1,481.9,1167.0,59.96,212.6,5.6,2.1,825.1,38.8,1.2,0.9,0,466.14010099702193,34.0,34.0,2025-06-12 09:33:49
155.3,5,766.7,155.8,3.1,501.0,1202.2,59.98,212.9,5.6,2.1,825.1,38.9,1.2,0.9,0,504.9851094134404,34.062,34.062,2025-06-12 09:34:05
152.5,4.8,732.0,155.7,3.1,486.1,1156.5,59.98,212.8,5.4,2.1,825.1,39,1.2,0.9,0,466.14010099702193,34.437,34.437,2025-06-12 09:34:52
158.2,4.7,715.7,155.9,3.1,477.0,1132.1,59.99,212.8,5.3,2.1,825.1,39,1.2,0.9,0,466.14010099702193,34.437,34.5,2025-06-12 09:35:07
155.3,4.4,682.4,155.7,2.8,455.7,1081.6,60.02,212.9,5,2.1,825.1,39.1,1.2,0.9,0,427.2950925806034,34.75,34.75,2025-06-12 09:35:54
155.4,4.3,671.0,153.2,2.9,445.9,1062.9,60.02,212.9,4.9,2.1,825.1,39,1.2,0.9,0,427.2950925806034,34.75,34.812,2025-06-12 09:36:10
155.3,4.1,655.7,158.8,2.8,430.9,1033.0,60.02,212.8,4.8,2.1,825.1,39.1,1.2,0.9,0,427.2950925806034,34.937,34.875,2025-06-12 09:36:56
152.8,4.2,645.8,155.3,2.8,436.7,1031.6,60,212.7,4.8,2.1,825.1,39.1,1.2,0.9,0,427.2950925806034,34.937,34.937,2025-06-12 09:37:12
156.9,4.2,629.9,155.8,2.8,438.6,1017.8,60,212.4,4.8,2.2,825.2,39.2,1.3,0.9,0,388.4500841641849,34.5,34.5,2025-06-12 09:37:59
154.7,4.2,637.1,155.8,2.8,439.6,1025.6,60.02,212.5,4.8,2.2,825.2,39.2,1.3,0.9,0,388.4500841641849,34.187,34.187,2025-06-12 09:38:15
155.3,4.2,652.4,153.9,2.9,444.6,1041.6,59.98,212.5,4.9,2.2,825.2,39.3,1.3,0.9,0,388.4500841641849,33.812,33.812,2025-06-12 09:39:01
155.3,4.2,658.3,158.6,2.8,434.8,1043.2,59.99,212.5,4.8,2.2,825.2,39.4,1.3,0.9,0,388.4500841641849,33.812,33.812,2025-06-12 09:39:17
153.5,4.4,670.8,154.7,2.9,447.0,1063.5,60.02,212.8,4.9,2.2,825.2,39.5,1.3,0.9,0,427.2950925806034,34.125,34.125,2025-06-12 09:40:04
158.2,4.2,656.5,155.9,2.9,453.3,1057.6,60.01,212.9,5,2.2,825.2,39.5,1.3,0.9,0,427.2950925806034,34.25,34.25,2025-06-12 09:40:20
154,4.5,681.7,155.8,3,465.7,1090.5,60.02,212.9,5.1,2.2,825.2,39.5,1.3,1.0,0,427.2950925806034,34.5,34.562,2025-06-12 09:41:06
155.2,4.5,699.0,155.7,3,470.0,1110.8,60.04,212.9,5.1,2.2,825.2,39.6,1.3,1.0,0,427.2950925806034,34.562,34.625,2025-06-12 09:41:22
155.3,4.6,710.5,156.8,2.9,463.6,1118.6,60.01,213,5.1,2.2,825.2,39.7,1.3,1.0,0,427.2950925806034,34.875,34.875,2025-06-12 09:42:09
155.3,4.7,716.4,153.1,3.1,469.3,1126.7,60.02,212.9,5.2,2.2,825.2,39.7,1.3,1.0,0,427.2950925806034,34.937,34.937,2025-06-12 09:42:25
158.1,4.7,743.5,155.8,3.2,498.9,1180.3,60.05,212.9,5.5,2.2,825.2,39.8,1.3,1.0,0,466.14010099702193,35.125,35.125,2025-06-12 09:43:11
152.4,4.9,744.8,155.7,3.2,498.4,1185.8,60.04,212.9,5.6,2.3,825.3,39.8,1.3,1.0,0,466.14010099702193,35.125,35.187,2025-06-12 09:43:27
155.4,4.8,734.0,155.8,3.2,491.3,1163.7,60.04,212.4,5.4,2.3,825.3,39.9,1.3,1.0,0,466.14010099702193,35.312,35.375,2025-06-12 09:44:14
155.3,4.7,728.8,158.1,3,484.2,1153.2,60.03,212.4,5.3,2.3,825.3,39.9,1.3,1.0,0,466.14010099702193,35.375,35.375,2025-06-12 09:44:30
155.3,4.8,736.7,152.9,3.1,487.1,1161.9,60.02,212.7,5.4,2.3,825.3,40,1.3,1.0,0,466.14010099702193,35.0,35.0,2025-06-12 09:45:16
157.1,4.5,730.6,156.6,3.1,481.8,1152.4,60.01,212.7,5.3,2.3,825.3,40,1.3,1.0,0,466.14010099702193,35.062,35.125,2025-06-12 09:45:32
152.2,4.8,715.1,156,3.1,484.9,1141.3,60.05,212.2,5.4,2.3,825.3,40.1,1.3,1.0,0,466.14010099702193,35.125,35.125,2025-06-12 09:46:18
154.2,4.7,713.3,155.8,3.1,481.9,1136.7,60.04,212.5,5.3,2.3,825.3,40.1,1.4,1.0,0,466.14010099702193,35.125,35.25,2025-06-12 09:46:35
153.8,4.7,713.6,157.4,2.9,480.7,1134.1,60.03,212.6,5.2,2.3,825.3,40.1,1.4,1.0,0,466.14010099702193,35.562,35.562,2025-06-12 09:47:21
153.8,4.6,713.2,153.5,3.1,475.7,1128.0,60.02,212.6,5.3,2.3,825.3,40.1,1.4,1.0,0,466.14010099702193,35.562,35.562,2025-06-12 09:47:37
151.8,4.6,706.6,157.4,3.1,463.6,1112.4,60.04,212.7,5.2,2.3,825.3,40.1,1.4,1.0,0,466.14010099702193,35.687,35.687,2025-06-12 09:48:23
155.8,4.6,692.2,155.8,3,473.6,1108.4,60.05,212.4,5.2,2.4,825.4,40.1,1.4,1.0,0,466.14010099702193,35.75,35.75,2025-06-12 09:48:39
152.8,4.5,684.6,155.8,3,470.7,1097.3,60.02,212.6,5.1,2.4,825.4,40.2,1.4,1.0,0,466.14010099702193,35.687,35.687,2025-06-12 09:49:26
153.8,4.5,693.8,155.8,2.9,471.3,1105.9,60.03,212.3,5.1,2.4,825.4,40.2,1.4,1.0,0,427.2950925806034,35.75,35.75,2025-06-12 09:49:42
153.8,4.6,703.3,154.1,3.1,473.3,1117.4,60.03,212.6,5.2,2.4,825.4,40.3,1.4,1.0,0,466.14010099702193,35.687,35.687,2025-06-12 09:50:28
153.8,4.7,713.4,158.8,3.1,471.7,1124.6,60.03,212.4,5.3,2.4,825.4,40.3,1.4,1.0,0,466.14010099702193,35.625,35.625,2025-06-12 09:50:44
156.8,4.7,730.0,155.8,3.2,497.6,1164.7,59.99,212.6,5.5,2.4,825.4,40.3,1.4,1.0,0,466.14010099702193,35.75,35.75,2025-06-12 09:51:31
150.9,4.9,729.4,155.7,3.2,500.6,1166.0,59.98,212.8,5.5,2.4,825.4,40.3,1.4,1.0,0,466.14010099702193,35.75,35.812,2025-06-12 09:51:47
153.6,4.9,744.5,155.7,3.2,503.9,1184.1,59.98,212.9,5.4,2.4,825.4,40.3,1.4,1.0,0,466.14010099702193,35.812,35.812,2025-06-12 09:52:33
153.8,4.9,747.7,153.1,3.2,499.9,1184.1,59.99,213,5.5,2.4,825.4,40.4,1.4,1.0,0,466.14010099702193,35.812,35.812,2025-06-12 09:52:49
153.8,5,760.2,158.7,3.2,495.6,1193.3,60,213,5.5,2.4,825.4,40.5,1.4,1.1,0,504.9851094134404,35.687,35.687,2025-06-12 09:53:36
155.8,4.8,759.7,155.5,3.2,503.1,1199.1,60,212.9,5.5,2.5,825.5,40.6,1.4,1.1,0,504.9851094134404,35.687,35.5,2025-06-12 09:53:52
150.8,4.8,734.1,155.9,3.2,491.5,1163.8,60.02,213,5.5,2.5,825.5,40.7,1.4,1.1,0,466.14010099702193,35.5,35.5,2025-06-12 09:54:38
154.9,4.8,724.6,155.8,3.1,492.2,1155.1,60.04,213.1,5.4,2.5,825.5,40.7,1.5,1.1,0,466.14010099702193,35.5,35.562,2025-06-12 09:54:54
154,4.6,694.2,153.9,3,470.6,1110.8,60.03,213.1,5.1,2.5,825.5,40.7,1.5,1.1,0,466.14010099702193,35.375,35.375,2025-06-12 09:55:41
153.8,4.6,707.8,157.5,2.9,472.5,1122.7,60.03,213.1,5.2,2.5,825.5,40.8,1.5,1.1,0,466.14010099702193,35.187,35.187,2025-06-12 09:55:57
153.8,4.7,720.7,154.7,3.1,476.9,1138.7,59.98,212.8,5.3,2.5,825.5,40.9,1.5,1.1,0,466.14010099702193,35.25,35.25,2025-06-12 09:56:43
153.8,4.5,695.9,157.2,3,468.5,1105.3,60,212.9,5.1,2.5,825.5,40.9,1.5,1.1,0,466.14010099702193,35.25,35.25,2025-06-12 09:56:59
154.8,4.1,663.8,155.7,2.9,451.3,1061.0,60,212.8,4.8,2.5,825.5,40.9,1.5,1.1,0,427.2950925806034,35.187,35.187,2025-06-12 09:57:46
151.1,4.4,655.8,155.7,2.9,452.2,1053.3,60.03,212.8,4.9,2.5,825.5,40.9,1.5,1.1,0,427.2950925806034,35.125,35.125,2025-06-12 09:58:02
156,4.4,660.1,156.8,2.7,455.7,1063.1,60,212.9,4.9,2.5,825.5,40.9,1.5,1.1,0,427.2950925806034,35.062,35.062,2025-06-12 09:58:48
153.7,4.4,674.9,153.1,2.9,452.1,1071.1,59.99,213.1,5,2.5,825.5,40.9,1.5,1.1,0,427.2950925806034,35.0,35.0,2025-06-12 09:59:04
153.8,4.4,676.1,156.5,2.7,440.2,1063.8,60.03,213.1,4.9,2.6,825.6,41,1.5,1.1,0,427.2950925806034,35.25,35.312,2025-06-12 09:59:50
153.8,4.3,685.9,155.9,3,458.1,1088.8,59.99,213.2,5,2.6,825.6,41,1.5,1.1,0,466.14010099702193,35.375,35.375,2025-06-12 10:00:06
150.8,4.7,705.5,152.9,3.1,467.3,1114.6,59.98,213.2,5.2,2.6,825.6,41.1,1.5,1.1,0,466.14010099702193,35.375,35.375,2025-06-12 10:00:53
156.8,4.7,712.7,155.8,2.8,468.9,1126.1,60,213.3,5.2,2.6,825.6,41.1,1.5,1.1,0,466.14010099702193,35.187,35.187,2025-06-12 10:01:09
156.6,4.5,702.0,155.8,3,466.3,1110.4,60,213.3,5.1,2.6,825.6,41.2,1.5,1.1,0,466.14010099702193,35.25,35.312,2025-06-12 10:01:55
153.3,4.6,695.1,155.8,3,465.7,1108.1,60.04,213.3,5.2,2.6,825.6,41.2,1.5,1.1,0,466.14010099702193,35.437,35.437,2025-06-12 10:02:11
153.9,4.9,744.8,155.9,3.1,482.0,1164.3,60.01,213.4,5.5,2.6,825.6,41.3,1.5,1.1,0,504.9851094134404,35.687,35.687,2025-06-12 10:02:58
153.9,5,768.8,152.9,3.2,494.9,1200.0,60,213.5,5.6,2.6,825.6,41.3,1.5,1.1,0,504.9851094134404,35.812,35.812,2025-06-12 10:03:14
153.8,5.1,774.4,158.6,3.2,486.8,1200.6,60,213.2,5.6,2.6,825.6,41.5,1.6,1.1,0,504.9851094134404,35.687,35.75,2025-06-12 10:04:00
155.3,5.1,796.4,155,3.3,511.0,1241.4,59.98,213.4,5.8,2.6,825.6,41.6,1.6,1.1,0,504.9851094134404,35.812,35.812,2025-06-12 10:04:16
151.2,6.1,920.8,156,3.7,590.7,1431.7,60.01,213.9,6.5,2.7,825.7,41.8,1.6,1.1,0,621.5201346626959,36.0,36.0,2025-06-12 10:05:03
155.5,5.7,868.6,155.8,3.5,558.0,1351.0,59.99,213.9,6.2,2.7,825.7,41.9,1.6,1.1,0,582.6751262462774,36.125,36.187,2025-06-12 10:05:19
154.4,5.3,803.4,153.4,3.3,517.2,1254.3,59.98,213.7,5.7,2.7,825.7,41.9,1.6,1.2,0,504.9851094134404,36.562,36.562,2025-06-12 10:06:05
153.6,4.9,752.8,157.3,3,479.7,1172.5,60,213.6,5.4,2.7,825.7,41.9,1.6,1.2,0,504.9851094134404,36.562,36.625,2025-06-12 10:06:21
152.8,4.4,686.9,151.9,2.9,450.4,1081.6,60.01,213.5,5,2.7,825.7,41.7,1.6,1.2,0,427.2950925806034,36.562,36.562,2025-06-12 10:07:08
152.4,4.5,675.8,154.4,2.9,447.2,1068.7,59.99,213.5,4.9,2.7,825.7,41.6,1.6,1.2,0,427.2950925806034,36.375,36.312,2025-06-12 10:07:24
155.1,4.3,648.7,154.4,2.8,435.7,1033.0,59.97,213.3,4.8,2.7,825.7,41.5,1.6,1.2,0,427.2950925806034,36.312,36.312,2025-06-12 10:08:10
155.3,4.1,638.9,154.3,2.8,431.8,1020.7,60,213.2,4.7,2.7,825.7,41.4,1.6,1.2,0,427.2950925806034,36.187,36.25,2025-06-12 10:08:26
152.5,4,614.5,157.3,2.6,416.4,983.8,60.01,213.2,4.5,2.7,825.7,41.3,1.6,1.2,0,388.4500841641849,35.875,35.875,2025-06-12 10:09:13
152.3,3.9,607.8,151.4,2.7,416.0,977.7,60.03,213.2,4.5,2.7,825.7,41.2,1.6,1.2,0,388.4500841641849,35.75,35.75,2025-06-12 10:09:29
157.7,3.6,584.6,154.6,2.7,407.0,948.9,60.04,212.9,4.3,2.8,825.8,41.2,1.6,1.2,0,388.4500841641849,35.875,35.937,2025-06-12 10:10:15
155.3,3.9,592.8,154.5,2.7,412.8,959.8,60.03,213.2,4.4,2.8,825.8,41.2,1.6,1.2,0,388.4500841641849,36.0,36.0,2025-06-12 10:10:31
155.3,3.8,589.6,154.3,2.6,412.1,956.6,60.01,213.2,4.4,2.8,825.8,41.2,1.6,1.2,0,388.4500841641849,36.0,36.0,2025-06-12 10:11:17
155.3,3.8,589.8,155.6,2.5,411.8,957.1,59.99,213.2,4.3,2.8,825.8,41.2,1.6,1.2,0,388.4500841641849,36.0,36.0,2025-06-12 10:11:33
155.3,3.9,596.2,151.7,2.7,413.2,963.3,60.02,213.4,4.5,2.8,825.8,41.1,1.7,1.2,0,388.4500841641849,36.125,36.187,2025-06-12 10:12:20
156.1,3.6,598.4,156.3,2.7,408.4,962.1,60.01,213.4,4.4,2.8,825.8,41.1,1.7,1.2,0,388.4500841641849,36.125,36.062,2025-06-12 10:12:36
152.8,4,612.1,154.1,2.8,426.3,987.3,60.02,213.2,4.6,2.8,825.8,41.1,1.7,1.2,0,388.4500841641849,36.187,36.187,2025-06-12 10:13:22
157.6,4,596.3,154.4,2.8,428.9,977.8,59.98,213.2,4.7,2.8,825.8,41,1.7,1.2,0,388.4500841641849,36.25,36.25,2025-06-12 10:13:38
155.3,4.2,644.3,154.8,2.7,440.5,1034.4,59.98,213.1,4.8,2.8,825.8,41,1.7,1.2,0,427.2950925806034,35.875,35.875,2025-06-12 10:14:25
155.3,4.2,645.3,153.5,2.9,441.2,1030.7,60,213.1,4.8,2.8,825.8,41,1.7,1.2,0,427.2950925806034,35.75,35.812,2025-06-12 10:14:41
155.5,4,653.6,157.1,2.9,435.9,1038.6,59.98,213,4.7,2.8,825.8,41,1.7,1.2,0,427.2950925806034,36.062,36.062,2025-06-12 10:15:27
154.8,4.3,651.4,154.7,2.9,443.9,1043.6,59.99,213,4.9,2.9,825.9,41,1.7,1.2,0,427.2950925806034,36.062,36.062,2025-06-12 10:15:43
158.1,4.3,642.4,154.4,2.9,450.6,1043.3,60.04,213.4,4.9,2.9,825.9,40.9,1.7,1.2,0,427.2950925806034,35.375,35.375,2025-06-12 10:16:30
155.4,4.3,662.6,154.4,2.9,451.3,1060.7,60.02,213.5,4.9,2.9,825.9,40.9,1.7,1.2,0,427.2950925806034,35.187,35.25,2025-06-12 10:16:46
155.4,4.3,660.5,154.4,2.9,451.3,1058.2,60,213.5,4.9,2.9,825.9,40.8,1.7,1.2,0,427.2950925806034,35.562,35.625,2025-06-12 10:17:32
155.3,4.3,662.4,157.1,2.9,445.4,1055.3,60.03,213.6,4.8,2.9,825.9,40.8,1.7,1.2,0,427.2950925806034,35.687,35.687,2025-06-12 10:17:48
155.4,4.3,654.7,154.4,2.9,445.3,1047.4,59.97,213.6,4.8,2.9,825.9,40.8,1.7,1.2,0,427.2950925806034,35.937,36.0,2025-06-12 10:18:35
157.7,4.1,644.3,154.5,2.9,444.4,1039.1,59.99,213.6,4.9,2.9,825.9,40.8,1.7,1.2,0,427.2950925806034,36.0,35.937,2025-06-12 10:18:51
155.1,4.2,647.6,154.5,2.9,446.9,1043.6,60.01,213.6,4.9,2.9,825.9,40.9,1.7,1.3,0,427.2950925806034,35.75,35.75,2025-06-12 10:19:37
156,4.2,630.6,154.4,2.9,444.8,1042.0,60,213.6,4.8,2.9,825.9,40.9,1.7,1.3,0,427.2950925806034,35.75,35.75,2025-06-12 10:19:53
155.3,4.1,640.4,156.5,2.7,439.3,1029.9,59.98,213.2,4.7,2.9,825.9,41,1.7,1.3,0,388.4500841641849,35.875,35.875,2025-06-12 10:20:40
154.5,4.2,638.0,152.3,2.8,432.7,1018.8,60,213.2,4.7,2.9,825.9,41,1.7,1.3,0,427.2950925806034,35.875,35.937,2025-06-12 10:20:55
156.8,3.8,624.4,155.4,2.8,425.4,1000.7,60.01,213.1,4.6,3.0,826.0,41,1.8,1.3,0,388.4500841641849,35.625,35.625,2025-06-12 10:21:42
152.9,4,615.0,154.4,2.8,430.9,995.1,59.99,212.9,4.6,3.0,826.0,40.9,1.8,1.3,0,388.4500841641849,35.562,35.562,2025-06-12 10:21:58
156.9,3.9,581.1,154.4,2.7,423.3,978.5,60.03,212.8,4.5,3.0,826.0,40.9,1.8,1.3,0,388.4500841641849,35.562,35.562,2025-06-12 10:22:44
155.3,3.9,599.2,154.7,2.6,421.1,973.8,60.03,212.8,4.4,3.0,826.0,40.9,1.8,1.3,0,388.4500841641849,35.625,35.687,2025-06-12 10:23:00
155.2,3.8,585.7,151.6,2.7,408.2,949.8,60.02,212.9,4.3,3.0,826.0,40.9,1.8,1.3,0,388.4500841641849,35.875,35.875,2025-06-12 10:23:47
155.3,3.5,582.2,157.1,2.6,402.5,941.3,60.01,213,4.3,3.0,826.0,40.8,1.8,1.3,0,388.4500841641849,35.875,35.875,2025-06-12 10:24:03
152.4,3.7,566.8,154.3,2.6,406.7,930.0,60,212.9,4.3,3.0,826.0,40.8,1.8,1.3,0,349.6050757477664,35.875,35.875,2025-06-12 10:24:49
158.3,3.7,547.9,154.5,2.6,406.1,922.5,60.01,212.8,4.3,3.0,826.0,40.7,1.8,1.3,0,349.6050757477664,35.875,35.812,2025-06-12 10:25:05
155.3,3.7,565.5,154.5,2.5,401.4,924.3,60.03,212.9,4.2,3.0,826.0,40.7,1.8,1.3,0,349.6050757477664,35.375,35.375,2025-06-12 10:25:52
155.3,3.7,566.3,151.3,2.6,397.8,920.9,60,213,4.2,3.0,826.0,40.7,1.8,1.3,0,349.6050757477664,35.062,35.062,2025-06-12 10:26:08
155.3,3.5,564.6,157.3,2.6,392.8,911.7,60,213.1,4.2,3.0,826.0,40.6,1.8,1.3,0,349.6050757477664,34.812,34.812,2025-06-12 10:26:54
152.6,3.7,562.2,154.2,2.6,393.2,912.2,59.99,213,4.2,3.0,826.0,40.6,1.8,1.3,0,349.6050757477664,34.875,34.937,2025-06-12 10:27:10
158.2,3.6,544.8,154.4,2.5,394.7,898.5,59.98,212.9,4.2,3.1,826.1,40.6,1.8,1.3,0,349.6050757477664,35.062,35.062,2025-06-12 10:27:57
154.9,3.6,556.7,154.4,2.5,394.2,908.2,60,212.7,4.3,3.1,826.1,40.6,1.8,1.3,0,349.6050757477664,35.062,35.062,2025-06-12 10:28:13
155.3,3.6,560.9,152.2,2.5,390.9,909.9,59.97,212.9,4.2,3.1,826.1,40.5,1.8,1.3,0,349.6050757477664,35.25,35.312,2025-06-12 10:28:59
155.3,3.6,559.9,156.4,2.4,383.3,903.6,59.98,213,4.2,3.1,826.1,40.5,1.8,1.3,0,349.6050757477664,35.312,35.312,2025-06-12 10:29:15
153.5,3.6,555.3,153.1,2.5,383.0,896.9,59.99,213.2,4.2,3.1,826.1,40.4,1.8,1.3,0,349.6050757477664,35.062,35.062,2025-06-12 10:30:01
158.2,3.6,538.7,154.4,2.5,386.4,886.4,59.99,213.1,4.2,3.1,826.1,40.4,1.8,1.3,0,349.6050757477664,35.062,35.0,2025-06-12 10:30:18
153.8,3.6,543.2,154.3,2.5,382.9,885.5,60.01,213.2,4.2,3.1,826.1,40.4,1.8,1.3,0,349.6050757477664,35.125,35.125,2025-06-12 10:31:04
155.2,3.5,547.6,154.2,2.5,380.9,888.6,59.98,213.2,4.2,3.1,826.1,40.4,1.8,1.3,0,349.6050757477664,35.125,35.125,2025-06-12 10:31:20
155.4,3.5,542.2,155.5,2.3,376.0,874.8,59.98,213.4,4.1,3.1,826.1,40.5,1.9,1.3,0,349.6050757477664,34.937,34.937,2025-06-12 10:32:06
155.3,3.5,540.4,151.5,2.4,368.9,868.8,60.03,213.3,4.1,3.1,826.1,40.5,1.9,1.3,0,349.6050757477664,34.75,34.75,2025-06-12 10:32:22
158.2,3.3,523.5,154.3,2.4,370.2,856.0,60.01,213.1,4.1,3.1,826.1,40.5,1.9,1.3,0,310.76006733134795,34.625,34.625,2025-06-12 10:33:09
152.5,3.4,524.7,154.2,2.4,370.5,857.5,60.05,213.1,4.1,3.1,826.1,40.6,1.9,1.3,0,349.6050757477664,34.625,34.625,2025-06-12 10:33:25
155.3,3.4,522.9,154.4,2.4,368.0,852.5,60.02,213.2,4,3.1,826.1,40.6,1.9,1.3,0,310.76006733134795,34.687,34.75,2025-06-12 10:34:11
155.3,3.4,526.3,156.8,2.3,365.5,855.2,59.99,213.1,4,3.1,826.1,40.6,1.9,1.3,0,310.76006733134795,34.75,34.75,2025-06-12 10:34:27
155.3,3.4,525.4,151.4,2.4,361.8,849.8,60.01,212.7,4,3.2,826.2,40.6,1.9,1.4,0,310.76006733134795,34.812,34.812,2025-06-12 10:35:14
157.3,3.2,523.3,155,2.4,363.1,849.0,59.99,212.7,4,3.2,826.2,40.5,1.9,1.4,0,310.76006733134795,34.562,34.562,2025-06-12 10:35:30
152.3,3.4,521.7,154.4,2.4,365.3,849.0,60.02,213.2,4,3.2,826.2,40.5,1.9,1.4,0,310.76006733134795,34.375,34.437,2025-06-12 10:36:16
156.4,3.4,520.3,154.4,2.4,367.0,849.8,60.01,213.3,4,3.2,826.2,40.4,1.9,1.4,0,310.76006733134795,34.5,34.5,2025-06-12 10:36:32
155.4,3.5,530.6,154.4,2.3,368.1,863.3,60.03,213.3,4,3.2,826.2,40.3,1.9,1.4,0,349.6050757477664,34.625,34.687,2025-06-12 10:37:19
155.4,3.5,535.0,152.3,2.4,368.3,862.5,60.03,213.3,4,3.2,826.2,40.3,1.9,1.4,0,349.6050757477664,34.687,34.687,2025-06-12 10:37:35
156.2,3.3,538.0,156,2.4,365.2,864.9,59.99,213.2,4,3.2,826.2,40.4,1.9,1.4,0,349.6050757477664,34.812,34.812,2025-06-12 10:38:21
153.3,3.5,529.9,154.3,2.4,369.7,860.7,60,213.1,4.1,3.2,826.2,40.4,1.9,1.4,0,349.6050757477664,34.687,34.75,2025-06-12 10:38:37
157.6,3.5,529.0,154.4,2.4,369.4,860.7,59.97,213,4.1,3.2,826.2,40.5,1.9,1.4,0,349.6050757477664,34.625,34.625,2025-06-12 10:39:23
155.3,3.5,539.9,154.3,2.3,370.5,870.9,59.99,213,4.1,3.2,826.2,40.5,1.9,1.4,0,349.6050757477664,34.5,34.562,2025-06-12 10:39:40
155.3,3.5,548.3,154.4,2.4,371.3,878.8,59.97,213.1,4.1,3.2,826.2,40.5,1.9,1.4,0,349.6050757477664,34.5,34.5,2025-06-12 10:40:26
155.4,3.4,544.6,154.4,2.4,368.3,874.2,60,213.1,4.1,3.2,826.2,40.6,1.9,1.4,0,349.6050757477664,34.5,34.5,2025-06-12 10:40:42
154.8,3.5,541.1,151.9,2.4,360.2,861.4,59.98,213.1,4.1,3.3,826.3,40.6,1.9,1.4,0,349.6050757477664,34.375,34.437,2025-06-12 10:41:28
158.3,3.5,535.2,157.3,2.4,363.8,862.1,59.99,213.2,4.1,3.3,826.3,40.6,1.9,1.4,0,349.6050757477664,34.437,34.437,2025-06-12 10:41:45
152.5,3.5,539.0,154.3,2.4,365.2,865.2,60.01,213.4,4.1,3.3,826.3,40.7,1.9,1.4,0,349.6050757477664,34.5,34.562,2025-06-12 10:42:31
155.2,3.5,539.6,153.6,2.4,360.6,862.1,60.01,213.2,4.1,3.3,826.3,40.7,1.9,1.4,0,349.6050757477664,34.562,34.562,2025-06-12 10:42:47
155.3,3.5,539.7,151,2.4,363.9,864.1,60.01,212.8,4.1,3.3,826.3,40.7,2.0,1.4,0,349.6050757477664,34.375,34.375,2025-06-12 10:43:33
153.4,3.5,540.4,156,2.3,367.5,868.5,60.02,212.8,4.1,3.3,826.3,40.7,2.0,1.4,0,349.6050757477664,34.375,34.375,2025-06-12 10:43:50
158,3.4,543.1,154.4,2.4,371.1,875.2,59.97,213.1,4.1,3.3,826.3,40.8,2.0,1.4,0,349.6050757477664,34.312,34.375,2025-06-12 10:44:36
154,3.5,539.2,155.8,2.4,371.5,870.2,59.98,212.8,4.1,3.3,826.3,40.8,2.0,1.4,0,349.6050757477664,34.375,34.375,2025-06-12 10:44:52
155.6,3.6,549.5,154.5,2.4,378.2,888.2,60.01,212.6,4.2,3.3,826.3,40.8,2.0,1.4,0,349.6050757477664,34.5,34.5,2025-06-12 10:45:38
155.2,3.6,554.4,155.9,2.4,378.4,892.3,59.98,212.7,4.2,3.3,826.3,40.7,2.0,1.4,0,349.6050757477664,34.562,34.562,2025-06-12 10:45:54
155.2,3.6,555.1,154.4,2.5,382.8,897.2,60.02,212.9,4.2,3.3,826.3,40.6,2.0,1.4,0,349.6050757477664,34.625,34.625,2025-06-12 10:46:41
156.2,3.5,553.9,154.4,2.5,382.5,892.6,60.01,212.9,4.2,3.3,826.3,40.6,2.0,1.4,0,349.6050757477664,34.625,34.625,2025-06-12 10:46:57
152.8,3.5,539.1,154.4,2.5,382.2,881.3,59.99,212.8,4.2,3.3,826.3,40.6,2.0,1.4,0,349.6050757477664,34.5,34.562,2025-06-12 10:47:43
155.3,3.5,544.0,154.4,2.4,379.6,885.3,59.99,212.9,4.2,3.3,826.3,40.6,2.0,1.4,0,349.6050757477664,34.5,34.5,2025-06-12 10:47:59
155.3,3.5,542.5,151.7,2.4,373.6,875.8,60.02,213.1,4.1,3.4,826.4,40.7,2.0,1.4,0,349.6050757477664,34.375,34.375,2025-06-12 10:48:46
155.3,3.5,541.6,157.4,2.4,378.9,881.0,59.97,212.8,4.1,3.4,826.4,40.7,2.0,1.4,0,349.6050757477664,34.375,34.375,2025-06-12 10:49:02
155.6,3.4,539.2,154.7,2.4,378.9,878.8,59.98,212.9,4.1,3.4,826.4,40.7,2.0,1.4,0,349.6050757477664,34.437,34.5,2025-06-12 10:49:48
152,3.5,533.3,154.2,2.4,377.3,869.7,59.99,212.8,4.1,3.4,826.4,40.7,2.0,1.4,0,349.6050757477664,34.5,34.5,2025-06-12 10:50:04
158.3,3.5,530.9,157.2,2.4,374.5,868.5,59.98,212.9,4.1,3.4,826.4,40.7,2.0,1.4,0,349.6050757477664,34.625,34.625,2025-06-12 10:50:51
155.5,3.5,531.7,151.2,2.4,372.7,866.2,60.01,212.9,4.1,3.4,826.4,40.6,2.0,1.5,0,349.6050757477664,34.625,34.687,2025-06-12 10:51:07
155.3,3.5,534.7,154,2.4,372.8,867.1,60,212.8,4.1,3.4,826.4,40.6,2.0,1.5,0,349.6050757477664,34.75,34.75,2025-06-12 10:51:53
156.2,3.3,534.6,157.3,2.4,373.5,870.3,60.02,212.9,4.1,3.4,826.4,40.6,2.0,1.5,0,349.6050757477664,34.812,34.812,2025-06-12 10:52:09
152.8,3.5,533.2,157.3,2.4,374.6,869.4,59.97,212.9,4.1,3.4,826.4,40.5,2.0,1.5,0,349.6050757477664,34.875,34.875,2025-06-12 10:52:55
157.7,3.5,531.7,153.6,2.4,377.5,871.5,59.97,213,4.1,3.4,826.4,40.5,2.0,1.5,0,349.6050757477664,34.875,34.875,2025-06-12 10:53:12
154.6,3.5,536.4,154.5,2.4,380.0,875.6,59.98,212.8,4.1,3.4,826.4,40.4,2.0,1.5,0,349.6050757477664,34.937,34.937,2025-06-12 10:53:58
155.3,3.5,543.5,154.4,2.4,380.1,883.6,60,212.8,4.2,3.4,826.4,40.4,2.0,1.5,0,349.6050757477664,34.937,34.937,2025-06-12 10:54:14
155.2,3.6,549.6,153.6,2.5,383.7,892.9,60,212.9,4.2,3.4,826.4,40.3,2.1,1.5,0,349.6050757477664,35.062,35.062,2025-06-12 10:55:00
154.9,3.6,551.9,157.3,2.4,382.2,889.8,59.97,212.9,4.2,3.5,826.5,40.3,2.1,1.5,0,349.6050757477664,35.062,35.125,2025-06-12 10:55:17
158.3,3.6,554.7,157.2,2.4,385.7,901.4,60.04,213.2,4.2,3.5,826.5,40.3,2.1,1.5,0,349.6050757477664,34.937,34.937,2025-06-12 10:56:03
152.6,3.6,560.6,154.4,2.5,390.0,906.5,60.02,213.1,4.2,3.5,826.5,40.3,2.1,1.5,0,349.6050757477664,34.875,34.875,2025-06-12 10:56:19
155.4,3.7,574.9,154.5,2.5,395.2,927.1,60.03,213.2,4.3,3.5,826.5,40.3,2.1,1.5,0,349.6050757477664,34.5,34.5,2025-06-12 10:57:05
155.3,3.8,579.9,154.2,2.6,395.8,932.0,60.01,213.2,4.3,3.5,826.5,40.3,2.1,1.5,0,388.4500841641849,34.437,34.437,2025-06-12 10:57:21
155.4,3.9,595.1,151.4,2.6,399.4,949.6,60.02,213.2,4.3,3.5,826.5,40.3,2.1,1.5,0,388.4500841641849,34.375,34.375,2025-06-12 10:58:08
158.1,3.8,598.6,157.2,2.6,407.4,959.8,60.01,213,4.4,3.5,826.5,40.3,2.1,1.5,0,388.4500841641849,34.5,34.5,2025-06-12 10:58:24
152.4,4,603.2,151.5,2.7,410.5,973.2,60,212.8,4.6,3.5,826.5,40.4,2.1,1.5,0,388.4500841641849,34.75,34.812,2025-06-12 10:59:10
155.7,4,613.9,154.7,2.7,417.2,984.8,59.98,212.7,4.6,3.5,826.5,40.4,2.1,1.5,0,388.4500841641849,34.625,34.625,2025-06-12 10:59:26
155.3,4,624.7,154.3,2.7,425.6,1002.3,59.99,212.6,4.6,3.5,826.5,40.5,2.1,1.5,0,388.4500841641849,34.75,34.75,2025-06-12 11:00:13
155.3,4.1,626.5,153.7,2.8,426.2,1005.5,60.02,212.6,4.6,3.5,826.5,40.5,2.1,1.5,0,388.4500841641849,34.875,34.937,2025-06-12 11:00:29
156.9,3.9,630.3,156.2,2.7,427.9,1010.6,59.98,213,4.6,3.5,826.5,40.6,2.1,1.5,0,388.4500841641849,34.937,34.937,2025-06-12 11:01:15
152.8,4.1,621.1,151.8,2.8,421.6,995.2,59.99,213,4.7,3.6,826.6,40.6,2.1,1.5,0,427.2950925806034,35.0,35.062,2025-06-12 11:01:31
156.9,4.1,622.3,155.7,2.8,424.1,1001.2,60.04,212.9,4.7,3.6,826.6,40.6,2.1,1.5,0,388.4500841641849,35.25,35.25,2025-06-12 11:02:18
155.3,4.1,629.5,154.4,2.8,428.2,1009.3,60.04,213,4.7,3.6,826.6,40.6,2.1,1.5,0,388.4500841641849,35.25,35.25,2025-06-12 11:02:34
155.3,4.1,627.1,154.3,2.8,426.9,1005.9,60.03,213.2,4.6,3.6,826.6,40.6,2.1,1.5,0,388.4500841641849,35.437,35.437,2025-06-12 11:03:20
155.3,3.9,623.9,154.4,2.7,426.3,1001.8,60.04,213.2,4.6,3.6,826.6,40.6,2.1,1.5,0,388.4500841641849,35.5,35.562,2025-06-12 11:03:36
153.6,3.9,595.3,151.6,2.7,412.9,960.9,60.03,212.8,4.5,3.6,826.6,40.6,2.2,1.5,0,388.4500841641849,35.75,35.75,2025-06-12 11:04:23
158.2,3.9,592.4,157.2,2.7,414.3,969.7,60,212.8,4.5,3.6,826.6,40.6,2.2,1.5,0,388.4500841641849,35.75,35.75,2025-06-12 11:04:39
155.3,3.9,605.2,154.4,2.7,421.8,979.7,60,212.9,4.5,3.6,826.6,40.6,2.2,1.5,0,388.4500841641849,35.187,35.25,2025-06-12 11:05:25
155.2,3.9,607.5,154.4,2.7,422.5,984.0,59.97,212.9,4.6,3.6,826.6,40.6,2.2,1.5,0,388.4500841641849,35.187,35.187,2025-06-12 11:05:41
155.3,3.9,614.6,154.5,2.6,423.7,989.8,60.01,213,4.5,3.6,826.6,40.7,2.2,1.6,0,388.4500841641849,35.125,35.125,2025-06-12 11:06:27
152.8,4,611.8,151.9,2.7,421.2,986.3,60.03,213,4.5,3.6,826.6,40.7,2.2,1.6,0,388.4500841641849,35.125,35.187,2025-06-12 11:06:44
158.2,4.1,615.7,157.3,2.8,420.9,992.0,60,213,4.7,3.7,826.7,40.7,2.2,1.6,0,388.4500841641849,35.375,35.375,2025-06-12 11:07:30
154.8,4.1,621.8,153.8,2.8,422.8,995.5,59.99,213,4.6,3.7,826.7,40.7,2.2,1.6,0,388.4500841641849,35.5,35.5,2025-06-12 11:07:46
155.2,4.2,636.4,154.4,2.8,431.4,1022.0,59.99,212.9,4.7,3.7,826.7,40.9,2.2,1.6,0,427.2950925806034,35.625,35.625,2025-06-12 11:08:32
155.3,4.2,645.1,154.4,2.8,432.4,1027.6,59.99,213,4.7,3.7,826.7,40.9,2.2,1.6,0,427.2950925806034,35.687,35.687,2025-06-12 11:08:48
153.4,4.2,647.0,152.4,2.8,432.1,1029.5,59.98,213.1,4.7,3.7,826.7,40.8,2.2,1.6,0,427.2950925806034,35.937,36.0,2025-06-12 11:09:35
157.1,4,645.3,156.3,2.7,424.2,1011.7,59.97,212.7,4.7,3.7,826.7,40.8,2.2,1.6,0,427.2950925806034,36.0,36.062,2025-06-12 11:09:51
153.9,4.1,625.9,152.9,2.7,419.6,996.5,59.98,212.8,4.6,3.7,826.7,40.9,2.2,1.6,0,388.4500841641849,36.062,36.062,2025-06-12 11:10:37
155.3,4.1,625.7,154.4,2.7,420.6,1002.5,59.99,212.9,4.6,3.7,826.7,40.9,2.2,1.6,0,388.4500841641849,36.125,36.187,2025-06-12 11:10:53
155.3,4,613.1,154.4,2.6,412.5,978.4,60.02,212.9,4.6,3.7,826.7,40.9,2.2,1.6,0,388.4500841641849,35.937,35.937,2025-06-12 11:11:40
155.3,3.9,608.2,154.3,2.6,409.6,972.3,60.01,212.8,4.4,3.7,826.7,41,2.2,1.6,0,388.4500841641849,35.812,35.812,2025-06-12 11:11:56
156,3.7,596.2,155.2,2.5,394.0,937.7,60.02,212.9,4.3,3.7,826.7,41,2.2,1.6,0,388.4500841641849,35.75,35.75,2025-06-12 11:12:42
152.4,3.8,580.7,151.4,2.5,392.3,926.9,60.01,213.1,4.3,3.7,826.7,41,2.2,1.6,0,388.4500841641849,35.75,35.75,2025-06-12 11:12:58
155.3,3.6,550.8,154.3,2.4,376.6,887.7,60.02,213,4.2,3.8,826.8,41,2.2,1.6,0,349.6050757477664,35.75,35.75,2025-06-12 11:13:45
155.4,3.5,540.3,154.5,2.4,371.3,873.1,60.01,212.9,4.1,3.8,826.8,41,2.2,1.6,0,349.6050757477664,35.812,35.812,2025-06-12 11:14:01
155.2,3.2,501.4,154.4,2.2,351.0,817.3,59.96,212.8,3.7,3.8,826.8,40.9,2.3,1.6,0,310.76006733134795,35.562,35.562,2025-06-12 11:14:47
155.3,3,485.0,155.9,2,340.9,794.2,59.98,212.7,3.6,3.8,826.8,40.9,2.3,1.6,0,310.76006733134795,35.562,35.625,2025-06-12 11:15:03
152.1,2.9,448.9,151,2.1,320.2,739.3,59.98,212.6,3.5,3.8,826.8,40.8,2.3,1.6,0,271.91505891492943,35.625,35.625,2025-06-12 11:15:50
156.6,2.9,428.1,156.2,1.9,316.8,718.1,59.98,212.4,3.4,3.8,826.8,40.8,2.3,1.6,0,271.91505891492943,35.625,35.625,2025-06-12 11:16:06
155.6,2.7,422.8,151.1,1.9,300.1,697.4,60.03,212.2,3.3,3.8,826.8,40.6,2.3,1.6,0,271.91505891492943,35.562,35.562,2025-06-12 11:16:52
155.4,2.7,419.8,155.7,1.9,288.7,682.9,60.02,212.3,3.2,3.8,826.8,40.6,2.3,1.6,0,271.91505891492943,35.562,35.5,2025-06-12 11:17:08
156,2.5,407.7,154.4,1.8,286.6,668.3,60,212.3,3.1,3.8,826.8,40.5,2.3,1.6,0,233.07005049851097,35.187,35.25,2025-06-12 11:17:55
153.4,2.6,404.4,154.4,1.8,283.8,662.7,60.02,212.3,3.1,3.8,826.8,40.5,2.3,1.6,0,233.07005049851097,35.0,35.0,2025-06-12 11:18:11
157.7,2.6,387.1,155.1,1.7,280.1,644.2,59.97,212.3,3,3.8,826.8,40.3,2.3,1.6,0,233.07005049851097,34.875,34.875,2025-06-12 11:18:57
153.9,2.6,402.5,151.6,1.8,277.9,653.8,59.97,212.7,3,3.8,826.8,40.3,2.3,1.6,0,233.07005049851097,34.937,34.937,2025-06-12 11:19:13
155.3,2.6,408.9,156.9,1.8,274.3,660.4,59.96,212.8,3.1,3.8,826.8,40.2,2.3,1.6,0,233.07005049851097,34.5,34.5,2025-06-12 11:20:00
155.3,2.6,411.5,154.5,1.8,285.2,671.2,59.99,212.8,3.1,3.8,826.8,40.2,2.3,1.6,0,233.07005049851097,34.375,34.375,2025-06-12 11:20:15
155.1,2.7,418.9,154.3,1.9,293.8,680.6,59.97,212.7,3.2,3.8,826.8,40.1,2.3,1.6,0,271.91505891492943,34.0,34.0,2025-06-12 11:21:02
158.2,2.7,414.6,154.4,1.8,296.3,683.8,59.99,212.7,3.2,3.8,826.8,40,2.3,1.6,0,271.91505891492943,34.0,34.062,2025-06-12 11:21:18
152.5,2.8,425.7,151.2,2,301.8,699.0,60.02,212.5,3.3,3.9,826.9,40,2.3,1.6,0,271.91505891492943,34.375,34.375,2025-06-12 11:22:04
155.3,2.8,431.1,157.3,2,299.8,704.0,59.97,212.7,3.3,3.9,826.9,40,2.3,1.6,0,271.91505891492943,34.437,34.437,2025-06-12 11:22:20
155.4,2.8,441.4,154.3,2,311.1,722.1,60,212.7,3.4,3.9,826.9,39.9,2.3,1.7,0,271.91505891492943,34.562,34.625,2025-06-12 11:23:07
155.3,2.9,443.4,154.4,2,315.4,730.0,59.99,212.6,3.4,3.9,826.9,39.9,2.3,1.7,0,271.91505891492943,34.687,34.687,2025-06-12 11:23:23
157.9,2.8,448.7,154.4,2,319.5,739.0,59.99,212.4,3.5,3.9,826.9,39.8,2.3,1.7,0,271.91505891492943,34.625,34.625,2025-06-12 11:24:09
153.8,2.9,444.5,152.9,2.1,320.4,734.4,60.02,212.3,3.5,3.9,826.9,39.8,2.3,1.7,0,271.91505891492943,34.625,34.625,2025-06-12 11:24:25
155.8,2.9,449.0,156.8,2,318.6,737.4,60.02,212.6,3.5,3.9,826.9,39.8,2.3,1.7,0,271.91505891492943,34.75,34.75,2025-06-12 11:25:12
155.3,2.9,452.5,152.5,2.1,315.8,737.2,60,212.5,3.5,3.9,826.9,39.8,2.3,1.7,0,271.91505891492943,34.75,34.75,2025-06-12 11:25:28
155.3,2.9,452.1,154.4,2.1,319.5,741.0,59.96,212.4,3.4,3.9,826.9,39.8,2.3,1.7,0,271.91505891492943,34.562,34.625,2025-06-12 11:26:14
155.9,2.8,451.8,154.4,2,318.8,740.2,59.98,212.3,3.5,3.9,826.9,39.8,2.3,1.7,0,271.91505891492943,34.625,34.625,2025-06-12 11:26:30
155.3,2.9,452.4,154,2,317.3,740.2,60.02,212.8,3.4,3.9,826.9,39.8,2.3,1.7,0,271.91505891492943,34.687,34.687,2025-06-12 11:27:17
153.1,2.9,448.2,154.9,1.9,313.4,735.7,60.01,212.7,3.4,3.9,826.9,39.8,2.3,1.7,0,271.91505891492943,34.687,34.687,2025-06-12 11:27:33
155.2,3,459.2,151.8,2,312.4,740.7,60.01,212.8,3.5,3.9,826.9,39.7,2.4,1.7,0,271.91505891492943,34.75,34.812,2025-06-12 11:28:19
158.3,2.9,456.6,154.1,2,315.3,742.4,60.01,213,3.5,3.9,826.9,39.7,2.4,1.7,0,271.91505891492943,34.75,34.75,2025-06-12 11:28:35
158.3,2.9,456.7,154.3,2.1,320.8,747.1,60.01,213.1,3.5,3.9,826.9,39.7,2.4,1.7,0,271.91505891492943,34.75,34.75,2025-06-12 11:29:22
155.3,2.9,456.3,154.3,2.1,322.3,747.9,59.98,213,3.5,3.9,826.9,39.7,2.4,1.7,0,271.91505891492943,34.75,34.75,2025-06-12 11:29:38
155.5,2.9,448.2,154.4,2,323.4,741.8,60.02,213.1,3.5,4.0,827.0,39.7,2.4,1.7,0,271.91505891492943,34.625,34.625,2025-06-12 11:30:24
155.3,2.9,442.8,151,2.1,324.1,736.5,60.01,213,3.5,4.0,827.0,39.7,2.4,1.7,0,271.91505891492943,34.5,34.562,2025-06-12 11:30:40
155.2,2.8,433.6,157.1,2.1,327.8,731.4,59.98,213,3.4,4.0,827.0,39.7,2.4,1.7,0,271.91505891492943,34.687,34.687,2025-06-12 11:31:27
158.1,2.7,433.4,151.4,2.1,325.5,729.1,60,213,3.4,4.0,827.0,39.7,2.4,1.7,0,271.91505891492943,34.687,34.687,2025-06-12 11:31:43
157.8,2.7,426.6,154.3,2.1,326.3,724.6,59.98,213,3.4,4.0,827.0,39.6,2.4,1.7,0,271.91505891492943,34.812,34.812,2025-06-12 11:32:29
155.1,2.7,425.7,155,2.1,328.9,726.0,59.98,213.1,3.4,4.0,827.0,39.6,2.4,1.7,0,271.91505891492943,34.875,34.875,2025-06-12 11:32:45
152.9,2.7,420.0,151.6,2.1,325.9,718.5,60,213.1,3.3,4.0,827.0,39.6,2.4,1.7,0,271.91505891492943,34.75,34.75,2025-06-12 11:33:31
156,2.6,423.3,153.9,2.1,326.7,721.6,60.01,213.2,3.4,4.0,827.0,39.6,2.4,1.7,0,271.91505891492943,34.75,34.812,2025-06-12 11:33:48
155.4,2.8,431.5,153.9,2.1,327.4,734.9,60.02,212.9,3.4,4.0,827.0,39.6,2.4,1.7,0,271.91505891492943,34.75,34.812,2025-06-12 11:34:34
157.9,2.8,433.1,157.5,2.1,331.5,737.0,60.01,212.8,3.5,4.0,827.0,39.6,2.4,1.7,0,271.91505891492943,34.75,34.75,2025-06-12 11:34:50
157.4,2.9,452.9,155.8,2.2,345.6,767.1,60,212.8,3.6,4.0,827.0,39.6,2.4,1.7,0,271.91505891492943,34.375,34.437,2025-06-12 11:35:36
158.3,2.9,455.3,155.6,2.2,346.3,770.4,60.01,212.5,3.6,4.0,827.0,39.6,2.4,1.7,0,271.91505891492943,34.312,34.312,2025-06-12 11:35:52
161.1,2.9,451.4,157.3,2.3,356.0,776.5,60.02,212.6,3.7,4.0,827.0,39.6,2.4,1.7,0,271.91505891492943,33.875,33.875,2025-06-12 11:36:39
155.2,3,473.3,157.5,2.3,357.3,798.0,59.99,212.7,3.8,4.0,827.0,39.7,2.4,1.7,0,271.91505891492943,33.937,33.937,2025-06-12 11:36:55
158.3,3.2,491.8,157.3,2.2,372.6,828.7,59.99,213,3.8,4.0,827.0,39.7,2.4,1.7,0,310.76006733134795,34.0,34.0,2025-06-12 11:37:41
158.3,3.2,499.3,154.2,2.4,375.3,838.9,60.02,213.1,3.9,4.0,827.0,39.7,2.4,1.7,0,310.76006733134795,34.062,34.125,2025-06-12 11:37:57
158.3,3.4,525.6,160.3,2.5,382.9,870.8,60.02,213.1,4.1,4.1,827.1,39.7,2.4,1.7,0,310.76006733134795,34.187,34.187,2025-06-12 11:38:44
160.6,3.2,529.3,157.3,2.5,398.0,884.8,59.98,212.9,4.2,4.1,827.1,39.7,2.4,1.7,0,310.76006733134795,34.187,34.25,2025-06-12 11:39:00
155.3,3.5,552.4,157.3,2.6,412.6,924.0,60,212.8,4.3,4.1,827.1,39.6,2.4,1.7,0,349.6050757477664,34.187,34.187,2025-06-12 11:39:46
159.3,3.6,544.6,157.3,2.5,415.2,938.8,59.97,213,4.3,4.1,827.1,39.6,2.4,1.7,0,349.6050757477664,34.312,34.312,2025-06-12 11:40:02
158.3,3.8,593.4,155.3,2.7,425.0,974.1,59.98,213.1,4.5,4.1,827.1,39.7,2.5,1.8,0,388.4500841641849,34.437,34.437,2025-06-12 11:40:49
158.2,3.9,604.7,160.2,2.7,412.8,973.1,59.98,213.1,4.6,4.1,827.1,39.7,2.5,1.8,0,388.4500841641849,34.5,34.5,2025-06-12 11:41:05
159.3,3.7,625.8,157.3,2.8,439.8,1017.4,60,213.4,4.6,4.1,827.1,39.8,2.5,1.8,0,388.4500841641849,34.812,34.812,2025-06-12 11:41:51
155.3,4,623.6,154.5,2.8,441.0,1014.7,60,213.3,4.8,4.1,827.1,39.9,2.5,1.8,0,388.4500841641849,34.937,34.937,2025-06-12 11:42:07
160.3,4,610.1,154.4,2.9,448.9,1010.7,60.01,213.2,4.8,4.1,827.1,39.9,2.5,1.8,0,427.2950925806034,35.187,35.187,2025-06-12 11:42:54
158.3,4,635.3,157.4,2.7,451.0,1035.7,60.02,213.1,4.7,4.1,827.1,40,2.5,1.8,0,427.2950925806034,35.187,35.062,2025-06-12 11:43:10
158.3,4,627.8,157.3,2.9,451.9,1029.2,60,213.4,4.7,4.1,827.1,40.1,2.5,1.8,0,388.4500841641849,35.062,35.062,2025-06-12 11:43:56
158.4,3.7,625.4,157.3,2.9,448.6,1025.3,60,213.3,4.6,4.2,827.2,40.1,2.5,1.8,0,427.2950925806034,35.062,35.0,2025-06-12 11:44:12
155.2,4.1,627.4,157.3,2.8,444.2,1023.6,60.02,213.4,4.8,4.2,827.2,40.2,2.5,1.8,0,427.2950925806034,35.0,35.0,2025-06-12 11:44:59
161.1,4,606.7,157.2,2.8,450.4,1012.1,60.04,213.3,4.7,4.2,827.2,40.2,2.5,1.8,0,427.2950925806034,35.062,35.062,2025-06-12 11:45:15
158.2,4.3,681.3,151.3,3,457.5,1083.7,60.02,213.3,5,4.2,827.2,40.2,2.5,1.8,0,466.14010099702193,35.312,35.375,2025-06-12 11:46:01
160.1,4,664.6,156.8,2.9,460.0,1072.6,60.01,213.3,4.9,4.2,827.2,40.3,2.5,1.8,0,466.14010099702193,35.437,35.5,2025-06-12 11:46:17
158.2,4.2,652.2,157.3,2.9,454.8,1053.7,60.04,212.9,4.8,4.2,827.2,40.4,2.5,1.8,0,466.14010099702193,35.687,35.687,2025-06-12 11:47:03
157.7,3.9,614.5,156.6,2.8,441.7,1006.8,60.06,212.9,4.6,4.2,827.2,40.4,2.5,1.8,0,427.2950925806034,35.562,35.625,2025-06-12 11:47:20
155.3,3.7,582.2,151.4,2.8,428.1,962.9,60.03,212.9,4.5,4.2,827.2,40.3,2.5,1.8,0,388.4500841641849,35.187,35.125,2025-06-12 11:48:06
159.6,3.6,551.2,157.3,2.7,427.0,934.8,60.04,212.9,4.4,4.2,827.2,40.1,2.5,1.8,0,388.4500841641849,35.0,35.0,2025-06-12 11:48:22
156.9,3.4,536.4,153.3,2.7,412.2,906.7,60.04,212.9,4.2,4.2,827.2,40.2,2.5,1.8,0,388.4500841641849,34.75,34.75,2025-06-12 11:49:08
156,3.4,525.2,155.1,2.6,410.5,895.4,60.03,213,4.2,4.2,827.2,40.1,2.5,1.8,0,349.6050757477664,34.687,34.687,2025-06-12 11:49:24
156.6,3.2,492.9,153.2,2.6,391.7,845.8,60.01,212.8,4,4.2,827.2,40.2,2.5,1.8,0,349.6050757477664,34.562,34.562,2025-06-12 11:50:11
154.6,3.1,486.0,154.5,2.5,391.4,838.9,60.01,212.9,3.9,4.3,827.3,40.3,2.5,1.8,0,310.76006733134795,34.625,34.687,2025-06-12 11:50:27
155.3,3,466.7,154.4,2.4,376.3,807.7,60.03,212.7,3.8,4.3,827.3,40.3,2.6,1.8,0,310.76006733134795,34.875,34.875,2025-06-12 11:51:13
155.3,2.9,462.1,154.3,2.4,371.7,798.9,60.02,212.8,3.7,4.3,827.3,40.3,2.6,1.8,0,310.76006733134795,34.812,34.812,2025-06-12 11:51:29
153.9,2.9,453.3,155.6,2.2,356.5,770.9,60.02,213,3.7,4.3,827.3,40.3,2.6,1.8,0,310.76006733134795,34.812,34.875,2025-06-12 11:52:16
158.3,2.9,447.9,151.6,2.3,351.5,766.8,60.02,212.9,3.7,4.3,827.3,40.3,2.6,1.8,0,310.76006733134795,34.812,34.812,2025-06-12 11:52:32
155.4,2.9,447.9,154.4,2.2,348.1,764.4,60.01,213.1,3.6,4.3,827.3,40.2,2.6,1.8,0,271.91505891492943,34.25,34.25,2025-06-12 11:53:18
158.4,2.8,447.5,157.2,2.2,345.9,762.5,60.02,213,3.5,4.3,827.3,40.1,2.6,1.8,0,271.91505891492943,34.187,34.187,2025-06-12 11:53:34
158.3,2.9,453.0,154.4,2.2,348.1,769.9,60.02,212.9,3.6,4.3,827.3,40,2.6,1.8,0,271.91505891492943,33.937,33.937,2025-06-12 11:54:21
152.4,2.9,454.5,154.4,2.2,350.3,771.3,60.02,213.1,3.7,4.3,827.3,40,2.6,1.8,0,310.76006733134795,33.687,33.687,2025-06-12 11:54:37
158.3,3,470.8,154.3,2.3,356.3,794.6,59.99,212.9,3.7,4.3,827.3,39.9,2.6,1.9,0,310.76006733134795,33.062,33.125,2025-06-12 11:55:23
157.9,3,475.8,154.8,2.3,360.9,802.6,60.01,212.9,3.8,4.3,827.3,39.9,2.6,1.9,0,310.76006733134795,33.062,33.125,2025-06-12 11:55:39
155.3,3.2,497.7,154.3,2.4,371.3,833.7,59.99,213.1,4,4.3,827.3,39.8,2.6,1.9,0,310.76006733134795,33.062,33.062,2025-06-12 11:56:26
159.6,3.2,493.2,157.3,2.4,376.4,834.4,59.97,213,4,4.3,827.3,39.9,2.6,1.9,0,310.76006733134795,33.062,33.062,2025-06-12 11:56:42
158.3,3.4,536.3,157.3,2.5,388.5,887.4,60.01,213.2,4.2,4.3,827.3,40,2.6,1.9,0,310.76006733134795,33.062,33.125,2025-06-12 11:57:28
158.3,3.5,546.3,158.4,2.5,378.8,890.1,59.99,213.2,4.2,4.4,827.4,40.1,2.6,1.9,0,349.6050757477664,33.125,33.125,2025-06-12 11:57:44
159.2,3.4,571.0,155.9,2.6,405.5,934.9,59.99,213.2,4.2,4.4,827.4,40.3,2.6,1.9,0,349.6050757477664,33.437,33.437,2025-06-12 11:58:31
156.2,3.7,573.6,157.3,2.6,413.9,943.7,59.98,213.2,4.4,4.4,827.4,40.3,2.6,1.9,0,349.6050757477664,33.562,33.562,2025-06-12 11:58:47
160.5,3.8,577.4,157.3,2.7,424.5,959.0,59.99,213.2,4.5,4.4,827.4,40.4,2.6,1.9,0,388.4500841641849,33.75,33.75,2025-06-12 11:59:33
158.3,3.9,609.1,157.3,2.7,425.9,989.6,59.98,213.4,4.5,4.4,827.4,40.4,2.6,1.9,0,388.4500841641849,33.875,33.875,2025-06-12 11:59:49
158.3,3.9,619.1,158,2.6,429.4,1001.7,60,213.5,4.5,4.4,827.4,40.4,2.6,1.9,0,388.4500841641849,34.125,34.125,2025-06-12 12:00:35
158.3,3.8,626.8,154.4,2.7,425.6,1004.1,59.99,213.4,4.5,4.4,827.4,40.5,2.6,1.9,0,388.4500841641849,34.187,34.25,2025-06-12 12:00:52
157.6,4.2,641.1,157.3,2.7,429.0,1020.0,59.99,213.4,4.8,4.4,827.4,40.6,2.6,1.9,0,388.4500841641849,34.437,34.5,2025-06-12 12:01:38
161,4.1,626.2,157.4,2.7,433.0,1012.7,59.99,213.4,4.8,4.4,827.4,40.6,2.6,1.9,0,388.4500841641849,34.5,34.5,2025-06-12 12:01:54
158.3,4.3,670.7,157.4,2.8,438.8,1058.7,60.04,213.6,4.9,4.4,827.4,40.6,2.7,1.9,0,427.2950925806034,34.5,34.5,2025-06-12 12:02:40
155.3,4.3,676.4,160.3,2.8,427.7,1057.3,60.04,213.4,4.9,4.4,827.4,40.7,2.7,1.9,0,427.2950925806034,34.5,34.5,2025-06-12 12:02:56
158.3,4.6,715.9,154.2,3,461.8,1121.1,60,213.8,5.2,4.5,827.5,40.7,2.7,1.9,0,466.14010099702193,34.625,34.625,2025-06-12 12:03:43
155.2,4.7,726.7,154.3,3,467.5,1135.1,60.05,214,5.3,4.5,827.5,40.7,2.7,1.9,0,466.14010099702193,34.687,34.687,2025-06-12 12:03:59
160.7,4.5,737.3,154.4,3,481.0,1158.1,59.99,214,5.4,4.5,827.5,40.9,2.7,1.9,0,466.14010099702193,34.5,34.5,2025-06-12 12:04:45
154.3,4.9,748.7,154.4,3.1,484.5,1170.0,59.99,214,5.5,4.5,827.5,40.9,2.7,1.9,0,504.9851094134404,34.5,34.5,2025-06-12 12:05:01
160.5,5.1,796.0,159.9,3.2,486.1,1201.3,60,213.9,5.8,4.5,827.5,41,2.7,1.9,0,543.8301178298589,34.437,34.437,2025-06-12 12:05:48
156,6.5,958.8,154.4,3.4,520.2,1400.0,60.04,214.2,6.7,4.5,827.5,41,2.7,1.9,0,660.3651430791144,34.375,34.375,2025-06-12 12:06:04
156.9,5.5,914.0,157.8,3.6,565.5,1404.9,60.02,214.1,6.2,4.5,827.5,41.3,2.7,1.9,0,621.5201346626959,35.0,35.0,2025-06-12 12:06:50
157.6,4.9,803.7,155.8,3.3,519.1,1234.5,59.97,214,5.7,4.5,827.5,41.4,2.7,1.9,0,543.8301178298589,35.187,35.187,2025-06-12 12:07:06
156.2,5.2,802.7,156.5,3.2,522.8,1258.0,60.03,213.8,5.7,4.5,827.5,41.4,2.7,1.9,0,543.8301178298589,35.375,35.375,2025-06-12 12:07:53
156.8,5.2,802.4,153.1,3.4,519.4,1252.2,60.01,213.8,5.9,4.5,827.5,41.5,2.7,1.9,0,543.8301178298589,35.312,35.312,2025-06-12 12:08:09
153.8,5.3,803.2,158.3,3.4,514.1,1250.9,60,213.9,5.8,4.6,827.6,41.6,2.7,2.0,0,543.8301178298589,35.562,35.562,2025-06-12 12:08:55
156.8,5.1,805.2,155.9,3.4,529.5,1266.9,60.04,213.8,5.8,4.6,827.6,41.6,2.7,2.0,0,543.8301178298589,35.687,35.687,2025-06-12 12:09:11
156.8,5.2,810.0,155.7,3.4,535.4,1276.7,60.01,213.9,6,4.6,827.6,41.8,2.8,2.0,0,543.8301178298589,36.062,36.062,2025-06-12 12:09:58
150.8,5.3,803.2,155.8,3.3,535.8,1267.2,59.98,213.8,5.9,4.6,827.6,41.8,2.8,2.0,0,543.8301178298589,36.125,36.125,2025-06-12 12:10:14
153.9,5.3,811.7,152.9,3.5,531.2,1274.4,60.02,213.6,5.9,4.6,827.6,42,2.8,2.0,0,543.8301178298589,36.5,36.5,2025-06-12 12:11:00
153.9,5.4,816.6,158.7,3.4,522.5,1270.0,60.03,213.7,6,4.6,827.6,42,2.8,2.0,0,543.8301178298589,36.5,36.562,2025-06-12 12:11:16
148.4,8.9,1294.3,154.7,4.1,624.6,1803.5,60.02,214.8,8.3,4.6,827.6,42.2,2.8,2.0,0,893.4351935776253,36.687,36.687,2025-06-12 12:12:03
149.2,6.4,948.1,157.1,3.4,557.8,1424.2,60,214.1,6.8,4.6,827.6,42.3,2.8,2.0,0,660.3651430791144,36.75,36.812,2025-06-12 12:12:19
157.5,6.1,973.1,151.2,3.7,560.3,1449.4,59.99,214.3,6.9,4.7,827.7,42.5,2.8,2.0,0,738.0551599119514,37.187,37.187,2025-06-12 12:13:05
152.1,9,1221.1,152.9,4.2,615.2,1731.2,60,214.7,8.9,4.7,827.7,42.6,2.8,2.0,0,1126.5052440761365,37.187,37.187,2025-06-12 12:13:21
151.9,6.7,1001.7,151,3.7,578.0,1477.5,59.98,214.3,7.1,4.7,827.7,43.1,2.8,2.0,0,854.5901851612068,37.375,37.375,2025-06-12 12:14:07
154.4,7.5,1202.2,156.2,4.1,630.6,1730.4,60,214.6,7.8,4.7,827.7,43.1,2.8,2.0,0,932.2802019940439,37.062,37.062,2025-06-12 12:14:24
151.4,7.3,1120.1,154.5,3.6,581.5,1608.7,60.04,214.3,7.2,4.7,827.7,43.4,2.8,2.0,0,854.5901851612068,36.937,36.875,2025-06-12 12:15:10
150.5,7.6,1144.1,152.9,3.8,578.8,1620.2,60.03,214.2,7.5,4.7,827.7,43.5,2.8,2.0,0,893.4351935776253,36.937,36.937,2025-06-12 12:15:26
152.1,4.8,714.1,151.4,2.9,445.9,1102.0,59.97,213.7,5.1,4.7,827.7,43.4,2.9,2.0,0,504.9851094134404,37.062,37.062,2025-06-12 12:16:12
153,4.2,665.5,154.4,2.8,434.9,1047.7,59.98,213.6,4.8,4.7,827.7,43.3,2.9,2.0,0,466.14010099702193,37.125,37.125,2025-06-12 12:16:28
149.4,4.4,653.3,154.4,2.8,429.8,1030.0,59.97,213.5,4.8,4.8,827.8,43.2,2.9,2.0,0,466.14010099702193,36.875,36.875,2025-06-12 12:17:15
152.4,4.5,676.8,151.4,2.8,427.7,1049.8,59.97,213.6,4.9,4.8,827.8,43.1,2.9,2.0,0,504.9851094134404,36.625,36.625,2025-06-12 12:17:31
155.3,4.4,649.8,154.4,2.5,415.9,1016.1,60.01,213.7,4.7,4.8,827.8,42.8,2.9,2.0,0,466.14010099702193,35.5,35.5,2025-06-12 12:18:17
155.1,4,624.6,151.3,2.6,403.5,980.0,59.99,213.8,4.5,4.8,827.8,42.8,2.9,2.0,0,427.2950925806034,35.312,35.312,2025-06-12 12:18:33
152.3,3.5,550.3,155,2.4,372.1,883.2,60,213.7,4.1,4.8,827.8,42.4,2.9,2.0,0,388.4500841641849,34.937,34.937,2025-06-12 12:19:20
149,3.5,531.2,154.6,2.4,372.7,863.8,59.98,213.7,4.2,4.8,827.8,42.3,2.9,2.0,0,388.4500841641849,34.875,34.937,2025-06-12 12:19:36
152.9,3.2,492.0,154.4,2.3,351.9,810.2,59.98,213.6,3.8,4.8,827.8,41.7,2.9,2.1,0,349.6050757477664,34.75,34.812,2025-06-12 12:20:22
152.4,3.1,478.7,154.9,2.1,344.6,789.1,60,213.6,3.6,4.8,827.8,41.7,2.9,2.1,0,349.6050757477664,34.75,34.75,2025-06-12 12:20:38
153.1,2.9,444.7,154.5,2.1,324.3,740.2,60.01,213.5,3.5,4.8,827.8,41.7,2.9,2.1,0,310.76006733134795,34.437,34.437,2025-06-12 12:21:25
154.5,2.9,437.2,152.1,2,316.4,724.8,60.02,213.4,3.4,4.8,827.8,41.7,2.9,2.1,0,310.76006733134795,34.312,34.312,2025-06-12 12:21:41
153,2.7,409.2,156.3,1.9,298.9,683.0,59.95,213,3.2,4.8,827.8,41.8,2.9,2.1,0,271.91505891492943,34.312,34.312,2025-06-12 12:22:27
155.3,2.6,396.6,153.9,1.9,295.2,666.8,59.97,213.1,3.1,4.8,827.8,41.9,2.9,2.1,0,271.91505891492943,34.312,34.312,2025-06-12 12:22:43
156.8,2.2,352.3,151.4,1.8,277.3,607.5,59.97,212.7,2.9,4.8,827.8,41.9,2.9,2.1,0,233.07005049851097,34.312,34.312,2025-06-12 12:23:30
155.2,2.3,361.4,154.4,1.7,273.3,613.4,59.96,212.7,2.9,4.8,827.8,41.9,2.9,2.1,0,233.07005049851097,34.187,34.187,2025-06-12 12:23:46
158.8,2.1,325.3,151.6,1.6,258.4,567.0,60.02,212.7,2.7,4.9,827.9,41.5,2.9,2.1,0,233.07005049851097,34.0,34.0,2025-06-12 12:24:32
152.4,2.2,334.5,154.4,1.5,251.5,570.9,60.02,212.9,2.6,4.9,827.9,41.4,2.9,2.1,0,233.07005049851097,33.937,33.937,2025-06-12 12:24:48
155.3,1.9,326.1,154.4,1.6,246.6,557.3,60.01,212.9,2.5,4.9,827.9,41.3,2.9,2.1,0,194.22504208209244,33.812,33.812,2025-06-12 12:25:35
155.2,2.1,322.0,154.4,1.6,242.6,549.0,60.02,212.8,2.5,4.9,827.9,41.3,2.9,2.1,0,194.22504208209244,33.75,33.75,2025-06-12 12:25:50
158.4,2,307.4,154.4,1.4,238.4,532.7,59.96,212.6,2.4,4.9,827.9,41.2,2.9,2.1,0,194.22504208209244,33.312,33.312,2025-06-12 12:26:37
155.1,2,312.9,151.7,1.5,236.1,533.5,59.97,212.6,2.5,4.9,827.9,41.2,2.9,2.1,0,194.22504208209244,33.25,33.25,2025-06-12 12:26:53
155.3,2,310.4,153.9,1.5,233.4,531.6,59.99,212.8,2.5,4.9,827.9,41.1,2.9,2.1,0,194.22504208209244,33.125,33.125,2025-06-12 12:27:40
155.4,2,312.4,155,1.5,230.1,528.0,59.99,212.8,2.5,4.9,827.9,41,2.9,2.1,0,194.22504208209244,32.937,32.937,2025-06-12 12:27:55
153,2,308.2,154.5,1.5,235.7,530.9,60.03,212.8,2.4,4.9,827.9,40.8,3.0,2.1,0,194.22504208209244,32.687,32.75,2025-06-12 12:28:42
157.7,1.9,307.4,154.4,1.5,235.9,529.4,60.03,212.5,2.4,4.9,827.9,40.8,3.0,2.1,0,194.22504208209244,32.687,32.687,2025-06-12 12:28:58
154.5,2,303.0,156.2,1.4,233.4,522.5,60.03,212.6,2.4,4.9,827.9,40.6,3.0,2.1,0,194.22504208209244,32.562,32.562,2025-06-12 12:29:44
156,1.9,302.7,151.9,1.5,230.8,520.8,60.01,212.7,2.4,4.9,827.9,40.6,3.0,2.1,0,194.22504208209244,32.562,32.562,2025-06-12 12:30:00
154.4,1.9,297.7,155.6,1.5,226.1,510.3,59.99,213.1,2.4,4.9,827.9,40.4,3.0,2.1,0,194.22504208209244,32.437,32.437,2025-06-12 12:30:47
158.3,1.9,297.0,154.4,1.5,229.3,513.6,60,212.7,2.4,4.9,827.9,40.4,3.0,2.1,0,194.22504208209244,32.437,32.437,2025-06-12 12:31:03
156.9,1.9,297.5,155.8,1.4,225.7,510.9,59.99,212.6,2.4,4.9,827.9,40.3,3.0,2.1,0,194.22504208209244,32.437,32.437,2025-06-12 12:31:49
158.3,1.9,297.6,154.4,1.4,226.0,511.4,59.97,212.1,2.4,4.9,827.9,40.3,3.0,2.1,0,194.22504208209244,32.312,32.375,2025-06-12 12:32:05
158.2,1.9,301.5,154.4,1.4,225.5,514.2,60.01,212.2,2.3,4.9,827.9,40.1,3.0,2.1,0,194.22504208209244,32.187,32.187,2025-06-12 12:32:52
158.3,1.9,303.1,154.4,1.4,225.4,515.1,60.01,212.2,2.4,4.9,827.9,40.1,3.0,2.1,0,194.22504208209244,32.125,32.125,2025-06-12 12:33:08
161.2,1.8,296.0,154.2,1.4,225.4,509.1,60,212,2.4,4.9,827.9,40,3.0,2.1,0,194.22504208209244,32.0,32.062,2025-06-12 12:33:54
155.3,1.9,302.1,154.3,1.4,225.6,514.4,59.99,211.9,2.4,4.9,827.9,40,3.0,2.1,0,194.22504208209244,32.0,32.0,2025-06-12 12:34:10
158.3,1.9,306.2,151.4,1.4,220.4,513.5,60.05,212.2,2.4,4.9,827.9,39.9,3.0,2.1,0,155.38003366567398,31.687,31.687,2025-06-12 12:34:57
158.4,1.9,308.0,151.4,1.4,219.6,514.1,59.99,212.1,2.4,4.9,827.9,39.9,3.0,2.1,0,155.38003366567398,31.687,31.562,2025-06-12 12:35:13
158.2,1.9,307.4,154.3,1.4,221.3,513.6,60.01,211.9,2.4,5.0,828.0,39.6,3.0,2.1,0,155.38003366567398,31.25,31.25,2025-06-12 12:35:59
160.6,1.9,305.7,153.9,1.4,217.9,511.1,59.96,212,2.4,5.0,828.0,39.6,3.0,2.1,0,194.22504208209244,31.187,31.25,2025-06-12 12:36:15
161.2,1.9,300.4,154.5,1.4,219.0,509.2,59.99,212,2.4,5.0,828.0,39.4,3.0,2.1,0,194.22504208209244,30.937,30.937,2025-06-12 12:37:02
156.1,1.9,301.0,153.7,1.4,214.7,504.9,60.01,212.1,2.4,5.0,828.0,39.3,3.0,2.1,0,194.22504208209244,30.875,30.875,2025-06-12 12:37:17
156.8,1.9,299.4,154.4,1.4,216.0,503.3,59.98,212.1,2.3,5.0,828.0,39,3.0,2.1,0,194.22504208209244,30.687,30.687,2025-06-12 12:38:04
158.2,1.9,298.1,155.2,1.4,215.1,501.7,59.98,212,2.3,5.0,828.0,39,3.0,2.1,0,155.38003366567398,30.562,30.562,2025-06-12 12:38:20
159.2,1.8,294.9,155.1,1.3,214.3,498.5,60,212.3,2.3,5.0,828.0,38.9,3.0,2.1,0,155.38003366567398,30.437,30.437,2025-06-12 12:39:07
159.5,1.8,293.8,155.8,1.3,213.9,496.1,60,212.2,2.3,5.0,828.0,38.9,3.0,2.1,0,155.38003366567398,30.5,30.5,2025-06-12 12:39:22
156.2,1.8,286.8,156.5,1.3,210.3,490.0,59.98,212.4,2.3,5.0,828.0,38.9,3.0,2.1,0,155.38003366567398,30.5,30.5,2025-06-12 12:40:09
158.3,1.8,289.7,154.4,1.3,209.4,489.3,59.97,212.3,2.3,5.0,828.0,38.9,3.0,2.1,0,155.38003366567398,30.437,30.437,2025-06-12 12:40:25
158.3,1.8,289.5,160.5,1.2,199.8,480.1,60.04,212.3,2.2,5.0,828.0,38.8,3.0,2.1,0,155.38003366567398,30.375,30.375,2025-06-12 12:41:12
158.2,1.8,287.6,157.3,1.3,208.2,486.4,60.03,212.5,2.3,5.0,828.0,38.7,3.0,2.1,0,155.38003366567398,30.312,30.312,2025-06-12 12:41:27
158.6,1.8,285.2,157.3,1.3,206.8,482.8,59.99,212.3,2.2,5.0,828.0,38.6,3.0,2.1,0,155.38003366567398,30.25,30.312,2025-06-12 12:42:14
161.3,1.7,282.2,154.4,1.3,205.7,478.5,60.03,212.3,2.2,5.0,828.0,38.6,3.0,2.1,0,155.38003366567398,30.25,30.25,2025-06-12 12:42:30
161.4,1.7,281.8,154.5,1.3,203.8,476.2,60.02,212.3,2.2,5.0,828.0,38.7,3.0,2.1,0,155.38003366567398,30.187,30.187,2025-06-12 12:43:16
158.2,1.8,283.0,158.9,1.1,204.0,477.7,60.01,212.4,2.1,5.0,828.0,38.7,3.0,2.1,0,155.38003366567398,30.187,30.187,2025-06-12 12:43:32
158.2,1.7,281.2,157.3,1.2,203.5,474.8,59.98,212.5,2.1,5.0,828.0,38.7,3.0,2.1,0,155.38003366567398,30.312,30.312,2025-06-12 12:44:19
157.3,1.7,277.4,157.2,1.2,202.0,469.7,60,212.5,2.2,5.0,828.0,38.7,3.0,2.1,0,155.38003366567398,30.312,30.312,2025-06-12 12:44:35
158.3,1.7,277.8,157.3,1.2,201.0,470.1,59.99,212.4,2.2,5.0,828.0,38.7,3.0,2.1,0,155.38003366567398,30.125,30.125,2025-06-12 12:45:21
161.1,1.7,277.2,154.5,1.2,199.8,467.5,59.98,212.1,2.2,5.0,828.0,38.7,3.0,2.1,0,155.38003366567398,29.937,29.937,2025-06-12 12:45:37
158.4,1.7,274.3,154.3,1.2,198.8,463.9,60.01,212,2.2,5.0,828.0,38.6,3.0,2.2,0,155.38003366567398,29.812,29.812,2025-06-12 12:46:24
158.2,1.7,274.3,157.3,1.2,200.0,464.9,60.05,212,2.1,5.0,828.0,38.6,3.0,2.2,0,155.38003366567398,29.812,29.812,2025-06-12 12:46:40
155.2,1.7,269.0,157.2,1.2,198.2,458.0,60.03,212.2,2.1,5.0,828.0,38.6,3.0,2.2,0,155.38003366567398,29.812,29.812,2025-06-12 12:47:26
159.9,1.7,272.6,157.5,1.2,194.4,457.0,60.04,212.2,2.1,5.0,828.0,38.5,3.0,2.2,0,155.38003366567398,29.75,29.75,2025-06-12 12:47:42
161,1.7,270.6,160,1.2,184.2,445.4,60.02,211.9,2.1,5.1,828.1,38.3,3.0,2.2,0,155.38003366567398,29.687,29.687,2025-06-12 12:48:29
158.5,1.7,268.2,154.4,1.2,194.6,452.3,60.02,212.1,2.1,5.1,828.1,38.3,3.0,2.2,0,155.38003366567398,29.625,29.687,2025-06-12 12:48:45
158.7,1.6,264.2,156.7,1.2,192.9,446.6,60.04,212.2,2.1,5.1,828.1,38.4,3.1,2.2,0,155.38003366567398,29.625,29.625,2025-06-12 12:49:31
155.4,1.6,259.7,157.8,1.2,191.2,442.0,60.03,212.1,2,5.1,828.1,38.4,3.1,2.2,0,155.38003366567398,29.625,29.625,2025-06-12 12:49:47
158.8,1.6,257.3,157.8,1.2,189.3,437.7,59.98,212.1,2,5.1,828.1,38.4,3.1,2.2,0,155.38003366567398,29.5,29.562,2025-06-12 12:50:34
161.2,1.5,256.6,160.4,1.2,182.0,430.6,60.01,211.6,2,5.1,828.1,38.3,3.1,2.2,0,155.38003366567398,29.5,29.5,2025-06-12 12:50:50
161.4,1.5,252.6,157.5,1.1,187.2,431.3,59.98,212.2,2,5.1,828.1,38.3,3.1,2.2,0,155.38003366567398,29.562,29.625,2025-06-12 12:51:36
158.2,1.5,252.0,160.4,1.2,178.7,421.9,60.01,212,2,5.1,828.1,38.3,3.1,2.2,0,155.38003366567398,29.625,29.625,2025-06-12 12:51:52
161.2,1.5,246.1,151.2,1.1,182.8,420.8,60.03,211.8,2,5.1,828.1,38.3,3.1,2.2,0,155.38003366567398,29.625,29.687,2025-06-12 12:52:39
156.6,1.5,246.4,157.3,1.1,184.3,422.3,60.01,211.9,2,5.1,828.1,38.2,3.1,2.2,0,155.38003366567398,29.625,29.625,2025-06-12 12:52:54
158.5,1.5,242.4,154.6,1.1,183.3,417.8,60.04,212,1.9,5.1,828.1,38.3,3.1,2.2,0,155.38003366567398,29.625,29.625,2025-06-12 12:53:41
155.3,1.5,238.7,155.8,1.1,182.9,413.3,60.04,211.8,1.9,5.1,828.1,38.3,3.1,2.2,0,155.38003366567398,29.625,29.625,2025-06-12 12:53:57
160.2,1.5,238.0,157.3,1.1,183.1,412.9,60.01,211.7,1.9,5.1,828.1,38.3,3.1,2.2,0,155.38003366567398,29.562,29.562,2025-06-12 12:54:44
156.8,1.5,238.9,155.8,1.1,181.8,412.4,60.02,211.6,1.9,5.1,828.1,38.3,3.1,2.2,0,155.38003366567398,29.562,29.625,2025-06-12 12:54:59
158.3,1.5,237.4,156.4,1.1,181.6,410.7,59.99,211.5,1.9,5.1,828.1,38.3,3.1,2.2,0,116.53502524925548,29.5,29.5,2025-06-12 12:55:46
155.3,1.5,233.0,155.5,1.1,180.8,406.4,59.97,211.6,1.9,5.1,828.1,38.3,3.1,2.2,0,116.53502524925548,29.562,29.562,2025-06-12 12:56:02
161.2,1.4,232.9,157.8,1,181.1,405.9,60.02,211.8,1.8,5.1,828.1,38.2,3.1,2.2,0,155.38003366567398,29.562,29.562,2025-06-12 12:56:48
158.4,1.4,233.6,151.4,1.1,177.2,402.7,60.03,211.6,1.9,5.1,828.1,38.2,3.1,2.2,0,155.38003366567398,29.562,29.562,2025-06-12 12:57:04
158.3,1.4,232.7,156.9,1.1,180.1,404.1,59.98,211.7,1.9,5.1,828.1,38.2,3.1,2.2,0,155.38003366567398,29.562,29.562,2025-06-12 12:57:51
161.2,1.4,230.1,157.4,1.1,180.1,402.3,60,211.7,1.9,5.1,828.1,38.1,3.1,2.2,0,155.38003366567398,29.562,29.562,2025-06-12 12:58:07
155.3,1.4,227.2,157.4,1.1,178.1,397.3,59.98,211.8,1.8,5.1,828.1,38.1,3.1,2.2,0,116.53502524925548,29.625,29.625,2025-06-12 12:58:53
158.4,1.4,228.5,154.4,1.1,178.5,399.1,60.01,212.1,1.8,5.1,828.1,38.1,3.1,2.2,0,155.38003366567398,29.625,29.625,2025-06-12 12:59:09
158.1,1.4,226.6,151.1,1.1,176.3,393.7,59.98,212,1.8,5.1,828.1,38.1,3.1,2.2,0,155.38003366567398,29.5,29.5,2025-06-12 12:59:56
158.3,1.4,226.3,154.4,1.1,176.9,395.3,59.99,211.9,1.8,5.1,828.1,38.1,3.1,2.2,0,116.53502524925548,29.5,29.5,2025-06-12 13:00:12
158.3,1.4,225.2,154.4,1.1,175.2,392.6,60.02,211.7,1.8,5.1,828.1,38,3.1,2.2,0,116.53502524925548,29.437,29.5,2025-06-12 13:00:58
158.3,1.4,223.8,151.3,1.1,172.1,388.2,60.03,211.6,1.8,5.1,828.1,38,3.1,2.2,0,116.53502524925548,29.437,29.437,2025-06-12 13:01:14
160.9,1.3,221.7,151.7,1.1,173.6,385.1,60.03,211.6,1.8,5.1,828.1,37.9,3.1,2.2,0,116.53502524925548,29.375,29.375,2025-06-12 13:02:01
159.8,1.4,221.7,152.9,1.1,171.2,385.0,60.04,211.7,1.8,5.1,828.1,38,3.1,2.2,0,116.53502524925548,29.375,29.375,2025-06-12 13:02:17
157.8,1.3,220.7,154.2,1.1,172.6,386.0,60,211.6,1.8,5.2,828.2,37.9,3.1,2.2,0,116.53502524925548,29.437,29.437,2025-06-12 13:03:03
159.2,1.3,220.6,151.5,1.1,169.8,382.8,59.98,211.7,1.8,5.2,828.2,37.9,3.1,2.2,0,116.53502524925548,29.437,29.437,2025-06-12 13:03:19
161.2,1.3,219.8,157.3,1,172.3,384.5,59.99,211.8,1.7,5.2,828.2,37.8,3.1,2.2,0,116.53502524925548,29.562,29.562,2025-06-12 13:04:06
158.4,1.3,219.4,156.5,1.1,171.7,383.4,59.98,211.8,1.8,5.2,828.2,37.8,3.1,2.2,0,116.53502524925548,29.562,29.562,2025-06-12 13:04:21
158.3,1.3,219.3,151.4,1.1,169.0,381.1,59.96,211.8,1.8,5.2,828.2,37.8,3.1,2.2,0,116.53502524925548,29.562,29.562,2025-06-12 13:05:08
161.2,1.3,218.8,154.8,1,171.7,383.6,59.96,211.9,1.8,5.2,828.2,37.8,3.1,2.2,0,116.53502524925548,29.562,29.562,2025-06-12 13:05:24
161,1.3,216.8,154.4,1.1,172.4,381.5,60,212,1.7,5.2,828.2,37.8,3.1,2.2,0,116.53502524925548,29.5,29.5,2025-06-12 13:06:11
158.3,1.3,218.8,151.4,1.1,169.0,380.4,59.98,211.8,1.7,5.2,828.2,37.7,3.1,2.2,0,116.53502524925548,29.375,29.375,2025-06-12 13:06:26
158.4,1.3,219.6,157.3,1,170.2,382.3,60.02,211.7,1.8,5.2,828.2,37.5,3.1,2.2,0,116.53502524925548,29.187,29.187,2025-06-12 13:07:13
161.2,1.3,219.9,154,1.1,170.8,383.2,60.03,211.6,1.8,5.2,828.2,37.5,3.1,2.2,0,116.53502524925548,29.187,29.187,2025-06-12 13:07:29
161.2,1.3,218.6,154.4,1,170.1,381.1,60.02,211.8,1.7,5.2,828.2,37.5,3.1,2.2,0,116.53502524925548,29.25,29.25,2025-06-12 13:08:16
163.7,1.2,213.5,154.3,1,168.9,375.7,59.99,211.8,1.7,5.2,828.2,37.5,3.1,2.2,0,116.53502524925548,29.25,29.25,2025-06-12 13:08:31
162.8,1.2,213.7,155.2,1,168.9,375.6,60.01,211.4,1.7,5.2,828.2,37.5,3.1,2.2,0,116.53502524925548,29.0,28.937,2025-06-12 13:09:18
161.1,1.3,215.0,151.7,1,165.6,373.4,60,211.6,1.7,5.2,828.2,37.4,3.1,2.2,0,116.53502524925548,28.875,28.937,2025-06-12 13:09:34
160.2,1.3,213.3,156.3,1,167.0,372.6,60.02,211.5,1.7,5.2,828.2,37.4,3.1,2.2,0,116.53502524925548,28.312,28.312,2025-06-12 13:10:20
163.4,1.2,199.8,157.1,1,167.6,360.3,60.02,211.4,1.7,5.2,828.2,37.4,3.1,2.2,0,116.53502524925548,28.312,28.187,2025-06-12 13:10:36
159.3,1.3,211.7,153.3,1,164.8,369.3,60.05,211.6,1.7,5.2,828.2,37.3,3.1,2.2,0,116.53502524925548,27.75,27.75,2025-06-12 13:11:23
161.1,1.3,210.8,154.6,1,166.6,369.9,60.03,211.5,1.7,5.2,828.2,37.3,3.1,2.2,0,116.53502524925548,27.625,27.625,2025-06-12 13:11:39
158.5,1.3,209.4,154.3,1,165.9,367.9,60.02,211.8,1.7,5.2,828.2,37.2,3.1,2.2,0,116.53502524925548,27.437,27.437,2025-06-12 13:12:25
161.2,1.2,210.3,154.7,1,166.1,369.2,60,211.7,1.7,5.2,828.2,37.2,3.1,2.2,0,116.53502524925548,27.375,27.375,2025-06-12 13:12:41
161.4,1.2,209.9,157.3,1,166.1,368.8,59.95,211.5,1.7,5.2,828.2,37.1,3.1,2.2,0,116.53502524925548,27.312,27.312,2025-06-12 13:13:28
164.4,1.3,196.9,154.4,1,166.2,356.5,59.97,211.6,1.7,5.2,828.2,37.1,3.1,2.2,0,116.53502524925548,27.312,27.375,2025-06-12 13:13:44
164.6,1.2,197.4,151.4,1,163.7,354.9,60.03,211.7,1.7,5.2,828.2,37.1,3.1,2.2,0,116.53502524925548,27.375,27.375,2025-06-12 13:14:30
161.1,1.3,208.9,157.3,1,165.8,367.5,60.06,211.8,1.7,5.2,828.2,37,3.1,2.2,0,116.53502524925548,27.312,27.375,2025-06-12 13:14:46
161,1.3,208.6,154.5,1,164.7,366.0,60.02,211.7,1.7,5.2,828.2,37,3.1,2.2,0,116.53502524925548,27.25,27.25,2025-06-12 13:15:33
161,1.2,207.6,154.7,1,164.9,365.2,59.97,211.7,1.7,5.2,828.2,37,3.1,2.2,0,116.53502524925548,27.25,27.25,2025-06-12 13:15:48
158.2,1.2,206.3,156.6,1,163.7,362.7,59.99,211.3,1.7,5.2,828.2,37,3.2,2.2,0,116.53502524925548,27.375,27.375,2025-06-12 13:16:35
162,1.2,200.4,159.6,0.9,161.9,355.0,59.96,211.5,1.6,5.2,828.2,37,3.2,2.2,0,116.53502524925548,27.375,27.312,2025-06-12 13:16:51
161.5,1.2,207.8,159,0.9,163.0,363.6,60.01,211.8,1.7,5.2,828.2,37,3.2,2.2,0,116.53502524925548,27.312,27.312,2025-06-12 13:17:38
160.6,1.2,206.0,157.4,1,163.3,362.1,60.02,211.7,1.7,5.2,828.2,36.9,3.2,2.2,0,116.53502524925548,27.25,27.25,2025-06-12 13:17:53
161.5,1.2,208.0,157.4,1,163.2,364.0,60,211.5,1.7,5.3,828.3,36.9,3.2,2.2,0,116.53502524925548,27.312,27.312,2025-06-12 13:18:40
160.3,1.2,206.8,157.4,0.9,163.2,363.0,60,211.5,1.6,5.3,828.3,36.9,3.2,2.2,0,116.53502524925548,27.312,27.312,2025-06-12 13:18:56
161.1,1.2,208.4,157.2,1,163.7,364.7,59.97,211.6,1.7,5.3,828.3,36.9,3.2,2.2,0,116.53502524925548,27.437,27.437,2025-06-12 13:19:43
161,1.2,208.9,157.4,1,163.8,364.8,59.97,211.7,1.7,5.3,828.3,36.9,3.2,2.2,0,116.53502524925548,27.437,27.5,2025-06-12 13:19:58
161.6,1.2,209.3,157.2,1,160.3,363.2,60.02,211.6,1.7,5.3,828.3,36.9,3.2,2.3,0,116.53502524925548,27.25,27.25,2025-06-12 13:20:45
158.4,1.2,207.3,154.3,1,160.5,360.8,59.99,211.5,1.7,5.3,828.3,36.9,3.2,2.3,0,116.53502524925548,27.25,27.312,2025-06-12 13:21:01
158.3,1.3,207.9,154.4,1,159.5,360.3,59.99,211.5,1.7,5.3,828.3,36.9,3.2,2.3,0,116.53502524925548,27.187,27.187,2025-06-12 13:21:48
161.2,1.1,210.9,157.3,1,160.0,363.7,59.97,211.3,1.6,5.3,828.3,36.9,3.2,2.3,0,116.53502524925548,27.125,27.125,2025-06-12 13:22:03
161.2,1.3,213.0,157.4,1,159.4,365.0,59.97,211.3,1.6,5.3,828.3,36.7,3.2,2.3,0,116.53502524925548,26.875,26.875,2025-06-12 13:22:50
160.8,1.3,208.9,160.4,0.9,153.0,359.6,59.97,211.6,1.7,5.3,828.3,36.6,3.2,2.3,0,116.53502524925548,26.875,26.937,2025-06-12 13:23:06
161.4,1.3,208.4,157.4,1,159.4,360.2,59.97,211.3,1.7,5.3,828.3,36.5,3.2,2.3,0,116.53502524925548,26.875,26.875,2025-06-12 13:23:53
158.3,1.3,215.2,158.6,0.9,152.0,359.9,59.97,211.2,1.7,5.3,828.3,36.4,3.2,2.3,0,116.53502524925548,26.875,26.875,2025-06-12 13:24:08
161.3,1.3,218.1,157.3,1,160.2,373.0,60,211.2,1.7,5.3,828.3,36.3,3.2,2.3,0,116.53502524925548,26.937,26.937,2025-06-12 13:24:55
161.1,1.3,221.1,158.9,1,152.5,366.9,59.97,211.5,1.7,5.3,828.3,36.3,3.2,2.3,0,116.53502524925548,27.0,27.0,2025-06-12 13:25:11
161.7,1.2,225.7,159.6,1,152.5,371.1,59.96,211.6,1.7,5.3,828.3,36,3.2,2.3,0,116.53502524925548,27.0,27.062,2025-06-12 13:25:57
159.8,1.4,225.5,156,1,160.4,378.6,59.98,211.4,1.7,5.3,828.3,36,3.2,2.3,0,116.53502524925548,27.062,27.062,2025-06-12 13:26:13
161.3,1.4,228.9,156.6,1,161.5,382.7,59.99,211.4,1.8,5.3,828.3,36.1,3.2,2.3,0,116.53502524925548,27.25,27.312,2025-06-12 13:27:00
161.2,1.4,230.0,155.2,1,160.7,384.2,59.98,211.5,1.8,5.3,828.3,36.1,3.2,2.3,0,116.53502524925548,27.312,27.312,2025-06-12 13:27:16
161.1,1.4,234.7,154.8,1,162.7,390.1,59.98,211.5,1.8,5.3,828.3,36,3.2,2.3,0,116.53502524925548,27.187,27.25,2025-06-12 13:28:02
161.2,1.4,237.7,160.5,0.9,160.3,390.6,59.99,211.6,1.8,5.3,828.3,36,3.2,2.3,0,116.53502524925548,27.125,27.125,2025-06-12 13:28:18
158.2,1.5,239.8,157.3,0.9,163.9,396.4,60.03,211.6,1.8,5.3,828.3,35.8,3.2,2.3,0,116.53502524925548,27.125,27.187,2025-06-12 13:29:05
164.2,1.4,240.6,157.3,1,169.5,402.6,60.02,211.5,1.9,5.3,828.3,35.7,3.2,2.3,0,116.53502524925548,27.187,27.187,2025-06-12 13:29:20
161.3,1.5,250.6,157.4,1.1,172.1,414.2,60.01,211.5,2,5.3,828.3,35.7,3.2,2.3,0,116.53502524925548,27.187,27.187,2025-06-12 13:30:07
164.1,1.5,250.4,154.4,1,171.8,414.5,60.01,211.6,1.9,5.3,828.3,35.7,3.2,2.3,0,116.53502524925548,27.125,27.125,2025-06-12 13:30:23
161.1,1.6,260.4,154.4,1.1,175.6,427.2,60.01,211.9,2,5.3,828.3,35.5,3.2,2.3,0,116.53502524925548,27.062,27.062,2025-06-12 13:31:10
161.4,1.6,262.0,157.2,1,179.1,432.2,59.99,211.9,2,5.3,828.3,35.4,3.2,2.3,0,116.53502524925548,27.062,27.062,2025-06-12 13:31:25
158.1,1.7,268.4,157.3,1.1,182.6,442.2,60.02,212,2,5.3,828.3,35.4,3.2,2.3,0,155.38003366567398,27.125,27.125,2025-06-12 13:32:12
164.4,1.7,275.1,157.2,1.1,184.4,443.1,60,212,2.1,5.3,828.3,35.3,3.2,2.3,0,155.38003366567398,27.187,27.187,2025-06-12 13:32:28
160.7,1.7,278.4,157.9,1.2,187.0,459.6,60,211.6,2.1,5.3,828.3,35.4,3.2,2.3,0,155.38003366567398,27.25,27.312,2025-06-12 13:33:15
161,1.7,282.4,154.3,1.2,185.4,459.0,59.99,211.6,2.1,5.3,828.3,35.4,3.2,2.3,0,155.38003366567398,27.312,27.312,2025-06-12 13:33:30
161.1,1.8,289.9,154.6,1.2,189.1,469.1,60.03,212,2.2,5.4,828.4,35.4,3.2,2.3,0,155.38003366567398,27.375,27.437,2025-06-12 13:34:17
160.4,1.8,291.5,157.1,1.2,191.9,473.9,60,211.9,2.2,5.4,828.4,35.4,3.2,2.3,0,155.38003366567398,27.437,27.437,2025-06-12 13:34:33
164.1,1.8,293.7,157.4,1.1,196.4,480.6,60.03,212,2.2,5.4,828.4,35.4,3.2,2.3,0,155.38003366567398,27.625,27.687,2025-06-12 13:35:20
158.6,1.8,296.0,157.7,1.2,195.6,481.8,60.01,211.9,2.3,5.4,828.4,35.4,3.2,2.3,0,155.38003366567398,27.625,27.625,2025-06-12 13:35:35
164.1,1.9,303.3,157.4,1.2,198.9,492.5,60.01,211.9,2.3,5.4,828.4,35.5,3.2,2.3,0,155.38003366567398,27.625,27.625,2025-06-12 13:36:22
161.2,1.9,310.3,154.3,1.3,199.3,495.5,60.04,211.9,2.3,5.4,828.4,35.5,3.2,2.3,0,155.38003366567398,27.562,27.562,2025-06-12 13:36:38
158.4,1.9,313.2,154.5,1.3,203.6,506.9,60.03,211.8,2.4,5.4,828.4,35.5,3.2,2.3,0,194.22504208209244,27.5,27.5,2025-06-12 13:37:24
164.1,2,318.3,157.3,1.3,209.1,515.6,60.03,211.9,2.4,5.4,828.4,35.5,3.2,2.3,0,194.22504208209244,27.5,27.5,2025-06-12 13:37:40
161.1,2,327.9,157.4,1.3,214.6,529.2,60.02,211.9,2.5,5.4,828.4,35.5,3.2,2.3,0,194.22504208209244,27.5,27.5,2025-06-12 13:38:27
161.2,2,330.3,157.2,1.3,212.3,530.0,60.03,211.9,2.5,5.4,828.4,35.5,3.2,2.3,0,194.22504208209244,27.562,27.562,2025-06-12 13:38:43
163.7,2,332.6,157.7,1.4,213.8,533.3,60.01,212,2.5,5.4,828.4,35.6,3.2,2.3,0,194.22504208209244,27.625,27.625,2025-06-12 13:39:29
158.4,2.1,331.0,154.5,1.4,217.6,534.2,60.02,211.9,2.6,5.4,828.4,35.7,3.2,2.3,0,194.22504208209244,27.687,27.687,2025-06-12 13:39:45
161.9,2.1,328.5,154.3,1.4,219.6,533.8,60.01,211.9,2.5,5.4,828.4,35.7,3.3,2.3,0,194.22504208209244,27.687,27.687,2025-06-12 13:40:32
160.9,2.1,330.4,157.3,1.3,223.0,542.7,59.98,212,2.5,5.4,828.4,35.7,3.3,2.3,0,194.22504208209244,27.687,27.687,2025-06-12 13:40:47
161.2,2,331.6,157.2,1.4,223.1,539.7,60.02,211.9,2.5,5.4,828.4,35.7,3.3,2.3,0,194.22504208209244,27.812,27.812,2025-06-12 13:41:34
161.1,1.9,329.9,157.3,1.4,222.6,538.2,60.03,212,2.4,5.4,828.4,35.7,3.3,2.3,0,194.22504208209244,27.875,27.875,2025-06-12 13:41:50
159.1,2,324.3,157.4,1.4,220.0,526.7,59.99,212,2.4,5.4,828.4,35.7,3.3,2.3,0,194.22504208209244,27.937,28.0,2025-06-12 13:42:37
163.8,2,310.4,154.9,1.4,217.4,514.0,60.03,211.8,2.5,5.4,828.4,35.7,3.3,2.3,0,155.38003366567398,27.937,27.937,2025-06-12 13:42:52
161.2,2,319.0,154.4,1.3,216.4,521.8,60.01,212.1,2.4,5.4,828.4,35.7,3.3,2.3,0,155.38003366567398,27.875,27.875,2025-06-12 13:43:39
161.2,2,319.4,157.5,1.3,218.4,524.7,60.04,212,2.4,5.4,828.4,35.6,3.3,2.3,0,194.22504208209244,27.875,27.875,2025-06-12 13:43:55
161.2,1.9,319.8,157.3,1.3,218.9,525.6,60.03,212.1,2.4,5.4,828.4,35.5,3.3,2.3,0,155.38003366567398,27.687,27.75,2025-06-12 13:44:42
161.2,2,320.3,157.4,1.4,219.0,526.2,60.04,212.1,2.4,5.4,828.4,35.5,3.3,2.3,0,194.22504208209244,27.687,27.687,2025-06-12 13:44:57
164.2,2,312.4,157.5,1.4,220.7,518.9,60.02,212,2.5,5.5,828.5,35.6,3.3,2.3,0,194.22504208209244,27.812,27.875,2025-06-12 13:45:44
158.3,2,320.7,154.5,1.4,221.6,529.3,60.01,212,2.5,5.5,828.5,35.6,3.3,2.3,0,194.22504208209244,27.812,27.812,2025-06-12 13:46:00
161.1,2,327.6,154.3,1.4,224.8,540.3,60.01,211.9,2.5,5.5,828.5,35.6,3.3,2.3,0,194.22504208209244,27.875,27.875,2025-06-12 13:46:47
161.2,2,332.4,157.3,1.4,228.7,546.3,59.97,211.6,2.6,5.5,828.5,35.7,3.3,2.3,0,194.22504208209244,27.937,27.937,2025-06-12 13:47:02
158.8,2.1,334.7,157.3,1.4,232.4,552.0,60,211.4,2.6,5.5,828.5,35.7,3.3,2.3,0,194.22504208209244,28.125,28.187,2025-06-12 13:47:49
163.6,1.9,331.5,157.7,1.5,228.6,545.7,59.98,211.7,2.5,5.5,828.5,35.7,3.3,2.3,0,194.22504208209244,28.187,28.187,2025-06-12 13:48:05
160.5,2.1,336.6,158.3,1.5,230.5,551.3,60.01,211.7,2.6,5.5,828.5,35.8,3.3,2.3,0,194.22504208209244,28.312,28.312,2025-06-12 13:48:52
162,2.1,331.2,155,1.5,238.3,553.7,60.02,211.6,2.6,5.5,828.5,35.8,3.3,2.3,0,194.22504208209244,28.125,28.125,2025-06-12 13:49:07
161.2,2.2,347.2,155.1,1.5,244.6,575.5,60.03,211.4,2.7,5.5,828.5,35.8,3.3,2.3,0,194.22504208209244,28.0,28.0,2025-06-12 13:49:54
161.3,2.2,350.5,156.8,1.5,245.9,582.3,60.03,211.5,2.7,5.5,828.5,35.8,3.3,2.3,0,194.22504208209244,27.937,28.0,2025-06-12 13:50:10
162.4,2.1,355.6,159,1.5,253.1,574.3,60.02,211.8,2.7,5.5,828.5,35.9,3.3,2.3,0,194.22504208209244,27.812,27.812,2025-06-12 13:50:56
158.8,2.2,354.4,157.2,1.6,257.5,593.9,60.02,212.2,2.7,5.5,828.5,35.9,3.3,2.4,0,194.22504208209244,27.812,27.812,2025-06-12 13:51:12
162.8,2.3,360.5,154.5,1.7,260.6,602.5,60.02,211.9,2.8,5.5,828.5,35.9,3.3,2.4,0,233.07005049851097,27.75,27.812,2025-06-12 13:51:59
161.2,2.3,369.6,157.2,1.7,265.6,614.7,59.98,211.8,2.9,5.5,828.5,35.9,3.3,2.4,0,233.07005049851097,27.687,27.687,2025-06-12 13:52:14
161.3,2.3,374.6,157.3,1.7,269.6,623.4,60,212,2.9,5.5,828.5,36,3.3,2.4,0,233.07005049851097,27.75,27.812,2025-06-12 13:53:01
161.2,2.2,376.5,160.7,1.7,262.0,619.1,60.04,212.1,2.8,5.5,828.5,36,3.3,2.4,0,233.07005049851097,27.812,27.812,2025-06-12 13:53:17
158.4,2.3,373.6,157.3,1.7,274.0,625.6,60.02,212.1,2.9,5.5,828.5,36,3.3,2.4,0,233.07005049851097,27.812,27.812,2025-06-12 13:54:04
164.3,2.3,362.6,157.3,1.7,274.3,622.9,60.03,212,3,5.5,828.5,36,3.3,2.4,0,233.07005049851097,27.875,27.937,2025-06-12 13:54:19
161.3,2.4,379.8,157.3,1.7,275.1,632.9,60.01,211.9,3,5.5,828.5,36.1,3.3,2.4,0,233.07005049851097,28.125,28.187,2025-06-12 13:55:06
161.2,2.4,382.7,157.3,1.7,276.5,637.2,60.04,212,3,5.5,828.5,36.1,3.3,2.4,0,233.07005049851097,28.312,28.312,2025-06-12 13:55:22
161.2,2.3,391.7,157.3,1.8,284.3,650.4,60.02,212.3,3,5.6,828.6,36.1,3.3,2.4,0,233.07005049851097,28.437,28.5,2025-06-12 13:56:09
158.5,2.5,394.6,154.4,1.8,284.4,653.1,60.02,212.2,3.1,5.6,828.6,36.2,3.3,2.4,0,233.07005049851097,28.5,28.5,2025-06-12 13:56:24
162.5,2.6,397.3,154.5,1.9,294.7,670.3,60.01,212.4,3.2,5.6,828.6,36.2,3.3,2.4,0,233.07005049851097,28.5,28.5,2025-06-12 13:57:11
160.8,2.6,414.0,157.4,1.9,300.9,687.4,60.02,212.4,3.3,5.6,828.6,36.2,3.4,2.4,0,271.91505891492943,28.5,28.5,2025-06-12 13:57:27
161.2,2.6,426.0,157.3,1.9,309.7,707.3,59.97,212.3,3.3,5.6,828.6,36.3,3.4,2.4,0,271.91505891492943,28.625,28.687,2025-06-12 13:58:14
161.2,2.6,426.8,157.3,1.9,311.2,709.9,60,212.4,3.3,5.6,828.6,36.3,3.4,2.4,0,271.91505891492943,28.75,28.75,2025-06-12 13:58:29
159.4,2.7,425.7,155.4,2,317.4,714.6,60.04,212.4,3.3,5.6,828.6,36.4,3.4,2.4,0,271.91505891492943,28.937,28.937,2025-06-12 13:59:16
162.8,2.5,407.5,160.2,1.9,309.4,690.5,60.03,212.2,3.3,5.6,828.6,36.4,3.4,2.4,0,271.91505891492943,28.937,28.937,2025-06-12 13:59:32
159.9,2.6,421.1,156.1,2,315.5,714.3,60.01,212,3.4,5.6,828.6,36.5,3.4,2.4,0,271.91505891492943,29.437,29.437,2025-06-12 14:00:18
161.2,2.6,425.8,157.4,2,320.2,716.7,59.98,212,3.3,5.6,828.6,36.5,3.4,2.4,0,271.91505891492943,29.562,29.562,2025-06-12 14:00:34
161.2,2.6,428.3,157.3,2,322.6,721.3,59.98,212.1,3.3,5.6,828.6,36.4,3.4,2.4,0,271.91505891492943,29.5,29.5,2025-06-12 14:01:21
161.1,2.7,429.4,157.2,2.1,323.6,724.4,60,212.2,3.4,5.6,828.6,36.5,3.4,2.4,0,271.91505891492943,29.437,29.375,2025-06-12 14:01:37
164.1,2.5,423.5,160.4,2.1,325.2,721.6,60.02,212.3,3.4,5.6,828.6,36.6,3.4,2.4,0,271.91505891492943,29.437,29.437,2025-06-12 14:02:23
158.6,2.7,435.0,154.2,2.1,329.5,734.6,60,212.3,3.5,5.6,828.6,36.7,3.4,2.4,0,271.91505891492943,29.562,29.562,2025-06-12 14:02:39
161.3,2.8,444.2,157.3,2.1,342.1,755.5,60.01,212.4,3.5,5.6,828.6,36.8,3.4,2.4,0,310.76006733134795,29.937,29.937,2025-06-12 14:03:26
161.2,2.8,451.6,154.8,2.2,343.8,767.0,60,212.4,3.6,5.6,828.6,36.8,3.4,2.4,0,271.91505891492943,29.937,30.0,2025-06-12 14:03:42
161.3,2.9,469.2,160.4,2.2,347.3,786.7,60.03,212.5,3.7,5.7,828.7,36.9,3.4,2.4,0,310.76006733134795,29.687,29.687,2025-06-12 14:04:28
163.1,2.8,474.8,154.8,2.3,357.0,799.6,60.05,212.5,3.6,5.7,828.7,36.8,3.4,2.4,0,310.76006733134795,29.625,29.625,2025-06-12 14:04:44
158.2,3.1,502.1,156.2,2.4,370.2,834.5,60.04,212.6,4,5.7,828.7,36.9,3.4,2.4,0,349.6050757477664,30.0,30.062,2025-06-12 14:05:31
162.5,3.2,495.8,158.2,2.4,372.4,831.8,60.03,212.7,4.1,5.7,828.7,37,3.4,2.4,0,349.6050757477664,30.0,30.0,2025-06-12 14:05:46
161.2,3.5,565.4,157.3,2.6,414.4,937.3,59.99,212.4,4.3,5.7,828.7,37,3.4,2.4,0,388.4500841641849,29.687,29.687,2025-06-12 14:06:33
161.3,3.7,594.5,157.3,2.8,435.2,982.7,59.99,212.3,4.6,5.7,828.7,37,3.4,2.4,0,427.2950925806034,29.625,29.625,2025-06-12 14:06:49
157.7,6.3,975.5,159.4,4.5,719.1,1599.6,59.98,213.1,7.7,5.7,828.7,37.2,3.4,2.4,0,776.9001683283698,29.812,29.812,2025-06-12 14:07:36
161.2,6,986.6,156.3,4.7,736.5,1628.0,59.98,213.2,7.6,5.7,828.7,37.4,3.4,2.4,0,776.9001683283698,30.25,30.312,2025-06-12 14:07:51
162,3.9,619.1,152.6,3,470.7,1037.9,59.98,212.7,4.8,5.7,828.7,37.7,3.4,2.4,0,427.2950925806034,30.937,30.937,2025-06-12 14:08:38
161.6,3.7,583.6,154.4,2.9,446.3,985.4,60,212.4,4.6,5.7,828.7,37.8,3.4,2.5,0,427.2950925806034,30.937,31.0,2025-06-12 14:08:54
159.9,3.9,616.9,154.4,3.1,473.7,1038.3,60.03,212.5,4.9,5.7,828.7,37.6,3.5,2.5,0,466.14010099702193,30.687,30.687,2025-06-12 14:09:41
159.9,4,627.8,157.4,3.1,481.7,1057.3,59.98,212.8,4.9,5.7,828.7,37.5,3.5,2.5,0,466.14010099702193,30.812,30.812,2025-06-12 14:09:56
156.6,3.7,580.5,155.7,2.8,444.1,978.1,59.99,212.7,4.5,5.8,828.8,37.4,3.5,2.5,0,388.4500841641849,30.625,30.625,2025-06-12 14:10:43
162.6,3.6,567.5,155.9,2.8,443.2,966.0,59.98,212.6,4.5,5.8,828.8,37.4,3.5,2.5,0,427.2950925806034,30.625,30.5,2025-06-12 14:10:59
160.1,3.7,580.7,158.9,2.8,434.9,969.2,60.01,212.6,4.6,5.8,828.8,37.3,3.5,2.5,0,427.2950925806034,30.437,30.5,2025-06-12 14:11:46
159.9,3.8,593.6,152.9,2.9,448.4,1002.9,60.01,212.7,4.6,5.8,828.8,37.2,3.5,2.5,0,427.2950925806034,30.5,30.5,2025-06-12 14:12:01
159.8,4,650.7,154.4,3.2,494.7,1089.7,59.99,212.9,4.9,5.8,828.8,37.2,3.5,2.5,0,466.14010099702193,30.687,30.75,2025-06-12 14:12:48
159.9,4.2,660.1,156.1,3.2,497.2,1101.1,60,212.8,5.1,5.8,828.8,37.2,3.5,2.5,0,466.14010099702193,30.75,30.75,2025-06-12 14:13:04
160.5,4.2,647.6,154.5,3.2,510.7,1116.1,59.96,212.5,5.3,5.8,828.8,37.3,3.5,2.5,0,504.9851094134404,30.812,30.75,2025-06-12 14:13:51
157.5,4.6,723.0,156.7,3.6,555.9,1214.0,59.96,212.6,5.7,5.8,828.8,37.3,3.5,2.5,0,543.8301178298589,30.687,30.687,2025-06-12 14:14:06
158.3,4.3,684.7,156.6,3.5,538.7,1161.9,59.99,212.5,5.4,5.8,828.8,37.5,3.5,2.5,0,504.9851094134404,30.812,30.812,2025-06-12 14:14:53
158.3,4.2,656.7,154.4,3.3,516.4,1114.9,59.99,212.5,5.1,5.8,828.8,37.6,3.5,2.5,0,504.9851094134404,30.937,30.937,2025-06-12 14:15:09
157.6,4.2,657.3,154.5,3.3,512.6,1112.9,60.03,212.7,5.1,5.9,828.9,37.7,3.5,2.5,0,466.14010099702193,31.5,31.5,2025-06-12 14:15:55
159,4,664.3,154.4,3.3,515.6,1121.7,60.03,212.7,5.1,5.9,828.9,37.8,3.5,2.5,0,504.9851094134404,31.625,31.625,2025-06-12 14:16:11
155.8,4.2,643.7,153.9,3.3,503.2,1089.6,59.98,212.7,5.1,5.9,828.9,37.9,3.5,2.5,0,466.14010099702193,32.187,32.187,2025-06-12 14:16:58
160.7,4.3,675.6,154.3,3.4,521.4,1137.8,60,212.8,5.3,5.9,828.9,38,3.5,2.5,0,504.9851094134404,32.187,32.437,2025-06-12 14:17:14
156.8,5.1,777.6,158.6,3.8,571.0,1278.1,60,213,6.2,5.9,828.9,38.1,3.5,2.5,0,582.6751262462774,32.312,32.312,2025-06-12 14:18:00
158.5,5.9,919.0,154.5,4.6,707.8,1535.8,60.04,213.2,7.2,5.9,828.9,38.2,3.5,2.5,0,738.0551599119514,32.312,32.312,2025-06-12 14:18:16
160.9,5.3,819.2,155.6,4.2,656.4,1396.5,60,212.8,6.6,5.9,828.9,38.5,3.6,2.5,0,660.3651430791144,32.875,32.875,2025-06-12 14:19:03
158.4,4.8,751.4,152.6,3.8,588.8,1270.1,60,212.5,5.9,5.9,828.9,38.5,3.6,2.5,0,582.6751262462774,32.812,32.875,2025-06-12 14:19:18
159.9,4.9,771.6,153,4,597.7,1300.5,60.01,212.8,6.2,5.9,828.9,38.7,3.6,2.5,0,621.5201346626959,32.937,32.937,2025-06-12 14:20:05
156.8,5.7,879.9,154.4,4.5,699.2,1492.6,60.01,213.2,7,6.0,829.0,38.7,3.6,2.6,0,738.0551599119514,33.125,33.125,2025-06-12 14:20:21
157.1,4.4,682.7,149.7,3.5,536.5,1158.1,59.97,212.6,5.4,6.0,829.0,39,3.6,2.6,0,543.8301178298589,33.312,33.312,2025-06-12 14:21:08
159.3,3.9,606.8,155.5,3.2,485.5,1024.7,60.02,212.5,4.8,6.0,829.0,39,3.6,2.6,0,466.14010099702193,33.187,33.187,2025-06-12 14:21:23
156.9,3.2,503.6,152.9,2.6,397.7,861.7,59.99,212.4,4.1,6.0,829.0,38.8,3.6,2.6,0,349.6050757477664,32.437,32.437,2025-06-12 14:22:10
156.8,3.2,494.6,152.9,2.5,383.3,838.1,59.98,212.3,4,6.0,829.0,38.8,3.6,2.6,0,349.6050757477664,32.375,32.375,2025-06-12 14:22:26
156.8,3.1,489.7,152.9,2.4,374.0,825.7,59.98,212.1,3.8,6.0,829.0,38.7,3.6,2.6,0,349.6050757477664,32.625,32.625,2025-06-12 14:23:12
155.6,3.1,483.8,153.8,2.3,368.5,816.3,59.99,212.3,3.8,6.0,829.0,38.7,3.6,2.6,0,349.6050757477664,32.687,32.687,2025-06-12 14:23:28
159.8,3.1,468.1,155.8,2.4,362.9,796.5,60.01,212.3,3.8,6.0,829.0,38.7,3.6,2.6,0,349.6050757477664,32.75,32.75,2025-06-12 14:24:15
154.6,3,463.8,150.8,2.3,350.6,778.2,59.99,212.3,3.7,6.0,829.0,38.7,3.6,2.6,0,310.76006733134795,32.562,32.562,2025-06-12 14:24:31
156.8,2.9,456.1,153,2.2,342.8,765.7,59.98,212.2,3.6,6.0,829.0,38.6,3.6,2.6,0,310.76006733134795,32.312,32.312,2025-06-12 14:25:17
156.9,2.9,455.6,152.9,2.2,340.5,762.4,59.98,212.1,3.6,6.0,829.0,38.6,3.6,2.6,0,310.76006733134795,32.0,32.0,2025-06-12 14:25:33
156.8,2.9,455.8,152.9,2.2,338.4,762.0,60.03,212,3.5,6.0,829.0,38.6,3.6,2.6,0,310.76006733134795,31.625,31.687,2025-06-12 14:26:20
159.7,2.8,451.8,156,2.1,337.4,758.5,60.02,212,3.5,6.0,829.0,38.6,3.6,2.6,0,310.76006733134795,31.687,31.687,2025-06-12 14:26:36
153.8,3,459.8,155.8,2.2,339.4,769.1,60.04,212.3,3.7,6.1,829.1,38.5,3.6,2.6,0,310.76006733134795,31.687,31.687,2025-06-12 14:27:22
157,3,466.6,152.9,2.2,345.3,777.5,60.01,212.3,3.7,6.1,829.1,38.5,3.6,2.6,0,349.6050757477664,31.625,31.625,2025-06-12 14:27:38
156.7,3.2,495.3,152.9,2.3,360.7,818.2,60.04,212.4,3.9,6.1,829.1,38.5,3.6,2.6,0,349.6050757477664,31.375,31.375,2025-06-12 14:28:25
156.8,3.2,502.2,153.1,2.4,364.6,827.7,60.02,212.4,3.9,6.1,829.1,38.5,3.6,2.6,0,349.6050757477664,31.312,31.312,2025-06-12 14:28:41
158.9,3.2,512.3,152.2,2.5,375.5,847.6,59.98,212.4,4,6.1,829.1,38.5,3.7,2.6,0,349.6050757477664,31.5,31.5,2025-06-12 14:29:27
153.8,3.3,509.9,155.6,2.4,378.5,845.3,59.99,212.5,4.1,6.1,829.1,38.5,3.7,2.6,0,388.4500841641849,31.625,31.625,2025-06-12 14:29:43
157.7,3.2,501.3,154.9,2.3,370.0,833.8,59.98,212.3,3.9,6.1,829.1,38.6,3.7,2.6,0,349.6050757477664,31.875,31.875,2025-06-12 14:30:30
156.8,3.2,501.6,152.9,2.4,365.0,829.1,59.97,212.3,3.9,6.1,829.1,38.6,3.7,2.6,0,349.6050757477664,31.75,31.75,2025-06-12 14:30:46
156.8,3,473.1,152.9,2.2,345.4,784.3,59.99,212.4,3.7,6.1,829.1,38.5,3.7,2.6,0,349.6050757477664,31.312,31.312,2025-06-12 14:31:32
156.9,2.8,459.6,152.9,2.2,336.1,762.7,60.03,212.3,3.5,6.1,829.1,38.5,3.7,2.6,0,310.76006733134795,31.125,31.187,2025-06-12 14:31:48
154.9,2.7,416.0,155.7,2,308.0,696.0,59.97,212.4,3.3,6.1,829.1,38.3,3.7,2.6,0,271.91505891492943,31.0,31.0,2025-06-12 14:32:35
159.7,2.6,398.1,149.9,2,298.8,670.8,59.99,212.5,3.2,6.1,829.1,38.3,3.7,2.6,0,271.91505891492943,30.875,30.875,2025-06-12 14:32:51
156.7,2.4,378.2,153,1.8,279.3,633.2,59.97,211.9,3,6.1,829.1,38.1,3.7,2.6,0,233.07005049851097,30.5,30.562,2025-06-12 14:33:37
156.7,2.4,371.3,152.9,1.8,272.7,620.9,59.98,211.9,2.9,6.1,829.1,38,3.7,2.6,0,233.07005049851097,30.562,30.562,2025-06-12 14:33:53
156.8,2.2,359.0,152.8,1.6,255.3,594.8,60.01,212.1,2.7,6.1,829.1,37.9,3.7,2.6,0,233.07005049851097,30.437,30.437,2025-06-12 14:34:40
156.8,2.3,353.7,155.4,1.6,248.2,584.5,60.03,211.9,2.7,6.1,829.1,37.9,3.7,2.6,0,233.07005049851097,30.437,30.5,2025-06-12 14:34:55
159.9,2.3,353.2,153,1.6,245.0,581.5,59.99,211.9,2.8,6.2,829.2,37.9,3.7,2.6,0,233.07005049851097,30.437,30.437,2025-06-12 14:35:42
156.3,2.3,362.0,155.4,1.5,246.7,589.0,60,211.8,2.8,6.2,829.2,37.9,3.7,2.6,0,233.07005049851097,30.5,30.437,2025-06-12 14:35:58
156.7,2.4,375.8,152.9,1.6,254.7,609.1,60.03,211.7,2.8,6.2,829.2,37.8,3.7,2.6,0,233.07005049851097,30.437,30.437,2025-06-12 14:36:45
156.9,2.4,380.1,155.6,1.6,256.1,615.8,59.98,211.8,2.9,6.2,829.2,37.8,3.7,2.6,0,233.07005049851097,30.437,30.437,2025-06-12 14:37:00
154.9,2.5,388.2,154.7,1.7,270.9,635.8,60.03,212.2,2.9,6.2,829.2,37.9,3.7,2.7,0,233.07005049851097,30.312,30.312,2025-06-12 14:37:47
159,2.4,388.3,153.7,1.8,272.0,636.4,60.03,212.1,2.9,6.2,829.2,37.9,3.7,2.7,0,233.07005049851097,30.312,30.375,2025-06-12 14:38:03
155.7,2.5,383.9,154.1,1.8,275.2,635.5,60.04,212.2,3,6.2,829.2,37.8,3.7,2.7,0,233.07005049851097,30.375,30.375,2025-06-12 14:38:49
157.8,2.5,391.8,150.3,1.8,274.7,640.6,60.04,212.2,3,6.2,829.2,37.8,3.7,2.7,0,233.07005049851097,30.375,30.375,2025-06-12 14:39:05
156.7,2.5,386.2,150.9,1.8,272.7,635.7,60.05,212.2,2.9,6.2,829.2,37.8,3.7,2.7,0,233.07005049851097,30.5,30.5,2025-06-12 14:39:52
156.6,2.5,385.1,152.9,1.7,270.5,632.0,60.05,211.8,2.9,6.2,829.2,37.8,3.7,2.7,0,233.07005049851097,30.5,30.5,2025-06-12 14:40:08
158.2,2.3,375.4,152.9,1.7,259.0,609.2,60.02,211.8,2.9,6.2,829.2,37.8,3.7,2.7,0,233.07005049851097,30.312,30.312,2025-06-12 14:40:54
153.7,2.4,364.1,153.3,1.6,251.6,594.4,60.01,211.7,2.8,6.2,829.2,37.8,3.7,2.7,0,233.07005049851097,30.25,30.187,2025-06-12 14:41:10
156,2.2,343.8,155.8,1.5,235.1,561.8,60.03,211.8,2.6,6.2,829.2,37.8,3.7,2.7,0,233.07005049851097,30.437,30.437,2025-06-12 14:41:57
156.9,2.1,337.1,152.9,1.5,232.3,554.5,60.03,211.9,2.6,6.2,829.2,37.8,3.7,2.7,0,194.22504208209244,30.437,30.562,2025-06-12 14:42:13
156.8,2,311.7,152.9,1.4,215.8,513.9,60.02,211.5,2.4,6.2,829.2,37.8,3.7,2.7,0,194.22504208209244,30.875,30.875,2025-06-12 14:42:59
156.8,1.8,303.1,150.1,1.3,208.1,493.2,60.01,211.5,2.2,6.2,829.2,37.8,3.7,2.7,0,194.22504208209244,30.875,30.75,2025-06-12 14:43:15
153.8,1.7,276.5,149.9,1.2,188.8,455.8,60,211.6,2.2,6.2,829.2,37.8,3.7,2.7,0,155.38003366567398,30.437,30.437,2025-06-12 14:44:02
156.9,1.7,265.7,153,1.2,183.7,440.3,59.98,211.7,2.1,6.2,829.2,37.8,3.8,2.7,0,155.38003366567398,30.437,30.437,2025-06-12 14:44:18
157.4,1.7,263.5,152.7,1.1,172.6,429.5,60.02,211.9,2,6.2,829.2,37.7,3.8,2.7,0,155.38003366567398,30.125,30.125,2025-06-12 14:45:04
156.6,1.6,263.1,150.5,1.1,169.7,424.2,60.03,212,1.9,6.2,829.2,37.7,3.8,2.7,0,155.38003366567398,30.0,30.062,2025-06-12 14:45:20
153.7,1.6,256.5,154.8,1,162.9,411.2,60.04,212.1,1.9,6.3,829.3,37.7,3.8,2.7,0,155.38003366567398,29.875,29.875,2025-06-12 14:46:07
157.5,1.6,252.5,155.8,1,159.6,403.6,60.03,212.1,1.9,6.3,829.3,37.6,3.8,2.7,0,155.38003366567398,29.875,29.875,2025-06-12 14:46:23
156.9,1.6,260.8,151.8,1,157.8,410.4,60.02,211.8,1.9,6.3,829.3,37.6,3.8,2.7,0,155.38003366567398,29.875,29.875,2025-06-12 14:47:09
156.8,1.6,260.8,152.9,0.9,157.7,410.3,60.01,211.7,1.9,6.3,829.3,37.6,3.8,2.7,0,155.38003366567398,29.75,29.75,2025-06-12 14:47:25
158.3,1.5,257.5,151.8,1,152.6,401.6,60.01,211.9,1.9,6.3,829.3,37.4,3.8,2.7,0,155.38003366567398,29.562,29.562,2025-06-12 14:48:12
154,1.6,252.2,155.7,0.9,150.0,394.4,60.02,211.7,1.8,6.3,829.3,37.4,3.8,2.7,0,155.38003366567398,29.625,29.625,2025-06-12 14:48:28
158.4,1.5,236.5,152.8,0.9,147.2,376.1,60.02,211.7,1.7,6.3,829.3,37.4,3.8,2.7,0,155.38003366567398,29.625,29.625,2025-06-12 14:49:14
156.8,1.5,238.8,152.8,0.9,144.0,375.3,60.03,211.7,1.7,6.3,829.3,37.3,3.8,2.7,0,155.38003366567398,29.625,29.625,2025-06-12 14:49:30
156.7,1.3,222.6,152.6,0.8,135.0,348.8,59.98,211.8,1.6,6.3,829.3,37.1,3.8,2.7,0,116.53502524925548,29.625,29.625,2025-06-12 14:50:16
156.8,1.2,215.0,149.9,0.8,132.7,340.7,59.99,211.8,1.5,6.3,829.3,37,3.8,2.7,0,116.53502524925548,29.562,29.562,2025-06-12 14:50:32
156.6,1.2,202.1,152.7,0.8,127.2,322.7,59.98,211.4,1.5,6.3,829.3,36.9,3.8,2.7,0,116.53502524925548,29.5,29.5,2025-06-12 14:51:19
153.7,1.2,195.1,150,0.8,126.0,315.0,59.99,211.4,1.5,6.3,829.3,36.9,3.8,2.7,0,116.53502524925548,29.437,29.437,2025-06-12 14:51:35
153.7,1.1,184.6,149.8,0.7,122.4,301.1,59.99,211.7,1.4,6.3,829.3,36.8,3.8,2.7,0,116.53502524925548,29.312,29.312,2025-06-12 14:52:21
159.1,1,178.3,152.9,0.7,122.5,295.4,59.96,211.8,1.3,6.3,829.3,36.7,3.8,2.7,0,116.53502524925548,29.375,29.375,2025-06-12 14:52:37
156.8,1,171.6,153,0.7,116.8,282.8,59.96,211.7,1.3,6.3,829.3,36.6,3.8,2.7,0,77.69001683283699,29.25,29.25,2025-06-12 14:53:24
156,1,168.1,153.7,0.7,111.3,274.7,59.97,211.6,1.3,6.3,829.3,36.6,3.8,2.7,0,77.69001683283699,29.25,29.25,2025-06-12 14:53:40
153.5,0.9,158.0,156,0.6,106.3,258.9,59.99,211.7,1.2,6.3,829.3,36.5,3.8,2.7,0,77.69001683283699,29.062,29.062,2025-06-12 14:54:26
151.7,0.9,153.8,150.7,0.6,107.1,255.9,59.99,211.6,1.1,6.3,829.3,36.5,3.8,2.7,0,77.69001683283699,29.062,29.062,2025-06-12 14:54:42
153.8,0.8,145.0,152.9,0.6,100.3,240.6,59.98,211.5,1.1,6.3,829.3,36.4,3.8,2.7,0,77.69001683283699,29.062,29.062,2025-06-12 14:55:29
156.9,0.8,140.2,151.8,0.5,97.9,233.3,60.03,211.5,1.1,6.3,829.3,36.4,3.8,2.7,0,77.69001683283699,28.937,28.937,2025-06-12 14:55:45
153.9,0.8,137.9,153.4,0.4,89.2,222.8,59.97,211.8,1,6.3,829.3,36.3,3.8,2.7,0,77.69001683283699,28.75,28.812,2025-06-12 14:56:31
155.2,0.8,137.8,152.9,0.5,86.4,219.8,59.97,211.8,1,6.3,829.3,36.3,3.8,2.7,0,77.69001683283699,28.687,28.687,2025-06-12 14:56:47
154,0.8,140.4,155.3,0.4,78.1,214.3,60.02,211.4,1,6.3,829.3,36.2,3.8,2.7,0,77.69001683283699,28.562,28.562,2025-06-12 14:57:34
156.8,0.8,136.9,149.9,0.5,83.1,215.9,60.02,211.5,1,6.3,829.3,36.2,3.8,2.7,0,77.69001683283699,28.562,28.562,2025-06-12 14:57:50
153.4,0.8,139.6,152.5,0.5,83.4,216.3,60.03,211.7,0.9,6.3,829.3,36.2,3.8,2.7,0,77.69001683283699,28.625,28.625,2025-06-12 14:58:36
150.9,0.8,137.2,150.1,0.5,82.5,215.6,60.03,211.7,1,6.3,829.3,36.2,3.8,2.7,0,77.69001683283699,28.5,28.562,2025-06-12 14:58:52
156.7,0.7,134.7,152.9,0.5,84.3,214.9,60,211.7,1,6.3,829.3,36.1,3.8,2.7,0,77.69001683283699,28.312,28.25,2025-06-12 14:59:39
153.8,0.8,135.9,152.9,0.5,83.5,214.9,60.01,211.5,1,6.3,829.3,36,3.8,2.7,0,77.69001683283699,28.187,28.187,2025-06-12 14:59:55
153.8,0.7,132.0,149.8,0.5,82.7,211.0,60,211.5,0.9,6.3,829.3,35.9,3.8,2.7,0,38.845008416418494,27.937,28.0,2025-06-12 15:00:41
153.9,0.7,132.4,149.9,0.5,82.5,210.7,60.02,211.4,1,6.3,829.3,35.9,3.8,2.7,0,38.845008416418494,27.937,27.937,2025-06-12 15:00:57
153.8,0.7,130.3,151.3,0.5,82.1,208.3,59.96,211.4,0.9,6.3,829.3,35.8,3.8,2.7,0,77.69001683283699,27.937,27.937,2025-06-12 15:01:43
150.9,0.7,127.2,153.2,0.4,83.4,206.5,60.01,211.5,0.9,6.3,829.3,35.8,3.8,2.7,0,38.845008416418494,28.0,28.0,2025-06-12 15:02:00
156.8,0.7,126.2,151.3,0.5,83.5,205.9,60.01,211.4,0.9,6.3,829.3,35.7,3.8,2.7,0,77.69001683283699,28.062,28.062,2025-06-12 15:02:46
155.2,0.7,123.9,148.6,0.5,82.7,202.2,60.01,211.7,1,6.3,829.3,35.7,3.8,2.7,0,38.845008416418494,28.0,28.0,2025-06-12 15:03:02
150.8,0.7,120.1,154.3,0.4,81.8,199.2,60.04,211.9,1,6.3,829.3,35.6,3.8,2.7,0,38.845008416418494,27.937,27.937,2025-06-12 15:03:48
153.7,0.7,121.9,153.1,0.4,81.3,199.3,60.03,211.8,0.9,6.3,829.3,35.6,3.8,2.7,0,38.845008416418494,27.937,27.937,2025-06-12 15:04:04
153.7,0.7,117.6,149.4,0.4,80.2,194.0,60.04,211.8,0.9,6.3,829.3,35.5,3.8,2.7,0,38.845008416418494,28.0,28.062,2025-06-12 15:04:51
152.1,0.6,116.6,151.3,0.4,81.0,192.7,60.05,211.7,0.9,6.3,829.3,35.5,3.8,2.7,0,38.845008416418494,28.062,28.062,2025-06-12 15:05:07
154.3,0.6,113.9,151.4,0.4,77.9,188.0,60.03,211.9,0.9,6.3,829.3,35.4,3.8,2.7,0,38.845008416418494,28.062,28.062,2025-06-12 15:05:53
156.8,0.6,110.2,148.7,0.4,76.5,182.6,60.03,212.2,0.8,6.3,829.3,35.4,3.8,2.7,0,38.845008416418494,28.062,28.062,2025-06-12 15:06:09
151.3,0.6,108.4,151.8,0.4,73.8,178.8,60.04,211.8,0.9,6.3,829.3,35.4,3.8,2.7,0,38.845008416418494,28.0,28.0,2025-06-12 15:06:56
153.8,0.6,110.8,154.4,0.4,69.9,177.2,60.03,211.7,0.8,6.3,829.3,35.4,3.8,2.7,0,38.845008416418494,28.062,28.062,2025-06-12 15:07:12
153.8,0.6,109.7,149.4,0.4,69.7,176.6,60,211.7,0.8,6.3,829.3,35.3,3.8,2.7,0,38.845008416418494,27.937,27.937,2025-06-12 15:07:58
150.8,0.6,108.4,151.4,0.3,69.3,174.1,60.02,212.1,0.8,6.3,829.3,35.3,3.8,2.7,0,38.845008416418494,27.875,27.875,2025-06-12 15:08:14
156.9,0.6,108.0,151.3,0.4,69.4,174.3,59.99,211.9,0.8,6.4,829.4,35.3,3.8,2.7,0,38.845008416418494,27.937,27.937,2025-06-12 15:09:01
156.8,0.6,107.4,148.3,0.4,68.6,173.5,59.99,212,0.8,6.4,829.4,35.3,3.8,2.7,0,38.845008416418494,28.0,28.0,2025-06-12 15:09:17
151,0.6,109.7,154.3,0.3,69.7,176.1,59.99,212,0.9,6.4,829.4,35.3,3.8,2.7,0,38.845008416418494,28.0,28.062,2025-06-12 15:10:03
153.7,0.6,112.0,153,0.4,69.5,178.1,60.04,212.1,0.8,6.4,829.4,35.3,3.8,2.7,0,38.845008416418494,28.0,28.062,2025-06-12 15:10:19
154,0.6,112.1,148.4,0.4,72.2,180.7,59.99,212.1,0.8,6.4,829.4,35.3,3.8,2.7,0,38.845008416418494,28.062,28.062,2025-06-12 15:11:06
152.4,0.6,114.2,151.4,0.4,73.5,184.0,59.99,212,0.9,6.4,829.4,35.3,3.8,2.7,0,38.845008416418494,28.062,28.125,2025-06-12 15:11:22
153.7,0.6,116.0,151.6,0.4,75.1,187.1,59.99,211.9,0.8,6.4,829.4,35.3,3.8,2.7,0,38.845008416418494,28.125,28.125,2025-06-12 15:12:08
156.8,0.6,114.0,150,0.4,77.2,187.5,60.03,212,0.9,6.4,829.4,35.3,3.8,2.7,0,38.845008416418494,28.125,28.125,2025-06-12 15:12:24
151,0.7,115.6,152,0.4,78.5,190.4,59.99,211.7,0.9,6.4,829.4,35.2,3.8,2.7,0,38.845008416418494,28.125,28.187,2025-06-12 15:13:11
151.8,0.6,116.4,154.4,0.4,78.0,192.3,60.01,211.7,0.9,6.4,829.4,35.2,3.8,2.7,0,38.845008416418494,28.0,28.062,2025-06-12 15:13:27
156.3,0.7,117.6,148.4,0.4,81.3,195.1,59.97,211.9,0.9,6.4,829.4,35.1,3.8,2.7,0,38.845008416418494,27.812,27.812,2025-06-12 15:14:13
153.7,0.7,119.0,151.7,0.5,83.0,198.3,59.96,212.1,0.8,6.4,829.4,35.1,3.8,2.7,0,38.845008416418494,27.75,27.75,2025-06-12 15:14:29
153.9,0.7,119.6,152.9,0.5,87.0,202.6,60,211.7,0.9,6.4,829.4,35,3.8,2.7,0,38.845008416418494,27.75,27.75,2025-06-12 15:15:15
153.7,0.7,119.1,153,0.5,88.7,203.7,59.98,211.7,0.9,6.4,829.4,35,3.8,2.7,0,38.845008416418494,27.812,27.812,2025-06-12 15:15:32
159.7,0.7,113.1,152.9,0.5,92.0,205.2,60.01,211.9,0.9,6.4,829.4,35,3.8,2.7,0,38.845008416418494,27.75,27.812,2025-06-12 15:16:18
153.9,0.7,121.8,156.2,0.5,90.6,208.0,60.04,211.9,1,6.4,829.4,35,3.8,2.7,0,38.845008416418494,27.75,27.75,2025-06-12 15:16:34
156.9,0.7,123.9,150,0.5,92.0,210.8,60.01,211.9,0.9,6.4,829.4,35,3.8,2.7,0,38.845008416418494,27.625,27.687,2025-06-12 15:17:20
157,0.7,121.8,149.9,0.5,91.6,209.0,60.01,211.9,0.9,6.4,829.4,35,3.8,2.7,0,38.845008416418494,27.625,27.625,2025-06-12 15:17:36
155.6,0.7,129.3,155.8,0.5,93.6,218.6,60,212,1,6.4,829.4,35,3.8,2.7,0,38.845008416418494,27.5,27.5,2025-06-12 15:18:23
155.3,0.8,133.3,152.9,0.5,96.2,225.2,59.99,211.9,1,6.4,829.4,35,3.8,2.7,0,38.845008416418494,27.5,27.5,2025-06-12 15:18:39
155.2,0.8,143.4,150,0.6,100.5,239.4,59.96,212.3,1.1,6.4,829.4,35,3.8,2.7,0,77.69001683283699,27.625,27.625,2025-06-12 15:19:25
158.1,0.8,146.0,156.6,0.5,105.5,246.6,59.96,212.1,1.1,6.4,829.4,35,3.8,2.7,0,77.69001683283699,27.625,27.625,2025-06-12 15:19:41
159.3,0.9,151.8,154.6,0.6,112.8,259.2,60.02,212.2,1.2,6.4,829.4,35,3.8,2.7,0,77.69001683283699,27.75,27.812,2025-06-12 15:20:28
155.3,1,164.1,157.4,0.6,112.2,270.9,60.02,212.2,1.2,6.4,829.4,35,3.8,2.7,0,77.69001683283699,27.875,27.875,2025-06-12 15:20:44
156.2,1.1,180.1,158.4,0.7,118.3,290.2,59.99,212.1,1.3,6.4,829.4,35,3.8,2.7,0,77.69001683283699,28.0,28.062,2025-06-12 15:21:30
158.3,1.1,185.3,157.6,0.6,119.9,299.2,59.99,212.1,1.3,6.4,829.4,35,3.8,2.7,0,77.69001683283699,28.062,28.062,2025-06-12 15:21:46
158.3,1.2,198.3,151.4,0.8,124.6,316.6,60.03,212.2,1.5,6.4,829.4,35,3.8,2.7,0,116.53502524925548,28.187,28.187,2025-06-12 15:22:33
161.1,1.2,195.5,154.5,0.8,129.9,323.4,60.01,212,1.5,6.4,829.4,35,3.9,2.7,0,116.53502524925548,28.187,28.187,2025-06-12 15:22:49
161.4,1.3,211.0,153,0.8,134.8,339.0,60.02,212.1,1.6,6.4,829.4,35.1,3.9,2.7,0,116.53502524925548,28.312,28.312,2025-06-12 15:23:35
155,1.3,219.5,155.8,0.8,138.3,350.3,59.99,212.1,1.6,6.4,829.4,35.1,3.9,2.7,0,116.53502524925548,28.312,28.375,2025-06-12 15:23:51
158.4,1.4,230.4,155.8,0.9,143.8,366.9,60.03,212.3,1.7,6.4,829.4,35.2,3.9,2.7,0,116.53502524925548,28.5,28.5,2025-06-12 15:24:37
155.2,1.4,234.0,153,0.9,143.5,370.4,60.02,212,1.7,6.4,829.4,35.2,3.9,2.7,0,116.53502524925548,28.562,28.562,2025-06-12 15:24:54
161.2,1.5,242.1,155.8,0.9,149.8,384.9,60.02,212,1.8,6.4,829.4,35.2,3.9,2.8,0,116.53502524925548,28.687,28.687,2025-06-12 15:25:40
158.5,1.5,246.0,153.1,0.9,150.7,389.0,60,212,1.8,6.4,829.4,35.3,3.9,2.8,0,116.53502524925548,28.687,28.75,2025-06-12 15:25:56
155.3,1.6,252.6,158,0.9,155.3,399.7,60,212,1.9,6.4,829.4,35.3,3.9,2.8,0,116.53502524925548,28.812,28.812,2025-06-12 15:26:42
160.7,1.5,256.4,158.8,0.9,154.7,402.9,60.01,211.7,1.9,6.4,829.4,35.3,3.9,2.8,0,155.38003366567398,28.875,28.875,2025-06-12 15:26:59
157.4,1.6,260.5,155.9,1,163.2,415.3,60.04,212,1.9,6.4,829.4,35.4,3.9,2.8,0,155.38003366567398,29.0,29.0,2025-06-12 15:27:45
158.6,1.6,265.8,158.5,1,161.4,418.8,60.01,212,1.9,6.4,829.4,35.4,3.9,2.8,0,155.38003366567398,29.062,29.062,2025-06-12 15:28:01
156.1,1.7,270.5,154.8,1,167.5,429.4,60.02,212.5,2,6.4,829.4,35.4,3.9,2.8,0,155.38003366567398,29.187,29.187,2025-06-12 15:28:47
158.4,1.7,273.7,158.7,1,168.1,433.5,60.02,212.2,2,6.4,829.4,35.4,3.9,2.8,0,155.38003366567398,29.187,29.25,2025-06-12 15:29:03
157.3,1.7,274.6,154.9,1.1,173.2,440.9,60.03,212.3,2.1,6.4,829.4,35.4,3.9,2.8,0,155.38003366567398,29.312,29.312,2025-06-12 15:29:50
158.3,1.7,280.3,158.5,1.1,174.2,445.7,60.03,212.5,2.1,6.4,829.4,35.4,3.9,2.8,0,155.38003366567398,29.312,29.312,2025-06-12 15:30:06
159.9,1.7,284.6,158.7,1.1,178.3,453.9,60,212.3,2.1,6.5,829.5,35.4,3.9,2.8,0,155.38003366567398,29.312,29.312,2025-06-12 15:30:52
161.1,1.8,285.1,155.7,1.1,183.6,458.3,60,212.5,2.1,6.5,829.5,35.4,3.9,2.8,0,155.38003366567398,29.312,29.312,2025-06-12 15:31:08
161.1,1.8,289.4,155.8,1.2,186.2,466.3,60,212.6,2.2,6.5,829.5,35.4,3.9,2.8,0,155.38003366567398,29.437,29.437,2025-06-12 15:31:55
161.2,1.8,289.9,155.9,1.2,184.7,465.6,60.02,212.6,2.1,6.5,829.5,35.4,3.9,2.8,0,155.38003366567398,29.437,29.437,2025-06-12 15:32:11
161.2,1.8,290.6,152.9,1.2,186.4,467.5,60.02,212.5,2.2,6.5,829.5,35.5,3.9,2.8,0,155.38003366567398,29.25,29.25,2025-06-12 15:32:57
155.3,1.8,289.1,158.5,1.1,186.1,466.3,60.01,212.5,2.2,6.5,829.5,35.5,3.9,2.8,0,155.38003366567398,29.25,29.25,2025-06-12 15:33:13
158.3,1.8,290.2,155.9,1.1,189.1,469.9,60.01,212.6,2.2,6.5,829.5,35.5,3.9,2.8,0,155.38003366567398,29.375,29.437,2025-06-12 15:34:00
158.4,1.8,289.8,155.8,1.2,188.3,469.0,60,212.7,2.2,6.5,829.5,35.5,3.9,2.8,0,155.38003366567398,29.437,29.437,2025-06-12 15:34:16
158.3,1.8,289.9,156.1,1.2,189.2,468.9,59.99,212.5,2.2,6.5,829.5,35.5,3.9,2.8,0,155.38003366567398,29.312,29.25,2025-06-12 15:35:02
161.2,1.8,286.7,152.9,1.2,189.3,466.0,60.04,212.7,2.1,6.5,829.5,35.4,3.9,2.8,0,155.38003366567398,29.187,29.187,2025-06-12 15:35:18
159.3,1.8,283.8,152.8,1.2,190.1,464.6,60.02,212.6,2.1,6.5,829.5,35.4,3.9,2.8,0,155.38003366567398,29.062,29.062,2025-06-12 15:36:05
155.9,1.8,280.3,156,1.1,190.2,461.4,60.02,212.5,2.2,6.5,829.5,35.4,3.9,2.8,0,155.38003366567398,29.125,29.125,2025-06-12 15:36:21
159.4,1.6,276.5,157.5,1.2,181.2,448.5,59.98,212.7,2.1,6.5,829.5,35.4,3.9,2.8,0,155.38003366567398,29.312,29.312,2025-06-12 15:37:07
155.4,1.7,267.9,155.7,1.1,183.6,444.2,59.99,212.6,2,6.5,829.5,35.4,3.9,2.8,0,155.38003366567398,29.375,29.437,2025-06-12 15:37:23
159.8,1.6,252.3,153,1.1,178.5,422.3,60,212.4,2,6.5,829.5,35.3,3.9,2.8,0,155.38003366567398,29.562,29.562,2025-06-12 15:38:10
158.2,1.6,255.6,153,1.1,175.9,422.9,59.99,212.4,2,6.5,829.5,35.3,3.9,2.8,0,155.38003366567398,29.625,29.625,2025-06-12 15:38:26
158.4,1.5,252.4,152.8,1.1,170.4,414.7,59.96,212.4,1.9,6.5,829.5,35.3,3.9,2.8,0,116.53502524925548,29.625,29.625,2025-06-12 15:39:12
158.3,1.5,251.8,152.9,1,169.1,412.4,59.97,212.3,1.8,6.5,829.5,35.3,3.9,2.8,0,155.38003366567398,29.687,29.687,2025-06-12 15:39:28
155.2,1.6,249.4,155.8,1,167.2,407.7,59.98,212.4,1.9,6.5,829.5,35.2,3.9,2.8,0,155.38003366567398,29.5,29.5,2025-06-12 15:40:15
161.3,1.5,243.1,155.5,1,167.4,403.3,59.99,212.3,1.9,6.5,829.5,35.2,3.9,2.8,0,155.38003366567398,29.375,29.375,2025-06-12 15:40:31
158.4,1.5,247.1,152.9,1,164.0,402.9,60.01,212.4,1.8,6.5,829.5,35.2,3.9,2.8,0,155.38003366567398,29.187,29.187,2025-06-12 15:41:17
158.3,1.5,248.5,155.4,1,164.7,405.2,60.02,212.5,1.8,6.5,829.5,35.2,3.9,2.8,0,155.38003366567398,29.062,29.062,2025-06-12 15:41:33
158.4,1.5,246.0,149.8,1,160.8,398.8,60.03,212.3,1.8,6.5,829.5,35.2,3.9,2.8,0,155.38003366567398,28.875,28.875,2025-06-12 15:42:19
156.3,1.5,244.6,152.9,1,163.7,400.7,60,212.2,1.8,6.5,829.5,35.2,3.9,2.8,0,116.53502524925548,28.812,28.875,2025-06-12 15:42:36
161.1,1.5,238.0,155.8,1,165.4,390.8,60.03,212.1,1.8,6.5,829.5,35.2,3.9,2.8,0,155.38003366567398,28.812,28.812,2025-06-12 15:43:22
157.4,1.5,238.1,155,1,165.4,395.5,60.03,212.1,1.8,6.5,829.5,35.2,3.9,2.8,0,116.53502524925548,28.875,28.875,2025-06-12 15:43:38
158.3,1.5,236.0,151.2,1,164.6,392.9,60.05,212.2,1.8,6.6,829.6,35.2,3.9,2.8,0,116.53502524925548,29.062,29.062,2025-06-12 15:44:24
158.2,1.4,234.1,154.8,1,162.4,388.6,60.02,212.2,1.8,6.6,829.6,35.2,3.9,2.8,0,116.53502524925548,28.937,29.0,2025-06-12 15:44:40
156.7,1.4,222.7,150,1,155.4,370.8,59.98,212.5,1.7,6.6,829.6,35.2,3.9,2.8,0,116.53502524925548,29.0,29.0,2025-06-12 15:45:27
158.3,1.3,217.9,152.9,1,155.0,365.6,60.05,212.5,1.6,6.6,829.6,35.3,3.9,2.8,0,116.53502524925548,28.937,28.937,2025-06-12 15:45:43
156.1,1.2,205.3,154.5,0.9,147.6,346.0,60,212.3,1.6,6.6,829.6,35.3,4.0,2.8,0,116.53502524925548,28.937,29.0,2025-06-12 15:46:29
158.6,1.2,201.4,150,0.9,143.4,338.0,59.99,212.3,1.5,6.6,829.6,35.3,4.0,2.8,0,116.53502524925548,29.0,29.0,2025-06-12 15:46:45
156,1.2,195.2,153.5,0.8,138.7,326.7,59.99,212.3,1.5,6.6,829.6,35.3,4.0,2.8,0,116.53502524925548,28.937,28.937,2025-06-12 15:47:32
155.1,1.2,195.3,155.9,0.8,134.9,323.7,60.03,212.3,1.6,6.6,829.6,35.3,4.0,2.8,0,116.53502524925548,28.875,28.875,2025-06-12 15:47:48
158.3,1.1,193.9,149.9,0.8,128.6,316.4,59.99,212.5,1.4,6.6,829.6,35.3,4.0,2.8,0,116.53502524925548,28.687,28.75,2025-06-12 15:48:34
155.3,1.2,194.4,152.7,0.8,128.2,316.2,59.98,212.3,1.4,6.6,829.6,35.3,4.0,2.8,0,77.69001683283699,28.687,28.687,2025-06-12 15:48:50
155,1.2,197.7,153.3,0.8,127.1,318.5,59.98,212.4,1.4,6.6,829.6,35.2,4.0,2.8,0,116.53502524925548,28.687,28.687,2025-06-12 15:49:37
158.4,1.2,201.8,154.9,0.7,127.9,323.5,59.98,212.4,1.5,6.6,829.6,35.2,4.0,2.8,0,116.53502524925548,28.687,28.687,2025-06-12 15:49:53
158.5,1.2,206.0,153.1,0.8,131.4,330.5,59.99,212.5,1.5,6.6,829.6,35.3,4.0,2.8,0,116.53502524925548,28.5,28.562,2025-06-12 15:50:39
158.2,1.3,207.6,149.9,0.8,130.0,331.0,59.97,212.5,1.5,6.6,829.6,35.3,4.0,2.8,0,116.53502524925548,28.437,28.437,2025-06-12 15:50:55
158.3,1.3,213.6,155.9,0.8,135.3,342.1,60.01,212.6,1.5,6.6,829.6,35.4,4.0,2.8,0,116.53502524925548,27.937,27.937,2025-06-12 15:51:42
158.3,1.3,214.3,153.7,0.8,135.8,343.1,60.02,212.2,1.6,6.6,829.6,35.4,4.0,2.8,0,116.53502524925548,27.687,27.687,2025-06-12 15:51:58
160.9,1.3,206.9,150.8,0.8,134.6,335.0,59.99,212.4,1.6,6.6,829.6,35.4,4.0,2.8,0,116.53502524925548,27.25,27.187,2025-06-12 15:52:44
156.8,1.3,211.1,152.8,0.8,134.7,337.3,60.02,212.4,1.5,6.6,829.6,35.4,4.0,2.8,0,116.53502524925548,27.187,27.062,2025-06-12 15:53:00
158.6,1.1,204.4,153,0.8,132.4,330.2,59.98,212.6,1.5,6.6,829.6,35.3,4.0,2.8,0,116.53502524925548,26.812,26.75,2025-06-12 15:53:47
158.2,1.2,201.8,149.9,0.8,129.5,324.9,60.01,212.4,1.5,6.6,829.6,35.3,4.0,2.8,0,77.69001683283699,26.687,26.687,2025-06-12 15:54:03
155.2,1.2,195.5,153.4,0.8,129.7,318.9,60,212.3,1.4,6.6,829.6,35.3,4.0,2.8,0,77.69001683283699,26.562,26.562,2025-06-12 15:54:49
158.3,1.2,196.6,155.8,0.8,128.0,318.5,60.03,212.4,1.4,6.6,829.6,35.3,4.0,2.8,0,116.53502524925548,26.437,26.5,2025-06-12 15:55:05
155.9,1.1,189.7,149.9,0.8,125.1,308.6,59.97,212.7,1.4,6.6,829.6,35.2,4.0,2.8,0,77.69001683283699,26.312,26.312,2025-06-12 15:55:51
161.3,1.1,187.5,153.1,0.8,126.3,307.8,59.96,212.3,1.4,6.6,829.6,35.2,4.0,2.8,0,77.69001683283699,26.25,26.312,2025-06-12 15:56:08
158.4,1.1,185.2,153,0.7,121.4,300.6,60,212.4,1.4,6.6,829.6,35.2,4.0,2.8,0,77.69001683283699,26.25,26.25,2025-06-12 15:56:54
158,1.1,180.7,152.9,0.7,120.9,295.9,60,212.5,1.3,6.6,829.6,35.2,4.0,2.8,0,77.69001683283699,26.25,26.25,2025-06-12 15:57:10
158.2,1,171.7,152.8,0.7,116.9,283.1,59.98,212.4,1.3,6.6,829.6,35.2,4.0,2.8,0,77.69001683283699,26.187,26.187,2025-06-12 15:57:56
155.3,1,166.0,153,0.7,115.3,276.1,59.98,212.5,1.3,6.6,829.6,35.2,4.0,2.8,0,77.69001683283699,26.187,26.187,2025-06-12 15:58:12
155.3,0.9,154.6,153.2,0.6,108.8,258.3,60.03,212.5,1.2,6.6,829.6,35.2,4.0,2.8,0,77.69001683283699,26.187,26.187,2025-06-12 15:58:59
159,0.8,151.8,149.8,0.6,108.2,255.0,60.02,212.3,1.1,6.6,829.6,35.2,4.0,2.8,0,77.69001683283699,26.187,26.187,2025-06-12 15:59:15
158.3,0.7,135.1,151.4,0.6,103.6,234.7,59.97,212.2,1,6.6,829.6,35.2,4.0,2.8,0,77.69001683283699,26.312,26.375,2025-06-12 16:00:01
156.3,0.7,127.7,152.2,0.6,102.0,225.6,59.96,212,1.1,6.6,829.6,35.2,4.0,2.8,0,38.845008416418494,26.312,26.375,2025-06-12 16:00:17
156.3,0.6,111.9,152.9,0.5,92.7,201.4,59.98,212.2,0.9,6.6,829.6,35.2,4.0,2.8,0,38.845008416418494,26.25,26.25,2025-06-12 16:01:04
154.7,0.6,107.1,149.8,0.5,89.5,192.8,60.02,212.2,0.9,6.6,829.6,35.2,4.0,2.8,0,38.845008416418494,26.187,26.187,2025-06-12 16:01:20
158.2,0.5,91.2,149.8,0.4,77.7,165.7,59.98,212.2,0.8,6.6,829.6,35.1,4.0,2.8,0,38.845008416418494,26.062,26.062,2025-06-12 16:02:06
154.8,0.5,92.5,147.6,0.4,72.6,160.2,60.02,212.3,0.8,6.6,829.6,35.1,4.0,2.8,0,38.845008416418494,26.0,26.0,2025-06-12 16:02:22
155.2,0.4,83.9,152.8,0.3,59.6,140.8,60.01,212.4,0.7,6.6,829.6,35,4.0,2.8,0,38.845008416418494,25.875,25.875,2025-06-12 16:03:09
152.3,0.4,81.4,150.1,0.3,55.9,134.7,60.01,212.2,0.7,6.6,829.6,35,4.0,2.8,0,38.845008416418494,25.875,25.875,2025-06-12 16:03:25
155.3,0.4,75.8,149.9,0.2,47.2,120.7,60.01,212.3,0.6,6.6,829.6,35,4.0,2.8,0,38.845008416418494,25.75,25.75,2025-06-12 16:04:11
152.3,0.3,74.1,149.8,0.2,44.0,116.0,60.04,212.2,0.5,6.6,829.6,35,4.0,2.8,0,0.0,25.687,25.75,2025-06-12 16:04:27
152.5,0.3,67.2,146.8,0.1,38.0,103.4,60.05,212.5,0.4,6.7,829.7,35,4.0,2.8,0,0.0,25.75,25.75,2025-06-12 16:05:14
155.7,0.3,63.7,143.7,0.1,36.3,98.3,60.05,212.4,0.5,6.7,829.7,35,4.0,2.8,0,0.0,25.75,25.75,2025-06-12 16:05:30
152.4,0.2,59.0,144,0.1,30.9,88.3,60.04,212.3,0.5,6.7,829.7,35,4.0,2.8,0,0.0,25.812,25.875,2025-06-12 16:06:16
152.2,0.2,56.1,138.1,0.1,28.2,84.0,60.04,212.2,0.6,6.7,829.7,35,4.0,2.8,0,0.0,25.875,25.875,2025-06-12 16:06:32
150.1,0.2,54.6,142.1,0.1,26.0,79.1,60,212.2,0.4,6.7,829.7,35,4.0,2.8,0,0.0,25.875,25.875,2025-06-12 16:07:19
149.5,0.2,53.9,141.6,0.1,24.2,76.6,59.96,212.2,0.5,6.7,829.7,35,4.0,2.8,0,0.0,25.875,25.875,2025-06-12 16:07:35
145.3,0.2,51.9,145.1,0.1,22.7,73.3,59.98,212.1,0.3,6.7,829.7,34.9,4.0,2.8,0,0.0,25.875,25.875,2025-06-12 16:08:21
149.6,0.2,53.3,144.3,0.1,21.2,73.2,60.01,212.1,0.4,6.7,829.7,34.9,4.0,2.8,0,0.0,25.875,25.875,2025-06-12 16:08:37
153,0.2,55.7,135.7,0.1,19.4,73.1,60.03,212.2,0.4,6.7,829.7,35,4.0,2.8,0,0.0,25.812,25.812,2025-06-12 16:09:23
144.7,0.2,57.2,137.8,0.1,20.1,75.9,60.03,212.4,0.4,6.7,829.7,35,4.0,2.8,0,0.0,25.812,25.812,2025-06-12 16:09:40
146,0.3,63.9,142.6,0.1,21.8,84.2,60,212.6,0.6,6.7,829.7,35,4.0,2.8,0,0.0,25.812,25.812,2025-06-12 16:10:26
149.4,0.3,66.2,144.7,0.1,22.4,88.4,59.98,212.7,0.5,6.7,829.7,35,4.0,2.8,0,0.0,25.812,25.812,2025-06-12 16:10:42
153.3,0.3,70.5,151.9,0.1,25.6,94.0,60,212.5,0.5,6.7,829.7,35,4.0,2.8,0,0.0,25.812,25.812,2025-06-12 16:11:28
154,0.3,73.0,148.9,0.1,26.1,97.4,60.01,212.3,0.5,6.7,829.7,35,4.0,2.8,0,0.0,25.812,25.812,2025-06-12 16:11:44
153.8,0.3,73.0,143.7,0.1,28.1,99.3,60.01,212.5,0.6,6.7,829.7,35,4.0,2.8,0,0.0,25.875,25.875,2025-06-12 16:12:31
151.1,0.3,71.9,146.8,0.1,29.6,99.6,59.99,212.5,0.5,6.7,829.7,34.9,4.0,2.8,0,0.0,25.875,25.875,2025-06-12 16:12:47
155.7,0.3,72.8,147.8,0.1,28.0,98.7,59.98,212.3,0.5,6.7,829.7,34.9,4.0,2.8,0,0.0,25.812,25.812,2025-06-12 16:13:33
156.8,0.3,66.9,146.7,0.1,29.2,94.4,59.98,212.1,0.5,6.7,829.7,34.9,4.0,2.8,0,0.0,25.75,25.75,2025-06-12 16:13:49
153.9,0.3,70.1,143.7,0.1,26.4,94.8,60.03,212,0.4,6.7,829.7,34.8,4.0,2.8,0,0.0,25.5,25.5,2025-06-12 16:14:36
151,0.3,68.0,146.7,0.1,27.6,93.9,60.01,211.9,0.5,6.7,829.7,34.8,4.0,2.8,0,0.0,25.437,25.5,2025-06-12 16:14:52
151.2,0.3,67.6,146.5,0.1,27.8,93.6,60.02,212.1,0.5,6.7,829.7,34.7,4.0,2.8,0,0.0,25.312,25.312,2025-06-12 16:15:38
154.1,0.3,68.2,146.8,0.1,28.3,93.6,60.01,211.7,0.5,6.7,829.7,34.6,4.0,2.9,0,0.0,25.312,25.312,2025-06-12 16:15:54
154,0.3,72.2,152.6,0.1,27.5,98.1,60.03,212.1,0.5,6.7,829.7,34.5,4.0,2.9,0,0.0,25.25,25.25,2025-06-12 16:16:41
151,0.3,70.2,146.7,0.1,30.8,99.2,60.01,212.2,0.7,6.7,829.7,34.5,4.0,2.9,0,0.0,25.187,25.25,2025-06-12 16:16:57
157.1,0.3,70.3,145.3,0.1,32.4,100.9,59.99,212.4,0.5,6.7,829.7,34.4,4.0,2.9,0,38.845008416418494,25.187,25.187,2025-06-12 16:17:43
154.3,0.3,72.2,147.8,0.1,33.2,103.5,59.99,212.6,0.5,6.7,829.7,34.4,4.0,2.9,0,38.845008416418494,25.187,25.187,2025-06-12 16:17:59
151,0.4,74.6,140.7,0.1,34.3,106.4,60.01,212.6,0.6,6.7,829.7,34.2,4.0,2.9,0,0.0,25.187,25.187,2025-06-12 16:18:46
153.5,0.4,74.7,143.1,0.1,34.5,107.2,59.99,212.6,0.7,6.7,829.7,34.2,4.0,2.9,0,38.845008416418494,25.25,25.25,2025-06-12 16:19:02
155.1,0.4,74.8,138.7,0.2,36.5,109.2,59.99,212.6,0.6,6.7,829.7,34.1,4.0,2.9,0,0.0,25.25,25.312,2025-06-12 16:19:48
154,0.4,75.6,137.9,0.2,35.3,108.3,59.99,212.4,0.6,6.7,829.7,34.1,4.0,2.9,0,38.845008416418494,25.312,25.312,2025-06-12 16:20:04
151,0.3,72.4,140.8,0.2,35.4,105.3,60.02,212.2,0.5,6.7,829.7,34.1,4.0,2.9,0,0.0,25.312,25.312,2025-06-12 16:20:51
154.3,0.3,74.1,143.8,0.1,35.1,107.4,59.97,211.9,0.5,6.7,829.7,34,4.0,2.9,0,0.0,25.312,25.312,2025-06-12 16:21:07
155.4,0.3,70.9,138.8,0.1,35.3,104.2,60,212,0.5,6.7,829.7,34,4.0,2.9,0,0.0,25.312,25.312,2025-06-12 16:21:53
153.7,0.3,72.6,138,0.1,34.0,104.6,59.98,211.9,0.6,6.7,829.7,34,4.0,2.9,0,0.0,25.312,25.375,2025-06-12 16:22:09
153.9,0.3,73.6,143.6,0.1,34.3,105.9,59.99,212,0.6,6.7,829.7,33.9,4.0,2.9,0,0.0,25.5,25.5,2025-06-12 16:22:55
154.2,0.3,73.0,143.7,0.1,34.8,105.9,59.98,212.1,0.5,6.7,829.7,33.9,4.0,2.9,0,0.0,25.5,25.562,2025-06-12 16:23:12
157,0.3,71.0,145.5,0.1,36.2,105.1,60,212.4,0.5,6.7,829.7,33.9,4.0,2.9,0,0.0,25.562,25.625,2025-06-12 16:23:58
153.8,0.3,73.0,146.6,0.1,35.9,108.1,59.99,212.4,0.5,6.7,829.7,33.9,4.0,2.9,0,0.0,25.625,25.625,2025-06-12 16:24:14
153.8,0.3,72.8,140.9,0.1,36.1,107.0,60,212.3,0.6,6.7,829.7,33.9,4.0,2.9,0,0.0,25.562,25.562,2025-06-12 16:25:00
154,0.3,73.2,149.7,0.1,37.7,108.9,59.99,212.4,0.6,6.7,829.7,33.9,4.0,2.9,0,0.0,25.5,25.562,2025-06-12 16:25:16
153.9,0.4,75.4,152.6,0.2,36.0,109.6,60,212.3,0.5,6.7,829.7,33.8,4.0,2.9,0,0.0,25.437,25.437,2025-06-12 16:26:03
151,0.4,73.4,149.6,0.2,38.9,110.3,60.02,212.3,0.6,6.7,829.7,33.8,4.0,2.9,0,38.845008416418494,25.375,25.375,2025-06-12 16:26:19
157.1,0.3,73.1,149.6,0.2,40.6,111.3,60.02,212.3,0.6,6.7,829.7,33.7,4.0,2.9,0,0.0,25.25,25.25,2025-06-12 16:27:05
154.9,0.3,73.0,151.6,0.1,40.2,111.0,60.01,212.2,0.6,6.7,829.7,33.7,4.0,2.9,0,0.0,25.25,25.25,2025-06-12 16:27:21
152.5,0.3,72.8,148.1,0.2,40.6,111.4,59.97,212.2,0.6,6.7,829.7,33.6,4.0,2.9,0,38.845008416418494,25.187,25.25,2025-06-12 16:28:08
154,0.3,74.3,146.7,0.2,39.6,112.0,59.99,212.2,0.5,6.7,829.7,33.6,4.0,2.9,0,0.0,25.25,25.25,2025-06-12 16:28:24
153.9,0.3,75.5,152.6,0.2,40.1,113.1,60.04,212.4,0.6,6.7,829.7,33.6,4.0,2.9,0,0.0,25.125,25.187,2025-06-12 16:29:10
152.1,0.4,73.9,149.7,0.2,42.0,113.7,60.03,212.4,0.6,6.7,829.7,33.5,4.0,2.9,0,0.0,25.187,25.125,2025-06-12 16:29:26
151.8,0.4,73.6,148.8,0.2,43.9,115.4,60,212.6,0.5,6.7,829.7,33.5,4.0,2.9,0,0.0,25.125,25.125,2025-06-12 16:30:13
153.9,0.4,75.6,146.7,0.2,42.6,115.9,59.96,212.5,0.5,6.7,829.7,33.5,4.0,2.9,0,0.0,25.125,25.187,2025-06-12 16:30:29
154,0.4,75.4,152.5,0.2,41.6,115.2,59.96,212.7,0.5,6.7,829.7,33.4,4.0,2.9,0,0.0,25.187,25.187,2025-06-12 16:31:15
151.4,0.4,74.7,149.5,0.2,43.4,115.5,60,212.8,0.6,6.7,829.7,33.4,4.0,2.9,0,38.845008416418494,25.187,25.187,2025-06-12 16:31:31
153.7,0.3,73.8,146.6,0.2,41.5,112.9,60.01,212.7,0.6,6.7,829.7,33.4,4.0,2.9,0,0.0,25.187,25.187,2025-06-12 16:32:18
151.1,0.3,71.8,146.6,0.2,41.7,111.5,59.99,212.9,0.6,6.7,829.7,33.4,4.0,2.9,0,0.0,25.187,25.187,2025-06-12 16:32:34
151.1,0.3,69.7,146.9,0.2,40.8,108.4,60.02,212.8,0.5,6.7,829.7,33.3,4.0,2.9,0,38.845008416418494,25.187,25.187,2025-06-12 16:33:20
153.9,0.3,70.9,143.7,0.2,38.9,108.4,60.03,212.9,0.5,6.7,829.7,33.3,4.0,2.9,0,0.0,25.187,25.187,2025-06-12 16:33:36
153.8,0.3,69.6,149.6,0.2,38.7,106.5,59.98,212.9,0.5,6.7,829.7,33.3,4.0,2.9,0,0.0,25.25,25.25,2025-06-12 16:34:22
152.3,0.3,70.4,148.2,0.2,36.7,105.1,60.04,212.7,0.5,6.7,829.7,33.3,4.0,2.9,0,0.0,25.187,25.25,2025-06-12 16:34:39
154,0.3,70.4,143.6,0.2,35.9,104.3,60,212.6,0.5,6.7,829.7,33.3,4.0,2.9,0,0.0,25.187,25.187,2025-06-12 16:35:25
157,0.3,67.9,146.8,0.1,37.4,103.3,60.02,212.6,0.6,6.7,829.7,33.3,4.0,2.9,0,0.0,25.187,25.25,2025-06-12 16:35:41
151.2,0.3,69.5,147,0.1,36.0,102.0,60.03,212.7,0.7,6.7,829.7,33.3,4.0,2.9,0,0.0,25.25,25.25,2025-06-12 16:36:27
152.4,0.3,67.7,145.6,0.1,36.1,102.0,60.03,212.6,0.5,6.7,829.7,33.3,4.0,2.9,0,0.0,25.312,25.312,2025-06-12 16:36:43
156.5,0.3,66.6,147.7,0.1,35.7,100.5,60.02,212.7,0.5,6.7,829.7,33.3,4.0,2.9,0,0.0,25.312,25.312,2025-06-12 16:37:30
154,0.3,67.8,149.6,0.1,35.6,101.4,60.02,212.6,0.6,6.7,829.7,33.3,4.0,2.9,0,0.0,25.312,25.312,2025-06-12 16:37:46
154,0.3,67.0,143.7,0.1,35.0,100.2,60.01,212.5,0.5,6.7,829.7,33.2,4.0,2.9,0,0.0,25.25,25.25,2025-06-12 16:38:32
154.8,0.3,64.7,146.2,0.1,36.0,98.1,60.02,212.6,0.6,6.7,829.7,33.2,4.0,2.9,0,0.0,25.25,25.25,2025-06-12 16:38:48
153.4,0.3,66.3,148.9,0.1,35.6,100.0,60,212.6,0.5,6.7,829.7,33.2,4.0,2.9,0,0.0,25.187,25.187,2025-06-12 16:39:35
153.8,0.3,65.7,149.7,0.1,35.9,99.6,60.03,212.5,0.5,6.7,829.7,33.2,4.0,2.9,0,0.0,25.187,25.187,2025-06-12 16:39:51
153.7,0.3,63.9,149.9,0.1,34.2,97.1,59.97,212.8,0.6,6.7,829.7,33.1,4.0,2.9,0,0.0,25.125,25.187,2025-06-12 16:40:37
157.3,0.3,61.0,147,0.1,34.5,93.0,59.98,212.6,0.6,6.7,829.7,33.1,4.0,2.9,0,0.0,25.187,25.187,2025-06-12 16:40:53
150.8,0.3,60.4,140.8,0.1,32.4,90.9,59.98,212.7,0.5,6.7,829.7,33.1,4.0,2.9,0,0.0,25.187,25.187,2025-06-12 16:41:40
154.1,0.2,59.5,140.6,0.1,31.7,89.1,60.02,212.5,0.5,6.7,829.7,33.1,4.0,2.9,0,0.0,25.187,25.187,2025-06-12 16:41:56
152.6,0.2,57.2,143.7,0.1,30.1,85.7,59.99,212.4,0.4,6.7,829.7,33.1,4.0,2.9,0,0.0,25.187,25.187,2025-06-12 16:42:42
149.6,0.2,56.5,146.5,0.1,29.6,84.5,59.98,212.6,0.4,6.7,829.7,33.1,4.0,2.9,0,0.0,25.187,25.187,2025-06-12 16:42:58
152.5,0.2,54.8,143.6,0.1,27.3,80.7,60.04,212.7,0.5,6.7,829.7,33.1,4.0,2.9,0,0.0,25.125,25.187,2025-06-12 16:43:45
152.4,0.2,53.1,140.8,0.1,26.2,77.9,60.04,212.5,0.6,6.7,829.7,33.1,4.0,2.9,0,0.0,25.187,25.187,2025-06-12 16:44:01
152.1,0.2,49.6,141.9,0.1,24.3,73.3,60.01,212.7,0.4,6.7,829.7,33.1,4.0,2.9,0,0.0,25.312,25.312,2025-06-12 16:44:47
149.8,0.2,49.0,145.4,0.1,24.2,71.9,60.02,212.6,0.5,6.7,829.7,33,4.0,2.9,0,0.0,25.312,25.312,2025-06-12 16:45:03
147.7,0.2,46.3,136.3,0.1,20.7,65.9,60.04,212.5,0.5,6.7,829.7,33,4.0,2.9,0,0.0,25.375,25.437,2025-06-12 16:45:50
142.7,0.2,46.0,143.7,0.1,21.8,66.7,60.03,212.5,0.4,6.7,829.7,33,4.0,2.9,0,0.0,25.375,25.375,2025-06-12 16:46:06
142.8,0.2,44.4,137,0,18.8,61.7,60.05,212.5,0.5,6.7,829.7,33,4.0,2.9,0,0.0,25.437,25.437,2025-06-12 16:46:52
149.6,0.2,46.7,142.4,0,18.2,63.8,60.02,212.5,0.5,6.7,829.7,33,4.0,2.9,0,0.0,25.437,25.437,2025-06-12 16:47:08
148.2,0.1,47.0,145.7,0,16.1,62.0,60.01,212.7,0.5,6.7,829.7,33,4.1,2.9,0,0.0,25.5,25.5,2025-06-12 16:47:55
149.6,0.2,46.8,140.8,0,17.0,62.9,60.03,212.5,0.4,6.7,829.7,33,4.1,2.9,0,0.0,25.5,25.5,2025-06-12 16:48:11
151.4,0.2,46.5,139.6,0,16.5,61.9,60.04,212.4,0.6,6.7,829.7,33,4.1,2.9,0,0.0,25.5,25.5,2025-06-12 16:48:57
149.2,0.1,46.5,138.1,0,16.1,61.5,60.04,212.6,0.4,6.7,829.7,33,4.1,2.9,0,0.0,25.5,25.5,2025-06-12 16:49:13
153.4,0.1,47.2,139.9,0,14.3,60.3,60,212.5,0.3,6.7,829.7,33,4.1,2.9,0,0.0,25.375,25.437,2025-06-12 16:49:59
148.2,0.2,49.5,147.4,0,12.2,60.7,60.02,212.3,0.5,6.7,829.7,33,4.1,2.9,0,0.0,25.375,25.375,2025-06-12 16:50:15
151.2,0.2,49.2,139.9,0,14.0,62.2,59.96,212.3,0.4,6.7,829.7,33,4.1,2.9,0,0.0,25.312,25.312,2025-06-12 16:51:02
151.3,0.2,49.8,145.4,0,13.9,62.0,59.96,212.1,0.4,6.7,829.7,33.1,4.1,2.9,0,0.0,25.312,25.312,2025-06-12 16:51:18
157.3,0.1,43.4,153.8,0,9.3,53.2,60,212.2,0.3,6.7,829.7,33,4.1,2.9,0,0.0,25.25,25.312,2025-06-12 16:52:04
148.8,0.2,47.7,143.3,0,14.5,60.9,59.99,212.4,0.3,6.7,829.7,33,4.1,2.9,0,0.0,25.25,25.25,2025-06-12 16:52:20
148.9,0.1,46.4,141.4,0,13.9,59.3,60,212.3,0.4,6.7,829.7,33,4.1,2.9,0,0.0,25.25,25.312,2025-06-12 16:53:07
148.6,0.1,45.7,138.8,0,14.0,58.7,59.98,212.2,0.6,6.7,829.7,33,4.1,2.9,0,0.0,25.25,25.312,2025-06-12 16:53:23
145.6,0.1,42.7,142,0,13.7,55.5,60.02,212.5,0.4,6.7,829.7,33,4.1,2.9,0,0.0,25.312,25.312,2025-06-12 16:54:09
140.3,0.1,39.6,139.8,0,14.1,52.7,60,212.5,0.4,6.7,829.7,33,4.1,2.9,0,0.0,25.312,25.375,2025-06-12 16:54:25
142.7,0.1,36.3,133.1,0,12.9,49.2,60,212.2,0.5,6.7,829.7,33,4.1,2.9,0,0.0,25.375,25.375,2025-06-12 16:55:12
139.8,0.1,36.6,144.8,0,11.3,47.1,60,212.3,0.4,6.7,829.7,33,4.1,2.9,0,0.0,25.375,25.437,2025-06-12 16:55:28
139.6,0.1,33.1,142.1,0,10.9,43.3,60.04,212.7,0.4,6.7,829.7,33,4.1,2.9,0,0.0,25.437,25.437,2025-06-12 16:56:14
142.1,0.1,32.5,140.5,0,11.1,42.8,60,212.7,0.4,6.7,829.7,33,4.1,2.9,0,0.0,25.437,25.437,2025-06-12 16:56:30
145.3,0,30.4,137.1,0,7.2,36.8,60.01,212.7,0.2,6.7,829.7,32.9,4.1,2.9,0,0.0,25.437,25.437,2025-06-12 16:57:17
138.5,0,29.4,134.1,0,6.8,35.5,60.02,212.7,0.4,6.7,829.7,32.9,4.1,2.9,0,0.0,25.437,25.437,2025-06-12 16:57:33
138.7,0,27.0,128.1,0,4.9,31.4,59.98,212.5,0.5,6.7,829.7,32.9,4.1,2.9,0,-38.845008416418494,25.375,25.375,2025-06-12 16:58:19
139.9,0,26.4,129.5,0,4.7,30.6,60.02,212.6,0.2,6.7,829.7,32.9,4.1,2.9,0,-38.845008416418494,25.375,25.437,2025-06-12 16:58:35
138.9,0,24.6,131.4,0,3.9,28.2,60.02,212.9,0.4,6.7,829.7,32.8,4.1,2.9,0,0.0,25.375,25.375,2025-06-12 16:59:22
139.9,0,23.6,140.7,0,4.0,9.8,60.02,212.7,0.5,6.7,829.7,32.7,4.1,2.9,0,0.0,25.312,25.375,2025-06-12 16:59:38
140.7,0,12.8,156.7,0,2.9,15.6,60.01,212.6,0.3,6.7,829.7,32.7,4.1,2.9,0,0.0,25.25,25.312,2025-06-12 17:00:24
141.4,0,19.7,139.4,0,4.3,23.8,59.97,212.5,0.4,6.7,829.7,32.6,4.1,2.9,0,0.0,25.25,25.312,2025-06-12 17:00:40
144.4,0,11.9,152.9,0,3.7,15.4,60.03,212.5,0.4,6.7,829.7,32.5,4.1,2.9,0,0.0,25.187,25.25,2025-06-12 17:01:27
132.5,0,15.8,146.4,0,4.5,20.1,60.03,212.5,0.3,6.7,829.7,32.5,4.1,2.9,0,0.0,25.25,25.187,2025-06-12 17:01:43
132.5,0,13.0,148.4,0,4.3,17.3,59.95,212.5,0.3,6.7,829.7,32.4,4.1,2.9,0,-38.845008416418494,25.187,25.187,2025-06-12 17:02:29
135,0,13.5,144.8,0,4.5,17.8,60,212.3,0.4,6.7,829.7,32.3,4.1,2.9,0,-38.845008416418494,25.187,25.187,2025-06-12 17:02:45
132.9,0,12.8,146.6,0,4.3,17.0,60.02,212,0.2,6.7,829.7,32.2,4.1,2.9,0,-38.845008416418494,25.187,25.187,2025-06-12 17:03:32
120.6,0,9.9,151.2,0,3.5,13.4,60.02,212.1,0.4,6.7,829.7,32.2,4.1,2.9,0,-38.845008416418494,25.187,25.187,2025-06-12 17:03:47
143,0,9.9,151.4,0,3.7,13.6,60.06,212.2,0.3,6.7,829.7,32.2,4.1,2.9,0,-38.845008416418494,25.125,25.125,2025-06-12 17:04:34
154,0,9.1,129.2,0,3.6,15.9,60.04,212.2,0.5,6.7,829.7,32.1,4.1,2.9,0,0.0,25.125,25.125,2025-06-12 17:04:50
141,0,6.9,153.1,0,2.6,9.6,60.02,212.3,0.3,6.7,829.7,32.1,4.1,2.9,0,-38.845008416418494,25.062,25.062,2025-06-12 17:05:36
137,0,7.3,153.9,0,2.8,10.0,60.01,212.3,0.4,6.7,829.7,32,4.1,2.9,0,-38.845008416418494,25.0,25.0,2025-06-12 17:05:52
129.6,0,8.5,148.4,0,3.9,12.5,60.02,212.1,0.4,6.7,829.7,32,4.1,2.9,0,0.0,25.0,25.0,2025-06-12 17:06:39
131,0,7.0,151.7,0,3.1,10.0,60,212.2,0.3,6.7,829.7,32,4.1,2.9,0,0.0,25.0,25.0,2025-06-12 17:06:55
141.2,0,7.7,148.6,0,4.0,11.6,59.99,212.5,0.4,6.7,829.7,32,4.1,2.9,0,-38.845008416418494,24.812,24.875,2025-06-12 17:07:41
131.4,0,8.2,145.4,0,4.0,12.0,60.01,212.2,0.3,6.7,829.7,32,4.1,2.9,0,-38.845008416418494,24.812,24.812,2025-06-12 17:07:57
136.2,0,8.1,145.9,0,4.1,12.2,59.97,212.3,0.4,6.7,829.7,32,4.1,2.9,0,-38.845008416418494,24.812,24.812,2025-06-12 17:08:44
131.9,0,6.3,149.9,0,3.8,10.0,60,212.4,0.3,6.7,829.7,31.9,4.1,2.9,0,0.0,24.75,24.812,2025-06-12 17:09:00
135.9,0,5.4,152.5,0,2.9,8.4,60,212.2,0.3,6.7,829.7,31.9,4.1,2.9,0,-38.845008416418494,24.75,24.812,2025-06-12 17:09:46
130,0,7.9,147.3,0,4.0,11.9,60.03,212.4,0.4,6.7,829.7,31.9,4.1,2.9,0,-38.845008416418494,24.75,24.812,2025-06-12 17:10:02
120.3,0,7.3,147.1,0,3.9,11.2,59.98,212.3,0.3,6.7,829.7,31.8,4.1,2.9,0,0.0,24.875,24.875,2025-06-12 17:10:49
123.3,0,6.1,149.8,0,3.4,9.5,59.99,212.3,0.4,6.7,829.7,31.8,4.1,2.9,0,-38.845008416418494,24.875,24.812,2025-06-12 17:11:05
127.4,0,7.1,149.8,0,3.5,10.6,60.04,212.3,0.4,6.7,829.7,31.8,4.1,2.9,0,-38.845008416418494,24.875,24.812,2025-06-12 17:11:51
129.9,0,6.3,152.6,0,3.1,9.4,60.02,212.3,0.3,6.7,829.7,31.8,4.1,2.9,0,-38.845008416418494,24.812,24.875,2025-06-12 17:12:07
124.8,0,10.6,136.7,0,4.3,14.5,59.99,212.3,0.4,6.7,829.7,31.8,4.1,2.9,0,-38.845008416418494,24.812,24.812,2025-06-12 17:12:54
110.6,0,5.7,151.1,0,2.4,8.8,59.97,212.2,0.2,6.7,829.7,31.7,4.1,2.9,0,0.0,24.812,24.812,2025-06-12 17:13:10
131,0,8.9,151.8,0,3.7,12.6,59.98,212.1,0.4,6.7,829.7,31.7,4.1,2.9,0,-38.845008416418494,24.875,24.937,2025-06-12 17:13:56
128.2,0,10.9,148.3,0,3.5,14.4,60,211.9,0.5,6.7,829.7,31.7,4.1,2.9,0,-38.845008416418494,24.937,24.937,2025-06-12 17:14:12
125.4,0,9.4,153.2,0,2.8,12.5,59.99,212.3,0.5,6.7,829.7,31.7,4.1,2.9,0,0.0,24.937,24.937,2025-06-12 17:14:59
119,0,9.0,154.8,0,2.4,11.5,59.99,212.6,0.4,6.7,829.7,31.7,4.1,2.9,0,-38.845008416418494,24.937,25.0,2025-06-12 17:15:15
137.1,0,15.8,148,0,3.8,19.3,60.02,212.6,0.3,6.7,829.7,31.7,4.1,2.9,0,-38.845008416418494,25.0,25.0,2025-06-12 17:16:01
125.2,0,16.1,143.8,0,3.7,19.5,60.02,212.6,0.4,6.7,829.7,31.7,4.1,2.9,0,-38.845008416418494,25.062,25.0,2025-06-12 17:16:17
129.8,0,19.2,126.1,0,3.3,22.3,60.03,212.3,0.3,6.7,829.7,31.7,4.1,2.9,0,0.0,25.062,25.062,2025-06-12 17:17:04
140.4,0,19.1,148.1,0,3.5,21.9,60.02,212.4,0.3,6.7,829.7,31.7,4.1,2.9,0,0.0,25.062,25.062,2025-06-12 17:17:20
130.9,0,21.5,126.1,0,3.0,24.1,59.98,212.3,0.3,6.7,829.7,31.6,4.1,2.9,0,0.0,25.062,25.062,2025-06-12 17:18:06
136.9,0,19.3,153.5,0,2.9,22.0,60,212.3,0.4,6.7,829.7,31.6,4.1,2.9,0,0.0,25.0,24.937,2025-06-12 17:18:22
139.3,0.1,18.0,157.6,0,2.2,20.0,60.01,212.2,0.3,6.7,829.7,31.6,4.1,2.9,0,0.0,24.937,24.937,2025-06-12 17:19:08
140.7,0,19.4,157.5,0,2.2,21.5,60.01,212.1,0.3,6.7,829.7,31.6,4.1,2.9,0,0.0,24.937,24.937,2025-06-12 17:19:24
145,0.1,18.1,160.1,0,1.9,20.1,60.01,212.4,0.4,6.7,829.7,31.6,4.1,2.9,0,0.0,24.875,24.937,2025-06-12 17:20:11
143.4,0.1,24.3,156.3,0,2.3,25.9,60.03,212.3,0.4,6.7,829.7,31.6,4.1,2.9,0,0.0,24.937,24.875,2025-06-12 17:20:27
136.6,0.1,31.8,126.7,0,2.7,34.0,59.97,212.5,0.4,6.7,829.7,31.5,4.1,2.9,0,0.0,24.812,24.812,2025-06-12 17:21:13
145.3,0.1,33.4,135,0,2.9,35.5,59.99,212.4,0.4,6.7,829.7,31.5,4.1,2.9,0,0.0,24.812,24.812,2025-06-12 17:21:29
139.8,0.1,32.0,121.5,0,2.7,34.1,60.02,212.7,0.3,6.7,829.7,31.5,4.1,2.9,0,0.0,24.812,24.812,2025-06-12 17:22:16
140,0.1,31.1,120.5,0,3.0,33.6,59.98,212.6,0.4,6.7,829.7,31.5,4.1,2.9,0,0.0,24.812,24.812,2025-06-12 17:22:32
148.7,0,30.4,117.5,0,2.7,32.6,60,212.5,0.5,6.7,829.7,31.5,4.1,2.9,0,0.0,24.812,24.875,2025-06-12 17:23:18
142.8,0,30.4,138.4,0,3.2,33.1,59.99,212.5,0.4,6.7,829.7,31.5,4.1,2.9,0,0.0,24.812,24.875,2025-06-12 17:23:34
137,0,17.8,158.8,0,2.1,19.1,60.03,212.4,0.4,6.7,829.7,31.5,4.1,2.9,0,0.0,24.875,24.875,2025-06-12 17:24:21
137.4,0,23.4,154.5,0,2.9,26.1,60.03,212.4,0.3,6.7,829.7,31.5,4.1,2.9,0,0.0,24.875,24.937,2025-06-12 17:24:37
138.4,0,26.1,134.9,0,3.2,28.8,59.98,212.5,0.3,6.7,829.7,31.6,4.1,2.9,0,0.0,24.937,24.937,2025-06-12 17:25:23
138.2,0,25.1,129.3,0,3.1,27.2,60.04,212.6,0.4,6.7,829.7,31.6,4.1,2.9,0,0.0,24.937,24.937,2025-06-12 17:25:39
137,0,22.7,125.5,0,3.1,25.4,60.03,212.7,0.3,6.7,829.7,31.6,4.1,2.9,0,0.0,24.937,24.937,2025-06-12 17:26:26
136.6,0,21.7,145.8,0,3.4,24.7,60.02,212.8,0.3,6.7,829.7,31.6,4.1,2.9,0,0.0,24.937,24.937,2025-06-12 17:26:42
134.6,0,11.6,155.7,0,2.2,13.7,60,212.4,0.3,6.7,829.7,31.6,4.1,2.9,0,0.0,25.0,25.0,2025-06-12 17:27:28
131.6,0,10.7,156.8,0,2.1,12.7,60.03,212.3,0.4,6.7,829.7,31.6,4.1,2.9,0,0.0,24.937,25.0,2025-06-12 17:27:44
123.1,0,11.9,151.7,0,3.0,15.5,60,212.5,0.3,6.7,829.7,31.6,4.1,2.9,0,0.0,24.937,24.937,2025-06-12 17:28:31
117.1,0,9.1,155,0,2.2,11.1,60.03,212.5,0.3,6.7,829.7,31.6,4.1,2.9,0,0.0,24.875,24.875,2025-06-12 17:28:47
144.5,0,12.1,140.5,0,4.3,16.5,59.99,212,0.3,6.7,829.7,31.6,4.1,2.9,0,-38.845008416418494,24.875,24.875,2025-06-12 17:29:33
138.1,0,12.8,130.6,0,3.8,16.5,60.02,212,0.3,6.7,829.7,31.6,4.1,2.9,0,0.0,24.875,24.875,2025-06-12 17:29:49
131.4,0,10.4,127.3,0,3.7,13.9,59.98,211.7,0.4,6.7,829.7,31.6,4.1,2.9,0,0.0,24.875,24.937,2025-06-12 17:30:36
134.4,0,9.4,136.3,0,3.8,13.2,60,211.7,0.3,6.7,829.7,31.6,4.1,2.9,0,-38.845008416418494,24.875,24.937,2025-06-12 17:30:52
137,0,5.7,150.4,0,3.4,8.9,60.03,212.1,0.6,6.7,829.7,31.6,4.1,2.9,0,0.0,25.0,25.0,2025-06-12 17:31:38
136.6,0,4.4,152.4,0,2.8,7.3,60.01,212.1,0.4,6.7,829.7,31.6,4.1,2.9,0,0.0,24.937,24.937,2025-06-12 17:31:54
122.3,0,4.1,151.9,0,2.6,6.7,60,212.1,0.2,6.7,829.7,31.6,4.1,2.9,0,-38.845008416418494,24.812,24.875,2025-06-12 17:32:40
121.6,0,5.3,147.2,0,3.4,8.7,60.01,212.2,0.5,6.7,829.7,31.6,4.1,2.9,0,-38.845008416418494,24.812,24.812,2025-06-12 17:32:56
127.9,0,4.3,143.9,0,3.8,8.6,59.99,212,0.4,6.7,829.7,31.6,4.1,2.9,0,-38.845008416418494,24.812,24.812,2025-06-12 17:33:43
128.3,0,5.4,129.1,0,4.1,9.4,60.04,212.1,0.4,6.7,829.7,31.6,4.1,2.9,0,-38.845008416418494,24.75,24.812,2025-06-12 17:33:59
137,0,4.8,135.7,0,4.1,9.0,59.97,212.3,0.3,6.7,829.7,31.6,4.1,2.9,0,-38.845008416418494,24.875,24.875,2025-06-12 17:34:45
116.6,0,4.3,120.3,0,3.7,7.8,59.99,212.1,0.3,6.7,829.7,31.7,4.1,2.9,0,-38.845008416418494,24.812,24.875,2025-06-12 17:35:01
143.1,0,2.0,151.7,0,2.1,4.4,60,212,0.2,6.7,829.7,31.7,4.1,2.9,0,-38.845008416418494,24.75,24.75,2025-06-12 17:35:48
152.6,0,1.9,148.1,0,1.7,3.2,60.01,212.1,0.5,6.7,829.7,31.7,4.1,2.9,0,-38.845008416418494,24.75,24.75,2025-06-12 17:36:04
145.3,0,3.1,146.6,0,3.1,6.3,60,212.6,0.3,6.7,829.7,31.7,4.1,2.9,0,-38.845008416418494,24.812,24.812,2025-06-12 17:36:50
153.3,0,1.3,149.2,0,1.3,2.4,60.03,212.5,0.3,6.7,829.7,31.7,4.1,2.9,0,-38.845008416418494,24.75,24.75,2025-06-12 17:37:06
132.6,0,3.5,148.9,0,3.9,7.4,60.04,212.6,0.5,6.7,829.7,31.7,4.1,2.9,0,-38.845008416418494,24.625,24.625,2025-06-12 17:37:53
137.5,0,4.5,136,0,3.9,8.1,60.02,212.6,0.4,6.7,829.7,31.7,4.1,2.9,0,-38.845008416418494,24.625,24.687,2025-06-12 17:38:09
144.1,0,3.3,151.1,0,3.2,6.5,60,212.4,0.3,6.7,829.7,31.7,4.1,2.9,0,-38.845008416418494,24.687,24.687,2025-06-12 17:38:55
127.5,0,5.1,119.8,0,3.9,8.8,59.99,212.4,0.2,6.7,829.7,31.6,4.1,2.9,0,-38.845008416418494,24.625,24.625,2025-06-12 17:39:11
130.5,0,3.5,147.4,0,3.3,6.8,59.98,212.3,0.3,6.7,829.7,31.6,4.1,2.9,0,-38.845008416418494,24.437,24.437,2025-06-12 17:39:58
135.1,0,3.3,148.8,0,3.3,6.6,60,212.4,0.4,6.7,829.7,31.6,4.1,2.9,0,-38.845008416418494,24.375,24.375,2025-06-12 17:40:14
133.5,0,3.9,148.7,0,3.5,7.4,60,212.3,0.4,6.7,829.7,31.5,4.1,2.9,0,-38.845008416418494,24.312,24.312,2025-06-12 17:41:00
130.7,0,3.0,151.7,0,2.5,5.3,60.01,212.4,0.4,6.7,829.7,31.5,4.1,2.9,0,-38.845008416418494,24.25,24.25,2025-06-12 17:41:16
139.7,0,3.1,151.3,0,2.9,6.3,59.99,212.4,0.4,6.7,829.7,31.5,4.1,2.9,0,-38.845008416418494,24.187,24.187,2025-06-12 17:42:03
135.4,0,2.7,127.6,0,2.2,4.5,59.95,212.3,0.5,6.7,829.7,31.4,4.1,2.9,0,-38.845008416418494,24.125,24.125,2025-06-12 17:42:19
113.3,0,2.0,150.9,0,2.4,4.6,59.98,212.5,0.3,6.7,829.7,31.4,4.1,2.9,0,-38.845008416418494,24.0,24.062,2025-06-12 17:43:05
134.8,0,4.0,131,0,3.4,7.2,59.98,212.4,0.4,6.7,829.7,31.3,4.1,2.9,0,-38.845008416418494,24.0,24.0,2025-06-12 17:43:21
150.4,0,1.5,147.4,0,1.4,3.0,60,212.1,0.4,6.7,829.7,31.3,4.1,2.9,0,-38.845008416418494,24.125,24.187,2025-06-12 17:44:07
152.6,0,0.4,150.7,0,0.4,0.8,60.04,212.1,0.4,6.7,829.7,31.3,4.1,2.9,0,-38.845008416418494,24.187,24.187,2025-06-12 17:44:24
152.1,0,0.5,149.6,0,0.5,0.9,60.03,212.2,0.4,6.7,829.7,31.3,4.1,2.9,0,-38.845008416418494,24.062,24.062,2025-06-12 17:45:10
152.4,0,0.4,149.4,0,0.4,0.8,60.02,212.3,0.4,6.7,829.7,31.3,4.1,2.9,0,-38.845008416418494,24.125,24.187,2025-06-12 17:45:26
151,0,0.4,148.3,0,0.4,0.9,59.98,212.1,0.4,6.7,829.7,31.3,4.1,2.9,0,-38.845008416418494,24.125,24.125,2025-06-12 17:46:12
150.6,0,1.3,147.3,0,1.2,2.1,60.04,212.1,0.3,6.7,829.7,31.3,4.1,2.9,0,-38.845008416418494,24.125,24.125,2025-06-12 17:46:28
145.5,0,0.4,144.3,0,0.4,1.0,60.02,212.2,0.4,6.7,829.7,31.3,4.1,2.9,0,-38.845008416418494,24.062,24.125,2025-06-12 17:47:15
135.4,0,1.2,132.3,0,1.2,2.2,60.01,212.3,0.3,6.7,829.7,31.3,4.1,2.9,0,-38.845008416418494,24.125,24.062,2025-06-12 17:47:31
143.2,0,0.3,137.2,0,0.3,0.8,60.01,212.3,0.5,6.7,829.7,31.3,4.1,2.9,0,-38.845008416418494,24.062,24.062,2025-06-12 17:48:17
135.7,0,0.8,139,0,0.8,1.5,60,212.3,0.5,6.7,829.7,31.3,4.1,2.9,0,-38.845008416418494,24.062,24.062,2025-06-12 17:48:33
138.7,0,0.4,138.1,0,0.4,1.0,60,212.5,0.4,6.7,829.7,31.3,4.1,2.9,0,-38.845008416418494,24.062,24.062,2025-06-12 17:49:20
138.5,0,0.8,141.9,0,0.9,1.5,60.01,212.3,0.3,6.7,829.7,31.3,4.1,2.9,0,-38.845008416418494,24.062,24.062,2025-06-12 17:49:36
142.3,0,1.2,141.1,0,1.2,2.2,60.03,212,0.5,6.7,829.7,31.3,4.1,2.9,0,-38.845008416418494,24.062,24.062,2025-06-12 17:50:22
138.8,0,0.5,140.6,0,0.5,1.1,60.01,212.1,0.4,6.7,829.7,31.3,4.1,2.9,0,-38.845008416418494,24.062,24.062,2025-06-12 17:50:38
131,0,0.8,134.2,0,0.9,1.7,60.02,212.2,0.4,6.7,829.7,31.2,4.1,2.9,0,-38.845008416418494,24.0,24.0,2025-06-12 17:51:25
139.2,0,0.8,137.9,0,0.8,1.5,60.04,212.2,0.5,6.7,829.7,31.2,4.1,2.9,0,-38.845008416418494,24.0,24.0,2025-06-12 17:51:41
139.4,0,0.4,137.6,0,0.4,1.0,60.04,211.8,0.5,6.7,829.7,31.2,4.1,2.9,0,-38.845008416418494,23.937,23.937,2025-06-12 17:52:27
142.1,0,1.0,125.1,0,0.8,1.7,60.02,211.9,0.5,6.7,829.7,31.2,4.1,2.9,0,-38.845008416418494,23.875,23.875,2025-06-12 17:52:43
138.5,0,0.3,136.1,0,0.3,0.7,60.02,212.2,0.4,6.7,829.7,31.2,4.1,2.9,0,-38.845008416418494,23.875,23.875,2025-06-12 17:53:30
140.6,0,0.4,134.2,0,0.3,0.7,60.03,212.2,0.4,6.7,829.7,31.2,4.1,2.9,0,-38.845008416418494,23.937,23.937,2025-06-12 17:53:46
139.3,0,0.3,134,0,0.3,0.7,59.99,212.1,0.4,6.7,829.7,31.2,4.1,2.9,0,-38.845008416418494,24.0,24.0,2025-06-12 17:54:32
138.6,0,1.2,134.1,0,1.2,2.2,60.03,212,0.5,6.7,829.7,31.2,4.1,2.9,0,-38.845008416418494,23.937,23.937,2025-06-12 17:54:48
114.8,0,0.4,108.8,0,0.1,0.4,60.02,212.3,0.3,6.7,829.7,31.1,4.1,2.9,0,-38.845008416418494,23.812,23.812,2025-06-12 17:55:35
136.3,0,0.6,132,0,0.6,1.1,60.01,212.3,0.4,6.7,829.7,31.1,4.1,2.9,0,-38.845008416418494,23.812,23.812,2025-06-12 17:55:51
129.8,0,0.3,130,0,0.3,0.7,59.99,212.2,0.3,6.7,829.7,31.1,4.1,2.9,0,-38.845008416418494,23.75,23.75,2025-06-12 17:56:37
130.2,0,0.6,129.2,0,0.8,1.2,60.02,212.1,0.4,6.7,829.7,31.1,4.1,2.9,0,-38.845008416418494,23.75,23.75,2025-06-12 17:56:53
130.7,0,0.4,123.1,0,0.4,0.9,59.98,212.3,0.4,6.7,829.7,31.1,4.1,2.9,0,-38.845008416418494,23.625,23.625,2025-06-12 17:57:39
129.9,0,0.7,126.1,0,0.7,1.3,60.03,212.3,0.3,6.7,829.7,31.1,4.1,2.9,0,-38.845008416418494,23.625,23.625,2025-06-12 17:57:55
127.5,0,0.5,117.4,0,0.5,0.9,60.04,212,0.5,6.7,829.7,31.1,4.1,2.9,0,-38.845008416418494,23.625,23.625,2025-06-12 17:58:42
118.6,0,0.2,122.8,0,0.3,0.5,60.02,212,0.4,6.7,829.7,31.1,4.1,2.9,0,-38.845008416418494,23.625,23.625,2025-06-12 17:58:58
99,0,0.6,81.5,0,0.5,0.7,60.02,212,0.4,6.7,829.7,31,4.1,2.9,0,-38.845008416418494,23.625,23.625,2025-06-12 17:59:44
116,0,0.8,81.9,0,0.5,1.5,59.99,212,0.4,6.7,829.7,31,4.1,2.9,0,-38.845008416418494,23.625,23.625,2025-06-12 18:00:00
