vpv1,ipv1,pv1_watt,vpv2,ipv2,pv2_watt,pac_total,freq,vac1,iac1,energia_hoy,energia_total,temp_inversor,Energìa PV1,Energìa PV2,codigo_error,irradiancia,temp1,temp2,timestamp
,0,0.0,0,0,0.0,0.0,0,0,0,0.0,839.7,0,0.0,0.0,0,-38.845008416418494,22.437,22.437,2025-06-14 05:22:50
0,0,0.0,0,0,0.0,0.0,0,0,0,0.0,839.7,0,0.0,0.0,0,-38.845008416418494,22.437,22.437,2025-06-14 05:22:57
,0,0.0,0,0,0.0,0.0,0,0,0,0.0,839.7,0,0.0,0.0,0,-38.845008416418494,22.437,22.437,2025-06-14 05:23:53
0,0,0.0,0,0,0.0,0.0,0,0,0,0.0,839.7,0,0.0,0.0,0,-38.845008416418494,22.437,22.437,2025-06-14 05:24:00
146.9,0,0.0,146.7,0,0.0,0.0,60,212.8,0,0.0,839.7,22.5,0.0,0.0,0,-38.845008416418494,22.375,22.375,2025-06-14 05:24:56
147.3,0,0.0,147.3,0,0.0,0.0,59.98,212.7,0,0.0,839.7,22.5,0.0,0.0,0,-38.845008416418494,22.375,22.437,2025-06-14 05:25:02
149,0,0.0,148.8,0,0.0,0.0,59.97,212.7,0,0.0,839.7,22.5,0.0,0.0,0,-38.845008416418494,22.375,22.437,2025-06-14 05:25:58
148.7,0,0.0,148.5,0,0.0,0.0,59.97,212.7,0,0.0,839.7,22.5,0.0,0.0,0,-38.845008416418494,22.375,22.437,2025-06-14 05:26:05
151.7,0,0.0,151.4,0,0.0,0.0,60,212.8,0,0.0,839.7,22.6,0.0,0.0,0,-38.845008416418494,22.375,22.375,2025-06-14 05:27:00
151.9,0,0.0,151.6,0,0.0,0.0,60.01,212.8,0,0.0,839.7,22.6,0.0,0.0,0,0.0,22.437,22.437,2025-06-14 05:27:07
153,0,0.0,152.9,0,0.0,0.0,60.02,214.2,0,0.0,839.7,22.6,0.0,0.0,0,0.0,22.437,22.437,2025-06-14 05:28:03
153.2,0,0.0,153.1,0,0.0,0.0,60.02,214.3,0,0.0,839.7,22.6,0.0,0.0,0,-38.845008416418494,22.437,22.437,2025-06-14 05:28:10
154.4,0,0.0,154.3,0,0.0,0.0,59.98,214.2,0,0.0,839.7,22.7,0.0,0.0,0,0.0,22.437,22.437,2025-06-14 05:29:05
154.5,0,0.0,154.4,0,0.0,0.0,59.99,214.2,0,0.0,839.7,22.7,0.0,0.0,0,-38.845008416418494,22.437,22.437,2025-06-14 05:29:12
159.3,0,0.0,156,0,0.0,0.0,60.02,214.2,0,0.0,839.7,22.7,0.0,0.0,0,-38.845008416418494,22.437,22.437,2025-06-14 05:30:08
155.6,0,0.0,155.4,0,0.0,0.0,60.03,214.2,0,0.0,839.7,22.7,0.0,0.0,0,0.0,22.437,22.437,2025-06-14 05:30:15
156.4,0,0.0,156.2,0,0.0,0.0,60.02,214.3,0,0.0,839.7,22.7,0.0,0.0,0,0.0,22.437,22.437,2025-06-14 05:31:10
156.6,0,0.0,156.3,0,0.0,0.0,60.01,214.3,0,0.0,839.7,22.7,0.0,0.0,0,-38.845008416418494,22.437,22.437,2025-06-14 05:31:17
157.2,0,0.0,157,0,0.0,0.0,59.99,214,0,0.0,839.7,22.8,0.0,0.0,0,0.0,22.437,22.437,2025-06-14 05:32:13
157.3,0,0.0,157.1,0,0.0,0.0,59.97,214,0,0.0,839.7,22.8,0.0,0.0,0,-38.845008416418494,22.437,22.437,2025-06-14 05:32:20
158,0,0.0,157.8,0,0.0,0.0,59.99,214.1,0,0.0,839.7,22.8,0.0,0.0,0,0.0,22.437,22.437,2025-06-14 05:33:15
158.1,0,0.0,157.9,0,0.0,0.0,59.99,214,0,0.0,839.7,22.8,0.0,0.0,0,0.0,22.437,22.437,2025-06-14 05:33:22
158.7,0,0.0,158.4,0,0.0,0.0,59.99,214.3,0,0.0,839.7,22.8,0.0,0.0,0,0.0,22.437,22.437,2025-06-14 05:34:18
158.8,0,0.0,158.5,0,0.0,0.0,60,214.2,0,0.0,839.7,22.8,0.0,0.0,0,-38.845008416418494,22.437,22.437,2025-06-14 05:34:24
159.6,0,0.0,159,0,0.0,0.0,60.02,214.2,0,0.0,839.7,22.8,0.0,0.0,0,0.0,22.437,22.437,2025-06-14 05:35:20
159.6,0,0.0,159,0,0.0,0.0,60.04,214.3,0,0.0,839.7,22.8,0.0,0.0,0,0.0,22.437,22.437,2025-06-14 05:35:27
160.2,0,0.0,159.5,0,0.0,0.0,60.03,214.3,0,0.0,839.7,22.9,0.0,0.0,0,0.0,22.437,22.437,2025-06-14 05:36:23
160.3,0,0.0,159.6,0,0.0,0.0,60.02,214.3,0,0.0,839.7,22.9,0.0,0.0,0,0.0,22.437,22.437,2025-06-14 05:36:29
160.8,0,0.0,160.1,0,0.0,0.0,59.99,214.4,0,0.0,839.7,22.9,0.0,0.0,0,0.0,22.437,22.437,2025-06-14 05:37:25
160.9,0,0.0,160.1,0,0.0,0.0,59.99,214.3,0,0.0,839.7,22.9,0.0,0.0,0,0.0,22.437,22.437,2025-06-14 05:37:32
161.3,0,0.0,160.5,0,0.0,0.0,59.98,214.3,0,0.0,839.7,22.9,0.0,0.0,0,0.0,22.437,22.437,2025-06-14 05:38:28
161.3,0,0.0,160.5,0,0.0,0.0,59.99,214.2,0,0.0,839.7,22.9,0.0,0.0,0,0.0,22.437,22.437,2025-06-14 05:38:34
161.8,0,0.0,160.9,0,0.0,0.0,60.02,214.1,0,0.0,839.7,22.9,0.0,0.0,0,0.0,22.437,22.437,2025-06-14 05:39:30
161.9,0,0.0,160.9,0,0.0,0.0,60.01,214.3,0,0.0,839.7,22.9,0.0,0.0,0,0.0,22.437,22.437,2025-06-14 05:39:37
135.7,0,18.5,136.6,0,8.7,26.8,60.02,214.3,0.4,0.0,839.7,23,0.0,0.0,0,0.0,22.437,22.5,2025-06-14 05:40:33
135.5,0,18.2,136.5,0,9.4,27.2,60.03,214.3,0.4,0.0,839.7,23.1,0.0,0.0,0,0.0,22.437,22.5,2025-06-14 05:40:39
138.5,0,19.8,142.5,0,9.6,29.0,60.03,214.4,0.4,0.0,839.7,23.2,0.0,0.0,0,0.0,22.437,22.437,2025-06-14 05:41:35
144.5,0,20.6,142.5,0,8.7,28.9,60.02,214.3,0.5,0.0,839.7,23.3,0.0,0.0,0,0.0,22.5,22.5,2025-06-14 05:41:42
132.7,0,20.8,142.7,0,9.1,29.5,59.98,214,0.4,0.0,839.7,23.4,0.0,0.0,0,0.0,22.5,22.5,2025-06-14 05:42:37
130.7,0,20.7,148.5,0,7.8,28.2,59.98,213.9,0.5,0.0,839.7,23.4,0.0,0.0,0,0.0,22.5,22.5,2025-06-14 05:42:44
144.2,0,22.5,145.4,0,9.0,31.0,60.01,213.9,0.5,0.0,839.7,23.6,0.0,0.0,0,0.0,22.437,22.5,2025-06-14 05:43:40
144.4,0,22.2,139.5,0,9.5,31.4,60.02,213.9,0.5,0.0,839.7,23.6,0.0,0.0,0,0.0,22.5,22.5,2025-06-14 05:43:47
146.2,0,22.1,137.6,0,10.7,32.3,60.07,214,0.4,0.0,839.7,23.7,0.0,0.0,0,0.0,22.5,22.5,2025-06-14 05:44:42
140.7,0,22.2,143.6,0,11.2,33.3,60.02,213.9,0.4,0.0,839.7,23.7,0.0,0.0,0,0.0,22.5,22.5,2025-06-14 05:44:49
146.3,0,22.4,131.9,0,11.9,33.9,60.02,214.1,0.5,0.0,839.7,23.8,0.0,0.0,0,0.0,22.5,22.5,2025-06-14 05:45:45
140.3,0,22.0,127.4,0,11.7,33.3,60.01,214.1,0.4,0.0,839.7,23.8,0.0,0.0,0,0.0,22.5,22.5,2025-06-14 05:45:52
146.3,0,24.0,128.9,0,11.8,35.4,60.01,214.2,0.4,0.0,839.7,23.9,0.0,0.0,0,0.0,22.5,22.562,2025-06-14 05:46:47
137.4,0.1,23.9,141.8,0,13.3,36.6,60.01,214.3,0.4,0.0,839.7,24,0.0,0.0,0,0.0,22.562,22.562,2025-06-14 05:46:54
143.4,0.1,25.4,131.7,0,13.4,38.3,59.99,214.3,0.4,0.0,839.7,24.1,0.0,0.0,0,0.0,22.562,22.562,2025-06-14 05:47:50
146.3,0.1,25.2,127.8,0,12.9,37.7,60.01,214.3,0.5,0.0,839.7,24.1,0.0,0.0,0,0.0,22.562,22.562,2025-06-14 05:47:56
141.8,0.1,27.8,139.1,0,14.2,41.2,59.99,214.2,0.4,0.0,839.7,24.2,0.0,0.0,0,0.0,22.562,22.562,2025-06-14 05:48:52
142.1,0.1,26.8,136,0,14.7,41.2,60,214.2,0.4,0.0,839.7,24.2,0.0,0.0,0,0.0,22.562,22.562,2025-06-14 05:48:59
147.9,0.1,28.9,138.7,0,16.5,44.6,59.99,214.3,0.4,0.0,839.7,24.3,0.0,0.0,0,0.0,22.625,22.625,2025-06-14 05:49:55
151.1,0.1,29.8,139,0,16.1,45.2,60,214.3,0.4,0.0,839.7,24.3,0.0,0.0,0,0.0,22.625,22.625,2025-06-14 05:50:01
144.8,0.1,30.4,133.1,0,16.9,46.8,59.99,214.3,0.4,0.0,839.7,24.4,0.0,0.0,0,0.0,22.625,22.625,2025-06-14 05:50:57
142.4,0.1,30.4,132.5,0,16.6,46.3,59.97,214.3,0.5,0.0,839.7,24.4,0.0,0.0,0,0.0,22.625,22.687,2025-06-14 05:51:04
150.8,0.1,33.2,139.1,0,18.1,50.2,60,214.4,0.4,0.0,839.7,24.6,0.0,0.0,0,0.0,22.625,22.625,2025-06-14 05:51:59
150.7,0.1,33.4,138.7,0,18.1,50.8,59.98,214.3,0.5,0.0,839.7,24.6,0.0,0.0,0,0.0,22.625,22.625,2025-06-14 05:52:06
140.6,0.1,34.1,137.5,0,19.2,52.4,60.02,214.3,0.4,0.0,839.7,24.6,0.0,0.0,0,0.0,22.625,22.625,2025-06-14 05:53:02
143.4,0.1,34.6,140.4,0,19.6,53.3,60.02,214.3,0.4,0.0,839.7,24.6,0.0,0.0,0,0.0,22.625,22.625,2025-06-14 05:53:09
140.7,0.1,36.0,131.7,0.1,19.4,54.1,60,214.4,0.4,0.0,839.7,24.7,0.0,0.0,0,0.0,22.625,22.625,2025-06-14 05:54:04
143.8,0.1,36.5,140.6,0,20.9,56.4,59.99,214.4,0.5,0.0,839.7,24.8,0.0,0.0,0,0.0,22.625,22.625,2025-06-14 05:54:11
152.5,0.1,39.1,140.3,0.1,21.8,59.9,59.98,214.3,0.4,0.0,839.7,24.9,0.0,0.0,0,0.0,22.625,22.625,2025-06-14 05:55:07
152.4,0.1,39.6,146.3,0,21.7,60.3,59.99,214.4,0.5,0.0,839.7,24.9,0.0,0.0,0,0.0,22.625,22.625,2025-06-14 05:55:14
146.5,0.1,40.5,146.5,0.1,23.8,63.2,60.02,214.4,0.4,0.0,839.7,24.9,0.0,0.0,0,0.0,22.625,22.625,2025-06-14 05:56:09
146.4,0.1,40.7,146.2,0.1,23.7,63.2,59.99,214.3,0.4,0.0,839.7,24.9,0.0,0.0,0,0.0,22.687,22.625,2025-06-14 05:56:16
146.4,0.2,43.6,145.1,0.1,24.5,66.9,60.04,214.4,0.5,0.0,839.7,25,0.0,0.0,0,0.0,22.625,22.687,2025-06-14 05:57:12
138.9,0.2,41.9,150.2,0.1,24.2,65.0,60.02,214.4,0.4,0.0,839.7,25.1,0.0,0.0,0,0.0,22.625,22.625,2025-06-14 05:57:19
148,0.2,43.7,145.1,0.1,26.0,68.6,59.99,214.3,0.5,0.0,839.7,25.1,0.0,0.0,0,0.0,22.687,22.687,2025-06-14 05:58:14
147.9,0.2,44.0,141.8,0.1,26.0,68.8,59.98,214.2,0.4,0.0,839.7,25.2,0.0,0.0,0,0.0,22.625,22.687,2025-06-14 05:58:21
142.1,0.2,45.8,150.9,0.1,27.0,71.5,60.01,214.1,0.5,0.0,839.7,25.2,0.0,0.0,0,0.0,22.625,22.687,2025-06-14 05:59:17
147.9,0.2,46.5,144.9,0.1,27.0,72.4,60.01,214.1,0.5,0.0,839.7,25.2,0.0,0.0,0,0.0,22.687,22.687,2025-06-14 05:59:24
153.9,0.2,49.3,151.2,0.1,28.4,76.4,60.01,214.3,0.5,0.0,839.7,25.3,0.0,0.0,0,0.0,22.687,22.687,2025-06-14 06:00:19
153.7,0.2,48.6,145.1,0.1,28.4,75.6,60.02,214.4,0.4,0.0,839.7,25.4,0.0,0.0,0,0.0,22.687,22.687,2025-06-14 06:00:26
156.9,0.2,49.3,145.4,0.1,30.0,77.8,59.98,214.3,0.5,0.0,839.7,25.4,0.0,0.0,0,0.0,22.687,22.687,2025-06-14 06:01:22
151,0.2,50.7,150.8,0.1,30.7,79.9,59.99,214.3,0.6,0.0,839.7,25.5,0.0,0.0,0,0.0,22.687,22.687,2025-06-14 06:01:29
146.2,0.2,51.7,145,0.1,32.2,82.4,59.99,214,0.5,0.0,839.7,25.5,0.0,0.0,0,0.0,22.687,22.75,2025-06-14 06:02:24
156.8,0.2,51.6,145,0.1,33.1,83.2,59.98,214,0.5,0.0,839.7,25.5,0.0,0.0,0,0.0,22.687,22.75,2025-06-14 06:02:31
150.9,0.2,55.0,149.6,0.1,34.7,88.1,60.03,214.1,0.5,0.0,839.7,25.6,0.0,0.0,0,0.0,22.75,22.75,2025-06-14 06:03:26
148.2,0.2,56.0,149.4,0.1,34.7,89.1,60.02,214.1,0.5,0.0,839.7,25.6,0.0,0.0,0,0.0,22.75,22.75,2025-06-14 06:03:33
156.3,0.2,58.2,149.9,0.1,37.4,93.7,59.98,214.1,0.5,0.0,839.7,25.7,0.0,0.0,0,0.0,22.75,22.812,2025-06-14 06:04:29
155.9,0.2,58.9,152.4,0.1,37.0,94.1,60.02,214.2,0.5,0.0,839.7,25.7,0.0,0.0,0,0.0,22.812,22.812,2025-06-14 06:04:36
153.9,0.3,61.0,149.3,0.2,39.2,98.2,59.96,214.2,0.5,0.0,839.7,25.8,0.0,0.0,0,0.0,22.812,22.812,2025-06-14 06:05:31
159.9,0.2,57.3,144.6,0.2,39.4,94.9,60.01,214.2,0.5,0.0,839.7,25.8,0.0,0.0,0,0.0,22.812,22.812,2025-06-14 06:05:38
158.3,0.3,63.0,146.7,0.2,41.6,102.8,59.98,214,0.5,0.0,839.7,25.9,0.0,0.0,0,0.0,22.75,22.812,2025-06-14 06:06:34
152.4,0.3,62.9,147.8,0.2,42.1,103.3,59.97,214,0.5,0.0,839.7,25.9,0.0,0.0,0,0.0,22.812,22.812,2025-06-14 06:06:41
149.3,0.3,67.0,156.8,0.2,41.7,106.7,60.03,214.2,0.6,0.0,839.7,26,0.0,0.0,0,0.0,22.812,22.812,2025-06-14 06:07:36
149.5,0.3,66.8,152.5,0.2,45.3,110.1,60.01,214.2,0.5,0.0,839.7,26,0.0,0.0,0,0.0,22.812,22.812,2025-06-14 06:07:43
155.5,0.3,70.6,150.8,0.2,47.4,115.9,60,214.2,0.6,0.0,839.7,26.1,0.0,0.0,0,38.845008416418494,22.875,22.875,2025-06-14 06:08:39
155.2,0.3,70.9,146.6,0.2,47.0,115.8,59.99,214.2,0.6,0.0,839.7,26.1,0.0,0.0,0,0.0,22.875,22.812,2025-06-14 06:08:46
155.7,0.4,75.6,156.3,0.2,49.6,121.7,60,214.2,0.6,0.0,839.7,26.2,0.0,0.0,0,38.845008416418494,22.875,22.875,2025-06-14 06:09:41
161.3,0.4,70.5,150.9,0.2,51.5,120.3,59.97,214.2,0.6,0.0,839.7,26.2,0.0,0.0,0,38.845008416418494,22.875,22.875,2025-06-14 06:09:48
157.6,0.4,79.2,155.5,0.2,53.6,130.3,60,214.3,0.6,0.0,839.7,26.3,0.0,0.0,0,38.845008416418494,22.937,22.937,2025-06-14 06:10:44
158.3,0.4,79.5,152.3,0.2,53.8,130.5,60,214.2,0.7,0.0,839.7,26.3,0.0,0.0,0,38.845008416418494,22.937,22.937,2025-06-14 06:10:51
160.9,0.4,77.0,154.2,0.2,56.8,131.5,59.99,214.1,0.7,0.0,839.7,26.4,0.0,0.0,0,38.845008416418494,22.937,22.937,2025-06-14 06:11:46
155.3,0.4,82.3,152.1,0.3,55.9,135.6,59.98,214,0.7,0.0,839.7,26.4,0.0,0.0,0,38.845008416418494,22.937,22.937,2025-06-14 06:11:53
157.9,0.4,85.2,154,0.3,58.2,140.7,59.98,214,0.7,0.0,839.7,26.5,0.0,0.0,0,38.845008416418494,22.875,22.875,2025-06-14 06:12:49
159.4,0.4,85.6,153.8,0.3,58.6,141.5,60.01,214.3,0.6,0.0,839.7,26.5,0.0,0.0,0,38.845008416418494,22.875,22.875,2025-06-14 06:12:56
155.4,0.4,87.0,154,0.3,60.4,144.9,60.02,214.3,0.7,0.0,839.7,26.6,0.0,0.0,0,38.845008416418494,22.875,22.875,2025-06-14 06:13:51
158.3,0.4,88.7,153.1,0.3,60.3,146.2,59.99,214.3,0.7,0.0,839.7,26.6,0.0,0.0,0,38.845008416418494,22.875,22.875,2025-06-14 06:13:58
158.2,0.4,89.6,153.8,0.3,62.6,148.3,60.01,213.9,0.8,0.0,839.7,26.7,0.0,0.0,0,38.845008416418494,22.875,22.875,2025-06-14 06:14:54
155.2,0.5,89.6,153.8,0.3,62.3,149.1,60,214,0.7,0.0,839.7,26.7,0.0,0.0,0,38.845008416418494,22.875,22.937,2025-06-14 06:15:00
158.2,0.5,93.1,153.6,0.3,64.0,154.0,60.04,214.2,0.7,0.0,839.7,26.8,0.0,0.0,0,38.845008416418494,22.937,22.937,2025-06-14 06:15:56
158.4,0.5,93.3,156.8,0.3,64.7,155.6,60.04,214.2,0.7,0.0,839.7,26.8,0.0,0.0,0,38.845008416418494,22.937,22.937,2025-06-14 06:16:03
155.4,0.5,93.8,155,0.3,67.2,157.8,59.98,214.2,0.7,0.0,839.7,26.8,0.0,0.0,0,38.845008416418494,22.937,22.937,2025-06-14 06:16:59
157.7,0.5,93.6,158.3,0.3,65.9,156.9,59.96,214.2,0.8,0.0,839.7,26.8,0.0,0.0,0,38.845008416418494,22.937,22.937,2025-06-14 06:17:05
155.8,0.5,97.4,156.3,0.4,69.0,162.8,60,214.2,0.7,0.0,839.7,26.9,0.0,0.0,0,38.845008416418494,22.875,22.875,2025-06-14 06:18:01
161.4,0.5,95.6,155.3,0.4,70.4,162.9,60.01,214.2,0.7,0.0,839.7,26.9,0.0,0.0,0,38.845008416418494,22.875,22.937,2025-06-14 06:18:08
161.1,0.5,96.9,155.2,0.4,73.2,166.9,60.01,214.2,0.8,0.0,839.7,27,0.0,0.0,0,38.845008416418494,22.937,22.937,2025-06-14 06:19:04
155.3,0.5,98.9,155.3,0.4,72.6,168.3,60.02,214.2,0.8,0.0,839.7,27,0.0,0.0,0,38.845008416418494,22.937,22.937,2025-06-14 06:19:10
158.3,0.5,101.9,155.3,0.4,75.0,173.6,59.97,214.3,0.8,0.0,839.7,27.1,0.0,0.0,0,38.845008416418494,22.937,22.937,2025-06-14 06:20:06
158.5,0.5,100.3,155.3,0.4,75.5,174.3,59.97,214.3,0.8,0.0,839.7,27.1,0.0,0.0,0,38.845008416418494,22.937,22.937,2025-06-14 06:20:13
158.3,0.6,103.9,155.3,0.4,77.5,178.0,59.99,214.2,0.8,0.0,839.7,27.1,0.0,0.0,0,38.845008416418494,23.0,23.0,2025-06-14 06:21:08
159,0.5,104.1,155.3,0.4,77.8,178.5,60,214.3,0.8,0.0,839.7,27.1,0.0,0.0,0,38.845008416418494,23.0,23.0,2025-06-14 06:21:15
161.3,0.5,103.8,158.2,0.4,80.1,180.4,60.02,214.3,0.8,0.0,839.7,27.2,0.0,0.0,0,38.845008416418494,23.0,23.0,2025-06-14 06:22:11
155.3,0.6,104.9,156,0.4,79.5,180.9,60.03,214.3,0.8,0.0,839.7,27.2,0.0,0.0,0,38.845008416418494,23.0,23.0,2025-06-14 06:22:18
155.3,0.6,107.3,157.4,0.4,81.4,185.1,59.99,213.9,0.8,0.0,839.7,27.2,0.0,0.0,0,38.845008416418494,22.875,22.875,2025-06-14 06:23:13
160.7,0.6,106.7,158.3,0.4,82.6,185.7,59.99,213.9,0.9,0.0,839.7,27.3,0.0,0.0,0,38.845008416418494,22.875,22.875,2025-06-14 06:23:20
158.1,0.6,110.0,157.6,0.4,81.8,188.0,59.99,214.2,0.8,0.0,839.7,27.3,0.0,0.0,0,38.845008416418494,22.937,22.937,2025-06-14 06:24:16
158.3,0.6,110.0,153.9,0.4,82.8,189.0,59.99,214,0.9,0.0,839.7,27.3,0.0,0.0,0,38.845008416418494,22.937,22.937,2025-06-14 06:24:23
160.2,0.6,110.8,153.5,0.5,83.9,190.9,60.02,214,0.8,0.0,839.7,27.4,0.0,0.0,0,38.845008416418494,23.0,23.0,2025-06-14 06:25:18
154.9,0.6,110.6,158.5,0.4,84.4,191.3,60.05,214.2,0.9,0.0,839.7,27.4,0.0,0.0,0,38.845008416418494,23.0,23.0,2025-06-14 06:25:25
155.3,0.6,112.1,158.1,0.4,83.3,191.6,60.02,214.1,0.8,0.0,839.7,27.4,0.0,0.0,0,38.845008416418494,23.062,23.125,2025-06-14 06:26:21
161.2,0.6,112.7,156.9,0.5,85.5,194.4,60.03,214.1,0.9,0.0,839.7,27.4,0.0,0.0,0,38.845008416418494,23.125,23.125,2025-06-14 06:26:28
159.9,0.6,114.0,159.8,0.4,84.2,195.5,60.01,214,0.9,0.0,839.7,27.5,0.0,0.0,0,38.845008416418494,23.25,23.25,2025-06-14 06:27:23
158.1,0.6,114.0,153.9,0.5,85.9,196.1,60.03,214.1,0.9,0.0,839.7,27.5,0.0,0.0,0,38.845008416418494,23.25,23.25,2025-06-14 06:27:30
158.2,0.6,117.2,156.8,0.4,87.5,200.8,60.01,214.1,0.9,0.0,839.7,27.6,0.0,0.0,0,38.845008416418494,23.312,23.312,2025-06-14 06:28:26
161.2,0.6,117.6,156.6,0.5,88.0,201.7,59.99,214,0.9,0.0,839.7,27.6,0.0,0.0,0,38.845008416418494,23.312,23.312,2025-06-14 06:28:32
161.3,0.7,119.7,153.8,0.5,89.2,205.0,60,214,0.9,0.0,839.7,27.6,0.0,0.0,0,38.845008416418494,23.375,23.375,2025-06-14 06:29:28
164,0.6,111.8,159.8,0.5,89.2,197.4,59.99,214.1,0.9,0.0,839.7,27.6,0.0,0.0,0,38.845008416418494,23.375,23.375,2025-06-14 06:29:35
161.3,0.7,122.6,156.8,0.5,91.4,210.0,60,214,0.9,0.0,839.7,27.7,0.0,0.0,0,38.845008416418494,23.375,23.375,2025-06-14 06:30:31
161.6,0.6,122.6,156.5,0.5,91.6,210.4,59.95,213.9,0.9,0.0,839.7,27.7,0.0,0.0,0,77.69001683283699,23.375,23.375,2025-06-14 06:30:37
158.4,0.7,125.2,156.4,0.5,91.1,213.2,59.97,214,1,0.0,839.7,27.8,0.0,0.0,0,38.845008416418494,23.375,23.437,2025-06-14 06:31:33
161.3,0.7,125.7,153.9,0.5,91.1,212.6,60.01,214.1,1,0.0,839.7,27.8,0.0,0.0,0,77.69001683283699,23.437,23.437,2025-06-14 06:31:40
161.2,0.6,128.7,156.8,0.5,91.9,215.6,60.01,214.1,1,0.0,839.7,27.9,0.0,0.0,0,38.845008416418494,23.437,23.437,2025-06-14 06:32:35
158.3,0.7,128.8,156.7,0.5,91.5,216.1,60.04,214.2,0.9,0.0,839.7,27.9,0.0,0.0,0,77.69001683283699,23.437,23.437,2025-06-14 06:32:42
161.2,0.7,133.9,158.2,0.5,88.8,218.4,60.02,214.1,1,0.1,839.8,27.9,0.0,0.0,0,77.69001683283699,23.437,23.437,2025-06-14 06:33:38
161.2,0.7,133.4,156.6,0.5,91.0,220.1,60.02,214.1,1,0.1,839.8,27.9,0.0,0.0,0,77.69001683283699,23.437,23.437,2025-06-14 06:33:45
158.4,0.8,135.6,156.7,0.5,91.8,223.0,59.97,214.1,1,0.1,839.8,28,0.0,0.0,0,77.69001683283699,23.437,23.437,2025-06-14 06:34:40
161.7,0.8,131.7,156.8,0.5,92.5,219.6,59.97,214.1,1,0.1,839.8,28,0.0,0.0,0,77.69001683283699,23.437,23.5,2025-06-14 06:34:47
161.2,0.8,141.6,153.8,0.5,90.4,227.9,60.02,214.1,1,0.1,839.8,28.1,0.0,0.0,0,77.69001683283699,23.5,23.562,2025-06-14 06:35:43
158.7,0.8,142.5,157.3,0.5,87.9,225.9,60.03,214.2,1,0.1,839.8,28.1,0.0,0.0,0,77.69001683283699,23.5,23.562,2025-06-14 06:35:50
163.5,0.8,144.8,156.8,0.5,91.5,231.5,60.01,214,1.1,0.1,839.8,28.2,0.0,0.0,0,77.69001683283699,23.5,23.5,2025-06-14 06:36:45
160.9,0.8,144.9,154.3,0.5,91.5,231.8,59.99,214,1.1,0.1,839.8,28.2,0.0,0.0,0,77.69001683283699,23.5,23.5,2025-06-14 06:36:52
158.3,0.8,148.5,156.7,0.5,90.9,234.5,59.98,214,1,0.1,839.8,28.2,0.0,0.0,0,77.69001683283699,23.5,23.5,2025-06-14 06:37:48
163.1,0.8,148.5,156.1,0.5,93.3,227.9,60,214.2,1.1,0.1,839.8,28.2,0.0,0.0,0,77.69001683283699,23.437,23.437,2025-06-14 06:37:55
161.2,0.8,150.7,153.8,0.5,94.2,240.2,59.99,214.1,1.1,0.1,839.8,28.3,0.0,0.0,0,77.69001683283699,23.437,23.5,2025-06-14 06:38:50
161.2,0.8,153.1,159.8,0.5,92.1,240.4,60.04,214.2,1.1,0.1,839.8,28.3,0.0,0.0,0,77.69001683283699,23.5,23.5,2025-06-14 06:38:57
164.7,0.9,150.8,153.4,0.5,98.2,244.1,59.99,214.3,1.1,0.1,839.8,28.4,0.0,0.0,0,77.69001683283699,23.5,23.5,2025-06-14 06:39:53
158.3,0.9,154.6,160,0.5,95.0,244.4,59.99,214.3,1.1,0.1,839.8,28.4,0.0,0.0,0,77.69001683283699,23.5,23.5,2025-06-14 06:40:00
161.1,0.9,160.6,158.5,0.6,99.7,255.3,60.04,214,1.2,0.1,839.8,28.5,0.0,0.0,0,77.69001683283699,23.562,23.625,2025-06-14 06:40:55
161.3,0.8,160.0,155.2,0.6,101.0,255.9,60.03,214,1.1,0.1,839.8,28.5,0.0,0.0,0,77.69001683283699,23.625,23.625,2025-06-14 06:41:02
159.7,0.9,161.4,156.8,0.6,103.3,259.6,60.03,214.3,1.2,0.1,839.8,28.6,0.0,0.0,0,77.69001683283699,23.687,23.687,2025-06-14 06:41:58
161.4,0.9,162.3,157.1,0.6,104.1,262.9,60.03,214.3,1.2,0.1,839.8,28.6,0.0,0.0,0,77.69001683283699,23.687,23.687,2025-06-14 06:42:04
162.2,0.9,167.2,159,0.6,103.0,264.9,60.01,213.9,1.2,0.1,839.8,28.6,0.0,0.0,0,77.69001683283699,23.437,23.437,2025-06-14 06:43:00
158.2,0.9,165.0,156.1,0.6,104.5,264.2,60,214,1.2,0.1,839.8,28.6,0.0,0.0,0,77.69001683283699,23.437,23.5,2025-06-14 06:43:07
161.2,1,170.6,158.2,0.6,107.5,272.7,60.02,214.1,1.2,0.1,839.8,28.7,0.0,0.0,0,77.69001683283699,23.437,23.5,2025-06-14 06:44:03
161.2,1,170.6,157.6,0.6,106.6,271.8,60.03,214.1,1.2,0.1,839.8,28.7,0.0,0.0,0,77.69001683283699,23.437,23.5,2025-06-14 06:44:09
158.4,1,171.7,155.6,0.6,109.2,275.6,60.02,214.1,1.2,0.1,839.8,28.8,0.0,0.0,0,77.69001683283699,23.437,23.5,2025-06-14 06:45:05
162.3,1,170.1,160.2,0.6,108.7,273.5,60.04,214.1,1.2,0.1,839.8,28.8,0.0,0.0,0,77.69001683283699,23.5,23.5,2025-06-14 06:45:12
161.3,1,178.9,156.9,0.7,112.6,285.8,59.99,214.2,1.3,0.1,839.8,28.9,0.0,0.0,0,77.69001683283699,23.437,23.437,2025-06-14 06:46:08
159.3,1,179.3,156.8,0.7,112.8,284.2,59.98,214.2,1.2,0.1,839.8,28.9,0.0,0.0,0,77.69001683283699,23.5,23.5,2025-06-14 06:46:14
161.3,1.1,183.4,159.9,0.7,115.4,292.7,59.98,214.2,1.3,0.1,839.8,28.9,0.0,0.0,0,77.69001683283699,23.687,23.687,2025-06-14 06:47:10
161.3,1.1,186.2,153.8,0.7,115.9,296.1,59.97,214.2,1.4,0.1,839.8,28.9,0.0,0.0,0,77.69001683283699,23.687,23.687,2025-06-14 06:47:17
158.1,1.1,192.9,159.9,0.7,122.2,309.2,60.01,214.2,1.4,0.1,839.8,29,0.0,0.0,0,116.53502524925548,23.687,23.687,2025-06-14 06:48:12
164.2,1.1,190.9,156.8,0.7,123.6,308.8,60.03,214.2,1.4,0.1,839.8,29,0.0,0.0,0,116.53502524925548,23.687,23.75,2025-06-14 06:48:19
158.3,1.2,202.4,159.7,0.7,129.7,325.9,59.99,214.2,1.4,0.1,839.8,29.1,0.1,0.0,0,116.53502524925548,23.75,23.75,2025-06-14 06:49:15
164.1,1.2,202.7,156.9,0.8,130.5,326.8,59.98,214.2,1.5,0.1,839.8,29.2,0.1,0.0,0,116.53502524925548,23.75,23.75,2025-06-14 06:49:22
158.3,1.3,211.1,156.1,0.8,135.2,339.6,60.03,214.5,1.5,0.1,839.8,29.2,0.1,0.0,0,116.53502524925548,23.812,23.812,2025-06-14 06:50:17
164.5,1.2,213.6,161.2,0.8,136.0,343.2,60.04,214.4,1.5,0.1,839.8,29.2,0.1,0.0,0,116.53502524925548,23.812,23.812,2025-06-14 06:50:24
163.8,1.3,220.7,161.1,0.8,141.8,355.4,59.98,214.4,1.6,0.1,839.8,29.3,0.1,0.0,0,116.53502524925548,23.812,23.812,2025-06-14 06:51:20
158.3,1.3,219.9,155.3,0.9,142.4,355.8,60.01,214.3,1.7,0.1,839.8,29.4,0.1,0.0,0,116.53502524925548,23.812,23.812,2025-06-14 06:51:27
161.3,1.4,229.2,159.7,0.9,150.7,372.5,60.02,214.4,1.7,0.1,839.8,29.4,0.1,0.0,0,116.53502524925548,23.812,23.875,2025-06-14 06:52:22
161.3,1.4,229.9,159.9,0.9,151.5,373.9,60.01,214.4,1.7,0.1,839.8,29.5,0.1,0.0,0,116.53502524925548,23.812,23.875,2025-06-14 06:52:29
158.3,1.4,230.7,156.7,0.9,154.2,377.7,60.01,214.3,1.7,0.1,839.8,29.5,0.1,0.0,0,116.53502524925548,23.937,23.937,2025-06-14 06:53:25
164.2,1.4,233.0,162.6,0.9,152.5,378.2,60.02,214.4,1.7,0.1,839.8,29.6,0.1,0.0,0,116.53502524925548,23.937,24.0,2025-06-14 06:53:32
161.2,1.4,236.4,156.8,1,158.9,387.5,60.02,214.2,1.8,0.1,839.8,29.6,0.1,0.0,0,116.53502524925548,23.937,23.937,2025-06-14 06:54:27
160,1.4,234.8,161,0.9,159.9,386.9,60.02,214.1,1.8,0.2,839.9,29.6,0.1,0.0,0,116.53502524925548,23.937,23.937,2025-06-14 06:54:34
158.5,1.5,238.3,159.7,1,160.5,390.9,60.01,214.2,1.8,0.2,839.9,29.7,0.1,0.0,0,116.53502524925548,24.0,24.0,2025-06-14 06:55:30
162.1,1.4,236.1,160,1,162.0,390.5,60.01,214.3,1.8,0.2,839.9,29.7,0.1,0.0,0,116.53502524925548,24.0,23.937,2025-06-14 06:55:37
163.9,1.4,241.0,162.5,1,159.7,393.2,60.03,214.4,1.8,0.2,839.9,29.8,0.1,0.0,0,116.53502524925548,23.562,23.562,2025-06-14 06:56:32
161.2,1.5,241.2,156.7,1,159.7,393.0,60.04,214.4,1.8,0.2,839.9,29.8,0.1,0.0,0,116.53502524925548,23.562,23.562,2025-06-14 06:56:39
158.3,1.5,243.6,159.8,1,161.9,398.2,60.02,214.5,1.8,0.2,839.9,29.8,0.1,0.0,0,155.38003366567398,23.375,23.375,2025-06-14 06:57:35
161,1.5,246.9,159.8,1,162.5,401.4,60.02,214.3,1.8,0.2,839.9,29.8,0.1,0.0,0,155.38003366567398,23.437,23.437,2025-06-14 06:57:41
163.7,1.5,250.5,157.6,1,164.6,408.0,60.02,214.4,1.9,0.2,839.9,29.9,0.1,0.0,0,155.38003366567398,23.375,23.437,2025-06-14 06:58:37
158.3,1.6,252.6,159.5,1,164.0,408.1,60.01,214.3,1.9,0.2,839.9,29.9,0.1,0.0,0,116.53502524925548,23.437,23.437,2025-06-14 06:58:44
160.9,1.6,263.8,160,1,171.7,427.0,60.03,214.6,1.9,0.2,839.9,30.1,0.1,0.0,0,155.38003366567398,23.562,23.625,2025-06-14 06:59:40
164.4,1.6,261.0,156.7,1.1,171.2,423.8,60,214.6,2,0.2,839.9,30.1,0.1,0.0,0,155.38003366567398,23.625,23.625,2025-06-14 06:59:46
161.1,1.7,270.3,159.8,1.1,177.2,440.2,60.03,214.6,2,0.2,839.9,30.2,0.1,0.0,0,155.38003366567398,23.937,23.937,2025-06-14 07:00:42
159.9,1.7,270.7,159.7,1.1,178.4,440.4,60.03,214.6,2,0.2,839.9,30.2,0.1,0.0,0,155.38003366567398,24.0,23.937,2025-06-14 07:00:49
158.4,1.7,270.9,156.8,1.1,179.3,441.3,60.01,214.6,2,0.2,839.9,30.3,0.1,0.1,0,155.38003366567398,24.25,24.25,2025-06-14 07:01:44
161.3,1.7,273.8,161.6,1.1,177.2,442.1,60,214.6,2.1,0.2,839.9,30.3,0.1,0.1,0,155.38003366567398,24.25,24.25,2025-06-14 07:01:51
161,1.7,272.9,159.8,1.1,182.0,445.8,60.02,214.5,2,0.2,839.9,30.4,0.1,0.1,0,155.38003366567398,24.375,24.375,2025-06-14 07:02:47
160.1,1.7,272.0,158.3,1.1,181.5,444.8,60,214.5,2,0.2,839.9,30.4,0.1,0.1,0,155.38003366567398,24.375,24.375,2025-06-14 07:02:54
163.8,1.5,263.8,160.3,1.1,175.5,430.8,59.99,214.4,2,0.2,839.9,30.5,0.1,0.1,0,155.38003366567398,24.125,24.187,2025-06-14 07:03:49
159.4,1.6,261.0,159.7,1.1,177.9,432.4,59.98,214.4,2,0.2,839.9,30.5,0.1,0.1,0,155.38003366567398,24.125,24.125,2025-06-14 07:03:56
161.9,1.6,251.6,157.3,1.1,172.6,415.8,59.98,214.4,2,0.2,839.9,30.5,0.1,0.1,0,155.38003366567398,23.937,23.937,2025-06-14 07:04:52
161.2,1.6,256.6,162.7,1,167.2,415.9,59.99,214.4,1.9,0.2,839.9,30.5,0.1,0.1,0,116.53502524925548,23.937,23.937,2025-06-14 07:04:59
161.2,1.5,246.8,159.1,1,166.3,405.1,60.02,214.5,1.8,0.2,839.9,30.6,0.1,0.1,0,116.53502524925548,23.687,23.687,2025-06-14 07:05:54
164.3,1.4,239.2,160,1,167.1,398.9,60.01,214.5,1.8,0.2,839.9,30.6,0.1,0.1,0,116.53502524925548,23.625,23.687,2025-06-14 07:06:01
159,1.4,235.0,158.8,0.9,155.6,381.1,60.01,214.5,1.7,0.2,839.9,30.6,0.1,0.1,0,116.53502524925548,23.75,23.812,2025-06-14 07:06:57
161.3,1.4,231.4,160,0.9,154.5,377.8,60.01,214.4,1.8,0.2,839.9,30.6,0.1,0.1,0,116.53502524925548,23.812,23.812,2025-06-14 07:07:04
161,1.4,232.6,156.8,0.9,151.5,376.5,59.99,214.3,1.7,0.2,839.9,30.7,0.1,0.1,0,116.53502524925548,24.125,24.125,2025-06-14 07:07:59
164.2,1.4,225.5,156.4,0.9,152.0,366.1,60,214.3,1.7,0.2,839.9,30.7,0.1,0.1,0,116.53502524925548,24.187,24.187,2025-06-14 07:08:06
164.2,1.4,223.5,156.6,0.9,152.1,369.0,59.98,214.2,1.7,0.2,839.9,30.7,0.1,0.1,0,116.53502524925548,24.187,24.187,2025-06-14 07:09:02
161.2,1.4,235.9,157.7,0.9,151.3,379.7,59.97,214.2,1.7,0.3,840.0,30.7,0.1,0.1,0,116.53502524925548,24.187,24.187,2025-06-14 07:09:09
161.3,1.4,244.0,156.9,0.9,155.1,391.3,59.97,214.4,1.8,0.3,840.0,30.7,0.1,0.1,0,116.53502524925548,24.187,24.187,2025-06-14 07:10:04
158.8,1.5,241.5,156.3,1,155.3,389.0,59.99,214.4,1.8,0.3,840.0,30.7,0.1,0.1,0,116.53502524925548,24.187,24.187,2025-06-14 07:10:11
161.3,1.4,252.8,159.7,0.9,159.2,403.8,60.04,213.5,1.8,0.3,840.0,30.8,0.1,0.1,0,155.38003366567398,24.25,24.25,2025-06-14 07:11:06
158.6,1.5,249.0,157.1,1,159.0,399.8,60.03,213.5,1.8,0.3,840.0,30.8,0.1,0.1,0,155.38003366567398,24.25,24.25,2025-06-14 07:11:14
164.2,1.6,245.9,159.7,1,160.5,401.7,59.99,214.2,1.9,0.3,840.0,30.9,0.1,0.1,0,155.38003366567398,24.375,24.375,2025-06-14 07:12:09
161.3,1.6,256.2,156.7,1,160.3,409.1,59.99,214.3,1.9,0.3,840.0,30.9,0.1,0.1,0,116.53502524925548,24.375,24.375,2025-06-14 07:12:16
161.2,1.6,258.3,156.2,1,158.3,408.4,60,214.3,1.9,0.3,840.0,31,0.2,0.1,0,155.38003366567398,24.375,24.437,2025-06-14 07:13:11
161.2,1.6,259.0,156.9,1,159.9,410.7,59.98,214.3,1.9,0.3,840.0,31,0.2,0.1,0,155.38003366567398,24.437,24.437,2025-06-14 07:13:18
161.2,1.6,260.5,160.8,1,148.3,401.9,60.02,214.3,1.9,0.3,840.0,31.1,0.2,0.1,0,155.38003366567398,24.437,24.437,2025-06-14 07:14:14
164,1.5,253.1,156.9,1,160.4,402.1,60,214.2,1.9,0.3,840.0,31.1,0.2,0.1,0,116.53502524925548,24.437,24.5,2025-06-14 07:14:21
162.8,1.4,254.0,154.9,1,158.5,404.9,59.98,214.2,1.8,0.3,840.0,31.1,0.2,0.1,0,116.53502524925548,24.375,24.437,2025-06-14 07:15:16
158.2,1.6,252.4,159.8,0.9,157.9,402.4,59.98,214.2,1.8,0.3,840.0,31.1,0.2,0.1,0,155.38003366567398,24.437,24.437,2025-06-14 07:15:23
161.2,1.5,251.6,158,1,158.8,401.9,60.03,213.7,1.8,0.3,840.0,31.2,0.2,0.1,0,116.53502524925548,24.312,24.375,2025-06-14 07:16:19
161.2,1.4,250.6,156.7,1,157.1,401.3,60.04,213.6,1.8,0.3,840.0,31.2,0.2,0.1,0,116.53502524925548,24.375,24.375,2025-06-14 07:16:26
158.3,1.5,248.8,156.8,1,161.4,402.1,60.01,214.8,1.8,0.3,840.0,31.3,0.2,0.1,0,116.53502524925548,24.312,24.312,2025-06-14 07:17:21
161.8,1.5,250.9,156,1,161.8,404.6,60,214.8,1.8,0.3,840.0,31.3,0.2,0.1,0,116.53502524925548,24.312,24.312,2025-06-14 07:17:28
161.2,1.5,250.9,157.1,1,163.7,406.5,60.01,214.3,1.8,0.3,840.0,31.3,0.2,0.1,0,116.53502524925548,24.312,24.312,2025-06-14 07:18:24
158.4,1.5,249.5,156.9,1,163.7,405.1,60.04,214.3,1.9,0.3,840.0,31.3,0.2,0.1,0,116.53502524925548,24.312,24.375,2025-06-14 07:18:31
161.2,1.5,245.8,159.8,1,164.8,401.9,59.99,214.8,1.8,0.3,840.0,31.4,0.2,0.1,0,116.53502524925548,24.312,24.312,2025-06-14 07:19:26
161.1,1.5,250.0,154.1,1,162.7,404.6,59.99,214.8,1.9,0.3,840.0,31.4,0.2,0.1,0,116.53502524925548,24.375,24.375,2025-06-14 07:19:33
158.2,1.6,253.1,156.8,1,165.3,410.8,60,214.5,1.9,0.3,840.0,31.5,0.2,0.1,0,116.53502524925548,24.437,24.437,2025-06-14 07:20:29
164.2,1.5,240.9,156.6,1,167.1,400.1,59.98,214.6,1.9,0.3,840.0,31.5,0.2,0.1,0,116.53502524925548,24.437,24.437,2025-06-14 07:20:36
161.3,1.6,258.4,155.1,1,166.1,417.0,59.99,214.7,1.9,0.3,840.0,31.6,0.2,0.1,0,155.38003366567398,24.375,24.437,2025-06-14 07:21:31
161.2,1.6,258.4,159.8,1,166.0,416.2,59.98,214.6,1.9,0.3,840.0,31.6,0.2,0.1,0,155.38003366567398,24.437,24.437,2025-06-14 07:21:38
163.2,1.6,247.8,159.8,1,164.4,403.9,60.02,214.4,1.9,0.3,840.0,31.7,0.2,0.1,0,116.53502524925548,24.375,24.437,2025-06-14 07:22:34
161,1.6,259.9,153.8,1,163.2,414.8,60.02,214.5,1.9,0.3,840.0,31.7,0.2,0.1,0,155.38003366567398,24.437,24.437,2025-06-14 07:22:41
159.7,1.6,265.1,156.7,1,165.5,422.1,60.01,214.7,1.9,0.3,840.0,31.7,0.2,0.1,0,155.38003366567398,24.437,24.437,2025-06-14 07:23:36
157,1.6,265.0,156.7,1,165.5,422.2,60.01,214.6,1.9,0.3,840.0,31.7,0.2,0.1,0,155.38003366567398,24.437,24.437,2025-06-14 07:23:43
159.7,1.6,268.4,155.7,1,166.0,425.8,60.03,214.8,1.9,0.4,840.1,31.8,0.2,0.1,0,155.38003366567398,24.437,24.437,2025-06-14 07:24:38
157.1,1.7,268.0,159,1,165.7,423.5,60.03,214.7,1.9,0.4,840.1,31.8,0.2,0.1,0,155.38003366567398,24.437,24.437,2025-06-14 07:24:46
160.3,1.6,269.5,159.7,1,166.2,420.9,60.01,214.8,1.9,0.4,840.1,31.7,0.2,0.1,0,155.38003366567398,24.437,24.437,2025-06-14 07:25:41
159,1.6,265.3,154.2,1,164.6,424.0,60.04,214.8,2,0.4,840.1,31.8,0.2,0.1,0,155.38003366567398,24.5,24.5,2025-06-14 07:25:48
159.5,1.6,263.2,156.8,1,165.6,420.1,59.97,214.6,1.9,0.4,840.1,31.9,0.2,0.1,0,155.38003366567398,24.5,24.562,2025-06-14 07:26:43
159.5,1.6,264.4,156.8,1,166.4,422.3,59.99,214.7,2,0.4,840.1,31.9,0.2,0.1,0,155.38003366567398,24.5,24.5,2025-06-14 07:26:50
159.9,1.6,259.7,156.7,1,164.8,416.0,59.99,214.7,1.9,0.4,840.1,32,0.2,0.1,0,116.53502524925548,24.437,24.437,2025-06-14 07:27:46
159.8,1.6,260.2,156.9,1,164.3,416.2,59.99,214.7,1.9,0.4,840.1,32,0.2,0.1,0,155.38003366567398,24.5,24.5,2025-06-14 07:27:53
159.8,1.4,247.6,159.9,0.9,155.5,395.4,60.04,214.8,1.8,0.4,840.1,32,0.2,0.1,0,116.53502524925548,24.25,24.25,2025-06-14 07:28:48
157,1.5,241.1,154.1,0.9,153.9,387.6,60.02,214.7,1.8,0.4,840.1,32,0.2,0.1,0,116.53502524925548,24.25,24.25,2025-06-14 07:28:55
159.8,1.3,232.6,156.9,0.9,149.5,373.4,60,214.7,1.6,0.4,840.1,32.1,0.2,0.1,0,116.53502524925548,24.312,24.312,2025-06-14 07:29:51
156.9,1.4,228.4,156.8,0.9,148.6,369.0,59.99,214.7,1.7,0.4,840.1,32.1,0.2,0.1,0,116.53502524925548,24.312,24.312,2025-06-14 07:29:58
159.8,1.3,222.4,154,0.9,141.3,356.6,59.99,214.7,1.6,0.4,840.1,32.1,0.2,0.1,0,116.53502524925548,24.25,24.25,2025-06-14 07:30:53
159.8,1.3,223.1,157.3,0.8,137.9,353.8,59.98,214.7,1.6,0.4,840.1,32.1,0.2,0.1,0,116.53502524925548,24.25,24.25,2025-06-14 07:31:00
156.8,1.3,218.9,156.5,0.8,139.7,351.7,60,214.5,1.6,0.4,840.1,32.1,0.2,0.1,0,116.53502524925548,24.125,24.125,2025-06-14 07:31:56
160.3,1.3,208.0,154.5,0.8,140.7,341.1,60.03,214.5,1.6,0.4,840.1,32.1,0.2,0.1,0,116.53502524925548,24.125,24.125,2025-06-14 07:32:03
159.8,1.3,223.4,159.3,0.8,131.5,347.6,60,214.7,1.6,0.4,840.1,32.1,0.2,0.1,0,116.53502524925548,24.125,24.187,2025-06-14 07:32:58
157.7,1.4,222.8,156.1,0.8,137.3,353.1,59.98,214.7,1.6,0.4,840.1,32.1,0.2,0.1,0,116.53502524925548,24.187,24.187,2025-06-14 07:33:05
162.4,1.4,215.4,156.4,0.8,137.9,354.5,60.01,214.8,1.6,0.4,840.1,32,0.2,0.1,0,116.53502524925548,24.187,24.187,2025-06-14 07:34:01
158.9,1.4,226.0,158.4,0.8,139.1,352.4,60.02,214.8,1.6,0.4,840.1,32,0.2,0.1,0,116.53502524925548,24.187,24.187,2025-06-14 07:34:08
159.8,1.4,232.7,156.9,0.8,140.3,364.4,60.03,214.9,1.6,0.4,840.1,32,0.2,0.1,0,116.53502524925548,24.25,24.25,2025-06-14 07:35:03
161.3,1.3,225.5,156.8,0.8,142.2,359.3,60.03,214.8,1.7,0.4,840.1,32,0.2,0.1,0,116.53502524925548,24.25,24.312,2025-06-14 07:35:10
162.7,1.4,236.3,160.1,0.8,142.2,371.9,60.01,214.8,1.7,0.4,840.1,32,0.2,0.1,0,116.53502524925548,24.437,24.437,2025-06-14 07:36:05
159.8,1.5,242.2,153.8,0.9,143.5,378.1,60.01,214.8,1.7,0.4,840.1,32,0.2,0.1,0,116.53502524925548,24.437,24.437,2025-06-14 07:36:13
159.9,1.5,244.1,156.8,0.9,149.9,388.3,60.01,214.8,1.8,0.4,840.1,32,0.2,0.1,0,155.38003366567398,24.562,24.562,2025-06-14 07:37:08
159.8,1.4,250.7,156.7,0.8,150.6,393.5,60,214.8,1.7,0.4,840.1,32,0.2,0.1,0,155.38003366567398,24.562,24.562,2025-06-14 07:37:15
159.8,1.6,256.8,153.9,0.9,151.4,400.3,59.99,214.8,1.8,0.4,840.1,31.9,0.3,0.1,0,116.53502524925548,24.625,24.625,2025-06-14 07:38:10
162.8,1.6,249.8,156.9,0.9,152.4,394.7,59.98,214.7,1.8,0.4,840.1,31.9,0.3,0.1,0,116.53502524925548,24.625,24.625,2025-06-14 07:38:17
157.3,1.6,254.7,157.5,0.9,156.0,402.7,59.97,214,1.8,0.4,840.1,31.9,0.3,0.1,0,155.38003366567398,24.625,24.687,2025-06-14 07:39:13
159.9,1.6,255.1,153.9,1,153.6,404.1,59.95,214,1.8,0.4,840.1,31.9,0.3,0.1,0,155.38003366567398,24.687,24.687,2025-06-14 07:39:20
159.8,1.6,259.3,156.8,1,158.1,409.1,59.99,214.8,1.9,0.5,840.2,32,0.3,0.2,0,116.53502524925548,24.5,24.5,2025-06-14 07:40:15
158,1.6,260.5,156.8,0.9,158.3,410.7,59.97,214.8,1.8,0.5,840.2,32,0.3,0.2,0,155.38003366567398,24.5,24.5,2025-06-14 07:40:22
160,1.5,263.5,154,1,156.6,411.8,59.99,214.9,1.8,0.5,840.2,32,0.3,0.2,0,116.53502524925548,24.5,24.5,2025-06-14 07:41:18
158.1,1.6,260.3,158.2,1,155.7,407.7,60.01,214.9,1.9,0.5,840.2,32.1,0.3,0.2,0,155.38003366567398,24.5,24.5,2025-06-14 07:41:25
162.6,1.6,250.3,156.8,1,160.1,402.9,59.98,214,1.9,0.5,840.2,32.1,0.3,0.2,0,155.38003366567398,24.187,24.187,2025-06-14 07:42:20
159.8,1.6,260.3,155.6,1,160.1,411.6,59.98,214,1.9,0.5,840.2,32.2,0.3,0.2,0,116.53502524925548,24.125,24.187,2025-06-14 07:42:27
159.8,1.6,253.3,159.7,1,156.9,403.1,59.99,214.8,1.8,0.5,840.2,32.2,0.3,0.2,0,155.38003366567398,23.937,23.937,2025-06-14 07:43:23
160.4,1.4,252.8,156.9,1,158.9,395.4,60.02,214.8,1.8,0.5,840.2,32.2,0.3,0.2,0,116.53502524925548,23.937,24.0,2025-06-14 07:43:30
159.7,1.5,246.8,153.9,1,157.5,396.4,60.03,214.7,1.8,0.5,840.2,32.2,0.3,0.2,0,116.53502524925548,24.25,24.312,2025-06-14 07:44:25
159.8,1.5,247.0,159.9,1,155.0,394.3,60.02,214.7,1.8,0.5,840.2,32.2,0.3,0.2,0,116.53502524925548,24.312,24.312,2025-06-14 07:44:32
156.8,1.5,241.0,156.7,1,156.2,389.5,60.02,214,1.8,0.5,840.2,32.2,0.3,0.2,0,116.53502524925548,24.625,24.625,2025-06-14 07:45:28
159.7,1.5,240.4,156.8,1,158.3,390.1,60.01,214.1,1.8,0.5,840.2,32.2,0.3,0.2,0,116.53502524925548,24.625,24.687,2025-06-14 07:45:35
159.8,1.5,243.1,159.3,0.9,157.9,393.3,60.03,214.7,1.8,0.5,840.2,32.2,0.3,0.2,0,116.53502524925548,24.75,24.75,2025-06-14 07:46:30
156.6,1.5,240.6,153.9,1,157.4,390.3,60.02,214.7,1.8,0.5,840.2,32.2,0.3,0.2,0,116.53502524925548,24.75,24.75,2025-06-14 07:46:37
160.6,1.5,234.5,156.7,1,164.0,401.2,60,214.8,1.8,0.5,840.2,32.2,0.3,0.2,0,116.53502524925548,24.75,24.812,2025-06-14 07:47:32
159.9,1.5,245.1,156.8,1,163.1,401.9,60.02,214.7,1.8,0.5,840.2,32.2,0.3,0.2,0,116.53502524925548,24.75,24.812,2025-06-14 07:47:40
157.5,1.6,250.8,153.9,1,166.9,409.7,60.03,214.9,1.9,0.5,840.2,32.2,0.3,0.2,0,116.53502524925548,24.687,24.687,2025-06-14 07:48:35
161.8,1.6,244.6,159.9,1,171.0,407.1,60.03,214.9,1.9,0.5,840.2,32.2,0.3,0.2,0,116.53502524925548,24.687,24.687,2025-06-14 07:48:42
159.3,1.6,266.5,159.8,1.1,181.1,438.6,60.02,214.8,2,0.5,840.2,32.2,0.3,0.2,0,155.38003366567398,24.625,24.625,2025-06-14 07:49:37
159.9,1.5,270.5,159,1.1,182.5,444.1,60.04,214.9,2,0.5,840.2,32.2,0.3,0.2,0,116.53502524925548,24.562,24.562,2025-06-14 07:49:45
159.7,1.8,283.0,159.8,1.2,192.1,465.0,60.05,215,2.1,0.5,840.2,32.3,0.3,0.2,0,155.38003366567398,24.437,24.437,2025-06-14 07:50:40
162.5,1.7,272.4,158.6,1.2,193.9,457.3,60.05,215,2.1,0.5,840.2,32.3,0.3,0.2,0,155.38003366567398,24.375,24.375,2025-06-14 07:50:47
157,1.8,291.1,159.6,1.2,197.1,477.4,60.02,215.1,2.2,0.5,840.2,32.3,0.3,0.2,0,155.38003366567398,24.25,24.25,2025-06-14 07:51:42
159.7,1.8,296.5,160.5,1.1,198.4,474.6,60,215,2.2,0.5,840.2,32.3,0.3,0.2,0,155.38003366567398,24.187,24.25,2025-06-14 07:51:50
159.7,1.9,302.6,160.1,1.2,188.3,483.2,59.97,214.8,2.3,0.5,840.2,32.4,0.3,0.2,0,155.38003366567398,24.187,24.187,2025-06-14 07:52:45
156.8,1.9,301.0,160.4,1.2,196.9,486.0,59.98,214.9,2.3,0.5,840.2,32.4,0.3,0.2,0,155.38003366567398,24.187,24.187,2025-06-14 07:52:52
162.1,1.9,312.8,157.2,1.2,202.5,503.3,59.99,214.9,2.2,0.6,840.3,32.4,0.3,0.2,0,155.38003366567398,24.437,24.5,2025-06-14 07:53:47
160,2,313.0,162.9,1.2,196.2,498.4,59.99,214.9,2.3,0.6,840.3,32.4,0.3,0.2,0,155.38003366567398,24.5,24.562,2025-06-14 07:53:54
160.6,2,307.5,159.2,1.2,197.7,493.5,59.99,214.9,2.3,0.6,840.3,32.4,0.3,0.2,0,155.38003366567398,24.812,24.875,2025-06-14 07:54:50
159.8,1.9,317.5,159.9,1.2,197.8,503.2,60,215,2.2,0.6,840.3,32.4,0.3,0.2,0,155.38003366567398,24.812,24.875,2025-06-14 07:54:57
159.8,2,323.6,161.5,1.1,196.2,507.5,60.01,215,2.3,0.6,840.3,32.4,0.3,0.2,0,155.38003366567398,25.0,25.0,2025-06-14 07:55:52
162.5,2,319.1,156.9,1.2,196.2,498.1,60,215,2.3,0.6,840.3,32.4,0.3,0.2,0,155.38003366567398,25.0,25.062,2025-06-14 07:55:59
157.5,2.1,327.4,159.9,1.2,197.2,507.6,60.02,215,2.3,0.6,840.3,32.4,0.3,0.2,0,155.38003366567398,25.0,25.0,2025-06-14 07:56:55
159.9,2.1,329.6,159.9,1.2,197.8,514.8,60.04,215.1,2.3,0.6,840.3,32.4,0.3,0.2,0,194.22504208209244,25.0,25.0,2025-06-14 07:57:02
159.7,2.1,334.5,162.9,1.2,190.4,506.9,59.98,214.3,2.4,0.6,840.3,32.4,0.3,0.2,0,194.22504208209244,24.937,24.937,2025-06-14 07:57:57
158.6,2.1,336.4,157.8,1.2,201.3,521.9,59.97,214.3,2.4,0.6,840.3,32.4,0.3,0.2,0,194.22504208209244,24.937,25.0,2025-06-14 07:58:04
159.8,2,339.3,159.8,1.3,205.3,529.8,59.98,214.3,2.4,0.6,840.3,32.4,0.3,0.2,0,194.22504208209244,24.937,25.0,2025-06-14 07:59:00
157.8,2.1,334.2,160,1.1,204.8,524.6,59.97,214.3,2.4,0.6,840.3,32.4,0.4,0.2,0,194.22504208209244,24.875,24.875,2025-06-14 07:59:07
162.8,2.1,332.2,156.9,1.2,206.7,520.7,60.03,214.9,2.5,0.6,840.3,32.4,0.4,0.2,0,194.22504208209244,24.937,24.937,2025-06-14 08:00:02
159.7,2.1,339.6,159.9,1.3,206.0,531.8,60,214.9,2.4,0.6,840.3,32.4,0.4,0.2,0,194.22504208209244,25.0,25.0,2025-06-14 08:00:09
159.5,2.1,333.5,159.7,1.1,205.9,529.4,59.96,214.8,2.4,0.6,840.3,32.4,0.4,0.2,0,194.22504208209244,25.062,25.125,2025-06-14 08:01:04
160,2,329.9,158.3,1.3,207.7,523.6,59.97,214.9,2.3,0.6,840.3,32.4,0.4,0.2,0,194.22504208209244,25.0,25.062,2025-06-14 08:01:12
157.6,2.1,333.5,161,1.3,194.5,515.3,60.01,215,2.4,0.6,840.3,32.4,0.4,0.2,0,194.22504208209244,24.812,24.875,2025-06-14 08:02:07
159.9,2.1,327.7,159.9,1.3,206.3,519.7,59.99,214.9,2.4,0.6,840.3,32.4,0.4,0.2,0,194.22504208209244,24.812,24.812,2025-06-14 08:02:14
158.7,2.1,326.5,159.9,1.3,207.0,520.1,60.02,215,2.4,0.6,840.3,32.4,0.4,0.2,0,194.22504208209244,24.312,24.312,2025-06-14 08:03:09
159.8,2.1,330.7,156.9,1.3,206.6,523.5,60.03,215,2.4,0.6,840.3,32.4,0.4,0.2,0,194.22504208209244,24.312,24.312,2025-06-14 08:03:17
159.8,2,323.9,153.9,1.3,202.7,512.5,59.97,214.9,2.3,0.6,840.3,32.4,0.4,0.2,0,155.38003366567398,24.375,24.375,2025-06-14 08:04:12
156.9,2,321.3,158.6,1.3,206.4,513.8,59.98,214.8,2.4,0.6,840.3,32.4,0.4,0.2,0,155.38003366567398,24.312,24.375,2025-06-14 08:04:19
160.6,1.8,316.3,156.8,1.3,203.6,497.3,59.96,214.8,2.2,0.7,840.4,32.5,0.4,0.2,0,155.38003366567398,24.375,24.375,2025-06-14 08:05:14
159.5,2,316.3,159.7,1.2,203.0,505.7,59.97,214.7,2.3,0.7,840.4,32.5,0.4,0.2,0,155.38003366567398,24.375,24.375,2025-06-14 08:05:22
162.1,1.9,307.9,159.8,1.2,204.5,500.6,59.99,214.9,2.3,0.7,840.4,32.5,0.4,0.2,0,155.38003366567398,24.25,24.25,2025-06-14 08:06:17
159.8,1.8,311.3,156.9,1.3,203.9,503.0,59.97,214.8,2.2,0.7,840.4,32.5,0.4,0.2,0,155.38003366567398,24.25,24.25,2025-06-14 08:06:24
159.8,1.9,309.6,159.8,1.3,208.3,505.5,59.99,214.9,2.3,0.7,840.4,32.6,0.4,0.2,0,155.38003366567398,24.562,24.562,2025-06-14 08:07:19
162.7,1.9,294.1,156.7,1.3,207.9,490.8,60,214.8,2.3,0.7,840.4,32.6,0.4,0.2,0,155.38003366567398,24.562,24.625,2025-06-14 08:07:27
159.8,1.9,308.9,159.8,1.3,213.2,508.1,60.02,214.9,2.3,0.7,840.4,32.6,0.4,0.2,0,155.38003366567398,24.937,25.0,2025-06-14 08:08:22
162.7,1.9,293.5,156.8,1.3,212.1,494.1,60,214.8,2.4,0.7,840.4,32.7,0.4,0.2,0,155.38003366567398,25.0,25.062,2025-06-14 08:08:29
159.8,1.9,301.8,160,1.3,209.9,498.7,59.96,214.7,2.4,0.7,840.4,32.8,0.4,0.2,0,155.38003366567398,24.75,24.75,2025-06-14 08:09:24
159.8,1.8,307.3,159.8,1.3,218.8,505.7,59.99,214.7,2.3,0.7,840.4,32.8,0.4,0.2,0,155.38003366567398,24.625,24.625,2025-06-14 08:09:31
159.9,1.9,307.1,156.9,1.4,221.0,513.6,60.05,214.9,2.3,0.7,840.4,32.8,0.4,0.2,0,155.38003366567398,24.312,24.312,2025-06-14 08:10:27
161.8,1.8,304.6,160.5,1.4,213.3,505.6,60.04,215,2.3,0.7,840.4,32.9,0.4,0.2,0,155.38003366567398,24.375,24.312,2025-06-14 08:10:34
162,1.9,295.2,159.8,1.4,227.6,509.9,60.04,214.7,2.4,0.7,840.4,32.9,0.4,0.3,0,155.38003366567398,24.312,24.312,2025-06-14 08:11:29
158.9,1.9,308.2,157.5,1.4,228.2,521.0,60.02,214.7,2.4,0.7,840.4,33,0.4,0.3,0,155.38003366567398,24.312,24.312,2025-06-14 08:11:36
160.5,1.8,315.7,162,1.4,222.1,523.9,60.03,214.7,2.4,0.7,840.4,33.1,0.4,0.3,0,155.38003366567398,24.5,24.5,2025-06-14 08:12:32
159,2,313.7,159,1.4,233.2,530.0,60.04,214.7,2.4,0.7,840.4,33.1,0.4,0.3,0,155.38003366567398,24.562,24.562,2025-06-14 08:12:39
162.3,2,309.0,157.8,1.5,238.7,532.7,59.98,214.9,2.5,0.7,840.4,33.2,0.4,0.3,0,155.38003366567398,24.687,24.75,2025-06-14 08:13:34
159.8,2,325.4,159.8,1.5,243.4,551.6,60,214.7,2.5,0.7,840.4,33.2,0.4,0.3,0,194.22504208209244,24.687,24.687,2025-06-14 08:13:41
159.8,2.1,331.9,156.8,1.5,244.7,560.2,60.02,214.8,2.6,0.7,840.4,33.3,0.4,0.3,0,155.38003366567398,24.5,24.5,2025-06-14 08:14:36
162.6,2,318.0,162.6,1.5,235.5,538.8,60.02,214.8,2.6,0.7,840.4,33.3,0.4,0.3,0,194.22504208209244,24.437,24.437,2025-06-14 08:14:44
156.5,2.1,337.0,156.8,1.6,251.1,567.0,60.01,214.9,2.6,0.7,840.4,33.4,0.4,0.3,0,194.22504208209244,24.25,24.25,2025-06-14 08:15:39
159.8,2.1,337.7,159.9,1.6,251.6,576.3,60.01,215,2.7,0.7,840.4,33.4,0.4,0.3,0,194.22504208209244,24.187,24.187,2025-06-14 08:15:46
159.9,2.2,348.1,160,1.6,257.1,586.1,60.01,215,2.7,0.8,840.5,33.5,0.4,0.3,0,194.22504208209244,24.125,24.125,2025-06-14 08:16:41
159.8,2.2,352.3,159.7,1.6,259.6,592.2,60.05,215,2.7,0.8,840.5,33.5,0.4,0.3,0,194.22504208209244,24.125,24.187,2025-06-14 08:16:49
159.8,2.3,363.0,159.8,1.5,263.9,606.9,60.04,215,2.7,0.8,840.5,33.6,0.4,0.3,0,194.22504208209244,24.062,24.062,2025-06-14 08:17:44
156.8,2.3,359.7,156.7,1.6,261.8,601.0,60.05,215,2.8,0.8,840.5,33.6,0.5,0.3,0,194.22504208209244,24.0,24.0,2025-06-14 08:17:51
162.6,2.4,371.5,156.6,1.7,269.0,612.3,60,215.1,2.9,0.8,840.5,33.7,0.5,0.3,0,233.07005049851097,24.25,24.312,2025-06-14 08:18:46
159.8,2.4,378.8,159.7,1.7,270.8,628.2,60.01,215.1,2.9,0.8,840.5,33.7,0.5,0.3,0,194.22504208209244,24.312,24.312,2025-06-14 08:18:54
159.8,2.4,390.8,159.8,1.7,277.0,643.9,60.04,215.2,3,0.8,840.5,33.6,0.5,0.3,0,233.07005049851097,24.562,24.562,2025-06-14 08:19:49
161.8,2.3,389.2,157.5,1.7,276.1,642.1,60.03,215.2,2.9,0.8,840.5,33.6,0.5,0.3,0,233.07005049851097,24.562,24.625,2025-06-14 08:19:56
158.9,2.5,398.6,160.5,1.6,280.1,654.6,60.04,215,2.9,0.8,840.5,33.7,0.5,0.3,0,233.07005049851097,24.562,24.625,2025-06-14 08:20:51
160.7,2.5,391.4,159,1.7,277.5,644.6,60.04,214.9,3,0.8,840.5,33.7,0.5,0.3,0,233.07005049851097,24.625,24.625,2025-06-14 08:20:59
157.8,2.5,392.8,162.6,1.7,268.7,639.4,60.02,214.8,3.1,0.8,840.5,33.9,0.5,0.3,0,233.07005049851097,24.812,24.875,2025-06-14 08:21:54
159.8,2.5,399.2,159.9,1.7,279.8,654.0,59.99,214.7,3,0.8,840.5,33.9,0.5,0.3,0,233.07005049851097,24.812,24.875,2025-06-14 08:22:01
159.9,2.5,395.9,160,1.7,277.9,649.6,59.97,214.6,3,0.8,840.5,34,0.5,0.3,0,233.07005049851097,24.875,24.875,2025-06-14 08:22:56
157.1,2.5,389.1,163.1,1.7,269.5,636.4,60.01,214.7,3,0.8,840.5,34,0.5,0.3,0,233.07005049851097,24.812,24.812,2025-06-14 08:23:04
160.2,2.3,393.7,156.7,1.7,277.9,641.4,60.01,214.7,2.9,0.8,840.5,34.1,0.5,0.3,0,233.07005049851097,24.562,24.562,2025-06-14 08:23:58
159.8,2.5,393.0,159.4,1.7,277.2,645.6,59.98,214.6,3,0.8,840.5,34.1,0.5,0.3,0,233.07005049851097,24.625,24.625,2025-06-14 08:24:06
159.9,2.5,386.7,159.9,1.7,279.9,642.6,59.97,214.8,3,0.8,840.5,34.1,0.5,0.3,0,233.07005049851097,24.687,24.687,2025-06-14 08:25:01
159.8,2.3,392.8,159.7,1.7,282.1,650.9,59.97,214.8,2.9,0.8,840.5,34.1,0.5,0.3,0,233.07005049851097,24.687,24.687,2025-06-14 08:25:08
159.8,2.5,392.4,159.8,1.8,284.9,652.3,60,214.9,2.9,0.8,840.5,34.1,0.5,0.3,0,233.07005049851097,24.625,24.625,2025-06-14 08:26:03
162.7,2.5,379.4,156.7,1.8,281.9,640.0,60.02,214.9,3,0.9,840.6,34.1,0.5,0.3,0,233.07005049851097,24.687,24.687,2025-06-14 08:26:11
156.8,2.5,389.4,159.9,1.8,285.7,649.8,60.04,214.9,3,0.9,840.6,34.2,0.5,0.3,0,233.07005049851097,25.062,25.125,2025-06-14 08:27:06
159.8,2.5,393.2,157.5,1.8,289.3,655.2,60.02,214.9,3,0.9,840.6,34.2,0.5,0.3,0,233.07005049851097,25.187,25.187,2025-06-14 08:27:13
159.8,2.5,389.6,159.8,1.8,291.7,660.4,60,215,3.1,0.9,840.6,34.3,0.5,0.3,0,233.07005049851097,25.5,25.5,2025-06-14 08:28:08
157.7,2.5,394.1,157.7,1.8,291.8,661.2,59.99,215.1,3,0.9,840.6,34.3,0.5,0.3,0,233.07005049851097,25.5,25.5,2025-06-14 08:28:16
160,2.4,396.9,160,1.7,295.2,665.9,60,214.9,2.9,0.9,840.6,34.4,0.5,0.3,0,233.07005049851097,25.687,25.75,2025-06-14 08:29:11
158.8,2.5,391.1,158.8,1.8,291.7,657.3,59.97,214.8,3.1,0.9,840.6,34.4,0.5,0.3,0,233.07005049851097,25.75,25.75,2025-06-14 08:29:18
162.7,2.5,382.7,162.7,1.8,282.4,642.3,60,214.9,3.1,0.9,840.6,34.5,0.5,0.3,0,233.07005049851097,25.312,25.312,2025-06-14 08:30:13
159.8,2.5,399.2,159.8,1.8,298.7,671.2,60,214.9,3.1,0.9,840.6,34.4,0.5,0.3,0,233.07005049851097,25.187,25.187,2025-06-14 08:30:21
159.9,2.5,400.6,159.8,1.9,299.3,672.8,60,214.7,3.1,0.9,840.6,34.4,0.5,0.3,0,233.07005049851097,25.0,25.062,2025-06-14 08:31:16
160.6,2.3,386.4,156.8,1.9,298.3,659.1,60.01,214.7,3,0.9,840.6,34.4,0.5,0.3,0,233.07005049851097,25.0,25.062,2025-06-14 08:31:23
159.8,2.5,402.2,159.8,1.9,301.7,674.9,60.01,214.8,3.1,0.9,840.6,34.5,0.5,0.3,0,233.07005049851097,25.062,25.062,2025-06-14 08:32:18
159.7,2.5,398.1,159.7,1.9,298.7,672.8,60.01,214.8,3.2,0.9,840.6,34.5,0.5,0.3,0,233.07005049851097,25.062,25.125,2025-06-14 08:32:26
159.6,2.5,399.9,159.7,1.9,303.7,676.5,60.05,214.9,3.1,0.9,840.6,34.5,0.6,0.4,0,233.07005049851097,25.062,25.062,2025-06-14 08:33:21
159.8,2.5,403.8,162.7,1.9,291.5,672.1,60.03,214.9,3.1,0.9,840.6,34.5,0.6,0.4,0,233.07005049851097,25.062,25.062,2025-06-14 08:33:28
159.8,2.5,405.5,160.6,1.9,291.9,671.9,59.98,214.9,3.1,0.9,840.6,34.5,0.6,0.4,0,233.07005049851097,24.875,24.875,2025-06-14 08:34:23
156.7,2.5,402.1,160,1.9,303.0,676.6,60,214.9,3.2,0.9,840.6,34.5,0.6,0.4,0,233.07005049851097,24.875,24.937,2025-06-14 08:34:31
161.5,2.4,404.1,159.1,1.9,303.0,681.7,60.02,214.9,3.1,1.0,840.7,34.5,0.6,0.4,0,233.07005049851097,24.937,24.937,2025-06-14 08:35:26
160,2.5,404.2,159.7,1.9,306.0,687.0,60.04,215,3.2,1.0,840.7,34.5,0.6,0.4,0,233.07005049851097,24.937,24.937,2025-06-14 08:35:33
161.2,2.6,407.6,156.2,1.7,297.9,679.0,59.97,214.9,3.1,1.0,840.7,34.5,0.6,0.4,0,233.07005049851097,24.875,24.937,2025-06-14 08:36:28
160.6,2.5,424.4,160.4,1.6,259.6,659.6,59.98,214.9,3.1,1.0,840.7,34.5,0.6,0.4,0,233.07005049851097,24.875,24.875,2025-06-14 08:36:36
159.7,2.6,413.0,155.3,1.9,305.2,689.9,59.97,214.8,3.2,1.0,840.7,34.4,0.6,0.4,0,233.07005049851097,24.75,24.812,2025-06-14 08:37:30
162.1,2.6,395.2,158.3,1.9,308.7,676.6,59.98,214.8,3.2,1.0,840.7,34.4,0.6,0.4,0,233.07005049851097,24.812,24.812,2025-06-14 08:37:38
156.9,2.6,404.1,158.2,1.9,305.5,681.5,59.97,214.9,3.1,1.0,840.7,34.3,0.6,0.4,0,233.07005049851097,24.937,24.937,2025-06-14 08:38:33
159.8,2.6,408.9,157.4,1.9,305.9,687.4,59.98,214.8,3.2,1.0,840.7,34.3,0.6,0.4,0,233.07005049851097,24.937,24.937,2025-06-14 08:38:40
159.9,2.6,409.4,158.3,1.8,307.9,688.2,60.03,215,3.2,1.0,840.7,34.4,0.6,0.4,0,233.07005049851097,25.25,25.25,2025-06-14 08:39:35
159.3,2.6,411.9,155.7,1.9,306.1,685.9,60.04,214.8,3.2,1.0,840.7,34.4,0.6,0.4,0,233.07005049851097,25.25,25.25,2025-06-14 08:39:43
159.8,2.5,417.1,161.2,1.9,305.3,694.7,60.04,214.9,3.2,1.0,840.7,34.4,0.6,0.4,0,233.07005049851097,25.062,25.062,2025-06-14 08:40:38
156.9,2.6,415.0,158.3,1.9,311.0,696.3,60.02,214.8,3.2,1.0,840.7,34.3,0.6,0.4,0,233.07005049851097,25.125,25.125,2025-06-14 08:40:45
162.6,2.7,413.1,155.3,2,310.2,691.0,60.01,214.9,3.3,1.0,840.7,34.4,0.6,0.4,0,233.07005049851097,25.375,25.375,2025-06-14 08:41:40
159.7,2.7,426.1,158.3,2,304.3,701.5,60.02,214.9,3.3,1.0,840.7,34.4,0.6,0.4,0,233.07005049851097,25.375,25.375,2025-06-14 08:41:48
159.8,2.7,435.3,158.3,2,317.8,722.5,60.06,215,3.3,1.0,840.7,34.4,0.6,0.4,0,233.07005049851097,25.375,25.375,2025-06-14 08:42:43
162.2,2.6,428.8,155.3,2,315.0,715.2,60.03,214.8,3.3,1.0,840.7,34.4,0.6,0.4,0,233.07005049851097,25.437,25.437,2025-06-14 08:42:50
157.9,2.8,444.6,159.9,1.9,320.9,735.4,60.02,214.7,3.3,1.1,840.8,34.4,0.6,0.4,0,271.91505891492943,25.375,25.375,2025-06-14 08:43:45
160.3,2.8,439.3,158,2,321.6,739.6,60.04,214.9,3.5,1.1,840.8,34.5,0.6,0.4,0,271.91505891492943,25.25,25.25,2025-06-14 08:43:53
158.4,2.9,452.0,159.8,2,319.3,739.5,60,215,3.5,1.1,840.8,34.4,0.6,0.4,0,271.91505891492943,25.062,25.062,2025-06-14 08:44:48
159.8,2.9,459.6,158.8,1.9,328.5,756.4,60.01,215,3.5,1.1,840.8,34.4,0.6,0.4,0,271.91505891492943,25.062,25.062,2025-06-14 08:44:55
159.8,2.9,469.1,158.3,2.1,332.3,769.4,60.02,214.8,3.6,1.1,840.8,34.4,0.6,0.4,0,271.91505891492943,25.25,25.25,2025-06-14 08:45:50
157.3,2.9,464.3,160.9,2.1,324.1,756.1,60.02,214.8,3.6,1.1,840.8,34.5,0.6,0.4,0,271.91505891492943,25.312,25.312,2025-06-14 08:45:58
162.7,2.8,465.7,155.3,2.1,331.4,766.4,60.05,214.9,3.6,1.1,840.8,34.6,0.6,0.4,0,271.91505891492943,25.625,25.625,2025-06-14 08:46:53
159.8,3,480.8,158.3,2.1,336.4,783.9,60.04,214.9,3.7,1.1,840.8,34.6,0.6,0.4,0,271.91505891492943,25.625,25.625,2025-06-14 08:47:00
159.8,3,482.8,158.4,2.1,339.0,786.5,60.01,214.9,3.7,1.1,840.8,34.7,0.7,0.4,0,271.91505891492943,25.5,25.5,2025-06-14 08:47:55
160.1,2.9,485.7,158,2.1,340.8,792.3,59.98,214.9,3.6,1.1,840.8,34.7,0.7,0.4,0,271.91505891492943,25.5,25.5,2025-06-14 08:48:03
159.8,3.1,488.6,159.2,2.1,338.7,794.1,59.98,215,3.7,1.1,840.8,34.8,0.7,0.4,0,271.91505891492943,25.5,25.5,2025-06-14 08:48:58
162.6,3.1,478.7,155,2.1,340.7,786.3,60,215,3.6,1.1,840.8,34.8,0.7,0.4,0,310.76006733134795,25.562,25.562,2025-06-14 08:49:05
156.7,3,483.8,158.4,1.9,344.9,795.0,60.01,215,3.6,1.1,840.8,35,0.7,0.4,0,310.76006733134795,25.625,25.625,2025-06-14 08:50:00
159.8,3.1,489.6,158.8,2.2,341.2,798.7,60.04,214.9,3.7,1.1,840.8,35,0.7,0.4,0,271.91505891492943,25.687,25.687,2025-06-14 08:50:08
160,3.1,491.3,160.3,2.2,335.1,792.3,60.03,215.1,3.7,1.1,840.8,35,0.7,0.4,0,310.76006733134795,25.687,25.687,2025-06-14 08:51:02
156.7,3.1,486.9,158.3,2.2,346.2,799.4,60,214.9,3.7,1.1,840.8,35,0.7,0.4,0,271.91505891492943,25.75,25.812,2025-06-14 08:51:10
160.7,2.9,492.3,158.5,2.2,345.7,804.0,60.03,215,3.6,1.2,840.9,35,0.7,0.4,0,310.76006733134795,25.687,25.687,2025-06-14 08:52:05
159.5,3.1,487.1,160.8,2.1,345.0,800.0,60.04,215,3.7,1.2,840.9,35,0.7,0.5,0,271.91505891492943,25.687,25.687,2025-06-14 08:52:12
161.9,3.1,473.5,156.9,2.1,339.0,781.6,59.99,215,3.7,1.2,840.9,35.1,0.7,0.5,0,310.76006733134795,25.875,25.875,2025-06-14 08:53:07
159.7,3.1,495.2,160.7,2.1,343.7,805.6,60.01,215,3.7,1.2,840.9,35.1,0.7,0.5,0,271.91505891492943,25.812,25.812,2025-06-14 08:53:15
159.8,3.1,500.0,156.8,2.2,351.6,816.2,60,215,3.8,1.2,840.9,35.1,0.7,0.5,0,310.76006733134795,25.75,25.75,2025-06-14 08:54:10
162.6,3.1,479.1,159.8,2.1,351.7,799.2,59.99,214.9,3.8,1.2,840.9,35.1,0.7,0.5,0,310.76006733134795,25.75,25.75,2025-06-14 08:54:17
159,3.2,506.6,159.9,2.2,356.5,823.8,60.04,214.8,3.8,1.2,840.9,35.1,0.7,0.5,0,310.76006733134795,25.687,25.75,2025-06-14 08:55:12
159.8,3.2,506.0,159.7,2.3,358.3,830.6,60.04,214.9,3.9,1.2,840.9,35.1,0.7,0.5,0,310.76006733134795,25.687,25.687,2025-06-14 08:55:20
160,3.2,514.2,159.8,2.3,365.9,843.2,60,214.9,3.9,1.2,840.9,35.2,0.7,0.5,0,310.76006733134795,26.0,26.0,2025-06-14 08:56:15
159.7,3.3,517.0,159.9,2.1,366.7,847.5,59.98,215,3.8,1.2,840.9,35.2,0.7,0.5,0,310.76006733134795,26.062,26.062,2025-06-14 08:56:22
159.9,3.2,526.2,156.9,2.3,373.7,861.7,59.97,214.9,3.9,1.2,840.9,35.2,0.7,0.5,0,310.76006733134795,26.437,26.437,2025-06-14 08:57:17
156.9,3.3,522.4,154,2.3,353.8,841.9,59.98,214.8,4,1.2,840.9,35.2,0.7,0.5,0,310.76006733134795,26.437,26.5,2025-06-14 08:57:25
162.2,3.2,525.7,159.8,2.4,384.7,872.6,60.01,214.9,4.1,1.2,840.9,35.3,0.7,0.5,0,310.76006733134795,26.625,26.625,2025-06-14 08:58:20
159.7,3.4,537.8,161.9,2.2,381.9,881.3,60,215,4.1,1.2,840.9,35.4,0.7,0.5,0,310.76006733134795,26.625,26.687,2025-06-14 08:58:27
160.3,3.5,536.4,159.8,2.3,397.8,907.8,60.03,215.1,4.1,1.3,841.0,35.5,0.8,0.5,0,349.6050757477664,26.625,26.625,2025-06-14 08:59:22
161.6,3.3,547.7,159.3,2.5,397.3,904.4,60.01,215,4.1,1.3,841.0,35.5,0.8,0.5,0,349.6050757477664,26.625,26.687,2025-06-14 08:59:30
159.8,3.7,583.9,162,2.6,405.9,946.7,59.99,215.1,4.4,1.3,841.0,35.5,0.8,0.5,0,349.6050757477664,26.875,26.937,2025-06-14 09:00:25
161.4,3.5,582.8,159.8,2.6,425.2,962.1,59.97,215.1,4.3,1.3,841.0,35.5,0.8,0.5,0,349.6050757477664,26.937,26.937,2025-06-14 09:00:32
159.8,3.9,616.1,159.8,2.8,446.2,1013.3,60,215.2,4.7,1.3,841.0,35.6,0.8,0.5,0,388.4500841641849,26.687,26.687,2025-06-14 09:01:27
154.6,4,619.1,161.5,2.7,448.4,1005.0,60.01,215.2,4.7,1.3,841.0,35.6,0.8,0.5,0,388.4500841641849,26.75,26.75,2025-06-14 09:01:35
159.6,4.6,712.3,159,3.2,508.0,1160.8,60.02,215.4,5.4,1.3,841.0,35.8,0.8,0.5,0,427.2950925806034,26.562,26.562,2025-06-14 09:02:29
159.8,4.6,724.5,160,3.2,517.1,1179.6,60.03,215.5,5.4,1.3,841.0,35.9,0.8,0.5,0,427.2950925806034,26.562,26.562,2025-06-14 09:02:37
156.7,5.6,867.3,155.2,4,609.0,1398.6,60.01,215.8,6.5,1.3,841.0,36.1,0.8,0.5,0,543.8301178298589,26.312,26.312,2025-06-14 09:03:32
159.9,5.7,891.5,153.9,4,620.6,1429.6,60,215.9,6.6,1.3,841.0,36.2,0.8,0.5,0,582.6751262462774,26.25,26.312,2025-06-14 09:03:40
159.7,5.5,871.3,158,3.9,617.1,1409.5,60.03,215.8,6.5,1.4,841.1,36.6,0.8,0.5,0,543.8301178298589,26.375,26.437,2025-06-14 09:04:34
156.6,5.6,864.4,161.2,3.8,607.3,1391.4,60.01,215.4,6.4,1.4,841.1,36.6,0.8,0.5,0,543.8301178298589,26.437,26.437,2025-06-14 09:04:42
159.2,5.5,897.4,157.9,4,638.6,1454.3,60,215.6,6.6,1.4,841.1,36.9,0.8,0.5,0,543.8301178298589,26.562,26.562,2025-06-14 09:05:37
159.7,5.6,862.4,158.3,3.8,611.5,1396.6,60.03,215.6,6.5,1.4,841.1,37,0.8,0.5,0,543.8301178298589,26.562,26.562,2025-06-14 09:05:44
156.7,4.7,737.5,158.7,3.3,519.0,1192.0,59.96,215.5,5.5,1.4,841.1,37.3,0.8,0.6,0,466.14010099702193,27.062,27.062,2025-06-14 09:06:39
159.7,4.7,716.9,158.3,3.1,518.7,1170.9,59.96,215.5,5.4,1.4,841.1,37.3,0.8,0.6,0,466.14010099702193,27.125,27.125,2025-06-14 09:06:47
154,4.7,734.0,158.3,3.3,529.2,1189.9,59.96,215.3,5.5,1.4,841.1,37.3,0.9,0.6,0,466.14010099702193,27.125,27.125,2025-06-14 09:07:42
156.7,4.7,729.4,159.7,3.3,506.5,1173.9,59.96,215.3,5.5,1.4,841.1,37.4,0.9,0.6,0,427.2950925806034,27.062,27.062,2025-06-14 09:07:49
156.4,4.5,696.0,155.3,3.1,497.2,1132.2,59.97,215.2,5.2,1.4,841.1,37.4,0.9,0.6,0,427.2950925806034,26.687,26.687,2025-06-14 09:08:44
154.9,4.5,694.0,158.3,3.1,500.2,1134.4,59.98,215.2,5.1,1.4,841.1,37.3,0.9,0.6,0,427.2950925806034,26.75,26.75,2025-06-14 09:08:52
156.9,4.2,685.5,158.4,2.9,493.0,1120.2,60.01,215.5,4.9,1.5,841.2,37.3,0.9,0.6,0,427.2950925806034,26.625,26.625,2025-06-14 09:09:47
155.4,4.4,675.6,155.2,3.2,491.7,1108.2,59.98,215.4,5.1,1.5,841.2,37.3,0.9,0.6,0,427.2950925806034,26.625,26.625,2025-06-14 09:09:54
159.6,4.5,676.6,158.2,3.1,496.9,1118.0,60,215.5,5.2,1.5,841.2,37.3,0.9,0.6,0,427.2950925806034,27.187,27.187,2025-06-14 09:10:49
156.8,4.5,699.2,153.8,3.2,499.7,1138.1,60,215.5,5.2,1.5,841.2,37.3,0.9,0.6,0,427.2950925806034,27.187,27.187,2025-06-14 09:10:57
156.8,4.6,716.3,158.4,3.2,506.4,1169.4,60.02,215.5,5.4,1.5,841.2,37.5,0.9,0.6,0,466.14010099702193,27.5,27.562,2025-06-14 09:11:52
159.6,4.4,707.2,158.4,3.2,512.5,1160.1,60.01,215.5,5.3,1.5,841.2,37.5,0.9,0.6,0,466.14010099702193,27.562,27.625,2025-06-14 09:11:59
156.7,4.8,732.9,155.3,3.3,520.8,1186.5,60.02,215.5,5.5,1.5,841.2,37.5,0.9,0.6,0,466.14010099702193,27.75,27.75,2025-06-14 09:12:54
156.9,4.8,729.1,155.2,3.4,523.7,1193.3,60.01,215.5,5.5,1.5,841.2,37.5,0.9,0.6,0,466.14010099702193,27.75,27.812,2025-06-14 09:13:02
156.4,4.8,746.6,154.9,3.4,527.9,1206.6,59.99,215.5,5.6,1.5,841.2,37.6,0.9,0.6,0,466.14010099702193,27.812,27.812,2025-06-14 09:13:57
156.8,4.9,755.5,155.2,3.4,533.5,1223.0,59.99,215.5,5.5,1.5,841.2,37.6,0.9,0.6,0,466.14010099702193,27.875,27.875,2025-06-14 09:14:04
156.8,4.8,754.4,153,3.5,533.1,1220.4,60.01,215.2,5.6,1.6,841.3,37.8,0.9,0.6,0,466.14010099702193,28.062,28.062,2025-06-14 09:14:59
153.4,4.8,746.4,155.1,3.4,532.7,1207.4,60.02,215.4,5.6,1.6,841.3,37.8,0.9,0.6,0,466.14010099702193,28.062,27.937,2025-06-14 09:15:07
158.3,4.5,740.6,154.7,3.4,523.8,1199.3,60.04,215.2,5.5,1.6,841.3,37.9,1.0,0.6,0,466.14010099702193,27.562,27.562,2025-06-14 09:16:02
156.8,4.8,739.0,153.7,3.4,526.1,1199.6,60.03,215.2,5.5,1.6,841.3,37.9,1.0,0.6,0,466.14010099702193,27.625,27.687,2025-06-14 09:16:09
158.5,4.7,708.1,155.3,3.3,525.1,1192.1,59.98,215.5,5.5,1.6,841.3,38,1.0,0.6,0,466.14010099702193,27.875,27.875,2025-06-14 09:17:04
157.5,4.5,738.3,153.6,3.4,519.3,1193.1,60,215.4,5.4,1.6,841.3,38,1.0,0.6,0,466.14010099702193,27.812,27.812,2025-06-14 09:17:11
159.7,4.8,749.7,158.3,3.5,541.6,1228.1,59.98,215.5,5.8,1.6,841.3,38.2,1.0,0.7,0,504.9851094134404,28.0,28.0,2025-06-14 09:18:06
156.8,5,774.3,155.4,3.5,549.7,1253.9,60,215.6,5.8,1.6,841.3,38.2,1.0,0.7,0,504.9851094134404,28.062,28.062,2025-06-14 09:18:14
156.8,4.9,782.5,155.3,3.6,553.8,1266.5,60.01,215.5,5.7,1.7,841.4,38.4,1.0,0.7,0,504.9851094134404,28.75,28.75,2025-06-14 09:19:09
154.2,5.1,784.5,156,3.5,556.3,1270.5,60.01,215.5,5.9,1.7,841.4,38.4,1.0,0.7,0,504.9851094134404,28.812,28.812,2025-06-14 09:19:16
157.1,5.3,801.7,155.4,3.7,575.0,1303.1,59.98,215.6,6.1,1.7,841.4,38.4,1.0,0.7,0,504.9851094134404,29.312,29.375,2025-06-14 09:20:11
154.4,5.3,824.4,155.3,3.7,577.7,1328.1,60.04,215.7,6.2,1.7,841.4,38.4,1.0,0.7,0,543.8301178298589,29.375,29.375,2025-06-14 09:20:19
153.8,5.2,787.1,152.4,3.6,549.8,1267.5,59.99,215.4,5.9,1.7,841.4,38.5,1.0,0.7,0,504.9851094134404,29.812,29.75,2025-06-14 09:21:14
150.9,5.1,775.2,155.3,3.6,553.8,1259.1,60,215.4,5.8,1.7,841.4,38.5,1.0,0.7,0,504.9851094134404,29.812,29.812,2025-06-14 09:21:21
153.7,4.9,761.4,155.3,3.5,539.9,1233.9,60.01,215.7,5.6,1.7,841.4,38.5,1.0,0.7,0,466.14010099702193,30.125,30.125,2025-06-14 09:22:16
153.8,5,758.2,152.3,3.5,534.6,1225.6,60,215.6,5.7,1.7,841.4,38.5,1.0,0.7,0,466.14010099702193,30.187,30.187,2025-06-14 09:22:24
155.2,4.7,716.9,156.8,3.1,514.8,1168.3,60.01,215.5,5.4,1.7,841.4,38.5,1.0,0.7,0,466.14010099702193,30.312,30.312,2025-06-14 09:23:19
153.8,4.6,724.3,155.5,3.3,510.2,1171.3,60.02,215.3,5.4,1.7,841.4,38.5,1.0,0.7,0,466.14010099702193,30.312,30.312,2025-06-14 09:23:26
153.8,4.6,706.6,157,3.2,487.2,1134.3,59.99,215.4,5.3,1.8,841.5,38.5,1.1,0.7,0,427.2950925806034,30.5,30.5,2025-06-14 09:24:21
156.4,4.6,692.4,155.9,3.1,498.3,1132.0,59.99,215.4,5.2,1.8,841.5,38.5,1.1,0.7,0,427.2950925806034,30.5,30.5,2025-06-14 09:24:29
152.2,4.5,692.4,155.3,3.1,486.3,1117.2,60,215.1,5.1,1.8,841.5,38.5,1.1,0.7,0,427.2950925806034,30.687,30.687,2025-06-14 09:25:24
153.8,4.5,691.0,157.9,3.1,468.5,1103.6,59.97,215.2,5.1,1.8,841.5,38.5,1.1,0.7,0,427.2950925806034,30.625,30.687,2025-06-14 09:25:31
152.2,4.5,688.2,152.6,3.1,473.2,1101.2,60,215.2,5.1,1.8,841.5,38.6,1.1,0.7,0,427.2950925806034,30.312,30.312,2025-06-14 09:26:26
153.5,4.5,688.5,155.3,3.1,476.8,1107.3,60.02,215.2,5,1.8,841.5,38.6,1.1,0.7,0,427.2950925806034,30.125,30.125,2025-06-14 09:26:34
153.8,4.5,688.9,155.3,3,472.7,1103.0,60,215.3,5,1.8,841.5,38.6,1.1,0.7,0,427.2950925806034,29.437,29.437,2025-06-14 09:27:29
150.9,4.5,677.0,155.2,3.1,473.4,1092.2,60,215.2,5.1,1.8,841.5,38.7,1.1,0.7,0,427.2950925806034,29.437,29.375,2025-06-14 09:27:36
156.7,4.4,681.0,155.2,2.9,472.1,1094.9,60.01,215.4,5,1.8,841.5,38.7,1.1,0.7,0,427.2950925806034,29.687,29.687,2025-06-14 09:28:31
153.8,4.5,688.0,152.5,3,469.7,1099.6,59.98,215.5,5,1.8,841.5,38.7,1.1,0.7,0,427.2950925806034,29.75,29.75,2025-06-14 09:28:39
153.8,4.5,683.9,158.2,3,459.3,1087.9,60.01,215.3,5,1.9,841.6,38.8,1.1,0.8,0,427.2950925806034,30.0,30.0,2025-06-14 09:29:33
156.5,4.3,684.2,155.3,3,471.6,1098.6,60.01,215.4,5,1.9,841.6,38.8,1.1,0.8,0,427.2950925806034,30.062,30.062,2025-06-14 09:29:41
153.7,4.5,685.8,155.3,3,473.3,1100.4,59.99,215.6,5,1.9,841.6,38.9,1.1,0.8,0,427.2950925806034,30.0,30.0,2025-06-14 09:30:36
154.3,4.5,681.8,157.7,2.9,468.0,1093.8,59.98,215.5,5,1.9,841.6,38.9,1.1,0.8,0,427.2950925806034,30.0,30.062,2025-06-14 09:30:43
152.7,4.5,677.9,153.7,3.1,477.3,1096.6,60.01,215.6,5,1.9,841.6,38.9,1.1,0.8,0,427.2950925806034,29.875,29.937,2025-06-14 09:31:38
153.8,4.5,687.9,155.8,3.1,468.3,1099.3,60.04,215.6,5,1.9,841.6,38.9,1.1,0.8,0,427.2950925806034,29.875,29.875,2025-06-14 09:31:46
153.8,4.5,685.8,153.9,3.1,473.6,1100.8,60.01,215.2,5.1,1.9,841.6,38.9,1.2,0.8,0,427.2950925806034,29.625,29.625,2025-06-14 09:32:41
151,4.5,682.8,155.2,3.1,480.3,1098.3,60.03,215.4,5.1,1.9,841.6,38.9,1.2,0.8,0,427.2950925806034,29.625,29.5,2025-06-14 09:32:48
154.9,4.4,698.7,155.3,3.2,491.6,1130.2,59.97,215.3,5.1,1.9,841.6,38.9,1.2,0.8,0,427.2950925806034,29.25,29.25,2025-06-14 09:33:43
153.4,4.5,692.2,153,3.1,480.4,1113.4,59.98,215.3,5.1,1.9,841.6,38.9,1.2,0.8,0,427.2950925806034,29.25,29.25,2025-06-14 09:33:51
156.2,4.3,653.4,156.1,2.9,462.8,1069.2,60,215.1,4.9,2.0,841.7,39.1,1.2,0.8,0,388.4500841641849,29.375,29.437,2025-06-14 09:34:46
154,4.2,657.6,155.3,3,470.6,1073.4,59.98,215.1,4.9,2.0,841.7,39.1,1.2,0.8,0,427.2950925806034,29.5,29.5,2025-06-14 09:34:53
153.8,4.2,640.5,155.2,2.9,455.7,1047.0,59.98,215.2,4.8,2.0,841.7,39.1,1.2,0.8,0,388.4500841641849,29.875,29.937,2025-06-14 09:35:48
156.7,4.2,633.0,155.3,2.8,460.3,1039.6,60.01,215.2,4.7,2.0,841.7,39.1,1.2,0.8,0,388.4500841641849,30.0,30.0,2025-06-14 09:35:56
150.8,4.1,624.4,155.3,2.9,454.1,1026.6,59.98,214.9,4.7,2.0,841.7,39,1.2,0.8,0,388.4500841641849,30.375,30.375,2025-06-14 09:36:51
153.9,4.1,629.2,158.3,2.9,441.8,1021.1,59.99,215,4.7,2.0,841.7,39,1.2,0.8,0,388.4500841641849,30.375,30.437,2025-06-14 09:36:58
154,4.1,619.9,152.3,2.8,443.7,1011.7,60,215,4.7,2.0,841.7,39,1.2,0.8,0,388.4500841641849,30.75,30.812,2025-06-14 09:37:53
153.8,4.1,623.0,155.3,2.9,446.6,1015.0,60,215.1,4.6,2.0,841.7,38.9,1.2,0.8,0,388.4500841641849,30.812,30.812,2025-06-14 09:38:01
153.8,3.9,620.3,155.6,2.8,442.2,1012.3,60.02,215.2,4.6,2.0,841.7,38.9,1.2,0.8,0,388.4500841641849,31.187,31.187,2025-06-14 09:38:56
153.5,4.1,614.8,152.7,2.8,439.9,1002.4,60.02,215.2,4.6,2.0,841.7,38.9,1.2,0.8,0,388.4500841641849,31.187,31.187,2025-06-14 09:39:03
156,4.1,618.2,156,2.7,439.8,1007.4,59.99,215.2,4.6,2.0,841.7,38.9,1.2,0.8,0,388.4500841641849,31.312,31.375,2025-06-14 09:39:58
153.8,4.1,622.5,154.9,2.8,436.4,1007.1,59.98,215,4.6,2.0,841.7,38.9,1.2,0.8,0,388.4500841641849,31.375,31.375,2025-06-14 09:40:06
153.8,4.1,627.6,157.8,2.8,426.9,1005.2,60.02,215.2,4.6,2.1,841.8,38.9,1.2,0.8,0,388.4500841641849,31.5,31.5,2025-06-14 09:41:01
155.7,4,627.8,155.3,2.8,440.7,1017.2,59.99,215.1,4.7,2.1,841.8,39,1.2,0.8,0,388.4500841641849,31.5,31.5,2025-06-14 09:41:08
153.4,4.2,635.7,155.4,2.8,442.3,1026.2,60.01,215.3,4.6,2.1,841.8,39,1.3,0.8,0,388.4500841641849,31.687,31.687,2025-06-14 09:42:03
155,4.2,633.9,156.9,2.7,441.7,1017.4,60,215.3,4.7,2.1,841.8,39,1.3,0.8,0,388.4500841641849,31.687,31.75,2025-06-14 09:42:10
153.5,4.3,647.6,155.1,2.9,443.5,1032.6,60.04,215.5,4.7,2.1,841.8,39,1.3,0.9,0,427.2950925806034,31.75,31.75,2025-06-14 09:43:06
156.7,4.2,646.8,155.3,2.9,447.1,1041.0,60.03,215.5,4.8,2.1,841.8,39,1.3,0.9,0,427.2950925806034,31.75,31.75,2025-06-14 09:43:13
153.9,4.3,664.7,155.4,2.9,453.1,1062.8,60.02,215.4,4.9,2.1,841.8,39.1,1.3,0.9,0,427.2950925806034,31.812,31.812,2025-06-14 09:44:08
151.1,4.4,657.1,155.3,2.9,456.8,1059.4,59.99,215.4,4.9,2.1,841.8,39,1.3,0.9,0,427.2950925806034,31.812,31.875,2025-06-14 09:44:15
153.8,4.5,684.2,155.3,3,465.9,1092.6,59.99,215.4,5,2.1,841.8,38.9,1.3,0.9,0,427.2950925806034,32.0,32.0,2025-06-14 09:45:10
153.8,4.4,688.1,152.6,3,460.6,1090.7,60,215.4,5.1,2.1,841.8,38.9,1.3,0.9,0,427.2950925806034,32.062,32.062,2025-06-14 09:45:18
151,4.6,700.8,158,3,470.6,1110.3,60.02,215.4,5.1,2.2,841.9,38.9,1.3,0.9,0,466.14010099702193,32.125,32.125,2025-06-14 09:46:13
156.9,4.6,705.7,155.3,3.1,475.0,1125.2,59.99,215.4,5.2,2.2,841.9,38.9,1.3,0.9,0,466.14010099702193,32.125,32.187,2025-06-14 09:46:20
154,4.8,727.0,155.6,3.1,479.1,1150.3,60.02,215.2,5.3,2.2,841.9,38.9,1.3,0.9,0,466.14010099702193,32.25,32.312,2025-06-14 09:47:15
153.8,4.7,729.9,157.4,3,484.7,1152.7,60,215.1,5.3,2.2,841.9,38.9,1.3,0.9,0,466.14010099702193,32.312,32.312,2025-06-14 09:47:23
154.2,4.9,747.2,154.2,3.2,494.5,1179.3,60,215.2,5.4,2.2,841.9,38.8,1.3,0.9,0,466.14010099702193,32.375,32.375,2025-06-14 09:48:18
155.8,4.8,750.4,156.5,3.2,486.9,1175.9,60.01,215.3,5.4,2.2,841.9,38.9,1.3,0.9,0,466.14010099702193,32.437,32.437,2025-06-14 09:48:25
153.1,5.1,770.4,153.2,3.3,498.9,1202.0,59.99,215.2,5.5,2.2,841.9,38.9,1.3,0.9,0,504.9851094134404,32.187,32.25,2025-06-14 09:49:20
155.1,5.1,765.7,155.4,3.3,508.4,1210.1,59.99,215.3,5.6,2.2,841.9,38.9,1.3,0.9,0,504.9851094134404,32.25,32.25,2025-06-14 09:49:28
151.4,5.1,763.3,155.3,3.3,512.3,1209.3,60.03,215.1,5.7,2.2,841.9,39,1.4,0.9,0,504.9851094134404,32.312,32.375,2025-06-14 09:50:23
153.8,5.1,774.9,153.4,3.3,510.5,1219.6,60.03,215.1,5.6,2.2,841.9,39,1.4,0.9,0,504.9851094134404,32.375,32.375,2025-06-14 09:50:30
153.8,5.2,793.7,155.3,3.3,523.2,1248.1,60,215.5,5.8,2.3,842.0,39.1,1.4,0.9,0,504.9851094134404,32.125,32.125,2025-06-14 09:51:25
152.1,5.3,802.1,154.1,3.4,527.8,1250.2,59.99,215.4,5.8,2.3,842.0,39.1,1.4,0.9,0,543.8301178298589,32.062,32.062,2025-06-14 09:51:33
153.8,5.4,855.6,155.3,3.5,554.5,1331.2,59.99,215.5,6.1,2.3,842.0,39.3,1.4,0.9,0,582.6751262462774,32.0,32.0,2025-06-14 09:52:28
153.8,5.5,835.2,158.4,3.4,544.0,1307.8,60.02,215.6,6,2.3,842.0,39.4,1.4,0.9,0,543.8301178298589,31.875,31.875,2025-06-14 09:52:35
154.5,5.1,775.0,155.3,3.3,520.0,1226.5,59.96,215.4,5.7,2.3,842.0,39.4,1.4,0.9,0,504.9851094134404,31.25,31.25,2025-06-14 09:53:30
153.7,5.1,785.7,152.4,3.3,511.2,1228.3,59.99,215.5,5.6,2.3,842.0,39.4,1.4,0.9,0,504.9851094134404,31.125,31.125,2025-06-14 09:53:37
153.8,5.2,788.6,157.6,3.2,517.1,1238.7,60,215.2,5.7,2.3,842.0,39.5,1.4,1.0,0,504.9851094134404,31.312,31.375,2025-06-14 09:54:33
156.6,5.1,780.2,155.2,3.3,517.3,1229.3,59.97,215.3,5.8,2.3,842.0,39.5,1.4,1.0,0,504.9851094134404,31.437,31.437,2025-06-14 09:54:40
151.3,5.2,794.1,156.1,3.4,516.8,1243.8,60.04,215.6,5.7,2.3,842.0,39.5,1.4,1.0,0,543.8301178298589,32.0,32.0,2025-06-14 09:55:35
154.1,5.2,790.7,155.3,3.2,524.9,1255.3,60.04,215.6,5.7,2.3,842.0,39.6,1.4,1.0,0,543.8301178298589,32.0,32.0,2025-06-14 09:55:42
153.1,5.2,789.9,155.3,3.4,525.5,1245.4,60,215.5,5.7,2.4,842.1,39.7,1.4,1.0,0,543.8301178298589,32.375,32.375,2025-06-14 09:56:37
153.8,5.2,789.7,157.1,3.3,510.9,1234.5,60.02,215.5,5.7,2.4,842.1,39.7,1.4,1.0,0,504.9851094134404,32.437,32.437,2025-06-14 09:56:45
153.8,5.1,784.5,152.7,3.3,509.3,1224.9,59.99,215.5,5.6,2.4,842.1,39.7,1.4,1.0,0,504.9851094134404,32.75,32.75,2025-06-14 09:57:40
152.2,5.1,769.0,155.4,3.3,515.7,1216.5,60,215.5,5.7,2.4,842.1,39.7,1.4,1.0,0,504.9851094134404,32.812,32.812,2025-06-14 09:57:47
156.6,4.9,747.7,155.2,3.2,505.2,1187.2,60.04,215.5,5.5,2.4,842.1,39.7,1.5,1.0,0,504.9851094134404,32.937,33.0,2025-06-14 09:58:42
153.8,5,766.0,154.1,3.3,504.9,1206.4,60.03,215.4,5.5,2.4,842.1,39.7,1.5,1.0,0,504.9851094134404,33.0,33.0,2025-06-14 09:58:50
153.8,5.1,768.0,155.3,3.1,505.8,1209.3,60.02,215.6,5.5,2.4,842.1,39.7,1.5,1.0,0,504.9851094134404,33.0,33.0,2025-06-14 09:59:45
154.5,4.8,773.9,153.5,3.3,499.0,1206.6,60.03,215.6,5.5,2.4,842.1,39.8,1.5,1.0,0,504.9851094134404,33.0,33.062,2025-06-14 09:59:52
153.8,5.1,778.1,158.3,3.2,489.3,1203.9,60.01,215.8,5.6,2.4,842.1,39.9,1.5,1.0,0,504.9851094134404,33.062,33.062,2025-06-14 10:00:47
156.2,5.1,767.8,155.3,3.2,503.3,1205.4,60.01,215.8,5.6,2.4,842.1,39.9,1.5,1.0,0,504.9851094134404,33.125,33.125,2025-06-14 10:00:55
151,5.2,780.0,155.3,3.2,505.7,1223.3,60.03,215.5,5.7,2.5,842.2,39.9,1.5,1.0,0,543.8301178298589,32.0,32.0,2025-06-14 10:01:50
153.8,5.2,798.9,158.3,3.1,498.6,1231.6,60.04,215.7,5.7,2.5,842.2,39.9,1.5,1.0,0,543.8301178298589,32.0,31.937,2025-06-14 10:01:57
153.8,5,772.5,152.6,3.2,489.9,1198.9,60,215.7,5.5,2.5,842.2,40,1.5,1.0,0,504.9851094134404,32.312,32.312,2025-06-14 10:02:52
150.9,5.1,762.8,155.3,3.2,486.5,1186.0,60,216,5.5,2.5,842.2,39.9,1.5,1.0,0,504.9851094134404,32.375,32.375,2025-06-14 10:03:00
155.5,4.7,745.7,154.9,3.1,478.2,1162.9,59.98,215.8,5.3,2.5,842.2,39.9,1.5,1.0,0,504.9851094134404,32.812,32.812,2025-06-14 10:03:55
153.8,4.8,742.1,155.3,3.1,478.0,1157.3,60,215.8,5.3,2.5,842.2,39.9,1.5,1.0,0,504.9851094134404,32.875,32.937,2025-06-14 10:04:02
151.5,4.5,686.3,153.2,2.9,447.8,1078.3,59.99,215.8,4.9,2.5,842.2,39.8,1.5,1.0,0,466.14010099702193,33.125,33.125,2025-06-14 10:04:57
154.2,4.5,670.8,158.1,2.9,428.1,1059.5,59.98,215.7,4.9,2.5,842.2,39.8,1.5,1.0,0,466.14010099702193,33.125,33.187,2025-06-14 10:05:04
152.8,4.3,651.4,154.4,2.8,435.2,1039.6,60,215.8,4.7,2.5,842.2,39.7,1.6,1.0,0,427.2950925806034,33.25,33.25,2025-06-14 10:05:59
152.3,4.3,655.1,153.9,2.8,434.4,1037.7,60.01,215.7,4.7,2.5,842.2,39.7,1.6,1.0,0,427.2950925806034,33.25,33.312,2025-06-14 10:06:07
153.7,4.1,633.8,152.4,2.8,423.3,1005.9,60.02,215.4,4.5,2.6,842.3,39.7,1.6,1.1,0,427.2950925806034,33.375,33.437,2025-06-14 10:07:02
151.8,4.1,620.7,157.6,2.7,406.0,978.2,60.01,215.6,4.6,2.6,842.3,39.7,1.6,1.1,0,427.2950925806034,33.437,33.437,2025-06-14 10:07:09
156.7,3.8,583.3,155.2,2.6,411.3,948.1,60.03,215.7,4.4,2.6,842.3,39.6,1.6,1.1,0,388.4500841641849,33.187,33.187,2025-06-14 10:08:04
153.8,3.9,597.0,154.6,2.7,409.2,960.4,60.02,215.8,4.4,2.6,842.3,39.6,1.6,1.1,0,388.4500841641849,33.187,33.187,2025-06-14 10:08:12
153.7,3.7,567.3,158.3,2.5,384.1,908.9,59.96,215.8,4.2,2.6,842.3,39.5,1.6,1.1,0,388.4500841641849,33.062,33.062,2025-06-14 10:09:07
154.1,3.5,565.8,152.9,2.5,395.7,907.1,59.98,215.9,4.2,2.6,842.3,39.4,1.6,1.1,0,388.4500841641849,33.0,33.0,2025-06-14 10:09:14
153.7,3.5,541.1,155.2,2.5,387.3,887.5,60,215.8,4.1,2.6,842.3,39.4,1.6,1.1,0,349.6050757477664,32.812,32.812,2025-06-14 10:10:09
153.8,3.5,529.0,158.2,2.3,378.0,868.1,60.01,215.5,4.1,2.6,842.3,39.4,1.6,1.1,0,349.6050757477664,32.625,32.625,2025-06-14 10:10:17
150.8,3.3,507.3,155.3,2.4,374.2,842.0,60.01,215.7,3.9,2.6,842.3,39.3,1.6,1.1,0,349.6050757477664,32.562,32.562,2025-06-14 10:11:12
153.8,3.3,511.5,152,2.4,370.7,843.5,60,215.6,3.9,2.6,842.3,39.3,1.6,1.1,0,349.6050757477664,32.562,32.562,2025-06-14 10:11:19
153.8,3.2,489.4,154.5,2.3,359.8,812.4,60,215.6,3.8,2.6,842.3,39.1,1.6,1.1,0,310.76006733134795,32.562,32.562,2025-06-14 10:12:14
150.8,3.2,483.0,155.3,2.3,361.5,806.0,59.99,215.5,3.8,2.6,842.3,39.1,1.6,1.1,0,310.76006733134795,32.562,32.5,2025-06-14 10:12:22
155.3,2.9,466.8,155.3,2.2,352.8,786.2,60,215.4,3.6,2.7,842.4,39.1,1.6,1.1,0,310.76006733134795,32.5,32.5,2025-06-14 10:13:17
153.7,3,460.6,152.5,2.3,350.8,776.4,60.01,215.4,3.6,2.7,842.4,39.1,1.6,1.1,0,310.76006733134795,32.5,32.562,2025-06-14 10:13:24
155.3,3,445.5,156.2,2.1,346.7,759.3,60.01,215.3,3.5,2.7,842.4,39.1,1.6,1.1,0,271.91505891492943,32.625,32.625,2025-06-14 10:14:19
153.9,2.9,453.4,155.3,2.2,346.5,766.9,60,215.3,3.5,2.7,842.4,39.1,1.6,1.1,0,310.76006733134795,32.562,32.562,2025-06-14 10:14:27
153.9,3,455.1,157.5,2.2,340.4,762.6,59.97,215.1,3.5,2.7,842.4,39,1.6,1.1,0,310.76006733134795,32.562,32.562,2025-06-14 10:15:22
156.4,3,448.0,155.6,2.1,347.4,763.7,59.98,215.2,3.5,2.7,842.4,39,1.6,1.1,0,271.91505891492943,32.562,32.562,2025-06-14 10:15:29
150.8,3.1,467.4,155.3,2.3,355.4,787.0,60,215.4,3.7,2.7,842.4,38.9,1.6,1.1,0,310.76006733134795,32.562,32.562,2025-06-14 10:16:24
153.7,3.1,475.5,158.1,2.3,345.8,788.3,59.99,215.5,3.7,2.7,842.4,38.9,1.6,1.1,0,310.76006733134795,32.562,32.562,2025-06-14 10:16:32
153.5,3.2,493.6,152.3,2.3,358.7,816.2,60.02,215.5,3.8,2.7,842.4,38.9,1.7,1.1,0,310.76006733134795,32.5,32.5,2025-06-14 10:17:27
154.1,3.2,496.8,155.4,2.3,362.1,822.4,60.02,215.7,3.8,2.7,842.4,38.9,1.7,1.1,0,310.76006733134795,32.5,32.5,2025-06-14 10:17:34
156.9,3.4,516.2,155.3,2.4,371.4,849.5,60.02,215.7,4,2.7,842.4,38.8,1.7,1.1,0,349.6050757477664,32.25,32.312,2025-06-14 10:18:29
153.7,3.5,528.3,155.2,2.4,371.0,856.3,60.02,215.6,4,2.7,842.4,38.8,1.7,1.1,0,349.6050757477664,32.125,32.125,2025-06-14 10:18:36
157,3.5,535.6,155.3,2.3,375.8,883.0,59.98,215.7,4.1,2.7,842.4,38.8,1.7,1.1,0,349.6050757477664,31.812,31.812,2025-06-14 10:19:32
159.2,3.3,539.6,155.4,2.4,374.1,874.9,59.98,215.8,4,2.7,842.4,38.9,1.7,1.1,0,349.6050757477664,31.875,31.875,2025-06-14 10:19:39
155.1,3.6,560.8,156.8,2.4,376.8,897.0,59.99,215.9,4.2,2.8,842.5,38.9,1.7,1.1,0,349.6050757477664,32.0,32.062,2025-06-14 10:20:34
157.7,3.6,543.7,155.4,2.4,380.9,885.9,59.98,215.8,4.2,2.8,842.5,38.9,1.7,1.1,0,349.6050757477664,32.062,32.062,2025-06-14 10:20:41
155,3.7,569.1,155.3,2.5,386.0,911.9,59.97,215.5,4.2,2.8,842.5,38.8,1.7,1.1,0,388.4500841641849,32.25,32.25,2025-06-14 10:21:36
156.8,3.7,573.9,157.8,2.4,385.3,917.6,59.98,215.7,4.2,2.8,842.5,38.8,1.7,1.1,0,388.4500841641849,32.25,32.312,2025-06-14 10:21:44
156.8,3.7,582.3,158.3,2.4,389.4,928.6,59.97,215.9,4.2,2.8,842.5,38.9,1.7,1.1,0,388.4500841641849,32.062,32.062,2025-06-14 10:22:39
154.3,3.8,583.8,154.9,2.5,388.1,927.7,59.98,215.9,4.2,2.8,842.5,38.9,1.7,1.2,0,388.4500841641849,32.062,32.062,2025-06-14 10:22:46
157.2,3.6,598.6,155.3,2.6,402.6,942.0,59.98,215.7,4.2,2.8,842.5,38.9,1.7,1.2,0,388.4500841641849,32.25,32.25,2025-06-14 10:23:41
156.8,3.9,600.2,158.3,2.5,401.9,957.7,59.98,215.6,4.4,2.8,842.5,38.9,1.7,1.2,0,388.4500841641849,32.25,32.312,2025-06-14 10:23:49
159.6,4,608.4,155.5,2.7,412.8,972.3,59.97,215.6,4.5,2.8,842.5,38.9,1.7,1.2,0,388.4500841641849,32.5,32.5,2025-06-14 10:24:44
156.8,3.8,622.5,155.3,2.7,415.5,990.1,60.02,215.6,4.5,2.8,842.5,38.9,1.7,1.2,0,427.2950925806034,32.5,32.5,2025-06-14 10:24:51
156.8,4.1,641.9,158.4,2.6,423.2,1016.8,60.01,215.6,4.6,2.8,842.5,38.9,1.7,1.2,0,427.2950925806034,32.625,32.625,2025-06-14 10:25:46
159.7,4.1,621.4,152.5,2.7,419.5,993.0,59.99,215.5,4.6,2.8,842.5,38.9,1.7,1.2,0,427.2950925806034,32.687,32.687,2025-06-14 10:25:54
153.6,4.2,645.1,155.3,2.7,428.3,1023.4,60.01,215.5,4.7,2.9,842.6,38.9,1.7,1.2,0,427.2950925806034,32.687,32.687,2025-06-14 10:26:49
156.9,4.2,646.5,155.3,2.7,429.7,1025.8,60.01,215.7,4.7,2.9,842.6,38.9,1.7,1.2,0,427.2950925806034,32.687,32.687,2025-06-14 10:26:56
156.6,4.1,644.0,160.7,2.7,423.7,1006.7,60.02,215.8,4.7,2.9,842.6,38.9,1.8,1.2,0,427.2950925806034,32.75,32.75,2025-06-14 10:27:51
156.8,4.2,645.9,155.7,2.8,433.5,1029.6,60.03,215.7,4.7,2.9,842.6,38.9,1.8,1.2,0,427.2950925806034,32.75,32.812,2025-06-14 10:27:59
156.8,4,660.9,158.2,2.8,442.1,1052.1,59.98,215.8,4.7,2.9,842.6,38.9,1.8,1.2,0,427.2950925806034,32.562,32.625,2025-06-14 10:28:54
155.8,4.3,659.3,154.5,2.8,438.4,1044.3,59.98,215.6,4.9,2.9,842.6,38.9,1.8,1.2,0,427.2950925806034,32.437,32.437,2025-06-14 10:29:01
157.1,4.2,681.3,158.6,2.7,455.7,1084.3,60,215.8,4.7,2.9,842.6,39,1.8,1.2,0,427.2950925806034,32.062,32.125,2025-06-14 10:29:56
155.5,4.4,680.2,155.2,2.9,456.8,1081.9,60,215.8,5,2.9,842.6,39,1.8,1.2,0,466.14010099702193,32.125,32.125,2025-06-14 10:30:04
156.8,4.6,720.3,155.8,3,477.3,1139.1,59.99,215.8,5.2,2.9,842.6,39.1,1.8,1.2,0,466.14010099702193,32.375,32.375,2025-06-14 10:30:59
157.8,4.4,723.5,158.3,3,481.8,1148.1,60.01,215.9,5.2,2.9,842.6,39.1,1.8,1.2,0,466.14010099702193,32.375,32.437,2025-06-14 10:31:06
156.9,4.7,725.3,155.7,3.1,489.2,1157.8,60.01,216.1,5.3,2.9,842.6,39.1,1.8,1.2,0,466.14010099702193,32.687,32.75,2025-06-14 10:32:01
156.8,4.7,733.3,161.1,3,469.7,1146.4,60,216,5.2,3.0,842.7,39.1,1.8,1.2,0,466.14010099702193,32.75,32.562,2025-06-14 10:32:08
154.1,4.8,743.0,158.3,3.2,502.4,1183.3,60.01,215.8,5.4,3.0,842.7,39.2,1.8,1.2,0,504.9851094134404,31.875,31.875,2025-06-14 10:33:04
156.8,4.8,741.6,152.5,3.2,496.7,1174.8,60.03,215.8,5.4,3.0,842.7,39.2,1.8,1.2,0,466.14010099702193,31.937,31.937,2025-06-14 10:33:11
150.8,4.9,733.4,155.5,3.2,504.0,1175.6,60,216,5.4,3.0,842.7,39.4,1.8,1.2,0,504.9851094134404,32.125,32.187,2025-06-14 10:34:06
156.8,4.8,737.9,155.3,3.2,507.0,1183.4,60.01,216.3,5.4,3.0,842.7,39.4,1.8,1.2,0,504.9851094134404,32.125,32.125,2025-06-14 10:34:13
156.6,4.9,757.0,155.4,3.3,509.0,1203.9,60.01,216.2,5.5,3.0,842.7,39.3,1.8,1.2,0,504.9851094134404,32.0,32.0,2025-06-14 10:35:08
156.8,4.9,754.7,155.3,3.3,512.3,1204.1,60.03,216.2,5.5,3.0,842.7,39.3,1.8,1.2,0,504.9851094134404,32.0,32.0,2025-06-14 10:35:16
153.8,4.9,743.9,155.3,3.3,509.7,1189.1,60,215.6,5.5,3.0,842.7,39.4,1.9,1.3,0,504.9851094134404,32.25,32.312,2025-06-14 10:36:11
153.6,4.9,750.6,152.3,3.3,503.8,1190.4,59.98,215.7,5.5,3.0,842.7,39.4,1.9,1.3,0,504.9851094134404,32.312,32.312,2025-06-14 10:36:18
153.6,5,752.2,157.7,3.3,505.0,1200.1,60.01,216,5.5,3.1,842.8,39.6,1.9,1.3,0,504.9851094134404,32.687,32.687,2025-06-14 10:37:13
151.8,5,758.9,155.2,3.3,513.0,1208.4,60,215.8,5.5,3.1,842.8,39.6,1.9,1.3,0,504.9851094134404,32.75,32.75,2025-06-14 10:37:21
154,5.2,806.2,155.4,3.4,529.2,1267.0,59.97,216,5.8,3.1,842.8,39.8,1.9,1.3,0,543.8301178298589,32.875,32.937,2025-06-14 10:38:16
152.8,5.4,808.3,156.7,3.3,533.3,1271.6,59.99,216.2,5.9,3.1,842.8,39.8,1.9,1.3,0,543.8301178298589,32.937,33.0,2025-06-14 10:38:23
156.6,7.6,1147.4,155.3,4.3,682.9,1729.7,59.98,216.6,8,3.1,842.8,40.1,1.9,1.3,0,815.7451767447883,33.25,33.312,2025-06-14 10:39:18
153.5,7.5,1158.5,154,4.3,672.6,1726.6,60.02,216.6,7.9,3.1,842.8,40.2,1.9,1.3,0,776.9001683283698,33.312,33.375,2025-06-14 10:39:26
153.7,6.6,1005.2,155.2,4,615.9,1532.2,60.02,216.4,6.9,3.1,842.8,40.6,1.9,1.3,0,699.2101514955328,33.875,33.875,2025-06-14 10:40:21
153.8,6.5,995.2,157.5,3.9,598.0,1511.7,60.04,216.3,7,3.1,842.8,40.6,1.9,1.3,0,660.3651430791144,33.875,33.875,2025-06-14 10:40:28
150.8,6.4,959.2,155.4,3.7,596.3,1470.0,59.99,216.4,6.7,3.2,842.9,40.8,1.9,1.3,0,660.3651430791144,34.187,34.187,2025-06-14 10:41:23
156.2,6.2,935.5,155.3,3.8,588.7,1440.0,60,216.5,6.7,3.2,842.9,40.8,1.9,1.3,0,621.5201346626959,34.125,34.125,2025-06-14 10:41:31
153.1,6.2,939.7,155.9,3.9,595.7,1451.4,59.98,216.3,6.7,3.2,842.9,41,1.9,1.3,0,660.3651430791144,33.937,34.0,2025-06-14 10:42:26
150.8,5.9,889.3,155.2,3.7,579.0,1390.9,59.99,216.3,6.4,3.2,842.9,41,1.9,1.3,0,621.5201346626959,34.0,34.0,2025-06-14 10:42:33
153.7,5.5,846.1,154.7,3.6,552.2,1325.5,60.02,216.2,6.1,3.2,842.9,41.2,2.0,1.3,0,582.6751262462774,33.812,33.75,2025-06-14 10:43:28
156.4,5.1,813.9,155.4,3.5,543.1,1284.5,60.01,216.2,5.9,3.2,842.9,41.2,2.0,1.3,0,543.8301178298589,33.75,33.75,2025-06-14 10:43:35
151.5,4.9,747.1,157.3,3.1,508.8,1194.6,60.03,216.2,5.5,3.2,842.9,41.4,2.0,1.3,0,504.9851094134404,33.812,33.812,2025-06-14 10:44:31
154.2,4.9,734.5,152.4,3.3,510.1,1181.1,60,216.2,5.5,3.2,842.9,41.4,2.0,1.3,0,504.9851094134404,33.812,33.812,2025-06-14 10:44:38
153,4.8,729.1,157,3.2,504.3,1165.3,59.98,216.1,5.4,3.2,842.9,41.5,2.0,1.3,0,504.9851094134404,33.625,33.625,2025-06-14 10:45:33
153.8,4.9,738.5,153.6,3.2,503.6,1180.2,59.97,216.1,5.3,3.2,842.9,41.4,2.0,1.3,0,504.9851094134404,33.625,33.687,2025-06-14 10:45:40
153.8,5,765.8,155.3,3.3,509.6,1211.7,60.01,216.1,5.5,3.3,843.0,41.5,2.0,1.3,0,504.9851094134404,33.687,33.687,2025-06-14 10:46:35
152,5.1,762.4,153.4,3.3,512.3,1210.3,59.95,216,5.6,3.3,843.0,41.5,2.0,1.3,0,504.9851094134404,33.687,33.687,2025-06-14 10:46:43
156.7,4.8,723.0,155.3,3.2,499.3,1164.5,60.01,215.9,5.4,3.3,843.0,41.6,2.0,1.4,0,504.9851094134404,33.875,33.875,2025-06-14 10:47:38
153.7,4.8,740.0,154.5,3.2,498.0,1177.1,60.01,215.7,5.4,3.3,843.0,41.6,2.0,1.4,0,504.9851094134404,33.875,33.875,2025-06-14 10:47:45
153.8,4.7,719.6,158.2,3.1,467.0,1131.4,60.04,215.8,5.2,3.3,843.0,41.5,2.0,1.4,0,466.14010099702193,34.0,34.0,2025-06-14 10:48:40
154.3,4.5,718.1,153.3,3.1,481.2,1140.3,60.03,215.7,5.1,3.3,843.0,41.5,2.0,1.4,0,466.14010099702193,34.0,34.0,2025-06-14 10:48:48
153.8,4.5,692.9,152.5,3.1,466.7,1103.4,60.02,215.6,5,3.3,843.0,41.4,2.0,1.4,0,466.14010099702193,34.0,34.0,2025-06-14 10:49:43
156.4,4.5,668.8,155.3,3,463.7,1089.2,60.01,215.7,5,3.3,843.0,41.4,2.0,1.4,0,466.14010099702193,33.937,33.937,2025-06-14 10:49:50
150.9,4.3,656.6,154.6,2.9,454.1,1058.6,60.02,215.6,4.9,3.3,843.0,41.5,2.0,1.4,0,427.2950925806034,33.25,33.25,2025-06-14 10:50:45
153.8,4.3,663.1,149.4,3,445.5,1056.4,60.03,215.7,4.8,3.3,843.0,41.5,2.1,1.4,0,427.2950925806034,33.187,33.187,2025-06-14 10:50:53
153.8,4.2,643.3,153.3,2.9,436.8,1030.1,59.99,215.4,4.7,3.4,843.1,41.5,2.1,1.4,0,427.2950925806034,32.812,32.812,2025-06-14 10:51:48
150.8,4.2,635.5,152.4,2.9,438.8,1023.8,59.99,215.4,4.7,3.4,843.1,41.5,2.1,1.4,0,427.2950925806034,32.812,32.812,2025-06-14 10:51:55
155.3,3.9,630.3,152.4,2.8,432.2,1013.1,59.98,215.2,4.6,3.4,843.1,41.4,2.1,1.4,0,427.2950925806034,32.812,32.812,2025-06-14 10:52:50
153.9,4.1,623.8,155.2,2.8,429.7,1004.7,59.97,215.4,4.6,3.4,843.1,41.4,2.1,1.4,0,388.4500841641849,32.875,32.875,2025-06-14 10:52:58
155.5,4,604.0,150.5,2.8,423.5,979.9,59.98,215.4,4.5,3.4,843.1,41.4,2.1,1.4,0,388.4500841641849,33.0,33.062,2025-06-14 10:53:53
153.8,3.9,616.3,152.7,2.8,423.8,992.2,59.99,215.7,4.5,3.4,843.1,41.4,2.1,1.4,0,388.4500841641849,33.062,33.062,2025-06-14 10:54:00
153.8,4,614.8,152.4,2.7,419.5,986.0,59.99,215.4,4.4,3.4,843.1,41.3,2.1,1.4,0,388.4500841641849,32.937,32.875,2025-06-14 10:54:55
156.4,4,601.5,151.5,2.7,418.7,973.9,59.97,215.5,4.5,3.4,843.1,41.3,2.1,1.4,0,388.4500841641849,32.75,32.75,2025-06-14 10:55:03
151.1,3.9,596.1,152.3,2.7,414.4,961.5,60.02,215.5,4.4,3.4,843.1,41.2,2.1,1.4,0,388.4500841641849,32.937,32.937,2025-06-14 10:55:58
153.8,3.9,600.7,149.8,2.7,407.0,962.4,59.99,215.3,4.4,3.4,843.1,41.2,2.1,1.4,0,388.4500841641849,33.0,33.0,2025-06-14 10:56:05
153.8,3.8,574.6,155.4,2.6,400.5,931.6,60.02,215.6,4.2,3.4,843.1,41.1,2.1,1.4,0,388.4500841641849,33.312,33.312,2025-06-14 10:57:00
153.7,3.8,574.4,152.5,2.6,401.3,932.7,60.03,215.7,4.2,3.4,843.1,41.1,2.1,1.4,0,349.6050757477664,33.375,33.375,2025-06-14 10:57:07
153.8,3.6,569.4,155.3,2.5,397.6,924.5,60.02,215.4,4.2,3.5,843.2,41.1,2.1,1.4,0,349.6050757477664,33.5,33.562,2025-06-14 10:58:03
151,3.7,559.4,149.4,2.6,392.3,908.2,60.01,215.4,4.2,3.5,843.2,41.1,2.1,1.4,0,349.6050757477664,33.562,33.562,2025-06-14 10:58:10
156.7,3.7,559.5,155.4,2.6,402.6,917.3,60.02,215.5,4.2,3.5,843.2,41.1,2.1,1.4,0,349.6050757477664,33.75,33.75,2025-06-14 10:59:05
153.8,3.7,565.4,155.1,2.6,402.1,924.9,59.99,215.4,4.2,3.5,843.2,41.1,2.1,1.4,0,349.6050757477664,33.75,33.812,2025-06-14 10:59:12
153.7,3.7,564.4,156.9,2.6,394.6,917.4,59.99,215.5,4.2,3.5,843.2,41,2.1,1.4,0,349.6050757477664,33.75,33.75,2025-06-14 11:00:08
156.2,3.5,560.4,155,2.6,406.7,925.1,60.02,215.3,4.2,3.5,843.2,41,2.1,1.4,0,349.6050757477664,33.687,33.687,2025-06-14 11:00:15
152.2,3.6,545.9,155.3,2.6,400.7,904.3,60,215.6,4.2,3.5,843.2,41.1,2.2,1.5,0,349.6050757477664,33.5,33.562,2025-06-14 11:01:10
154.4,3.5,538.4,152.9,2.6,398.6,896.4,59.99,215.5,4.2,3.5,843.2,41.1,2.2,1.5,0,349.6050757477664,33.562,33.562,2025-06-14 11:01:17
152.4,3.5,522.6,153.9,2.6,395.6,878.9,60.03,215.6,4.1,3.5,843.2,41,2.2,1.5,0,349.6050757477664,33.437,33.437,2025-06-14 11:02:12
153.7,3.4,529.1,155.9,2.5,383.2,874.0,60.03,215.6,4,3.5,843.2,41,2.2,1.5,0,349.6050757477664,33.437,33.437,2025-06-14 11:02:20
153.9,3.3,512.9,153.9,2.4,379.1,853.2,60.02,215.3,3.9,3.5,843.2,41,2.2,1.5,0,349.6050757477664,33.5,33.5,2025-06-14 11:03:15
151.3,3.3,505.4,155.2,2.4,378.8,842.6,59.99,215.3,3.9,3.5,843.2,41,2.2,1.5,0,349.6050757477664,33.437,33.437,2025-06-14 11:03:22
156.8,3.1,483.9,155.4,2.3,362.4,811.7,59.99,215.3,3.8,3.6,843.3,40.9,2.2,1.5,0,310.76006733134795,32.75,32.75,2025-06-14 11:04:17
153.8,3.2,484.3,154.9,2.3,361.1,810.5,60,215.4,3.7,3.6,843.3,40.9,2.2,1.5,0,310.76006733134795,32.75,32.75,2025-06-14 11:04:25
153.7,3,455.6,155.3,2.1,344.8,768.6,60.02,215.2,3.5,3.6,843.3,40.8,2.2,1.5,0,310.76006733134795,32.5,32.5,2025-06-14 11:05:20
153.8,2.9,453.5,152.7,2.2,339.7,760.5,60.02,215.2,3.5,3.6,843.3,40.8,2.2,1.5,0,310.76006733134795,32.5,32.5,2025-06-14 11:05:27
153.8,2.8,429.9,152.4,2.1,326.9,727.7,60.03,215.1,3.3,3.6,843.3,40.7,2.2,1.5,0,271.91505891492943,32.562,32.562,2025-06-14 11:06:22
156.9,2.8,423.7,155.3,2.1,328.2,723.7,60.01,215.1,3.4,3.6,843.3,40.7,2.2,1.5,0,271.91505891492943,32.562,32.562,2025-06-14 11:06:30
153.7,2.7,418.3,155.3,1.9,321.9,712.3,59.98,215,3.2,3.6,843.3,40.6,2.2,1.5,0,271.91505891492943,32.5,32.562,2025-06-14 11:07:25
153.8,2.6,418.0,152.6,2.1,319.8,708.5,59.98,215,3.3,3.6,843.3,40.6,2.2,1.5,0,271.91505891492943,32.5,32.562,2025-06-14 11:07:32
150.7,2.7,410.8,155.2,2,319.1,701.9,60.03,215.2,3.2,3.6,843.3,40.4,2.2,1.5,0,271.91505891492943,32.562,32.562,2025-06-14 11:08:27
154.1,2.7,417.3,155.3,2,318.8,709.1,60.03,215.1,3.3,3.6,843.3,40.4,2.2,1.5,0,271.91505891492943,32.562,32.562,2025-06-14 11:08:34
156.8,2.7,421.4,152.3,2,314.6,708.5,60.02,215.2,3.3,3.6,843.3,40.3,2.2,1.5,0,271.91505891492943,32.437,32.437,2025-06-14 11:09:30
154.3,2.7,422.6,156.1,2,305.4,702.9,60.03,215,3.3,3.6,843.3,40.3,2.2,1.5,0,271.91505891492943,32.5,32.5,2025-06-14 11:09:37
159.2,2.7,406.1,155.3,2,314.9,695.1,59.97,215.2,3.3,3.6,843.3,40.2,2.2,1.5,0,271.91505891492943,32.375,32.375,2025-06-14 11:10:32
156,2.7,425.9,153.1,2,313.7,712.3,59.99,215.3,3.3,3.6,843.3,40.2,2.2,1.5,0,310.76006733134795,32.437,32.437,2025-06-14 11:10:39
154.5,2.8,428.9,157.9,2,297.3,699.8,59.97,215.1,3.3,3.6,843.3,40.1,2.2,1.5,0,271.91505891492943,32.562,32.562,2025-06-14 11:11:35
156.8,2.8,432.0,154.4,2,309.8,714.9,59.98,215.2,3.3,3.6,843.3,40.1,2.2,1.5,0,271.91505891492943,32.562,32.562,2025-06-14 11:11:42
156.8,2.7,431.1,152,1.9,300.6,703.6,60.02,215.1,3.3,3.7,843.4,40,2.2,1.5,0,310.76006733134795,32.437,32.5,2025-06-14 11:12:37
153.9,2.8,425.4,158.3,1.8,288.1,686.3,60.03,215,3.2,3.7,843.4,40,2.2,1.5,0,271.91505891492943,32.437,32.437,2025-06-14 11:12:44
159.7,2.5,405.2,155.5,1.8,285.5,663.8,60.01,214.8,3.1,3.7,843.4,39.9,2.2,1.5,0,271.91505891492943,32.062,32.062,2025-06-14 11:13:40
156.8,2.6,409.2,155.3,1.8,284.7,668.8,60.03,215,3.1,3.7,843.4,39.9,2.2,1.5,0,271.91505891492943,32.062,32.062,2025-06-14 11:13:47
157,2.4,375.5,158.4,1.6,263.5,618.7,60,215.1,2.9,3.7,843.4,39.8,2.3,1.5,0,271.91505891492943,31.687,31.687,2025-06-14 11:14:42
156.8,2.3,383.2,152.4,1.7,266.3,627.6,59.97,215,2.8,3.7,843.4,39.8,2.3,1.5,0,233.07005049851097,31.687,31.687,2025-06-14 11:14:49
156.8,2.2,362.5,155.3,1.6,254.5,598.8,60.02,214.4,2.7,3.7,843.4,39.8,2.3,1.5,0,233.07005049851097,31.812,31.812,2025-06-14 11:15:44
154,2.3,358.7,152.2,1.6,252.9,592.8,60.02,214.7,2.7,3.7,843.4,39.8,2.3,1.5,0,233.07005049851097,31.812,31.812,2025-06-14 11:15:52
156.8,2.2,333.7,152.4,1.5,243.8,574.1,59.98,214.7,2.7,3.7,843.4,39.6,2.3,1.5,0,233.07005049851097,31.0,31.062,2025-06-14 11:16:47
156.9,2.2,346.9,152.4,1.6,243.5,573.9,59.99,214.7,2.6,3.7,843.4,39.6,2.3,1.5,0,233.07005049851097,31.062,31.0,2025-06-14 11:16:54
153.7,2.2,341.5,155.3,1.5,237.0,561.7,60.01,215.1,2.6,3.7,843.4,39.5,2.3,1.5,0,233.07005049851097,31.062,31.062,2025-06-14 11:17:49
158.5,2.2,325.0,151.7,1.5,235.7,544.6,60.02,214.9,2.6,3.7,843.4,39.5,2.3,1.5,0,194.22504208209244,31.062,31.125,2025-06-14 11:17:57
154.2,2.1,334.2,152.4,1.5,233.6,550.8,60.04,214.9,2.5,3.7,843.4,39.4,2.3,1.5,0,194.22504208209244,31.25,31.25,2025-06-14 11:18:52
156.8,2.1,336.1,154.3,1.5,232.5,553.6,60.03,214.8,2.6,3.7,843.4,39.4,2.3,1.5,0,194.22504208209244,31.187,31.187,2025-06-14 11:18:59
156.8,2.1,324.9,152.4,1.5,231.4,541.8,59.99,214.9,2.5,3.7,843.4,39.3,2.3,1.5,0,194.22504208209244,31.187,31.187,2025-06-14 11:19:54
155,2.1,324.3,154.2,1.5,232.2,540.8,60,214.9,2.5,3.7,843.4,39.3,2.3,1.5,0,194.22504208209244,31.187,31.25,2025-06-14 11:20:02
159.7,2,301.9,149.5,1.5,230.2,527.6,60.02,214.9,2.5,3.7,843.4,39.1,2.3,1.6,0,194.22504208209244,31.437,31.437,2025-06-14 11:20:57
155.4,2,317.2,152.4,1.5,234.4,537.3,60.01,214.9,2.5,3.7,843.4,39.1,2.3,1.6,0,194.22504208209244,31.5,31.5,2025-06-14 11:21:04
153.5,2.1,320.3,152.4,1.6,241.6,548.0,60.01,214.8,2.5,3.7,843.4,39,2.3,1.6,0,194.22504208209244,31.625,31.625,2025-06-14 11:21:59
156.7,2.1,321.9,152.4,1.6,242.5,549.0,60,214.7,2.6,3.7,843.4,39,2.3,1.6,0,194.22504208209244,31.625,31.625,2025-06-14 11:22:06
157,2.2,337.6,155.5,1.6,249.4,570.4,60.01,215.1,2.6,3.8,843.5,38.9,2.3,1.6,0,194.22504208209244,31.687,31.687,2025-06-14 11:23:02
156.7,2.2,342.3,155.3,1.5,256.5,581.1,60.01,215.2,2.6,3.8,843.5,38.9,2.3,1.6,0,194.22504208209244,31.625,31.687,2025-06-14 11:23:09
156.8,2.3,366.5,152.4,1.7,266.4,610.6,60.03,215,2.8,3.8,843.5,38.7,2.3,1.6,0,233.07005049851097,31.625,31.687,2025-06-14 11:24:04
153.9,2.3,364.6,154.7,1.7,266.6,610.7,60,215,2.9,3.8,843.5,38.7,2.3,1.6,0,233.07005049851097,31.625,31.625,2025-06-14 11:24:11
159.1,2.5,391.4,155.2,1.8,284.7,653.8,59.99,215.3,3,3.8,843.5,38.6,2.3,1.6,0,233.07005049851097,31.312,31.375,2025-06-14 11:25:07
156.9,2.5,395.5,158.4,1.8,279.2,653.7,60,215.4,3,3.8,843.5,38.6,2.3,1.6,0,233.07005049851097,31.25,31.25,2025-06-14 11:25:14
157.6,2.6,416.0,152.6,1.9,293.5,682.4,60,215.2,3.2,3.8,843.5,38.6,2.3,1.6,0,233.07005049851097,30.875,30.937,2025-06-14 11:26:09
158.2,2.6,419.6,155.2,1.9,300.6,693.3,60.01,215.2,3.2,3.8,843.5,38.6,2.3,1.6,0,271.91505891492943,30.937,30.937,2025-06-14 11:26:16
156.4,2.8,439.8,155.3,2,313.5,725.7,60,215.3,3.3,3.8,843.5,38.6,2.3,1.6,0,271.91505891492943,31.187,31.187,2025-06-14 11:27:12
158.5,2.8,436.4,153.7,2,315.7,724.5,60,215.4,3.4,3.8,843.5,38.6,2.3,1.6,0,271.91505891492943,31.25,31.25,2025-06-14 11:27:19
154,3,458.9,155.4,2,328.9,757.7,60,215.3,3.5,3.8,843.5,38.5,2.3,1.6,0,271.91505891492943,31.437,31.5,2025-06-14 11:28:14
156.7,3,468.5,153.9,2.1,324.7,762.5,59.97,215.2,3.6,3.8,843.5,38.5,2.3,1.6,0,271.91505891492943,31.5,31.5,2025-06-14 11:28:21
156.6,3.2,493.6,155.2,2.2,341.5,801.7,60.02,215,3.7,3.8,843.5,38.6,2.3,1.6,0,310.76006733134795,31.375,31.375,2025-06-14 11:29:16
155.7,3.2,496.4,157.6,2.2,339.2,797.0,60.03,215,3.7,3.8,843.5,38.6,2.3,1.6,0,310.76006733134795,31.375,31.375,2025-06-14 11:29:24
153.9,3.4,518.0,152.6,2.3,353.0,838.4,60.02,215.3,3.9,3.8,843.5,38.5,2.4,1.6,0,310.76006733134795,31.25,31.25,2025-06-14 11:30:19
156.7,3.4,529.3,156.7,2.3,358.2,851.5,60.03,215.4,4,3.8,843.5,38.6,2.4,1.6,0,310.76006733134795,31.312,31.312,2025-06-14 11:30:26
159.4,3.5,559.7,158.3,2.3,371.9,892.0,60.03,215.3,4.1,3.9,843.6,38.7,2.4,1.6,0,349.6050757477664,31.5,31.5,2025-06-14 11:31:21
153.6,3.6,557.0,155.1,2.4,372.7,889.3,60.01,215.2,4.2,3.9,843.6,38.7,2.4,1.6,0,349.6050757477664,31.5,31.562,2025-06-14 11:31:29
156.8,3.8,597.8,159.2,2.5,381.1,936.3,60,215.3,4.3,3.9,843.6,38.8,2.4,1.6,0,388.4500841641849,31.875,31.937,2025-06-14 11:32:24
159.8,3.9,602.1,158.4,2.5,396.5,955.9,60,215.2,4.4,3.9,843.6,38.8,2.4,1.6,0,388.4500841641849,31.937,31.937,2025-06-14 11:32:31
157.8,4.2,647.4,156,2.7,426.0,1025.9,59.97,215.5,4.7,3.9,843.6,39,2.4,1.6,0,427.2950925806034,32.0,32.0,2025-06-14 11:33:26
156.8,4.2,654.1,160.9,2.7,411.6,1018.9,59.98,215.5,4.7,3.9,843.6,39,2.4,1.6,0,427.2950925806034,32.0,32.0,2025-06-14 11:33:34
156.8,4.5,696.3,158.3,2.8,445.7,1089.7,59.98,215.3,5,3.9,843.6,39.1,2.4,1.6,0,466.14010099702193,32.125,32.187,2025-06-14 11:34:29
159.1,4.5,697.5,157.4,2.9,448.5,1092.3,59.98,215.3,5.1,3.9,843.6,39.1,2.4,1.6,0,466.14010099702193,32.125,32.125,2025-06-14 11:34:36
153.9,4.9,758.0,158.3,3,469.5,1168.1,60.01,215.4,5.4,3.9,843.6,39.4,2.4,1.6,0,504.9851094134404,32.375,32.375,2025-06-14 11:35:31
156.8,5,782.4,156.3,3,473.9,1194.6,59.99,215.4,5.5,3.9,843.6,39.5,2.4,1.6,0,504.9851094134404,32.437,32.437,2025-06-14 11:35:39
159.1,6.3,1022.2,153.7,3.3,534.1,1472.3,60,216,6.5,4.0,843.7,39.7,2.4,1.6,0,660.3651430791144,32.437,32.437,2025-06-14 11:36:34
156.1,6,922.9,157.2,3.1,512.6,1362.3,59.98,215.7,6.2,4.0,843.7,39.8,2.4,1.6,0,621.5201346626959,32.437,32.5,2025-06-14 11:36:41
156.8,4.3,705.6,153.9,2.9,455.3,1105.2,59.98,215.2,5,4.0,843.7,40,2.4,1.7,0,466.14010099702193,32.937,32.937,2025-06-14 11:37:36
154.3,4.4,685.5,156.8,2.9,454.9,1089.9,59.97,215.1,5,4.0,843.7,40,2.4,1.7,0,466.14010099702193,32.937,33.0,2025-06-14 11:37:43
159.5,4.3,651.9,153.7,2.9,450.8,1044.8,59.97,215.5,4.9,4.0,843.7,40,2.4,1.7,0,427.2950925806034,33.312,33.312,2025-06-14 11:38:39
156.9,4.3,666.0,157.1,2.9,444.9,1057.9,59.99,215.7,4.9,4.0,843.7,40,2.4,1.7,0,427.2950925806034,33.375,33.375,2025-06-14 11:38:46
156.8,4.2,653.1,156.8,2.9,453.5,1054.2,59.99,215.5,4.9,4.0,843.7,40.1,2.5,1.7,0,427.2950925806034,33.687,33.75,2025-06-14 11:39:41
159,3.9,641.5,154.1,2.9,452.4,1044.2,60,215.5,4.7,4.0,843.7,40.1,2.5,1.7,0,427.2950925806034,33.75,33.75,2025-06-14 11:39:48
155.4,4.2,653.1,155.5,3,458.9,1059.4,59.96,215.7,4.8,4.0,843.7,40.1,2.5,1.7,0,427.2950925806034,33.375,33.375,2025-06-14 11:40:44
157.9,4.2,631.1,156.4,2.9,461.0,1045.3,59.96,215.5,4.9,4.0,843.7,40.1,2.5,1.7,0,427.2950925806034,33.437,33.437,2025-06-14 11:40:51
155.8,4.6,701.2,153.9,3.1,479.0,1123.2,60.05,215.5,5.1,4.0,843.7,40.1,2.5,1.7,0,466.14010099702193,33.687,33.687,2025-06-14 11:41:46
153.8,4.8,725.3,158.7,2.9,476.0,1142.9,60.03,215.3,5.2,4.0,843.7,40.1,2.5,1.7,0,504.9851094134404,33.75,33.75,2025-06-14 11:41:53
155.3,4.6,716.8,154.9,3.1,485.6,1140.3,59.98,215.4,5.2,4.1,843.8,40.1,2.5,1.7,0,466.14010099702193,33.687,33.75,2025-06-14 11:42:48
152.8,4.5,698.6,151.4,3.1,477.1,1106.6,60,215.3,5.2,4.1,843.8,40.1,2.5,1.7,0,466.14010099702193,33.75,33.812,2025-06-14 11:42:56
158.1,4.4,703.9,153.9,3.2,498.3,1145.1,60.02,215.6,5.2,4.1,843.8,40.1,2.5,1.7,0,466.14010099702193,34.0,34.0,2025-06-14 11:43:51
155.3,4.7,723.1,154,3.2,501.5,1164.5,60.03,215.6,5.4,4.1,843.8,40.1,2.5,1.7,0,466.14010099702193,34.0,34.0,2025-06-14 11:43:58
155.6,5.1,782.6,156.9,3.4,527.7,1243.9,59.97,215.8,5.8,4.1,843.8,40.3,2.5,1.7,0,543.8301178298589,33.562,33.562,2025-06-14 11:44:53
155.3,4.9,783.8,156.8,3.4,528.0,1246.2,59.98,215.8,5.7,4.1,843.8,40.3,2.5,1.7,0,504.9851094134404,33.5,33.5,2025-06-14 11:45:01
155.3,5.5,855.4,156.9,3.5,556.5,1339.1,60,215.7,6.1,4.1,843.8,40.6,2.5,1.7,0,582.6751262462774,33.5,33.562,2025-06-14 11:45:56
158.2,5.6,839.9,156.8,3.5,555.4,1326.3,60.04,215.7,6.2,4.1,843.8,40.6,2.5,1.7,0,582.6751262462774,33.562,33.562,2025-06-14 11:46:03
149.8,7.9,1143.1,150.7,4.2,625.4,1688.9,59.97,216.7,8,4.2,843.9,41.1,2.6,1.7,0,854.5901851612068,34.187,34.187,2025-06-14 11:46:58
152.3,7.8,1180.6,150.9,4.2,638.9,1705.6,59.97,216.6,7.8,4.2,843.9,41.1,2.6,1.7,0,854.5901851612068,34.25,34.25,2025-06-14 11:47:06
152.3,6.4,980.2,155.3,3.8,588.6,1483.4,60,216.1,6.9,4.2,843.9,41.3,2.6,1.7,0,699.2101514955328,34.25,34.25,2025-06-14 11:48:01
155,6.1,949.4,157.1,3.6,583.3,1448.4,59.99,216.2,6.6,4.2,843.9,41.4,2.6,1.7,0,660.3651430791144,34.25,34.312,2025-06-14 11:48:08
153,5.6,865.4,154.5,3.6,560.1,1349.9,60,216,6.2,4.2,843.9,41.6,2.6,1.7,0,582.6751262462774,34.187,34.187,2025-06-14 11:49:03
152.4,5.8,870.0,156.6,3.6,545.0,1340.6,59.97,216,6.3,4.2,843.9,41.5,2.6,1.8,0,621.5201346626959,34.125,34.125,2025-06-14 11:49:11
154.8,6.6,999.9,152.6,3.8,596.7,1508.9,59.99,216,7,4.2,843.9,41.8,2.6,1.8,0,699.2101514955328,34.0,34.0,2025-06-14 11:50:06
152.4,6.5,982.8,154.2,3.8,590.5,1486.1,59.98,216,6.8,4.2,843.9,41.8,2.6,1.8,0,699.2101514955328,34.0,34.0,2025-06-14 11:50:13
155.3,5.9,869.3,152.4,3.6,555.5,1350.4,59.97,215.9,6.3,4.3,844.0,42,2.6,1.8,0,582.6751262462774,34.0,34.062,2025-06-14 11:51:08
152.4,5.7,861.8,153.8,3.5,551.3,1337.9,59.98,215.8,6.2,4.3,844.0,42,2.6,1.8,0,582.6751262462774,34.062,34.062,2025-06-14 11:51:15
152.4,5,758.2,149.2,3.5,523.7,1215.9,60.02,215.5,5.6,4.3,844.0,42.1,2.6,1.8,0,504.9851094134404,34.062,34.125,2025-06-14 11:52:11
155.2,4.8,740.4,155.3,3.4,523.9,1202.0,60.01,215.5,5.5,4.3,844.0,42.1,2.6,1.8,0,504.9851094134404,34.062,34.125,2025-06-14 11:52:18
149.4,4.5,681.4,152.4,3.3,507.6,1126.4,60.01,215.6,5.1,4.3,844.0,42.2,2.6,1.8,0,466.14010099702193,34.062,34.125,2025-06-14 11:53:13
152.3,4.5,679.5,152.4,3.3,506.4,1127.1,60.02,215.7,5.1,4.3,844.0,42.2,2.6,1.8,0,466.14010099702193,33.937,33.937,2025-06-14 11:53:20
152.3,4.3,641.2,155.1,3.2,493.7,1078.8,60.04,215.5,5,4.3,844.0,42.3,2.7,1.8,0,427.2950925806034,33.25,33.312,2025-06-14 11:54:16
152.4,4.3,643.8,152.4,3.2,492.6,1081.1,60.02,215.5,4.9,4.3,844.0,42.3,2.7,1.8,0,427.2950925806034,33.312,33.125,2025-06-14 11:54:23
152.5,4.1,632.3,155.3,3.1,486.7,1065.9,59.98,215.3,4.9,4.3,844.0,42.1,2.7,1.8,0,427.2950925806034,32.75,32.812,2025-06-14 11:55:18
149.3,4.2,624.1,155.3,3.2,486.3,1055.8,59.98,215.4,4.9,4.3,844.0,42.1,2.7,1.8,0,427.2950925806034,32.812,32.875,2025-06-14 11:55:25
155,4.2,637.9,153.2,3.1,486.0,1067.0,60,215.5,4.9,4.4,844.1,42,2.7,1.8,0,427.2950925806034,33.437,33.5,2025-06-14 11:56:21
152.6,4.2,640.3,155.3,3.1,487.9,1073.9,59.99,215.6,4.9,4.4,844.1,42,2.7,1.8,0,427.2950925806034,33.5,33.562,2025-06-14 11:56:28
152.3,4.2,641.7,155.6,2.9,482.9,1071.0,60.01,215.5,4.8,4.4,844.1,42,2.7,1.8,0,427.2950925806034,33.812,33.812,2025-06-14 11:57:23
154,4.1,642.2,152.5,3.2,482.8,1070.1,60.05,215.6,4.9,4.4,844.1,42,2.7,1.8,0,427.2950925806034,33.812,33.75,2025-06-14 11:57:30
155.1,4.3,641.1,155.1,3.1,477.4,1066.2,60.01,215.3,4.9,4.4,844.1,42.2,2.7,1.8,0,427.2950925806034,33.625,33.562,2025-06-14 11:58:25
152.3,4.3,644.2,153.7,3.1,476.5,1067.2,60.03,215.4,4.9,4.4,844.1,42.2,2.7,1.8,0,427.2950925806034,33.562,33.562,2025-06-14 11:58:33
155.3,4.3,662.1,152.5,3.1,479.3,1087.0,60.01,215.5,5,4.4,844.1,42.2,2.7,1.8,0,427.2950925806034,33.437,33.437,2025-06-14 11:59:28
154,4.4,665.3,150.8,3.1,478.0,1088.5,60.01,215.5,4.9,4.4,844.1,42.2,2.7,1.8,0,427.2950925806034,33.437,33.437,2025-06-14 11:59:35
155.3,4.5,690.9,155.3,3.2,484.7,1119.2,60.06,216.1,5.1,4.4,844.1,42.3,2.7,1.8,0,466.14010099702193,33.687,33.687,2025-06-14 12:00:30
153.9,4.6,694.5,152.4,3.2,486.7,1121.5,60.05,215.9,5.1,4.4,844.1,42.3,2.7,1.8,0,466.14010099702193,33.687,33.75,2025-06-14 12:00:38
155.3,4.6,715.1,149.5,3.2,484.4,1142.4,60.03,215.9,5.2,4.5,844.2,42.3,2.7,1.9,0,466.14010099702193,33.937,34.0,2025-06-14 12:01:33
149.6,4.9,716.9,155.3,3.2,490.0,1148.6,60.04,215.8,5.3,4.5,844.2,42.3,2.7,1.9,0,504.9851094134404,34.0,34.062,2025-06-14 12:01:40
153.7,4.8,729.8,155.2,3.2,492.7,1162.2,60.04,215.9,5.4,4.5,844.2,42.5,2.7,1.9,0,504.9851094134404,34.312,34.312,2025-06-14 12:02:35
153.8,4.8,738.6,152.3,3.3,496.6,1174.0,60.02,216.1,5.3,4.5,844.2,42.6,2.8,1.9,0,504.9851094134404,34.25,34.25,2025-06-14 12:02:43
156.4,5.1,826.0,155.1,3.4,534.5,1288.9,60.01,216.1,5.7,4.5,844.2,42.7,2.8,1.9,0,543.8301178298589,34.062,34.062,2025-06-14 12:03:38
153.8,5.2,792.7,155.3,3.4,522.3,1248.7,60.01,216.2,5.8,4.5,844.2,42.7,2.8,1.9,0,543.8301178298589,34.0,34.0,2025-06-14 12:03:45
155.2,5.3,846.2,152.6,3.5,542.2,1316.2,59.97,216,5.9,4.5,844.2,42.9,2.8,1.9,0,582.6751262462774,34.0,34.0,2025-06-14 12:04:40
152,5.3,816.5,155.3,3.5,541.5,1284.8,59.98,216,6,4.5,844.2,42.9,2.8,1.9,0,582.6751262462774,34.062,34.062,2025-06-14 12:04:47
154.1,4.9,775.5,154.9,3.5,532.4,1242.8,60,215.8,5.6,4.5,844.2,43,2.8,1.9,0,543.8301178298589,34.25,34.312,2025-06-14 12:05:43
152.8,5.1,762.4,152.3,3.5,533.8,1229.3,59.97,215.5,5.7,4.5,844.2,43,2.8,1.9,0,543.8301178298589,34.312,34.312,2025-06-14 12:05:50
153.4,5.3,812.8,152,3.6,548.8,1292.3,60,215.6,5.8,4.6,844.3,43.1,2.8,1.9,0,543.8301178298589,34.625,34.625,2025-06-14 12:06:45
155.7,5.3,788.4,155.3,3.5,547.0,1270.0,59.99,215.6,5.9,4.6,844.3,43.1,2.8,1.9,0,543.8301178298589,34.687,34.687,2025-06-14 12:06:52
151,5.4,810.9,152.3,3.7,560.7,1299.9,60.02,215.9,6,4.6,844.3,43,2.8,1.9,0,582.6751262462774,34.312,34.312,2025-06-14 12:07:48
153.9,5.5,831.8,155.4,3.6,560.0,1321.0,60.02,215.9,6.1,4.6,844.3,43,2.8,1.9,0,582.6751262462774,34.312,34.312,2025-06-14 12:07:55
156.5,5.7,865.5,155.3,3.8,582.9,1373.1,60.06,216.1,6.4,4.6,844.3,43.2,2.8,1.9,0,621.5201346626959,34.562,34.562,2025-06-14 12:08:50
153.8,5.6,861.3,154.2,3.8,579.5,1365.0,60.02,216.2,6.3,4.6,844.3,43.2,2.8,1.9,0,621.5201346626959,34.562,34.562,2025-06-14 12:08:57
154.2,6.4,965.0,152.4,4,601.2,1480.7,60.03,216,7,4.6,844.3,43.3,2.8,1.9,0,699.2101514955328,34.0,34.0,2025-06-14 12:09:53
153.5,6.9,1058.7,155.3,4,623.9,1592.5,60.03,216.2,7.2,4.6,844.3,43.3,2.9,1.9,0,738.0551599119514,34.062,34.125,2025-06-14 12:10:00
153.2,7.7,1157.4,157.3,4.1,672.0,1730.3,59.99,216.4,7.9,4.7,844.4,43.5,2.9,1.9,0,854.5901851612068,35.062,35.062,2025-06-14 12:10:55
154.4,6.5,1040.5,152.2,4.2,645.2,1587.9,59.99,216.5,7.1,4.7,844.4,43.6,2.9,1.9,0,738.0551599119514,35.187,35.187,2025-06-14 12:11:02
151.7,6.1,920.2,153.9,3.9,603.6,1441.8,59.99,216.3,6.6,4.7,844.4,43.5,2.9,2.0,0,699.2101514955328,35.937,35.937,2025-06-14 12:11:57
152.6,6.6,961.3,156.7,4,598.1,1476.2,59.97,216.3,6.9,4.7,844.4,43.5,2.9,2.0,0,776.9001683283698,36.0,36.062,2025-06-14 12:12:05
151.8,5.3,794.2,151.6,3.7,561.7,1284.2,60.03,215.9,6,4.7,844.4,43.5,2.9,2.0,0,582.6751262462774,36.437,36.437,2025-06-14 12:13:00
152.4,5.3,796.3,154.1,3.6,551.9,1286.1,60.03,216.1,5.9,4.7,844.4,43.5,2.9,2.0,0,582.6751262462774,36.437,36.437,2025-06-14 12:13:07
151.5,5.5,823.2,153.9,3.6,557.5,1311.7,59.98,216.1,6.1,4.7,844.4,43.5,2.9,2.0,0,582.6751262462774,36.625,36.625,2025-06-14 12:14:02
152.5,5.6,831.3,152.4,3.7,559.4,1321.5,60,216.2,6.1,4.7,844.4,43.4,2.9,2.0,0,582.6751262462774,36.625,36.625,2025-06-14 12:14:10
152.6,7,1060.2,153.9,4.1,626.2,1594.0,60.01,216.4,7.3,4.8,844.5,43.6,2.9,2.0,0,815.7451767447883,37.0,36.937,2025-06-14 12:15:05
150.1,6.9,1050.5,152.5,4.1,632.2,1590.3,60.02,216.4,7.2,4.8,844.5,43.6,2.9,2.0,0,776.9001683283698,36.875,36.875,2025-06-14 12:15:12
153.4,7.3,1083.0,153.8,4.1,614.1,1601.0,60,216.1,7.5,4.8,844.5,43.9,3.0,2.0,0,815.7451767447883,37.375,37.375,2025-06-14 12:16:07
150.9,7.3,1097.4,152.9,4,608.3,1611.9,60.01,216.2,7.4,4.8,844.5,43.9,3.0,2.0,0,815.7451767447883,37.437,37.5,2025-06-14 12:16:14
151,5.5,826.5,153.9,3.4,514.8,1272.7,60.01,215.8,5.9,4.8,844.5,43.9,3.0,2.0,0,582.6751262462774,37.812,37.812,2025-06-14 12:17:10
150.6,5.9,832.3,154,3.4,513.8,1276.5,59.98,215.7,6.2,4.8,844.5,43.9,3.0,2.0,0,660.3651430791144,37.812,37.812,2025-06-14 12:17:17
153.4,5.1,777.1,147.9,3.2,485.9,1188.6,59.99,215.7,5.5,4.8,844.5,43.9,3.0,2.0,0,582.6751262462774,37.562,37.562,2025-06-14 12:18:12
153.3,4.6,684.3,150.9,3.1,464.6,1092.8,60,215.6,4.9,4.8,844.5,43.9,3.0,2.0,0,504.9851094134404,37.5,37.5,2025-06-14 12:18:19
151,3.5,523.5,151.6,2.7,401.8,884.3,60,215.5,4.1,4.9,844.6,43.8,3.0,2.0,0,349.6050757477664,36.375,36.375,2025-06-14 12:19:15
153.6,3.2,505.8,150.9,2.6,402.0,867.7,59.97,215.3,4.1,4.9,844.6,43.8,3.0,2.0,0,349.6050757477664,36.312,36.312,2025-06-14 12:19:22
148.4,3,449.1,151,2.4,368.4,782.8,60,215.5,3.6,4.9,844.6,43.6,3.0,2.0,0,310.76006733134795,35.375,35.375,2025-06-14 12:20:17
151,2.9,438.3,153.8,2.4,358.7,764.6,60,215.3,3.6,4.9,844.6,43.6,3.0,2.0,0,310.76006733134795,35.25,35.25,2025-06-14 12:20:24
150.3,2.5,370.5,148.7,2.1,326.2,669.2,59.98,215.2,3.1,4.9,844.6,43.4,3.0,2.0,0,233.07005049851097,34.687,34.687,2025-06-14 12:21:20
150.8,2.4,368.3,151.2,2.1,316.3,660.6,60,215.3,3,4.9,844.6,43.4,3.0,2.0,0,233.07005049851097,34.625,34.625,2025-06-14 12:21:27
150.9,2.1,315.4,150,1.9,286.7,583.7,60.02,215.2,2.6,4.9,844.6,43.2,3.0,2.0,0,194.22504208209244,34.0,34.0,2025-06-14 12:22:22
148,2,306.1,150.8,1.9,286.2,569.8,60.02,215.2,2.6,4.9,844.6,43.2,3.0,2.0,0,194.22504208209244,33.937,34.0,2025-06-14 12:22:29
152,1.6,258.7,150.9,1.7,260.8,507.8,60.02,215,2.3,4.9,844.6,43,3.0,2.0,0,155.38003366567398,33.5,33.5,2025-06-14 12:23:24
150.9,1.7,264.2,148.9,1.7,254.9,504.2,60,214.9,2.4,4.9,844.6,42.9,3.0,2.0,0,155.38003366567398,33.5,33.5,2025-06-14 12:23:32
148,1.5,229.0,153.9,1.5,228.2,448.4,60.05,215.1,2.1,4.9,844.6,42.7,3.0,2.0,0,155.38003366567398,33.0,33.0,2025-06-14 12:24:27
150.9,1.5,228.0,150.9,1.5,229.3,448.2,60.02,215,2.1,4.9,844.6,42.7,3.0,2.0,0,155.38003366567398,33.0,33.0,2025-06-14 12:24:34
150.9,1.3,204.9,151.2,1.3,207.3,404.0,60.01,214.8,1.8,4.9,844.6,42.4,3.0,2.1,0,116.53502524925548,32.75,32.75,2025-06-14 12:25:29
150.4,1.3,203.1,151.2,1.3,204.9,400.0,60.03,214.8,1.8,4.9,844.6,42.4,3.0,2.1,0,116.53502524925548,32.687,32.75,2025-06-14 12:25:37
147.9,1.2,188.6,153.8,1.2,189.1,370.7,59.96,214.5,1.7,4.9,844.6,42.1,3.0,2.1,0,116.53502524925548,32.437,32.437,2025-06-14 12:26:32
153.7,1.2,180.8,153.8,1.2,186.3,366.2,60,214.6,1.7,4.9,844.6,42,3.0,2.1,0,116.53502524925548,32.437,32.437,2025-06-14 12:26:39
150.7,1.2,189.2,155.6,1,176.9,359.2,60.01,214.5,1.6,4.9,844.6,41.7,3.0,2.1,0,116.53502524925548,32.0,31.937,2025-06-14 12:27:34
150.9,1.2,188.8,150.8,1.1,173.7,355.3,60.03,214.7,1.6,4.9,844.6,41.6,3.0,2.1,0,116.53502524925548,31.937,31.937,2025-06-14 12:27:42
148.9,1.2,193.3,151.9,1,168.6,355.1,60.04,214.6,1.6,4.9,844.6,41.4,3.0,2.1,0,116.53502524925548,31.187,31.187,2025-06-14 12:28:37
153.7,1.2,193.9,156.6,1,166.3,353.6,60.03,214.5,1.6,4.9,844.6,41.3,3.0,2.1,0,116.53502524925548,31.187,31.187,2025-06-14 12:28:44
153,1.3,205.1,152.2,1,164.4,362.3,60.03,214.6,1.6,4.9,844.6,41.1,3.0,2.1,0,116.53502524925548,31.062,31.062,2025-06-14 12:29:39
153.5,1.3,206.4,156.5,1,163.8,362.9,60.03,214.6,1.7,4.9,844.6,41,3.0,2.1,0,116.53502524925548,31.062,31.062,2025-06-14 12:29:47
152.3,1.4,221.8,158.6,1,148.9,363.3,60,214.3,1.7,5.0,844.7,40.8,3.0,2.1,0,116.53502524925548,31.062,31.062,2025-06-14 12:30:42
156.2,1.3,218.9,156.5,1,162.1,368.1,59.98,214.3,1.7,5.0,844.7,40.8,3.0,2.1,0,116.53502524925548,31.062,31.062,2025-06-14 12:30:49
153.8,1.5,233.6,158.8,1,158.2,386.1,59.95,213.6,1.8,5.0,844.7,40.7,3.1,2.1,0,155.38003366567398,31.0,31.0,2025-06-14 12:31:44
156.6,1.4,225.7,156.8,1,163.5,381.7,59.97,213.8,1.8,5.0,844.7,40.6,3.1,2.1,0,116.53502524925548,31.0,31.0,2025-06-14 12:31:51
153.9,1.6,246.3,153.9,1,164.5,402.8,59.98,213.7,1.8,5.0,844.7,40.6,3.1,2.1,0,155.38003366567398,30.875,30.875,2025-06-14 12:32:47
154.1,1.5,250.3,159.5,1,154.5,396.9,59.99,213.7,1.8,5.0,844.7,40.6,3.1,2.1,0,155.38003366567398,30.875,30.875,2025-06-14 12:32:54
153.9,1.8,277.3,156.8,1.1,175.5,444.7,59.98,213.8,2,5.0,844.7,40.4,3.1,2.1,0,155.38003366567398,30.812,30.812,2025-06-14 12:33:49
153.8,1.8,282.4,156.6,1.1,178.4,452.4,59.98,213.8,2.1,5.0,844.7,40.4,3.1,2.1,0,155.38003366567398,30.812,30.812,2025-06-14 12:33:56
155.1,2.1,323.4,160.2,1.2,186.4,500.3,60.02,213.9,2.3,5.0,844.7,40.2,3.1,2.1,0,194.22504208209244,30.5,30.5,2025-06-14 12:34:52
155.3,2.1,327.9,154.1,1.2,191.1,510.2,60.03,214,2.4,5.0,844.7,40.2,3.1,2.1,0,194.22504208209244,30.375,30.375,2025-06-14 12:34:59
158.4,2.4,368.5,156.7,1.3,210.5,565.5,59.99,214.1,2.6,5.0,844.7,40,3.1,2.1,0,233.07005049851097,30.187,30.187,2025-06-14 12:35:54
158.3,2.4,376.3,159.6,1.2,210.1,572.4,59.99,214.1,2.6,5.0,844.7,40,3.1,2.1,0,233.07005049851097,30.187,30.25,2025-06-14 12:36:01
156.5,3.7,595.8,158.2,1.8,287.7,847.4,59.98,214.3,3.9,5.0,844.7,40,3.1,2.1,0,427.2950925806034,30.562,30.562,2025-06-14 12:36:56
159.5,3.3,528.9,158.1,1.7,267.3,766.6,59.97,214.1,3.6,5.0,844.7,40,3.1,2.1,0,388.4500841641849,30.625,30.625,2025-06-14 12:37:04
160.5,2.6,396.1,157.2,1.5,239.5,617.2,60.01,214.1,2.9,5.0,844.7,40.1,3.1,2.1,0,271.91505891492943,31.25,31.312,2025-06-14 12:37:59
158.3,2.6,410.7,154.8,1.5,239.5,630.5,59.99,214.1,2.9,5.0,844.7,40.1,3.1,2.1,0,271.91505891492943,31.312,31.312,2025-06-14 12:38:06
158.3,2.6,419.1,155.6,1.6,255.2,652.6,59.96,213.8,3,5.0,844.7,40.1,3.1,2.1,0,310.76006733134795,31.687,31.687,2025-06-14 12:39:01
160,2.5,414.7,155.2,1.6,257.5,651.4,59.99,213.8,3,5.0,844.7,40.1,3.1,2.1,0,310.76006733134795,31.687,31.75,2025-06-14 12:39:09
157.6,2.6,408.6,158.1,1.6,252.2,640.6,59.98,214.1,2.9,5.0,844.7,40,3.1,2.1,0,271.91505891492943,31.812,31.812,2025-06-14 12:40:04
159.9,2.6,386.2,155.4,1.6,261.1,641.8,59.99,214.1,3,5.0,844.7,40,3.1,2.1,0,271.91505891492943,31.812,31.812,2025-06-14 12:40:11
155.6,2.4,384.6,155.4,1.6,257.2,622.2,60,213.7,2.9,5.0,844.7,40,3.1,2.1,0,271.91505891492943,32.0,32.0,2025-06-14 12:41:06
158.3,2.4,386.6,158.6,1.6,247.4,615.8,59.98,213.6,2.9,5.0,844.7,40,3.1,2.1,0,271.91505891492943,32.0,32.0,2025-06-14 12:41:14
153.8,2.9,437.8,149.4,1.8,274.2,684.2,59.97,213.5,3.2,5.1,844.8,39.9,3.1,2.1,0,310.76006733134795,31.812,31.875,2025-06-14 12:42:09
155.3,2.8,438.5,153.9,1.8,281.2,693.1,59.99,213.6,3.2,5.1,844.8,39.9,3.1,2.1,0,310.76006733134795,31.875,31.875,2025-06-14 12:42:16
156.8,2.6,406.1,156.8,1.7,276.9,660.1,59.98,214,3,5.1,844.8,39.9,3.1,2.1,0,271.91505891492943,32.125,32.125,2025-06-14 12:43:11
159.8,2.6,398.8,153.8,1.8,277.4,653.3,59.99,213.9,3.1,5.1,844.8,39.9,3.1,2.1,0,271.91505891492943,32.125,32.187,2025-06-14 12:43:19
153.8,2.6,405.6,156.6,1.8,284.9,664.7,59.99,213.9,3.1,5.1,844.8,40.1,3.1,2.1,0,271.91505891492943,32.312,32.312,2025-06-14 12:44:14
156.6,2.6,410.9,153.8,1.8,287.0,674.4,59.96,213.9,3.1,5.1,844.8,40.1,3.1,2.1,0,271.91505891492943,32.312,32.312,2025-06-14 12:44:21
154.1,2.7,421.2,156.6,1.9,297.5,693.2,59.95,213.9,3.3,5.1,844.8,40.2,3.1,2.1,0,310.76006733134795,32.375,32.375,2025-06-14 12:45:16
159,2.8,443.5,158.2,1.8,301.5,717.5,59.95,214,3.3,5.1,844.8,40.2,3.1,2.1,0,310.76006733134795,32.375,32.375,2025-06-14 12:45:23
159.8,3.1,481.1,155.4,2.1,325.4,776.2,59.96,214.1,3.7,5.1,844.8,39.9,3.1,2.1,0,349.6050757477664,32.437,32.5,2025-06-14 12:46:19
158.6,3,473.5,156.4,2,323.9,768.3,59.96,214,3.5,5.1,844.8,39.9,3.1,2.1,0,349.6050757477664,32.5,32.5,2025-06-14 12:46:26
162.6,3,470.0,155.1,2.2,335.4,776.1,59.94,213.8,3.7,5.1,844.8,40,3.2,2.1,0,349.6050757477664,32.625,32.625,2025-06-14 12:47:21
158.9,3.1,495.4,155.5,2,338.6,800.8,59.94,213.9,3.6,5.1,844.8,40,3.2,2.1,0,349.6050757477664,32.625,32.625,2025-06-14 12:47:28
156.7,2.7,430.5,155.3,2,315.1,717.7,59.95,213.7,3.3,5.1,844.8,40.1,3.2,2.1,0,310.76006733134795,32.75,32.812,2025-06-14 12:48:24
156.5,2.7,426.5,158,2,302.9,705.2,59.95,213.7,3.3,5.1,844.8,40.1,3.2,2.1,0,271.91505891492943,32.812,32.875,2025-06-14 12:48:31
156.8,2.5,403.1,155.3,1.8,297.6,676.1,59.96,213.5,3.1,5.1,844.8,40.1,3.2,2.1,0,271.91505891492943,33.125,33.125,2025-06-14 12:49:26
153.8,2.5,398.3,152.4,1.9,295.0,667.9,59.93,213.4,3.1,5.1,844.8,40.2,3.2,2.1,0,271.91505891492943,33.125,33.187,2025-06-14 12:49:33
158.1,2.5,380.3,156.7,1.8,270.9,630.0,60,213.6,3,5.2,844.9,40.2,3.2,2.1,0,271.91505891492943,33.125,33.125,2025-06-14 12:50:28
156.8,2.4,384.9,155.1,1.8,277.5,639.6,59.99,213.6,3,5.2,844.9,40.2,3.2,2.1,0,271.91505891492943,33.125,33.125,2025-06-14 12:50:36
156.8,2.2,347.1,153.3,1.7,255.2,586.0,60.03,213.7,2.7,5.2,844.9,40.1,3.2,2.2,0,233.07005049851097,32.875,32.937,2025-06-14 12:51:31
159.2,2.1,341.7,152.3,1.6,254.8,580.0,60.03,213.7,2.6,5.2,844.9,40.1,3.2,2.2,0,233.07005049851097,32.937,32.937,2025-06-14 12:51:38
155.1,1.9,304.3,154,1.5,238.6,528.2,60.03,213.6,2.4,5.2,844.9,40,3.2,2.2,0,194.22504208209244,32.812,32.812,2025-06-14 12:52:33
157.5,1.9,290.6,155.1,1.5,236.5,513.1,60.02,213.6,2.4,5.2,844.9,40,3.2,2.2,0,194.22504208209244,32.687,32.687,2025-06-14 12:52:41
156.8,1.7,274.3,157,1.4,217.6,489.1,60.04,213.6,2.3,5.2,844.9,39.9,3.2,2.2,0,155.38003366567398,32.375,32.375,2025-06-14 12:53:36
158.9,1.6,258.5,155.3,1.4,225.4,474.6,60.03,213.6,2.3,5.2,844.9,39.8,3.2,2.2,0,155.38003366567398,32.312,32.375,2025-06-14 12:53:43
155,1.7,265.2,152.6,1.4,220.2,474.8,60.02,213.5,2.2,5.2,844.9,39.8,3.2,2.2,0,155.38003366567398,32.125,32.187,2025-06-14 12:54:38
156.3,1.7,267.5,157.9,1.4,212.3,470.3,60.03,213.3,2.2,5.2,844.9,39.8,3.2,2.2,0,155.38003366567398,32.125,32.125,2025-06-14 12:54:46
160.3,1.6,262.7,155.2,1.4,220.4,474.4,60.05,213.3,2.2,5.2,844.9,39.6,3.2,2.2,0,194.22504208209244,30.875,30.875,2025-06-14 12:55:41
154,1.7,269.5,155,1.4,221.0,480.7,60.03,213.2,2.2,5.2,844.9,39.6,3.2,2.2,0,194.22504208209244,30.75,30.75,2025-06-14 12:55:48
159.9,1.8,272.0,158.3,1.4,219.4,481.7,60.04,213.6,2.2,5.2,844.9,39.4,3.2,2.2,0,194.22504208209244,30.312,30.312,2025-06-14 12:56:43
156.8,1.8,279.8,152.4,1.4,222.4,491.2,60.04,213.7,2.3,5.2,844.9,39.4,3.2,2.2,0,194.22504208209244,30.312,30.312,2025-06-14 12:56:51
156.6,1.8,277.3,152.3,1.5,227.9,498.7,60.05,213.7,2.3,5.2,844.9,39.3,3.2,2.2,0,194.22504208209244,30.5,30.5,2025-06-14 12:57:46
157,1.7,281.4,155.4,1.5,231.6,496.6,60.05,213.6,2.3,5.2,844.9,39.3,3.2,2.2,0,194.22504208209244,30.5,30.5,2025-06-14 12:57:53
156.8,1.8,279.5,153,1.5,236.4,503.4,60.02,213.8,2.3,5.2,844.9,39.1,3.2,2.2,0,155.38003366567398,30.75,30.75,2025-06-14 12:58:48
156.7,1.8,276.7,155.4,1.5,235.8,500.9,60.05,213.8,2.3,5.2,844.9,39.1,3.2,2.2,0,194.22504208209244,30.75,30.75,2025-06-14 12:58:55
156.1,1.8,289.5,154.7,1.5,242.5,518.4,60.03,213.5,2.4,5.2,844.9,39,3.2,2.2,0,194.22504208209244,30.437,30.437,2025-06-14 12:59:51
156.8,1.9,294.7,155.4,1.5,244.1,525.3,60.03,213.4,2.4,5.2,844.9,39,3.2,2.2,0,194.22504208209244,30.312,30.312,2025-06-14 12:59:58
156.7,1.9,304.7,154.5,1.6,243.6,533.3,60.04,213.4,2.5,5.2,844.9,38.9,3.2,2.2,0,194.22504208209244,30.187,30.187,2025-06-14 13:00:53
153.6,1.9,301.4,155.3,1.5,244.6,532.5,60.02,213.6,2.5,5.2,844.9,38.9,3.2,2.2,0,194.22504208209244,30.125,30.125,2025-06-14 13:01:00
158.5,1.9,317.4,154.4,1.5,242.4,544.7,60.02,213.2,2.5,5.3,845.0,38.8,3.2,2.2,0,194.22504208209244,29.937,29.937,2025-06-14 13:01:56
156.9,2,319.6,155.2,1.5,245.5,551.6,60.01,213.2,2.6,5.3,845.0,38.8,3.2,2.2,0,194.22504208209244,30.0,29.937,2025-06-14 13:02:03
156.9,2.1,329.8,155.6,1.5,246.1,561.6,60.03,213.5,2.6,5.3,845.0,38.7,3.2,2.2,0,194.22504208209244,30.187,30.25,2025-06-14 13:02:58
154.6,2.1,324.2,153.2,1.5,242.5,550.9,60.03,213.5,2.6,5.3,845.0,38.7,3.2,2.2,0,194.22504208209244,30.25,30.25,2025-06-14 13:03:05
159.9,2.1,321.5,158.3,1.5,242.9,551.0,60.04,213.3,2.5,5.3,845.0,38.6,3.2,2.2,0,194.22504208209244,30.437,30.437,2025-06-14 13:04:00
156.9,2.1,326.7,155.3,1.5,243.7,554.4,60.03,213.5,2.6,5.3,845.0,38.6,3.2,2.2,0,194.22504208209244,30.437,30.437,2025-06-14 13:04:08
153.6,2.2,333.8,158.3,1.4,250.6,568.6,59.98,213.6,2.6,5.3,845.0,38.5,3.2,2.2,0,194.22504208209244,30.375,30.375,2025-06-14 13:05:03
159.8,2.1,333.9,155.3,1.6,249.5,567.7,59.98,213.6,2.6,5.3,845.0,38.5,3.2,2.2,0,194.22504208209244,30.312,30.312,2025-06-14 13:05:10
153.7,2.3,354.4,158.3,1.6,258.5,595.1,60,213.7,2.8,5.3,845.0,38.4,3.3,2.2,0,233.07005049851097,30.5,30.5,2025-06-14 13:06:05
158.4,2.3,366.7,158.4,1.5,254.4,598.3,59.98,213.8,2.7,5.3,845.0,38.4,3.3,2.2,0,233.07005049851097,30.5,30.562,2025-06-14 13:06:13
158.2,2.6,419.3,158.3,1.6,275.8,674.2,60.03,213.7,3.1,5.3,845.0,38.4,3.3,2.2,0,271.91505891492943,30.375,30.375,2025-06-14 13:07:08
159.8,2.7,429.2,158.3,1.7,276.3,681.0,60.04,213.7,3.3,5.3,845.0,38.4,3.3,2.2,0,271.91505891492943,30.375,30.375,2025-06-14 13:07:15
157.5,3.8,589.4,153.5,2.1,331.2,882.8,60.03,214.1,4.2,5.3,845.0,38.5,3.3,2.2,0,427.2950925806034,30.625,30.687,2025-06-14 13:08:10
161.2,3.9,618.3,149.6,2.2,337.4,914.3,60.02,213.8,4.2,5.3,845.0,38.5,3.3,2.2,0,427.2950925806034,30.687,30.75,2025-06-14 13:08:18
160.5,5.5,866.5,149.4,3,443.7,1244.7,60,214.8,5.8,5.3,845.0,38.7,3.3,2.2,0,660.3651430791144,31.5,31.562,2025-06-14 13:09:13
160.1,6,939.2,143.7,3.2,455.5,1322.6,59.98,214.8,6.2,5.3,845.0,38.7,3.3,2.2,0,738.0551599119514,31.687,31.687,2025-06-14 13:09:20
159.6,5.1,823.5,156.8,2.8,444.4,1205.5,60.03,214.4,5.5,5.4,845.1,39.1,3.3,2.2,0,621.5201346626959,32.937,33.0,2025-06-14 13:10:15
158.3,5.1,791.7,159.5,2.7,426.5,1162.1,60.03,214.3,5.4,5.4,845.1,39.1,3.3,2.2,0,582.6751262462774,33.125,33.125,2025-06-14 13:10:23
158,4.9,793.0,157.9,2.7,444.4,1150.3,60.05,214.6,5.3,5.4,845.1,39.3,3.3,2.2,0,582.6751262462774,34.125,34.125,2025-06-14 13:11:18
157.2,4.5,722.7,156.7,2.6,417.9,1086.6,60.02,214.4,4.9,5.4,845.1,39.3,3.3,2.2,0,504.9851094134404,34.25,34.25,2025-06-14 13:11:25
159.6,5.3,852.7,152.3,3.1,473.1,1260.1,60,214.5,5.8,5.4,845.1,39.4,3.3,2.3,0,621.5201346626959,34.25,34.25,2025-06-14 13:12:20
159.5,5.3,821.1,149.8,3,453.0,1211.1,60.01,214.5,5.7,5.4,845.1,39.5,3.3,2.3,0,582.6751262462774,34.125,34.125,2025-06-14 13:12:28
159.8,4.7,747.2,153.9,2.9,449.6,1140.1,60.01,214.3,5.3,5.4,845.1,39.5,3.3,2.3,0,543.8301178298589,33.437,33.437,2025-06-14 13:13:23
156.7,4.9,760.6,154,2.9,457.2,1159.2,59.99,214.3,5.4,5.4,845.1,39.5,3.3,2.3,0,543.8301178298589,33.5,33.5,2025-06-14 13:13:30
156.9,4.8,742.2,155.3,2.9,464.1,1147.6,60,214.4,5.3,5.4,845.1,39.6,3.4,2.3,0,543.8301178298589,34.187,34.25,2025-06-14 13:14:25
156.9,4.6,749.7,152.3,3,457.4,1149.2,60.03,214.5,5.3,5.4,845.1,39.6,3.4,2.3,0,543.8301178298589,34.25,34.312,2025-06-14 13:14:32
156.8,4.4,713.1,158.3,2.9,453.7,1111.8,60.03,214.5,5.1,5.5,845.2,39.8,3.4,2.3,0,504.9851094134404,33.875,33.937,2025-06-14 13:15:27
153.9,4.6,710.1,155.3,3,462.3,1114.0,59.97,214.5,5.2,5.5,845.2,39.8,3.4,2.3,0,504.9851094134404,33.937,33.937,2025-06-14 13:15:35
159.4,4.5,690.8,155.4,3,464.8,1092.1,59.97,214.3,5.1,5.5,845.2,39.8,3.4,2.3,0,504.9851094134404,33.937,33.937,2025-06-14 13:16:30
156.8,4.5,703.0,157.7,2.9,462.5,1110.0,59.96,214.4,5.1,5.5,845.2,39.8,3.4,2.3,0,504.9851094134404,33.875,33.875,2025-06-14 13:16:37
156.8,4.6,708.6,153.8,3.1,474.3,1126.4,60.03,214.5,5.2,5.5,845.2,39.9,3.4,2.3,0,504.9851094134404,34.062,34.062,2025-06-14 13:17:32
158.6,4.3,702.3,156,3.1,470.0,1116.5,60.03,214.5,5.1,5.5,845.2,40,3.4,2.3,0,504.9851094134404,34.125,34.125,2025-06-14 13:17:40
155.6,4.8,735.7,153.6,3.2,489.3,1163.6,60.02,214.6,5.4,5.5,845.2,40.1,3.4,2.3,0,504.9851094134404,34.25,34.312,2025-06-14 13:18:35
158,4.7,703.5,155.2,3.2,492.4,1143.1,60.01,214.6,5.4,5.5,845.2,40.2,3.4,2.3,0,504.9851094134404,34.187,34.187,2025-06-14 13:18:42
154.9,4.6,715.7,155.3,3.2,494.7,1151.4,60,214.7,5.4,5.5,845.2,40.3,3.4,2.3,0,504.9851094134404,34.437,34.437,2025-06-14 13:19:37
156.8,4.7,724.9,152.8,3.2,492.9,1159.4,59.99,214.7,5.3,5.5,845.2,40.3,3.4,2.3,0,504.9851094134404,34.437,34.437,2025-06-14 13:19:45
149.3,5.4,817.2,155.3,3.5,552.2,1291.0,59.98,212.7,6,5.6,845.3,40.3,3.4,2.3,0,582.6751262462774,34.25,34.312,2025-06-14 13:20:40
149.4,5.3,778.9,155.3,3.4,534.6,1244.9,59.98,212.7,5.8,5.6,845.3,40.4,3.4,2.3,0,582.6751262462774,34.312,34.375,2025-06-14 13:20:47
152.3,4.9,750.3,155.4,3.3,518.8,1205.4,60.02,212.6,5.6,5.6,845.3,40.5,3.4,2.3,0,543.8301178298589,35.062,35.125,2025-06-14 13:21:42
155.2,4.9,758.8,155.3,3.4,519.1,1214.3,60,212.2,5.7,5.6,845.3,40.5,3.4,2.3,0,543.8301178298589,35.187,35.25,2025-06-14 13:21:50
155.5,4.8,734.9,155.3,3.2,512.3,1183.9,59.97,212.2,5.5,5.6,845.3,40.6,3.5,2.3,0,543.8301178298589,35.25,35.25,2025-06-14 13:22:45
155.3,4.8,736.2,152.6,3.3,511.1,1184.3,59.99,212.2,5.5,5.6,845.3,40.6,3.5,2.3,0,504.9851094134404,35.25,35.187,2025-06-14 13:22:52
155.2,4.4,701.2,152.5,3.3,499.1,1141.2,60.03,212,5.3,5.6,845.3,40.7,3.5,2.3,0,504.9851094134404,34.812,34.812,2025-06-14 13:23:47
152.4,4.5,687.6,152.4,3.2,498.4,1131.0,60.03,212.2,5.3,5.6,845.3,40.7,3.5,2.3,0,504.9851094134404,34.812,34.875,2025-06-14 13:23:55
157.8,4.4,678.1,149.4,3.2,488.5,1096.3,60.05,212.2,5.2,5.6,845.3,40.8,3.5,2.4,0,504.9851094134404,35.062,35.062,2025-06-14 13:24:50
155.3,4.5,687.7,153,3.3,495.0,1126.4,60.04,212.4,5.3,5.6,845.3,40.8,3.5,2.4,0,504.9851094134404,35.062,35.062,2025-06-14 13:24:57
155.3,4.6,709.7,152.4,3.3,511.3,1159.2,60.04,212.1,5.4,5.7,845.4,40.9,3.5,2.4,0,504.9851094134404,35.312,35.312,2025-06-14 13:25:52
157,4.4,714.1,154.6,3.3,513.3,1166.9,60,212.1,5.4,5.7,845.4,40.9,3.5,2.4,0,504.9851094134404,35.437,35.437,2025-06-14 13:26:00
154.5,4.7,720.8,151.6,3.4,513.7,1172.4,60.02,212.1,5.4,5.7,845.4,41,3.5,2.4,0,504.9851094134404,35.937,35.937,2025-06-14 13:26:55
156.8,4.6,687.6,153.3,3.3,505.8,1136.5,60.04,212.1,5.4,5.7,845.4,41,3.5,2.4,0,504.9851094134404,35.937,35.812,2025-06-14 13:27:02
152.8,4.7,715.3,149.9,3.4,506.6,1157.5,59.99,212.2,5.5,5.7,845.4,41.2,3.5,2.4,0,504.9851094134404,35.562,35.562,2025-06-14 13:27:57
155.3,4.7,726.5,152.4,3.4,515.6,1180.0,59.98,212.3,5.4,5.7,845.4,41.2,3.5,2.4,0,504.9851094134404,35.562,35.625,2025-06-14 13:28:04
155.3,4.7,726.9,152.4,3.4,519.0,1183.4,60.03,212.2,5.5,5.7,845.4,41.2,3.5,2.4,0,504.9851094134404,35.312,35.312,2025-06-14 13:28:59
152.5,4.8,720.7,149.5,3.4,512.0,1170.1,60.01,212.1,5.5,5.7,845.4,41.2,3.5,2.4,0,504.9851094134404,35.25,35.25,2025-06-14 13:29:07
155.5,4.9,782.6,155.3,3.5,546.2,1262.6,59.99,212.6,5.8,5.7,845.4,41,3.5,2.4,0,582.6751262462774,34.812,34.812,2025-06-14 13:30:02
155.3,5.2,799.5,152.4,3.6,553.2,1282.8,59.96,212.5,6,5.7,845.4,41.1,3.5,2.4,0,582.6751262462774,34.812,34.875,2025-06-14 13:30:09
155.9,5.1,774.1,152.6,3.6,548.3,1258.1,60,212.4,6,5.8,845.5,41.4,3.6,2.4,0,582.6751262462774,35.125,35.187,2025-06-14 13:31:04
155.3,5,797.5,152.4,3.5,556.5,1282.1,59.99,212.4,5.9,5.8,845.5,41.4,3.6,2.4,0,582.6751262462774,35.187,35.187,2025-06-14 13:31:12
155.2,4.6,698.9,149.5,3.3,503.8,1141.5,60.02,212.2,5.4,5.8,845.5,41.6,3.6,2.4,0,504.9851094134404,35.312,35.312,2025-06-14 13:32:07
155.3,4.6,705.2,152.4,3.3,508.3,1151.3,60.03,212.2,5.4,5.8,845.5,41.6,3.6,2.4,0,504.9851094134404,35.375,35.375,2025-06-14 13:32:14
147.8,4.9,716.5,153.8,3.4,521.3,1172.6,60.03,212.5,5.5,5.8,845.5,41.7,3.6,2.4,0,504.9851094134404,35.687,35.687,2025-06-14 13:33:09
149.5,4.9,724.9,151.6,3.4,521.2,1181.1,60.02,212.3,5.5,5.8,845.5,41.7,3.6,2.4,0,543.8301178298589,35.75,35.75,2025-06-14 13:33:17
156.4,5,757.7,152.4,3.5,535.2,1220.5,60.01,212.4,5.8,5.8,845.5,41.9,3.6,2.4,0,543.8301178298589,35.5,35.562,2025-06-14 13:34:12
153.9,5,768.2,150.3,3.6,531.6,1230.2,60,212.4,5.8,5.8,845.5,41.9,3.6,2.4,0,543.8301178298589,35.562,35.562,2025-06-14 13:34:19
151.5,5.1,770.5,153.2,3.6,549.5,1251.3,60.01,212.4,5.8,5.9,845.6,42,3.6,2.4,0,582.6751262462774,35.312,35.312,2025-06-14 13:35:14
153.6,4.9,748.5,151.8,3.5,529.1,1213.3,60,212.1,5.6,5.9,845.6,42,3.6,2.4,0,543.8301178298589,35.312,35.25,2025-06-14 13:35:22
156.6,4.5,685.6,151.3,3.2,490.5,1118.8,59.98,212.2,5.2,5.9,845.6,42,3.6,2.5,0,466.14010099702193,35.062,35.062,2025-06-14 13:36:17
153.7,4.4,670.9,152.7,3.1,482.5,1094.4,59.99,212.1,5.1,5.9,845.6,42,3.6,2.5,0,466.14010099702193,35.062,35.062,2025-06-14 13:36:24
153.8,4.2,646.4,151.1,3,465.5,1058.0,60,212,4.9,5.9,845.6,42,3.6,2.5,0,466.14010099702193,34.562,34.562,2025-06-14 13:37:19
152.2,4.2,635.0,153.9,3,464.0,1046.1,59.98,212.1,4.9,5.9,845.6,42,3.6,2.5,0,427.2950925806034,34.562,34.562,2025-06-14 13:37:27
153.8,4,637.1,147.9,3,453.8,1037.3,60.02,212.2,4.8,5.9,845.6,42.1,3.6,2.5,0,427.2950925806034,34.75,34.812,2025-06-14 13:38:21
153.9,4.1,628.9,150.8,3,459.4,1036.4,59.98,212.2,4.8,5.9,845.6,42,3.6,2.5,0,427.2950925806034,34.812,34.75,2025-06-14 13:38:29
156.8,4,604.6,153.7,2.9,454.0,1008.9,60.02,212.2,4.7,5.9,845.6,42,3.7,2.5,0,427.2950925806034,34.25,34.312,2025-06-14 13:39:24
153.7,3.9,608.9,148.1,3,447.7,1006.2,60.02,212.1,4.6,5.9,845.6,42,3.7,2.5,0,427.2950925806034,34.187,34.187,2025-06-14 13:39:32
153.8,4,607.1,150.9,3,450.5,1008.0,60.02,212.3,4.7,5.9,845.6,42.1,3.7,2.5,0,427.2950925806034,33.875,33.875,2025-06-14 13:40:26
156.8,4,612.7,150.9,3,455.7,1017.6,60.03,212.5,4.8,5.9,845.6,42,3.7,2.5,0,427.2950925806034,33.75,33.812,2025-06-14 13:40:34
154.5,3.8,570.9,150.9,2.8,429.9,955.3,60.02,212.5,4.5,6.0,845.7,41.9,3.7,2.5,0,388.4500841641849,33.625,33.625,2025-06-14 13:41:29
153.8,3.7,577.2,152.1,2.8,430.4,961.9,60,212.4,4.4,6.0,845.7,41.9,3.7,2.5,0,388.4500841641849,33.5,33.5,2025-06-14 13:41:37
154.4,5.1,773.4,142.8,3.7,518.8,1224.8,60.03,212.7,5.9,6.0,845.7,41.9,3.7,2.5,0,621.5201346626959,33.625,33.687,2025-06-14 13:42:31
155.1,5.5,841.2,142.1,4,564.9,1331.2,60.02,212.7,6.3,6.0,845.7,41.9,3.7,2.5,0,660.3651430791144,33.75,33.812,2025-06-14 13:42:39
153.1,4.2,630.3,148.2,3.1,454.3,1044.5,59.98,212.1,4.9,6.0,845.7,42.1,3.7,2.5,0,427.2950925806034,34.937,35.0,2025-06-14 13:43:34
157.3,5.6,809.7,150.8,3.8,520.9,1258.7,60.02,212.4,6.5,6.0,845.7,42.1,3.7,2.5,0,660.3651430791144,35.062,35.062,2025-06-14 13:43:41
153.7,3.2,490.2,153.8,2.6,389.0,841.7,60.01,212.2,4,6.0,845.7,42,3.7,2.5,0,310.76006733134795,35.562,35.562,2025-06-14 13:44:36
152.6,3.2,485.6,152.9,2.5,384.4,833.5,60.03,212.1,3.9,6.0,845.7,42,3.7,2.5,0,310.76006733134795,35.562,35.562,2025-06-14 13:44:44
153.8,2.9,465.6,153.9,2.4,365.6,797.0,60.01,212.1,3.7,6.0,845.7,41.8,3.7,2.5,0,310.76006733134795,35.437,35.437,2025-06-14 13:45:39
151.6,3,454.4,151.5,2.3,362.4,787.4,59.99,212.1,3.7,6.0,845.7,41.8,3.7,2.5,0,271.91505891492943,35.375,35.375,2025-06-14 13:45:46
156.9,2.9,433.5,151.1,2.2,343.4,745.3,60.04,211.8,3.6,6.0,845.7,41.7,3.7,2.5,0,271.91505891492943,35.125,35.187,2025-06-14 13:46:41
153.9,2.9,444.5,153.9,2.2,344.0,756.3,60.03,211.7,3.5,6.0,845.7,41.6,3.7,2.5,0,271.91505891492943,35.187,35.187,2025-06-14 13:46:49
153.9,2.9,442.3,155.9,2,339.5,751.2,60.02,211.6,3.5,6.1,845.8,41.6,3.7,2.5,0,271.91505891492943,34.562,34.562,2025-06-14 13:47:44
156.8,2.8,437.3,151,2.2,339.0,744.7,60,211.5,3.5,6.1,845.8,41.5,3.7,2.5,0,271.91505891492943,34.562,34.562,2025-06-14 13:47:51
151.4,3,454.7,153.8,2.2,343.4,765.9,60.02,211.6,3.6,6.1,845.8,41.4,3.7,2.5,0,310.76006733134795,34.062,34.062,2025-06-14 13:48:46
153.7,3,457.9,156.7,2.1,339.1,765.4,60.04,211.7,3.6,6.1,845.8,41.4,3.7,2.5,0,271.91505891492943,34.062,34.062,2025-06-14 13:48:54
153.3,3,461.1,155.6,2.1,344.6,771.8,60.04,211.9,3.6,6.1,845.8,41.3,3.7,2.5,0,310.76006733134795,34.125,34.125,2025-06-14 13:49:49
153.8,3.1,466.8,154,2.2,345.0,778.2,60.03,211.9,3.6,6.1,845.8,41.2,3.7,2.5,0,310.76006733134795,34.125,34.187,2025-06-14 13:49:56
154.6,3.1,467.9,154.2,2.2,332.2,768.9,60.02,212,3.7,6.1,845.8,41.2,3.8,2.6,0,310.76006733134795,33.687,33.687,2025-06-14 13:50:51
155.2,3,469.6,154.8,2.1,343.9,781.2,60.03,212.1,3.6,6.1,845.8,41.2,3.8,2.6,0,310.76006733134795,33.562,33.562,2025-06-14 13:50:59
157,4,632.9,150.1,2.9,446.8,1020.8,59.98,212.2,4.7,6.1,845.8,41.2,3.8,2.6,0,466.14010099702193,32.812,32.812,2025-06-14 13:51:54
157.4,3.9,605.6,154.2,2.9,433.5,991.3,59.98,212.2,4.6,6.1,845.8,41.2,3.8,2.6,0,466.14010099702193,32.75,32.812,2025-06-14 13:52:01
155.3,4.2,645.5,152.4,3.1,468.2,1059.7,60,212.3,4.9,6.1,845.8,41.2,3.8,2.6,0,504.9851094134404,32.812,32.75,2025-06-14 13:52:56
153.6,4.1,627.1,153.3,2.9,463.6,1038.0,59.97,212,4.9,6.1,845.8,41.2,3.8,2.6,0,504.9851094134404,32.75,32.75,2025-06-14 13:53:04
155.2,4.2,646.0,149.6,3,463.9,1054.4,59.98,212,4.9,6.1,845.8,41.2,3.8,2.6,0,504.9851094134404,33.0,33.062,2025-06-14 13:53:58
155.9,4,639.8,152.4,3,465.2,1050.6,59.98,212,4.8,6.2,845.9,41.2,3.8,2.6,0,504.9851094134404,33.062,33.125,2025-06-14 13:54:06
155.4,4.3,649.7,152.4,3.2,477.8,1071.5,59.98,212,5,6.2,845.9,41.2,3.8,2.6,0,504.9851094134404,33.0,33.0,2025-06-14 13:55:01
158.3,4.3,670.9,158.2,3,482.0,1098.6,59.98,212.1,5.1,6.2,845.9,41.2,3.8,2.6,0,543.8301178298589,33.125,33.125,2025-06-14 13:55:09
158.3,4.4,672.5,153.9,3.1,498.0,1114.5,60.03,212.4,5.2,6.2,845.9,41.2,3.8,2.6,0,543.8301178298589,33.687,33.687,2025-06-14 13:56:03
155.4,4.4,673.9,154.1,3.2,496.9,1113.2,60.03,212.4,5.2,6.2,845.9,41.2,3.8,2.6,0,543.8301178298589,33.875,33.875,2025-06-14 13:56:11
152.4,3.8,579.5,153.9,2.8,440.5,972.4,60.04,211.8,4.6,6.2,845.9,41.2,3.8,2.6,0,427.2950925806034,34.812,34.812,2025-06-14 13:57:06
155.3,3.9,604.0,152.6,3,454.2,1008.3,60.03,211.8,4.7,6.2,845.9,41.2,3.8,2.6,0,466.14010099702193,34.812,34.937,2025-06-14 13:57:13
154.5,4,605.3,151.8,3.1,466.2,1019.6,60,211.9,4.8,6.2,845.9,41.3,3.8,2.6,0,466.14010099702193,35.687,35.687,2025-06-14 13:58:08
155.3,4.2,639.5,154.1,3.1,474.0,1060.3,59.99,212.1,5,6.2,845.9,41.3,3.8,2.6,0,504.9851094134404,35.687,35.812,2025-06-14 13:58:16
155.2,3.9,598.5,152.7,2.9,451.3,999.5,60,211.9,4.7,6.2,845.9,41.3,3.8,2.6,0,466.14010099702193,36.25,36.25,2025-06-14 13:59:11
152.5,3.8,582.9,153,2.9,446.7,980.4,60.01,211.8,4.6,6.2,845.9,41.3,3.8,2.6,0,466.14010099702193,36.25,36.25,2025-06-14 13:59:18
153.5,3.5,541.1,150.9,2.7,413.4,903.9,59.97,211.9,4.2,6.3,846.0,41.2,3.9,2.6,0,427.2950925806034,35.937,36.0,2025-06-14 14:00:13
155.4,3.5,543.8,150.9,2.7,411.9,911.7,59.98,212,4.2,6.3,846.0,41.2,3.9,2.6,0,388.4500841641849,36.0,36.0,2025-06-14 14:00:21
153.8,3.4,524.4,150.8,2.6,398.7,882.2,59.99,212,4.1,6.3,846.0,41.1,3.9,2.6,0,388.4500841641849,35.687,35.687,2025-06-14 14:01:16
154.6,3.4,526.4,153.9,2.6,397.3,883.3,59.98,212,4.2,6.3,846.0,41.1,3.9,2.6,0,388.4500841641849,35.625,35.625,2025-06-14 14:01:23
155.3,3.4,531.2,151,2.7,403.8,891.9,60.02,211.5,4.2,6.3,846.0,41.2,3.9,2.6,0,388.4500841641849,35.75,35.75,2025-06-14 14:02:18
152.8,3.4,519.3,150.9,2.6,402.6,879.9,60.03,211.4,4.2,6.3,846.0,41.2,3.9,2.6,0,388.4500841641849,35.75,35.812,2025-06-14 14:02:26
158.3,3.2,486.4,150.8,2.5,381.7,830.5,60,211.9,4,6.3,846.0,41.1,3.9,2.6,0,388.4500841641849,35.812,35.812,2025-06-14 14:03:21
155.3,3.2,492.9,153.9,2.4,379.4,834.8,60,211.8,3.9,6.3,846.0,41.1,3.9,2.6,0,349.6050757477664,35.812,35.812,2025-06-14 14:03:28
155.1,3.1,484.3,148,2.5,372.6,820.6,60.01,211.6,3.9,6.3,846.0,41.1,3.9,2.7,0,388.4500841641849,35.875,35.875,2025-06-14 14:04:23
158,3,479.4,151,2.5,375.2,819.2,60.01,211.6,3.9,6.3,846.0,41.1,3.9,2.7,0,349.6050757477664,35.875,35.937,2025-06-14 14:04:31
155.3,3,469.7,152.6,2.3,361.9,794.3,59.99,211.7,3.7,6.3,846.0,41,3.9,2.7,0,349.6050757477664,35.937,35.937,2025-06-14 14:05:26
155.6,3,457.6,147.8,2.4,357.4,781.8,60,211.8,3.7,6.3,846.0,41,3.9,2.7,0,349.6050757477664,35.937,35.937,2025-06-14 14:05:33
154.1,3.1,471.8,152.4,2.4,366.6,802.7,60,212.1,3.8,6.3,846.0,40.9,3.9,2.7,0,349.6050757477664,35.937,36.0,2025-06-14 14:06:28
155.4,3.1,481.5,150.9,2.4,368.8,814.8,60.02,212.1,3.8,6.3,846.0,40.9,3.9,2.7,0,349.6050757477664,36.0,35.937,2025-06-14 14:06:36
155.3,3.2,494.3,152.6,2.5,374.6,832.6,60,212.2,3.9,6.4,846.1,40.9,3.9,2.7,0,388.4500841641849,35.937,35.937,2025-06-14 14:07:30
152.5,3.1,489.7,150.9,2.5,373.3,820.1,59.96,212.2,3.9,6.4,846.1,40.9,3.9,2.7,0,349.6050757477664,35.937,36.0,2025-06-14 14:07:38
156.1,3.1,500.8,151.4,2.5,380.9,842.5,60,212,4,6.4,846.1,40.9,3.9,2.7,0,388.4500841641849,35.687,35.75,2025-06-14 14:08:33
155.4,3.3,506.3,148.2,2.5,378.6,845.0,60.02,212.1,4,6.4,846.1,40.9,3.9,2.7,0,388.4500841641849,35.75,35.562,2025-06-14 14:08:41
156,3.5,558.7,153,2.8,419.7,931.3,59.98,212.1,4.3,6.4,846.1,40.9,3.9,2.7,0,427.2950925806034,34.875,34.875,2025-06-14 14:09:35
155.2,3.6,563.7,153.9,2.8,426.3,945.5,59.98,212.1,4.4,6.4,846.1,40.9,3.9,2.7,0,427.2950925806034,34.875,34.937,2025-06-14 14:09:43
155.1,3.1,487.8,150.8,2.4,359.8,812.0,60.02,211.8,3.8,6.4,846.1,40.9,3.9,2.7,0,349.6050757477664,34.937,34.937,2025-06-14 14:10:38
152.4,3.4,502.7,148.1,2.6,378.1,839.3,60.03,211.9,4.2,6.4,846.1,40.9,3.9,2.7,0,388.4500841641849,34.875,34.875,2025-06-14 14:10:46
152.1,2.7,417.8,150.9,2,311.3,699.3,60.03,211.7,3.3,6.4,846.1,40.9,3.9,2.7,0,271.91505891492943,34.812,34.875,2025-06-14 14:11:40
155.3,2.7,419.7,153.9,2,307.7,698.7,60.02,211.7,3.3,6.4,846.1,40.8,3.9,2.7,0,271.91505891492943,34.875,34.875,2025-06-14 14:11:48
155.6,2.8,424.3,150.6,2.1,313.9,708.7,60.01,211.8,3.4,6.4,846.1,40.7,4.0,2.7,0,271.91505891492943,34.875,34.875,2025-06-14 14:12:43
152.7,2.8,424.6,153.6,2,314.4,709.5,60,211.8,3.3,6.4,846.1,40.6,4.0,2.7,0,310.76006733134795,34.875,34.875,2025-06-14 14:12:51
152.4,3.4,522.2,149.7,2.6,385.2,868.1,60.02,211.8,4.1,6.4,846.1,40.6,4.0,2.7,0,388.4500841641849,33.625,33.625,2025-06-14 14:13:45
155.9,3.3,520.7,153.4,2.5,389.8,870.6,60.04,211.9,4.1,6.4,846.1,40.6,4.0,2.7,0,388.4500841641849,33.562,33.5,2025-06-14 14:13:53
155.4,3.3,510.4,152.5,2.5,383.3,854.7,60.02,211.7,4,6.5,846.2,40.6,4.0,2.7,0,388.4500841641849,33.875,33.875,2025-06-14 14:14:48
150.7,3.5,523.7,157.5,2.4,386.7,870.9,60,211.7,4.2,6.5,846.2,40.6,4.0,2.7,0,427.2950925806034,34.0,34.0,2025-06-14 14:14:55
156.9,3.2,490.4,152,2.4,362.4,816.6,60.03,211.6,3.9,6.5,846.2,40.6,4.0,2.7,0,349.6050757477664,34.562,34.562,2025-06-14 14:15:50
158.6,3.1,499.3,153.5,2.4,373.2,819.1,60.04,211.6,3.9,6.5,846.2,40.6,4.0,2.7,0,388.4500841641849,34.625,34.625,2025-06-14 14:15:58
147.9,3.3,493.8,151.3,2.5,374.9,829.3,60.02,211.8,3.9,6.5,846.2,40.6,4.0,2.7,0,388.4500841641849,34.25,34.25,2025-06-14 14:16:53
150.4,2.7,407.7,149.4,1.9,295.9,675.4,60,211.5,3.1,6.5,846.2,40.6,4.0,2.7,0,271.91505891492943,34.187,34.187,2025-06-14 14:17:00
153.8,2.3,354.5,152.5,1.6,249.3,584.6,60.01,211.4,2.8,6.5,846.2,40.4,4.0,2.7,0,233.07005049851097,33.562,33.562,2025-06-14 14:17:55
156.7,2.3,345.0,149.8,1.6,243.7,569.9,60,211.1,2.7,6.5,846.2,40.4,4.0,2.7,0,233.07005049851097,33.562,33.562,2025-06-14 14:18:03
153.5,2.1,322.9,152.4,1.5,226.5,534.3,59.99,211.4,2.5,6.5,846.2,40.3,4.0,2.7,0,194.22504208209244,33.5,33.5,2025-06-14 14:18:57
153.9,2.1,327.0,149.4,1.5,224.4,535.2,59.98,211.4,2.5,6.5,846.2,40.3,4.0,2.7,0,194.22504208209244,33.437,33.437,2025-06-14 14:19:05
155.4,2.3,350.1,152.3,1.6,244.0,574.5,60,211.2,2.7,6.5,846.2,40.2,4.0,2.7,0,233.07005049851097,33.375,33.437,2025-06-14 14:20:00
160.1,2.3,341.4,156.8,1.6,243.0,566.5,59.97,211.3,2.8,6.5,846.2,40.1,4.0,2.7,0,233.07005049851097,33.375,33.375,2025-06-14 14:20:08
156.9,2,319.4,152.4,1.4,214.4,519.4,59.98,211.3,2.4,6.5,846.2,40,4.0,2.7,0,194.22504208209244,33.437,33.5,2025-06-14 14:21:02
153.8,2,316.6,152.5,1.4,214.3,516.0,59.97,211.2,2.4,6.5,846.2,40,4.0,2.7,0,194.22504208209244,33.5,33.5,2025-06-14 14:21:10
153.9,1.9,297.4,152.4,1.3,203.5,489.1,60.02,211.1,2.2,6.5,846.2,39.9,4.0,2.7,0,194.22504208209244,33.437,33.437,2025-06-14 14:22:05
156,1.9,297.2,149.4,1.3,199.8,485.4,59.98,210.8,2.2,6.5,846.2,39.8,4.0,2.7,0,194.22504208209244,33.437,33.437,2025-06-14 14:22:13
153.8,1.9,288.1,152.8,1.2,193.5,471.5,60.01,211.3,2.2,6.5,846.2,39.7,4.0,2.8,0,194.22504208209244,33.25,33.25,2025-06-14 14:23:07
154.8,1.8,283.1,152.4,1.2,194.7,468.4,60.03,211.3,2.2,6.5,846.2,39.7,4.0,2.8,0,194.22504208209244,33.125,33.125,2025-06-14 14:23:15
153.4,1.8,283.2,149.3,1.2,189.0,461.6,60.04,210.9,2.1,6.6,846.3,39.6,4.0,2.8,0,155.38003366567398,32.625,32.625,2025-06-14 14:24:10
154.9,1.8,281.0,153.7,1.2,185.3,462.2,60.02,210.9,2.1,6.6,846.3,39.6,4.0,2.8,0,155.38003366567398,32.562,32.562,2025-06-14 14:24:18
154.4,1.8,285.1,152.5,1.2,190.7,466.0,60.02,211.1,2.2,6.6,846.3,39.6,4.0,2.8,0,155.38003366567398,32.062,32.062,2025-06-14 14:25:12
152.1,1.8,282.0,149.5,1.2,188.8,459.5,60.02,211.1,2.2,6.6,846.3,39.5,4.0,2.8,0,155.38003366567398,32.0,32.0,2025-06-14 14:25:20
156.4,1.8,284.1,155.3,1.2,183.4,458.5,60.04,211,2.1,6.6,846.3,39.4,4.0,2.8,0,155.38003366567398,31.312,31.375,2025-06-14 14:26:15
153.7,1.8,284.1,152.3,1.2,190.0,464.1,60,210.9,2.2,6.6,846.3,39.4,4.0,2.8,0,194.22504208209244,31.312,31.312,2025-06-14 14:26:22
156.6,1.8,280.5,152.4,1.2,191.2,461.5,59.96,210.7,2.2,6.6,846.3,39.3,4.0,2.8,0,155.38003366567398,30.812,30.812,2025-06-14 14:27:17
154,1.7,279.1,152.5,1.2,190.9,460.6,60,210.6,2.1,6.6,846.3,39.3,4.0,2.8,0,155.38003366567398,30.812,30.875,2025-06-14 14:27:25
156.7,1.7,274.4,155.3,1.2,187.5,453.3,60.02,211.1,2.1,6.6,846.3,39.2,4.0,2.8,0,155.38003366567398,31.062,31.062,2025-06-14 14:28:20
156.8,1.6,273.4,149.4,1.2,186.9,451.3,59.99,211,2,6.6,846.3,39.2,4.0,2.8,0,155.38003366567398,31.062,31.062,2025-06-14 14:28:27
153.8,1.7,270.2,152.2,1.2,187.0,448.0,60,211.2,2.1,6.6,846.3,39.1,4.1,2.8,0,155.38003366567398,30.375,30.312,2025-06-14 14:29:22
156.1,1.7,265.1,152.2,1.2,188.8,450.9,60.01,211.3,2.1,6.6,846.3,39.1,4.1,2.8,0,155.38003366567398,30.25,30.25,2025-06-14 14:29:30
156.7,1.7,274.6,152.4,1.2,188.9,454.2,60.01,211.3,2.1,6.6,846.3,38.9,4.1,2.8,0,155.38003366567398,30.125,30.125,2025-06-14 14:30:25
153.9,1.7,271.4,154,1.1,189.0,450.6,60.01,211.2,2.1,6.6,846.3,38.9,4.1,2.8,0,155.38003366567398,30.187,30.187,2025-06-14 14:30:32
156.6,1.8,276.6,154.8,1.2,192.0,460.5,60,211.1,2.2,6.6,846.3,38.8,4.1,2.8,0,155.38003366567398,30.187,30.187,2025-06-14 14:31:27
155,1.8,279.8,149.4,1.2,190.7,460.9,59.98,211.2,2.2,6.6,846.3,38.8,4.1,2.8,0,155.38003366567398,30.125,30.125,2025-06-14 14:31:35
156.8,1.7,288.5,149.6,1.3,195.2,472.8,59.98,211.1,2.2,6.6,846.3,38.8,4.1,2.8,0,155.38003366567398,30.062,30.062,2025-06-14 14:32:29
155.4,1.8,285.8,153.9,1.3,198.3,473.8,59.97,211.1,2.2,6.6,846.3,38.8,4.1,2.8,0,194.22504208209244,30.125,30.125,2025-06-14 14:32:37
159.8,1.9,287.2,152.4,1.3,205.2,481.6,59.99,211.4,2.2,6.6,846.3,38.7,4.1,2.8,0,194.22504208209244,29.812,29.812,2025-06-14 14:33:32
156.8,1.9,297.3,152.5,1.3,205.9,492.3,60.01,211.4,2.3,6.6,846.3,38.7,4.1,2.8,0,194.22504208209244,29.812,29.875,2025-06-14 14:33:40
156.8,1.9,301.6,152.4,1.3,210.2,497.6,60.01,211.1,2.3,6.6,846.3,38.7,4.1,2.8,0,194.22504208209244,29.875,29.937,2025-06-14 14:34:34
159.8,1.8,295.9,149.6,1.4,207.8,491.6,60.01,211.1,2.3,6.6,846.3,38.7,4.1,2.8,0,194.22504208209244,29.875,29.875,2025-06-14 14:34:42
156.8,1.9,306.7,152.4,1.4,213.8,504.8,59.98,210.8,2.4,6.6,846.3,38.6,4.1,2.8,0,194.22504208209244,29.75,29.75,2025-06-14 14:35:37
156.7,1.9,304.1,152.5,1.4,214.2,504.5,59.97,210.9,2.4,6.6,846.3,38.6,4.1,2.8,0,194.22504208209244,29.812,29.812,2025-06-14 14:35:45
153.9,2,308.8,154.8,1.4,220.7,515.3,60,211.1,2.4,6.6,846.3,38.5,4.1,2.8,0,194.22504208209244,30.125,30.125,2025-06-14 14:36:39
156.8,2,311.5,149.5,1.4,219.6,516.8,60,211.1,2.4,6.7,846.4,38.5,4.1,2.8,0,194.22504208209244,30.062,30.062,2025-06-14 14:36:47
156.9,2,316.1,154.6,1.5,234.0,534.5,60.03,211.2,2.6,6.7,846.4,38.4,4.1,2.8,0,194.22504208209244,30.5,30.5,2025-06-14 14:37:42
153.7,2,312.8,149.3,1.5,232.4,528.6,60.03,211.2,2.5,6.7,846.4,38.4,4.1,2.8,0,194.22504208209244,30.562,30.562,2025-06-14 14:37:50
158.8,1.9,318.6,156.3,1.6,239.8,544.0,60.02,211.2,2.6,6.7,846.4,38.4,4.1,2.8,0,194.22504208209244,30.437,30.5,2025-06-14 14:38:44
156.8,2,320.5,153.9,1.6,251.0,555.2,60,211.1,2.6,6.7,846.4,38.4,4.1,2.8,0,194.22504208209244,30.5,30.5,2025-06-14 14:38:52
157.8,2.1,323.2,154.5,1.7,257.9,563.7,60.03,211.5,2.7,6.7,846.4,38.3,4.1,2.8,0,194.22504208209244,30.812,30.812,2025-06-14 14:39:47
157.9,2,326.8,154.8,1.6,264.2,571.2,60.04,211.6,2.7,6.7,846.4,38.3,4.1,2.8,0,194.22504208209244,30.875,30.875,2025-06-14 14:39:55
158.7,2.2,343.1,153.8,1.8,278.0,600.2,59.99,211.5,2.8,6.7,846.4,38.3,4.1,2.8,0,233.07005049851097,31.125,31.187,2025-06-14 14:40:49
157.6,2.1,345.0,155.8,1.8,274.4,600.2,59.98,211.5,2.8,6.7,846.4,38.3,4.1,2.8,0,233.07005049851097,31.187,31.25,2025-06-14 14:40:57
159.9,2.3,354.5,151,1.8,281.2,613.2,59.98,211.2,2.9,6.7,846.4,38.3,4.1,2.8,0,233.07005049851097,31.375,31.375,2025-06-14 14:41:52
156.9,2.3,358.5,153.8,1.8,285.4,620.3,59.98,211.2,2.9,6.7,846.4,38.3,4.1,2.8,0,233.07005049851097,31.375,31.437,2025-06-14 14:41:59
156.8,2.3,363.0,153.7,1.8,281.5,621.4,60.02,211.4,2.9,6.7,846.4,38.4,4.1,2.8,0,233.07005049851097,31.5,31.5,2025-06-14 14:42:54
159.8,2.3,362.2,150.7,1.8,277.9,618.1,60,211.6,2.9,6.7,846.4,38.4,4.1,2.8,0,233.07005049851097,31.562,31.562,2025-06-14 14:43:02
156.8,2.4,371.2,153.9,1.8,284.7,631.8,60,211.6,3,6.7,846.4,38.4,4.1,2.8,0,233.07005049851097,31.5,31.5,2025-06-14 14:43:57
156.8,2.4,371.4,153.9,1.8,286.6,633.2,60.04,211.8,2.9,6.7,846.4,38.4,4.1,2.8,0,233.07005049851097,31.437,31.5,2025-06-14 14:44:04
159.8,2.4,379.3,156.9,1.8,293.4,649.7,59.98,211.6,3.1,6.7,846.4,38.4,4.1,2.8,0,233.07005049851097,31.375,31.437,2025-06-14 14:44:59
156.9,2.5,384.8,154,1.9,299.2,658.8,59.98,211.7,3.1,6.7,846.4,38.4,4.1,2.8,0,271.91505891492943,31.312,31.25,2025-06-14 14:45:07
156.8,2.6,414.7,158.8,2,325.5,711.4,59.99,211.6,3.3,6.7,846.4,38.4,4.1,2.8,0,271.91505891492943,31.5,31.5,2025-06-14 14:46:02
158.4,2.7,427.1,155.6,2.2,338.8,735.8,59.99,211.6,3.5,6.7,846.4,38.4,4.1,2.8,0,310.76006733134795,31.562,31.562,2025-06-14 14:46:09
157.7,2.8,442.9,155.8,2.2,355.2,767.0,60.01,211.3,3.6,6.8,846.5,38.5,4.1,2.8,0,310.76006733134795,32.0,32.0,2025-06-14 14:47:04
162.3,2.8,422.6,152.4,2.3,353.8,745.7,59.96,211.2,3.6,6.8,846.5,38.5,4.1,2.8,0,310.76006733134795,32.062,32.125,2025-06-14 14:47:12
161.5,3,452.3,158.2,2.4,388.4,806.7,59.99,211.2,3.9,6.8,846.5,38.6,4.2,2.8,0,349.6050757477664,32.25,32.25,2025-06-14 14:48:06
160.3,2.8,480.5,154.9,2.6,398.2,840.8,59.98,211.4,3.9,6.8,846.5,38.6,4.2,2.9,0,349.6050757477664,32.25,32.25,2025-06-14 14:48:14
159.7,3.3,517.2,156,2.8,441.2,918.4,59.98,211.7,4.3,6.8,846.5,38.6,4.2,2.9,0,388.4500841641849,32.125,32.125,2025-06-14 14:49:09
162.4,3.3,502.5,157.9,2.9,439.8,900.7,60,211.7,4.3,6.8,846.5,38.7,4.2,2.9,0,388.4500841641849,32.187,32.125,2025-06-14 14:49:17
159.8,3.4,542.9,156.8,2.9,459.7,958.0,60,211.7,4.3,6.8,846.5,38.8,4.2,2.9,0,388.4500841641849,32.437,32.5,2025-06-14 14:50:11
157.3,3.4,532.8,159.5,2.9,443.1,932.2,59.99,211.9,4.4,6.8,846.5,38.8,4.2,2.9,0,388.4500841641849,32.562,32.562,2025-06-14 14:50:19
158.5,3.8,591.7,152.6,3.3,500.6,1036.2,60.02,212.2,4.9,6.8,846.5,38.9,4.2,2.9,0,466.14010099702193,33.25,33.312,2025-06-14 14:51:14
158.5,3.5,575.6,155.5,3.2,494.4,1018.9,60.02,212.1,4.7,6.8,846.5,38.9,4.2,2.9,0,466.14010099702193,33.437,33.5,2025-06-14 14:51:22
153.7,3.9,592.4,153.8,3.2,517.7,1055.5,60.02,212.3,4.8,6.8,846.5,39.1,4.2,2.9,0,466.14010099702193,34.187,34.187,2025-06-14 14:52:16
153.9,3.6,551.0,157.1,3.1,474.4,979.3,60.03,212.2,4.6,6.8,846.5,39.2,4.2,2.9,0,427.2950925806034,34.125,34.125,2025-06-14 14:52:24
158.3,3.8,626.2,150.9,3.5,537.8,1105.2,60.02,212.3,5.1,6.9,846.6,39.3,4.2,2.9,0,504.9851094134404,34.062,34.125,2025-06-14 14:53:19
158.3,4,629.8,149.4,3.7,547.3,1116.9,60.01,212.3,5.3,6.9,846.6,39.3,4.2,2.9,0,543.8301178298589,34.187,34.187,2025-06-14 14:53:27
160.1,3.9,601.2,143.9,3.6,517.7,1060.6,60,212.3,5.1,6.9,846.6,39.4,4.2,2.9,0,504.9851094134404,34.937,35.0,2025-06-14 14:54:21
158.3,4,633.7,147.9,3.7,538.4,1112.6,60.02,212.4,5.2,6.9,846.6,39.5,4.2,2.9,0,543.8301178298589,35.062,35.125,2025-06-14 14:54:29
158.3,3.9,626.2,146.5,3.7,546.0,1111.3,60.04,212.4,5.2,6.9,846.6,39.6,4.2,2.9,0,543.8301178298589,35.5,35.5,2025-06-14 14:55:24
159.9,4.2,649.5,150.8,3.9,577.8,1167.8,60.05,212.5,5.5,6.9,846.6,39.7,4.2,2.9,0,582.6751262462774,35.562,35.625,2025-06-14 14:55:31
155.2,4.3,665.6,156.8,3.9,613.6,1213.6,60.02,212.2,5.6,6.9,846.6,39.9,4.2,2.9,0,582.6751262462774,36.062,36.062,2025-06-14 14:56:26
156.8,4.3,663.7,159.5,3.9,599.4,1200.0,60.04,212.2,5.7,6.9,846.6,39.9,4.2,2.9,0,582.6751262462774,36.125,36.187,2025-06-14 14:56:34
155.3,4.2,647.2,155.4,4,617.5,1201.6,60.03,212.2,5.6,6.9,846.6,40.1,4.2,2.9,0,582.6751262462774,36.437,36.437,2025-06-14 14:57:29
156.1,4.2,658.7,156.8,4,622.3,1215.2,60.04,212.3,5.6,6.9,846.6,40.1,4.3,2.9,0,582.6751262462774,36.437,36.437,2025-06-14 14:57:36
156.8,4.2,654.1,156.7,4,631.2,1219.8,60.04,212.1,5.7,7.0,846.7,40.3,4.3,2.9,0,582.6751262462774,36.375,36.375,2025-06-14 14:58:31
154.4,4.2,642.6,156.2,4.1,632.2,1209.1,60.02,212,5.7,7.0,846.7,40.3,4.3,2.9,0,582.6751262462774,36.5,36.5,2025-06-14 14:58:39
159.8,3.8,599.5,156.9,3.9,601.8,1143.3,60.02,211.9,5.4,7.0,846.7,40.4,4.3,3.0,0,543.8301178298589,36.937,36.937,2025-06-14 14:59:34
156.7,4,628.7,156.5,4.1,625.0,1193.2,59.99,211.8,5.6,7.0,846.7,40.4,4.3,3.0,0,543.8301178298589,37.0,37.062,2025-06-14 14:59:41
156.8,4.1,636.9,156.8,4.1,658.5,1230.1,59.99,212.4,5.7,7.0,846.7,40.6,4.3,3.0,0,582.6751262462774,37.0,37.0,2025-06-14 15:00:36
159.6,3.9,636.5,157.2,4.2,657.9,1228.3,59.99,212.3,5.7,7.0,846.7,40.6,4.3,3.0,0,582.6751262462774,36.937,36.937,2025-06-14 15:00:44
156.8,4,623.6,159.5,4.1,632.6,1181.9,59.98,211.9,5.6,7.0,846.7,40.8,4.3,3.0,0,582.6751262462774,37.5,37.5,2025-06-14 15:01:39
157.4,3.9,606.9,156.8,4.1,635.4,1179.5,59.98,211.9,5.5,7.0,846.7,40.9,4.3,3.0,0,543.8301178298589,37.562,37.562,2025-06-14 15:01:46
153.6,3.9,602.3,156.8,4,633.2,1173.5,59.99,212.1,5.5,7.0,846.7,41,4.3,3.0,0,543.8301178298589,37.062,37.062,2025-06-14 15:02:41
156.8,3.9,614.8,158.9,3.8,633.3,1181.8,59.98,212.1,5.5,7.0,846.7,41,4.3,3.0,0,543.8301178298589,36.875,36.875,2025-06-14 15:02:49
156.8,4.1,632.9,155.5,4.2,662.4,1231.1,60.03,212.2,5.7,7.1,846.8,41,4.3,3.0,0,582.6751262462774,37.25,37.25,2025-06-14 15:03:43
154.1,4,624.9,157.9,4.2,640.8,1203.7,60.02,212.2,5.7,7.1,846.8,41.1,4.3,3.0,0,582.6751262462774,37.312,37.375,2025-06-14 15:03:51
157.5,3.9,643.2,157.5,4.1,681.5,1257.0,60.02,212.4,5.7,7.1,846.8,40.9,4.3,3.0,0,621.5201346626959,36.875,36.875,2025-06-14 15:04:46
156,4,628.0,156.5,4.2,657.6,1222.3,60.03,212.4,5.5,7.1,846.8,40.8,4.3,3.0,0,582.6751262462774,36.875,36.875,2025-06-14 15:04:54
157.7,2.3,349.1,152.4,2.2,341.3,665.2,60.04,211.7,3.1,7.1,846.8,40.8,4.3,3.0,0,271.91505891492943,36.5,36.5,2025-06-14 15:05:48
155.5,2.2,365.5,152.4,2.2,338.3,676.5,60.03,211.7,3.1,7.1,846.8,40.7,4.3,3.0,0,271.91505891492943,36.5,36.437,2025-06-14 15:05:56
153.4,2.5,383.0,151,2.3,346.6,699.8,60.02,211.5,3.3,7.1,846.8,40.6,4.3,3.0,0,271.91505891492943,35.625,35.625,2025-06-14 15:06:51
155.3,2.3,364.5,150.9,2.2,332.5,670.6,60.02,211.4,3.1,7.1,846.8,40.6,4.3,3.0,0,271.91505891492943,35.562,35.562,2025-06-14 15:06:59
155.3,2.5,381.4,154.2,2.3,347.3,699.2,60,211.4,3.5,7.1,846.8,40.6,4.3,3.0,0,310.76006733134795,35.187,35.187,2025-06-14 15:07:53
152.6,3.3,489.9,154.2,3.4,481.1,925.2,60.03,211.8,4.7,7.1,846.8,40.6,4.3,3.0,0,504.9851094134404,35.187,35.125,2025-06-14 15:08:01
155.6,3.3,498.7,151.3,3.9,563.8,1016.3,59.99,211.9,4.9,7.1,846.8,40.8,4.4,3.0,0,504.9851094134404,35.312,35.312,2025-06-14 15:08:56
155.6,3.4,495.5,151.6,3.7,539.6,998.6,59.98,211.9,4.9,7.1,846.8,40.8,4.4,3.0,0,504.9851094134404,35.312,35.375,2025-06-14 15:09:03
150.9,4.1,610.1,152.3,4.3,643.7,1188.6,60,212.2,5.5,7.2,846.9,40.9,4.4,3.0,0,582.6751262462774,35.625,35.625,2025-06-14 15:09:58
151.3,4,599.7,151.2,4.2,633.6,1169.6,60.03,212.1,5.4,7.2,846.9,40.9,4.4,3.0,0,582.6751262462774,35.687,35.75,2025-06-14 15:10:06
158.2,3.5,555.4,157.4,3.7,575.2,1075.8,59.96,212.1,5,7.2,846.9,41.1,4.4,3.1,0,504.9851094134404,36.437,36.437,2025-06-14 15:11:01
160.1,3.2,533.9,152.8,3.6,562.7,1047.4,59.98,212,4.7,7.2,846.9,41.1,4.4,3.1,0,466.14010099702193,36.5,36.5,2025-06-14 15:11:08
152.5,3.4,511.7,152.6,3.6,540.6,1002.4,59.98,212,4.7,7.2,846.9,41,4.4,3.1,0,466.14010099702193,35.937,35.937,2025-06-14 15:12:03
150.8,3.5,527.7,149.4,3.7,563.2,1036.5,59.99,212.1,4.7,7.2,846.9,41.1,4.4,3.1,0,466.14010099702193,35.875,35.937,2025-06-14 15:12:11
157,2.1,356.7,156.4,2.1,319.8,653.6,60,211.5,2.9,7.2,846.9,41.1,4.4,3.1,0,233.07005049851097,36.187,36.187,2025-06-14 15:13:06
153.7,2.2,338.7,155.1,2,305.6,623.2,59.98,211.4,3,7.2,846.9,41.1,4.4,3.1,0,233.07005049851097,36.187,36.187,2025-06-14 15:13:13
151.5,2,308.9,151.8,1.8,270.1,559.9,60.02,211.5,2.6,7.2,846.9,40.9,4.4,3.1,0,194.22504208209244,35.437,35.437,2025-06-14 15:14:08
153.9,2,313.9,149.5,1.7,270.6,564.5,60.02,211.4,2.6,7.2,846.9,40.9,4.4,3.1,0,194.22504208209244,35.375,35.375,2025-06-14 15:14:16
154.1,2,319.1,152.4,1.8,275.0,575.7,60.02,211.6,2.7,7.2,846.9,40.8,4.4,3.1,0,194.22504208209244,34.75,34.75,2025-06-14 15:15:11
156.8,2.1,319.2,152.4,1.8,274.6,575.1,60.01,211.4,2.7,7.2,846.9,40.8,4.4,3.1,0,194.22504208209244,34.75,34.687,2025-06-14 15:15:18
153.8,1.9,302.3,152.4,1.7,256.9,543.6,59.99,211.2,2.5,7.2,846.9,40.7,4.4,3.1,0,194.22504208209244,34.562,34.625,2025-06-14 15:16:13
156.8,1.9,301.1,152.5,1.7,256.3,542.3,59.98,211.3,2.5,7.2,846.9,40.7,4.4,3.1,0,194.22504208209244,34.562,34.562,2025-06-14 15:16:21
153.6,2.1,324.0,152.4,1.8,283.5,587.1,60.03,211.4,2.8,7.2,846.9,40.6,4.4,3.1,0,233.07005049851097,34.125,34.125,2025-06-14 15:17:16
156.7,2,318.5,149.5,1.9,284.2,587.5,60.02,211.4,2.8,7.3,847.0,40.6,4.4,3.1,0,233.07005049851097,34.187,34.187,2025-06-14 15:17:23
153.9,2,310.9,149.6,1.8,278.7,570.6,60.03,211.5,2.7,7.3,847.0,40.5,4.4,3.1,0,233.07005049851097,34.125,34.125,2025-06-14 15:18:18
156.8,2,314.2,151.6,1.8,278.3,573.0,60.04,211.6,2.7,7.3,847.0,40.5,4.4,3.1,0,233.07005049851097,34.125,34.125,2025-06-14 15:18:26
156.5,1.9,305.1,149.2,1.8,278.2,567.1,60,211.7,2.7,7.3,847.0,40.4,4.4,3.1,0,233.07005049851097,33.875,33.875,2025-06-14 15:19:20
154.6,2,308.5,151.3,1.9,284.8,575.0,60,211.7,2.7,7.3,847.0,40.3,4.4,3.1,0,233.07005049851097,33.875,33.937,2025-06-14 15:19:28
156.8,1.9,294.3,151.5,1.7,266.4,543.6,60.01,211.1,2.5,7.3,847.0,40.2,4.4,3.1,0,194.22504208209244,33.75,33.812,2025-06-14 15:20:23
158.4,1.8,296.6,148.9,1.8,268.6,544.5,60.02,211.1,2.5,7.3,847.0,40.2,4.4,3.1,0,194.22504208209244,33.75,33.75,2025-06-14 15:20:31
156.2,1.8,289.9,151,1.7,253.4,528.0,60.04,211.3,2.4,7.3,847.0,40.1,4.4,3.1,0,194.22504208209244,33.75,33.687,2025-06-14 15:21:25
158.4,1.9,277.6,152.3,1.6,255.9,530.5,60.03,211.3,2.5,7.3,847.0,40.1,4.4,3.1,0,194.22504208209244,33.562,33.562,2025-06-14 15:21:33
154.2,2,319.2,151.3,1.8,286.7,585.2,60,211.2,2.8,7.3,847.0,40,4.4,3.1,0,233.07005049851097,33.25,33.312,2025-06-14 15:22:28
156.9,2.1,326.8,154,1.9,295.7,601.9,60,211.3,2.8,7.3,847.0,40,4.4,3.1,0,233.07005049851097,33.312,33.312,2025-06-14 15:22:35
153.8,1.9,297.5,151,1.6,258.4,537.7,60,211.4,2.5,7.3,847.0,39.9,4.4,3.1,0,194.22504208209244,33.312,33.312,2025-06-14 15:23:30
156.8,1.9,298.5,150.9,1.6,250.6,532.9,60,211.5,2.4,7.3,847.0,39.9,4.4,3.1,0,194.22504208209244,33.187,33.187,2025-06-14 15:23:38
155.3,1.9,294.3,147.8,1.5,231.3,512.3,60.01,211.3,2.4,7.3,847.0,39.8,4.4,3.1,0,194.22504208209244,33.187,33.25,2025-06-14 15:24:33
158.4,1.8,294.5,150.8,1.5,233.9,513.8,60.01,211.3,2.4,7.3,847.0,39.8,4.5,3.1,0,194.22504208209244,33.187,33.187,2025-06-14 15:24:40
158.2,1.9,310.2,150.9,1.5,231.2,526.5,60.03,211.5,2.4,7.3,847.0,39.7,4.5,3.1,0,194.22504208209244,32.75,32.75,2025-06-14 15:25:35
158.3,2,311.7,153.9,1.4,227.9,524.8,60.03,211.6,2.5,7.3,847.0,39.7,4.5,3.1,0,194.22504208209244,32.562,32.5,2025-06-14 15:25:43
158.1,2,320.1,151,1.5,227.0,531.6,60.02,211.2,2.5,7.3,847.0,39.6,4.5,3.1,0,194.22504208209244,32.187,32.187,2025-06-14 15:26:38
158.3,2.1,322.8,153.9,1.4,224.7,532.8,60.03,211.2,2.5,7.3,847.0,39.6,4.5,3.1,0,194.22504208209244,32.125,32.187,2025-06-14 15:26:45
160.4,1.9,317.9,148.3,1.5,224.9,529.0,59.98,211,2.5,7.3,847.0,39.4,4.5,3.1,0,194.22504208209244,32.062,32.062,2025-06-14 15:27:40
157.2,2,317.9,152,1.5,223.4,528.0,59.98,211,2.5,7.3,847.0,39.4,4.5,3.1,0,194.22504208209244,32.0,32.0,2025-06-14 15:27:48
158.4,2,314.2,153.9,1.5,231.5,531.2,59.98,211,2.5,7.4,847.1,39.4,4.5,3.1,0,233.07005049851097,31.625,31.625,2025-06-14 15:28:43
160.1,2,295.4,155.2,1.4,230.4,512.6,59.98,210.9,2.4,7.4,847.1,39.4,4.5,3.1,0,194.22504208209244,31.562,31.562,2025-06-14 15:28:50
155.3,1.8,288.0,153.8,1.4,220.3,496.6,60,211.4,2.3,7.4,847.1,39.3,4.5,3.1,0,194.22504208209244,31.812,31.812,2025-06-14 15:29:45
156.5,1.8,282.4,152.4,1.4,213.4,484.8,59.99,211.3,2.2,7.4,847.1,39.3,4.5,3.1,0,194.22504208209244,31.812,31.812,2025-06-14 15:29:53
155.3,1.6,255.1,154,1.2,191.3,437.7,60,211.3,2,7.4,847.1,39.1,4.5,3.2,0,155.38003366567398,31.875,31.875,2025-06-14 15:30:48
155.1,1.6,250.9,147.9,1.2,187.6,429.3,60,211.2,2,7.4,847.1,39.1,4.5,3.2,0,155.38003366567398,31.875,31.875,2025-06-14 15:30:55
152.4,1.5,230.6,150.9,1.1,177.2,398.8,60.01,211.2,1.9,7.4,847.1,39,4.5,3.2,0,155.38003366567398,31.937,31.937,2025-06-14 15:31:50
155.3,1.5,232.5,150.9,1.1,174.0,398.5,60.02,211.2,1.8,7.4,847.1,39,4.5,3.2,0,155.38003366567398,32.0,32.0,2025-06-14 15:31:58
155,1.4,221.4,148,1,162.9,377.3,59.98,211.4,1.7,7.4,847.1,38.9,4.5,3.2,0,155.38003366567398,31.937,31.937,2025-06-14 15:32:52
152.1,1.4,218.1,151,1,163.3,373.6,59.97,211.4,1.7,7.4,847.1,38.9,4.5,3.2,0,155.38003366567398,31.875,31.875,2025-06-14 15:33:00
157.1,1.2,205.3,150.8,0.9,150.3,348.8,59.97,211.2,1.6,7.4,847.1,38.8,4.5,3.2,0,116.53502524925548,31.562,31.625,2025-06-14 15:33:55
155.5,1.3,203.7,150.8,0.9,148.7,345.4,59.99,211.3,1.6,7.4,847.1,38.8,4.5,3.2,0,116.53502524925548,31.625,31.625,2025-06-14 15:34:03
154.3,1.2,200.9,149,0.9,143.1,337.4,60.01,211.2,1.6,7.4,847.1,38.7,4.5,3.2,0,116.53502524925548,31.312,31.312,2025-06-14 15:34:57
155.2,1.3,204.7,154.1,0.9,142.0,340.1,59.98,211.2,1.6,7.4,847.1,38.7,4.5,3.2,0,116.53502524925548,31.312,31.312,2025-06-14 15:35:05
157.1,1.2,195.3,153.9,0.8,139.4,327.8,59.98,211.3,1.5,7.4,847.1,38.6,4.5,3.2,0,116.53502524925548,31.125,31.187,2025-06-14 15:36:00
155.8,1.2,199.4,148.9,0.9,137.6,330.3,59.99,211.2,1.5,7.4,847.1,38.6,4.5,3.2,0,116.53502524925548,31.187,31.187,2025-06-14 15:36:08
155.3,1.2,190.9,149.9,0.8,131.2,317.2,60.02,210.9,1.5,7.4,847.1,38.5,4.5,3.2,0,116.53502524925548,30.562,30.562,2025-06-14 15:37:02
152.3,1.1,186.6,151,0.8,130.8,311.2,60.01,210.8,1.4,7.4,847.1,38.5,4.5,3.2,0,116.53502524925548,30.562,30.562,2025-06-14 15:37:10
156.7,1.1,188.5,151,0.8,126.6,308.5,60.02,211.1,1.4,7.4,847.1,38.3,4.5,3.2,0,116.53502524925548,30.437,30.437,2025-06-14 15:38:05
155.4,1.1,190.1,151.3,0.7,126.3,310.3,60.03,211.1,1.4,7.4,847.1,38.3,4.5,3.2,0,116.53502524925548,30.437,30.437,2025-06-14 15:38:12
152.4,1.2,190.0,154,0.8,127.4,311.4,59.97,211.1,1.4,7.4,847.1,38.3,4.5,3.2,0,116.53502524925548,30.312,30.312,2025-06-14 15:39:07
158.1,1.2,189.2,151.1,0.8,129.8,315.0,59.97,211.2,1.4,7.4,847.1,38.2,4.5,3.2,0,116.53502524925548,30.25,30.312,2025-06-14 15:39:15
152.4,1.2,191.4,151,0.8,133.4,318.1,59.98,211.1,1.5,7.4,847.1,38.1,4.5,3.2,0,116.53502524925548,30.312,30.375,2025-06-14 15:40:10
155.2,1.2,192.1,147.9,0.8,132.3,318.2,59.97,211.1,1.5,7.4,847.1,38.1,4.5,3.2,0,116.53502524925548,30.375,30.375,2025-06-14 15:40:17
155.3,1.2,196.0,154,0.8,140.0,328.8,60.04,211.1,1.5,7.4,847.1,38.1,4.5,3.2,0,116.53502524925548,30.375,30.375,2025-06-14 15:41:12
158.5,1.2,195.6,153.9,0.9,141.0,328.9,60.04,211.2,1.6,7.4,847.1,38.1,4.5,3.2,0,116.53502524925548,30.312,30.25,2025-06-14 15:41:20
158.4,1.1,191.7,151.8,0.9,144.6,329.6,60.03,211.1,1.5,7.4,847.1,38,4.5,3.2,0,116.53502524925548,30.062,30.125,2025-06-14 15:42:15
155,1.2,190.8,154,0.8,145.0,329.2,60.01,211,1.5,7.4,847.1,38,4.5,3.2,0,116.53502524925548,30.125,30.125,2025-06-14 15:42:22
155.3,1.2,191.7,153.9,0.9,149.9,334.5,60.01,211.2,1.5,7.4,847.1,37.9,4.5,3.2,0,116.53502524925548,30.187,30.187,2025-06-14 15:43:17
155.2,1.2,191.4,154,0.9,150.2,334.3,60.05,211.2,1.5,7.4,847.1,37.9,4.5,3.2,0,116.53502524925548,30.187,30.187,2025-06-14 15:43:25
155.4,1.2,196.5,150.8,1,158.7,348.2,59.98,211.1,1.6,7.4,847.1,37.8,4.5,3.2,0,116.53502524925548,30.25,30.25,2025-06-14 15:44:20
158.1,1.2,197.4,153.9,1,161.0,351.3,59.99,211.2,1.6,7.4,847.1,37.8,4.5,3.2,0,116.53502524925548,30.312,30.312,2025-06-14 15:44:27
158,1.2,197.2,153.9,1,166.9,357.8,60,211.1,1.7,7.5,847.2,37.7,4.5,3.2,0,116.53502524925548,30.437,30.437,2025-06-14 15:45:22
155.4,1.2,198.6,151,1,164.9,356.4,60,211.1,1.7,7.5,847.2,37.7,4.5,3.2,0,116.53502524925548,30.437,30.5,2025-06-14 15:45:30
161.2,1.3,202.6,148,1.2,183.6,386.5,59.98,211,1.9,7.5,847.2,37.7,4.5,3.2,0,116.53502524925548,30.625,30.625,2025-06-14 15:46:24
158.2,1.4,220.8,148.1,1.2,187.7,401.0,60.01,211.1,1.9,7.5,847.2,37.7,4.5,3.2,0,155.38003366567398,30.625,30.625,2025-06-14 15:46:32
154.9,1.6,258.9,149.4,1.6,234.7,481.4,60.02,211.3,2.2,7.5,847.2,37.7,4.5,3.2,0,194.22504208209244,30.437,30.437,2025-06-14 15:47:27
161.3,1.7,254.6,152.3,1.5,238.2,482.2,60.03,211.3,2.3,7.5,847.2,37.7,4.5,3.2,0,194.22504208209244,30.5,30.562,2025-06-14 15:47:35
161.6,1.6,269.4,156.7,1.5,230.4,487.8,60,211.4,2.3,7.5,847.2,37.7,4.5,3.2,0,194.22504208209244,30.687,30.687,2025-06-14 15:48:29
155.3,1.7,275.8,155.5,1.5,243.2,505.2,60.04,211.6,2.4,7.5,847.2,37.7,4.5,3.2,0,194.22504208209244,30.75,30.75,2025-06-14 15:48:37
161.2,1.9,307.1,160.1,1.8,288.7,576.6,59.97,211.5,2.7,7.5,847.2,37.7,4.5,3.2,0,233.07005049851097,31.125,31.125,2025-06-14 15:49:32
158.4,1.9,310.7,157,1.9,298.8,589.2,59.99,211.5,2.7,7.5,847.2,37.8,4.5,3.2,0,233.07005049851097,31.187,31.187,2025-06-14 15:49:40
154.9,1.8,286.7,153.5,1.5,236.8,505.1,59.99,211.6,2.4,7.5,847.2,37.7,4.6,3.2,0,194.22504208209244,31.562,31.562,2025-06-14 15:50:34
158.3,1.8,287.4,153.9,1.5,233.9,506.8,59.99,211.5,2.4,7.5,847.2,37.8,4.6,3.2,0,194.22504208209244,31.562,31.625,2025-06-14 15:50:42
158.3,1.8,282.9,152.2,1.4,216.2,485.9,60.03,211.4,2.2,7.5,847.2,37.8,4.6,3.2,0,194.22504208209244,31.687,31.687,2025-06-14 15:51:37
155.9,1.8,281.3,153.9,1.4,218.7,487.0,60,211.3,2.3,7.5,847.2,37.8,4.6,3.2,0,194.22504208209244,31.687,31.75,2025-06-14 15:51:44
159,1.7,284.9,156,1.4,219.2,492.0,60.02,211.6,2.3,7.5,847.2,37.7,4.6,3.2,0,194.22504208209244,31.875,31.875,2025-06-14 15:52:39
157.6,1.8,283.2,153.2,1.4,225.9,498.8,60,211.6,2.3,7.5,847.2,37.7,4.6,3.2,0,194.22504208209244,31.875,31.875,2025-06-14 15:52:47
159.1,1.8,294.3,155.4,1.6,252.4,531.7,59.96,211.7,2.5,7.5,847.2,37.7,4.6,3.2,0,194.22504208209244,31.687,31.687,2025-06-14 15:53:42
158.3,1.8,293.5,158.1,1.6,245.4,524.5,59.97,211.4,2.4,7.5,847.2,37.7,4.6,3.2,0,194.22504208209244,31.75,31.75,2025-06-14 15:53:49
152.6,1.9,304.6,155.7,1.7,277.4,561.5,59.99,211.5,2.6,7.5,847.2,37.7,4.6,3.2,0,233.07005049851097,31.875,31.875,2025-06-14 15:54:44
150.9,2,304.2,161.3,1.8,290.0,573.5,59.97,211.5,2.7,7.5,847.2,37.7,4.6,3.2,0,233.07005049851097,31.875,31.875,2025-06-14 15:54:52
150.9,2,304.8,155.3,1.9,296.8,580.4,59.99,211.6,2.7,7.5,847.2,37.7,4.6,3.2,0,233.07005049851097,31.937,31.937,2025-06-14 15:55:47
150.9,2,303.0,161.2,1.8,284.8,568.8,60,211.7,2.7,7.5,847.2,37.8,4.6,3.2,0,233.07005049851097,31.875,31.875,2025-06-14 15:55:54
150.9,1.9,288.5,152,1.6,252.4,524.5,59.97,211.5,2.4,7.6,847.3,37.7,4.6,3.2,0,194.22504208209244,31.937,31.937,2025-06-14 15:56:49
155.3,1.8,289.3,158.3,1.6,246.0,521.0,60,211.6,2.4,7.6,847.3,37.7,4.6,3.2,0,194.22504208209244,31.875,31.875,2025-06-14 15:56:57
161.1,1.8,303.6,156.7,1.8,287.1,571.9,60.03,211.3,2.6,7.6,847.3,37.7,4.6,3.2,0,233.07005049851097,31.812,31.812,2025-06-14 15:57:52
158.3,1.9,298.1,154.1,1.6,260.3,542.0,60.04,211.2,2.6,7.6,847.3,37.7,4.6,3.2,0,194.22504208209244,31.75,31.75,2025-06-14 15:57:59
161.1,1.9,307.7,156.7,1.8,304.6,587.7,59.98,211.3,2.8,7.6,847.3,37.7,4.6,3.2,0,233.07005049851097,31.687,31.687,2025-06-14 15:58:54
158.3,1.9,307.9,157.6,1.9,296.5,584.6,59.96,211.4,2.7,7.6,847.3,37.8,4.6,3.2,0,233.07005049851097,31.625,31.625,2025-06-14 15:59:02
158.2,1.8,297.2,156.6,1.6,262.6,542.2,59.99,211.2,2.5,7.6,847.3,37.7,4.6,3.2,0,194.22504208209244,31.687,31.687,2025-06-14 15:59:56
157.6,1.8,289.4,153.9,1.6,251.2,524.5,59.99,211.1,2.5,7.6,847.3,37.7,4.6,3.2,0,194.22504208209244,31.75,31.75,2025-06-14 16:00:04
160.9,1.8,277.2,150.5,1.6,244.1,508.1,60,211.3,2.3,7.6,847.3,37.7,4.6,3.3,0,194.22504208209244,31.75,31.75,2025-06-14 16:00:59
158.2,1.8,285.7,150.8,1.5,235.9,506.3,60,211.4,2.4,7.6,847.3,37.7,4.6,3.3,0,194.22504208209244,31.812,31.812,2025-06-14 16:01:07
158.5,1.7,272.2,152.6,1.5,228.5,489.1,60.02,211.6,2.3,7.6,847.3,37.7,4.6,3.3,0,194.22504208209244,31.875,31.875,2025-06-14 16:02:01
161.6,1.6,260.4,155.3,1.4,227.5,477.3,60,211.5,2.2,7.6,847.3,37.7,4.6,3.3,0,194.22504208209244,31.937,31.937,2025-06-14 16:02:09
158.4,1.6,249.3,152.3,1.3,205.5,444.9,60.02,211.7,2,7.6,847.3,37.7,4.6,3.3,0,155.38003366567398,31.937,32.0,2025-06-14 16:03:04
158.2,1.5,244.6,155.2,1.3,203.4,438.6,60.04,211.6,2,7.6,847.3,37.7,4.6,3.3,0,155.38003366567398,31.937,31.937,2025-06-14 16:03:12
161.2,1.4,214.0,155.2,1.3,209.8,422.6,60.02,211.5,2,7.6,847.3,37.6,4.6,3.3,0,155.38003366567398,31.875,31.875,2025-06-14 16:04:06
158.4,1.4,222.2,155.2,1.3,204.3,418.3,60.02,211.5,1.9,7.6,847.3,37.6,4.6,3.3,0,155.38003366567398,31.875,31.875,2025-06-14 16:04:14
155.2,1.2,200.1,156.7,1.1,183.1,375.5,60.04,211.2,1.7,7.6,847.3,37.6,4.6,3.3,0,155.38003366567398,31.75,31.75,2025-06-14 16:05:09
155.2,1.2,200.4,158.3,1.1,182.8,373.8,60.02,211.3,1.7,7.6,847.3,37.6,4.6,3.3,0,155.38003366567398,31.75,31.75,2025-06-14 16:05:16
154.9,1,165.4,152.6,0.7,124.1,284.4,59.99,211.5,1.3,7.6,847.3,37.5,4.6,3.3,0,77.69001683283699,31.5,31.5,2025-06-14 16:06:11
155.3,1,164.7,152.5,0.7,122.3,281.6,59.99,211.4,1.3,7.6,847.3,37.5,4.6,3.3,0,77.69001683283699,31.437,31.437,2025-06-14 16:06:19
157.6,0.9,160.8,150,0.7,110.5,266.3,59.98,211.1,1.2,7.6,847.3,37.4,4.6,3.3,0,77.69001683283699,31.125,31.187,2025-06-14 16:07:14
154,1,161.3,153.5,0.6,107.7,263.7,60,211.1,1.3,7.6,847.3,37.4,4.6,3.3,0,77.69001683283699,31.187,31.125,2025-06-14 16:07:21
155.3,1,173.4,151.6,0.6,103.2,273.6,59.97,211,1.2,7.6,847.3,37.4,4.6,3.3,0,77.69001683283699,30.5,30.5,2025-06-14 16:08:16
156.6,1,175.6,152.5,0.6,104.4,274.6,59.99,211,1.3,7.6,847.3,37.3,4.6,3.3,0,77.69001683283699,30.5,30.5,2025-06-14 16:08:24
152.5,1.2,188.5,152.2,0.6,108.0,290.6,60.02,210.7,1.4,7.6,847.3,37.2,4.6,3.3,0,77.69001683283699,30.0,30.062,2025-06-14 16:09:19
155.3,1.2,193.7,153.6,0.6,108.4,295.8,60.01,210.6,1.4,7.6,847.3,37.2,4.6,3.3,0,116.53502524925548,30.0,30.062,2025-06-14 16:09:26
152.5,1.3,203.0,155.2,0.7,114.2,310.9,60.02,211.1,1.4,7.6,847.3,37.2,4.6,3.3,0,116.53502524925548,30.062,30.062,2025-06-14 16:10:21
158.4,1.2,206.2,152.4,0.7,116.8,316.8,60.01,211.2,1.5,7.6,847.3,37.2,4.6,3.3,0,116.53502524925548,30.062,30.062,2025-06-14 16:10:29
155.3,1.2,208.8,155.3,0.7,119.7,322.1,59.99,211.1,1.5,7.7,847.4,37.2,4.6,3.3,0,116.53502524925548,29.812,29.812,2025-06-14 16:11:23
152.2,1.3,204.8,152.5,0.7,120.8,319.2,60,211,1.5,7.7,847.4,37.2,4.6,3.3,0,116.53502524925548,29.687,29.75,2025-06-14 16:11:31
152.4,1.2,201.6,152.2,0.8,124.4,319.7,60.01,211.2,1.5,7.7,847.4,37.1,4.6,3.3,0,116.53502524925548,29.562,29.562,2025-06-14 16:12:26
154.7,1.2,204.7,152.5,0.8,125.1,323.3,59.99,211.3,1.4,7.7,847.4,37.1,4.6,3.3,0,116.53502524925548,29.437,29.437,2025-06-14 16:12:34
155.4,1.2,203.3,152.4,0.8,124.2,321.6,60.03,211.4,1.4,7.7,847.4,37,4.6,3.3,0,116.53502524925548,29.0,29.0,2025-06-14 16:13:28
152.4,1.2,199.8,155.5,0.7,123.3,317.0,60.02,211.4,1.5,7.7,847.4,37,4.6,3.3,0,116.53502524925548,29.0,29.0,2025-06-14 16:13:36
152.7,1.2,190.2,155.4,0.7,119.8,304.1,60.04,211.4,1.4,7.7,847.4,36.9,4.7,3.3,0,116.53502524925548,29.187,29.187,2025-06-14 16:14:31
158.3,1.1,187.3,151.2,0.7,120.7,302.1,60.04,211.4,1.4,7.7,847.4,36.9,4.7,3.3,0,77.69001683283699,29.187,29.187,2025-06-14 16:14:39
158.4,1.1,181.5,151.7,0.7,122.5,298.0,60.01,211.3,1.4,7.7,847.4,36.9,4.7,3.3,0,116.53502524925548,29.187,29.187,2025-06-14 16:15:33
154.1,1.1,180.7,152.4,0.7,124.4,299.4,60.01,211.3,1.4,7.7,847.4,36.8,4.7,3.3,0,116.53502524925548,29.125,29.125,2025-06-14 16:15:41
154.5,1.2,188.2,152.5,0.8,128.8,311.2,59.97,211.4,1.4,7.7,847.4,36.8,4.7,3.3,0,116.53502524925548,29.25,29.25,2025-06-14 16:16:36
158.3,1.1,191.6,153.5,0.8,130.0,315.3,59.99,211.4,1.5,7.7,847.4,36.8,4.7,3.3,0,116.53502524925548,29.25,29.25,2025-06-14 16:16:44
155.1,1.2,197.4,153.9,0.8,137.5,327.0,59.97,211.2,1.5,7.7,847.4,36.8,4.7,3.3,0,116.53502524925548,29.25,29.25,2025-06-14 16:17:38
158.4,1.2,198.3,149.5,0.8,135.3,327.0,59.96,211.2,1.5,7.7,847.4,36.8,4.7,3.3,0,116.53502524925548,29.25,29.25,2025-06-14 16:17:46
158.3,1.2,197.5,149.4,0.8,134.2,325.2,60.01,211.4,1.5,7.7,847.4,36.7,4.7,3.3,0,116.53502524925548,29.187,29.187,2025-06-14 16:18:41
158.8,1.1,198.8,154.9,0.8,136.3,320.2,59.98,211.4,1.5,7.7,847.4,36.7,4.7,3.3,0,116.53502524925548,29.187,29.187,2025-06-14 16:18:48
155.2,1.2,199.4,152.4,0.9,138.8,331.8,60,211.4,1.5,7.7,847.4,36.6,4.7,3.3,0,116.53502524925548,29.187,29.25,2025-06-14 16:19:43
158.5,1.2,200.7,152.4,0.8,139.0,333.2,60.02,211.4,1.5,7.7,847.4,36.6,4.7,3.3,0,116.53502524925548,29.25,29.312,2025-06-14 16:19:51
158.3,1.1,202.3,152.4,0.8,138.9,334.5,60.04,211.5,1.5,7.7,847.4,36.6,4.7,3.3,0,116.53502524925548,29.437,29.437,2025-06-14 16:20:45
155.3,1.2,199.1,149.1,0.8,136.0,328.7,60.02,211.4,1.5,7.7,847.4,36.6,4.7,3.3,0,116.53502524925548,29.437,29.5,2025-06-14 16:20:53
158.1,1.2,196.0,149.4,0.8,134.7,327.1,60.01,211.2,1.5,7.7,847.4,36.5,4.7,3.3,0,116.53502524925548,29.562,29.562,2025-06-14 16:21:48
158.4,1.2,199.4,155.3,0.8,135.0,327.9,60.02,211.4,1.4,7.7,847.4,36.5,4.7,3.3,0,116.53502524925548,29.562,29.562,2025-06-14 16:21:56
155.1,1.1,190.8,153.6,0.8,129.1,313.6,59.98,211.2,1.5,7.7,847.4,36.5,4.7,3.3,0,116.53502524925548,29.625,29.625,2025-06-14 16:22:50
155.2,1.1,189.1,152.5,0.8,129.0,312.0,60,211.2,1.4,7.7,847.4,36.5,4.7,3.3,0,116.53502524925548,29.625,29.625,2025-06-14 16:22:58
155.3,1.1,177.6,152.2,0.7,122.9,294.5,60.01,211.3,1.3,7.7,847.4,36.5,4.7,3.3,0,77.69001683283699,29.5,29.562,2025-06-14 16:23:53
155.4,1,175.5,149.5,0.7,119.6,289.5,60.02,211.2,1.3,7.7,847.4,36.5,4.7,3.3,0,116.53502524925548,29.5,29.5,2025-06-14 16:24:01
153.9,1,166.5,153.8,0.6,111.6,272.7,60.01,211.5,1.2,7.7,847.4,36.4,4.7,3.3,0,77.69001683283699,29.375,29.437,2025-06-14 16:24:55
158.3,0.9,163.6,149.4,0.7,109.6,267.9,60.01,211.7,1.2,7.7,847.4,36.4,4.7,3.3,0,77.69001683283699,29.375,29.375,2025-06-14 16:25:03
158.3,0.9,158.8,153.6,0.6,106.0,259.7,60.02,211.6,1.2,7.7,847.4,36.4,4.7,3.3,0,77.69001683283699,29.25,29.25,2025-06-14 16:25:58
152.7,0.9,156.5,149.9,0.6,104.4,255.9,60.04,211.7,1.2,7.7,847.4,36.4,4.7,3.3,0,77.69001683283699,29.187,29.187,2025-06-14 16:26:06
153.6,0.9,155.9,152.3,0.6,101.8,253.0,60.04,211.8,1.1,7.7,847.4,36,4.7,3.3,0,77.69001683283699,28.875,28.875,2025-06-14 16:27:00
155.2,0.9,155.5,152.4,0.6,102.6,253.4,60.03,211.7,1.2,7.7,847.4,36,4.7,3.3,0,77.69001683283699,28.812,28.812,2025-06-14 16:27:08
155.2,0.9,151.5,152.4,0.6,100.0,246.7,59.99,211.5,1.1,7.7,847.4,36,4.7,3.3,0,77.69001683283699,28.437,28.437,2025-06-14 16:28:03
155.6,0.8,150.0,152.4,0.6,99.4,244.8,60.01,211.5,1.1,7.7,847.4,36,4.7,3.3,0,77.69001683283699,28.437,28.437,2025-06-14 16:28:11
158.8,0.8,145.2,152.3,0.6,98.1,238.7,60.03,211.5,1.1,7.7,847.4,35.9,4.7,3.3,0,77.69001683283699,28.437,28.437,2025-06-14 16:29:05
152.4,0.8,144.2,149.3,0.6,97.8,237.4,60.02,211.4,1.1,7.7,847.4,35.9,4.7,3.3,0,77.69001683283699,28.437,28.437,2025-06-14 16:29:13
152.4,0.8,140.0,149.3,0.5,95.3,230.7,60.02,211.3,1,7.7,847.4,35.9,4.7,3.3,0,77.69001683283699,28.312,28.375,2025-06-14 16:30:08
155.2,0.8,141.9,152.4,0.5,95.5,232.9,60.03,211.4,1,7.7,847.4,35.9,4.7,3.3,0,77.69001683283699,28.375,28.312,2025-06-14 16:30:16
152.3,0.8,137.7,152.5,0.5,93.7,226.7,60,212.6,1,7.7,847.4,35.8,4.7,3.3,0,77.69001683283699,28.375,28.437,2025-06-14 16:31:10
155.1,0.8,137.8,146.2,0.5,92.2,225.6,59.99,212.6,1,7.7,847.4,35.8,4.7,3.3,0,77.69001683283699,28.375,28.375,2025-06-14 16:31:18
153.7,0.8,136.5,150.9,0.5,90.7,222.7,60.01,212.5,1,7.8,847.5,35.8,4.7,3.3,0,77.69001683283699,28.312,28.312,2025-06-14 16:32:13
158.1,0.7,134.2,151.7,0.5,90.7,220.6,60.03,212.5,1,7.8,847.5,35.8,4.7,3.3,0,77.69001683283699,28.25,28.312,2025-06-14 16:32:21
158.3,0.7,131.9,149.5,0.5,89.0,216.6,60,213,1,7.8,847.5,35.7,4.7,3.3,0,77.69001683283699,28.312,28.312,2025-06-14 16:33:15
152.7,0.8,131.6,149.7,0.5,89.0,216.3,59.99,213.1,1,7.8,847.5,35.7,4.7,3.3,0,77.69001683283699,28.312,28.312,2025-06-14 16:33:23
156.3,0.7,129.4,149.4,0.5,85.4,210.7,59.97,213.4,1,7.8,847.5,35.7,4.7,3.3,0,77.69001683283699,28.312,28.312,2025-06-14 16:34:17
152.6,0.7,126.9,149.3,0.5,85.4,208.3,60.03,213.6,0.9,7.8,847.5,35.7,4.7,3.3,0,77.69001683283699,28.312,28.312,2025-06-14 16:34:25
155.2,0.7,123.8,146.4,0.5,81.4,201.8,59.99,213.7,0.9,7.8,847.5,35.7,4.7,3.3,0,77.69001683283699,28.375,28.375,2025-06-14 16:35:20
155.4,0.6,123.5,149.6,0.5,82.2,201.7,60,213.7,0.9,7.8,847.5,35.7,4.7,3.3,0,77.69001683283699,28.437,28.437,2025-06-14 16:35:28
152.3,0.6,107.1,149.4,0.4,78.5,182.1,59.98,213.8,0.8,7.8,847.5,35.6,4.7,3.3,0,38.845008416418494,28.437,28.5,2025-06-14 16:36:22
155.5,0.6,105.3,149.1,0.4,76.8,179.4,59.98,213.7,0.8,7.8,847.5,35.6,4.7,3.3,0,38.845008416418494,28.437,28.437,2025-06-14 16:36:30
152.4,0.5,90.0,149.4,0.4,67.9,154.8,59.98,213.7,0.8,7.8,847.5,35.6,4.7,3.3,0,38.845008416418494,28.312,28.375,2025-06-14 16:37:25
155.3,0.4,88.5,149.4,0.3,66.8,152.3,59.98,213.7,0.7,7.8,847.5,35.5,4.7,3.3,0,38.845008416418494,28.312,28.312,2025-06-14 16:37:33
155.3,0.4,88.1,143.5,0.3,55.9,141.4,59.98,213.6,0.6,7.8,847.5,35.5,4.7,3.3,0,38.845008416418494,28.187,28.187,2025-06-14 16:38:27
152,0.5,89.1,146.9,0.3,56.0,142.5,59.98,213.7,0.6,7.8,847.5,35.5,4.7,3.3,0,38.845008416418494,28.25,28.25,2025-06-14 16:38:35
152.2,0.4,85.7,146.6,0.2,51.6,134.9,60.02,213.6,0.6,7.8,847.5,35.5,4.7,3.3,0,38.845008416418494,28.125,28.125,2025-06-14 16:39:30
152.4,0.4,84.2,146.5,0.2,52.2,133.9,60.01,213.7,0.7,7.8,847.5,35.5,4.7,3.3,0,38.845008416418494,28.0,28.0,2025-06-14 16:39:38
152.4,0.4,77.2,148,0.2,53.4,128.0,60.01,213.8,0.6,7.8,847.5,35.4,4.7,3.3,0,38.845008416418494,27.75,27.75,2025-06-14 16:40:32
154.6,0.4,78.2,145.7,0.2,53.0,126.3,60.01,213.7,0.6,7.8,847.5,35.4,4.7,3.3,0,38.845008416418494,27.75,27.75,2025-06-14 16:40:40
146.8,0.5,87.7,146.4,0.3,51.9,136.9,59.99,213.7,0.7,7.8,847.5,35.3,4.7,3.3,0,38.845008416418494,27.875,27.875,2025-06-14 16:41:35
147.8,0.5,89.3,143.2,0.3,52.0,138.7,59.98,213.7,0.7,7.8,847.5,35.3,4.7,3.3,0,38.845008416418494,27.875,27.875,2025-06-14 16:41:43
149.8,0.6,105.4,149.4,0.3,61.9,164.1,59.97,213.6,0.7,7.8,847.5,35.3,4.7,3.3,0,38.845008416418494,27.625,27.625,2025-06-14 16:42:37
151.1,0.6,107.6,152.5,0.3,63.0,167.3,59.99,213.6,0.7,7.8,847.5,35.3,4.7,3.3,0,38.845008416418494,27.562,27.562,2025-06-14 16:42:45
153.8,0.6,114.9,150.2,0.4,72.2,183.5,59.99,213.6,0.9,7.8,847.5,35.2,4.7,3.3,0,38.845008416418494,27.625,27.625,2025-06-14 16:43:40
156.9,0.5,115.4,153.8,0.4,70.4,182.4,60.01,213.7,0.8,7.8,847.5,35.2,4.7,3.3,0,38.845008416418494,27.625,27.625,2025-06-14 16:43:48
150.8,0.6,108.3,148.1,0.4,71.9,176.3,60.02,213.6,0.8,7.8,847.5,35.2,4.7,3.3,0,38.845008416418494,27.312,27.25,2025-06-14 16:44:42
156.9,0.6,108.7,151,0.3,71.3,176.7,60.01,213.5,0.8,7.8,847.5,35.1,4.7,3.3,0,38.845008416418494,27.25,27.25,2025-06-14 16:44:50
154.1,0.5,98.5,149.6,0.3,64.6,160.0,60.01,213.6,0.8,7.8,847.5,35,4.7,3.3,0,38.845008416418494,27.187,27.187,2025-06-14 16:45:44
153.8,0.5,96.9,149.5,0.3,62.9,156.0,59.99,213.5,0.7,7.8,847.5,35,4.7,3.3,0,38.845008416418494,27.187,27.25,2025-06-14 16:45:52
153.8,0.4,82.8,146.4,0.2,50.4,130.7,60.02,213.7,0.7,7.8,847.5,35,4.7,3.3,0,38.845008416418494,27.0,27.0,2025-06-14 16:46:47
150.9,0.4,79.4,149.2,0.2,49.9,126.9,60.02,213.5,0.7,7.8,847.5,35,4.7,3.3,0,38.845008416418494,27.0,26.937,2025-06-14 16:46:55
147.9,0.4,82.3,148.1,0.2,45.0,124.9,60.01,213.5,0.6,7.8,847.5,35,4.7,3.3,0,38.845008416418494,26.937,27.0,2025-06-14 16:47:49
147.9,0.4,82.8,150.9,0.2,44.3,124.8,60,213.5,0.6,7.8,847.5,35,4.7,3.3,0,38.845008416418494,27.0,26.937,2025-06-14 16:47:57
149.9,0.5,89.5,142.1,0.2,45.9,132.7,59.98,213.7,0.6,7.8,847.5,35,4.7,3.3,0,38.845008416418494,26.937,26.937,2025-06-14 16:48:52
146.9,0.5,90.0,146.4,0.2,47.0,134.4,59.98,213.6,0.7,7.8,847.5,35,4.7,3.3,0,38.845008416418494,26.937,26.937,2025-06-14 16:49:00
153.4,0.5,92.5,150.9,0.2,49.6,139.3,60.01,213.7,0.6,7.8,847.5,34.9,4.7,3.3,0,38.845008416418494,26.75,26.75,2025-06-14 16:49:54
153.9,0.5,90.0,146.7,0.2,50.7,138.9,60,213.7,0.7,7.8,847.5,34.9,4.7,3.3,0,38.845008416418494,26.75,26.75,2025-06-14 16:50:02
150.8,0.4,84.0,148.1,0.2,47.3,128.9,59.99,213.6,0.6,7.8,847.5,34.8,4.7,3.3,0,38.845008416418494,26.812,26.875,2025-06-14 16:50:57
156.8,0.4,83.1,148,0.2,47.1,128.2,59.98,213.7,0.5,7.8,847.5,34.8,4.7,3.3,0,38.845008416418494,26.875,26.875,2025-06-14 16:51:05
148,0.5,90.4,150.8,0.2,46.6,134.1,59.99,213.5,0.7,7.8,847.5,34.8,4.7,3.3,0,38.845008416418494,26.937,27.0,2025-06-14 16:51:59
147.9,0.5,92.1,153.9,0.2,44.8,134.4,59.99,213.6,0.7,7.8,847.5,34.7,4.7,3.3,0,38.845008416418494,26.937,26.937,2025-06-14 16:52:07
152.5,0.5,93.3,146.5,0.2,50.1,140.8,60,213.7,0.6,7.8,847.5,34.7,4.7,3.3,0,38.845008416418494,27.0,27.0,2025-06-14 16:53:02
155.2,0.5,93.2,146.5,0.2,50.7,141.5,60,213.7,0.7,7.8,847.5,34.6,4.7,3.3,0,38.845008416418494,27.0,27.0,2025-06-14 16:53:10
155.1,0.5,91.1,150.7,0.2,49.1,137.4,60.02,213.5,0.7,7.8,847.5,34.6,4.7,3.3,0,38.845008416418494,27.125,27.125,2025-06-14 16:54:04
152.3,0.4,88.7,148,0.2,52.3,137.9,59.99,213.5,0.7,7.8,847.5,34.6,4.7,3.3,0,38.845008416418494,27.125,27.187,2025-06-14 16:54:12
158.1,0.4,81.7,148,0.2,53.4,132.8,60,213.3,0.6,7.8,847.5,34.6,4.7,3.3,0,38.845008416418494,27.187,27.187,2025-06-14 16:55:07
152.8,0.4,84.5,146.1,0.3,52.6,134.6,60.02,213.3,0.7,7.8,847.5,34.6,4.7,3.3,0,38.845008416418494,27.125,27.125,2025-06-14 16:55:15
155,0.4,86.0,150.9,0.2,53.4,136.9,60,213.3,0.8,7.8,847.5,34.4,4.7,3.3,0,38.845008416418494,27.062,27.062,2025-06-14 16:56:09
153.4,0.4,89.5,153.9,0.2,50.9,137.8,60.01,213.4,0.6,7.8,847.5,34.4,4.7,3.3,0,38.845008416418494,27.062,27.062,2025-06-14 16:56:17
149.3,0.6,102.5,149.3,0.3,58.0,157.4,59.98,213.4,0.8,7.8,847.5,34.3,4.7,3.3,0,38.845008416418494,27.125,27.125,2025-06-14 16:57:12
148.5,0.6,105.0,151.8,0.3,59.5,161.3,59.96,213.5,0.7,7.8,847.5,34.3,4.7,3.3,0,38.845008416418494,27.125,27.187,2025-06-14 16:57:20
144.9,0.6,106.2,147.9,0.3,65.3,167.9,59.99,213.3,0.8,7.8,847.5,34.3,4.7,3.3,0,38.845008416418494,27.25,27.312,2025-06-14 16:58:14
150.9,0.6,108.0,153.9,0.3,64.4,169.8,60.02,213.2,0.8,7.8,847.5,34.3,4.7,3.3,0,38.845008416418494,27.312,27.312,2025-06-14 16:58:22
155.3,0.6,105.5,153.9,0.4,67.6,169.8,59.96,213.4,0.8,7.8,847.5,34.3,4.7,3.3,0,38.845008416418494,27.437,27.437,2025-06-14 16:59:16
155.2,0.6,106.4,150.8,0.4,69.0,172.4,59.99,213.5,0.8,7.8,847.5,34.3,4.7,3.3,0,38.845008416418494,27.5,27.5,2025-06-14 16:59:24
155.3,0.6,118.9,150.8,0.4,69.8,185.1,59.99,213.4,0.9,7.8,847.5,34.3,4.7,3.3,0,77.69001683283699,27.625,27.625,2025-06-14 17:00:19
152.6,0.7,119.1,151,0.4,71.5,186.9,59.99,213.4,0.8,7.8,847.5,34.3,4.7,3.3,0,77.69001683283699,27.625,27.625,2025-06-14 17:00:27
155.5,0.7,128.8,149.4,0.4,80.1,204.9,60.02,213.6,1,7.8,847.5,34.3,4.7,3.3,0,77.69001683283699,27.75,27.75,2025-06-14 17:01:21
158.3,0.7,128.8,152.3,0.4,80.9,205.9,60.02,213.6,0.9,7.8,847.5,34.3,4.8,3.3,0,77.69001683283699,27.75,27.75,2025-06-14 17:01:29
158.3,0.7,133.8,146.7,0.5,88.2,218.0,60.03,213.5,1,7.8,847.5,34.3,4.8,3.4,0,77.69001683283699,27.625,27.625,2025-06-14 17:02:24
155.2,0.8,133.2,150.8,0.5,91.7,220.7,60.03,213.5,1,7.8,847.5,34.3,4.8,3.4,0,77.69001683283699,27.625,27.625,2025-06-14 17:02:32
159.1,0.8,130.3,155.3,0.5,96.1,223.3,59.99,213.5,1,7.8,847.5,34.3,4.8,3.4,0,77.69001683283699,27.5,27.562,2025-06-14 17:03:26
158.4,0.8,135.2,149.4,0.5,97.9,229.8,60.02,213.5,1.1,7.8,847.5,34.3,4.8,3.4,0,77.69001683283699,27.5,27.562,2025-06-14 17:03:34
156.3,0.8,135.5,152.5,0.6,101.1,232.2,60.01,213.7,1.1,7.8,847.5,34.3,4.8,3.4,0,77.69001683283699,27.437,27.437,2025-06-14 17:04:29
160.2,0.8,127.4,151.1,0.6,102.2,224.9,60,213.7,1,7.8,847.5,34.3,4.8,3.4,0,77.69001683283699,27.437,27.437,2025-06-14 17:04:37
157,0.7,132.4,150.6,0.6,100.6,228.6,59.99,213.8,1,7.8,847.5,34.3,4.8,3.4,0,77.69001683283699,27.625,27.625,2025-06-14 17:05:31
157.3,0.7,133.2,155.3,0.5,98.1,226.8,59.99,213.7,1,7.8,847.5,34.3,4.8,3.4,0,77.69001683283699,27.625,27.625,2025-06-14 17:05:39
157,0.7,133.5,153.6,0.6,97.7,226.7,60.03,213.7,1.1,7.8,847.5,34.3,4.8,3.4,0,77.69001683283699,27.562,27.562,2025-06-14 17:06:34
157.7,0.8,134.0,152.4,0.6,99.8,228.9,60.04,213.7,1.1,7.8,847.5,34.3,4.8,3.4,0,77.69001683283699,27.625,27.625,2025-06-14 17:06:42
158.4,0.7,133.6,152.3,0.6,101.9,230.9,60.04,213.6,1,7.9,847.6,34.3,4.8,3.4,0,77.69001683283699,27.75,27.75,2025-06-14 17:07:36
155.2,0.8,133.6,152.4,0.6,101.8,230.4,60.04,213.6,1,7.9,847.6,34.3,4.8,3.4,0,77.69001683283699,27.75,27.75,2025-06-14 17:07:44
158.2,0.7,133.0,152.4,0.6,101.4,229.8,60.03,213.6,1,7.9,847.6,34.3,4.8,3.4,0,77.69001683283699,27.812,27.812,2025-06-14 17:08:39
155.3,0.8,134.7,155.6,0.5,98.5,228.8,60.03,213.6,1,7.9,847.6,34.3,4.8,3.4,0,77.69001683283699,27.812,27.812,2025-06-14 17:08:46
158.3,0.7,130.6,155.4,0.5,95.0,221.2,60.02,213.6,1,7.9,847.6,34.3,4.8,3.4,0,77.69001683283699,27.875,27.875,2025-06-14 17:09:41
155.2,0.7,128.8,149.4,0.5,96.0,220.4,59.99,213.6,1.1,7.9,847.6,34.3,4.8,3.4,0,38.845008416418494,27.812,27.875,2025-06-14 17:09:49
155.2,0.7,129.5,152.4,0.5,92.5,217.7,60.02,213.5,1,7.9,847.6,34.2,4.8,3.4,0,77.69001683283699,27.562,27.625,2025-06-14 17:10:43
158.4,0.7,128.7,152.4,0.5,92.2,216.7,60.03,213.5,0.9,7.9,847.6,34.2,4.8,3.4,0,38.845008416418494,27.562,27.562,2025-06-14 17:10:51
152.4,0.7,123.0,149.4,0.5,87.2,206.5,60.02,213.6,0.9,7.9,847.6,34.2,4.8,3.4,0,77.69001683283699,27.312,27.312,2025-06-14 17:11:46
155.1,0.7,123.8,152.4,0.5,86.9,206.6,60.02,213.6,0.9,7.9,847.6,34.2,4.8,3.4,0,38.845008416418494,27.25,27.25,2025-06-14 17:11:54
155.2,0.6,113.8,146.5,0.4,77.6,187.9,60.02,213.6,0.9,7.9,847.6,34.2,4.8,3.4,0,38.845008416418494,27.125,27.125,2025-06-14 17:12:48
155.5,0.6,111.8,150.9,0.4,77.8,186.0,59.99,213.5,0.9,7.9,847.6,34.2,4.8,3.4,0,38.845008416418494,27.125,27.125,2025-06-14 17:12:56
156.7,0.5,99.6,150.6,0.4,68.5,164.7,60,213.5,0.8,7.9,847.6,34.2,4.8,3.4,0,38.845008416418494,27.062,27.062,2025-06-14 17:13:51
153.3,0.5,95.8,149.3,0.4,67.4,160.1,59.97,213.5,0.7,7.9,847.6,34.2,4.8,3.4,0,38.845008416418494,27.0,27.0,2025-06-14 17:13:59
153.8,0.4,82.4,149.4,0.3,57.2,136.9,59.98,213.5,0.7,7.9,847.6,34.1,4.8,3.4,0,38.845008416418494,26.812,26.812,2025-06-14 17:14:53
154.8,0.4,80.9,149.4,0.3,55.3,133.6,60.01,213.5,0.7,7.9,847.6,34.1,4.8,3.4,0,38.845008416418494,26.812,26.75,2025-06-14 17:15:01
154.1,0.3,70.7,144.9,0.2,45.3,114.4,60.04,213.3,0.6,7.9,847.6,34.1,4.8,3.4,0,0.0,26.625,26.625,2025-06-14 17:15:56
152.5,0.3,70.5,146.5,0.2,44.2,112.5,60.01,213.3,0.5,7.9,847.6,34.1,4.8,3.4,0,38.845008416418494,26.625,26.625,2025-06-14 17:16:04
152.3,0.3,65.2,146.6,0.1,37.4,100.7,59.98,213.3,0.6,7.9,847.6,34.1,4.8,3.4,0,0.0,26.625,26.625,2025-06-14 17:16:58
152.5,0.3,65.5,143.3,0.2,36.4,99.3,59.97,213.3,0.6,7.9,847.6,34.1,4.8,3.4,0,38.845008416418494,26.625,26.562,2025-06-14 17:17:06
155.5,0.3,63.9,143.6,0.1,36.3,98.5,59.98,213.3,0.5,7.9,847.6,34.1,4.8,3.4,0,38.845008416418494,26.562,26.562,2025-06-14 17:18:01
149.4,0.3,66.4,149.4,0.1,34.2,98.7,59.98,213.4,0.5,7.9,847.6,34.1,4.8,3.4,0,0.0,26.562,26.5,2025-06-14 17:18:09
149.4,0.3,63.2,149.4,0.2,36.5,97.9,60.02,213.4,0.6,7.9,847.6,34.1,4.8,3.4,0,0.0,26.5,26.5,2025-06-14 17:19:03
152.3,0.3,62.2,146.3,0.2,38.5,98.8,60.01,213.5,0.7,7.9,847.6,34.1,4.8,3.4,0,0.0,26.5,26.5,2025-06-14 17:19:11
151.5,0.2,56.7,143.5,0.1,37.3,94.7,60,213.4,0.5,7.9,847.6,34.1,4.8,3.4,0,0.0,26.312,26.312,2025-06-14 17:20:06
152.4,0.2,57.8,143.6,0.2,38.2,94.3,59.99,213.4,0.5,7.9,847.6,34.1,4.8,3.4,0,0.0,26.25,26.25,2025-06-14 17:20:14
153.7,0.2,55.0,142.2,0.1,36.1,89.6,59.98,213.4,0.5,7.9,847.6,34.1,4.8,3.4,0,0.0,26.125,26.125,2025-06-14 17:21:08
150,0.2,54.4,145.9,0.1,34.8,88.2,59.97,213.4,0.5,7.9,847.6,34.1,4.8,3.4,0,0.0,26.125,26.062,2025-06-14 17:21:16
153.9,0.2,52.8,146.5,0.1,33.6,84.9,60,213.5,0.4,7.9,847.6,34,4.8,3.4,0,0.0,25.812,25.812,2025-06-14 17:22:11
148.4,0.2,51.6,141.3,0.1,33.4,83.6,59.99,213.5,0.6,7.9,847.6,34,4.8,3.4,0,0.0,25.75,25.75,2025-06-14 17:22:18
152.9,0.2,49.6,145.3,0.1,30.8,79.1,60.01,213.5,0.5,7.9,847.6,34,4.8,3.4,0,0.0,25.687,25.687,2025-06-14 17:23:13
151,0.2,50.0,143.6,0.1,30.8,79.4,60.02,213.6,0.5,7.9,847.6,34,4.8,3.4,0,0.0,25.687,25.687,2025-06-14 17:23:21
151.1,0.2,47.1,143.3,0.1,29.2,74.1,59.99,213.3,0.5,7.9,847.6,33.9,4.8,3.4,0,0.0,25.687,25.687,2025-06-14 17:24:16
151.1,0.2,47.1,143.8,0.1,29.0,74.1,59.97,213.3,0.5,7.9,847.6,33.9,4.8,3.4,0,0.0,25.625,25.625,2025-06-14 17:24:23
149.9,0.1,44.0,142.1,0.1,26.5,69.2,60.02,213.3,0.5,7.9,847.6,33.9,4.8,3.4,0,0.0,25.562,25.562,2025-06-14 17:25:18
149.4,0.1,44.5,142,0.1,25.9,68.0,60.01,213.2,0.6,7.9,847.6,33.9,4.8,3.4,0,0.0,25.562,25.562,2025-06-14 17:25:26
149.4,0.1,42.2,142,0.1,23.1,63.9,60.01,213.6,0.5,7.9,847.6,33.8,4.8,3.4,0,0.0,25.562,25.562,2025-06-14 17:26:20
149.4,0.1,41.0,139.1,0.1,22.7,62.6,60.03,213.6,0.4,7.9,847.6,33.8,4.8,3.4,0,0.0,25.562,25.562,2025-06-14 17:26:28
146.1,0.1,39.0,145,0,21.2,59.2,60.02,213.3,0.4,7.9,847.6,33.8,4.8,3.4,0,0.0,25.625,25.625,2025-06-14 17:27:23
142,0.1,38.9,145,0,21.2,58.8,60.01,213.3,0.5,7.9,847.6,33.8,4.8,3.4,0,0.0,25.625,25.625,2025-06-14 17:27:31
145.3,0.1,37.0,141.6,0,19.4,53.5,60.04,213.4,0.3,7.9,847.6,33.8,4.8,3.4,0,0.0,25.437,25.437,2025-06-14 17:28:25
147.6,0.1,36.6,142.2,0,19.0,54.6,60.02,213.4,0.5,7.9,847.6,33.8,4.8,3.4,0,0.0,25.437,25.5,2025-06-14 17:28:33
140.9,0.1,34.0,141.7,0,16.8,50.0,60.01,213.3,0.4,7.9,847.6,33.7,4.8,3.4,0,0.0,25.375,25.437,2025-06-14 17:29:28
144,0.1,34.0,138.8,0,16.8,48.1,59.98,213.2,0.3,7.9,847.6,33.7,4.8,3.4,0,0.0,25.437,25.437,2025-06-14 17:29:36
141.1,0.1,30.9,130.3,0,14.0,44.2,59.99,213.5,0.4,7.9,847.6,33.7,4.8,3.4,0,0.0,25.437,25.437,2025-06-14 17:30:30
149.9,0.1,31.8,138.8,0,13.3,44.3,60.01,213.5,0.3,7.9,847.6,33.7,4.8,3.4,0,0.0,25.437,25.437,2025-06-14 17:30:38
141,0.1,29.6,132.9,0,11.1,40.0,59.98,213.6,0.4,7.9,847.6,33.7,4.8,3.4,0,0.0,25.437,25.5,2025-06-14 17:31:33
138.4,0.1,29.7,135.8,0,11.0,40.0,59.98,213.6,0.3,7.9,847.6,33.7,4.8,3.4,0,0.0,25.5,25.437,2025-06-14 17:31:41
150.1,0,28.4,127.1,0,8.7,36.7,60.01,213.4,0.4,7.9,847.6,33.7,4.8,3.4,0,0.0,25.375,25.437,2025-06-14 17:32:35
144,0,27.9,124.3,0,9.1,36.5,60,213.4,0.2,7.9,847.6,33.7,4.8,3.4,0,0.0,25.375,25.375,2025-06-14 17:32:43
144.8,0,27.1,133.6,0,6.9,34.2,60.01,213.2,0.4,7.9,847.6,33.6,4.8,3.4,0,0.0,25.312,25.312,2025-06-14 17:33:38
142.1,0,28.0,136.3,0,7.0,34.5,60.02,213.2,0.4,7.9,847.6,33.6,4.8,3.4,0,0.0,25.312,25.312,2025-06-14 17:33:46
138.4,0,25.7,131,0,5.7,30.9,60.03,213.3,0.4,7.9,847.6,33.6,4.8,3.4,0,0.0,25.25,25.312,2025-06-14 17:34:40
141,0,25.0,127.8,0,5.4,29.9,60,213.2,0.4,7.9,847.6,33.6,4.8,3.4,0,0.0,25.25,25.312,2025-06-14 17:34:48
144.3,0,24.8,133.5,0,4.3,28.6,60.03,213.2,0.3,7.9,847.6,33.5,4.8,3.4,0,0.0,25.187,25.187,2025-06-14 17:35:43
132.4,0,22.7,136.3,0,4.1,26.7,60.02,213.2,0.3,7.9,847.6,33.5,4.8,3.4,0,0.0,25.187,25.187,2025-06-14 17:35:51
138.5,0,21.4,144.5,0,4.4,25.8,60,213.3,0.5,7.9,847.6,33.4,4.8,3.4,0,0.0,25.187,25.187,2025-06-14 17:36:45
132.5,0,21.3,142.3,0,4.3,25.2,59.98,213.3,0.5,7.9,847.6,33.4,4.8,3.4,0,0.0,25.187,25.187,2025-06-14 17:36:53
139.6,0,22.4,134.6,0,4.2,25.4,60,213.4,0.5,7.9,847.6,33.4,4.8,3.4,0,0.0,25.187,25.187,2025-06-14 17:37:48
145.7,0,21.1,122.8,0,3.9,24.8,60.03,213.5,0.4,7.9,847.6,33.4,4.8,3.4,0,0.0,25.187,25.187,2025-06-14 17:37:56
124.8,0,11.1,157.5,0,2.7,13.7,60.01,213.5,0.4,7.9,847.6,33.2,4.8,3.4,0,0.0,25.125,25.125,2025-06-14 17:38:50
127.8,0,10.7,157.3,0,2.5,13.0,60.02,213.3,0.4,7.9,847.6,33.2,4.8,3.4,0,-38.845008416418494,25.125,25.125,2025-06-14 17:38:58
121,0,8.7,157.6,0,2.2,10.8,60.02,213.3,0.4,7.9,847.6,33.2,4.8,3.4,0,0.0,25.062,25.062,2025-06-14 17:39:52
126.6,0,9.1,157.8,0,2.3,11.3,60.02,213.4,0.3,7.9,847.6,33.2,4.8,3.4,0,0.0,25.062,25.062,2025-06-14 17:40:00
123.4,0,10.0,157,0,2.5,12.4,59.97,213.5,0.3,7.9,847.6,33.1,4.8,3.4,0,0.0,25.0,25.0,2025-06-14 17:40:55
129.8,0,10.5,156.9,0,2.6,13.1,59.97,213.6,0.4,7.9,847.6,33.1,4.8,3.4,0,0.0,25.0,25.0,2025-06-14 17:41:03
147.8,0,14.0,141.6,0,7.1,22.2,59.98,213.3,0.3,7.9,847.6,33,4.8,3.4,0,0.0,24.875,24.937,2025-06-14 17:41:57
134.5,0,17.2,128.6,0,4.8,21.8,60,213.3,0.4,7.9,847.6,32.9,4.8,3.4,0,-38.845008416418494,24.875,24.875,2025-06-14 17:42:05
124.3,0,9.6,155.9,0,2.9,12.5,59.99,213.3,0.3,7.9,847.6,32.9,4.8,3.4,0,-38.845008416418494,24.875,24.875,2025-06-14 17:43:00
124.3,0,13.3,148.9,0,4.3,17.9,60.02,213.3,0.4,7.9,847.6,32.9,4.8,3.4,0,0.0,24.875,24.875,2025-06-14 17:43:08
141.7,0,12.1,150.6,0,4.3,16.5,59.99,213.3,0.3,7.9,847.6,32.8,4.8,3.4,0,-38.845008416418494,24.812,24.812,2025-06-14 17:44:02
139.1,0,11.3,152.3,0,4.5,15.7,59.99,213.3,0.4,7.9,847.6,32.8,4.8,3.4,0,-38.845008416418494,24.812,24.812,2025-06-14 17:44:10
135.9,0,11.6,147.6,0,4.9,16.4,59.97,213.1,0.5,7.9,847.6,32.8,4.8,3.4,0,0.0,24.875,24.875,2025-06-14 17:45:05
129.9,0,10.5,149.9,0,5.0,15.4,59.98,213.1,0.4,7.9,847.6,32.8,4.8,3.4,0,0.0,24.875,24.875,2025-06-14 17:45:13
137.3,0,11.1,127,0,5.3,16.0,60.02,213.3,0.3,7.9,847.6,32.8,4.8,3.4,0,-38.845008416418494,24.875,24.875,2025-06-14 17:46:07
142.7,0,10.4,137.6,0,6.0,16.3,60.02,213.4,0.4,7.9,847.6,32.8,4.8,3.4,0,-38.845008416418494,24.875,24.875,2025-06-14 17:46:15
116.5,0,5.8,152.2,0,4.0,9.4,60,213.3,0.4,7.9,847.6,32.8,4.8,3.4,0,-38.845008416418494,24.875,24.875,2025-06-14 17:47:10
122.5,0,7.0,147.3,0,4.5,11.6,60,213.4,0.3,7.9,847.6,32.8,4.8,3.4,0,-38.845008416418494,24.812,24.812,2025-06-14 17:47:18
119.2,0,4.8,152.1,0,3.8,8.7,59.98,213.4,0.5,7.9,847.6,32.7,4.8,3.4,0,-38.845008416418494,24.75,24.75,2025-06-14 17:48:12
114,0,5.4,148.9,0,4.3,9.8,59.99,213.4,0.4,7.9,847.6,32.7,4.8,3.4,0,-38.845008416418494,24.75,24.75,2025-06-14 17:48:20
119.4,0,2.7,153.5,0,2.5,5.2,60.01,213.3,0.3,7.9,847.6,32.6,4.8,3.4,0,-38.845008416418494,24.625,24.625,2025-06-14 17:49:15
118.6,0,4.4,149.3,0,4.4,8.9,60.02,213.4,0.4,7.9,847.6,32.6,4.8,3.4,0,-38.845008416418494,24.625,24.625,2025-06-14 17:49:23
125.5,0,4.7,123.6,0,4.4,9.2,60.02,213.4,0.4,7.9,847.6,32.5,4.8,3.4,0,-38.845008416418494,24.625,24.625,2025-06-14 17:50:17
155.7,0,3.7,153.7,0,3.6,6.6,60.01,213.4,0.4,7.9,847.6,32.5,4.8,3.4,0,-38.845008416418494,24.625,24.625,2025-06-14 17:50:25
153.4,0,1.1,149.4,0,1.7,3.1,59.98,213.4,0.4,7.9,847.6,32.5,4.8,3.4,0,0.0,24.625,24.625,2025-06-14 17:51:20
150.8,0,1.6,147.4,0,1.4,3.0,59.99,213.4,0.5,7.9,847.6,32.5,4.8,3.4,0,-38.845008416418494,24.625,24.687,2025-06-14 17:51:28
150.6,0,0.6,151.5,0,0.6,1.1,60.03,213.5,0.3,7.9,847.6,32.5,4.8,3.4,0,-38.845008416418494,24.562,24.562,2025-06-14 17:52:22
153.2,0,1.5,148.3,0,1.5,3.0,60.03,213.4,0.4,7.9,847.6,32.5,4.8,3.4,0,-38.845008416418494,24.562,24.562,2025-06-14 17:52:30
146.6,0,1.1,145.4,0,1.1,1.9,60,213.5,0.4,7.9,847.6,32.4,4.8,3.4,0,-38.845008416418494,24.562,24.562,2025-06-14 17:53:24
151.6,0,0.8,149.4,0,0.8,1.4,60.03,213.5,0.3,7.9,847.6,32.4,4.8,3.4,0,-38.845008416418494,24.562,24.562,2025-06-14 17:53:32
117.2,0,1.9,118.8,0,2.1,4.0,60.03,213.5,0.4,7.9,847.6,32.4,4.8,3.4,0,-38.845008416418494,24.5,24.5,2025-06-14 17:54:27
122.1,0,1.8,113.9,0,1.6,3.5,60.04,213.5,0.3,7.9,847.6,32.4,4.8,3.4,0,-38.845008416418494,24.5,24.5,2025-06-14 17:54:35
147.5,0,1.0,140.6,0,0.9,1.7,60.03,213.5,0.3,7.9,847.6,32.3,4.8,3.4,0,-38.845008416418494,24.5,24.5,2025-06-14 17:55:29
147.7,0,0.9,140,0,0.9,1.4,60.03,213.5,0.4,7.9,847.6,32.3,4.8,3.4,0,-38.845008416418494,24.5,24.5,2025-06-14 17:55:37
144.3,0,0.5,139.5,0,0.5,1.0,60.05,213.3,0.4,7.9,847.6,32.3,4.8,3.4,0,-38.845008416418494,24.5,24.5,2025-06-14 17:56:32
140.7,0,1.2,139.7,0,1.2,2.4,60.03,213.2,0.6,7.9,847.6,32.3,4.8,3.4,0,-38.845008416418494,24.5,24.5,2025-06-14 17:56:40
144.7,0,0.4,136.7,0,0.4,0.8,60.03,213.5,0.4,7.9,847.6,32.3,4.8,3.4,0,-38.845008416418494,24.437,24.437,2025-06-14 17:57:34
140.8,0,1.1,142.4,0,1.1,2.1,60.04,213.5,0.4,7.9,847.6,32.3,4.8,3.4,0,-38.845008416418494,24.5,24.5,2025-06-14 17:57:42
119.4,0,1.1,119.1,0,1.1,2.2,60.03,213.3,0.5,7.9,847.6,32.2,4.8,3.4,0,-38.845008416418494,24.437,24.437,2025-06-14 17:58:37
108.7,0,1.0,119,0,1.2,2.6,60.04,213.3,0.4,7.9,847.6,32.2,4.8,3.4,0,-38.845008416418494,24.437,24.437,2025-06-14 17:58:45
134.8,0,0.5,138,0,0.6,1.0,60.03,213.1,0.5,7.9,847.6,32.1,4.8,3.4,0,-38.845008416418494,24.375,24.375,2025-06-14 17:59:39
139.8,0,0.5,138.6,0,0.5,1.0,60,213,0.4,7.9,847.6,32.1,4.8,3.4,0,-38.845008416418494,24.312,24.375,2025-06-14 17:59:47
