vpv1,ipv1,pv1_watt,vpv2,ipv2,pv2_watt,pac_total,freq,vac1,iac1,energia_hoy,energia_total,temp_inversor,Energìa PV1,Energìa PV2,codigo_error,irradiancia_incidente,temp1,temp2,timestamp
,,0.0,0,0,0.0,0.0,0,0,0,0.0,1251.6,0,0.0,0.0,0,0.0,21.75,85.0,2025-10-04 05:33:31
0,0,0.0,0,0,0.0,0.0,0,0,0,0.0,1251.6,0,0.0,0.0,0,-38.845008416418494,21.75,85.0,2025-10-04 05:34:34
,,0.0,0,0,0.0,0.0,0,0,0,0.0,1251.6,0,0.0,0.0,0,0.0,21.75,85.0,2025-10-04 05:35:51
,,0.0,0,0,0.0,0.0,0,0,0,0.0,1251.6,0,0.0,0.0,0,-38.845008416418494,21.812,85.0,2025-10-04 05:36:42
,0,0.0,0,0,0.0,0.0,0,0,0,0.0,1251.6,0,0.0,0.0,0,0.0,21.812,85.0,2025-10-04 05:36:54
0,0,0.0,0,0,0.0,0.0,0,0,0,0.0,1251.6,0,0.0,0.0,0,-38.845008416418494,21.812,85.0,2025-10-04 05:37:44
,0,0.0,0,0,0.0,0.0,0,0,0,0.0,1251.6,0,0.0,0.0,0,-38.845008416418494,21.812,85.0,2025-10-04 05:38:48
92.3,0,0.0,92.1,0,0.0,0.0,0,0,0,0.0,1251.6,22,0.0,0.0,302,0.0,21.812,85.0,2025-10-04 05:39:50
114.2,0,0.0,119.1,0,0.0,0.0,0,0,0,0.0,1251.6,22.1,0.0,0.0,302,-38.845008416418494,21.875,85.0,2025-10-04 05:40:03
147.4,0,0.0,147.4,0,0.0,0.0,0,0,0,0.0,1251.6,22.1,0.0,0.0,302,0.0,21.875,85.0,2025-10-04 05:40:53
148.1,0,0.0,147.9,0,0.0,0.0,0,0,0,0.0,1251.6,22.1,0.0,0.0,302,0.0,21.875,85.0,2025-10-04 05:41:05
149.4,0,0.0,149.3,0,0.0,0.0,0,0,0,0.0,1251.6,22.1,0.0,0.0,302,0.0,21.875,85.0,2025-10-04 05:41:55
149.6,0,0.0,149.4,0,0.0,0.0,0,0,0,0.0,1251.6,22.1,0.0,0.0,302,-38.845008416418494,21.875,85.0,2025-10-04 05:42:08
150.8,0,0.0,150.7,0,0.0,0.0,0,0,0,0.0,1251.6,22.2,0.0,0.0,302,0.0,21.875,85.0,2025-10-04 05:42:58
151.1,0,0.0,150.9,0,0.0,0.0,0,0,0,0.0,1251.6,22.2,0.0,0.0,302,0.0,21.875,85.0,2025-10-04 05:43:10
152.1,0,0.0,151.9,0,0.0,0.0,0,0,0,0.0,1251.6,22.2,0.0,0.0,302,0.0,21.875,85.0,2025-10-04 05:44:00
152.4,0,0.0,152.1,0,0.0,0.0,0,0,0,0.0,1251.6,22.2,0.0,0.0,302,0.0,21.875,85.0,2025-10-04 05:44:13
153.2,0,0.0,153.2,0,0.0,0.0,0,0,0,0.0,1251.6,22.2,0.0,0.0,302,0.0,21.937,85.0,2025-10-04 05:45:03
153.4,0,0.0,153.4,0,0.0,0.0,0,0,0,0.0,1251.6,22.2,0.0,0.0,302,0.0,21.937,85.0,2025-10-04 05:45:15
153.6,0,0.0,153.5,0,0.0,0.0,60.01,215.3,0,0.0,1251.6,22.2,0.0,0.0,0,0.0,21.937,85.0,2025-10-04 05:46:05
154.4,0,0.0,154.3,0,0.0,0.0,60.02,215.3,0,0.0,1251.6,22.2,0.0,0.0,0,0.0,21.937,85.0,2025-10-04 05:46:18
154.6,0,0.0,154.5,0,0.0,0.0,60.02,215.6,0,0.0,1251.6,22.2,0.0,0.0,0,0.0,21.937,85.0,2025-10-04 05:47:08
154.6,0,0.0,154.5,0,0.0,0.0,60.02,215.6,0,0.0,1251.6,22.2,0.0,0.0,0,0.0,21.937,85.0,2025-10-04 05:47:20
154.7,0,0.0,154.7,0,0.0,0.0,60.02,215.4,0,0.0,1251.6,22.3,0.0,0.0,0,0.0,21.937,85.0,2025-10-04 05:48:10
154.8,0,0.0,154.8,0,0.0,0.0,60.02,215.3,0,0.0,1251.6,22.3,0.0,0.0,0,0.0,21.937,85.0,2025-10-04 05:48:22
155.1,0,0.0,155,0,0.0,0.0,60.03,215.4,0,0.0,1251.6,22.3,0.0,0.0,0,-38.845008416418494,21.937,85.0,2025-10-04 05:49:12
155.2,0,0.0,155.1,0,0.0,0.0,60,215.3,0,0.0,1251.6,22.3,0.0,0.0,0,0.0,21.937,85.0,2025-10-04 05:49:25
155.6,0,0.0,155.4,0,0.0,0.0,59.98,215.5,0,0.0,1251.6,22.3,0.0,0.0,0,0.0,22.0,85.0,2025-10-04 05:50:15
155.7,0,0.0,155.6,0,0.0,0.0,60.02,215.5,0,0.0,1251.6,22.3,0.0,0.0,0,0.0,22.0,85.0,2025-10-04 05:50:27
159.6,0,0.0,157.3,0,0.0,0.0,59.97,215.3,0,0.0,1251.6,22.4,0.0,0.0,0,0.0,22.0,85.0,2025-10-04 05:51:17
159.6,0,0.0,157.4,0,0.0,0.0,59.99,215.4,0,0.0,1251.6,22.4,0.0,0.0,0,0.0,22.0,85.0,2025-10-04 05:51:30
157.1,0,0.0,156.9,0,0.0,0.0,59.97,215.2,0,0.0,1251.6,22.4,0.0,0.0,0,0.0,21.937,85.0,2025-10-04 05:52:20
157.2,0,0.0,157,0,0.0,0.0,60,215.2,0,0.0,1251.6,22.4,0.0,0.0,0,0.0,22.0,85.0,2025-10-04 05:52:32
157.7,0,0.0,157.5,0,0.0,0.0,59.99,215.3,0,0.0,1251.6,22.4,0.0,0.0,0,0.0,22.0,85.0,2025-10-04 05:53:22
157.8,0,0.0,157.6,0,0.0,0.0,60,215.5,0,0.0,1251.6,22.4,0.0,0.0,0,0.0,22.0,85.0,2025-10-04 05:53:34
158.2,0,0.0,158.1,0,0.0,0.0,60.03,215.3,0,0.0,1251.6,22.5,0.0,0.0,0,0.0,22.0,85.0,2025-10-04 05:54:24
158.3,0,0.0,158.1,0,0.0,0.0,60.03,215.1,0,0.0,1251.6,22.5,0.0,0.0,0,0.0,22.0,85.0,2025-10-04 05:54:37
158.7,0,0.0,158.5,0,0.0,0.0,60.03,215.3,0,0.0,1251.6,22.5,0.0,0.0,0,0.0,22.0,85.0,2025-10-04 05:55:27
158.8,0,0.0,158.6,0,0.0,0.0,60.01,215.3,0,0.0,1251.6,22.5,0.0,0.0,0,0.0,22.0,85.0,2025-10-04 05:55:39
161.7,0,0.0,159.5,0,0.0,0.0,60.01,215.2,0,0.0,1251.6,22.5,0.0,0.0,0,0.0,22.0,85.0,2025-10-04 05:56:29
159.2,0,0.0,159.1,0,0.0,0.0,60.03,215.2,0,0.0,1251.6,22.5,0.0,0.0,0,0.0,22.0,85.0,2025-10-04 05:56:42
159.6,0,0.0,159.5,0,0.0,0.0,60.02,215.2,0,0.0,1251.6,22.5,0.0,0.0,0,0.0,22.0,85.0,2025-10-04 05:57:32
159.7,0,0.0,159.5,0,0.0,0.0,60,215.1,0,0.0,1251.6,22.5,0.0,0.0,0,0.0,21.937,85.0,2025-10-04 05:57:44
160,0,0.0,159.8,0,0.0,0.0,59.98,215.2,0,0.0,1251.6,22.5,0.0,0.0,0,0.0,21.937,85.0,2025-10-04 05:58:34
160,0,0.0,159.9,0,0.0,0.0,60.01,215.2,0,0.0,1251.6,22.5,0.0,0.0,0,0.0,22.0,85.0,2025-10-04 05:58:47
160.3,0,0.0,160.1,0,0.0,0.0,59.98,215.4,0,0.0,1251.6,22.6,0.0,0.0,0,0.0,21.937,85.0,2025-10-04 05:59:37
160.4,0,0.0,160.2,0,0.0,0.0,60.05,215.4,0,0.0,1251.6,22.6,0.0,0.0,0,0.0,22.0,85.0,2025-10-04 05:59:49
160.6,0,0.0,160.4,0,0.0,0.0,60,215.5,0,0.0,1251.6,22.6,0.0,0.0,0,0.0,22.0,85.0,2025-10-04 06:00:39
160.7,0,0.0,160.5,0,0.0,0.0,59.98,215.1,0,0.0,1251.6,22.6,0.0,0.0,0,0.0,22.0,85.0,2025-10-04 06:00:52
134.3,0,12.3,137.2,0,9.1,21.4,60.03,215.2,0.4,0.0,1251.6,22.7,0.0,0.0,0,0.0,22.0,85.0,2025-10-04 06:01:42
119,0,13.7,140.8,0,7.9,21.2,60.01,215.1,0.4,0.0,1251.6,22.7,0.0,0.0,0,0.0,22.0,85.0,2025-10-04 06:01:54
122.4,0,13.5,130.8,0,8.4,21.7,59.99,215,0.4,0.0,1251.6,22.9,0.0,0.0,0,0.0,22.0,85.0,2025-10-04 06:02:44
131.4,0,13.3,122.5,0,8.3,21.4,59.96,215.1,0.5,0.0,1251.6,22.9,0.0,0.0,0,0.0,22.0,85.0,2025-10-04 06:02:56
125.6,0,14.3,137.1,0,8.7,23.2,59.98,215.1,0.3,0.0,1251.6,23,0.0,0.0,0,0.0,22.0,85.0,2025-10-04 06:03:46
122.6,0,15.7,136,0,8.5,23.9,60.01,215.3,0.4,0.0,1251.6,23.2,0.0,0.0,0,0.0,22.062,85.0,2025-10-04 06:04:49
140.4,0,16.0,137.4,0,11.3,26.9,60,215.4,0.5,0.0,1251.6,23.3,0.0,0.0,0,0.0,22.062,85.0,2025-10-04 06:05:51
119.6,0,18.3,143.1,0,10.0,28.0,60,215.3,0.6,0.0,1251.6,23.4,0.0,0.0,0,0.0,22.125,85.0,2025-10-04 06:06:54
116.2,0,20.1,148.9,0,10.6,30.2,60.01,215.2,0.4,0.0,1251.6,23.6,0.0,0.0,0,0.0,22.125,85.0,2025-10-04 06:07:56
128.5,0.1,20.4,131.4,0,13.5,33.7,59.99,214.9,0.4,0.0,1251.6,23.7,0.0,0.0,0,0.0,22.125,85.0,2025-10-04 06:08:58
150.8,0,22.5,144.6,0,15.3,37.2,59.98,215,0.5,0.0,1251.6,23.8,0.0,0.0,0,0.0,22.125,85.0,2025-10-04 06:10:01
127.4,0.1,23.6,145,0,16.3,39.3,60,214.9,0.4,0.0,1251.6,24,0.0,0.0,0,0.0,22.187,85.0,2025-10-04 06:11:03
127.6,0.1,24.1,135.8,0,18.1,41.5,60,215,0.3,0.0,1251.6,24.1,0.0,0.0,0,0.0,22.187,85.0,2025-10-04 06:12:06
124.6,0.1,26.2,132.9,0.1,19.2,44.6,60.05,215.1,0.4,0.0,1251.6,24.2,0.0,0.0,0,0.0,22.25,85.0,2025-10-04 06:13:08
169,0.1,14.2,166,0,10.7,22.0,60.04,214.9,0.4,0.0,1251.6,24.3,0.0,0.0,0,0.0,22.25,85.0,2025-10-04 06:14:11
121,0.1,27.2,135.4,0.1,21.3,48.0,60.01,215.1,0.4,0.0,1251.6,24.4,0.0,0.0,0,0.0,22.25,85.0,2025-10-04 06:15:13
121,0.1,28.8,141.3,0.1,23.3,51.2,59.98,215.1,0.5,0.0,1251.6,24.6,0.0,0.0,0,0.0,22.312,85.0,2025-10-04 06:16:16
129.4,0.1,31.3,141,0.1,25.9,55.7,59.99,215,0.5,0.0,1251.6,24.6,0.0,0.0,0,0.0,22.312,85.0,2025-10-04 06:17:18
129.5,0.1,33.9,144.2,0.1,27.6,60.5,60,214.9,0.4,0.0,1251.6,24.7,0.0,0.0,0,0.0,22.312,85.0,2025-10-04 06:18:20
150.4,0.1,37.1,138.1,0.1,31.8,67.1,60,215,0.5,0.0,1251.6,24.8,0.0,0.0,0,0.0,22.312,85.0,2025-10-04 06:19:23
133.7,0.2,39.6,145.6,0.1,35.7,73.9,60.03,215.2,0.5,0.0,1251.6,24.9,0.0,0.0,0,0.0,22.312,85.0,2025-10-04 06:20:25
123.6,0.2,40.8,138.3,0.2,37.6,77.1,60.01,215.1,0.4,0.0,1251.6,25,0.0,0.0,0,0.0,22.375,85.0,2025-10-04 06:21:28
129.4,0.2,43.7,145.2,0.2,40.9,83.1,59.98,214.8,0.5,0.0,1251.6,25.1,0.0,0.0,0,0.0,22.375,85.0,2025-10-04 06:22:30
129.3,0.2,44.5,144.3,0.2,42.7,85.5,59.98,214.6,0.5,0.0,1251.6,25.2,0.0,0.0,0,0.0,22.437,85.0,2025-10-04 06:23:33
126.7,0.3,46.6,145.7,0.2,44.4,89.1,59.99,214.6,0.5,0.0,1251.6,25.3,0.0,0.0,0,0.0,22.437,85.0,2025-10-04 06:24:35
136.8,0.2,47.1,141.7,0.2,46.4,91.9,60.01,214.9,0.6,0.0,1251.6,25.3,0.0,0.0,0,0.0,22.437,85.0,2025-10-04 06:25:37
147.9,0.2,50.1,147.6,0.2,48.9,97.3,59.99,214.7,0.7,0.0,1251.6,25.4,0.0,0.0,0,0.0,22.5,85.0,2025-10-04 06:26:40
147.2,0.3,54.4,144,0.3,53.6,106.1,60.05,214.8,0.6,0.0,1251.6,25.5,0.0,0.0,0,38.845008416418494,22.5,85.0,2025-10-04 06:27:42
155.8,0.3,64.5,145.2,0.4,69.9,132.1,60.01,214.8,0.6,0.0,1251.6,25.6,0.0,0.0,0,38.845008416418494,22.5,85.0,2025-10-04 06:28:45
148,0.3,62.4,145.7,0.3,62.3,122.5,59.99,215,0.7,0.0,1251.6,25.6,0.0,0.0,0,38.845008416418494,22.625,85.0,2025-10-04 06:29:47
148.6,0.4,76.9,148.7,0.5,78.7,152.7,59.96,215,0.8,0.0,1251.6,25.8,0.0,0.0,0,38.845008416418494,22.687,85.0,2025-10-04 06:30:50
157.8,0.6,113.2,147.2,0.8,127.1,235.7,60,215.2,1.1,0.0,1251.6,25.8,0.0,0.0,0,38.845008416418494,22.812,85.0,2025-10-04 06:31:52
157.8,0.4,85.2,147.2,0.5,86.7,168.6,59.98,214.7,0.8,0.0,1251.6,25.9,0.0,0.0,0,38.845008416418494,22.937,85.0,2025-10-04 06:32:54
165.1,0.4,87.7,147.2,0.5,84.8,169.5,59.97,214.8,0.7,0.0,1251.6,26,0.0,0.0,0,38.845008416418494,23.062,85.0,2025-10-04 06:33:57
163,0.5,97.7,149.7,0.5,93.4,187.5,59.98,214.8,0.9,0.0,1251.6,26.1,0.0,0.0,0,38.845008416418494,23.187,85.0,2025-10-04 06:34:59
165.8,0.5,102.8,149.2,0.5,92.2,191.4,60.02,215.2,0.9,0.0,1251.6,26.2,0.0,0.0,0,38.845008416418494,23.312,85.0,2025-10-04 06:36:02
166,0.6,108.1,150.8,0.5,93.9,198.2,59.98,215,0.9,0.0,1251.6,26.4,0.0,0.0,0,77.69001683283699,23.312,85.0,2025-10-04 06:37:04
167.2,0.6,107.4,148.5,0.5,93.4,197.0,60.01,215.2,0.9,0.0,1251.6,26.4,0.0,0.0,0,38.845008416418494,23.312,85.0,2025-10-04 06:38:07
168.8,0.5,106.2,146.7,0.5,89.7,194.1,60.02,214.8,0.8,0.0,1251.6,26.5,0.0,0.0,0,77.69001683283699,23.5,85.0,2025-10-04 06:39:09
164.1,0.6,113.4,150.2,0.5,90.4,200.0,60,214.7,0.9,0.0,1251.6,26.6,0.0,0.0,0,77.69001683283699,23.5,85.0,2025-10-04 06:40:11
167.5,0.7,123.8,162.1,0.5,96.8,216.4,60,214.8,0.9,0.0,1251.6,26.7,0.0,0.0,0,77.69001683283699,23.562,85.0,2025-10-04 06:41:14
161.4,0.8,136.6,162,0.6,109.9,241.8,60.02,214.9,1.1,0.0,1251.6,26.8,0.0,0.0,0,77.69001683283699,23.437,85.0,2025-10-04 06:42:16
153.9,1.3,200.3,160.5,0.9,152.0,345.4,60.05,215,1.6,0.0,1251.6,27,0.0,0.0,0,77.69001683283699,23.375,85.0,2025-10-04 06:43:19
154.1,0.8,143.2,148.7,0.7,116.7,254.4,60.01,215,1.2,0.0,1251.6,27.1,0.0,0.0,0,77.69001683283699,23.375,85.0,2025-10-04 06:44:21
151.6,1,150.7,148.5,0.8,125.9,273.4,60,215.1,1.3,0.0,1251.6,27.1,0.0,0.0,0,77.69001683283699,23.437,85.0,2025-10-04 06:44:48
146.6,1.1,171.9,145.5,1,149.1,314.6,59.99,215.2,1.4,0.0,1251.6,27.2,0.0,0.0,0,116.53502524925548,23.437,85.0,2025-10-04 06:45:24
152,1,161.4,151.3,0.8,132.5,288.2,60,215.4,1.3,0.0,1251.6,27.3,0.0,0.0,0,77.69001683283699,23.5,85.0,2025-10-04 06:45:50
152.4,0.9,154.0,150.4,0.8,124.4,273.0,60.03,215.3,1.2,0.0,1251.6,27.3,0.0,0.0,0,77.69001683283699,23.562,85.0,2025-10-04 06:46:26
151.2,0.9,157.6,151.6,0.8,126.2,278.3,59.99,215.3,1.3,0.0,1251.6,27.4,0.0,0.0,0,116.53502524925548,23.687,85.0,2025-10-04 06:46:53
148.3,1,163.2,161.3,0.8,133.9,291.4,60.04,215.2,1.3,0.0,1251.6,27.4,0.0,0.0,0,116.53502524925548,23.687,85.0,2025-10-04 06:47:28
148.3,1.1,168.5,159,0.8,138.5,301.0,60.01,215.1,1.4,0.0,1251.6,27.5,0.0,0.0,0,116.53502524925548,23.812,85.0,2025-10-04 06:47:55
153.4,1.1,173.8,159.6,0.8,140.2,307.9,60.02,215.1,1.4,0.0,1251.6,27.5,0.0,0.0,0,116.53502524925548,23.937,85.0,2025-10-04 06:48:31
154,1.1,176.6,159,0.8,140.3,310.7,60,215,1.4,0.0,1251.6,27.6,0.0,0.0,0,116.53502524925548,23.937,85.0,2025-10-04 06:48:57
153.8,1.1,179.7,158.7,0.8,140.3,313.5,59.97,214.8,1.4,0.1,1251.7,27.7,0.0,0.0,0,116.53502524925548,24.0,85.0,2025-10-04 06:49:33
160.1,1.1,182.0,158.8,0.9,143.9,318.9,59.98,214.9,1.4,0.1,1251.7,27.8,0.0,0.0,0,116.53502524925548,24.0,85.0,2025-10-04 06:50:00
167.6,1.1,192.0,162,0.8,144.9,330.0,59.99,215,1.5,0.1,1251.7,27.8,0.0,0.0,0,116.53502524925548,24.0,85.0,2025-10-04 06:50:36
164.7,1.1,191.4,161.7,0.8,145.7,330.4,59.99,214.8,1.5,0.1,1251.7,27.9,0.0,0.0,0,116.53502524925548,24.062,85.0,2025-10-04 06:51:02
164.7,1.1,190.6,159.2,0.9,146.7,330.6,59.98,214.8,1.5,0.1,1251.7,28,0.0,0.0,0,116.53502524925548,24.125,85.0,2025-10-04 06:51:38
167.5,1.1,194.8,158,0.9,147.1,335.0,59.99,214.8,1.5,0.1,1251.7,28,0.0,0.0,0,116.53502524925548,24.125,85.0,2025-10-04 06:52:05
170.1,1,192.1,161.6,0.9,143.5,328.2,60.02,214.9,1.5,0.1,1251.7,28,0.0,0.0,0,116.53502524925548,24.25,85.0,2025-10-04 06:52:41
165.8,1.1,189.0,158.8,0.9,147.4,330.1,60.02,215,1.5,0.1,1251.7,28.1,0.0,0.0,0,116.53502524925548,24.375,85.0,2025-10-04 06:53:07
164.8,1.1,185.0,156.4,0.9,144.7,323.6,60.01,214.7,1.4,0.1,1251.7,28.2,0.0,0.0,0,116.53502524925548,24.437,85.0,2025-10-04 06:53:43
167.6,1.1,185.1,157.8,0.9,142.9,321.5,60.02,214.7,1.5,0.1,1251.7,28.2,0.0,0.0,0,116.53502524925548,24.437,85.0,2025-10-04 06:54:10
167.5,1,183.7,159,0.8,140.8,319.9,59.99,214.7,1.4,0.1,1251.7,28.3,0.0,0.0,0,116.53502524925548,24.437,85.0,2025-10-04 06:54:45
169.2,1,167.3,160.3,0.8,136.8,312.5,60.01,214.6,1.5,0.1,1251.7,28.3,0.0,0.0,0,116.53502524925548,24.437,85.0,2025-10-04 06:55:12
168.1,1,184.8,161.5,0.8,135.4,313.8,60.04,214.7,1.4,0.1,1251.7,28.4,0.0,0.0,0,116.53502524925548,24.375,85.0,2025-10-04 06:55:48
164.5,1,176.8,158.5,0.8,141.2,311.9,59.98,214.8,1.4,0.1,1251.7,28.5,0.0,0.0,0,116.53502524925548,24.375,85.0,2025-10-04 06:56:50
167.5,1,180.8,156.2,0.8,140.4,314.8,60,214.9,1.5,0.1,1251.7,28.6,0.0,0.0,0,116.53502524925548,24.375,85.0,2025-10-04 06:57:53
170.4,1.1,173.1,159,0.8,151.3,318.0,59.99,214.9,1.5,0.1,1251.7,28.7,0.0,0.0,0,116.53502524925548,24.437,85.0,2025-10-04 06:58:55
167.6,1.2,201.3,159,1,159.8,354.0,60.04,215.2,1.6,0.1,1251.7,28.8,0.0,0.0,0,116.53502524925548,24.5,85.0,2025-10-04 06:59:58
164.5,1.3,213.7,156,1,169.5,375.7,59.96,215.1,1.7,0.1,1251.7,28.9,0.0,0.0,0,116.53502524925548,24.687,85.0,2025-10-04 07:01:00
168.1,1.4,229.5,157.5,1.1,186.1,406.5,59.98,214.9,1.9,0.1,1251.7,29.1,0.0,0.0,0,155.38003366567398,24.75,85.0,2025-10-04 07:02:02
169.3,1.6,282.2,164.3,1.3,220.9,488.1,59.97,215,2.2,0.1,1251.7,29.2,0.1,0.0,0,155.38003366567398,24.875,85.0,2025-10-04 07:03:05
165.3,1.3,226.8,158.9,1.1,183.8,401.5,60,215,1.8,0.1,1251.7,29.3,0.1,0.0,0,155.38003366567398,25.0,85.0,2025-10-04 07:04:07
164.7,1.8,286.1,157,1.6,251.4,521.6,60.04,214.6,2.4,0.1,1251.7,29.5,0.1,0.0,0,194.22504208209244,25.062,85.0,2025-10-04 07:05:10
167.5,1.3,221.6,147.3,1.2,189.3,400.7,59.99,214.2,1.8,0.2,1251.8,29.6,0.1,0.0,0,155.38003366567398,25.25,85.0,2025-10-04 07:06:12
166,1.3,224.6,149.9,1.2,191.1,403.4,60.01,214.9,1.8,0.2,1251.8,29.7,0.1,0.0,0,155.38003366567398,25.625,85.0,2025-10-04 07:07:14
165.9,1.4,228.2,150.1,1.2,196.2,412.4,60.02,215.1,1.8,0.2,1251.8,29.8,0.1,0.1,0,155.38003366567398,25.875,85.0,2025-10-04 07:08:17
166.1,1.4,228.8,147.2,1.3,198.8,413.1,60.03,214.9,1.9,0.2,1251.8,29.8,0.1,0.1,0,155.38003366567398,26.25,85.0,2025-10-04 07:09:19
165.9,1.4,230.2,153.1,1.3,201.4,420.0,60.02,214.9,1.9,0.2,1251.8,29.8,0.1,0.1,0,155.38003366567398,26.562,85.0,2025-10-04 07:10:22
165.9,1.4,239.0,150,1.4,210.1,434.0,60.01,215,2,0.2,1251.8,29.9,0.1,0.1,0,155.38003366567398,26.75,85.0,2025-10-04 07:11:24
167.8,1.7,284.6,150.7,1.6,245.4,511.3,60.03,215.2,2.4,0.2,1251.8,30,0.1,0.1,0,155.38003366567398,26.937,85.0,2025-10-04 07:12:27
168.9,3.6,603.0,150.1,3.2,487.8,1031.9,60.03,215.8,4.7,0.2,1251.8,30.4,0.1,0.1,0,310.76006733134795,27.25,85.0,2025-10-04 07:13:29
170.2,3.7,626.1,151.5,3.3,509.6,1075.5,60.02,215.8,5,0.2,1251.8,30.8,0.1,0.1,0,349.6050757477664,27.687,85.0,2025-10-04 07:14:31
168.6,3.7,630.2,150.1,3.3,494.6,1057.4,60.03,215.8,4.9,0.2,1251.8,31.2,0.1,0.1,0,349.6050757477664,28.125,85.0,2025-10-04 07:15:34
167.1,3.9,655.3,151.6,3.3,506.3,1096.8,59.98,215.6,5,0.3,1251.9,31.6,0.1,0.1,0,349.6050757477664,28.562,85.0,2025-10-04 07:16:36
167.3,4.1,673.5,151.6,3.4,512.6,1119.1,60,215.7,5,0.3,1251.9,32,0.1,0.1,0,349.6050757477664,28.875,85.0,2025-10-04 07:17:39
164.2,4,659.4,151.6,3.4,499.9,1095.8,60.01,215.2,5,0.3,1251.9,32.3,0.2,0.1,0,349.6050757477664,29.312,85.0,2025-10-04 07:18:41
167.4,3.8,631.8,148.6,3.3,481.9,1053.6,60.03,215,4.8,0.3,1251.9,32.6,0.2,0.1,0,349.6050757477664,29.25,85.0,2025-10-04 07:19:44
164.5,4,652.8,145.4,3.3,495.4,1086.4,60.02,215.6,5,0.3,1251.9,32.6,0.2,0.1,0,349.6050757477664,29.937,85.0,2025-10-04 07:20:46
165.3,3.9,653.2,148.7,3.3,499.3,1088.8,60,215.5,4.9,0.4,1252.0,32.8,0.2,0.1,0,349.6050757477664,30.375,85.0,2025-10-04 07:21:49
166.6,4,634.1,149.4,3.2,500.9,1074.3,60.02,215.7,5,0.4,1252.0,33,0.2,0.1,0,349.6050757477664,30.937,85.0,2025-10-04 07:22:51
164.3,4,653.2,151,3.3,488.6,1079.7,60,215.5,5,0.4,1252.0,33.1,0.2,0.2,0,349.6050757477664,31.375,85.0,2025-10-04 07:23:53
163.5,4.1,667.0,148.7,3.4,502.3,1098.4,60.03,215.6,5,0.4,1252.0,33.3,0.2,0.2,0,349.6050757477664,31.375,85.0,2025-10-04 07:24:56
162,4.1,669.1,145.7,3.4,496.0,1099.9,60.03,215.6,5.1,0.4,1252.0,33.5,0.2,0.2,0,349.6050757477664,31.812,85.0,2025-10-04 07:25:58
164.3,4,656.0,148.8,3.2,481.5,1075.7,60.02,215,4.9,0.5,1252.1,33.7,0.2,0.2,0,349.6050757477664,32.312,85.0,2025-10-04 07:27:01
161.2,4.1,657.0,148.6,3.2,482.9,1077.6,60.03,215.7,4.9,0.5,1252.1,33.9,0.3,0.2,0,349.6050757477664,32.562,85.0,2025-10-04 07:28:03
161.6,4.1,661.8,148.7,3.2,484.6,1082.8,60.03,215.7,5,0.5,1252.1,33.9,0.3,0.2,0,388.4500841641849,32.687,85.0,2025-10-04 07:28:32
161.3,4.1,656.7,145.8,3.3,477.3,1070.9,60.01,215.5,4.9,0.5,1252.1,34.1,0.3,0.2,0,349.6050757477664,32.75,85.0,2025-10-04 07:29:06
161.2,4.1,650.1,150.7,3.2,464.7,1054.0,60.03,215.1,4.9,0.5,1252.1,34.2,0.3,0.2,0,388.4500841641849,32.937,85.0,2025-10-04 07:29:35
164.2,3.9,642.8,148.7,3,467.6,1048.1,60.01,214.8,4.8,0.5,1252.1,34.3,0.3,0.2,0,349.6050757477664,33.125,85.0,2025-10-04 07:30:08
162.1,3.9,640.7,149.5,3,464.3,1045.2,60.03,215.1,4.7,0.5,1252.1,34.4,0.3,0.2,0,349.6050757477664,33.25,85.0,2025-10-04 07:30:37
161.6,4,636.6,148.7,3.1,460.9,1038.1,60,215.6,4.7,0.5,1252.1,34.5,0.3,0.2,0,349.6050757477664,33.437,85.0,2025-10-04 07:31:10
163.9,3.9,611.0,146.6,3.1,456.5,1010.9,60,215.6,4.7,0.5,1252.1,34.6,0.3,0.2,0,349.6050757477664,33.625,85.0,2025-10-04 07:31:40
160.6,4,638.5,149.2,3,463.4,1042.5,60.01,215.9,4.7,0.5,1252.1,34.6,0.3,0.2,0,349.6050757477664,33.875,85.0,2025-10-04 07:32:13
161.3,4,642.8,148.7,3.1,464.4,1048.0,59.98,216,4.8,0.6,1252.2,34.7,0.3,0.2,0,349.6050757477664,34.0,85.0,2025-10-04 07:32:42
158.7,3.9,620.7,146,3,454.6,1015.7,59.98,215.8,4.7,0.6,1252.2,34.8,0.3,0.2,0,349.6050757477664,34.125,85.0,2025-10-04 07:33:15
160.7,3.8,614.2,145.6,3,442.1,992.6,60,215.7,4.5,0.6,1252.2,34.9,0.3,0.2,0,349.6050757477664,34.125,85.0,2025-10-04 07:33:44
161.3,3.7,596.2,148.4,2.9,430.3,971.8,60.02,215.6,4.4,0.6,1252.2,35,0.3,0.2,0,310.76006733134795,34.125,85.0,2025-10-04 07:34:18
161.3,3.7,594.4,145.7,2.9,428.5,966.8,60.04,215.6,4.4,0.6,1252.2,35,0.3,0.2,0,310.76006733134795,34.187,85.0,2025-10-04 07:34:47
161.5,3.5,596.5,147.3,2.9,427.9,960.8,60.02,215.5,4.3,0.6,1252.2,35.2,0.3,0.2,0,310.76006733134795,34.187,85.0,2025-10-04 07:35:20
161.3,3.7,597.8,145.7,2.9,427.2,970.2,59.96,215.5,4.3,0.6,1252.2,35.3,0.3,0.3,0,349.6050757477664,34.125,85.0,2025-10-04 07:35:49
161.9,3.7,578.9,145.8,2.9,424.3,950.0,59.96,215.5,4.4,0.6,1252.2,35.4,0.3,0.3,0,349.6050757477664,33.687,85.0,2025-10-04 07:36:23
163.6,3.4,587.2,145.7,2.9,422.2,958.5,59.96,215.5,4.3,0.6,1252.2,35.4,0.3,0.3,0,310.76006733134795,33.687,85.0,2025-10-04 07:36:52
161.3,3.8,607.2,148.7,2.9,427.4,981.1,59.98,215.6,4.5,0.6,1252.2,35.4,0.3,0.3,0,349.6050757477664,33.687,85.0,2025-10-04 07:37:25
162.4,3.9,595.4,146.1,2.9,433.0,995.6,60.01,215.7,4.5,0.6,1252.2,35.5,0.4,0.3,0,349.6050757477664,34.062,85.0,2025-10-04 07:37:54
158.7,3.9,615.0,146.1,2.9,431.5,991.5,60,215.7,4.6,0.6,1252.2,35.6,0.4,0.3,0,349.6050757477664,34.062,85.0,2025-10-04 07:38:28
161.4,3.8,606.4,148.7,2.8,421.4,974.1,60.04,215.5,4.4,0.7,1252.3,35.7,0.4,0.3,0,349.6050757477664,34.0,85.0,2025-10-04 07:38:57
160.8,3.6,576.4,148.2,2.7,401.7,926.5,59.99,215.3,4.2,0.7,1252.3,35.6,0.4,0.3,0,310.76006733134795,33.937,85.0,2025-10-04 07:39:30
158.6,3.4,547.1,145.6,2.7,385.6,884.5,60,215.2,4.2,0.7,1252.3,35.7,0.4,0.3,0,310.76006733134795,34.0,85.0,2025-10-04 07:39:59
161.4,3.5,574.5,147.1,2.7,402.2,929.2,60.01,215.1,4.2,0.7,1252.3,35.7,0.4,0.3,0,310.76006733134795,33.687,85.0,2025-10-04 07:40:32
161.3,3.7,599.1,148.8,2.8,411.4,959.3,59.99,215,4.4,0.7,1252.3,35.8,0.4,0.3,0,349.6050757477664,33.937,85.0,2025-10-04 07:41:01
164.1,3.6,573.9,145.8,2.8,406.9,932.0,59.97,214.9,4.4,0.7,1252.3,35.9,0.4,0.3,0,349.6050757477664,34.125,85.0,2025-10-04 07:41:35
161.3,3.4,582.2,145.7,2.6,395.1,927.5,59.99,215,4.2,0.7,1252.3,36,0.4,0.3,0,310.76006733134795,34.187,85.0,2025-10-04 07:42:04
161.3,3.5,552.6,145.8,2.5,377.1,882.1,60.01,215.1,4.1,0.7,1252.3,36.1,0.4,0.3,0,310.76006733134795,34.312,85.0,2025-10-04 07:42:37
164.1,3.4,521.9,142.8,2.5,366.5,849.5,60.01,215.1,4,0.7,1252.3,36.1,0.4,0.3,0,310.76006733134795,34.312,85.0,2025-10-04 07:43:06
161.2,3.3,535.0,145.7,2.4,360.4,851.1,60.02,215,3.9,0.7,1252.3,36.1,0.4,0.3,0,310.76006733134795,34.562,85.0,2025-10-04 07:43:40
161.4,3.2,522.7,145.6,2.4,351.5,830.2,59.97,215.1,3.9,0.7,1252.3,36.1,0.4,0.3,0,310.76006733134795,34.687,85.0,2025-10-04 07:44:09
158.4,3.3,523.2,148.6,2.4,354.6,836.8,60,214.7,3.9,0.7,1252.3,36.1,0.4,0.3,0,310.76006733134795,34.437,85.0,2025-10-04 07:44:42
159.1,3.3,523.8,146.4,2.4,351.7,831.2,60,214.7,3.9,0.8,1252.4,36.1,0.4,0.3,0,310.76006733134795,34.437,85.0,2025-10-04 07:45:11
161.3,3.3,537.8,150.8,2.3,357.9,849.6,60.03,214.9,3.9,0.8,1252.4,36.1,0.4,0.3,0,310.76006733134795,34.312,85.0,2025-10-04 07:45:45
160.5,3.3,529.4,146.6,2.4,355.3,842.2,60.04,215.1,4,0.8,1252.4,36,0.4,0.3,0,310.76006733134795,34.5,85.0,2025-10-04 07:46:14
162.8,3,520.3,147.9,2.3,344.8,823.8,60.03,215.2,3.7,0.8,1252.4,36.1,0.4,0.3,0,310.76006733134795,34.375,85.0,2025-10-04 07:46:47
161.3,3.1,500.4,146.6,2.2,330.9,792.0,59.97,215.5,3.6,0.8,1252.4,36.1,0.4,0.3,0,271.91505891492943,34.5,85.0,2025-10-04 07:47:16
163.1,3.1,460.2,144.8,2.2,319.6,746.6,59.98,215.5,3.6,0.8,1252.4,36.1,0.4,0.3,0,271.91505891492943,34.187,85.0,2025-10-04 07:47:50
162.7,3,513.0,148.8,2.2,339.7,791.4,60.01,215.5,3.7,0.8,1252.4,36,0.4,0.3,0,310.76006733134795,34.187,85.0,2025-10-04 07:48:18
161.3,3.2,521.8,147.5,2.3,341.4,820.6,59.98,215.5,3.8,0.8,1252.4,35.9,0.5,0.3,0,310.76006733134795,34.25,85.0,2025-10-04 07:48:52
161.3,3.3,535.4,148.8,2.4,351.0,843.0,60.03,215.3,3.9,0.8,1252.4,35.9,0.5,0.3,0,310.76006733134795,34.437,85.0,2025-10-04 07:49:21
163.3,3.4,521.3,146.9,2.4,354.7,855.8,60.04,215.3,4,0.8,1252.4,35.9,0.5,0.3,0,310.76006733134795,34.312,85.0,2025-10-04 07:49:54
164.1,3.4,554.3,151.6,2.4,365.8,870.6,60.06,215.4,4.1,0.8,1252.4,35.9,0.5,0.3,0,349.6050757477664,34.5,85.0,2025-10-04 07:50:23
161.3,3.6,572.8,148.8,2.5,370.2,896.1,60.06,215.4,4.1,0.8,1252.4,36,0.5,0.3,0,349.6050757477664,34.5,85.0,2025-10-04 07:50:57
161.3,3.5,563.0,148.7,2.4,364.8,881.6,60.04,215.5,4.1,0.8,1252.4,36.1,0.5,0.3,0,310.76006733134795,34.562,85.0,2025-10-04 07:51:26
158.5,3.7,578.4,145.8,2.5,371.4,900.7,59.99,215.5,4.2,0.8,1252.4,36.1,0.5,0.4,0,349.6050757477664,34.625,85.0,2025-10-04 07:51:59
161.3,3.7,593.1,148.7,2.5,378.3,922.6,60,215.6,4.2,0.9,1252.5,36,0.5,0.4,0,349.6050757477664,34.562,85.0,2025-10-04 07:52:28
161.3,3.6,576.7,148.8,2.5,368.6,899.9,60.01,215.6,4.2,0.9,1252.5,35.9,0.5,0.4,0,349.6050757477664,34.812,85.0,2025-10-04 07:53:02
158.4,3.7,591.1,146.4,2.6,377.6,919.8,60.02,215.8,4.2,0.9,1252.5,35.9,0.5,0.4,0,349.6050757477664,34.75,85.0,2025-10-04 07:53:31
161.2,3.6,606.5,148.7,2.6,382.2,938.4,59.99,215.8,4.2,0.9,1252.5,35.9,0.5,0.4,0,349.6050757477664,34.812,85.0,2025-10-04 07:54:04
161.5,3.8,614.1,151.6,2.5,382.1,945.9,60,215.8,4.3,0.9,1252.5,35.9,0.5,0.4,0,349.6050757477664,35.0,85.0,2025-10-04 07:54:33
163.9,3.7,587.8,151.6,2.5,375.0,899.9,60.03,215.8,4.2,0.9,1252.5,35.9,0.5,0.4,0,349.6050757477664,35.062,85.0,2025-10-04 07:55:07
162.4,3.5,599.9,147.6,2.5,369.9,918.8,60.05,215.6,4.1,0.9,1252.5,35.9,0.5,0.4,0,349.6050757477664,35.125,85.0,2025-10-04 07:55:36
161.3,3.7,596.1,148.7,2.5,370.7,917.5,60.03,215.6,4.2,0.9,1252.5,36,0.5,0.4,0,349.6050757477664,34.687,85.0,2025-10-04 07:56:09
163.3,3.6,553.1,147.5,2.4,358.9,866.7,60.03,215.7,4.2,0.9,1252.5,36,0.5,0.4,0,349.6050757477664,34.687,85.0,2025-10-04 07:56:38
159.4,3.8,605.4,154.5,2.4,369.9,928.0,59.99,215.7,4.2,0.9,1252.5,35.9,0.5,0.4,0,349.6050757477664,34.875,85.0,2025-10-04 07:57:11
161.3,3.8,604.9,148.4,2.5,370.6,925.8,59.99,215.7,4.2,0.9,1252.5,35.9,0.5,0.4,0,349.6050757477664,35.187,85.0,2025-10-04 07:57:40
159.9,3.6,577.5,148.5,2.4,359.0,888.7,60.03,215.7,4.2,0.9,1252.5,35.9,0.5,0.4,0,349.6050757477664,35.062,85.0,2025-10-04 07:58:14
159.8,3.6,570.3,150.1,2.3,354.3,878.3,60.02,215.7,4.1,0.9,1252.5,35.9,0.5,0.4,0,349.6050757477664,35.0,85.0,2025-10-04 07:58:43
161.2,3.6,574.4,150.1,2.3,350.3,878.7,59.97,215.8,4,1.0,1252.6,36,0.6,0.4,0,349.6050757477664,35.125,85.0,2025-10-04 07:59:16
161.4,3.6,571.7,150.1,2.3,349.2,875.3,60.03,215.6,4.1,1.0,1252.6,36,0.6,0.4,0,349.6050757477664,35.187,85.0,2025-10-04 07:59:45
162,3.2,537.7,153.1,2.2,340.2,837.5,60.03,215.4,3.9,1.0,1252.6,36,0.6,0.4,0,349.6050757477664,35.312,85.0,2025-10-04 08:00:19
161.2,3.5,578.5,150,2.3,350.8,882.6,60.04,215.6,4,1.0,1252.6,36,0.6,0.4,0,349.6050757477664,35.25,85.0,2025-10-04 08:00:48
161.4,3.5,548.6,150,2.2,339.5,842.6,60.03,215.6,4,1.0,1252.6,35.9,0.6,0.4,0,349.6050757477664,35.312,85.0,2025-10-04 08:01:21
163.9,3.4,525.0,150.1,2.1,332.5,818.4,60,215.5,3.9,1.0,1252.6,35.9,0.6,0.4,0,310.76006733134795,35.312,85.0,2025-10-04 08:01:50
161.3,3.6,582.9,150.1,2.3,351.8,888.1,60.01,215.6,4.1,1.0,1252.6,35.9,0.6,0.4,0,349.6050757477664,35.25,85.0,2025-10-04 08:02:24
161.4,3.7,580.3,150.1,2.3,355.1,898.4,60.02,215.1,4.2,1.0,1252.6,35.9,0.6,0.4,0,349.6050757477664,34.75,85.0,2025-10-04 08:02:53
158.3,3.6,564.3,153.3,2.2,342.0,863.2,60.01,215,4.1,1.0,1252.6,35.8,0.6,0.4,0,349.6050757477664,34.937,85.0,2025-10-04 08:03:26
159.4,3.7,587.0,150.1,2.3,352.2,891.5,60,215.1,4.1,1.0,1252.6,35.8,0.6,0.4,0,349.6050757477664,34.937,85.0,2025-10-04 08:03:55
161.5,3.8,603.0,150.1,2.3,360.9,917.0,60.04,215.2,4.2,1.0,1252.6,35.9,0.6,0.4,0,349.6050757477664,35.125,85.0,2025-10-04 08:04:28
160.2,4.1,651.3,155.2,2.5,389.7,988.0,60.03,215.8,4.6,1.0,1252.6,35.9,0.6,0.4,0,388.4500841641849,35.125,85.0,2025-10-04 08:04:58
161.3,4.2,713.4,155.2,2.7,417.9,1073.4,60.02,215.9,4.8,1.0,1252.6,36,0.6,0.4,0,427.2950925806034,34.875,85.0,2025-10-04 08:05:31
161.3,4.6,732.3,164.1,2.6,395.9,1071.9,60.03,215.8,5.1,1.1,1252.7,36.1,0.6,0.4,0,427.2950925806034,35.187,85.0,2025-10-04 08:06:00
163.6,4.6,703.5,162.8,2.4,436.7,1083.7,60.04,216,5,1.1,1252.7,36.2,0.6,0.4,0,466.14010099702193,35.062,85.0,2025-10-04 08:06:33
161.9,4.5,775.1,160.5,2.8,450.2,1138.4,59.97,215.4,5.2,1.1,1252.7,36.3,0.6,0.4,0,466.14010099702193,35.062,85.0,2025-10-04 08:07:02
161.3,4.6,741.1,158.9,2.7,433.0,1113.6,59.98,215.5,5.1,1.1,1252.7,36.4,0.6,0.4,0,466.14010099702193,34.875,85.0,2025-10-04 08:07:36
161.9,4.8,732.7,158.9,2.8,442.2,1125.2,59.96,216,5.3,1.1,1252.7,36.5,0.6,0.5,0,466.14010099702193,34.75,85.0,2025-10-04 08:08:05
160.2,4.9,775.0,160.9,2.8,450.4,1162.5,60.03,215.9,5.3,1.1,1252.7,36.5,0.7,0.5,0,466.14010099702193,34.625,85.0,2025-10-04 08:08:38
159,4.7,755.7,161.3,2.8,439.5,1134.9,60.04,216.1,5.2,1.1,1252.7,36.7,0.7,0.5,0,466.14010099702193,34.5,85.0,2025-10-04 08:09:41
160,5,793.6,160.6,2.8,456.0,1182.4,60.03,216.2,5.4,1.1,1252.7,36.8,0.7,0.5,0,504.9851094134404,34.062,85.0,2025-10-04 08:10:43
155,5,784.2,159,2.8,447.6,1167.4,60.01,215.9,5.3,1.2,1252.8,36.9,0.7,0.5,0,504.9851094134404,33.75,85.0,2025-10-04 08:11:45
158.6,4.8,754.3,161.8,2.6,423.1,1116.4,59.98,215.8,5.1,1.2,1252.8,37,0.7,0.5,0,466.14010099702193,33.75,85.0,2025-10-04 08:12:48
158.3,4.8,757.4,159.2,2.6,420.4,1116.3,60.03,215.8,5.1,1.2,1252.8,37.1,0.7,0.5,0,466.14010099702193,33.5,85.0,2025-10-04 08:13:50
160.7,4.6,735.5,159,2.6,412.4,1082.4,60.03,215.9,5,1.2,1252.8,37.2,0.7,0.5,0,466.14010099702193,33.25,85.0,2025-10-04 08:14:53
156.7,5,789.5,158.9,2.7,431.5,1158.5,59.99,216,5.2,1.2,1252.8,37.4,0.7,0.5,0,504.9851094134404,33.562,85.0,2025-10-04 08:15:47
158.8,4.6,762.5,161.4,2.5,403.9,1105.0,59.99,215.9,4.9,1.2,1252.8,37.4,0.7,0.5,0,466.14010099702193,33.625,85.0,2025-10-04 08:15:55
158.4,5,786.0,153.1,2.7,416.1,1138.7,60.03,216,5.2,1.3,1252.9,37.6,0.8,0.5,0,504.9851094134404,33.625,85.0,2025-10-04 08:16:49
161,5,765.9,158.2,2.6,419.4,1124.1,60.02,216.1,5.2,1.3,1252.9,37.6,0.8,0.5,0,504.9851094134404,33.625,85.0,2025-10-04 08:16:58
160.8,4.6,698.2,154.7,2.5,388.1,1031.1,59.98,215.9,4.8,1.3,1252.9,37.8,0.8,0.5,0,466.14010099702193,33.625,85.0,2025-10-04 08:17:52
158.7,4.5,738.6,151.8,2.6,392.8,1072.4,59.97,215.9,4.8,1.3,1252.9,37.8,0.8,0.5,0,466.14010099702193,33.625,85.0,2025-10-04 08:18:00
156.4,4.6,717.5,159.9,2.3,397.0,1057.2,59.97,215.4,4.8,1.3,1252.9,38,0.8,0.5,0,466.14010099702193,33.625,85.0,2025-10-04 08:18:54
158.1,4.7,734.7,159,2.5,399.1,1075.0,59.98,215.4,4.9,1.3,1252.9,38,0.8,0.5,0,466.14010099702193,33.562,85.0,2025-10-04 08:19:03
157.7,4.6,727.1,158.9,2.5,393.8,1067.9,59.98,215.6,4.9,1.3,1252.9,38,0.8,0.5,0,466.14010099702193,33.625,85.0,2025-10-04 08:19:57
159.8,4.7,731.6,161.6,2.4,392.8,1068.4,59.99,215.8,4.8,1.3,1252.9,37.9,0.8,0.5,0,466.14010099702193,33.625,85.0,2025-10-04 08:20:05
159.9,4.5,718.8,159,2.4,391.7,1055.2,60.02,215.8,4.8,1.3,1252.9,38,0.8,0.5,0,466.14010099702193,33.75,85.0,2025-10-04 08:20:59
157.1,4.5,705.2,159.4,2.4,374.6,1025.7,60.02,215.8,4.7,1.3,1252.9,38,0.8,0.5,0,466.14010099702193,33.75,85.0,2025-10-04 08:21:07
159.9,4.6,728.0,159,2.5,392.8,1064.9,59.97,215.7,4.8,1.4,1253.0,38.1,0.8,0.5,0,466.14010099702193,33.562,85.0,2025-10-04 08:22:02
161.3,4.2,720.6,159.6,2.5,383.7,1050.4,59.99,215.8,4.6,1.4,1253.0,38.1,0.8,0.5,0,466.14010099702193,33.562,85.0,2025-10-04 08:22:10
159.9,4.5,710.7,155.9,2.4,379.1,1034.4,60.02,216,4.7,1.4,1253.0,38.2,0.8,0.6,0,466.14010099702193,33.625,85.0,2025-10-04 08:23:04
161.4,4.5,664.0,159,2.4,382.5,993.6,60.04,215.8,4.7,1.4,1253.0,38.3,0.8,0.6,0,466.14010099702193,33.562,85.0,2025-10-04 08:23:12
156.9,4.5,714.1,159.2,2.4,385.0,1045.3,60.03,216,4.8,1.4,1253.0,38.3,0.8,0.6,0,466.14010099702193,33.562,85.0,2025-10-04 08:24:07
160,4.6,725.6,156.5,2.5,389.9,1059.7,60.01,216,4.8,1.4,1253.0,38.3,0.8,0.6,0,466.14010099702193,33.5,85.0,2025-10-04 08:24:15
159.8,4.8,756.8,159.5,2.4,404.1,1102.3,60,215.4,5,1.4,1253.0,38.5,0.9,0.6,0,504.9851094134404,33.5,85.0,2025-10-04 08:25:09
157.8,4.9,759.1,158.9,2.5,407.2,1104.2,60.04,215.5,5.1,1.4,1253.0,38.5,0.9,0.6,0,504.9851094134404,33.25,85.0,2025-10-04 08:25:17
157.3,4.9,771.6,161.6,2.6,396.3,1107.5,59.97,216.2,5.1,1.4,1253.0,38.7,0.9,0.6,0,504.9851094134404,33.312,85.0,2025-10-04 08:26:11
159.9,4.9,771.3,159,2.5,409.3,1120.4,60.01,216.3,5.1,1.4,1253.0,38.7,0.9,0.6,0,504.9851094134404,33.312,85.0,2025-10-04 08:26:20
158.5,4.8,764.9,158.9,2.5,402.1,1108.0,60,216.2,5,1.4,1253.0,38.9,0.9,0.6,0,504.9851094134404,33.312,85.0,2025-10-04 08:27:14
156.9,4.9,767.2,161.9,2.5,391.9,1100.5,60,216.2,5.1,1.4,1253.0,38.9,0.9,0.6,0,504.9851094134404,33.312,85.0,2025-10-04 08:27:22
156.9,4.8,772.9,159,2.5,405.5,1116.7,60,216,5,1.5,1253.1,38.9,0.9,0.6,0,504.9851094134404,33.312,85.0,2025-10-04 08:28:16
156.8,5,772.7,158.9,2.5,402.5,1114.5,59.97,215.9,5.1,1.5,1253.1,38.9,0.9,0.6,0,504.9851094134404,33.375,85.0,2025-10-04 08:28:24
159.8,5.2,813.0,159.1,2.6,416.4,1163.8,60.03,216,5.3,1.5,1253.1,38.8,0.9,0.6,0,543.8301178298589,33.375,85.0,2025-10-04 08:29:19
156.9,5.1,816.4,159,2.6,419.5,1169.9,60.03,216.1,5.3,1.5,1253.1,38.8,0.9,0.6,0,543.8301178298589,33.375,85.0,2025-10-04 08:29:27
156.9,5.2,803.6,159,2.6,409.0,1148.7,60,216.1,5.3,1.5,1253.1,38.9,0.9,0.6,0,543.8301178298589,33.312,85.0,2025-10-04 08:30:21
159.8,5.2,792.7,158.2,2.6,403.1,1133.2,59.98,216.2,4.4,1.5,1253.1,38.8,0.9,0.6,0,543.8301178298589,33.375,85.0,2025-10-04 08:30:29
156.4,5.1,790.4,161.3,2.3,397.6,1126.1,60.03,216,5.2,1.5,1253.1,38.8,0.9,0.6,0,504.9851094134404,33.375,85.0,2025-10-04 08:31:24
154.7,5,778.1,159,2.5,394.5,1112.5,60.03,216,5.1,1.5,1253.1,38.8,0.9,0.6,0,504.9851094134404,33.375,85.0,2025-10-04 08:31:32
156.8,4.6,718.1,159.5,2.3,346.9,1011.0,59.98,215.8,4.6,1.5,1253.1,38.7,1.0,0.6,0,466.14010099702193,33.437,85.0,2025-10-04 08:32:26
155.9,4.5,691.9,160.1,2,360.4,998.5,59.98,215.8,4.5,1.5,1253.1,38.7,1.0,0.6,0,466.14010099702193,33.375,85.0,2025-10-04 08:32:34
159,4.7,760.0,159,2.4,387.2,1088.6,59.98,215.8,5,1.6,1253.2,38.6,1.0,0.6,0,504.9851094134404,33.375,85.0,2025-10-04 08:33:29
156.9,5,781.4,160.8,2.5,379.2,1100.6,59.99,215.9,5.1,1.6,1253.2,38.6,1.0,0.6,0,504.9851094134404,33.375,85.0,2025-10-04 08:33:37
158.3,5,767.8,156.4,2.4,385.9,1109.4,60.01,216,5.1,1.6,1253.2,38.6,1.0,0.6,0,543.8301178298589,33.25,85.0,2025-10-04 08:34:31
158,4.8,782.6,159,2.4,390.3,1101.7,60.02,216,5,1.6,1253.2,38.5,1.0,0.6,0,504.9851094134404,33.25,85.0,2025-10-04 08:34:39
156.7,4.8,750.3,158.9,2.3,373.5,1065.7,59.99,216,4.8,1.6,1253.2,38.5,1.0,0.6,0,504.9851094134404,33.125,85.0,2025-10-04 08:35:33
159.2,4.9,752.2,156,2.4,371.7,1065.6,59.99,216,5,1.6,1253.2,38.5,1.0,0.6,0,504.9851094134404,33.125,85.0,2025-10-04 08:35:41
154.1,4.6,708.5,159,2.2,359.9,1015.1,60.03,214.8,4.6,1.6,1253.2,38.6,1.0,0.6,0,466.14010099702193,33.187,85.0,2025-10-04 08:36:36
156.8,4.6,721.3,159.1,2.2,358.1,1026.1,60.03,215.4,4.5,1.6,1253.2,38.6,1.0,0.6,0,466.14010099702193,33.125,85.0,2025-10-04 08:36:44
156.9,4.8,745.6,159,2.2,366.8,1056.2,60.04,215.6,4.8,1.6,1253.2,38.5,1.0,0.7,0,504.9851094134404,33.0,85.0,2025-10-04 08:37:38
153.8,4.8,731.7,159.1,2.3,363.3,1039.2,60.04,215.5,4.8,1.6,1253.2,38.5,1.0,0.7,0,504.9851094134404,33.0,85.0,2025-10-04 08:37:46
156.9,4.5,725.9,162.2,2.2,339.9,1009.1,60,215.7,4.6,1.7,1253.3,38.5,1.0,0.7,0,466.14010099702193,33.062,85.0,2025-10-04 08:38:41
157,4.7,724.4,159,2.2,360.1,1028.1,59.96,215.7,4.7,1.7,1253.3,38.5,1.0,0.7,0,504.9851094134404,33.062,85.0,2025-10-04 08:38:49
159.6,4.8,731.4,158.8,2.3,366.1,1042.2,60.02,214.9,4.8,1.7,1253.3,38.5,1.0,0.7,0,504.9851094134404,33.125,85.0,2025-10-04 08:39:43
156.9,4.7,744.3,161.6,2.3,346.6,1039.5,60.02,214.9,4.7,1.7,1253.3,38.5,1.0,0.7,0,504.9851094134404,33.125,85.0,2025-10-04 08:39:51
156.8,5.3,821.0,156.7,2.5,392.5,1149.6,60,215.1,5.3,1.7,1253.3,38.6,1.1,0.7,0,543.8301178298589,32.625,85.0,2025-10-04 08:40:46
159.3,5.2,787.1,159,2.4,390.8,1119.1,60,215.1,5.2,1.7,1253.3,38.6,1.1,0.7,0,543.8301178298589,32.625,85.0,2025-10-04 08:40:54
154.8,5.8,887.6,156.9,2.6,415.8,1235.0,60,215.5,5.6,1.7,1253.3,38.6,1.1,0.7,0,582.6751262462774,32.625,85.0,2025-10-04 08:41:48
156.9,5.8,898.2,159,2.6,418.3,1246.5,60.02,215.7,5.8,1.7,1253.3,38.7,1.1,0.7,0,621.5201346626959,32.562,85.0,2025-10-04 08:41:56
158.9,5.3,783.7,156.9,2.3,372.7,1099.5,60.02,215.6,5.1,1.7,1253.3,38.8,1.1,0.7,0,504.9851094134404,32.5,85.0,2025-10-04 08:42:50
157.4,4.6,778.1,159.7,1.9,346.5,1067.8,60.01,215.5,4.6,1.7,1253.3,38.8,1.1,0.7,0,466.14010099702193,32.5,85.0,2025-10-04 08:42:58
154.9,2.8,445.0,155.7,1.5,239.4,643.6,59.99,215,2.9,1.7,1253.3,38.7,1.1,0.7,0,271.91505891492943,32.312,85.0,2025-10-04 08:43:53
154.4,2.2,361.6,155.1,1.3,214.8,553.7,59.99,214.8,2.4,1.7,1253.3,38.7,1.1,0.7,0,233.07005049851097,32.312,85.0,2025-10-04 08:44:01
153.2,2.1,316.5,156.3,1.4,213.9,511.4,60.03,214.9,2.4,1.8,1253.4,38.7,1.1,0.7,0,233.07005049851097,32.187,85.0,2025-10-04 08:44:55
152.8,2.7,405.5,154.7,1.6,241.4,619.4,60.03,215,3,1.8,1253.4,38.7,1.1,0.7,0,310.76006733134795,32.187,85.0,2025-10-04 08:45:03
156.8,5.9,911.0,160.5,2.5,411.3,1251.3,60.02,215.9,5.8,1.8,1253.4,39,1.1,0.7,0,621.5201346626959,32.25,85.0,2025-10-04 08:45:58
153.8,6,921.2,162,2.6,419.2,1268.9,60.03,216,5.9,1.8,1253.4,39.1,1.1,0.7,0,621.5201346626959,32.25,85.0,2025-10-04 08:46:06
156.9,5.7,896.2,159,2.4,397.0,1227.0,60.01,216.1,5.6,1.8,1253.4,39.4,1.1,0.7,0,621.5201346626959,32.375,85.0,2025-10-04 08:47:00
157.1,5.7,882.2,162,2.4,392.8,1207.4,60.04,215.9,5.6,1.8,1253.4,39.4,1.1,0.7,0,582.6751262462774,32.375,85.0,2025-10-04 08:47:08
159.6,5.8,891.8,159.1,2.5,398.0,1224.1,60,215.9,5.6,1.8,1253.4,39.6,1.1,0.7,0,582.6751262462774,32.437,85.0,2025-10-04 08:48:03
156.9,5.6,888.9,155.9,2.5,392.6,1214.0,59.99,215.7,5.5,1.8,1253.4,39.6,1.1,0.7,0,582.6751262462774,32.437,85.0,2025-10-04 08:48:11
157.2,5.8,895.0,158.9,2.4,402.4,1238.4,59.99,216,5.7,1.8,1253.4,39.7,1.2,0.7,0,621.5201346626959,32.5,85.0,2025-10-04 08:49:05
159.1,5.7,911.4,162.7,2.5,375.5,1233.6,60.02,215.7,5.8,1.8,1253.4,39.7,1.2,0.7,0,621.5201346626959,32.562,85.0,2025-10-04 08:49:13
157,5.5,857.8,159,2.4,391.7,1185.9,60.02,215.8,5.4,1.9,1253.5,39.9,1.2,0.7,0,582.6751262462774,32.562,85.0,2025-10-04 08:50:07
157.9,5.7,884.6,156,2.5,396.2,1213.5,60.01,215.9,5.6,1.9,1253.5,39.9,1.2,0.7,0,621.5201346626959,32.625,85.0,2025-10-04 08:50:16
155,5.9,938.4,159.9,2.4,408.7,1276.2,59.99,216,5.6,1.9,1253.5,40.1,1.2,0.7,0,582.6751262462774,32.625,85.0,2025-10-04 08:51:10
155.2,3.8,638.7,158.8,1.3,280.9,871.1,59.99,215.5,3.5,1.9,1253.5,40.1,1.2,0.7,0,310.76006733134795,32.562,85.0,2025-10-04 08:51:18
156.8,6.3,980.6,159,2.6,418.5,1325.3,60,216.4,6.1,1.9,1253.5,40.1,1.2,0.7,0,660.3651430791144,32.5,85.0,2025-10-04 08:52:12
154.6,6.3,960.2,162.2,2.3,418.0,1303.4,59.99,216.3,5.9,1.9,1253.5,40.2,1.2,0.7,0,660.3651430791144,32.437,85.0,2025-10-04 08:52:20
157.4,5.9,986.1,162,2.6,420.3,1307.9,60.01,216.3,5.9,1.9,1253.5,40.3,1.2,0.7,0,699.2101514955328,32.437,85.0,2025-10-04 08:53:15
157,6.4,993.8,159.5,2.6,425.5,1343.3,60.01,216.2,6.2,1.9,1253.5,40.3,1.2,0.7,0,699.2101514955328,32.5,85.0,2025-10-04 08:53:23
159.3,6.3,954.5,159,2.7,426.6,1303.6,60.02,216,6.2,1.9,1253.5,40.5,1.2,0.8,0,699.2101514955328,32.5,85.0,2025-10-04 08:54:17
157,5.9,977.8,158.8,2.7,424.1,1306.6,60.01,215.9,5.8,1.9,1253.5,40.6,1.2,0.8,0,660.3651430791144,32.562,85.0,2025-10-04 08:54:25
153.8,6.6,1013.4,159,2.7,435.7,1369.6,60.04,215.9,6.3,2.0,1253.6,40.8,1.3,0.8,0,699.2101514955328,32.625,85.0,2025-10-04 08:55:20
157.3,6.5,1005.7,155.7,2.7,431.7,1358.8,60.03,215.9,6.3,2.0,1253.6,40.8,1.3,0.8,0,699.2101514955328,32.625,85.0,2025-10-04 08:55:28
156.9,6.3,991.1,161.8,2.6,416.1,1331.1,60.05,215.6,5.9,2.0,1253.6,40.3,1.3,0.8,0,699.2101514955328,32.562,85.0,2025-10-04 08:56:22
156.7,6.4,989.3,159,2.6,415.4,1327.0,60.03,215.7,6.1,2.0,1253.6,40.3,1.3,0.8,0,699.2101514955328,32.562,85.0,2025-10-04 08:56:30
156.9,6.3,990.8,161.9,2.5,400.8,1317.5,60.04,215,5.9,2.0,1253.6,40.1,1.3,0.8,0,699.2101514955328,32.687,85.0,2025-10-04 08:57:25
156.4,6.3,982.9,161.7,2.4,395.2,1303.5,60.05,215.1,6,2.0,1253.6,40.1,1.3,0.8,0,699.2101514955328,32.687,85.0,2025-10-04 08:57:33
153.6,6,930.6,159.1,2.2,372.2,1233.7,60.02,215,5.7,2.0,1253.6,40.5,1.3,0.8,0,660.3651430791144,32.812,85.0,2025-10-04 08:58:27
157,6,931.7,159,2.3,369.0,1232.5,60.03,215,5.7,2.0,1253.6,40.6,1.3,0.8,0,660.3651430791144,32.875,85.0,2025-10-04 08:58:35
153.8,5.9,918.7,162.8,1.9,349.7,1202.7,60.05,215.7,5.4,2.1,1253.7,40.8,1.3,0.8,0,660.3651430791144,32.875,85.0,2025-10-04 08:59:29
157,6,912.3,161.6,2.1,341.9,1195.1,60.04,215.6,5.4,2.1,1253.7,40.8,1.3,0.8,0,660.3651430791144,32.875,85.0,2025-10-04 08:59:37
155.4,5.7,876.5,163.9,1.9,295.6,1116.2,60.02,215.5,5.2,2.1,1253.7,40.6,1.3,0.8,0,621.5201346626959,32.812,85.0,2025-10-04 09:00:32
158.5,5.6,865.2,162.4,1.8,314.0,1119.7,60.05,215.5,5.1,2.1,1253.7,40.7,1.3,0.8,0,621.5201346626959,32.812,85.0,2025-10-04 09:00:40
155,5.5,852.0,161.7,1.8,294.3,1088.5,60.04,215.5,5,2.1,1253.7,40.8,1.4,0.8,0,582.6751262462774,32.75,85.0,2025-10-04 09:01:34
156.4,5.5,851.8,164.5,1.8,282.6,1080.5,60.04,215.5,5,2.1,1253.7,40.8,1.4,0.8,0,582.6751262462774,32.812,85.0,2025-10-04 09:01:42
155.7,5.9,908.5,164.9,1.8,298.0,1145.8,60.03,215.6,5.2,2.1,1253.7,41,1.4,0.8,0,660.3651430791144,32.812,85.0,2025-10-04 09:02:37
157.3,5.9,904.1,162.2,1.8,294.1,1135.7,60.03,215.5,5.3,2.1,1253.7,41.1,1.4,0.8,0,660.3651430791144,33.0,85.0,2025-10-04 09:02:45
156.9,6.2,954.6,165.5,1.5,282.4,1171.9,60,215.9,5.3,2.1,1253.7,41.2,1.4,0.8,0,699.2101514955328,33.125,85.0,2025-10-04 09:03:39
154.1,6.4,970.5,165,1.8,302.1,1208.1,60.01,215.9,5.6,2.1,1253.7,41.2,1.4,0.8,0,699.2101514955328,33.125,85.0,2025-10-04 09:03:47
156.7,5.9,918.8,165.1,1.7,269.9,1128.7,60.04,215.6,5.3,2.2,1253.8,41.3,1.4,0.8,0,660.3651430791144,33.125,85.0,2025-10-04 09:04:42
154,6.1,924.7,165,1.4,293.2,1157.2,60.02,215.6,5.1,2.2,1253.8,41.3,1.4,0.8,0,660.3651430791144,33.25,85.0,2025-10-04 09:04:49
155.3,5.2,808.3,162,1.7,292.1,1050.3,60.03,215.5,4.8,2.2,1253.8,41.6,1.4,0.8,0,621.5201346626959,33.312,85.0,2025-10-04 09:05:44
155.2,6.2,907.4,159.2,1.8,293.9,1137.7,60.06,215.7,5.4,2.2,1253.8,41.6,1.4,0.8,0,699.2101514955328,33.312,85.0,2025-10-04 09:05:52
155.5,6.6,1009.6,163.5,2,321.6,1261.5,60.05,216,5.8,2.2,1253.8,41.5,1.4,0.8,0,699.2101514955328,33.25,85.0,2025-10-04 09:06:46
157.2,5.3,888.7,163.6,1.9,302.9,1132.4,60.05,215.8,4.9,2.2,1253.8,41.5,1.4,0.8,0,621.5201346626959,33.25,85.0,2025-10-04 09:06:54
156.4,6.5,1006.9,161.8,1.9,339.9,1274.3,60.04,216.1,5.8,2.2,1253.8,41.6,1.4,0.8,0,699.2101514955328,33.125,85.0,2025-10-04 09:07:49
153.9,6.7,1018.6,162,2.1,342.9,1289.7,60.02,216.1,5.9,2.2,1253.8,41.6,1.4,0.8,0,738.0551599119514,33.187,85.0,2025-10-04 09:07:57
154.4,6.5,974.7,164.7,2.2,316.7,1237.7,60.02,215.9,5.9,2.2,1253.8,41.6,1.5,0.8,0,699.2101514955328,33.375,85.0,2025-10-04 09:08:51
156.1,6.2,986.6,162,2.2,361.3,1277.8,60.02,216.1,5.9,2.2,1253.8,41.6,1.5,0.8,0,699.2101514955328,33.437,85.0,2025-10-04 09:08:59
152,6.3,961.5,160.2,2.2,362.6,1256.5,60.04,215.9,5.6,2.3,1253.9,41.6,1.5,0.8,0,699.2101514955328,33.562,85.0,2025-10-04 09:09:54
155.1,6.4,946.4,159,2.3,362.7,1265.4,60.03,216.2,5.8,2.3,1253.9,41.7,1.5,0.8,0,699.2101514955328,33.625,85.0,2025-10-04 09:10:02
152.5,6.6,1000.7,160.2,2.3,378.0,1304.3,60.04,216,6.1,2.3,1253.9,41.9,1.5,0.8,0,738.0551599119514,33.562,85.0,2025-10-04 09:10:56
153.9,6.7,1013.1,159.1,2.4,378.0,1317.9,60.05,216.1,6,2.3,1253.9,41.9,1.5,0.8,0,738.0551599119514,33.625,85.0,2025-10-04 09:11:04
153.9,6.7,1021.2,160.6,2.4,373.5,1321.5,59.98,216.2,6.1,2.3,1253.9,42,1.5,0.9,0,738.0551599119514,33.75,85.0,2025-10-04 09:11:59
151.5,6.7,1007.3,159.6,2.3,381.2,1312.7,59.97,216.1,6,2.3,1253.9,42.1,1.5,0.9,0,738.0551599119514,33.75,85.0,2025-10-04 09:12:06
154.4,6.3,1023.8,159,2.4,379.2,1326.6,60,215.7,5.8,2.3,1253.9,42.1,1.5,0.9,0,738.0551599119514,33.75,85.0,2025-10-04 09:13:01
153.9,6.7,1018.0,161.7,2.4,367.6,1313.2,59.99,215.5,6.1,2.3,1253.9,42.2,1.5,0.9,0,738.0551599119514,33.75,85.0,2025-10-04 09:13:09
156.2,6.6,968.4,158.1,2.4,373.5,1285.9,59.99,215.7,6.1,2.4,1254.0,42.2,1.6,0.9,0,738.0551599119514,33.812,85.0,2025-10-04 09:14:04
154,6.3,1017.1,159,2.4,376.0,1318.1,60.04,215.7,5.9,2.4,1254.0,42.2,1.6,0.9,0,738.0551599119514,33.812,85.0,2025-10-04 09:14:11
154,6.7,1024.1,159.2,2.4,375.2,1324.0,59.98,216.3,6.1,2.4,1254.0,42.2,1.6,0.9,0,738.0551599119514,33.812,85.0,2025-10-04 09:15:06
156.3,6.6,985.0,158.9,2.4,377.1,1284.9,59.97,216.1,6.1,2.4,1254.0,42.2,1.6,0.9,0,738.0551599119514,33.812,85.0,2025-10-04 09:15:14
146.3,5.2,916.2,155.8,2.2,356.7,1202.3,60.02,215.8,4.8,2.4,1254.0,42.1,1.6,0.9,0,660.3651430791144,33.937,85.0,2025-10-04 09:16:08
148.2,1.9,280.7,158.4,1,191.0,459.9,60.02,214.8,2,2.4,1254.0,42.1,1.6,0.9,0,194.22504208209244,33.812,85.0,2025-10-04 09:16:16
148,2,298.4,153.1,1.1,182.0,465.4,60.04,214.7,2.1,2.4,1254.0,41.6,1.6,0.9,0,194.22504208209244,33.75,85.0,2025-10-04 09:17:11
149.7,1.9,292.8,150.1,1.2,181.0,460.2,60.04,214.8,2.1,2.4,1254.0,41.5,1.6,0.9,0,194.22504208209244,33.75,85.0,2025-10-04 09:17:19
149.5,1.9,280.7,153.1,1.1,178.7,447.2,59.98,214.8,2,2.4,1254.0,41,1.6,0.9,0,194.22504208209244,33.562,85.0,2025-10-04 09:18:13
153.1,1.9,281.6,155.5,1.1,179.5,450.3,59.98,214.9,2.1,2.4,1254.0,41,1.6,0.9,0,194.22504208209244,33.5,85.0,2025-10-04 09:18:21
154.4,2.2,338.4,150.2,1.3,204.0,525.0,60.03,214.9,2.4,2.4,1254.0,40.8,1.6,0.9,0,233.07005049851097,33.687,85.0,2025-10-04 09:19:16
155.2,2.3,350.7,155,1.4,211.4,544.5,60.01,215,2.5,2.4,1254.0,40.7,1.6,0.9,0,233.07005049851097,33.625,85.0,2025-10-04 09:19:24
155.6,2.9,442.2,154.9,1.7,269.0,682.2,59.99,215.4,3.1,2.4,1254.0,40.6,1.6,0.9,0,310.76006733134795,33.625,85.0,2025-10-04 09:20:18
153.1,3,457.1,151.3,1.9,277.9,700.3,60.01,215.5,3.3,2.4,1254.0,40.7,1.6,0.9,0,349.6050757477664,33.625,85.0,2025-10-04 09:20:26
155.4,8.2,1266.5,161.4,3.1,484.4,1652.0,60.04,216.4,7.7,2.5,1254.1,41.1,1.6,0.9,0,932.2802019940439,34.0,85.0,2025-10-04 09:21:21
152.5,8.2,1239.6,159,3,494.7,1635.7,60.02,216.5,7.7,2.5,1254.1,41.2,1.6,0.9,0,932.2802019940439,34.062,85.0,2025-10-04 09:21:28
155,5.5,912.3,155.9,2.6,416.8,1258.7,59.98,215.2,5.4,2.5,1254.1,41.5,1.6,0.9,0,621.5201346626959,33.937,85.0,2025-10-04 09:22:23
157.5,3.6,613.2,155.9,2.2,358.9,928.7,59.98,214.6,4,2.5,1254.1,41.5,1.6,0.9,0,427.2950925806034,34.0,85.0,2025-10-04 09:22:31
152.9,8.2,1230.1,156.2,3.1,484.7,1630.6,59.99,216.2,7.5,2.5,1254.1,41.5,1.7,0.9,0,932.2802019940439,34.25,85.0,2025-10-04 09:23:25
155.4,8.2,1247.2,158.9,3.1,490.5,1638.2,59.96,216.1,7.7,2.5,1254.1,41.6,1.7,0.9,0,932.2802019940439,34.125,85.0,2025-10-04 09:23:33
152.6,8.3,1239.8,159,3.1,494.6,1632.7,60.01,216.3,7.6,2.5,1254.1,41.8,1.7,0.9,0,932.2802019940439,34.125,85.0,2025-10-04 09:24:28
152.4,8.2,1242.8,156,3.1,488.3,1630.8,60.01,216.2,7.6,2.5,1254.1,41.8,1.7,0.9,0,932.2802019940439,34.187,85.0,2025-10-04 09:24:36
153.4,8.3,1233.4,153.1,3.1,471.5,1607.6,60.02,215.7,7.5,2.6,1254.2,42,1.7,0.9,0,932.2802019940439,34.187,85.0,2025-10-04 09:25:30
152.4,8,1235.8,157.5,3,476.5,1612.1,60.03,215.7,7.4,2.6,1254.2,42,1.7,0.9,0,932.2802019940439,34.937,85.0,2025-10-04 09:25:38
147,5.9,890.2,157.4,2.6,420.0,1238.2,59.99,215.6,5.6,2.6,1254.2,42.2,1.7,0.9,0,699.2101514955328,35.187,85.0,2025-10-04 09:26:33
144.9,6.5,911.6,155.5,2.6,404.0,1243.7,60.01,215.6,5.9,2.6,1254.2,42.2,1.7,0.9,0,738.0551599119514,35.187,85.0,2025-10-04 09:26:40
151.7,7.8,1166.2,159,2.8,444.9,1521.0,59.97,215,7,2.6,1254.2,42.2,1.7,0.9,0,893.4351935776253,35.312,85.0,2025-10-04 09:27:35
150.9,7.7,1159.5,160.2,2.5,440.3,1510.2,59.98,215.6,6.8,2.6,1254.2,42.2,1.7,1.0,0,893.4351935776253,35.312,85.0,2025-10-04 09:27:43
151,7.7,1156.6,158.9,2.7,435.0,1503.4,59.99,215.6,6.8,2.6,1254.2,42.3,1.8,1.0,0,854.5901851612068,35.312,85.0,2025-10-04 09:28:38
153.1,7.7,1143.1,159,2.7,437.5,1491.6,60.02,215.8,6.9,2.6,1254.2,42.3,1.8,1.0,0,854.5901851612068,35.5,38.187,2025-10-04 09:28:45
146.5,6.2,1063.9,155.9,2.6,419.3,1405.0,59.96,215.8,5.5,2.7,1254.3,42.3,1.8,1.0,0,776.9001683283698,35.375,38.75,2025-10-04 09:29:40
147.5,3.2,494.5,154.1,1.9,311.3,769.0,59.98,215.2,3.4,2.7,1254.3,42.4,1.8,1.0,0,388.4500841641849,35.312,38.687,2025-10-04 09:29:48
152.7,4.2,629.7,158.9,2,299.0,883.8,60.01,215.4,4.2,2.7,1254.3,42,1.8,1.0,0,466.14010099702193,35.187,37.625,2025-10-04 09:30:43
152.6,4.5,639.6,154,2.1,324.8,928.1,60,215.5,4.4,2.7,1254.3,42,1.8,1.0,0,543.8301178298589,35.25,37.562,2025-10-04 09:30:50
152.6,8,1203.6,159,2.7,460.2,1569.1,60,216.4,7.2,2.7,1254.3,42.2,1.8,1.0,0,893.4351935776253,35.687,36.875,2025-10-04 09:31:45
151.8,6.9,1067.9,159.1,2.8,447.4,1433.9,59.99,216.2,6.4,2.7,1254.3,42.3,1.8,1.0,0,854.5901851612068,35.687,36.875,2025-10-04 09:31:53
150.4,5.2,854.6,156,2.3,385.2,1136.2,59.99,215.7,5,2.7,1254.3,42.5,1.8,1.0,0,621.5201346626959,35.875,36.875,2025-10-04 09:32:47
156.7,5.3,807.9,154.7,2.5,380.6,1127.8,59.97,216,5.4,2.7,1254.3,42.5,1.8,1.0,0,738.0551599119514,35.875,36.812,2025-10-04 09:32:55
153.8,3,461.8,153.1,1.8,282.8,708.0,60.02,215.5,3.2,2.7,1254.3,42.3,1.8,1.0,0,349.6050757477664,35.687,36.687,2025-10-04 09:33:50
150.7,2.8,435.6,153.1,1.8,275.5,680.1,60.02,215.3,3.1,2.7,1254.3,42.3,1.8,1.0,0,310.76006733134795,35.687,36.562,2025-10-04 09:33:57
154.6,3.2,505.2,157.2,1.9,284.0,754.4,60.03,215.5,3.5,2.8,1254.4,42,1.8,1.0,0,388.4500841641849,35.687,36.75,2025-10-04 09:34:52
155.4,3.6,561.4,153,2,308.5,831.0,60.04,215.7,3.8,2.8,1254.4,42,1.8,1.0,0,427.2950925806034,35.75,36.75,2025-10-04 09:35:00
154.6,7.8,1117.3,154.6,2.7,419.1,1460.1,60.01,216.3,7.1,2.8,1254.4,42.1,1.9,1.0,0,893.4351935776253,35.937,36.875,2025-10-04 09:35:55
151,8,1214.0,157.4,2.7,429.1,1546.6,59.98,216.4,7.2,2.8,1254.4,42.1,1.9,1.0,0,854.5901851612068,35.937,36.812,2025-10-04 09:36:02
156,5.4,759.1,155.2,2.3,360.9,1064.7,60,215.7,5.2,2.8,1254.4,42.4,1.9,1.0,0,621.5201346626959,36.0,36.5,2025-10-04 09:36:57
151.4,7.5,1115.7,159,2.4,388.9,1422.3,60.01,215.9,6.6,2.8,1254.4,42.4,1.9,1.0,0,815.7451767447883,36.0,36.437,2025-10-04 09:37:05
151.2,8,1184.7,159.1,2.7,427.6,1524.1,59.98,216.1,7.1,2.8,1254.4,42.5,1.9,1.0,0,893.4351935776253,36.187,36.437,2025-10-04 09:38:00
153.9,7.8,1188.7,161.5,2.7,400.0,1501.8,59.99,216.2,7,2.8,1254.4,42.5,1.9,1.0,0,893.4351935776253,36.187,36.437,2025-10-04 09:38:07
153,4.6,674.4,159,1.8,284.3,917.0,59.98,215.5,4.4,2.8,1254.4,42.5,1.9,1.0,0,504.9851094134404,36.312,36.687,2025-10-04 09:39:02
151.3,3.5,569.4,155.3,1.8,284.8,811.5,59.98,215.2,3.5,2.8,1254.4,42.5,1.9,1.0,0,388.4500841641849,36.312,36.625,2025-10-04 09:39:10
155.1,7.6,1183.9,148.7,2.6,392.3,1489.5,60,215.3,7,2.9,1254.5,42.2,1.9,1.0,0,893.4351935776253,36.25,36.0,2025-10-04 09:40:04
152.4,8,1200.2,153.3,2.6,405.7,1516.1,59.99,215.4,7.1,2.9,1254.5,42.3,1.9,1.0,0,893.4351935776253,36.312,36.0,2025-10-04 09:40:12
155.8,7.1,1043.4,156.1,2.5,394.5,1365.2,60.02,215.2,6.6,2.9,1254.5,42.4,1.9,1.0,0,854.5901851612068,36.312,36.125,2025-10-04 09:41:07
153.8,7.4,1135.9,154.7,2.6,405.2,1449.3,60.03,214.9,6.7,2.9,1254.5,42.5,1.9,1.0,0,854.5901851612068,36.312,36.0,2025-10-04 09:41:14
153.9,7.5,1146.0,159,2.7,422.6,1483.1,60.01,214.9,6.9,2.9,1254.5,42.8,2.0,1.0,0,893.4351935776253,36.562,36.437,2025-10-04 09:42:09
151.4,7.7,1156.5,156,2.7,426.5,1492.5,60.01,214.9,6.9,2.9,1254.5,42.8,2.0,1.0,0,893.4351935776253,36.625,36.5,2025-10-04 09:42:17
154,7.6,1200.9,159,2.7,428.2,1540.6,59.97,214.5,7,2.9,1254.5,43.1,2.0,1.0,0,932.2802019940439,36.75,36.437,2025-10-04 09:43:12
153.7,8,1211.0,156.2,2.7,429.6,1548.1,59.98,214.3,7.3,2.9,1254.5,43,2.0,1.0,0,932.2802019940439,36.625,36.375,2025-10-04 09:43:19
156.3,7,1035.5,157.4,2.5,393.8,1352.2,59.98,214.7,6.4,3.0,1254.6,42.9,2.0,1.1,0,738.0551599119514,36.437,36.562,2025-10-04 09:44:14
155.8,5.7,786.1,154.9,2.4,369.9,1097.2,59.97,214.5,5.5,3.0,1254.6,42.9,2.0,1.1,0,738.0551599119514,36.437,36.75,2025-10-04 09:44:22
151.3,8.4,1253.2,159.6,2.8,432.9,1591.4,59.98,215.1,7.4,3.0,1254.6,43.2,2.0,1.1,0,1009.9702188268808,36.187,37.25,2025-10-04 09:45:17
148.3,6.1,1003.0,155,2.6,408.0,1339.2,59.98,214.8,5.8,3.0,1254.6,43.2,2.0,1.1,0,815.7451767447883,36.125,37.312,2025-10-04 09:45:24
149.1,5.3,717.7,151.6,2.2,333.5,996.2,60.01,214.6,4.9,3.0,1254.6,43.1,2.0,1.1,0,621.5201346626959,36.125,37.625,2025-10-04 09:46:19
145.2,4.4,632.8,148.7,2.1,321.9,905.4,60.02,214.3,4.2,3.0,1254.6,43.1,2.0,1.1,0,504.9851094134404,36.0,37.625,2025-10-04 09:46:27
155.4,5.1,785.7,152.4,2.2,342.6,1071.9,59.99,214.7,5,3.0,1254.6,43.1,2.0,1.1,0,582.6751262462774,36.187,37.437,2025-10-04 09:47:22
153.8,6,925.1,157.5,2.2,357.2,1217.1,60.01,214.8,5.5,3.0,1254.6,43,2.1,1.1,0,660.3651430791144,36.25,37.5,2025-10-04 09:47:29
152.4,3,460.6,154.5,1.9,288.2,716.4,60.01,214,3.4,3.0,1254.6,43,2.1,1.1,0,349.6050757477664,36.25,36.562,2025-10-04 09:48:24
149.5,3,445.0,154.6,1.7,294.4,706.0,60.03,213.9,3.3,3.0,1254.6,42.9,2.1,1.1,0,349.6050757477664,36.25,36.437,2025-10-04 09:48:32
152.4,2.7,407.2,154.5,1.8,279.5,657.0,60.04,213.7,3.1,3.0,1254.6,42.7,2.1,1.1,0,310.76006733134795,36.062,35.437,2025-10-04 09:49:26
155.6,2.6,396.8,154.6,1.7,286.0,654.2,60.04,213.8,3,3.1,1254.7,42.7,2.1,1.1,0,310.76006733134795,36.062,35.437,2025-10-04 09:49:34
155.5,2.7,418.0,154.6,1.9,290.8,678.6,60.02,213.1,3.2,3.1,1254.7,42.3,2.1,1.1,0,310.76006733134795,35.937,35.375,2025-10-04 09:50:29
155.3,2.7,420.9,157.5,1.8,279.5,670.7,60.03,213.1,3.2,3.1,1254.7,42.3,2.1,1.1,0,310.76006733134795,35.937,35.375,2025-10-04 09:50:36
155.4,2.8,447.3,151.5,1.9,297.2,712.7,60.03,213.5,3.3,3.1,1254.7,42,2.1,1.1,0,349.6050757477664,35.937,35.312,2025-10-04 09:51:31
152.7,2.9,448.9,154.6,1.9,303.3,719.2,60.02,213.7,3.4,3.1,1254.7,42,2.1,1.1,0,349.6050757477664,35.875,35.25,2025-10-04 09:51:39
155.5,3.7,550.1,154.4,2.1,319.8,845.0,60.02,214.2,4.1,3.1,1254.7,41.8,2.1,1.1,0,466.14010099702193,35.875,35.062,2025-10-04 09:52:34
157.1,3.6,604.0,153.3,2.1,327.5,889.3,60.01,214.2,3.9,3.1,1254.7,41.8,2.1,1.1,0,466.14010099702193,35.687,35.062,2025-10-04 09:52:41
153.3,7.8,1182.5,158.1,2.7,430.2,1524.0,59.99,214.8,7.1,3.1,1254.7,42,2.1,1.1,0,932.2802019940439,35.687,35.437,2025-10-04 09:53:36
155.4,7.8,1203.3,160.4,2.7,411.9,1527.7,60,214.8,7.2,3.1,1254.7,42,2.1,1.1,0,932.2802019940439,35.875,35.375,2025-10-04 09:53:44
155.4,7.7,1178.7,156.7,2.7,424.5,1515.2,60.02,215,7.1,3.1,1254.7,42.3,2.1,1.1,0,932.2802019940439,35.875,36.312,2025-10-04 09:54:39
153.4,7.7,1179.7,159,2.7,428.7,1515.6,60.04,214.8,7.1,3.1,1254.7,42.3,2.1,1.1,0,893.4351935776253,36.25,36.437,2025-10-04 09:54:46
155.6,7.1,1151.1,161.6,2.7,399.7,1468.2,60,215.2,6.7,3.2,1254.8,42.5,2.1,1.1,0,893.4351935776253,36.437,36.875,2025-10-04 09:55:41
154.2,7.5,1144.1,159,2.7,425.5,1490.5,59.99,215.1,6.9,3.2,1254.8,42.6,2.2,1.1,0,893.4351935776253,36.5,36.812,2025-10-04 09:55:49
152.4,7.7,1159.1,158.6,2.7,430.8,1502.5,60,215.2,6.9,3.2,1254.8,42.9,2.2,1.1,0,893.4351935776253,36.5,36.687,2025-10-04 09:56:43
155.3,7.6,1154.4,161.8,2.6,406.7,1479.2,60.05,215,7,3.2,1254.8,42.9,2.2,1.1,0,893.4351935776253,36.437,36.75,2025-10-04 09:56:51
152.4,7.7,1163.8,155.9,2.8,430.8,1489.6,60,215.2,6.9,3.2,1254.8,43,2.2,1.1,0,893.4351935776253,36.437,37.375,2025-10-04 09:57:46
152.6,7.8,1174.4,159,2.8,434.7,1519.9,59.98,215.2,7,3.2,1254.8,43.1,2.2,1.1,0,854.5901851612068,36.625,37.5,2025-10-04 09:57:54
152.4,7.9,1194.4,153,2.9,443.3,1545.5,60.01,215.2,7.2,3.2,1254.8,42.9,2.2,1.1,0,932.2802019940439,36.625,38.0,2025-10-04 09:58:48
149.5,7.9,1175.6,157.5,2.8,454.2,1539.0,60.02,215.2,7.1,3.2,1254.8,42.9,2.2,1.1,0,932.2802019940439,36.75,38.062,2025-10-04 09:58:56
152,7.7,1160.4,157.4,2.8,447.3,1518.4,60.03,215.2,7,3.3,1254.9,42.9,2.2,1.2,0,893.4351935776253,36.75,39.0,2025-10-04 09:59:51
153.1,7.7,1104.0,157.6,2.7,428.9,1448.0,60.04,214.9,7.1,3.3,1254.9,42.9,2.2,1.2,0,893.4351935776253,37.062,39.062,2025-10-04 09:59:58
149.7,8.2,1232.8,157.8,2.6,411.0,1553.0,60.04,215,7.1,3.3,1254.9,43,2.2,1.2,0,776.9001683283698,37.187,39.5,2025-10-04 10:00:53
152.7,6.4,1007.0,155.3,2.5,396.1,1334.5,60.03,214.8,6.1,3.3,1254.9,43.1,2.2,1.2,0,854.5901851612068,37.187,39.562,2025-10-04 10:01:01
152.2,2.9,442.5,152,2,302.8,715.7,60.04,213.6,3.4,3.3,1254.9,42.9,2.3,1.2,0,349.6050757477664,37.0,38.75,2025-10-04 10:01:56
150.3,3,450.4,153.6,1.9,303.7,720.4,60.04,213.7,3.3,3.3,1254.9,42.8,2.3,1.2,0,349.6050757477664,37.062,38.562,2025-10-04 10:02:03
151.3,7.9,1119.4,156.6,2.4,394.9,1427.7,60,214.6,6.9,3.3,1254.9,42.5,2.3,1.2,0,854.5901851612068,37.0,38.062,2025-10-04 10:02:58
150.1,6,946.2,155,2.3,363.9,1240.4,59.97,214.2,5.5,3.3,1254.9,42.5,2.3,1.2,0,660.3651430791144,36.937,38.125,2025-10-04 10:03:06
152.5,2.9,437.9,155.6,1.9,281.2,689.8,59.98,213,3.3,3.3,1254.9,42.3,2.3,1.2,0,349.6050757477664,36.937,37.562,2025-10-04 10:04:01
153.9,2.7,436.7,153.2,1.9,289.5,695.4,59.99,213.1,3.2,3.3,1254.9,42.3,2.3,1.2,0,349.6050757477664,37.187,37.437,2025-10-04 10:04:08
155,2.6,396.8,153.2,1.8,276.2,645.6,60.01,212.8,3,3.3,1254.9,42.2,2.3,1.2,0,310.76006733134795,36.937,36.562,2025-10-04 10:05:03
153.8,2.6,392.7,154.5,1.7,273.9,633.0,60.03,212.9,3,3.4,1255.0,42.2,2.3,1.2,0,310.76006733134795,36.937,36.375,2025-10-04 10:05:11
155.6,3.5,591.5,151.9,2.1,321.3,861.6,60.04,214.1,3.9,3.4,1255.0,41.9,2.3,1.2,0,466.14010099702193,36.625,36.187,2025-10-04 10:06:06
154.4,4.1,628.3,157.6,1.9,299.9,886.1,60.04,214,4.2,3.4,1255.0,41.9,2.3,1.2,0,504.9851094134404,36.625,36.25,2025-10-04 10:06:13
152.5,8.1,1221.1,153.1,2.4,382.4,1514.9,60.04,215.1,7,3.4,1255.0,42.1,2.3,1.2,0,971.1252104104623,36.75,36.5,2025-10-04 10:07:08
155.3,7.9,1215.5,156,2.5,384.5,1513.9,60.05,215.1,7,3.4,1255.0,42.1,2.3,1.2,0,932.2802019940439,36.75,36.687,2025-10-04 10:07:15
149.4,7.9,1181.7,156,2.4,375.8,1471.8,60.05,214.1,6.9,3.4,1255.0,42.5,2.3,1.2,0,932.2802019940439,36.687,37.375,2025-10-04 10:08:10
152.6,8,1197.1,153.3,2.4,371.5,1483.1,60.05,214.3,7,3.4,1255.0,42.5,2.3,1.2,0,932.2802019940439,36.625,37.437,2025-10-04 10:08:18
152.5,7.9,1188.0,158.8,2.3,377.2,1479.0,60.03,214.5,6.9,3.4,1255.0,42.6,2.4,1.2,0,932.2802019940439,37.0,38.0,2025-10-04 10:09:13
149.8,7.8,1162.6,155.8,2.4,380.0,1456.9,60.03,214.7,6.9,3.4,1255.0,42.6,2.4,1.2,0,932.2802019940439,37.0,38.0,2025-10-04 10:09:20
154.1,7.5,1195.8,156.3,2.4,377.7,1488.9,60.01,214.7,6.8,3.5,1255.1,42.7,2.4,1.2,0,971.1252104104623,37.125,38.375,2025-10-04 10:10:15
152.6,7.9,1182.5,155.9,2.3,383.0,1485.5,60,214.5,6.9,3.5,1255.1,42.7,2.4,1.2,0,971.1252104104623,37.062,38.375,2025-10-04 10:10:23
153.9,7.8,1130.8,156,2.4,380.6,1428.4,60.04,214.9,6.9,3.5,1255.1,42.8,2.4,1.2,0,932.2802019940439,37.187,38.25,2025-10-04 10:11:18
152.5,7.4,1176.1,157.1,2.4,371.7,1464.7,60.02,214.7,6.6,3.5,1255.1,42.8,2.4,1.2,0,932.2802019940439,37.187,38.187,2025-10-04 10:11:25
142.9,7.8,1093.8,150.2,2.4,363.8,1373.0,60.04,214.6,6.5,3.5,1255.1,42.9,2.4,1.2,0,932.2802019940439,37.437,38.187,2025-10-04 10:12:20
147.3,7.9,1131.9,147.2,2.5,375.9,1425.6,60.05,214.7,6.7,3.5,1255.1,42.9,2.4,1.2,0,932.2802019940439,37.375,38.25,2025-10-04 10:12:28
152.2,8.1,1185.4,154.6,2.6,410.3,1506.9,60.04,214.7,7,3.5,1255.1,42.9,2.4,1.2,0,971.1252104104623,37.25,38.812,2025-10-04 10:13:23
149.5,8.1,1196.8,156.4,2.6,413.7,1519.1,60.06,214.8,7.1,3.5,1255.1,42.9,2.4,1.2,0,971.1252104104623,37.25,38.875,2025-10-04 10:13:30
149.4,8.4,1245.0,154.2,2.8,439.0,1587.9,60.04,214.7,7.4,3.6,1255.2,43,2.5,1.2,0,1009.9702188268808,37.375,39.125,2025-10-04 10:14:25
150.6,8.2,1259.8,155.9,2.9,435.6,1598.7,60.04,214.6,7.4,3.6,1255.2,43,2.5,1.2,0,1048.8152272432992,37.375,39.0,2025-10-04 10:14:32
149.2,8.9,1310.8,151.8,3,459.1,1665.7,60.03,214.7,7.7,3.6,1255.2,43.2,2.5,1.2,0,1087.6602356597177,37.25,38.812,2025-10-04 10:15:27
151.7,8.9,1268.6,154.6,3,469.2,1666.9,60.03,214.7,7.8,3.6,1255.2,43.2,2.5,1.2,0,1087.6602356597177,37.187,38.75,2025-10-04 10:15:35
147.1,9.1,1339.1,154.6,3.1,473.8,1713.4,60.04,215.1,8,3.6,1255.2,43.3,2.5,1.3,0,1126.5052440761365,37.312,39.125,2025-10-04 10:16:30
149.5,9,1325.1,151.8,3,460.4,1678.8,60.04,214.8,7.8,3.6,1255.2,43.4,2.5,1.3,0,1087.6602356597177,37.375,38.937,2025-10-04 10:16:37
147.9,5,809.2,154.5,2.3,365.0,1101.1,60.03,214.4,4.7,3.6,1255.2,43.7,2.5,1.3,0,543.8301178298589,37.687,39.062,2025-10-04 10:17:32
152,4.4,674.1,151.5,2.2,348.0,967.9,60.03,213.7,4.2,3.7,1255.3,43.7,2.5,1.3,0,466.14010099702193,37.687,38.937,2025-10-04 10:17:40
152.2,3.5,547.6,151.3,2.2,329.3,836.1,60.03,213.4,3.8,3.7,1255.3,43.3,2.5,1.3,0,466.14010099702193,37.625,38.187,2025-10-04 10:18:35
152.3,3.2,494.9,151.5,1.9,326.0,782.7,60.03,213.4,3.5,3.7,1255.3,43.3,2.5,1.3,0,388.4500841641849,37.625,38.062,2025-10-04 10:18:42
149.4,2.8,417.8,151.6,2.1,315.2,697.4,59.99,213.9,3.2,3.7,1255.3,42.9,2.5,1.3,0,349.6050757477664,37.312,37.625,2025-10-04 10:19:37
152.6,2.8,405.9,154.7,2.1,310.0,689.0,59.98,213.9,3.3,3.7,1255.3,42.8,2.5,1.3,0,349.6050757477664,37.312,37.562,2025-10-04 10:19:45
152.6,2.9,432.0,148.7,2.1,321.0,718.8,60.02,214,3.4,3.7,1255.3,42.5,2.5,1.3,0,349.6050757477664,37.312,37.187,2025-10-04 10:20:40
152.5,2.9,441.1,150.9,2.1,324.8,731.4,60,214,3.4,3.7,1255.3,42.5,2.5,1.3,0,349.6050757477664,37.312,37.062,2025-10-04 10:20:47
152.5,3,473.3,148.6,2.1,319.6,757.0,60.02,214,3.5,3.7,1255.3,42.3,2.6,1.3,0,388.4500841641849,37.312,36.875,2025-10-04 10:21:42
151.8,3.1,469.2,153.2,2.1,322.3,754.8,60.01,214.1,3.6,3.7,1255.3,42.3,2.6,1.3,0,388.4500841641849,37.437,36.812,2025-10-04 10:21:49
153.9,3.6,550.6,151.6,2.3,345.0,853.0,60.02,213.5,4.1,3.7,1255.3,42.2,2.6,1.3,0,466.14010099702193,37.437,36.25,2025-10-04 10:22:45
154.4,5,672.6,148.8,2.4,355.8,973.5,60,213.7,5.1,3.7,1255.3,42.2,2.6,1.3,0,621.5201346626959,37.125,36.187,2025-10-04 10:22:52
157,3.8,585.2,154.6,2.3,353.8,895.6,60,213.3,4.2,3.7,1255.3,42,2.6,1.3,0,504.9851094134404,37.0,35.687,2025-10-04 10:23:47
156.4,4.5,634.4,151.7,2.4,355.7,939.7,59.98,213.7,4.6,3.7,1255.3,42,2.6,1.3,0,543.8301178298589,37.062,35.625,2025-10-04 10:23:54
156.8,4.2,656.0,154.6,2.4,363.5,970.6,59.99,214,4.4,3.8,1255.4,42.1,2.6,1.3,0,504.9851094134404,36.937,35.187,2025-10-04 10:24:49
157.3,3.8,665.0,156.4,2.3,350.5,967.4,59.97,214.1,4.2,3.8,1255.4,42.1,2.6,1.3,0,504.9851094134404,36.937,35.187,2025-10-04 10:24:57
155.9,5.8,845.2,156.1,2.3,379.7,1183.3,59.97,213.8,5.7,3.8,1255.4,42.2,2.6,1.3,0,738.0551599119514,36.937,35.5,2025-10-04 10:25:52
158,7,1086.6,154.8,2.8,427.7,1431.7,59.99,214.1,6.7,3.8,1255.4,42.2,2.6,1.3,0,893.4351935776253,36.937,35.5,2025-10-04 10:25:59
156.2,8.1,1215.6,153.4,2.9,443.6,1569.7,60.05,214.8,7.4,3.8,1255.4,42.6,2.6,1.3,0,1009.9702188268808,36.937,35.812,2025-10-04 10:26:54
154,8.6,1298.5,153.1,3,462.5,1661.3,60.02,214.9,7.8,3.8,1255.4,42.6,2.6,1.3,0,1048.8152272432992,37.0,35.875,2025-10-04 10:27:02
153.1,6.3,1035.3,152.4,2.8,441.9,1396.0,60.02,214.9,6,3.8,1255.4,42.8,2.6,1.3,0,776.9001683283698,37.187,36.562,2025-10-04 10:27:57
157.6,6.3,1027.0,156.1,2.7,425.5,1373.6,60.02,214.8,5.9,3.8,1255.4,42.8,2.6,1.3,0,815.7451767447883,37.25,36.687,2025-10-04 10:28:04
152.8,5.3,904.8,150.2,2.7,421.2,1257.4,60.03,214.7,5.2,3.8,1255.4,42.8,2.7,1.3,0,621.5201346626959,37.25,36.375,2025-10-04 10:28:59
158.3,5.1,807.4,153.2,2.5,401.9,1147.6,60.01,214.5,5.3,3.8,1255.4,42.8,2.7,1.3,0,660.3651430791144,37.25,36.312,2025-10-04 10:29:07
151.9,7.7,1274.8,152.5,3.2,482.3,1650.7,60.03,215.5,7.1,3.9,1255.5,42.8,2.7,1.3,0,971.1252104104623,37.375,36.562,2025-10-04 10:30:02
151.3,6.1,956.8,154.7,2.9,450.3,1300.5,60.04,214.8,6.1,3.9,1255.5,42.8,2.7,1.3,0,776.9001683283698,37.312,36.625,2025-10-04 10:30:09
150,7.2,1038.7,150.6,3.1,471.4,1417.6,60.04,214.9,6.9,3.9,1255.5,42.8,2.7,1.3,0,893.4351935776253,37.812,36.937,2025-10-04 10:31:04
148.5,7.3,1135.5,153.1,3.2,490.8,1535.1,60.03,215.1,6.9,3.9,1255.5,42.8,2.7,1.3,0,932.2802019940439,37.75,37.0,2025-10-04 10:31:11
153.3,4.1,626.2,153.1,2.6,408.8,983.4,60.03,214.4,4.5,3.9,1255.5,42.9,2.7,1.4,0,543.8301178298589,37.75,37.687,2025-10-04 10:32:06
154.9,3.8,607.7,151.8,2.7,407.0,965.0,60.03,214.3,4.3,3.9,1255.5,42.8,2.7,1.4,0,504.9851094134404,37.687,37.75,2025-10-04 10:32:14
153.8,3.6,570.3,150.1,2.6,409.5,930.7,60.03,214.2,4.2,3.9,1255.5,42.5,2.7,1.4,0,466.14010099702193,37.562,37.687,2025-10-04 10:33:09
152.3,3.5,537.3,151.3,2.6,406.7,896.6,60.01,214.3,4.2,3.9,1255.5,42.5,2.7,1.4,0,466.14010099702193,37.562,37.562,2025-10-04 10:33:16
154,4,609.2,153.1,2.8,423.1,981.8,59.99,214.3,4.6,3.9,1255.5,42.3,2.7,1.4,0,504.9851094134404,37.625,37.375,2025-10-04 10:34:11
154.6,4.2,645.6,150.2,2.9,429.9,1019.6,60.02,214.3,4.7,3.9,1255.5,42.3,2.7,1.4,0,543.8301178298589,37.625,37.375,2025-10-04 10:34:19
153.4,4,650.2,147.2,2.9,426.4,1021.5,59.98,213.5,4.6,4.0,1255.6,42.3,2.7,1.4,0,543.8301178298589,37.875,37.437,2025-10-04 10:35:14
154.2,4.2,618.8,150.1,2.8,425.2,1007.8,59.99,213.5,4.7,4.0,1255.6,42.3,2.7,1.4,0,543.8301178298589,37.937,37.437,2025-10-04 10:35:21
153.8,3.6,542.4,150.1,2.7,412.6,907.9,60,214.2,4.2,4.0,1255.6,42,2.7,1.4,0,466.14010099702193,38.125,37.687,2025-10-04 10:36:16
156.8,3.6,554.5,147.2,2.7,405.2,912.0,60.01,214.1,4.2,4.0,1255.6,42,2.7,1.4,0,466.14010099702193,38.125,37.562,2025-10-04 10:36:24
154.3,3.9,594.6,150.1,2.7,412.6,954.9,59.99,214.3,4.4,4.0,1255.6,42,2.8,1.4,0,504.9851094134404,38.125,37.437,2025-10-04 10:37:19
157.8,3.8,552.1,153.2,2.6,408.7,921.0,60,214.2,4.3,4.0,1255.6,42,2.8,1.4,0,504.9851094134404,38.375,37.437,2025-10-04 10:37:26
156.5,3.9,605.9,150,2.8,416.9,971.6,60.04,214.1,4.4,4.0,1255.6,42,2.8,1.4,0,504.9851094134404,38.312,37.0,2025-10-04 10:38:21
152.2,3.8,587.7,150.1,2.7,413.6,951.5,60.03,214,4.3,4.0,1255.6,42,2.8,1.4,0,504.9851094134404,38.25,36.875,2025-10-04 10:38:29
160.6,7.5,885.3,155.6,3,435.4,1265.4,60.03,214.6,7.3,4.0,1255.6,41.8,2.8,1.4,0,971.1252104104623,37.875,36.125,2025-10-04 10:39:24
157.4,8.2,1134.9,153.3,3.3,495.1,1623.1,60,214.9,7.8,4.0,1255.6,41.8,2.8,1.4,0,1048.8152272432992,38.0,36.125,2025-10-04 10:39:31
156.9,7.9,1244.8,151.7,3.5,523.7,1666.1,59.98,214.4,7.7,4.1,1255.7,42.2,2.8,1.4,0,1009.9702188268808,38.437,36.312,2025-10-04 10:40:26
158.5,8.5,1304.4,149.4,3.5,530.9,1731.6,59.98,214.4,8.2,4.1,1255.7,42.2,2.8,1.4,0,1126.5052440761365,38.562,36.375,2025-10-04 10:40:33
152.3,8.8,1313.4,154.6,3.4,525.8,1732.3,60.03,214.8,8.1,4.1,1255.7,42.6,2.8,1.4,0,1126.5052440761365,39.062,37.062,2025-10-04 10:41:28
154.5,8.5,1312.4,151.7,3.5,525.1,1729.6,60.02,215.1,8,4.1,1255.7,42.7,2.8,1.4,0,1087.6602356597177,39.062,37.062,2025-10-04 10:41:36
156.9,5.3,813.7,148.6,3,446.1,1190.6,60.03,214.7,5.5,4.1,1255.7,42.9,2.8,1.4,0,699.2101514955328,39.0,37.0,2025-10-04 10:42:31
153.9,5.9,864.7,151.5,3,452.4,1244.6,60.03,214.8,5.9,4.1,1255.7,42.9,2.8,1.4,0,738.0551599119514,39.0,37.062,2025-10-04 10:42:38
156.7,4.5,702.6,153.2,2.8,426.4,1072.2,60.04,214.5,5.1,4.1,1255.7,42.9,2.9,1.4,0,660.3651430791144,38.937,36.75,2025-10-04 10:43:33
157.3,7.7,1168.3,153.3,3.2,494.0,1568.1,60.06,215.1,7.4,4.1,1255.7,42.9,2.9,1.4,0,1048.8152272432992,39.0,36.687,2025-10-04 10:43:41
152.5,8,1225.2,151.6,3.3,500.2,1623.0,60.03,215.1,7.6,4.2,1255.8,43.2,2.9,1.4,0,1009.9702188268808,39.312,36.562,2025-10-04 10:44:36
150,8.1,1196.7,153.1,3.3,501.4,1609.9,60.04,215.2,7.5,4.2,1255.8,43.2,2.9,1.5,0,1009.9702188268808,39.375,36.437,2025-10-04 10:44:43
149.5,7.7,1139.3,150.1,3.2,490.9,1537.7,60.02,215.3,7.3,4.2,1255.8,43.4,2.9,1.5,0,971.1252104104623,39.437,36.312,2025-10-04 10:45:38
152.5,7.7,1156.5,153.2,3.2,495.3,1556.9,60.02,215.4,7.2,4.2,1255.8,43.4,2.9,1.5,0,971.1252104104623,39.5,36.312,2025-10-04 10:45:46
152.5,7.5,1133.5,153.1,3.2,490.7,1531.9,60.03,215.2,7.2,4.2,1255.8,43.6,2.9,1.5,0,932.2802019940439,39.375,37.0,2025-10-04 10:46:41
149.3,7.5,1122.0,149.9,3.2,487.1,1518.2,60.05,215.3,7,4.2,1255.8,43.6,2.9,1.5,0,932.2802019940439,39.437,37.125,2025-10-04 10:46:48
153.6,7.4,1158.1,154.5,3.1,491.2,1554.8,60.03,215,7.1,4.2,1255.8,43.3,2.9,1.5,0,971.1252104104623,39.375,37.0,2025-10-04 10:47:43
152.8,7.7,1154.7,153.3,3.2,489.1,1549.2,60.03,214.6,7.3,4.2,1255.8,43.3,2.9,1.5,0,971.1252104104623,39.437,36.937,2025-10-04 10:47:50
154.5,7.9,1160.5,154.7,3.2,484.8,1553.3,60.03,214.4,7.4,4.3,1255.9,43.6,3.0,1.5,0,971.1252104104623,39.937,37.125,2025-10-04 10:48:46
152.5,7.9,1186.2,153.2,3.2,494.8,1583.2,60.03,214.6,7.3,4.3,1255.9,43.7,3.0,1.5,0,971.1252104104623,39.812,37.125,2025-10-04 10:48:53
150.6,8,1196.1,152.5,3.1,491.5,1582.5,60.02,215.1,7.3,4.3,1255.9,43.9,3.0,1.5,0,1009.9702188268808,39.875,37.687,2025-10-04 10:49:48
153.8,8,1161.2,156.7,3,475.3,1575.6,60.04,214.9,7.4,4.3,1255.9,43.9,3.0,1.5,0,1009.9702188268808,40.0,37.75,2025-10-04 10:49:55
153.8,3.2,514.5,151.7,2.5,376.0,840.4,60.03,213.9,4,4.3,1255.9,43.9,3.0,1.5,0,427.2950925806034,39.75,37.375,2025-10-04 10:50:50
150,3.5,521.4,154.1,2.5,374.5,852.9,60.03,214,4.1,4.3,1255.9,43.8,3.0,1.5,0,427.2950925806034,39.625,37.187,2025-10-04 10:50:58
152.5,8.1,1222.6,153.1,3.1,496.4,1619.5,60.04,214.9,7.3,4.3,1255.9,43.8,3.0,1.5,0,1009.9702188268808,39.875,36.937,2025-10-04 10:51:53
154.9,8,1187.2,150.7,3.2,490.8,1582.9,60.04,215,7.5,4.3,1255.9,43.9,3.0,1.5,0,1009.9702188268808,40.0,36.937,2025-10-04 10:52:00
148,8.3,1225.0,150.1,3.3,501.9,1624.6,60.02,215,7.6,4.4,1256.0,44.2,3.0,1.5,0,1048.8152272432992,40.312,37.312,2025-10-04 10:52:55
151,8.3,1247.4,153.1,3.3,507.6,1652.2,60.01,215,7.7,4.4,1256.0,44.2,3.0,1.5,0,1048.8152272432992,40.312,37.312,2025-10-04 10:53:03
151.3,8.3,1248.1,153.1,3.4,510.0,1654.7,60.02,215.3,7.8,4.4,1256.0,44.3,3.1,1.5,0,1048.8152272432992,40.375,37.812,2025-10-04 10:53:58
152.5,8.4,1259.2,153.4,3.2,514.6,1670.4,60.01,215.2,7.7,4.4,1256.0,44.3,3.1,1.5,0,1087.6602356597177,40.437,37.875,2025-10-04 10:54:05
152.4,3.7,569.8,151.6,2.6,393.1,914.7,60.04,214.3,4.2,4.4,1256.0,44.4,3.1,1.5,0,466.14010099702193,40.062,38.312,2025-10-04 10:55:00
152.6,3.6,565.7,154.4,2.6,390.8,905.6,60.01,214.2,4.2,4.4,1256.0,44.3,3.1,1.5,0,504.9851094134404,39.875,38.125,2025-10-04 10:55:07
154.1,4.4,681.3,153.2,2.6,412.6,1038.4,59.99,214.6,4.7,4.4,1256.0,43.9,3.1,1.5,0,582.6751262462774,39.5,37.125,2025-10-04 10:56:03
151,4.9,716.5,154.8,2.7,411.2,1070.8,59.99,214.4,5.1,4.4,1256.0,43.8,3.1,1.5,0,621.5201346626959,39.5,37.125,2025-10-04 10:56:10
152.9,4.4,704.2,153,2.6,407.2,1057.7,60.03,214.5,4.5,4.5,1256.1,43.7,3.1,1.5,0,504.9851094134404,39.375,36.375,2025-10-04 10:57:05
152.1,3.6,566.2,154.5,2.5,392.6,914.1,60.03,214.4,4.2,4.5,1256.1,43.7,3.1,1.5,0,466.14010099702193,39.25,36.25,2025-10-04 10:57:12
153.6,3.7,577.9,153.9,2.6,403.1,934.4,60,214.4,4.2,4.5,1256.1,43.3,3.1,1.6,0,466.14010099702193,38.75,35.312,2025-10-04 10:58:08
156.9,4.1,587.1,151.6,2.7,405.0,942.3,60,214.5,4.5,4.5,1256.1,43.2,3.1,1.6,0,504.9851094134404,38.687,35.187,2025-10-04 10:58:15
155.4,6.1,947.7,148.7,3.1,471.2,1340.2,59.98,214.9,6.2,4.5,1256.1,43.2,3.1,1.6,0,776.9001683283698,39.437,35.187,2025-10-04 10:59:10
154.3,7.6,1046.9,148.9,3.3,472.7,1430.5,59.98,215.1,7.4,4.5,1256.1,43.3,3.1,1.6,0,971.1252104104623,39.437,35.25,2025-10-04 10:59:17
152.6,3.9,608.4,153.1,2.7,419.4,959.0,59.99,214.3,4.4,4.5,1256.1,43.6,3.1,1.6,0,504.9851094134404,39.562,35.812,2025-10-04 11:00:12
154.5,3.7,571.9,155.9,2.7,403.4,923.3,59.98,214.2,4.2,4.5,1256.1,43.6,3.1,1.6,0,466.14010099702193,39.5,35.812,2025-10-04 11:00:20
157,3.9,614.8,153.1,2.8,426.1,989.6,60.03,213.9,4.5,4.5,1256.1,43.5,3.1,1.6,0,504.9851094134404,39.125,36.0,2025-10-04 11:01:15
156.8,4.1,646.3,150.4,2.8,419.4,1012.0,60.03,214.3,4.6,4.5,1256.1,43.5,3.1,1.6,0,543.8301178298589,39.125,36.062,2025-10-04 11:01:22
156.9,3.8,591.0,148.5,2.7,412.5,953.4,60.02,214.1,4.3,4.6,1256.2,43.4,3.2,1.6,0,504.9851094134404,38.875,35.687,2025-10-04 11:02:17
159.6,3.7,559.7,154.4,2.7,416.2,929.2,60.01,214,4.4,4.6,1256.2,43.4,3.2,1.6,0,466.14010099702193,38.75,35.812,2025-10-04 11:02:25
153.5,4.2,660.9,151.7,2.9,440.1,1046.7,60,214.1,4.7,4.6,1256.2,43.3,3.2,1.6,0,543.8301178298589,38.5,35.937,2025-10-04 11:03:20
157,3.9,628.6,154.6,2.8,435.6,1012.5,60.01,214.2,4.6,4.6,1256.2,43.3,3.2,1.6,0,543.8301178298589,38.562,36.0,2025-10-04 11:03:27
153.9,3.7,579.4,151.6,2.9,434.8,965.7,59.97,214.1,4.4,4.6,1256.2,43.3,3.2,1.6,0,504.9851094134404,38.812,35.937,2025-10-04 11:04:22
156.7,3.7,572.9,151.6,2.8,433.1,959.2,59.98,214,4.4,4.6,1256.2,43.3,3.2,1.6,0,466.14010099702193,38.812,35.937,2025-10-04 11:04:29
156.8,3.6,555.3,148.7,2.8,421.7,933.4,60,214,4.3,4.6,1256.2,43.2,3.2,1.6,0,466.14010099702193,38.625,35.812,2025-10-04 11:05:25
156.8,3.6,557.8,152.3,2.8,428.0,940.7,60.01,214,4.2,4.6,1256.2,43.2,3.2,1.6,0,466.14010099702193,38.687,35.875,2025-10-04 11:05:32
157.9,4,643.1,154.6,2.9,448.9,1038.5,60.02,214.2,4.8,4.6,1256.2,43,3.2,1.6,0,543.8301178298589,38.437,35.812,2025-10-04 11:06:27
156.4,4.3,666.0,151,3,450.2,1060.1,59.99,214.2,5,4.6,1256.2,43,3.2,1.6,0,543.8301178298589,38.5,35.875,2025-10-04 11:06:34
156.4,6,1005.1,151.5,3.4,523.6,1449.8,60.01,215.1,6.3,4.6,1256.2,42.9,3.2,1.6,0,738.0551599119514,39.062,36.187,2025-10-04 11:07:29
157.4,6.7,957.9,154.3,3.6,531.2,1406.7,60,214.8,7.2,4.6,1256.2,43,3.2,1.6,0,971.1252104104623,39.187,36.25,2025-10-04 11:07:37
157.3,4.5,741.6,154,3.2,491.8,1171.4,60.03,214.5,5.2,4.7,1256.3,43.1,3.2,1.6,0,582.6751262462774,38.937,36.125,2025-10-04 11:08:32
155.2,5,757.5,149.5,3.3,491.3,1182.3,60.01,214.6,5.5,4.7,1256.3,43.1,3.2,1.6,0,621.5201346626959,38.937,36.187,2025-10-04 11:08:39
153,7.1,1149.1,152.5,3.8,593.6,1644.7,59.98,215.1,7.4,4.7,1256.3,43.2,3.2,1.6,0,932.2802019940439,38.937,36.75,2025-10-04 11:09:34
154.2,7.2,1081.0,153.2,3.7,559.3,1557.1,59.98,215.1,7,4.7,1256.3,43.2,3.2,1.6,0,893.4351935776253,39.5,36.937,2025-10-04 11:09:42
158.4,4.3,640.7,151.7,3.1,469.0,1055.4,59.97,213.5,5,4.7,1256.3,43.2,3.3,1.7,0,582.6751262462774,39.25,37.125,2025-10-04 11:10:37
154.2,6.7,950.6,145.9,3.5,499.4,1362.9,59.97,214.2,7,4.7,1256.3,43.2,3.3,1.7,0,893.4351935776253,39.312,37.187,2025-10-04 11:10:44
155.5,8.3,1269.0,150.1,4.1,610.2,1767.6,60.02,214.7,8.3,4.7,1256.3,43.5,3.3,1.7,0,1087.6602356597177,39.812,37.25,2025-10-04 11:11:39
155.5,8.3,1268.3,153.1,4,608.7,1768.9,60.01,214.6,8.3,4.7,1256.3,43.6,3.3,1.7,0,1087.6602356597177,39.75,37.125,2025-10-04 11:11:46
156.8,8.4,1240.6,150.1,4.2,625.5,1766.2,59.98,215.1,8.4,4.8,1256.4,43.8,3.3,1.7,0,1126.5052440761365,40.375,37.25,2025-10-04 11:12:42
155.3,8.3,1280.9,150.1,4.2,622.6,1790.9,59.99,215.3,8.3,4.8,1256.4,43.8,3.3,1.7,0,1087.6602356597177,40.5,37.375,2025-10-04 11:12:49
156.9,5.2,792.4,152.7,3.2,506.2,1228.2,60.03,214.8,5.5,4.8,1256.4,44,3.3,1.7,0,660.3651430791144,40.687,37.562,2025-10-04 11:13:44
155.1,4.4,702.2,153,3.2,480.9,1106.3,60,214.5,5,4.8,1256.4,43.9,3.3,1.7,0,582.6751262462774,40.562,37.437,2025-10-04 11:13:51
153.1,4.9,689.2,153.2,2.9,465.7,1118.0,60.02,214.4,5.4,4.8,1256.4,43.7,3.3,1.7,0,582.6751262462774,40.0,37.437,2025-10-04 11:14:47
152.4,5,767.8,151.1,3.2,481.3,1182.6,60.01,214.5,5.5,4.8,1256.4,43.7,3.3,1.7,0,621.5201346626959,40.0,37.5,2025-10-04 11:14:54
156,4.3,692.7,149,3,458.1,1090.3,60.03,214.2,5,4.8,1256.4,43.6,3.3,1.7,0,621.5201346626959,40.125,36.937,2025-10-04 11:15:49
154.3,4.5,683.8,151.6,3,458.6,1081.5,60.05,214.3,5.1,4.8,1256.4,43.6,3.3,1.7,0,582.6751262462774,40.0,36.75,2025-10-04 11:15:56
158.1,3.7,551.6,149.2,2.8,426.8,929.7,60.04,214,4.3,4.9,1256.5,43.5,3.4,1.7,0,504.9851094134404,39.687,36.875,2025-10-04 11:16:51
155.4,3.6,561.3,151.6,2.8,425.6,938.3,60.03,213.9,4.3,4.9,1256.5,43.4,3.4,1.7,0,466.14010099702193,39.75,36.812,2025-10-04 11:16:59
152.5,4.7,728.7,149.1,3.1,472.9,1141.2,60.04,214.7,5.1,4.9,1256.5,43.6,3.4,1.7,0,582.6751262462774,40.187,37.312,2025-10-04 11:17:54
153.4,3.8,589.3,150.2,2.9,444.2,980.6,60.03,214.3,4.4,4.9,1256.5,43.6,3.4,1.7,0,504.9851094134404,40.187,37.312,2025-10-04 11:18:01
155.2,3.2,496.7,149,2.8,421.2,872.3,59.98,214.1,4,4.9,1256.5,43.5,3.4,1.7,0,427.2950925806034,39.687,37.312,2025-10-04 11:18:56
157.4,3.1,471.8,150.1,2.7,419.2,859.1,59.97,214.1,4,4.9,1256.5,43.5,3.4,1.7,0,427.2950925806034,39.75,37.312,2025-10-04 11:19:04
152.5,2.9,442.1,154.6,2.6,398.8,803.8,59.98,214.2,3.8,4.9,1256.5,43.2,3.4,1.7,0,388.4500841641849,39.5,36.812,2025-10-04 11:19:59
155.3,2.9,444.1,151.6,2.6,401.9,806.9,59.97,214.1,3.7,4.9,1256.5,43.1,3.4,1.7,0,388.4500841641849,39.312,36.687,2025-10-04 11:20:06
155.4,2.7,422.4,151.5,2.6,395.2,779.6,59.98,213.4,3.6,4.9,1256.5,42.9,3.4,1.7,0,388.4500841641849,39.062,36.0,2025-10-04 11:21:01
152.3,2.7,412.8,151.6,2.6,396.1,768.0,59.98,213.4,3.6,4.9,1256.5,42.9,3.4,1.7,0,349.6050757477664,39.0,35.937,2025-10-04 11:21:08
155.2,2.5,392.0,151.6,2.5,381.8,737.8,59.99,213.3,3.5,4.9,1256.5,42.6,3.4,1.7,0,349.6050757477664,38.375,35.437,2025-10-04 11:22:04
155.3,2.5,394.8,148.5,2.5,376.3,736.5,60.01,213.4,3.4,4.9,1256.5,42.6,3.4,1.7,0,349.6050757477664,38.5,35.375,2025-10-04 11:22:11
158.1,2.4,384.4,153.9,2.3,361.7,713.3,59.99,213.3,3.3,4.9,1256.5,42.4,3.4,1.7,0,310.76006733134795,38.5,34.812,2025-10-04 11:23:06
158.4,2.5,387.4,151.6,2.4,359.1,713.1,59.98,213.2,3.3,5.0,1256.6,42.3,3.4,1.7,0,310.76006733134795,38.5,34.75,2025-10-04 11:23:13
158.3,2.4,379.1,152.4,2.2,341.4,689.7,60.04,214,3.1,5.0,1256.6,42.1,3.4,1.8,0,310.76006733134795,38.187,34.312,2025-10-04 11:24:09
155.4,2.4,374.9,151.6,2.1,339.9,682.0,60.03,213.9,3.2,5.0,1256.6,42.1,3.4,1.8,0,310.76006733134795,38.125,34.187,2025-10-04 11:24:16
159.7,2.1,349.8,151.6,2.1,328.0,651.1,60,214,3,5.0,1256.6,42,3.4,1.8,0,310.76006733134795,37.937,33.937,2025-10-04 11:25:11
158.5,2.3,363.3,153.9,2.1,319.3,655.4,60,214,3.1,5.0,1256.6,42,3.4,1.8,0,271.91505891492943,37.937,34.0,2025-10-04 11:25:18
157.9,2.2,344.9,148.8,2.1,319.1,636.8,60.03,213.9,3,5.0,1256.6,41.9,3.4,1.8,0,271.91505891492943,37.75,33.937,2025-10-04 11:26:13
158.8,2,350.2,151.8,2.1,322.4,646.4,60.03,213.9,2.9,5.0,1256.6,41.9,3.4,1.8,0,271.91505891492943,37.687,33.875,2025-10-04 11:26:21
158.4,2.2,350.8,151.5,2.2,328.8,651.7,59.99,213.8,3,5.0,1256.6,41.6,3.4,1.8,0,271.91505891492943,37.25,33.875,2025-10-04 11:27:16
161.3,2.2,334.3,150.6,2.2,330.0,638.7,59.96,213.8,3,5.0,1256.6,41.6,3.4,1.8,0,271.91505891492943,37.25,33.937,2025-10-04 11:27:23
155.5,2.2,345.9,151.6,2.1,330.5,648.5,60.01,213.7,3,5.0,1256.6,41.5,3.4,1.8,0,271.91505891492943,37.187,34.125,2025-10-04 11:28:18
158.4,2.2,348.3,149.2,2.2,326.2,647.9,60.02,213.9,3,5.0,1256.6,41.5,3.4,1.8,0,310.76006733134795,37.187,34.125,2025-10-04 11:28:25
158.4,2.2,353.0,155.4,2.2,321.5,651.6,59.99,213.5,3,5.0,1256.6,41.3,3.4,1.8,0,310.76006733134795,37.062,34.0,2025-10-04 11:29:21
158.1,2.2,355.1,151.5,2.2,330.1,654.1,59.97,213.7,3,5.0,1256.6,41.3,3.4,1.8,0,310.76006733134795,37.125,34.0,2025-10-04 11:29:28
155.4,2.3,365.4,151.6,2.2,330.5,666.2,59.97,213.7,3.1,5.0,1256.6,41.1,3.5,1.8,0,310.76006733134795,36.937,33.875,2025-10-04 11:30:23
161.3,2.3,372.4,154.7,2.1,329.6,674.3,59.97,213.6,3.2,5.0,1256.6,41.1,3.5,1.8,0,310.76006733134795,36.937,33.875,2025-10-04 11:30:30
159.4,2.4,388.7,149.6,2.2,335.2,694.0,60,213.7,3.2,5.0,1256.6,41,3.5,1.8,0,310.76006733134795,36.75,33.875,2025-10-04 11:31:26
163.1,2,383.2,151.4,2.2,330.1,678.5,60.02,213.7,3,5.0,1256.6,41,3.5,1.8,0,310.76006733134795,36.812,33.937,2025-10-04 11:31:33
161.3,2.5,408.9,152.7,2.1,340.6,716.1,59.98,213,3.3,5.1,1256.7,40.9,3.5,1.8,0,349.6050757477664,36.625,34.062,2025-10-04 11:32:28
158.6,2.6,408.4,148.8,2.3,338.3,713.1,59.99,213,3.3,5.1,1256.7,40.9,3.5,1.8,0,349.6050757477664,36.687,34.062,2025-10-04 11:32:35
162,2.3,422.9,150.2,2.3,346.9,736.7,59.98,213,3.2,5.1,1256.7,40.9,3.5,1.8,0,349.6050757477664,36.625,34.125,2025-10-04 11:33:30
161,2.6,420.5,154,2.2,346.1,733.3,59.97,213.1,3.5,5.1,1256.7,40.9,3.5,1.8,0,349.6050757477664,36.625,34.125,2025-10-04 11:33:38
163.8,2.7,399.1,149.5,2.4,358.8,748.6,59.98,214,3.6,5.1,1256.7,40.7,3.5,1.8,0,349.6050757477664,36.625,34.312,2025-10-04 11:34:33
161.3,2.7,438.5,151.6,2.4,361.9,764.4,59.99,213.3,3.4,5.1,1256.7,40.7,3.5,1.8,0,349.6050757477664,36.625,34.312,2025-10-04 11:34:40
161.3,2.8,447.0,151.6,2.5,374.6,784.9,59.99,213.3,3.6,5.1,1256.7,40.6,3.5,1.8,0,388.4500841641849,36.75,34.312,2025-10-04 11:35:35
164.1,2.7,415.3,148.7,2.5,374.3,755.8,59.99,213.6,3.7,5.1,1256.7,40.6,3.5,1.8,0,388.4500841641849,36.75,34.375,2025-10-04 11:35:43
158.1,2.8,450.8,151.5,2.5,384.2,797.3,60,213.7,3.8,5.1,1256.7,40.6,3.5,1.8,0,388.4500841641849,36.75,34.562,2025-10-04 11:36:38
161.3,2.8,452.3,151.6,2.5,387.7,800.8,60,214.1,3.8,5.1,1256.7,40.6,3.5,1.8,0,388.4500841641849,36.75,34.625,2025-10-04 11:36:45
161.5,2.9,456.5,148.5,2.6,391.6,809.7,60.01,213.8,3.8,5.1,1256.7,40.6,3.5,1.8,0,388.4500841641849,36.75,34.812,2025-10-04 11:37:40
161.3,2.9,460.6,148.6,2.6,392.8,813.0,60,213.8,3.8,5.1,1256.7,40.6,3.5,1.8,0,388.4500841641849,36.875,34.875,2025-10-04 11:37:47
161.3,2.8,469.1,150.1,2.7,409.3,837.5,60,213.5,3.8,5.1,1256.7,40.5,3.5,1.8,0,388.4500841641849,36.937,35.312,2025-10-04 11:38:43
158.8,2.9,466.6,151.7,2.6,410.9,839.2,60.02,213.4,3.9,5.1,1256.7,40.5,3.5,1.8,0,388.4500841641849,37.062,35.375,2025-10-04 11:38:50
163.6,3.2,502.9,147.4,3,439.7,878.3,60.01,213.3,4.2,5.1,1256.7,40.5,3.5,1.8,0,427.2950925806034,37.125,35.562,2025-10-04 11:39:45
161.3,3.2,522.5,150.4,3,445.6,920.4,60.03,213.5,4.2,5.2,1256.8,40.5,3.5,1.8,0,466.14010099702193,37.062,35.625,2025-10-04 11:39:52
158.8,4.9,798.4,149.2,3.6,559.1,1279.1,59.96,213.8,5.8,5.2,1256.8,40.6,3.5,1.9,0,660.3651430791144,37.062,36.125,2025-10-04 11:40:47
162.5,4.6,785.3,153.5,3.4,528.3,1246.9,59.96,213.9,5.5,5.2,1256.8,40.6,3.5,1.9,0,660.3651430791144,37.875,36.25,2025-10-04 11:40:55
160.3,5.5,867.3,150.1,3.7,552.3,1341.6,59.99,214.3,6.3,5.2,1256.8,40.9,3.5,1.9,0,738.0551599119514,38.375,36.375,2025-10-04 11:41:50
161,5.6,942.6,152.4,3.7,570.3,1429.5,60,214.3,6.5,5.2,1256.8,40.9,3.5,1.9,0,776.9001683283698,38.437,36.312,2025-10-04 11:41:57
159.8,3.8,616.1,150.6,2.9,456.7,1019.0,60.02,213.9,4.7,5.2,1256.8,41,3.6,1.9,0,543.8301178298589,38.375,35.937,2025-10-04 11:42:52
157.8,3.7,589.3,149.2,3,444.9,981.8,60.01,213.8,4.5,5.2,1256.8,41,3.6,1.9,0,504.9851094134404,38.375,35.937,2025-10-04 11:43:00
160,3.2,543.6,152.7,2.9,427.1,916.4,60,213,4.2,5.2,1256.8,41.1,3.6,1.9,0,466.14010099702193,38.375,36.187,2025-10-04 11:43:55
158.6,3.4,534.9,150.1,2.9,433.0,928.2,59.98,213,4.3,5.2,1256.8,41.1,3.6,1.9,0,466.14010099702193,38.25,36.187,2025-10-04 11:44:02
157.3,5.7,860.4,151.6,3.6,546.6,1328.0,59.99,213.6,6.4,5.2,1256.8,41.2,3.6,1.9,0,776.9001683283698,38.125,36.5,2025-10-04 11:44:57
160,5.8,918.5,151.6,3.8,572.4,1408.7,59.97,213.6,6.6,5.2,1256.8,41.2,3.6,1.9,0,815.7451767447883,38.375,36.562,2025-10-04 11:45:04
160,4.4,686.0,151.8,3.3,498.1,1125.7,59.99,213.6,5.3,5.3,1256.9,41.6,3.6,1.9,0,621.5201346626959,39.187,37.062,2025-10-04 11:46:00
159.6,4.4,713.8,149.9,3.4,514.6,1165.2,59.99,213.9,5.2,5.3,1256.9,41.6,3.6,1.9,0,621.5201346626959,39.062,37.062,2025-10-04 11:46:07
157.1,5.7,910.3,150.6,3.9,588.3,1415.7,59.97,214.5,6.4,5.3,1256.9,41.8,3.6,1.9,0,776.9001683283698,39.437,37.125,2025-10-04 11:47:02
156.4,5.1,798.9,149.9,3.6,553.8,1279.0,59.96,214.3,5.9,5.3,1256.9,41.9,3.6,1.9,0,699.2101514955328,39.562,37.25,2025-10-04 11:47:09
159.1,6,957.1,149,4.1,608.3,1476.3,60,214.6,6.8,5.3,1256.9,42.1,3.6,1.9,0,854.5901851612068,39.875,37.812,2025-10-04 11:48:05
159.6,5.9,928.3,148.6,3.9,597.5,1440.6,60.05,214.4,6.6,5.3,1256.9,42.2,3.6,1.9,0,815.7451767447883,39.937,37.687,2025-10-04 11:48:12
156.8,3.9,610.9,149.4,3,458.1,1009.6,60.06,214.1,4.5,5.3,1256.9,42.2,3.6,1.9,0,543.8301178298589,40.0,37.937,2025-10-04 11:49:07
156.9,3.7,586.6,145.6,3,443.3,973.5,60.04,213.9,4.4,5.3,1256.9,42.1,3.6,1.9,0,504.9851094134404,39.937,37.937,2025-10-04 11:49:14
156.9,3.2,505.5,148.7,2.8,417.5,877.8,60.02,213.7,4.1,5.4,1257.0,42,3.6,1.9,0,466.14010099702193,39.812,37.125,2025-10-04 11:50:09
155.1,3.2,498.0,150,2.7,415.5,868.8,60.05,213.8,4,5.4,1257.0,42,3.6,1.9,0,427.2950925806034,39.812,37.062,2025-10-04 11:50:17
157,3,485.5,148.6,2.8,412.5,855.2,60.03,213.8,3.9,5.4,1257.0,41.9,3.7,1.9,0,427.2950925806034,39.437,36.687,2025-10-04 11:51:12
155.6,3.1,480.7,151.6,2.7,410.9,849.1,60.04,213.7,4,5.4,1257.0,41.8,3.7,1.9,0,427.2950925806034,39.437,36.75,2025-10-04 11:51:19
160.2,5.6,922.9,147.4,4.1,586.6,1425.0,59.98,213.8,6.5,5.4,1257.0,41.7,3.7,1.9,0,815.7451767447883,39.75,37.375,2025-10-04 11:52:14
157.6,6.6,1017.8,148.3,4.2,618.1,1541.3,59.99,213.8,7.4,5.4,1257.0,41.8,3.7,2.0,0,893.4351935776253,39.875,37.5,2025-10-04 11:52:21
157,6.5,1006.2,153.2,4.1,630.3,1544.4,60.03,214.8,7.3,5.4,1257.0,42.2,3.7,2.0,0,893.4351935776253,40.812,38.062,2025-10-04 11:53:17
156,6.8,1044.6,152.5,4.3,640.6,1591.5,60.03,214.8,7.4,5.4,1257.0,42.2,3.7,2.0,0,932.2802019940439,40.875,38.187,2025-10-04 11:53:24
156.9,6.5,1061.0,148.3,4.5,659.8,1615.7,60.01,214.9,7.4,5.4,1257.0,42.6,3.7,2.0,0,932.2802019940439,41.437,38.625,2025-10-04 11:54:19
154.4,6.7,1031.4,148.8,4.4,658.9,1604.4,59.97,214.6,7.5,5.4,1257.0,42.6,3.7,2.0,0,932.2802019940439,41.5,38.687,2025-10-04 11:54:26
153.9,5.6,902.0,151.2,3.8,574.2,1395.5,60,214.8,6.3,5.5,1257.1,42.8,3.7,2.0,0,776.9001683283698,41.375,38.375,2025-10-04 11:55:22
153.4,4.5,701.2,148.5,3.5,520.9,1155.9,59.99,214.5,5.3,5.5,1257.1,42.8,3.7,2.0,0,621.5201346626959,41.437,38.437,2025-10-04 11:55:29
155.4,7.5,1153.5,149.1,4.8,717.4,1760.8,60.02,214.6,8.2,5.5,1257.1,43.1,3.7,2.0,0,1009.9702188268808,41.437,39.312,2025-10-04 11:56:24
157.6,7.1,1139.8,150.1,4.8,712.3,1744.8,60.03,214.6,8.1,5.5,1257.1,43.1,3.7,2.0,0,1009.9702188268808,42.0,39.5,2025-10-04 11:56:31
155.4,7,1070.9,148.7,4.5,665.1,1634.4,60.01,214.9,7.6,5.5,1257.1,43.5,3.8,2.0,0,932.2802019940439,42.437,40.375,2025-10-04 11:57:27
157.2,6,966.2,148.4,4.4,661.8,1536.6,59.99,214.8,7,5.5,1257.1,43.6,3.8,2.0,0,854.5901851612068,42.562,40.437,2025-10-04 11:57:34
154.5,4.5,695.2,148.2,3.6,527.8,1162.8,60.02,214.2,5.4,5.5,1257.1,43.6,3.8,2.0,0,621.5201346626959,42.562,40.437,2025-10-04 11:58:29
155.4,4.4,687.2,147.4,3.5,517.1,1138.6,60.02,214.3,5.2,5.5,1257.1,43.6,3.8,2.0,0,621.5201346626959,42.625,40.312,2025-10-04 11:58:36
155.4,3.8,595.6,150.1,3.2,478.7,1019.8,60.03,214.1,4.6,5.6,1257.2,43.5,3.8,2.0,0,543.8301178298589,41.375,38.937,2025-10-04 11:59:31
152.6,3.8,585.0,145.1,3.2,470.3,994.5,60,212.8,4.7,5.6,1257.2,43.5,3.8,2.0,0,504.9851094134404,41.375,38.875,2025-10-04 11:59:39
158.3,3.6,558.8,147.2,3.2,476.9,984.1,60.04,213.5,4.6,5.6,1257.2,43.4,3.8,2.0,0,504.9851094134404,41.062,38.062,2025-10-04 12:00:34
155.6,3.7,567.9,147.9,3.1,477.4,992.8,60.03,213.7,4.6,5.6,1257.2,43.4,3.8,2.0,0,504.9851094134404,41.0,37.937,2025-10-04 12:00:41
155.3,3.6,551.9,147.2,3.2,469.2,969.6,60.02,214.4,4.5,5.6,1257.2,43.2,3.8,2.0,0,504.9851094134404,40.437,37.812,2025-10-04 12:01:36
156,3.4,550.8,147.1,3.2,468.5,968.0,60.04,214.5,4.4,5.6,1257.2,43.2,3.8,2.0,0,504.9851094134404,40.312,37.812,2025-10-04 12:01:43
155.5,3.3,515.4,147.3,3,441.9,910.5,60,214.3,4.2,5.6,1257.2,43,3.8,2.0,0,466.14010099702193,40.062,37.187,2025-10-04 12:02:39
158,3.3,502.6,147.6,2.9,438.5,896.0,60,214.3,4.2,5.6,1257.2,43,3.8,2.1,0,466.14010099702193,40.187,37.125,2025-10-04 12:02:46
152.5,3,458.9,147.2,2.8,415.0,831.5,60.02,214.1,3.9,5.6,1257.2,42.8,3.8,2.1,0,427.2950925806034,40.25,36.875,2025-10-04 12:03:41
155.5,3,461.5,147.4,2.7,412.8,830.3,60.02,214.2,3.9,5.6,1257.2,42.8,3.8,2.1,0,388.4500841641849,40.312,36.812,2025-10-04 12:03:48
155.4,2.8,436.7,149,2.6,400.7,797.7,60,214.1,3.7,5.6,1257.2,42.7,3.8,2.1,0,388.4500841641849,40.312,36.375,2025-10-04 12:04:43
155.3,2.8,429.6,143.9,2.7,393.7,784.6,60.05,214.1,3.6,5.6,1257.2,42.7,3.8,2.1,0,388.4500841641849,40.0,36.312,2025-10-04 12:04:51
158.4,2.7,431.6,150.1,2.6,390.7,785.0,60.02,214.2,3.7,5.7,1257.3,42.6,3.8,2.1,0,388.4500841641849,39.562,36.125,2025-10-04 12:05:46
155.3,2.7,428.4,153,2.5,386.2,777.8,60.01,214.1,3.6,5.7,1257.3,42.5,3.8,2.1,0,388.4500841641849,39.562,36.187,2025-10-04 12:05:53
159.4,2.4,431.3,151.5,2.5,370.4,766.9,60.05,213.4,3.5,5.7,1257.3,42.5,3.8,2.1,0,388.4500841641849,39.625,36.312,2025-10-04 12:06:48
158.3,2.7,428.4,149.9,2.5,374.8,766.5,60.05,213.7,3.6,5.7,1257.3,42.5,3.8,2.1,0,388.4500841641849,39.437,36.25,2025-10-04 12:06:56
160.4,2.7,398.2,147.3,2.3,349.0,713.9,59.99,213.7,3.5,5.7,1257.3,42.3,3.8,2.1,0,388.4500841641849,39.187,36.0,2025-10-04 12:07:51
158.4,2.7,433.0,150.5,2.3,343.8,742.5,60.01,213.9,3.4,5.7,1257.3,42.3,3.8,2.1,0,388.4500841641849,39.187,35.937,2025-10-04 12:07:58
158.4,2.7,431.1,148.8,2.1,325.1,723.2,59.99,213.6,3.4,5.7,1257.3,42.1,3.9,2.1,0,349.6050757477664,39.125,36.062,2025-10-04 12:08:53
160.2,2.5,425.3,150,2.1,322.2,691.5,59.99,213.4,3.3,5.7,1257.3,42,3.9,2.1,0,349.6050757477664,39.0,36.062,2025-10-04 12:09:00
157,2.6,398.6,150,1.9,288.5,657.4,60.01,213.9,3.1,5.7,1257.3,41.9,3.9,2.1,0,349.6050757477664,38.75,35.812,2025-10-04 12:09:56
158.3,2.5,399.7,147.6,1.8,279.8,650.0,60.02,213.9,3,5.7,1257.3,41.8,3.9,2.1,0,310.76006733134795,38.625,35.687,2025-10-04 12:10:03
158.4,2.3,361.4,153.5,1.6,253.6,592.0,59.99,213.7,2.8,5.7,1257.3,41.6,3.9,2.1,0,271.91505891492943,38.187,35.437,2025-10-04 12:10:58
157.9,2.3,359.1,150.1,1.7,255.1,591.7,60,213.9,2.7,5.7,1257.3,41.6,3.9,2.1,0,271.91505891492943,38.187,35.312,2025-10-04 12:11:05
158.5,2,333.4,153.3,1.5,234.9,549.7,60,213.8,2.4,5.7,1257.3,41.4,3.9,2.1,0,271.91505891492943,37.875,35.062,2025-10-04 12:12:01
155.8,2,324.3,150,1.5,238.1,543.0,60.05,213.9,2.5,5.7,1257.3,41.4,3.9,2.1,0,271.91505891492943,37.687,35.0,2025-10-04 12:12:08
161,1.9,298.6,150.1,1.4,229.9,507.5,60.03,213.7,2.3,5.7,1257.3,41.2,3.9,2.1,0,233.07005049851097,37.25,34.187,2025-10-04 12:13:03
158.4,1.9,307.3,147.3,1.5,225.5,516.2,60.03,213.6,2.4,5.7,1257.3,41.1,3.9,2.1,0,233.07005049851097,37.125,34.187,2025-10-04 12:13:10
158.4,1.8,273.5,150.1,1.5,222.7,500.0,60.01,213.7,2.3,5.7,1257.3,40.9,3.9,2.1,0,233.07005049851097,37.187,34.062,2025-10-04 12:14:05
158.4,1.7,288.3,150.1,1.5,222.6,495.6,59.99,213.7,2.2,5.7,1257.3,40.9,3.9,2.1,0,233.07005049851097,37.187,34.062,2025-10-04 12:14:13
156.6,1.8,284.1,147.2,1.4,217.3,486.5,59.97,213.4,2.2,5.8,1257.4,40.7,3.9,2.1,0,233.07005049851097,36.562,34.0,2025-10-04 12:15:08
159.3,1.7,261.9,150.4,1.4,215.8,464.3,59.95,213.6,2.2,5.8,1257.4,40.6,3.9,2.1,0,233.07005049851097,36.437,33.875,2025-10-04 12:15:15
156.7,1.7,272.5,151.2,1.4,217.2,475.2,59.98,213.5,2.2,5.8,1257.4,40.4,3.9,2.1,0,233.07005049851097,36.312,33.562,2025-10-04 12:16:10
158.4,1.7,275.3,149.7,1.4,214.6,476.2,59.97,213.6,2.2,5.8,1257.4,40.4,3.9,2.1,0,233.07005049851097,36.312,33.5,2025-10-04 12:16:18
158.5,1.7,277.0,148.2,1.4,210.8,474.1,60,213.1,2.2,5.8,1257.4,40.2,3.9,2.1,0,233.07005049851097,36.375,33.375,2025-10-04 12:17:13
156,1.7,275.0,150,1.4,213.9,475.6,59.98,213.1,2.2,5.8,1257.4,40.2,3.9,2.1,0,233.07005049851097,36.312,33.375,2025-10-04 12:17:20
158.9,1.6,280.2,150.1,1.4,211.8,478.1,60.03,213.9,2.2,5.8,1257.4,40.1,3.9,2.1,0,233.07005049851097,36.125,33.187,2025-10-04 12:18:15
157.6,1.8,277.8,147.9,1.4,210.2,474.3,60.04,213.8,2.2,5.8,1257.4,40.1,3.9,2.1,0,233.07005049851097,36.062,33.187,2025-10-04 12:18:22
161.1,1.8,274.7,150.1,1.4,208.3,471.4,60.02,213.3,2.2,5.8,1257.4,40.1,3.9,2.1,0,233.07005049851097,35.562,33.0,2025-10-04 12:19:18
158.4,1.7,279.4,153.1,1.3,205.1,471.8,60.04,213.3,2.2,5.8,1257.4,40,3.9,2.1,0,233.07005049851097,35.5,32.937,2025-10-04 12:19:25
158.2,1.7,277.3,150.5,1.3,200.0,464.1,59.98,213.6,2.2,5.8,1257.4,40,3.9,2.1,0,233.07005049851097,35.5,32.875,2025-10-04 12:20:20
161.4,1.7,274.7,150.2,1.3,200.0,463.2,60,213.7,2.1,5.8,1257.4,40,3.9,2.1,0,194.22504208209244,35.5,32.812,2025-10-04 12:20:27
159.8,1.7,281.1,150.1,1.3,197.0,467.3,59.97,213.6,2.1,5.8,1257.4,40,3.9,2.1,0,233.07005049851097,35.312,32.687,2025-10-04 12:21:23
161.4,1.7,280.3,150.2,1.2,196.9,465.9,59.99,213.7,2.2,5.8,1257.4,39.9,3.9,2.1,0,194.22504208209244,35.25,32.625,2025-10-04 12:21:30
158.4,1.8,282.3,150.3,1.2,193.1,464.0,60.03,213.6,2.1,5.8,1257.4,39.7,3.9,2.1,0,194.22504208209244,35.25,32.625,2025-10-04 12:22:25
164.7,1.6,255.4,152.3,1.2,191.6,439.9,60.02,213.6,2.1,5.8,1257.4,39.7,3.9,2.1,0,194.22504208209244,35.25,32.625,2025-10-04 12:22:32
158.4,1.7,273.3,153,1.2,185.2,449.5,59.97,213.7,2.1,5.8,1257.4,39.6,3.9,2.1,0,194.22504208209244,35.0,32.562,2025-10-04 12:23:27
161.2,1.4,274.4,153.1,1.2,184.7,449.7,59.97,213.8,1.9,5.8,1257.4,39.6,3.9,2.1,0,194.22504208209244,35.0,32.562,2025-10-04 12:23:35
159,1.6,261.1,153.1,1.1,176.9,429.3,60.01,213.8,1.9,5.8,1257.4,39.4,3.9,2.1,0,194.22504208209244,34.875,32.5,2025-10-04 12:24:30
161.3,1.6,259.6,151.1,1.1,176.4,426.9,59.99,213.8,2,5.8,1257.4,39.4,3.9,2.1,0,194.22504208209244,34.875,32.5,2025-10-04 12:24:37
158.3,1.5,243.4,153.1,1.1,168.1,403.4,59.98,213.7,1.9,5.8,1257.4,39.2,3.9,2.1,0,194.22504208209244,34.562,32.375,2025-10-04 12:25:32
159.5,1.5,240.9,153.1,1.1,167.9,401.0,59.99,213.8,1.8,5.8,1257.4,39.2,3.9,2.2,0,155.38003366567398,34.562,32.25,2025-10-04 12:25:40
158.9,1.3,224.5,152.5,1,158.8,376.0,60.04,213.7,1.7,5.8,1257.4,39.1,3.9,2.2,0,155.38003366567398,34.5,32.187,2025-10-04 12:26:35
157.1,1.4,218.9,150.2,1,158.3,369.9,60.04,213.8,1.6,5.8,1257.4,39.1,3.9,2.2,0,155.38003366567398,34.375,32.187,2025-10-04 12:26:42
161.5,1.3,204.3,153.1,0.9,153.0,350.5,60.03,213.7,1.6,5.8,1257.4,38.9,3.9,2.2,0,155.38003366567398,34.0,32.0,2025-10-04 12:27:37
158.3,1.3,208.3,147.2,1,149.9,351.3,59.99,213.5,1.6,5.9,1257.5,38.9,3.9,2.2,0,155.38003366567398,33.937,32.0,2025-10-04 12:27:44
158.6,1.2,197.3,150.1,0.9,149.2,340.4,59.97,213.3,1.6,5.9,1257.5,38.8,3.9,2.2,0,155.38003366567398,33.687,31.75,2025-10-04 12:28:40
159.5,1.1,190.4,150,0.9,149.5,333.5,59.98,212.9,1.6,5.9,1257.5,38.8,3.9,2.2,0,155.38003366567398,33.75,31.75,2025-10-04 12:28:47
158.6,1.1,184.5,147,0.9,143.7,321.7,59.99,212.9,1.5,5.9,1257.5,38.6,4.0,2.2,0,116.53502524925548,33.75,31.562,2025-10-04 12:29:42
158.5,1.1,187.0,153,0.9,143.6,324.5,59.97,213,1.5,5.9,1257.5,38.6,4.0,2.2,0,116.53502524925548,33.75,31.562,2025-10-04 12:29:49
155.6,1.1,178.6,150.7,0.9,142.3,314.6,59.97,213.3,1.4,5.9,1257.5,38.5,4.0,2.2,0,116.53502524925548,33.75,31.437,2025-10-04 12:30:45
158.2,1.1,179.3,150.1,0.9,143.0,315.7,59.96,213.5,1.4,5.9,1257.5,38.5,4.0,2.2,0,116.53502524925548,33.75,31.437,2025-10-04 12:30:52
160.8,1,177.0,150.3,0.9,141.2,312.4,59.94,213.7,1.4,5.9,1257.5,38.4,4.0,2.2,0,116.53502524925548,33.625,31.312,2025-10-04 12:31:47
155.4,1.1,174.0,150.1,0.9,141.1,308.8,59.95,213.5,1.4,5.9,1257.5,38.4,4.0,2.2,0,116.53502524925548,33.625,31.25,2025-10-04 12:31:54
158.4,1,171.7,148.2,0.9,136.6,301.7,59.96,213.4,1.4,5.9,1257.5,38.3,4.0,2.2,0,116.53502524925548,33.562,31.375,2025-10-04 12:32:50
158.5,1,171.2,153.2,0.8,137.5,301.7,59.95,213.6,1.3,5.9,1257.5,38.3,4.0,2.2,0,116.53502524925548,33.5,31.437,2025-10-04 12:32:57
158.6,1,164.6,153.2,0.8,134.2,293.5,59.97,213.3,1.4,5.9,1257.5,38.3,4.0,2.2,0,116.53502524925548,33.437,31.437,2025-10-04 12:33:52
158.4,1,163.7,147.8,0.8,133.3,291.3,59.99,213.3,1.3,5.9,1257.5,38.3,4.0,2.2,0,116.53502524925548,33.437,31.437,2025-10-04 12:33:59
161.5,0.9,152.5,150,0.8,133.5,280.7,60,213.6,1.3,5.9,1257.5,38.3,4.0,2.2,0,116.53502524925548,33.187,31.312,2025-10-04 12:34:54
155.9,0.9,154.0,150.2,0.8,132.2,280.6,60.01,213.5,1.3,5.9,1257.5,38.3,4.0,2.2,0,116.53502524925548,33.187,31.312,2025-10-04 12:35:02
158.3,0.9,151.5,150.1,0.8,131.5,277.6,60.02,213.5,1.2,5.9,1257.5,38.1,4.0,2.2,0,116.53502524925548,33.187,31.125,2025-10-04 12:35:57
158.6,0.8,151.4,150.3,0.8,131.9,277.7,60.04,213.5,1.3,5.9,1257.5,38.1,4.0,2.2,0,116.53502524925548,33.062,31.125,2025-10-04 12:36:04
155.4,0.9,146.8,153.4,0.8,130.4,271.9,60.05,213.6,1.2,5.9,1257.5,38,4.0,2.2,0,116.53502524925548,33.062,31.125,2025-10-04 12:36:59
158.6,0.9,148.5,147.2,0.8,129.9,272.4,60.05,213.9,1.2,5.9,1257.5,38,4.0,2.2,0,77.69001683283699,32.812,31.062,2025-10-04 12:37:06
158.4,0.8,151.3,153.5,0.8,134.0,279.5,60.03,213.7,1.2,5.9,1257.5,37.9,4.0,2.2,0,116.53502524925548,32.812,30.937,2025-10-04 12:38:02
155.4,0.9,149.5,153.4,0.8,133.5,277.4,60.01,213.7,1.3,5.9,1257.5,37.9,4.0,2.2,0,116.53502524925548,32.562,30.937,2025-10-04 12:38:09
160.3,0.9,157.6,151,0.8,139.0,291.2,60.03,213.9,1.3,5.9,1257.5,37.7,4.0,2.2,0,116.53502524925548,32.5,30.937,2025-10-04 12:39:04
158.4,0.9,159.5,156.4,0.8,136.0,290.2,60.01,213.8,1.4,5.9,1257.5,37.7,4.0,2.2,0,116.53502524925548,32.5,30.937,2025-10-04 12:39:11
158.6,1,167.2,151.8,0.9,143.4,304.4,60.01,213.1,1.4,5.9,1257.5,37.7,4.0,2.2,0,116.53502524925548,32.5,30.937,2025-10-04 12:40:06
159.9,1,171.6,153.1,0.9,146.2,311.6,60.01,213.2,1.4,5.9,1257.5,37.6,4.0,2.2,0,116.53502524925548,32.562,30.937,2025-10-04 12:40:14
161.1,1,182.0,154.5,0.9,152.8,328.4,60.02,213,1.5,5.9,1257.5,37.6,4.0,2.2,0,116.53502524925548,32.5,31.0,2025-10-04 12:41:09
156.8,1.1,180.3,149.9,0.9,151.1,324.9,59.99,213,1.5,5.9,1257.5,37.6,4.0,2.2,0,116.53502524925548,32.437,31.0,2025-10-04 12:41:16
159.8,1.1,191.4,153.2,1,160.3,344.9,60.03,213.6,1.6,5.9,1257.5,37.5,4.0,2.2,0,116.53502524925548,32.25,30.937,2025-10-04 12:42:11
162.4,1.1,192.0,153.2,0.9,161.0,345.2,60.03,213.8,1.6,5.9,1257.5,37.5,4.0,2.2,0,116.53502524925548,32.25,30.937,2025-10-04 12:42:19
161,1.2,195.0,150.1,1,162.5,350.5,59.99,213.6,1.6,5.9,1257.5,37.4,4.0,2.2,0,155.38003366567398,32.437,30.937,2025-10-04 12:43:14
162.8,1.2,195.8,153,1,165.9,354.6,60.01,213.7,1.6,5.9,1257.5,37.4,4.0,2.2,0,155.38003366567398,32.5,30.937,2025-10-04 12:43:21
165.7,1,175.7,153.1,1,170.2,339.0,60.02,213.6,1.5,5.9,1257.5,37.4,4.0,2.2,0,155.38003366567398,32.375,31.0,2025-10-04 12:44:16
160.2,1.1,193.8,150,1.1,166.9,353.6,60.01,213.6,1.6,5.9,1257.5,37.4,4.0,2.2,0,155.38003366567398,32.312,30.937,2025-10-04 12:44:23
162.8,1.2,195.1,152.9,1.1,172.1,359.8,60,213.4,1.7,5.9,1257.5,37.3,4.0,2.2,0,155.38003366567398,32.312,30.937,2025-10-04 12:45:19
162.9,1,194.8,153.1,1.1,173.5,361.2,59.99,213.4,1.5,5.9,1257.5,37.3,4.0,2.2,0,155.38003366567398,32.187,30.937,2025-10-04 12:45:26
160,1.2,193.7,149.9,1.1,175.6,362.1,59.99,213.2,1.6,5.9,1257.5,37.2,4.0,2.2,0,155.38003366567398,32.187,31.0,2025-10-04 12:46:21
162.7,1.2,195.9,155.9,1.1,173.0,361.2,60.01,213.3,1.7,5.9,1257.5,37.2,4.0,2.2,0,155.38003366567398,32.437,31.0,2025-10-04 12:46:28
162.8,1,200.8,153.3,1.2,183.8,375.6,60.02,213.3,1.7,6.0,1257.6,37.2,4.0,2.2,0,155.38003366567398,32.562,31.187,2025-10-04 12:47:24
160.1,1.2,197.7,150.1,1.2,183.1,373.2,60.04,213.3,1.7,6.0,1257.6,37.2,4.0,2.2,0,155.38003366567398,32.562,31.187,2025-10-04 12:47:31
162.7,1.2,206.8,150,1.2,189.6,388.7,60.02,213.2,1.8,6.0,1257.6,37.2,4.0,2.2,0,155.38003366567398,32.562,31.25,2025-10-04 12:48:26
165.1,1.1,203.4,154.7,1.2,188.5,384.9,60.03,213,1.7,6.0,1257.6,37.2,4.0,2.2,0,155.38003366567398,32.437,31.25,2025-10-04 12:48:33
162.8,1.3,214.9,150.2,1.2,192.0,399.0,60.01,213.2,1.9,6.0,1257.6,37.2,4.0,2.2,0,194.22504208209244,32.437,31.312,2025-10-04 12:49:28
160.1,1.3,215.0,151.6,1.2,195.4,402.3,60.01,213.1,1.8,6.0,1257.6,37.2,4.0,2.2,0,194.22504208209244,32.437,31.312,2025-10-04 12:49:36
165.7,1.3,194.1,150,1.3,198.7,385.5,59.97,213.3,1.9,6.0,1257.6,37.2,4.0,2.2,0,194.22504208209244,32.437,31.375,2025-10-04 12:50:31
162.6,1.4,220.1,151.6,1.3,201.0,412.2,59.96,213.5,1.9,6.0,1257.6,37.2,4.0,2.2,0,194.22504208209244,32.312,31.375,2025-10-04 12:50:38
162.9,1.4,230.9,152.4,1.3,207.5,428.2,60,213.5,1.9,6.0,1257.6,37.2,4.0,2.2,0,194.22504208209244,32.312,31.062,2025-10-04 12:51:33
160.5,1.4,231.1,149.3,1.4,207.5,423.9,60.03,213.2,2,6.0,1257.6,37.2,4.0,2.2,0,194.22504208209244,32.125,31.062,2025-10-04 12:51:41
163.3,1.4,243.4,152.3,1.3,213.3,438.4,59.97,213.3,2,6.0,1257.6,37.2,4.0,2.2,0,194.22504208209244,32.125,31.062,2025-10-04 12:52:36
161.9,1.5,244.6,148.7,1.4,213.8,446.0,59.99,212.8,2,6.0,1257.6,37.2,4.0,2.2,0,194.22504208209244,32.062,31.062,2025-10-04 12:52:43
163.2,1.6,255.3,148.8,1.5,222.4,462.8,59.98,212.8,2.1,6.0,1257.6,37.1,4.0,2.2,0,233.07005049851097,32.062,30.937,2025-10-04 12:53:38
162.7,1.6,257.9,151.6,1.5,226.3,469.7,59.97,212.7,2.2,6.0,1257.6,37.1,4.0,2.2,0,233.07005049851097,32.062,30.937,2025-10-04 12:53:45
168.4,1.4,256.3,151.9,1.5,231.0,475.8,60.05,212.8,2.1,6.0,1257.6,37.1,4.0,2.2,0,233.07005049851097,31.937,30.937,2025-10-04 12:54:41
162.8,1.6,268.6,151.6,1.5,232.5,486.6,60.04,212.8,2.3,6.0,1257.6,37,4.0,2.2,0,233.07005049851097,31.937,30.937,2025-10-04 12:54:48
166.4,1.7,275.8,151.6,1.5,237.8,498.5,60.02,212.6,2.3,6.0,1257.6,37,4.0,2.2,0,233.07005049851097,31.937,30.75,2025-10-04 12:55:43
165.6,1.7,281.6,154.7,1.5,236.1,502.7,60.01,212.8,2.3,6.0,1257.6,37,4.0,2.2,0,233.07005049851097,32.062,30.687,2025-10-04 12:55:50
165.7,1.7,292.1,151.6,1.6,242.3,516.6,60.06,213.1,2.4,6.0,1257.6,36.9,4.0,2.2,0,233.07005049851097,31.625,30.375,2025-10-04 12:56:46
163,1.8,289.1,151.5,1.6,243.6,517.1,60.03,213,2.4,6.0,1257.6,36.9,4.0,2.2,0,233.07005049851097,31.562,30.312,2025-10-04 12:56:53
168.1,1.8,285.0,151.5,1.6,251.8,521.4,60.03,213.4,2.5,6.0,1257.6,36.9,4.0,2.2,0,271.91505891492943,31.562,29.312,2025-10-04 12:57:48
165.8,1.8,307.0,151.4,1.6,252.6,539.4,60.02,213.2,2.5,6.0,1257.6,36.9,4.0,2.2,0,271.91505891492943,30.625,29.0,2025-10-04 12:57:55
165.8,1.9,315.9,154.7,1.7,258.3,553.8,60.01,213.5,2.6,6.0,1257.6,36.8,4.0,2.2,0,271.91505891492943,30.25,28.25,2025-10-04 12:58:50
167.6,1.8,314.7,150.8,1.7,257.4,551.2,59.99,213.5,2.5,6.0,1257.6,36.8,4.1,2.2,0,271.91505891492943,30.187,28.125,2025-10-04 12:58:58
165,2,329.0,154.6,1.7,268.8,575.5,60.02,213.4,2.7,6.1,1257.7,36.7,4.1,2.3,0,271.91505891492943,29.25,27.0,2025-10-04 12:59:53
167,2,326.2,154.6,1.7,271.0,577.4,60.03,213.5,2.7,6.1,1257.7,36.7,4.1,2.3,0,271.91505891492943,29.0,26.937,2025-10-04 13:00:00
163.4,2.1,338.8,152.1,1.8,277.4,592.4,59.95,213.3,2.8,6.1,1257.7,36.5,4.1,2.3,0,271.91505891492943,29.0,26.437,2025-10-04 13:00:55
168,2.1,348.2,154.6,1.8,282.7,606.3,59.99,213.3,2.8,6.1,1257.7,36.5,4.1,2.3,0,310.76006733134795,29.125,26.437,2025-10-04 13:01:02
167.5,2,360.0,152.1,1.8,284.5,617.0,60.01,213.5,2.8,6.1,1257.7,36.5,4.1,2.3,0,310.76006733134795,29.125,26.5,2025-10-04 13:01:58
165.9,2.2,356.4,155.9,1.9,289.8,625.7,60.03,213.5,2.9,6.1,1257.7,36.5,4.1,2.3,0,310.76006733134795,28.812,26.562,2025-10-04 13:02:05
170.5,2.2,366.8,157.6,1.9,297.6,637.5,59.99,212.7,3,6.1,1257.7,36.5,4.1,2.3,0,310.76006733134795,28.812,26.562,2025-10-04 13:03:00
167.3,2.2,375.5,151.6,1.9,294.9,643.0,59.99,212.9,3,6.1,1257.7,36.5,4.1,2.3,0,310.76006733134795,28.937,26.625,2025-10-04 13:03:07
167.3,2.3,391.1,154.6,2,314.3,676.8,59.98,213.1,3.2,6.1,1257.7,36.6,4.1,2.3,0,310.76006733134795,28.875,26.687,2025-10-04 13:04:03
170.3,2.3,386.8,157.4,2,315.9,674.9,59.99,213.1,3.2,6.1,1257.7,36.6,4.1,2.3,0,310.76006733134795,28.687,26.687,2025-10-04 13:04:10
164.4,2.5,409.7,157.5,2.1,337.0,715.1,60.01,213.6,3.3,6.1,1257.7,36.5,4.1,2.3,0,349.6050757477664,28.812,26.687,2025-10-04 13:05:05
167,2.5,413.3,151.3,2.2,335.0,716.2,59.97,213.7,3.4,6.1,1257.7,36.5,4.1,2.3,0,349.6050757477664,28.937,26.687,2025-10-04 13:05:12
166.9,2.6,432.3,154.2,2.4,360.4,755.5,60.04,213.9,3.6,6.1,1257.7,36.7,4.1,2.3,0,349.6050757477664,28.937,26.75,2025-10-04 13:06:07
167.4,2.6,439.3,157.6,2.3,370.9,775.9,60.01,213.9,3.6,6.1,1257.7,36.7,4.1,2.3,0,349.6050757477664,29.062,26.75,2025-10-04 13:06:15
167.5,2.8,474.0,156.9,2.6,405.1,841.7,60,214.1,4,6.1,1257.7,36.7,4.1,2.3,0,388.4500841641849,29.312,26.812,2025-10-04 13:07:10
164.4,2.9,479.2,157.5,2.8,427.7,867.9,60.03,214,4.1,6.1,1257.7,36.7,4.1,2.3,0,427.2950925806034,29.312,26.812,2025-10-04 13:07:17
169.3,3,509.6,154.6,2.9,457.7,923.0,59.98,213.8,4.2,6.1,1257.7,36.8,4.1,2.3,0,427.2950925806034,29.5,27.25,2025-10-04 13:08:12
168.9,3,498.7,157.5,2.8,450.0,905.9,59.99,213.8,4.2,6.2,1257.8,36.9,4.1,2.3,0,427.2950925806034,29.437,27.187,2025-10-04 13:08:19
167.3,2.9,486.8,157.5,2.8,438.0,881.8,60.02,213.8,4.1,6.2,1257.8,36.9,4.1,2.3,0,427.2950925806034,29.375,27.187,2025-10-04 13:09:15
168.3,2.8,486.5,155.6,2.8,439.2,881.7,59.99,213.8,4.1,6.2,1257.8,36.9,4.1,2.3,0,427.2950925806034,29.437,27.312,2025-10-04 13:09:22
167.3,2.9,488.6,154.7,2.9,448.9,892.8,60.02,213.5,4.2,6.2,1257.8,37,4.1,2.3,0,427.2950925806034,29.75,27.687,2025-10-04 13:10:17
169.6,2.9,481.2,153.4,2.9,450.1,887.9,60.03,213.7,4.2,6.2,1257.8,37,4.1,2.3,0,427.2950925806034,29.812,27.75,2025-10-04 13:10:24
164.6,3,488.1,154.7,2.9,465.9,907.7,60,213.8,4.2,6.2,1257.8,37.1,4.1,2.3,0,427.2950925806034,29.687,27.937,2025-10-04 13:11:20
167.3,3,497.3,153.9,3,468.7,918.8,60.01,213.7,4.2,6.2,1257.8,37.1,4.1,2.3,0,427.2950925806034,29.687,27.937,2025-10-04 13:11:27
167.1,3.1,511.3,157.5,3.2,487.7,952.9,60.06,214.1,4.4,6.2,1257.8,37.2,4.1,2.3,0,427.2950925806034,30.062,27.875,2025-10-04 13:12:22
167,3.1,510.9,154.6,3.2,492.7,953.6,60.03,214.2,4.3,6.2,1257.8,37.2,4.1,2.3,0,427.2950925806034,30.062,27.937,2025-10-04 13:12:29
167.3,3.1,535.5,153.9,3.3,509.0,992.6,60.01,214.2,4.6,6.2,1257.8,37.3,4.2,2.3,0,466.14010099702193,30.187,28.187,2025-10-04 13:13:24
167.6,3.2,537.5,154.6,3.3,518.4,1003.4,60,214.3,4.6,6.2,1257.8,37.4,4.2,2.3,0,466.14010099702193,30.062,28.125,2025-10-04 13:13:32
168.3,3.4,558.8,154.6,3.5,544.8,1048.6,59.96,214.1,4.9,6.2,1257.8,37.4,4.2,2.3,0,504.9851094134404,29.875,28.125,2025-10-04 13:14:27
167.3,3.4,571.3,151.3,3.6,545.8,1060.6,60,214.3,5,6.2,1257.8,37.4,4.2,2.3,0,504.9851094134404,29.937,28.187,2025-10-04 13:14:34
162,4.6,727.0,153.8,4.6,694.2,1342.0,59.99,214.2,6.4,6.3,1257.9,37.6,4.2,2.4,0,660.3651430791144,30.0,28.0,2025-10-04 13:15:29
161.5,5.3,834.5,153.4,5,757.3,1501.5,59.98,214.3,7.2,6.3,1257.9,37.6,4.2,2.4,0,776.9001683283698,30.25,28.187,2025-10-04 13:15:37
166.4,5.3,884.8,153.1,5.6,846.1,1630.5,60.01,215.1,7.6,6.3,1257.9,38.1,4.2,2.4,0,815.7451767447883,31.437,29.375,2025-10-04 13:16:32
170.1,5.3,844.4,148.8,5.8,855.0,1629.9,60.01,214.9,7.6,6.3,1257.9,38.2,4.2,2.4,0,815.7451767447883,31.687,29.437,2025-10-04 13:16:39
167.4,3.4,585.2,151.5,3.7,564.3,1085.2,60.02,213.6,5,6.3,1257.9,38.6,4.2,2.4,0,543.8301178298589,31.687,30.0,2025-10-04 13:17:34
168.2,3.5,577.6,153.1,3.7,562.4,1081.8,60.01,213.5,5,6.3,1257.9,38.6,4.2,2.4,0,504.9851094134404,32.125,30.0,2025-10-04 13:17:41
165.8,4.7,776.6,148.8,4.9,733.0,1422.1,59.99,214.4,6.6,6.3,1257.9,38.6,4.2,2.4,0,699.2101514955328,32.125,29.562,2025-10-04 13:18:37
166.5,4.5,760.4,150.5,4.7,728.9,1405.6,60,214.4,6.4,6.3,1257.9,38.6,4.2,2.4,0,699.2101514955328,32.375,29.562,2025-10-04 13:18:44
167.4,3.4,557.8,153.1,3.5,537.1,1038.0,60.03,214,4.8,6.4,1258.0,38.7,4.2,2.4,0,504.9851094134404,32.75,30.0,2025-10-04 13:19:39
167.6,3.1,563.8,153.1,3.5,531.4,1040.1,60.03,214.2,4.6,6.4,1258.0,38.7,4.2,2.4,0,504.9851094134404,32.812,30.0,2025-10-04 13:19:46
167.4,3.3,542.9,150.1,3.2,497.3,987.8,59.97,214.3,4.5,6.4,1258.0,38.7,4.2,2.4,0,504.9851094134404,32.437,29.687,2025-10-04 13:20:42
169.8,3.2,495.6,150.4,3.2,492.1,939.7,59.96,214.1,4.5,6.4,1258.0,38.7,4.2,2.4,0,466.14010099702193,32.437,29.687,2025-10-04 13:20:49
164.2,3,511.0,153.2,3.1,471.6,934.3,59.98,214,4.3,6.4,1258.0,38.7,4.2,2.4,0,466.14010099702193,32.5,29.625,2025-10-04 13:21:44
167.5,3.1,501.4,153,3.1,465.7,928.8,59.97,214,4.2,6.4,1258.0,38.7,4.2,2.4,0,466.14010099702193,32.562,29.625,2025-10-04 13:21:51
164.3,2.9,494.1,153.1,2.9,439.8,887.9,59.99,213.9,4.1,6.4,1258.0,38.8,4.3,2.4,0,427.2950925806034,32.687,29.437,2025-10-04 13:22:46
164.2,3,488.5,150.3,2.9,436.4,880.4,60.02,214,4.1,6.4,1258.0,38.8,4.3,2.4,0,427.2950925806034,32.687,29.312,2025-10-04 13:22:54
166.5,2.9,455.5,155,2.7,411.5,827.6,59.98,213.9,4,6.4,1258.0,38.8,4.3,2.4,0,427.2950925806034,32.437,29.187,2025-10-04 13:23:49
164.3,2.9,475.0,152.7,2.7,417.7,850.2,59.97,213.9,4,6.4,1258.0,38.8,4.3,2.4,0,427.2950925806034,32.437,29.125,2025-10-04 13:23:56
164.3,2.9,468.9,151.9,2.7,414.2,841.5,60.01,213.8,3.9,6.4,1258.0,38.9,4.3,2.4,0,427.2950925806034,32.687,29.187,2025-10-04 13:24:51
166.2,2.6,466.7,155.2,2.6,413.6,838.9,59.99,213.9,3.7,6.4,1258.0,38.9,4.3,2.4,0,427.2950925806034,32.687,29.187,2025-10-04 13:24:59
163.1,2.9,472.1,151,2.7,419.8,850.0,60.02,213.7,3.9,6.5,1258.1,38.9,4.3,2.5,0,427.2950925806034,32.687,29.375,2025-10-04 13:25:54
166,2.9,441.1,153.2,2.8,422.8,852.8,59.99,213.7,3.9,6.5,1258.1,38.9,4.3,2.5,0,427.2950925806034,32.562,29.437,2025-10-04 13:26:01
161.9,2.9,467.6,153.5,2.7,432.0,856.4,60.01,214,4,6.5,1258.1,38.9,4.3,2.5,0,427.2950925806034,32.437,29.437,2025-10-04 13:26:56
164.3,2.9,476.9,150.1,2.8,432.2,865.2,60.03,214,4,6.5,1258.1,38.9,4.3,2.5,0,427.2950925806034,32.5,29.5,2025-10-04 13:27:03
164.2,2.9,482.8,153.1,2.9,442.7,881.0,60,214.1,4.1,6.5,1258.1,38.9,4.3,2.5,0,427.2950925806034,32.812,29.875,2025-10-04 13:27:59
161.3,2.9,477.3,153.1,2.8,444.1,876.2,59.99,214.1,4.1,6.5,1258.1,38.9,4.3,2.5,0,427.2950925806034,32.812,29.937,2025-10-04 13:28:06
166.6,2.7,476.5,153.1,2.9,453.7,887.8,59.97,213.7,4.1,6.5,1258.1,38.9,4.3,2.5,0,427.2950925806034,32.812,30.375,2025-10-04 13:29:01
164.4,3,492.3,153.1,2.9,455.2,901.5,59.98,213.8,4.2,6.5,1258.1,38.9,4.3,2.5,0,427.2950925806034,33.062,30.437,2025-10-04 13:29:08
165.2,3.1,470.3,153.1,3.1,470.4,896.0,59.97,213,4.3,6.5,1258.1,39.1,4.3,2.5,0,427.2950925806034,33.125,30.562,2025-10-04 13:30:03
164.3,2.9,507.8,150,3.1,472.4,932.4,59.96,212.9,4.2,6.5,1258.1,39.1,4.3,2.5,0,466.14010099702193,33.25,30.562,2025-10-04 13:30:11
164.3,3.3,530.5,150.2,3.3,499.6,978.4,60,213.5,4.4,6.5,1258.1,39.2,4.3,2.5,0,466.14010099702193,33.375,30.5,2025-10-04 13:31:06
166.8,3.2,509.4,150.1,3.3,506.2,947.3,60,213.8,4.6,6.5,1258.1,39.2,4.3,2.5,0,466.14010099702193,33.437,30.375,2025-10-04 13:31:13
161.3,3.5,558.6,150.7,3.6,533.7,1036.1,60.01,213.8,4.8,6.5,1258.1,39.3,4.3,2.5,0,504.9851094134404,33.875,31.062,2025-10-04 13:32:08
164.3,3.5,567.9,151.8,3.5,539.6,1050.8,60,214,4.8,6.5,1258.1,39.3,4.3,2.5,0,504.9851094134404,33.937,31.187,2025-10-04 13:32:16
164.5,3.5,555.5,150.4,3.6,557.0,1053.1,60.06,214,4.9,6.6,1258.2,39.3,4.3,2.5,0,504.9851094134404,34.187,31.875,2025-10-04 13:33:11
162.6,3.5,567.4,148.3,3.7,558.1,1066.2,60.04,214,4.9,6.6,1258.2,39.3,4.3,2.5,0,504.9851094134404,34.125,31.937,2025-10-04 13:33:18
161.3,3.5,556.7,150.1,3.6,540.4,1039.1,60.01,214.1,4.7,6.6,1258.2,39.3,4.3,2.5,0,504.9851094134404,34.25,32.375,2025-10-04 13:34:13
162.5,3.3,554.7,148.3,3.6,536.4,1034.2,60.02,214,4.8,6.6,1258.2,39.3,4.3,2.5,0,504.9851094134404,34.25,32.375,2025-10-04 13:34:21
160.9,3.4,545.6,150.3,3.4,525.4,1015.5,60.01,213.6,4.7,6.6,1258.2,39.3,4.4,2.5,0,504.9851094134404,34.625,32.25,2025-10-04 13:35:16
163.1,3.4,532.3,148.6,3.5,516.3,997.9,60.02,213.6,4.6,6.6,1258.2,39.3,4.4,2.5,0,466.14010099702193,34.625,32.25,2025-10-04 13:35:23
158.7,3.3,515.2,153,3.3,500.2,964.2,60.01,213.6,4.5,6.6,1258.2,39.4,4.4,2.5,0,466.14010099702193,34.625,32.25,2025-10-04 13:36:18
161.3,3.2,522.1,150.1,3.3,502.2,971.2,60.01,213.6,4.4,6.6,1258.2,39.4,4.4,2.5,0,466.14010099702193,34.437,32.25,2025-10-04 13:36:25
161.2,3.2,508.8,150.1,3.2,489.2,948.5,60,214.1,4.4,6.6,1258.2,39.2,4.4,2.5,0,466.14010099702193,34.437,32.312,2025-10-04 13:37:21
158.4,3.2,500.4,153.2,3.2,484.3,935.5,59.97,214,4.3,6.6,1258.2,39.2,4.4,2.5,0,466.14010099702193,34.437,32.312,2025-10-04 13:37:28
163.8,2.9,500.6,147.3,3.2,482.5,931.1,59.99,214.1,4.2,6.7,1258.3,39.2,4.4,2.6,0,466.14010099702193,34.687,32.437,2025-10-04 13:38:23
161.5,3.1,503.2,150.1,3.2,484.9,938.0,59.99,214.3,4.3,6.7,1258.3,39.2,4.4,2.6,0,427.2950925806034,34.75,32.437,2025-10-04 13:38:30
162.1,3.2,494.2,149.9,3.3,488.5,931.1,60.03,214.3,4.3,6.7,1258.3,39.3,4.4,2.6,0,466.14010099702193,35.187,32.875,2025-10-04 13:39:25
161.2,3.1,507.9,150.1,3.3,493.9,950.9,60.01,214.1,4.2,6.7,1258.3,39.3,4.4,2.6,0,427.2950925806034,35.062,32.937,2025-10-04 13:39:33
161.3,3.2,513.7,150.1,3.3,503.9,966.0,60.03,214.1,4.4,6.7,1258.3,39.4,4.4,2.6,0,466.14010099702193,35.437,32.687,2025-10-04 13:40:28
164,3.1,505.1,147.1,3.4,499.9,941.1,60.05,214,4.4,6.7,1258.3,39.4,4.4,2.6,0,466.14010099702193,35.5,33.187,2025-10-04 13:40:35
158.9,3.3,526.2,152.3,3.4,524.0,986.4,60.03,214.1,4.6,6.7,1258.3,39.4,4.4,2.6,0,466.14010099702193,35.5,33.937,2025-10-04 13:41:30
161.7,3.3,533.9,150.2,3.5,529.1,1007.7,60.03,214.1,4.6,6.7,1258.3,39.4,4.4,2.6,0,466.14010099702193,35.875,34.062,2025-10-04 13:41:38
161.3,3.5,567.6,148.8,3.9,583.9,1089.8,59.98,214.3,5,6.7,1258.3,39.6,4.4,2.6,0,543.8301178298589,35.875,34.25,2025-10-04 13:42:33
159.5,3.5,567.9,149.3,4,592.2,1099.0,59.98,214.4,5.1,6.7,1258.3,39.6,4.4,2.6,0,543.8301178298589,35.937,34.25,2025-10-04 13:42:40
161.3,3.2,536.1,148.7,3.6,552.0,1030.7,59.98,214.3,4.6,6.7,1258.3,39.7,4.4,2.6,0,504.9851094134404,35.937,34.75,2025-10-04 13:43:35
159.6,3.3,525.3,149.7,3.6,548.0,1017.9,60.04,214.3,4.7,6.7,1258.3,39.7,4.4,2.6,0,504.9851094134404,36.25,34.875,2025-10-04 13:43:42
164,3.1,483.0,151.5,3.5,515.2,949.4,60.02,214.1,4.5,6.8,1258.4,39.8,4.4,2.6,0,466.14010099702193,36.312,34.625,2025-10-04 13:44:38
161.3,3.2,512.2,148.6,3.5,516.2,975.7,60.05,214.3,4.5,6.8,1258.4,39.8,4.4,2.6,0,466.14010099702193,36.25,34.562,2025-10-04 13:44:45
161.4,3.1,500.4,148.6,3.4,507.0,955.1,60.01,214,4.4,6.8,1258.4,39.8,4.4,2.6,0,466.14010099702193,36.25,34.062,2025-10-04 13:45:40
161.7,2.8,504.3,148.7,3.4,506.6,938.8,60,213.8,4.2,6.8,1258.4,39.8,4.4,2.6,0,466.14010099702193,36.187,34.125,2025-10-04 13:45:47
161.3,3.1,500.1,151.6,3.3,504.6,952.1,59.98,213.9,4.4,6.8,1258.4,39.8,4.5,2.6,0,466.14010099702193,36.5,34.312,2025-10-04 13:46:42
161.7,3.1,477.1,148.9,3.4,502.4,926.9,59.98,213.9,4.4,6.8,1258.4,39.8,4.5,2.6,0,466.14010099702193,36.5,34.375,2025-10-04 13:46:50
160.8,3.1,493.8,146.2,3.4,506.1,948.4,59.98,213.9,4.3,6.8,1258.4,39.9,4.5,2.6,0,466.14010099702193,36.312,34.437,2025-10-04 13:47:45
161.3,3.1,500.5,151.6,3.4,507.5,956.1,59.97,214,4.4,6.8,1258.4,39.9,4.5,2.6,0,466.14010099702193,36.25,34.5,2025-10-04 13:47:52
161.3,3.1,505.5,150.7,3.4,521.4,973.1,60.04,214.2,4.5,6.8,1258.4,39.9,4.5,2.6,0,466.14010099702193,36.375,34.312,2025-10-04 13:48:47
158.2,3.2,501.9,148.8,3.5,518.5,966.7,60.04,214.2,4.5,6.8,1258.4,39.9,4.5,2.6,0,466.14010099702193,36.437,34.375,2025-10-04 13:48:55
162.6,2.8,503.8,149.6,3.5,517.5,969.8,60.02,214.3,4.3,6.8,1258.4,40,4.5,2.7,0,466.14010099702193,36.5,34.437,2025-10-04 13:49:50
161.3,3.1,503.1,148.7,3.4,518.3,968.4,60.03,214.3,4.4,6.8,1258.4,40,4.5,2.7,0,466.14010099702193,36.5,34.312,2025-10-04 13:49:57
163.2,3.1,461.8,148.6,3.3,494.9,907.5,60.03,214.1,4.3,6.9,1258.5,40.1,4.5,2.7,0,466.14010099702193,37.062,34.625,2025-10-04 13:50:52
161.3,3,500.7,150.5,3.3,489.3,940.1,60.02,214.2,4.2,6.9,1258.5,40.1,4.5,2.7,0,466.14010099702193,37.125,34.687,2025-10-04 13:51:00
161.3,3.1,491.3,146.7,3.2,465.9,909.9,59.97,214,4.2,6.9,1258.5,40.1,4.5,2.7,0,427.2950925806034,37.187,35.125,2025-10-04 13:51:55
163.8,3,448.9,148.7,3.2,471.4,875.4,60,214,4.2,6.9,1258.5,40.1,4.5,2.7,0,427.2950925806034,37.187,35.125,2025-10-04 13:52:02
158.3,3,479.9,148.6,3.1,459.9,892.9,59.97,213.7,4.2,6.9,1258.5,40.1,4.5,2.7,0,427.2950925806034,37.187,35.0,2025-10-04 13:52:57
161.4,3,477.6,147.8,3.1,460.8,892.3,59.96,213.9,4.1,6.9,1258.5,40.1,4.5,2.7,0,427.2950925806034,37.187,35.0,2025-10-04 13:53:04
161.4,3,480.0,148.8,3.1,463.3,895.9,59.99,213.8,4.2,6.9,1258.5,40,4.5,2.7,0,427.2950925806034,37.25,35.0,2025-10-04 13:54:00
160.8,3,482.6,148.1,3.1,466.0,900.5,59.97,213.9,4.2,6.9,1258.5,40,4.5,2.7,0,427.2950925806034,37.187,35.125,2025-10-04 13:54:07
161.3,2.8,487.5,148.7,3.1,477.5,916.3,60.02,213.9,4.1,6.9,1258.5,40,4.5,2.7,0,427.2950925806034,37.062,35.0,2025-10-04 13:55:02
158.8,3,484.4,148.4,3.2,479.1,914.0,60.03,213.8,4.2,6.9,1258.5,40,4.5,2.7,0,427.2950925806034,37.062,34.937,2025-10-04 13:55:09
163.8,3,484.2,148.7,3.4,505.5,941.2,60.02,214.1,4.4,6.9,1258.5,40,4.5,2.7,0,466.14010099702193,37.0,34.687,2025-10-04 13:56:04
161.3,3.2,514.3,151.6,3.4,511.2,972.2,60.05,214.3,4.5,6.9,1258.5,40.1,4.5,2.7,0,466.14010099702193,37.0,34.75,2025-10-04 13:56:12
161.8,3.5,558.1,148.1,3.9,573.8,1071.3,59.98,213.6,5,7.0,1258.6,40.2,4.5,2.7,0,504.9851094134404,37.437,34.875,2025-10-04 13:57:07
163.5,3.2,557.3,148.7,4,590.7,1087.5,60.01,213.7,4.9,7.0,1258.6,40.2,4.5,2.7,0,543.8301178298589,37.562,35.0,2025-10-04 13:57:14
159.5,3.8,609.3,148.7,4.3,639.1,1179.1,60.03,214.2,5.4,7.0,1258.6,40.4,4.5,2.7,0,582.6751262462774,37.437,35.875,2025-10-04 13:58:09
162.4,3.8,584.0,147.2,4.3,638.6,1154.8,60.04,214.2,5.5,7.0,1258.6,40.4,4.6,2.7,0,582.6751262462774,37.375,36.0,2025-10-04 13:58:17
159.8,3.9,614.7,148.7,4.5,660.8,1205.3,60,214.2,5.6,7.0,1258.6,40.5,4.6,2.7,0,582.6751262462774,38.062,36.312,2025-10-04 13:59:12
161.3,3.8,615.3,147.7,4.4,644.3,1189.4,59.99,214.1,5.4,7.0,1258.6,40.6,4.6,2.7,0,582.6751262462774,38.187,36.375,2025-10-04 13:59:19
161.8,4.8,751.4,149.1,5.9,885.3,1539.7,59.99,214.1,7.2,7.0,1258.6,40.8,4.6,2.7,0,738.0551599119514,38.312,37.375,2025-10-04 14:00:14
160.5,4.5,725.4,149.1,5.6,838.9,1470.0,59.98,213.9,6.8,7.0,1258.6,40.8,4.6,2.7,0,699.2101514955328,38.375,37.5,2025-10-04 14:00:22
159.9,3.2,513.3,147.2,3.6,531.3,990.0,60.02,213.9,4.5,7.0,1258.6,40.7,4.6,2.8,0,466.14010099702193,38.687,37.75,2025-10-04 14:01:17
161.5,3,486.5,150.1,3.5,527.9,962.4,60.04,213.8,4.5,7.0,1258.6,40.7,4.6,2.8,0,466.14010099702193,38.562,37.687,2025-10-04 14:01:24
158.9,3.1,489.0,147.1,3.5,517.4,953.2,60.02,213.8,4.4,7.1,1258.7,40.6,4.6,2.8,0,466.14010099702193,38.312,37.125,2025-10-04 14:02:19
159.9,3.1,496.8,147.5,3.4,521.3,964.6,60.02,214,4.4,7.1,1258.7,40.6,4.6,2.8,0,466.14010099702193,38.437,37.125,2025-10-04 14:02:26
160,3.4,543.2,151.6,4,602.3,1087.0,60.04,214.3,5,7.1,1258.7,40.5,4.6,2.8,0,504.9851094134404,38.687,37.062,2025-10-04 14:03:21
159.6,3.3,530.3,151.3,3.9,583.2,1054.7,60.03,214.1,4.8,7.1,1258.7,40.5,4.6,2.8,0,504.9851094134404,38.562,37.125,2025-10-04 14:03:29
157,4.7,727.2,148.7,6,885.0,1517.8,59.98,214.1,7.1,7.1,1258.7,40.5,4.6,2.8,0,738.0551599119514,38.875,37.375,2025-10-04 14:04:24
161.2,4.6,739.4,145.7,5.9,878.3,1523.2,60,214.1,7.1,7.1,1258.7,40.6,4.6,2.8,0,738.0551599119514,39.0,37.562,2025-10-04 14:04:31
155.3,3,465.2,145.6,3.3,491.3,904.5,60.03,214,4.2,7.1,1258.7,40.6,4.6,2.8,0,427.2950925806034,38.812,37.25,2025-10-04 14:05:26
161.3,3,469.1,148.7,3.3,497.3,919.3,60.03,213.9,4.2,7.1,1258.7,40.6,4.6,2.8,0,427.2950925806034,38.687,37.125,2025-10-04 14:05:34
155.5,3.3,503.4,144.3,3.9,558.4,1007.3,60.06,214.4,4.7,7.1,1258.7,40.6,4.6,2.8,0,504.9851094134404,38.25,36.437,2025-10-04 14:06:29
158.3,3.3,523.8,145.7,4.1,582.7,1046.8,60.03,214.4,4.9,7.1,1258.7,40.6,4.6,2.8,0,504.9851094134404,38.312,36.437,2025-10-04 14:06:36
160,3.2,505.8,150.6,3.6,526.7,980.7,60.02,214.4,4.5,7.1,1258.7,40.8,4.6,2.8,0,466.14010099702193,38.312,36.75,2025-10-04 14:07:31
157.1,3.2,512.0,149.1,3.7,552.1,1009.5,60.04,214.3,4.6,7.1,1258.7,40.9,4.6,2.8,0,466.14010099702193,38.375,36.937,2025-10-04 14:07:39
160.7,3.5,579.8,146.8,4.4,648.9,1162.0,60.03,214,5.3,7.2,1258.8,41.1,4.6,2.8,0,543.8301178298589,38.937,37.625,2025-10-04 14:08:34
159.4,3.6,569.2,147.9,4.4,646.3,1148.3,60.02,213.8,5.3,7.2,1258.8,41.1,4.6,2.8,0,543.8301178298589,39.0,37.75,2025-10-04 14:08:41
158.8,3.6,563.9,148.9,4.2,603.6,1106.6,60.01,214.6,5.1,7.2,1258.8,41.3,4.7,2.8,0,543.8301178298589,39.0,38.562,2025-10-04 14:09:36
161.1,3.7,566.4,148.7,4.3,636.8,1157.4,60.01,214.7,5.4,7.2,1258.8,41.3,4.7,2.8,0,543.8301178298589,38.875,38.625,2025-10-04 14:09:43
157.7,4,629.7,150.2,4.9,736.1,1301.2,60.01,215.1,6,7.2,1258.8,41.5,4.7,2.9,0,621.5201346626959,39.687,39.187,2025-10-04 14:10:39
159.9,4.1,648.1,149.9,5,744.8,1315.5,60.03,215.1,6,7.2,1258.8,41.6,4.7,2.9,0,621.5201346626959,39.687,39.187,2025-10-04 14:10:46
159.9,4.1,651.9,147.2,5.2,758.5,1329.8,60.02,215.1,6.1,7.2,1258.8,41.8,4.7,2.9,0,621.5201346626959,40.562,40.062,2025-10-04 14:11:41
157.1,4,634.2,144.4,5.1,746.2,1302.5,59.99,215.1,6,7.2,1258.8,41.9,4.7,2.9,0,621.5201346626959,40.625,40.0,2025-10-04 14:11:48
162.3,3.7,619.5,150.1,4.8,728.1,1274.9,59.99,215,5.9,7.2,1258.8,42,4.7,2.9,0,621.5201346626959,40.312,40.25,2025-10-04 14:12:43
159.9,4,633.7,144.3,5,729.8,1285.0,60.01,215,6,7.3,1258.9,42,4.7,2.9,0,621.5201346626959,40.437,40.312,2025-10-04 14:12:51
160.4,4,611.8,148.6,4.9,722.2,1258.2,59.98,214.9,5.9,7.3,1258.9,42.2,4.7,2.9,0,621.5201346626959,40.437,40.687,2025-10-04 14:13:46
160,3.7,629.1,145.7,5,719.8,1272.7,59.98,215,5.7,7.3,1258.9,42.3,4.7,2.9,0,621.5201346626959,40.375,40.687,2025-10-04 14:13:53
159.9,4,639.8,145.6,5.3,758.7,1319.3,59.99,214.8,6,7.3,1258.9,42.5,4.7,2.9,0,660.3651430791144,40.937,41.312,2025-10-04 14:14:48
162.5,4,616.1,145.7,5.3,767.5,1303.5,59.98,214.9,6.1,7.3,1258.9,42.6,4.7,2.9,0,660.3651430791144,41.0,41.312,2025-10-04 14:14:56
156.9,3.7,600.5,144.4,4.9,725.1,1238.8,59.97,214,5.7,7.3,1258.9,42.7,4.7,2.9,0,582.6751262462774,41.0,41.5,2025-10-04 14:15:51
156.6,3.1,505.8,145.9,4,605.6,1054.1,59.98,213.6,4.7,7.3,1258.9,42.8,4.7,2.9,0,466.14010099702193,40.875,41.375,2025-10-04 14:15:58
156.8,2.1,334.2,147.1,2.2,333.3,639.9,60,213.2,2.9,7.3,1258.9,42.7,4.7,2.9,0,310.76006733134795,40.0,40.0,2025-10-04 14:16:53
156.9,2.1,325.3,147.1,2.1,317.3,616.2,59.99,213,2.9,7.3,1258.9,42.7,4.7,2.9,0,310.76006733134795,39.937,39.875,2025-10-04 14:17:01
156.6,1.7,263.3,145.1,1.7,249.3,495.8,60.03,213.5,2.3,7.3,1258.9,42.5,4.7,2.9,0,233.07005049851097,39.187,38.687,2025-10-04 14:17:56
156.9,1.6,259.7,147.2,1.6,234.6,479.3,60.02,213.5,2.2,7.3,1258.9,42.5,4.7,2.9,0,233.07005049851097,39.062,38.562,2025-10-04 14:18:03
156.9,1.4,229.0,147.7,1.4,208.9,425.5,59.97,213.8,1.9,7.3,1258.9,42.4,4.7,2.9,0,194.22504208209244,39.062,37.5,2025-10-04 14:18:58
155.1,1.4,225.7,145.1,1.4,213.7,426.6,60.02,213.8,1.9,7.3,1258.9,42.4,4.7,2.9,0,194.22504208209244,38.812,37.437,2025-10-04 14:19:05
156.9,1,201.0,145.7,1.2,175.0,368.7,59.99,213.8,1.6,7.4,1259.0,42.3,4.7,2.9,0,194.22504208209244,38.812,36.25,2025-10-04 14:20:01
155,1.2,196.4,148.7,1.1,176.1,361.2,59.98,213.9,1.7,7.4,1259.0,42.3,4.7,2.9,0,194.22504208209244,38.375,36.187,2025-10-04 14:20:08
153.9,1.1,179.0,141,1.1,157.9,330.0,60.02,213.7,1.5,7.4,1259.0,42.2,4.7,2.9,0,155.38003366567398,37.562,35.437,2025-10-04 14:21:03
156.9,1.1,179.6,147.1,1,154.0,327.2,59.99,213.7,1.5,7.4,1259.0,42.1,4.7,2.9,0,155.38003366567398,37.5,35.375,2025-10-04 14:21:10
159.1,0.8,163.3,144.1,0.9,137.9,296.4,60,213.6,1.3,7.4,1259.0,41.9,4.7,2.9,0,155.38003366567398,37.25,35.062,2025-10-04 14:22:05
153.9,1,164.4,141.4,0.9,135.5,294.1,60.02,213.7,1.3,7.4,1259.0,41.9,4.7,2.9,0,155.38003366567398,37.187,35.062,2025-10-04 14:22:13
157,1,160.8,141.4,0.9,131.1,286.3,60.04,213.6,1.3,7.4,1259.0,41.6,4.7,2.9,0,155.38003366567398,36.875,34.875,2025-10-04 14:23:08
156.8,0.9,161.4,147.1,0.9,129.7,285.5,60.03,213.2,1.3,7.4,1259.0,41.6,4.7,2.9,0,155.38003366567398,36.812,34.875,2025-10-04 14:23:15
153.8,0.9,154.2,140.9,0.8,124.0,272.7,60.02,213.3,1.2,7.4,1259.0,41.3,4.8,2.9,0,116.53502524925548,36.562,34.25,2025-10-04 14:24:10
155.8,0.9,147.5,142.8,0.8,127.3,269.0,60,213.3,1.3,7.4,1259.0,41.3,4.8,2.9,0,116.53502524925548,36.5,34.187,2025-10-04 14:24:18
156.9,0.9,153.8,146.1,0.8,123.9,272.3,60.01,213.4,1.3,7.4,1259.0,41.2,4.8,2.9,0,116.53502524925548,36.125,33.5,2025-10-04 14:25:13
153.9,0.9,151.9,144.7,0.7,119.2,265.3,60.02,213.3,1.2,7.4,1259.0,41.1,4.8,2.9,0,116.53502524925548,36.062,33.437,2025-10-04 14:25:20
157.9,0.9,141.8,150.2,0.7,120.5,265.5,59.97,212.8,1.2,7.4,1259.0,41,4.8,2.9,0,116.53502524925548,35.687,33.062,2025-10-04 14:26:15
156.9,0.9,150.7,144.2,0.8,119.5,265.2,59.98,212.8,1.2,7.4,1259.0,41,4.8,2.9,0,116.53502524925548,35.625,33.062,2025-10-04 14:26:22
154,0.9,145.3,145.8,0.7,115.4,255.8,59.98,213.2,1.2,7.4,1259.0,40.9,4.8,3.0,0,116.53502524925548,35.625,32.625,2025-10-04 14:27:18
159.3,0.9,140.2,151.6,0.7,117.6,252.4,59.99,213.3,1.2,7.4,1259.0,40.9,4.8,3.0,0,116.53502524925548,35.25,32.625,2025-10-04 14:27:25
156.7,0.8,140.6,142.8,0.7,117.0,253.2,59.98,212.6,1.2,7.4,1259.0,40.9,4.8,3.0,0,116.53502524925548,35.25,32.625,2025-10-04 14:28:20
156.1,0.8,139.7,143.6,0.7,116.4,251.4,60,212.7,1.1,7.4,1259.0,40.9,4.8,3.0,0,116.53502524925548,34.875,32.625,2025-10-04 14:28:27
160,0.8,129.9,148.7,0.7,110.0,235.4,60.02,213.4,1.1,7.4,1259.0,40.6,4.8,3.0,0,116.53502524925548,34.875,32.187,2025-10-04 14:29:22
154.4,0.8,131.6,142.8,0.7,109.6,238.1,60.03,213.4,1.1,7.4,1259.0,40.6,4.8,3.0,0,116.53502524925548,34.187,32.187,2025-10-04 14:29:30
156.9,0.7,128.5,148.6,0.6,103.9,227.3,60.03,213.3,1,7.4,1259.0,40.3,4.8,3.0,0,116.53502524925548,34.062,31.812,2025-10-04 14:30:25
157,0.7,124.5,142.9,0.6,104.4,224.8,60.02,213.3,1,7.4,1259.0,40.3,4.8,3.0,0,116.53502524925548,34.0,31.812,2025-10-04 14:30:32
156.2,0.7,122.4,146.5,0.6,100.0,218.1,60.02,213.4,1,7.4,1259.0,40.2,4.8,3.0,0,116.53502524925548,33.562,31.562,2025-10-04 14:31:27
156.9,0.7,123.0,145.8,0.6,100.9,219.7,60.02,213.4,1,7.4,1259.0,40.2,4.8,3.0,0,116.53502524925548,33.562,31.5,2025-10-04 14:31:35
156.2,0.7,119.6,145.7,0.6,99.1,214.5,59.98,213.4,1,7.4,1259.0,40,4.8,3.0,0,77.69001683283699,33.125,31.25,2025-10-04 14:32:30
156.9,0.7,119.9,145.8,0.6,99.1,214.9,59.97,213.4,0.9,7.4,1259.0,39.9,4.8,3.0,0,77.69001683283699,33.062,31.187,2025-10-04 14:32:37
157,0.6,116.0,143.6,0.6,95.8,207.2,60.02,213.4,1,7.4,1259.0,39.7,4.8,3.0,0,77.69001683283699,32.812,30.812,2025-10-04 14:33:32
156.9,0.6,115.6,148.5,0.5,94.4,206.0,60.04,213.5,0.9,7.4,1259.0,39.6,4.8,3.0,0,77.69001683283699,32.875,30.875,2025-10-04 14:33:40
154.8,0.6,111.2,148.7,0.5,90.7,198.1,60.03,213.1,0.9,7.4,1259.0,39.4,4.8,3.0,0,77.69001683283699,32.875,30.75,2025-10-04 14:34:35
159.9,0.6,108.9,142.7,0.5,90.0,192.3,60.02,213.1,0.9,7.4,1259.0,39.4,4.8,3.0,0,77.69001683283699,32.875,30.75,2025-10-04 14:34:42
153.8,0.6,103.6,142.8,0.5,85.6,186.0,59.96,213.1,0.9,7.4,1259.0,39.3,4.8,3.0,0,77.69001683283699,32.687,30.625,2025-10-04 14:35:37
157.1,0.6,105.0,147.2,0.5,86.4,187.7,59.98,212.6,0.8,7.4,1259.0,39.3,4.8,3.0,0,77.69001683283699,32.687,30.625,2025-10-04 14:35:44
156.9,0.5,101.7,144.1,0.5,81.0,179.0,59.98,212.4,0.8,7.4,1259.0,39.2,4.8,3.0,0,77.69001683283699,32.5,30.375,2025-10-04 14:36:39
157,0.5,102.3,149.5,0.5,81.1,179.4,59.98,212.4,0.8,7.4,1259.0,39.2,4.8,3.0,0,77.69001683283699,32.437,30.312,2025-10-04 14:36:47
153.8,0.5,97.8,150.1,0.4,79.1,173.7,59.99,212.9,0.8,7.4,1259.0,39,4.8,3.0,0,77.69001683283699,32.312,30.25,2025-10-04 14:37:42
159.8,0.5,94.2,144.2,0.4,79.6,170.5,59.99,212.5,0.8,7.4,1259.0,39,4.8,3.0,0,77.69001683283699,32.312,30.25,2025-10-04 14:37:49
157.2,0.5,95.0,129.5,0.5,71.6,163.8,59.96,212.3,0.8,7.4,1259.0,39,4.8,3.0,0,77.69001683283699,32.125,30.25,2025-10-04 14:38:44
156.9,0.5,95.9,134,0.5,73.3,166.3,59.98,212.4,0.8,7.4,1259.0,39,4.8,3.0,0,77.69001683283699,32.125,30.312,2025-10-04 14:38:52
156.9,0.5,92.9,148.7,0.4,76.2,165.7,59.97,213.4,0.8,7.4,1259.0,39,4.8,3.0,0,38.845008416418494,32.0,30.312,2025-10-04 14:39:47
157,0.5,92.8,145.6,0.4,76.3,165.1,59.97,213.4,0.8,7.4,1259.0,39,4.8,3.0,0,38.845008416418494,32.0,30.312,2025-10-04 14:39:54
153.8,0.5,88.1,147.2,0.4,72.6,156.6,59.99,213.4,0.8,7.4,1259.0,38.9,4.8,3.0,0,38.845008416418494,32.0,30.25,2025-10-04 14:40:49
159.9,0.4,84.7,147.2,0.4,73.6,155.2,59.98,213.4,0.7,7.4,1259.0,38.9,4.8,3.0,0,38.845008416418494,32.0,30.312,2025-10-04 14:40:56
157.1,0.4,85.1,144.3,0.4,70.6,152.7,59.98,213.3,0.7,7.4,1259.0,38.8,4.8,3.0,0,38.845008416418494,31.875,30.25,2025-10-04 14:41:52
154.1,0.4,84.4,144.1,0.4,70.1,151.7,60,213.4,0.7,7.4,1259.0,38.8,4.8,3.0,0,38.845008416418494,31.812,30.25,2025-10-04 14:41:59
158.6,0.4,80.4,147.5,0.4,69.6,147.1,60.03,213.6,0.7,7.4,1259.0,38.6,4.8,3.0,0,38.845008416418494,31.75,30.187,2025-10-04 14:42:54
156.5,0.4,84.2,145.2,0.4,67.9,149.1,60.02,213.5,0.7,7.4,1259.0,38.6,4.8,3.0,0,38.845008416418494,31.75,30.187,2025-10-04 14:43:01
156,0.4,84.7,146.5,0.3,68.0,149.8,60.02,213.4,0.7,7.4,1259.0,38.7,4.8,3.0,0,38.845008416418494,31.5,30.187,2025-10-04 14:43:57
159.1,0.4,83.9,145.9,0.4,67.5,148.5,60.02,213.5,0.7,7.4,1259.0,38.7,4.8,3.0,0,38.845008416418494,31.5,30.187,2025-10-04 14:44:04
156.3,0.4,85.2,148.7,0.3,64.9,147.0,60.01,213.4,0.7,7.4,1259.0,38.6,4.8,3.0,0,38.845008416418494,31.125,30.125,2025-10-04 14:44:59
158.9,0.4,83.9,146.8,0.3,65.5,144.6,60.03,213.4,0.6,7.4,1259.0,38.6,4.8,3.0,0,38.845008416418494,31.125,30.062,2025-10-04 14:45:06
156.8,0.4,84.1,145.7,0.3,62.9,144.4,60.04,213.1,0.7,7.4,1259.0,38.5,4.8,3.0,0,38.845008416418494,31.0,29.812,2025-10-04 14:46:02
157.2,0.4,83.7,145.8,0.3,63.3,144.1,60.05,213.3,0.7,7.4,1259.0,38.4,4.8,3.0,0,38.845008416418494,30.937,29.75,2025-10-04 14:46:09
154.2,0.4,80.2,142.9,0.3,58.9,136.7,60.04,213.3,0.7,7.4,1259.0,38.3,4.8,3.0,0,38.845008416418494,30.812,29.562,2025-10-04 14:47:04
159.8,0.4,77.2,148.5,0.3,59.3,134.1,60.03,213.2,0.6,7.5,1259.1,38.3,4.8,3.0,0,38.845008416418494,30.875,29.625,2025-10-04 14:47:11
156.7,0.4,77.3,142.8,0.3,55.5,130.3,60.01,212.6,0.6,7.5,1259.1,38.1,4.8,3.0,0,38.845008416418494,30.687,29.187,2025-10-04 14:48:06
157,0.4,77.2,143,0.3,55.5,130.2,60.02,212.7,0.6,7.5,1259.1,38.1,4.8,3.0,0,38.845008416418494,30.687,28.875,2025-10-04 14:48:14
160,0.4,71.1,145.7,0.2,52.6,121.8,60.02,212.7,0.6,7.5,1259.1,37.9,4.8,3.0,0,38.845008416418494,30.437,28.937,2025-10-04 14:49:09
153.9,0.4,73.1,145.7,0.3,51.6,122.5,60.01,212.7,0.6,7.5,1259.1,37.9,4.8,3.0,0,38.845008416418494,30.437,29.0,2025-10-04 14:49:16
160.1,0.3,66.2,144.1,0.2,49.9,110.9,60,213.3,0.5,7.5,1259.1,37.5,4.8,3.0,0,38.845008416418494,29.937,28.5,2025-10-04 14:50:11
153.9,0.3,68.5,144.2,0.2,48.6,115.5,59.98,213.3,0.6,7.5,1259.1,37.4,4.8,3.0,0,38.845008416418494,29.812,28.437,2025-10-04 14:50:18
159.8,0.3,60.6,138.3,0.2,45.6,103.8,59.98,213.4,0.6,7.5,1259.1,36.9,4.8,3.0,0,38.845008416418494,29.812,28.062,2025-10-04 14:51:14
153.9,0.3,65.8,144.1,0.2,45.2,108.9,59.98,213.4,0.5,7.5,1259.1,36.8,4.8,3.0,0,38.845008416418494,29.312,28.0,2025-10-04 14:51:21
156.1,0.3,65.8,145.7,0.2,43.0,106.9,60.03,213.1,0.6,7.5,1259.1,36.4,4.8,3.0,0,38.845008416418494,29.312,27.75,2025-10-04 14:52:16
159.9,0.3,62.7,140.6,0.2,43.7,103.6,60.01,213.3,0.6,7.5,1259.1,36.3,4.8,3.0,0,38.845008416418494,29.0,27.687,2025-10-04 14:52:23
159.3,0.3,65.6,140.4,0.2,41.9,105.6,60,213.2,0.7,7.5,1259.1,36.1,4.8,3.0,0,38.845008416418494,28.812,27.562,2025-10-04 14:53:19
155.8,0.3,67.5,143.8,0.2,42.0,107.5,59.97,213.1,0.6,7.5,1259.1,36.1,4.8,3.0,0,38.845008416418494,28.812,27.562,2025-10-04 14:53:26
158.5,0.3,71.6,145.5,0.2,40.6,107.1,59.97,213.4,0.5,7.5,1259.1,35.8,4.8,3.0,0,38.845008416418494,28.687,27.562,2025-10-04 14:54:21
155.3,0.3,69.9,141.5,0.2,40.1,108.6,59.98,213.3,0.5,7.5,1259.1,35.8,4.8,3.0,0,38.845008416418494,28.625,27.625,2025-10-04 14:54:28
158.1,0.3,71.6,142.8,0.2,38.0,107.6,60.02,213.4,0.5,7.5,1259.1,35.7,4.8,3.0,0,38.845008416418494,28.437,27.375,2025-10-04 14:55:23
158.3,0.3,72.0,142.9,0.2,38.0,108.4,60.01,213.3,0.6,7.5,1259.1,35.6,4.8,3.0,0,38.845008416418494,28.437,27.375,2025-10-04 14:55:31
155.5,0.3,67.7,144.2,0.1,34.5,100.0,60.03,213.2,0.6,7.5,1259.1,35.5,4.8,3.0,0,38.845008416418494,28.312,27.312,2025-10-04 14:56:26
157.2,0.3,66.3,138.2,0.2,33.6,98.0,60,213.2,0.4,7.5,1259.1,35.4,4.8,3.0,0,38.845008416418494,28.25,27.312,2025-10-04 14:56:33
156.9,0.3,62.2,141.3,0.1,30.5,91.0,59.97,213.2,0.5,7.5,1259.1,35.2,4.8,3.0,0,38.845008416418494,28.125,27.187,2025-10-04 14:57:28
156.9,0.3,61.4,141.3,0.1,29.8,89.5,60,213.2,0.5,7.5,1259.1,35.2,4.8,3.0,0,38.845008416418494,28.062,27.187,2025-10-04 14:57:35
159.3,0.2,55.3,143.7,0.1,25.1,78.3,60.02,213.1,0.5,7.5,1259.1,35,4.8,3.0,0,38.845008416418494,27.812,26.937,2025-10-04 14:58:31
153.8,0.2,55.1,141.4,0.1,23.9,77.7,60.01,213.2,0.4,7.5,1259.1,35,4.8,3.0,0,38.845008416418494,27.812,26.937,2025-10-04 14:58:38
154.9,0.2,50.8,142.9,0.1,20.2,69.5,60.01,213,0.4,7.5,1259.1,34.8,4.8,3.0,0,0.0,27.562,26.812,2025-10-04 14:59:33
160.1,0.2,45.3,137,0.1,21.1,64.1,60.02,212.9,0.4,7.5,1259.1,34.8,4.8,3.0,0,0.0,27.562,26.812,2025-10-04 14:59:40
156.9,0.2,47.4,141.3,0,19.7,65.9,59.98,212.4,0.5,7.5,1259.1,34.6,4.8,3.0,0,0.0,27.375,26.687,2025-10-04 15:00:36
156.8,0.2,46.9,141.3,0.1,19.9,65.6,59.99,212.4,0.5,7.5,1259.1,34.6,4.8,3.0,0,0.0,27.375,85.0,2025-10-04 15:00:43
156.9,0.2,47.0,141.3,0.1,20.8,66.9,59.99,213.4,0.4,7.5,1259.1,34.3,4.8,3.0,0,0.0,27.25,85.0,2025-10-04 15:01:38
156.9,0.2,47.4,141.5,0.1,20.6,67.0,60.01,213.4,0.5,7.5,1259.1,34.3,4.8,3.0,0,0.0,27.375,85.0,2025-10-04 15:01:45
159.9,0.1,47.3,136.5,0.1,22.3,68.7,60.01,213.3,0.4,7.5,1259.1,34.1,4.8,3.0,0,0.0,27.0,85.0,2025-10-04 15:02:41
154.5,0.2,48.5,142.5,0.1,23.7,70.8,60.04,212.8,0.3,7.5,1259.1,34.1,4.8,3.0,0,0.0,27.0,85.0,2025-10-04 15:02:48
154.6,0.2,50.0,142.4,0.1,27.3,76.0,60.03,212.7,0.5,7.5,1259.1,34.1,4.8,3.0,0,0.0,26.625,85.0,2025-10-04 15:03:43
160.6,0.2,47.7,142.6,0.1,28.8,74.9,60.03,212.7,0.5,7.5,1259.1,34.1,4.8,3.0,0,0.0,26.562,85.0,2025-10-04 15:03:50
156.7,0.2,53.8,148.3,0.1,29.6,81.9,60.02,213.2,0.4,7.5,1259.1,34,4.8,3.0,0,38.845008416418494,26.437,85.0,2025-10-04 15:04:46
157.3,0.2,53.0,142.2,0.1,31.5,83.4,60.02,213.2,0.5,7.5,1259.1,34,4.8,3.0,0,38.845008416418494,26.5,85.0,2025-10-04 15:04:52
160.5,0.2,54.3,136.6,0.1,32.6,85.3,59.99,213.1,0.5,7.5,1259.1,33.9,4.8,3.0,0,38.845008416418494,26.125,85.0,2025-10-04 15:05:48
160.7,0.2,54.3,146.5,0.1,34.3,87.2,60,213.1,0.5,7.5,1259.1,33.9,4.8,3.0,0,38.845008416418494,26.062,85.0,2025-10-04 15:05:55
160.5,0.2,56.3,148.4,0.1,35.1,89.7,59.95,213.1,0.4,7.5,1259.1,33.8,4.8,3.0,0,38.845008416418494,25.437,85.0,2025-10-04 15:06:50
161.2,0.2,55.1,141.6,0.1,35.2,88.8,59.95,213.4,0.4,7.5,1259.1,33.8,4.8,3.0,0,38.845008416418494,25.5,85.0,2025-10-04 15:06:57
157.5,0.2,54.0,142.5,0.1,34.6,87.1,60.04,213.3,0.5,7.5,1259.1,33.6,4.8,3.0,0,38.845008416418494,24.875,85.0,2025-10-04 15:07:53
160.5,0.2,55.2,147.9,0.1,34.5,88.1,60.03,213,0.5,7.5,1259.1,33.5,4.8,3.0,0,38.845008416418494,24.937,85.0,2025-10-04 15:08:00
160.6,0.2,54.1,145.4,0.1,34.5,85.5,60,213.3,0.5,7.5,1259.1,33.3,4.8,3.0,0,38.845008416418494,24.625,85.0,2025-10-04 15:08:55
157.6,0.2,52.6,139.6,0.1,34.0,85.1,60.03,213.3,0.5,7.5,1259.1,33.3,4.8,3.0,0,38.845008416418494,24.437,85.0,2025-10-04 15:09:02
160.6,0.2,51.1,143.1,0.1,33.2,82.9,59.97,213.2,0.5,7.5,1259.1,33.3,4.8,3.0,0,38.845008416418494,24.25,85.0,2025-10-04 15:09:58
160.4,0.2,51.3,143.9,0.1,33.1,82.8,59.99,213.2,0.4,7.5,1259.1,33.3,4.8,3.0,0,38.845008416418494,24.25,85.0,2025-10-04 15:10:05
162.2,0.1,44.8,145.4,0.1,28.4,72.1,60.02,213.3,0.4,7.5,1259.1,33.1,4.8,3.0,0,0.0,23.937,85.0,2025-10-04 15:11:00
157.7,0.2,46.3,148.4,0.1,26.8,71.9,60.02,213.2,0.5,7.5,1259.1,33.1,4.8,3.0,0,0.0,23.937,85.0,2025-10-04 15:11:07
160.6,0.1,41.2,142.6,0.1,22.7,63.2,60.04,213.5,0.4,7.5,1259.1,33,4.8,3.0,0,0.0,23.75,85.0,2025-10-04 15:12:03
154.6,0.1,41.2,142.5,0.1,21.6,61.7,60.03,213.5,0.5,7.5,1259.1,32.9,4.8,3.0,0,0.0,23.75,85.0,2025-10-04 15:12:10
155.7,0.1,38.4,141.5,0,18.5,55.9,59.98,213.3,0.5,7.5,1259.1,32.8,4.8,3.0,0,0.0,23.5,85.0,2025-10-04 15:13:05
155.8,0.1,37.8,139.7,0,17.4,54.3,59.98,213,0.5,7.5,1259.1,32.7,4.8,3.0,0,0.0,23.5,85.0,2025-10-04 15:13:12
154.4,0.1,35.9,141,0,16.2,51.2,60.03,213,0.4,7.5,1259.1,32.6,4.8,3.0,0,0.0,23.437,85.0,2025-10-04 15:14:07
159.1,0.1,36.6,141.3,0,15.4,51.5,60.01,213.2,0.3,7.5,1259.1,32.6,4.8,3.0,0,0.0,23.437,85.0,2025-10-04 15:14:14
154.6,0.1,35.9,135.2,0,13.8,49.0,60,213.2,0.5,7.5,1259.1,32.5,4.8,3.0,0,0.0,23.312,85.0,2025-10-04 15:15:10
157.5,0.1,35.6,137.9,0,13.3,49.0,59.98,213.2,0.3,7.5,1259.1,32.5,4.8,3.0,0,0.0,23.312,85.0,2025-10-04 15:15:17
132.5,0.1,35.2,144.3,0,12.2,46.6,59.97,213.5,0.4,7.5,1259.1,32.4,4.8,3.0,0,0.0,23.437,85.0,2025-10-04 15:16:12
128,0.1,34.1,139.6,0,12.8,46.2,59.99,213.4,0.4,7.5,1259.1,32.4,4.8,3.0,0,0.0,23.437,85.0,2025-10-04 15:16:19
125.2,0.1,34.3,130.9,0,12.0,45.6,59.99,213.5,0.4,7.5,1259.1,32.4,4.8,3.0,0,0.0,23.312,85.0,2025-10-04 15:17:15
122.9,0.1,35.0,130.7,0,11.6,45.9,60,213.4,0.3,7.5,1259.1,32.4,4.8,3.0,0,0.0,23.312,85.0,2025-10-04 15:17:22
126.8,0.1,36.7,136.9,0,7.5,43.4,59.99,213.3,0.4,7.5,1259.1,32.3,4.8,3.0,0,0.0,23.375,85.0,2025-10-04 15:18:17
122.3,0.1,36.5,136.7,0,7.5,43.3,59.97,213.2,0.4,7.5,1259.1,32.4,4.8,3.0,0,0.0,23.812,85.0,2025-10-04 15:18:24
129.3,0.1,35.5,134,0,11.6,46.9,59.98,213.2,0.3,7.5,1259.1,32.4,4.8,3.0,0,0.0,23.437,85.0,2025-10-04 15:19:20
133.2,0.1,36.9,135.6,0,10.9,47.1,59.98,213.1,0.4,7.5,1259.1,32.4,4.8,3.0,0,0.0,23.437,85.0,2025-10-04 15:19:27
143.4,0.1,36.6,131.2,0,15.2,51.1,60.01,213.1,0.5,7.5,1259.1,32.3,4.8,3.0,0,0.0,23.437,85.0,2025-10-04 15:20:22
146.5,0.1,37.4,139.8,0,15.3,51.7,60.01,213.2,0.4,7.5,1259.1,32.3,4.8,3.0,0,0.0,23.5,85.0,2025-10-04 15:20:29
143.6,0.1,37.9,141.1,0,16.2,52.9,60.01,213.1,0.3,7.5,1259.1,32.2,4.8,3.0,0,0.0,23.5,85.0,2025-10-04 15:21:24
149.3,0.1,38.6,142.6,0,15.3,52.9,60.03,213.1,0.4,7.5,1259.1,32.2,4.8,3.0,0,0.0,23.5,85.0,2025-10-04 15:21:31
142.9,0.1,36.9,126.2,0,15.6,51.6,60.03,213.3,0.4,7.5,1259.1,32.2,4.8,3.0,0,0.0,23.375,85.0,2025-10-04 15:22:27
145.8,0.1,36.5,128.8,0,15.9,51.6,60.01,213.2,0.5,7.5,1259.1,32.1,4.8,3.0,0,0.0,23.375,85.0,2025-10-04 15:22:34
140.4,0.1,38.3,137,0,18.0,55.4,59.99,213.2,0.5,7.5,1259.1,32,4.8,3.0,0,0.0,23.375,85.0,2025-10-04 15:23:29
143,0.1,38.2,139.9,0,18.8,56.0,59.98,213.3,0.4,7.5,1259.1,32,4.8,3.0,0,0.0,23.375,85.0,2025-10-04 15:23:36
150.1,0.1,39.9,141.1,0,20.6,59.5,59.98,212.7,0.4,7.5,1259.1,32,4.8,3.0,0,0.0,23.312,85.0,2025-10-04 15:24:32
144.2,0.1,39.0,135.2,0.1,20.3,58.3,59.99,212.7,0.5,7.5,1259.1,32,4.8,3.0,0,0.0,23.312,85.0,2025-10-04 15:24:39
144.4,0.2,40.8,135.4,0.1,22.0,61.8,59.97,213.2,0.4,7.5,1259.1,32,4.8,3.0,0,0.0,23.437,85.0,2025-10-04 15:25:34
149.2,0.1,41.2,143.2,0.1,23.4,63.5,59.96,213.5,0.4,7.5,1259.1,31.9,4.8,3.0,0,0.0,23.375,85.0,2025-10-04 15:25:41
145.3,0.2,42.9,142,0.1,25.3,67.1,60.02,213.4,0.5,7.5,1259.1,31.9,4.8,3.0,0,0.0,23.25,85.0,2025-10-04 15:26:37
148.4,0.2,43.4,145.6,0.1,25.4,67.8,60.04,212.9,0.4,7.5,1259.1,31.9,4.8,3.0,0,0.0,23.25,85.0,2025-10-04 15:26:44
150.2,0.2,45.5,147.1,0.1,27.8,72.1,60,212.9,0.4,7.5,1259.1,31.8,4.8,3.0,0,0.0,23.312,85.0,2025-10-04 15:27:39
147.1,0.2,45.7,147,0.1,28.6,73.1,60.01,212.8,0.5,7.5,1259.1,31.8,4.8,3.0,0,0.0,23.312,85.0,2025-10-04 15:27:46
147.2,0.2,46.7,143.8,0.1,31.0,76.3,60.04,213.1,0.5,7.5,1259.1,31.8,4.8,3.0,0,38.845008416418494,23.25,85.0,2025-10-04 15:28:42
148.9,0.2,46.9,141.2,0.1,30.4,76.2,60.02,212.4,0.5,7.5,1259.1,31.8,4.8,3.0,0,0.0,23.312,85.0,2025-10-04 15:28:49
145.8,0.2,48.4,142.2,0.1,32.8,79.4,60.01,212.4,0.5,7.5,1259.1,31.9,4.8,3.0,0,38.845008416418494,23.375,85.0,2025-10-04 15:29:44
144.4,0.2,47.7,145.8,0.1,33.0,80.2,60.03,212.4,0.4,7.5,1259.1,31.8,4.8,3.0,0,38.845008416418494,23.312,85.0,2025-10-04 15:29:51
148.6,0.2,49.2,145.3,0.1,34.9,82.6,60.03,213.2,0.4,7.5,1259.1,31.8,4.8,3.0,0,0.0,23.437,85.0,2025-10-04 15:30:46
148.8,0.2,49.4,145.3,0.1,35.2,83.0,60.03,213.3,0.4,7.5,1259.1,31.8,4.8,3.0,0,38.845008416418494,23.312,85.0,2025-10-04 15:30:53
144.4,0.2,51.0,148.6,0.1,36.2,85.5,60.01,213.2,0.5,7.5,1259.1,31.7,4.8,3.0,0,38.845008416418494,23.312,85.0,2025-10-04 15:31:49
150.3,0.2,50.2,142.6,0.1,36.3,84.8,60.01,213.3,0.6,7.5,1259.1,31.7,4.8,3.0,0,38.845008416418494,23.312,85.0,2025-10-04 15:31:56
143.1,0.2,49.9,145.2,0.2,37.5,85.9,60.04,213.7,0.5,7.5,1259.1,31.7,4.8,3.0,0,38.845008416418494,23.562,85.0,2025-10-04 15:32:51
148.7,0.2,49.7,145.5,0.2,37.4,85.6,60.04,213.7,0.5,7.5,1259.1,31.7,4.8,3.0,0,38.845008416418494,23.437,85.0,2025-10-04 15:32:58
144.7,0.2,48.6,143.9,0.2,37.2,84.5,59.97,213.4,0.4,7.5,1259.1,31.6,4.8,3.0,0,38.845008416418494,23.375,85.0,2025-10-04 15:33:54
150.2,0.2,49.0,146.9,0.1,37.7,85.0,59.98,213.5,0.5,7.5,1259.1,31.6,4.8,3.0,0,38.845008416418494,23.375,85.0,2025-10-04 15:34:01
147.9,0.2,47.4,145.6,0.1,37.1,82.9,60.04,213.5,0.5,7.5,1259.1,31.5,4.8,3.0,0,0.0,23.562,85.0,2025-10-04 15:34:56
147.1,0.2,47.3,145.7,0.2,36.9,82.6,60.02,213.5,0.4,7.5,1259.1,31.5,4.8,3.0,0,38.845008416418494,21.75,85.0,2025-10-04 15:35:03
143.3,0.2,45.3,146,0.1,36.1,80.0,60,213.5,0.5,7.5,1259.1,31.4,4.8,3.0,0,38.845008416418494,23.562,85.0,2025-10-04 15:35:59
147.3,0.2,46.2,144.3,0.1,36.1,80.8,60.01,213.4,0.4,7.5,1259.1,31.3,4.8,3.0,0,0.0,23.562,85.0,2025-10-04 15:36:06
145.5,0.2,45.1,142.5,0.1,34.4,78.2,60,213.7,0.4,7.5,1259.1,31.3,4.8,3.0,0,0.0,23.5,85.0,2025-10-04 15:37:01
142.8,0.2,45.1,147.9,0.1,35.5,79.0,59.97,213.7,0.5,7.5,1259.1,31.2,4.8,3.0,0,0.0,23.5,85.0,2025-10-04 15:37:08
142.9,0.2,44.3,146.9,0.1,35.3,78.2,60.01,213.8,0.4,7.5,1259.1,31.1,4.8,3.0,0,38.845008416418494,23.562,85.0,2025-10-04 15:38:03
142.7,0.2,44.7,147.2,0.1,35.6,78.9,60.01,213.8,0.5,7.5,1259.1,31.1,4.8,3.0,0,38.845008416418494,23.562,85.0,2025-10-04 15:38:10
145.8,0.2,46.5,147.1,0.1,33.6,77.9,59.97,213.5,0.5,7.5,1259.1,31.1,4.8,3.0,0,38.845008416418494,23.625,85.0,2025-10-04 15:39:06
146.7,0.2,45.8,145.1,0.1,34.0,78.6,59.98,213.5,0.5,7.5,1259.1,31.1,4.8,3.0,0,0.0,23.625,85.0,2025-10-04 15:39:13
148.4,0.2,45.5,146.9,0.1,34.5,78.6,59.98,213.4,0.5,7.5,1259.1,31.1,4.8,3.0,0,38.845008416418494,23.625,85.0,2025-10-04 15:40:08
145,0.2,45.3,147,0.1,34.0,77.7,59.99,213.4,0.5,7.5,1259.1,31.1,4.8,3.0,0,0.0,23.625,85.0,2025-10-04 15:40:15
151.4,0.2,45.4,146.9,0.1,34.0,78.0,59.97,213,0.5,7.5,1259.1,31.1,4.8,3.0,0,0.0,23.687,85.0,2025-10-04 15:41:11
151.6,0.2,45.7,144.2,0.1,33.7,78.0,60,212.9,0.5,7.5,1259.1,31.1,4.8,3.0,0,38.845008416418494,23.687,85.0,2025-10-04 15:41:18
147.3,0.2,45.2,149.2,0.1,33.6,77.4,59.96,213,0.5,7.5,1259.1,31,4.8,3.0,0,0.0,23.687,85.0,2025-10-04 15:42:13
144,0.2,44.7,144.2,0.1,34.0,77.5,59.96,213,0.5,7.5,1259.1,31,4.8,3.0,0,38.845008416418494,23.687,85.0,2025-10-04 15:42:20
147.7,0.2,45.3,146.8,0.1,33.2,77.2,59.99,213.7,0.5,7.5,1259.1,31,4.8,3.0,0,0.0,23.687,85.0,2025-10-04 15:43:16
142.8,0.2,44.5,146.8,0.1,33.7,76.9,60.01,213.6,0.4,7.5,1259.1,31,4.8,3.0,0,38.845008416418494,23.75,85.0,2025-10-04 15:43:23
143.6,0.2,44.3,141,0.1,31.4,74.3,60.04,213.7,0.6,7.5,1259.1,31,4.8,3.0,0,38.845008416418494,23.812,85.0,2025-10-04 15:44:18
148.6,0.2,45.2,141.1,0.1,31.0,74.6,60.02,213.6,0.5,7.5,1259.1,31,4.8,3.0,0,0.0,23.812,85.0,2025-10-04 15:44:25
145.6,0.2,45.7,149.9,0.1,29.1,73.4,59.97,213.6,0.5,7.5,1259.1,30.9,4.8,3.0,0,38.845008416418494,23.812,85.0,2025-10-04 15:45:21
144.7,0.2,45.0,143.9,0.1,30.3,73.9,59.98,213.6,0.5,7.5,1259.1,30.9,4.8,3.0,0,38.845008416418494,23.875,85.0,2025-10-04 15:45:28
145.7,0.2,44.7,145.6,0.1,27.7,71.2,59.98,213.5,0.4,7.5,1259.1,30.9,4.8,3.0,0,0.0,23.875,85.0,2025-10-04 15:46:23
143,0.2,44.0,145.6,0.1,28.3,71.0,59.97,213.7,0.5,7.5,1259.1,30.9,4.8,3.0,0,0.0,23.875,85.0,2025-10-04 15:46:30
144.4,0.2,44.1,146.9,0.1,25.4,68.3,60,213.6,0.4,7.5,1259.1,30.9,4.8,3.0,0,0.0,23.875,85.0,2025-10-04 15:47:25
144.3,0.2,43.2,141.1,0.1,25.3,67.3,59.99,213.6,0.4,7.5,1259.1,30.9,4.8,3.0,0,0.0,23.875,85.0,2025-10-04 15:47:32
148.6,0.2,43.0,144,0.1,24.2,66.1,60.01,213.5,0.4,7.5,1259.1,30.9,4.8,3.0,0,0.0,23.875,85.0,2025-10-04 15:48:28
148.8,0.2,43.2,143.9,0.1,23.6,65.7,60.01,213.4,0.5,7.5,1259.1,30.9,4.8,3.0,0,0.0,23.875,85.0,2025-10-04 15:48:35
150.2,0.2,43.4,148.3,0.1,21.3,63.5,60.03,213.6,0.4,7.5,1259.1,30.9,4.8,3.0,0,0.0,23.875,85.0,2025-10-04 15:49:30
145.7,0.2,42.1,142.6,0.1,22.7,63.9,60.02,213.6,0.4,7.5,1259.1,30.9,4.8,3.0,0,0.0,23.875,85.0,2025-10-04 15:49:37
147.2,0.2,42.3,138.4,0.1,21.1,62.3,60,213.7,0.3,7.5,1259.1,30.9,4.8,3.0,0,0.0,23.812,85.0,2025-10-04 15:50:33
145.6,0.2,42.0,142.5,0.1,21.8,62.7,60.03,213.7,0.5,7.5,1259.1,30.9,4.8,3.0,0,0.0,23.875,85.0,2025-10-04 15:50:40
153.8,0.2,42.7,146.9,0.1,22.0,63.6,59.98,213.3,0.5,7.5,1259.1,30.9,4.8,3.0,0,0.0,23.875,85.0,2025-10-04 15:51:35
154,0.1,41.2,135.3,0.1,21.9,62.0,60,213.2,0.4,7.5,1259.1,30.9,4.8,3.0,0,0.0,23.875,85.0,2025-10-04 15:51:42
159.6,0.1,42.2,138.2,0.1,21.9,62.9,60.03,213.3,0.4,7.5,1259.1,30.9,4.8,3.0,0,0.0,23.875,85.0,2025-10-04 15:52:38
159.7,0.1,42.6,144.2,0.1,22.0,63.5,60.01,213.3,0.4,7.5,1259.1,30.9,4.8,3.0,0,0.0,23.875,85.0,2025-10-04 15:52:45
159.9,0.1,43.5,141.2,0.1,21.9,63.5,59.97,213.3,0.5,7.5,1259.1,30.9,4.8,3.0,0,0.0,23.937,85.0,2025-10-04 15:53:40
156.6,0.1,43.3,144.3,0.1,21.9,63.9,59.96,213.3,0.4,7.5,1259.1,30.9,4.8,3.0,0,0.0,23.937,85.0,2025-10-04 15:53:47
147.7,0.2,42.3,144,0.1,21.9,63.1,60.03,213.4,0.5,7.5,1259.1,30.9,4.8,3.0,0,0.0,23.937,85.0,2025-10-04 15:54:42
141.8,0.2,41.1,135.4,0.1,20.4,60.5,60.03,213.3,0.4,7.5,1259.1,30.9,4.8,3.0,0,0.0,23.937,85.0,2025-10-04 15:54:49
156.3,0.1,7.2,150.5,0,3.5,9.4,60.01,213.2,0.3,7.5,1259.1,30.8,4.8,3.0,0,0.0,23.937,85.0,2025-10-04 15:55:45
153.4,0.1,41.2,146.5,0,19.2,59.3,60,213.3,0.4,7.5,1259.1,30.8,4.8,3.0,0,0.0,23.937,85.0,2025-10-04 15:55:52
156.3,0.1,38.0,140.5,0,17.2,54.2,59.99,213.4,0.5,7.5,1259.1,30.8,4.9,3.0,0,0.0,23.937,85.0,2025-10-04 15:56:47
156.4,0.1,38.2,143.5,0,16.7,54.0,59.97,213.4,0.5,7.5,1259.1,30.8,4.9,3.0,0,0.0,23.937,85.0,2025-10-04 15:56:54
141.4,0.1,33.5,140.7,0,14.7,47.4,60.01,212.9,0.4,7.5,1259.1,30.8,4.9,3.0,0,0.0,23.937,85.0,2025-10-04 15:57:50
138.7,0.1,33.1,137.5,0,14.2,46.5,60.01,212.9,0.4,7.5,1259.1,30.8,4.9,3.0,0,0.0,23.875,85.0,2025-10-04 15:57:57
138.7,0.1,29.2,139.2,0,11.2,39.7,60.04,212.7,0.5,7.5,1259.1,30.8,4.9,3.0,0,0.0,23.937,85.0,2025-10-04 15:58:52
144.5,0.1,31.1,137.7,0,10.1,40.2,60.03,212.8,0.3,7.5,1259.1,30.8,4.9,3.0,0,0.0,23.937,85.0,2025-10-04 15:58:59
141.5,0.1,27.4,139,0,7.5,34.2,59.99,212.9,0.4,7.5,1259.1,30.7,4.9,3.0,0,0.0,23.875,85.0,2025-10-04 15:59:55
156,0,29.2,149,0,4.6,33.2,60,213.1,0.3,7.5,1259.1,30.7,4.9,3.0,0,0.0,23.875,85.0,2025-10-04 16:00:02
137.9,0,24.8,128.4,0,5.0,29.4,60,213.5,0.3,7.5,1259.1,30.7,4.9,3.0,0,0.0,23.875,85.0,2025-10-04 16:00:57
143.7,0,24.9,131.8,0,4.4,28.9,59.98,213.2,0.4,7.5,1259.1,30.7,4.9,3.0,0,0.0,23.875,85.0,2025-10-04 16:01:04
128.7,0,22.7,123.5,0,3.6,26.0,60,213.2,0.3,7.5,1259.1,30.7,4.9,3.0,0,0.0,23.875,85.0,2025-10-04 16:02:00
128.8,0,22.2,122.8,0,3.5,25.2,60.01,213.3,0.3,7.5,1259.1,30.7,4.9,3.0,0,0.0,23.875,85.0,2025-10-04 16:02:06
139.1,0,21.0,124,0,3.5,24.5,60.02,213.3,0.4,7.5,1259.1,30.7,4.9,3.0,0,0.0,23.937,85.0,2025-10-04 16:03:02
137.2,0,20.8,124.7,0,3.1,23.8,60.02,213.4,0.3,7.5,1259.1,30.7,4.9,3.0,0,0.0,23.875,85.0,2025-10-04 16:03:09
124.4,0,20.8,138,0,3.1,23.7,59.96,213.1,0.4,7.5,1259.1,30.7,4.9,3.0,0,0.0,23.875,85.0,2025-10-04 16:04:04
115.6,0,20.1,138.2,0,2.9,22.7,59.99,213.1,0.4,7.5,1259.1,30.7,4.9,3.0,0,0.0,23.875,85.0,2025-10-04 16:04:11
129.8,0,14.5,156,0,2.3,16.6,60.04,212.9,0.3,7.5,1259.1,30.6,4.9,3.0,0,0.0,23.875,85.0,2025-10-04 16:05:07
123.8,0,14.2,156.1,0,2.3,16.6,60.03,212.9,0.4,7.5,1259.1,30.6,4.9,3.0,0,0.0,23.875,85.0,2025-10-04 16:05:14
136.2,0,12.2,157.4,0,2.0,14.2,60.03,212.8,0.4,7.5,1259.1,30.6,4.9,3.0,0,0.0,23.812,85.0,2025-10-04 16:06:09
135,0,16.5,154,0,2.6,19.0,60.03,213,0.4,7.5,1259.1,30.6,4.9,3.0,0,0.0,23.812,85.0,2025-10-04 16:06:16
123.9,0,20.3,127.3,0,2.8,22.8,60,213.2,0.3,7.5,1259.1,30.6,4.9,3.0,0,0.0,23.75,85.0,2025-10-04 16:07:12
115.1,0,19.7,128.5,0,2.8,22.1,60.02,213.1,0.5,7.5,1259.1,30.6,4.9,3.0,0,0.0,23.75,85.0,2025-10-04 16:07:19
118,0,14.5,156.2,0,2.0,15.1,59.97,213.1,0.5,7.5,1259.1,30.7,4.9,3.0,0,0.0,23.75,85.0,2025-10-04 16:08:14
126.9,0,11.8,157,0,1.9,13.5,59.99,213.2,0.5,7.5,1259.1,30.7,4.9,3.0,0,0.0,23.75,85.0,2025-10-04 16:08:21
136.7,0,17.5,153.6,0,2.9,20.2,59.98,212.5,0.4,7.5,1259.1,30.6,4.9,3.0,0,0.0,23.687,85.0,2025-10-04 16:09:17
127,0,12.8,157.6,0,2.0,14.2,60,212.7,0.4,7.5,1259.1,30.6,4.9,3.0,0,0.0,23.687,85.0,2025-10-04 16:09:23
118.3,0,14.8,156.3,0,2.2,16.4,60.01,213.7,0.4,7.5,1259.1,30.6,4.9,3.0,0,0.0,23.687,85.0,2025-10-04 16:10:19
118.4,0,11.8,157,0,1.9,13.5,60.01,213.6,0.3,7.5,1259.1,30.6,4.9,3.0,0,0.0,23.625,85.0,2025-10-04 16:10:26
142.1,0,21.3,122.7,0,2.9,23.9,60.03,213.7,0.4,7.5,1259.1,30.6,4.9,3.0,0,0.0,23.625,85.0,2025-10-04 16:11:21
141.1,0,21.2,124.8,0,3.1,24.0,60.02,213.7,0.3,7.5,1259.1,30.6,4.9,3.0,0,0.0,23.687,85.0,2025-10-04 16:11:28
133.1,0,14.1,157.2,0,2.2,15.7,60.03,213.6,0.4,7.5,1259.1,30.5,4.9,3.0,0,0.0,23.625,85.0,2025-10-04 16:12:24
120.5,0,14.1,157.1,0,2.1,16.1,60.01,213.5,0.3,7.5,1259.1,30.5,4.9,3.0,0,0.0,23.625,85.0,2025-10-04 16:12:31
139,0,23.0,143.6,0,3.3,25.7,60,212.7,0.4,7.5,1259.1,30.5,4.9,3.0,0,0.0,23.625,85.0,2025-10-04 16:13:26
136.3,0,18.1,154,0,2.7,20.5,60,212.7,0.4,7.5,1259.1,30.5,4.9,3.0,0,0.0,23.625,85.0,2025-10-04 16:13:33
130.3,0,13.8,157.7,0,2.2,15.8,59.99,213.2,0.3,7.5,1259.1,30.5,4.9,3.0,0,0.0,23.687,85.0,2025-10-04 16:14:29
130.1,0,14.4,157.5,0,2.3,16.6,59.98,213.2,0.3,7.5,1259.1,30.5,4.9,3.0,0,0.0,23.687,85.0,2025-10-04 16:14:36
137.9,0,22.2,135.9,0,3.5,25.4,59.99,212.3,0.4,7.5,1259.1,30.4,4.9,3.0,0,0.0,23.625,85.0,2025-10-04 16:15:31
136.2,0,20.9,122.5,0,3.4,24.2,59.99,212.5,0.4,7.5,1259.1,30.4,4.9,3.0,0,0.0,23.625,85.0,2025-10-04 16:15:38
120.1,0,14.7,155.9,0,2.3,16.9,59.97,213.2,0.5,7.5,1259.1,30.4,4.9,3.0,0,0.0,23.687,85.0,2025-10-04 16:16:34
118.5,0,12.7,158,0,2.1,14.7,59.99,213.2,0.4,7.5,1259.1,30.4,4.9,3.0,0,0.0,23.687,85.0,2025-10-04 16:16:41
127.6,0,20.9,126.3,0,3.1,23.9,60.02,213.4,0.4,7.5,1259.1,30.4,4.9,3.0,0,0.0,23.687,85.0,2025-10-04 16:17:36
130.2,0,21.1,123.5,0,3.0,23.9,60.03,213.4,0.4,7.5,1259.1,30.4,4.9,3.0,0,0.0,23.687,85.0,2025-10-04 16:17:43
121.3,0,21.4,133.1,0,3.3,24.4,59.96,213.4,0.4,7.5,1259.1,30.4,4.9,3.0,0,0.0,23.687,85.0,2025-10-04 16:18:39
124.2,0,20.7,138.1,0,3.2,23.4,59.99,213.5,0.4,7.5,1259.1,30.4,4.9,3.0,0,0.0,23.687,85.0,2025-10-04 16:18:45
147.4,0,20.1,142,0,3.8,23.6,59.99,213.6,0.5,7.5,1259.1,30.4,4.9,3.0,0,0.0,23.687,85.0,2025-10-04 16:19:41
136.6,0,19.7,131.8,0,3.4,22.8,59.96,213.5,0.4,7.5,1259.1,30.4,4.9,3.0,0,0.0,23.687,85.0,2025-10-04 16:19:48
129.7,0,18.9,130.7,0,3.1,21.7,60,213.5,0.4,7.5,1259.1,30.4,4.9,3.0,0,0.0,23.75,85.0,2025-10-04 16:20:43
129.8,0,18.6,143.5,0,3.4,21.7,60.01,213.5,0.4,7.5,1259.1,30.4,4.9,3.0,0,0.0,23.687,85.0,2025-10-04 16:20:50
127.6,0,16.8,139.6,0,3.5,20.1,60.01,213.3,0.5,7.5,1259.1,30.4,4.9,3.0,0,0.0,23.75,85.0,2025-10-04 16:21:46
132,0,13.1,151.7,0,3.1,16.1,59.98,213.4,0.3,7.5,1259.1,30.4,4.9,3.0,0,0.0,23.75,85.0,2025-10-04 16:21:53
117.1,0,11.6,147.6,0,3.1,15.0,60.02,213.3,0.4,7.5,1259.1,30.4,4.9,3.0,0,0.0,23.75,85.0,2025-10-04 16:22:48
118.1,0,9.4,154.2,0,2.6,11.3,60,213.4,0.3,7.5,1259.1,30.4,4.9,3.0,0,0.0,23.75,85.0,2025-10-04 16:22:55
122.6,0,9.7,147.7,0,3.1,12.8,60.01,213.3,0.3,7.5,1259.1,30.4,4.9,3.0,0,0.0,23.75,85.0,2025-10-04 16:23:51
147.9,0,10.7,140.2,0,4.2,14.7,60.01,213.2,0.4,7.5,1259.1,30.4,4.9,3.0,0,0.0,23.75,85.0,2025-10-04 16:23:58
115.1,0,7.3,148.1,0,3.0,10.2,59.97,213.2,0.4,7.5,1259.1,30.4,4.9,3.0,0,0.0,23.75,85.0,2025-10-04 16:24:53
118.3,0,7.5,148.2,0,3.0,10.4,60.01,213.5,0.3,7.5,1259.1,30.4,4.9,3.0,0,0.0,23.687,85.0,2025-10-04 16:25:00
128.7,0,7.0,127.1,0,3.4,10.5,60.03,212.6,0.3,7.5,1259.1,30.4,4.9,3.0,0,0.0,23.687,85.0,2025-10-04 16:25:56
134.6,0,6.9,133,0,3.7,11.0,60.03,212.3,0.4,7.5,1259.1,30.4,4.9,3.0,0,0.0,23.687,85.0,2025-10-04 16:26:02
119.8,0,5.2,148.1,0,3.1,8.4,59.98,212.9,0.3,7.5,1259.1,30.4,4.9,3.0,0,0.0,23.687,85.0,2025-10-04 16:26:58
120,0,3.8,152,0,2.6,6.4,59.97,212.9,0.3,7.5,1259.1,30.4,4.9,3.0,0,0.0,23.687,85.0,2025-10-04 16:27:05
137.6,0,4.6,150.3,0,3.2,7.5,60.02,213.4,0.4,7.5,1259.1,30.4,4.9,3.0,0,0.0,23.687,85.0,2025-10-04 16:28:00
140.3,0,4.8,146.9,0,3.4,8.7,60.03,213.3,0.5,7.5,1259.1,30.4,4.9,3.0,0,0.0,23.687,85.0,2025-10-04 16:28:07
113.3,0,3.8,149.3,0,2.6,6.5,59.97,212.5,0.4,7.5,1259.1,30.4,4.9,3.0,0,0.0,23.687,85.0,2025-10-04 16:29:03
116.7,0,4.2,149,0,2.7,6.8,59.95,212.6,0.6,7.5,1259.1,30.4,4.9,3.0,0,0.0,23.687,85.0,2025-10-04 16:29:10
124.7,0,5.9,126,0,3.5,9.5,59.96,213,0.4,7.5,1259.1,30.4,4.9,3.0,0,0.0,23.687,85.0,2025-10-04 16:30:05
116.6,0,5.6,136,0,3.7,9.4,59.97,213.4,0.3,7.5,1259.1,30.4,4.9,3.0,0,0.0,23.687,85.0,2025-10-04 16:30:12
112.9,0,3.7,149.5,0,2.8,6.5,60.01,213.5,0.4,7.5,1259.1,30.3,4.9,3.0,0,0.0,23.625,85.0,2025-10-04 16:31:08
115.7,0,3.1,152.3,0,2.2,5.4,60,213.4,0.4,7.5,1259.1,30.3,4.9,3.0,0,0.0,23.687,85.0,2025-10-04 16:31:15
121.8,0,3.8,149,0,2.8,6.0,60.01,213.6,0.4,7.5,1259.1,30.3,4.9,3.0,0,0.0,23.687,85.0,2025-10-04 16:32:10
114.9,0,3.8,148.4,0,3.0,6.9,60,213.7,0.3,7.5,1259.1,30.3,4.9,3.0,0,0.0,23.687,85.0,2025-10-04 16:32:17
121.9,0,3.7,147.6,0,3.0,6.6,60.03,213.4,0.5,7.5,1259.1,30.3,4.9,3.0,0,0.0,23.687,85.0,2025-10-04 16:33:13
120.9,0,3.0,149.1,0,2.7,5.7,60.01,213.4,0.3,7.5,1259.1,30.3,4.9,3.0,0,0.0,23.687,85.0,2025-10-04 16:33:19
135.4,0,4.2,130.8,0,3.6,7.9,59.97,213.4,0.3,7.5,1259.1,30.2,4.9,3.0,0,0.0,23.687,85.0,2025-10-04 16:34:15
125.8,0,3.8,130.6,0,3.7,8.1,59.97,213.3,0.4,7.5,1259.1,30.2,4.9,3.0,0,0.0,23.687,85.0,2025-10-04 16:34:22
118.5,0,1.9,150.8,0,2.0,4.0,60.03,213.3,0.5,7.5,1259.1,30.2,4.9,3.0,0,0.0,23.687,85.0,2025-10-04 16:35:18
120.1,0,2.5,147.9,0,2.5,5.1,60.02,213.1,0.4,7.5,1259.1,30.2,4.9,3.0,0,0.0,23.687,85.0,2025-10-04 16:35:24
115.1,0,1.4,149.8,0,1.6,3.0,60.01,213,0.4,7.5,1259.1,30.2,4.9,3.0,0,0.0,23.687,85.0,2025-10-04 16:36:20
120,0,1.8,149.9,0,2.0,3.9,60,213.1,0.4,7.5,1259.1,30.2,4.9,3.0,0,0.0,23.687,85.0,2025-10-04 16:36:27
150.8,0,1.9,143,0,1.5,3.4,59.98,213.4,0.4,7.5,1259.1,30.2,4.9,3.0,0,-38.845008416418494,23.687,85.0,2025-10-04 16:37:22
153.6,0,0.8,149.4,0,0.8,1.5,59.98,213.4,0.3,7.5,1259.1,30.2,4.9,3.0,0,0.0,23.687,85.0,2025-10-04 16:37:29
145,0,2.8,137.9,0,2.6,5.2,59.99,213.3,0.3,7.5,1259.1,30.2,4.9,3.0,0,0.0,23.687,85.0,2025-10-04 16:38:25
134.9,0,2.6,128.9,0,2.5,5.2,60.01,213.3,0.4,7.5,1259.1,30.2,4.9,3.0,0,0.0,23.687,85.0,2025-10-04 16:38:32
152.9,0,0.9,148.8,0,0.9,1.5,60.04,213.4,0.4,7.6,1259.2,30.2,4.9,3.0,0,0.0,23.687,85.0,2025-10-04 16:39:27
150.2,0,1.6,146.4,0,1.4,3.1,60.03,213.4,0.3,7.6,1259.2,30.2,4.9,3.0,0,0.0,23.687,85.0,2025-10-04 16:39:34
147.3,0,1.5,147.9,0,1.6,3.3,60,213.5,0.4,7.6,1259.2,30.2,4.9,3.0,0,0.0,23.687,85.0,2025-10-04 16:40:30
152.4,0,0.8,145.1,0,0.8,1.5,59.98,213.3,0.4,7.6,1259.2,30.2,4.9,3.0,0,-38.845008416418494,23.687,85.0,2025-10-04 16:40:37
152.1,0,0.5,147.8,0,0.5,1.6,60.03,213.4,0.3,7.6,1259.2,30.2,4.9,3.0,0,0.0,23.687,85.0,2025-10-04 16:41:32
149.3,0,1.4,145,0,1.3,2.5,60.01,213.4,0.4,7.6,1259.2,30.2,4.9,3.0,0,0.0,23.687,85.0,2025-10-04 16:41:39
146.4,0,1.2,147.5,0,1.3,2.3,60,212.8,0.4,7.6,1259.2,30.2,4.9,3.0,0,0.0,23.687,85.0,2025-10-04 16:42:35
140.7,0,2.2,137.1,0,2.0,4.4,60,212.7,0.4,7.6,1259.2,30.2,4.9,3.0,0,-38.845008416418494,23.687,85.0,2025-10-04 16:42:41
145.9,0,1.1,148,0,1.2,2.2,60.01,213.4,0.4,7.6,1259.2,30.2,4.9,3.0,0,-38.845008416418494,23.625,85.0,2025-10-04 16:43:37
150.1,0,1.3,144.6,0,1.3,1.6,59.99,213.3,0.3,7.6,1259.2,30.2,4.9,3.0,0,-38.845008416418494,23.625,85.0,2025-10-04 16:43:44
149.2,0,1.2,145.9,0,1.1,2.2,60,213,0.4,7.6,1259.2,30.2,4.9,3.0,0,0.0,23.625,85.0,2025-10-04 16:44:40
148.8,0,0.5,148.6,0,0.5,1.0,59.99,213,0.4,7.6,1259.2,30.2,4.9,3.0,0,0.0,23.687,85.0,2025-10-04 16:44:46
145.5,0,1.3,144.7,0,1.3,2.6,60,213.2,0.4,7.6,1259.2,30.2,4.9,3.0,0,0.0,23.625,85.0,2025-10-04 16:45:42
151.6,0,1.1,142.5,0,1.1,2.3,60.01,213.1,0.3,7.6,1259.2,30.2,4.9,3.0,0,-38.845008416418494,23.625,85.0,2025-10-04 16:45:49
147.6,0,1.1,144.6,0,1.4,2.5,60.01,213.2,0.3,7.6,1259.2,30.2,4.9,3.0,0,0.0,23.625,85.0,2025-10-04 16:46:45
150.2,0,0.9,147.2,0,0.8,1.6,60.02,213.2,0.4,7.6,1259.2,30.2,4.9,3.0,0,-38.845008416418494,23.625,85.0,2025-10-04 16:46:51
148.2,0,0.9,144.1,0,0.9,1.7,60.01,213.1,0.4,7.6,1259.2,30.2,4.9,3.0,0,-38.845008416418494,23.625,85.0,2025-10-04 16:47:47
151.7,0,0.5,148.6,0,0.5,1.1,60.02,213,0.3,7.6,1259.2,30.2,4.9,3.0,0,0.0,23.625,85.0,2025-10-04 16:47:54
146.7,0,0.3,148.8,0,0.3,1.1,60.06,213.1,0.3,7.6,1259.2,30.2,4.9,3.0,0,-38.845008416418494,23.625,85.0,2025-10-04 16:48:49
148.2,0,1.2,144.6,0,1.2,2.5,60.03,213.2,0.5,7.6,1259.2,30.2,4.9,3.0,0,0.0,23.625,85.0,2025-10-04 16:48:56
118.8,0,1.5,129.3,0,1.8,3.4,60.03,213.4,0.3,7.6,1259.2,30.2,4.9,3.0,0,0.0,23.562,85.0,2025-10-04 16:49:52
130.6,0,1.3,141.3,0,1.5,3.0,60.01,213.4,0.3,7.6,1259.2,30.2,4.9,3.0,0,-38.845008416418494,23.562,85.0,2025-10-04 16:49:58
147.7,0,0.7,148,0,0.8,1.9,60,213.6,0.4,7.6,1259.2,30.1,4.9,3.0,0,-38.845008416418494,23.562,85.0,2025-10-04 16:50:54
151.5,0,0.4,148,0,0.4,1.1,60.03,213.6,0.5,7.6,1259.2,30.1,4.9,3.0,0,0.0,23.5,85.0,2025-10-04 16:51:01
149.5,0,0.4,145.9,0,0.3,0.8,60,213.5,0.4,7.6,1259.2,30,4.9,3.0,0,-38.845008416418494,23.5,85.0,2025-10-04 16:51:57
147.8,0,0.8,147.4,0,0.8,1.5,60,213.6,0.4,7.6,1259.2,30,4.9,3.0,0,-38.845008416418494,23.5,85.0,2025-10-04 16:52:03
147.6,0,0.8,136.9,0,0.7,1.5,60.01,213,0.5,7.6,1259.2,30,4.9,3.0,0,0.0,23.5,85.0,2025-10-04 16:52:59
149,0,0.5,143.6,0,0.4,0.9,60.01,213.1,0.4,7.6,1259.2,29.9,4.9,3.0,0,-38.845008416418494,23.5,85.0,2025-10-04 16:53:06
127.8,0,1.8,114.8,0,1.6,3.5,60.03,213.3,0.4,7.6,1259.2,29.8,4.9,3.0,0,-38.845008416418494,23.5,85.0,2025-10-04 16:54:02
136.3,0,1.3,118.6,0,1.0,2.2,60.02,213.5,0.3,7.6,1259.2,29.8,4.9,3.0,0,0.0,23.5,85.0,2025-10-04 16:54:08
148,0,0.8,135.1,0,0.7,1.4,59.97,213.5,0.4,7.6,1259.2,29.8,4.9,3.0,0,-38.845008416418494,23.5,85.0,2025-10-04 16:55:04
147.9,0,0.3,139.5,0,0.3,0.6,59.98,213.4,0.4,7.6,1259.2,29.8,4.9,3.0,0,0.0,23.5,85.0,2025-10-04 16:55:11
142,0,1.0,138.6,0,1.0,2.0,60.04,213.3,0.3,7.6,1259.2,29.8,4.9,3.0,0,-38.845008416418494,23.5,85.0,2025-10-04 16:56:06
144.8,0,0.6,138.8,0,0.6,1.1,60.03,213.5,0.3,7.6,1259.2,29.8,4.9,3.0,0,0.0,23.562,85.0,2025-10-04 16:56:13
145.6,0,0.2,136.3,0,0.2,0.4,60.03,213.4,0.3,7.6,1259.2,29.8,4.9,3.0,0,-38.845008416418494,23.5,85.0,2025-10-04 16:57:09
136.6,0,0.5,142.1,0,0.5,1.0,60.04,213.4,0.4,7.6,1259.2,29.8,4.9,3.0,0,-38.845008416418494,23.5,85.0,2025-10-04 16:57:15
120.5,0,0.9,113.9,0,0.9,1.9,59.97,213.5,0.4,7.6,1259.2,29.8,4.9,3.0,0,-38.845008416418494,23.5,85.0,2025-10-04 16:58:11
122.6,0,0.8,107.8,0,0.7,1.6,59.97,213.4,0.3,7.6,1259.2,29.8,4.9,3.0,0,-38.845008416418494,23.5,85.0,2025-10-04 16:58:18
137.3,0,0.3,136.6,0,0.3,0.7,60.02,213.6,0.4,7.6,1259.2,29.8,4.9,3.0,0,-38.845008416418494,23.437,85.0,2025-10-04 16:59:14
142.6,0,0.1,140.3,0,0.3,0.6,60.02,213.7,0.4,7.6,1259.2,29.8,4.9,3.0,0,-38.845008416418494,23.437,85.0,2025-10-04 16:59:20
129.9,0,0.5,130.8,0,0.6,1.1,60,213.8,0.3,7.6,1259.2,29.8,4.9,3.0,0,-38.845008416418494,23.437,85.0,2025-10-04 17:00:16
140.6,0,0.5,140.7,0,0.5,0.9,59.98,213.4,0.3,7.6,1259.2,29.8,4.9,3.0,0,-38.845008416418494,23.437,85.0,2025-10-04 17:00:23
138.6,0,0.9,139.3,0,0.6,1.1,59.96,213.2,0.3,7.6,1259.2,29.8,4.9,3.0,0,-38.845008416418494,23.437,85.0,2025-10-04 17:01:19
139.3,0,0.5,140.3,0,0.5,0.7,59.98,213.1,0.3,7.6,1259.2,29.8,4.9,3.0,0,-38.845008416418494,23.437,85.0,2025-10-04 17:01:25
124.9,0,0.4,121.3,0,0.4,0.8,59.99,213.8,0.3,7.6,1259.2,29.8,4.9,3.0,0,-38.845008416418494,23.437,85.0,2025-10-04 17:02:21
114,0,0.7,112,0,0.7,1.4,59.99,213.8,0.5,7.6,1259.2,29.8,4.9,3.0,0,-38.845008416418494,23.437,85.0,2025-10-04 17:02:28
142.8,0,0.3,138.9,0,0.3,0.7,59.98,213.2,0.3,7.6,1259.2,29.9,4.9,3.0,0,-38.845008416418494,23.437,85.0,2025-10-04 17:03:23
138.7,0,0.3,138.8,0,0.3,0.6,59.99,213.1,0.4,7.6,1259.2,29.9,4.9,3.0,0,0.0,23.437,85.0,2025-10-04 17:03:30
119.7,0,0.2,136.9,0,0.2,0.6,60.01,213.7,0.4,7.6,1259.2,29.9,4.9,3.0,0,-38.845008416418494,23.437,85.0,2025-10-04 17:04:26
131.1,0,0.4,137.4,0,0.4,0.8,59.99,213.7,0.4,7.6,1259.2,29.9,4.9,3.0,0,0.0,23.437,85.0,2025-10-04 17:04:33
141.1,0,0.4,127.2,0,0.4,0.8,60,213.8,0.4,7.6,1259.2,29.8,4.9,3.0,0,-38.845008416418494,23.437,85.0,2025-10-04 17:05:28
140.9,0,0.2,136.1,0,0.2,0.6,59.99,213.7,0.4,7.6,1259.2,29.8,4.9,3.0,0,-38.845008416418494,23.437,85.0,2025-10-04 17:05:35
136.5,0,0.4,132,0,0.4,0.6,60.01,213.3,0.4,7.6,1259.2,29.8,4.9,3.0,0,-38.845008416418494,23.375,85.0,2025-10-04 17:06:31
121.9,0,0.3,115.4,0,0.3,0.7,60.02,213.3,0.3,7.6,1259.2,29.8,4.9,3.0,0,-38.845008416418494,23.437,85.0,2025-10-04 17:06:37
138.1,0,0.4,129.9,0,0.3,0.7,60.02,213.4,0.4,7.6,1259.2,29.7,4.9,3.0,0,-38.845008416418494,23.375,85.0,2025-10-04 17:07:33
137.3,0,0.2,134.1,0,0.2,0.5,60.02,213.4,0.4,7.6,1259.2,29.7,4.9,3.0,0,-38.845008416418494,23.375,85.0,2025-10-04 17:07:40
122.2,0,0.3,111.9,0,0.3,0.6,60.01,213.5,0.4,7.6,1259.2,29.7,4.9,3.0,0,-38.845008416418494,23.437,85.0,2025-10-04 17:08:36
131.4,0,0.5,121,0,0.5,0.9,60.03,213.5,0.5,7.6,1259.2,29.7,4.9,3.0,0,-38.845008416418494,23.437,85.0,2025-10-04 17:08:42
136.5,0,0.3,131.7,0,0.3,0.6,59.98,213.6,0.4,7.6,1259.2,29.7,4.9,3.0,0,-38.845008416418494,23.437,85.0,2025-10-04 17:09:38
131.9,0,0.2,129.2,0,0.2,0.5,60,213.7,0.3,7.6,1259.2,29.7,4.9,3.0,0,-38.845008416418494,23.437,85.0,2025-10-04 17:09:45
132.8,0,0.4,128.3,0,0.3,0.7,60,213.6,0.2,7.6,1259.2,29.7,4.9,3.0,0,-38.845008416418494,23.437,85.0,2025-10-04 17:10:41
134.9,0,0.5,132.2,0,0.5,0.9,60.01,213.7,0.5,7.6,1259.2,29.7,4.9,3.0,0,-38.845008416418494,23.437,85.0,2025-10-04 17:10:47
135.1,0,0.2,131.3,0,0.2,0.5,60.04,213.6,0.4,7.6,1259.2,29.7,4.9,3.0,0,-38.845008416418494,23.437,85.0,2025-10-04 17:11:43
127.1,0,0.5,131.3,0,0.5,1.1,60.01,213.6,0.4,7.6,1259.2,29.6,4.9,3.0,0,-38.845008416418494,23.437,85.0,2025-10-04 17:11:50
112.1,0,0.8,100.1,0,0.7,1.4,59.99,213.3,0.3,7.6,1259.2,29.6,4.9,3.0,0,-38.845008416418494,23.437,85.0,2025-10-04 17:12:45
112.8,0,0.6,106.9,0,0.5,1.1,59.99,213.3,0.4,7.6,1259.2,29.6,4.9,3.0,0,-38.845008416418494,23.5,85.0,2025-10-04 17:12:52
132,0,0.2,127.5,0,0.2,0.5,59.99,213.2,0.4,7.6,1259.2,29.6,4.9,3.0,0,-38.845008416418494,23.5,85.0,2025-10-04 17:13:48
132.3,0,0.4,128.3,0,0.4,0.5,59.98,213.4,0.2,7.6,1259.2,29.6,4.9,3.0,0,-38.845008416418494,23.5,85.0,2025-10-04 17:13:54
131.1,0,0.4,127,0,0.4,0.9,60.02,213.9,0.4,7.6,1259.2,29.5,4.9,3.0,0,0.0,23.5,85.0,2025-10-04 17:14:50
129.5,0,0.4,124.3,0,0.4,0.8,60.01,213.9,0.4,7.6,1259.2,29.5,4.9,3.0,0,-38.845008416418494,23.5,85.0,2025-10-04 17:14:57
125.5,0,0.4,125.3,0,0.3,0.6,59.96,213.7,0.3,7.6,1259.2,29.5,4.9,3.0,0,-38.845008416418494,23.5,85.0,2025-10-04 17:15:53
125.4,0,0.3,125.1,0,0.3,0.6,59.97,213.7,0.4,7.6,1259.2,29.5,4.9,3.0,0,-38.845008416418494,23.5,85.0,2025-10-04 17:15:59
103.7,0,0.6,91.1,0,0.5,1.1,59.96,213.4,0.4,7.6,1259.2,29.5,4.9,3.0,0,-38.845008416418494,23.5,85.0,2025-10-04 17:16:55
90.2,0,0.5,89.9,0,0.5,0.9,59.97,213.5,0.4,7.6,1259.2,29.5,4.9,3.0,0,-38.845008416418494,23.5,85.0,2025-10-04 17:17:02
126.6,0,0.5,81.8,0,0.2,0.7,59.96,213.5,0.3,7.6,1259.2,29.4,4.9,3.0,0,-38.845008416418494,23.5,85.0,2025-10-04 17:17:58
122.6,0,0.6,85,0,0.3,0.9,59.97,213.6,0.5,7.6,1259.2,29.4,4.9,3.0,0,-38.845008416418494,23.437,85.0,2025-10-04 17:18:04
123.6,0,0.5,82,0,0.3,0.7,60.03,213.6,0.4,7.6,1259.2,29.3,4.9,3.0,0,-38.845008416418494,23.437,85.0,2025-10-04 17:19:00
123.4,0,0.6,81.4,0,0.4,1.1,60,213.6,0.4,7.6,1259.2,29.3,4.9,3.0,0,-38.845008416418494,23.437,85.0,2025-10-04 17:19:07
116.1,0,0.9,94.2,0,0.7,2.0,60.03,213,0.1,7.6,1259.2,29.2,4.9,3.0,0,-38.845008416418494,23.437,85.0,2025-10-04 17:20:02
116,0,2.5,84.7,0,1.8,4.2,60.01,212.8,0.4,7.6,1259.2,29.1,4.9,3.0,0,-38.845008416418494,23.437,85.0,2025-10-04 17:20:09
114.4,0,4.7,84.1,0,2.4,5.0,60,213,1.3,7.6,1259.2,29,4.9,3.0,0,-38.845008416418494,23.375,85.0,2025-10-04 17:21:05
109.3,0,2.5,86,0,2.1,4.9,59.99,213.4,0.4,7.6,1259.2,28.9,4.9,3.0,0,-38.845008416418494,23.375,85.0,2025-10-04 17:21:12
102.7,0,3.2,87.8,0,2.9,4.7,60.01,213.6,0.1,7.6,1259.2,28.8,4.9,3.0,0,-38.845008416418494,23.375,85.0,2025-10-04 17:22:07
101.5,0,1.4,90.3,0,1.3,2.7,60,213.4,0.1,7.6,1259.2,28.8,4.9,3.0,0,-38.845008416418494,23.375,85.0,2025-10-04 17:22:14
60.9,0,0.5,88.7,0,1.0,1.5,60.05,213.5,0.3,7.6,1259.2,28.7,4.9,3.0,0,-38.845008416418494,23.375,85.0,2025-10-04 17:23:10
100.7,0,0.5,88.1,0,0.8,4.2,60.02,213.5,0,7.6,1259.2,28.7,4.9,3.0,0,-38.845008416418494,23.375,85.0,2025-10-04 17:23:16
80.1,0,0.3,78.5,0,0.1,0.0,60.05,213.7,0,7.6,1259.2,28.7,4.9,3.0,0,-38.845008416418494,23.375,85.0,2025-10-04 17:24:12
109.5,0,0.0,102.3,0,0.0,0.0,60.05,213.8,0,7.6,1259.2,28.7,4.9,3.0,0,-38.845008416418494,23.437,85.0,2025-10-04 17:24:19
