vpv1,ipv1,pv1_watt,vpv2,ipv2,pv2_watt,pac_total,freq,vac1,iac1,energia_hoy,energia_total,temp_inversor,Energìa PV1,Energìa PV2,codigo_error,irradiancia_incidente,temp1,temp2,timestamp
,0,0.0,0,0,0.0,0.0,0,0,0,0.0,1259.2,0,0.0,0.0,0,-38.845008416418494,22.062,85.0,2025-10-05 05:35:23
,0,0.0,0,0,0.0,0.0,0,0,0,0.0,1259.2,0,0.0,0.0,0,-38.845008416418494,22.062,85.0,2025-10-05 05:36:27
0,0,0.0,0,0,0.0,0.0,0,0,0,0.0,1259.2,0,0.0,0.0,0,0.0,22.0,85.0,2025-10-05 05:36:57
111.9,0,0.0,111.8,0,0.0,0.0,60.03,214.8,0,0.0,1259.2,23.2,0.0,0.0,0,-38.845008416418494,22.0,85.0,2025-10-05 05:37:29
148.1,0,0.0,147.9,0,0.0,0.0,60.02,214.8,0,0.0,1259.2,23.2,0.0,0.0,0,0.0,22.0,85.0,2025-10-05 05:38:00
149.2,0,0.0,149,0,0.0,0.0,60.02,214.8,0,0.0,1259.2,23.2,0.0,0.0,0,0.0,22.0,85.0,2025-10-05 05:38:31
150.6,0,0.0,150.4,0,0.0,0.0,60.02,214.8,0,0.0,1259.2,23.2,0.0,0.0,0,-38.845008416418494,22.0,85.0,2025-10-05 05:39:02
151.8,0,0.0,151.5,0,0.0,0.0,60.02,214.8,0,0.0,1259.2,23.2,0.0,0.0,0,0.0,22.0,85.0,2025-10-05 05:39:34
152.5,0,0.0,152.3,0,0.0,0.0,60.01,214.8,0,0.0,1259.2,23.3,0.0,0.0,0,0.0,22.0,85.0,2025-10-05 05:40:05
153.4,0,0.0,153.3,0,0.0,0.0,60.02,214.8,0,0.0,1259.2,23.3,0.0,0.0,0,0.0,22.0,85.0,2025-10-05 05:40:36
154.4,0,0.0,154.3,0,0.0,0.0,59.99,214.8,0,0.0,1259.2,23.3,0.0,0.0,0,0.0,22.0,85.0,2025-10-05 05:41:07
155.3,0,0.0,155.1,0,0.0,0.0,59.98,214.8,0,0.0,1259.2,23.3,0.0,0.0,0,0.0,22.0,85.0,2025-10-05 05:41:39
156.1,0,0.0,155.8,0,0.0,0.0,59.99,214.7,0,0.0,1259.2,23.3,0.0,0.0,0,0.0,22.0,85.0,2025-10-05 05:42:10
160.8,0,0.0,156.8,0,0.0,0.0,60.03,214.7,0,0.0,1259.2,23.3,0.0,0.0,0,0.0,22.0,85.0,2025-10-05 05:42:41
157.7,0,0.0,157.4,0,0.0,0.0,60.01,214.5,0,0.0,1259.2,23.3,0.0,0.0,0,0.0,22.0,85.0,2025-10-05 05:43:12
158.4,0,0.0,157.8,0,0.0,0.0,59.99,214.4,0,0.0,1259.2,23.3,0.0,0.0,0,0.0,22.0,85.0,2025-10-05 05:43:44
158.9,0,0.0,158.2,0,0.0,0.0,59.99,214.3,0,0.0,1259.2,23.3,0.0,0.0,0,0.0,22.0,85.0,2025-10-05 05:44:14
159.7,0,0.0,158.6,0,0.0,0.0,60.03,214.4,0,0.0,1259.2,23.3,0.0,0.0,0,0.0,22.0,85.0,2025-10-05 05:44:46
160.3,0,0.0,159,0,0.0,0.0,60.02,214.5,0,0.0,1259.2,23.3,0.0,0.0,0,0.0,22.0,85.0,2025-10-05 05:45:17
160.8,0,0.0,159.3,0,0.0,0.0,60.02,214.7,0,0.0,1259.2,23.3,0.0,0.0,0,0.0,22.0,85.0,2025-10-05 05:45:49
161.2,0,0.0,159.6,0,0.0,0.0,60,214.6,0,0.0,1259.2,23.3,0.0,0.0,0,0.0,22.0,85.0,2025-10-05 05:46:19
161.7,0,0.0,159.9,0,0.0,0.0,59.99,214.6,0,0.0,1259.2,23.3,0.0,0.0,0,0.0,22.0,85.0,2025-10-05 05:46:51
162.1,0,0.0,160.1,0,0.0,0.0,60.04,214.6,0,0.0,1259.2,23.3,0.0,0.0,0,0.0,22.0,85.0,2025-10-05 05:47:22
154.9,0,16.7,148.5,0,7.1,21.1,60.01,214.6,0.4,0.0,1259.2,23.3,0.0,0.0,0,0.0,22.0,85.0,2025-10-05 05:47:53
138.9,0,16.5,136.1,0,8.1,24.4,60,214.5,0.5,0.0,1259.2,23.4,0.0,0.0,0,0.0,22.0,85.0,2025-10-05 05:48:24
127.4,0,16.9,133.4,0,7.1,23.8,60.04,214.7,0.5,0.0,1259.2,23.5,0.0,0.0,0,0.0,22.0,85.0,2025-10-05 05:48:56
121.7,0,17.3,124.4,0,7.8,24.6,60,214.6,0.4,0.0,1259.2,23.6,0.0,0.0,0,0.0,22.0,85.0,2025-10-05 05:49:27
124.4,0,18.9,139.6,0,8.6,27.1,59.98,214.7,0.4,0.0,1259.2,23.7,0.0,0.0,0,0.0,22.0,85.0,2025-10-05 05:49:58
124.3,0,18.6,128.3,0,8.2,26.4,60.04,214.7,0.4,0.0,1259.2,23.7,0.0,0.0,0,0.0,22.062,85.0,2025-10-05 05:50:29
127.3,0,20.1,133.7,0,8.9,28.7,60.01,214.8,0.5,0.0,1259.2,23.8,0.0,0.0,0,0.0,22.062,85.0,2025-10-05 05:51:01
121.3,0,20.3,136.7,0,8.9,29.0,60,214.8,0.4,0.0,1259.2,23.9,0.0,0.0,0,0.0,22.062,85.0,2025-10-05 05:51:32
127.3,0,20.6,133.7,0,9.7,29.9,59.98,214.5,0.3,0.0,1259.2,23.9,0.0,0.0,0,0.0,22.062,85.0,2025-10-05 05:52:03
138.6,0,21.6,138.2,0,10.3,30.8,59.97,214.8,0.4,0.0,1259.2,24,0.0,0.0,0,0.0,22.062,85.0,2025-10-05 05:52:34
134.5,0,21.6,138.4,0,10.7,31.7,60,214.5,0.4,0.0,1259.2,24,0.0,0.0,0,0.0,22.125,85.0,2025-10-05 05:53:06
132.8,0,22.3,143.2,0,10.7,32.5,60,214.6,0.5,0.0,1259.2,24.1,0.0,0.0,0,0.0,22.125,85.0,2025-10-05 05:53:36
132.6,0,20.8,128.4,0,10.1,30.5,60.02,214.5,0.4,0.0,1259.2,24.2,0.0,0.0,0,0.0,22.125,85.0,2025-10-05 05:54:08
135.8,0,22.3,145.8,0,9.6,31.5,60.03,214.4,0.4,0.0,1259.2,24.2,0.0,0.0,0,0.0,22.125,85.0,2025-10-05 05:54:39
121,0,21.4,140.2,0,10.0,30.4,60.03,214.5,0.5,0.0,1259.2,24.3,0.0,0.0,0,0.0,22.125,85.0,2025-10-05 05:55:10
126.9,0,20.6,137.1,0,10.7,30.8,60,214.5,0.4,0.0,1259.2,24.3,0.0,0.0,0,0.0,22.125,85.0,2025-10-05 05:55:41
120.8,0,20.4,136.6,0,10.2,30.2,59.99,214.8,0.5,0.0,1259.2,24.4,0.0,0.0,0,0.0,22.187,85.0,2025-10-05 05:56:13
135.9,0,20.1,138,0,11.5,31.1,60.03,214.7,0.4,0.0,1259.2,24.5,0.0,0.0,0,0.0,22.187,85.0,2025-10-05 05:56:44
123.6,0,18.9,133,0,10.3,28.6,60.01,214.7,0.3,0.0,1259.2,24.5,0.0,0.0,0,0.0,22.187,85.0,2025-10-05 05:57:15
127.4,0,19.6,139.4,0,10.1,29.5,60.03,214.8,0.4,0.0,1259.2,24.6,0.0,0.0,0,0.0,22.187,85.0,2025-10-05 05:57:46
123.7,0,19.5,140.6,0,10.3,29.1,60.01,214.7,0.4,0.0,1259.2,24.6,0.0,0.0,0,0.0,22.187,85.0,2025-10-05 05:58:18
126.8,0,19.4,137.5,0,10.5,29.6,60,214.5,0.4,0.0,1259.2,24.7,0.0,0.0,0,0.0,22.187,85.0,2025-10-05 05:58:48
132.5,0,20.6,134.3,0,10.7,30.7,60,214.6,0.4,0.0,1259.2,24.7,0.0,0.0,0,0.0,22.25,85.0,2025-10-05 05:59:20
117.8,0,19.8,131.7,0,10.5,29.8,60,214.6,0.4,0.0,1259.2,24.8,0.0,0.0,0,0.0,22.25,85.0,2025-10-05 05:59:51
120.8,0,22.3,143.4,0,10.4,32.1,59.97,214.5,0.5,0.0,1259.2,24.8,0.0,0.0,0,0.0,22.25,85.0,2025-10-05 06:00:22
134,0,21.4,129.6,0,12.4,33.3,60.04,214.4,0.4,0.0,1259.2,24.9,0.0,0.0,0,0.0,22.25,85.0,2025-10-05 06:00:53
126.6,0.1,23.9,138.3,0,12.3,35.7,60.02,214.6,0.4,0.0,1259.2,24.9,0.0,0.0,0,0.0,22.25,85.0,2025-10-05 06:01:25
130.1,0.1,24.5,124,0,12.0,35.7,59.98,214.5,0.3,0.0,1259.2,24.9,0.0,0.0,0,0.0,22.312,85.0,2025-10-05 06:01:56
133.2,0.1,24.7,129.5,0,13.2,37.3,59.96,214.6,0.3,0.0,1259.2,25,0.0,0.0,0,0.0,22.312,85.0,2025-10-05 06:02:27
124.2,0.1,26.1,131.4,0,12.7,37.9,60.01,214.4,0.4,0.0,1259.2,25.1,0.0,0.0,0,0.0,22.312,85.0,2025-10-05 06:02:58
136.1,0.1,27.0,147.1,0,13.7,40.8,59.97,214.3,0.4,0.0,1259.2,25.1,0.0,0.0,0,0.0,22.312,85.0,2025-10-05 06:03:30
130.3,0.1,26.0,141.2,0,15.3,40.7,60.01,214.4,0.4,0.0,1259.2,25.2,0.0,0.0,0,0.0,22.375,85.0,2025-10-05 06:04:01
133.1,0.1,26.5,143.7,0,15.7,41.6,59.97,214.3,0.5,0.0,1259.2,25.2,0.0,0.0,0,0.0,22.375,85.0,2025-10-05 06:04:32
142,0.1,26.5,132.3,0,16.5,42.3,60.01,214.4,0.4,0.0,1259.2,25.2,0.0,0.0,0,0.0,22.375,85.0,2025-10-05 06:05:03
143.4,0.1,28.0,145.1,0,16.0,43.8,60.02,214.3,0.4,0.0,1259.2,25.3,0.0,0.0,0,0.0,22.437,85.0,2025-10-05 06:05:35
127.4,0.1,27.9,136.2,0,15.7,42.9,60.01,214.3,0.3,0.0,1259.2,25.4,0.0,0.0,0,0.0,22.437,85.0,2025-10-05 06:06:06
128.5,0.1,27.3,127.5,0,15.4,42.0,60.03,214.4,0.4,0.0,1259.2,25.4,0.0,0.0,0,0.0,22.437,85.0,2025-10-05 06:06:37
130.3,0.1,29.2,133.6,0,16.1,44.9,60.01,214.5,0.4,0.0,1259.2,25.5,0.0,0.0,0,0.0,22.5,85.0,2025-10-05 06:07:08
128.4,0.1,29.7,142.3,0,17.4,45.7,59.98,214.4,0.4,0.0,1259.2,25.5,0.0,0.0,0,0.0,22.5,85.0,2025-10-05 06:07:40
134.4,0.1,30.5,139.5,0,17.7,47.5,59.97,214.4,0.5,0.0,1259.2,25.5,0.0,0.0,0,0.0,22.562,85.0,2025-10-05 06:08:11
128.3,0.1,29.8,133.6,0,17.4,46.7,59.97,214.4,0.5,0.0,1259.2,25.6,0.0,0.0,0,0.0,22.562,85.0,2025-10-05 06:08:42
148.2,0.1,31.7,141.9,0,18.7,49.6,59.97,214.5,0.6,0.0,1259.2,25.6,0.0,0.0,0,0.0,22.562,85.0,2025-10-05 06:09:13
134.8,0.1,31.4,142.9,0,18.7,49.3,59.97,214.5,0.4,0.0,1259.2,25.6,0.0,0.0,0,0.0,22.562,85.0,2025-10-05 06:09:44
133.4,0.1,31.9,146,0,18.6,49.6,59.99,214.5,0.6,0.0,1259.2,25.7,0.0,0.0,0,0.0,22.625,85.0,2025-10-05 06:10:16
129.3,0.1,31.8,143.2,0,18.2,49.1,60.01,214.5,0.3,0.0,1259.2,25.8,0.0,0.0,0,0.0,22.625,85.0,2025-10-05 06:10:47
129.4,0.1,31.6,137.3,0,18.4,49.4,60,214.3,0.4,0.0,1259.2,25.8,0.0,0.0,0,0.0,22.625,85.0,2025-10-05 06:11:18
132.4,0.1,31.0,143.3,0,20.3,50.3,60.04,214.4,0.4,0.0,1259.2,25.8,0.0,0.0,0,0.0,22.687,85.0,2025-10-05 06:11:49
126.7,0.1,30.5,139.9,0,19.6,49.1,60.01,214.3,0.5,0.0,1259.2,25.8,0.0,0.0,0,0.0,22.687,85.0,2025-10-05 06:12:20
129.2,0.1,30.3,137.1,0.1,20.6,49.3,59.96,214.5,0.4,0.0,1259.2,25.9,0.0,0.0,0,0.0,22.687,85.0,2025-10-05 06:12:52
155.1,0.1,35.0,154.5,0,14.6,48.8,60.01,214.5,0.5,0.0,1259.2,26,0.0,0.0,0,0.0,22.687,85.0,2025-10-05 06:13:23
135.3,0.1,29.8,126.2,0.1,20.1,49.6,59.97,214.2,0.5,0.0,1259.2,26,0.0,0.0,0,0.0,22.687,85.0,2025-10-05 06:13:54
132.2,0.1,30.8,143.6,0.1,23.1,53.0,59.99,214.2,0.4,0.0,1259.2,26,0.0,0.0,0,0.0,22.687,85.0,2025-10-05 06:14:25
129.4,0.1,30.5,138.1,0.1,22.7,52.3,60.02,214.2,0.4,0.0,1259.2,26.1,0.0,0.0,0,0.0,22.75,85.0,2025-10-05 06:14:57
135.1,0.1,31.4,149.5,0.1,23.5,54.1,60.04,214.2,0.4,0.0,1259.2,26.1,0.0,0.0,0,0.0,22.75,85.0,2025-10-05 06:15:28
123.3,0.1,29.9,143.9,0.1,24.3,53.4,60.03,214.2,0.4,0.0,1259.2,26.1,0.0,0.0,0,0.0,22.75,85.0,2025-10-05 06:15:59
129.5,0.1,31.6,143.2,0.1,25.0,56.0,59.98,214.2,0.5,0.0,1259.2,26.1,0.0,0.0,0,0.0,22.75,85.0,2025-10-05 06:16:30
132.2,0.1,31.4,137.9,0.1,26.0,56.5,59.97,214.4,0.5,0.0,1259.2,26.2,0.0,0.0,0,0.0,22.812,85.0,2025-10-05 06:17:01
132.3,0.1,32.5,143.8,0.1,26.9,58.5,59.98,214.4,0.4,0.0,1259.2,26.2,0.0,0.0,0,0.0,22.812,85.0,2025-10-05 06:17:32
127,0.1,32.9,143.2,0.1,27.4,58.7,59.99,214.4,0.5,0.0,1259.2,26.3,0.0,0.0,0,0.0,22.812,85.0,2025-10-05 06:18:04
129.7,0.1,34.8,141.8,0.1,28.1,61.9,60.03,214.3,0.5,0.0,1259.2,26.3,0.0,0.0,0,0.0,22.875,85.0,2025-10-05 06:18:35
129.9,0.2,36.2,142,0.1,28.3,63.5,60,214.1,0.4,0.0,1259.2,26.4,0.0,0.0,0,0.0,22.875,85.0,2025-10-05 06:19:06
124,0.2,37.1,144.9,0.1,29.6,65.7,59.99,214.1,0.4,0.0,1259.2,26.4,0.0,0.0,0,0.0,22.875,85.0,2025-10-05 06:19:37
138.9,0.2,39.8,141.7,0.1,31.2,69.8,60,214.2,0.5,0.0,1259.2,26.4,0.0,0.0,0,0.0,22.937,85.0,2025-10-05 06:20:09
132.9,0.2,41.9,147.8,0.1,32.5,73.1,59.99,214.2,0.5,0.0,1259.2,26.4,0.0,0.0,0,38.845008416418494,22.937,85.0,2025-10-05 06:20:40
130,0.2,43.6,138.9,0.1,33.0,75.0,60.02,214.2,0.5,0.0,1259.2,26.5,0.0,0.0,0,38.845008416418494,22.937,85.0,2025-10-05 06:21:11
150.6,0.2,47.6,147.6,0.1,35.5,81.5,60,214.4,0.6,0.0,1259.2,26.5,0.0,0.0,0,38.845008416418494,22.937,85.0,2025-10-05 06:21:42
138.9,0.2,47.4,142,0.2,36.6,82.5,60.03,214.5,0.5,0.0,1259.2,26.5,0.0,0.0,0,38.845008416418494,23.0,85.0,2025-10-05 06:22:14
150.1,0.2,51.7,145.1,0.2,38.6,88.6,60.03,214.4,0.5,0.0,1259.2,26.6,0.0,0.0,0,38.845008416418494,23.0,85.0,2025-10-05 06:22:45
144.7,0.2,54.0,147.5,0.2,39.6,92.3,60.01,214.4,0.5,0.0,1259.2,26.6,0.0,0.0,0,38.845008416418494,23.062,85.0,2025-10-05 06:23:16
144.6,0.3,54.7,144.5,0.2,40.4,93.4,60.01,214.2,0.5,0.0,1259.2,26.6,0.0,0.0,0,38.845008416418494,23.062,85.0,2025-10-05 06:23:47
144.9,0.3,56.6,149.6,0.2,42.2,97.3,60,214,0.5,0.0,1259.2,26.6,0.0,0.0,0,38.845008416418494,23.062,85.0,2025-10-05 06:24:18
146.4,0.3,59.0,146.6,0.2,43.7,101.0,60.04,214.1,0.5,0.0,1259.2,26.6,0.0,0.0,0,38.845008416418494,23.062,85.0,2025-10-05 06:24:50
148.1,0.3,60.9,144.3,0.2,43.7,102.7,60.04,214.1,0.7,0.0,1259.2,26.6,0.0,0.0,0,38.845008416418494,23.062,85.0,2025-10-05 06:25:21
143.8,0.3,61.1,143.8,0.2,46.3,105.5,59.99,213.9,0.5,0.0,1259.2,26.6,0.0,0.0,0,38.845008416418494,23.062,85.0,2025-10-05 06:25:52
144.2,0.3,61.4,146.2,0.2,46.6,106.0,59.99,214,0.6,0.0,1259.2,26.6,0.0,0.0,0,38.845008416418494,23.125,85.0,2025-10-05 06:26:23
149.3,0.3,63.7,149.2,0.2,47.8,109.4,60.03,213.6,0.6,0.0,1259.2,26.6,0.0,0.0,0,38.845008416418494,23.062,85.0,2025-10-05 06:26:54
146.2,0.3,64.5,149.2,0.2,49.1,111.6,59.99,214.2,0.6,0.0,1259.2,26.6,0.0,0.0,0,38.845008416418494,23.125,85.0,2025-10-05 06:27:26
146.2,0.3,65.6,149.3,0.2,49.9,113.3,60.03,214.3,0.6,0.0,1259.2,26.6,0.0,0.0,0,38.845008416418494,23.125,85.0,2025-10-05 06:27:57
150.1,0.3,67.4,148,0.2,50.5,115.7,60.03,214.2,0.6,0.0,1259.2,26.6,0.0,0.0,0,38.845008416418494,23.187,85.0,2025-10-05 06:28:28
146.4,0.4,68.5,147.8,0.2,52.0,118.2,60.02,214.3,0.6,0.0,1259.2,26.6,0.0,0.0,0,38.845008416418494,23.187,85.0,2025-10-05 06:28:59
147.2,0.4,70.0,144.8,0.3,52.2,119.9,60.01,214.2,0.6,0.0,1259.2,26.7,0.0,0.0,0,38.845008416418494,23.25,85.0,2025-10-05 06:29:31
149.1,0.4,71.6,150.7,0.3,54.0,123.3,60.03,214.2,0.7,0.0,1259.2,26.7,0.0,0.0,0,38.845008416418494,23.25,85.0,2025-10-05 06:30:02
143.2,0.4,71.9,150.7,0.3,55.4,124.3,60.01,214.2,0.6,0.0,1259.2,26.7,0.0,0.0,0,38.845008416418494,23.312,85.0,2025-10-05 06:30:33
143.4,0.4,72.1,147.8,0.3,56.6,126.3,60.02,214.1,0.7,0.0,1259.2,26.8,0.0,0.0,0,38.845008416418494,23.312,85.0,2025-10-05 06:31:04
149.2,0.4,74.7,146.3,0.3,56.6,128.9,60.04,214.2,0.6,0.0,1259.2,26.8,0.0,0.0,0,38.845008416418494,23.375,85.0,2025-10-05 06:31:35
152.2,0.4,74.5,151.8,0.3,58.3,130.5,60.04,213.8,0.7,0.0,1259.2,26.9,0.0,0.0,0,38.845008416418494,23.375,85.0,2025-10-05 06:32:07
152.6,0.4,76.3,149.5,0.3,58.3,132.3,60.01,213.9,0.7,0.0,1259.2,26.9,0.0,0.0,0,38.845008416418494,23.375,85.0,2025-10-05 06:32:38
152.3,0.4,75.8,149.4,0.3,59.4,132.6,59.98,213.8,0.7,0.0,1259.2,26.9,0.0,0.0,0,38.845008416418494,23.375,85.0,2025-10-05 06:33:09
152.6,0.4,77.2,149.2,0.3,59.7,133.3,59.96,213.9,0.6,0.0,1259.2,26.9,0.0,0.0,0,38.845008416418494,23.437,85.0,2025-10-05 06:33:40
148.3,0.4,78.5,152.2,0.3,59.8,135.8,59.97,213.8,0.7,0.0,1259.2,26.9,0.0,0.0,0,38.845008416418494,23.437,85.0,2025-10-05 06:34:11
150.8,0.4,80.1,151.4,0.3,60.8,138.3,59.98,213.6,0.6,0.0,1259.2,26.8,0.0,0.0,0,38.845008416418494,23.437,85.0,2025-10-05 06:34:43
149.2,0.4,81.6,150.7,0.3,60.7,139.6,59.99,213.6,0.7,0.0,1259.2,26.9,0.0,0.0,0,38.845008416418494,23.5,85.0,2025-10-05 06:35:14
151.9,0.4,81.3,146.3,0.3,61.8,140.6,59.99,213.8,0.7,0.0,1259.2,26.9,0.0,0.0,0,38.845008416418494,23.5,85.0,2025-10-05 06:35:45
147.6,0.5,82.6,147.8,0.3,62.2,142.2,60,213.8,0.7,0.0,1259.2,27,0.0,0.0,0,38.845008416418494,23.562,85.0,2025-10-05 06:36:16
149.3,0.5,83.5,144.7,0.3,62.8,143.6,59.99,213.6,0.7,0.0,1259.2,27,0.0,0.0,0,38.845008416418494,23.562,85.0,2025-10-05 06:36:48
152.1,0.4,83.7,147.9,0.3,65.0,146.0,59.99,213.6,0.6,0.0,1259.2,27.1,0.0,0.0,0,38.845008416418494,23.625,85.0,2025-10-05 06:37:19
162.5,0.4,86.3,150.6,0.3,66.4,150.0,60,213.9,0.7,0.0,1259.2,27.1,0.0,0.0,0,38.845008416418494,23.625,85.0,2025-10-05 06:37:50
164,0.4,85.9,150.8,0.3,67.4,150.2,59.99,214.1,0.7,0.0,1259.2,27.2,0.0,0.0,0,38.845008416418494,23.625,85.0,2025-10-05 06:38:21
163.8,0.4,87.9,150.7,0.3,68.0,152.4,59.99,214.1,0.8,0.0,1259.2,27.2,0.0,0.0,0,38.845008416418494,23.687,85.0,2025-10-05 06:38:52
161.2,0.4,87.5,148,0.4,67.8,152.4,60,214.1,0.6,0.0,1259.2,27.2,0.0,0.0,0,38.845008416418494,23.687,85.0,2025-10-05 06:39:24
167,0.4,85.5,149.3,0.4,69.3,151.7,60.03,214.1,0.7,0.0,1259.2,27.2,0.0,0.0,0,77.69001683283699,23.687,85.0,2025-10-05 06:39:55
163.9,0.4,89.2,149.3,0.4,69.2,155.4,59.99,214,0.7,0.0,1259.2,27.3,0.0,0.0,0,38.845008416418494,23.75,85.0,2025-10-05 06:40:26
161.5,0.4,90.3,152.2,0.4,69.8,157.2,59.99,213.9,0.7,0.0,1259.2,27.3,0.0,0.0,0,77.69001683283699,23.75,85.0,2025-10-05 06:40:57
167.1,0.5,86.3,149.4,0.4,70.9,153.8,60.03,214.1,0.7,0.0,1259.2,27.4,0.0,0.0,0,77.69001683283699,23.812,85.0,2025-10-05 06:41:29
163.5,0.5,91.7,149.3,0.4,70.4,159.1,60,214.1,0.7,0.0,1259.2,27.4,0.0,0.0,0,77.69001683283699,23.812,85.0,2025-10-05 06:42:00
162.4,0.5,94.0,152.4,0.4,70.4,161.3,60.02,214.1,0.7,0.0,1259.2,27.4,0.0,0.0,0,77.69001683283699,23.812,85.0,2025-10-05 06:42:31
166.5,0.4,94.6,152.9,0.4,69.9,160.8,59.99,214.1,0.7,0.0,1259.2,27.5,0.0,0.0,0,77.69001683283699,23.875,85.0,2025-10-05 06:43:02
162.4,0.5,95.1,152.3,0.4,71.0,163.1,60.02,214.2,0.7,0.0,1259.2,27.5,0.0,0.0,0,77.69001683283699,23.875,85.0,2025-10-05 06:43:33
164,0.5,97.6,154.4,0.4,69.8,164.6,60,214.1,0.7,0.0,1259.2,27.5,0.0,0.0,0,77.69001683283699,23.937,85.0,2025-10-05 06:44:05
164.7,0.4,98.6,150.6,0.4,72.1,167.0,59.99,214.2,0.7,0.0,1259.2,27.6,0.0,0.0,0,77.69001683283699,23.875,85.0,2025-10-05 06:44:36
161.1,0.5,97.3,150.8,0.4,73.1,167.1,60.03,213.9,0.8,0.0,1259.2,27.5,0.0,0.0,0,77.69001683283699,23.937,85.0,2025-10-05 06:45:07
164,0.5,98.7,150.7,0.4,73.5,169.0,60.03,213.9,0.7,0.0,1259.2,27.5,0.0,0.0,0,77.69001683283699,23.937,85.0,2025-10-05 06:45:38
164,0.5,99.6,149.2,0.4,73.2,169.6,60.02,213.9,0.7,0.0,1259.2,27.5,0.0,0.0,0,77.69001683283699,23.937,85.0,2025-10-05 06:46:09
161,0.5,97.7,150.7,0.4,74.3,168.7,60.01,213.9,0.8,0.0,1259.2,27.6,0.0,0.0,0,77.69001683283699,23.937,85.0,2025-10-05 06:46:41
164.1,0.5,98.0,150.8,0.4,75.2,169.8,59.97,213.9,0.8,0.0,1259.2,27.6,0.0,0.0,0,77.69001683283699,24.0,85.0,2025-10-05 06:47:12
164,0.5,98.2,148,0.4,74.6,169.5,59.96,213.8,0.8,0.0,1259.2,27.6,0.0,0.0,0,77.69001683283699,24.062,85.0,2025-10-05 06:47:43
161,0.5,96.2,150.6,0.4,75.8,168.5,60.02,214,0.8,0.0,1259.2,27.6,0.0,0.0,0,77.69001683283699,24.062,85.0,2025-10-05 06:48:14
163.3,0.5,94.3,150.8,0.4,75.9,166.6,60,213.8,0.8,0.0,1259.2,27.7,0.0,0.0,0,77.69001683283699,24.125,85.0,2025-10-05 06:48:46
164,0.5,97.4,147.7,0.4,75.8,170.2,60.01,213.9,0.7,0.0,1259.2,27.7,0.0,0.0,0,77.69001683283699,24.062,85.0,2025-10-05 06:49:17
161,0.5,96.9,147.8,0.4,76.2,169.4,60.02,213.8,0.9,0.0,1259.2,27.7,0.0,0.0,0,77.69001683283699,24.062,85.0,2025-10-05 06:49:48
165.1,0.5,90.8,152.8,0.4,78.0,165.3,59.99,213.7,0.8,0.0,1259.2,27.7,0.0,0.0,0,77.69001683283699,24.125,85.0,2025-10-05 06:50:19
164,0.5,98.2,151,0.4,77.0,171.8,59.99,214,0.8,0.0,1259.2,27.7,0.0,0.0,0,77.69001683283699,24.187,85.0,2025-10-05 06:50:50
162,0.5,99.1,150.2,0.4,77.5,173.1,60,214,0.8,0.0,1259.2,27.7,0.0,0.0,0,77.69001683283699,24.25,85.0,2025-10-05 06:51:22
166.9,0.5,98.3,153.6,0.4,78.4,167.1,60.01,214,0.8,0.0,1259.2,27.7,0.0,0.0,0,77.69001683283699,24.187,85.0,2025-10-05 06:51:53
162.8,0.5,101.7,150.8,0.4,78.9,177.1,59.95,214,0.9,0.0,1259.2,27.7,0.0,0.0,0,77.69001683283699,24.25,85.0,2025-10-05 06:52:24
163.2,0.5,104.5,147.9,0.4,78.5,179.5,59.97,213.9,0.9,0.0,1259.2,27.8,0.0,0.0,0,77.69001683283699,24.187,85.0,2025-10-05 06:52:55
164.9,0.5,105.6,147.7,0.4,79.6,182.0,59.97,214,0.8,0.0,1259.2,27.8,0.0,0.0,0,77.69001683283699,24.25,85.0,2025-10-05 06:53:26
161.6,0.6,105.5,151.2,0.4,81.2,183.2,60.01,214.1,0.9,0.1,1259.3,27.8,0.0,0.0,0,77.69001683283699,24.25,85.0,2025-10-05 06:53:58
163.9,0.6,107.9,153.7,0.4,81.8,186.6,60.03,214.2,0.9,0.1,1259.3,27.8,0.0,0.0,0,77.69001683283699,24.312,85.0,2025-10-05 06:54:29
164.1,0.5,109.9,150.8,0.5,83.5,189.8,59.98,214,0.8,0.1,1259.3,27.8,0.0,0.0,0,77.69001683283699,24.312,85.0,2025-10-05 06:55:00
161,0.6,108.9,147.8,0.5,83.9,189.1,59.99,214,0.9,0.1,1259.3,27.9,0.0,0.0,0,77.69001683283699,24.375,85.0,2025-10-05 06:55:31
164.2,0.6,111.1,150.8,0.5,86.6,194.6,59.96,214,0.8,0.1,1259.3,27.9,0.0,0.0,0,77.69001683283699,24.375,85.0,2025-10-05 06:56:03
164.1,0.6,113.4,150.6,0.5,87.6,197.0,60,214,0.8,0.1,1259.3,28,0.0,0.0,0,77.69001683283699,24.375,85.0,2025-10-05 06:56:34
160.8,0.6,112.6,150.8,0.5,89.1,197.9,60.02,214.1,0.9,0.1,1259.3,28,0.0,0.0,0,77.69001683283699,24.375,85.0,2025-10-05 06:57:05
163.7,0.6,114.1,147.7,0.5,89.5,199.5,59.99,214.1,0.9,0.1,1259.3,28,0.0,0.0,0,77.69001683283699,24.437,85.0,2025-10-05 06:57:36
164,0.6,117.1,153.6,0.5,91.6,204.6,60.03,214.2,0.9,0.1,1259.3,28,0.0,0.0,0,77.69001683283699,24.437,85.0,2025-10-05 06:58:07
160.8,0.6,116.4,146.3,0.5,91.3,204.0,59.96,214.1,1,0.1,1259.3,28,0.0,0.0,0,77.69001683283699,24.562,85.0,2025-10-05 06:58:39
164.7,0.6,116.3,152,0.5,95.3,207.4,59.99,214.1,1,0.1,1259.3,28.1,0.0,0.0,0,77.69001683283699,24.5,85.0,2025-10-05 06:59:10
164.3,0.6,119.8,150.7,0.5,95.9,212.1,60.01,214.1,1,0.1,1259.3,28.1,0.0,0.0,0,77.69001683283699,24.562,85.0,2025-10-05 06:59:41
161.5,0.7,121.8,147.9,0.6,95.8,212.8,59.98,214.1,1,0.1,1259.3,28.2,0.0,0.0,0,77.69001683283699,24.562,85.0,2025-10-05 07:00:12
166.2,0.7,119.2,148.9,0.6,97.6,212.5,60.04,214.1,1,0.1,1259.3,28.2,0.0,0.0,0,77.69001683283699,24.687,85.0,2025-10-05 07:00:43
163.4,0.7,123.2,153,0.6,99.9,220.3,59.98,214.1,0.9,0.1,1259.3,28.2,0.0,0.0,0,77.69001683283699,24.625,85.0,2025-10-05 07:01:15
163.1,0.7,126.6,153.7,0.6,101.1,223.0,59.98,214.2,1,0.1,1259.3,28.3,0.0,0.0,0,77.69001683283699,24.75,85.0,2025-10-05 07:01:46
163.1,0.7,128.0,152.1,0.6,102.5,226.0,60.01,213.9,1,0.1,1259.3,28.3,0.0,0.0,0,116.53502524925548,24.75,85.0,2025-10-05 07:02:17
167,0.7,126.5,150.7,0.6,103.6,225.7,60,213.2,1,0.1,1259.3,28.3,0.0,0.0,0,116.53502524925548,24.687,85.0,2025-10-05 07:02:48
163.9,0.7,130.9,147.8,0.6,102.3,228.8,60.01,213,1,0.1,1259.3,28.4,0.0,0.0,0,116.53502524925548,24.75,85.0,2025-10-05 07:03:20
161.7,0.7,130.9,153.7,0.6,105.3,231.4,60,213.1,1,0.1,1259.3,28.4,0.0,0.0,0,116.53502524925548,24.812,85.0,2025-10-05 07:03:51
167,0.7,132.1,150.7,0.6,106.9,234.3,60.01,213.4,1.1,0.1,1259.3,28.4,0.0,0.0,0,116.53502524925548,24.812,85.0,2025-10-05 07:04:22
164,0.7,136.0,147.8,0.6,105.6,236.5,59.97,213.8,1.1,0.1,1259.3,28.4,0.0,0.0,0,116.53502524925548,24.875,85.0,2025-10-05 07:04:53
161,0.8,135.9,150.8,0.6,107.6,238.9,60,213,1,0.1,1259.3,28.4,0.0,0.0,0,116.53502524925548,24.875,85.0,2025-10-05 07:05:24
167,0.8,137.2,147.8,0.7,107.9,240.7,60.01,213.1,1.1,0.1,1259.3,28.5,0.0,0.0,0,116.53502524925548,24.875,85.0,2025-10-05 07:05:56
164,0.8,141.0,147.8,0.7,107.7,244.6,59.99,213.7,1.1,0.1,1259.3,28.5,0.0,0.0,0,116.53502524925548,24.937,85.0,2025-10-05 07:06:27
161,0.8,140.6,152.1,0.7,111.4,247.1,59.98,213.7,1.1,0.1,1259.3,28.5,0.0,0.0,0,116.53502524925548,24.937,85.0,2025-10-05 07:06:58
167,0.8,144.3,151,0.7,111.5,250.9,60.03,213.8,1.1,0.1,1259.3,28.6,0.0,0.0,0,116.53502524925548,24.937,85.0,2025-10-05 07:07:29
167.1,0.8,145.4,155,0.7,113.3,253.9,60,213.8,1.2,0.1,1259.3,28.6,0.0,0.0,0,116.53502524925548,25.0,85.0,2025-10-05 07:08:00
165,0.8,148.2,152.2,0.7,115.6,258.7,59.97,213.7,1.2,0.1,1259.3,28.6,0.0,0.0,0,116.53502524925548,25.062,85.0,2025-10-05 07:08:32
165.9,0.8,143.0,149.2,0.7,115.2,252.7,59.99,214.1,1.2,0.1,1259.3,28.7,0.0,0.0,0,116.53502524925548,25.062,85.0,2025-10-05 07:09:03
165.6,0.8,152.4,153.6,0.7,117.6,264.6,59.98,214.1,1.2,0.1,1259.3,28.7,0.0,0.0,0,116.53502524925548,25.062,85.0,2025-10-05 07:09:34
163,0.9,153.8,152.8,0.7,118.9,265.6,59.99,214.1,1.2,0.1,1259.3,28.8,0.0,0.0,0,116.53502524925548,25.062,85.0,2025-10-05 07:10:05
167.8,0.9,145.8,149.3,0.7,118.4,258.7,60.03,214.1,1.2,0.1,1259.3,28.8,0.0,0.0,0,116.53502524925548,25.125,85.0,2025-10-05 07:10:37
165.6,0.9,157.8,149.4,0.7,118.9,271.6,60,214.2,1.2,0.1,1259.3,28.9,0.0,0.0,0,116.53502524925548,25.187,85.0,2025-10-05 07:11:08
164.6,0.9,159.4,151.3,0.7,122.0,276.1,60.03,213.9,1.2,0.1,1259.3,28.9,0.0,0.0,0,116.53502524925548,25.25,85.0,2025-10-05 07:11:39
168.6,0.9,157.5,149.1,0.7,121.5,273.7,60.03,214,1.3,0.1,1259.3,28.9,0.0,0.0,0,116.53502524925548,25.25,85.0,2025-10-05 07:12:10
163.3,0.9,163.9,152.2,0.7,124.0,283.3,60.01,214.1,1.3,0.1,1259.3,28.9,0.1,0.0,0,116.53502524925548,25.25,85.0,2025-10-05 07:12:41
165.4,0.9,167.4,152.2,0.8,125.5,287.3,60,214.1,1.3,0.1,1259.3,28.9,0.1,0.0,0,116.53502524925548,25.312,85.0,2025-10-05 07:13:13
168.6,0.9,168.0,152.2,0.8,127.3,289.8,60.03,214.1,1.3,0.1,1259.3,28.9,0.1,0.0,0,116.53502524925548,25.375,85.0,2025-10-05 07:13:44
162.5,1,171.1,155.1,0.7,128.4,294.0,60.02,214.1,1.3,0.1,1259.3,29,0.1,0.0,0,116.53502524925548,25.437,85.0,2025-10-05 07:14:15
165.5,1,176.1,152.3,0.8,130.3,300.5,59.99,214.1,1.3,0.1,1259.3,29.1,0.1,0.0,0,116.53502524925548,25.437,85.0,2025-10-05 07:14:46
168.5,1,178.4,155.2,0.8,133.0,305.7,60,214.2,1.4,0.1,1259.3,29.2,0.1,0.0,0,155.38003366567398,25.375,85.0,2025-10-05 07:15:17
170.9,0.8,168.3,155.1,0.8,136.9,300.4,60.03,214.1,1.4,0.1,1259.3,29.2,0.1,0.0,0,155.38003366567398,25.375,85.0,2025-10-05 07:15:49
170,1,159.9,152.3,0.8,137.7,291.0,60.02,213.5,1.4,0.1,1259.3,29.2,0.1,0.0,0,155.38003366567398,25.312,85.0,2025-10-05 07:16:20
168.7,1.1,187.2,154.6,0.8,137.6,320.9,60.02,213.8,1.4,0.1,1259.3,29.3,0.1,0.0,0,155.38003366567398,25.312,85.0,2025-10-05 07:16:51
166.2,1.1,190.7,155.1,0.9,141.5,325.9,59.99,213.3,1.5,0.1,1259.3,29.4,0.1,0.0,0,155.38003366567398,25.375,85.0,2025-10-05 07:17:22
171,1.1,164.7,153.6,0.9,145.3,306.0,60.05,213.2,1.5,0.1,1259.3,29.4,0.1,0.0,0,155.38003366567398,25.437,85.0,2025-10-05 07:17:54
167.8,1.1,194.3,155.4,0.9,142.2,329.9,60.04,213.9,1.5,0.2,1259.4,29.5,0.1,0.0,0,155.38003366567398,25.562,85.0,2025-10-05 07:18:25
167.4,1.1,198.5,155.1,0.9,146.0,337.7,60.03,213.7,1.5,0.2,1259.4,29.5,0.1,0.0,0,155.38003366567398,25.562,85.0,2025-10-05 07:18:56
170,0.9,199.2,155.1,0.9,147.6,340.7,59.99,213.6,1.5,0.2,1259.4,29.5,0.1,0.0,0,155.38003366567398,25.625,85.0,2025-10-05 07:19:27
166.2,1.1,199.4,155.7,0.9,149.4,341.7,60.01,213.8,1.5,0.2,1259.4,29.5,0.1,0.0,0,155.38003366567398,25.562,85.0,2025-10-05 07:19:58
168.5,1.2,203.4,152.2,0.9,147.7,344.0,60,214,1.5,0.2,1259.4,29.5,0.1,0.0,0,155.38003366567398,25.625,85.0,2025-10-05 07:20:29
168.7,1,204.9,155.1,0.9,151.0,348.9,59.99,213.7,1.5,0.2,1259.4,29.5,0.1,0.0,0,155.38003366567398,25.687,85.0,2025-10-05 07:21:01
165.5,1.2,204.3,158.1,0.9,148.7,346.7,60.01,213.4,1.6,0.2,1259.4,29.5,0.1,0.0,0,155.38003366567398,25.75,85.0,2025-10-05 07:21:32
168.6,1.2,207.5,152.6,0.9,152.8,354.0,60,213.8,1.6,0.2,1259.4,29.5,0.1,0.0,0,155.38003366567398,25.812,85.0,2025-10-05 07:22:03
168.5,1.1,210.7,155.2,0.9,154.3,357.8,59.97,213.8,1.5,0.2,1259.4,29.5,0.1,0.0,0,155.38003366567398,25.812,85.0,2025-10-05 07:22:34
168.4,1.2,212.5,158.1,0.9,153.3,357.9,60.01,213.9,1.6,0.2,1259.4,29.6,0.1,0.0,0,155.38003366567398,25.875,85.0,2025-10-05 07:23:06
165.3,1.2,211.7,152.3,1,153.6,357.8,59.99,213.6,1.6,0.2,1259.4,29.6,0.1,0.1,0,155.38003366567398,25.875,85.0,2025-10-05 07:23:37
165.3,1.2,213.5,155.1,1,157.3,363.7,60.03,213.9,1.6,0.2,1259.4,29.5,0.1,0.1,0,155.38003366567398,25.937,85.0,2025-10-05 07:24:08
167.7,1.2,209.8,155.2,0.9,158.4,360.4,60.01,214.1,1.7,0.2,1259.4,29.5,0.1,0.1,0,155.38003366567398,25.937,85.0,2025-10-05 07:24:39
168.5,1.2,217.9,152.2,1,156.5,367.3,60.03,214.1,1.5,0.2,1259.4,29.5,0.1,0.1,0,155.38003366567398,26.0,85.0,2025-10-05 07:25:11
165.6,1.3,216.9,153.2,1,158.7,367.1,60.01,213.9,1.7,0.2,1259.4,29.6,0.1,0.1,0,155.38003366567398,26.062,85.0,2025-10-05 07:25:42
169.4,1.2,197.4,157.9,1,156.7,366.8,60.02,213.2,1.7,0.2,1259.4,29.6,0.1,0.1,0,155.38003366567398,26.062,85.0,2025-10-05 07:26:13
168.5,1.3,218.2,153.9,1,158.8,369.6,60.02,213,1.7,0.2,1259.4,29.6,0.1,0.1,0,155.38003366567398,26.125,85.0,2025-10-05 07:26:44
165.5,1.3,216.5,153.9,1,161.3,370.3,60.03,213.2,1.7,0.2,1259.4,29.6,0.1,0.1,0,155.38003366567398,26.125,85.0,2025-10-05 07:27:16
170.5,1.3,187.8,156.6,0.9,163.0,342.9,60.01,213.6,1.7,0.2,1259.4,29.6,0.1,0.1,0,155.38003366567398,26.187,85.0,2025-10-05 07:27:47
168.5,1.3,216.4,152.9,1,159.7,368.4,59.99,213.1,1.7,0.2,1259.4,29.6,0.1,0.1,0,155.38003366567398,26.187,85.0,2025-10-05 07:28:18
166.7,1.3,218.0,155.2,1,162.4,373.1,60.01,213.2,1.7,0.2,1259.4,29.6,0.1,0.1,0,155.38003366567398,26.25,85.0,2025-10-05 07:28:49
168.5,1,218.0,155.4,1,163.0,373.6,60.02,213.4,1.5,0.2,1259.4,29.6,0.1,0.1,0,155.38003366567398,26.125,85.0,2025-10-05 07:29:20
166.4,1.2,217.3,154,1,163.7,371.1,59.96,213.6,1.7,0.2,1259.4,29.6,0.1,0.1,0,155.38003366567398,26.187,85.0,2025-10-05 07:29:51
165.5,1.3,217.8,155.2,1,164.3,374.6,60.01,213.9,1.7,0.2,1259.4,29.6,0.1,0.1,0,155.38003366567398,26.187,85.0,2025-10-05 07:30:23
166.3,1.2,217.5,152,1,163.3,373.6,59.98,214,1.7,0.2,1259.4,29.6,0.1,0.1,0,155.38003366567398,26.187,85.0,2025-10-05 07:30:54
165.4,1.3,218.4,155,1,164.9,374.8,60.03,214,1.7,0.2,1259.4,29.6,0.1,0.1,0,155.38003366567398,26.25,85.0,2025-10-05 07:31:25
165.6,1.3,219.9,152.2,1,165.4,377.8,59.98,214.1,1.7,0.2,1259.4,29.6,0.1,0.1,0,155.38003366567398,26.187,85.0,2025-10-05 07:31:56
162.6,1.3,220.0,158.1,1,166.3,378.8,59.98,214,1.7,0.2,1259.4,29.6,0.1,0.1,0,155.38003366567398,26.312,85.0,2025-10-05 07:32:28
168.5,1.3,222.0,155.1,1.1,170.0,384.3,60.04,214.1,1.7,0.2,1259.4,29.7,0.1,0.1,0,155.38003366567398,26.375,85.0,2025-10-05 07:32:59
165.6,1.3,224.7,155.1,1.1,171.1,388.2,60.01,214,1.8,0.2,1259.4,29.7,0.1,0.1,0,155.38003366567398,26.375,85.0,2025-10-05 07:33:30
165.5,1.3,226.8,158.1,1.1,172.7,391.8,60.03,213.9,1.8,0.2,1259.4,29.7,0.1,0.1,0,155.38003366567398,26.437,85.0,2025-10-05 07:34:01
168.5,1.3,228.4,155.1,1.1,175.6,396.1,59.99,214,1.8,0.2,1259.4,29.7,0.1,0.1,0,155.38003366567398,26.5,85.0,2025-10-05 07:34:33
165.5,1.4,229.7,152.2,1.1,174.8,398.6,60.01,214.1,1.8,0.3,1259.5,29.7,0.1,0.1,0,155.38003366567398,26.562,85.0,2025-10-05 07:35:04
165.4,1.4,232.8,154.3,1.1,177.2,404.9,60.02,214.1,1.8,0.3,1259.5,29.8,0.1,0.1,0,194.22504208209244,26.625,85.0,2025-10-05 07:35:35
168.5,1.4,234.6,156.6,1.1,181.8,408.2,60.01,214,1.8,0.3,1259.5,29.8,0.1,0.1,0,194.22504208209244,26.625,85.0,2025-10-05 07:36:06
167.4,1.4,237.4,156.7,1.1,185.3,414.4,60.03,213.9,1.8,0.3,1259.5,29.8,0.1,0.1,0,194.22504208209244,26.625,85.0,2025-10-05 07:36:38
167.1,1.4,241.3,159,1.1,186.9,419.0,60.02,214.1,1.9,0.3,1259.5,29.8,0.1,0.1,0,194.22504208209244,26.625,85.0,2025-10-05 07:37:08
168.2,1.4,236.9,158,1.2,189.6,416.9,59.99,213.7,1.9,0.3,1259.5,29.8,0.1,0.1,0,194.22504208209244,26.75,85.0,2025-10-05 07:37:40
168.5,1.5,248.7,158.2,1.2,192.4,432.2,59.98,213.6,2,0.3,1259.5,29.8,0.1,0.1,0,194.22504208209244,26.687,85.0,2025-10-05 07:38:11
165.6,1.5,250.4,155.1,1.2,194.6,435.3,60,214,2,0.3,1259.5,29.9,0.1,0.1,0,194.22504208209244,26.75,85.0,2025-10-05 07:38:42
171.2,1.5,227.6,156.8,1.2,199.8,419.0,59.96,213.7,2.1,0.3,1259.5,29.9,0.1,0.1,0,194.22504208209244,26.625,85.0,2025-10-05 07:39:13
168.4,1.5,259.4,153.7,1.2,198.5,447.8,59.99,214,2,0.3,1259.5,30,0.1,0.1,0,194.22504208209244,26.562,85.0,2025-10-05 07:39:45
165.9,1.5,260.1,156.2,1.3,201.1,451.9,60.01,213.4,2.1,0.3,1259.5,30,0.1,0.1,0,194.22504208209244,26.562,85.0,2025-10-05 07:40:16
168.5,1.6,266.0,156.6,1.3,205.8,462.8,60.03,213.5,2.1,0.3,1259.5,30,0.1,0.1,0,194.22504208209244,26.625,85.0,2025-10-05 07:40:47
168.5,1.6,271.7,156.9,1.3,207.4,467.6,60.03,214,2.2,0.3,1259.5,30,0.2,0.1,0,194.22504208209244,26.625,85.0,2025-10-05 07:41:18
168.4,1.4,273.7,157.4,1.3,209.3,473.3,60.01,214.5,2,0.3,1259.5,30,0.2,0.1,0,194.22504208209244,26.75,85.0,2025-10-05 07:41:50
171,1.4,273.3,156.9,1.3,211.5,473.5,60.03,214.5,2.1,0.3,1259.5,30,0.2,0.1,0,194.22504208209244,26.687,85.0,2025-10-05 07:42:21
170,1.5,288.7,159,1.3,217.2,492.9,60.03,214.6,2.1,0.3,1259.5,30,0.2,0.1,0,194.22504208209244,26.75,85.0,2025-10-05 07:42:52
168.6,1.8,305.5,156.6,1.4,226.5,514.7,60.01,214.6,2.4,0.3,1259.5,30,0.2,0.1,0,233.07005049851097,26.812,85.0,2025-10-05 07:43:23
169.8,1.6,309.4,158.8,1.4,229.9,520.7,60.02,214.6,2.3,0.3,1259.5,30,0.2,0.1,0,233.07005049851097,26.812,85.0,2025-10-05 07:43:55
170.4,1.7,311.7,159.6,1.5,237.5,532.0,59.98,214.5,2.5,0.3,1259.5,30.1,0.2,0.1,0,233.07005049851097,26.812,85.0,2025-10-05 07:44:25
170.3,1.9,300.4,157.6,1.5,243.4,524.9,60.01,214.4,2.5,0.3,1259.5,30.1,0.2,0.1,0,233.07005049851097,26.875,85.0,2025-10-05 07:44:57
169,1.8,283.5,157.1,1.4,234.0,528.2,60.02,213.8,2.5,0.3,1259.5,30.2,0.2,0.1,0,233.07005049851097,27.0,85.0,2025-10-05 07:45:28
168.5,1.8,308.0,159.6,1.4,232.4,522.7,60.02,213.8,2.3,0.3,1259.5,30.3,0.2,0.1,0,233.07005049851097,27.0,85.0,2025-10-05 07:46:00
168.7,1.8,303.8,160,1.3,233.6,524.3,60.02,214.4,2.4,0.3,1259.5,30.3,0.2,0.1,0,233.07005049851097,27.0,85.0,2025-10-05 07:46:30
169.9,2,334.5,159.4,1.5,252.6,567.1,60.05,214.2,2.6,0.3,1259.5,30.4,0.2,0.1,0,233.07005049851097,27.062,85.0,2025-10-05 07:47:02
167.5,2,357.8,165.2,1.6,242.8,579.3,60.05,214.5,2.7,0.4,1259.6,30.4,0.2,0.1,0,233.07005049851097,27.062,85.0,2025-10-05 07:47:33
169.9,2,344.3,159.8,1.6,257.8,579.4,60.05,214.4,2.7,0.4,1259.6,30.5,0.2,0.1,0,233.07005049851097,27.125,85.0,2025-10-05 07:48:04
166.5,1.9,326.7,159.6,1.5,245.9,552.9,60.02,214.4,2.5,0.4,1259.6,30.5,0.2,0.1,0,233.07005049851097,27.187,85.0,2025-10-05 07:48:35
167.1,1.7,299.6,153.8,1.4,224.0,506.7,60.05,214.4,2.3,0.4,1259.6,30.6,0.2,0.1,0,233.07005049851097,27.25,85.0,2025-10-05 07:49:07
168.3,1.8,307.8,158,1.5,235.6,525.5,60.04,213.9,2.4,0.4,1259.6,30.7,0.2,0.1,0,233.07005049851097,27.312,85.0,2025-10-05 07:49:38
165.4,1.6,273.7,158.1,1.4,215.6,476.3,60.07,214,2.2,0.4,1259.6,30.7,0.2,0.1,0,194.22504208209244,27.375,85.0,2025-10-05 07:50:09
165.5,1.6,262.9,155.1,1.3,209.1,459.4,60.06,213.9,2.1,0.4,1259.6,30.8,0.2,0.1,0,194.22504208209244,27.437,85.0,2025-10-05 07:50:40
165.4,1.5,256.1,152.8,1.3,204.7,449.2,60.06,214.1,2,0.4,1259.6,30.7,0.2,0.1,0,194.22504208209244,27.437,85.0,2025-10-05 07:51:12
162.4,1.5,252.0,152.1,1.3,201.8,442.7,60.04,214.1,2,0.4,1259.6,30.7,0.2,0.1,0,194.22504208209244,27.5,85.0,2025-10-05 07:51:42
164.7,1.5,249.4,152.9,1.3,201.2,440.0,60.04,214.1,2,0.4,1259.6,30.7,0.2,0.1,0,194.22504208209244,27.5,85.0,2025-10-05 07:52:14
165.5,1.5,249.2,158.2,1.2,198.5,437.4,60.01,214.2,2,0.4,1259.6,30.7,0.2,0.1,0,194.22504208209244,27.687,85.0,2025-10-05 07:52:45
165.6,1.5,250.3,154.2,1.3,199.0,438.3,59.98,214.2,2,0.4,1259.6,30.8,0.2,0.1,0,194.22504208209244,27.687,85.0,2025-10-05 07:53:17
165.5,1.5,250.8,155.1,1.3,199.6,439.4,59.98,214.3,1.9,0.4,1259.6,30.7,0.2,0.1,0,194.22504208209244,27.562,85.0,2025-10-05 07:53:47
167.1,1.4,249.9,156.6,1.2,198.2,438.3,59.98,214.3,1.9,0.4,1259.6,30.7,0.2,0.2,0,194.22504208209244,27.625,85.0,2025-10-05 07:54:19
167.9,1.4,246.8,152.1,1.2,195.5,432.8,59.97,214.4,2,0.4,1259.6,30.8,0.2,0.2,0,194.22504208209244,27.75,85.0,2025-10-05 07:54:50
167.3,1.5,235.6,156,1.2,194.9,428.3,59.99,214.2,2,0.4,1259.6,30.8,0.2,0.2,0,194.22504208209244,27.625,85.0,2025-10-05 07:55:21
166.3,1.5,239.6,152.3,1.2,193.0,430.1,60.04,214.5,1.9,0.4,1259.6,30.8,0.2,0.2,0,194.22504208209244,27.687,85.0,2025-10-05 07:55:52
165.5,1.5,247.1,155.6,1.2,191.8,429.3,60.02,213.8,1.9,0.4,1259.6,30.8,0.2,0.2,0,194.22504208209244,27.812,85.0,2025-10-05 07:56:24
164.9,1.5,246.3,155.1,1.2,190.7,427.6,60.02,213.8,1.9,0.4,1259.6,30.8,0.2,0.2,0,194.22504208209244,27.812,85.0,2025-10-05 07:56:55
162.6,1.5,241.0,150.8,1.2,187.9,419.1,59.99,213.7,2,0.4,1259.6,30.9,0.2,0.2,0,194.22504208209244,27.875,85.0,2025-10-05 07:57:26
162.6,1.4,238.4,150.9,1.2,187.5,415.5,60.01,214,1.9,0.4,1259.6,30.9,0.2,0.2,0,194.22504208209244,28.062,85.0,2025-10-05 07:57:57
165.5,1.4,239.5,150.7,1.2,186.0,416.6,59.97,214.1,1.9,0.4,1259.6,30.9,0.2,0.2,0,194.22504208209244,28.062,85.0,2025-10-05 07:58:29
165.5,1.4,238.1,156.5,1.2,183.4,413.7,60.01,214.1,1.9,0.4,1259.6,30.9,0.2,0.2,0,194.22504208209244,28.062,85.0,2025-10-05 07:58:59
165.5,1.3,236.2,153.7,1.1,186.5,414.4,59.99,214.1,1.8,0.4,1259.6,30.9,0.2,0.2,0,194.22504208209244,28.062,85.0,2025-10-05 07:59:31
165.6,1.2,233.2,150.9,1.2,183.4,402.5,60.03,214.2,1.8,0.4,1259.6,31,0.2,0.2,0,194.22504208209244,28.187,85.0,2025-10-05 08:00:02
168.3,1.4,223.3,153.8,1.2,185.9,386.9,59.98,214.1,1.8,0.4,1259.6,31,0.2,0.2,0,194.22504208209244,28.125,85.0,2025-10-05 08:00:34
168.6,1.3,207.9,156.4,1.1,184.2,383.5,60.01,214,1.8,0.5,1259.7,31,0.2,0.2,0,194.22504208209244,28.25,85.0,2025-10-05 08:01:04
165.8,1.3,224.9,150.7,1.2,182.2,399.1,59.98,213.9,1.8,0.5,1259.7,31,0.2,0.2,0,194.22504208209244,28.25,85.0,2025-10-05 08:01:36
165.4,1.3,224.4,154.1,1.2,181.2,398.7,59.96,214,1.8,0.5,1259.7,31.1,0.2,0.2,0,194.22504208209244,28.125,85.0,2025-10-05 08:02:07
164,1.3,222.5,153.7,1.2,184.2,398.8,59.97,214,1.8,0.5,1259.7,31,0.2,0.2,0,194.22504208209244,28.187,85.0,2025-10-05 08:02:38
163.3,1.3,219.4,151.2,1.2,183.3,395.2,60,214.1,1.8,0.5,1259.7,31,0.2,0.2,0,155.38003366567398,28.125,85.0,2025-10-05 08:03:09
164.4,1.3,219.2,155.7,1.1,180.8,392.2,59.98,214.3,1.8,0.5,1259.7,31.1,0.3,0.2,0,155.38003366567398,28.125,85.0,2025-10-05 08:03:41
163.4,1.3,216.3,152.7,1.1,181.5,390.1,59.97,214.2,1.8,0.5,1259.7,31.1,0.3,0.2,0,155.38003366567398,28.187,85.0,2025-10-05 08:04:12
165.6,1.3,213.9,153,1.2,182.9,389.0,60.03,214.3,1.8,0.5,1259.7,31.1,0.3,0.2,0,155.38003366567398,28.187,85.0,2025-10-05 08:04:43
167.7,1.2,191.4,155.4,1.1,179.2,381.6,59.99,214.1,1.8,0.5,1259.7,31,0.3,0.2,0,155.38003366567398,28.25,85.0,2025-10-05 08:05:14
165.7,1.1,215.4,151.4,1.1,181.7,380.4,60.02,214,1.7,0.5,1259.7,31.1,0.3,0.2,0,155.38003366567398,28.25,85.0,2025-10-05 08:05:46
165.5,1.3,215.7,153.7,1.2,182.6,390.6,60.03,214.1,1.7,0.5,1259.7,31.1,0.3,0.2,0,155.38003366567398,28.187,85.0,2025-10-05 08:06:17
165.5,1.3,216.2,153.7,1.1,182.8,391.3,59.99,214.1,1.8,0.5,1259.7,31.1,0.3,0.2,0,155.38003366567398,28.125,85.0,2025-10-05 08:06:48
165.5,1.3,216.1,151,1.2,180.1,388.4,60,214,1.8,0.5,1259.7,31.1,0.3,0.2,0,155.38003366567398,28.125,85.0,2025-10-05 08:07:19
162.5,1.3,216.6,153.7,1.1,180.3,389.3,59.98,214,1.8,0.5,1259.7,31.1,0.3,0.2,0,155.38003366567398,28.0,85.0,2025-10-05 08:07:51
165.5,1.3,218.7,153.7,1.1,182.8,393.7,60.02,214,1.7,0.5,1259.7,31.1,0.3,0.2,0,155.38003366567398,27.937,85.0,2025-10-05 08:08:21
166.2,1.3,205.0,153.7,1.2,183.6,380.2,59.98,213.8,1.8,0.5,1259.7,31.1,0.3,0.2,0,155.38003366567398,28.125,85.0,2025-10-05 08:08:53
165.5,1.3,219.6,153.7,1.1,183.3,395.0,59.99,213.8,1.8,0.5,1259.7,31.2,0.3,0.2,0,155.38003366567398,28.25,85.0,2025-10-05 08:09:24
165.7,1.3,219.2,153.9,1.2,181.8,392.9,60.03,213.8,1.8,0.5,1259.7,31.2,0.3,0.2,0,155.38003366567398,28.125,85.0,2025-10-05 08:09:55
162.6,1.3,218.9,153.7,1.2,184.4,395.6,60.01,213.9,1.8,0.5,1259.7,31.3,0.3,0.2,0,155.38003366567398,28.187,85.0,2025-10-05 08:10:26
165.6,1.3,220.2,156.6,1.2,182.8,397.7,60.01,214,1.8,0.5,1259.7,31.3,0.3,0.2,0,155.38003366567398,28.187,85.0,2025-10-05 08:10:58
165.5,1.3,224.1,150.6,1.2,181.9,398.1,60.05,214,1.8,0.5,1259.7,31.3,0.3,0.2,0,155.38003366567398,29.0,85.0,2025-10-05 08:11:29
165.5,1.3,226.5,153.7,1.2,186.1,404.6,60.04,214,1.8,0.5,1259.7,31.4,0.3,0.2,0,155.38003366567398,28.062,85.0,2025-10-05 08:12:00
166.9,1.2,228.2,155.3,1.1,187.2,405.1,60.01,214.4,1.8,0.5,1259.7,31.4,0.3,0.2,0,194.22504208209244,26.062,85.0,2025-10-05 08:12:31
165.5,1.4,229.8,153.7,1.2,187.7,409.2,60.02,214.4,1.9,0.5,1259.7,31.5,0.3,0.2,0,194.22504208209244,27.812,85.0,2025-10-05 08:13:03
165.4,1.4,231.9,153.8,1.2,188.5,412.1,60.03,214.4,1.8,0.5,1259.7,31.5,0.3,0.2,0,194.22504208209244,27.687,85.0,2025-10-05 08:13:34
165.8,1.3,233.5,153.9,1.2,188.9,413.4,59.98,214.4,1.8,0.5,1259.7,31.6,0.3,0.2,0,194.22504208209244,27.75,85.0,2025-10-05 08:14:05
166.7,1.3,235.1,151.8,1.2,186.1,412.4,60,214.2,1.8,0.5,1259.7,31.7,0.3,0.2,0,194.22504208209244,27.937,85.0,2025-10-05 08:14:36
168.5,1.4,225.4,156.5,1.2,187.5,405.1,60,214.1,1.9,0.5,1259.7,31.7,0.3,0.2,0,194.22504208209244,27.937,85.0,2025-10-05 08:15:07
167.7,1.4,236.3,153.7,1.2,188.3,415.9,59.99,213.9,1.9,0.5,1259.7,31.8,0.3,0.2,0,194.22504208209244,27.937,85.0,2025-10-05 08:15:38
165.6,1.4,239.8,153.7,1.2,186.9,419.0,60.01,214.2,1.9,0.6,1259.8,31.8,0.3,0.2,0,194.22504208209244,27.937,85.0,2025-10-05 08:16:10
165.5,1.4,241.2,153.8,1.2,187.8,418.9,60,214.1,1.9,0.6,1259.8,31.9,0.3,0.2,0,194.22504208209244,27.875,85.0,2025-10-05 08:16:41
165.3,1.4,239.9,153.8,1.2,186.7,418.4,59.97,214,1.9,0.6,1259.8,31.9,0.3,0.2,0,194.22504208209244,27.875,85.0,2025-10-05 08:17:12
162.5,1.4,239.4,153.9,1.2,186.1,416.7,60.03,214.1,2,0.6,1259.8,31.9,0.3,0.2,0,194.22504208209244,27.875,85.0,2025-10-05 08:17:43
162.7,1.5,243.0,153.8,1.2,186.7,419.8,60.06,213.9,1.9,0.6,1259.8,31.9,0.3,0.2,0,194.22504208209244,27.875,85.0,2025-10-05 08:18:15
162.3,1.5,241.3,156.7,1.1,183.8,416.4,60.02,213.9,1.9,0.6,1259.8,31.9,0.3,0.2,0,194.22504208209244,28.0,85.0,2025-10-05 08:18:46
165.5,1.5,243.0,153.7,1.2,183.3,417.0,59.98,214,1.9,0.6,1259.8,31.9,0.3,0.2,0,194.22504208209244,28.0,85.0,2025-10-05 08:19:17
165.8,1.5,243.9,156.6,1.2,184.9,421.9,60.04,213.9,2,0.6,1259.8,31.9,0.3,0.2,0,194.22504208209244,28.0,85.0,2025-10-05 08:19:48
165.5,1.5,244.5,150.7,1.2,184.1,419.6,59.98,214,1.9,0.6,1259.8,31.9,0.3,0.2,0,194.22504208209244,28.062,85.0,2025-10-05 08:20:20
165.5,1.3,244.3,155.1,1.2,185.8,421.5,59.96,214,1.9,0.6,1259.8,31.8,0.3,0.2,0,194.22504208209244,28.0,85.0,2025-10-05 08:20:51
167.6,1.3,240.8,153.2,1.2,185.1,409.3,59.99,213.9,1.9,0.6,1259.8,31.8,0.3,0.2,0,194.22504208209244,28.187,85.0,2025-10-05 08:21:22
167.6,1.4,229.9,155.6,1.2,186.3,407.9,59.98,213.7,1.9,0.6,1259.8,31.8,0.3,0.2,0,194.22504208209244,28.125,85.0,2025-10-05 08:21:53
166.8,1.4,240.6,156.5,1.2,184.3,416.5,59.98,213.6,1.9,0.6,1259.8,31.8,0.3,0.2,0,194.22504208209244,28.125,85.0,2025-10-05 08:22:24
165.5,1.4,241.2,153.7,1.2,187.3,420.1,59.99,213.9,1.9,0.6,1259.8,31.8,0.3,0.2,0,194.22504208209244,28.125,85.0,2025-10-05 08:22:55
165.4,1.4,241.5,150.7,1.2,184.9,417.8,59.99,213.9,1.9,0.6,1259.8,31.7,0.3,0.2,0,194.22504208209244,28.125,85.0,2025-10-05 08:23:27
165,1.4,242.3,156.5,1.2,187.0,421.0,60,214,1.9,0.6,1259.8,31.7,0.3,0.2,0,194.22504208209244,28.125,85.0,2025-10-05 08:23:58
162.5,1.4,239.9,150.9,1.2,185.9,416.3,60.03,214,1.9,0.6,1259.8,31.7,0.3,0.2,0,194.22504208209244,28.312,85.0,2025-10-05 08:24:29
162.6,1.5,240.6,156.5,1.2,188.2,423.4,59.97,214.1,1.9,0.6,1259.8,31.7,0.3,0.2,0,194.22504208209244,28.312,85.0,2025-10-05 08:25:00
165.4,1.5,245.6,150.6,1.2,188.3,423.7,60,214.1,1.9,0.6,1259.8,31.6,0.3,0.2,0,194.22504208209244,28.25,85.0,2025-10-05 08:25:32
165.5,1.5,247.5,156.8,1.2,190.6,428.4,59.99,214,2,0.6,1259.8,31.5,0.3,0.2,0,194.22504208209244,28.25,85.0,2025-10-05 08:26:03
165.6,1.4,248.2,153.4,1.2,191.7,428.3,60.01,213.9,1.9,0.6,1259.8,31.5,0.3,0.3,0,194.22504208209244,28.375,85.0,2025-10-05 08:26:34
168.1,1.4,242.9,153.7,1.2,191.8,426.1,60.01,213.9,1.9,0.6,1259.8,31.4,0.3,0.3,0,194.22504208209244,28.375,85.0,2025-10-05 08:27:05
166.7,1.5,238.2,153.5,1.2,192.2,421.5,60,214.1,2,0.6,1259.8,31.4,0.3,0.3,0,194.22504208209244,28.562,85.0,2025-10-05 08:27:37
166,1.5,241.5,153.5,1.2,190.7,422.4,59.98,213.9,1.9,0.6,1259.8,31.4,0.3,0.3,0,194.22504208209244,28.562,85.0,2025-10-05 08:28:08
165.4,1.5,250.1,153.7,1.2,192.3,432.6,60,214.1,1.9,0.6,1259.8,31.4,0.3,0.3,0,194.22504208209244,28.562,85.0,2025-10-05 08:28:39
165.5,1.5,251.2,150.7,1.2,189.5,430.3,60.02,213.5,2,0.6,1259.8,31.4,0.3,0.3,0,194.22504208209244,28.562,85.0,2025-10-05 08:29:10
163.6,1.5,251.3,154.8,1.2,192.9,434.5,59.99,213.2,2,0.6,1259.8,31.4,0.4,0.3,0,194.22504208209244,28.687,85.0,2025-10-05 08:29:42
162.9,1.5,250.6,155.3,1.2,194.0,433.3,60.01,213.5,2,0.7,1259.9,31.4,0.4,0.3,0,194.22504208209244,28.75,85.0,2025-10-05 08:30:13
164.1,1.5,249.0,158.6,1.2,185.4,427.2,59.99,213.8,2,0.7,1259.9,31.4,0.4,0.3,0,194.22504208209244,28.75,85.0,2025-10-05 08:30:44
165.5,1.5,253.2,156.6,1.2,193.4,437.1,60.03,213.9,2,0.7,1259.9,31.4,0.4,0.3,0,194.22504208209244,28.812,85.0,2025-10-05 08:31:15
165.4,1.5,253.9,155,1.2,194.9,438.2,60.03,214,2,0.7,1259.9,31.4,0.4,0.3,0,194.22504208209244,28.875,85.0,2025-10-05 08:31:46
165.6,1.4,254.0,150.9,1.2,193.4,436.7,60.02,213.3,1.9,0.7,1259.9,31.5,0.4,0.3,0,194.22504208209244,28.812,85.0,2025-10-05 08:32:17
168.4,1.4,240.9,156.7,1.2,197.8,430.8,59.98,213.5,2,0.7,1259.9,31.5,0.4,0.3,0,194.22504208209244,28.687,85.0,2025-10-05 08:32:49
168.5,1.5,236.5,156.6,1.3,198.7,427.1,60.01,213.5,2,0.7,1259.9,31.5,0.4,0.3,0,194.22504208209244,28.812,85.0,2025-10-05 08:33:20
165.6,1.5,249.2,153.4,1.3,198.9,438.3,60.03,213.7,2,0.7,1259.9,31.5,0.4,0.3,0,194.22504208209244,28.937,85.0,2025-10-05 08:33:51
165.6,1.5,252.8,153.8,1.3,200.8,443.2,60.02,214.4,2,0.7,1259.9,31.5,0.4,0.3,0,194.22504208209244,29.0,85.0,2025-10-05 08:34:22
165.5,1.5,253.7,156.6,1.2,202.6,446.3,60.03,214.4,2,0.7,1259.9,31.5,0.4,0.3,0,194.22504208209244,29.062,85.0,2025-10-05 08:34:54
165.6,1.5,254.4,159.3,1.2,201.9,443.0,60.02,214.4,2,0.7,1259.9,31.5,0.4,0.3,0,194.22504208209244,29.125,85.0,2025-10-05 08:35:25
162.4,1.5,252.2,150.7,1.3,203.1,443.1,60.01,214.4,2,0.7,1259.9,31.5,0.4,0.3,0,194.22504208209244,29.125,85.0,2025-10-05 08:35:56
164.9,1.5,253.5,156.7,1.3,208.4,451.7,60.01,214.5,2,0.7,1259.9,31.5,0.4,0.3,0,194.22504208209244,29.187,85.0,2025-10-05 08:36:27
165.5,1.5,259.0,158.2,1.3,203.6,454.1,59.99,214.3,2.1,0.7,1259.9,31.5,0.4,0.3,0,194.22504208209244,29.187,85.0,2025-10-05 08:36:59
164.8,1.5,258.4,155.8,1.3,213.9,461.2,59.96,214.3,2.1,0.7,1259.9,31.5,0.4,0.3,0,194.22504208209244,29.187,85.0,2025-10-05 08:37:30
165.4,1.6,264.3,153.6,1.4,217.4,469.0,60.03,214.4,2.2,0.7,1259.9,31.5,0.4,0.3,0,194.22504208209244,29.312,85.0,2025-10-05 08:38:01
165.5,1.6,267.1,157.6,1.4,215.8,471.6,59.99,214.4,2.2,0.7,1259.9,31.5,0.4,0.3,0,194.22504208209244,29.312,85.0,2025-10-05 08:38:32
166.4,1.5,271.4,154.9,1.4,225.0,483.3,60.02,214.4,2.1,0.7,1259.9,31.6,0.4,0.3,0,194.22504208209244,29.312,85.0,2025-10-05 08:39:04
167.1,1.5,272.7,156.6,1.4,229.2,488.8,60.02,213.8,2.2,0.7,1259.9,31.7,0.4,0.3,0,194.22504208209244,29.312,85.0,2025-10-05 08:39:34
168.1,1.6,259.9,157.5,1.4,232.2,478.3,60.02,214.1,2.3,0.7,1259.9,31.7,0.4,0.3,0,233.07005049851097,29.375,85.0,2025-10-05 08:40:06
167,1.7,262.6,154.7,1.5,233.7,496.3,60.03,214.2,2.3,0.7,1259.9,31.8,0.4,0.3,0,233.07005049851097,29.437,85.0,2025-10-05 08:40:37
165.4,1.7,278.8,158.9,1.5,236.1,500.8,59.97,214.2,2.3,0.7,1259.9,31.8,0.4,0.3,0,233.07005049851097,29.312,85.0,2025-10-05 08:41:08
165.2,1.7,280.6,156.6,1.5,238.4,503.7,59.98,214.2,2.2,0.7,1259.9,31.8,0.4,0.3,0,233.07005049851097,29.187,85.0,2025-10-05 08:41:39
168.5,1.5,274.2,153.6,1.5,239.8,500.2,59.99,213.7,2.3,0.7,1259.9,31.8,0.4,0.3,0,233.07005049851097,29.187,85.0,2025-10-05 08:42:11
168.7,1.6,270.9,159.6,1.5,235.7,494.2,60,213.8,2.3,0.7,1259.9,31.9,0.4,0.3,0,233.07005049851097,29.187,85.0,2025-10-05 08:42:42
165.6,1.7,273.6,156.8,1.5,241.8,500.7,60.03,214.1,2.3,0.8,1260.0,31.9,0.4,0.3,0,233.07005049851097,29.187,85.0,2025-10-05 08:43:13
164.7,1.7,279.0,156.6,1.6,244.6,508.0,60.04,214.5,2.4,0.8,1260.0,31.9,0.4,0.3,0,233.07005049851097,29.25,85.0,2025-10-05 08:43:44
165.7,1.7,287.4,159.8,1.5,241.7,513.4,60.01,214.5,2.3,0.8,1260.0,31.9,0.4,0.3,0,233.07005049851097,29.312,85.0,2025-10-05 08:44:16
165.5,1.7,289.0,156.6,1.5,245.8,518.7,60.03,214.7,2.4,0.8,1260.0,31.9,0.4,0.3,0,233.07005049851097,29.312,85.0,2025-10-05 08:44:47
162.2,1.7,288.6,153.4,1.6,246.4,518.5,60.02,214.1,2.4,0.8,1260.0,32,0.4,0.3,0,233.07005049851097,29.312,85.0,2025-10-05 08:45:18
162.5,1.8,289.3,159.6,1.6,243.1,516.9,60.02,214.1,2.4,0.8,1260.0,32.1,0.4,0.3,0,233.07005049851097,29.25,85.0,2025-10-05 08:45:49
165.3,1.8,293.6,156.6,1.5,249.7,528.2,60.03,214.3,2.4,0.8,1260.0,32.1,0.4,0.3,0,233.07005049851097,29.562,85.0,2025-10-05 08:46:21
165.5,1.8,297.6,155.9,1.6,248.6,527.8,60,214.7,2.5,0.8,1260.0,32.2,0.4,0.3,0,233.07005049851097,29.5,85.0,2025-10-05 08:46:51
166.1,1.7,300.0,155.7,1.6,251.7,533.8,60.02,214.7,2.3,0.8,1260.0,32.2,0.4,0.3,0,233.07005049851097,29.5,85.0,2025-10-05 08:47:23
166.7,1.6,301.1,158.3,1.5,251.7,532.3,60.01,214.5,2.3,0.8,1260.0,32.3,0.4,0.3,0,233.07005049851097,29.625,85.0,2025-10-05 08:47:54
168.5,1.8,278.8,158.9,1.6,244.5,509.3,59.97,214.3,2.5,0.8,1260.0,32.3,0.4,0.3,0,233.07005049851097,29.625,85.0,2025-10-05 08:48:25
167.7,1.8,278.1,158.1,1.6,245.6,509.4,59.98,214.4,2.5,0.8,1260.0,32.4,0.4,0.3,0,233.07005049851097,29.812,85.0,2025-10-05 08:48:56
165.5,1.8,301.5,156.5,1.6,252.2,535.0,60.01,214.3,2.5,0.8,1260.0,32.4,0.4,0.3,0,233.07005049851097,29.75,85.0,2025-10-05 08:49:28
165.6,1.8,306.1,156.6,1.6,253.0,542.5,60,213.9,2.5,0.8,1260.0,32.5,0.4,0.3,0,233.07005049851097,29.937,85.0,2025-10-05 08:49:59
165,1.9,309.9,156.1,1.6,253.5,544.1,60.06,214.2,2.5,0.8,1260.0,32.5,0.4,0.3,0,233.07005049851097,29.937,85.0,2025-10-05 08:50:30
163.9,1.9,307.6,153.8,1.6,249.8,538.4,60.05,214.3,2.5,0.8,1260.0,32.6,0.4,0.3,0,233.07005049851097,30.062,85.0,2025-10-05 08:51:01
162.7,1.9,308.5,156.8,1.6,252.1,543.4,60.05,214.4,2.5,0.8,1260.0,32.6,0.5,0.3,0,233.07005049851097,30.125,85.0,2025-10-05 08:51:33
165.5,1.9,313.8,156.7,1.6,253.5,548.0,59.99,214.4,2.5,0.8,1260.0,32.7,0.5,0.3,0,233.07005049851097,30.187,85.0,2025-10-05 08:52:04
165.6,1.9,317.1,156.6,1.6,254.5,552.0,60.03,214.5,2.5,0.8,1260.0,32.7,0.5,0.3,0,233.07005049851097,30.312,85.0,2025-10-05 08:52:35
165.6,1.8,319.2,156.6,1.5,254.3,554.0,60.01,214.4,2.4,0.8,1260.0,32.8,0.5,0.3,0,233.07005049851097,30.312,85.0,2025-10-05 08:53:06
167.9,1.7,308.3,159.6,1.5,249.7,541.6,60.02,214.2,2.4,0.8,1260.0,32.8,0.5,0.4,0,233.07005049851097,30.187,85.0,2025-10-05 08:53:38
168.3,1.8,304.0,159.7,1.6,248.3,537.0,60,214.3,2.6,0.8,1260.0,32.8,0.5,0.4,0,233.07005049851097,30.125,85.0,2025-10-05 08:54:08
166.2,2,304.0,156.9,1.6,250.9,534.3,59.96,214.3,2.6,0.9,1260.1,32.7,0.5,0.4,0,233.07005049851097,30.187,85.0,2025-10-05 08:54:40
165.6,2,314.8,156.2,1.6,252.5,563.4,60.02,214.3,2.6,0.9,1260.1,32.7,0.5,0.4,0,233.07005049851097,30.0,85.0,2025-10-05 08:55:11
165.5,2,330.9,156.6,1.6,254.8,565.1,59.98,214.3,2.5,0.9,1260.1,32.6,0.5,0.4,0,233.07005049851097,30.0,85.0,2025-10-05 08:55:43
165.4,2,331.6,155,1.6,254.3,566.8,59.99,214.3,2.5,0.9,1260.1,32.6,0.5,0.4,0,233.07005049851097,30.187,85.0,2025-10-05 08:56:13
162.4,2,327.9,153.8,1.6,249.8,557.9,60,214.2,2.6,0.9,1260.1,32.6,0.5,0.4,0,233.07005049851097,30.25,85.0,2025-10-05 08:56:45
164,2,327.9,155.2,1.6,249.7,557.6,60.02,214.2,2.6,0.9,1260.1,32.6,0.5,0.4,0,271.91505891492943,30.312,85.0,2025-10-05 08:57:16
165.5,2,332.0,156.6,1.6,253.4,566.0,60.04,214.2,2.6,0.9,1260.1,32.6,0.5,0.4,0,233.07005049851097,30.312,85.0,2025-10-05 08:57:47
165.5,2,332.5,156.6,1.6,253.3,565.4,60.02,214.3,2.6,0.9,1260.1,32.6,0.5,0.4,0,233.07005049851097,30.25,85.0,2025-10-05 08:58:18
165.7,1.8,331.8,156.8,1.5,253.1,564.4,59.98,214.3,2.5,0.9,1260.1,32.5,0.5,0.4,0,233.07005049851097,30.125,85.0,2025-10-05 08:58:50
166,1.7,330.6,157.5,1.5,252.5,541.3,59.99,214.3,2.4,0.9,1260.1,32.5,0.5,0.4,0,233.07005049851097,30.062,85.0,2025-10-05 08:59:21
168.3,2,301.1,159.6,1.6,245.2,531.4,60.02,214.4,2.6,0.9,1260.1,32.6,0.5,0.4,0,233.07005049851097,29.937,85.0,2025-10-05 08:59:52
168.2,2,294.7,156.6,1.6,248.1,546.9,60.01,214.5,2.6,0.9,1260.1,32.6,0.5,0.4,0,233.07005049851097,29.937,85.0,2025-10-05 09:00:23
165.4,1.9,325.8,156.6,1.6,251.1,558.2,60.01,214.2,2.6,0.9,1260.1,32.6,0.5,0.4,0,233.07005049851097,29.937,85.0,2025-10-05 09:00:55
165.4,1.9,322.7,156.6,1.6,251.0,555.5,60.04,213.6,2.5,0.9,1260.1,32.6,0.5,0.4,0,233.07005049851097,30.062,85.0,2025-10-05 09:01:26
167.3,1.7,313.1,154,1.6,248.4,543.6,60.02,213.5,2.3,0.9,1260.1,32.7,0.5,0.4,0,233.07005049851097,30.25,85.0,2025-10-05 09:01:57
162.4,1.9,314.3,153.4,1.6,246.8,542.1,60.04,214.3,2.5,0.9,1260.1,32.7,0.5,0.4,0,233.07005049851097,30.375,85.0,2025-10-05 09:02:28
165.5,1.9,313.4,156.4,1.6,246.0,540.9,59.99,214.2,2.5,0.9,1260.1,32.7,0.5,0.4,0,233.07005049851097,30.437,85.0,2025-10-05 09:03:00
165.5,1.9,312.1,157,1.6,246.5,540.0,59.98,213.4,2.5,0.9,1260.1,32.8,0.5,0.4,0,233.07005049851097,30.562,85.0,2025-10-05 09:03:30
162.4,1.9,308.7,156.6,1.6,248.5,538.9,60.01,213.5,2.5,0.9,1260.1,32.8,0.5,0.4,0,233.07005049851097,30.562,85.0,2025-10-05 09:04:02
162.5,1.9,307.3,156.5,1.5,247.8,537.4,60.01,214.3,2.4,0.9,1260.1,32.9,0.5,0.4,0,233.07005049851097,30.625,85.0,2025-10-05 09:04:33
162.4,1.9,305.7,158.7,1.5,245.7,528.4,60,214.3,2.5,0.9,1260.1,33,0.5,0.4,0,233.07005049851097,30.687,85.0,2025-10-05 09:05:04
162.5,1.9,305.1,158.7,1.6,238.8,526.7,59.98,214.3,2.4,1.0,1260.2,33,0.5,0.4,0,233.07005049851097,30.625,85.0,2025-10-05 09:05:35
165.5,1.8,303.3,156.6,1.6,248.3,533.6,59.96,214.2,2.5,1.0,1260.2,33.1,0.5,0.4,0,233.07005049851097,30.5,85.0,2025-10-05 09:06:07
162.6,1.9,304.6,159.1,1.6,238.6,526.3,59.99,214.3,2.5,1.0,1260.2,33.1,0.5,0.4,0,233.07005049851097,30.562,85.0,2025-10-05 09:06:38
162.5,1.9,304.4,156.6,1.5,248.5,534.6,59.99,214.1,2.4,1.0,1260.2,33.1,0.5,0.4,0,233.07005049851097,30.562,85.0,2025-10-05 09:07:09
165.5,1.8,302.7,153.5,1.6,246.2,531.7,60.02,214.2,2.4,1.0,1260.2,33.1,0.5,0.4,0,233.07005049851097,30.687,85.0,2025-10-05 09:07:40
162.4,1.9,305.6,156.6,1.6,248.3,534.5,59.99,214.1,2.5,1.0,1260.2,33.1,0.5,0.4,0,233.07005049851097,30.562,85.0,2025-10-05 09:08:12
165.5,1.8,306.5,156.6,1.6,250.6,539.0,60.02,214,2.5,1.0,1260.2,33.1,0.5,0.4,0,233.07005049851097,30.625,85.0,2025-10-05 09:08:43
162.5,1.9,307.7,153.7,1.6,249.6,538.3,59.99,214,2.5,1.0,1260.2,33.2,0.5,0.4,0,233.07005049851097,30.625,85.0,2025-10-05 09:09:14
162.4,1.9,308.4,156.6,1.6,252.5,543.5,60,214.1,2.5,1.0,1260.2,33.2,0.5,0.4,0,233.07005049851097,30.625,85.0,2025-10-05 09:09:45
162.7,1.9,310.4,159.7,1.6,246.5,540.0,59.98,214.3,2.5,1.0,1260.2,33.1,0.5,0.4,0,233.07005049851097,30.625,85.0,2025-10-05 09:10:17
165.5,1.9,311.9,159.4,1.5,253.5,545.0,60.01,214.3,2.5,1.0,1260.2,33.2,0.6,0.4,0,233.07005049851097,30.625,85.0,2025-10-05 09:10:47
165.5,1.9,312.7,156.7,1.6,259.1,552.2,59.98,214.2,2.5,1.0,1260.2,33.2,0.6,0.4,0,233.07005049851097,30.687,85.0,2025-10-05 09:11:19
165.5,1.9,314.8,153.4,1.7,261.2,556.2,59.98,214,2.5,1.0,1260.2,33.2,0.6,0.4,0,233.07005049851097,30.687,85.0,2025-10-05 09:11:50
165.5,1.9,315.5,154.3,1.7,263.5,558.2,60.03,214,2.6,1.0,1260.2,33.2,0.6,0.4,0,233.07005049851097,30.687,85.0,2025-10-05 09:12:22
164,1.9,316.9,156.7,1.7,264.2,562.2,60.01,214.2,2.6,1.0,1260.2,33.3,0.6,0.4,0,233.07005049851097,30.75,85.0,2025-10-05 09:12:52
165.5,1.9,317.1,157.3,1.6,267.8,565.0,60.03,214.4,2.6,1.0,1260.2,33.3,0.6,0.4,0,233.07005049851097,30.75,85.0,2025-10-05 09:13:24
165.3,1.9,319.5,153.7,1.7,268.3,567.0,60,214.4,2.7,1.0,1260.2,33.3,0.6,0.4,0,233.07005049851097,30.687,85.0,2025-10-05 09:13:55
165.5,1.9,318.0,156.7,1.7,271.1,569.6,60.03,213.8,2.6,1.0,1260.2,33.3,0.6,0.4,0,233.07005049851097,30.687,85.0,2025-10-05 09:14:26
165.5,1.9,319.2,156.6,1.7,274.4,573.8,59.97,213.7,2.5,1.0,1260.2,33.4,0.6,0.4,0,233.07005049851097,30.562,85.0,2025-10-05 09:14:57
161,2,315.4,153.7,1.8,274.9,573.7,60.01,214.2,2.7,1.0,1260.2,33.4,0.6,0.4,0,233.07005049851097,30.5,85.0,2025-10-05 09:15:29
162.4,2,321.5,156.8,1.7,277.3,577.7,60.04,214.3,2.7,1.0,1260.2,33.5,0.6,0.4,0,233.07005049851097,30.625,85.0,2025-10-05 09:16:00
165.5,1.9,323.9,150.6,1.8,276.0,575.9,59.98,214.4,2.7,1.1,1260.3,33.5,0.6,0.4,0,271.91505891492943,30.812,85.0,2025-10-05 09:16:31
162.4,1.9,326.4,153.6,1.8,282.3,585.6,59.97,214.3,2.7,1.1,1260.3,33.6,0.6,0.5,0,271.91505891492943,30.687,85.0,2025-10-05 09:17:02
165.5,2,330.0,156.4,1.8,282.2,589.7,60.02,214.2,2.7,1.1,1260.3,33.6,0.6,0.5,0,271.91505891492943,30.562,85.0,2025-10-05 09:17:34
165.5,1.8,332.1,153.6,1.8,287.3,595.6,59.96,214.2,2.6,1.1,1260.3,33.6,0.6,0.5,0,271.91505891492943,30.625,85.0,2025-10-05 09:18:05
162.5,2,336.0,153.7,1.9,290.0,601.5,60.02,214.2,2.8,1.1,1260.3,33.6,0.6,0.5,0,271.91505891492943,30.625,85.0,2025-10-05 09:18:36
162.5,2.1,338.5,159.7,1.8,282.9,599.8,59.99,213.5,2.8,1.1,1260.3,33.7,0.6,0.5,0,271.91505891492943,30.75,85.0,2025-10-05 09:19:07
166,2.1,316.9,156.6,1.9,295.2,616.2,60.03,213.5,2.9,1.1,1260.3,33.7,0.6,0.5,0,271.91505891492943,30.812,85.0,2025-10-05 09:19:39
165.6,2.1,347.3,156.6,1.9,298.4,623.8,59.97,213.7,2.9,1.1,1260.3,33.6,0.6,0.5,0,271.91505891492943,30.687,85.0,2025-10-05 09:20:09
162.6,2.1,352.0,158.6,1.9,291.5,619.1,60.01,214.2,2.9,1.1,1260.3,33.6,0.6,0.5,0,271.91505891492943,30.812,85.0,2025-10-05 09:20:41
167.2,2.1,320.6,155.8,1.9,303.0,598.9,60.03,213.7,2.9,1.1,1260.3,33.7,0.6,0.5,0,271.91505891492943,30.875,85.0,2025-10-05 09:21:12
165.5,1.8,362.3,158.7,1.9,295.2,633.7,60.01,213.9,2.8,1.1,1260.3,33.7,0.6,0.5,0,271.91505891492943,30.875,85.0,2025-10-05 09:21:44
162.5,2.2,363.1,155.7,1.9,306.7,642.4,60.03,214.4,3,1.1,1260.3,33.7,0.6,0.5,0,271.91505891492943,31.062,85.0,2025-10-05 09:22:14
165.2,2.2,364.6,155.5,2,309.4,646.8,60.01,214.4,3,1.1,1260.3,33.7,0.6,0.5,0,271.91505891492943,31.187,85.0,2025-10-05 09:22:46
165.5,2.2,373.0,158.1,1.8,309.8,655.1,59.97,214.4,3,1.1,1260.3,33.8,0.6,0.5,0,271.91505891492943,31.312,85.0,2025-10-05 09:23:17
162.5,2.3,373.9,154.4,2,312.0,658.7,59.96,214.5,3.1,1.1,1260.3,33.8,0.6,0.5,0,310.76006733134795,31.375,85.0,2025-10-05 09:23:49
167.9,2.3,337.2,156.6,2,314.0,626.5,60.02,214.5,3.1,1.1,1260.3,33.8,0.6,0.5,0,271.91505891492943,31.437,85.0,2025-10-05 09:24:19
165.5,2.3,385.3,159.6,1.9,309.9,666.8,60.03,214.7,3.1,1.1,1260.3,33.8,0.6,0.5,0,310.76006733134795,31.5,85.0,2025-10-05 09:24:51
163.9,2.4,388.8,153.8,2,316.4,673.3,60,214.6,3.1,1.1,1260.3,33.9,0.6,0.5,0,310.76006733134795,31.437,85.0,2025-10-05 09:25:21
166.1,2.4,359.8,156.6,2,320.3,651.7,60,214.6,3.1,1.2,1260.4,33.9,0.6,0.5,0,310.76006733134795,31.5,85.0,2025-10-05 09:25:54
165.5,2.4,395.7,156.6,2,322.2,688.2,60.04,214.5,3.2,1.2,1260.4,33.9,0.6,0.5,0,310.76006733134795,31.562,85.0,2025-10-05 09:26:24
162.2,2.5,400.9,153.6,2.1,322.3,692.8,60,214.3,3.2,1.2,1260.4,33.9,0.6,0.5,0,310.76006733134795,31.562,85.0,2025-10-05 09:26:56
167.9,2.1,379.4,156.5,2.1,325.1,678.1,60.04,214.4,3.2,1.2,1260.4,34,0.6,0.5,0,310.76006733134795,31.5,85.0,2025-10-05 09:27:26
165.5,2.5,411.2,156.6,2,330.2,710.4,60.03,214.4,3.3,1.2,1260.4,34,0.6,0.5,0,310.76006733134795,31.625,85.0,2025-10-05 09:27:59
165.5,2.6,418.5,156.8,2.1,330.2,717.7,60.01,214.4,3.4,1.2,1260.4,34.1,0.7,0.5,0,310.76006733134795,31.687,85.0,2025-10-05 09:28:29
160.5,2.6,418.5,154.4,2.1,332.7,718.9,60.04,214.3,3.3,1.2,1260.4,34.1,0.7,0.5,0,310.76006733134795,31.75,85.0,2025-10-05 09:29:01
159.6,2.7,429.7,156.5,2.2,340.4,736.8,60.02,214.2,3.4,1.2,1260.4,34.1,0.7,0.5,0,349.6050757477664,31.875,85.0,2025-10-05 09:29:31
165.3,2.8,455.0,154.2,2.2,341.4,762.1,60.03,214.5,3.6,1.2,1260.4,34.2,0.7,0.5,0,349.6050757477664,31.812,85.0,2025-10-05 09:30:04
165.5,2.9,472.9,153.6,2.2,347.4,785.0,60.03,214.6,3.7,1.2,1260.4,34.3,0.7,0.5,0,349.6050757477664,31.875,85.0,2025-10-05 09:30:34
163.3,2.9,478.8,156.6,2.3,356.0,797.7,60.02,214.6,3.7,1.2,1260.4,34.4,0.7,0.5,0,388.4500841641849,31.875,85.0,2025-10-05 09:31:06
163.4,3,487.2,156.6,2.3,359.4,808.8,60.05,214.6,3.8,1.2,1260.4,34.4,0.7,0.5,0,388.4500841641849,31.937,85.0,2025-10-05 09:31:36
163.7,3.1,514.0,157.1,2.2,360.0,833.5,60.02,214.6,3.9,1.2,1260.4,34.5,0.7,0.5,0,388.4500841641849,31.937,85.0,2025-10-05 09:32:08
162.5,3.1,497.2,157.8,2.2,366.0,824.1,60.03,214.6,3.8,1.2,1260.4,34.6,0.7,0.5,0,388.4500841641849,31.812,85.0,2025-10-05 09:32:39
162.6,3,491.2,156.6,2.3,362.1,816.7,60.03,214.4,3.8,1.2,1260.4,34.6,0.7,0.5,0,388.4500841641849,32.062,85.0,2025-10-05 09:33:11
162.5,3,489.5,158.3,2.3,357.2,809.3,60.04,214.5,3.9,1.2,1260.4,34.7,0.7,0.5,0,388.4500841641849,32.062,85.0,2025-10-05 09:33:41
159.3,3,483.9,156.6,2.4,370.4,817.1,60.04,214.3,3.9,1.3,1260.5,34.7,0.7,0.5,0,388.4500841641849,32.125,85.0,2025-10-05 09:34:13
160.9,3.1,499.8,156.6,2.4,374.4,829.4,60.03,214.4,3.9,1.3,1260.5,34.8,0.7,0.5,0,388.4500841641849,32.062,85.0,2025-10-05 09:34:43
162.8,3.1,501.8,153.3,2.4,374.9,838.1,59.99,213.8,3.9,1.3,1260.5,34.8,0.7,0.5,0,388.4500841641849,32.375,85.0,2025-10-05 09:35:16
160.9,3.1,504.0,153.6,2.4,376.0,840.5,59.97,213.8,4,1.3,1260.5,34.8,0.7,0.6,0,388.4500841641849,32.562,85.0,2025-10-05 09:35:46
162.5,3.1,503.3,153.5,2.4,379.1,842.4,59.98,214.1,3.9,1.3,1260.5,34.9,0.7,0.6,0,388.4500841641849,32.625,85.0,2025-10-05 09:36:18
162.4,3.1,502.2,159.6,2.4,371.7,836.4,59.97,214.5,3.9,1.3,1260.5,35,0.7,0.6,0,388.4500841641849,32.625,85.0,2025-10-05 09:36:48
165,3,501.6,156.5,2.4,382.3,837.2,59.98,214.3,4,1.3,1260.5,35.1,0.7,0.6,0,388.4500841641849,32.687,85.0,2025-10-05 09:37:20
165.4,3,500.3,156.6,2.5,385.8,845.3,60.03,214.4,4,1.3,1260.5,35.2,0.7,0.6,0,388.4500841641849,32.75,85.0,2025-10-05 09:37:51
163.1,3.1,510.2,159.2,2.5,374.6,844.6,59.99,213.8,4,1.3,1260.5,35.2,0.7,0.6,0,388.4500841641849,32.875,85.0,2025-10-05 09:38:23
162.5,3.2,505.8,153.7,2.5,388.9,852.8,60,213.8,4.1,1.3,1260.5,35.3,0.7,0.6,0,388.4500841641849,32.937,85.0,2025-10-05 09:38:53
162,3.2,516.4,156.2,2.5,391.1,866.1,60.01,214.2,4,1.3,1260.5,35.3,0.7,0.6,0,388.4500841641849,33.062,85.0,2025-10-05 09:39:25
162.4,3.2,519.5,153.6,2.5,392.1,868.7,60.02,214.4,4,1.3,1260.5,35.4,0.7,0.6,0,427.2950925806034,33.0,85.0,2025-10-05 09:39:56
159.8,3.2,513.4,156.3,2.5,394.6,865.8,60.03,214.7,4.1,1.3,1260.5,35.4,0.8,0.6,0,427.2950925806034,33.0,85.0,2025-10-05 09:40:28
159.5,3.2,517.6,156,2.5,395.2,870.3,60.02,214.6,4.1,1.4,1260.6,35.4,0.8,0.6,0,427.2950925806034,33.187,85.0,2025-10-05 09:40:58
162.5,3.3,530.0,156.6,2.5,396.4,884.6,60.01,214.6,4.1,1.4,1260.6,35.5,0.8,0.6,0,427.2950925806034,33.312,85.0,2025-10-05 09:41:30
162.5,3.3,535.2,156.1,2.6,398.6,890.4,60.02,214.8,4.2,1.4,1260.6,35.5,0.8,0.6,0,427.2950925806034,33.25,85.0,2025-10-05 09:42:00
162.7,3.1,541.0,156.7,2.5,400.5,891.1,59.99,214.8,4.1,1.4,1260.6,35.5,0.8,0.6,0,427.2950925806034,33.375,85.0,2025-10-05 09:42:33
163,3.2,546.2,156.6,2.5,401.9,904.2,60.04,214.8,4.1,1.4,1260.6,35.6,0.8,0.6,0,427.2950925806034,33.5,85.0,2025-10-05 09:43:03
163.2,3.4,531.5,153.7,2.6,404.4,890.8,60,214.9,4.2,1.4,1260.6,35.6,0.8,0.6,0,427.2950925806034,33.687,85.0,2025-10-05 09:43:35
165.1,3.4,523.7,154.2,2.6,405.4,888.0,59.99,214.8,4.2,1.4,1260.6,35.7,0.8,0.6,0,427.2950925806034,33.812,85.0,2025-10-05 09:44:05
162.6,3.5,560.6,156.7,2.6,406.8,921.8,60,214.9,4.2,1.4,1260.6,35.7,0.8,0.6,0,427.2950925806034,33.812,85.0,2025-10-05 09:44:38
162.5,3.5,561.9,151.1,2.6,407.4,923.5,59.99,215,4.2,1.4,1260.6,35.8,0.8,0.6,0,466.14010099702193,33.875,85.0,2025-10-05 09:45:08
159.8,3.5,565.8,153.7,2.7,410.0,931.0,60.02,214.9,4.3,1.4,1260.6,35.9,0.8,0.6,0,466.14010099702193,33.937,85.0,2025-10-05 09:45:40
159.1,3.7,582.9,156.8,2.6,412.7,950.9,60.04,214.9,4.4,1.4,1260.6,35.9,0.8,0.6,0,466.14010099702193,33.875,85.0,2025-10-05 09:46:10
162.3,4,639.1,156.6,2.7,424.1,1010.1,59.99,215,4.7,1.4,1260.6,35.9,0.8,0.6,0,504.9851094134404,33.875,85.0,2025-10-05 09:46:42
162.6,4.3,687.3,156.7,2.8,431.4,1062.2,60.01,215.1,4.9,1.4,1260.6,36,0.8,0.6,0,543.8301178298589,34.25,85.0,2025-10-05 09:47:13
164.2,3.6,533.8,153.2,2.7,408.7,939.5,59.97,214.7,4.3,1.5,1260.7,36.1,0.8,0.6,0,466.14010099702193,34.25,85.0,2025-10-05 09:47:45
163.5,3.5,518.2,150.7,2.7,408.4,889.6,60,214.5,4.2,1.5,1260.7,36,0.8,0.6,0,427.2950925806034,34.375,85.0,2025-10-05 09:48:15
162.5,3.4,554.0,153.7,2.7,412.6,920.2,60.01,214.6,4.2,1.5,1260.7,36,0.8,0.6,0,427.2950925806034,34.375,85.0,2025-10-05 09:48:47
162.5,3.5,554.5,153.5,2.7,410.5,919.0,59.98,214.5,4.2,1.5,1260.7,36,0.8,0.6,0,427.2950925806034,34.5,85.0,2025-10-05 09:49:17
159.6,3.4,553.0,153.6,2.6,416.2,922.3,60.01,214.5,4.2,1.5,1260.7,36,0.8,0.6,0,466.14010099702193,34.562,85.0,2025-10-05 09:49:50
162.5,3.5,559.6,153.7,2.7,418.1,930.9,60,214.6,4.2,1.5,1260.7,36,0.8,0.6,0,466.14010099702193,34.687,85.0,2025-10-05 09:50:20
159.6,3.5,559.4,156.6,2.7,413.6,926.9,60,214.4,4.3,1.5,1260.7,36,0.8,0.7,0,466.14010099702193,34.687,85.0,2025-10-05 09:50:52
162.2,3.5,565.6,156.3,2.7,414.4,933.8,59.96,214.5,4.3,1.5,1260.7,36.1,0.9,0.7,0,466.14010099702193,34.75,85.0,2025-10-05 09:51:22
165,3.3,530.8,153.6,2.7,421.6,911.3,59.99,214.4,4.3,1.5,1260.7,36.1,0.9,0.7,0,466.14010099702193,34.875,85.0,2025-10-05 09:51:55
160,3.5,574.9,153.7,2.7,422.7,949.6,60.04,214.8,4.4,1.5,1260.7,36.1,0.9,0.7,0,466.14010099702193,34.875,85.0,2025-10-05 09:52:25
164.9,3.5,549.6,153.7,2.7,422.8,907.8,59.98,214.4,4.4,1.5,1260.7,36.2,0.9,0.7,0,466.14010099702193,34.812,85.0,2025-10-05 09:52:57
159.7,3.7,590.3,153.5,2.8,423.9,965.4,60,214.5,4.4,1.5,1260.7,36.2,0.9,0.7,0,466.14010099702193,34.687,85.0,2025-10-05 09:53:27
161.3,3.7,596.5,152.7,2.7,417.9,964.0,60.02,214.5,4.4,1.6,1260.8,36.3,0.9,0.7,0,466.14010099702193,34.625,85.0,2025-10-05 09:53:59
159.6,3.8,603.0,151,2.7,414.9,968.8,59.99,214.7,4.4,1.6,1260.8,36.3,0.9,0.7,0,504.9851094134404,34.562,85.0,2025-10-05 09:54:30
160.9,3.9,613.6,153.7,2.7,422.8,986.7,59.99,214.6,4.6,1.6,1260.8,36.3,0.9,0.7,0,504.9851094134404,34.5,85.0,2025-10-05 09:55:02
162.5,4.1,639.0,153.6,2.8,425.4,1015.8,60,214.1,4.7,1.6,1260.8,36.4,0.9,0.7,0,504.9851094134404,34.687,85.0,2025-10-05 09:55:32
158.4,4.2,659.3,155.1,2.7,426.6,1030.7,60.02,214.1,4.8,1.6,1260.8,36.4,0.9,0.7,0,543.8301178298589,34.937,85.0,2025-10-05 09:56:04
159.7,4.7,744.2,153.9,2.8,436.2,1120.7,60.02,214.8,5.1,1.6,1260.8,36.5,0.9,0.7,0,582.6751262462774,35.125,85.0,2025-10-05 09:56:34
159.4,5.1,817.3,156.6,2.8,445.5,1190.5,60.01,214.9,5.4,1.6,1260.8,36.6,0.9,0.7,0,621.5201346626959,35.25,85.0,2025-10-05 09:57:07
160.5,4.5,710.8,151,2.8,424.1,1078.3,60.01,214.7,5,1.6,1260.8,36.7,0.9,0.7,0,582.6751262462774,35.187,85.0,2025-10-05 09:57:37
159.6,4.3,680.9,153.7,2.7,417.1,1046.3,60,214.3,4.8,1.6,1260.8,36.7,0.9,0.7,0,543.8301178298589,35.375,85.0,2025-10-05 09:58:09
159.5,4.2,670.6,153.2,2.7,410.9,1027.7,59.99,214,4.7,1.6,1260.8,36.8,0.9,0.7,0,543.8301178298589,35.312,85.0,2025-10-05 09:58:39
156.6,4.3,668.7,153.7,2.6,415.6,1029.9,59.98,214,4.8,1.6,1260.8,36.8,0.9,0.7,0,543.8301178298589,35.437,85.0,2025-10-05 09:59:12
157.4,4.4,697.2,153.7,2.7,417.5,1060.4,60,214.6,4.8,1.7,1260.9,36.9,0.9,0.7,0,582.6751262462774,35.562,85.0,2025-10-05 09:59:42
159.8,4.6,719.7,156.7,2.6,418.2,1082.8,60.01,214.7,5,1.7,1260.9,37,0.9,0.7,0,582.6751262462774,35.5,85.0,2025-10-05 10:00:14
158.8,5.1,782.8,154.8,2.8,431.7,1166.8,60.04,214.9,5.4,1.7,1260.9,37.1,1.0,0.7,0,621.5201346626959,35.562,85.0,2025-10-05 10:00:44
159.6,4.7,766.9,150.6,2.8,424.4,1130.7,60.04,214.8,5,1.7,1260.9,37.2,1.0,0.7,0,621.5201346626959,35.812,85.0,2025-10-05 10:01:16
159.7,4.3,680.7,153.7,2.7,421.1,1045.1,60.02,214.5,4.8,1.7,1260.9,37.3,1.0,0.7,0,543.8301178298589,35.687,85.0,2025-10-05 10:01:47
159.6,4.4,689.5,150.7,2.7,416.5,1048.0,60.01,214.6,4.8,1.7,1260.9,37.3,1.0,0.7,0,543.8301178298589,35.75,85.0,2025-10-05 10:02:19
159.6,4.5,706.4,153.7,2.8,426.3,1075.7,60.03,214.6,4.8,1.7,1260.9,37.4,1.0,0.7,0,582.6751262462774,35.75,85.0,2025-10-05 10:02:49
156.6,4.5,705.9,155,2.8,425.9,1075.6,60.04,214.7,5,1.7,1260.9,37.4,1.0,0.7,0,582.6751262462774,35.812,85.0,2025-10-05 10:03:21
156.8,4.6,722.6,153.4,2.8,430.6,1095.2,60.05,214.8,5.1,1.7,1260.9,37.4,1.0,0.7,0,582.6751262462774,35.75,85.0,2025-10-05 10:03:51
159.5,4.8,760.5,152,2.8,433.6,1132.8,60.05,215.1,5.2,1.7,1260.9,37.5,1.0,0.7,0,621.5201346626959,36.0,85.0,2025-10-05 10:04:24
159.6,4.8,752.9,156.6,2.7,431.8,1124.4,60.04,215.1,5.2,1.7,1260.9,37.5,1.0,0.8,0,621.5201346626959,36.0,85.0,2025-10-05 10:04:54
160.3,4.6,789.2,155.1,2.8,434.8,1158.4,60.02,215.3,5.1,1.8,1261.0,37.6,1.0,0.8,0,621.5201346626959,35.875,85.0,2025-10-05 10:05:26
156.8,5.5,842.2,153.7,2.8,442.5,1227.5,60.04,215.3,5.7,1.8,1261.0,37.8,1.0,0.8,0,699.2101514955328,35.937,85.0,2025-10-05 10:05:56
159.8,5.4,840.4,158.5,2.8,418.6,1195.2,60.02,215.1,5.7,1.8,1261.0,37.9,1.0,0.8,0,699.2101514955328,36.0,34.687,2025-10-05 10:06:29
161.2,5,744.2,153.7,2.8,430.3,1113.6,60.06,215,5.3,1.8,1261.0,38.1,1.0,0.8,0,621.5201346626959,36.062,34.75,2025-10-05 10:06:59
159.6,5.3,840.4,156.6,2.8,433.0,1209.0,60.05,215.2,5.5,1.8,1261.0,38.2,1.0,0.8,0,660.3651430791144,36.062,34.75,2025-10-05 10:07:31
156.6,5.7,889.0,156.6,2.8,438.2,1255.4,60.03,215.1,5.8,1.8,1261.0,38.3,1.0,0.8,0,699.2101514955328,36.062,34.75,2025-10-05 10:08:01
160.2,4.8,729.2,156.7,2.6,410.9,1087.5,60.03,215,5.1,1.8,1261.0,38.4,1.1,0.8,0,582.6751262462774,36.125,34.75,2025-10-05 10:08:34
157.9,5.3,821.8,151.6,2.7,411.8,1168.9,60.01,214.8,5.4,1.8,1261.0,38.4,1.1,0.8,0,660.3651430791144,36.062,34.687,2025-10-05 10:09:04
159.7,6,952.5,155.1,2.8,432.4,1311.0,59.99,214.9,6.1,1.8,1261.0,38.5,1.1,0.8,0,776.9001683283698,36.062,34.75,2025-10-05 10:09:36
154.5,5.4,842.0,156.4,2.7,409.2,1186.0,60.02,214.6,5.4,1.9,1261.1,38.7,1.1,0.8,0,660.3651430791144,36.062,34.937,2025-10-05 10:10:06
159.5,4.7,736.7,155.1,2.5,397.4,1076.0,59.97,214.5,4.9,1.9,1261.1,38.8,1.1,0.8,0,582.6751262462774,36.062,35.062,2025-10-05 10:10:38
157.9,4.3,688.3,155.1,2.5,386.4,1017.5,60.02,213.9,4.7,1.9,1261.1,38.8,1.1,0.8,0,543.8301178298589,35.812,35.312,2025-10-05 10:11:08
159.7,4.2,685.2,152.1,2.5,378.5,1013.8,60.03,213.6,4.5,1.9,1261.1,38.7,1.1,0.8,0,543.8301178298589,35.812,35.437,2025-10-05 10:11:41
161.9,4.4,725.3,152.5,2.5,388.2,1059.2,60.03,213.9,5,1.9,1261.1,38.7,1.1,0.8,0,621.5201346626959,35.875,35.625,2025-10-05 10:12:11
156.7,5.2,798.2,155.1,2.5,397.7,1135.2,59.99,214,5.2,1.9,1261.1,38.6,1.1,0.8,0,660.3651430791144,35.875,35.937,2025-10-05 10:12:43
156.5,5.3,819.7,155.2,2.6,401.5,1158.5,59.99,214,5.3,1.9,1261.1,38.6,1.1,0.8,0,660.3651430791144,35.812,36.062,2025-10-05 10:13:13
154.9,6.9,1031.4,150.8,2.8,421.5,1372.4,60.04,214.9,6.5,1.9,1261.1,38.7,1.1,0.8,0,854.5901851612068,35.875,35.937,2025-10-05 10:13:46
153.8,6.7,1018.2,156.6,2.8,425.7,1365.0,60.02,215.3,6.5,1.9,1261.1,38.7,1.1,0.8,0,815.7451767447883,35.812,35.937,2025-10-05 10:14:16
156.8,6.2,953.2,158.9,2.7,402.8,1284.7,60.01,215.1,6.1,1.9,1261.1,38.9,1.1,0.8,0,776.9001683283698,35.937,36.125,2025-10-05 10:14:48
155,7.2,1137.8,155.1,2.9,453.3,1502.6,59.97,215.6,6.9,2.0,1261.2,39,1.1,0.8,0,932.2802019940439,36.062,36.25,2025-10-05 10:15:18
155.6,6.9,1100.5,153.1,2.9,443.3,1457.7,60.03,215.5,6.6,2.0,1261.2,39.2,1.2,0.8,0,893.4351935776253,36.062,36.562,2025-10-05 10:15:51
157.7,6.2,953.7,152,2.7,423.3,1289.7,60.02,215.1,6,2.0,1261.2,39.3,1.2,0.8,0,776.9001683283698,36.312,36.937,2025-10-05 10:16:20
155.2,5.6,861.5,155.1,2.7,415.6,1211.4,60.02,215.1,5.6,2.0,1261.2,39.3,1.2,0.8,0,699.2101514955328,36.312,37.437,2025-10-05 10:16:53
155,5.9,907.5,155.1,2.7,421.6,1258.1,60.04,215.1,5.8,2.0,1261.2,39.3,1.2,0.8,0,738.0551599119514,36.312,37.75,2025-10-05 10:17:23
146.1,6.5,942.5,158.1,2.6,424.5,1284.8,60.02,215.1,6.1,2.0,1261.2,39.3,1.2,0.8,0,815.7451767447883,36.25,38.062,2025-10-05 10:17:56
155.1,6.6,1028.5,156.6,2.7,441.5,1389.1,60.02,215.6,6.4,2.0,1261.2,39.4,1.2,0.8,0,854.5901851612068,36.0,37.625,2025-10-05 10:18:25
152.2,8.4,1254.3,153.6,3.1,471.3,1625.1,59.99,215.7,7.4,2.0,1261.2,39.6,1.2,0.9,0,1048.8152272432992,36.187,37.812,2025-10-05 10:18:58
153.3,8.4,1301.5,156.6,3.1,483.0,1680.9,60.04,215.9,7.8,2.1,1261.3,39.8,1.2,0.9,0,1087.6602356597177,36.375,38.187,2025-10-05 10:19:28
153,9.1,1349.5,159.3,3,475.3,1718.1,60.05,215.9,8.1,2.1,1261.3,40,1.2,0.9,0,1126.5052440761365,36.625,38.687,2025-10-05 10:20:00
154.4,9.3,1356.9,153.7,3.2,488.6,1737.8,60.03,215.9,8.2,2.1,1261.3,40.3,1.2,0.9,0,1165.3502524925548,36.75,38.312,2025-10-05 10:20:30
152.2,9.4,1396.6,156.6,3.2,487.6,1771.5,60.04,215.8,8.3,2.1,1261.3,40.4,1.3,0.9,0,1165.3502524925548,36.75,38.437,2025-10-05 10:21:03
152.4,9.1,1363.4,156.7,3.1,483.6,1743.6,60.05,215.8,8.1,2.1,1261.3,40.5,1.3,0.9,0,1126.5052440761365,36.812,39.0,2025-10-05 10:21:33
149.4,9,1332.0,156.6,3.1,475.4,1699.2,60.04,215.7,8,2.1,1261.3,40.8,1.3,0.9,0,1087.6602356597177,36.937,39.125,2025-10-05 10:22:05
149.2,9.2,1355.4,153.7,3.1,474.2,1719.5,60.02,215.7,8,2.1,1261.3,40.9,1.3,0.9,0,1126.5052440761365,36.937,38.75,2025-10-05 10:22:35
147.7,9.4,1380.4,152.3,3.1,476.0,1744.4,60.02,215.1,8.1,2.2,1261.4,41,1.3,0.9,0,1165.3502524925548,37.0,38.562,2025-10-05 10:23:08
149.1,9.5,1392.8,156.6,3,474.0,1755.4,60.04,215,8.1,2.2,1261.4,41.2,1.3,0.9,0,1165.3502524925548,36.937,38.375,2025-10-05 10:23:38
147.2,9.4,1357.0,154.7,3,472.6,1718.4,60.03,215,8.1,2.2,1261.4,41.3,1.3,0.9,0,1165.3502524925548,37.062,38.437,2025-10-05 10:24:10
146.2,9.2,1338.7,153.6,2.9,468.0,1698.0,60.05,214.9,8,2.2,1261.4,41.5,1.3,0.9,0,1126.5052440761365,37.187,38.937,2025-10-05 10:24:40
149.2,9.3,1374.9,155.6,3,463.3,1730.6,60.05,215.1,8.1,2.2,1261.4,41.5,1.4,0.9,0,1165.3502524925548,37.25,39.25,2025-10-05 10:25:13
149.2,9.4,1384.2,156.6,3.1,466.1,1739.0,60.05,215.9,8.1,2.2,1261.4,41.6,1.4,0.9,0,1165.3502524925548,37.5,39.5,2025-10-05 10:25:42
149.5,8.8,1376.5,153.7,3.1,470.7,1737.3,60.03,215.8,7.8,2.2,1261.4,41.7,1.4,0.9,0,1165.3502524925548,37.75,40.125,2025-10-05 10:26:15
146.1,9.4,1359.6,153.7,3,469.6,1710.4,60.04,216,7.9,2.3,1261.5,41.8,1.4,0.9,0,1165.3502524925548,37.937,85.0,2025-10-05 10:26:45
144.5,9.3,1317.7,152.3,3,456.5,1684.5,60.02,216,7.8,2.3,1261.5,42,1.4,0.9,0,1126.5052440761365,37.937,40.375,2025-10-05 10:27:17
145.3,9.2,1304.1,151.6,3,456.2,1652.0,60.03,216,7.7,2.3,1261.5,42.2,1.4,0.9,0,1126.5052440761365,37.937,40.125,2025-10-05 10:27:47
146.2,9,1305.2,153.8,2.9,448.0,1648.8,60.05,216,7.6,2.3,1261.5,42.3,1.4,0.9,0,1087.6602356597177,38.062,39.937,2025-10-05 10:28:20
147.7,8.6,1246.3,152.8,2.8,431.1,1580.2,60.04,215.9,7.3,2.3,1261.5,42.4,1.4,0.9,0,1048.8152272432992,37.687,39.5,2025-10-05 10:28:50
149,8.2,1202.5,153.6,2.7,426.1,1535.4,60.04,215.7,7.1,2.3,1261.5,42.4,1.4,0.9,0,1009.9702188268808,37.437,39.375,2025-10-05 10:29:22
150,7.2,1139.7,153.7,2.7,414.6,1466.8,60.05,215.5,6.5,2.3,1261.5,42.5,1.5,0.9,0,971.1252104104623,37.75,39.25,2025-10-05 10:29:52
145.8,6.8,1002.6,156.6,2.5,385.6,1303.4,60.04,215.2,6,2.4,1261.6,42.5,1.5,0.9,0,815.7451767447883,38.0,39.375,2025-10-05 10:30:25
149.5,6.8,972.3,155.2,2.4,388.1,1286.2,60,215.4,6.1,2.4,1261.6,42.5,1.5,0.9,0,854.5901851612068,38.062,39.312,2025-10-05 10:30:55
149.1,6.2,969.3,153.6,2.4,376.2,1270.7,60.02,215.2,5.7,2.4,1261.6,42.4,1.5,0.9,0,815.7451767447883,38.062,39.562,2025-10-05 10:31:27
149.2,6.2,916.5,153.7,2.4,369.6,1217.1,60.01,214.9,5.5,2.4,1261.6,42.4,1.5,0.9,0,776.9001683283698,38.125,39.562,2025-10-05 10:31:57
146.1,6.4,927.8,151.8,2.4,374.4,1230.3,60.03,215.1,5.7,2.4,1261.6,42.4,1.5,1.0,0,776.9001683283698,38.125,38.937,2025-10-05 10:32:30
152.2,5.8,870.2,153.7,2.4,364.8,1171.9,60.02,215.1,5.4,2.4,1261.6,42.4,1.5,1.0,0,738.0551599119514,38.0,38.187,2025-10-05 10:32:59
152.4,6.1,903.6,152.4,2.4,365.5,1204.4,60.02,214.9,5.6,2.4,1261.6,42.4,1.5,1.0,0,776.9001683283698,38.0,37.75,2025-10-05 10:33:32
152.4,6.7,991.1,150.8,2.5,379.6,1296.5,60.05,214.9,6.1,2.4,1261.6,42.4,1.5,1.0,0,815.7451767447883,37.937,37.687,2025-10-05 10:34:02
151.6,7.5,1082.7,153.7,2.6,400.9,1400.3,60.01,215,6.6,2.4,1261.6,42.4,1.5,1.0,0,932.2802019940439,37.937,37.937,2025-10-05 10:34:34
146.3,7.3,1058.6,153.6,2.6,399.2,1376.6,60.03,215,6.5,2.5,1261.7,42.4,1.5,1.0,0,893.4351935776253,37.562,38.062,2025-10-05 10:35:04
149.2,7.7,1127.9,154.6,2.5,410.6,1452.7,60.03,214.4,6.8,2.5,1261.7,42.5,1.5,1.0,0,932.2802019940439,37.5,38.062,2025-10-05 10:35:37
147.3,7.4,1108.7,153.6,2.6,415.9,1420.8,60.01,214.3,6.6,2.5,1261.7,42.6,1.6,1.0,0,893.4351935776253,37.75,38.125,2025-10-05 10:36:07
148.3,6.5,971.2,155.8,2.6,390.6,1291.2,60.03,215,5.9,2.5,1261.7,42.7,1.6,1.0,0,776.9001683283698,37.5,38.187,2025-10-05 10:36:39
151.1,6.2,923.4,154.8,2.5,382.6,1236.9,59.99,215,5.7,2.5,1261.7,42.7,1.6,1.0,0,738.0551599119514,37.25,37.937,2025-10-05 10:37:09
150.7,5.7,850.5,153.8,2.5,380.8,1167.1,60.03,215,5.4,2.5,1261.7,42.7,1.6,1.0,0,699.2101514955328,37.5,37.75,2025-10-05 10:37:42
150.6,5.1,762.8,152.9,2.4,367.5,1072.4,60,214.8,4.9,2.5,1261.7,42.7,1.6,1.0,0,621.5201346626959,37.5,37.75,2025-10-05 10:38:12
150.6,4.5,676.8,153.6,2.3,363.5,989.3,59.99,214.7,4.6,2.5,1261.7,42.5,1.6,1.0,0,543.8301178298589,37.125,37.75,2025-10-05 10:38:44
150.6,4.9,741.6,153.8,2.4,376.0,1061.7,59.98,215,4.8,2.5,1261.7,42.2,1.6,1.0,0,582.6751262462774,37.062,37.687,2025-10-05 10:39:14
153.7,5.1,761.5,156.6,2.4,375.1,1081.1,59.99,214.9,5.1,2.6,1261.8,42.2,1.6,1.0,0,621.5201346626959,37.187,37.5,2025-10-05 10:39:47
153.7,5.4,822.2,154.9,2.4,394.5,1155.8,59.97,214.5,5.3,2.6,1261.8,42.2,1.6,1.0,0,699.2101514955328,37.437,37.562,2025-10-05 10:40:17
153.7,5.4,835.7,153.8,2.6,394.7,1168.1,60.01,214.4,5.3,2.6,1261.8,42.2,1.6,1.0,0,699.2101514955328,37.5,37.312,2025-10-05 10:40:49
152,5.2,790.3,153.5,2.6,398.7,1134.8,59.98,214.4,5.3,2.6,1261.8,42.2,1.6,1.0,0,660.3651430791144,37.0,36.687,2025-10-05 10:41:19
155.5,6.3,891.6,150.7,2.7,415.1,1260.1,60,214.7,6.1,2.6,1261.8,42.1,1.6,1.0,0,815.7451767447883,36.562,36.125,2025-10-05 10:41:52
155.2,6.7,1026.4,155.2,2.8,438.0,1387.5,60.04,215.3,6.2,2.6,1261.8,42.2,1.6,1.0,0,893.4351935776253,36.75,36.125,2025-10-05 10:42:21
152.4,6.3,936.2,153.7,2.8,432.9,1295.3,59.98,214.9,5.9,2.6,1261.8,42.3,1.7,1.0,0,776.9001683283698,37.0,36.5,2025-10-05 10:42:54
152.1,7.5,1137.2,150.7,3.1,466.5,1511.3,59.98,215.2,7,2.6,1261.8,42.4,1.7,1.0,0,932.2802019940439,37.375,37.125,2025-10-05 10:43:24
152.2,8.3,1251.2,153.1,3.2,491.3,1643.8,59.98,215.5,7.7,2.6,1261.8,42.6,1.7,1.0,0,1087.6602356597177,37.562,37.875,2025-10-05 10:43:56
151.6,5.9,925.9,153.7,2.9,445.5,1296.9,60,214.8,5.7,2.7,1261.9,42.9,1.7,1.0,0,776.9001683283698,37.75,38.125,2025-10-05 10:44:26
149.7,4.7,698.1,150.7,2.7,415.4,1055.9,59.96,214.5,4.9,2.7,1261.9,42.9,1.7,1.0,0,621.5201346626959,37.75,38.437,2025-10-05 10:44:59
149.1,4.6,682.5,150.7,2.7,416.0,1042.4,60,214.5,4.8,2.7,1261.9,42.8,1.7,1.0,0,582.6751262462774,37.5,38.125,2025-10-05 10:45:29
152.2,4.5,683.1,150.7,2.8,416.9,1045.0,59.97,214.6,4.8,2.7,1261.9,42.7,1.7,1.0,0,582.6751262462774,37.437,38.062,2025-10-05 10:46:01
152.4,4.7,708.2,150.7,2.8,422.7,1072.4,60.01,214.9,4.9,2.7,1261.9,42.6,1.7,1.0,0,621.5201346626959,36.875,37.687,2025-10-05 10:46:31
154.8,4.1,633.5,148.1,2.7,409.9,983.5,59.99,214.4,4.5,2.7,1261.9,42.5,1.7,1.1,0,543.8301178298589,37.0,37.687,2025-10-05 10:47:04
155.1,4.3,662.7,150.7,2.8,421.5,1031.3,60.03,214.7,4.8,2.7,1261.9,42.3,1.7,1.1,0,582.6751262462774,37.125,37.562,2025-10-05 10:47:34
157,3.9,644.8,147.9,2.8,419.7,1013.9,59.99,214.5,4.4,2.7,1261.9,42.1,1.7,1.1,0,582.6751262462774,37.25,37.437,2025-10-05 10:48:06
155.5,4.3,698.8,149.8,2.9,434.1,1076.8,60.04,214.7,4.8,2.7,1261.9,42,1.7,1.1,0,621.5201346626959,37.437,37.437,2025-10-05 10:48:36
154.1,4.7,719.2,147.8,2.9,441.4,1101.4,60.01,214.6,5.1,2.7,1261.9,42,1.7,1.1,0,621.5201346626959,37.437,37.375,2025-10-05 10:49:09
156.2,4.5,682.6,153.4,2.9,437.3,1064.0,60,214.8,4.9,2.7,1261.9,42,1.7,1.1,0,582.6751262462774,37.687,37.5,2025-10-05 10:49:38
153.4,4.3,653.5,150.7,2.9,438.5,1036.2,60,214.6,4.8,2.8,1262.0,41.9,1.7,1.1,0,582.6751262462774,37.75,37.562,2025-10-05 10:50:11
153.8,4.2,664.0,150.7,2.9,439.8,1048.3,60,214.5,4.8,2.8,1262.0,41.9,1.8,1.1,0,582.6751262462774,37.875,37.937,2025-10-05 10:50:41
151.1,4.2,635.9,148.2,2.9,434.9,1018.1,60.03,214.1,4.7,2.8,1262.0,41.8,1.8,1.1,0,543.8301178298589,37.875,38.0,2025-10-05 10:51:13
156.5,4.1,631.1,147.6,2.9,432.6,1009.2,60.02,213.9,4.6,2.8,1262.0,41.7,1.8,1.1,0,543.8301178298589,37.75,37.812,2025-10-05 10:51:43
151.2,4.2,638.9,150.7,2.9,438.1,1015.1,60.03,214.1,4.8,2.8,1262.0,41.6,1.8,1.1,0,543.8301178298589,37.562,37.312,2025-10-05 10:52:16
155.5,3.9,602.1,150.8,2.8,427.7,979.1,60.01,214.6,4.5,2.8,1262.0,41.5,1.8,1.1,0,543.8301178298589,37.437,36.812,2025-10-05 10:52:46
155.1,4,611.3,150.8,2.8,431.5,991.3,60.05,214.1,4.4,2.8,1262.0,41.4,1.8,1.1,0,504.9851094134404,37.562,36.25,2025-10-05 10:53:18
155,4,611.7,150.7,2.8,431.3,991.5,60.04,213.8,4.5,2.8,1262.0,41.4,1.8,1.1,0,504.9851094134404,37.75,36.312,2025-10-05 10:53:48
152.3,4,601.2,153.6,2.9,426.1,976.6,60.02,214.1,4.6,2.8,1262.0,41.4,1.8,1.1,0,543.8301178298589,37.687,36.5,2025-10-05 10:54:21
155.1,3.7,578.3,153.4,2.8,421.0,951.7,60.02,214.2,4.3,2.8,1262.0,41.3,1.8,1.1,0,504.9851094134404,37.75,36.562,2025-10-05 10:54:51
155,3.6,560.6,150.7,2.8,416.3,930.5,60,214.3,4.3,2.8,1262.0,41.2,1.8,1.1,0,466.14010099702193,38.0,36.625,2025-10-05 10:55:23
155,3.6,551.4,151.1,2.7,410.3,918.4,60.01,214.2,4.2,2.9,1262.1,41.2,1.8,1.1,0,466.14010099702193,37.937,36.562,2025-10-05 10:55:53
155.3,3.4,542.3,150.7,2.7,408.2,906.4,60.01,214.2,4.2,2.9,1262.1,41.2,1.8,1.1,0,466.14010099702193,37.937,36.5,2025-10-05 10:56:26
158.1,3.5,549.5,149.9,2.7,406.0,910.6,60,214.3,4.2,2.9,1262.1,41.1,1.8,1.1,0,466.14010099702193,37.625,36.062,2025-10-05 10:56:55
155.4,3.5,551.0,150.8,2.7,402.4,910.2,59.98,214.2,4.2,2.9,1262.1,40.8,1.8,1.1,0,466.14010099702193,37.625,35.812,2025-10-05 10:57:28
155.6,3.6,558.4,153.8,2.6,403.8,918.9,60.01,214.2,4.2,2.9,1262.1,40.8,1.8,1.1,0,466.14010099702193,37.062,35.125,2025-10-05 10:57:58
158.1,3.7,578.2,150.7,2.7,408.2,941.2,59.98,214.4,4.3,2.9,1262.1,40.8,1.8,1.1,0,466.14010099702193,37.0,34.375,2025-10-05 10:58:30
158.1,3.8,596.3,153.7,2.7,411.2,961.9,60.01,214.8,4.4,2.9,1262.1,40.8,1.8,1.1,0,504.9851094134404,36.875,34.25,2025-10-05 10:59:00
159.8,4.3,709.5,153.7,2.8,432.3,1086.3,59.97,214.8,5,2.9,1262.1,40.8,1.8,1.1,0,621.5201346626959,36.937,34.125,2025-10-05 10:59:33
160.8,4.2,646.6,148,2.8,421.3,1017.4,60.04,214.9,4.8,2.9,1262.1,40.8,1.8,1.1,0,543.8301178298589,37.187,34.437,2025-10-05 11:00:03
158.1,4.3,679.2,151.7,2.9,432.2,1058.2,60.03,215,4.9,2.9,1262.1,40.9,1.9,1.1,0,582.6751262462774,37.125,34.687,2025-10-05 11:00:35
158.1,4.1,647.2,153.7,2.8,426.3,1024.4,60.04,215.1,4.7,2.9,1262.1,40.9,1.9,1.1,0,543.8301178298589,37.062,34.937,2025-10-05 11:01:05
155.9,4.1,645.3,152.6,2.8,426.9,1019.7,60.01,215,4.6,2.9,1262.1,40.8,1.9,1.2,0,543.8301178298589,37.125,35.062,2025-10-05 11:01:38
158.1,4.1,637.2,153.4,2.8,426.8,1010.1,60.05,214.9,4.6,3.0,1262.2,40.8,1.9,1.2,0,543.8301178298589,37.125,35.25,2025-10-05 11:02:08
157.3,4.1,640.7,150.7,2.8,428.5,1016.9,60.03,214.9,4.7,3.0,1262.2,40.7,1.9,1.2,0,543.8301178298589,37.312,35.437,2025-10-05 11:02:40
158.9,3.7,570.1,151.1,2.8,418.7,942.1,60.01,214.9,4.4,3.0,1262.2,40.7,1.9,1.2,0,504.9851094134404,37.375,35.375,2025-10-05 11:03:10
158.1,3.7,577.7,153.8,2.7,416.2,947.2,59.96,214.8,4.3,3.0,1262.2,40.6,1.9,1.2,0,504.9851094134404,37.25,35.312,2025-10-05 11:03:43
158.1,3.6,575.2,148.2,2.8,416.1,941.3,59.96,214.7,4.3,3.0,1262.2,40.6,1.9,1.2,0,504.9851094134404,37.375,35.25,2025-10-05 11:04:12
155.2,3.6,566.5,150.6,2.8,417.1,937.4,59.99,214.4,4.3,3.0,1262.2,40.6,1.9,1.2,0,466.14010099702193,37.375,35.437,2025-10-05 11:04:45
155.8,3.7,575.3,150.6,2.8,419.2,946.5,59.99,214.3,4.3,3.0,1262.2,40.5,1.9,1.2,0,504.9851094134404,37.375,35.5,2025-10-05 11:05:15
158.1,3.6,572.2,147.9,2.7,411.9,937.5,60.02,214.4,4.3,3.0,1262.2,40.5,1.9,1.2,0,466.14010099702193,37.25,35.437,2025-10-05 11:05:47
157.2,3.6,563.4,148.6,2.8,411.2,936.6,60.02,214.3,4.3,3.0,1262.2,40.5,1.9,1.2,0,466.14010099702193,37.125,35.5,2025-10-05 11:06:17
158.1,3.5,568.9,150.7,2.8,416.9,940.0,59.97,214.3,4.2,3.0,1262.2,40.4,1.9,1.2,0,504.9851094134404,37.375,35.625,2025-10-05 11:06:50
158.1,3.5,563.8,150.6,2.8,416.5,934.7,59.98,214.5,4.2,3.0,1262.2,40.4,1.9,1.2,0,466.14010099702193,37.562,35.687,2025-10-05 11:07:20
160.9,3.5,542.8,152.3,2.7,416.3,914.0,59.97,214.5,4.3,3.0,1262.2,40.3,1.9,1.2,0,466.14010099702193,37.5,35.812,2025-10-05 11:07:52
160.9,3.4,540.2,150.7,2.7,416.6,913.0,59.98,214.5,4.2,3.1,1262.3,40.3,1.9,1.2,0,466.14010099702193,37.5,35.812,2025-10-05 11:08:22
158.1,3.5,553.6,152.4,2.8,413.5,921.7,60.01,214.5,4.2,3.1,1262.3,40.3,1.9,1.2,0,466.14010099702193,37.187,35.5,2025-10-05 11:08:55
158,3.5,550.2,153.7,2.8,415.2,921.8,60.03,214.3,4.2,3.1,1262.3,40.2,1.9,1.2,0,466.14010099702193,37.312,35.562,2025-10-05 11:09:25
156.5,3.5,552.5,150.7,2.8,419.8,927.1,60.01,214.3,4.2,3.1,1262.3,40.2,1.9,1.2,0,466.14010099702193,37.187,35.562,2025-10-05 11:09:57
157.9,3.5,554.0,150.6,2.8,421.3,929.9,60,214.3,4.2,3.1,1262.3,40.2,1.9,1.2,0,466.14010099702193,37.187,35.437,2025-10-05 11:10:27
156.2,3.5,547.2,149.6,2.8,424.3,924.3,60,214.7,4.2,3.1,1262.3,40.1,2.0,1.2,0,466.14010099702193,37.25,35.437,2025-10-05 11:10:59
155,3.5,551.5,148.4,2.8,424.4,928.7,60,214.7,4.2,3.1,1262.3,40.1,2.0,1.2,0,466.14010099702193,37.437,35.5,2025-10-05 11:11:29
158.2,3.6,560.1,148.5,2.8,421.1,935.0,59.99,214.7,4.3,3.1,1262.3,40.1,2.0,1.2,0,466.14010099702193,37.437,35.562,2025-10-05 11:12:02
158.1,3.6,563.0,150,2.8,424.1,939.9,59.96,213.8,4.4,3.1,1262.3,40.1,2.0,1.2,0,504.9851094134404,37.375,35.625,2025-10-05 11:12:32
158.5,3.5,561.7,150.7,2.8,430.9,945.6,59.97,213.9,4.3,3.1,1262.3,40,2.0,1.2,0,466.14010099702193,37.562,35.562,2025-10-05 11:13:04
159.6,3.5,566.6,150.7,2.8,430.5,950.8,60.02,214.5,4.4,3.1,1262.3,40,2.0,1.2,0,504.9851094134404,37.5,35.562,2025-10-05 11:13:34
158,3.6,564.8,153.8,2.8,428.7,947.0,59.99,214.2,4.3,3.1,1262.3,40,2.0,1.2,0,466.14010099702193,37.625,35.562,2025-10-05 11:14:07
159.9,3.6,560.0,152.1,2.8,431.1,944.5,60,214.1,4.4,3.1,1262.3,40,2.0,1.2,0,466.14010099702193,37.687,35.687,2025-10-05 11:14:37
158,3.6,567.2,150.6,2.8,428.5,948.9,60.01,214.1,4.3,3.2,1262.4,40,2.0,1.2,0,504.9851094134404,37.75,35.687,2025-10-05 11:15:09
158.1,3.6,568.0,152.6,2.8,429.8,951.4,60.01,214.7,4.4,3.2,1262.4,40,2.0,1.3,0,504.9851094134404,37.75,35.25,2025-10-05 11:15:39
158.1,3.7,574.1,150.7,2.9,432.6,958.4,60.02,214.4,4.3,3.2,1262.4,39.9,2.0,1.3,0,504.9851094134404,37.687,34.812,2025-10-05 11:16:12
160.2,3.7,577.2,150.7,2.9,433.8,963.7,60,214.4,4.4,3.2,1262.4,40,2.0,1.3,0,504.9851094134404,37.562,34.875,2025-10-05 11:16:42
162.8,3.3,555.5,147.9,2.9,425.6,904.7,60.06,213.6,4.3,3.2,1262.4,40,2.0,1.3,0,504.9851094134404,37.562,34.875,2025-10-05 11:17:14
155.1,3.7,567.9,148,2.9,428.8,947.9,60.05,213.7,4.4,3.2,1262.4,40,2.0,1.3,0,504.9851094134404,37.437,35.0,2025-10-05 11:17:44
158.3,3.6,576.6,150.7,2.9,435.1,963.3,60.05,214,4.4,3.2,1262.4,40,2.0,1.3,0,504.9851094134404,37.437,34.937,2025-10-05 11:18:17
161,3.6,572.5,150.9,2.9,432.6,957.1,60.01,214.4,4.4,3.2,1262.4,40,2.0,1.3,0,504.9851094134404,37.25,34.812,2025-10-05 11:18:47
158.8,3.5,568.6,151.4,2.8,432.7,954.4,59.98,214.3,4.3,3.2,1262.4,40,2.0,1.3,0,504.9851094134404,37.375,35.062,2025-10-05 11:19:19
158.1,3.5,566.5,150.7,2.8,432.3,951.1,59.97,214.4,4.3,3.2,1262.4,40,2.0,1.3,0,466.14010099702193,37.437,35.125,2025-10-05 11:19:49
155.8,3.6,553.6,153.2,2.8,427.6,934.1,59.98,213.6,4.4,3.2,1262.4,40,2.0,1.3,0,504.9851094134404,37.437,35.25,2025-10-05 11:20:22
160.9,3.6,560.7,153.7,2.9,427.3,940.5,60.02,213.8,4.4,3.2,1262.4,40,2.0,1.3,0,504.9851094134404,37.562,35.125,2025-10-05 11:20:51
158.3,3.6,561.7,150.7,2.9,431.5,944.1,59.99,214.3,4.3,3.3,1262.5,40,2.0,1.3,0,504.9851094134404,37.562,35.25,2025-10-05 11:21:24
161.1,3.5,561.3,150.7,2.9,432.5,945.3,59.97,214.8,4.3,3.3,1262.5,40.1,2.1,1.3,0,504.9851094134404,37.562,35.25,2025-10-05 11:21:54
158.1,3.5,562.5,150.7,2.9,427.9,943.4,60,214.9,4.3,3.3,1262.5,40,2.1,1.3,0,504.9851094134404,37.437,35.187,2025-10-05 11:22:26
159.9,3.5,568.4,149.7,2.9,433.5,954.4,60.03,214.8,4.3,3.3,1262.5,40,2.1,1.3,0,504.9851094134404,37.625,35.312,2025-10-05 11:22:56
162.8,3.1,550.2,150.8,2.9,432.0,936.6,59.98,214.8,4.2,3.3,1262.5,40,2.1,1.3,0,504.9851094134404,37.75,35.5,2025-10-05 11:23:29
158.1,3.6,568.2,148.3,2.9,428.0,947.4,59.97,214.8,4.3,3.3,1262.5,40,2.1,1.3,0,504.9851094134404,37.687,35.437,2025-10-05 11:23:59
160.7,3.6,570.8,150.7,2.9,436.5,958.8,60.01,214.7,4.4,3.3,1262.5,40.1,2.1,1.3,0,504.9851094134404,37.5,35.375,2025-10-05 11:24:31
161,3.6,572.4,150.7,2.9,437.6,961.8,60.04,214.4,4.4,3.3,1262.5,40.1,2.1,1.3,0,504.9851094134404,37.625,35.375,2025-10-05 11:25:01
161,3.6,575.1,153.2,2.8,438.7,965.8,60.04,214.9,4.4,3.3,1262.5,40.1,2.1,1.3,0,504.9851094134404,37.812,35.437,2025-10-05 11:25:34
160.7,3.7,578.9,153.7,2.8,439.1,970.6,60.03,214.8,4.4,3.3,1262.5,40.1,2.1,1.3,0,504.9851094134404,37.687,35.437,2025-10-05 11:26:04
160.6,3.7,587.2,151.4,2.9,440.6,978.3,59.97,214.9,4.4,3.3,1262.5,40,2.1,1.3,0,504.9851094134404,37.687,35.5,2025-10-05 11:26:36
160.9,3.6,583.6,150.7,2.9,443.0,979.0,59.97,214.7,4.5,3.3,1262.5,40,2.1,1.3,0,504.9851094134404,37.625,35.562,2025-10-05 11:27:06
157.5,3.7,586.0,150.6,3,448.2,983.5,59.98,214.5,4.5,3.4,1262.6,40,2.1,1.3,0,504.9851094134404,37.875,35.75,2025-10-05 11:27:39
158.3,3.7,586.9,150.7,3,450.3,986.7,60.01,214.6,4.5,3.4,1262.6,40.1,2.1,1.3,0,504.9851094134404,38.062,35.625,2025-10-05 11:28:09
161,3.7,588.0,148,3,445.7,982.9,60,214.7,4.5,3.4,1262.6,40.1,2.1,1.3,0,504.9851094134404,38.0,35.5,2025-10-05 11:28:41
155.3,3.8,589.1,148,3,450.8,988.2,59.98,214,4.6,3.4,1262.6,40.1,2.1,1.3,0,504.9851094134404,38.125,35.625,2025-10-05 11:29:11
158,3.8,599.6,150.5,3,456.8,1003.4,60.01,213.8,4.6,3.4,1262.6,40.1,2.1,1.4,0,504.9851094134404,38.25,35.75,2025-10-05 11:29:43
157.8,3.8,594.7,150.5,3,457.7,1005.0,59.99,214,4.6,3.4,1262.6,40.1,2.1,1.4,0,504.9851094134404,38.187,35.562,2025-10-05 11:30:13
160.9,3.8,601.2,150.7,2.9,458.5,1007.4,60.01,214.6,4.6,3.4,1262.6,40,2.1,1.4,0,504.9851094134404,37.687,35.562,2025-10-05 11:30:46
160.6,3.8,600.7,151.1,2.9,458.1,1006.2,60.01,214.5,4.6,3.4,1262.6,40,2.1,1.4,0,504.9851094134404,37.687,35.187,2025-10-05 11:31:16
161,3.4,600.1,153.8,3,454.8,997.6,60.01,214.2,4.4,3.4,1262.6,40,2.1,1.4,0,504.9851094134404,37.75,35.25,2025-10-05 11:31:48
161.3,3.8,585.0,153.5,3,453.2,987.4,59.98,214,4.7,3.4,1262.6,40,2.2,1.4,0,504.9851094134404,37.812,35.25,2025-10-05 11:32:18
158.1,3.8,603.5,150.7,3,458.7,1008.5,60.04,214,4.6,3.4,1262.6,40,2.2,1.4,0,543.8301178298589,37.812,35.312,2025-10-05 11:32:51
159.6,3.8,617.2,150.8,3.1,461.2,1024.9,60.04,214.5,4.6,3.5,1262.7,40,2.2,1.4,0,543.8301178298589,38.0,35.5,2025-10-05 11:33:21
162.1,3.4,608.8,148.4,3.1,460.7,1019.2,60.04,214.9,4.4,3.5,1262.7,40,2.2,1.4,0,543.8301178298589,38.125,35.75,2025-10-05 11:33:53
158.2,3.9,618.4,150.7,3.1,462.9,1027.6,60.01,214.8,4.6,3.5,1262.7,40,2.2,1.4,0,543.8301178298589,38.25,35.937,2025-10-05 11:34:23
159,3.9,618.1,150,3.1,457.4,1022.4,60.02,214.9,4.7,3.5,1262.7,40,2.2,1.4,0,543.8301178298589,38.312,36.062,2025-10-05 11:34:56
158.1,3.9,619.7,147.8,3.1,459.1,1023.9,60.01,214.7,4.7,3.5,1262.7,40,2.2,1.4,0,543.8301178298589,38.312,36.312,2025-10-05 11:35:26
159.9,3.8,613.3,150.8,3,459.6,1019.5,60.03,214.5,4.7,3.5,1262.7,40,2.2,1.4,0,543.8301178298589,38.437,36.625,2025-10-05 11:35:58
160.4,3.8,606.8,150.7,3,457.4,1012.1,59.96,214.6,4.6,3.5,1262.7,40,2.2,1.4,0,543.8301178298589,38.562,36.75,2025-10-05 11:36:28
159.6,3.8,604.8,153.7,2.9,451.2,1004.8,60.01,214.6,4.6,3.5,1262.7,40,2.2,1.4,0,543.8301178298589,38.625,36.812,2025-10-05 11:37:01
158.9,3.9,602.2,153,2.9,457.3,1006.0,60.02,214.7,4.6,3.5,1262.7,40,2.2,1.4,0,543.8301178298589,38.625,36.875,2025-10-05 11:37:31
158.2,3.9,607.6,150.6,3,458.1,1012.9,60,214.8,4.6,3.5,1262.7,40.1,2.2,1.4,0,543.8301178298589,38.562,36.5,2025-10-05 11:38:03
158.1,3.9,607.0,151.6,3,455.8,1010.4,59.99,214.8,4.6,3.5,1262.7,40.1,2.2,1.4,0,543.8301178298589,38.375,36.312,2025-10-05 11:38:33
155,3.9,598.4,150.7,3.1,462.3,1008.4,60.03,214.7,4.6,3.5,1262.7,40.1,2.2,1.4,0,543.8301178298589,38.25,36.187,2025-10-05 11:39:05
156,3.9,605.5,150.8,3.1,464.0,1012.8,59.98,214.5,4.6,3.6,1262.8,40.2,2.2,1.4,0,543.8301178298589,38.375,36.25,2025-10-05 11:39:35
158.1,3.9,609.3,147.8,3.1,462.0,1016.2,59.99,214.6,4.7,3.6,1262.8,40.2,2.2,1.4,0,543.8301178298589,38.375,36.312,2025-10-05 11:40:08
157.1,3.9,600.3,148.1,3.1,462.7,1016.6,60.02,213.8,4.7,3.6,1262.8,40.2,2.2,1.4,0,543.8301178298589,38.625,36.25,2025-10-05 11:40:38
158.1,3.7,607.8,150.7,3.1,466.8,1021.0,60.06,213.8,4.7,3.6,1262.8,40.2,2.2,1.4,0,543.8301178298589,38.562,36.375,2025-10-05 11:41:10
158.2,3.8,611.3,150.6,3.1,468.7,1026.1,60.04,213.8,4.7,3.6,1262.8,40.2,2.2,1.4,0,543.8301178298589,38.562,36.5,2025-10-05 11:41:40
160.9,4,616.3,152.3,3,474.3,1036.2,60.02,214.4,4.8,3.6,1262.8,40.2,2.3,1.4,0,543.8301178298589,38.562,36.562,2025-10-05 11:42:13
160.9,3.8,591.5,150.6,3,465.5,1004.5,60.05,214.8,4.6,3.6,1262.8,40.1,2.3,1.5,0,504.9851094134404,38.75,36.562,2025-10-05 11:42:43
158.1,3.8,597.1,152.2,3.1,456.4,1001.2,60.03,214.8,4.6,3.6,1262.8,40.2,2.3,1.5,0,504.9851094134404,38.5,36.625,2025-10-05 11:43:15
158.2,3.8,595.6,153.7,3.1,454.6,998.8,60.03,214.7,4.6,3.6,1262.8,40.2,2.3,1.5,0,504.9851094134404,38.875,36.75,2025-10-05 11:43:45
156.2,3.8,593.5,150.7,3,459.6,1000.3,59.96,214.9,4.5,3.6,1262.8,40.2,2.3,1.5,0,504.9851094134404,38.437,36.625,2025-10-05 11:44:18
158.1,3.7,583.2,150.7,3,452.9,985.8,60.03,214.9,4.5,3.6,1262.8,40.2,2.3,1.5,0,504.9851094134404,38.687,36.562,2025-10-05 11:44:47
156.7,3.7,567.6,149.2,3,451.2,969.1,60,214.9,4.5,3.7,1262.9,40.2,2.3,1.5,0,504.9851094134404,38.687,36.5,2025-10-05 11:45:20
155.1,3.6,564.0,150.7,3,447.4,963.8,59.98,214.7,4.4,3.7,1262.9,40.2,2.3,1.5,0,504.9851094134404,38.562,36.437,2025-10-05 11:45:50
158,3.6,572.0,148.9,2.9,445.4,966.5,60.02,214.6,4.4,3.7,1262.9,40.2,2.3,1.5,0,504.9851094134404,38.562,36.625,2025-10-05 11:46:22
158.1,3.6,569.1,150,2.9,440.3,960.5,59.99,214.7,4.4,3.7,1262.9,40.2,2.3,1.5,0,504.9851094134404,38.625,36.687,2025-10-05 11:46:52
160.9,3.5,562.2,150.7,2.9,442.4,953.4,60.04,214.7,4.4,3.7,1262.9,40.2,2.3,1.5,0,504.9851094134404,38.312,36.687,2025-10-05 11:47:25
159.6,3.5,566.9,150.7,2.9,441.9,960.5,59.99,214.6,4.3,3.7,1262.9,40.1,2.3,1.5,0,504.9851094134404,38.25,36.812,2025-10-05 11:47:55
157.9,3.6,565.4,153.8,2.9,435.9,954.7,60.01,214.8,4.4,3.7,1262.9,40.1,2.3,1.5,0,504.9851094134404,38.187,36.812,2025-10-05 11:48:27
159.8,3.6,558.3,152.2,2.8,441.0,951.1,59.99,214.6,4.4,3.7,1262.9,40.1,2.3,1.5,0,504.9851094134404,38.375,36.875,2025-10-05 11:48:57
158.1,3.6,570.1,150.7,2.9,439.7,963.9,60.02,214.8,4.4,3.7,1262.9,40.1,2.3,1.5,0,504.9851094134404,38.187,36.875,2025-10-05 11:49:30
158.1,3.6,571.4,152.3,2.9,437.3,962.3,60.01,214.6,4.5,3.7,1262.9,40.1,2.3,1.5,0,504.9851094134404,38.125,36.687,2025-10-05 11:50:00
155,3.6,567.8,150.7,3,445.9,961.0,60.02,214.5,4.4,3.7,1262.9,40.1,2.3,1.5,0,504.9851094134404,38.0,36.75,2025-10-05 11:50:32
156.4,3.7,574.8,150.7,3,447.5,966.0,59.98,214.4,4.4,3.7,1262.9,40.1,2.3,1.5,0,504.9851094134404,38.187,36.625,2025-10-05 11:51:02
158.1,3.7,579.5,149.2,3,446.1,974.8,60.03,214.6,4.5,3.8,1263.0,40.1,2.3,1.5,0,504.9851094134404,38.437,36.5,2025-10-05 11:51:35
158,3.8,589.8,147.9,3,450.9,989.2,60.04,214.6,4.5,3.8,1263.0,40.1,2.3,1.5,0,504.9851094134404,38.312,36.562,2025-10-05 11:52:04
159,3.6,593.3,149.3,3.1,456.6,997.5,60.04,214.5,4.5,3.8,1263.0,40.2,2.4,1.5,0,504.9851094134404,38.25,36.5,2025-10-05 11:52:37
158.1,3.7,588.6,150.6,3,455.1,992.7,59.99,214.6,4.5,3.8,1263.0,40.2,2.4,1.5,0,504.9851094134404,38.312,36.625,2025-10-05 11:53:07
160.4,3.8,581.9,148.8,3,455.1,985.9,59.98,214.4,4.6,3.8,1263.0,40.2,2.4,1.5,0,504.9851094134404,38.437,36.75,2025-10-05 11:53:40
160.9,3.7,583.0,147.7,3,456.3,987.5,60.03,214.4,4.5,3.8,1263.0,40.2,2.4,1.5,0,504.9851094134404,38.5,36.625,2025-10-05 11:54:09
158.1,3.7,580.1,150.6,3,455.3,984.6,59.99,214.5,4.5,3.8,1263.0,40.2,2.4,1.5,0,504.9851094134404,38.562,36.75,2025-10-05 11:54:42
158.1,3.6,571.7,150.8,3,453.1,974.1,60.02,213.8,4.5,3.8,1263.0,40.3,2.4,1.5,0,504.9851094134404,38.5,36.625,2025-10-05 11:55:12
157.6,3.6,572.0,151.1,2.9,453.7,975.7,59.99,214.2,4.4,3.8,1263.0,40.3,2.4,1.6,0,504.9851094134404,38.437,36.562,2025-10-05 11:55:44
158.1,3.6,567.9,150.7,2.9,452.8,971.9,60.02,214,4.4,3.8,1263.0,40.3,2.4,1.6,0,504.9851094134404,38.5,36.625,2025-10-05 11:56:14
155.2,3.6,554.0,153.6,3,448.8,961.0,60.03,214,4.5,3.8,1263.0,40.3,2.4,1.6,0,504.9851094134404,38.625,36.687,2025-10-05 11:56:47
156.8,3.6,551.2,152.4,3,442.5,946.6,60.01,214,4.4,3.8,1263.0,40.3,2.4,1.6,0,504.9851094134404,38.812,36.937,2025-10-05 11:57:17
158.1,3.5,557.5,150.7,3,448.2,957.4,59.99,214.2,4.4,3.9,1263.1,40.4,2.4,1.6,0,504.9851094134404,38.937,36.875,2025-10-05 11:57:49
158.2,3.5,554.3,152.6,2.9,439.3,948.2,60.03,214.6,4.3,3.9,1263.1,40.5,2.4,1.6,0,504.9851094134404,38.625,36.437,2025-10-05 11:58:19
160.7,3.4,545.8,150.9,2.9,442.2,942.6,60.02,215,4.4,3.9,1263.1,40.4,2.4,1.6,0,466.14010099702193,38.0,36.125,2025-10-05 11:58:52
159.1,3.4,550.3,151.7,2.8,443.3,947.7,60.01,214.9,4.2,3.9,1263.1,40.4,2.4,1.6,0,466.14010099702193,38.25,36.187,2025-10-05 11:59:21
158.4,3.5,540.5,150.9,2.9,437.4,933.7,60,214.8,4.3,3.9,1263.1,40.4,2.4,1.6,0,466.14010099702193,38.187,36.0,2025-10-05 11:59:54
160.5,3.5,531.5,153,2.9,432.7,921.1,59.97,214.9,4.3,3.9,1263.1,40.3,2.4,1.6,0,466.14010099702193,37.937,36.125,2025-10-05 12:00:24
158.1,3.5,544.4,150.7,2.9,440.4,937.8,59.97,214.6,4.2,3.9,1263.1,40.3,2.4,1.6,0,466.14010099702193,38.0,35.937,2025-10-05 12:00:57
158.1,3.5,546.6,150.8,2.9,441.0,939.6,59.99,214.7,4.3,3.9,1263.1,40.3,2.4,1.6,0,466.14010099702193,37.812,36.0,2025-10-05 12:01:26
155.5,3.6,554.6,150.1,3,446.6,947.7,59.98,214.7,4.4,3.9,1263.1,40.3,2.4,1.6,0,504.9851094134404,37.687,36.125,2025-10-05 12:01:59
155,3.8,596.6,150.7,3.1,468.8,1009.3,59.98,214.5,4.6,3.9,1263.1,40.3,2.4,1.6,0,543.8301178298589,37.687,36.312,2025-10-05 12:02:29
157.9,3.6,570.9,150.7,3,454.6,977.4,60,214.6,4.5,3.9,1263.1,40.3,2.5,1.6,0,504.9851094134404,38.062,36.562,2025-10-05 12:03:01
158.3,3.6,561.5,150.7,3,451.4,964.8,60.02,214.7,4.5,3.9,1263.1,40.3,2.5,1.6,0,504.9851094134404,38.062,36.562,2025-10-05 12:03:31
157.6,3.7,577.6,148.2,3,454.6,982.1,60.04,214.8,4.5,4.0,1263.2,40.3,2.5,1.6,0,504.9851094134404,38.375,36.75,2025-10-05 12:04:04
158.1,3.6,570.0,150.7,3,450.8,972.9,60.01,214.8,4.4,4.0,1263.2,40.3,2.5,1.6,0,504.9851094134404,38.562,36.937,2025-10-05 12:04:34
155.3,3.6,557.5,150.7,2.9,454.4,961.9,59.97,214.8,4.4,4.0,1263.2,40.4,2.5,1.6,0,504.9851094134404,38.25,37.062,2025-10-05 12:05:06
155,3.6,568.7,147.8,3.1,456.0,975.5,59.97,214.9,4.5,4.0,1263.2,40.4,2.5,1.6,0,504.9851094134404,37.812,37.187,2025-10-05 12:05:36
157.9,3.7,578.4,150.7,3,459.9,986.9,60,215,4.5,4.0,1263.2,40.4,2.5,1.6,0,504.9851094134404,38.0,37.375,2025-10-05 12:06:09
158,3.7,582.0,150.7,3.1,462.6,992.8,59.99,215.1,4.5,4.0,1263.2,40.3,2.5,1.6,0,504.9851094134404,38.25,37.375,2025-10-05 12:06:38
158.2,3.6,589.9,147.8,3.1,465.5,1003.0,60.01,215.1,4.6,4.0,1263.2,40.3,2.5,1.6,0,543.8301178298589,38.062,37.25,2025-10-05 12:07:11
158.5,3.7,603.9,153.4,3.2,468.2,1020.3,60.01,215,4.6,4.0,1263.2,40.3,2.5,1.6,0,543.8301178298589,38.187,37.187,2025-10-05 12:07:41
158.7,3.9,605.8,150.7,3.2,481.3,1033.1,59.99,214.8,4.8,4.0,1263.2,40.2,2.5,1.6,0,543.8301178298589,38.312,37.25,2025-10-05 12:08:14
160.9,3.9,609.7,150.6,3.2,484.5,1039.5,60.01,214.9,4.8,4.0,1263.2,40.3,2.5,1.6,0,543.8301178298589,38.437,37.437,2025-10-05 12:08:43
161.1,4.3,679.2,150.5,3.5,519.2,1137.1,59.97,215.1,5.3,4.0,1263.2,40.2,2.5,1.7,0,621.5201346626959,38.687,37.625,2025-10-05 12:09:16
158.2,4.3,674.2,150.7,3.4,516.5,1130.0,59.97,215.2,5.2,4.1,1263.3,40.3,2.5,1.7,0,621.5201346626959,39.062,37.75,2025-10-05 12:09:46
159.8,4.3,698.7,152.6,3.4,529.7,1165.6,59.97,215.4,5.3,4.1,1263.3,40.3,2.5,1.7,0,621.5201346626959,39.062,37.687,2025-10-05 12:10:19
158.2,4.3,710.2,147.9,3.6,537.7,1182.0,60.02,215.4,5.3,4.1,1263.3,40.5,2.5,1.7,0,621.5201346626959,39.125,37.625,2025-10-05 12:10:48
159.7,4.5,694.1,147.7,3.6,536.8,1180.0,60.01,215.4,5.4,4.1,1263.3,40.5,2.5,1.7,0,621.5201346626959,38.687,37.75,2025-10-05 12:11:21
160.8,4.6,706.5,147.7,3.7,537.9,1181.9,59.96,215.4,5.5,4.1,1263.3,40.6,2.5,1.7,0,660.3651430791144,39.0,37.687,2025-10-05 12:11:51
158.2,4.8,753.6,147.8,3.7,554.3,1238.3,59.96,215.3,5.7,4.1,1263.3,40.5,2.6,1.7,0,660.3651430791144,39.062,37.625,2025-10-05 12:12:23
158.1,5.2,824.2,148.9,4,602.3,1350.8,59.99,215.2,6.2,4.1,1263.3,40.6,2.6,1.7,0,738.0551599119514,39.375,37.75,2025-10-05 12:12:53
154.8,5.3,846.9,150.6,4.3,638.1,1405.7,60.04,215.2,6.3,4.1,1263.3,40.7,2.6,1.7,0,776.9001683283698,39.562,37.937,2025-10-05 12:13:26
159.5,4.3,649.4,150,3.4,518.9,1109.3,59.97,214.9,5.2,4.1,1263.3,40.8,2.6,1.7,0,621.5201346626959,39.875,38.187,2025-10-05 12:13:55
158,4.1,638.1,144.9,3.3,487.6,1068.0,59.98,214.7,4.9,4.1,1263.3,40.8,2.6,1.7,0,582.6751262462774,39.937,38.375,2025-10-05 12:14:28
158.1,4,628.6,150.7,3.2,488.1,1062.0,60.01,214.5,4.8,4.2,1263.4,40.8,2.6,1.7,0,543.8301178298589,39.812,38.375,2025-10-05 12:14:58
155.2,3.9,613.8,147.8,3.2,487.0,1045.7,60.02,214.5,4.9,4.2,1263.4,40.8,2.6,1.7,0,543.8301178298589,39.625,38.187,2025-10-05 12:15:31
155.8,4,618.3,147.8,3.3,486.0,1049.7,60.03,214.6,4.8,4.2,1263.4,40.9,2.6,1.7,0,543.8301178298589,39.625,38.187,2025-10-05 12:16:00
158.1,3.9,615.8,148.8,3.3,485.6,1048.4,59.99,214.5,4.8,4.2,1263.4,40.9,2.6,1.7,0,543.8301178298589,39.875,38.125,2025-10-05 12:16:33
157.1,4,633.2,147.6,3.3,494.9,1070.6,59.99,215,4.9,4.2,1263.4,41,2.6,1.7,0,582.6751262462774,39.75,38.25,2025-10-05 12:17:03
159.1,3.8,645.4,146.7,3.4,494.2,1081.3,59.96,215,4.8,4.2,1263.4,41,2.6,1.7,0,582.6751262462774,39.937,38.375,2025-10-05 12:17:36
158.1,4,647.9,150.8,3.4,502.0,1092.6,59.99,215.2,4.9,4.2,1263.4,41.1,2.6,1.7,0,582.6751262462774,40.062,38.125,2025-10-05 12:18:05
160.3,4.4,658.8,148.5,3.6,532.5,1132.1,60.04,215.2,5.4,4.2,1263.4,41.1,2.6,1.7,0,621.5201346626959,40.125,38.125,2025-10-05 12:18:38
156.8,5.7,875.3,149.5,4.5,653.2,1443.4,60.01,215.3,6.8,4.2,1263.4,41.2,2.6,1.7,0,854.5901851612068,40.437,38.375,2025-10-05 12:19:08
156.3,5.8,867.2,145.9,4.6,645.0,1430.6,60.05,215.3,6.9,4.2,1263.4,41.3,2.6,1.7,0,854.5901851612068,40.625,38.562,2025-10-05 12:19:40
157.7,6.2,998.4,147.5,5,757.3,1656.1,60.03,215.4,7.3,4.3,1263.5,41.6,2.6,1.8,0,932.2802019940439,40.875,39.125,2025-10-05 12:20:10
156.1,6.2,934.3,149.8,4.5,680.0,1521.9,60.04,215.2,7.3,4.3,1263.5,41.7,2.6,1.8,0,893.4351935776253,41.0,39.437,2025-10-05 12:20:43
158.2,5.1,795.6,150.7,4,595.1,1317.8,60.04,215.1,6.1,4.3,1263.5,41.8,2.7,1.8,0,738.0551599119514,40.875,39.75,2025-10-05 12:21:12
150.2,6.2,902.6,150.8,4.6,684.7,1514.2,60.02,215.3,7.1,4.3,1263.5,41.8,2.7,1.8,0,893.4351935776253,41.125,39.687,2025-10-05 12:21:45
152.3,7.7,1147.8,142.4,5.7,802.7,1830.8,59.99,216,8.5,4.3,1263.5,41.9,2.7,1.8,0,1087.6602356597177,41.812,39.937,2025-10-05 12:22:15
150.8,7.3,1084.4,143.3,5.3,771.2,1741.1,60.04,215.8,8.2,4.3,1263.5,42.2,2.7,1.8,0,1009.9702188268808,42.562,40.687,2025-10-05 12:22:48
155.1,7.4,1132.1,147.8,5.5,806.8,1821.0,60,215.9,8.4,4.3,1263.5,42.3,2.7,1.8,0,1048.8152272432992,42.937,40.687,2025-10-05 12:23:17
154.9,6.2,959.3,147.6,4.7,721.9,1583.7,59.97,215.4,7.1,4.4,1263.6,42.5,2.7,1.8,0,854.5901851612068,43.062,40.437,2025-10-05 12:23:50
153.2,7.9,1183.0,142.6,5.8,825.0,1885.3,59.98,216,8.8,4.4,1263.6,42.4,2.7,1.8,0,1126.5052440761365,43.0,40.062,2025-10-05 12:24:20
153.9,6,1009.3,147.7,4.7,706.1,1612.5,59.98,215.7,6.8,4.4,1263.6,42.6,2.7,1.8,0,854.5901851612068,43.375,40.437,2025-10-05 12:24:53
155.1,6.2,949.9,149.9,4.6,698.5,1554.7,60,215.4,7.3,4.4,1263.6,42.6,2.7,1.8,0,893.4351935776253,43.312,40.687,2025-10-05 12:25:22
152.5,7.1,1048.7,151.1,5.1,768.8,1723.8,60.03,215.8,8.2,4.4,1263.6,42.7,2.7,1.8,0,1048.8152272432992,43.625,40.875,2025-10-05 12:25:55
154.3,8.5,1279.0,147.3,6.1,910.4,2057.8,59.98,216.1,9.5,4.4,1263.6,42.9,2.7,1.8,0,1204.1952609089733,43.937,41.437,2025-10-05 12:26:25
152.3,8.2,1236.2,146.3,6.2,896.8,1999.5,60.02,216.2,9.2,4.4,1263.6,43.3,2.8,1.8,0,1165.3502524925548,44.562,41.625,2025-10-05 12:26:57
152.2,8.6,1293.5,146.3,6.4,927.6,2081.7,59.99,216.3,9.5,4.5,1263.7,43.5,2.8,1.8,0,1243.0402693253918,45.125,41.937,2025-10-05 12:27:27
150.1,8.6,1282.6,144.8,6.5,935.6,2077.8,60.04,216.1,9.7,4.5,1263.7,43.8,2.8,1.9,0,1243.0402693253918,45.312,42.5,2025-10-05 12:28:00
149,7.7,1143.8,144.7,5.7,843.0,1865.6,59.99,215.7,8.6,4.5,1263.7,44.1,2.8,1.9,0,1087.6602356597177,45.75,42.937,2025-10-05 12:28:30
145.4,5.7,903.0,150.2,4.4,678.8,1494.3,59.98,215.7,6.2,4.5,1263.7,44.2,2.8,1.9,0,776.9001683283698,45.687,43.25,2025-10-05 12:29:02
152.4,3.7,566.6,148,3.2,466.4,979.4,60.01,214.9,4.5,4.5,1263.7,44.2,2.8,1.9,0,504.9851094134404,45.187,42.75,2025-10-05 12:29:32
154.1,4.8,638.4,144.1,3.8,506.5,1082.7,60.01,215.1,5.9,4.5,1263.7,44,2.8,1.9,0,738.0551599119514,44.812,41.937,2025-10-05 12:30:05
154.7,8.1,1198.8,143.3,6.2,898.3,1966.4,60.01,216.4,9.2,4.5,1263.7,43.9,2.8,1.9,0,1165.3502524925548,44.562,41.687,2025-10-05 12:30:34
153.3,7.9,1177.5,143.5,6,867.1,1915.1,60.01,216.4,8.8,4.6,1263.8,44.2,2.8,1.9,0,1126.5052440761365,44.562,42.187,2025-10-05 12:31:07
150.4,7.2,1093.0,143.2,5.5,802.1,1772.3,59.99,216.1,8.2,4.6,1263.8,44.4,2.8,1.9,0,1009.9702188268808,44.625,42.0,2025-10-05 12:31:37
153.5,7.1,1087.5,147.5,4.9,734.7,1716.8,59.99,215.4,7.9,4.6,1263.8,44.2,2.8,1.9,0,932.2802019940439,44.5,41.875,2025-10-05 12:32:10
150.8,8,1188.6,145.8,6,878.9,1938.5,60.03,215.7,9,4.6,1263.8,44.3,2.9,1.9,0,1126.5052440761365,45.0,42.625,2025-10-05 12:32:39
150.5,3.5,525.9,144.7,3.1,446.9,925.8,59.99,214.2,4.2,4.6,1263.8,44.4,2.9,1.9,0,466.14010099702193,45.0,42.312,2025-10-05 12:33:12
153.6,3.1,471.9,146.8,2.8,416.5,846.2,59.99,214.3,4,4.6,1263.8,44.2,2.9,1.9,0,427.2950925806034,44.25,41.375,2025-10-05 12:33:42
153.6,2.8,433.6,147.8,2.7,396.0,791.4,59.99,214.3,3.6,4.6,1263.8,44,2.9,1.9,0,388.4500841641849,43.625,40.187,2025-10-05 12:34:14
153.5,2.6,399.3,147.8,2.5,375.6,739.5,60.02,213.9,3.5,4.6,1263.8,43.8,2.9,1.9,0,349.6050757477664,43.187,39.5,2025-10-05 12:34:44
151.1,2.4,364.6,145.2,2.4,349.2,681.2,59.97,213.5,3.2,4.6,1263.8,43.7,2.9,1.9,0,310.76006733134795,42.75,38.687,2025-10-05 12:35:17
152.9,2.3,347.8,147.1,2.2,333.2,652.4,60.02,213.6,3,4.7,1263.9,43.6,2.9,1.9,0,271.91505891492943,42.125,37.687,2025-10-05 12:35:47
153.2,2.2,334.7,147.4,2.2,323.7,635.5,59.99,213.6,2.9,4.7,1263.9,43.5,2.9,1.9,0,271.91505891492943,41.875,36.875,2025-10-05 12:36:19
151.2,2.1,317.5,148.2,2.1,310.9,609.5,59.99,213.6,2.8,4.7,1263.9,43.3,2.9,1.9,0,271.91505891492943,41.312,36.687,2025-10-05 12:36:49
154,2,309.8,147.8,2,301.2,588.4,59.97,214.2,2.7,4.7,1263.9,43.1,2.9,1.9,0,271.91505891492943,41.0,36.562,2025-10-05 12:37:22
153.6,1.9,298.7,147.9,1.9,282.8,561.3,59.96,214.1,2.6,4.7,1263.9,43,2.9,1.9,0,233.07005049851097,40.687,36.187,2025-10-05 12:37:51
153.8,1.9,297.8,148,1.8,275.6,552.6,59.99,214.5,2.5,4.7,1263.9,42.9,2.9,1.9,0,233.07005049851097,40.312,35.75,2025-10-05 12:38:24
153.5,1.9,298.4,144.6,1.8,267.1,545.7,59.98,214.3,2.5,4.7,1263.9,42.7,2.9,1.9,0,233.07005049851097,40.125,35.5,2025-10-05 12:38:54
156.3,1.9,296.8,147.9,1.8,264.6,541.7,59.99,214.3,2.5,4.7,1263.9,42.6,2.9,1.9,0,233.07005049851097,39.812,35.562,2025-10-05 12:39:27
157.4,1.9,285.7,147.7,1.8,263.1,529.2,59.95,214.1,2.5,4.7,1263.9,42.5,2.9,2.0,0,233.07005049851097,39.625,35.375,2025-10-05 12:39:56
156.6,2,312.2,145,1.8,258.2,549.8,59.98,214.1,2.5,4.7,1263.9,42.4,2.9,2.0,0,271.91505891492943,39.062,35.25,2025-10-05 12:40:29
156.6,2,315.9,150.3,1.7,262.9,558.7,60.02,214.2,2.5,4.7,1263.9,42.3,2.9,2.0,0,271.91505891492943,38.812,35.062,2025-10-05 12:40:59
153.7,2,312.3,147.6,1.7,259.6,553.0,59.98,214.2,2.6,4.7,1263.9,42.1,2.9,2.0,0,271.91505891492943,38.625,34.875,2025-10-05 12:41:31
154.1,2,314.5,150.6,1.7,257.7,553.0,59.97,214.2,2.6,4.7,1263.9,42,2.9,2.0,0,271.91505891492943,38.562,34.875,2025-10-05 12:42:01
156.7,2.1,324.6,148.6,1.7,256.8,562.5,59.99,214.3,2.6,4.7,1263.9,41.9,2.9,2.0,0,271.91505891492943,38.562,34.375,2025-10-05 12:42:34
159.6,2.1,330.3,150.7,1.6,256.4,567.9,60.01,214.4,2.6,4.7,1263.9,41.8,2.9,2.0,0,271.91505891492943,37.937,34.375,2025-10-05 12:43:04
159.6,2.1,338.8,149.9,1.7,256.0,575.3,59.98,214.3,2.7,4.7,1263.9,41.7,2.9,2.0,0,271.91505891492943,37.687,34.437,2025-10-05 12:43:36
159.7,2.1,338.0,150.8,1.7,254.4,573.3,59.98,214.3,2.7,4.7,1263.9,41.6,2.9,2.0,0,271.91505891492943,37.562,34.437,2025-10-05 12:44:06
160.7,1.8,334.4,151.7,1.6,254.5,570.3,59.98,214.4,2.4,4.7,1263.9,41.6,2.9,2.0,0,271.91505891492943,37.562,34.5,2025-10-05 12:44:39
159.6,1.9,342.4,147.8,1.7,254.7,576.8,60.03,214.5,2.5,4.7,1263.9,41.4,2.9,2.0,0,271.91505891492943,37.5,34.5,2025-10-05 12:45:08
161.8,2.2,322.8,150.7,1.7,259.7,562.6,60,214.7,2.7,4.7,1263.9,41.3,2.9,2.0,0,310.76006733134795,37.5,34.562,2025-10-05 12:45:41
162.4,2.3,351.3,150.7,1.7,264.8,587.0,60.05,214.4,2.8,4.8,1264.0,41.2,2.9,2.0,0,310.76006733134795,37.312,34.437,2025-10-05 12:46:11
159.6,2.3,372.1,147.8,1.8,266.5,617.9,60,214.4,2.8,4.8,1264.0,41.1,2.9,2.0,0,310.76006733134795,37.187,34.375,2025-10-05 12:46:44
159.1,2.4,375.7,151.5,1.8,266.6,619.8,59.97,214.3,2.9,4.8,1264.0,41,2.9,2.0,0,310.76006733134795,37.187,34.312,2025-10-05 12:47:13
156.5,2.3,369.3,150.7,1.8,272.8,617.5,59.99,213.6,2.9,4.8,1264.0,40.9,2.9,2.0,0,310.76006733134795,37.062,34.187,2025-10-05 12:47:46
157.4,2.4,374.9,148.7,1.8,276.0,625.2,60.03,213.6,2.9,4.8,1264.0,40.8,2.9,2.0,0,310.76006733134795,36.937,34.062,2025-10-05 12:48:16
159.7,2.3,364.6,150.6,1.8,271.0,613.6,59.98,213.7,2.9,4.8,1264.0,40.8,3.0,2.0,0,310.76006733134795,36.937,33.937,2025-10-05 12:48:48
158.6,2.3,363.2,149.7,1.8,275.5,615.1,60,214.3,2.9,4.8,1264.0,40.7,3.0,2.0,0,310.76006733134795,36.812,33.875,2025-10-05 12:49:18
159.6,2.2,360.0,150.8,1.8,276.7,613.2,59.99,214.3,2.8,4.8,1264.0,40.6,3.0,2.0,0,310.76006733134795,36.312,33.812,2025-10-05 12:49:51
159.6,2.2,359.7,149.4,1.8,274.5,612.2,59.96,214.1,2.8,4.8,1264.0,40.5,3.0,2.0,0,310.76006733134795,36.062,33.75,2025-10-05 12:50:21
162.3,2.2,359.8,150.6,1.8,284.7,621.2,60.01,214.3,2.8,4.8,1264.0,40.3,3.0,2.0,0,310.76006733134795,36.25,33.687,2025-10-05 12:50:53
160.5,2.2,369.9,150.7,1.9,290.5,631.2,60,214.4,3,4.8,1264.0,40.3,3.0,2.0,0,310.76006733134795,36.375,33.812,2025-10-05 12:51:23
159.7,2.4,384.3,152.3,2,301.0,658.9,59.97,214.6,3.1,4.8,1264.0,40.3,3.0,2.0,0,310.76006733134795,36.187,33.75,2025-10-05 12:51:56
161.4,2.5,395.1,153.7,2,306.8,675.1,60,214.8,3.1,4.8,1264.0,40.3,3.0,2.0,0,349.6050757477664,35.875,33.875,2025-10-05 12:52:25
162.5,2.5,409.4,153,2.1,317.9,700.5,60.03,214.8,3.3,4.8,1264.0,40.2,3.0,2.0,0,349.6050757477664,35.937,33.875,2025-10-05 12:52:58
159.6,2.7,427.0,150.7,2.2,334.4,729.7,60,214.9,3.4,4.8,1264.0,40.1,3.0,2.0,0,349.6050757477664,36.25,34.062,2025-10-05 12:53:28
159.6,2.8,443.4,148.9,2.3,343.1,753.2,60.05,215,3.5,4.8,1264.0,40.1,3.0,2.0,0,388.4500841641849,36.062,34.187,2025-10-05 12:54:01
159.6,2.9,457.6,153.7,2.4,360.5,784.0,60.02,215,3.7,4.8,1264.0,40.1,3.0,2.0,0,388.4500841641849,35.937,34.25,2025-10-05 12:54:30
161.7,3,479.7,151.4,2.5,385.1,827.5,60.03,215.1,3.8,4.8,1264.0,40.1,3.0,2.0,0,427.2950925806034,36.062,34.375,2025-10-05 12:55:03
158.4,3.3,509.5,156.7,2.8,409.1,877.8,59.98,214.3,4.2,4.9,1264.1,40.1,3.0,2.0,0,466.14010099702193,36.187,34.625,2025-10-05 12:55:33
163.7,3.6,554.4,150.7,3.2,483.9,989.2,60.04,214.6,4.6,4.9,1264.1,40.2,3.0,2.0,0,504.9851094134404,36.25,34.937,2025-10-05 12:56:05
161.2,3.3,545.1,149.2,3.1,478.3,967.0,60.02,214.3,4.4,4.9,1264.1,40.2,3.0,2.0,0,504.9851094134404,36.437,35.062,2025-10-05 12:56:35
163.2,3.7,622.2,152.3,3,477.6,1029.6,60.02,214.4,4.6,4.9,1264.1,40.2,3.0,2.0,0,504.9851094134404,36.812,35.437,2025-10-05 12:57:08
161,3.1,502.6,152.2,2.9,446.8,906.7,60.02,214.7,4.2,4.9,1264.1,40.2,3.0,2.0,0,466.14010099702193,36.875,35.375,2025-10-05 12:57:38
163.6,2.8,487.6,152.2,2.9,444.2,885.7,59.98,214.7,4.1,4.9,1264.1,40.2,3.0,2.0,0,466.14010099702193,37.0,35.5,2025-10-05 12:58:10
162.2,3.2,533.0,150,3.2,465.4,950.0,59.98,214.9,4.4,4.9,1264.1,40.1,3.0,2.1,0,504.9851094134404,37.25,35.437,2025-10-05 12:58:40
161,6,949.8,152,5.5,833.8,1679.9,59.97,215.8,7.8,4.9,1264.1,40.3,3.0,2.1,0,893.4351935776253,38.062,36.437,2025-10-05 12:59:13
160.4,5.8,937.5,147.2,5.6,826.7,1662.2,59.97,215.8,7.8,4.9,1264.1,40.6,3.0,2.1,0,893.4351935776253,38.625,37.312,2025-10-05 12:59:42
160,5.9,923.6,148.1,5.6,832.9,1657.2,60.04,215.8,7.7,4.9,1264.1,40.8,3.1,2.1,0,893.4351935776253,38.625,38.125,2025-10-05 13:00:15
162,5.7,889.4,148.4,5.4,815.6,1608.6,60,215.6,7.4,5.0,1264.2,41,3.1,2.1,0,854.5901851612068,39.375,38.75,2025-10-05 13:00:45
159.6,5.4,853.7,148.2,5.1,767.7,1529.7,59.99,215.6,6.9,5.0,1264.2,41.1,3.1,2.1,0,776.9001683283698,40.0,39.5,2025-10-05 13:01:18
159.6,5.1,805.1,147.1,5,729.1,1452.3,60.03,215.7,6.7,5.0,1264.2,41.2,3.1,2.1,0,738.0551599119514,40.125,40.187,2025-10-05 13:01:47
156.9,5.1,803.3,147.8,5,736.6,1448.3,60.03,215.7,6.7,5.0,1264.2,41.3,3.1,2.1,0,776.9001683283698,40.375,40.375,2025-10-05 13:02:20
156.3,4.9,766.0,150.5,4.7,710.9,1394.6,60.06,215.6,6.4,5.0,1264.2,41.4,3.1,2.1,0,699.2101514955328,40.687,40.75,2025-10-05 13:02:50
159.6,4.8,758.3,150.7,4.6,701.4,1380.5,60.04,215.4,6.4,5.0,1264.2,41.5,3.1,2.1,0,699.2101514955328,40.875,40.687,2025-10-05 13:03:22
159.7,4.7,742.9,150.7,4.6,692.2,1357.5,60.04,215.6,6.3,5.0,1264.2,41.5,3.1,2.1,0,699.2101514955328,41.25,40.875,2025-10-05 13:03:52
159.6,4.2,673.1,150.3,4.3,636.2,1241.1,60.04,215.5,5.7,5.0,1264.2,41.6,3.1,2.1,0,621.5201346626959,41.562,41.0,2025-10-05 13:04:25
156.3,4.1,648.6,150.8,4.2,620.4,1201.9,60.03,215.5,5.6,5.1,1264.3,41.7,3.1,2.1,0,621.5201346626959,41.687,41.0,2025-10-05 13:04:55
159.4,3.6,565.2,147.9,3.7,560.8,1070.1,60.04,214.4,4.9,5.1,1264.3,41.7,3.1,2.1,0,543.8301178298589,41.687,41.125,2025-10-05 13:05:27
159.3,3,471.8,147.7,3.1,481.6,896.8,60.02,214.1,4.2,5.1,1264.3,41.7,3.1,2.1,0,427.2950925806034,41.562,41.0,2025-10-05 13:05:57
153.6,2.8,429.3,150.6,3,436.4,825.2,60.02,214.6,3.9,5.1,1264.3,41.6,3.1,2.1,0,427.2950925806034,41.437,40.562,2025-10-05 13:06:30
153.6,2.7,421.7,149.6,2.9,424.3,807.3,60.01,214.8,3.8,5.1,1264.3,41.5,3.1,2.1,0,388.4500841641849,41.062,40.125,2025-10-05 13:07:00
156.6,2.8,435.7,147.8,2.9,431.6,826.7,60,214.8,3.8,5.1,1264.3,41.5,3.1,2.1,0,388.4500841641849,41.0,39.562,2025-10-05 13:07:32
156.8,2.7,431.1,147.8,2.8,421.9,814.5,60,214.7,3.8,5.1,1264.3,41.5,3.1,2.2,0,388.4500841641849,40.5,39.062,2025-10-05 13:08:02
159.3,2.6,420.4,144.9,2.8,405.7,790.2,60,214.5,3.7,5.1,1264.3,41.3,3.1,2.2,0,388.4500841641849,40.187,38.687,2025-10-05 13:08:35
154.6,2.7,415.1,146.7,2.7,405.5,783.8,59.98,214.5,3.7,5.1,1264.3,41.3,3.1,2.2,0,388.4500841641849,40.25,38.5,2025-10-05 13:09:04
157.1,2.7,421.0,145.2,2.7,396.7,781.5,60.02,213.9,3.7,5.1,1264.3,41.2,3.1,2.2,0,388.4500841641849,40.25,38.0,2025-10-05 13:09:37
160,2.3,412.5,146.9,2.6,387.5,765.2,59.99,213.7,3.3,5.1,1264.3,41.1,3.2,2.2,0,388.4500841641849,40.187,37.687,2025-10-05 13:10:07
159.2,2.6,406.7,145.3,2.6,377.8,748.7,60.01,213.9,3.5,5.1,1264.3,41.1,3.2,2.2,0,388.4500841641849,39.875,37.375,2025-10-05 13:10:40
157.1,2.5,398.9,150.3,2.5,370.2,738.7,60.04,213.8,3.5,5.1,1264.3,41.1,3.2,2.2,0,349.6050757477664,39.562,37.062,2025-10-05 13:11:09
159.6,2.3,393.1,147.8,2.4,361.7,722.3,60.03,214.4,3.2,5.2,1264.4,41,3.2,2.2,0,349.6050757477664,39.062,36.625,2025-10-05 13:11:42
159.6,2.4,384.4,150.8,2.3,350.0,704.0,60.02,214.4,3.3,5.2,1264.4,40.9,3.2,2.2,0,349.6050757477664,38.875,36.437,2025-10-05 13:12:12
161,2.2,341.2,150.3,2.3,339.4,656.9,60.02,214.3,3.1,5.2,1264.4,40.9,3.2,2.2,0,349.6050757477664,38.875,36.0,2025-10-05 13:12:44
161.8,2,366.3,150.9,2.2,332.9,666.2,60.02,214.4,3,5.2,1264.4,40.8,3.2,2.2,0,310.76006733134795,38.812,35.875,2025-10-05 13:13:14
159.1,2.3,363.4,147.9,2.1,326.4,661.8,59.99,214.5,3.1,5.2,1264.4,40.8,3.2,2.2,0,310.76006733134795,38.812,35.875,2025-10-05 13:13:47
160.4,2.3,339.3,147.9,2.1,319.0,631.1,59.99,214.5,3.1,5.2,1264.4,40.7,3.2,2.2,0,310.76006733134795,38.437,35.875,2025-10-05 13:14:17
159.6,2.3,363.3,145,2.1,310.5,647.8,60.03,214.5,3,5.2,1264.4,40.6,3.2,2.2,0,310.76006733134795,38.437,35.75,2025-10-05 13:14:49
159.6,2.2,357.8,150.7,2,309.9,643.0,59.97,214.6,2.9,5.2,1264.4,40.6,3.2,2.2,0,310.76006733134795,38.437,35.625,2025-10-05 13:15:19
156.8,2.2,348.2,147.7,2.1,306.1,629.7,59.99,214.6,2.9,5.2,1264.4,40.6,3.2,2.2,0,310.76006733134795,38.437,35.5,2025-10-05 13:15:52
156.3,2.2,345.8,147.8,2,300.3,617.3,60.01,214.6,2.9,5.2,1264.4,40.5,3.2,2.2,0,310.76006733134795,37.937,35.437,2025-10-05 13:16:22
159.6,2.1,338.6,150.7,1.9,290.5,606.8,60.03,214.6,2.8,5.2,1264.4,40.4,3.2,2.2,0,310.76006733134795,37.937,35.187,2025-10-05 13:16:54
159.7,2.1,330.4,145.3,1.9,280.8,588.1,59.98,214.7,2.7,5.2,1264.4,40.3,3.2,2.2,0,310.76006733134795,37.125,35.062,2025-10-05 13:17:24
159.5,1.8,318.8,147.7,1.9,279.1,575.8,59.99,214.5,2.5,5.2,1264.4,40.1,3.2,2.2,0,271.91505891492943,37.187,34.812,2025-10-05 13:17:56
159.9,1.8,314.9,148.1,1.8,274.0,567.7,60,214.3,2.5,5.2,1264.4,40,3.2,2.2,0,271.91505891492943,37.187,34.75,2025-10-05 13:18:26
160.7,1.9,286.1,147,1.8,267.4,535.2,59.98,214.3,2.5,5.2,1264.4,40,3.2,2.2,0,271.91505891492943,36.937,34.625,2025-10-05 13:18:59
162.4,1.9,284.3,150.5,1.8,268.7,537.0,59.99,214.2,2.6,5.2,1264.4,39.9,3.2,2.2,0,271.91505891492943,37.125,34.687,2025-10-05 13:19:29
159.6,1.9,307.9,149.8,1.8,270.9,559.2,59.98,214,2.6,5.2,1264.4,39.9,3.2,2.2,0,271.91505891492943,36.875,34.625,2025-10-05 13:20:01
159.6,1.9,305.8,147.6,1.8,271.3,557.6,59.99,214.2,2.6,5.2,1264.4,39.9,3.2,2.2,0,271.91505891492943,36.687,34.5,2025-10-05 13:20:31
157.5,1.9,311.1,148.7,1.8,269.6,560.9,60.04,214.3,2.6,5.3,1264.5,39.9,3.2,2.2,0,271.91505891492943,36.312,34.375,2025-10-05 13:21:04
159.5,2,311.4,147.8,1.8,270.8,561.0,60.06,214.6,2.6,5.3,1264.5,39.8,3.2,2.2,0,271.91505891492943,36.25,34.312,2025-10-05 13:21:34
158.5,2,311.9,145.8,1.8,266.1,561.6,60.05,214.4,2.7,5.3,1264.5,39.7,3.2,2.2,0,271.91505891492943,36.125,34.312,2025-10-05 13:22:06
159.7,2,318.3,150.7,1.8,273.8,571.4,60.04,214.6,2.6,5.3,1264.5,39.6,3.2,2.2,0,271.91505891492943,36.062,34.25,2025-10-05 13:22:36
159.6,2,326.3,147.8,1.8,277.0,581.6,59.97,214.6,2.6,5.3,1264.5,39.6,3.2,2.2,0,271.91505891492943,36.125,34.125,2025-10-05 13:23:09
159.6,2.1,329.8,150.8,1.8,279.0,588.5,59.97,214.5,2.7,5.3,1264.5,39.6,3.2,2.2,0,310.76006733134795,36.125,34.062,2025-10-05 13:23:39
162.6,2.1,328.3,147.8,1.9,280.8,587.2,59.99,214,2.7,5.3,1264.5,39.5,3.2,2.2,0,310.76006733134795,36.062,33.875,2025-10-05 13:24:11
161.9,2,335.8,151.4,1.9,281.4,594.9,59.98,213.5,2.8,5.3,1264.5,39.4,3.2,2.2,0,310.76006733134795,36.25,33.875,2025-10-05 13:24:41
159.6,2.1,339.1,150.7,1.8,286.8,604.7,59.96,213.8,2.8,5.3,1264.5,39.4,3.2,2.2,0,310.76006733134795,36.312,33.937,2025-10-05 13:25:14
162.6,2.1,342.9,148.6,1.9,290.6,613.3,59.97,214.5,2.9,5.3,1264.5,39.4,3.2,2.2,0,310.76006733134795,36.312,33.875,2025-10-05 13:25:43
159.5,2.2,352.4,150.6,2,299.7,627.0,59.99,214.5,2.9,5.3,1264.5,39.3,3.2,2.2,0,310.76006733134795,36.25,34.0,2025-10-05 13:26:16
161.1,2.2,363.5,150.7,2,304.8,643.1,59.98,214.4,2.9,5.3,1264.5,39.4,3.2,2.2,0,310.76006733134795,35.875,33.812,2025-10-05 13:26:46
162.5,2.2,372.0,147.6,2.1,308.8,653.7,60.01,214.1,2.8,5.3,1264.5,39.4,3.2,2.3,0,310.76006733134795,36.062,33.875,2025-10-05 13:27:18
159.6,2.3,378.0,153.7,2.1,312.0,662.8,59.98,214,3.1,5.3,1264.5,39.4,3.3,2.3,0,349.6050757477664,36.125,33.875,2025-10-05 13:27:48
162.5,2.4,389.1,147.6,2.1,317.1,678.0,59.98,214.2,3.1,5.3,1264.5,39.4,3.3,2.3,0,349.6050757477664,36.187,33.75,2025-10-05 13:28:21
162.6,2.4,392.2,152.8,2.1,315.7,681.9,59.99,214.5,3.2,5.3,1264.5,39.4,3.3,2.3,0,349.6050757477664,36.062,33.625,2025-10-05 13:28:51
163.4,2.2,396.9,149.3,2.1,320.3,689.0,59.97,214,3.1,5.3,1264.5,39.4,3.3,2.3,0,349.6050757477664,35.875,33.312,2025-10-05 13:29:23
162.5,2.3,398.8,152.8,2.1,318.5,690.1,59.98,214,3.1,5.3,1264.5,39.4,3.3,2.3,0,349.6050757477664,35.875,33.312,2025-10-05 13:29:53
165.2,2.5,365.5,149.2,2.1,320.1,660.7,59.96,214.4,3.2,5.3,1264.5,39.3,3.3,2.3,0,349.6050757477664,35.687,33.187,2025-10-05 13:30:26
165.1,2.5,382.6,149.4,2.1,321.7,659.4,60,214.5,3.2,5.4,1264.6,39.3,3.3,2.3,0,349.6050757477664,35.687,33.25,2025-10-05 13:30:56
162.6,2.4,395.8,152,2.1,321.6,690.0,60.01,214.3,3.2,5.4,1264.6,39.2,3.3,2.3,0,349.6050757477664,35.687,33.25,2025-10-05 13:31:28
162.9,2.4,396.6,152,2.1,323.9,691.9,60.01,214.5,3.2,5.4,1264.6,39.2,3.3,2.3,0,349.6050757477664,35.812,33.25,2025-10-05 13:31:58
162,2.4,396.3,155.4,2,319.5,684.6,60.01,214.5,3.2,5.4,1264.6,39.2,3.3,2.3,0,349.6050757477664,35.937,33.437,2025-10-05 13:32:31
160.8,2.4,395.1,149.9,2.2,328.8,695.2,59.98,214.6,3.2,5.4,1264.6,39.2,3.3,2.3,0,349.6050757477664,35.875,33.375,2025-10-05 13:33:00
162.5,2.4,390.8,152.2,2.2,330.7,692.6,59.99,214.5,3.2,5.4,1264.6,39.1,3.3,2.3,0,349.6050757477664,35.875,33.375,2025-10-05 13:33:33
160.8,2.4,384.7,149.1,2.2,331.5,686.9,59.97,214.3,3.2,5.4,1264.6,39.1,3.3,2.3,0,349.6050757477664,35.75,33.375,2025-10-05 13:34:03
162.5,2.4,385.9,152.1,2.2,331.8,688.5,59.98,214.2,3.1,5.4,1264.6,39.1,3.3,2.3,0,349.6050757477664,35.812,33.5,2025-10-05 13:34:35
162.5,2.4,382.6,151.4,2.2,332.3,686.2,59.99,214.5,3.2,5.4,1264.6,39.2,3.3,2.3,0,349.6050757477664,35.75,33.625,2025-10-05 13:35:05
164.2,2,373.9,152,2.2,332.6,675.8,59.97,214.4,3,5.4,1264.6,39.2,3.3,2.3,0,310.76006733134795,35.562,33.812,2025-10-05 13:35:38
162.8,2,363.3,146.3,2.2,327.7,659.3,59.98,214.5,2.9,5.4,1264.6,39.1,3.3,2.3,0,310.76006733134795,35.375,33.75,2025-10-05 13:36:08
164.4,2.3,334.4,149.7,2.2,328.7,665.2,59.97,214.7,3.1,5.4,1264.6,39.1,3.3,2.3,0,310.76006733134795,35.437,33.75,2025-10-05 13:36:40
163.4,2.3,340.8,149.3,2.2,326.9,640.4,59.96,214,3.1,5.4,1264.6,39,3.3,2.3,0,310.76006733134795,35.625,33.812,2025-10-05 13:37:10
162.6,2.2,364.8,146.6,2.1,318.1,654.9,59.97,213.9,3.1,5.4,1264.6,39,3.3,2.3,0,310.76006733134795,35.812,33.875,2025-10-05 13:37:43
162.6,2.2,359.7,152.3,2.1,317.9,652.2,60.03,214,3,5.4,1264.6,39,3.3,2.3,0,310.76006733134795,35.75,33.937,2025-10-05 13:38:13
159.8,2.2,353.3,152.2,2,312.7,640.5,60.02,214.8,3,5.4,1264.6,39,3.3,2.3,0,310.76006733134795,35.625,34.062,2025-10-05 13:38:45
159.5,2.2,354.5,146.2,2.1,308.1,638.0,60.02,214.8,3,5.4,1264.6,39,3.3,2.3,0,310.76006733134795,35.375,34.125,2025-10-05 13:39:15
162.9,2.2,354.7,149.5,2,306.8,636.0,59.99,214.7,3,5.5,1264.7,38.9,3.3,2.3,0,310.76006733134795,35.437,34.125,2025-10-05 13:39:48
162.4,2.2,352.1,149.3,1.9,305.7,631.9,60.02,214.8,2.9,5.5,1264.7,38.9,3.3,2.3,0,310.76006733134795,35.625,34.187,2025-10-05 13:40:18
163.1,2.2,348.0,146.4,2,297.4,621.5,60.01,214.7,2.9,5.5,1264.7,38.9,3.3,2.3,0,310.76006733134795,35.687,34.187,2025-10-05 13:40:50
162.5,2.2,349.4,151.7,2,299.9,625.9,60.01,214,2.9,5.5,1264.7,38.9,3.3,2.3,0,310.76006733134795,35.687,34.0,2025-10-05 13:41:20
159.7,2.1,343.2,149.3,1.9,301.4,620.5,60,214,2.9,5.5,1264.7,38.9,3.3,2.3,0,310.76006733134795,35.687,34.062,2025-10-05 13:41:52
159.8,2.1,342.0,149.1,2,302.3,620.6,60.02,214.1,2.9,5.5,1264.7,38.9,3.3,2.3,0,310.76006733134795,35.75,33.937,2025-10-05 13:42:22
162.6,2.1,343.5,149.7,2,301.3,622.0,60.01,214.1,2.9,5.5,1264.7,38.9,3.3,2.3,0,310.76006733134795,35.75,33.75,2025-10-05 13:42:55
162.5,2.1,340.8,149.3,2,302.3,621.0,60.02,214.6,2.9,5.5,1264.7,38.9,3.3,2.3,0,310.76006733134795,35.687,33.812,2025-10-05 13:43:25
164.2,1.8,335.5,146.8,2,301.4,615.6,60.01,214.6,2.7,5.5,1264.7,38.9,3.4,2.3,0,310.76006733134795,35.687,33.875,2025-10-05 13:43:57
162.6,1.8,344.4,152.2,2,303.9,624.1,59.99,214.5,2.7,5.5,1264.7,38.9,3.4,2.3,0,310.76006733134795,35.437,33.937,2025-10-05 13:44:27
164.1,2.1,317.0,149.2,2,307.6,600.7,60.02,214.6,2.9,5.5,1264.7,38.9,3.4,2.3,0,310.76006733134795,35.437,34.062,2025-10-05 13:45:00
162.5,1.9,353.0,149.3,2.1,309.5,637.5,60.03,214.5,2.8,5.5,1264.7,38.9,3.4,2.3,0,310.76006733134795,35.562,34.0,2025-10-05 13:45:30
164.5,2.2,320.3,152.2,2,312.6,614.8,60.01,214.6,3,5.5,1264.7,38.9,3.4,2.4,0,310.76006733134795,35.5,34.0,2025-10-05 13:46:02
165.6,2.2,331.1,149.3,2.1,310.2,624.2,60.03,214.5,3,5.5,1264.7,38.8,3.4,2.4,0,310.76006733134795,35.75,34.062,2025-10-05 13:46:32
162.7,2.2,362.4,149.2,2.1,312.9,652.4,60.03,214.7,3,5.5,1264.7,38.8,3.4,2.4,0,310.76006733134795,35.937,34.062,2025-10-05 13:47:05
162.5,2.3,373.8,152.2,2.1,319.7,666.6,60.02,214.6,3.1,5.5,1264.7,38.9,3.4,2.4,0,310.76006733134795,35.75,34.0,2025-10-05 13:47:35
159.7,2.6,410.8,150.7,2.5,374.9,751.7,59.97,214.8,3.5,5.5,1264.7,38.9,3.4,2.4,0,388.4500841641849,36.0,33.875,2025-10-05 13:48:07
159.8,2.5,405.8,149.6,2.4,357.6,728.5,60.04,214.8,3.3,5.5,1264.7,39,3.4,2.4,0,349.6050757477664,36.125,34.0,2025-10-05 13:48:37
162.4,2.5,407.7,149.3,2.3,354.4,729.7,60.02,214.8,3.3,5.6,1264.8,39.1,3.4,2.4,0,349.6050757477664,36.0,34.062,2025-10-05 13:49:10
162.4,2.4,390.6,146.5,2.2,331.0,691.6,59.98,214.7,3.2,5.6,1264.8,39.1,3.4,2.4,0,349.6050757477664,35.875,34.062,2025-10-05 13:49:39
162.4,2.2,389.3,149.2,2.1,321.4,682.1,60.03,214.7,3.1,5.6,1264.8,39.1,3.4,2.4,0,349.6050757477664,36.187,34.437,2025-10-05 13:50:12
162.4,2.4,385.0,149.7,2.1,313.4,671.4,60,214.6,3,5.6,1264.8,39.2,3.4,2.4,0,349.6050757477664,36.25,34.5,2025-10-05 13:50:42
165.2,2.2,362.4,149.3,2,313.1,651.6,60.04,214.7,3,5.6,1264.8,39.2,3.4,2.4,0,349.6050757477664,36.25,34.375,2025-10-05 13:51:14
163.7,2,379.6,149.3,2.1,312.3,634.5,59.98,214.8,3,5.6,1264.8,39.1,3.4,2.4,0,349.6050757477664,35.75,34.312,2025-10-05 13:51:44
162.3,2.3,362.5,152.1,2.1,310.3,661.8,60,214.6,3.1,5.6,1264.8,39.1,3.4,2.4,0,349.6050757477664,35.75,34.375,2025-10-05 13:52:17
162,2.3,370.4,149.2,2.1,310.8,653.0,59.99,214.8,3.1,5.6,1264.8,39.1,3.4,2.4,0,349.6050757477664,36.062,34.25,2025-10-05 13:52:47
162.5,2.3,378.4,146.8,2.1,309.8,661.0,60.03,214.7,3,5.6,1264.8,39,3.4,2.4,0,310.76006733134795,36.062,34.25,2025-10-05 13:53:19
162.5,2.3,377.1,152.2,2,307.0,657.3,60.02,214.8,3,5.6,1264.8,39,3.4,2.4,0,310.76006733134795,35.687,34.25,2025-10-05 13:53:49
161.7,2.3,368.6,149.3,2,306.4,648.5,60.03,214.2,3,5.6,1264.8,38.9,3.4,2.4,0,310.76006733134795,36.0,34.187,2025-10-05 13:54:22
159.8,2.2,363.6,149.4,2,303.0,641.0,60.02,214.2,2.9,5.6,1264.8,38.9,3.4,2.4,0,310.76006733134795,36.125,34.125,2025-10-05 13:54:51
162.5,2.2,363.1,152.2,1.9,299.8,638.4,59.99,213.8,2.9,5.6,1264.8,38.9,3.4,2.4,0,310.76006733134795,35.937,33.812,2025-10-05 13:55:24
162.7,2.2,356.1,146.5,2,293.8,624.2,60.02,213.7,2.9,5.6,1264.8,38.8,3.4,2.4,0,310.76006733134795,35.75,33.625,2025-10-05 13:55:54
163.4,1.8,345.9,149.3,1.9,294.0,617.7,60,213.7,2.7,5.6,1264.8,38.7,3.4,2.4,0,310.76006733134795,35.75,33.687,2025-10-05 13:56:26
162.5,1.8,338.5,149.2,1.9,289.1,599.3,60.02,214.2,2.6,5.6,1264.8,38.7,3.4,2.4,0,271.91505891492943,35.437,33.625,2025-10-05 13:56:56
162.5,2,326.1,147.9,1.9,284.2,588.0,60,214.2,2.7,5.6,1264.8,38.6,3.4,2.4,0,271.91505891492943,35.187,33.562,2025-10-05 13:57:29
161.8,1.9,313.2,149.9,1.8,277.3,569.4,59.99,214.3,2.7,5.6,1264.8,38.5,3.4,2.4,0,271.91505891492943,35.437,33.562,2025-10-05 13:57:59
159.7,1.9,302.0,152.2,1.8,272.7,553.6,60.04,214.3,2.5,5.7,1264.9,38.5,3.4,2.4,0,271.91505891492943,35.437,33.562,2025-10-05 13:58:31
157.4,1.8,292.8,147,1.8,270.6,543.1,59.99,214.4,2.5,5.7,1264.9,38.5,3.4,2.4,0,271.91505891492943,35.25,33.437,2025-10-05 13:59:01
159.5,1.8,287.5,149.2,1.8,269.2,537.9,59.98,214.2,2.5,5.7,1264.9,38.4,3.4,2.4,0,233.07005049851097,35.062,33.375,2025-10-05 13:59:34
159.4,1.8,282.7,149.2,1.8,270.3,533.9,60,214.3,2.5,5.7,1264.9,38.4,3.4,2.4,0,233.07005049851097,35.125,33.312,2025-10-05 14:00:04
159.8,1.7,278.4,146.1,1.8,268.7,527.2,60,214.4,2.4,5.7,1264.9,38.3,3.4,2.4,0,233.07005049851097,35.062,33.312,2025-10-05 14:00:36
157.8,1.7,279.5,152.2,1.8,273.5,529.5,60,214.3,2.5,5.7,1264.9,38.3,3.5,2.4,0,233.07005049851097,35.125,33.375,2025-10-05 14:01:06
162.6,1.7,282.2,149.3,1.8,279.8,542.9,60,214.2,2.5,5.7,1264.9,38.3,3.5,2.4,0,233.07005049851097,35.0,33.5,2025-10-05 14:01:39
161,1.8,286.0,149.3,1.9,285.3,550.5,59.99,214.2,2.5,5.7,1264.9,38.3,3.5,2.4,0,233.07005049851097,34.875,33.562,2025-10-05 14:02:08
162.5,1.8,297.6,152.2,1.9,294.7,572.6,60.03,214.4,2.7,5.7,1264.9,38.3,3.5,2.4,0,271.91505891492943,35.062,33.562,2025-10-05 14:02:41
162.3,1.8,286.3,149.3,2,297.5,561.2,60.04,214.4,2.6,5.7,1264.9,38.3,3.5,2.4,0,271.91505891492943,35.25,33.625,2025-10-05 14:03:11
164.8,1.7,256.7,150.9,1.9,287.1,530.5,59.98,214.3,2.6,5.7,1264.9,38.3,3.5,2.4,0,271.91505891492943,35.375,33.75,2025-10-05 14:03:43
159.6,1.8,295.1,152.2,1.9,283.6,557.5,59.98,214.1,2.6,5.7,1264.9,38.3,3.5,2.4,0,271.91505891492943,35.375,33.875,2025-10-05 14:04:13
161.4,1.8,298.4,150.3,1.8,281.9,560.1,60.01,214.2,2.6,5.7,1264.9,38.3,3.5,2.4,0,271.91505891492943,35.437,33.812,2025-10-05 14:04:46
162.5,1.7,299.6,149.3,1.8,278.5,558.0,60.01,214.3,2.4,5.7,1264.9,38.3,3.5,2.4,0,271.91505891492943,35.5,33.687,2025-10-05 14:05:16
162.9,1.5,298.5,150.2,1.8,274.2,552.0,59.96,214.3,2.3,5.7,1264.9,38.3,3.5,2.5,0,271.91505891492943,35.5,33.687,2025-10-05 14:05:48
159.6,1.8,294.7,149.3,1.8,269.1,543.1,59.97,214.3,2.5,5.7,1264.9,38.3,3.5,2.5,0,271.91505891492943,35.312,33.625,2025-10-05 14:06:18
162.5,1.8,290.6,149.3,1.7,264.9,535.9,59.98,214.2,2.5,5.7,1264.9,38.3,3.5,2.5,0,271.91505891492943,35.375,33.562,2025-10-05 14:06:51
162.6,1.8,294.0,150.5,1.7,261.5,536.9,60.03,214.3,2.4,5.7,1264.9,38.3,3.5,2.5,0,271.91505891492943,35.312,33.437,2025-10-05 14:07:21
159.5,1.8,289.7,149.4,1.7,260.2,529.8,60,214.1,2.4,5.7,1264.9,38.3,3.5,2.5,0,233.07005049851097,35.312,33.437,2025-10-05 14:07:53
165,1.7,246.8,150.5,1.7,259.2,491.6,60.04,214.2,2.4,5.7,1264.9,38.2,3.5,2.5,0,233.07005049851097,35.375,33.562,2025-10-05 14:08:23
162.4,1.7,286.2,155.3,1.6,256.0,524.0,59.99,214.2,2.4,5.7,1264.9,38.2,3.5,2.5,0,233.07005049851097,35.437,33.625,2025-10-05 14:08:55
161,1.7,283.5,149.1,1.7,258.1,524.1,59.99,213.9,2.4,5.8,1265.0,38.2,3.5,2.5,0,233.07005049851097,35.187,33.5,2025-10-05 14:09:26
159.6,1.7,277.5,152.1,1.7,257.5,518.7,60,213.8,2.4,5.8,1265.0,38.2,3.5,2.5,0,233.07005049851097,35.312,33.5,2025-10-05 14:09:58
162.6,1.7,272.0,152.1,1.6,254.7,511.5,60.03,214.2,2.3,5.8,1265.0,38.2,3.5,2.5,0,233.07005049851097,35.312,33.437,2025-10-05 14:10:28
162.5,1.6,269.5,149.2,1.6,249.0,503.3,60.03,214.6,2.3,5.8,1265.0,38.2,3.5,2.5,0,233.07005049851097,35.437,33.562,2025-10-05 14:11:00
161.8,1.6,265.1,154.6,1.6,242.8,495.0,59.99,213.8,2.3,5.8,1265.0,38.2,3.5,2.5,0,233.07005049851097,35.437,33.437,2025-10-05 14:11:30
159.6,1.6,261.4,152.1,1.6,241.2,488.1,60,213.9,2.2,5.8,1265.0,38.2,3.5,2.5,0,233.07005049851097,35.375,33.5,2025-10-05 14:12:03
162.2,1.6,261.6,149.2,1.5,236.1,483.9,59.97,214.3,2.2,5.8,1265.0,38.2,3.5,2.5,0,233.07005049851097,35.25,33.625,2025-10-05 14:12:33
162.2,1.6,262.3,152.2,1.5,236.3,484.1,59.98,214.3,2.2,5.8,1265.0,38.2,3.5,2.5,0,233.07005049851097,35.25,33.562,2025-10-05 14:13:05
159.2,1.6,265.1,151.9,1.5,230.9,482.9,60.03,213.4,2.2,5.8,1265.0,38.2,3.5,2.5,0,233.07005049851097,35.0,33.5,2025-10-05 14:13:35
159.5,1.7,269.5,155,1.5,225.1,482.0,59.96,213.4,2.3,5.8,1265.0,38.1,3.5,2.5,0,233.07005049851097,34.937,33.312,2025-10-05 14:14:08
162.4,1.7,274.2,155.1,1.5,228.3,490.0,59.99,214,2.3,5.8,1265.0,38.1,3.5,2.5,0,233.07005049851097,34.937,33.25,2025-10-05 14:14:38
159.6,1.7,279.2,152.2,1.4,231.7,495.5,60.01,214.1,2.2,5.8,1265.0,38,3.5,2.5,0,233.07005049851097,34.875,33.25,2025-10-05 14:15:10
164.6,1.5,276.5,149.4,1.5,229.1,494.0,59.98,214.2,2.3,5.8,1265.0,38,3.5,2.5,0,233.07005049851097,34.687,33.25,2025-10-05 14:15:40
162,1.8,277.3,149.3,1.5,227.3,489.8,60,214.3,2.3,5.8,1265.0,38,3.5,2.5,0,233.07005049851097,34.812,33.312,2025-10-05 14:16:13
164.5,1.6,283.3,152.6,1.5,230.7,467.5,60,214.3,2.2,5.8,1265.0,37.9,3.5,2.5,0,233.07005049851097,34.75,33.312,2025-10-05 14:16:42
161.9,1.8,279.4,152.3,1.4,231.7,496.4,59.98,214.4,2.3,5.8,1265.0,37.9,3.5,2.5,0,233.07005049851097,34.75,33.25,2025-10-05 14:17:15
162.4,1.8,284.5,149.1,1.5,231.3,499.8,60.01,214.3,2.3,5.8,1265.0,37.9,3.5,2.5,0,233.07005049851097,34.875,33.25,2025-10-05 14:17:45
162.6,1.8,292.2,152.3,1.5,238.8,512.5,60,214.3,2.3,5.8,1265.0,38,3.5,2.5,0,233.07005049851097,34.812,33.375,2025-10-05 14:18:18
162,1.8,295.7,152.1,1.6,243.8,522.7,60,214.3,2.4,5.8,1265.0,38,3.5,2.5,0,233.07005049851097,34.812,33.312,2025-10-05 14:18:47
161.8,1.8,297.6,151.9,1.6,252.8,531.5,59.98,214.4,2.5,5.8,1265.0,38,3.5,2.5,0,233.07005049851097,34.75,33.312,2025-10-05 14:19:20
159.9,1.9,303.4,152.2,1.7,261.6,545.0,59.97,214.7,2.5,5.8,1265.0,37.9,3.5,2.5,0,233.07005049851097,34.687,33.062,2025-10-05 14:19:50
162.4,1.9,317.1,154.1,1.7,273.0,569.3,59.97,214.6,2.6,5.8,1265.0,38,3.5,2.5,0,271.91505891492943,34.625,32.937,2025-10-05 14:20:22
162.6,2,326.6,152.3,1.8,286.9,589.4,59.98,214.8,2.7,5.8,1265.0,37.9,3.5,2.5,0,271.91505891492943,34.562,33.0,2025-10-05 14:20:52
163.9,1.9,338.7,153.4,1.9,295.0,609.0,60.02,214.8,2.7,5.9,1265.1,38,3.5,2.5,0,271.91505891492943,34.5,32.937,2025-10-05 14:21:25
162.4,2,352.3,155.1,2,309.7,632.5,60,214.9,2.9,5.9,1265.1,37.9,3.5,2.5,0,271.91505891492943,34.187,32.75,2025-10-05 14:21:55
164.8,2.3,352.1,154,2.1,326.7,661.2,59.98,214.2,3.1,5.9,1265.1,37.8,3.6,2.5,0,310.76006733134795,34.312,32.625,2025-10-05 14:22:27
163.3,2.3,372.3,152.8,2.2,339.0,683.9,59.96,214,3.2,5.9,1265.1,37.8,3.6,2.5,0,310.76006733134795,34.625,32.562,2025-10-05 14:22:57
162.5,2.4,394.7,152.2,2.3,351.9,715.7,59.96,214.5,3.3,5.9,1265.1,37.9,3.6,2.5,0,349.6050757477664,34.625,32.562,2025-10-05 14:23:30
162.5,2.5,404.3,153,2.4,359.3,732.6,59.96,214.8,3.4,5.9,1265.1,37.8,3.6,2.5,0,349.6050757477664,34.812,32.437,2025-10-05 14:24:00
159.6,2.5,406.9,152.2,2.5,373.1,746.9,59.96,214.8,3.5,5.9,1265.1,37.9,3.6,2.5,0,349.6050757477664,34.937,32.5,2025-10-05 14:24:32
160.4,2.6,419.0,152.2,2.5,381.1,766.1,60.02,214.9,3.5,5.9,1265.1,37.8,3.6,2.5,0,349.6050757477664,35.125,32.75,2025-10-05 14:25:02
162.6,2.6,426.2,149.3,2.5,384.8,774.3,59.99,214.6,3.7,5.9,1265.1,37.9,3.6,2.5,0,349.6050757477664,35.062,32.937,2025-10-05 14:25:35
161.7,2.7,428.2,150.2,2.6,398.7,790.4,59.98,214.7,3.7,5.9,1265.1,37.9,3.6,2.5,0,388.4500841641849,35.187,33.125,2025-10-05 14:26:04
162.5,2.7,447.7,152.3,2.7,413.0,821.6,60.02,214.8,3.8,5.9,1265.1,37.9,3.6,2.5,0,388.4500841641849,35.437,33.25,2025-10-05 14:26:37
162.5,2.9,466.2,150.9,2.9,442.6,867.3,60.02,214.7,4.1,5.9,1265.1,37.9,3.6,2.5,0,427.2950925806034,35.687,33.437,2025-10-05 14:27:07
162.3,3.3,535.0,150.8,3.7,548.9,1033.8,60.05,214.5,4.9,5.9,1265.1,38.1,3.6,2.6,0,504.9851094134404,35.875,33.937,2025-10-05 14:27:39
165.4,3.2,526.8,150.8,3.8,580.1,1052.3,60.03,214.5,4.8,5.9,1265.1,38.2,3.6,2.6,0,504.9851094134404,36.312,34.437,2025-10-05 14:28:09
164.2,3,482.2,150.7,3.3,494.2,930.3,60.03,215,4.3,5.9,1265.1,38.4,3.6,2.6,0,466.14010099702193,36.562,34.75,2025-10-05 14:28:42
165.5,3,483.5,152.2,3.3,491.0,925.8,60.03,214.8,4.3,6.0,1265.2,38.5,3.6,2.6,0,466.14010099702193,36.375,34.812,2025-10-05 14:29:12
163.7,3.1,527.7,153.8,3.8,580.4,1053.0,59.98,214.9,4.7,6.0,1265.2,38.5,3.6,2.6,0,504.9851094134404,36.875,35.437,2025-10-05 14:29:44
162.4,2.9,497.8,149.2,3.5,516.0,962.8,59.99,214.4,4.3,6.0,1265.2,38.6,3.6,2.6,0,466.14010099702193,37.062,35.75,2025-10-05 14:30:14
164.9,3,474.6,151.3,3.5,517.9,942.7,59.96,214.3,4.4,6.0,1265.2,38.6,3.6,2.6,0,466.14010099702193,37.25,35.687,2025-10-05 14:30:47
165.3,3,485.1,152.2,3.6,530.2,962.3,59.97,214.6,4.4,6.0,1265.2,38.7,3.6,2.6,0,466.14010099702193,37.437,35.75,2025-10-05 14:31:17
162.6,3.2,506.5,149.6,3.7,560.0,1015.9,60.04,215.4,4.7,6.0,1265.2,38.7,3.6,2.6,0,504.9851094134404,37.437,35.875,2025-10-05 14:31:49
158,4.1,648.4,149.4,6.1,908.8,1465.4,60.03,215.8,6.9,6.0,1265.2,38.9,3.6,2.6,0,699.2101514955328,37.812,36.125,2025-10-05 14:32:19
161,4.6,725.6,145.5,6.9,957.9,1580.9,60.02,216.1,7.6,6.0,1265.2,39.2,3.6,2.6,0,776.9001683283698,38.375,37.062,2025-10-05 14:32:52
162.4,5.3,855.8,151.2,8.3,1260.5,1988.2,59.98,216.6,9.1,6.0,1265.2,39.5,3.6,2.6,0,932.2802019940439,39.75,38.25,2025-10-05 14:33:21
159.4,4.7,764.5,150.5,7.3,1103.2,1757.8,60.03,216.3,7.9,6.1,1265.3,39.9,3.6,2.6,0,815.7451767447883,40.5,39.437,2025-10-05 14:33:54
161.1,3.3,525.4,148.1,4.3,613.6,1078.1,60.03,215.3,5.2,6.1,1265.3,40,3.7,2.6,0,543.8301178298589,40.625,38.75,2025-10-05 14:34:24
161.2,3.2,508.3,144.7,4.2,610.2,1058.6,59.98,215.2,4.9,6.1,1265.3,40,3.7,2.6,0,504.9851094134404,40.687,38.562,2025-10-05 14:34:56
159.4,3.2,501.8,149.8,4.2,617.2,1060.9,60.01,215.1,4.9,6.1,1265.3,40,3.7,2.6,0,504.9851094134404,40.562,38.125,2025-10-05 14:35:26
161,2.9,467.6,149.4,3.7,557.4,974.4,59.97,215,4.5,6.1,1265.3,40,3.7,2.6,0,466.14010099702193,40.562,38.0,2025-10-05 14:35:59
159,3,484.2,148.1,4.2,659.5,1084.4,59.97,215,4.8,6.1,1265.3,40,3.7,2.7,0,466.14010099702193,40.75,38.0,2025-10-05 14:36:29
161,3.3,528.0,149.1,4.9,718.2,1181.2,60.03,215.1,5.4,6.1,1265.3,40.1,3.7,2.7,0,543.8301178298589,40.562,38.062,2025-10-05 14:37:01
163.4,3.6,573.4,156.1,5.2,802.9,1305.0,60.02,214.8,6.1,6.1,1265.3,40.1,3.7,2.7,0,582.6751262462774,40.312,38.125,2025-10-05 14:37:31
164.1,3.7,627.7,149.8,5.7,864.7,1408.2,60.04,214.9,6.3,6.1,1265.3,40.2,3.7,2.7,0,660.3651430791144,40.437,38.375,2025-10-05 14:38:04
160.9,3.4,558.5,149.2,4.5,669.4,1163.1,60.01,215,5.3,6.1,1265.3,40.5,3.7,2.7,0,543.8301178298589,40.937,39.125,2025-10-05 14:38:33
161,2.7,440.3,143.8,3.5,505.8,898.1,60.02,215,4.2,6.2,1265.4,40.5,3.7,2.7,0,427.2950925806034,40.562,38.562,2025-10-05 14:39:06
157.7,2.7,434.2,146.1,3.5,519.8,906.3,60.02,214.3,4.2,6.2,1265.4,40.5,3.7,2.7,0,427.2950925806034,40.625,37.875,2025-10-05 14:39:36
159.8,3,475.8,143.4,4.3,600.8,1019.3,60,214.5,4.8,6.2,1265.4,40.4,3.7,2.7,0,466.14010099702193,40.687,38.0,2025-10-05 14:40:09
162.6,3.7,585.1,150.7,4.9,726.6,1240.8,59.99,215.5,5.8,6.2,1265.4,40.6,3.7,2.7,0,582.6751262462774,41.0,38.125,2025-10-05 14:40:38
161.1,4.5,724.5,149.4,7.6,1133.8,1747.6,59.98,216,8.1,6.2,1265.4,40.8,3.7,2.7,0,776.9001683283698,41.937,39.375,2025-10-05 14:41:11
163.6,4,642.2,151.6,6.3,949.0,1497.2,59.97,215.8,7.1,6.2,1265.4,41.2,3.7,2.7,0,699.2101514955328,42.187,40.062,2025-10-05 14:41:41
162.5,4.6,730.0,149.4,7.6,1140.2,1756.2,59.99,216.3,8.1,6.2,1265.4,41.4,3.7,2.7,0,815.7451767447883,43.0,41.25,2025-10-05 14:42:14
162.5,4.6,729.3,144.3,8,1158.2,1772.2,59.97,216.2,8.2,6.2,1265.4,41.6,3.7,2.7,0,815.7451767447883,43.562,42.25,2025-10-05 14:42:43
162.5,4.4,707.1,144.8,7.9,1130.7,1727.4,59.98,216.3,8,6.3,1265.5,41.8,3.7,2.7,0,776.9001683283698,43.562,42.562,2025-10-05 14:43:16
162.2,4.4,692.0,144.8,7.8,1118.7,1702.6,59.99,216.4,7.9,6.3,1265.5,42,3.7,2.8,0,776.9001683283698,44.5,43.25,2025-10-05 14:43:46
159.6,4.3,680.9,146.8,7.5,1104.5,1675.8,60.03,216.3,7.7,6.3,1265.5,42.2,3.7,2.8,0,738.0551599119514,45.375,43.937,2025-10-05 14:44:18
159.6,4.2,665.5,145,7.4,1095.1,1655.1,60.01,216.4,7.7,6.3,1265.5,42.3,3.8,2.8,0,738.0551599119514,45.812,44.187,2025-10-05 14:44:48
157.3,4.1,650.8,143.8,7.6,1093.7,1638.5,59.99,216.2,7.6,6.3,1265.5,42.4,3.8,2.8,0,738.0551599119514,46.25,44.687,2025-10-05 14:45:21
159.2,4,642.0,144.8,7.6,1088.0,1627.5,60,216.2,7.5,6.3,1265.5,42.5,3.8,2.8,0,699.2101514955328,46.625,45.25,2025-10-05 14:45:50
158.8,4,623.0,146.5,7.3,1078.4,1601.3,60,216.2,7.5,6.3,1265.5,42.6,3.8,2.8,0,699.2101514955328,47.062,45.375,2025-10-05 14:46:23
156.9,3.9,610.3,144.7,7.6,1069.1,1578.7,59.99,216.3,7.4,6.4,1265.6,42.7,3.8,2.8,0,699.2101514955328,47.25,45.562,2025-10-05 14:46:53
159.5,3.8,615.9,144.8,7.4,1061.0,1576.5,59.98,216.3,7.3,6.4,1265.6,42.9,3.8,2.8,0,699.2101514955328,47.187,45.5,2025-10-05 14:47:26
159.5,3.8,611.9,143.4,7.4,1054.2,1566.7,59.99,216.1,7.2,6.4,1265.6,43,3.8,2.8,0,660.3651430791144,47.125,45.375,2025-10-05 14:47:55
162.3,3.7,590.5,141.9,7.5,1057.8,1551.6,60.02,216,7.3,6.4,1265.6,43.1,3.8,2.8,0,660.3651430791144,47.437,45.25,2025-10-05 14:48:28
161.6,3.5,601.1,144.2,7.2,1041.0,1543.5,60.02,215.6,7.1,6.4,1265.6,43.2,3.8,2.9,0,660.3651430791144,47.812,45.312,2025-10-05 14:48:58
159.6,3.9,610.7,138.9,7.5,1049.4,1560.0,59.98,215.7,7.3,6.4,1265.6,43.3,3.8,2.9,0,699.2101514955328,47.875,45.625,2025-10-05 14:49:31
160.9,3.8,585.9,139.6,7.6,1051.3,1539.0,60.01,215.9,7.2,6.4,1265.6,43.4,3.8,2.9,0,699.2101514955328,48.125,45.5,2025-10-05 14:50:00
159.3,3,496.7,139.5,5.8,854.0,1275.0,60.01,215.4,5.3,6.4,1265.6,43.5,3.8,2.9,0,504.9851094134404,48.062,45.625,2025-10-05 14:50:33
157.7,3.9,603.9,139.7,7.5,1045.3,1550.9,60.01,215.8,7.2,6.5,1265.7,43.5,3.8,2.9,0,699.2101514955328,48.062,45.5,2025-10-05 14:51:03
156.6,3.8,597.8,146.3,7.2,1027.7,1530.5,59.99,215.2,7.2,6.5,1265.7,43.5,3.8,2.9,0,660.3651430791144,48.312,45.312,2025-10-05 14:51:35
157.2,3.8,591.1,138.9,7.3,1000.9,1497.7,60.03,215.1,7,6.5,1265.7,43.5,3.8,2.9,0,660.3651430791144,48.437,45.312,2025-10-05 14:52:05
162.1,3.3,483.7,143.6,6.1,858.6,1264.1,60.02,214.9,6.2,6.5,1265.7,43.5,3.8,2.9,0,582.6751262462774,48.437,45.625,2025-10-05 14:52:38
158.4,2.8,474.4,143.8,5,747.1,1146.0,60.01,214.9,4.9,6.5,1265.7,43.5,3.8,2.9,0,466.14010099702193,47.687,45.25,2025-10-05 14:53:07
158.6,3,474.3,139.9,5.4,751.2,1156.4,59.98,215.2,5.3,6.5,1265.7,43.3,3.8,2.9,0,504.9851094134404,47.187,44.375,2025-10-05 14:53:40
155,2.7,426.3,139.7,4.5,687.8,1051.3,60.01,215.3,4.6,6.5,1265.7,43.2,3.8,2.9,0,466.14010099702193,46.937,43.812,2025-10-05 14:54:10
155.2,2.3,357.3,141.2,3.5,481.3,796.7,59.99,215.1,3.8,6.5,1265.7,43,3.8,2.9,0,388.4500841641849,46.312,42.687,2025-10-05 14:54:43
156.4,2.2,358.8,140.1,3.4,502.7,819.2,59.99,215,3.7,6.5,1265.7,42.9,3.9,2.9,0,349.6050757477664,45.5,42.187,2025-10-05 14:55:12
156.6,1.8,282.5,142,2.1,297.8,557.2,60,214.5,2.5,6.6,1265.8,42.6,3.9,2.9,0,271.91505891492943,45.062,40.687,2025-10-05 14:55:45
156.2,1.7,269.0,140.4,1.9,277.8,525.1,60.04,214.5,2.5,6.6,1265.8,42.5,3.9,2.9,0,233.07005049851097,44.062,39.437,2025-10-05 14:56:15
154.9,1.7,267.7,143.4,1.8,264.4,505.9,60.03,214.5,2.3,6.6,1265.8,42.2,3.9,2.9,0,233.07005049851097,43.0,38.562,2025-10-05 14:56:48
156.6,1.6,254.7,143.4,1.6,234.0,470.7,59.97,214.3,2.2,6.6,1265.8,42,3.9,2.9,0,233.07005049851097,42.562,37.437,2025-10-05 14:57:17
156.4,1.6,248.7,140.3,1.5,220.5,455.3,60.02,214.4,2.1,6.6,1265.8,41.8,3.9,3.0,0,233.07005049851097,42.062,36.312,2025-10-05 14:57:50
153.7,1.5,243.0,141.1,1.5,213.5,443.2,60.05,214.3,2,6.6,1265.8,41.6,3.9,3.0,0,233.07005049851097,41.875,36.062,2025-10-05 14:58:20
156.6,1.5,240.7,146.3,1.4,203.8,432.9,60,214.4,2,6.6,1265.8,41.4,3.9,3.0,0,194.22504208209244,41.375,35.562,2025-10-05 14:58:53
156.6,1.5,234.8,143.4,1.4,198.7,423.2,60.03,214.6,2,6.6,1265.8,41.2,3.9,3.0,0,194.22504208209244,41.0,35.25,2025-10-05 14:59:22
159.7,1.4,225.2,143.4,1.3,190.0,406.2,60.02,214.4,1.8,6.6,1265.8,41.1,3.9,3.0,0,194.22504208209244,40.437,35.062,2025-10-05 14:59:55
158.5,1.3,223.8,145.3,1.2,183.1,398.9,59.98,214.2,1.8,6.6,1265.8,41,3.9,3.0,0,194.22504208209244,39.937,35.0,2025-10-05 15:00:25
156.4,1.4,217.3,143.4,1.2,175.4,384.9,60.02,214.2,1.7,6.6,1265.8,40.8,3.9,3.0,0,194.22504208209244,39.375,34.75,2025-10-05 15:00:57
158.5,1.3,213.0,140.2,1.2,166.5,372.1,60.04,214,1.6,6.6,1265.8,40.7,3.9,3.0,0,194.22504208209244,38.937,34.5,2025-10-05 15:01:27
156.6,1.2,208.5,146.5,1.1,162.4,363.9,60.03,214,1.7,6.6,1265.8,40.6,3.9,3.0,0,194.22504208209244,38.875,34.25,2025-10-05 15:02:00
156.5,1.3,203.8,144.5,1.1,157.6,354.1,60.01,213.2,1.6,6.6,1265.8,40.4,3.9,3.0,0,194.22504208209244,38.875,34.062,2025-10-05 15:02:29
156.7,1.2,199.3,144.6,1,152.9,345.4,60.04,213.2,1.6,6.6,1265.8,40.3,3.9,3.0,0,155.38003366567398,38.562,33.875,2025-10-05 15:03:02
156.6,1.2,193.9,146.3,0.9,148.0,335.3,60.04,213.6,1.5,6.6,1265.8,40.3,3.9,3.0,0,155.38003366567398,38.0,33.687,2025-10-05 15:03:32
155.4,1.2,184.8,145.1,0.9,143.7,322.2,60.03,214.1,1.5,6.6,1265.8,40.2,3.9,3.0,0,155.38003366567398,37.312,33.375,2025-10-05 15:04:05
159.6,1.1,181.1,143.5,0.9,140.6,315.2,60,213.4,1.4,6.6,1265.8,40,3.9,3.0,0,155.38003366567398,37.187,33.312,2025-10-05 15:04:34
154.9,1.1,173.5,146.2,0.9,136.3,303.9,59.97,213.2,1.4,6.6,1265.8,39.9,3.9,3.0,0,155.38003366567398,37.375,33.25,2025-10-05 15:05:07
156.5,1,165.6,144.9,0.8,131.6,291.4,59.98,213.7,1.3,6.6,1265.8,39.9,3.9,3.0,0,155.38003366567398,37.125,33.187,2025-10-05 15:05:37
156.6,0.9,155.6,142.9,0.8,126.2,276.3,60,214.3,1.3,6.6,1265.8,39.8,3.9,3.0,0,116.53502524925548,36.875,32.937,2025-10-05 15:06:10
156.6,0.9,147.6,144.7,0.7,122.3,265.6,60.02,214.3,1.2,6.6,1265.8,39.8,3.9,3.0,0,116.53502524925548,36.625,32.812,2025-10-05 15:06:39
153.5,0.8,137.1,141.9,0.7,116.3,248.5,60,214.1,1.1,6.6,1265.8,39.8,3.9,3.0,0,116.53502524925548,36.437,32.562,2025-10-05 15:07:12
159.7,0.8,126.7,144.9,0.7,112.9,232.7,60.01,214.4,1.1,6.6,1265.8,39.6,3.9,3.0,0,116.53502524925548,35.937,32.25,2025-10-05 15:07:41
156.5,0.7,122.4,144.8,0.6,106.0,224.1,59.99,214.3,1,6.6,1265.8,39.5,3.9,3.0,0,77.69001683283699,35.5,31.875,2025-10-05 15:08:14
156.6,0.6,114.0,143.7,0.6,99.8,209.1,59.98,214.3,0.9,6.6,1265.8,39.4,3.9,3.0,0,77.69001683283699,35.062,31.687,2025-10-05 15:08:44
155.6,0.6,98.2,141.7,0.6,94.8,190.8,59.98,214.2,0.9,6.6,1265.8,39.2,3.9,3.0,0,77.69001683283699,34.937,31.5,2025-10-05 15:09:17
155,0.5,96.4,143.4,0.5,88.4,181.3,60,214.3,0.9,6.6,1265.8,39.1,3.9,3.0,0,77.69001683283699,34.937,31.375,2025-10-05 15:09:46
156.6,0.5,90.1,145,0.5,81.0,167.9,60.04,214.3,0.7,6.6,1265.8,39,3.9,3.0,0,77.69001683283699,34.687,31.25,2025-10-05 15:10:19
155.7,0.4,81.6,143.1,0.4,75.0,153.7,60.01,214,0.7,6.6,1265.8,38.9,3.9,3.0,0,38.845008416418494,34.562,31.125,2025-10-05 15:10:49
150.6,0.4,75.4,141.6,0.3,67.4,140.2,60.02,213.8,0.6,6.6,1265.8,38.8,3.9,3.0,0,38.845008416418494,34.25,31.062,2025-10-05 15:11:22
153.6,0.4,71.5,143.7,0.3,61.0,130.0,60.03,213.8,0.6,6.6,1265.8,38.7,3.9,3.0,0,38.845008416418494,34.0,30.875,2025-10-05 15:11:51
156.6,0.3,66.1,143.7,0.3,56.9,116.8,60.02,213.6,0.6,6.6,1265.8,38.6,3.9,3.0,0,38.845008416418494,33.875,30.687,2025-10-05 15:12:24
150.7,0.3,63.6,140.4,0.3,52.5,113.5,60.02,213.6,0.6,6.6,1265.8,38.5,3.9,3.0,0,38.845008416418494,33.437,30.5,2025-10-05 15:12:54
155.6,0.3,55.8,141,0.2,48.9,102.7,60,213.2,0.6,6.6,1265.8,38.4,3.9,3.0,0,38.845008416418494,33.062,30.25,2025-10-05 15:13:27
150.6,0.3,58.5,138.9,0.2,44.5,101.1,60.03,213,0.5,6.6,1265.8,38.3,3.9,3.0,0,38.845008416418494,32.937,30.062,2025-10-05 15:13:56
152.5,0.2,56.7,142.9,0.2,41.9,96.8,60.03,213.5,0.5,6.6,1265.8,38.2,3.9,3.0,0,38.845008416418494,32.812,29.875,2025-10-05 15:14:29
153.5,0.2,54.7,137.6,0.2,39.0,91.9,60.01,213.7,0.5,6.6,1265.8,38.1,3.9,3.0,0,38.845008416418494,32.625,29.75,2025-10-05 15:14:58
150.8,0.2,52.2,143.4,0.1,35.6,86.3,59.99,213.8,0.6,6.6,1265.8,38.1,3.9,3.0,0,38.845008416418494,32.5,29.562,2025-10-05 15:15:31
153.6,0.2,48.8,140.5,0.1,33.5,80.4,59.99,213.9,0.5,6.6,1265.8,38,3.9,3.0,0,38.845008416418494,32.187,29.437,2025-10-05 15:16:01
153.6,0.2,50.1,142.6,0.1,30.4,79.1,59.96,213.2,0.4,6.6,1265.8,37.8,3.9,3.0,0,0.0,32.0,29.312,2025-10-05 15:16:34
150.6,0.2,49.1,143.6,0.1,28.6,76.1,59.97,213.2,0.4,6.6,1265.8,37.8,3.9,3.0,0,0.0,31.875,29.187,2025-10-05 15:17:03
156.5,0.2,37.6,134.5,0.1,28.3,69.3,59.97,213.4,0.6,6.6,1265.8,37.7,3.9,3.0,0,0.0,31.625,29.0,2025-10-05 15:17:36
153.7,0.2,44.6,136,0.1,26.6,70.0,59.98,213.8,0.4,6.6,1265.8,37.5,3.9,3.0,0,0.0,31.437,28.875,2025-10-05 15:18:06
149.2,0.2,43.9,138.8,0.1,25.4,68.3,60.03,213.9,0.5,6.6,1265.8,37.4,3.9,3.0,0,0.0,31.25,28.812,2025-10-05 15:18:39
152.2,0.2,42.6,139,0.1,24.9,66.4,59.99,213.9,0.4,6.6,1265.8,37.3,3.9,3.0,0,0.0,31.187,28.687,2025-10-05 15:19:08
149.3,0.1,42.8,141.9,0.1,23.1,64.8,59.98,213.8,0.5,6.6,1265.8,37.2,3.9,3.0,0,0.0,31.0,28.625,2025-10-05 15:19:41
152.3,0.1,42.1,138.9,0.1,22.7,63.7,59.97,213.8,0.4,6.6,1265.8,37,3.9,3.0,0,0.0,30.875,28.562,2025-10-05 15:20:11
150.8,0.1,41.1,138.9,0.1,21.7,61.8,60.03,214,0.5,6.7,1265.9,37,3.9,3.0,0,0.0,30.875,28.5,2025-10-05 15:20:44
146.1,0.1,39.0,138.6,0.1,21.2,59.1,60.01,214.1,0.5,6.7,1265.9,36.9,3.9,3.0,0,0.0,30.687,28.437,2025-10-05 15:21:13
152.2,0.1,28.5,144.7,0,13.0,53.8,60.03,213.9,0.4,6.7,1265.9,36.8,3.9,3.0,0,0.0,30.562,28.312,2025-10-05 15:21:46
150.1,0.1,38.1,136.3,0,18.3,55.5,60.02,213.8,0.3,6.7,1265.9,36.7,3.9,3.0,0,0.0,30.437,28.062,2025-10-05 15:22:15
138.3,0.1,37.1,145.1,0,16.6,52.7,60.04,214.1,0.3,6.7,1265.9,36.6,3.9,3.0,0,0.0,30.312,28.125,2025-10-05 15:22:49
141.3,0.1,35.3,136.3,0,16.6,50.7,60.05,213.9,0.4,6.7,1265.9,36.5,3.9,3.0,0,0.0,30.187,28.125,2025-10-05 15:23:18
138.6,0.1,35.9,139.3,0,13.9,49.0,60.04,213.7,0.4,6.7,1265.9,36.3,3.9,3.0,0,0.0,30.125,28.062,2025-10-05 15:23:51
141,0.1,34.0,141.6,0,13.0,46.4,60.06,213.7,0.4,6.7,1265.9,36.3,3.9,3.0,0,0.0,30.0,28.0,2025-10-05 15:24:20
135.6,0.1,31.9,127.2,0,11.6,42.3,60.02,213.6,0.4,6.7,1265.9,36.1,3.9,3.0,0,0.0,29.875,27.875,2025-10-05 15:24:53
147.2,0.1,31.1,124.7,0,9.5,40.0,60.03,213.6,0.3,6.7,1265.9,36,3.9,3.0,0,0.0,29.75,27.812,2025-10-05 15:25:23
138.1,0.1,28.2,118.4,0,7.6,35.1,60.03,213.5,0.4,6.7,1265.9,36,3.9,3.0,0,0.0,29.687,27.75,2025-10-05 15:25:56
148.9,0,28.6,131,0,6.9,35.1,59.99,213.5,0.4,6.7,1265.9,35.9,3.9,3.0,0,0.0,29.562,27.75,2025-10-05 15:26:25
145.4,0,26.7,125.4,0,5.7,32.3,59.97,213.4,0.3,6.7,1265.9,35.8,3.9,3.0,0,0.0,29.5,27.625,2025-10-05 15:26:58
135.8,0,25.9,125.7,0,5.3,30.7,59.98,213.6,0.3,6.7,1265.9,35.7,3.9,3.0,0,0.0,29.437,27.625,2025-10-05 15:27:28
123.6,0,24.7,124.7,0,4.3,28.6,59.95,213.6,0.5,6.7,1265.9,35.7,3.9,3.0,0,0.0,29.375,27.562,2025-10-05 15:28:01
149.2,0,24.6,144.9,0,4.5,29.0,59.97,213.7,0.5,6.7,1265.9,35.6,3.9,3.0,0,0.0,29.312,27.5,2025-10-05 15:28:30
137.1,0,23.3,127.5,0,5.1,28.1,59.99,213.8,0.5,6.7,1265.9,35.5,3.9,3.0,0,0.0,29.187,27.5,2025-10-05 15:29:03
128.8,0,21.7,121.5,0,4.1,25.3,59.97,213,0.3,6.7,1265.9,35.4,3.9,3.0,0,0.0,29.125,27.5,2025-10-05 15:29:32
119.3,0,20.5,121.6,0,4.1,24.3,60.02,212.8,0.4,6.7,1265.9,35.3,3.9,3.0,0,0.0,29.062,27.437,2025-10-05 15:30:06
142.5,0,20.1,124.6,0,5.7,25.5,60,213.1,0.3,6.7,1265.9,35.2,3.9,3.0,0,0.0,29.0,27.437,2025-10-05 15:30:35
136.7,0,19.2,117.3,0,5.6,24.7,59.97,213.4,0.4,6.7,1265.9,35.1,3.9,3.0,0,0.0,28.875,27.312,2025-10-05 15:31:08
127.9,0,19.5,131.4,0,5.7,24.9,59.98,212.9,0.4,6.7,1265.9,35,3.9,3.0,0,0.0,28.875,27.25,2025-10-05 15:31:37
127.7,0,18.4,118.2,0,6.0,23.9,59.98,212.9,0.4,6.7,1265.9,35,3.9,3.0,0,0.0,28.875,27.25,2025-10-05 15:32:10
121.8,0,16.7,101,0,5.0,21.4,59.98,213,0.4,6.7,1265.9,35,3.9,3.0,0,0.0,28.812,27.187,2025-10-05 15:32:40
128.2,0,17.6,119.9,0,7.9,25.2,60.01,213.6,0.4,6.7,1265.9,34.9,3.9,3.0,0,0.0,28.812,27.312,2025-10-05 15:33:13
116.6,0,18.1,123.1,0,7.2,25.1,60.01,213.6,0.4,6.7,1265.9,34.8,3.9,3.0,0,0.0,28.75,27.312,2025-10-05 15:33:42
127.4,0,18.4,137.6,0,9.3,27.2,60.03,213.7,0.3,6.7,1265.9,34.7,3.9,3.0,0,0.0,28.687,27.375,2025-10-05 15:34:15
125.7,0,17.1,132.1,0,11.6,28.2,60,213.4,0.4,6.7,1265.9,34.7,3.9,3.0,0,0.0,28.625,27.312,2025-10-05 15:34:45
113,0,16.7,129.2,0,11.4,27.7,60.01,213.5,0.5,6.7,1265.9,34.6,3.9,3.0,0,0.0,28.5,27.312,2025-10-05 15:35:18
123.8,0,17.8,120.6,0,11.3,28.6,59.98,213.6,0.4,6.7,1265.9,34.6,3.9,3.0,0,0.0,28.5,27.25,2025-10-05 15:35:47
133.7,0,17.6,132.1,0,15.2,32.6,59.96,213.6,0.4,6.7,1265.9,34.5,3.9,3.0,0,0.0,28.437,27.187,2025-10-05 15:36:20
130.8,0,16.8,131.1,0,16.4,32.6,59.98,213.6,0.4,6.7,1265.9,34.4,3.9,3.0,0,0.0,28.375,27.125,2025-10-05 15:36:50
127,0,18.2,131,0,17.4,35.1,59.98,213.6,0.5,6.7,1265.9,34.3,3.9,3.0,0,0.0,28.312,27.125,2025-10-05 15:37:23
120.1,0,19.0,133.8,0,17.8,36.3,60,213.7,0.4,6.7,1265.9,34.2,3.9,3.0,0,0.0,28.25,27.062,2025-10-05 15:37:52
126.2,0,21.3,139.9,0,19.5,40.1,59.99,213.7,0.3,6.7,1265.9,34.2,3.9,3.0,0,0.0,28.25,26.937,2025-10-05 15:38:25
141.7,0,21.9,140.4,0,19.6,41.5,60.01,213.7,0.4,6.7,1265.9,34.2,3.9,3.0,0,0.0,28.062,26.937,2025-10-05 15:38:54
136.6,0.1,23.4,134.7,0,18.8,41.6,59.98,213.7,0.4,6.7,1265.9,34.1,3.9,3.0,0,0.0,28.062,26.812,2025-10-05 15:39:28
145.2,0.1,25.4,134.7,0,18.4,43.4,60.04,213.8,0.4,6.7,1265.9,34.1,3.9,3.0,0,0.0,28.0,26.75,2025-10-05 15:39:57
139.8,0.1,26.7,137.4,0,17.5,43.4,60.03,213.2,0.4,6.7,1265.9,34.1,3.9,3.0,0,0.0,27.937,26.75,2025-10-05 15:40:30
130.6,0.1,25.8,134.6,0,16.5,41.7,60,213.2,0.4,6.7,1265.9,34.1,3.9,3.0,0,0.0,27.812,26.687,2025-10-05 15:40:59
141.4,0.1,27.1,134.2,0,14.4,40.6,59.98,213.6,0.4,6.7,1265.9,34.1,3.9,3.0,0,0.0,27.812,26.562,2025-10-05 15:41:32
131.8,0.1,27.7,139.5,0,11.7,38.7,60,213.9,0.4,6.7,1265.9,34.1,3.9,3.0,0,0.0,26.75,25.875,2025-10-05 15:42:02
125.7,0.1,28.1,136.5,0,8.0,35.5,60,213.3,0.5,6.7,1265.9,34,3.9,3.0,0,0.0,26.75,24.875,2025-10-05 15:42:35
153.3,0,6.4,146.8,0,3.7,8.8,59.99,213.3,0.4,6.7,1265.9,33.9,3.9,3.0,0,0.0,25.75,24.312,2025-10-05 15:43:04
136,0,29.0,138.4,0,7.0,35.5,60.03,214,0.4,6.7,1265.9,33.8,3.9,3.0,0,0.0,25.375,24.187,2025-10-05 15:43:37
138.4,0,28.7,139.2,0,6.9,35.0,60.02,214.1,0.4,6.7,1265.9,33.8,3.9,3.0,0,0.0,25.187,24.0,2025-10-05 15:44:07
142.5,0,28.9,126.4,0,7.2,35.6,59.98,214.1,0.4,6.7,1265.9,33.7,3.9,3.0,0,0.0,25.0,23.875,2025-10-05 15:44:40
136,0.1,27.7,126,0,7.6,34.8,60.04,214,0.4,6.7,1265.9,33.7,3.9,3.0,0,0.0,25.0,23.812,2025-10-05 15:45:09
140.3,0,27.7,136.9,0,7.5,34.6,60.02,213.8,0.4,6.7,1265.9,33.6,3.9,3.0,0,0.0,25.062,23.5,2025-10-05 15:45:42
143.1,0,28.3,128.6,0,6.9,34.6,59.99,213.7,0.4,6.7,1265.9,33.5,3.9,3.0,0,0.0,25.0,23.812,2025-10-05 15:46:11
134.3,0,27.7,130.9,0,6.5,33.4,59.97,213.7,0.4,6.7,1265.9,33.4,3.9,3.0,0,0.0,24.875,23.5,2025-10-05 15:46:45
128.5,0.1,28.4,131,0,6.0,34.0,59.98,213.5,0.4,6.7,1265.9,33.2,3.9,3.0,0,0.0,24.625,22.875,2025-10-05 15:47:14
140.1,0.1,28.6,131.7,0,7.2,35.2,59.99,213.6,0.4,6.7,1265.9,33.1,3.9,3.0,0,0.0,24.5,23.062,2025-10-05 15:47:47
140.5,0.1,28.1,116.5,0,7.1,35.0,59.99,213.5,0.4,6.7,1265.9,33,3.9,3.0,0,0.0,24.0,85.0,2025-10-05 15:48:16
137.6,0.1,27.3,107.9,0,8.6,35.4,60.03,213.6,0.4,6.7,1265.9,32.8,3.9,3.0,0,0.0,23.75,85.0,2025-10-05 15:48:49
128.6,0.1,28.3,110.7,0,8.7,36.4,60,213.7,0.3,6.7,1265.9,32.6,3.9,3.0,0,0.0,23.5,85.0,2025-10-05 15:49:19
152.1,0.1,35.1,148.5,0,7.5,41.5,59.98,213.8,0.4,6.7,1265.9,32.5,3.9,3.0,0,0.0,23.25,85.0,2025-10-05 15:49:52
142.6,0.1,31.2,133.1,0,11.5,42.0,59.97,213.8,0.3,6.7,1265.9,32.4,3.9,3.0,0,0.0,23.125,85.0,2025-10-05 15:50:21
133.6,0.1,31.0,130.2,0,11.8,42.1,59.99,213.7,0.5,6.7,1265.9,32.2,3.9,3.0,0,0.0,23.0,85.0,2025-10-05 15:50:54
130.7,0.1,31.3,132.9,0,11.7,42.4,60,213.6,0.5,6.7,1265.9,32.2,3.9,3.0,0,0.0,22.875,85.0,2025-10-05 15:51:24
140.1,0.1,30.5,127.8,0,12.0,42.1,60.01,213.9,0.5,6.7,1265.9,32.1,3.9,3.0,0,0.0,22.687,85.0,2025-10-05 15:51:57
140.1,0.1,30.2,125.8,0,10.2,39.7,60.03,214,0.3,6.7,1265.9,32,3.9,3.0,0,0.0,22.75,85.0,2025-10-05 15:52:26
128.4,0.1,30.0,127.9,0,9.9,39.3,60.04,214.1,0.5,6.7,1265.9,31.8,3.9,3.0,0,0.0,22.687,85.0,2025-10-05 15:52:59
130.2,0.1,30.2,125.3,0,8.7,38.3,60.03,214,0.4,6.7,1265.9,31.7,3.9,3.0,0,0.0,22.625,85.0,2025-10-05 15:53:28
154,0,21.1,151.3,0,6.6,29.3,59.97,214.1,0.5,6.7,1265.9,31.5,3.9,3.0,0,0.0,22.562,85.0,2025-10-05 15:54:02
143.8,0.1,31.1,133.1,0,9.3,39.8,60,214,0.3,6.7,1265.9,31.4,3.9,3.0,0,0.0,22.5,85.0,2025-10-05 15:54:31
128,0.1,29.6,124.3,0,9.0,38.0,60.01,214,0.4,6.7,1265.9,31.3,3.9,3.0,0,0.0,22.375,85.0,2025-10-05 15:55:04
122,0.1,30.9,127.2,0,8.9,39.2,59.98,213.3,0.4,6.7,1265.9,31.2,3.9,3.0,0,0.0,22.5,85.0,2025-10-05 15:55:33
145.3,0.1,34.2,137.7,0,9.5,43.2,60,213.4,0.4,6.7,1265.9,31.1,3.9,3.0,0,0.0,22.562,85.0,2025-10-05 15:56:07
143.5,0.1,34.4,136.6,0,9.9,43.6,60.01,213.2,0.4,6.7,1265.9,31,3.9,3.0,0,0.0,22.625,85.0,2025-10-05 15:56:36
140.6,0.1,32.1,124.4,0,9.7,41.2,59.99,213.2,0.4,6.7,1265.9,30.9,3.9,3.0,0,0.0,22.687,85.0,2025-10-05 15:57:09
140.5,0.1,32.7,133.3,0,10.4,42.3,59.95,214,0.4,6.7,1265.9,30.9,3.9,3.0,0,0.0,22.687,85.0,2025-10-05 15:57:38
146.4,0.1,32.2,127.8,0,9.6,41.3,59.98,213.9,0.4,6.7,1265.9,30.8,3.9,3.0,0,0.0,22.687,85.0,2025-10-05 15:58:11
121.8,0.1,33.0,139.4,0,8.9,41.4,59.98,213.9,0.4,6.7,1265.9,30.8,3.9,3.0,0,0.0,22.562,85.0,2025-10-05 15:58:41
121.1,0.1,32.1,138.3,0,10.3,41.8,60,213.5,0.4,6.7,1265.9,30.7,3.9,3.0,0,0.0,22.625,85.0,2025-10-05 15:59:14
134.7,0.1,33.9,148.4,0,11.5,45.1,60.02,213.6,0.4,6.7,1265.9,30.6,3.9,3.0,0,0.0,22.937,85.0,2025-10-05 15:59:43
146.6,0.1,34.6,143.3,0,13.4,48.3,60.05,213.8,0.4,6.7,1265.9,30.5,3.9,3.0,0,0.0,23.062,85.0,2025-10-05 16:00:16
137.8,0.1,32.1,128.3,0,15.6,47.0,60.04,213.7,0.2,6.7,1265.9,30.4,3.9,3.0,0,0.0,22.812,85.0,2025-10-05 16:00:46
131.9,0.1,35.1,143.3,0,19.1,53.5,60.03,214,0.3,6.7,1265.9,30.4,3.9,3.0,0,0.0,22.75,85.0,2025-10-05 16:01:19
137.7,0.1,36.7,142.9,0.1,22.3,57.6,59.99,213.8,0.4,6.7,1265.9,30.4,3.9,3.0,0,0.0,22.875,85.0,2025-10-05 16:01:48
146.6,0.1,40.4,149.1,0.1,25.8,65.1,59.97,214,0.4,6.7,1265.9,30.4,3.9,3.0,0,0.0,22.625,85.0,2025-10-05 16:02:21
141.8,0.1,38.9,134.3,0.1,26.0,63.8,60.02,214.1,0.5,6.7,1265.9,30.2,3.9,3.0,0,0.0,22.687,85.0,2025-10-05 16:02:50
142.5,0.2,40.6,140.2,0.1,28.1,67.4,59.99,214.2,0.4,6.7,1265.9,30.2,3.9,3.0,0,0.0,22.625,85.0,2025-10-05 16:03:24
147.4,0.2,41.3,143.6,0.1,29.3,69.6,60.02,214.1,0.5,6.7,1265.9,30.1,3.9,3.0,0,0.0,22.687,85.0,2025-10-05 16:03:53
144.8,0.2,41.3,146,0.1,30.0,70.0,59.99,214.1,0.4,6.7,1265.9,30.1,3.9,3.0,0,0.0,22.75,85.0,2025-10-05 16:04:26
150.1,0.2,41.4,142.7,0.1,30.7,70.8,59.98,214.1,0.5,6.7,1265.9,30.1,3.9,3.0,0,0.0,22.875,85.0,2025-10-05 16:04:55
149.1,0.2,41.3,140.2,0.1,31.0,71.0,60.02,214.1,0.5,6.7,1265.9,30.1,3.9,3.0,0,0.0,23.312,85.0,2025-10-05 16:05:28
149.8,0.2,41.5,136.9,0.1,31.2,71.5,60.01,213.9,0.5,6.7,1265.9,30.1,3.9,3.0,0,0.0,23.687,85.0,2025-10-05 16:05:58
148.3,0.2,41.5,138.7,0.1,32.3,73.2,59.98,214,0.3,6.7,1265.9,30,3.9,3.0,0,0.0,23.812,85.0,2025-10-05 16:06:31
142.1,0.2,41.7,138.4,0.1,33.0,73.4,60,214.1,0.4,6.7,1265.9,29.9,3.9,3.0,0,0.0,23.562,85.0,2025-10-05 16:07:00
145.3,0.2,42.6,149.1,0.1,33.6,74.8,60.01,214,0.4,6.7,1265.9,29.9,3.9,3.0,0,0.0,23.75,85.0,2025-10-05 16:07:33
151.3,0.2,42.2,141.5,0.1,33.5,74.3,59.98,213.9,0.4,6.7,1265.9,29.9,3.9,3.0,0,0.0,-52.625,85.0,2025-10-05 16:08:02
142.2,0.2,43.2,144.6,0.1,33.1,75.0,59.99,213.8,0.4,6.7,1265.9,29.8,3.9,3.0,0,0.0,22.812,85.0,2025-10-05 16:08:36
145.3,0.2,44.3,152.9,0.1,32.4,75.5,60.03,213.8,0.4,6.7,1265.9,29.8,3.9,3.0,0,0.0,22.812,85.0,2025-10-05 16:09:05
142.4,0.2,44.4,154.5,0.1,31.8,74.9,60.02,214,0.4,6.7,1265.9,29.8,3.9,3.0,0,0.0,22.812,85.0,2025-10-05 16:09:38
144.6,0.2,43.2,145.9,0.1,32.1,73.9,60,213.9,0.5,6.7,1265.9,29.8,3.9,3.0,0,0.0,22.812,85.0,2025-10-05 16:10:07
147.6,0.2,43.6,151.2,0.1,31.2,73.1,59.99,213.8,0.4,6.7,1265.9,29.8,3.9,3.0,0,0.0,23.437,85.0,2025-10-05 16:10:41
150.9,0.2,42.4,148.7,0.1,30.6,71.7,60.01,213.8,0.5,6.7,1265.9,29.8,3.9,3.0,0,0.0,25.875,85.0,2025-10-05 16:11:10
149.7,0.2,41.8,150.3,0.1,30.4,71.0,60.03,213.5,0.4,6.7,1265.9,29.8,3.9,3.0,0,0.0,25.187,85.0,2025-10-05 16:11:43
143.8,0.2,41.0,149,0.1,28.7,69.4,60.04,213.5,0.5,6.7,1265.9,29.9,3.9,3.0,0,0.0,-51.875,85.0,2025-10-05 16:12:12
143.9,0.2,41.4,150.2,0.1,28.7,69.1,60.01,214.2,0.4,6.7,1265.9,29.9,3.9,3.0,0,0.0,60.937,85.0,2025-10-05 16:12:46
146.7,0.2,40.8,150.4,0.1,27.9,67.6,60.01,214.3,0.4,6.7,1265.9,29.9,3.9,3.0,0,0.0,-43.625,85.0,2025-10-05 16:13:15
144,0.1,39.8,146,0.1,27.1,65.7,60.04,214.3,0.5,6.7,1265.9,29.9,3.9,3.0,0,0.0,-43.625,85.0,2025-10-05 16:13:48
146.7,0.1,40.1,152,0.1,27.4,65.7,60.03,213.8,0.4,6.7,1265.9,29.9,3.9,3.0,0,0.0,-43.625,85.0,2025-10-05 16:14:17
143.6,0.1,38.7,144.5,0.1,26.5,64.0,60.06,213.7,0.4,6.7,1265.9,29.9,3.9,3.0,0,0.0,-43.625,85.0,2025-10-05 16:14:50
133.4,0.1,37.8,143.1,0.1,26.4,62.8,60.03,213.7,0.4,6.7,1265.9,29.9,3.9,3.0,0,0.0,40.5,85.0,2025-10-05 16:15:19
132.1,0.1,37.1,138.7,0.1,25.7,61.9,60.01,214.3,0.5,6.7,1265.9,29.9,3.9,3.0,0,0.0,-30.0,85.0,2025-10-05 16:15:53
131.9,0.2,36.5,134,0.1,24.7,60.2,60.01,214.4,0.5,6.7,1265.9,29.8,3.9,3.0,0,0.0,119.187,85.0,2025-10-05 16:16:22
132,0.2,35.8,137.3,0.1,24.7,59.5,60.01,214.4,0.4,6.7,1265.9,29.8,3.9,3.0,0,0.0,23.0,85.0,2025-10-05 16:16:55
156.3,0.1,36.8,145.1,0.1,25.2,61.1,60.01,214.2,0.3,6.7,1265.9,29.8,3.9,3.0,0,0.0,19.062,85.0,2025-10-05 16:17:24
147.4,0.1,36.9,148.1,0.1,25.1,60.9,60.03,213.9,0.3,6.7,1265.9,29.8,3.9,3.0,0,0.0,19.062,85.0,2025-10-05 16:17:58
144.5,0.1,37.2,145.1,0.1,23.1,59.9,60.02,213.7,0.4,6.7,1265.9,29.8,3.9,3.0,0,0.0,22.875,85.0,2025-10-05 16:18:27
144.7,0.1,36.4,133.5,0.1,22.2,57.7,60.02,213.7,0.4,6.7,1265.9,29.7,3.9,3.0,0,0.0,22.875,85.0,2025-10-05 16:19:00
144.7,0.1,34.9,142,0.1,22.5,56.4,60.02,213.1,0.4,6.7,1265.9,29.7,3.9,3.0,0,0.0,23.062,85.0,2025-10-05 16:19:29
141.7,0.1,34.0,138.8,0.1,21.7,54.9,60,213,0.5,6.7,1265.9,29.7,3.9,3.0,0,0.0,127.937,85.0,2025-10-05 16:20:03
144.3,0.1,33.8,136.3,0,20.8,53.8,60.04,213.6,0.3,6.7,1265.9,29.7,3.9,3.0,0,0.0,127.937,,2025-10-05 16:20:32
147.5,0.1,32.4,133.6,0.1,20.2,51.4,60,213.9,0.4,6.7,1265.9,29.7,3.9,3.0,0,0.0,127.937,85.0,2025-10-05 16:21:05
152.4,0.1,33.6,153,0,17.2,49.9,60,213.9,0.3,6.7,1265.9,29.7,3.9,3.0,0,0.0,127.937,,2025-10-05 16:21:34
134.6,0.1,30.1,132.4,0,17.4,46.7,59.98,214.1,0.4,6.7,1265.9,29.7,3.9,3.0,0,0.0,127.937,85.0,2025-10-05 16:22:08
131.7,0.1,29.3,135.5,0,16.8,45.6,60.02,214.2,0.5,6.7,1265.9,29.7,3.9,3.0,0,0.0,,,2025-10-05 16:22:37
128.7,0.1,28.1,135.4,0,16.0,43.5,60,214.2,0.4,6.7,1265.9,29.7,3.9,3.0,0,0.0,,85.0,2025-10-05 16:23:10
134.6,0.1,28.0,126.4,0,14.3,41.7,60,214.2,0.5,6.7,1265.9,29.7,3.9,3.0,0,0.0,,,2025-10-05 16:23:40
134.6,0.1,26.8,129.3,0,14.3,40.4,60.02,214.3,0.5,6.7,1265.9,29.7,3.9,3.0,0,0.0,,,2025-10-05 16:24:13
126.4,0.1,26.7,136.4,0,13.3,39.3,60.01,214.3,0.4,6.7,1265.9,29.7,3.9,3.0,0,0.0,127.937,85.0,2025-10-05 16:24:42
119.8,0.1,25.7,131,0,11.8,36.9,59.97,214.1,0.4,6.7,1265.9,29.7,3.9,3.0,0,0.0,,85.0,2025-10-05 16:25:15
158.6,0.1,18.1,158.2,0,9.3,5.0,60.01,214.1,0.4,6.7,1265.9,29.7,3.9,3.0,0,0.0,127.937,85.0,2025-10-05 16:25:44
138.4,0,25.7,140.7,0,12.0,37.2,59.98,213.9,0.4,6.7,1265.9,29.7,3.9,3.0,0,0.0,127.937,85.0,2025-10-05 16:26:18
132.5,0.1,23.8,121.6,0,10.9,34.2,59.98,214,0.4,6.7,1265.9,29.8,3.9,3.0,0,0.0,127.937,85.0,2025-10-05 16:26:47
129.4,0.1,23.9,124.5,0,10.6,33.8,59.99,214,0.4,6.7,1265.9,29.8,3.9,3.0,0,0.0,127.937,85.0,2025-10-05 16:27:20
138.5,0,22.9,127.4,0,11.1,33.6,60.03,214.2,0.3,6.7,1265.9,29.8,3.9,3.0,0,0.0,127.937,85.0,2025-10-05 16:27:49
129.6,0.1,23.6,133.3,0,10.6,33.6,59.98,214.1,0.4,6.7,1265.9,29.8,3.9,3.0,0,0.0,127.937,85.0,2025-10-05 16:28:23
135.6,0,22.3,127.5,0,10.8,32.7,60.03,214.3,0.4,6.7,1265.9,29.8,3.9,3.0,0,0.0,127.937,85.0,2025-10-05 16:28:52
129.3,0,23.3,133.4,0,10.1,32.9,60.01,213.9,0.5,6.7,1265.9,29.8,3.9,3.0,0,0.0,127.937,85.0,2025-10-05 16:29:25
135.6,0,22.1,132.9,0,10.2,31.8,60.02,213.7,0.4,6.7,1265.9,29.8,3.9,3.0,0,0.0,,85.0,2025-10-05 16:29:54
146.1,0,22.4,135.2,0,9.8,31.5,59.99,213.7,0.4,6.7,1265.9,29.9,3.9,3.0,0,0.0,127.937,85.0,2025-10-05 16:30:28
140.3,0,21.2,129,0,9.5,30.6,60.02,213.7,0.4,6.7,1265.9,29.8,3.9,3.0,0,0.0,,85.0,2025-10-05 16:30:57
137.2,0,22.4,138.3,0,8.8,30.9,60.02,213.8,0.4,6.7,1265.9,29.8,3.9,3.0,0,0.0,,85.0,2025-10-05 16:31:30
129.5,0,23.0,134.7,0,7.9,30.4,60.02,214,0.4,6.7,1265.9,29.8,3.9,3.0,0,0.0,127.937,,2025-10-05 16:32:00
128.6,0,22.4,138.7,0,7.9,29.9,59.98,214.1,0.3,6.7,1265.9,29.8,3.9,3.0,0,0.0,,,2025-10-05 16:32:33
132.6,0,22.5,132.3,0,7.1,28.9,59.97,214.3,0.4,6.7,1265.9,29.8,3.9,3.0,0,0.0,,,2025-10-05 16:33:02
124.3,0,21.1,122.1,0,6.1,26.8,59.98,214.2,0.4,6.7,1265.9,29.8,3.9,3.0,0,0.0,,,2025-10-05 16:33:36
119.8,0,20.0,111.6,0,4.7,24.8,60,214.2,0.4,6.7,1265.9,29.9,3.9,3.0,0,0.0,,,2025-10-05 16:34:05
139.4,0,22.0,136.7,0,6.2,27.7,60.04,214.2,0.4,6.7,1265.9,29.9,3.9,3.0,0,0.0,,,2025-10-05 16:34:38
139.3,0,20.9,131.4,0,6.1,26.7,60,214.2,0.3,6.7,1265.9,29.9,3.9,3.0,0,0.0,127.937,,2025-10-05 16:35:07
130.6,0,20.8,128.7,0,5.2,25.7,60,214,0.3,6.7,1265.9,29.9,3.9,3.0,0,0.0,127.937,85.0,2025-10-05 16:35:41
133.6,0,20.2,124.4,0,4.8,24.4,59.98,214.2,0.4,6.7,1265.9,29.9,3.9,3.0,0,0.0,127.937,85.0,2025-10-05 16:36:10
128,0,19.2,117.6,0,4.4,23.2,59.98,214.2,0.4,6.7,1265.9,29.9,3.9,3.0,0,0.0,127.937,85.0,2025-10-05 16:36:43
128.5,0,18.3,119.2,0,4.6,22.7,60,214.3,0.3,6.7,1265.9,29.9,3.9,3.0,0,0.0,127.937,85.0,2025-10-05 16:37:12
127.7,0,18.4,126.1,0,4.6,23.4,60,214.2,0.3,6.7,1265.9,29.8,3.9,3.0,0,0.0,127.937,85.0,2025-10-05 16:37:46
129.4,0,19.5,134.1,0,4.1,23.3,59.98,214.3,0.4,6.7,1265.9,29.8,3.9,3.0,0,0.0,127.937,85.0,2025-10-05 16:38:15
149.2,0,19.0,143.9,0,5.2,23.9,60,214.3,0.4,6.7,1265.9,29.8,3.9,3.0,0,0.0,,,2025-10-05 16:38:48
138.4,0,18.2,144.9,0,4.5,22.4,60.03,213.8,0.3,6.7,1265.9,29.8,3.9,3.0,0,0.0,127.937,85.0,2025-10-05 16:39:17
125.1,0,17.9,138.6,0,4.4,21.8,59.97,214,0.3,6.7,1265.9,29.7,3.9,3.0,0,0.0,127.937,85.0,2025-10-05 16:39:51
123.6,0,12.2,150.8,0,3.0,14.6,59.98,214,0.4,6.7,1265.9,29.7,3.9,3.0,0,0.0,127.937,85.0,2025-10-05 16:40:20
126.8,0,9.2,158.9,0,2.3,11.5,60.01,214.1,0.3,6.7,1265.9,29.7,3.9,3.0,0,0.0,127.937,85.0,2025-10-05 16:40:53
127.2,0,12.5,156.1,0,3.3,15.7,60,214,0.4,6.7,1265.9,29.7,3.9,3.0,0,0.0,127.937,85.0,2025-10-05 16:41:22
127.6,0,11.3,155.6,0,3.0,13.6,59.99,213.9,0.4,6.7,1265.9,29.6,4.0,3.0,0,0.0,127.937,85.0,2025-10-05 16:41:55
120.7,0,12.4,154.1,0,3.4,15.8,60,213.8,0.4,6.7,1265.9,29.6,4.0,3.0,0,0.0,127.937,85.0,2025-10-05 16:42:25
139.8,0,15.3,140.6,0,4.6,19.8,59.98,214.1,0.4,6.7,1265.9,29.5,4.0,3.0,0,0.0,127.937,85.0,2025-10-05 16:42:58
140.4,0,14.7,128.8,0,4.8,19.3,60.01,214.1,0.3,6.7,1265.9,29.5,4.0,3.0,0,0.0,127.937,85.0,2025-10-05 16:43:27
137.3,0,9.9,155.1,0,3.5,13.5,60.01,214.2,0.4,6.7,1265.9,29.5,4.0,3.0,0,0.0,22.625,85.0,2025-10-05 16:44:00
116.9,0,11.3,152.1,0,3.5,13.3,59.98,214.1,0.5,6.7,1265.9,29.5,4.0,3.0,0,0.0,22.625,85.0,2025-10-05 16:44:30
128.3,0,11.7,152.2,0,4.1,15.7,60.02,214.1,0.4,6.7,1265.9,29.4,4.0,3.0,0,0.0,22.625,85.0,2025-10-05 16:45:03
116.6,0,6.9,157.1,0,2.3,9.3,59.99,213.6,0.3,6.7,1265.9,29.4,4.0,3.0,0,0.0,22.687,85.0,2025-10-05 16:45:32
107.5,0,5.9,156.7,0,2.1,8.0,60,213.3,0.3,6.7,1265.9,29.5,4.0,3.0,0,0.0,22.625,85.0,2025-10-05 16:46:05
113.5,0,8.5,154.1,0,2.9,11.8,60,213.4,0.4,6.7,1265.9,29.4,4.0,3.0,0,0.0,22.562,85.0,2025-10-05 16:46:34
148.5,0,12.1,145.5,0,4.7,16.3,60.05,213.5,0.4,6.7,1265.9,29.4,4.0,3.0,0,0.0,22.562,85.0,2025-10-05 16:47:08
124.8,0,12.2,130.6,0,4.2,16.2,60.03,213.4,0.4,6.7,1265.9,29.4,4.0,3.0,0,0.0,22.625,85.0,2025-10-05 16:47:37
119.3,0,10.1,147.7,0,4.1,14.1,60,213.4,0.3,6.7,1265.9,29.4,4.0,3.0,0,0.0,22.625,85.0,2025-10-05 16:48:10
121.8,0,8.6,153.5,0,3.5,12.2,60.03,213.9,0.4,6.7,1265.9,29.4,4.0,3.0,0,0.0,22.562,85.0,2025-10-05 16:48:39
116.1,0,8.9,150.7,0,4.1,12.8,59.99,214,0.3,6.7,1265.9,29.3,4.0,3.0,0,0.0,22.562,85.0,2025-10-05 16:49:13
121.8,0,9.8,147.8,0,4.1,14.2,60.01,213.8,0.4,6.7,1265.9,29.3,4.0,3.0,0,0.0,22.562,85.0,2025-10-05 16:49:42
112.7,0,8.1,150.7,0,3.8,11.8,59.96,213.8,0.4,6.7,1265.9,29.3,4.0,3.0,0,0.0,22.562,85.0,2025-10-05 16:50:15
107,0,7.6,150.8,0,3.9,11.6,59.98,213.7,0.3,6.7,1265.9,29.3,4.0,3.0,0,0.0,22.5,85.0,2025-10-05 16:50:44
118.8,0,5.1,155.8,0,2.6,7.6,60.02,213.6,0.3,6.7,1265.9,29.2,4.0,3.0,0,0.0,22.437,85.0,2025-10-05 16:51:17
123.9,0,8.5,123.9,0,4.5,12.9,60,213.7,0.4,6.7,1265.9,29.2,4.0,3.0,0,0.0,22.437,85.0,2025-10-05 16:51:47
123.4,0,7.1,149.8,0,4.4,11.5,60.04,213.8,0.4,6.7,1265.9,29.2,4.0,3.0,0,0.0,22.437,85.0,2025-10-05 16:52:20
120.5,0,5.8,153.1,0,3.8,9.7,60.03,214,0.4,6.7,1265.9,29.1,4.0,3.0,0,0.0,22.375,85.0,2025-10-05 16:52:49
132.6,0,6.9,150,0,4.6,11.3,60.04,214,0.4,6.7,1265.9,29.1,4.0,3.0,0,0.0,22.312,85.0,2025-10-05 16:53:22
130,0,3.9,153.5,0,2.9,10.5,60.01,214,0.4,6.7,1265.9,29,4.0,3.0,0,0.0,22.312,85.0,2025-10-05 16:53:51
126.5,0,3.9,154.8,0,3.1,7.1,60.04,214,0.4,6.7,1265.9,29,4.0,3.0,0,0.0,22.312,85.0,2025-10-05 16:54:25
124.7,0,5.7,150,0,4.4,9.7,60,213.9,0.5,6.7,1265.9,29,4.0,3.0,0,0.0,22.312,85.0,2025-10-05 16:54:54
121.5,0,4.4,147.3,0,3.8,8.2,59.98,213.9,0.4,6.7,1265.9,29,4.0,3.0,0,0.0,22.312,85.0,2025-10-05 16:55:27
137.2,0,6.0,131.5,0,5.1,11.0,60.02,214.2,0.3,6.7,1265.9,29,4.0,3.0,0,0.0,22.312,85.0,2025-10-05 16:55:56
123.6,0,4.7,146.6,0,4.1,9.5,59.97,214.3,0.4,6.7,1265.9,29,4.0,3.0,0,0.0,22.312,85.0,2025-10-05 16:56:30
131.2,0,5.1,145.4,0,4.5,9.2,60.05,214.3,0.4,6.7,1265.9,28.9,4.0,3.0,0,0.0,22.25,85.0,2025-10-05 16:56:59
131,0,4.4,145.3,0,4.1,8.5,60.04,214.1,0.3,6.7,1265.9,28.9,4.0,3.0,0,0.0,22.187,85.0,2025-10-05 16:57:32
148.6,0,2.4,152.8,0,2.4,5.0,60.03,214.1,0.4,6.7,1265.9,28.9,4.0,3.0,0,0.0,22.187,85.0,2025-10-05 16:58:01
145.8,0,3.7,150.2,0,3.7,7.3,59.99,214,0.4,6.7,1265.9,28.9,4.0,3.0,0,0.0,22.125,85.0,2025-10-05 16:58:34
156.4,0,1.5,148.6,0,1.5,2.9,59.99,213.8,0.3,6.7,1265.9,28.9,4.0,3.0,0,0.0,22.125,85.0,2025-10-05 16:59:04
139.3,0,2.2,153.9,0,2.2,4.2,60,213.1,0.3,6.7,1265.9,28.8,4.0,3.0,0,0.0,22.062,85.0,2025-10-05 16:59:37
144.2,0,4.4,140.1,0,4.0,7.9,60.02,213.1,0.4,6.7,1265.9,28.8,4.0,3.0,0,0.0,22.125,85.0,2025-10-05 17:00:06
135.7,0,3.2,149.1,0,3.5,6.7,60,213.8,0.3,6.7,1265.9,28.7,4.0,3.0,0,0.0,22.125,85.0,2025-10-05 17:00:39
150.9,0,1.8,152.2,0,1.8,3.7,60.03,213.7,0.4,6.7,1265.9,28.7,4.0,3.0,0,0.0,22.062,85.0,2025-10-05 17:01:08
155,0,1.6,150.6,0,1.1,2.0,60.03,213.4,0.4,6.7,1265.9,28.6,4.0,3.0,0,0.0,22.125,85.0,2025-10-05 17:01:42
147.8,0,2.2,150.6,0,2.3,4.3,60,213.2,0.4,6.7,1265.9,28.6,4.0,3.0,0,0.0,22.125,85.0,2025-10-05 17:02:11
154.7,0,1.3,149.6,0,1.3,2.2,59.98,214,0.4,6.7,1265.9,28.6,4.0,3.0,0,0.0,22.125,85.0,2025-10-05 17:02:44
148.2,0,1.8,152.6,0,1.8,3.8,60.02,214,0.4,6.7,1265.9,28.6,4.0,3.0,0,0.0,22.125,85.0,2025-10-05 17:03:13
154.7,0,1.8,144.9,0,1.6,3.5,60.03,214.1,0.3,6.7,1265.9,28.6,4.0,3.0,0,0.0,22.062,85.0,2025-10-05 17:03:47
134,0,3.7,132.2,0,3.7,7.7,60.03,214.1,0.4,6.7,1265.9,28.6,4.0,3.0,0,0.0,22.062,85.0,2025-10-05 17:04:16
128.2,0,3.4,133.1,0,3.4,6.5,60.01,214.1,0.4,6.7,1265.9,28.6,4.0,3.0,0,0.0,22.125,85.0,2025-10-05 17:04:49
148.4,0,2.1,146.7,0,2.0,4.2,60,214,0.4,6.7,1265.9,28.6,4.0,3.0,0,0.0,22.062,85.0,2025-10-05 17:05:18
151.2,0,1.3,152.1,0,1.3,2.2,60.01,214,0.3,6.7,1265.9,28.6,4.0,3.0,0,0.0,22.062,85.0,2025-10-05 17:05:51
151.6,0,1.6,149.3,0,1.6,3.1,60,214,0.4,6.7,1265.9,28.6,4.0,3.0,0,-38.845008416418494,22.062,85.0,2025-10-05 17:06:21
148.4,0,1.5,146.7,0,1.5,2.9,60,214,0.3,6.7,1265.9,28.6,4.0,3.0,0,-38.845008416418494,22.062,85.0,2025-10-05 17:06:54
149.8,0,1.6,146.5,0,1.6,3.3,60.04,214,0.3,6.7,1265.9,28.6,4.0,3.0,0,0.0,22.062,85.0,2025-10-05 17:07:23
145.3,0,1.5,148.8,0,1.6,3.0,60.04,214,0.4,6.7,1265.9,28.6,4.0,3.0,0,0.0,22.062,85.0,2025-10-05 17:07:56
129.5,0,1.9,130.3,0,1.9,3.8,60.01,214.1,0.3,6.7,1265.9,28.5,4.0,3.0,0,0.0,22.062,85.0,2025-10-05 17:08:25
121.7,0,1.5,117.2,0,1.5,3.1,60.01,213.8,0.4,6.7,1265.9,28.5,4.0,3.0,0,-38.845008416418494,22.0,85.0,2025-10-05 17:08:59
149,0,1.0,144.9,0,0.9,1.6,59.99,213.7,0.4,6.7,1265.9,28.5,4.0,3.0,0,-38.845008416418494,22.0,85.0,2025-10-05 17:09:28
149.9,0,0.4,145.4,0,0.4,0.8,60.02,213.6,0.3,6.7,1265.9,28.5,4.0,3.0,0,-38.845008416418494,22.0,85.0,2025-10-05 17:10:01
151.5,0,0.6,149.4,0,0.6,1.0,59.98,213.7,0.4,6.7,1265.9,28.5,4.0,3.0,0,-38.845008416418494,22.0,85.0,2025-10-05 17:10:30
151.9,0,0.3,147.2,0,0.2,0.5,59.99,213.8,0.4,6.7,1265.9,28.5,4.0,3.0,0,0.0,22.0,85.0,2025-10-05 17:11:04
150.6,0,0.3,149.3,0,0.3,0.7,60,213.8,0.3,6.7,1265.9,28.5,4.0,3.0,0,0.0,22.0,85.0,2025-10-05 17:11:33
148.7,0,0.3,148.9,0,0.3,0.6,60,213.8,0.5,6.7,1265.9,28.5,4.0,3.0,0,-38.845008416418494,22.0,85.0,2025-10-05 17:12:06
148.2,0,0.5,146,0,0.4,0.6,59.98,213.9,0.4,6.7,1265.9,28.5,4.0,3.0,0,0.0,22.0,85.0,2025-10-05 17:12:35
129,0,1.4,116.3,0,1.3,2.9,59.99,213.9,0.4,6.7,1265.9,28.5,4.0,3.0,0,-38.845008416418494,22.0,85.0,2025-10-05 17:13:09
146.8,0,0.6,146.6,0,0.6,1.0,59.99,213.8,0.4,6.7,1265.9,28.5,4.0,3.0,0,-38.845008416418494,21.937,85.0,2025-10-05 17:13:38
146.8,0,0.4,146.5,0,0.4,0.8,59.99,213.8,0.3,6.7,1265.9,28.5,4.0,3.0,0,-38.845008416418494,21.937,85.0,2025-10-05 17:14:11
145.1,0,0.8,136.6,0,0.7,1.1,60.01,213.7,0.4,6.7,1265.9,28.5,4.0,3.0,0,-38.845008416418494,21.937,85.0,2025-10-05 17:14:40
145,0,0.7,146.4,0,0.7,1.3,60,213.6,0.3,6.7,1265.9,28.5,4.0,3.0,0,-38.845008416418494,21.937,85.0,2025-10-05 17:15:13
145,0,0.6,133.2,0,0.5,1.1,59.97,213.8,0.4,6.7,1265.9,28.5,4.0,3.0,0,0.0,21.937,85.0,2025-10-05 17:15:42
148.2,0,0.5,145.4,0,0.5,0.6,60.01,213.1,0.3,6.7,1265.9,28.5,4.0,3.0,0,-38.845008416418494,21.937,85.0,2025-10-05 17:16:16
138,0,1.1,137.6,0,1.1,2.1,60.02,213.1,0.5,6.7,1265.9,28.5,4.0,3.0,0,-38.845008416418494,21.937,85.0,2025-10-05 17:16:45
118.9,0,0.7,113.1,0,0.6,1.2,60.02,213.4,0.2,6.7,1265.9,28.5,4.0,3.0,0,-38.845008416418494,21.937,85.0,2025-10-05 17:17:18
143,0,0.4,143.8,0,0.4,0.8,59.99,213.4,0.4,6.7,1265.9,28.5,4.0,3.0,0,-38.845008416418494,21.937,85.0,2025-10-05 17:17:47
139.8,0,0.3,140.1,0,0.3,0.7,59.99,213.5,0.4,6.7,1265.9,28.4,4.0,3.0,0,-38.845008416418494,21.937,85.0,2025-10-05 17:18:21
143.3,0,0.2,142.7,0,0.2,0.5,60.03,214,0.3,6.7,1265.9,28.4,4.0,3.0,0,0.0,21.937,85.0,2025-10-05 17:18:50
139.3,0,0.3,138.4,0,0.3,0.6,60.02,213.1,0.4,6.7,1265.9,28.4,4.0,3.0,0,-38.845008416418494,21.937,85.0,2025-10-05 17:19:23
139.3,0,0.8,139.1,0,0.8,0.8,59.96,212.8,0.3,6.7,1265.9,28.4,4.0,3.0,0,-38.845008416418494,22.0,85.0,2025-10-05 17:19:52
143.6,0,0.4,135.7,0,0.3,0.7,59.99,213.6,0.3,6.7,1265.9,28.3,4.0,3.0,0,-38.845008416418494,21.937,85.0,2025-10-05 17:20:26
136.3,0,0.4,137.3,0,0.4,0.9,60.02,213.7,0.4,6.7,1265.9,28.3,4.0,3.0,0,-38.845008416418494,22.0,85.0,2025-10-05 17:20:54
125.2,0,0.4,124.4,0,0.4,0.7,59.99,213.7,0.5,6.7,1265.9,28.3,4.0,3.0,0,-38.845008416418494,22.0,85.0,2025-10-05 17:21:28
129.3,0,0.7,137.8,0,0.7,1.0,60.01,213.8,0.5,6.7,1265.9,28.3,4.0,3.0,0,0.0,21.937,85.0,2025-10-05 17:21:57
140.6,0,0.2,137.5,0,0.1,0.6,59.99,213.8,0.3,6.7,1265.9,28.2,4.0,3.0,0,-38.845008416418494,21.937,85.0,2025-10-05 17:22:30
137.3,0,0.2,136.6,0,0.2,0.5,59.98,213.7,0.4,6.7,1265.9,28.2,4.0,3.0,0,-38.845008416418494,21.937,85.0,2025-10-05 17:22:59
138.4,0,0.5,135.4,0,0.5,1.0,59.97,213.9,0.4,6.7,1265.9,28.2,4.0,3.0,0,-38.845008416418494,21.937,85.0,2025-10-05 17:23:33
128.6,0,0.5,128.1,0,0.5,1.0,60.01,214,0.3,6.7,1265.9,28.1,4.0,3.0,0,-38.845008416418494,21.937,85.0,2025-10-05 17:24:02
136.2,0,0.4,128.5,0,0.4,0.8,60.01,214,0.5,6.7,1265.9,28.1,4.0,3.0,0,-38.845008416418494,22.0,85.0,2025-10-05 17:24:35
134.7,0,0.4,131.9,0,0.3,0.6,60,214.1,0.3,6.7,1265.9,28.1,4.0,3.0,0,-38.845008416418494,22.0,85.0,2025-10-05 17:25:04
112.9,0,0.5,109.5,0,0.5,1.0,60.02,214,0.4,6.7,1265.9,28.1,4.0,3.0,0,-38.845008416418494,22.0,85.0,2025-10-05 17:25:38
132.2,0,0.2,128,0,0.2,0.5,59.98,213.9,0.4,6.7,1265.9,28.1,4.0,3.0,0,-38.845008416418494,22.0,85.0,2025-10-05 17:26:07
131,0,1.2,122.8,0,1.0,1.6,60.03,214,0.4,6.7,1265.9,28.1,4.0,3.0,0,-38.845008416418494,22.0,85.0,2025-10-05 17:26:40
125.3,0,0.5,123.1,0,0.4,1.0,60,214,0.3,6.7,1265.9,28.1,4.0,3.0,0,-38.845008416418494,22.0,85.0,2025-10-05 17:27:09
128.9,0,0.4,125.8,0,0.4,0.9,59.98,214,0.4,6.7,1265.9,28.1,4.0,3.0,0,-38.845008416418494,22.0,85.0,2025-10-05 17:27:43
128.1,0,0.3,118.9,0,0.3,0.6,59.97,213.8,0.5,6.7,1265.9,28,4.0,3.0,0,-38.845008416418494,22.0,85.0,2025-10-05 17:28:12
127,0,0.1,123.5,0,0.1,0.3,60.03,213.8,0.3,6.7,1265.9,28,4.0,3.0,0,-38.845008416418494,22.0,85.0,2025-10-05 17:28:45
115.4,0,0.1,120.5,0,0.1,0.4,59.99,213.8,0.4,6.7,1265.9,28,4.0,3.0,0,-38.845008416418494,22.0,85.0,2025-10-05 17:29:14
101.2,0,0.1,88.2,0,0.1,0.3,60.03,213.9,0.5,6.7,1265.9,28,4.0,3.0,0,-38.845008416418494,22.0,85.0,2025-10-05 17:29:47
92,0,0.6,82,0,0.6,1.0,60.01,213.4,0.4,6.7,1265.9,28,4.0,3.0,0,-38.845008416418494,22.0,85.0,2025-10-05 17:30:16
122.4,0,0.3,78,0,0.2,0.5,59.97,213.3,0.4,6.7,1265.9,28,4.0,3.0,0,-38.845008416418494,22.0,85.0,2025-10-05 17:30:50
112.9,0,1.6,93.9,0,1.3,3.2,59.97,213.3,0.3,6.7,1265.9,27.9,4.0,3.0,0,-38.845008416418494,21.937,85.0,2025-10-05 17:31:19
110.5,0,1.0,96.7,0,0.7,2.1,60,213.4,0,6.7,1265.9,27.9,4.0,3.0,0,-38.845008416418494,22.0,85.0,2025-10-05 17:31:52
111.9,0,3.4,85.5,0,3.1,4.0,60,213,0.4,6.7,1265.9,27.8,4.0,3.0,0,-38.845008416418494,22.0,85.0,2025-10-05 17:32:21
113.4,0,1.2,83.8,0,2.8,5.5,60.02,212.8,0,6.7,1265.9,27.8,4.0,3.0,0,-38.845008416418494,21.937,85.0,2025-10-05 17:32:55
101.5,0,2.7,97.3,0,2.2,5.1,60.02,212.9,0.5,6.7,1265.9,27.7,4.0,3.0,0,0.0,21.937,85.0,2025-10-05 17:33:24
90.3,0,1.2,93.3,0,1.2,2.5,59.99,213,0,6.7,1265.9,27.7,4.0,3.0,0,-38.845008416418494,22.0,85.0,2025-10-05 17:33:57
81.5,0,2.8,76.3,0,2.8,3.0,60.01,213.5,0.4,6.7,1265.9,27.7,4.0,3.0,0,0.0,22.0,85.0,2025-10-05 17:34:26
107.4,0,0.0,102.1,0,0.0,0.0,60.04,213.9,0,6.7,1265.9,27.6,4.0,3.0,0,-38.845008416418494,22.0,85.0,2025-10-05 17:35:00
