vpv1,ipv1,pv1_watt,pac_total,freq,vac1,iac1,energia_hoy,energia_total,temp_inversor,Energìa PV1,Energìa PV2,codigo_error,irradiancia,temp1,temp2,timestamp
,0,0.0,0.0,0,0,0,0.0,623.3,0,0.0,0.0,0,4894.47106046873,,,2025-05-10 05:22:33
,0,0.0,0.0,0,0,0,0.0,623.3,0,0.0,0.0,0,6642.496439207563,,,2025-05-10 05:23:01
0,0,0.0,0.0,0,0,0,0.0,623.3,0,0.0,0.0,0,1009.9702188268809,,,2025-05-10 05:23:34
,,0.0,0.0,0,0,0,0.0,623.3,0,0.0,0.0,0,1320.730286158229,,,2025-05-10 05:24:36
0,0,0.0,0.0,0,0,0,0.0,623.3,0,0.0,0.0,,-5515.991195131426,,,2025-05-10 05:25:06
0,0,0.0,0.0,0,0,0,0.0,623.3,0,0.0,0.0,0,5904.441279295612,,,2025-05-10 05:25:37
0,0,0.0,0.0,0,0,0,0.0,623.3,0,0.0,0.0,0,5671.3712287971,,,2025-05-10 05:26:38
0,0,0.0,0.0,0,0,0,0.0,623.3,0,0.0,0.0,0,582.6751262462772,,,2025-05-10 05:27:10
143.9,0,0.0,0.0,59.98,210.5,0,0.0,623.3,23.8,0.0,0.0,0,1670.3353619059951,,,2025-05-10 05:27:38
145.7,0,0.0,0.0,60.02,210.9,0,0.0,623.3,23.9,0.0,0.0,0,116.53502524925558,,,2025-05-10 05:28:10
146.5,0,0.0,0.0,60,211.2,0,0.0,623.3,23.9,0.0,0.0,0,1476.1103198239025,,,2025-05-10 05:28:39
147.1,0,0.0,0.0,60.02,211.2,0,0.0,623.3,23.9,0.0,0.0,0,1942.2504208209248,,,2025-05-10 05:29:11
147.5,0,0.0,0.0,60.01,210.8,0,0.0,623.3,23.9,0.0,0.0,0,2330.7005049851095,,,2025-05-10 05:29:40
147.8,0,0.0,0.0,60.03,210.8,0,0.0,623.3,23.9,0.0,0.0,0,6331.736371876214,,,2025-05-10 05:30:12
147.9,0,0.0,0.0,60.03,211.2,0,0.0,623.3,23.9,0.0,0.0,0,5943.286287712031,,,2025-05-10 05:30:41
148.1,0,0.0,0.0,60.03,211.1,0,0.0,623.3,23.9,0.0,0.0,0,5244.076136216497,,,2025-05-10 05:31:12
148.3,0,0.0,0.0,60.02,211,0,0.0,623.3,24,0.0,0.0,0,427.29509258060307,,,2025-05-10 05:31:41
148.6,0,0.0,0.0,60.02,211,0,0.0,623.3,24,0.0,0.0,0,6759.031464456818,,,2025-05-10 05:32:13
99.4,0,0.0,0.0,59.99,211.4,0,0.0,623.3,24,0.0,0.0,0,6992.101514955329,,,2025-05-10 05:32:42
149.3,0,0.0,0.0,60,211.2,0,0.0,623.3,24,0.0,0.0,0,6953.256506538911,,,2025-05-10 05:33:14
149.1,0,0.0,0.0,59.98,211.1,0,0.0,623.3,24,0.0,0.0,0,1048.8152272432994,,,2025-05-10 05:33:43
149.8,0,0.0,0.0,60.03,211.1,0,0.0,623.3,24,0.0,0.0,0,621.5201346626957,,,2025-05-10 05:34:14
150,0,0.0,0.0,60.04,211.3,0,0.0,623.3,24,0.0,0.0,0,388.4500841641853,,,2025-05-10 05:34:43
150.4,0,0.0,0.0,60.04,211.1,0,0.0,623.3,24,0.0,0.0,0,4972.161077301567,,,2025-05-10 05:35:15
150.7,0,0.0,0.0,60.03,211,0,0.0,623.3,24,0.0,0.0,0,543.8301178298586,,,2025-05-10 05:35:44
150.9,0,0.0,0.0,60.02,211.3,0,0.0,623.3,24.1,0.0,0.0,0,2719.150589149294,,,2025-05-10 05:36:16
150.8,0,0.0,0.0,60.01,211,0,0.0,623.3,24.1,0.0,0.0,0,194.22504208209264,,,2025-05-10 05:36:45
150.6,0,0.0,0.0,59.98,210.9,0,0.0,623.3,24.1,0.0,0.0,0,7030.946523371747,,,2025-05-10 05:37:16
150.5,0,0.0,0.0,60.01,211,0,0.0,623.3,24.1,0.0,0.0,0,116.53502524925558,,,2025-05-10 05:37:45
99.7,0,0.0,0.0,60.02,211.1,0,0.0,623.3,24.1,0.0,0.0,0,6098.666321377705,,,2025-05-10 05:38:17
156,0,0.0,0.0,60.03,211.1,0,0.0,623.3,24.1,0.0,0.0,0,4001.0358668911053,,,2025-05-10 05:38:46
150.7,0,0.0,0.0,60.04,211.1,0,0.0,623.3,24.1,0.0,0.0,0,6603.651430791144,,,2025-05-10 05:39:18
151,0,0.0,0.0,60.04,211.1,0,0.0,623.3,24.2,0.0,0.0,0,116.53502524925558,,,2025-05-10 05:39:47
152,0,0.0,0.0,59.99,210.9,0,0.0,623.3,24.2,0.0,0.0,0,1087.660235659718,,,2025-05-10 05:40:18
153.2,0,0.0,0.0,60.04,211,0,0.0,623.3,24.2,0.0,0.0,0,5360.611161465752,,,2025-05-10 05:40:47
154.4,0,0.0,0.0,59.98,210.9,0,0.0,623.3,24.2,0.0,0.0,0,349.60507574776676,,,2025-05-10 05:41:19
154.9,0,0.0,0.0,59.99,210.6,0,0.0,623.3,24.2,0.0,0.0,0,6331.736371876214,,,2025-05-10 05:41:48
155.5,0,0.0,0.0,60,210.5,0,0.0,623.3,24.2,0.0,0.0,0,4933.316068885149,,,2025-05-10 05:42:20
156.1,0,0.0,0.0,60.01,211,0,0.0,623.3,24.2,0.0,0.0,0,5205.231127800078,,,2025-05-10 05:42:49
156.6,0,0.0,0.0,60.04,211.2,0,0.0,623.3,24.3,0.0,0.0,0,6836.721481289655,,,2025-05-10 05:43:20
160.7,0,0.0,0.0,60.05,210.9,0,0.0,623.3,24.3,0.0,0.0,0,6292.891363459797,,,2025-05-10 05:43:50
158,0,0.0,0.0,60.03,210.8,0,0.0,623.3,24.3,0.0,0.0,0,1942.250420820924,,,2025-05-10 05:44:21
158.1,0,0.0,0.0,60.03,211.1,0,0.0,623.3,24.3,0.0,0.0,0,271.91505891492966,,,2025-05-10 05:44:50
158.4,0,0.0,0.0,59.97,210.9,0,0.0,623.3,24.3,0.0,0.0,0,6176.356338210541,,,2025-05-10 05:45:21
159.1,0,0.0,0.0,59.97,210.8,0,0.0,623.3,24.3,0.0,0.0,0,6953.256506538911,,,2025-05-10 05:45:51
159.9,0,0.0,0.0,59.99,210.7,0,0.0,623.3,24.3,0.0,0.0,0,6059.821312961286,,,2025-05-10 05:46:22
160.3,0,0.0,0.0,60.01,211.1,0,0.0,623.3,24.3,0.0,0.0,0,6254.046355043379,,,2025-05-10 05:46:52
161.2,0,0.0,0.0,60,211.1,0,0.0,623.3,24.3,0.0,0.0,0,3534.895765894083,,,2025-05-10 05:47:23
162.1,0,0.0,0.0,60.02,211.2,0,0.0,623.3,24.3,0.0,0.0,0,38.84500841641853,,,2025-05-10 05:47:52
163,0,0.0,0.0,60.02,211.3,0,0.0,623.3,24.4,0.0,0.0,0,6331.736371876214,,,2025-05-10 05:48:23
165.4,0,0.0,0.0,60.04,211.1,0,0.0,623.3,24.3,0.0,0.0,0,3651.4307911433384,,,2025-05-10 05:48:53
142.7,0.1,25.0,40.5,60.03,211.2,0.4,0.0,623.3,24.4,0.0,0.0,0,2757.995597565713,,,2025-05-10 05:49:24
150.5,0.1,27.9,44.0,60.03,211.3,0.4,0.0,623.3,24.6,0.0,0.0,0,-971.1252104104624,,,2025-05-10 05:49:54
141.5,0.1,28.2,46.3,60,211.2,0.5,0.0,623.3,24.6,0.0,0.0,0,-1204.1952609089735,,,2025-05-10 05:50:25
149,0.2,30.1,49.8,60.01,211.2,0.5,0.0,623.3,24.7,0.0,0.0,0,582.6751262462772,,,2025-05-10 05:50:55
149.8,0.2,31.5,54.0,60.04,211.2,0.5,0.0,623.3,24.8,0.0,0.0,0,5205.231127800078,,,2025-05-10 05:51:25
141.5,0.2,32.5,57.7,60.03,211.1,0.5,0.0,623.3,24.9,0.0,0.0,0,5321.766153049334,,,2025-05-10 05:51:55
144.5,0.2,35.1,61.7,60.07,211.2,0.5,0.0,623.3,25,0.0,0.0,0,5088.6961025508235,,,2025-05-10 05:52:26
145.5,0.2,39.4,70.0,60.04,211.1,0.4,0.0,623.3,25,0.0,0.0,0,-932.2802019940439,,,2025-05-10 05:52:56
153.5,0.2,42.3,74.3,60.03,211.2,0.5,0.0,623.3,25.1,0.0,0.0,0,-1592.6453450731574,,,2025-05-10 05:53:27
147.6,0.3,44.2,79.5,60.03,211.4,0.6,0.0,623.3,25.2,0.0,0.0,0,-155.38003366567412,,,2025-05-10 05:53:57
153.4,0.3,48.6,86.4,60.03,210.9,0.5,0.0,623.3,25.2,0.0,0.0,0,3767.965816392594,,,2025-05-10 05:54:27
150.7,0.3,51.3,92.2,59.98,210.9,0.4,0.0,623.3,25.3,0.0,0.0,0,543.8301178298593,,,2025-05-10 05:54:57
146,0.3,54.5,101.0,60,211,0.6,0.0,623.3,25.4,0.0,0.0,0,-77.69001683283706,,,2025-05-10 05:55:28
144.5,0.4,58.0,108.3,60.02,211.1,0.6,0.0,623.3,25.4,0.0,0.0,0,4311.795934222453,,,2025-05-10 05:55:58
149.2,0.4,62.1,117.2,59.99,210.9,0.6,0.0,623.3,25.5,0.0,0.0,0,-194.22504208209264,,,2025-05-10 05:56:29
153.5,0.4,66.1,125.2,60,210.8,0.7,0.0,623.3,25.5,0.0,0.0,0,3185.290690146317,,,2025-05-10 05:56:59
156.3,0.4,66.8,129.6,59.97,210.8,0.7,0.0,623.3,25.6,0.0,0.0,0,4583.710993137383,,,2025-05-10 05:57:29
156.4,0.4,69.2,133.1,60.02,210.9,0.7,0.0,623.3,25.7,0.0,0.0,0,-77.69001683283706,,,2025-05-10 05:57:59
156.4,0.4,70.4,134.0,60,210.8,0.6,0.0,623.3,25.7,0.0,0.0,0,4972.161077301568,,,2025-05-10 05:58:30
156.4,0.4,71.3,136.1,59.99,210.7,0.7,0.0,623.3,25.8,0.0,0.0,0,4622.556001553802,,,2025-05-10 05:59:00
153.7,0.4,70.6,135.2,60,210.9,0.6,0.0,623.3,25.9,0.0,0.0,0,504.98510941344085,,,2025-05-10 05:59:31
158.5,0.4,65.7,131.2,60.01,210.9,0.7,0.0,623.3,25.9,0.0,0.0,0,1359.575294574647,,,2025-05-10 06:00:01
156.3,0.4,67.5,130.4,60.02,211.1,0.6,0.0,623.3,26,0.0,0.0,0,4001.0358668911053,,,2025-05-10 06:00:31
156.4,0.4,64.4,123.3,60,210.9,0.6,0.0,623.3,26.1,0.0,0.0,0,971.1252104104624,,,2025-05-10 06:01:02
156.3,0.3,60.4,114.6,59.97,211.3,0.7,0.0,623.3,26.1,0.0,0.0,0,-1281.88527774181,,,2025-05-10 06:01:32
153.3,0.3,58.6,108.3,60.04,211.5,0.6,0.0,623.3,26.1,0.0,0.0,0,3418.3607406448273,,,2025-05-10 06:02:02
153.4,0.3,58.9,108.4,59.99,211.3,0.6,0.0,623.3,26.2,0.0,0.0,0,-427.29509258060307,,,2025-05-10 06:02:33
150.6,0.3,57.2,107.1,60,211.4,0.5,0.0,623.3,26.3,0.0,0.0,0,-932.2802019940432,,,2025-05-10 06:03:03
154.2,0.3,58.3,108.4,59.99,211.2,0.6,0.0,623.3,26.3,0.0,0.0,0,4700.246018386639,,,2025-05-10 06:03:33
154.8,0.3,57.3,105.4,60.02,211.2,0.7,0.0,623.3,26.4,0.0,0.0,0,971.1252104104624,,,2025-05-10 06:04:04
156.3,0.3,56.1,102.2,60,211.1,0.5,0.0,623.3,26.4,0.0,0.0,0,-1087.6602356597173,,,2025-05-10 06:04:34
147.7,0.3,58.5,106.4,60.03,211.2,0.7,0.0,623.3,26.5,0.0,0.0,0,-310.76006733134824,,,2025-05-10 06:05:04
151.9,0.4,60.0,107.9,60.01,211.1,0.6,0.0,623.3,26.5,0.0,0.0,0,-1903.4054124045056,,,2025-05-10 06:05:34
152.7,0.3,59.3,105.3,59.97,210.9,0.5,0.0,623.3,26.5,0.0,0.0,0,-1126.5052440761372,,,2025-05-10 06:06:05
153.5,0.3,58.3,102.8,59.99,211,0.6,0.0,623.3,26.6,0.0,0.0,0,4777.936035219475,,,2025-05-10 06:06:35
154.1,0.3,57.8,101.4,59.97,210.9,0.6,0.0,623.3,26.6,0.0,0.0,0,-1786.87038715525,,,2025-05-10 06:07:06
155.1,0.3,59.1,101.5,60,210.7,0.5,0.0,623.3,26.7,0.0,0.0,0,4117.570892140361,,,2025-05-10 06:07:36
156.4,0.3,58.7,100.0,60.02,210.8,0.6,0.0,623.3,26.8,0.0,0.0,0,-1048.8152272432994,,,2025-05-10 06:08:06
156,0.3,57.5,98.5,59.97,210.7,0.6,0.0,623.3,26.8,0.0,0.0,0,4544.865984720965,,,2025-05-10 06:08:36
151.9,0.3,57.9,98.3,59.99,210.9,0.5,0.0,623.3,26.8,0.0,0.0,0,3612.5857827269206,,,2025-05-10 06:09:07
153.1,0.3,57.4,96.3,60,211,0.6,0.0,623.3,26.9,0.0,0.0,0,3496.0507574776652,,,2025-05-10 06:09:37
156.5,0.3,55.2,94.1,60,210.9,0.6,0.0,623.3,27,0.0,0.0,0,2524.925547067203,,,2025-05-10 06:10:08
155.8,0.3,55.5,93.8,60.03,210.9,0.5,0.0,623.3,27,0.0,0.0,0,-1592.6453450731574,,,2025-05-10 06:10:38
151.4,0.3,58.3,97.4,60.02,210.9,0.5,0.0,623.3,27.1,0.0,0.0,0,4661.40100997022,,,2025-05-10 06:11:09
150.4,0.3,59.3,97.8,60.02,210.8,0.5,0.0,623.3,27.1,0.0,0.0,0,-1981.0954292373433,,,2025-05-10 06:11:38
156.5,0.3,61.5,99.5,60.01,210.8,0.5,0.0,623.3,27.2,0.0,0.0,0,349.605075747766,,,2025-05-10 06:12:09
154.9,0.4,62.7,101.6,59.98,210.8,0.6,0.0,623.3,27.2,0.0,0.0,0,1592.645345073158,,,2025-05-10 06:12:39
151,0.4,63.3,104.1,60.02,210.7,0.5,0.0,623.3,27.3,0.0,0.0,0,-2214.1654797358538,,,2025-05-10 06:13:10
150.5,0.4,63.8,106.2,59.98,210.8,0.6,0.0,623.3,27.3,0.0,0.0,0,38.84500841641853,,,2025-05-10 06:13:40
156.4,0.4,64.1,106.2,60.03,210.7,0.5,0.0,623.3,27.4,0.0,0.0,0,2913.375631231387,,,2025-05-10 06:14:11
154.1,0.4,65.6,108.4,60,210.8,0.5,0.0,623.3,27.4,0.0,0.0,0,-466.14010099702233,,,2025-05-10 06:14:40
150.7,0.4,66.8,109.7,60.01,211.2,0.6,0.0,623.3,27.5,0.0,0.0,0,-815.7451767447883,,,2025-05-10 06:15:11
152.5,0.4,69.6,115.2,60,211.1,0.6,0.0,623.3,27.5,0.0,0.0,0,-1087.6602356597173,,,2025-05-10 06:15:41
156.4,0.4,73.6,123.0,60.05,211,0.6,0.0,623.3,27.5,0.0,0.0,0,3379.515732228409,,,2025-05-10 06:16:12
156.4,0.4,76.6,128.2,60.02,210.7,0.7,0.0,623.3,27.6,0.0,0.0,0,-1592.645345073158,,,2025-05-10 06:16:42
154.8,0.5,80.2,134.2,59.96,210.8,0.7,0.0,623.3,27.7,0.0,0.0,0,2641.4605723164577,,,2025-05-10 06:17:13
157.9,0.5,80.8,135.7,60.02,210.9,0.6,0.0,623.3,27.7,0.0,0.0,0,-1981.0954292373426,,,2025-05-10 06:17:42
154.8,0.5,85.9,143.2,59.98,211,0.7,0.0,623.3,27.7,0.0,0.0,0,2913.375631231387,,,2025-05-10 06:18:14
160.7,0.5,87.2,150.3,59.99,210.7,0.7,0.0,623.3,27.8,0.0,0.0,0,3534.895765894083,,,2025-05-10 06:18:43
158.1,0.6,96.9,164.9,59.98,211,0.8,0.0,623.3,27.8,0.0,0.0,0,-776.9001683283706,,,2025-05-10 06:19:14
150.2,0.7,104.5,184.0,60.02,211.1,0.8,0.0,623.3,27.9,0.0,0.0,0,-1126.5052440761358,,,2025-05-10 06:19:44
149.4,0.8,119.1,207.0,60,211.1,0.9,0.0,623.3,27.9,0.0,0.0,0,-1243.0402693253914,,,2025-05-10 06:20:15
149.1,1,148.2,272.1,60.01,211.2,1.3,0.0,623.3,28,0.0,0.0,0,3690.275799559757,,,2025-05-10 06:20:44
152,0.9,147.3,241.1,59.99,211.2,1.1,0.0,623.3,28,0.0,0.0,0,-155.38003366567412,,,2025-05-10 06:21:16
160.1,0.9,148.7,249.6,59.99,211.3,1.1,0.0,623.3,28,0.0,0.0,0,-1670.3353619059944,,,2025-05-10 06:21:45
159.5,1,164.5,278.9,59.97,211,1.3,0.0,623.3,28.1,0.0,0.0,0,4001.0358668911053,,,2025-05-10 06:22:16
159.7,1,166.6,276.4,60,211.2,1.2,0.0,623.3,28.2,0.0,0.0,0,4777.936035219475,,,2025-05-10 06:22:46
159.4,1,162.4,262.3,60.05,211.1,1.1,0.0,623.3,28.2,0.0,0.0,0,-1864.5604039880877,,,2025-05-10 06:23:17
156.1,0.9,152.9,244.9,60.05,211.1,1.1,0.0,623.3,28.3,0.0,0.0,0,4700.246018386639,,,2025-05-10 06:23:46
159.4,0.9,141.9,229.3,60.04,211.2,1,0.0,623.3,28.3,0.0,0.0,0,-1553.8003366567395,,,2025-05-10 06:24:18
158.6,0.8,133.9,219.4,59.99,211.1,1,0.0,623.3,28.3,0.0,0.0,0,1670.3353619059951,,,2025-05-10 06:24:47
158.6,0.8,132.2,226.8,59.97,211.1,1,0.0,623.3,28.4,0.0,0.0,0,-1009.9702188268802,,,2025-05-10 06:25:18
159.4,0.7,134.6,239.1,60.04,211.1,1,0.0,623.3,28.4,0.0,0.0,0,194.22504208209264,,,2025-05-10 06:25:48
161.8,0.7,123.1,207.8,60.02,211.1,0.9,0.0,623.3,28.5,0.0,0.0,0,-621.5201346626965,,,2025-05-10 06:26:19
156.8,0.7,123.1,204.7,60.03,211.1,0.9,0.0,623.3,28.5,0.0,0.0,0,3923.3458500582683,,,2025-05-10 06:26:48
157.8,0.7,119.0,199.2,60.03,211,0.9,0.0,623.3,28.6,0.0,0.0,0,699.2101514955335,,,2025-05-10 06:27:20
156.3,0.7,114.8,191.1,59.99,210.8,0.9,0.0,623.3,28.6,0.0,0.0,0,-1514.955328240321,,,2025-05-10 06:27:49
159.3,0.7,109.7,183.4,59.99,210.7,0.8,0.0,623.3,28.6,0.0,0.0,0,660.365143079115,,,2025-05-10 06:28:21
156.3,0.7,106.5,178.7,60,210.9,0.8,0.0,623.3,28.7,0.0,0.0,0,3457.205749061246,,,2025-05-10 06:28:50
153.4,0.7,106.6,180.2,60,210.6,0.9,0.0,623.3,28.7,0.0,0.0,0,-77.69001683283706,,,2025-05-10 06:29:21
156.4,0.7,115.5,194.3,60.04,210.8,0.8,0.0,623.3,28.7,0.0,0.0,0,-1398.4203029910648,,,2025-05-10 06:29:50
157.9,0.8,126.1,210.2,60.05,210.8,1,0.0,623.3,28.8,0.0,0.0,0,1748.025378738833,,,2025-05-10 06:30:22
156.3,0.8,132.0,225.1,60.03,210.8,1,0.0,623.3,28.8,0.0,0.0,0,-1903.4054124045063,,,2025-05-10 06:30:51
151.6,0.9,144.6,250.2,60.02,210.8,1.2,0.0,623.3,28.9,0.0,0.0,0,4544.865984720965,,,2025-05-10 06:31:23
150.6,1.1,163.6,291.4,60.01,210.9,1.3,0.0,623.3,28.9,0.0,0.0,0,-582.6751262462765,,,2025-05-10 06:31:51
152.2,1.7,239.0,481.1,60,211.1,2.5,0.1,623.4,29,0.0,0.0,0,4583.710993137383,,,2025-05-10 06:32:23
149.1,3.6,526.2,1257.6,59.98,212.2,5.9,0.1,623.4,29.1,0.0,0.0,0,2835.68561439855,,,2025-05-10 06:32:52
158.7,3.1,458.1,1054.1,59.98,211.9,5.1,0.1,623.4,29.5,0.0,0.0,0,2913.375631231387,,,2025-05-10 06:33:24
155.7,3.3,538.9,1161.3,60,212.2,5.2,0.1,623.4,29.8,0.0,0.0,0,2835.68561439855,,,2025-05-10 06:33:53
159.9,2.9,435.1,929.8,60.04,212,4.5,0.1,623.4,29.9,0.0,0.0,0,4311.795934222454,,,2025-05-10 06:34:25
162.5,3.2,493.3,1143.1,60.01,212.3,5.5,0.1,623.4,30.1,0.0,0.0,0,-1670.3353619059951,,,2025-05-10 06:34:53
163.5,3.1,507.9,1076.4,59.98,212,4.7,0.1,623.4,30.3,0.0,0.0,0,-1670.3353619059951,,,2025-05-10 06:35:26
159.4,1.9,304.1,583.0,59.99,211.4,2.7,0.1,623.4,30.4,0.0,0.0,0,1437.2653114074847,,,2025-05-10 06:35:54
153.4,1.8,277.3,552.5,60.04,211.4,2.6,0.1,623.4,30.4,0.0,0.0,0,2524.925547067203,,,2025-05-10 06:36:26
154.7,2.3,342.2,744.0,60.02,211.5,3.6,0.1,623.4,30.4,0.0,0.0,0,-582.6751262462765,,,2025-05-10 06:36:55
160.2,1.8,285.9,561.1,60.01,211.3,2.6,0.1,623.4,30.4,0.0,0.0,0,-2602.6155639000385,,,2025-05-10 06:37:27
160.8,2.4,393.4,799.0,60.03,211.6,3.7,0.1,623.4,30.5,0.0,0.0,0,-3262.980706979153,,,2025-05-10 06:37:55
164.3,2,306.2,640.2,60.02,211.4,3.3,0.1,623.4,30.6,0.0,0.0,0,1864.5604039880877,,,2025-05-10 06:38:28
159.2,1.6,274.9,501.2,60,211.1,2.2,0.1,623.4,30.7,0.1,0.0,0,-2253.0104881522716,,,2025-05-10 06:38:56
159.9,1.7,274.1,540.7,59.98,211.2,2.5,0.1,623.4,30.7,0.1,0.1,0,1514.9553282403217,,,2025-05-10 06:39:28
161.8,2.2,329.0,662.7,59.96,211.3,3.4,0.2,623.5,30.7,0.1,0.1,0,-3418.3607406448273,,,2025-05-10 06:39:57
161.8,1.4,220.5,385.1,59.99,210.9,1.8,0.2,623.5,30.8,0.1,0.1,0,3806.8108248090125,,,2025-05-10 06:40:29
157.3,1.3,212.3,360.4,59.98,211,1.7,0.2,623.5,30.8,0.1,0.1,0,-2486.0805386507827,,,2025-05-10 06:40:57
158.7,1.2,194.0,324.0,60.05,210.5,1.6,0.2,623.5,30.7,0.1,0.1,0,3573.7407743105023,,,2025-05-10 06:41:30
155.9,1,166.4,278.3,60.01,210.7,1.3,0.2,623.5,30.7,0.1,0.1,0,3418.360740644828,,,2025-05-10 06:41:58
153.7,0.8,135.9,231.7,60.01,210.7,1.1,0.2,623.5,30.7,0.1,0.1,0,-2680.3055807328756,,,2025-05-10 06:42:30
156.7,0.7,118.1,200.6,60.02,210.6,0.9,0.2,623.5,30.7,0.1,0.1,0,-2835.6856143985497,,,2025-05-10 06:42:59
155.7,0.7,107.6,183.0,59.99,210.3,0.8,0.2,623.5,30.7,0.1,0.1,0,-504.98510941343943,,,2025-05-10 06:43:31
153.2,0.6,98.2,167.5,59.99,210.3,0.7,0.2,623.5,30.7,0.1,0.1,0,-2757.9955975657126,,,2025-05-10 06:43:59
152.9,0.5,85.1,147.0,60,210.2,0.7,0.2,623.5,30.7,0.1,0.1,0,738.0551599119506,,,2025-05-10 06:44:32
152.6,0.5,78.6,134.7,60.01,210.2,0.6,0.2,623.5,30.7,0.1,0.1,0,-2019.9404376537605,,,2025-05-10 06:45:00
152.6,0.4,72.7,125.0,59.98,210,0.6,0.2,623.5,30.6,0.1,0.1,0,3767.965816392594,,,2025-05-10 06:45:33
152.6,0.4,71.6,122.0,59.98,210.4,0.6,0.2,623.5,30.6,0.1,0.1,0,3107.60067331348,,,2025-05-10 06:46:01
152.8,0.4,69.8,116.8,60.04,210.4,0.5,0.2,623.5,30.6,0.1,0.1,0,-77.69001683283706,,,2025-05-10 06:46:33
152.6,0.4,75.2,121.8,60.04,210.3,0.6,0.2,623.5,30.6,0.1,0.1,0,-2486.0805386507827,,,2025-05-10 06:47:01
152.9,0.5,81.1,131.7,60.01,210.2,0.6,0.2,623.5,30.6,0.1,0.1,0,2019.9404376537618,,,2025-05-10 06:47:34
153.6,0.5,85.7,139.6,59.98,210.3,0.7,0.2,623.5,30.6,0.1,0.1,0,-3068.755664897061,,,2025-05-10 06:48:02
155.9,0.5,89.7,146.3,59.98,210.5,0.7,0.2,623.5,30.6,0.1,0.1,0,3496.0507574776652,,,2025-05-10 06:48:35
149.8,0.5,88.9,145.6,59.99,210.6,0.6,0.2,623.5,30.6,0.1,0.1,0,3224.1356985627353,,,2025-05-10 06:49:03
152.9,0.5,89.9,146.8,60.01,210.5,0.7,0.2,623.5,30.6,0.1,0.1,0,2641.460572316458,,,2025-05-10 06:49:35
150.4,0.5,84.5,138.2,59.99,210.4,0.7,0.2,623.5,30.6,0.1,0.1,0,2369.5455134015288,,,2025-05-10 06:50:03
152.8,0.4,76.3,127.0,60.03,210.2,0.6,0.2,623.5,30.7,0.1,0.1,0,2330.70050498511,,,2025-05-10 06:50:36
153.7,0.4,73.5,121.8,60.04,210.4,0.6,0.2,623.5,30.7,0.1,0.1,0,-155.38003366567412,,,2025-05-10 06:51:04
152,0.4,74.9,121.2,60,210,0.5,0.2,623.5,30.7,0.1,0.1,0,2719.1505891492952,,,2025-05-10 06:51:37
150.1,0.4,74.3,119.2,60.02,210.1,0.6,0.2,623.5,30.7,0.1,0.1,0,-2641.460572316457,,,2025-05-10 06:52:05
152.7,0.4,76.8,120.1,60,210.4,0.6,0.2,623.5,30.7,0.1,0.1,0,-1864.5604039880877,,,2025-05-10 06:52:38
154.2,0.4,70.9,113.3,59.99,210.4,0.6,0.2,623.5,30.7,0.1,0.1,0,-1437.265311407484,,,2025-05-10 06:53:05
150.7,0.4,68.2,109.2,59.96,210.3,0.5,0.2,623.5,30.7,0.1,0.1,0,-1087.6602356597173,,,2025-05-10 06:53:38
149.6,0.4,68.5,109.8,59.98,210.3,0.5,0.2,623.5,30.7,0.1,0.1,0,-1553.8003366567395,,,2025-05-10 06:54:06
153,0.4,71.7,112.3,60.03,210.3,0.6,0.2,623.5,30.7,0.1,0.1,0,3496.0507574776652,,,2025-05-10 06:54:39
155,0.4,72.8,113.9,60.02,210.4,0.6,0.2,623.5,30.7,0.1,0.1,0,-1281.88527774181,,,2025-05-10 06:55:06
150.6,0.4,72.2,113.6,59.98,210.4,0.5,0.2,623.5,30.7,0.1,0.1,0,3651.4307911433393,,,2025-05-10 06:55:40
149.9,0.4,69.5,110.9,59.98,210.2,0.6,0.2,623.5,30.7,0.1,0.1,0,738.0551599119513,,,2025-05-10 06:56:07
153.2,0.4,64.1,104.0,59.99,210.2,0.5,0.2,623.5,30.8,0.1,0.1,0,427.2950925806038,,,2025-05-10 06:56:40
155.9,0.3,60.3,99.1,60.03,210.3,0.5,0.2,623.5,30.8,0.1,0.1,0,1631.4903534895766,,,2025-05-10 06:57:08
149.8,0.4,61.1,99.6,59.98,210.5,0.5,0.2,623.5,30.8,0.1,0.1,0,-1592.645345073158,,,2025-05-10 06:57:41
152.7,0.4,64.5,105.7,59.99,210.5,0.5,0.2,623.5,30.8,0.1,0.1,0,-776.9001683283691,,,2025-05-10 06:58:08
147.6,0.4,70.8,114.7,60,210.2,0.5,0.2,623.5,30.8,0.1,0.1,0,-2291.8554965686903,,,2025-05-10 06:58:42
148.4,0.5,77.1,122.0,60.02,209.9,0.6,0.2,623.5,30.8,0.1,0.1,0,-2835.6856143985497,,,2025-05-10 06:59:09
145.3,0.5,81.7,130.4,60.02,210.3,0.7,0.2,623.5,30.8,0.1,0.1,0,3418.360740644828,,,2025-05-10 06:59:42
154.2,0.4,82.3,132.2,59.98,210.3,0.6,0.2,623.5,30.8,0.1,0.1,0,-2019.9404376537605,,,2025-05-10 07:00:10
152.3,0.4,73.5,123.7,59.98,210.3,0.5,0.2,623.5,30.8,0.1,0.1,0,-310.76006733134824,,,2025-05-10 07:00:43
151.4,0.4,69.7,119.3,60,210,0.6,0.2,623.5,30.8,0.1,0.1,0,-1825.7153955716678,,,2025-05-10 07:01:10
154.3,0.4,70.0,118.9,59.99,210,0.7,0.2,623.5,30.8,0.1,0.1,0,1825.7153955716701,,,2025-05-10 07:01:44
151.5,0.4,72.8,121.1,60,209.8,0.6,0.2,623.5,30.8,0.1,0.1,0,-2680.3055807328756,,,2025-05-10 07:02:11
153.9,0.5,79.5,129.2,60.03,209.9,0.5,0.2,623.5,30.9,0.1,0.1,0,-2524.925547067203,,,2025-05-10 07:02:45
151.3,0.5,84.1,139.0,60.03,209.9,0.7,0.2,623.5,30.9,0.1,0.1,0,2330.70050498511,,,2025-05-10 07:03:12
149.9,0.7,104.1,170.3,60.02,210,0.7,0.2,623.5,30.8,0.1,0.1,0,-660.3651430791135,,,2025-05-10 07:03:45
149.8,0.8,129.3,205.9,59.99,210.2,0.9,0.2,623.5,30.8,0.1,0.1,0,3068.7556648970613,,,2025-05-10 07:04:12
145.4,1,147.5,232.4,59.99,210.2,1.1,0.2,623.5,30.8,0.1,0.1,0,-1243.0402693253914,,,2025-05-10 07:04:46
152.7,1,159.9,249.0,60.04,210.3,1.2,0.2,623.5,30.8,0.1,0.1,0,-660.365143079115,,,2025-05-10 07:05:13
155.8,1,162.5,251.9,60.03,209.9,1.2,0.2,623.5,30.8,0.1,0.1,0,-1398.4203029910655,,,2025-05-10 07:05:47
158.6,0.9,161.5,252.4,59.99,209.9,1.1,0.2,623.5,30.9,0.1,0.1,0,1709.1803703224145,,,2025-05-10 07:06:14
158.7,1,158.5,250.5,60,210.1,1.1,0.2,623.5,30.9,0.1,0.1,0,-1243.0402693253914,,,2025-05-10 07:06:47
161.5,1,157.4,254.0,60.04,210.1,1.2,0.2,623.5,30.9,0.1,0.1,0,2486.080538650784,,,2025-05-10 07:07:14
158.7,1,173.1,268.8,60.03,210.2,1.2,0.2,623.5,30.9,0.1,0.1,0,-1437.265311407484,,,2025-05-10 07:07:48
159,1.1,171.0,266.8,59.98,210,1.2,0.2,623.5,30.9,0.1,0.1,0,1942.250420820924,,,2025-05-10 07:08:15
158.7,0.9,153.4,245.3,60,210,1.1,0.2,623.5,30.9,0.1,0.1,0,4156.41590055678,,,2025-05-10 07:08:49
161.1,0.9,140.0,234.1,59.98,210,1.1,0.2,623.5,30.9,0.1,0.1,0,-271.91505891492966,,,2025-05-10 07:09:16
152.6,1,154.9,251.7,60.01,210.2,1.2,0.2,623.5,30.9,0.1,0.1,0,-2136.4754629030176,,,2025-05-10 07:09:50
151.3,1.1,172.5,270.9,60,210.3,1.2,0.2,623.5,30.9,0.1,0.1,0,2952.220639647806,,,2025-05-10 07:10:16
151.3,1.1,171.4,268.3,60,210.4,1.2,0.2,623.5,30.9,0.1,0.1,0,-2447.235530234366,,,2025-05-10 07:10:50
159.9,1,177.0,280.3,60.02,210.2,1.3,0.2,623.5,31,0.1,0.1,0,3962.1908584746866,,,2025-05-10 07:11:17
158.7,1.2,188.6,296.1,60,210.2,1.3,0.2,623.5,31,0.1,0.1,0,-1398.4203029910655,,,2025-05-10 07:11:51
161.4,1.2,191.8,303.2,60.02,210.3,1.4,0.2,623.5,31,0.1,0.1,0,-854.5901851612061,,,2025-05-10 07:12:18
161.5,1.1,187.5,295.3,59.99,210.3,1.3,0.3,623.6,31.1,0.1,0.1,0,-116.53502524925558,,,2025-05-10 07:12:52
155.8,1.1,176.6,283.4,60.03,210.4,1.3,0.3,623.6,31.1,0.1,0.1,0,1553.8003366567402,,,2025-05-10 07:13:18
156.8,1.1,185.3,292.7,60.02,210.7,1.3,0.3,623.6,31.1,0.1,0.1,0,3496.0507574776652,,,2025-05-10 07:13:52
158.2,1.2,196.3,307.4,59.99,210.6,1.4,0.3,623.6,31.1,0.1,0.1,0,-2369.5455134015288,,,2025-05-10 07:14:19
161.7,1.2,205.1,321.8,60.03,210.6,1.5,0.3,623.6,31.1,0.1,0.1,0,38.84500841641853,,,2025-05-10 07:14:53
158.8,1.2,202.2,318.6,60.02,210.7,1.4,0.3,623.6,31.1,0.1,0.1,0,2952.220639647806,,,2025-05-10 07:15:20
158.7,1.1,184.1,297.8,59.98,210.6,1.4,0.3,623.6,31.2,0.1,0.1,0,-388.4500841641853,,,2025-05-10 07:15:54
159.9,1,170.2,281.3,60.04,210.7,1.2,0.3,623.6,31.2,0.1,0.1,0,-1631.4903534895766,,,2025-05-10 07:16:20
158.7,1.1,174.3,280.2,59.99,210.7,1.2,0.3,623.6,31.2,0.1,0.1,0,932.2802019940447,,,2025-05-10 07:16:54
158.8,1.1,183.7,287.9,60.01,210.7,1.3,0.3,623.6,31.2,0.1,0.1,0,-1281.88527774181,,,2025-05-10 07:17:21
158.7,1.1,178.8,282.2,59.97,210.5,1.2,0.3,623.6,31.2,0.1,0.1,0,-1786.8703871552507,,,2025-05-10 07:17:55
160.4,1,170.0,270.5,60.01,210.5,1.2,0.3,623.6,31.2,0.1,0.1,0,-893.4351935776247,,,2025-05-10 07:18:21
162,0.9,150.1,247.9,60.03,210.3,1.2,0.3,623.6,31.2,0.1,0.1,0,-1204.1952609089728,,,2025-05-10 07:18:56
158.3,0.9,138.8,230.8,60.04,210.2,1,0.3,623.6,31.2,0.1,0.1,0,-3029.910656480642,,,2025-05-10 07:19:22
155.7,0.7,124.5,205.6,60.05,210.2,0.9,0.3,623.6,31.2,0.1,0.1,0,-1903.4054124045063,,,2025-05-10 07:19:57
158.1,0.7,115.9,190.8,60.05,210.2,0.9,0.3,623.6,31.2,0.1,0.1,0,776.9001683283706,,,2025-05-10 07:20:23
152.8,0.7,107.4,179.2,60.02,209.9,0.8,0.3,623.6,31.3,0.1,0.1,0,2097.630454486599,,,2025-05-10 07:20:57
152.6,0.7,108.9,180.0,59.98,210.2,0.8,0.3,623.6,31.3,0.1,0.1,0,-1204.1952609089728,,,2025-05-10 07:21:23
155.7,0.8,124.8,199.8,59.98,210.2,0.9,0.3,623.6,31.3,0.1,0.1,0,-155.38003366567412,,,2025-05-10 07:21:58
158.6,0.8,130.5,207.7,59.98,210.1,1,0.3,623.6,31.3,0.1,0.1,0,-1748.0253787388322,,,2025-05-10 07:22:24
157.7,0.8,129.7,207.7,60.05,209.7,0.9,0.3,623.6,31.3,0.1,0.1,0,3806.8108248090125,,,2025-05-10 07:22:59
153.8,0.8,131.3,210.2,60.03,209.5,0.9,0.3,623.6,31.3,0.1,0.1,0,504.98510941344085,,,2025-05-10 07:23:25
158.8,0.8,136.7,223.0,60.04,210.1,1,0.3,623.6,31.3,0.1,0.1,0,1981.0954292373442,,,2025-05-10 07:23:59
149.8,1,147.1,242.5,60.03,209.9,1.1,0.3,623.6,31.3,0.1,0.1,0,-582.6751262462765,,,2025-05-10 07:24:25
150.7,1.2,179.9,290.9,60.03,210.1,1.4,0.3,623.6,31.3,0.1,0.1,0,3845.6558332254313,,,2025-05-10 07:25:00
150,1.5,222.1,339.3,59.98,210,1.6,0.3,623.6,31.3,0.2,0.1,0,2680.305580732876,,,2025-05-10 07:25:26
140.9,1.8,256.6,394.4,59.99,210.2,1.8,0.3,623.6,31.4,0.2,0.1,0,3962.1908584746866,,,2025-05-10 07:26:01
145.3,2,286.4,440.7,59.98,210,2,0.3,623.6,31.4,0.2,0.1,0,932.2802019940439,,,2025-05-10 07:26:27
155.7,1.9,300.0,479.3,60.02,210.1,2.2,0.3,623.6,31.5,0.2,0.1,0,-2369.5455134015288,,,2025-05-10 07:27:02
155.7,2,312.7,504.2,60.03,210.2,2.3,0.3,623.6,31.5,0.2,0.1,0,3690.275799559757,,,2025-05-10 07:27:27
155.3,2.2,348.3,556.4,60,210.4,2.6,0.3,623.6,31.6,0.2,0.1,0,-1864.5604039880877,,,2025-05-10 07:28:02
152.8,2.3,353.0,572.3,60.02,210.4,2.7,0.3,623.6,31.7,0.2,0.1,0,660.365143079115,,,2025-05-10 07:28:28
163.2,2.3,374.8,609.8,60.02,210.7,2.9,0.3,623.6,31.8,0.2,0.1,0,-1864.5604039880877,,,2025-05-10 07:29:03
161.5,2.5,398.3,644.7,60.03,210.9,3,0.3,623.6,31.8,0.2,0.1,0,543.8301178298593,,,2025-05-10 07:29:29
162.5,2.8,462.8,777.8,60.03,210.9,3.7,0.3,623.6,31.9,0.2,0.1,0,3806.8108248090125,,,2025-05-10 07:30:04
164.5,3.1,508.1,852.4,60.04,211.2,4.2,0.4,623.7,32,0.2,0.1,0,3651.4307911433384,,,2025-05-10 07:30:29
161.1,4,652.1,1110.5,60.04,211.5,5.2,0.4,623.7,32.2,0.2,0.1,0,-2369.5455134015274,,,2025-05-10 07:31:04
162.9,3.6,584.1,934.1,60.06,211.4,4.2,0.4,623.7,32.4,0.2,0.1,0,-2175.320471319436,,,2025-05-10 07:31:30
163.1,2.8,459.5,760.5,60.04,211.1,3.6,0.4,623.7,32.5,0.2,0.2,0,-2641.460572316457,,,2025-05-10 07:32:05
160.1,2.9,469.0,778.1,60.04,210.9,3.7,0.4,623.7,32.5,0.2,0.2,0,2019.9404376537618,,,2025-05-10 07:32:31
161.6,2.8,465.9,761.7,60.05,210.9,3.5,0.4,623.7,32.5,0.2,0.2,0,-893.4351935776247,,,2025-05-10 07:33:06
160.2,2.6,434.1,701.6,59.99,210.9,3.3,0.4,623.7,32.6,0.2,0.2,0,-2136.4754629030163,,,2025-05-10 07:33:31
163.1,2.5,404.6,668.9,60,210.5,3.2,0.4,623.7,32.6,0.2,0.2,0,-1631.4903534895766,,,2025-05-10 07:34:07
160.2,2.9,454.6,758.9,59.98,210.5,3.7,0.4,623.7,32.7,0.2,0.2,0,3534.8957658940835,,,2025-05-10 07:34:32
160.2,3,489.6,779.9,60,210.8,3.7,0.4,623.7,32.8,0.2,0.2,0,2097.630454486599,,,2025-05-10 07:35:07
162.7,2.8,454.4,716.0,59.99,210.7,3.4,0.4,623.7,32.8,0.2,0.2,0,932.2802019940439,,,2025-05-10 07:35:33
161.7,2.5,406.2,640.1,60.03,210.8,3,0.4,623.7,32.8,0.2,0.2,0,3301.8257153955724,,,2025-05-10 07:36:08
160.1,2.2,364.4,582.9,60.02,210.6,2.7,0.4,623.7,32.9,0.2,0.2,0,-3029.910656480642,,,2025-05-10 07:36:33
157.6,2,313.5,505.9,60,210.6,2.3,0.4,623.7,32.9,0.2,0.2,0,-2563.77055548362,,,2025-05-10 07:37:09
162.4,1.8,287.4,466.2,60,210.6,2.2,0.4,623.7,32.9,0.2,0.2,0,-660.3651430791135,,,2025-05-10 07:37:34
159.6,1.7,278.1,441.9,60.04,210.8,2,0.4,623.7,32.8,0.2,0.2,0,-155.38003366567412,,,2025-05-10 07:38:09
163.5,1.7,270.5,435.6,60.04,210.5,2,0.4,623.7,32.8,0.2,0.2,0,2019.9404376537618,,,2025-05-10 07:38:35
158.2,1.6,252.3,410.8,60.04,210.3,2,0.5,623.8,32.8,0.2,0.2,0,-2019.9404376537618,,,2025-05-10 07:39:10
160.2,1.6,253.8,416.9,60.03,210.7,1.9,0.5,623.8,32.8,0.2,0.2,0,-2486.0805386507827,,,2025-05-10 07:39:35
160.3,1.6,267.8,436.5,60.02,210.7,2,0.5,623.8,32.8,0.2,0.2,0,-2952.220639647805,,,2025-05-10 07:40:11
160.7,1.7,277.8,448.3,60.04,210.6,2.1,0.5,623.8,32.8,0.2,0.2,0,-1592.645345073158,,,2025-05-10 07:40:36
158.8,1.9,298.8,469.1,59.99,210.5,2.2,0.5,623.8,32.6,0.2,0.2,0,-1981.095429237342,,,2025-05-10 07:41:11
161.1,1.9,308.4,484.7,59.99,210.6,2.3,0.5,623.8,32.4,0.3,0.2,0,1903.4054124045056,,,2025-05-10 07:41:36
160.4,1.9,306.0,486.4,59.99,210.5,2.2,0.5,623.8,32.5,0.3,0.2,0,2447.235530234366,,,2025-05-10 07:42:12
162.1,1.9,298.2,485.2,60.01,210.5,2.3,0.5,623.8,32.5,0.3,0.2,0,388.4500841641853,,,2025-05-10 07:42:37
159.3,1.9,309.6,500.0,60.03,210.3,2.4,0.5,623.8,32.6,0.3,0.2,0,-1281.88527774181,,,2025-05-10 07:43:13
162.9,2,326.1,526.5,59.99,210.3,2.4,0.5,623.8,32.6,0.3,0.2,0,271.91505891492966,,,2025-05-10 07:43:38
160.2,2.1,339.4,544.4,59.97,210.4,2.6,0.5,623.8,32.6,0.3,0.2,0,-1748.0253787388322,,,2025-05-10 07:44:14
160.2,2.1,336.6,534.7,60.01,210.4,2.5,0.5,623.8,32.6,0.3,0.2,0,3340.670723811991,,,2025-05-10 07:44:38
160.2,1.9,307.6,489.7,60.02,210.5,2.2,0.5,623.8,32.6,0.3,0.2,0,-1553.8003366567395,,,2025-05-10 07:45:14
160.1,1.7,282.5,455.4,60,210.3,2.1,0.5,623.8,32.6,0.3,0.2,0,-2835.6856143985497,,,2025-05-10 07:45:39
160.2,1.5,246.5,393.3,60.04,209.9,1.8,0.5,623.8,32.6,0.3,0.2,0,2757.995597565713,,,2025-05-10 07:46:15
157.2,1.4,233.3,363.3,60.02,210.1,1.7,0.5,623.8,32.6,0.3,0.2,0,3262.980706979154,,,2025-05-10 07:46:40
157,1.3,205.4,323.3,60.01,210,1.5,0.5,623.8,32.6,0.3,0.2,0,-466.14010099702085,,,2025-05-10 07:47:16
159.5,1.2,184.5,300.1,59.98,209.7,1.4,0.5,623.8,32.5,0.3,0.2,0,-1786.8703871552507,,,2025-05-10 07:47:40
157.3,1.1,171.6,278.7,60,209.9,1.2,0.5,623.8,32.5,0.3,0.2,0,2913.375631231387,,,2025-05-10 07:48:16
157.2,1.1,169.7,279.8,59.95,210,1.3,0.5,623.8,32.4,0.3,0.2,0,2330.70050498511,,,2025-05-10 07:48:41
157.1,1.1,188.1,301.4,60,210.3,1.3,0.5,623.8,32.2,0.3,0.2,0,1903.4054124045056,,,2025-05-10 07:49:17
157.8,1.3,206.6,328.8,60.02,210.1,1.5,0.5,623.8,32.2,0.3,0.2,0,1398.4203029910661,,,2025-05-10 07:49:42
158.8,1.4,231.5,359.8,60.02,210.2,1.7,0.5,623.8,32.3,0.3,0.2,0,3573.7407743105023,,,2025-05-10 07:50:18
157,1.5,233.9,364.2,60.03,210.4,1.7,0.5,623.8,32.3,0.3,0.2,0,854.5901851612076,,,2025-05-10 07:50:42
160.2,1.3,233.9,372.5,60.01,210.3,1.7,0.5,623.8,32.4,0.3,0.2,0,3418.360740644828,,,2025-05-10 07:51:19
157.6,1.5,236.4,377.4,60.05,210.2,1.8,0.5,623.8,32.4,0.3,0.2,0,-2214.1654797358533,,,2025-05-10 07:51:43
157.2,1.5,240.6,386.6,60.05,210.3,1.8,0.5,623.8,32.5,0.3,0.2,0,3185.290690146317,,,2025-05-10 07:52:19
157.3,1.5,244.7,396.7,60,210.6,1.8,0.5,623.8,32.5,0.3,0.2,0,2757.995597565714,,,2025-05-10 07:52:44
157.1,1.5,249.2,405.3,59.98,210.6,1.9,0.5,623.8,32.5,0.3,0.2,0,-155.38003366567412,,,2025-05-10 07:53:20
160,1.5,250.6,409.3,59.98,210.4,1.9,0.6,623.9,32.5,0.3,0.2,0,-116.53502524925558,,,2025-05-10 07:53:44
160.2,1.6,255.2,416.2,59.99,210.5,1.9,0.6,623.9,32.6,0.3,0.2,0,-2330.70050498511,,,2025-05-10 07:54:21
160.2,1.5,258.0,420.6,60,210.7,1.9,0.6,623.9,32.6,0.3,0.2,0,-2563.77055548362,,,2025-05-10 07:54:45
160.6,1.5,264.1,426.0,60.01,210.6,1.9,0.6,623.9,32.6,0.3,0.2,0,-2835.6856143985497,,,2025-05-10 07:55:21
162.9,1.6,264.2,433.6,59.97,210.7,2,0.6,623.9,32.6,0.3,0.2,0,-2796.840605982131,,,2025-05-10 07:55:46
161.3,1.7,264.5,441.4,59.96,210.9,2.1,0.6,623.9,32.7,0.3,0.2,0,-582.6751262462765,,,2025-05-10 07:56:22
159.8,1.7,275.2,450.6,59.99,210.8,2.1,0.6,623.9,32.6,0.3,0.2,0,-1592.645345073158,,,2025-05-10 07:56:46
160.3,1.7,280.4,453.3,59.99,210.8,2.1,0.6,623.9,32.7,0.3,0.2,0,-1009.9702188268802,,,2025-05-10 07:57:23
160.2,1.8,285.3,458.5,59.99,210.4,2.1,0.6,623.9,32.7,0.3,0.2,0,116.53502524925558,,,2025-05-10 07:57:47
157.7,1.8,290.5,471.1,60.04,210.5,2.2,0.6,623.9,32.7,0.3,0.2,0,3457.2057490612465,,,2025-05-10 07:58:24
157.6,1.9,297.5,486.6,60.01,210.8,2.3,0.6,623.9,32.7,0.3,0.2,0,-2097.6304544865975,,,2025-05-10 07:58:48
161.4,1.9,325.9,520.5,60.02,210.8,2.5,0.6,623.9,32.7,0.3,0.2,0,1553.8003366567402,,,2025-05-10 07:59:24
160.2,2.2,345.9,555.5,60.02,210.7,2.6,0.6,623.9,32.7,0.3,0.2,0,-2253.0104881522716,,,2025-05-10 07:59:48
163.1,2.3,372.3,586.9,60.03,210.7,2.7,0.6,623.9,32.8,0.3,0.3,0,-1359.575294574647,,,2025-05-10 08:00:25
160.2,2.4,384.5,601.4,60.02,210.4,2.8,0.6,623.9,32.8,0.3,0.3,0,-1748.0253787388322,,,2025-05-10 08:00:49
162.1,2.3,380.5,605.7,60.02,210.3,2.9,0.6,623.9,32.9,0.3,0.3,0,3457.2057490612465,,,2025-05-10 08:01:26
160.3,2.4,379.5,602.0,60.02,210.4,2.8,0.6,623.9,32.9,0.3,0.3,0,-854.5901851612061,,,2025-05-10 08:01:50
163.3,2.2,356.9,577.7,60.03,210.3,2.7,0.6,623.9,33,0.3,0.3,0,1243.0402693253914,,,2025-05-10 08:02:26
160.3,2.2,347.1,562.9,60.02,210.2,2.6,0.6,623.9,33,0.3,0.3,0,582.6751262462778,,,2025-05-10 08:02:50
162.7,2,310.3,516.5,60.03,210.2,2.5,0.6,623.9,33,0.4,0.3,0,1670.3353619059951,,,2025-05-10 08:03:27
159.5,1.9,307.3,507.7,60.03,210.1,2.4,0.6,623.9,33,0.4,0.3,0,-815.7451767447876,,,2025-05-10 08:03:51
163.3,1.8,285.4,481.6,60,210.1,2.3,0.6,623.9,33,0.4,0.3,0,3301.8257153955724,,,2025-05-10 08:04:28
160.2,1.8,291.4,484.2,59.99,210.4,2.3,0.6,623.9,33,0.4,0.3,0,-2447.2355302343644,,,2025-05-10 08:04:51
162.3,1.7,270.4,466.1,59.99,210.4,2.2,0.7,624.0,33,0.4,0.3,0,-1864.5604039880864,,,2025-05-10 08:05:28
159.3,1.7,275.4,468.1,60.01,210.2,2.2,0.7,624.0,33,0.4,0.3,0,-3029.910656480642,,,2025-05-10 08:05:52
163,1.6,251.7,438.5,59.99,210.3,2.1,0.7,624.0,33.1,0.4,0.3,0,-2563.77055548362,,,2025-05-10 08:06:29
163.1,1.6,247.4,428.5,59.99,210.3,2,0.7,624.0,33.1,0.4,0.3,0,-466.14010099702085,,,2025-05-10 08:06:53
160.2,1.6,253.9,427.4,59.96,210.3,2,0.7,624.0,33.1,0.4,0.3,0,-1009.9702188268802,,,2025-05-10 08:07:30
160.1,1.6,252.0,421.3,59.98,210.5,2,0.7,624.0,33.1,0.4,0.3,0,1165.3502524925543,,,2025-05-10 08:07:53
159.8,1.5,248.9,413.7,60.03,210.2,1.9,0.7,624.0,33.1,0.4,0.3,0,1437.2653114074833,,,2025-05-10 08:08:31
159.8,1.5,247.8,409.3,59.98,210.2,1.9,0.7,624.0,33.1,0.4,0.3,0,2913.375631231387,,,2025-05-10 08:08:54
157.2,1.5,244.3,398.5,60.04,210.3,1.9,0.7,624.0,33.1,0.4,0.3,0,-1437.265311407484,,,2025-05-10 08:09:31
157.3,1.5,244.0,396.2,60,210.3,1.8,0.7,624.0,33.1,0.4,0.3,0,-2486.0805386507827,,,2025-05-10 08:09:55
158.4,1.5,247.6,403.7,60.04,210.3,1.9,0.7,624.0,33.1,0.4,0.3,0,-1320.7302861582284,,,2025-05-10 08:10:32
158.1,1.6,251.9,408.9,60.01,210.3,1.9,0.7,624.0,33.1,0.4,0.3,0,3224.1356985627353,,,2025-05-10 08:10:55
160.2,1.6,267.5,431.3,59.99,210.4,2,0.7,624.0,33.1,0.4,0.3,0,1204.1952609089742,,,2025-05-10 08:11:33
163.6,1.7,270.8,447.4,60,210.7,2.1,0.7,624.0,33.1,0.4,0.3,0,-2602.6155639000385,,,2025-05-10 08:11:56
159,1.9,300.0,489.3,60.02,210.7,2.3,0.7,624.0,33.2,0.4,0.3,0,-2408.3905218179457,,,2025-05-10 08:12:33
161.1,1.9,324.4,527.5,59.97,210.6,2.4,0.7,624.0,33.2,0.4,0.3,0,-1864.5604039880864,,,2025-05-10 08:12:57
157.1,2.2,350.1,577.9,60,210.4,2.7,0.7,624.0,33.2,0.4,0.3,0,1398.4203029910661,,,2025-05-10 08:13:34
160.3,2.3,371.7,611.6,59.97,210.4,2.9,0.7,624.0,33.3,0.4,0.3,0,3185.290690146317,,,2025-05-10 08:13:57
164.7,2.4,413.3,677.5,60.02,210.2,3.2,0.7,624.0,33.3,0.4,0.3,0,-504.98510941344085,,,2025-05-10 08:14:35
162.3,2.8,449.6,737.0,59.99,210.1,3.5,0.7,624.0,33.4,0.4,0.3,0,-2913.3756312313867,,,2025-05-10 08:14:58
155.8,3.3,509.2,832.7,59.98,210.1,4,0.7,624.0,33.5,0.4,0.3,0,1553.8003366567402,,,2025-05-10 08:15:36
154.4,3.5,542.6,884.2,59.99,210.4,4.2,0.7,624.0,33.6,0.4,0.3,0,3379.5157322284094,,,2025-05-10 08:15:59
155.5,3.9,597.3,977.1,60.02,210.5,4.6,0.7,624.0,33.7,0.4,0.3,0,-1437.265311407484,,,2025-05-10 08:16:36
155.3,4.2,644.7,1058.1,60.02,210.9,5,0.8,624.1,33.9,0.4,0.3,0,-1709.1803703224136,,,2025-05-10 08:16:59
155.8,5.4,819.9,1344.5,60.01,211.2,6.4,0.8,624.1,34.1,0.4,0.3,0,-1748.0253787388322,,,2025-05-10 08:17:37
158.7,5.2,825.2,1333.5,60.02,211.1,6.3,0.8,624.1,34.2,0.4,0.3,0,2796.8406059821323,,,2025-05-10 08:18:00
162.9,4.7,739.7,1226.5,60.02,210.9,5.9,0.8,624.1,34.5,0.4,0.3,0,271.91505891492966,,,2025-05-10 08:18:38
160.4,5.3,829.2,1372.2,59.99,211.1,6.6,0.8,624.1,34.6,0.5,0.3,0,1087.6602356597173,,,2025-05-10 08:19:01
161.9,5.7,918.8,1532.9,60.04,211.6,7.3,0.8,624.1,34.9,0.5,0.3,0,-2563.77055548362,,,2025-05-10 08:19:38
158.1,6.6,1039.6,1731.7,59.98,211.9,8.2,0.8,624.1,35,0.5,0.4,0,1320.730286158229,,,2025-05-10 08:20:01
162.9,4.8,757.3,1256.4,59.99,211.1,6,0.8,624.1,35.3,0.5,0.4,0,-2291.8554965686903,,,2025-05-10 08:20:39
160.5,5,781.7,1298.5,60.01,211.1,6.1,0.8,624.1,35.4,0.5,0.4,0,-699.210151495532,,,2025-05-10 08:21:02
157.6,6.2,952.7,1586.1,59.99,211.4,7.7,0.9,624.2,35.5,0.5,0.4,0,-2563.77055548362,,,2025-05-10 08:21:40
154.9,8.1,1221.1,2041.9,59.97,212,9.7,0.9,624.2,35.7,0.5,0.4,0,-815.7451767447876,,,2025-05-10 08:22:03
159.2,8.5,1322.9,2197.4,59.99,212.1,10.6,0.9,624.2,36.1,0.5,0.4,0,-427.29509258060233,,,2025-05-10 08:22:40
152.6,9.7,1474.7,2471.8,60.02,212.4,11.6,0.9,624.2,36.4,0.5,0.4,0,2408.390521817947,,,2025-05-10 08:23:03
152.7,8.7,1356.9,2204.9,59.97,212.3,9.7,0.9,624.2,37,0.5,0.4,0,-3224.135698562735,,,2025-05-10 08:23:41
154.1,9.6,1422.1,2388.1,59.98,212.6,11.6,0.9,624.2,37.2,0.5,0.4,0,349.6050757477653,,,2025-05-10 08:24:04
153.2,7.3,1037.3,1725.3,60.01,211.8,8.5,1.0,624.3,37.7,0.6,0.4,0,-3029.910656480642,,,2025-05-10 08:24:42
152.6,8.8,1300.3,2177.4,59.99,212.2,10.7,1.0,624.3,37.8,0.6,0.4,0,466.14010099702085,,,2025-05-10 08:25:05
152.8,8.3,1255.5,2114.4,60.05,211.9,10.1,1.0,624.3,38,0.6,0.4,0,1786.87038715525,,,2025-05-10 08:25:43
154.4,6.2,955.3,1601.1,60.04,211.3,7.5,1.0,624.3,38.1,0.6,0.4,0,1398.4203029910661,,,2025-05-10 08:26:05
154.8,6.1,845.3,1451.8,60.01,211.4,7.7,1.0,624.3,38,0.6,0.4,0,1126.5052440761358,,,2025-05-10 08:26:43
155.2,7.1,1063.6,1810.5,59.98,211.7,8.6,1.0,624.3,38.1,0.6,0.5,0,1165.3502524925543,,,2025-05-10 08:27:06
156.1,6.7,1040.3,1769.1,60.01,211.6,8.4,1.1,624.4,38.3,0.6,0.5,0,-893.4351935776261,,,2025-05-10 08:27:44
153.8,6,842.3,1428.1,60.02,211,7.5,1.1,624.4,38.3,0.6,0.5,0,504.98510941343943,,,2025-05-10 08:28:06
151.1,9.2,1398.4,2340.3,60.01,212.2,10.6,1.1,624.4,38.6,0.6,0.5,0,194.2250420820912,,,2025-05-10 08:28:45
151.4,8.4,1342.4,2137.5,60.01,212,9.5,1.1,624.4,38.9,0.6,0.5,0,1048.8152272432988,,,2025-05-10 08:29:07
152.6,6.6,991.9,1654.1,59.97,211.1,7.9,1.1,624.4,39.1,0.6,0.5,0,1514.9553282403203,,,2025-05-10 08:29:45
156.1,7.4,1176.8,1983.2,60.02,211.6,9,1.1,624.4,39.2,0.7,0.5,0,815.7451767447876,,,2025-05-10 08:30:08
150.7,7.3,1140.5,1849.2,60.03,211.6,8.5,1.2,624.5,39.6,0.7,0.5,0,-1903.4054124045063,,,2025-05-10 08:30:46
155.4,7.4,1126.8,1857.3,60.05,211.6,8.8,1.2,624.5,39.7,0.7,0.5,0,-1864.5604039880877,,,2025-05-10 08:31:08
148.6,6,869.2,1453.8,60.02,210.8,7,1.2,624.5,39.8,0.7,0.5,0,-2175.320471319436,,,2025-05-10 08:31:47
151.8,8.5,1263.5,2084.3,60.02,211.6,10.1,1.2,624.5,39.8,0.7,0.5,0,-310.76006733134824,,,2025-05-10 08:32:09
147,7.6,1133.0,1840.9,60.01,211.4,8.7,1.2,624.5,39.9,0.7,0.5,0,1204.1952609089728,,,2025-05-10 08:32:47
151.3,8.2,1217.6,2008.2,60.02,211.8,9.4,1.2,624.5,40,0.7,0.5,0,-1476.110319823904,,,2025-05-10 08:33:10
147.7,6.7,949.9,1546.6,60.01,211.3,7.5,1.2,624.5,40.3,0.7,0.5,0,-1048.8152272433001,,,2025-05-10 08:33:48
147.5,5.2,754.4,1249.4,60,211,6,1.2,624.6,40.3,0.7,0.6,0,77.69001683283706,,,2025-05-10 08:34:10
151.9,4.5,651.6,1072.2,59.99,210.5,5.1,1.3,624.6,40.1,0.7,0.6,0,-1903.4054124045063,,,2025-05-10 08:34:49
151.4,3.9,571.3,938.7,59.99,210.3,4.5,1.3,624.6,40,0.7,0.6,0,1048.8152272432988,,,2025-05-10 08:35:11
151.8,4.8,696.4,1148.9,59.99,210.3,5.9,1.3,624.6,39.8,0.7,0.6,0,-1903.4054124045063,,,2025-05-10 08:35:50
146,7.6,997.0,1737.7,59.99,211,8.9,1.3,624.6,39.9,0.7,0.6,0,-1087.6602356597186,,,2025-05-10 08:36:12
143.7,7.1,1235.8,1894.5,59.97,211,7.6,1.3,624.6,40.3,0.8,0.6,0,-116.53502524925558,,,2025-05-10 08:36:50
146.4,7.1,1125.5,1787.8,60,211.2,8,1.3,624.6,40.5,0.8,0.6,0,-1281.8852777418115,,,2025-05-10 08:37:12
149.5,8.5,1243.5,2005.8,60.01,211.7,9.4,1.3,624.6,40.7,0.8,0.6,0,-1553.8003366567411,,,2025-05-10 08:37:51
148.3,8.4,1236.0,2000.5,60.02,211.7,9.4,1.4,624.7,40.9,0.8,0.6,0,-2563.770555483621,,,2025-05-10 08:38:13
148.3,8.1,1212.5,1844.6,60.05,211.4,8.3,1.4,624.7,41,0.8,0.6,0,-77.69001683283561,,,2025-05-10 08:38:52
156,3.3,459.7,756.1,60,210,4.2,1.4,624.7,41.1,0.8,0.6,0,1048.8152272432988,,,2025-05-10 08:39:14
152.5,6.9,1096.8,1785.1,59.98,211.6,8.5,1.4,624.7,40.7,0.8,0.6,0,-621.5201346626965,,,2025-05-10 08:39:52
146.7,8.4,1207.3,1973.0,59.98,211.6,9.1,1.4,624.7,40.8,0.8,0.6,0,77.69001683283706,,,2025-05-10 08:40:14
148.3,8.5,1253.9,2028.6,60.04,211.7,9.6,1.4,624.7,41,0.8,0.6,0,-2447.2355302343644,,,2025-05-10 08:40:53
147,8.2,1230.8,1985.4,60.04,211.6,9,1.4,624.7,41.2,0.8,0.6,0,-1670.3353619059951,,,2025-05-10 08:41:15
152.3,5.8,948.9,1417.0,60.03,210.8,6.3,1.5,624.8,41.4,0.8,0.6,0,-2175.3204713194345,,,2025-05-10 08:41:54
151.3,3.4,493.6,809.8,60.01,210.6,3.9,1.5,624.8,41.3,0.9,0.7,0,-1165.3502524925543,,,2025-05-10 08:42:16
148.4,2.8,423.5,680.8,60.04,211.6,3.2,1.5,624.8,40.8,0.9,0.7,0,-1748.0253787388308,,,2025-05-10 08:42:54
143.4,3.8,522.6,814.2,60.03,212,4,1.5,624.8,40.6,0.9,0.7,0,1009.9702188268802,,,2025-05-10 08:43:16
141.2,8.1,998.9,1647.6,60,212.9,8.4,1.5,624.8,40.4,0.9,0.7,0,-1320.7302861582284,,,2025-05-10 08:43:55
140.8,5.6,752.1,1153.7,60.02,212.1,5.7,1.5,624.8,40.6,0.9,0.7,0,-2408.3905218179457,,,2025-05-10 08:44:17
152.4,6.1,953.1,1478.2,60,212.8,6.5,1.5,624.8,40.6,0.9,0.7,0,-349.6050757477653,,,2025-05-10 08:44:56
153.2,7.4,1068.8,1710.3,59.96,213.1,8.5,1.5,624.8,40.7,0.9,0.7,0,-1864.5604039880864,,,2025-05-10 08:45:18
150.3,7.4,1164.2,1848.3,60.01,213.1,8.2,1.5,624.8,40.8,0.9,0.7,0,-699.2101514955335,,,2025-05-10 08:45:57
145.8,6.5,1055.9,1632.1,60.01,212.9,7.1,1.5,624.8,41,0.9,0.7,0,-77.69001683283706,,,2025-05-10 08:46:18
147.7,9,1315.6,2081.4,60.03,213.9,9.6,1.6,624.9,41.1,0.9,0.7,0,893.4351935776247,,,2025-05-10 08:46:57
147.7,8.7,1264.6,2021.1,60.02,213.7,9.4,1.6,624.9,41.3,0.9,0.7,0,1126.5052440761358,,,2025-05-10 08:47:19
146.9,7.5,1075.4,1764.5,59.97,213.4,8.4,1.6,624.9,41.6,0.9,0.7,0,-2524.925547067203,,,2025-05-10 08:47:58
141.6,8.1,1023.7,1723.2,59.99,213.3,8.7,1.6,624.9,41.7,0.9,0.7,0,-3029.9106564806434,,,2025-05-10 08:48:20
143.9,4.7,677.9,1107.1,60.01,212.6,5.6,1.6,624.9,41.6,1.0,0.7,0,-2408.3905218179457,,,2025-05-10 08:48:59
150.4,5.7,825.7,1292.2,60.02,212.7,6.3,1.6,624.9,41.5,1.0,0.7,0,-776.9001683283691,,,2025-05-10 08:49:20
141.4,7.6,1114.9,1777.3,60,212.9,7.8,1.6,624.9,41.5,1.0,0.7,0,738.0551599119506,,,2025-05-10 08:49:59
141,6.6,898.4,1481.4,60.03,212.8,7.2,1.7,625.0,41.6,1.0,0.7,0,-1126.5052440761372,,,2025-05-10 08:50:21
145.5,8.7,1267.0,2032.0,60.03,213.4,9.6,1.7,625.0,41.8,1.0,0.7,0,-194.22504208209264,,,2025-05-10 08:51:00
145.7,8.4,1259.1,1936.2,60.04,213.5,8.7,1.7,625.0,42.1,1.0,0.8,0,-738.055159911952,,,2025-05-10 08:51:21
142.4,8.6,1215.5,1961.6,60,213.6,9.2,1.7,625.0,42.3,1.0,0.8,0,893.4351935776247,,,2025-05-10 08:52:01
146.5,8.3,1197.2,1908.5,60.02,213.6,9,1.7,625.0,42.4,1.0,0.8,0,621.520134662695,,,2025-05-10 08:52:22
145.4,7.8,1112.1,1703.5,60.02,213.3,7.6,1.7,625.0,42.4,1.0,0.8,0,-2991.065648064225,,,2025-05-10 08:53:02
145.2,5,707.4,1208.0,60.03,212.8,5.6,1.7,625.0,42.3,1.0,0.8,0,-1981.0954292373433,,,2025-05-10 08:53:23
147.5,6.3,964.7,1548.4,60.04,213.2,6.9,1.8,625.1,42.2,1.0,0.8,0,-776.9001683283706,,,2025-05-10 08:54:02
148.9,4.8,657.7,1037.3,60.03,212.5,5.1,1.8,625.1,42.2,1.0,0.8,0,-1476.1103198239025,,,2025-05-10 08:54:23
147.4,9,1320.8,2042.8,60.01,213.9,9.5,1.8,625.1,42.2,1.1,0.8,0,1009.9702188268802,,,2025-05-10 08:55:03
144,8.7,1273.8,1973.1,60.01,213.8,8.9,1.8,625.1,42.4,1.1,0.8,0,-1126.5052440761372,,,2025-05-10 08:55:24
143,7.5,1057.9,1692.6,59.98,213.5,8.1,1.8,625.1,42.6,1.1,0.8,0,-3107.6006733134805,,,2025-05-10 08:56:04
144.1,8.9,1261.3,1996.7,60.03,213.8,9.2,1.8,625.1,42.6,1.1,0.8,0,-2835.685614398551,,,2025-05-10 08:56:25
145,8.5,1235.5,1894.1,60.03,213.7,8.8,1.8,625.1,42.9,1.1,0.8,0,-2175.3204713194345,,,2025-05-10 08:57:04
150.5,8.4,1210.7,1939.4,60.03,213.8,9.2,1.9,625.2,43,1.1,0.8,0,388.4500841641838,,,2025-05-10 08:57:25
145.8,4.8,704.0,1091.0,60.03,212.7,5.1,1.9,625.2,43,1.1,0.8,0,621.520134662695,,,2025-05-10 08:58:05
149.6,4,603.4,942.5,59.99,212.4,4.3,1.9,625.2,42.8,1.1,0.8,0,-1087.6602356597186,,,2025-05-10 08:58:26
141.4,6.6,1079.5,1715.1,60.03,213.4,7.3,1.9,625.2,42.4,1.1,0.8,0,-1709.1803703224136,,,2025-05-10 08:59:06
141.2,9.1,1263.3,1997.4,60.01,213.9,9.2,1.9,625.2,42.5,1.1,0.8,0,-1864.5604039880877,,,2025-05-10 08:59:27
147.6,3.5,497.4,787.3,60.03,212.3,3.9,1.9,625.2,42.6,1.1,0.9,0,-3029.9106564806434,,,2025-05-10 09:00:07
151.6,3.3,483.3,758.4,59.98,212.1,3.7,1.9,625.2,42.4,1.1,0.9,0,-2214.1654797358547,,,2025-05-10 09:00:27
146.9,5.1,667.4,1023.1,60.03,212.5,5.1,1.9,625.2,42.3,1.2,0.9,0,-2913.375631231388,,,2025-05-10 09:01:07
136.5,3.6,749.8,1077.4,60.05,212.3,3.7,2.0,625.3,42.3,1.2,0.9,0,-2991.065648064225,,,2025-05-10 09:01:28
144.5,5.4,712.3,1116.3,60.01,212.9,5.1,2.0,625.3,42,1.2,0.9,0,-3262.980706979153,,,2025-05-10 09:02:08
149.4,8.4,1230.2,1946.4,60.01,213.9,9,2.0,625.3,42,1.2,0.9,0,-5399.456169882173,,,2025-05-10 09:02:29
149.8,8.7,1283.2,2003.5,60.01,214.2,9.4,2.0,625.3,42.2,1.2,0.9,0,-5321.766153049334,,,2025-05-10 09:03:09
148.6,8.8,1275.7,1994.3,60.03,214,9.3,2.0,625.3,42.4,1.2,0.9,0,-3845.6558332254313,,,2025-05-10 09:03:29
148.3,8.6,1280.0,2010.2,59.97,214.1,9.4,2.0,625.3,42.4,1.2,0.9,0,-1748.0253787388322,,,2025-05-10 09:04:09
153.7,8.1,1192.7,1890.7,59.98,213.6,9,2.0,625.3,42.4,1.2,0.9,0,-893.4351935776261,,,2025-05-10 09:04:30
148.3,8.2,1196.9,1883.3,60.02,213.9,8.8,2.0,625.3,42.6,1.2,0.9,0,-1553.8003366567411,,,2025-05-10 09:05:10
148.3,8.1,1185.7,1870.4,59.97,214.2,8.7,2.1,625.4,42.7,1.2,0.9,0,-349.60507574776676,,,2025-05-10 09:05:31
151.5,7.4,1135.0,1789.7,59.98,214.6,8.3,2.1,625.4,43,1.2,0.9,0,-466.14010099702233,,,2025-05-10 09:06:11
147.1,8.1,1176.6,1850.9,60.02,214.4,8.5,2.1,625.4,43.1,1.2,0.9,0,233.07005049850972,,,2025-05-10 09:06:31
153.3,5.6,805.0,1302.9,59.98,213.7,6.7,2.1,625.4,43.2,1.3,0.9,0,-2874.5306228149693,,,2025-05-10 09:07:11
147.1,6,1007.3,1582.5,60.01,213.7,6.5,2.1,625.4,43.2,1.3,0.9,0,-4156.41590055678,,,2025-05-10 09:07:32
139.6,7.7,1010.6,1560.2,60,213.8,8,2.1,625.4,43.4,1.3,0.9,0,-3729.1208079761755,,,2025-05-10 09:08:12
148.3,8,1216.7,1866.0,60.02,214.1,8.5,2.1,625.4,43.5,1.3,1.0,0,504.98510941343943,,,2025-05-10 09:08:33
148.5,7.8,1190.7,1832.9,60,214.3,8.4,2.2,625.5,43.8,1.3,1.0,0,-893.4351935776247,,,2025-05-10 09:09:13
148.7,7.7,1179.4,1816.3,60.02,214.3,8.3,2.2,625.5,43.9,1.3,1.0,0,-1670.3353619059951,,,2025-05-10 09:09:33
148.3,8,1173.1,1809.7,59.98,214.2,8.4,2.2,625.5,43.9,1.3,1.0,0,349.6050757477653,,,2025-05-10 09:10:14
145.2,7.9,1159.1,1788.4,59.98,214.4,8.3,2.2,625.5,44,1.3,1.0,0,-155.38003366567412,,,2025-05-10 09:10:34
145.3,8,1152.9,1776.4,59.98,214.2,8.2,2.2,625.5,43.9,1.3,1.0,0,-194.22504208209264,,,2025-05-10 09:11:14
145.3,8,1150.5,1769.2,60.03,214.2,8.3,2.2,625.5,44,1.3,1.0,0,116.53502524925558,,,2025-05-10 09:11:35
145.2,7.9,1137.5,1752.3,60.01,214.2,8.2,2.3,625.6,44.1,1.4,1.0,0,-388.4500841641853,,,2025-05-10 09:12:15
145.2,7.9,1132.2,1739.9,60.02,213.8,8.2,2.3,625.6,44.2,1.4,1.0,0,-660.365143079115,,,2025-05-10 09:12:35
145.4,7.9,1138.0,1741.3,59.97,213.9,8.1,2.3,625.6,44.4,1.4,1.0,0,310.76006733134676,,,2025-05-10 09:13:16
148,7.9,1062.1,1609.4,59.97,213.8,8.1,2.3,625.6,44.4,1.4,1.0,0,-2719.1505891492952,,,2025-05-10 09:13:36
145.3,7.8,1128.2,1701.8,59.98,214.1,7.9,2.3,625.6,44.5,1.4,1.0,0,-1476.110319823904,,,2025-05-10 09:14:16
145.3,7.8,1122.7,1694.5,59.96,214.1,7.9,2.3,625.6,44.5,1.4,1.0,0,-582.6751262462778,,,2025-05-10 09:14:36
145.3,7.7,1113.8,1676.2,60.02,214.3,7.8,2.3,625.6,44.5,1.4,1.0,0,-2524.925547067203,,,2025-05-10 09:15:17
145.3,7.7,1109.5,1666.3,59.98,214.1,7.8,2.4,625.7,44.3,1.4,1.0,0,-1281.8852777418115,,,2025-05-10 09:15:37
145.4,7.6,1099.1,1645.7,59.98,214.4,7.7,2.4,625.7,44.3,1.4,1.0,0,-3573.7407743105014,,,2025-05-10 09:16:18
145.2,7.6,1096.7,1644.6,59.99,214.2,7.6,2.4,625.7,44.3,1.4,1.0,0,-1592.645345073158,,,2025-05-10 09:16:38
145.3,7.6,1095.6,1636.6,60,214.3,7.6,2.4,625.7,44.3,1.4,1.1,0,-3146.445681729899,,,2025-05-10 09:17:19
145.3,7.6,1097.2,1635.9,59.99,214.3,7.6,2.4,625.7,44.3,1.5,1.1,0,-3690.275799559757,,,2025-05-10 09:17:38
145.3,7.7,1102.5,1636.2,60.05,214.4,7.6,2.4,625.7,44.3,1.5,1.1,0,-3573.7407743105014,,,2025-05-10 09:18:19
145.3,7.6,1100.3,1637.2,60.01,214.2,7.6,2.4,625.7,44.3,1.5,1.1,0,-1864.5604039880877,,,2025-05-10 09:18:39
145.3,7.7,1102.6,1634.6,60.01,214.2,7.6,2.5,625.8,44.3,1.5,1.1,0,-932.2802019940447,,,2025-05-10 09:19:20
145.3,7.7,1105.1,1634.8,60.03,214.2,7.6,2.5,625.8,44.2,1.5,1.1,0,-621.5201346626965,,,2025-05-10 09:19:40
145.3,7.7,1107.2,1636.1,59.97,214.6,7.5,2.5,625.8,44.3,1.5,1.1,0,-3457.205749061246,,,2025-05-10 09:20:21
145.3,7.7,1106.8,1641.5,59.95,214.6,7.6,2.5,625.8,44.3,1.5,1.1,0,-4855.626052052312,,,2025-05-10 09:20:40
145.3,7.7,1104.2,1630.8,59.96,214.8,7.6,2.5,625.8,44.3,1.5,1.1,0,-1320.73028615823,,,2025-05-10 09:21:21
145.3,7.7,1106.5,1629.1,59.96,215,7.6,2.5,625.8,44.2,1.5,1.1,0,-1748.0253787388322,,,2025-05-10 09:21:41
145.1,7.7,1107.6,1627.3,59.99,214.9,7.5,2.5,625.8,44.3,1.5,1.1,0,-2369.5455134015288,,,2025-05-10 09:22:22
145.2,7.7,1109.1,1634.9,59.97,214.9,7.6,2.5,625.8,44.3,1.5,1.1,0,-3457.205749061246,,,2025-05-10 09:22:42
145.3,7.7,1105.1,1622.7,59.98,214.8,7.5,2.6,625.9,44.4,1.6,1.1,0,-4622.556001553802,,,2025-05-10 09:23:23
145.3,7.7,1103.7,1627.0,60.01,214.7,7.5,2.6,625.9,44.3,1.6,1.1,0,-2796.8406059821323,,,2025-05-10 09:23:42
145,7.7,1107.6,1623.8,60,214.7,7.5,2.6,625.9,44.4,1.6,1.1,0,-4156.41590055678,,,2025-05-10 09:24:23
145.3,7.7,1109.1,1628.9,60,214.9,7.6,2.6,625.9,44.4,1.6,1.1,0,-5244.076136216497,,,2025-05-10 09:24:43
145.3,7.8,1115.3,1634.3,60.03,215,7.6,2.6,625.9,44.5,1.6,1.1,0,-3107.6006733134805,,,2025-05-10 09:25:24
145.3,7.8,1121.0,1649.0,60.03,215,7.7,2.6,625.9,44.5,1.6,1.1,0,-1981.0954292373433,,,2025-05-10 09:25:44
144.1,7.9,1128.9,1632.8,60.03,215.1,7.7,2.6,625.9,44.4,1.6,1.2,0,-2641.460572316458,,,2025-05-10 09:26:25
145.3,7.9,1136.4,1654.6,60.02,215,7.7,2.7,626.0,44.4,1.6,1.2,0,-1165.3502524925557,,,2025-05-10 09:26:44
145.4,8.1,1147.7,1661.9,60.04,214.9,7.9,2.7,626.0,44.4,1.6,1.2,0,-3612.58578272692,,,2025-05-10 09:27:26
147.1,7.8,1152.8,1683.6,60.04,214.9,7.9,2.7,626.0,44.4,1.6,1.2,0,-4311.795934222454,,,2025-05-10 09:27:45
147.1,7.8,1140.4,1676.4,60.01,215.2,7.5,2.7,626.0,44.5,1.7,1.2,0,-2214.1654797358547,,,2025-05-10 09:28:26
143.7,8.1,1164.6,1685.6,60.03,215,7.8,2.7,626.0,44.5,1.7,1.2,0,-3806.8108248090125,,,2025-05-10 09:28:46
144.7,8.1,1162.6,1684.7,60,215,7.8,2.7,626.0,44.5,1.7,1.2,0,-4661.40100997022,,,2025-05-10 09:29:27
145.3,8,1155.9,1684.3,60.02,214.8,7.8,2.7,626.0,44.5,1.7,1.2,0,-6797.876472873237,,,2025-05-10 09:29:46
141.9,8.1,1131.1,1662.2,60,214.8,7.8,2.8,626.1,44.6,1.7,1.2,0,-5088.696102550823,,,2025-05-10 09:30:28
145.4,8.1,1162.9,1699.7,60.02,215.2,8,2.8,626.1,44.6,1.7,1.2,0,-4039.8808753075236,,,2025-05-10 09:30:47
145.4,8.2,1178.4,1724.7,60.02,215.1,8.1,2.8,626.1,44.7,1.7,1.2,0,-3496.0507574776643,,,2025-05-10 09:31:28
145.8,8.3,1179.5,1740.2,60.03,215,8.2,2.8,626.1,44.8,1.7,1.2,0,-3107.6006733134805,,,2025-05-10 09:31:48
144.1,5.5,770.8,1205.5,60.03,214.2,5.8,2.8,626.1,44.5,1.7,1.2,0,-3767.965816392594,,,2025-05-10 09:32:29
144.6,5.7,850.4,1211.8,60,214.2,4.9,2.8,626.1,44.4,1.7,1.2,0,-3884.5008416418495,,,2025-05-10 09:32:48
138.4,7.1,803.9,1311.7,59.97,213.8,7.2,2.8,626.1,44.2,1.7,1.2,0,-3573.7407743105014,,,2025-05-10 09:33:30
135.2,9.6,1214.6,1740.0,59.96,215,8.4,2.8,626.1,44.2,1.7,1.2,0,-5749.061245629936,,,2025-05-10 09:33:49
144.2,3.5,488.4,749.1,60.01,213.5,3.6,2.9,626.2,44.4,1.8,1.2,0,-2408.390521817947,,,2025-05-10 09:34:30
145.7,3.2,455.3,679.9,60.05,213.3,3.2,2.9,626.2,44.2,1.8,1.2,0,-5515.991195131426,,,2025-05-10 09:34:50
148,6.6,1021.8,1480.7,60.04,214.5,5.5,2.9,626.2,44,1.8,1.2,0,-4272.950925806035,,,2025-05-10 09:35:31
145.4,2.7,415.8,616.6,60.02,213.4,2.8,2.9,626.2,44,1.8,1.2,0,-6992.1015149553305,,,2025-05-10 09:35:50
142.5,2.1,298.5,459.9,59.97,213.3,2.1,2.9,626.2,43.7,1.8,1.2,0,-4855.626052052312,,,2025-05-10 09:36:32
145.4,2,289.3,447.2,60,213.4,2.1,2.9,626.2,43.5,1.8,1.3,0,-4272.950925806035,,,2025-05-10 09:36:51
145.4,2,296.1,455.2,59.99,213.2,2,2.9,626.2,43.1,1.8,1.3,0,-5282.9211446329155,,,2025-05-10 09:37:33
145.2,2,299.0,461.0,59.96,213.3,2.2,2.9,626.2,42.9,1.8,1.3,0,-2796.8406059821323,,,2025-05-10 09:37:51
145.2,2.1,302.3,481.6,60.02,213.7,2.2,2.9,626.2,42.7,1.8,1.3,0,-3690.275799559757,,,2025-05-10 09:38:33
145.3,2.1,311.7,500.4,60.02,213.7,2.3,2.9,626.2,42.6,1.8,1.3,0,-4078.7258837239424,,,2025-05-10 09:38:52
148.4,2.3,353.1,559.3,60.03,213.6,2.6,2.9,626.2,42.4,1.8,1.3,0,-3029.9106564806434,,,2025-05-10 09:39:34
148.3,2.6,380.6,602.5,60.04,213.6,2.8,2.9,626.2,42.3,1.8,1.3,0,-6292.891363459797,,,2025-05-10 09:39:53
150.6,3.5,544.0,852.0,60.03,213.9,3.8,2.9,626.2,42.3,1.8,1.3,0,-2369.5455134015288,,,2025-05-10 09:40:35
148.4,3.5,510.4,798.8,60.04,213.6,3.8,2.9,626.2,42.3,1.8,1.3,0,-4156.41590055678,,,2025-05-10 09:40:53
156.3,9.6,1429.9,2108.5,60.03,215.5,9.8,2.9,626.2,42.4,1.8,1.3,0,-1398.420302991067,,,2025-05-10 09:41:35
156.6,9.4,1391.8,2086.6,60.02,215.6,9.9,3.0,626.3,42.6,1.8,1.3,0,-1553.8003366567395,,,2025-05-10 09:41:54
148.3,8,1476.2,2156.6,60.03,215.3,7.7,3.0,626.3,43.3,1.8,1.3,0,-1942.2504208209248,,,2025-05-10 09:42:36
151.1,6,906.0,1415.6,60.02,214.3,6.6,3.0,626.3,43.5,1.8,1.3,0,-3379.515732228409,,,2025-05-10 09:42:55
145.5,3.7,537.7,839.9,60.03,213.8,4,3.0,626.3,43.5,1.9,1.3,0,-2796.8406059821323,,,2025-05-10 09:43:37
144,4,589.3,926.6,59.99,214.1,4.1,3.0,626.3,43.3,1.9,1.3,0,-1126.5052440761372,,,2025-05-10 09:43:55
148,10.1,1499.6,2152.6,60.01,215.5,9.9,3.0,626.3,43.2,1.9,1.3,0,-6254.046355043377,,,2025-05-10 09:44:37
146.1,10.1,1475.7,2122.6,60.01,215.4,9.8,3.0,626.3,43.5,1.9,1.3,0,-5477.146186715009,,,2025-05-10 09:44:56
140.4,4,706.9,1098.7,60.04,214,4.1,3.1,626.4,43.8,1.9,1.3,0,-3651.4307911433384,,,2025-05-10 09:45:38
152.1,6.3,858.9,1230.9,60.02,214.5,6.2,3.1,626.4,43.7,1.9,1.3,0,-2952.2206396478064,,,2025-05-10 09:45:57
146.5,5.2,677.6,999.2,60.03,214.2,5.4,3.1,626.4,43.7,1.9,1.3,0,-5904.441279295612,,,2025-05-10 09:46:39
145.7,9,1401.2,1938.0,60.02,215.1,8.6,3.1,626.4,43.6,1.9,1.3,0,-6215.20134662696,,,2025-05-10 09:46:57
143.4,2.9,428.3,625.9,60.03,213.3,2.9,3.1,626.4,43.8,1.9,1.3,0,-2719.1505891492952,,,2025-05-10 09:47:40
144.8,2.4,357.5,522.4,60.03,213.1,2.4,3.1,626.4,43.6,1.9,1.3,0,-2913.375631231388,,,2025-05-10 09:47:58
145.6,1.9,276.8,455.1,60,213.3,2.1,3.1,626.4,43.1,1.9,1.3,0,-3146.445681729899,,,2025-05-10 09:48:40
148.4,2.1,307.8,508.5,60.03,213.5,2.4,3.1,626.4,43,1.9,1.3,0,-2796.8406059821323,,,2025-05-10 09:48:59
149.1,3.2,477.4,738.6,60.03,213.7,3.5,3.1,626.4,42.7,1.9,1.3,0,-4972.161077301567,,,2025-05-10 09:49:41
148.2,3.5,535.0,808.5,60.03,213.8,3.7,3.1,626.4,42.7,1.9,1.3,0,-4544.865984720965,,,2025-05-10 09:49:59
146.5,3.8,574.6,862.5,59.98,214.1,3.9,3.1,626.4,42.7,2.0,1.4,0,-3340.6707238119902,,,2025-05-10 09:50:42
152.3,3.4,524.8,796.5,59.99,213.9,3.7,3.2,626.5,42.8,2.0,1.4,0,-3962.1908584746866,,,2025-05-10 09:51:00
141.1,5.7,717.3,1138.4,60.02,214.4,5.6,3.2,626.5,42.8,2.0,1.4,0,-3418.3607406448273,,,2025-05-10 09:51:42
134.4,4.2,662.8,1036.2,60.03,213.9,4,3.2,626.5,42.9,2.0,1.4,0,-1359.5752945746485,,,2025-05-10 09:52:01
153.4,9.8,1246.6,1777.2,60.04,215.2,9.3,3.2,626.5,42.7,2.0,1.4,0,-3884.5008416418495,,,2025-05-10 09:52:43
154.2,4.3,651.1,954.7,60.05,213.9,4.4,3.2,626.5,42.8,2.0,1.4,0,-5244.076136216497,,,2025-05-10 09:53:01
149.4,2.8,418.0,643.6,60.04,213.5,3,3.2,626.5,42.7,2.0,1.4,0,-4389.485951055291,,,2025-05-10 09:53:44
147.4,2.8,415.1,641.2,60.04,213.5,3,3.2,626.5,42.6,2.0,1.4,0,-5787.9062540463565,,,2025-05-10 09:54:02
149.8,2.7,398.0,627.5,60.05,213.2,2.9,3.2,626.5,42.4,2.0,1.4,0,-2874.5306228149693,,,2025-05-10 09:54:45
146.8,2.6,386.7,619.9,60.03,213.2,2.9,3.2,626.5,42.3,2.0,1.4,0,-2680.305580732877,,,2025-05-10 09:55:03
150,2.7,404.9,652.3,60.04,213.8,3,3.2,626.5,42.1,2.0,1.4,0,-2291.8554965686917,,,2025-05-10 09:55:45
146.9,2.9,432.5,698.1,60.05,213.6,3.3,3.2,626.5,42,2.0,1.4,0,-2097.630454486599,,,2025-05-10 09:56:03
143.4,5.5,1098.2,1707.0,60.03,214.5,5.5,3.2,626.5,42.1,2.0,1.4,0,-2757.995597565714,,,2025-05-10 09:56:46
152.5,3.7,555.4,849.7,60.02,213.6,3.9,3.2,626.5,42.2,2.0,1.4,0,-4816.781043635893,,,2025-05-10 09:57:04
149.8,3,457.2,726.5,60.03,213.5,3.4,3.3,626.6,42.1,2.0,1.4,0,-5671.3712287971,,,2025-05-10 09:57:47
152.7,2.8,417.5,686.0,60.03,213.8,3.1,3.3,626.6,42.1,2.0,1.4,0,-4739.0910268030575,,,2025-05-10 09:58:05
149.8,2.5,373.8,629.6,60.02,213.5,2.9,3.3,626.6,41.9,2.0,1.4,0,-3573.7407743105014,,,2025-05-10 09:58:47
152.3,2.4,364.4,617.4,60.04,213.5,2.9,3.3,626.6,41.9,2.0,1.4,0,-4156.41590055678,,,2025-05-10 09:59:05
152.7,2.6,385.9,646.0,60.03,213.7,3,3.3,626.6,41.7,2.0,1.4,0,-3962.1908584746866,,,2025-05-10 09:59:48
144,2.9,417.5,693.7,60.04,214.1,3.2,3.3,626.6,41.6,2.0,1.4,0,-5438.3011782985905,,,2025-05-10 10:00:06
144.8,3.7,536.6,830.9,60.06,214.2,3.9,3.3,626.6,41.5,2.0,1.4,0,-4117.570892140361,,,2025-05-10 10:00:49
145.5,4.2,592.5,923.3,60.05,214.3,4.3,3.3,626.6,41.4,2.0,1.4,0,-1748.0253787388322,,,2025-05-10 10:01:06
146.7,7.4,931.1,1366.0,60.05,214.9,7.4,3.3,626.6,41.6,2.1,1.4,0,-2175.320471319436,,,2025-05-10 10:01:49
149.2,10.8,1277.8,1844.5,60.02,215.7,10,3.3,626.6,41.7,2.1,1.4,0,-2175.320471319436,,,2025-05-10 10:02:07
140.1,11.7,1616.7,2237.9,60.02,216.3,10.6,3.3,626.6,42.3,2.1,1.4,0,-3185.2906901463175,,,2025-05-10 10:02:50
143.7,10.7,1651.5,2324.1,59.99,216,10,3.4,626.7,42.6,2.1,1.4,0,-1786.8703871552507,,,2025-05-10 10:03:08
138.6,10.3,1313.2,1840.4,60,215.7,9.2,3.4,626.7,43.1,2.1,1.4,0,-2602.61556390004,,,2025-05-10 10:03:51
142.8,5.4,748.1,1153.4,59.99,214.9,5.5,3.4,626.7,43.2,2.1,1.4,0,-3146.445681729899,,,2025-05-10 10:04:08
142.3,3.7,526.1,837.6,60.02,214,3.9,3.4,626.7,43,2.1,1.5,0,-2719.1505891492952,,,2025-05-10 10:04:52
148.3,3.5,531.9,837.8,60.01,214.2,3.9,3.4,626.7,42.9,2.1,1.5,0,-504.98510941344085,,,2025-05-10 10:05:09
148.2,3,448.2,721.2,59.98,214.3,3.3,3.4,626.7,42.6,2.1,1.5,0,-5321.766153049334,,,2025-05-10 10:05:52
146.7,2.9,436.6,709.8,59.98,214.2,3.3,3.4,626.7,42.5,2.1,1.5,0,-3301.825715395572,,,2025-05-10 10:06:10
151.4,2.9,443.7,721.5,60.02,214.2,3.4,3.4,626.7,42.3,2.1,1.5,0,-5282.9211446329155,,,2025-05-10 10:06:53
148.5,3.1,458.3,747.4,59.99,214.3,3.5,3.4,626.7,42.2,2.1,1.5,0,-3068.755664897062,,,2025-05-10 10:07:10
147.1,4.1,580.9,923.1,60,214.6,4.4,3.4,626.7,42.1,2.1,1.5,0,-4195.260908973198,,,2025-05-10 10:07:54
146,5.3,1016.7,1472.2,60.01,214.8,5.3,3.4,626.7,42.1,2.1,1.5,0,-1553.8003366567395,,,2025-05-10 10:08:11
146.8,10.9,1606.8,2234.3,59.99,215.8,10.4,3.5,626.8,42.4,2.2,1.5,0,-5127.541110967241,,,2025-05-10 10:08:54
143.6,10.8,1540.5,2168.1,60.02,215.7,10.1,3.5,626.8,42.7,2.2,1.5,0,-1592.645345073158,,,2025-05-10 10:09:12
153.4,8.7,1034.3,1492.6,60.02,215.1,9.4,3.5,626.8,43.2,2.2,1.5,0,-1243.040269325393,,,2025-05-10 10:09:55
147.6,5.6,767.6,1146.1,60,214.5,5.7,3.5,626.8,43.3,2.2,1.5,0,-3185.2906901463175,,,2025-05-10 10:10:12
147.8,10.7,1477.4,2051.3,60.02,215.9,10,3.5,626.8,43.6,2.2,1.5,0,-1476.110319823904,,,2025-05-10 10:10:56
149.9,9.6,1306.7,1832.8,60.02,215.8,9.5,3.5,626.8,43.7,2.2,1.5,0,-4933.3160688851485,,,2025-05-10 10:11:13
150.3,10.8,1616.7,2269.3,60,216.1,10.4,3.6,626.9,43.9,2.2,1.5,0,-1553.8003366567395,,,2025-05-10 10:11:56
151.2,8.2,1262.1,1871.6,60,215.5,8.5,3.6,626.9,44.1,2.2,1.5,0,-1048.8152272433001,,,2025-05-10 10:12:14
144.2,5,705.0,1081.9,60.03,214.6,5,3.6,626.9,43.8,2.3,1.5,0,-1709.1803703224136,,,2025-05-10 10:12:57
146.8,4.8,689.2,1058.4,60.01,214.8,4.9,3.6,626.9,43.7,2.3,1.5,0,-3068.755664897062,,,2025-05-10 10:13:14
149.3,5.2,765.7,1175.7,60.02,214.7,5.4,3.6,626.9,43.5,2.3,1.5,0,-5515.991195131426,,,2025-05-10 10:13:58
153.8,8.4,999.9,1657.0,60.02,215.4,8.5,3.6,626.9,43.5,2.3,1.5,0,-5438.3011782985905,,,2025-05-10 10:14:15
151.5,8.8,1372.7,1858.7,60.01,215.6,8.5,3.6,626.9,43.9,2.3,1.5,0,-7302.861582286677,,,2025-05-10 10:14:59
148.2,8,1160.4,1664.5,60,215.1,7.7,3.6,626.9,43.9,2.3,1.5,0,-6525.961413958308,,,2025-05-10 10:15:16
143.8,11.5,1625.7,2225.9,59.96,216.1,10.3,3.7,627.0,44.3,2.3,1.6,0,-2524.925547067203,,,2025-05-10 10:15:59
142.4,5.2,858.2,1310.5,60,214.5,5.1,3.7,627.0,44.5,2.3,1.6,0,-4661.40100997022,,,2025-05-10 10:16:16
145.8,11.2,1616.6,2242.7,59.97,215.8,10.1,3.7,627.0,44.5,2.3,1.6,0,-3884.5008416418495,,,2025-05-10 10:17:00
140.8,11.4,1609.6,2227.1,59.97,215.7,10.3,3.7,627.0,44.7,2.3,1.6,0,-4816.781043635893,,,2025-05-10 10:17:17
143.9,11.4,1616.4,2233.1,60.02,216.3,10.3,3.7,627.0,45.2,2.4,1.6,0,-5011.006085717986,,,2025-05-10 10:18:01
142.6,11.5,1614.4,2231.4,60,216.2,10.2,3.8,627.1,45.3,2.4,1.6,0,-1748.0253787388322,,,2025-05-10 10:18:18
145.9,5,715.4,1085.9,59.99,214.7,5.1,3.8,627.1,45.4,2.4,1.6,0,-2757.995597565714,,,2025-05-10 10:19:01
145.4,4.8,685.1,1062.7,60,214.5,4.9,3.8,627.1,45.2,2.4,1.6,0,-1786.8703871552507,,,2025-05-10 10:19:18
138.7,10.8,1506.9,2047.6,59.97,215.7,9.3,3.8,627.1,45.3,2.4,1.6,0,-4428.330959471709,,,2025-05-10 10:20:02
138.3,11,1512.3,2083.8,59.97,215.7,9.6,3.8,627.1,45.4,2.4,1.6,0,-4117.570892140361,,,2025-05-10 10:20:19
143.9,10.8,1533.8,2108.7,60,215.9,9.6,3.8,627.1,45.8,2.4,1.6,0,-4272.950925806035,,,2025-05-10 10:21:03
140.9,10.9,1518.5,2090.0,60.01,215.8,9.6,3.8,627.1,45.9,2.4,1.6,0,-3767.965816392594,,,2025-05-10 10:21:20
144,11.1,1569.9,2124.1,60,215.7,9.8,3.9,627.2,46.1,2.5,1.6,0,-3224.135698562735,,,2025-05-10 10:22:03
145.9,10.6,1564.1,2134.9,60.02,216.1,9.8,3.9,627.2,46.2,2.5,1.6,0,-2641.460572316458,,,2025-05-10 10:22:20
143.4,10.3,1373.0,1890.2,60.02,215.7,9.3,3.9,627.2,46.1,2.5,1.6,0,-5671.3712287971,,,2025-05-10 10:23:04
141.2,11,1528.6,2053.4,60,215.7,9.5,3.9,627.2,46.1,2.5,1.6,0,-5515.991195131426,,,2025-05-10 10:23:21
143.9,3.4,486.8,774.4,60,214.2,3.6,3.9,627.2,45.5,2.5,1.6,0,-7264.01657387026,,,2025-05-10 10:24:05
143.8,3.2,467.1,747.1,60,214.2,3.4,3.9,627.2,45.3,2.5,1.6,0,-5554.836203547847,,,2025-05-10 10:24:22
146.8,2.8,406.5,660.8,59.98,214,3.1,3.9,627.2,44.9,2.5,1.7,0,-6603.651430791145,,,2025-05-10 10:25:06
146.8,2.6,388.8,636.3,59.99,213.9,2.8,3.9,627.2,44.8,2.5,1.7,0,-3224.135698562735,,,2025-05-10 10:25:22
146.8,2.5,363.8,599.0,60,214.1,2.8,3.9,627.2,44.5,2.5,1.7,0,-2913.375631231388,,,2025-05-10 10:26:06
146.8,2.4,358.5,593.1,59.99,214,2.7,3.9,627.2,44.5,2.5,1.7,0,-4234.1059173896165,,,2025-05-10 10:26:23
149.8,2.4,351.0,580.7,59.97,213.8,2.7,4.0,627.3,44.2,2.5,1.7,0,-3767.965816392594,,,2025-05-10 10:27:07
144.4,2.4,353.1,580.4,59.99,213.7,2.7,4.0,627.3,44.1,2.5,1.7,0,-3962.1908584746866,,,2025-05-10 10:27:23
147.5,2.4,365.1,594.4,60.02,214.1,2.8,4.0,627.3,43.8,2.5,1.7,0,-3379.515732228409,,,2025-05-10 10:28:08
149.8,2.5,373.6,602.3,60.02,214.1,2.8,4.0,627.3,43.7,2.5,1.7,0,-6564.806422374725,,,2025-05-10 10:28:24
147,2.5,374.7,602.0,60.02,214,2.8,4.0,627.3,43.5,2.5,1.7,0,-3651.4307911433384,,,2025-05-10 10:29:08
150,2.5,379.7,604.5,60.01,213.9,2.8,4.0,627.3,43.3,2.5,1.7,0,-4894.47106046873,,,2025-05-10 10:29:25
148.3,2.5,371.9,592.7,59.98,214,2.8,4.0,627.3,43.2,2.5,1.7,0,-2408.390521817947,,,2025-05-10 10:30:09
152.6,2.5,373.7,593.4,60.02,213.9,2.7,4.0,627.3,43.2,2.5,1.7,0,-3107.6006733134805,,,2025-05-10 10:30:25
152.7,2.5,372.0,591.2,59.98,213.9,2.8,4.0,627.3,42.9,2.5,1.7,0,-4894.47106046873,,,2025-05-10 10:31:10
152.7,2.3,369.4,586.4,60.03,213.8,2.6,4.0,627.3,42.8,2.5,1.7,0,-2058.7854460701806,,,2025-05-10 10:31:26
151.6,2.4,358.9,574.3,60.03,213.7,2.6,4.0,627.3,42.6,2.5,1.7,0,-3651.4307911433384,,,2025-05-10 10:32:11
156,2.2,342.7,553.7,60.01,213.7,2.6,4.0,627.3,42.6,2.5,1.7,0,-1592.645345073158,,,2025-05-10 10:32:27
152.9,2.1,344.0,551.4,60,214,2.5,4.0,627.3,42.3,2.5,1.7,0,-1243.040269325393,,,2025-05-10 10:33:11
149.7,2.2,337.8,545.6,60.01,214,2.5,4.0,627.3,42.3,2.5,1.7,0,-3340.6707238119902,,,2025-05-10 10:33:27
154.9,2.2,353.8,572.5,60,214.1,2.6,4.0,627.3,42.1,2.6,1.7,0,-1786.8703871552507,,,2025-05-10 10:34:12
150.9,2.4,363.2,580.3,59.98,214,2.7,4.0,627.3,42.1,2.6,1.7,0,-427.2950925806038,,,2025-05-10 10:34:28
153.8,2.5,400.5,617.2,59.98,213.7,2.9,4.0,627.3,42,2.6,1.7,0,-77.69001683283706,,,2025-05-10 10:35:13
149.9,2.7,407.5,634.1,60.04,214.2,2.9,4.0,627.3,41.9,2.6,1.7,0,-2952.2206396478064,,,2025-05-10 10:35:29
153.4,4.2,600.7,857.6,60.01,214.6,4.2,4.0,627.3,41.8,2.6,1.7,0,-2214.1654797358547,,,2025-05-10 10:36:13
152.1,3,484.3,728.0,60.01,214.5,3.2,4.0,627.3,41.8,2.6,1.7,0,-1243.040269325393,,,2025-05-10 10:36:29
155.8,2.5,393.5,622.4,60,214.1,2.9,4.1,627.4,41.7,2.6,1.7,0,-4001.0358668911053,,,2025-05-10 10:37:14
151.5,2.5,381.9,617.7,60.02,214.3,2.9,4.1,627.4,41.6,2.6,1.7,0,-815.7451767447891,,,2025-05-10 10:37:30
153.8,2.4,367.5,615.1,60,214.2,2.8,4.1,627.4,41.5,2.6,1.7,0,-582.6751262462778,,,2025-05-10 10:38:15
157.2,2.2,364.4,612.9,59.98,214,2.8,4.1,627.4,41.5,2.6,1.7,0,-2136.4754629030176,,,2025-05-10 10:38:31
157,2.3,362.1,605.6,59.97,214.1,2.8,4.1,627.4,41.4,2.6,1.7,0,-3107.6006733134805,,,2025-05-10 10:39:15
157.5,2.2,361.6,602.7,60.04,213.9,2.7,4.1,627.4,41.2,2.6,1.7,0,-6254.046355043377,,,2025-05-10 10:39:31
157.2,2.3,367.6,603.0,60.03,213.8,2.7,4.1,627.4,41,2.6,1.7,0,-1748.0253787388322,,,2025-05-10 10:40:16
157.3,2.3,376.0,610.3,60.03,214,2.8,4.1,627.4,40.9,2.6,1.7,0,-4001.0358668911053,,,2025-05-10 10:40:32
158.8,2.5,410.8,660.5,59.99,214.2,3.1,4.1,627.4,40.7,2.6,1.7,0,-4234.1059173896165,,,2025-05-10 10:41:17
159.4,2.6,424.2,676.7,59.98,214,3.1,4.1,627.4,40.7,2.6,1.7,0,-1903.4054124045063,,,2025-05-10 10:41:33
160.2,3.1,489.5,763.1,59.99,214.1,3.6,4.1,627.4,40.6,2.6,1.7,0,-3496.0507574776643,,,2025-05-10 10:42:18
159,3.7,572.3,863.5,59.98,214.1,4.2,4.1,627.4,40.6,2.6,1.7,0,-2874.530622814968,,,2025-05-10 10:42:33
162.5,4.1,723.8,1059.7,59.99,214.5,4.5,4.1,627.4,40.7,2.6,1.7,0,0.0,,,2025-05-10 10:43:18
158.9,5.6,837.6,1204.1,60.04,214.7,5.8,4.1,627.4,40.8,2.6,1.7,0,-1670.3353619059951,,,2025-05-10 10:43:34
155.2,4.9,748.3,1100.3,60.03,214.4,5,4.1,627.4,41.2,2.6,1.7,0,194.22504208209264,,,2025-05-10 10:44:19
153,4.2,660.3,988.2,60.05,214.3,4.5,4.2,627.5,41.2,2.6,1.7,0,-893.4351935776261,,,2025-05-10 10:44:35
157.9,4,631.7,961.4,60.02,214.3,4.4,4.2,627.5,40.9,2.6,1.7,0,-2097.630454486599,,,2025-05-10 10:45:20
162.3,3.9,644.7,978.8,60.03,214.3,4.5,4.2,627.5,40.9,2.6,1.8,0,-1437.2653114074856,,,2025-05-10 10:45:35
159.3,4.4,702.1,1045.6,60.02,214.4,4.8,4.2,627.5,40.7,2.7,1.8,0,-1864.5604039880877,,,2025-05-10 10:46:20
161.2,4.6,759.4,1126.0,60.03,214.6,5.2,4.2,627.5,40.7,2.7,1.8,0,-1243.040269325393,,,2025-05-10 10:46:36
158.3,9.9,1515.1,1995.8,59.98,215.9,9.3,4.2,627.5,40.8,2.7,1.8,0,310.76006733134824,,,2025-05-10 10:47:21
158.1,11.1,1756.9,2271.9,59.97,216.2,10.4,4.2,627.5,41.1,2.7,1.8,0,-1942.2504208209234,,,2025-05-10 10:47:36
154.4,11.2,1663.4,2158.0,60,216.2,10.2,4.2,627.5,41.7,2.7,1.8,0,-2019.9404376537605,,,2025-05-10 10:48:22
154.6,11.2,1695.4,2220.2,60,216.3,10.4,4.3,627.6,41.9,2.7,1.8,0,-1126.5052440761372,,,2025-05-10 10:48:37
156.8,11,1666.5,2184.5,59.98,216.2,10.2,4.3,627.6,42.3,2.7,1.8,0,427.2950925806038,,,2025-05-10 10:49:23
155.5,11,1689.8,2200.3,60,216.4,10.2,4.3,627.6,42.5,2.7,1.8,0,1437.2653114074847,,,2025-05-10 10:49:38
153.9,8.4,1207.9,1604.3,60,215.4,8.1,4.3,627.6,42.9,2.8,1.8,0,-1009.9702188268802,,,2025-05-10 10:50:23
152.2,7.6,1234.8,1668.4,60.01,215.6,7.3,4.3,627.6,42.8,2.8,1.8,0,-3573.7407743105014,,,2025-05-10 10:50:38
150.9,7,1166.5,1564.8,60.03,215.2,6.6,4.3,627.6,42.7,2.8,1.8,0,-543.830117829858,,,2025-05-10 10:51:24
151.6,4.7,713.5,1055.3,60.03,214.6,4.8,4.3,627.6,42.7,2.8,1.8,0,155.38003366567412,,,2025-05-10 10:51:39
152.7,7.4,1112.1,1507.1,60.04,215,7,4.4,627.7,42.6,2.8,1.8,0,349.60507574776676,,,2025-05-10 10:52:25
155.6,6,903.7,1251.9,60.05,214.7,6.1,4.4,627.7,42.6,2.8,1.8,0,-854.5901851612076,,,2025-05-10 10:52:40
150.2,7.5,1291.3,1693.3,60.03,215.3,6.8,4.4,627.7,42.6,2.8,1.8,0,271.91505891492824,,,2025-05-10 10:53:25
150.8,3.8,572.0,848.0,60.02,214.1,4,4.4,627.7,42.6,2.8,1.8,0,-1786.8703871552507,,,2025-05-10 10:53:40
155.5,3.8,573.9,848.9,60.03,214,4,4.4,627.7,42.3,2.8,1.8,0,-504.98510941344085,,,2025-05-10 10:54:26
149.6,3.7,555.7,829.3,60.04,214.1,3.9,4.4,627.7,42.2,2.8,1.8,0,-1398.420302991067,,,2025-05-10 10:54:41
155.5,4.2,628.5,921.5,60.03,214.4,4.2,4.4,627.7,42.2,2.8,1.8,0,-233.07005049851116,,,2025-05-10 10:55:27
153.3,4.7,730.0,1041.3,60.02,214.6,4.7,4.4,627.7,42.2,2.8,1.8,0,271.91505891492824,,,2025-05-10 10:55:42
152.6,3.8,576.1,853.7,60.01,214.4,4,4.4,627.7,42,2.8,1.8,0,-2835.685614398551,,,2025-05-10 10:56:28
152.6,3.8,570.6,846.3,60.04,214.5,3.9,4.4,627.7,41.9,2.8,1.8,0,466.14010099702085,,,2025-05-10 10:56:42
155.7,3.6,559.4,834.8,59.97,214.2,3.9,4.4,627.7,41.6,2.8,1.8,0,0.0,,,2025-05-10 10:57:28
152.6,3.7,557.9,830.8,60.03,214.3,3.8,4.5,627.8,41.6,2.9,1.8,0,-2175.320471319436,,,2025-05-10 10:57:43
155.7,3.6,549.8,821.8,60,214.5,3.8,4.5,627.8,41.6,2.9,1.9,0,-3651.4307911433384,,,2025-05-10 10:58:29
153,3.7,561.4,826.2,59.99,214.1,3.9,4.5,627.8,41.6,2.9,1.9,0,-1281.8852777418115,,,2025-05-10 10:58:44
153.7,4.1,632.7,919.0,60.02,214.4,4.2,4.5,627.8,41.5,2.9,1.9,0,-1786.8703871552507,,,2025-05-10 10:59:30
155.6,3.8,574.9,854.7,60,214.2,3.9,4.5,627.8,41.5,2.9,1.9,0,-1631.4903534895766,,,2025-05-10 10:59:44
155.7,3.8,582.5,868.2,59.97,214.4,4,4.5,627.8,41.5,2.9,1.9,0,-1165.3502524925557,,,2025-05-10 11:00:30
155.7,3.7,581.7,869.0,60.02,214.2,4,4.5,627.8,41.5,2.9,1.9,0,-3651.4307911433384,,,2025-05-10 11:00:45
155.3,4.2,648.2,954.6,59.99,214.6,4.4,4.5,627.8,41,2.9,1.9,0,-1864.5604039880877,,,2025-05-10 11:01:31
157.3,5,753.1,1087.0,59.98,214.8,5.1,4.5,627.8,40.9,2.9,1.9,0,-1087.6602356597186,,,2025-05-10 11:01:46
156,5.4,863.6,1227.2,60.04,215,5.6,4.5,627.8,41,2.9,1.9,0,-2175.320471319436,,,2025-05-10 11:02:32
152.2,4.6,745.5,1085.4,59.99,214.8,4.5,4.5,627.8,41.1,2.9,1.9,0,-3068.755664897062,,,2025-05-10 11:02:46
152.9,6.1,900.3,1258.9,60.06,215.1,6,4.5,627.8,40.9,2.9,1.9,0,-3496.0507574776643,,,2025-05-10 11:03:33
157.1,9.1,1416.4,1866.8,60.02,215.9,8.6,4.6,627.9,40.9,2.9,1.9,0,-621.5201346626965,,,2025-05-10 11:03:47
152.8,11.2,1483.1,2052.2,59.98,215.6,9.6,4.6,627.9,41.3,2.9,1.9,0,-3301.825715395572,,,2025-05-10 11:04:33
140.1,6.5,1126.6,1503.2,59.97,214.9,5.5,4.6,627.9,41.4,2.9,1.9,0,-3379.515732228409,,,2025-05-10 11:04:48
140.7,11.4,1587.1,2033.5,59.96,215.8,9.4,4.6,627.9,41.7,3.0,1.9,0,699.210151495532,,,2025-05-10 11:05:34
145.3,11,1576.6,2037.4,60.03,215.7,9.4,4.6,627.9,41.8,3.0,1.9,0,-4156.41590055678,,,2025-05-10 11:05:48
148,10.8,1594.0,2058.7,60.05,215.5,9.6,4.6,627.9,42.1,3.0,1.9,0,-2291.8554965686917,,,2025-05-10 11:06:35
152.2,10.6,1577.8,2028.7,60.05,215.7,9.5,4.7,628.0,42.2,3.0,1.9,0,-349.60507574776676,,,2025-05-10 11:06:49
144.5,6.3,861.7,1194.7,60.02,214.3,5.9,4.7,628.0,42.6,3.0,1.9,0,-2680.305580732877,,,2025-05-10 11:07:35
144,5.9,887.1,1241.3,60.04,214.6,5.6,4.7,628.0,42.6,3.0,1.9,0,-543.8301178298593,,,2025-05-10 11:07:50
145.4,4.6,670.0,977.3,60.03,214.2,4.5,4.7,628.0,42.3,3.0,1.9,0,-4816.781043635894,,,2025-05-10 11:08:36
150.5,5.3,744.4,1054.3,60.02,214.3,5.2,4.7,628.0,42.2,3.0,1.9,0,-3262.980706979153,,,2025-05-10 11:08:50
149.9,7.2,1190.2,1572.4,60.03,215.2,6.7,4.7,628.0,42,3.0,1.9,0,-3534.895765894083,,,2025-05-10 11:09:37
151.9,4.4,621.9,899.6,60.02,214.4,4.4,4.7,628.0,42,3.0,1.9,0,-5049.851094134404,,,2025-05-10 11:09:51
153.3,3.6,551.9,829.2,60.03,214.4,3.8,4.7,628.0,41.5,3.1,1.9,0,-6176.35633821054,,,2025-05-10 11:10:37
150.4,4.6,659.5,964.5,60.02,214.9,4.6,4.7,628.0,41.3,3.1,1.9,0,-7846.691700116537,,,2025-05-10 11:10:52
148.4,6.4,938.4,1290.0,60.02,215.2,6,4.7,628.0,41.2,3.1,1.9,0,-6797.876472873238,,,2025-05-10 11:11:38
148.8,5.1,761.6,1090.9,60.03,214.9,5,4.8,628.1,41.2,3.1,1.9,0,-6759.031464456819,,,2025-05-10 11:11:52
149.5,4.3,653.4,949.3,60.04,214.4,4.4,4.8,628.1,41.3,3.1,2.0,0,-4078.7258837239424,,,2025-05-10 11:12:39
153.4,4,639.2,936.1,60.03,214.4,4.2,4.8,628.1,41.3,3.1,2.0,0,-2835.685614398551,,,2025-05-10 11:12:53
153.4,5.7,874.5,1204.8,60.03,214.6,5.3,4.8,628.1,41.3,3.1,2.0,0,-3612.58578272692,,,2025-05-10 11:13:39
157.2,5.8,839.1,1142.2,60.05,214.7,5.6,4.8,628.1,41.4,3.1,2.0,0,-4039.8808753075236,,,2025-05-10 11:13:53
157.2,3.9,574.8,854.3,60.03,214.3,4.1,4.8,628.1,41.2,3.1,2.0,0,-4001.0358668911053,,,2025-05-10 11:14:40
154.2,3.9,591.8,869.9,60.04,214.3,4.1,4.8,628.1,41.2,3.1,2.0,0,-6448.27139712547,,,2025-05-10 11:14:54
155.1,3.5,574.0,851.4,59.98,214.1,3.9,4.8,628.1,41.1,3.1,2.0,0,-1981.0954292373433,,,2025-05-10 11:15:41
154.3,3.8,580.8,859.6,59.99,214.1,4,4.8,628.1,41,3.1,2.0,0,-4739.0910268030575,,,2025-05-10 11:15:55
151.7,4.7,694.8,995.7,60.02,214.5,4.6,4.8,628.1,40.8,3.1,2.0,0,-3690.275799559757,,,2025-05-10 11:16:42
149.2,6,846.4,1167.9,59.99,214.8,5.6,4.8,628.1,40.8,3.1,2.0,0,-4583.710993137383,,,2025-05-10 11:16:55
155.1,7.4,1181.5,1538.2,60.02,215,7,4.9,628.2,40.9,3.1,2.0,0,-2330.70050498511,,,2025-05-10 11:17:42
154.3,4.9,800.6,1122.9,59.99,214.6,4.9,4.9,628.2,40.9,3.1,2.0,0,-4039.8808753075236,,,2025-05-10 11:17:56
154.4,3.1,492.9,799.0,59.98,214,3.7,4.9,628.2,40.6,3.2,2.0,0,-1748.0253787388322,,,2025-05-10 11:18:43
154.2,3.2,491.7,796.3,59.99,214,3.7,4.9,628.2,40.6,3.2,2.0,0,-3224.1356985627363,,,2025-05-10 11:18:57
156.2,3.2,507.3,804.6,60.04,214.1,3.7,4.9,628.2,40.3,3.2,2.0,0,-5399.456169882173,,,2025-05-10 11:19:44
154.3,3.4,524.2,823.7,60.03,214.2,3.8,4.9,628.2,40,3.2,2.0,0,-8778.971902110581,,,2025-05-10 11:19:57
156.5,4.1,617.6,933.0,60.01,214.5,4.3,4.9,628.2,39.7,3.2,2.0,0,-4855.626052052312,,,2025-05-10 11:20:44
154.3,4.1,622.9,944.4,60.03,214.5,4.3,4.9,628.2,39.7,3.2,2.0,0,-6797.876472873238,,,2025-05-10 11:20:58
157.2,3.9,612.7,931.1,60.02,214.4,4.2,4.9,628.2,39.4,3.2,2.0,0,-5632.526220380682,,,2025-05-10 11:21:45
156.3,3.8,600.4,916.2,60.02,214.4,4.2,4.9,628.2,39.3,3.2,2.0,0,-4777.936035219474,,,2025-05-10 11:21:59
157.2,3.9,607.9,918.2,60.02,214.5,4.2,4.9,628.2,38.8,3.2,2.0,0,-5360.611161465752,,,2025-05-10 11:22:46
157.2,3.8,592.7,899.3,60.01,214.6,4.2,4.9,628.2,38.7,3.2,2.0,0,-4700.246018386639,,,2025-05-10 11:22:59
157.2,3.4,544.6,841.3,60.02,214.4,3.8,4.9,628.2,38.5,3.2,2.0,0,-5011.006085717986,,,2025-05-10 11:23:46
157.8,3.4,524.5,819.4,60.01,214.2,3.9,4.9,628.2,38.5,3.2,2.0,0,-5826.751262462774,,,2025-05-10 11:24:00
151.9,3.9,592.7,897.9,60.01,214.3,4.2,5.0,628.3,38.1,3.2,2.0,0,-6137.511329794122,,,2025-05-10 11:24:47
155.9,3.8,581.1,881.2,60.02,214.4,4.2,5.0,628.3,38,3.2,2.0,0,-6564.806422374725,,,2025-05-10 11:25:01
155.9,3.2,494.9,768.6,59.97,214.1,3.6,5.0,628.3,37.8,3.2,2.0,0,-5360.611161465754,,,2025-05-10 11:25:48
155.7,3.1,487.4,760.4,60.01,214.1,3.4,5.0,628.3,37.7,3.2,2.0,0,-6331.736371876215,,,2025-05-10 11:26:01
155.7,2.8,443.3,706.5,60.03,213.9,3.3,5.0,628.3,37.5,3.2,2.0,0,-4777.936035219474,,,2025-05-10 11:26:49
155.5,2.8,438.7,700.1,59.97,213.8,3.2,5.0,628.3,37.4,3.2,2.0,0,-6759.031464456818,,,2025-05-10 11:27:02
155.7,2.7,427.6,686.3,60.02,214.3,3.2,5.0,628.3,37.1,3.2,2.0,0,-5943.286287712031,,,2025-05-10 11:27:49
158.7,2.7,425.2,681.2,60.04,214,3.1,5.0,628.3,37,3.2,2.0,0,-6759.031464456818,,,2025-05-10 11:28:03
158.7,2.7,422.2,682.4,60.02,214.2,3.2,5.0,628.3,36.9,3.2,2.1,0,-9012.041952609092,,,2025-05-10 11:28:50
158.2,2.7,421.6,677.9,60.01,213.9,3.1,5.0,628.3,36.8,3.2,2.1,0,-10060.857179852392,,,2025-05-10 11:29:03
158.6,2.7,424.3,688.8,60.01,214,3.2,5.0,628.3,36.7,3.3,2.1,0,-7341.706590703095,,,2025-05-10 11:29:51
155.8,2.7,424.3,685.5,60.02,214,3.2,5.0,628.3,36.7,3.3,2.1,0,-7691.311666450861,,,2025-05-10 11:30:04
155.8,2.8,436.3,709.8,60.04,214.1,3.3,5.0,628.3,36.6,3.3,2.1,0,-7730.156674867279,,,2025-05-10 11:30:51
158.9,2.8,447.3,718.4,60.03,214,3.3,5.0,628.3,36.6,3.3,2.1,0,-7807.846691700117,,,2025-05-10 11:31:05
158.6,3,470.5,751.3,60.03,214.1,3.5,5.0,628.3,36.6,3.3,2.1,0,-6759.031464456818,,,2025-05-10 11:31:52
155.8,3,471.7,755.7,60.02,214.2,3.5,5.0,628.3,36.6,3.3,2.1,0,-6448.271397125471,,,2025-05-10 11:32:05
158.7,3.2,512.3,807.3,60.02,214.2,3.8,5.1,628.4,36.6,3.3,2.1,0,-7924.381716949372,,,2025-05-10 11:32:53
155.7,3.3,515.1,814.4,60.02,214.4,3.8,5.1,628.4,36.6,3.3,2.1,0,-10876.602356597177,,,2025-05-10 11:33:06
158.7,3.5,553.2,867.1,60.01,214.4,4.1,5.1,628.4,36.6,3.3,2.1,0,-8507.05684319565,,,2025-05-10 11:33:53
156.5,3.6,553.3,872.0,60.01,214.4,4.1,5.1,628.4,36.7,3.3,2.1,0,-9400.492036773274,,,2025-05-10 11:34:06
158.7,3.7,587.2,919.1,59.99,214.5,4.2,5.1,628.4,36.6,3.3,2.1,0,-10954.292373430015,,,2025-05-10 11:34:54
155.7,3.8,583.7,916.4,60.04,214.5,4.3,5.1,628.4,36.7,3.3,2.1,0,-7302.861582286676,,,2025-05-10 11:35:07
158.8,3.9,609.0,958.5,60.02,214.4,4.4,5.1,628.4,36.9,3.3,2.1,0,-7924.381716949372,,,2025-05-10 11:35:55
157.5,3.9,603.4,953.2,59.99,214.3,4.4,5.1,628.4,37,3.3,2.1,0,-8507.05684319565,,,2025-05-10 11:36:08
158.7,4,627.1,985.7,60.04,214.7,4.5,5.1,628.4,37.1,3.3,2.1,0,-6098.666321377703,,,2025-05-10 11:36:56
156.1,4,622.0,984.3,60.03,214.7,4.5,5.1,628.4,37.2,3.3,2.1,0,-7108.636540204586,,,2025-05-10 11:37:08
158.7,4.1,644.0,1008.4,60.04,214.5,4.6,5.1,628.4,37.3,3.3,2.1,0,-9361.647028356858,,,2025-05-10 11:37:56
158.2,4.1,641.6,1010.6,60.05,214.4,4.7,5.1,628.4,37.3,3.3,2.1,0,-7769.001683283699,,,2025-05-10 11:38:09
158.7,4.3,668.3,1043.2,60.04,214.7,4.8,5.2,628.5,37.6,3.3,2.1,0,-8545.90185161207,,,2025-05-10 11:38:57
156.9,4.3,670.8,1048.0,60.03,214.6,4.9,5.2,628.5,37.6,3.3,2.1,0,-5515.991195131426,,,2025-05-10 11:39:10
158.7,4.5,701.1,1085.4,60.02,214.7,4.9,5.2,628.5,37.8,3.3,2.1,0,-6098.666321377703,,,2025-05-10 11:39:58
158.5,4.5,704.8,1092.5,60,214.8,5,5.2,628.5,37.8,3.3,2.1,0,-5632.526220380681,,,2025-05-10 11:40:10
155.9,5,776.0,1174.5,60.01,214.6,5.5,5.2,628.5,37.9,3.4,2.1,0,-7108.636540204586,,,2025-05-10 11:40:58
158.8,5.1,797.7,1199.8,59.99,214.4,5.6,5.2,628.5,38,3.4,2.1,0,-7613.621649618024,,,2025-05-10 11:41:11
158.9,6.5,1008.6,1447.1,59.97,215.2,6.8,5.2,628.5,38.1,3.4,2.1,0,-9594.717078855369,,,2025-05-10 11:41:59
158.5,7.7,1205.0,1661.4,59.98,215.4,7.8,5.2,628.5,38.1,3.4,2.1,0,-7846.691700116537,,,2025-05-10 11:42:12
157.2,6.3,1027.4,1486.0,60.02,215.3,6.6,5.2,628.5,38.6,3.4,2.1,0,-8040.916742198629,,,2025-05-10 11:43:00
155.7,6,919.6,1344.1,60.02,215.2,6.3,5.2,628.5,38.7,3.4,2.1,0,-6836.721481289656,,,2025-05-10 11:43:12
151.2,10.8,1616.4,2119.6,59.98,214.4,9.9,5.3,628.6,39.1,3.4,2.2,0,-6059.821312961284,,,2025-05-10 11:44:00
153.6,11.6,1752.9,2285.5,60.01,216.4,10.4,5.3,628.6,39.4,3.4,2.2,0,-6487.116405541889,,,2025-05-10 11:44:13
154.1,9.5,1460.9,1958.0,60.01,215.8,8.7,5.3,628.6,39.9,3.4,2.2,0,-4972.161077301567,,,2025-05-10 11:45:01
153.3,7.9,1198.8,1661.1,59.98,215.3,7.9,5.3,628.6,40,3.4,2.2,0,-6642.496439207563,,,2025-05-10 11:45:14
152.5,5.8,882.2,1297.1,60.03,214.6,6,5.3,628.6,40.1,3.5,2.2,0,-5205.231127800078,,,2025-05-10 11:46:02
151.2,5.8,857.1,1270.6,59.97,214.5,5.9,5.3,628.6,40.1,3.5,2.2,0,-7341.706590703096,,,2025-05-10 11:46:14
152.9,5.5,820.6,1222.3,60.02,214.7,5.7,5.4,628.7,40.1,3.5,2.2,0,-8584.746860028488,,,2025-05-10 11:47:03
152.6,5.2,800.7,1202.0,60.02,214.7,5.5,5.4,628.7,40.1,3.5,2.2,0,-8429.366826362813,,,2025-05-10 11:47:15
155.4,5.2,761.8,1159.8,60.03,214.6,5.4,5.4,628.7,40.1,3.5,2.2,0,-7225.17156545384,,,2025-05-10 11:48:03
152.8,5.2,784.7,1184.8,59.99,214.6,5.4,5.4,628.7,40.1,3.5,2.2,0,-6370.581380292632,,,2025-05-10 11:48:16
153.8,5.3,780.7,1182.2,60.02,214.4,5.5,5.4,628.7,40.2,3.5,2.2,0,-8273.98679269714,,,2025-05-10 11:49:04
152.8,5.4,806.9,1206.5,60.02,214.3,5.6,5.4,628.7,40.1,3.5,2.2,0,-6059.821312961284,,,2025-05-10 11:49:16
154.8,5.5,823.1,1226.7,60.01,214.5,5.7,5.4,628.7,40.1,3.5,2.2,0,-8623.591868444908,,,2025-05-10 11:50:05
152.6,5.3,806.7,1201.4,60,214.5,5.5,5.4,628.7,40.1,3.5,2.2,0,-7613.621649618024,,,2025-05-10 11:50:17
153.1,5.6,848.3,1242.4,59.99,214.4,5.8,5.4,628.7,40,3.5,2.2,0,-10060.857179852392,,,2025-05-10 11:51:05
152.8,5.6,844.0,1232.8,59.99,214.4,5.6,5.4,628.7,40,3.5,2.2,0,-8079.761750615047,,,2025-05-10 11:51:18
150.5,5,757.2,1124.4,59.98,214.4,5.1,5.5,628.8,40.3,3.5,2.2,0,-8273.986792697138,,,2025-05-10 11:52:06
153,4.7,712.0,1071.7,60,214.5,4.9,5.5,628.8,40.3,3.5,2.2,0,-6720.186456040401,,,2025-05-10 11:52:18
149.6,4.5,672.9,1016.3,59.98,214.3,4.7,5.5,628.8,40.3,3.6,2.2,0,-9322.80201994044,,,2025-05-10 11:53:07
152.7,4.5,677.9,1022.5,59.99,214.2,4.7,5.5,628.8,40.3,3.6,2.2,0,-7341.706590703096,,,2025-05-10 11:53:19
150.6,4.4,665.9,1000.4,59.97,214.4,4.7,5.5,628.8,40.3,3.6,2.2,0,-7030.946523371749,,,2025-05-10 11:54:07
152.8,4.4,667.3,1005.1,60.01,214.5,4.7,5.5,628.8,40.2,3.6,2.2,0,-9633.562087271788,,,2025-05-10 11:54:20
152.7,4.4,670.4,1010.1,59.99,214.3,4.6,5.5,628.8,40.3,3.6,2.2,0,-7924.381716949372,,,2025-05-10 11:55:08
155.5,4.3,657.7,999.1,59.98,214.3,4.6,5.5,628.8,40.3,3.6,2.2,0,-6875.566489706073,,,2025-05-10 11:55:20
152.9,4.6,689.0,1028.0,59.97,214.4,4.7,5.5,628.8,40.1,3.6,2.3,0,-7730.156674867281,,,2025-05-10 11:56:09
155.7,4.5,685.9,1033.7,59.98,214.4,4.7,5.5,628.8,40.1,3.6,2.3,0,-9245.1120031076,,,2025-05-10 11:56:21
152.9,4.9,743.3,1097.5,59.98,214.4,5.1,5.5,628.8,39.9,3.6,2.3,0,-9827.78712935388,,,2025-05-10 11:57:10
155.3,4.7,726.0,1079.3,60,214.2,5,5.5,628.8,39.9,3.6,2.3,0,-9866.632137770297,,,2025-05-10 11:57:21
152.7,4,610.1,945.3,60.03,214.3,4.3,5.6,628.9,40,3.6,2.3,0,-7225.17156545384,,,2025-05-10 11:58:10
149.8,4,600.1,932.4,60.05,214.2,4.3,5.6,628.9,40,3.6,2.3,0,-8312.83180111356,,,2025-05-10 11:58:22
150,3.8,575.2,903.2,60.02,214.3,4.2,5.6,628.9,39.8,3.6,2.3,0,-7963.226725365791,,,2025-05-10 11:59:11
156.1,3.8,589.8,920.4,60.01,214.3,4.2,5.6,628.9,39.9,3.6,2.3,0,-10332.77223876732,,,2025-05-10 11:59:23
154.1,3.7,564.3,892.8,60,213.9,4.1,5.6,628.9,40,3.6,2.3,0,-7535.931632785188,,,2025-05-10 12:00:12
154.1,3.6,546.1,870.2,60,213.9,4,5.6,628.9,40,3.6,2.3,0,-10255.082221934485,,,2025-05-10 12:00:23
154.1,3.4,528.4,850.3,60.01,214.3,3.9,5.6,628.9,39.9,3.6,2.3,0,-8740.126893694161,,,2025-05-10 12:01:12
154.2,3.4,522.6,843.4,60.02,214.2,3.9,5.6,628.9,39.8,3.6,2.3,0,-9788.94212093746,,,2025-05-10 12:01:24
154.1,3.4,515.1,830.7,60.02,214.2,3.9,5.6,628.9,39.4,3.7,2.3,0,-10643.532306098668,,,2025-05-10 12:02:13
153.5,3.4,516.8,840.5,60.02,214.1,3.9,5.6,628.9,39.4,3.7,2.3,0,-9905.477146186717,,,2025-05-10 12:02:25
154.1,3.4,522.0,848.5,60.03,214.1,4,5.6,628.9,39.4,3.7,2.3,0,-10526.997280849411,,,2025-05-10 12:03:14
154.1,3.4,523.2,850.8,60.03,214.1,3.9,5.6,628.9,39.5,3.7,2.3,0,-7535.931632785188,,,2025-05-10 12:03:25
154.3,3.4,530.0,859.4,60.02,213.8,4,5.6,628.9,39.5,3.7,2.3,0,-10022.012171435972,,,2025-05-10 12:04:14
152.8,3.5,532.3,862.1,60.01,213.9,4,5.7,629.0,39.5,3.7,2.3,0,-7419.396607535931,,,2025-05-10 12:04:26
154.2,3.6,546.1,876.8,59.99,214.3,4.1,5.7,629.0,39.5,3.7,2.3,0,-9594.717078855367,,,2025-05-10 12:05:15
154.2,3.6,549.6,880.7,59.98,214.2,4.1,5.7,629.0,39.5,3.7,2.3,0,-8157.451767447883,,,2025-05-10 12:05:27
154.2,3.7,569.8,901.9,59.97,214.3,4.2,5.7,629.0,39.6,3.7,2.3,0,-8507.05684319565,,,2025-05-10 12:06:16
152.2,3.8,574.8,908.6,59.96,214.6,4.2,5.7,629.0,39.6,3.7,2.3,0,-5865.596270879192,,,2025-05-10 12:06:27
154.2,3.9,597.4,936.2,59.98,214.6,4.2,5.7,629.0,39.8,3.7,2.3,0,-7186.3265570374215,,,2025-05-10 12:07:17
153.6,3.9,601.9,942.2,59.99,214.4,4.3,5.7,629.0,39.8,3.7,2.3,0,-6564.806422374727,,,2025-05-10 12:07:28
154.1,4,610.1,951.2,59.95,214.5,4.4,5.7,629.0,39.8,3.7,2.3,0,-8196.296775864303,,,2025-05-10 12:08:17
152,4,611.6,958.7,59.96,214.6,4.3,5.7,629.0,39.8,3.7,2.3,0,-6797.876472873237,,,2025-05-10 12:08:29
154.2,4.1,628.9,980.2,60.01,214.7,4.5,5.7,629.0,39.9,3.7,2.3,0,-8118.606759031465,,,2025-05-10 12:09:18
153.5,4.1,631.3,982.1,59.99,214.6,4.5,5.7,629.0,39.9,3.7,2.3,0,-8040.916742198629,,,2025-05-10 12:09:29
154.1,4.2,640.1,1000.0,60.01,214.5,4.6,5.7,629.0,39.9,3.7,2.3,0,-8351.676809529978,,,2025-05-10 12:10:19
154.2,4.2,638.9,1000.3,60.01,214.5,4.6,5.7,629.0,39.9,3.7,2.3,0,-7108.636540204585,,,2025-05-10 12:10:30
154.2,4.3,664.8,1029.3,60.02,214.4,4.8,5.8,629.1,40,3.7,2.4,0,-7769.001683283698,,,2025-05-10 12:11:19
152.6,4.5,682.4,1051.1,60.02,214.6,4.8,5.8,629.1,40,3.7,2.4,0,-8973.196944192672,,,2025-05-10 12:11:31
154.2,4.3,664.1,1027.9,60.02,214.6,4.7,5.8,629.1,39.8,3.8,2.4,0,-9128.576977858345,,,2025-05-10 12:12:20
154.3,4.1,652.4,1010.8,60.03,214.6,4.6,5.8,629.1,39.8,3.8,2.4,0,-6254.046355043379,,,2025-05-10 12:12:31
154.2,4.2,658.6,1015.4,59.97,214.5,4.6,5.8,629.1,39.9,3.8,2.4,0,-5127.541110967241,,,2025-05-10 12:13:21
156.1,4.2,662.1,1017.8,59.99,214.4,4.6,5.8,629.1,39.9,3.8,2.4,0,-9012.04195260909,,,2025-05-10 12:13:32
157.3,5.4,832.5,1204.1,59.98,214.6,5.6,5.8,629.1,40.1,3.8,2.4,0,-6215.20134662696,,,2025-05-10 12:14:22
155.6,5.8,877.9,1256.5,59.98,214.7,5.9,5.8,629.1,40.1,3.8,2.4,0,-6215.201346626958,,,2025-05-10 12:14:33
157.3,5,770.8,1129.3,60.02,214.6,5.3,5.8,629.1,40.2,3.8,2.4,0,-8351.676809529976,,,2025-05-10 12:15:22
155.4,5.7,882.9,1249.5,60.02,214.7,5.8,5.8,629.1,40.2,3.8,2.4,0,-6603.651430791144,,,2025-05-10 12:15:33
154.1,5.1,784.5,1132.9,59.98,214.5,5.2,5.9,629.2,40.3,3.8,2.4,0,-5826.751262462773,,,2025-05-10 12:16:23
154.1,4.8,751.5,1095.6,59.99,214.5,5,5.9,629.2,40.4,3.8,2.4,0,-5593.681211964265,,,2025-05-10 12:16:34
154.2,5,757.0,1094.5,59.99,214.6,5.1,5.9,629.2,40.4,3.8,2.4,0,-7302.861582286677,,,2025-05-10 12:17:24
151.4,5.2,779.4,1118.5,59.98,214.7,5.1,5.9,629.2,40.4,3.8,2.4,0,-5593.681211964265,,,2025-05-10 12:17:35
154.3,6.2,943.4,1312.3,60,215.1,6.1,5.9,629.2,40.5,3.8,2.4,0,-5593.681211964265,,,2025-05-10 12:18:24
154.2,5.4,826.9,1187.3,59.98,214.8,5.5,5.9,629.2,40.6,3.8,2.4,0,-5360.611161465754,,,2025-05-10 12:18:35
153.9,5.8,866.4,1223.6,60.04,214.7,5.6,5.9,629.2,40.8,3.8,2.4,0,-7652.466658034443,,,2025-05-10 12:19:25
149.2,5.1,777.8,1129.6,60.01,214.6,5,5.9,629.2,40.9,3.8,2.4,0,-4467.175967888128,,,2025-05-10 12:19:36
152.3,4.4,658.0,981.1,60.01,214.5,4.5,5.9,629.2,40.8,3.9,2.4,0,-7769.001683283699,,,2025-05-10 12:20:26
152.5,4.4,660.7,979.2,60.02,214.7,4.5,5.9,629.2,40.8,3.9,2.4,0,-5205.231127800078,,,2025-05-10 12:20:36
150.8,4.4,663.0,985.6,59.99,214.5,4.6,5.9,629.2,40.8,3.9,2.4,0,-7769.001683283699,,,2025-05-10 12:21:26
152.8,4.4,671.6,993.7,59.99,214.3,4.6,6.0,629.3,40.7,3.9,2.4,0,-6564.806422374727,,,2025-05-10 12:21:37
152.5,4.7,698.4,1027.9,59.98,214.3,4.8,6.0,629.3,40.8,3.9,2.4,0,-4700.246018386639,,,2025-05-10 12:22:27
151.8,5.6,811.2,1148.4,60,214.5,5.5,6.0,629.3,40.8,3.9,2.4,0,-5865.596270879193,,,2025-05-10 12:22:38
150.7,6.4,980.4,1352.7,59.99,215,6.2,6.0,629.3,41.1,3.9,2.4,0,-7419.396607535931,,,2025-05-10 12:23:28
151.4,5.9,894.1,1258.1,60,214.6,5.8,6.0,629.3,41.1,3.9,2.4,0,-6409.426388709053,,,2025-05-10 12:23:38
151.3,5.2,779.8,1127.3,60.01,214.5,5.2,6.0,629.3,41.3,3.9,2.5,0,-6409.426388709053,,,2025-05-10 12:24:29
148.1,5.2,765.7,1110.8,59.99,214.4,5.1,6.0,629.3,41.3,3.9,2.5,0,-5865.596270879193,,,2025-05-10 12:24:39
150.6,5.8,840.7,1196.6,59.98,214.9,5.7,6.0,629.3,41.3,3.9,2.5,0,-7186.3265570374215,,,2025-05-10 12:25:29
154.2,7.9,1182.1,1620.9,60.01,215.4,7.8,6.0,629.3,41.4,3.9,2.5,0,-4700.246018386639,,,2025-05-10 12:25:40
149.2,8,1132.5,1541.6,60.02,215.4,7.5,6.1,629.4,41.8,3.9,2.5,0,-6448.27139712547,,,2025-05-10 12:26:30
148.3,9.2,1348.9,1807.8,60.05,215.6,8.2,6.1,629.4,41.8,3.9,2.5,0,-7769.001683283699,,,2025-05-10 12:26:40
143.7,8.5,1255.3,1695.1,59.99,215.3,7.6,6.1,629.4,42.3,4.0,2.5,0,-7030.946523371749,,,2025-05-10 12:27:31
143.7,7.4,1073.9,1477.8,59.96,215.1,6.8,6.1,629.4,42.4,4.0,2.5,0,-5904.44127929561,,,2025-05-10 12:27:41
148.7,10.3,1503.0,1979.5,59.96,216,9.2,6.1,629.4,42.6,4.0,2.5,0,-6292.891363459796,,,2025-05-10 12:28:31
148.7,10.3,1498.0,1972.0,59.98,215.7,9.1,6.1,629.4,42.7,4.0,2.5,0,-5632.526220380682,,,2025-05-10 12:28:42
147.4,10.2,1498.0,1963.7,59.97,216.1,9.1,6.2,629.5,43.1,4.0,2.5,0,-5282.9211446329155,,,2025-05-10 12:29:32
147.5,10.2,1494.0,1963.5,59.96,216.1,9,6.2,629.5,43.1,4.0,2.5,0,-6059.821312961286,,,2025-05-10 12:29:42
147.9,10.2,1473.8,1941.2,59.94,215.9,9,6.2,629.5,43.4,4.0,2.5,0,-4777.936035219476,,,2025-05-10 12:30:33
147.9,10.2,1471.2,1931.5,59.95,215.9,9,6.2,629.5,43.5,4.0,2.5,0,-5865.596270879192,,,2025-05-10 12:30:43
147.3,10,1474.0,1936.6,59.94,215.2,8.9,6.2,629.5,43.7,4.1,2.5,0,-5321.766153049334,,,2025-05-10 12:31:34
147.4,10.1,1470.8,1934.9,59.94,215.2,9,6.2,629.5,43.8,4.1,2.5,0,-7924.381716949372,,,2025-05-10 12:31:44
142.2,10.3,1493.2,1957.3,59.95,215,9,6.3,629.6,44.1,4.1,2.5,0,-7030.946523371747,,,2025-05-10 12:32:34
145.1,9.3,1365.8,1813.1,59.96,214.7,8.2,6.3,629.6,44.2,4.1,2.5,0,-7264.016573870259,,,2025-05-10 12:32:44
142.3,5.1,710.8,999.4,59.99,213.6,4.7,6.3,629.6,43.9,4.1,2.5,0,-4972.161077301567,,,2025-05-10 12:33:35
142.8,6.1,816.9,1135.5,59.97,213.7,5.4,6.3,629.6,43.9,4.1,2.5,0,-6215.20134662696,,,2025-05-10 12:33:45
142.3,3.9,551.7,810.3,60,213.3,3.7,6.3,629.6,43.9,4.1,2.5,0,-7691.311666450861,,,2025-05-10 12:34:36
146.8,3.8,550.6,808.1,60.02,213.5,3.7,6.3,629.6,43.8,4.1,2.5,0,-6098.666321377703,,,2025-05-10 12:34:46
145.1,4.9,727.0,1024.7,60.01,213.7,4.7,6.3,629.6,43.6,4.1,2.5,0,-7885.536708532955,,,2025-05-10 12:35:36
154.9,6,856.9,1169.8,59.97,213.9,6,6.3,629.6,43.6,4.1,2.5,0,-8002.071733782209,,,2025-05-10 12:35:46
146.9,4.1,589.8,854.2,59.96,213.5,4,6.3,629.6,43.5,4.1,2.6,0,-5477.146186715008,,,2025-05-10 12:36:37
145.6,4.7,671.5,940.4,59.97,213.6,4.3,6.3,629.6,43.5,4.1,2.6,0,-8235.141784280722,,,2025-05-10 12:36:47
150,3.7,582.0,842.6,60.01,213.4,3.9,6.3,629.6,43.3,4.2,2.6,0,-5127.541110967241,,,2025-05-10 12:37:38
146.9,4.5,651.0,914.3,60.02,213.7,4.2,6.3,629.6,43.3,4.2,2.6,0,-5438.30117829859,,,2025-05-10 12:37:48
148.1,5.5,810.9,1138.4,60.02,214,5.4,6.4,629.7,43.4,4.2,2.6,0,-5438.3011782985905,,,2025-05-10 12:38:39
149.2,7.6,1100.7,1494.6,60.04,214.6,7.1,6.4,629.7,43.4,4.2,2.6,0,-6215.201346626958,,,2025-05-10 12:38:48
147,10.1,1460.2,1952.9,60.02,215.3,9,6.4,629.7,43.9,4.2,2.6,0,-6137.511329794122,,,2025-05-10 12:39:39
147,10,1451.0,1927.9,60.03,215.2,9,6.4,629.7,44,4.2,2.6,0,-8740.126893694163,,,2025-05-10 12:39:49
141.9,10.1,1426.8,1916.5,60.04,215.2,8.7,6.4,629.7,44.4,4.2,2.6,0,-8235.14178428072,,,2025-05-10 12:40:40
143.8,10.1,1428.0,1913.8,60.04,215.2,8.8,6.4,629.7,44.5,4.2,2.6,0,-6448.271397125471,,,2025-05-10 12:40:50
143.3,9.9,1408.4,1878.5,59.99,215.1,8.7,6.5,629.8,44.9,4.2,2.6,0,-5865.596270879192,,,2025-05-10 12:41:41
142.9,9.9,1402.2,1887.8,60.02,215.1,8.6,6.5,629.8,44.9,4.2,2.6,0,-6759.031464456818,,,2025-05-10 12:41:50
141.4,9.8,1376.5,1856.7,59.99,215,8.5,6.5,629.8,45.1,4.3,2.6,0,-8468.211834779231,,,2025-05-10 12:42:41
143.8,9.7,1379.1,1857.4,59.98,215.2,8.5,6.5,629.8,45.1,4.3,2.6,0,-7069.791531788167,,,2025-05-10 12:42:51
142.5,9.6,1335.8,1809.6,60.01,215,8.5,6.5,629.8,45.3,4.3,2.6,0,-7535.931632785187,,,2025-05-10 12:43:42
142.3,9.6,1352.2,1823.1,60.03,215.1,8.4,6.5,629.8,45.3,4.3,2.6,0,-6409.426388709051,,,2025-05-10 12:43:51
140.8,9.4,1324.3,1790.5,60.01,214.5,8.3,6.5,629.8,45.4,4.3,2.6,0,-8545.901851612069,,,2025-05-10 12:44:43
143.7,9.4,1329.9,1793.4,59.99,214.7,8.3,6.6,629.9,45.5,4.3,2.6,0,-6953.256506538912,,,2025-05-10 12:44:52
141.4,7.2,1005.9,1387.2,60.03,214.2,6.5,6.6,629.9,45.5,4.3,2.6,0,-7264.01657387026,,,2025-05-10 12:45:43
142.9,6,860.5,1215.0,60.05,214.1,5.6,6.6,629.9,45.5,4.3,2.6,0,-7380.5515991195125,,,2025-05-10 12:45:53
142.3,9,1287.2,1742.7,59.98,214.8,8.2,6.6,629.9,45.4,4.3,2.6,0,-5904.44127929561,,,2025-05-10 12:46:44
144.7,9,1266.2,1724.3,59.99,214.8,8,6.6,629.9,45.4,4.4,2.6,0,-8079.761750615047,,,2025-05-10 12:46:53
145,7,992.3,1374.1,59.97,214,6.5,6.6,629.9,45.5,4.4,2.7,0,-8740.126893694161,,,2025-05-10 12:47:45
148,8,1178.1,1612.6,59.97,214.4,7.6,6.6,629.9,45.5,4.4,2.7,0,-7769.001683283699,,,2025-05-10 12:47:54
142,4.5,676.7,1017.4,59.99,213.7,4.5,6.7,630.0,45.5,4.4,2.7,0,-8778.97190211058,,,2025-05-10 12:48:45
148.2,4.7,650.7,954.5,59.99,213.7,4.6,6.7,630.0,45.5,4.4,2.7,0,-8817.816910526999,,,2025-05-10 12:48:55
143.9,8.8,1247.6,1700.8,59.96,214.7,7.8,6.7,630.0,45.5,4.4,2.7,0,-5943.286287712029,,,2025-05-10 12:49:46
143.9,8.7,1243.0,1692.2,59.99,214.7,7.9,6.7,630.0,45.5,4.4,2.7,0,-7341.706590703095,,,2025-05-10 12:49:55
143.9,8.7,1235.7,1686.1,59.99,214.5,7.8,6.7,630.0,45.7,4.4,2.7,0,-8118.606759031466,,,2025-05-10 12:50:47
143.9,8.7,1236.6,1681.9,60.04,214.6,7.8,6.7,630.0,45.7,4.4,2.7,0,-7302.861582286679,,,2025-05-10 12:50:56
142.3,8.7,1228.1,1676.0,60.01,214.5,7.8,6.7,630.0,45.8,4.4,2.7,0,-6720.186456040401,,,2025-05-10 12:51:48
143.9,8.6,1226.4,1673.7,60.02,214.5,7.8,6.7,630.0,45.8,4.5,2.7,0,-9050.886961025508,,,2025-05-10 12:51:57
143.7,8.7,1230.4,1674.6,59.98,214.9,7.7,6.8,630.1,45.7,4.5,2.7,0,-9050.88696102551,,,2025-05-10 12:52:48
144,8.7,1232.1,1679.0,59.99,215,7.8,6.8,630.1,45.7,4.5,2.7,0,-6914.411498122492,,,2025-05-10 12:52:57
142,8.5,1191.0,1615.7,59.98,214.7,7.5,6.8,630.1,46,4.5,2.7,0,-8468.211834779233,,,2025-05-10 12:53:49
144,8.6,1214.6,1648.3,59.98,214.9,7.7,6.8,630.1,46,4.5,2.7,0,-8235.141784280722,,,2025-05-10 12:53:58
143.9,8.3,1185.5,1628.8,60.04,214.9,7.6,6.8,630.1,46.1,4.5,2.7,0,-7574.776641201607,,,2025-05-10 12:54:50
144,8.3,1175.5,1613.8,60.04,214.6,7.6,6.8,630.1,46.1,4.5,2.7,0,-10177.392205101645,,,2025-05-10 12:54:59
143.6,3,432.9,635.7,60.03,213,2.9,6.8,630.1,46,4.5,2.7,0,-7225.17156545384,,,2025-05-10 12:55:50
141.6,2.7,385.1,579.6,60.04,212.9,2.6,6.8,630.1,45.9,4.5,2.7,0,-9594.717078855369,,,2025-05-10 12:55:59
146.1,4.8,698.6,1002.4,60.04,213.7,4.6,6.9,630.2,45.4,4.5,2.7,0,-6487.116405541889,,,2025-05-10 12:56:51
147,4.3,621.7,903.7,60.03,213.5,4.2,6.9,630.2,45.3,4.5,2.7,0,-9672.407095688206,,,2025-05-10 12:57:00
143.9,6.9,977.9,1412.5,60.01,214.1,6.6,6.9,630.2,45.3,4.5,2.7,0,-8351.676809529978,,,2025-05-10 12:57:52
141.4,7.6,1049.0,1482.4,60,214.2,7.1,6.9,630.2,45.3,4.5,2.7,0,-9594.717078855367,,,2025-05-10 12:58:01
145.2,7.8,1125.8,1573.7,60.04,214.6,7.4,6.9,630.2,45.4,4.6,2.7,0,-7769.001683283699,,,2025-05-10 12:58:52
145.2,7.8,1122.4,1577.4,60.01,214.7,7.3,6.9,630.2,45.5,4.6,2.8,0,-9400.492036773274,,,2025-05-10 12:59:01
145.3,7.7,1108.1,1559.4,60.02,214.6,7.2,6.9,630.2,45.6,4.6,2.8,0,-7458.241615952351,,,2025-05-10 12:59:53
145.7,7.7,1100.6,1546.3,59.97,214.4,7.2,6.9,630.2,45.6,4.6,2.8,0,-7807.846691700117,,,2025-05-10 13:00:02
145.3,7.6,1093.0,1541.5,59.97,214.7,7.1,7.0,630.3,45.6,4.6,2.8,0,-8468.211834779231,,,2025-05-10 13:00:54
145.3,7.6,1096.0,1545.1,59.97,214.6,7.3,7.0,630.3,45.6,4.6,2.8,0,-8040.916742198628,,,2025-05-10 13:01:03
145.3,7.6,1096.0,1551.5,60,214.7,7.2,7.0,630.3,45.6,4.6,2.8,0,-11031.982390262852,,,2025-05-10 13:01:55
145.2,7.6,1096.5,1554.4,59.99,214.6,7.2,7.0,630.3,45.7,4.6,2.8,0,-8157.451767447885,,,2025-05-10 13:02:03
145.3,7.7,1097.8,1564.9,60.02,214.7,7.2,7.0,630.3,45.8,4.6,2.8,0,-9322.80201994044,,,2025-05-10 13:02:55
146.2,7.6,1096.5,1562.8,60.01,214.7,7.3,7.0,630.3,45.8,4.6,2.8,0,-9245.112003107603,,,2025-05-10 13:03:04
145.2,7.6,1088.0,1556.2,59.98,214.4,7.2,7.0,630.3,45.8,4.7,2.8,0,-8973.19694419267,,,2025-05-10 13:03:56
145.4,7.6,1087.3,1556.1,59.99,214.4,7.3,7.0,630.3,45.8,4.7,2.8,0,-8196.296775864303,,,2025-05-10 13:04:05
145.3,7.5,1083.9,1547.2,60,214.5,7.1,7.1,630.4,45.7,4.7,2.8,0,-11031.982390262852,,,2025-05-10 13:04:57
145.8,7.5,1082.7,1554.3,60.03,214.5,7.3,7.1,630.4,45.6,4.7,2.8,0,-10099.70218826881,,,2025-05-10 13:05:05
145.7,7.4,1087.8,1568.8,60.03,214.6,7.4,7.1,630.4,45.5,4.7,2.8,0,-11614.657516509129,,,2025-05-10 13:05:57
145.3,7.6,1090.4,1571.7,60.01,214.7,7.3,7.1,630.4,45.6,4.7,2.8,0,-10798.91233976434,,,2025-05-10 13:06:06
145.2,7.6,1093.1,1584.1,59.98,214.6,7.4,7.1,630.4,45.9,4.7,2.8,0,-9361.647028356856,,,2025-05-10 13:06:58
145.3,7.7,1096.7,1584.7,59.99,214.6,7.4,7.1,630.4,45.9,4.7,2.8,0,-10565.84228926583,,,2025-05-10 13:07:06
144.3,7.6,1095.3,1590.9,60.03,214.4,7.4,7.1,630.4,45.9,4.7,2.8,0,-11109.67240709569,,,2025-05-10 13:07:59
145.4,7.6,1094.0,1593.2,60.04,214.3,7.4,7.1,630.4,45.9,4.7,2.8,0,-9905.477146186717,,,2025-05-10 13:08:07
145.3,7.6,1086.2,1582.8,59.98,214.2,7.3,7.2,630.5,46,4.7,2.8,0,-9633.562087271788,,,2025-05-10 13:08:59
145.3,7.5,1084.0,1581.7,59.98,214.2,7.4,7.2,630.5,46,4.8,2.8,0,-9400.492036773274,,,2025-05-10 13:09:08
143.5,7.5,1076.2,1577.0,60.02,214.6,7.3,7.2,630.5,46,4.8,2.9,0,-8196.296775864303,,,2025-05-10 13:10:00
145.4,7.5,1078.3,1576.7,59.99,214.5,7.4,7.2,630.5,46,4.8,2.9,0,-9905.477146186717,,,2025-05-10 13:10:08
145.3,7.5,1073.8,1580.9,60.03,214.4,7.3,7.2,630.5,46,4.8,2.9,0,-11342.7424575942,,,2025-05-10 13:11:01
148.2,7.3,1073.7,1578.3,60.05,214.5,7.4,7.2,630.5,46,4.8,2.9,0,-8429.366826362815,,,2025-05-10 13:11:09
149.7,6.9,1065.5,1566.3,60.02,214.4,7.2,7.2,630.5,45.9,4.8,2.9,0,-10410.462255600156,,,2025-05-10 13:12:02
148.3,7.2,1065.0,1572.9,60.04,214.6,7.4,7.2,630.5,45.9,4.8,2.9,0,-11614.657516509129,,,2025-05-10 13:12:10
147.6,7.4,1059.2,1569.7,59.99,214,7.3,7.3,630.6,46,4.8,2.9,0,-8545.901851612069,,,2025-05-10 13:13:02
145.7,7.2,1059.7,1568.5,60,214.2,7.3,7.3,630.6,46,4.8,2.9,0,-11420.432474427038,,,2025-05-10 13:13:10
145.9,7.3,1054.8,1569.5,60.05,214.5,7.4,7.3,630.6,46.1,4.8,2.9,0,-10138.547196685227,,,2025-05-10 13:14:03
147.2,7.2,1056.2,1568.2,60.03,214.4,7.4,7.3,630.6,46.1,4.8,2.9,0,-10915.447365013595,,,2025-05-10 13:14:11
146.5,7.2,1057.6,1566.9,59.97,214.5,7.3,7.3,630.6,46.2,4.9,2.9,0,-9517.027062022531,,,2025-05-10 13:15:04
143.1,7.4,1039.2,1557.6,59.98,214.7,7.4,7.3,630.6,46.2,4.9,2.9,0,-9089.731969441926,,,2025-05-10 13:15:12
145.4,7.5,1081.0,1616.4,59.97,214.8,7.6,7.4,630.7,46.2,4.9,2.9,0,-8429.366826362815,,,2025-05-10 13:16:04
142.4,7.5,1071.7,1609.3,59.97,214.8,7.6,7.4,630.7,46.2,4.9,2.9,0,-8351.676809529976,,,2025-05-10 13:16:12
145.3,7.6,1089.4,1646.2,60,214.6,7.7,7.4,630.7,46.3,4.9,2.9,0,-8079.761750615046,,,2025-05-10 13:17:05
143.8,7.6,1072.6,1632.2,59.99,214.8,7.7,7.4,630.7,46.3,4.9,2.9,0,-9555.872070438949,,,2025-05-10 13:17:13
145.3,7.6,1092.3,1649.2,59.98,214.2,7.6,7.4,630.7,46.4,4.9,2.9,0,-10022.012171435972,,,2025-05-10 13:18:06
142.5,7.5,1072.3,1621.7,59.97,214.1,7.7,7.4,630.7,46.4,4.9,2.9,0,-11303.89744917778,,,2025-05-10 13:18:14
148.1,7.5,1066.0,1604.6,59.98,214.3,7.6,7.4,630.7,46.1,4.9,3.0,0,-9400.492036773276,,,2025-05-10 13:19:07
148,7.1,1085.4,1629.1,59.98,214.3,7.5,7.4,630.7,46.1,4.9,3.0,0,-12352.71267642108,,,2025-05-10 13:19:14
147,7.4,1078.0,1623.8,60,214.4,7.6,7.5,630.8,46.2,4.9,3.0,0,-12313.867668004663,,,2025-05-10 13:20:07
147.1,7.1,1081.3,1611.0,60.04,214.2,7.5,7.5,630.8,46.1,4.9,3.0,0,-9478.182053606111,,,2025-05-10 13:20:15
147.5,7.4,1059.8,1617.5,59.97,214.4,7.6,7.5,630.8,46.2,5.0,3.0,0,-12663.472743752429,,,2025-05-10 13:21:08
148.5,7.1,1065.9,1609.3,60,214.4,7.5,7.5,630.8,46.1,5.0,3.0,0,-9711.252104104624,,,2025-05-10 13:21:16
146.8,7.3,1057.2,1609.2,60.03,214.5,7.5,7.5,630.8,46.2,5.0,3.0,0,-9788.94212093746,,,2025-05-10 13:22:09
147.5,7.1,1058.6,1610.1,60.03,214.8,7.4,7.5,630.8,46.2,5.0,3.0,0,-10876.602356597177,,,2025-05-10 13:22:16
147,7.2,1049.0,1598.9,60,214.5,7.5,7.5,630.8,46.3,5.0,3.0,0,-8740.126893694163,,,2025-05-10 13:23:09
149.1,7,1049.5,1597.1,59.97,214.5,7.4,7.5,630.8,46.3,5.0,3.0,0,-9594.717078855367,,,2025-05-10 13:23:17
146.9,7.3,1054.7,1608.4,60.02,214.7,7.5,7.6,630.9,46.4,5.0,3.0,0,-10760.067331347924,,,2025-05-10 13:24:10
148.2,7.1,1059.2,1614.7,60.02,214.5,7.5,7.6,630.9,46.3,5.0,3.0,0,-9012.041952609092,,,2025-05-10 13:24:18
146.9,7.9,1141.0,1722.1,59.98,214.6,8,7.6,630.9,46.5,5.0,3.0,0,-8895.506927359835,,,2025-05-10 13:25:11
149.3,7.8,1156.6,1732.9,59.98,214.6,8,7.6,630.9,46.5,5.0,3.0,0,-9983.167163019554,,,2025-05-10 13:25:18
144.9,2.6,378.2,624.1,60.04,212.9,2.9,7.6,630.9,46.2,5.0,3.0,0,-9478.182053606113,,,2025-05-10 13:26:11
146.8,2.6,381.4,630.5,60.03,212.9,2.9,7.6,630.9,46.2,5.0,3.0,0,-9555.87207043895,,,2025-05-10 13:26:19
146.2,2.2,320.6,582.5,60.02,212.8,2.7,7.6,630.9,45.9,5.1,3.0,0,-11575.812508092713,,,2025-05-10 13:27:12
150.2,2.1,317.3,581.1,60.03,212.9,2.8,7.6,630.9,45.8,5.1,3.0,0,-11265.052440761365,,,2025-05-10 13:27:20
148.3,7.5,1095.1,1712.7,59.98,214.4,8,7.6,630.9,46.1,5.1,3.0,0,-10060.857179852392,,,2025-05-10 13:28:13
150.6,6.1,752.2,1191.4,60.01,213.8,5.8,7.7,631.0,46.1,5.1,3.0,0,-9594.717078855369,,,2025-05-10 13:28:20
135.4,8.1,1072.3,1699.7,59.99,214.4,8,7.7,631.0,46.2,5.1,3.1,0,-8701.281885277744,,,2025-05-10 13:29:14
136.4,4.3,891.7,1380.0,60,213.6,4.2,7.7,631.0,46.2,5.1,3.1,0,-9750.097112521044,,,2025-05-10 13:29:21
149.8,7.5,1108.8,1712.6,60.05,214.7,8,7.7,631.0,46,5.1,3.1,0,-12158.48763433899,,,2025-05-10 13:30:14
152.2,7.2,1098.7,1702.2,60.03,214.6,7.9,7.7,631.0,46.1,5.1,3.1,0,-10682.377314515086,,,2025-05-10 13:30:21
143.1,6.3,1027.6,1304.8,59.97,214,6.3,7.7,631.0,46.3,5.1,3.1,0,-11614.65751650913,,,2025-05-10 13:31:15
149.9,6.7,1033.7,1554.7,59.98,214.6,6.9,7.7,631.0,46.3,5.1,3.1,0,-8235.14178428072,,,2025-05-10 13:31:22
146.8,6.3,847.7,1415.7,59.98,214.4,7.2,7.7,631.0,46.2,5.1,3.1,0,-9400.492036773276,,,2025-05-10 13:32:16
146.8,6.4,1026.4,1642.9,59.96,214.5,7.3,7.7,631.0,46.2,5.1,3.1,0,-11459.277482843456,,,2025-05-10 13:32:23
150,5.3,881.2,1422.0,60.04,214.6,5.7,7.8,631.1,46.4,5.1,3.1,0,-11303.89744917778,,,2025-05-10 13:33:16
146.7,6.1,915.7,1469.5,60.06,214.6,6.4,7.8,631.1,46.4,5.1,3.1,0,-8390.521817946395,,,2025-05-10 13:33:23
148.4,7,1031.4,1621.0,59.99,215.1,7.4,7.8,631.1,46.4,5.2,3.1,0,-9555.872070438949,,,2025-05-10 13:34:17
151.1,6.9,1023.2,1612.5,59.99,215,7.5,7.8,631.1,46.5,5.2,3.1,0,-8545.901851612069,,,2025-05-10 13:34:24
148.3,7.2,1053.0,1640.6,60.03,214.8,7.6,7.8,631.1,46.6,5.2,3.1,0,-9750.097112521042,,,2025-05-10 13:35:18
150.6,7,1051.4,1643.2,60.02,214.8,7.7,7.8,631.1,46.6,5.2,3.1,0,-8351.676809529978,,,2025-05-10 13:35:25
148.4,7.6,1104.1,1703.8,59.98,214.9,7.9,7.9,631.2,46.5,5.2,3.1,0,-10488.152272432993,,,2025-05-10 13:36:18
151.1,7.5,1096.1,1696.9,59.98,214.9,8,7.9,631.2,46.5,5.2,3.1,0,-8118.606759031465,,,2025-05-10 13:36:25
146.1,3.5,537.6,826.1,59.97,213.5,3.6,7.9,631.2,46.6,5.2,3.1,0,-11109.67240709569,,,2025-05-10 13:37:19
152,4.1,486.0,747.0,59.98,213.4,4.2,7.9,631.2,46.6,5.2,3.1,0,-9788.94212093746,,,2025-05-10 13:37:26
141,4.7,825.9,1369.9,60,213.9,5.4,7.9,631.2,46.6,5.2,3.2,0,-7730.156674867279,,,2025-05-10 13:38:20
140.1,4.9,841.3,1401.7,60,213.9,5.5,7.9,631.2,46.5,5.2,3.2,0,-8429.366826362815,,,2025-05-10 13:38:27
153.6,7,1070.8,1683.1,59.97,214.4,7.9,7.9,631.2,45.9,5.2,3.2,0,-9672.407095688206,,,2025-05-10 13:39:21
143.9,5.2,933.2,1526.9,59.98,214.2,5.7,7.9,631.2,45.9,5.2,3.2,0,-9983.167163019554,,,2025-05-10 13:39:27
148.3,7,1024.3,1626.5,59.99,214.2,7.6,8.0,631.3,46.1,5.3,3.2,0,-8273.98679269714,,,2025-05-10 13:40:21
147.5,7,1024.5,1635.0,60,214.6,7.5,8.0,631.3,46.2,5.3,3.2,0,-10060.857179852392,,,2025-05-10 13:40:28
148.3,6.9,1019.8,1628.9,59.96,214.7,7.6,8.0,631.3,46.4,5.3,3.2,0,-9594.717078855367,,,2025-05-10 13:41:22
148.3,7,1017.4,1626.2,59.96,214.7,7.5,8.0,631.3,46.4,5.3,3.2,0,-10060.857179852392,,,2025-05-10 13:41:29
148.1,6.9,1006.4,1608.0,60.02,214.7,7.4,8.0,631.3,46.5,5.3,3.2,0,-9167.421986274763,,,2025-05-10 13:42:23
151.2,6.7,1004.5,1606.6,60.02,214.7,7.4,8.0,631.3,46.5,5.3,3.2,0,-11187.362423928527,,,2025-05-10 13:42:29
150,6.7,1008.4,1610.7,60.02,214.9,7.5,8.0,631.3,46.7,5.3,3.2,0,-9439.337045189695,,,2025-05-10 13:43:23
145.3,6.9,992.5,1589.4,60.01,214.8,7.5,8.0,631.3,46.8,5.3,3.2,0,-8118.606759031465,,,2025-05-10 13:43:30
151,7,1025.1,1635.9,59.97,214.9,7.7,8.1,631.4,46.9,5.3,3.2,0,-11653.502524925549,,,2025-05-10 13:44:24
148.3,7,1033.4,1643.0,59.96,214.8,7.7,8.1,631.4,46.8,5.3,3.2,0,-9827.78712935388,,,2025-05-10 13:44:31
148.4,7.1,1046.6,1665.6,60,214.7,7.8,8.1,631.4,46.5,5.3,3.2,0,-8973.19694419267,,,2025-05-10 13:45:25
153.8,6.9,1018.9,1640.1,59.97,214.5,7.8,8.1,631.4,46.5,5.3,3.2,0,-10721.222322931504,,,2025-05-10 13:45:31
149.2,6.9,1026.4,1653.9,59.99,214.3,7.7,8.1,631.4,46.6,5.4,3.3,0,-8895.506927359835,,,2025-05-10 13:46:26
151.6,6.8,1010.0,1649.5,60,214.5,7.7,8.1,631.4,46.6,5.4,3.3,0,-11187.362423928525,,,2025-05-10 13:46:32
148.3,6.8,994.1,1609.0,60.03,214.6,7.5,8.1,631.4,46.7,5.4,3.3,0,-9439.337045189694,,,2025-05-10 13:47:26
149.3,6.6,993.5,1605.5,60.02,214.5,7.5,8.1,631.4,46.7,5.4,3.3,0,-8584.746860028486,,,2025-05-10 13:47:33
151.3,6.6,983.5,1589.6,60.01,214.7,7.4,8.2,631.5,46.8,5.4,3.3,0,-9983.167163019552,,,2025-05-10 13:48:27
151.4,6.2,982.8,1588.4,60.02,214.7,7.2,8.2,631.5,46.8,5.4,3.3,0,-8662.436876861324,,,2025-05-10 13:48:33
151.2,6.6,982.0,1581.1,60.04,214.7,7.4,8.2,631.5,46.8,5.4,3.3,0,-10643.532306098667,,,2025-05-10 13:49:28
151.3,6.5,979.8,1578.6,60.04,214.7,7.4,8.2,631.5,46.8,5.4,3.3,0,-9400.492036773276,,,2025-05-10 13:49:34
149.9,6.7,991.1,1577.7,60.01,214.8,7.4,8.2,631.5,46.6,5.4,3.3,0,-9400.492036773274,,,2025-05-10 13:50:28
150.1,6.3,1012.9,1621.9,60.01,214.7,7.1,8.2,631.5,46.6,5.4,3.3,0,-10643.532306098667,,,2025-05-10 13:50:35
149.7,6.5,980.3,1583.1,59.97,214.8,7.3,8.2,631.5,46.3,5.4,3.3,0,-10954.292373430017,,,2025-05-10 13:51:29
147.4,6.7,981.5,1596.9,59.97,214.5,7.4,8.2,631.5,46.3,5.4,3.3,0,-10216.237213518063,,,2025-05-10 13:51:35
149.8,6.6,982.7,1600.3,59.97,214.4,7.4,8.3,631.6,46.5,5.5,3.3,0,-12741.162760585266,,,2025-05-10 13:52:30
148.5,6.6,982.7,1601.3,60.01,214.3,7.4,8.3,631.6,46.6,5.5,3.3,0,-11303.897449177783,,,2025-05-10 13:52:36
149.9,6.4,978.1,1595.6,60.03,214.5,7.4,8.3,631.6,46.6,5.5,3.3,0,-9866.632137770299,,,2025-05-10 13:53:30
146.5,6.6,970.2,1588.0,60.04,214.8,7.4,8.3,631.6,46.7,5.5,3.3,0,-10837.75734818076,,,2025-05-10 13:53:36
149.8,6.4,974.9,1591.8,59.98,214.7,7.3,8.3,631.6,46.8,5.5,3.3,0,-10216.237213518063,,,2025-05-10 13:54:31
147.8,6.6,975.1,1593.0,60.01,214.8,7.4,8.3,631.6,46.8,5.5,3.3,0,-9944.322154603135,,,2025-05-10 13:54:37
149.8,6.4,982.4,1602.5,59.97,214.9,7.4,8.3,631.6,46.8,5.5,3.4,0,-12313.867668004663,,,2025-05-10 13:55:32
146.8,6.7,974.8,1595.8,59.97,214.8,7.4,8.4,631.7,46.8,5.5,3.4,0,-11808.882558591224,,,2025-05-10 13:55:38
149.8,6.4,982.7,1611.1,60.04,214.8,7.4,8.4,631.7,47,5.5,3.4,0,-11925.417583840477,,,2025-05-10 13:56:33
147.5,6.7,978.9,1609.0,60.05,214.7,7.5,8.4,631.7,47,5.5,3.4,0,-8623.591868444906,,,2025-05-10 13:56:38
150.4,6.3,976.5,1605.4,60.04,214.6,7.4,8.4,631.7,47.1,5.5,3.4,0,-11847.72756700764,,,2025-05-10 13:57:33
148.7,6.6,966.7,1595.2,60.06,214.5,7.4,8.4,631.7,47.2,5.5,3.4,0,-10216.237213518063,,,2025-05-10 13:57:39
149.8,6.3,972.6,1604.5,60.04,214.7,7.4,8.4,631.7,47.2,5.6,3.4,0,-9905.477146186717,,,2025-05-10 13:58:34
146.9,6.6,967.7,1597.1,60.04,214.6,7.5,8.4,631.7,47.3,5.6,3.4,0,-10526.997280849413,,,2025-05-10 13:58:40
150.9,6.3,972.1,1606.5,60.04,214.6,7.4,8.5,631.8,47.4,5.6,3.4,0,-10138.547196685227,,,2025-05-10 13:59:35
147.9,6.6,973.6,1603.2,60.03,214.6,7.5,8.5,631.8,47.4,5.6,3.4,0,-11420.432474427036,,,2025-05-10 13:59:40
150.1,6.2,972.1,1599.8,60.04,214.4,7.4,8.5,631.8,47.4,5.6,3.4,0,-11575.812508092713,,,2025-05-10 14:00:35
146.6,6.6,967.0,1607.1,60.04,214.4,7.5,8.5,631.8,47.4,5.6,3.4,0,-9050.88696102551,,,2025-05-10 14:00:41
151.5,6.2,962.0,1606.6,60.01,214.2,7.4,8.5,631.8,47.5,5.6,3.4,0,-9128.576977858347,,,2025-05-10 14:01:36
147.2,6.6,968.0,1606.0,60.02,214.1,7.5,8.5,631.8,47.5,5.6,3.4,0,-8545.90185161207,,,2025-05-10 14:01:42
150.6,6.1,965.3,1607.9,60.01,214.4,7.3,8.5,631.8,47.6,5.6,3.4,0,-8701.281885277744,,,2025-05-10 14:02:37
146.8,6.6,960.6,1603.6,60.03,214.5,7.5,8.5,631.8,47.6,5.6,3.4,0,-11614.657516509129,,,2025-05-10 14:02:42
149.8,6.6,977.9,1625.7,59.98,214.6,7.5,8.6,631.9,47.7,5.6,3.5,0,-8623.591868444908,,,2025-05-10 14:03:38
149.8,6.7,977.4,1627.4,60,214.6,7.6,8.6,631.9,47.7,5.6,3.5,0,-8662.436876861324,,,2025-05-10 14:03:43
148.4,6.6,969.9,1616.7,59.99,214.5,7.5,8.6,631.9,47.7,5.7,3.5,0,-8740.126893694161,,,2025-05-10 14:04:38
148.3,6.4,967.7,1614.0,59.98,214.6,7.4,8.6,631.9,47.7,5.7,3.5,0,-8429.366826362815,,,2025-05-10 14:04:44
150.9,6.4,967.0,1623.4,60.03,214.8,7.5,8.6,631.9,47.8,5.7,3.5,0,-9167.421986274763,,,2025-05-10 14:05:39
145.3,6.6,963.5,1619.9,60.02,214.8,7.6,8.6,631.9,47.8,5.7,3.5,0,-9827.78712935388,,,2025-05-10 14:05:44
150.1,6.4,981.1,1625.9,60,215,7.6,8.6,631.9,47.9,5.7,3.5,0,-8934.351935776253,,,2025-05-10 14:06:40
146,6.7,968.4,1624.3,59.96,214.7,7.6,8.6,631.9,47.9,5.7,3.5,0,-8623.591868444908,,,2025-05-10 14:06:45
151,6.5,965.2,1627.2,59.97,214.2,7.6,8.7,632.0,48,5.7,3.5,0,-12197.33264275541,,,2025-05-10 14:07:40
145.4,6.6,967.9,1634.5,59.98,214.4,7.7,8.7,632.0,48,5.7,3.5,0,-8895.506927359835,,,2025-05-10 14:07:46
150.5,6.5,973.1,1625.6,59.99,214.4,7.7,8.7,632.0,48.2,5.7,3.5,0,-9400.492036773276,,,2025-05-10 14:08:41
146.2,6.6,965.5,1625.9,59.99,214.4,7.7,8.7,632.0,48.2,5.7,3.5,0,-11964.262592256897,,,2025-05-10 14:08:46
151.1,6.6,955.8,1623.7,60,214.6,7.7,8.7,632.0,48.2,5.7,3.5,0,-9905.477146186717,,,2025-05-10 14:09:42
145.4,6.6,961.4,1622.5,60.01,214.7,7.6,8.7,632.0,48.2,5.7,3.5,0,-8545.90185161207,,,2025-05-10 14:09:47
150.8,6.6,952.2,1625.9,60.03,214.8,7.7,8.8,632.1,48.4,5.8,3.6,0,-9322.802019940438,,,2025-05-10 14:10:42
145.3,6.6,963.2,1628.4,60.04,214.6,7.7,8.8,632.1,48.4,5.8,3.6,0,-12003.107600673315,,,2025-05-10 14:10:48
151,6.6,949.9,1618.5,59.99,214.5,7.7,8.8,632.1,48.4,5.8,3.6,0,-9322.80201994044,,,2025-05-10 14:11:43
145.7,6.6,954.9,1617.1,59.99,214.6,7.6,8.8,632.1,48.4,5.8,3.6,0,-8429.366826362813,,,2025-05-10 14:11:48
150.9,6.5,930.3,1585.5,60.02,214.6,7.5,8.8,632.1,48.4,5.8,3.6,0,-8895.506927359836,,,2025-05-10 14:12:44
145.2,6.4,936.1,1589.9,60.01,214.4,7.4,8.8,632.1,48.4,5.8,3.6,0,-12119.642625922572,,,2025-05-10 14:12:49
150.8,6.3,905.1,1542.7,60.01,214.7,7.3,8.8,632.1,48.6,5.8,3.6,0,-12391.5576848375,,,2025-05-10 14:13:45
146.4,6.3,914.7,1543.5,60.01,214.5,7.3,8.8,632.1,48.6,5.8,3.6,0,-11070.82739867927,,,2025-05-10 14:13:50
151.1,6.5,935.5,1589.2,60.02,214.7,7.5,8.9,632.2,48.6,5.8,3.6,0,-12041.952609089734,,,2025-05-10 14:14:45
145.5,6.5,941.8,1598.1,60.01,214.6,7.5,8.9,632.2,48.5,5.8,3.6,0,-10760.067331347924,,,2025-05-10 14:14:50
146.3,5.9,774.0,1301.6,59.98,214.4,7.1,8.9,632.2,48.4,5.8,3.6,0,-12508.092710086754,,,2025-05-10 14:15:46
141.6,3.6,596.0,951.6,59.97,213.6,3.9,8.9,632.2,48.4,5.8,3.6,0,-11692.347533341966,,,2025-05-10 14:15:51
150.6,6.5,942.6,1628.7,59.99,214.5,7.6,8.9,632.2,48.2,5.8,3.6,0,-13401.527903664382,,,2025-05-10 14:16:47
146.8,6.4,946.0,1633.0,59.99,214.8,7.6,8.9,632.2,48.2,5.8,3.6,0,-10138.547196685227,,,2025-05-10 14:16:51
151.6,6.3,901.9,1569.0,60,214.4,7.4,8.9,632.2,48.2,5.9,3.6,0,-8895.506927359835,,,2025-05-10 14:17:47
148.7,6.2,917.8,1580.3,60.01,214.4,7.4,8.9,632.2,48.2,5.9,3.6,0,-12313.867668004663,,,2025-05-10 14:17:52
150.2,6,883.1,1518.9,59.99,214.5,7.2,9.0,632.3,48.3,5.9,3.7,0,-10526.997280849413,,,2025-05-10 14:18:48
147.4,6,884.1,1521.0,59.98,214.4,7.1,9.0,632.3,48.3,5.9,3.7,0,-9128.576977858347,,,2025-05-10 14:18:53
151.2,6.1,881.8,1517.3,60.04,214.3,7.2,9.0,632.3,48.4,5.9,3.7,0,-10371.61724718374,,,2025-05-10 14:19:49
149.5,6.1,898.5,1536.6,60.03,214.5,7.2,9.0,632.3,48.3,5.9,3.7,0,-8817.816910526999,,,2025-05-10 14:19:53
150,6.4,935.2,1587.1,60.02,214.5,7.5,9.0,632.3,48.4,5.9,3.7,0,-9827.78712935388,,,2025-05-10 14:20:49
148,6.4,937.9,1597.9,60.02,214.4,7.4,9.0,632.3,48.4,5.9,3.7,0,-9361.647028356856,,,2025-05-10 14:20:54
150.8,6.6,950.7,1643.2,60.01,214.5,7.8,9.0,632.3,48.5,5.9,3.7,0,-11265.052440761363,,,2025-05-10 14:21:50
148.3,6.6,967.4,1646.8,60.03,214.5,7.7,9.0,632.3,48.4,5.9,3.7,0,-9672.407095688204,,,2025-05-10 14:21:55
148.3,6.7,981.3,1681.3,59.96,214.3,7.8,9.1,632.4,48.6,5.9,3.7,0,-13168.45785316587,,,2025-05-10 14:22:51
148.3,6.7,980.5,1678.9,59.97,214.6,7.8,9.1,632.4,48.6,5.9,3.7,0,-11731.192541758386,,,2025-05-10 14:22:55
148.3,6.4,956.4,1657.8,59.97,214.8,7.7,9.1,632.4,48.7,6.0,3.7,0,-11964.262592256897,,,2025-05-10 14:23:52
148.3,6.5,952.4,1650.5,59.96,214.7,7.7,9.1,632.4,48.7,6.0,3.7,0,-8701.281885277744,,,2025-05-10 14:23:56
148.4,6.2,917.7,1600.2,59.97,214.9,7.4,9.1,632.4,48.8,6.0,3.7,0,-11614.657516509129,,,2025-05-10 14:24:52
148.3,6.2,916.9,1597.7,59.98,214.9,7.5,9.1,632.4,48.8,6.0,3.7,0,-11420.432474427036,,,2025-05-10 14:24:57
148.4,6,906.7,1571.5,59.99,214.8,7.3,9.2,632.5,48.7,6.0,3.7,0,-11653.502524925549,,,2025-05-10 14:25:53
148.3,6.2,907.1,1577.1,59.98,214.9,7.3,9.2,632.5,48.7,6.0,3.7,0,-12780.007769001684,,,2025-05-10 14:25:57
145.7,6.2,893.1,1567.3,60.05,214.8,7.4,9.2,632.5,48.8,6.0,3.8,0,-10643.532306098667,,,2025-05-10 14:26:54
151,6.1,909.1,1561.6,60.05,214.6,7.1,9.2,632.5,48.8,6.0,3.8,0,-11886.572575424061,,,2025-05-10 14:26:58
148.2,6.1,898.5,1574.8,60.05,214.3,7.4,9.2,632.5,48.9,6.0,3.8,0,-12041.952609089733,,,2025-05-10 14:27:54
149.9,6.1,895.7,1570.0,60.05,214.2,7.4,9.2,632.5,48.9,6.0,3.8,0,-9128.576977858345,,,2025-05-10 14:27:59
148.4,6.1,893.6,1567.3,60.03,214.5,7.3,9.2,632.5,48.9,6.0,3.8,0,-13673.44296257931,,,2025-05-10 14:28:55
148.3,6.1,891.0,1560.8,60.04,214.3,7.3,9.2,632.5,48.9,6.0,3.8,0,-12080.797617506152,,,2025-05-10 14:28:59
151.4,6,897.8,1580.6,59.98,214.6,7.4,9.3,632.6,48.9,6.0,3.8,0,-12741.162760585266,,,2025-05-10 14:29:56
151.4,6,852.1,1493.2,59.97,214.5,7.3,9.3,632.6,48.9,6.0,3.8,0,-12741.162760585265,,,2025-05-10 14:30:00
144.5,5.9,819.7,1410.5,59.97,214.5,7,9.3,632.6,48.5,6.1,3.8,0,-13051.922827916613,,,2025-05-10 14:30:57
142,5.8,837.8,1401.6,59.96,214.5,6.4,9.3,632.6,48.5,6.1,3.8,0,-9167.421986274763,,,2025-05-10 14:31:01
142.3,6,846.4,1517.6,60,214.5,7,9.3,632.6,48.5,6.1,3.8,0,-10371.61724718374,,,2025-05-10 14:31:57
144.1,5.9,846.4,1516.4,60,214.6,7,9.3,632.6,48.5,6.1,3.8,0,-11381.587466010618,,,2025-05-10 14:32:01
151.3,5.7,850.6,1516.5,60.04,215,7,9.3,632.6,48.5,6.1,3.8,0,-11653.502524925549,,,2025-05-10 14:32:58
151.4,5.7,840.5,1511.2,60.02,214.9,7,9.3,632.6,48.5,6.1,3.8,0,-12352.71267642108,,,2025-05-10 14:33:02
149.6,5.6,842.6,1510.9,60,214.6,7,9.4,632.7,48.7,6.1,3.8,0,-8973.196944192672,,,2025-05-10 14:33:59
153.6,5.3,833.5,1500.2,59.99,214.7,6.9,9.4,632.7,48.7,6.1,3.8,0,-10643.532306098668,,,2025-05-10 14:34:03
151,5.5,821.4,1467.1,59.98,214.6,6.9,9.4,632.7,48.8,6.1,3.9,0,-8895.506927359835,,,2025-05-10 14:34:59
154,5.3,799.4,1447.8,59.97,214.6,6.8,9.4,632.7,48.8,6.1,3.9,0,-9944.322154603135,,,2025-05-10 14:35:03
150,5.3,785.2,1410.8,60.05,214.4,6.6,9.4,632.7,48.6,6.1,3.9,0,-11536.967499676291,,,2025-05-10 14:36:00
153.9,5.2,781.7,1403.1,60.02,214.4,6.5,9.4,632.7,48.6,6.1,3.9,0,-9089.731969441926,,,2025-05-10 14:36:04
151.5,5.2,774.1,1381.4,59.95,213.9,6.5,9.4,632.7,48.5,6.1,3.9,0,-9167.421986274763,,,2025-05-10 14:37:01
153.4,5.1,762.5,1377.9,59.97,213.8,6.5,9.4,632.7,48.5,6.1,3.9,0,-11925.417583840479,,,2025-05-10 14:37:05
150.9,5.2,772.9,1391.4,59.96,214.1,6.5,9.5,632.8,48.2,6.2,3.9,0,-13090.767836333034,,,2025-05-10 14:38:02
154.1,5.2,770.9,1392.5,59.96,213.9,6.5,9.5,632.8,48.2,6.2,3.9,0,-9206.266994691183,,,2025-05-10 14:38:05
151.5,5.1,767.4,1373.2,59.95,213.8,6.5,9.5,632.8,48.2,6.2,3.9,0,-9361.647028356858,,,2025-05-10 14:39:02
153.9,5.1,768.4,1380.1,59.96,214,6.4,9.5,632.8,48.2,6.2,3.9,0,-12818.852777418102,,,2025-05-10 14:39:06
150.7,5.1,761.9,1394.8,59.94,214.1,6.4,9.5,632.8,48,6.2,3.9,0,-12508.092710086754,,,2025-05-10 14:40:03
154.1,5.1,767.4,1391.9,59.96,213.9,6.5,9.5,632.8,48,6.2,3.9,0,-10565.842289265831,,,2025-05-10 14:40:06
151.3,5.1,765.1,1387.2,59.97,214.1,6.4,9.5,632.8,48.1,6.2,3.9,0,-12080.797617506152,,,2025-05-10 14:41:04
154,5.1,760.6,1379.7,59.96,214.1,6.5,9.5,632.8,48.1,6.2,3.9,0,-9167.421986274763,,,2025-05-10 14:41:07
151.6,4.9,742.4,1352.3,60.02,214.4,6.3,9.5,632.8,48,6.2,3.9,0,-9012.04195260909,,,2025-05-10 14:42:04
151.5,4.8,741.5,1349.8,60.01,214.5,6.3,9.5,632.8,48,6.2,3.9,0,-10216.237213518063,,,2025-05-10 14:42:08
154.2,4.7,724.4,1312.9,60.04,214.8,6.1,9.6,632.9,48,6.2,4.0,0,-9555.872070438949,,,2025-05-10 14:43:05
151.2,4.8,724.2,1322.9,60.04,214.6,6.1,9.6,632.9,48,6.2,4.0,0,-9866.632137770297,,,2025-05-10 14:43:08
151.3,4.6,707.6,1292.6,60.03,214.5,6,9.6,632.9,47.9,6.2,4.0,0,-11964.262592256897,,,2025-05-10 14:44:06
153.8,4.7,705.2,1292.0,60.03,214.5,6,9.6,632.9,47.9,6.2,4.0,0,-10138.547196685227,,,2025-05-10 14:44:09
156.9,4.5,673.6,1260.2,60.03,214.4,5.9,9.6,632.9,47.5,6.2,4.0,0,-11109.67240709569,,,2025-05-10 14:45:06
154.2,4.6,699.3,1282.2,60.04,214.3,5.9,9.6,632.9,47.5,6.2,4.0,0,-12003.107600673315,,,2025-05-10 14:45:10
157,4.5,668.0,1254.1,60.04,214.5,5.9,9.6,632.9,47.5,6.3,4.0,0,-12741.162760585265,,,2025-05-10 14:46:07
152.8,4.6,691.3,1261.1,60.04,214.5,5.9,9.6,632.9,47.5,6.3,4.0,0,-10060.857179852392,,,2025-05-10 14:46:10
156.5,4.5,657.3,1243.1,59.97,214.5,5.9,9.7,633.0,47.5,6.3,4.0,0,-12780.007769001684,,,2025-05-10 14:47:08
154.2,4.5,683.7,1255.5,59.98,214.5,5.8,9.7,633.0,47.5,6.3,4.0,0,-11342.7424575942,,,2025-05-10 14:47:11
157.1,4.3,645.1,1219.6,60.01,214.2,5.7,9.7,633.0,47.4,6.3,4.0,0,-11381.587466010618,,,2025-05-10 14:48:09
152.2,4.4,664.8,1220.4,59.99,214.1,5.7,9.7,633.0,47.4,6.3,4.0,0,-9711.252104104624,,,2025-05-10 14:48:12
156.2,4.2,618.2,1166.4,59.98,214,5.5,9.7,633.0,47.2,6.3,4.0,0,-12236.177651171825,,,2025-05-10 14:49:09
153.5,4.2,637.1,1170.3,59.98,214.1,5.4,9.7,633.0,47.2,6.3,4.0,0,-11925.417583840477,,,2025-05-10 14:49:12
154.1,3.3,516.1,935.6,60.05,213.8,4.3,9.7,633.0,47.1,6.3,4.0,0,-13013.077819500193,,,2025-05-10 14:50:10
154.2,3.3,509.6,923.2,60.03,213.5,4.2,9.7,633.0,47.1,6.3,4.0,0,-9866.632137770297,,,2025-05-10 14:50:13
154.2,2.8,426.5,753.4,60.03,213.6,3.5,9.7,633.0,46.7,6.3,4.0,0,-11381.587466010618,,,2025-05-10 14:51:11
152.9,2.8,424.1,746.6,60.03,213.6,3.4,9.7,633.0,46.7,6.3,4.0,0,-8856.661918943419,,,2025-05-10 14:51:14
154.2,2.6,407.0,711.3,60.03,213.6,3.3,9.7,633.0,46.4,6.3,4.0,0,-9012.04195260909,,,2025-05-10 14:52:11
157.1,2.6,390.7,703.0,60.02,213.7,3.3,9.7,633.0,46.3,6.3,4.0,0,-11536.967499676291,,,2025-05-10 14:52:14
154.2,2.5,386.5,671.5,60,213.8,3.1,9.8,633.1,45.8,6.3,4.1,0,-8934.351935776253,,,2025-05-10 14:53:12
155.7,2.5,372.5,657.7,59.96,213.6,3.1,9.8,633.1,45.8,6.3,4.1,0,-8973.19694419267,,,2025-05-10 14:53:15
154.2,2.2,357.7,613.3,60.03,213.7,2.8,9.8,633.1,45.6,6.3,4.1,0,-11226.207432344943,,,2025-05-10 14:54:13
157.5,2.3,344.2,599.0,60.04,213.8,2.8,9.8,633.1,45.6,6.3,4.1,0,-11653.502524925549,,,2025-05-10 14:54:16
154.1,2.2,352.0,606.7,60.05,213.6,2.8,9.8,633.1,45.4,6.3,4.1,0,-10915.447365013595,,,2025-05-10 14:55:14
154.7,2.2,342.9,596.3,60.03,213.4,2.8,9.8,633.1,45.4,6.3,4.1,0,-9866.632137770297,,,2025-05-10 14:55:16
154.3,2.2,348.9,598.8,60,213.4,2.8,9.8,633.1,45.3,6.3,4.1,0,-10760.067331347922,,,2025-05-10 14:56:14
156.7,2.2,335.5,594.9,60,213.3,2.8,9.8,633.1,45.3,6.3,4.1,0,-10876.60235659718,,,2025-05-10 14:56:17
154.3,2.1,342.7,596.4,60.02,213.3,2.7,9.8,633.1,45.1,6.3,4.1,0,-11303.89744917778,,,2025-05-10 14:57:15
153.8,2.2,339.7,593.2,60.03,213.3,2.8,9.8,633.1,45.1,6.3,4.1,0,-10293.927230350902,,,2025-05-10 14:57:18
154.8,2.1,333.4,583.3,60.01,213.2,2.7,9.8,633.1,44.5,6.3,4.1,0,-9711.252104104624,,,2025-05-10 14:58:16
155.3,2.1,329.0,577.6,60.01,213.3,2.7,9.8,633.1,44.5,6.3,4.1,0,-8778.971902110581,,,2025-05-10 14:58:18
154.2,2,314.3,542.4,60.03,213.1,2.5,9.8,633.1,44.3,6.4,4.1,0,-12741.162760585266,,,2025-05-10 14:59:16
154,2,312.8,537.5,60.03,213.2,2.5,9.8,633.1,44.3,6.4,4.1,0,-10604.687297682247,,,2025-05-10 14:59:19
155.4,1.8,299.0,510.3,60.02,213.8,2.4,9.8,633.1,44,6.4,4.1,0,-8817.816910526999,,,2025-05-10 15:00:17
154.8,1.9,295.6,508.7,60.01,213.7,2.3,9.8,633.1,44,6.4,4.1,0,-9866.632137770297,,,2025-05-10 15:00:20
154.1,1.8,288.8,492.2,59.96,214,2.2,9.8,633.1,43.9,6.4,4.1,0,-9983.167163019554,,,2025-05-10 15:01:18
154.4,1.9,287.3,488.2,59.95,213.9,2.2,9.8,633.1,43.9,6.4,4.1,0,-11342.7424575942,,,2025-05-10 15:01:20
154.1,1.8,283.1,481.0,59.95,213.8,2.2,9.8,633.1,43.6,6.4,4.1,0,-12702.317752168847,,,2025-05-10 15:02:18
157.1,1.8,281.9,482.8,59.95,213.8,2.2,9.8,633.1,43.6,6.4,4.1,0,-9050.88696102551,,,2025-05-10 15:02:21
154.6,1.8,274.4,465.5,59.96,213.7,2.2,9.8,633.1,43.2,6.4,4.1,0,-9128.576977858347,,,2025-05-10 15:03:19
152.6,1.8,271.6,466.0,59.95,213.6,2.1,9.8,633.1,43.1,6.4,4.1,0,-8273.986792697138,,,2025-05-10 15:03:21
151.9,1.7,267.9,458.9,59.99,213.7,2.1,9.9,633.2,42.9,6.4,4.1,0,-11731.192541758384,,,2025-05-10 15:04:20
154.2,1.7,267.3,456.2,59.97,213.6,2.1,9.9,633.2,42.9,6.4,4.1,0,-10293.927230350902,,,2025-05-10 15:04:22
155.6,1.7,267.6,455.3,60,213.3,2.1,9.9,633.2,42.5,6.4,4.1,0,-11031.982390262852,,,2025-05-10 15:05:21
157.5,1.7,268.5,452.5,60.01,213.5,2.1,9.9,633.2,42.5,6.4,4.1,0,-10332.77223876732,,,2025-05-10 15:05:23
155.6,1.7,264.5,451.6,60,213.4,2.1,9.9,633.2,42.5,6.4,4.1,0,-11770.037550174804,,,2025-05-10 15:06:21
158.9,1.6,257.8,447.4,60,213.4,2,9.9,633.2,42.4,6.4,4.1,0,-10138.547196685227,,,2025-05-10 15:06:23
155.8,1.7,261.4,446.8,60.01,213.3,2.1,9.9,633.2,42.3,6.4,4.1,0,-12508.092710086756,,,2025-05-10 15:07:22
158.1,1.6,259.6,448.5,60.02,213.7,2,9.9,633.2,42.3,6.4,4.1,0,-10643.532306098668,,,2025-05-10 15:07:24
155.7,1.6,257.6,442.3,60.06,213.7,2,9.9,633.2,42.2,6.4,4.1,0,-10993.137381846433,,,2025-05-10 15:08:23
158.7,1.6,251.2,437.2,60.04,213.6,2,9.9,633.2,42.2,6.4,4.1,0,-9711.252104104624,,,2025-05-10 15:08:25
155.5,1.6,255.4,441.7,60.05,213.7,2,9.9,633.2,41.9,6.4,4.1,0,-11925.417583840477,,,2025-05-10 15:09:23
158.8,1.6,251.0,438.2,60.04,213.4,2,9.9,633.2,41.9,6.4,4.1,0,-10876.60235659718,,,2025-05-10 15:09:25
155.5,1.5,254.0,442.3,60.04,213.5,2,9.9,633.2,41.8,6.4,4.1,0,-12430.402693253918,,,2025-05-10 15:10:24
158.7,1.6,247.0,437.0,60.05,213.7,2,9.9,633.2,41.8,6.4,4.1,0,-8623.591868444908,,,2025-05-10 15:10:26
155.6,1.5,253.9,445.4,60.03,213.4,2.1,9.9,633.2,41.5,6.4,4.1,0,-11187.362423928527,,,2025-05-10 15:11:25
158.6,1.6,250.4,440.5,60.04,213.5,2.1,9.9,633.2,41.5,6.4,4.1,0,-9128.576977858347,,,2025-05-10 15:11:27
155.7,1.5,249.4,438.6,60.03,213.4,2,9.9,633.2,41.4,6.4,4.1,0,-9439.337045189694,,,2025-05-10 15:12:26
157.8,1.6,244.7,433.6,60.04,213.4,2,9.9,633.2,41.4,6.4,4.1,0,-10332.77223876732,,,2025-05-10 15:12:27
155.6,1.5,247.1,434.3,60.03,213.6,1.9,9.9,633.2,41.3,6.4,4.1,0,-10837.75734818076,,,2025-05-10 15:13:26
158.6,1.6,243.2,425.8,60.03,213.5,2,9.9,633.2,41.3,6.4,4.1,0,-9283.957011524019,,,2025-05-10 15:13:28
156.3,1.5,246.8,430.8,60.04,213.6,2,9.9,633.2,41.1,6.4,4.1,0,-11692.347533341968,,,2025-05-10 15:14:27
156.9,1.6,242.7,432.5,60.04,213.6,2.1,9.9,633.2,41.1,6.4,4.1,0,-9827.78712935388,,,2025-05-10 15:14:29
152.7,1.6,243.2,434.9,60.04,213.6,2,9.9,633.2,40.9,6.4,4.1,0,-10915.447365013597,,,2025-05-10 15:15:28
155.6,1.6,245.5,437.0,60.04,213.5,2,9.9,633.2,40.9,6.4,4.1,0,-8507.05684319565,,,2025-05-10 15:15:29
155.8,1.5,242.6,433.6,60,213.5,2,9.9,633.2,40.8,6.4,4.1,0,-10565.84228926583,,,2025-05-10 15:16:28
155.8,1.5,241.6,429.3,60.01,213.5,2,9.9,633.2,40.8,6.4,4.1,0,-7846.691700116537,,,2025-05-10 15:16:30
155.9,1.5,239.2,426.0,60.02,213.1,2,10.0,633.3,40.6,6.4,4.1,0,-12275.022659588243,,,2025-05-10 15:17:29
158.7,1.5,237.7,425.3,60.02,213.4,2,10.0,633.3,40.6,6.4,4.1,0,-8002.071733782211,,,2025-05-10 15:17:31
158.7,1.5,234.1,423.0,60.03,213.3,2,10.0,633.3,40.5,6.4,4.2,0,-10332.77223876732,,,2025-05-10 15:18:30
158.6,1.5,234.0,426.2,60.03,213.3,2,10.0,633.3,40.5,6.4,4.2,0,-9983.167163019554,,,2025-05-10 15:18:31
155.8,1.5,236.5,426.8,60.05,213.5,2,10.0,633.3,40.5,6.4,4.2,0,-12041.952609089734,,,2025-05-10 15:19:31
153.5,1.5,235.5,425.7,60.04,213.3,2,10.0,633.3,40.5,6.4,4.2,0,-10060.857179852392,,,2025-05-10 15:19:32
153.1,1.5,234.9,428.1,60.04,213.5,2,10.0,633.3,40.4,6.4,4.2,0,-11575.812508092711,,,2025-05-10 15:20:31
153.5,1.5,233.2,427.9,60.06,213.7,2,10.0,633.3,40.4,6.4,4.2,0,-7769.001683283698,,,2025-05-10 15:20:33
152.8,1.5,232.9,425.7,59.98,213.6,2,10.0,633.3,40.2,6.4,4.2,0,-11886.57257542406,,,2025-05-10 15:21:32
155.4,1.5,234.2,427.3,59.99,213.7,1.9,10.0,633.3,40.2,6.4,4.2,0,-7574.776641201605,,,2025-05-10 15:21:33
155.7,1.5,236.1,435.8,60.03,213.7,1.9,10.0,633.3,40.1,6.4,4.2,0,-10216.237213518063,,,2025-05-10 15:22:33
154.4,1.5,235.7,435.6,60.03,213.7,1.9,10.0,633.3,40.1,6.4,4.2,0,-8235.141784280722,,,2025-05-10 15:22:34
152.7,1.5,233.5,434.1,60.01,213.8,2,10.0,633.3,40,6.5,4.2,0,-11847.727567007641,,,2025-05-10 15:23:33
152.6,1.5,233.6,436.2,60.02,213.9,2,10.0,633.3,40,6.5,4.2,0,-10293.927230350902,,,2025-05-10 15:23:34
158.8,1.5,236.3,443.8,60.02,213.6,2,10.0,633.3,39.9,6.5,4.2,0,-11731.192541758386,,,2025-05-10 15:24:34
158.7,1.5,236.4,444.1,60.02,213.7,2,10.0,633.3,39.9,6.5,4.2,0,-8079.761750615047,,,2025-05-10 15:24:35
159.2,1.4,235.4,442.8,59.99,213.4,1.9,10.0,633.3,39.7,6.5,4.2,0,-11886.57257542406,,,2025-05-10 15:25:35
161.7,1.4,228.0,434.0,60,213.5,2,10.0,633.3,39.7,6.5,4.2,0,-9361.647028356856,,,2025-05-10 15:25:36
158.7,1.5,234.0,444.3,59.97,213.5,2.1,10.0,633.3,39.7,6.5,4.2,0,-9478.182053606113,,,2025-05-10 15:26:36
156.1,1.5,234.2,444.4,59.96,213.4,2.1,10.0,633.3,39.7,6.5,4.2,0,-8740.126893694163,,,2025-05-10 15:26:36
158.7,1.4,230.2,437.0,60.01,213.2,1.9,10.0,633.3,39.6,6.5,4.2,0,-11731.192541758384,,,2025-05-10 15:27:36
158.7,1.4,229.9,429.4,60.01,213.2,2,10.0,633.3,39.6,6.5,4.2,0,-7147.481548621003,,,2025-05-10 15:27:37
155.8,1.4,226.6,421.8,59.98,213.4,2,10.0,633.3,39.3,6.5,4.2,0,-11614.65751650913,,,2025-05-10 15:28:37
155.7,1.4,227.0,425.9,59.97,213.3,2,10.0,633.3,39.3,6.5,4.2,0,-8235.141784280722,,,2025-05-10 15:28:38
156.9,1.4,224.5,430.5,60.02,213.5,2,10.0,633.3,39.3,6.5,4.2,0,-8623.591868444906,,,2025-05-10 15:29:38
156.9,1.4,224.1,429.4,60.02,213.4,2,10.0,633.3,39.3,6.5,4.2,0,-9905.477146186717,,,2025-05-10 15:29:38
155.7,1.4,221.8,424.9,60.02,213.6,1.9,10.0,633.3,39.3,6.5,4.2,0,-8934.351935776254,,,2025-05-10 15:30:38
155.7,1.4,221.8,423.7,60.02,213.6,1.9,10.0,633.3,39.3,6.5,4.2,0,-9128.576977858345,,,2025-05-10 15:30:39
158.7,1.3,217.2,417.7,60.01,213.5,1.9,10.1,633.4,39.3,6.5,4.2,0,-10526.997280849411,,,2025-05-10 15:31:39
158.7,1.4,217.2,417.6,60,213.5,1.9,10.1,633.4,39.3,6.5,4.2,0,-7846.691700116537,,,2025-05-10 15:31:40
155.6,1.4,215.4,414.0,59.98,213.6,1.9,10.1,633.4,39.3,6.5,4.2,0,-9283.95701152402,,,2025-05-10 15:32:40
155.6,1.4,215.0,414.3,59.99,213.6,1.9,10.1,633.4,39.3,6.5,4.2,0,-8973.196944192672,,,2025-05-10 15:32:40
152.8,1.3,210.3,409.1,60,213.3,1.9,10.1,633.4,39.3,6.5,4.2,,-4272.950925806035,,,2025-05-10 15:33:40
,1.3,208.5,407.6,60.01,213.4,1.9,10.1,633.4,39.3,6.5,4.2,0,-7885.536708532955,,,2025-05-10 15:33:42
154.5,1.3,206.0,404.3,60.01,213.4,1.8,10.1,633.4,39.3,6.5,4.2,0,-8507.05684319565,,,2025-05-10 15:34:41
155.7,1.3,208.8,401.2,60.02,213.3,1.9,10.1,633.4,39.3,6.5,4.2,0,-10138.547196685227,,,2025-05-10 15:34:43
155.5,1.3,204.5,398.5,59.96,213,1.8,10.1,633.4,39.2,6.5,4.2,0,-10526.997280849411,,,2025-05-10 15:35:42
155.5,1.3,206.2,404.6,59.97,213,1.9,10.1,633.4,39.2,6.5,4.2,0,-9866.632137770297,,,2025-05-10 15:35:43
157.4,1.2,202.8,401.2,59.97,213.3,1.8,10.1,633.4,39.1,6.5,4.2,0,-11148.517415512108,,,2025-05-10 15:36:43
158.8,1.2,201.3,397.9,59.96,213.3,1.8,10.1,633.4,39.1,6.5,4.2,0,-9905.477146186717,,,2025-05-10 15:36:44
152.7,1.3,196.6,391.4,60.02,213.6,1.8,10.1,633.4,39.1,6.5,4.2,0,-11265.052440761363,,,2025-05-10 15:37:43
154.8,1.2,196.5,391.0,60.01,213.6,1.8,10.1,633.4,39.1,6.5,4.2,0,-7302.861582286677,,,2025-05-10 15:37:45
158.7,1.2,194.0,386.3,60.04,213.4,1.8,10.1,633.4,39,6.5,4.2,0,-9167.421986274765,,,2025-05-10 15:38:44
155.4,1.2,195.7,389.8,60.04,213.4,1.8,10.1,633.4,39,6.5,4.2,0,-9944.322154603135,,,2025-05-10 15:38:45
158.6,1.2,190.3,376.4,59.99,213.3,1.7,10.1,633.4,39,6.5,4.2,0,-8235.14178428072,,,2025-05-10 15:39:45
158.7,1.2,190.2,374.1,60,213.5,1.8,10.1,633.4,39,6.5,4.2,0,-7147.481548621003,,,2025-05-10 15:39:46
155.7,1.1,187.8,368.0,59.98,213.3,1.7,10.1,633.4,38.9,6.5,4.2,0,-10682.377314515086,,,2025-05-10 15:40:45
156.9,1.1,185.7,370.6,59.98,213.4,1.6,10.1,633.4,38.9,6.5,4.2,0,-9322.802019940438,,,2025-05-10 15:40:47
155.8,1.1,181.8,361.7,59.98,213.5,1.6,10.1,633.4,38.8,6.5,4.2,0,-8273.98679269714,,,2025-05-10 15:41:46
158.6,1.1,180.1,358.4,59.97,213.4,1.7,10.1,633.4,38.8,6.5,4.2,0,-10022.012171435972,,,2025-05-10 15:41:47
158.8,1.1,175.1,347.9,59.98,213.4,1.6,10.1,633.4,38.5,6.5,4.2,0,-11031.982390262852,,,2025-05-10 15:42:47
157.1,1.1,173.7,349.8,59.99,213.5,1.6,10.1,633.4,38.5,6.5,4.2,0,-9050.88696102551,,,2025-05-10 15:42:48
158.5,1.1,169.8,340.8,60.01,213.7,1.6,10.1,633.4,38.5,6.5,4.2,0,-8584.746860028486,,,2025-05-10 15:43:47
155.5,1.1,172.4,343.1,60.01,213.7,1.5,10.1,633.4,38.5,6.5,4.2,0,-7924.381716949373,,,2025-05-10 15:43:49
155.7,1.1,169.6,338.9,60.03,213.2,1.6,10.1,633.4,38.5,6.5,4.2,0,-11148.517415512108,,,2025-05-10 15:44:48
153.5,1.1,168.7,338.9,60.04,213.3,1.5,10.1,633.4,38.5,6.5,4.2,0,-8623.591868444908,,,2025-05-10 15:44:49
152.7,1,165.3,333.7,59.98,213.4,1.5,10.1,633.4,38.5,6.5,4.3,0,-7963.226725365792,,,2025-05-10 15:45:49
152.6,1.1,165.0,329.0,59.98,213.4,1.5,10.1,633.4,38.5,6.5,4.3,0,-9283.95701152402,,,2025-05-10 15:45:50
152.7,1,164.4,332.7,59.98,213.6,1.5,10.1,633.4,38.5,6.5,4.3,0,-9711.252104104624,,,2025-05-10 15:46:50
155.6,1,164.4,332.7,59.98,213.6,1.5,10.1,633.4,38.5,6.5,4.3,0,-6642.4964392075635,,,2025-05-10 15:46:50
152.8,1,163.2,332.8,60.01,213.2,1.5,10.2,633.5,38.4,6.5,4.3,0,-10837.75734818076,,,2025-05-10 15:47:50
152.6,1,163.5,333.2,60.02,213.1,1.5,10.2,633.5,38.4,6.5,4.3,0,-6836.721481289656,,,2025-05-10 15:47:51
155.4,1,163.1,333.5,60.03,213.5,1.6,10.2,633.5,38.3,6.5,4.3,0,-8778.971902110581,,,2025-05-10 15:48:51
152.7,1,163.1,333.5,60.01,213.5,1.5,10.2,633.5,38.3,6.5,4.3,0,-7691.3116664508625,,,2025-05-10 15:48:52
155.8,1,162.6,333.5,59.97,213.4,1.5,10.2,633.5,38.3,6.5,4.3,0,-7963.226725365792,,,2025-05-10 15:49:52
155.5,1,162.7,333.3,59.97,213.4,1.5,10.2,633.5,38.3,6.5,4.3,0,-9322.80201994044,,,2025-05-10 15:49:52
155.6,1,160.2,328.8,59.95,213.4,1.5,10.2,633.5,38.2,6.5,4.3,,-14955.32824032112,,,2025-05-10 15:50:52
0,,160.0,328.7,59.96,213.5,1.5,10.2,633.5,38.2,6.5,4.3,0,-7691.3116664508625,,,2025-05-10 15:50:54
156.5,1,155.3,321.2,60.01,213.5,1.5,10.2,633.5,38.2,6.5,4.3,0,-10760.067331347922,,,2025-05-10 15:51:53
155.6,1,158.1,325.3,60.03,213.6,1.5,10.2,633.5,38.2,6.5,4.3,0,-7963.226725365792,,,2025-05-10 15:51:55
159,0.9,152.8,320.7,59.99,213.7,1.4,10.2,633.5,38.2,6.5,4.3,0,-7652.466658034444,,,2025-05-10 15:52:54
156.8,1,153.5,320.3,60.01,213.7,1.5,10.2,633.5,38.2,6.5,4.3,0,-7069.791531788166,,,2025-05-10 15:52:55
155.5,1,155.1,319.8,60.05,213.7,1.5,10.2,633.5,38.1,6.6,4.3,0,-9089.731969441926,,,2025-05-10 15:53:55
156.4,0.9,155.3,318.9,60.03,213.6,1.4,10.2,633.5,38.1,6.6,4.3,0,-7769.001683283698,,,2025-05-10 15:53:56
159,0.9,150.9,316.5,59.98,213.4,1.4,10.2,633.5,38.1,6.6,4.3,0,-9050.88696102551,,,2025-05-10 15:54:55
156.2,1,151.1,315.5,59.98,213.5,1.4,10.2,633.5,38.1,6.6,4.3,0,-6992.1015149553305,,,2025-05-10 15:54:57
154.9,0.9,151.1,311.0,59.97,213.1,1.4,10.2,633.5,38,6.6,4.3,0,-9167.421986274763,,,2025-05-10 15:55:56
155.8,0.9,153.5,314.1,59.99,213.1,1.4,10.2,633.5,38,6.6,4.3,0,-8507.05684319565,,,2025-05-10 15:55:57
152.7,0.9,150.0,308.7,59.99,213,1.3,10.2,633.5,38,6.6,4.3,0,-9866.632137770297,,,2025-05-10 15:56:57
152.7,0.9,149.9,303.5,60,213.1,1.3,10.2,633.5,38,6.6,4.3,0,-7030.946523371747,,,2025-05-10 15:56:58
152.7,0.9,150.6,303.0,59.98,213.3,1.4,10.2,633.5,38,6.6,4.3,0,-9206.266994691183,,,2025-05-10 15:57:57
154.6,0.9,150.9,299.7,60,213.4,1.4,10.2,633.5,38,6.6,4.3,0,-8740.126893694163,,,2025-05-10 15:57:59
155.7,0.9,152.3,322.4,59.96,213.1,1.5,10.2,633.5,37.9,6.6,4.3,0,-7535.931632785187,,,2025-05-10 15:58:58
155.8,0.9,152.6,322.4,59.96,213.1,1.5,10.2,633.5,37.9,6.6,4.3,0,-8895.506927359836,,,2025-05-10 15:58:59
155.8,0.9,151.6,328.6,60.04,213.5,1.4,10.2,633.5,37.9,6.6,4.3,0,-9089.731969441926,,,2025-05-10 15:59:59
157.8,0.9,151.1,327.0,60.04,213.5,1.4,10.2,633.5,37.9,6.6,4.3,0,-6059.821312961284,,,2025-05-10 16:00:00
154,0.9,149.5,324.7,60.03,213.6,1.5,10.2,633.5,37.9,6.6,4.3,0,-8895.506927359835,,,2025-05-10 16:00:59
155.7,0.9,151.0,327.4,60.02,213.6,1.5,10.2,633.5,37.9,6.6,4.3,0,-9283.957011524019,,,2025-05-10 16:01:01
155.5,0.9,149.8,327.0,60.03,213.5,1.5,10.2,633.5,37.9,6.6,4.3,0,-9167.421986274763,,,2025-05-10 16:02:00
155.7,0.9,150.1,327.2,60.03,213.5,1.5,10.2,633.5,37.9,6.6,4.3,0,-6370.581380292634,,,2025-05-10 16:02:01
152.8,0.9,147.3,324.6,60.03,213.7,1.5,10.2,633.5,37.8,6.6,4.3,0,-7613.621649618025,,,2025-05-10 16:03:01
152.7,0.9,147.3,324.7,60.03,213.6,1.5,10.2,633.5,37.8,6.6,4.3,0,-8040.916742198629,,,2025-05-10 16:03:02
158.7,0.9,143.9,316.7,59.98,213.5,1.5,10.2,633.5,37.7,6.6,4.3,0,-7963.226725365791,,,2025-05-10 16:04:02
158.7,0.9,146.1,320.2,59.96,213.4,1.5,10.2,633.5,37.7,6.6,4.3,0,-5943.286287712031,,,2025-05-10 16:04:02
152.8,0.9,145.0,310.9,60.02,213.6,1.4,10.2,633.5,37.7,6.6,4.3,0,-8778.971902110581,,,2025-05-10 16:05:02
152.8,0.9,144.7,311.1,60.02,213.6,1.4,10.2,633.5,37.7,6.6,4.3,0,-6720.186456040401,,,2025-05-10 16:05:03
158.5,0.9,141.2,299.6,60.05,213.6,1.4,10.3,633.6,37.7,6.6,4.3,0,-8196.296775864303,,,2025-05-10 16:06:03
158.7,0.9,142.5,299.9,60.04,213.5,1.3,10.3,633.6,37.7,6.6,4.3,0,-8701.281885277742,,,2025-05-10 16:06:04
152.8,0.9,142.8,291.2,60.04,213.3,1.4,10.3,633.6,37.7,6.6,4.3,0,-6875.566489706075,,,2025-05-10 16:07:04
152.8,0.9,143.0,290.9,60.03,213.4,1.3,10.3,633.6,37.7,6.6,4.3,0,-8778.97190211058,,,2025-05-10 16:07:04
158.7,0.9,142.1,292.4,60.01,213.2,1.3,10.3,633.6,37.7,6.6,4.3,0,-7924.381716949373,,,2025-05-10 16:08:04
158.7,0.9,142.0,293.5,60.01,213.2,1.3,10.3,633.6,37.7,6.6,4.3,0,-8507.05684319565,,,2025-05-10 16:08:05
152.7,0.9,145.1,294.6,59.99,213.1,1.3,10.3,633.6,37.6,6.6,4.3,0,-8973.196944192672,,,2025-05-10 16:09:05
152.7,0.9,145.1,294.6,60,213.2,1.4,10.3,633.6,37.6,6.6,4.3,0,-6254.046355043377,,,2025-05-10 16:09:06
155.7,0.9,144.8,290.4,60.03,213.1,1.4,10.3,633.6,37.6,6.6,4.3,,-8584.746860028486,,,2025-05-10 16:10:06
,0.9,147.4,303.5,60.02,213.1,1.4,10.3,633.6,37.6,6.6,4.3,0,-7264.01657387026,,,2025-05-10 16:10:06
,,144.3,301.8,60.01,213.4,1.3,10.3,633.6,37.6,6.6,4.3,0,-7652.466658034443,,,2025-05-10 16:11:09
,,146.9,297.0,60,213.5,1.4,10.3,633.6,37.6,6.6,4.3,0,-8584.746860028488,,,2025-05-10 16:12:11
,,146.1,275.8,60.04,213.4,1.3,10.3,633.6,37.5,6.6,4.3,0,-8895.506927359836,,,2025-05-10 16:16:19
152.8,0.9,143.0,272.3,60.06,213.6,1.2,10.3,633.6,37.5,6.6,4.3,0,-13634.59795416289,,,2025-05-10 16:17:19
152.7,0.9,143.1,272.3,60.06,213.6,1.3,10.3,633.6,37.5,6.6,4.3,0,-6603.651430791145,,,2025-05-10 16:17:20
155.3,0.9,145.4,274.2,60.04,213.5,1.3,10.3,633.6,37.4,6.6,4.3,0,-7691.3116664508625,,,2025-05-10 16:18:20
155.5,0.9,145.7,273.8,60.04,213.4,1.2,10.3,633.6,37.4,6.6,4.3,0,-8468.211834779231,,,2025-05-10 16:18:21
155.9,0.9,145.9,272.2,60.03,213.3,1.2,10.3,633.6,37.4,6.6,4.3,0,-9517.027062022531,,,2025-05-10 16:19:21
155.7,0.9,146.1,272.2,60.02,213.3,1.2,10.3,633.6,37.4,6.6,4.3,0,-6603.651430791145,,,2025-05-10 16:19:22
155.8,0.9,146.4,270.3,60.03,213.3,1.3,10.3,633.6,37.4,6.6,4.3,0,-7613.621649618025,,,2025-05-10 16:20:21
154.7,0.9,146.6,270.1,60.04,213.2,1.2,10.3,633.6,37.4,6.6,4.3,0,-8273.98679269714,,,2025-05-10 16:20:22
157.4,0.9,146.0,273.1,60.05,212.9,1.2,10.3,633.6,37.4,6.6,4.3,0,-6759.031464456818,,,2025-05-10 16:21:22
158.8,0.9,142.3,270.0,60.05,212.8,1.2,10.3,633.6,37.4,6.6,4.3,0,-5710.216237213519,,,2025-05-10 16:21:23
152.7,0.9,143.4,270.1,59.98,213,1.2,10.3,633.6,37.4,6.6,4.4,0,-7186.326557037423,,,2025-05-10 16:22:23
154.6,0.9,143.6,271.0,59.97,213,1.3,10.3,633.6,37.4,6.6,4.4,0,-7147.481548621005,,,2025-05-10 16:22:24
155.7,0.9,141.4,268.9,60.04,212.9,1.3,10.3,633.6,37.3,6.6,4.4,0,-7652.466658034444,,,2025-05-10 16:23:23
155.8,0.9,144.4,271.8,60.02,212.9,1.2,10.3,633.6,37.3,6.6,4.4,0,-8740.126893694163,,,2025-05-10 16:23:24
155.7,0.9,144.9,271.4,60.02,213,1.3,10.3,633.6,37.3,6.6,4.4,0,-8584.746860028486,,,2025-05-10 16:24:24
153,0.9,144.6,272.6,60.02,213.1,1.2,10.3,633.6,37.3,6.6,4.4,0,-5671.371228797099,,,2025-05-10 16:24:25
152.8,0.9,144.6,273.3,60.02,213.2,1.2,10.3,633.6,37.3,6.6,4.4,0,-6642.4964392075635,,,2025-05-10 16:25:25
152.6,0.9,143.8,272.5,60.02,213.3,1.3,10.3,633.6,37.3,6.6,4.4,0,-6836.721481289656,,,2025-05-10 16:25:26
152.8,0.9,144.3,276.8,59.99,213.1,1.3,10.3,633.6,37.3,6.6,4.4,0,-9206.266994691183,,,2025-05-10 16:26:25
152.7,0.9,144.5,276.3,59.98,213.1,1.3,10.3,633.6,37.3,6.6,4.4,0,-5671.3712287971,,,2025-05-10 16:26:26
155.8,0.9,142.9,275.8,59.97,212.9,1.2,10.4,633.7,37.2,6.6,4.4,0,-6953.256506538912,,,2025-05-10 16:27:26
155.8,0.9,143.6,276.2,59.97,212.9,1.2,10.4,633.7,37.2,6.6,4.4,0,-6059.821312961284,,,2025-05-10 16:27:27
155.7,0.9,140.6,273.4,60,213.4,1.2,10.4,633.7,37.2,6.6,4.4,0,-9439.337045189694,,,2025-05-10 16:28:27
158.9,0.8,138.1,268.4,59.98,213.3,1.2,10.4,633.7,37.2,6.6,4.4,0,-8584.746860028488,,,2025-05-10 16:28:28
158.8,0.8,131.7,264.1,59.95,213.2,1.2,10.4,633.7,37.2,6.6,4.4,0,-9089.731969441928,,,2025-05-10 16:29:27
156.8,0.8,132.3,262.8,59.96,213.2,1.2,10.4,633.7,37.2,6.6,4.4,0,-6176.35633821054,,,2025-05-10 16:29:29
156.3,0.8,133.5,261.6,59.97,213.1,1.2,10.4,633.7,37.2,6.6,4.4,0,-8507.05684319565,,,2025-05-10 16:30:28
155.6,0.8,133.5,262.1,59.97,213.1,1.2,10.4,633.7,37.2,6.6,4.4,0,-6370.581380292634,,,2025-05-10 16:30:29
155.8,0.8,130.9,253.6,59.97,213,1.1,10.4,633.7,37.1,6.6,4.4,0,-7535.931632785188,,,2025-05-10 16:31:29
153.4,0.8,130.6,254.2,59.98,213,1.1,10.4,633.7,37.1,6.6,4.4,0,-7691.3116664508625,,,2025-05-10 16:31:30
152.6,0.8,127.9,249.0,59.97,213,1.1,10.4,633.7,37.1,6.6,4.4,0,-6681.3414476239805,,,2025-05-10 16:32:29
152.7,0.8,126.8,248.1,59.98,213.1,1.2,10.4,633.7,37.1,6.6,4.4,0,-8973.19694419267,,,2025-05-10 16:32:31
152.6,0.8,125.2,245.4,60,213.3,1.1,10.4,633.7,37.1,6.6,4.4,0,-8584.746860028486,,,2025-05-10 16:33:30
155.4,0.8,125.8,246.6,60,213.1,1.1,10.4,633.7,37.1,6.6,4.4,0,-8040.916742198629,,,2025-05-10 16:33:31
155.8,0.8,123.6,242.7,60.04,213,1.1,10.4,633.7,37,6.6,4.4,0,-8623.591868444908,,,2025-05-10 16:34:31
155.7,0.7,125.1,245.0,60.04,213,1.1,10.4,633.7,37,6.6,4.4,0,-7807.846691700118,,,2025-05-10 16:34:32
155.9,0.7,122.6,239.9,59.99,213.4,1.1,10.4,633.7,37,6.7,4.4,0,-8351.676809529976,,,2025-05-10 16:35:31
158.8,0.8,119.7,238.1,59.98,213.3,1.1,10.4,633.7,37,6.7,4.4,0,-7652.466658034444,,,2025-05-10 16:35:33
158.8,0.7,115.1,232.0,59.99,213.2,1.1,10.4,633.7,37,6.7,4.4,0,-8507.05684319565,,,2025-05-10 16:36:32
155.8,0.7,118.9,235.5,59.99,213.2,1.1,10.4,633.7,37,6.7,4.4,0,-8895.506927359836,,,2025-05-10 16:36:34
155.6,0.7,117.4,232.8,60.02,213.2,1.1,10.4,633.7,36.9,6.7,4.4,0,-9050.88696102551,,,2025-05-10 16:37:33
155.7,0.7,116.9,231.5,60.01,213.1,1,10.4,633.7,36.9,6.7,4.4,0,-6914.411498122492,,,2025-05-10 16:37:34
155.6,0.7,114.5,224.4,60,213.1,1,10.4,633.7,36.9,6.7,4.4,0,-8468.211834779233,,,2025-05-10 16:38:33
152.7,0.7,113.0,223.6,59.99,213,1,10.4,633.7,36.9,6.7,4.4,0,-6681.341447623982,,,2025-05-10 16:38:35
152.8,0.7,109.6,216.8,59.97,213,0.9,10.4,633.7,36.8,6.7,4.4,0,-7574.776641201605,,,2025-05-10 16:39:34
152.7,0.7,109.3,216.4,59.96,212.8,1,10.4,633.7,36.8,6.7,4.4,0,-8895.506927359836,,,2025-05-10 16:39:36
152.8,0.6,106.6,211.3,59.99,212.6,1,10.4,633.7,36.8,6.7,4.4,0,-8351.676809529976,,,2025-05-10 16:40:34
155.7,0.6,107.2,210.8,59.97,212.6,1.1,10.4,633.7,36.8,6.7,4.4,0,-8002.071733782211,,,2025-05-10 16:40:36
152.6,0.6,102.9,203.1,59.96,213,0.9,10.4,633.7,36.8,6.7,4.4,0,-8079.761750615047,,,2025-05-10 16:41:35
152.7,0.6,102.8,203.8,59.96,213,0.9,10.4,633.7,36.8,6.7,4.4,0,-8856.661918943417,,,2025-05-10 16:41:37
155.7,0.6,100.1,197.0,60,212.9,0.8,10.4,633.7,36.7,6.7,4.4,0,-6409.426388709053,,,2025-05-10 16:42:36
152.6,0.6,100.3,197.8,60,212.9,0.8,10.4,633.7,36.7,6.7,4.4,0,-6098.666321377705,,,2025-05-10 16:42:38
156.1,0.6,97.9,190.5,60.02,212.9,0.9,10.4,633.7,36.7,6.7,4.4,0,-9245.1120031076,,,2025-05-10 16:43:36
155.7,0.6,97.2,190.5,60.02,213,0.9,10.4,633.7,36.7,6.7,4.4,0,-6137.511329794122,,,2025-05-10 16:43:38
151.3,0.6,94.8,185.1,59.99,212.9,0.9,10.4,633.7,36.6,6.7,4.4,0,-7225.17156545384,,,2025-05-10 16:44:37
153,0.6,95.1,185.4,59.98,212.9,0.9,10.4,633.7,36.6,6.7,4.4,0,-8118.606759031466,,,2025-05-10 16:44:39
151.3,0.6,93.5,182.3,59.97,212.9,0.8,10.4,633.7,36.6,6.7,4.4,0,-8934.351935776254,,,2025-05-10 16:45:38
154,0.6,94.6,182.6,60.01,213.1,0.8,10.4,633.7,36.6,6.7,4.4,0,-5438.30117829859,,,2025-05-10 16:45:40
154.2,0.5,92.7,179.0,59.97,212.5,0.9,10.4,633.7,36.5,6.7,4.4,0,-6292.891363459797,,,2025-05-10 16:46:38
156.6,0.5,92.5,178.4,59.99,212.5,0.8,10.4,633.7,36.5,6.7,4.4,0,-5205.231127800078,,,2025-05-10 16:46:41
154.3,0.5,91.6,175.4,60.03,212.5,0.8,10.4,633.7,36.5,6.7,4.4,0,-6642.4964392075635,,,2025-05-10 16:47:39
156.2,0.5,89.6,173.8,60.04,212.5,0.8,10.4,633.7,36.5,6.7,4.4,0,-6564.806422374727,,,2025-05-10 16:47:41
155.4,0.5,84.8,166.8,60.04,212.6,0.8,10.4,633.7,36.4,6.7,4.4,0,-8429.366826362813,,,2025-05-10 16:48:40
154.2,0.5,89.5,168.6,60.03,212.6,0.8,10.4,633.7,36.4,6.7,4.4,0,-7924.381716949372,,,2025-05-10 16:48:42
154.2,0.5,87.0,166.1,60.03,212.7,0.7,10.4,633.7,36.3,6.7,4.4,0,-6836.721481289655,,,2025-05-10 16:49:40
151.2,0.5,85.4,164.4,60.03,212.6,0.8,10.4,633.7,36.3,6.7,4.4,0,-8118.606759031466,,,2025-05-10 16:49:43
151.8,0.5,84.5,160.6,60.01,212.7,0.8,10.4,633.7,36.2,6.7,4.4,0,-9050.88696102551,,,2025-05-10 16:50:41
151.3,0.5,83.8,160.4,60,212.8,0.7,10.4,633.7,36.2,6.7,4.4,0,-7380.551599119514,,,2025-05-10 16:50:43
151.3,0.5,81.4,155.6,60.03,212.9,0.8,10.4,633.7,36.2,6.7,4.4,0,-6409.426388709053,,,2025-05-10 16:51:42
154.1,0.5,83.0,155.7,60.01,212.9,0.7,10.4,633.7,36.2,6.7,4.4,0,-8312.831801113558,,,2025-05-10 16:51:44
154.2,0.5,81.2,152.3,60.04,212.8,0.7,10.4,633.7,36.1,6.7,4.4,0,-7963.226725365791,,,2025-05-10 16:52:42
154.2,0.4,81.7,153.7,60.03,212.8,0.7,10.4,633.7,36.1,6.7,4.4,0,-8507.05684319565,,,2025-05-10 16:52:45
154.2,0.5,79.4,148.7,60.02,212.8,0.8,10.4,633.7,36.1,6.7,4.4,0,-6254.046355043379,,,2025-05-10 16:53:43
156.5,0.5,74.6,145.2,60.03,212.8,0.6,10.4,633.7,36.1,6.7,4.4,0,-6525.961413958308,,,2025-05-10 16:53:46
154.8,0.4,73.3,142.8,60.03,212.9,0.8,10.4,633.7,36.1,6.7,4.4,0,-8040.916742198628,,,2025-05-10 16:54:44
154.2,0.4,76.4,145.9,60,212.8,0.7,10.4,633.7,36.1,6.7,4.4,0,-7497.086624368769,,,2025-05-10 16:54:46
154.7,0.4,72.1,140.2,60,212.9,0.7,10.4,633.7,36,6.7,4.4,0,-5710.216237213519,,,2025-05-10 16:55:44
152.6,0.4,75.5,142.9,60,212.8,0.7,10.5,633.8,36,6.7,4.4,0,-8157.451767447883,,,2025-05-10 16:55:47
152.6,0.4,73.2,139.4,60.02,212.8,0.6,10.5,633.8,35.9,6.7,4.4,0,-6331.736371876215,,,2025-05-10 16:56:45
152.6,0.4,73.6,140.4,60.03,212.8,0.7,10.5,633.8,35.9,6.7,4.4,0,-7147.481548621003,,,2025-05-10 16:56:48
154.2,0.4,71.5,136.2,60.02,212.9,0.7,10.5,633.8,35.8,6.7,4.4,0,-8429.366826362815,,,2025-05-10 16:57:46
152.5,0.4,70.8,135.0,60.03,213,0.6,10.5,633.8,35.8,6.7,4.4,0,-6953.256506538912,,,2025-05-10 16:57:48
154.2,0.4,69.8,131.4,59.97,213,0.7,10.5,633.8,35.7,6.7,4.4,0,-7769.001683283699,,,2025-05-10 16:58:46
156.5,0.4,64.6,128.2,59.97,213,0.6,10.5,633.8,35.7,6.7,4.4,0,-8040.916742198629,,,2025-05-10 16:58:49
148.4,0.4,65.3,126.0,59.96,213,0.7,10.5,633.8,35.5,6.7,4.4,0,-6409.426388709053,,,2025-05-10 16:59:47
151.3,0.4,66.5,127.4,59.96,213,0.6,10.5,633.8,35.5,6.7,4.4,0,-5554.836203547845,,,2025-05-10 16:59:50
151.3,0.4,64.8,123.1,59.98,212.9,0.5,10.5,633.8,35.4,6.7,4.4,0,-5710.216237213519,,,2025-05-10 17:00:48
154.3,0.4,65.0,124.1,59.99,212.9,0.6,10.5,633.8,35.4,6.7,4.4,0,-8118.606759031466,,,2025-05-10 17:00:51
151.4,0.4,63.3,120.7,59.96,212.5,0.5,10.5,633.8,35.4,6.7,4.4,0,-5166.38611938366,,,2025-05-10 17:01:48
148.2,0.4,62.5,119.7,59.97,212.6,0.6,10.5,633.8,35.4,6.7,4.4,0,-6448.271397125471,,,2025-05-10 17:01:51
151,0.3,61.3,116.9,59.99,212.7,0.6,10.5,633.8,35.3,6.7,4.4,0,-6953.256506538911,,,2025-05-10 17:02:49
152.9,0.3,61.2,116.9,60.01,212.7,0.6,10.5,633.8,35.3,6.7,4.4,0,-6215.20134662696,,,2025-05-10 17:02:52
151.3,0.3,59.8,113.8,60.03,212.8,0.5,10.5,633.8,35.2,6.7,4.4,0,-4933.3160688851485,,,2025-05-10 17:03:49
148.2,0.3,59.5,112.8,60.03,212.8,0.6,10.5,633.8,35.2,6.7,4.4,0,-4933.3160688851485,,,2025-05-10 17:03:53
151.2,0.3,58.7,109.7,60.04,212.8,0.5,10.5,633.8,35.1,6.7,4.4,0,-8701.281885277744,,,2025-05-10 17:04:50
153.8,0.3,58.5,109.9,60.01,212.7,0.5,10.5,633.8,35.1,6.7,4.4,0,-6020.976304544867,,,2025-05-10 17:04:53
151.2,0.3,56.6,105.6,60.02,212.9,0.5,10.5,633.8,35,6.7,4.4,0,-6448.271397125471,,,2025-05-10 17:05:51
148.2,0.3,56.5,104.7,60.01,213,0.5,10.5,633.8,35,6.7,4.4,0,-8662.436876861326,,,2025-05-10 17:05:54
151.3,0.3,54.7,101.8,60.03,212.7,0.4,10.5,633.8,35,6.7,4.4,0,-7924.381716949373,,,2025-05-10 17:06:51
154,0.3,54.3,101.2,60.02,212.7,0.6,10.5,633.8,35,6.7,4.4,0,-7069.791531788166,,,2025-05-10 17:06:55
151.4,0.3,53.6,100.6,60.01,212.7,0.5,10.5,633.8,35,6.7,4.4,0,-5477.146186715008,,,2025-05-10 17:07:52
148.2,0.3,52.7,97.6,60.02,212.8,0.5,10.5,633.8,35,6.7,4.4,0,-7535.931632785187,,,2025-05-10 17:07:55
151.1,0.3,51.5,95.1,60.01,212.9,0.5,10.5,633.8,35,6.7,4.4,0,-7574.776641201607,,,2025-05-10 17:08:53
154.4,0.3,49.8,94.1,59.99,212.9,0.5,10.5,633.8,35,6.7,4.4,0,-7108.636540204586,,,2025-05-10 17:08:56
151.3,0.3,49.7,91.9,60,212.8,0.5,10.5,633.8,35,6.7,4.4,0,-5011.006085717986,,,2025-05-10 17:09:53
148.5,0.3,49.4,90.3,60,212.8,0.5,10.5,633.8,35,6.7,4.4,0,-7069.791531788167,,,2025-05-10 17:09:57
151.2,0.2,47.6,88.3,60.01,212.9,0.4,10.5,633.8,34.8,6.7,4.4,0,-4700.246018386639,,,2025-05-10 17:10:54
148.4,0.2,47.4,86.8,60.02,213,0.3,10.5,633.8,34.8,6.7,4.4,0,-5554.836203547847,,,2025-05-10 17:10:58
151.4,0.2,46.3,84.1,60.01,212.9,0.5,10.5,633.8,34.8,6.7,4.4,0,-4933.3160688851485,,,2025-05-10 17:11:55
154.1,0.2,43.8,82.0,60.02,212.9,0.5,10.5,633.8,34.8,6.7,4.4,0,-5865.596270879192,,,2025-05-10 17:11:58
152,0.2,43.2,80.0,60.03,212.9,0.5,10.5,633.8,34.7,6.7,4.4,0,-4506.020976304546,,,2025-05-10 17:12:55
149.8,0.2,44.1,80.3,60.02,212.9,0.5,10.5,633.8,34.7,6.7,4.4,0,-5982.131296128448,,,2025-05-10 17:12:59
146.7,0.2,41.9,77.1,60.01,212.6,0.6,10.5,633.8,34.6,6.7,4.4,0,-3185.290690146316,,,2025-05-10 17:13:56
151.3,0.2,42.7,77.2,59.99,212.5,0.4,10.5,633.8,34.6,6.7,4.4,0,-2719.1505891492952,,,2025-05-10 17:14:00
149.4,0.2,40.6,73.4,60.01,212.8,0.3,10.5,633.8,34.6,6.7,4.4,0,-3651.4307911433384,,,2025-05-10 17:14:57
150.7,0.2,40.4,72.8,60.03,212.8,0.4,10.5,633.8,34.6,6.7,4.4,0,-5632.526220380682,,,2025-05-10 17:15:00
151.3,0.2,38.7,70.0,60.02,212.7,0.4,10.5,633.8,34.5,6.7,4.4,0,-6409.426388709053,,,2025-05-10 17:15:57
145.8,0.2,38.7,69.7,60.02,212.6,0.4,10.5,633.8,34.5,6.7,4.4,0,-5554.836203547845,,,2025-05-10 17:16:01
147.2,0.2,37.1,67.0,60,212.8,0.4,10.5,633.8,34.5,6.7,4.4,0,-3962.1908584746866,,,2025-05-10 17:16:58
149.2,0.2,37.0,67.3,59.97,212.7,0.3,10.5,633.8,34.5,6.7,4.4,0,-2835.685614398551,,,2025-05-10 17:17:02
145.9,0.2,35.1,63.6,60.03,212.4,0.4,10.5,633.8,34.5,6.7,4.4,0,-2447.235530234366,,,2025-05-10 17:17:59
146.8,0.2,35.8,64.6,60.02,212.4,0.5,10.5,633.8,34.4,6.7,4.4,0,-2563.770555483621,,,2025-05-10 17:18:03
150.9,0.2,35.0,62.8,59.97,212.8,0.3,10.5,633.8,34.4,6.7,4.4,0,-4467.175967888128,,,2025-05-10 17:18:59
148.5,0.2,35.2,63.1,59.97,212.9,0.4,10.5,633.8,34.4,6.7,4.4,0,-5321.766153049334,,,2025-05-10 17:19:03
148,0.2,33.4,59.4,59.99,213,0.6,10.5,633.8,34.4,6.7,4.4,0,-5282.9211446329155,,,2025-05-10 17:20:00
150,0.1,33.2,59.4,60,213,0.3,10.5,633.8,34.4,6.7,4.4,0,-1514.9553282403226,,,2025-05-10 17:20:04
145.3,0.1,32.0,56.3,60.05,213.2,0.5,10.5,633.8,34.3,6.7,4.4,0,-1709.1803703224136,,,2025-05-10 17:21:01
148.4,0.1,32.7,56.5,60.02,213.2,0.4,10.5,633.8,34.3,6.7,4.4,0,-1398.420302991067,,,2025-05-10 17:21:05
143.8,0.1,30.0,52.6,59.99,213,0.4,10.5,633.8,34.3,6.7,4.4,0,-1359.5752945746485,,,2025-05-10 17:22:01
146.9,0.1,30.4,52.9,59.97,213,0.3,10.5,633.8,34.3,6.7,4.4,0,-3107.6006733134805,,,2025-05-10 17:22:05
148.2,0.1,29.8,51.1,59.96,212.5,0.4,10.5,633.8,34.3,6.7,4.4,0,-3262.980706979153,,,2025-05-10 17:23:02
142.7,0.1,29.7,51.6,59.95,212.3,0.4,10.5,633.8,34.2,6.7,4.4,0,-4389.485951055291,,,2025-05-10 17:23:06
147.4,0.1,28.6,50.1,59.98,212.7,0.4,10.5,633.8,34.1,6.7,4.4,0,-4583.710993137383,,,2025-05-10 17:24:03
143.8,0.1,29.2,50.0,59.99,212.7,0.3,10.5,633.8,34.1,6.7,4.4,0,-4311.795934222454,,,2025-05-10 17:24:07
148.4,0.1,27.5,48.3,60.01,212.5,0.4,10.5,633.8,34.1,6.7,4.4,0,-3224.1356985627363,,,2025-05-10 17:25:03
143.8,0.1,27.8,48.4,60.02,212.5,0.4,10.5,633.8,34.1,6.7,4.4,0,-582.6751262462778,,,2025-05-10 17:25:08
149.8,0.1,26.8,46.6,60.03,212.7,0.4,10.5,633.8,34.1,6.7,4.4,0,-2874.5306228149693,,,2025-05-10 17:26:04
146.9,0.1,27.2,46.7,60.02,212.8,0.4,10.5,633.8,34.1,6.7,4.4,0,-2680.305580732877,,,2025-05-10 17:26:08
144.5,0.1,25.5,44.2,59.96,212.6,0.3,10.5,633.8,34.1,6.7,4.4,0,-2486.080538650784,,,2025-05-10 17:27:04
147.5,0.1,25.4,43.6,59.98,212.7,0.4,10.5,633.8,34.1,6.7,4.4,0,388.4500841641838,,,2025-05-10 17:27:09
140.6,0.1,25.2,42.5,59.98,212.6,0.4,10.5,633.8,34,6.7,4.4,0,349.6050757477653,,,2025-05-10 17:28:05
135.6,0.1,24.6,41.7,59.97,212.6,0.4,10.5,633.8,34,6.7,4.4,0,699.210151495532,,,2025-05-10 17:28:10
141.4,0.1,24.5,40.8,60,213.1,0.4,10.5,633.8,34,6.7,4.4,0,-3029.9106564806434,,,2025-05-10 17:29:06
144.5,0.1,24.4,40.1,60.01,213.2,0.4,10.5,633.8,34,6.7,4.4,0,-1981.0954292373433,,,2025-05-10 17:29:10
140,0.1,22.9,38.5,60.02,213.4,0.4,10.5,633.8,34,6.7,4.4,0,582.6751262462765,,,2025-05-10 17:30:06
138.4,0.1,22.9,38.2,60.04,213.4,0.3,10.5,633.8,33.9,6.7,4.4,0,-388.4500841641853,,,2025-05-10 17:30:11
141.3,0.1,22.8,37.7,60.04,213.3,0.3,10.5,633.8,33.9,6.7,4.4,0,-621.5201346626965,,,2025-05-10 17:31:07
135.4,0.1,22.3,36.9,60.04,213.3,0.4,10.5,633.8,33.9,6.7,4.4,0,-1748.0253787388322,,,2025-05-10 17:31:12
144.2,0.1,22.7,36.4,59.98,212.9,0.4,10.5,633.8,33.8,6.7,4.4,0,-2447.235530234366,,,2025-05-10 17:32:08
161.7,0.1,6.4,12.4,59.99,212.9,0.4,10.5,633.8,33.8,6.7,4.4,0,1126.5052440761358,,,2025-05-10 17:32:13
146.3,0.1,21.2,34.6,59.97,213.3,0.3,10.5,633.8,33.8,6.7,4.4,0,-77.69001683283706,,,2025-05-10 17:33:08
146.3,0.1,21.4,34.2,59.97,213.3,0.4,10.5,633.8,33.8,6.7,4.4,0,-155.38003366567412,,,2025-05-10 17:33:13
149.2,0.1,21.2,31.5,60,213.4,0.4,10.5,633.8,33.8,6.7,4.4,0,-1281.8852777418115,,,2025-05-10 17:34:09
139.9,0.1,20.7,32.9,60,213.3,0.3,10.5,633.8,33.8,6.7,4.4,0,-1942.2504208209234,,,2025-05-10 17:34:14
142.8,0.1,20.0,31.5,60.01,213.3,0.3,10.5,633.8,33.7,6.7,4.4,0,388.4500841641838,,,2025-05-10 17:35:10
145.3,0.1,20.0,31.3,60.02,213.3,0.2,10.5,633.8,33.7,6.7,4.4,0,-1903.405412404505,,,2025-05-10 17:35:15
146,0.1,19.8,30.1,60,213.3,0.3,10.5,633.8,33.7,6.7,4.4,0,-233.07005049851116,,,2025-05-10 17:36:10
143.2,0.1,19.4,30.2,60.01,213.2,0.4,10.5,633.8,33.7,6.7,4.4,0,-1786.8703871552507,,,2025-05-10 17:36:15
142.4,0.1,18.9,28.7,59.99,213,0.5,10.5,633.8,33.7,6.7,4.4,0,-1670.3353619059951,,,2025-05-10 17:37:11
142.5,0.1,19.0,28.6,59.99,212.9,0.3,10.5,633.8,33.7,6.7,4.4,0,-466.14010099702233,,,2025-05-10 17:37:16
142.8,0.1,17.8,26.5,60.01,213.3,0.3,10.5,633.8,33.7,6.7,4.4,0,38.84500841641853,,,2025-05-10 17:38:12
142.5,0.1,17.6,26.8,60.01,213.3,0.4,10.5,633.8,33.7,6.7,4.4,0,-1748.0253787388308,,,2025-05-10 17:38:17
138.8,0.1,16.8,24.6,60,213.1,0.3,10.5,633.8,33.7,6.7,4.4,0,-1009.9702188268802,,,2025-05-10 17:39:12
141.9,0,17.2,25.1,59.99,213.2,0.3,10.5,633.8,33.7,6.7,4.4,0,1126.5052440761372,,,2025-05-10 17:39:17
141.9,0,16.3,22.7,59.97,213.1,0.3,10.5,633.8,33.7,6.7,4.4,0,893.4351935776247,,,2025-05-10 17:40:13
144.3,0,16.2,22.9,59.98,213,0.3,10.5,633.8,33.7,6.7,4.4,0,-1942.2504208209248,,,2025-05-10 17:40:18
135.1,0,15.8,21.3,59.98,213.3,0.4,10.5,633.8,33.7,6.7,4.4,0,38.84500841641853,,,2025-05-10 17:41:14
135.1,0,15.8,21.5,59.97,213.3,0.4,10.5,633.8,33.7,6.7,4.4,0,1437.2653114074847,,,2025-05-10 17:41:19
138.1,0,14.7,20.3,59.98,213.4,0.3,10.5,633.8,33.7,6.7,4.4,0,-1087.6602356597173,,,2025-05-10 17:42:14
137.8,0,15.1,20.1,59.97,213.3,0.5,10.5,633.8,33.7,6.7,4.4,0,-971.1252104104632,,,2025-05-10 17:42:19
140.3,0,13.7,17.6,59.97,213.3,0.4,10.5,633.8,33.7,6.7,4.4,0,-582.6751262462778,,,2025-05-10 17:43:15
134,0,14.2,19.0,59.97,213.3,0.3,10.5,633.8,33.7,6.7,4.4,0,-932.2802019940432,,,2025-05-10 17:43:20
137,0,13.2,17.3,59.99,213.4,0.4,10.5,633.8,33.7,6.7,4.4,0,1748.025378738833,,,2025-05-10 17:44:16
135.4,0,13.8,17.9,59.99,213.3,0.3,10.5,633.8,33.7,6.7,4.4,0,1243.040269325393,,,2025-05-10 17:44:21
136.3,0,13.1,17.3,59.98,213,0.5,10.5,633.8,33.7,6.7,4.4,0,1786.8703871552516,,,2025-05-10 17:45:16
135.4,0,13.8,17.7,59.96,213.1,0.3,10.5,633.8,33.7,6.7,4.4,0,271.91505891492966,,,2025-05-10 17:45:22
124.3,0,11.9,15.8,60.03,212.7,0.3,10.5,633.8,33.7,6.7,4.4,0,-2097.6304544865975,,,2025-05-10 17:46:17
121.2,0,11.0,14.7,60.03,212.8,0.3,10.5,633.8,33.7,6.7,4.4,0,543.8301178298593,,,2025-05-10 17:46:22
134.9,0,11.4,14.9,60.02,213.1,0.4,10.5,633.8,33.7,6.7,4.4,0,-1281.88527774181,,,2025-05-10 17:47:18
144,0,10.2,13.6,60.03,213,0.3,10.5,633.8,33.6,6.7,4.4,0,-1048.8152272432988,,,2025-05-10 17:47:23
140.5,0,10.1,13.3,60.02,213,0.5,10.5,633.8,33.6,6.7,4.4,0,-1243.040269325393,,,2025-05-10 17:48:18
138,0,9.8,13.5,60.01,213.1,0.4,10.5,633.8,33.6,6.7,4.4,0,-1476.110319823904,,,2025-05-10 17:48:24
145.4,0,7.9,10.1,59.98,213.3,0.3,10.5,633.8,33.6,6.7,4.4,0,349.60507574776676,,,2025-05-10 17:49:19
134.8,0,9.4,11.9,59.98,213.3,0.5,10.5,633.8,33.6,6.7,4.4,0,971.1252104104632,,,2025-05-10 17:49:24
137.3,0,7.5,10.1,59.98,213.2,0.5,10.5,633.8,33.5,6.7,4.4,0,-1437.265311407484,,,2025-05-10 17:50:19
142.6,0,6.8,8.8,59.98,213.2,0.2,10.5,633.8,33.5,6.7,4.4,0,-1864.5604039880864,,,2025-05-10 17:50:25
130,0,5.9,7.9,60.03,213.3,0.3,10.5,633.8,33.5,6.7,4.4,0,-1825.7153955716692,,,2025-05-10 17:51:20
125.4,0,5.8,7.6,60.01,213.2,0.5,10.5,633.8,33.5,6.7,4.4,0,-1476.1103198239025,,,2025-05-10 17:51:26
110.5,0,2.7,3.5,59.97,213.2,0.3,10.5,633.8,33.5,6.7,4.4,0,-1553.8003366567395,,,2025-05-10 17:52:21
107.4,0,2.2,3.5,59.95,213.2,0.3,10.5,633.8,33.5,6.7,4.4,0,2058.7854460701806,,,2025-05-10 17:52:26
116.1,0,0.8,1.2,59.99,213.2,0.3,10.5,633.8,33.4,6.7,4.4,0,-1670.3353619059951,,,2025-05-10 17:53:21
121.5,0,1.9,2.8,60,213.3,0.3,10.5,633.8,33.4,6.7,4.4,0,-1864.5604039880877,,,2025-05-10 17:53:27
119.3,0,1.2,1.9,59.97,213.2,0.2,10.5,633.8,33.4,6.7,4.4,0,1437.2653114074847,,,2025-05-10 17:54:22
110.5,0,1.3,2.0,59.96,213.1,0.3,10.5,633.8,33.4,6.7,4.4,0,932.2802019940447,,,2025-05-10 17:54:28
135.7,0,1.0,1.8,59.96,213.2,0.5,10.5,633.8,33.3,6.7,4.4,0,427.2950925806038,,,2025-05-10 17:55:23
133.1,0,1.4,2.2,59.96,213.2,0.4,10.5,633.8,33.3,6.7,4.4,0,-2019.9404376537618,,,2025-05-10 17:55:29
121.2,0,0.3,0.7,59.99,213.1,0.4,10.5,633.8,33.3,6.7,4.4,0,1981.0954292373433,,,2025-05-10 17:56:23
124.7,0,0.3,0.6,59.98,213.1,0.4,10.5,633.8,33.3,6.7,4.4,0,854.5901851612076,,,2025-05-10 17:56:29
139.2,0,0.6,1.3,60.02,213.3,0.2,10.5,633.8,33.3,6.7,4.4,0,1748.025378738833,,,2025-05-10 17:57:24
138.9,0,0.3,0.6,60.02,213.2,0.4,10.5,633.8,33.3,6.7,4.4,0,-155.38003366567267,,,2025-05-10 17:57:30
115.7,0,0.2,0.4,59.99,212.7,0.3,10.5,633.8,33.2,6.7,4.4,0,-427.2950925806038,,,2025-05-10 17:58:25
118.8,0,0.7,1.2,59.97,212.7,0.5,10.5,633.8,33.2,6.7,4.4,0,660.365143079115,,,2025-05-10 17:58:31
131.7,0,0.4,0.8,60.01,213,0.4,10.5,633.8,33.2,6.7,4.4,0,2291.8554965686917,,,2025-05-10 17:59:25
134.4,0,0.3,0.5,60,213,0.4,10.5,633.8,33.1,6.7,4.4,0,699.2101514955335,,,2025-05-10 17:59:31
