vpv1,ipv1,pv1_watt,vpv2,ipv2,pv2_watt,pac_total,freq,vac1,iac1,energia_hoy,energia_total,temp_inversor,Energìa PV1,Energìa PV2,codigo_error,irradiancia,temp1,temp2,timestamp
,,0.0,0,0,0.0,0.0,0,0,0,0.0,880.4,0,0.0,0.0,0,-38.845008416418494,22.937,22.937,2025-06-21 05:44:29
0,0,0.0,0,0,0.0,0.0,0,0,0,0.0,880.4,0,0.0,0.0,0,-38.845008416418494,22.937,22.875,2025-06-21 05:45:13
,0,0.0,0,0,0.0,0.0,0,0,0,0.0,880.4,0,0.0,0.0,0,-38.845008416418494,22.937,22.937,2025-06-21 05:45:32
,,0.0,0,0,0.0,0.0,0,0,0,0.0,880.4,0,0.0,0.0,0,-38.845008416418494,22.937,22.875,2025-06-21 05:46:17
0,0,0.0,0,0,0.0,0.0,0,0,0,0.0,880.4,0,0.0,0.0,0,-38.845008416418494,22.875,22.875,2025-06-21 05:46:35
,0,0.0,0,0,0.0,0.0,0,0,0,0.0,880.4,0,0.0,0.0,0,-38.845008416418494,22.875,22.812,2025-06-21 05:47:21
0,0,0.0,0,0,0.0,0.0,0,0,0,0.0,880.4,0,0.0,0.0,0,-38.845008416418494,22.875,22.875,2025-06-21 05:47:37
0,0,0.0,0,0,0.0,0.0,0,0,0,0.0,880.4,0,0.0,0.0,0,-38.845008416418494,22.875,22.875,2025-06-21 05:48:40
0,0,0.0,0,0,0.0,0.0,0,0,0,0.0,880.4,0,0.0,0.0,0,-38.845008416418494,22.875,22.812,2025-06-21 05:49:26
33.6,0,0.0,33.6,0,0.0,0.0,60.02,72.2,0,0.0,880.4,0,0.0,0.0,0,-38.845008416418494,22.875,22.937,2025-06-21 05:49:42
146.1,0,0.0,145.9,0,0.0,0.0,59.98,212.5,0,0.0,880.4,23.4,0.0,0.0,0,-38.845008416418494,22.937,22.812,2025-06-21 05:50:29
146.3,0,0.0,146.2,0,0.0,0.0,59.98,212.4,0,0.0,880.4,23.4,0.0,0.0,0,-38.845008416418494,22.937,22.937,2025-06-21 05:50:44
147.5,0,0.0,147.4,0,0.0,0.0,60.02,212.5,0,0.0,880.4,23.4,0.0,0.0,0,-38.845008416418494,22.875,22.875,2025-06-21 05:51:31
147.7,0,0.0,147.5,0,0.0,0.0,60.01,212.3,0,0.0,880.4,23.4,0.0,0.0,0,-38.845008416418494,22.875,22.937,2025-06-21 05:51:47
148.3,0,0.0,148.3,0,0.0,0.0,60,212.4,0,0.0,880.4,23.5,0.0,0.0,0,-38.845008416418494,22.875,22.875,2025-06-21 05:52:34
148.5,0,0.0,148.4,0,0.0,0.0,59.98,212.4,0,0.0,880.4,23.5,0.0,0.0,0,-38.845008416418494,22.875,22.937,2025-06-21 05:52:49
148.8,0,0.0,148.7,0,0.0,0.0,60.04,212.7,0,0.0,880.4,23.5,0.0,0.0,0,-38.845008416418494,22.875,22.937,2025-06-21 05:53:36
148.6,0,0.0,149.2,0,0.0,0.0,60.03,212.8,0,0.0,880.4,23.5,0.0,0.0,0,-38.845008416418494,22.875,22.937,2025-06-21 05:53:52
148.8,0,0.0,148.7,0,0.0,0.0,60.04,212.8,0,0.0,880.4,23.5,0.0,0.0,0,-38.845008416418494,22.875,22.937,2025-06-21 05:54:39
99.5,0,0.0,89,0,0.0,0.0,60.04,212.5,0,0.0,880.4,23.5,0.0,0.0,0,-38.845008416418494,22.875,22.937,2025-06-21 05:54:54
149.9,0,0.0,149.7,0,0.0,0.0,60.04,212.6,0,0.0,880.4,23.6,0.0,0.0,0,-38.845008416418494,22.875,22.875,2025-06-21 05:55:41
150.8,0,0.0,150.6,0,0.0,0.0,60.02,212.7,0,0.0,880.4,23.6,0.0,0.0,0,0.0,22.937,22.937,2025-06-21 05:55:57
151.4,0,0.0,151.1,0,0.0,0.0,59.99,212.6,0,0.0,880.4,23.6,0.0,0.0,0,-38.845008416418494,22.937,22.875,2025-06-21 05:56:44
151.5,0,0.0,151.3,0,0.0,0.0,60,212.3,0,0.0,880.4,23.6,0.0,0.0,0,-38.845008416418494,22.937,22.937,2025-06-21 05:56:59
152,0,0.0,151.8,0,0.0,0.0,60.03,212.2,0,0.0,880.4,23.6,0.0,0.0,0,-38.845008416418494,22.937,22.875,2025-06-21 05:57:46
152.2,0,0.0,152,0,0.0,0.0,60.02,212.4,0,0.0,880.4,23.6,0.0,0.0,0,-38.845008416418494,22.937,22.937,2025-06-21 05:58:02
152.5,0,0.0,152.3,0,0.0,0.0,59.99,212.2,0,0.0,880.4,23.7,0.0,0.0,0,-38.845008416418494,22.937,22.937,2025-06-21 05:58:48
152.5,0,0.0,152.4,0,0.0,0.0,60.01,212.1,0,0.0,880.4,23.7,0.0,0.0,0,-38.845008416418494,23.0,22.937,2025-06-21 05:59:04
152.9,0,0.0,152.8,0,0.0,0.0,60.02,212.3,0,0.0,880.4,23.7,0.0,0.0,0,-38.845008416418494,23.0,22.937,2025-06-21 05:59:51
153,0,0.0,153,0,0.0,0.0,59.98,212.2,0,0.0,880.4,23.7,0.0,0.0,0,-38.845008416418494,23.0,23.0,2025-06-21 06:00:07
99.5,0,0.0,84.1,0,0.0,0.0,60,212.2,0,0.0,880.4,23.7,0.0,0.0,0,-38.845008416418494,23.0,22.937,2025-06-21 06:00:53
157.9,0,0.0,155,0,0.0,0.0,59.97,212.3,0,0.0,880.4,23.7,0.0,0.0,0,-38.845008416418494,23.0,23.0,2025-06-21 06:01:09
154,0,0.0,153.9,0,0.0,0.0,59.95,211.8,0,0.0,880.4,23.7,0.0,0.0,0,-38.845008416418494,23.0,22.875,2025-06-21 06:01:56
154.2,0,0.0,154.1,0,0.0,0.0,59.98,212,0,0.0,880.4,23.7,0.0,0.0,0,-38.845008416418494,23.0,23.0,2025-06-21 06:02:12
154.5,0,0.0,154.4,0,0.0,0.0,59.99,211.8,0,0.0,880.4,23.7,0.0,0.0,0,-38.845008416418494,23.0,22.875,2025-06-21 06:02:58
154.6,0,0.0,154.5,0,0.0,0.0,59.97,211.8,0,0.0,880.4,23.7,0.0,0.0,0,-38.845008416418494,23.0,23.062,2025-06-21 06:03:14
155,0,0.0,154.9,0,0.0,0.0,59.95,211.9,0,0.0,880.4,23.7,0.0,0.0,0,-38.845008416418494,23.062,22.937,2025-06-21 06:04:01
155.1,0,0.0,155,0,0.0,0.0,59.97,211.9,0,0.0,880.4,23.7,0.0,0.0,0,-38.845008416418494,23.062,23.062,2025-06-21 06:04:16
155.4,0,0.0,155.2,0,0.0,0.0,59.98,211.8,0,0.0,880.4,23.7,0.0,0.0,0,-38.845008416418494,23.062,22.937,2025-06-21 06:05:03
155.5,0,0.0,155.3,0,0.0,0.0,60,211.9,0,0.0,880.4,23.7,0.0,0.0,0,-38.845008416418494,23.062,23.062,2025-06-21 06:05:19
99.1,0,0.0,87.3,0,0.0,0.0,59.98,212.1,0,0.0,880.4,23.8,0.0,0.0,0,-38.845008416418494,23.062,23.0,2025-06-21 06:06:06
159.5,0,0.0,156.3,0,0.0,0.0,60.01,212.1,0,0.0,880.4,23.8,0.0,0.0,0,-38.845008416418494,23.062,23.0,2025-06-21 06:06:21
155.8,0,0.0,155.6,0,0.0,0.0,59.99,212.2,0,0.0,880.4,23.8,0.0,0.0,0,-38.845008416418494,23.0,22.937,2025-06-21 06:07:08
155.9,0,0.0,155.7,0,0.0,0.0,60,212.3,0,0.0,880.4,23.8,0.0,0.0,0,-38.845008416418494,23.0,23.062,2025-06-21 06:07:24
155.8,0,0.0,155.6,0,0.0,0.0,60.02,212.2,0,0.0,880.4,23.8,0.0,0.0,0,-38.845008416418494,23.062,22.937,2025-06-21 06:08:11
155.8,0,0.0,155.6,0,0.0,0.0,59.99,212.1,0,0.0,880.4,23.8,0.0,0.0,0,-38.845008416418494,23.062,23.062,2025-06-21 06:08:26
155.7,0,0.0,155.5,0,0.0,0.0,60,212.1,0,0.0,880.4,23.9,0.0,0.0,0,-38.845008416418494,23.062,22.937,2025-06-21 06:09:13
155.7,0,0.0,155.5,0,0.0,0.0,59.99,212,0,0.0,880.4,23.9,0.0,0.0,0,-38.845008416418494,23.062,23.062,2025-06-21 06:09:29
155.7,0,0.0,155.5,0,0.0,0.0,59.98,212.1,0,0.0,880.4,23.9,0.0,0.0,0,-38.845008416418494,23.062,22.937,2025-06-21 06:10:16
155.6,0,0.0,155.5,0,0.0,0.0,59.98,212.1,0,0.0,880.4,23.9,0.0,0.0,0,-38.845008416418494,23.062,23.062,2025-06-21 06:10:31
99.2,0,0.0,84.3,0,0.0,0.0,60.03,212.2,0,0.0,880.4,23.9,0.0,0.0,0,-38.845008416418494,23.062,22.937,2025-06-21 06:11:18
159,0,0.0,155.5,0,0.0,0.0,60.01,212.1,0,0.0,880.4,23.9,0.0,0.0,0,-38.845008416418494,23.062,23.062,2025-06-21 06:11:34
154.5,0,0.0,154.4,0,0.0,0.0,59.98,212.2,0,0.0,880.4,23.9,0.0,0.0,0,-38.845008416418494,23.062,22.937,2025-06-21 06:12:21
154.4,0,0.0,154.3,0,0.0,0.0,60.02,212.3,0,0.0,880.4,23.9,0.0,0.0,0,-38.845008416418494,23.062,23.125,2025-06-21 06:12:36
154.3,0,0.0,154.3,0,0.0,0.0,60.03,212.2,0,0.0,880.4,24,0.0,0.0,0,-38.845008416418494,23.062,22.937,2025-06-21 06:13:23
154.3,0,0.0,154.3,0,0.0,0.0,60,212.3,0,0.0,880.4,24,0.0,0.0,0,-38.845008416418494,23.125,23.125,2025-06-21 06:13:39
154.8,0,0.0,154.8,0,0.0,0.0,60.01,212.1,0,0.0,880.4,24,0.0,0.0,0,-38.845008416418494,23.125,23.0,2025-06-21 06:14:26
155.2,0,0.0,155,0,0.0,0.0,60.01,212,0,0.0,880.4,24,0.0,0.0,0,-38.845008416418494,23.125,23.125,2025-06-21 06:14:41
156.1,0,0.0,155.9,0,0.0,0.0,59.99,212.1,0,0.0,880.4,24,0.0,0.0,0,0.0,23.125,23.0,2025-06-21 06:15:28
156.4,0,0.0,156.2,0,0.0,0.0,60.02,212.1,0,0.0,880.4,24,0.0,0.0,0,-38.845008416418494,23.187,23.187,2025-06-21 06:15:43
111.7,0,0.0,96.9,0,0.0,0.0,59.98,211.9,0,0.0,880.4,24,0.0,0.0,0,-38.845008416418494,23.187,23.0,2025-06-21 06:16:30
161,0,0.0,157.5,0,0.0,0.0,59.97,211.9,0,0.0,880.4,24,0.0,0.0,0,-38.845008416418494,23.187,23.187,2025-06-21 06:16:46
158.8,0,0.0,158.2,0,0.0,0.0,59.97,211.8,0,0.0,880.4,24,0.0,0.0,0,-38.845008416418494,23.187,23.0,2025-06-21 06:17:33
159,0,0.0,158.4,0,0.0,0.0,59.99,211.8,0,0.0,880.4,24,0.0,0.0,0,-38.845008416418494,23.187,23.187,2025-06-21 06:17:48
160.1,0,0.0,159.1,0,0.0,0.0,59.97,211.8,0,0.0,880.4,24.1,0.0,0.0,0,0.0,23.187,23.062,2025-06-21 06:18:35
160.4,0,0.0,159.3,0,0.0,0.0,59.99,211.7,0,0.0,880.4,24.1,0.0,0.0,0,0.0,23.187,23.187,2025-06-21 06:18:51
161.1,0,0.0,159.8,0,0.0,0.0,59.99,211.9,0,0.0,880.4,24.1,0.0,0.0,0,0.0,23.187,23.062,2025-06-21 06:19:38
161.3,0,0.0,160,0,0.0,0.0,60,211.8,0,0.0,880.4,24.1,0.0,0.0,0,0.0,23.187,23.187,2025-06-21 06:19:53
161.9,0,0.0,160.4,0,0.0,0.0,60.04,211.9,0,0.0,880.4,24.1,0.0,0.0,0,0.0,23.187,23.062,2025-06-21 06:20:40
162,0,0.0,160.4,0,0.0,0.0,60.04,211.8,0,0.0,880.4,24.1,0.0,0.0,0,0.0,23.187,23.25,2025-06-21 06:20:56
155.8,0,0.0,160.6,0,1.0,2.1,59.99,211.9,0.4,0.0,880.4,24.1,0.0,0.0,0,0.0,23.25,23.062,2025-06-21 06:21:43
134.4,0.1,18.0,138.9,0,11.0,28.7,60.01,211.6,0.4,0.0,880.4,24.2,0.0,0.0,0,0.0,23.25,23.25,2025-06-21 06:21:58
148.6,0.1,18.8,138.9,0,11.6,30.1,60.02,211.9,0.4,0.0,880.4,24.3,0.0,0.0,0,0.0,23.25,23.062,2025-06-21 06:22:45
139.5,0.1,19.3,131.3,0,11.0,29.8,60.03,211.8,0.4,0.0,880.4,24.4,0.0,0.0,0,0.0,23.25,23.25,2025-06-21 06:23:01
151.2,0.1,20.0,139.1,0,12.8,32.3,60.04,212.1,0.5,0.0,880.4,24.5,0.0,0.0,0,0.0,23.312,23.125,2025-06-21 06:23:48
139.4,0.1,20.2,138.8,0,12.0,32.3,60.03,212,0.4,0.0,880.4,24.6,0.0,0.0,0,0.0,23.312,23.312,2025-06-21 06:24:03
142.7,0.1,21.1,141.9,0,12.7,33.1,59.97,211.9,0.4,0.0,880.4,24.6,0.0,0.0,0,0.0,23.312,23.125,2025-06-21 06:24:50
151.4,0.1,20.7,134.4,0,12.2,32.9,59.97,211.8,0.5,0.0,880.4,24.7,0.0,0.0,0,0.0,23.312,23.312,2025-06-21 06:25:06
139.6,0.1,21.9,139,0,12.6,33.8,59.99,211.8,0.5,0.0,880.4,24.8,0.0,0.0,0,0.0,23.312,23.125,2025-06-21 06:25:53
140.1,0.1,22.2,139.8,0,12.8,34.5,60.05,211.8,0.4,0.0,880.4,24.8,0.0,0.0,0,0.0,23.312,23.312,2025-06-21 06:26:08
147,0.1,23.8,137.4,0,13.4,36.7,59.98,211.6,0.5,0.0,880.4,24.9,0.0,0.0,0,0.0,23.312,23.125,2025-06-21 06:26:55
146.4,0.1,23.9,142.8,0,13.1,36.5,59.99,211.7,0.4,0.0,880.4,24.9,0.0,0.0,0,0.0,23.375,23.312,2025-06-21 06:27:11
149.8,0.1,25.0,140.3,0,13.6,38.0,60.01,212.6,0.5,0.0,880.4,25,0.0,0.0,0,0.0,23.375,23.125,2025-06-21 06:27:57
152.6,0.1,24.5,143,0,13.5,37.3,59.99,212.9,0.5,0.0,880.4,25.1,0.0,0.0,0,0.0,23.375,23.375,2025-06-21 06:28:13
146.7,0.1,25.8,137,0.1,14.2,39.3,60.03,213.1,0.4,0.0,880.4,25.2,0.0,0.0,0,0.0,23.375,23.125,2025-06-21 06:29:00
149.3,0.1,27.0,142.3,0,14.9,40.9,60.04,213.1,0.3,0.0,880.4,25.2,0.0,0.0,0,0.0,23.375,23.375,2025-06-21 06:29:15
146.7,0.1,27.9,145.8,0.1,15.7,42.8,60.02,212.9,0.4,0.0,880.4,25.3,0.0,0.0,0,0.0,23.437,23.187,2025-06-21 06:30:02
153.3,0.1,27.1,149.6,0.1,14.3,40.8,59.99,212.8,0.4,0.0,880.4,25.3,0.0,0.0,0,0.0,23.437,23.437,2025-06-21 06:30:18
153.8,0.1,27.8,144.5,0.1,17.1,44.1,60.03,212.5,0.5,0.0,880.4,25.4,0.0,0.0,0,0.0,23.437,23.187,2025-06-21 06:31:05
148.2,0.1,29.4,147.2,0.1,16.8,45.5,60.02,212.6,0.5,0.0,880.4,25.4,0.0,0.0,0,0.0,23.437,23.437,2025-06-21 06:31:20
148,0.1,30.5,147.2,0.1,17.4,46.9,60,212.9,0.6,0.0,880.4,25.5,0.0,0.0,0,0.0,23.437,23.187,2025-06-21 06:32:07
147.8,0.1,31.1,141.4,0.1,18.2,48.6,60.04,212.9,0.5,0.0,880.4,25.5,0.0,0.0,0,0.0,23.437,23.437,2025-06-21 06:32:23
145,0.1,30.5,141.3,0.1,17.7,47.3,60.04,212.8,0.3,0.0,880.4,25.6,0.0,0.0,0,0.0,23.437,23.187,2025-06-21 06:33:10
144.9,0.1,31.0,144.1,0.1,18.4,49.2,60.05,212.8,0.6,0.0,880.4,25.7,0.0,0.0,0,0.0,23.437,23.437,2025-06-21 06:33:25
147.9,0.1,31.7,144.5,0.1,19.3,49.6,60.02,212.7,0.4,0.0,880.4,25.8,0.0,0.0,0,0.0,23.437,23.25,2025-06-21 06:34:12
154.1,0,16.8,163.8,0,10.4,12.6,60.03,212.6,0.4,0.0,880.4,25.8,0.0,0.0,0,0.0,23.437,23.437,2025-06-21 06:34:28
152.1,0.1,31.8,142.6,0.1,18.6,50.1,60,212.8,0.4,0.0,880.4,25.8,0.0,0.0,0,0.0,23.437,23.25,2025-06-21 06:35:15
151.4,0.1,32.3,147.9,0.1,18.5,49.9,60.04,212.8,0.6,0.0,880.4,25.9,0.0,0.0,0,0.0,23.437,23.437,2025-06-21 06:35:30
145.6,0.2,32.2,142.4,0.1,20.1,51.5,59.99,212.7,0.5,0.0,880.4,26,0.0,0.0,0,0.0,23.5,23.25,2025-06-21 06:36:17
148.5,0.2,33.1,145.2,0.1,20.0,52.3,59.97,212.6,0.5,0.0,880.4,26,0.0,0.0,0,0.0,23.5,23.5,2025-06-21 06:36:33
151.6,0.2,35.3,148.3,0.1,20.5,55.0,60.02,213,0.5,0.0,880.4,26.1,0.0,0.0,0,0.0,23.5,23.25,2025-06-21 06:37:20
151.8,0.2,36.5,148.3,0.1,20.9,56.4,60.03,212.9,0.4,0.0,880.4,26.1,0.0,0.0,0,0.0,23.562,23.562,2025-06-21 06:37:35
148.7,0.2,39.4,145.3,0.1,23.6,62.2,59.98,212.9,0.5,0.0,880.4,26.2,0.0,0.0,0,0.0,23.562,23.312,2025-06-21 06:38:22
151.8,0.2,41.3,142.4,0.1,24.1,64.5,60.01,213,0.5,0.0,880.4,26.2,0.0,0.0,0,0.0,23.562,23.562,2025-06-21 06:38:38
151.8,0.2,45.4,143.1,0.1,26.9,71.1,60.03,213.1,0.4,0.0,880.4,26.3,0.0,0.0,0,0.0,23.625,23.312,2025-06-21 06:39:25
157.1,0.2,46.7,145.5,0.1,29.1,74.5,60.02,213,0.6,0.0,880.4,26.3,0.0,0.0,0,0.0,23.625,23.625,2025-06-21 06:39:40
152.4,0.3,52.0,145.2,0.2,31.8,82.2,60.01,213,0.6,0.0,880.4,26.4,0.0,0.0,0,0.0,23.625,23.375,2025-06-21 06:40:27
151.6,0.3,52.7,146.9,0.2,33.0,84.1,60.02,213,0.7,0.0,880.4,26.5,0.0,0.0,0,0.0,23.625,23.625,2025-06-21 06:40:42
149.1,0.3,57.3,152.7,0.2,35.4,91.1,59.98,212.9,0.5,0.0,880.4,26.5,0.0,0.0,0,0.0,23.687,23.375,2025-06-21 06:41:30
146.6,0.3,57.3,150.4,0.2,36.5,92.4,60,212.9,0.6,0.0,880.4,26.5,0.0,0.0,0,0.0,23.625,23.687,2025-06-21 06:41:45
146.1,0.4,61.2,150.8,0.2,39.1,98.9,59.98,213,0.6,0.0,880.4,26.6,0.0,0.0,0,0.0,23.687,23.375,2025-06-21 06:42:32
156.4,0.4,64.3,154.8,0.2,38.6,101.5,60.03,213,0.6,0.0,880.4,26.6,0.0,0.0,0,0.0,23.687,23.687,2025-06-21 06:42:47
151.7,0.4,66.9,152.5,0.2,43.8,109.0,60.02,213.1,0.6,0.0,880.4,26.7,0.0,0.0,0,0.0,23.687,23.375,2025-06-21 06:43:34
156.1,0.4,69.1,150.2,0.2,44.7,111.7,59.98,212.8,0.7,0.0,880.4,26.7,0.0,0.0,0,0.0,23.687,23.75,2025-06-21 06:43:50
156.2,0.4,72.7,151.2,0.3,47.4,117.9,60.05,212.7,0.6,0.0,880.4,26.8,0.0,0.0,0,0.0,23.75,23.375,2025-06-21 06:44:37
156.1,0.4,73.8,148.1,0.3,47.6,119.2,60.01,212.9,0.6,0.0,880.4,26.8,0.0,0.0,0,0.0,23.75,23.75,2025-06-21 06:44:52
153.2,0.4,76.0,151.1,0.3,50.3,124.0,60.05,213.2,0.7,0.0,880.4,26.9,0.0,0.0,0,38.845008416418494,23.75,23.437,2025-06-21 06:45:39
156.3,0.5,78.8,151.1,0.3,51.8,128.1,60.04,213.2,0.6,0.0,880.4,26.9,0.0,0.0,0,38.845008416418494,23.812,23.812,2025-06-21 06:45:55
156,0.5,81.7,152.7,0.3,54.1,133.2,60.02,213.1,0.7,0.0,880.4,27,0.0,0.0,0,38.845008416418494,23.875,23.5,2025-06-21 06:46:42
159.1,0.5,83.0,155.6,0.3,53.1,135.2,60.03,213,0.7,0.0,880.4,27,0.0,0.0,0,38.845008416418494,23.875,23.875,2025-06-21 06:46:57
156.2,0.5,85.2,149.7,0.3,56.4,137.9,60.04,213,0.7,0.0,880.4,27.1,0.0,0.0,0,38.845008416418494,23.875,23.562,2025-06-21 06:47:44
159,0.5,87.1,156.8,0.3,57.1,139.7,60.05,213,0.7,0.0,880.4,27.1,0.0,0.0,0,38.845008416418494,23.875,23.937,2025-06-21 06:48:00
157.6,0.5,89.6,154.3,0.3,56.9,143.6,60.04,213.1,0.6,0.0,880.4,27.2,0.0,0.0,0,38.845008416418494,23.937,23.562,2025-06-21 06:48:47
154.6,0.5,89.2,154.2,0.3,59.6,146.0,60.04,213.2,0.7,0.0,880.4,27.2,0.0,0.0,0,38.845008416418494,23.937,24.0,2025-06-21 06:49:02
160.6,0.5,90.6,154.2,0.4,61.2,149.0,60.04,213.1,0.6,0.0,880.4,27.3,0.0,0.0,0,38.845008416418494,24.0,23.625,2025-06-21 06:49:49
158.1,0.5,92.3,156.8,0.3,61.5,150.4,60.03,213.1,0.8,0.0,880.4,27.3,0.0,0.0,0,38.845008416418494,24.0,24.0,2025-06-21 06:50:04
157,0.6,94.1,152.1,0.4,63.4,154.5,60.04,213,0.7,0.0,880.4,27.4,0.0,0.0,0,38.845008416418494,24.062,23.687,2025-06-21 06:50:52
157.6,0.6,96.6,151.2,0.4,63.6,157.1,60.01,212.9,0.7,0.0,880.4,27.4,0.0,0.0,0,38.845008416418494,24.062,24.062,2025-06-21 06:51:07
157.6,0.6,98.9,155.1,0.4,63.7,161.3,60.02,213,0.7,0.0,880.4,27.4,0.0,0.0,0,38.845008416418494,24.062,23.687,2025-06-21 06:51:54
155.1,0.6,98.8,154,0.4,66.0,161.8,60.03,213,0.7,0.0,880.4,27.5,0.0,0.0,0,38.845008416418494,24.062,24.062,2025-06-21 06:52:09
159.1,0.6,99.3,154.2,0.4,66.9,162.5,60.03,213,0.8,0.0,880.4,27.6,0.0,0.0,0,38.845008416418494,24.062,23.687,2025-06-21 06:52:57
160.4,0.6,100.5,156.9,0.4,65.2,162.4,59.98,212.9,0.8,0.0,880.4,27.6,0.0,0.0,0,38.845008416418494,24.125,24.125,2025-06-21 06:53:12
157.6,0.6,104.2,151.4,0.4,68.4,169.4,60.03,212.8,0.8,0.0,880.4,27.7,0.0,0.0,0,38.845008416418494,24.125,23.812,2025-06-21 06:53:59
154.4,0.6,103.4,151.2,0.4,68.3,168.5,60.02,212.8,0.8,0.0,880.4,27.7,0.0,0.0,0,38.845008416418494,24.125,24.187,2025-06-21 06:54:14
160.5,0.6,105.8,157.1,0.4,70.6,172.5,60.03,213.1,0.9,0.0,880.4,27.7,0.0,0.0,0,38.845008416418494,24.187,23.75,2025-06-21 06:55:01
160.5,0.6,105.7,154.2,0.4,73.5,175.8,60.03,213.1,0.8,0.0,880.4,27.8,0.0,0.0,0,38.845008416418494,24.187,24.187,2025-06-21 06:55:17
160.6,0.6,109.0,154.2,0.4,76.2,181.5,60.01,213.1,0.8,0.0,880.4,27.8,0.0,0.0,0,38.845008416418494,24.25,23.75,2025-06-21 06:56:04
159.2,0.6,110.3,154.2,0.4,77.6,183.9,60.04,213.1,0.8,0.0,880.4,27.9,0.0,0.0,0,38.845008416418494,24.25,24.25,2025-06-21 06:56:19
160.5,0.6,115.0,154.2,0.5,80.4,190.7,60.04,213.2,0.9,0.0,880.4,27.9,0.0,0.0,0,38.845008416418494,24.312,23.75,2025-06-21 06:57:06
160.6,0.7,115.7,151.4,0.5,80.1,193.5,60.04,213.2,0.8,0.0,880.4,28,0.0,0.0,0,38.845008416418494,24.25,24.312,2025-06-21 06:57:22
160.6,0.7,124.0,157.1,0.5,86.1,206.2,60.02,213.3,0.9,0.0,880.4,28,0.0,0.0,0,38.845008416418494,24.312,23.812,2025-06-21 06:58:09
157.6,0.8,124.7,154.4,0.5,89.6,210.3,60.03,213.4,0.9,0.0,880.4,28,0.0,0.0,0,38.845008416418494,24.312,24.312,2025-06-21 06:58:24
157.5,0.8,131.7,151.3,0.6,93.8,221.2,60,213.3,1,0.0,880.4,28.1,0.0,0.0,0,77.69001683283699,24.312,23.812,2025-06-21 06:59:11
160.6,0.8,135.6,155.3,0.6,96.1,227.2,59.97,213.3,1,0.0,880.4,28.1,0.0,0.0,0,38.845008416418494,24.375,24.375,2025-06-21 06:59:27
160.6,0.8,139.7,156.7,0.6,97.6,232.7,59.97,213.3,1.1,0.0,880.4,28.2,0.0,0.0,0,77.69001683283699,24.375,23.75,2025-06-21 07:00:14
161.1,0.8,136.8,155.5,0.6,100.4,232.7,59.98,213.2,1.1,0.0,880.4,28.2,0.0,0.0,0,77.69001683283699,24.375,24.375,2025-06-21 07:00:29
161.8,0.9,143.5,155.6,0.7,106.5,248.9,59.97,213.1,1.2,0.0,880.4,28.3,0.0,0.0,0,77.69001683283699,24.437,23.75,2025-06-21 07:01:16
158.4,0.9,151.9,157.7,0.6,107.4,251.2,59.99,213.3,1.1,0.0,880.4,28.3,0.0,0.0,0,77.69001683283699,24.375,24.375,2025-06-21 07:01:31
157.6,0.9,154.7,152.8,0.7,112.0,258.3,59.99,213.2,1.2,0.0,880.4,28.4,0.0,0.0,0,77.69001683283699,24.375,23.875,2025-06-21 07:02:19
160.5,0.9,156.0,152.5,0.7,110.2,257.6,60,213.2,1.1,0.0,880.4,28.4,0.0,0.0,0,77.69001683283699,24.375,24.375,2025-06-21 07:02:34
160.5,0.9,152.0,155.6,0.7,109.6,254.0,60.04,213.3,1.1,0.0,880.4,28.5,0.0,0.0,0,77.69001683283699,24.375,24.062,2025-06-21 07:03:21
160.9,0.9,150.8,152.7,0.7,110.0,253.6,60.02,213.2,1.1,0.0,880.4,28.5,0.0,0.0,0,77.69001683283699,24.312,24.312,2025-06-21 07:03:36
160.3,0.9,151.1,158.6,0.7,110.7,255.0,59.97,213.3,1.1,0.0,880.4,28.6,0.0,0.0,0,77.69001683283699,24.312,24.062,2025-06-21 07:04:24
157.5,0.9,150.2,155.7,0.7,110.5,254.3,59.99,213.3,1.1,0.0,880.4,28.6,0.0,0.0,0,77.69001683283699,24.312,24.375,2025-06-21 07:04:39
157.5,0.8,140.0,155.6,0.6,98.6,233.7,59.97,213.3,1.1,0.0,880.4,28.7,0.0,0.0,0,77.69001683283699,24.312,24.062,2025-06-21 07:05:26
160.5,0.8,136.5,155.7,0.6,94.6,227.3,59.97,213.3,1,0.0,880.4,28.7,0.0,0.0,0,77.69001683283699,24.375,24.375,2025-06-21 07:05:41
160.6,0.8,126.8,155.6,0.5,88.3,211.3,60.02,213.2,1,0.0,880.4,28.7,0.0,0.0,0,38.845008416418494,24.5,24.125,2025-06-21 07:06:28
158.3,0.8,126.9,155.6,0.5,87.3,210.1,60.04,213.2,1,0.0,880.4,28.7,0.0,0.0,0,38.845008416418494,24.5,24.5,2025-06-21 07:06:44
162.1,0.8,119.3,149.8,0.5,87.4,202.8,60,213,0.9,0.0,880.4,28.8,0.0,0.0,0,38.845008416418494,24.437,24.062,2025-06-21 07:07:31
158.4,0.8,128.0,151.7,0.5,87.7,211.6,59.99,213.1,0.9,0.0,880.4,28.8,0.0,0.0,0,38.845008416418494,24.437,24.437,2025-06-21 07:07:46
159.4,0.8,127.1,154.1,0.5,88.3,211.4,60.02,213.2,0.9,0.0,880.4,28.9,0.0,0.0,0,77.69001683283699,24.375,24.062,2025-06-21 07:08:33
159.5,0.8,127.1,155.7,0.5,88.1,211.0,59.98,213.2,0.9,0.0,880.4,28.9,0.0,0.0,0,38.845008416418494,24.375,24.375,2025-06-21 07:08:49
158.3,0.8,129.9,149.7,0.6,91.7,217.4,60.01,213,1,0.1,880.5,28.9,0.0,0.0,0,77.69001683283699,24.312,24.0,2025-06-21 07:09:36
161.9,0.7,131.0,151.4,0.6,94.5,214.7,59.99,213.1,0.9,0.1,880.5,28.9,0.0,0.0,0,77.69001683283699,24.312,24.312,2025-06-21 07:09:51
161.1,0.7,135.6,152.1,0.6,97.7,221.4,60.02,213.2,1,0.1,880.5,29,0.0,0.0,0,77.69001683283699,24.375,24.0,2025-06-21 07:10:38
160.6,0.8,137.7,152.8,0.6,100.1,233.1,60.03,213,1,0.1,880.5,29.1,0.0,0.0,0,77.69001683283699,24.437,24.437,2025-06-21 07:10:54
160.6,0.9,143.5,154.1,0.6,104.9,243.5,59.98,212.8,1.1,0.1,880.5,29.1,0.0,0.0,0,77.69001683283699,24.5,24.062,2025-06-21 07:11:41
157.6,0.9,143.7,151,0.7,104.7,243.1,60.03,212.3,1.1,0.1,880.5,29.1,0.0,0.0,0,77.69001683283699,24.5,24.562,2025-06-21 07:11:56
157.6,0.9,150.4,154.1,0.7,108.2,251.5,60.02,212.5,1.2,0.1,880.5,29.2,0.0,0.0,0,77.69001683283699,24.5,24.187,2025-06-21 07:12:43
160.6,0.9,154.9,154.2,0.7,111.0,258.2,60.03,212.4,1.2,0.1,880.5,29.2,0.0,0.0,0,77.69001683283699,24.562,24.562,2025-06-21 07:12:59
160.5,1,165.0,154.1,0.7,117.3,272.2,60.01,212.3,1.2,0.1,880.5,29.2,0.0,0.0,0,77.69001683283699,24.687,24.187,2025-06-21 07:13:46
160.4,1,167.5,157.2,0.7,117.8,276.1,60,212.2,1.2,0.1,880.5,29.2,0.0,0.0,0,77.69001683283699,24.687,24.75,2025-06-21 07:14:01
163.5,1.1,178.6,151.2,0.8,124.6,291.8,59.97,213,1.3,0.1,880.5,29.3,0.0,0.0,0,77.69001683283699,24.812,24.25,2025-06-21 07:14:48
163.5,1.1,182.6,153,0.8,127.2,296.9,59.98,213.2,1.4,0.1,880.5,29.3,0.0,0.0,0,77.69001683283699,24.875,24.875,2025-06-21 07:15:04
158.9,1.2,188.7,156,0.8,130.9,306.1,59.99,213.2,1.4,0.1,880.5,29.4,0.0,0.0,0,116.53502524925548,24.937,24.312,2025-06-21 07:15:51
160.6,1.2,192.3,154.2,0.8,132.0,310.6,60.03,213.1,1.4,0.1,880.5,29.4,0.0,0.0,0,116.53502524925548,24.937,25.0,2025-06-21 07:16:06
160.5,1.2,198.9,154.1,0.8,133.7,319.0,60.02,213.1,1.5,0.1,880.5,29.5,0.0,0.0,0,116.53502524925548,24.875,24.437,2025-06-21 07:16:53
159.1,1.2,201.2,155.6,0.8,134.2,321.1,59.99,213.2,1.4,0.1,880.5,29.5,0.0,0.0,0,116.53502524925548,24.937,24.937,2025-06-21 07:17:09
158.1,1.3,204.6,156.3,0.8,134.1,324.3,59.98,213.4,1.5,0.1,880.5,29.5,0.0,0.0,0,116.53502524925548,24.812,24.437,2025-06-21 07:17:56
157.6,1.3,204.8,154.3,0.8,134.0,324.4,59.98,213.3,1.5,0.1,880.5,29.6,0.0,0.0,0,116.53502524925548,24.75,24.812,2025-06-21 07:18:11
160.3,1.2,203.5,151.7,0.8,130.5,319.5,59.98,213.3,1.5,0.1,880.5,29.6,0.0,0.0,0,116.53502524925548,24.812,24.375,2025-06-21 07:18:58
161.3,1.2,199.0,154.1,0.8,129.3,315.4,59.98,213.3,1.4,0.1,880.5,29.6,0.0,0.0,0,116.53502524925548,24.75,24.75,2025-06-21 07:19:13
157.4,1.2,191.4,154.2,0.8,125.3,303.6,59.97,213.3,1.4,0.1,880.5,29.7,0.0,0.0,0,116.53502524925548,24.812,24.375,2025-06-21 07:20:01
160.6,1.2,188.9,151.3,0.8,123.0,298.9,59.98,213.2,1.4,0.1,880.5,29.7,0.0,0.0,0,116.53502524925548,24.812,24.812,2025-06-21 07:20:16
160.8,1.1,178.8,157.2,0.7,118.0,285.8,60.02,212.8,1.3,0.1,880.5,29.8,0.0,0.0,0,77.69001683283699,24.812,24.375,2025-06-21 07:21:03
163.5,1,174.0,154.2,0.7,117.5,281.9,59.95,213.2,1.2,0.1,880.5,29.8,0.0,0.0,0,77.69001683283699,24.812,24.812,2025-06-21 07:21:18
163.2,1,166.6,156.9,0.7,111.8,269.5,59.97,213.3,1.3,0.1,880.5,29.8,0.0,0.0,0,77.69001683283699,24.812,24.312,2025-06-21 07:22:06
157.7,1,164.7,154.2,0.7,111.5,267.7,60,213.4,1.1,0.1,880.5,29.8,0.0,0.0,0,77.69001683283699,24.812,24.875,2025-06-21 07:22:21
157.8,1,158.3,153.8,0.7,107.1,255.6,59.98,213.4,1.1,0.1,880.5,29.9,0.1,0.0,0,77.69001683283699,24.875,24.375,2025-06-21 07:23:08
160.6,0.9,156.4,151.2,0.7,105.7,254.6,59.98,213.4,1.1,0.1,880.5,29.9,0.1,0.0,0,77.69001683283699,24.875,24.875,2025-06-21 07:23:23
160.5,0.9,151.1,151,0.6,101.1,245.8,59.98,213.4,1.1,0.1,880.5,29.9,0.1,0.0,0,77.69001683283699,24.875,24.375,2025-06-21 07:24:10
160.6,0.9,147.8,150.3,0.6,99.6,241.6,59.98,213.3,1.1,0.1,880.5,29.9,0.1,0.0,0,77.69001683283699,24.75,24.75,2025-06-21 07:24:26
160.7,0.9,142.4,151.2,0.6,95.5,232.8,59.97,212.9,1,0.1,880.5,29.9,0.1,0.0,0,77.69001683283699,24.75,24.187,2025-06-21 07:25:13
157.5,0.9,140.3,154,0.6,94.0,229.9,60.01,213,1,0.1,880.5,29.9,0.1,0.0,0,77.69001683283699,24.625,24.625,2025-06-21 07:25:28
157.5,0.8,135.3,151.3,0.6,91.6,222.6,59.98,213.2,1,0.1,880.5,29.9,0.1,0.0,0,77.69001683283699,24.625,24.187,2025-06-21 07:26:15
160.1,0.8,134.2,153.9,0.6,90.9,220.6,59.97,213.3,1,0.1,880.5,29.9,0.1,0.0,0,77.69001683283699,24.687,24.687,2025-06-21 07:26:31
154.7,0.8,128.9,151.3,0.5,89.7,214.0,59.99,213.2,0.9,0.1,880.5,29.9,0.1,0.0,0,38.845008416418494,24.687,24.187,2025-06-21 07:27:18
157.5,0.8,129.1,151.4,0.5,89.0,213.0,59.99,213.2,0.9,0.1,880.5,29.9,0.1,0.0,0,38.845008416418494,24.625,24.687,2025-06-21 07:27:33
159.9,0.7,124.4,154.2,0.5,89.3,209.7,59.99,212.9,0.9,0.1,880.5,29.9,0.1,0.0,0,38.845008416418494,24.687,24.187,2025-06-21 07:28:20
160.6,0.7,123.1,151.5,0.5,89.7,208.4,59.97,212.9,1,0.1,880.5,30,0.1,0.0,0,38.845008416418494,24.75,24.75,2025-06-21 07:28:36
154.6,0.7,121.6,151.2,0.6,90.8,208.0,59.98,213,0.9,0.1,880.5,30,0.1,0.0,0,38.845008416418494,24.75,24.25,2025-06-21 07:29:23
157.3,0.7,122.7,154.1,0.5,91.2,209.8,60.03,213.2,1,0.1,880.5,30,0.1,0.0,0,77.69001683283699,24.75,24.75,2025-06-21 07:29:38
160.5,0.8,126.4,151.9,0.6,95.1,217.1,60.02,213.2,1,0.1,880.5,30,0.1,0.0,0,38.845008416418494,24.75,24.187,2025-06-21 07:30:25
158,0.8,127.8,157.2,0.5,93.8,217.2,60.03,213.1,1,0.1,880.5,30,0.1,0.0,0,77.69001683283699,24.75,24.812,2025-06-21 07:30:41
160,0.8,136.4,153.6,0.6,101.3,232.9,59.97,213.2,1.1,0.1,880.5,30.1,0.1,0.0,0,77.69001683283699,24.812,24.187,2025-06-21 07:31:28
157.7,0.8,138.2,156.5,0.6,98.5,233.4,60,213.1,1,0.1,880.5,30.1,0.1,0.0,0,77.69001683283699,24.75,24.812,2025-06-21 07:31:43
157.6,0.9,149.9,154.1,0.7,108.2,251.7,59.99,212.5,1.2,0.1,880.5,30.1,0.1,0.0,0,77.69001683283699,24.687,24.187,2025-06-21 07:32:30
160.5,0.9,156.4,154.3,0.6,111.1,259.1,60,212.6,1.1,0.2,880.6,30.1,0.1,0.0,0,77.69001683283699,24.625,24.687,2025-06-21 07:32:46
160.5,1,165.3,154.1,0.7,116.0,271.5,60.04,212.3,1.3,0.2,880.6,30.2,0.1,0.0,0,77.69001683283699,24.687,24.187,2025-06-21 07:33:33
160.6,1,167.8,154.2,0.7,118.5,276.3,60.03,212.3,1.2,0.2,880.6,30.2,0.1,0.0,0,77.69001683283699,24.687,24.687,2025-06-21 07:33:48
160.6,1.1,186.0,151.2,0.8,129.3,303.5,60.01,213.1,1.4,0.2,880.6,30.2,0.1,0.0,0,116.53502524925548,24.812,24.25,2025-06-21 07:34:35
157.6,1.2,191.4,151.2,0.8,133.1,310.9,59.98,213,1.4,0.2,880.6,30.2,0.1,0.0,0,116.53502524925548,24.875,24.875,2025-06-21 07:34:50
163.9,1.3,210.1,157,0.9,142.1,336.3,60.04,213.2,1.5,0.2,880.6,30.3,0.1,0.0,0,116.53502524925548,24.937,24.437,2025-06-21 07:35:38
160.5,1.3,216.2,153.8,0.9,143.9,343.3,60.01,213.2,1.5,0.2,880.6,30.3,0.1,0.0,0,116.53502524925548,24.937,24.937,2025-06-21 07:35:53
163.8,1.3,213.4,154.2,0.9,142.9,341.3,59.99,213.1,1.5,0.2,880.6,30.4,0.1,0.0,0,116.53502524925548,25.062,24.437,2025-06-21 07:36:40
158.3,1.3,214.3,156.7,0.9,141.6,340.0,60.05,213,1.5,0.2,880.6,30.4,0.1,0.0,0,116.53502524925548,25.062,25.062,2025-06-21 07:36:55
159.5,1.3,205.1,153.2,0.9,137.4,327.9,60.02,213.2,1.5,0.2,880.6,30.4,0.1,0.0,0,116.53502524925548,25.125,24.437,2025-06-21 07:37:42
162.8,1.2,203.0,154.2,0.9,139.1,328.2,60.04,213.1,1.5,0.2,880.6,30.4,0.1,0.0,0,116.53502524925548,25.187,25.187,2025-06-21 07:37:58
158.6,1.2,198.0,154.1,0.9,140.4,324.9,59.99,212.9,1.4,0.2,880.6,30.5,0.1,0.0,0,116.53502524925548,25.125,24.437,2025-06-21 07:38:45
159.6,1.2,196.0,152,0.9,140.7,323.5,59.99,212.4,1.5,0.2,880.6,30.5,0.1,0.0,0,116.53502524925548,25.187,25.187,2025-06-21 07:39:00
158.7,1.3,202.2,155.3,0.9,145.7,333.5,59.98,212.6,1.6,0.2,880.6,30.5,0.1,0.0,0,116.53502524925548,25.125,24.375,2025-06-21 07:39:47
161.7,1.2,209.6,156.9,0.9,146.1,335.6,60.01,212.7,1.5,0.2,880.6,30.5,0.1,0.0,0,116.53502524925548,25.062,25.062,2025-06-21 07:40:03
161.5,1.3,223.6,151.2,1,152.5,354.1,59.97,212.6,1.6,0.2,880.6,30.6,0.1,0.1,0,116.53502524925548,25.062,24.375,2025-06-21 07:40:50
160.7,1.4,228.2,154.1,1,157.4,366.0,59.99,212.4,1.6,0.2,880.6,30.6,0.1,0.1,0,116.53502524925548,25.062,25.062,2025-06-21 07:41:05
160.5,1.5,240.6,154.3,1,163.5,382.5,60.03,212.6,1.8,0.2,880.6,30.6,0.1,0.1,0,116.53502524925548,25.125,24.5,2025-06-21 07:41:52
157.6,1.5,239.9,154.2,1,165.2,383.6,60.01,213.2,1.8,0.2,880.6,30.7,0.1,0.1,0,116.53502524925548,25.187,25.187,2025-06-21 07:42:08
160.6,1.5,248.9,151.3,1.1,168.0,393.8,60.04,213.1,1.8,0.2,880.6,30.7,0.1,0.1,0,155.38003366567398,25.187,24.5,2025-06-21 07:42:55
163.5,1.5,248.8,154.2,1.1,170.3,397.3,60.01,213.3,1.8,0.2,880.6,30.7,0.1,0.1,0,155.38003366567398,25.187,25.187,2025-06-21 07:43:10
163.6,1.5,248.9,154.1,1.1,170.5,397.6,60.04,213.1,1.8,0.2,880.6,30.8,0.1,0.1,0,155.38003366567398,25.312,24.625,2025-06-21 07:43:57
157.5,1.5,247.5,154.3,1.1,170.2,395.8,60.03,213,1.8,0.2,880.6,30.8,0.1,0.1,0,155.38003366567398,25.312,25.312,2025-06-21 07:44:13
160.6,1.5,248.8,155.7,1.1,170.9,396.9,60.04,213.1,1.8,0.2,880.6,30.9,0.1,0.1,0,155.38003366567398,25.375,24.562,2025-06-21 07:45:00
160.5,1.5,247.3,155.1,1.1,169.3,394.0,60,213.3,1.9,0.2,880.6,30.9,0.1,0.1,0,155.38003366567398,25.437,25.437,2025-06-21 07:45:15
159.1,1.4,236.5,152.6,1,163.7,379.4,60.04,213.3,1.6,0.2,880.6,30.9,0.1,0.1,0,116.53502524925548,25.5,24.562,2025-06-21 07:46:02
162.3,1.4,232.1,154.2,1,164.6,375.8,60.02,213.3,1.7,0.2,880.6,30.9,0.1,0.1,0,116.53502524925548,25.437,25.437,2025-06-21 07:46:18
158.7,1.4,217.0,151.2,1,155.4,353.9,60,213.3,1.6,0.2,880.6,31,0.1,0.1,0,116.53502524925548,25.375,24.312,2025-06-21 07:47:05
162.4,1.3,207.8,154.2,1,155.9,346.5,60.02,213.4,1.6,0.2,880.6,31,0.1,0.1,0,116.53502524925548,25.375,25.375,2025-06-21 07:47:20
159.6,1.3,217.5,152.1,1,152.5,351.9,60.02,213.2,1.6,0.2,880.6,31,0.1,0.1,0,116.53502524925548,25.25,24.125,2025-06-21 07:48:07
161.6,1.2,219.0,154.1,1,155.5,356.7,59.99,213.2,1.6,0.2,880.6,31,0.1,0.1,0,116.53502524925548,25.25,25.25,2025-06-21 07:48:23
161.1,1.4,230.5,154.1,1,160.4,367.2,59.98,213.1,1.7,0.2,880.6,30.9,0.1,0.1,0,116.53502524925548,25.062,24.0,2025-06-21 07:49:10
160.6,1.5,234.9,151.4,1,160.7,375.3,59.98,213.2,1.7,0.2,880.6,30.9,0.1,0.1,0,116.53502524925548,25.125,25.125,2025-06-21 07:49:25
160.2,1.5,248.5,157.2,1,169.5,397.0,60.04,213.1,1.8,0.3,880.7,30.9,0.1,0.1,0,155.38003366567398,25.062,24.062,2025-06-21 07:50:12
160.5,1.6,254.2,154.2,1.1,172.1,404.0,60,213.4,1.9,0.3,880.7,30.9,0.1,0.1,0,155.38003366567398,25.062,25.062,2025-06-21 07:50:28
160.3,1.6,259.9,154.1,1.1,174.3,410.9,60.01,213.6,1.9,0.3,880.7,31,0.1,0.1,0,155.38003366567398,25.125,24.25,2025-06-21 07:51:15
160.5,1.6,261.3,157.2,1.1,175.2,413.2,60.03,213.6,1.8,0.3,880.7,31.1,0.1,0.1,0,155.38003366567398,25.187,25.25,2025-06-21 07:51:30
163.5,1.6,254.1,151.2,1.1,173.1,403.2,59.96,213.4,1.8,0.3,880.7,31.1,0.1,0.1,0,155.38003366567398,25.312,24.5,2025-06-21 07:52:17
157.4,1.6,251.8,154.3,1.1,174.4,404.0,59.95,213.4,1.9,0.3,880.7,31.1,0.1,0.1,0,155.38003366567398,25.25,25.312,2025-06-21 07:52:32
160.7,1.5,248.9,154.2,1.1,174.6,403.8,59.97,213.4,1.8,0.3,880.7,31.2,0.1,0.1,0,155.38003366567398,25.375,24.562,2025-06-21 07:53:19
160.9,1.5,252.4,151.2,1.1,172.2,401.7,59.98,213.6,1.9,0.3,880.7,31.2,0.1,0.1,0,155.38003366567398,25.375,25.437,2025-06-21 07:53:35
160.4,1.6,255.7,156.4,1.1,176.5,409.3,59.95,213.7,1.9,0.3,880.7,31.3,0.2,0.1,0,155.38003366567398,25.375,24.375,2025-06-21 07:54:22
160.4,1.6,257.2,154.1,1.1,179.8,413.9,59.96,213.7,1.9,0.3,880.7,31.3,0.2,0.1,0,155.38003366567398,25.375,25.375,2025-06-21 07:54:37
160.1,1.7,266.3,154.6,1.1,186.1,427.8,60.01,213.6,1.9,0.3,880.7,31.3,0.2,0.1,0,155.38003366567398,25.375,24.562,2025-06-21 07:55:24
161.2,1.6,269.7,157.2,1.2,188.0,434.4,59.97,213.7,2,0.3,880.7,31.3,0.2,0.1,0,155.38003366567398,25.5,25.5,2025-06-21 07:55:40
158,1.8,281.5,159.8,1.2,191.2,447.0,60,212.9,2.1,0.3,880.7,31.4,0.2,0.1,0,155.38003366567398,25.562,24.625,2025-06-21 07:56:27
160.8,1.8,291.3,151.7,1.3,199.7,462.5,60.03,212.9,2.1,0.3,880.7,31.4,0.2,0.1,0,155.38003366567398,25.625,25.625,2025-06-21 07:56:42
163.5,1.9,308.4,160.4,1.4,212.3,491.9,60.02,213.9,2.3,0.3,880.7,31.5,0.2,0.1,0,194.22504208209244,25.687,24.687,2025-06-21 07:57:29
166.5,1.9,295.5,153.8,1.4,220.5,494.8,59.99,213.8,2.3,0.3,880.7,31.5,0.2,0.1,0,155.38003366567398,25.75,25.75,2025-06-21 07:57:45
164,2,321.8,154.2,1.5,232.5,520.2,60.02,213.7,2.4,0.3,880.7,31.6,0.2,0.1,0,194.22504208209244,25.625,24.625,2025-06-21 07:58:32
160.4,2.1,336.6,157.2,1.5,237.4,539.9,60,213.6,2.5,0.3,880.7,31.6,0.2,0.1,0,194.22504208209244,25.625,25.625,2025-06-21 07:58:47
164,2.2,343.6,154.2,1.6,247.7,554.8,60.02,212.8,2.6,0.3,880.7,31.7,0.2,0.1,0,194.22504208209244,25.687,24.75,2025-06-21 07:59:34
160.3,2.2,355.6,160,1.5,248.5,569.0,59.98,213,2.7,0.3,880.7,31.7,0.2,0.1,0,194.22504208209244,25.75,25.75,2025-06-21 07:59:50
163.7,2.3,365.5,154.5,1.7,271.6,601.2,59.99,213.6,2.9,0.3,880.7,31.8,0.2,0.1,0,233.07005049851097,25.875,24.562,2025-06-21 08:00:37
163.3,2.4,388.8,159.9,1.7,280.0,628.4,60.04,213.5,2.9,0.3,880.7,31.8,0.2,0.1,0,233.07005049851097,25.875,25.937,2025-06-21 08:00:52
163.4,2.7,441.2,157,2.1,326.3,720.8,60.02,213.7,3.4,0.3,880.7,31.9,0.2,0.1,0,233.07005049851097,26.0,24.812,2025-06-21 08:01:39
163.6,2.7,454.6,157.5,2.1,338.2,745.0,60.02,213.4,3.4,0.3,880.7,32,0.2,0.1,0,271.91505891492943,26.0,26.0,2025-06-21 08:01:55
160.5,2.9,470.3,156.9,2.2,345.3,764.7,60.01,213.5,3.6,0.4,880.8,32.1,0.2,0.1,0,271.91505891492943,26.187,25.125,2025-06-21 08:02:42
166,2.9,462.0,160,2.1,340.1,753.3,60.02,213.6,3.6,0.4,880.8,32.2,0.2,0.1,0,271.91505891492943,26.312,26.312,2025-06-21 08:02:57
163.4,2.8,463.5,157,2.1,325.8,739.1,59.99,213.9,3.4,0.4,880.8,32.3,0.2,0.1,0,271.91505891492943,26.25,25.312,2025-06-21 08:03:44
163.6,2.8,460.1,157.7,1.9,320.1,730.6,59.98,213.9,3.4,0.4,880.8,32.3,0.2,0.1,0,271.91505891492943,26.062,26.062,2025-06-21 08:04:00
163.6,2.5,445.4,154.1,1.9,296.6,696.7,59.98,213.9,3.2,0.4,880.8,32.4,0.2,0.1,0,271.91505891492943,26.062,25.312,2025-06-21 08:04:47
163.1,2.7,437.0,159.8,1.8,284.9,678.7,59.96,213.8,3.1,0.4,880.8,32.4,0.2,0.1,0,271.91505891492943,25.812,25.875,2025-06-21 08:05:02
166.5,2.5,388.7,154.2,1.7,270.9,620.7,60.03,213.8,2.9,0.4,880.8,32.4,0.2,0.1,0,233.07005049851097,25.875,25.312,2025-06-21 08:05:49
160.6,2.4,393.5,157.2,1.6,270.1,620.7,60.05,213.8,2.9,0.4,880.8,32.4,0.2,0.1,0,233.07005049851097,26.0,26.0,2025-06-21 08:06:04
163.5,2.3,383.0,151.5,1.7,266.5,611.2,60.03,213.9,2.8,0.4,880.8,32.5,0.2,0.1,0,233.07005049851097,26.0,25.25,2025-06-21 08:06:52
163.5,2.3,384.1,157.2,1.7,269.7,614.6,60.01,213.9,2.8,0.4,880.8,32.5,0.2,0.1,0,233.07005049851097,26.187,26.25,2025-06-21 08:07:07
161.1,2.4,392.0,156.8,1.7,276.2,627.9,60.01,213.8,2.9,0.4,880.8,32.6,0.2,0.1,0,233.07005049851097,26.375,25.437,2025-06-21 08:07:54
165.9,2.2,392.9,154.2,1.8,279.0,632.4,59.97,213.8,2.9,0.4,880.8,32.6,0.2,0.1,0,233.07005049851097,26.437,26.437,2025-06-21 08:08:09
162.6,2.6,414.9,157.1,1.8,291.5,663.6,59.98,213.8,3.1,0.4,880.8,32.6,0.2,0.2,0,271.91505891492943,26.437,25.437,2025-06-21 08:08:57
164.3,2.6,412.8,154.2,1.9,293.6,660.4,60,213.8,3.2,0.4,880.8,32.7,0.2,0.2,0,233.07005049851097,26.437,26.437,2025-06-21 08:09:12
163.5,2.8,453.8,157.1,1.9,306.0,712.0,59.99,213.6,3.3,0.4,880.8,32.8,0.3,0.2,0,271.91505891492943,26.562,25.375,2025-06-21 08:09:59
163.4,2.8,454.6,157,1.9,302.2,710.6,59.98,213.6,3.2,0.4,880.8,32.8,0.3,0.2,0,271.91505891492943,26.5,26.5,2025-06-21 08:10:14
164.8,2.5,418.1,160.6,1.7,277.3,651.2,60.01,213.6,3.1,0.5,880.9,32.9,0.3,0.2,0,233.07005049851097,26.5,25.25,2025-06-21 08:11:01
161.2,2.6,424.9,154.3,1.7,273.9,652.5,60.04,213.6,3.1,0.5,880.9,32.9,0.3,0.2,0,233.07005049851097,26.562,26.562,2025-06-21 08:11:17
160.6,2.4,385.7,160.1,1.6,250.5,597.0,59.98,213,2.8,0.5,880.9,32.9,0.3,0.2,0,233.07005049851097,26.625,25.312,2025-06-21 08:12:04
163.4,2.3,376.3,156.9,1.6,254.5,594.1,60.04,213.1,2.7,0.5,880.9,33,0.3,0.2,0,233.07005049851097,26.562,26.562,2025-06-21 08:12:19
160.5,2.2,358.4,157.1,1.5,236.6,559.8,59.97,213.2,2.6,0.5,880.9,32.9,0.3,0.2,0,194.22504208209244,26.5,25.312,2025-06-21 08:13:06
163.4,2.2,346.7,154.2,1.5,230.6,542.8,59.99,213.2,2.5,0.5,880.9,32.9,0.3,0.2,0,194.22504208209244,26.437,26.437,2025-06-21 08:13:22
160.6,1.9,316.7,151.1,1.3,209.2,494.4,60,213.8,2.3,0.5,880.9,32.9,0.3,0.2,0,194.22504208209244,26.437,25.25,2025-06-21 08:14:09
160.6,1.8,304.0,157.6,1.3,202.6,477.6,59.99,213.6,2.2,0.5,880.9,32.9,0.3,0.2,0,155.38003366567398,26.25,26.25,2025-06-21 08:14:24
157.4,1.6,272.8,151.8,1.2,189.9,437.6,59.98,213.5,2,0.5,880.9,32.9,0.3,0.2,0,155.38003366567398,26.25,25.187,2025-06-21 08:15:11
163.6,1.6,262.5,153.8,1.2,183.1,421.7,59.98,213.6,2,0.5,880.9,32.8,0.3,0.2,0,155.38003366567398,26.25,26.25,2025-06-21 08:15:27
160.6,1.5,249.7,153.3,1,164.2,391.5,59.99,213.6,1.8,0.5,880.9,32.8,0.3,0.2,0,155.38003366567398,26.125,25.125,2025-06-21 08:16:14
160.5,1.5,242.8,151.9,1,158.8,380.8,60.01,213.5,1.7,0.5,880.9,32.8,0.3,0.2,0,116.53502524925548,26.125,26.125,2025-06-21 08:16:29
161.7,1.2,221.7,152.6,0.9,147.2,351.6,59.98,212.9,1.6,0.5,880.9,32.8,0.3,0.2,0,116.53502524925548,26.062,24.937,2025-06-21 08:17:16
158.4,1.3,214.0,153.3,0.9,144.7,343.3,60.01,212.9,1.5,0.5,880.9,32.8,0.3,0.2,0,116.53502524925548,26.062,26.062,2025-06-21 08:17:32
159.2,1.2,195.4,152.9,0.9,135.7,317.6,59.96,213.2,1.4,0.5,880.9,32.8,0.3,0.2,0,116.53502524925548,25.937,24.625,2025-06-21 08:18:19
162.1,1.1,195.9,149,0.9,135.9,318.2,59.98,213.1,1.3,0.5,880.9,32.8,0.3,0.2,0,116.53502524925548,25.937,25.937,2025-06-21 08:18:34
162.7,1.2,193.7,151.2,0.8,134.2,321.2,60.02,213.3,1.4,0.5,880.9,32.7,0.3,0.2,0,116.53502524925548,25.75,24.625,2025-06-21 08:19:21
159.1,1.3,203.9,149.3,0.8,131.8,320.2,60.04,213.3,1.4,0.5,880.9,32.7,0.3,0.2,0,116.53502524925548,25.75,25.75,2025-06-21 08:19:36
163.7,1.1,194.5,154.5,0.8,134.9,316.6,60.02,213.1,1.4,0.5,880.9,32.7,0.3,0.2,0,116.53502524925548,25.687,24.562,2025-06-21 08:20:24
157.8,1.2,196.3,154.2,0.9,134.3,318.7,60.02,213,1.4,0.5,880.9,32.7,0.3,0.2,0,116.53502524925548,25.687,25.687,2025-06-21 08:20:39
163.6,1.1,182.2,151.3,0.8,128.6,300.3,60.03,213,1.4,0.5,880.9,32.7,0.3,0.2,0,116.53502524925548,25.687,24.5,2025-06-21 08:21:26
157.6,1.1,182.9,151.1,0.8,126.3,297.1,60.02,212.9,1.3,0.5,880.9,32.7,0.3,0.2,0,116.53502524925548,25.625,25.625,2025-06-21 08:21:41
157.6,0.9,160.3,151.1,0.7,113.3,265.6,60.02,213.1,1.1,0.5,880.9,32.7,0.3,0.2,0,77.69001683283699,25.562,24.5,2025-06-21 08:22:29
160.7,0.9,150.1,154.2,0.6,105.8,251.5,60.01,213.1,1.1,0.5,880.9,32.7,0.3,0.2,0,77.69001683283699,25.5,25.562,2025-06-21 08:22:44
160.6,0.8,134.8,151.2,0.6,95.7,226.1,60.05,212.9,1.1,0.5,880.9,32.6,0.3,0.2,0,77.69001683283699,25.562,24.375,2025-06-21 08:23:31
157.7,0.8,136.3,148.4,0.6,93.6,225.5,60.01,212.7,1.1,0.5,880.9,32.6,0.3,0.2,0,77.69001683283699,25.437,25.437,2025-06-21 08:23:46
157.5,0.8,137.5,154,0.5,93.3,226.3,60,213.3,1.1,0.5,880.9,32.6,0.3,0.2,0,77.69001683283699,25.375,24.437,2025-06-21 08:24:33
159.4,0.8,137.1,152.5,0.6,93.2,225.9,60.03,213.3,1,0.5,880.9,32.6,0.3,0.2,0,77.69001683283699,25.375,25.375,2025-06-21 08:24:49
156.2,0.8,135.9,149.9,0.6,91.4,223.0,60.03,213.2,1,0.5,880.9,32.6,0.3,0.2,0,77.69001683283699,25.312,24.375,2025-06-21 08:25:36
154.6,0.8,133.4,148.4,0.6,89.9,219.2,60.01,213.3,1,0.5,880.9,32.6,0.3,0.2,0,77.69001683283699,25.312,25.312,2025-06-21 08:25:51
160.6,0.8,131.8,152.1,0.5,89.2,217.0,59.98,213.2,1,0.5,880.9,32.6,0.3,0.2,0,77.69001683283699,25.25,24.312,2025-06-21 08:26:38
158.7,0.8,131.4,154.3,0.5,86.3,213.6,60,213.2,1,0.5,880.9,32.6,0.3,0.2,0,77.69001683283699,25.187,25.187,2025-06-21 08:26:54
155.4,0.8,130.4,148.4,0.5,87.7,215.9,60.02,213.2,1,0.5,880.9,32.4,0.3,0.2,0,77.69001683283699,24.937,23.875,2025-06-21 08:27:41
157.7,0.8,132.8,149.6,0.5,88.3,217.0,60.01,213.3,1,0.6,881.0,32.4,0.3,0.2,0,77.69001683283699,24.937,24.937,2025-06-21 08:27:56
160.6,0.8,133.2,150.8,0.6,90.3,219.3,60.01,213.1,0.9,0.6,881.0,32.4,0.3,0.2,0,77.69001683283699,24.937,23.937,2025-06-21 08:28:43
163.5,0.7,125.9,151.2,0.6,91.7,213.8,60.02,213.2,1,0.6,881.0,32.4,0.3,0.2,0,77.69001683283699,25.0,25.0,2025-06-21 08:28:59
157.6,0.9,140.6,151.2,0.6,96.6,232.7,60.03,213.1,1.1,0.6,881.0,32.5,0.3,0.2,0,77.69001683283699,24.937,24.0,2025-06-21 08:29:46
160.5,0.8,143.8,154.3,0.6,97.3,236.5,59.98,213.2,1,0.6,881.0,32.4,0.3,0.2,0,77.69001683283699,25.0,25.0,2025-06-21 08:30:01
160.6,0.9,149.8,148.5,0.7,103.0,247.8,60,213,1.1,0.6,881.0,32.4,0.3,0.2,0,77.69001683283699,25.0,24.0,2025-06-21 08:30:48
160.4,0.9,147.4,148.3,0.7,104.3,246.0,59.99,213.2,1.1,0.6,881.0,32.4,0.3,0.2,0,77.69001683283699,24.937,24.937,2025-06-21 08:31:04
160.4,1,152.2,151.2,0.7,107.7,260.3,60.02,213,1.2,0.6,881.0,32.4,0.3,0.2,0,77.69001683283699,24.75,24.062,2025-06-21 08:31:51
157.6,1,159.8,151.3,0.7,109.5,260.5,60.03,213,1.2,0.6,881.0,32.4,0.3,0.2,0,77.69001683283699,24.75,24.75,2025-06-21 08:32:06
157.4,1,164.8,152.4,0.7,112.7,267.9,60,213,1.2,0.6,881.0,32.4,0.3,0.2,0,77.69001683283699,24.75,24.125,2025-06-21 08:32:53
160.7,1,168.7,154.1,0.7,113.4,273.5,59.99,213,1.2,0.6,881.0,32.4,0.3,0.2,0,77.69001683283699,24.812,24.812,2025-06-21 08:33:09
160.5,1,170.7,148.4,0.7,112.5,273.4,59.96,213,1.3,0.6,881.0,32.4,0.3,0.2,0,77.69001683283699,24.875,24.187,2025-06-21 08:33:56
162.3,1,163.2,149.9,0.7,112.1,265.9,59.97,213,1.2,0.6,881.0,32.4,0.3,0.2,0,77.69001683283699,24.875,24.937,2025-06-21 08:34:11
162.9,1,153.8,153.3,0.7,110.0,257.8,59.99,213,1.2,0.6,881.0,32.4,0.3,0.2,0,77.69001683283699,25.0,24.25,2025-06-21 08:34:58
159.1,1,161.0,151.1,0.7,108.8,262.1,60,213,1.1,0.6,881.0,32.4,0.3,0.2,0,77.69001683283699,25.0,25.0,2025-06-21 08:35:14
160.1,0.9,151.2,151.2,0.6,103.4,249.0,60.01,212.3,1.1,0.6,881.0,32.4,0.3,0.2,0,77.69001683283699,25.0,24.25,2025-06-21 08:36:01
158.5,0.9,147.0,149.9,0.6,101.8,242.6,59.97,212.2,1.1,0.6,881.0,32.3,0.3,0.2,0,77.69001683283699,25.0,25.0,2025-06-21 08:36:16
157.6,0.9,144.8,154.4,0.6,98.4,237.9,60.03,212.3,1.1,0.6,881.0,32.3,0.3,0.2,0,77.69001683283699,25.0,24.25,2025-06-21 08:37:03
160.8,0.8,140.4,154.2,0.6,98.7,234.8,60.02,212.4,1,0.6,881.0,32.3,0.3,0.2,0,77.69001683283699,25.125,25.125,2025-06-21 08:37:18
163.5,0.8,146.6,148.2,0.6,100.5,242.9,59.98,213,1.1,0.6,881.0,32.3,0.3,0.2,0,77.69001683283699,25.125,24.312,2025-06-21 08:38:06
160.6,0.9,153.0,151.3,0.7,103.1,250.7,59.98,213.2,1.1,0.6,881.0,32.3,0.3,0.2,0,77.69001683283699,25.187,25.187,2025-06-21 08:38:21
160.6,1,157.8,154.1,0.7,107.2,259.4,60.02,212.9,1.2,0.6,881.0,32.3,0.3,0.2,0,77.69001683283699,25.187,24.375,2025-06-21 08:39:08
157.6,1,157.0,148.3,0.7,106.4,256.6,60.03,213,1.2,0.6,881.0,32.3,0.4,0.2,0,77.69001683283699,25.187,25.187,2025-06-21 08:39:23
157.7,1,159.7,153.8,0.7,109.6,261.8,60.01,213,1.2,0.6,881.0,32.3,0.4,0.2,0,77.69001683283699,25.062,24.25,2025-06-21 08:40:10
160.6,0.9,163.7,151.2,0.7,110.1,266.8,60.01,213.1,1.2,0.6,881.0,32.3,0.4,0.2,0,77.69001683283699,25.0,25.0,2025-06-21 08:40:26
160.6,1,174.4,154.1,0.7,114.8,279.3,60.03,212.8,1.3,0.6,881.0,32.3,0.4,0.2,0,77.69001683283699,25.0,24.0,2025-06-21 08:41:13
160.5,1.1,179.5,148.2,0.7,115.0,284.3,60.02,212.8,1.3,0.6,881.0,32.3,0.4,0.2,0,77.69001683283699,25.0,25.0,2025-06-21 08:41:28
163.4,1.2,196.2,151.8,0.8,128.4,313.1,59.99,213,1.5,0.6,881.0,32.3,0.4,0.2,0,116.53502524925548,25.0,24.062,2025-06-21 08:42:15
163.1,1.3,205.7,154.1,0.8,134.9,328.7,59.99,212.9,1.5,0.6,881.0,32.3,0.4,0.2,0,116.53502524925548,25.0,25.0,2025-06-21 08:42:31
166.5,1.5,224.7,152.3,1,156.3,363.6,59.97,213.2,1.7,0.6,881.0,32.4,0.4,0.2,0,116.53502524925548,25.125,24.187,2025-06-21 08:43:18
154.8,1.6,248.4,155.5,1,164.9,392.9,60.01,213.2,1.8,0.6,881.0,32.4,0.4,0.2,0,116.53502524925548,25.187,25.187,2025-06-21 08:43:33
158.9,1.8,282.6,154,1.2,187.4,445.4,59.98,213.3,2,0.6,881.0,32.5,0.4,0.2,0,155.38003366567398,25.187,24.312,2025-06-21 08:44:20
157.7,1.8,292.7,157,1.2,194.5,460.9,59.98,213.3,2.1,0.6,881.0,32.5,0.4,0.2,0,155.38003366567398,25.25,25.312,2025-06-21 08:44:36
157.7,2,315.5,152.9,1.3,207.7,494.4,59.96,213.3,2.3,0.6,881.0,32.6,0.4,0.2,0,194.22504208209244,25.437,24.437,2025-06-21 08:45:23
159.1,2,319.3,155.6,1.3,211.3,501.1,59.97,213.1,2.3,0.6,881.0,32.6,0.4,0.2,0,194.22504208209244,25.437,25.5,2025-06-21 08:45:38
156.1,2,320.0,158.2,1.3,216.1,505.6,60.05,213.3,2.3,0.6,881.0,32.7,0.4,0.2,0,194.22504208209244,25.625,24.625,2025-06-21 08:46:25
163.8,2,316.4,155.5,1.4,215.1,504.0,60.03,213.3,2.4,0.6,881.0,32.7,0.4,0.2,0,194.22504208209244,25.687,25.687,2025-06-21 08:46:41
163.4,1.9,314.6,155.2,1.3,206.5,493.0,59.97,213.1,2.3,0.7,881.1,32.7,0.4,0.2,0,194.22504208209244,25.625,24.562,2025-06-21 08:47:28
163.5,1.9,310.1,155.9,1.3,202.9,485.8,60,213,2.3,0.7,881.1,32.7,0.4,0.2,0,194.22504208209244,25.625,25.625,2025-06-21 08:47:43
164.8,1.6,288.8,155.6,1.2,192.1,457.9,60,213.4,2,0.7,881.1,32.7,0.4,0.3,0,155.38003366567398,25.562,24.312,2025-06-21 08:48:30
160.4,1.7,281.7,156.2,1.2,184.9,444.2,59.99,213.2,2.1,0.7,881.1,32.7,0.4,0.3,0,155.38003366567398,25.562,25.562,2025-06-21 08:48:45
165.1,1.5,264.0,155.7,1.1,180.6,406.9,59.99,213.4,1.9,0.7,881.1,32.7,0.4,0.3,0,155.38003366567398,25.312,24.187,2025-06-21 08:49:33
163.5,1.6,262.8,153.5,1.1,177.3,418.0,60.03,213.5,1.9,0.7,881.1,32.6,0.4,0.3,0,155.38003366567398,25.25,25.312,2025-06-21 08:49:48
163.5,1.7,273.9,152.6,1.1,180.6,431.7,60.03,213.1,2,0.7,881.1,32.6,0.4,0.3,0,155.38003366567398,25.125,23.937,2025-06-21 08:50:35
160.7,1.7,278.3,155.6,1.2,186.1,440.2,59.99,213.1,2,0.7,881.1,32.6,0.4,0.3,0,155.38003366567398,25.062,25.062,2025-06-21 08:50:50
166.7,1.7,289.9,155.7,1.2,196.7,463.0,59.99,213.4,2.1,0.7,881.1,32.6,0.4,0.3,0,155.38003366567398,25.062,23.875,2025-06-21 08:51:38
160.8,1.9,304.1,158.5,1.2,194.5,472.1,60.03,213.4,2.2,0.7,881.1,32.6,0.4,0.3,0,194.22504208209244,24.875,24.875,2025-06-21 08:51:53
163.4,1.9,310.3,152.7,1.3,199.9,482.2,60.02,213.3,2.2,0.7,881.1,32.7,0.4,0.3,0,194.22504208209244,25.125,24.0,2025-06-21 08:52:40
163.5,1.9,310.7,158.7,1.3,196.8,480.5,60.02,213.3,2.2,0.7,881.1,32.7,0.4,0.3,0,155.38003366567398,25.187,25.187,2025-06-21 08:52:55
163.6,1.8,296.2,155.7,1.2,196.3,465.7,59.97,213.1,2.1,0.7,881.1,32.7,0.4,0.3,0,155.38003366567398,25.312,24.0,2025-06-21 08:53:43
163.5,1.6,289.9,155.8,1.2,192.5,455.2,60,213.1,2,0.7,881.1,32.7,0.4,0.3,0,155.38003366567398,25.312,25.312,2025-06-21 08:53:58
163.5,1.6,271.2,154.8,1.2,182.7,429.8,60.03,213.1,2,0.7,881.1,32.7,0.4,0.3,0,155.38003366567398,25.375,24.062,2025-06-21 08:54:45
160.6,1.6,264.4,158.2,1.1,180.4,422.9,60.03,213.2,2,0.7,881.1,32.7,0.4,0.3,0,155.38003366567398,25.375,25.375,2025-06-21 08:55:00
158.5,1.6,255.4,157.4,1,172.2,406.7,60.02,213.3,1.8,0.7,881.1,32.7,0.4,0.3,0,155.38003366567398,25.187,24.187,2025-06-21 08:55:47
160.2,1.6,252.2,155.7,1.1,170.7,401.6,60.02,213.3,1.9,0.7,881.1,32.7,0.4,0.3,0,155.38003366567398,25.187,25.25,2025-06-21 08:56:03
157.6,1.5,244.9,155.6,1,163.5,387.5,59.97,213.3,1.7,0.7,881.1,32.6,0.4,0.3,0,116.53502524925548,25.25,24.125,2025-06-21 08:56:50
160.5,1.5,244.1,152.6,1,158.7,383.0,59.97,213.3,1.7,0.7,881.1,32.6,0.4,0.3,0,116.53502524925548,25.25,25.25,2025-06-21 08:57:05
160.6,1.4,230.6,152.7,0.9,150.4,362.4,59.94,213.1,1.7,0.7,881.1,32.5,0.4,0.3,0,116.53502524925548,25.25,24.062,2025-06-21 08:57:52
160.6,1.4,226.0,155.6,0.9,148.3,357.3,59.96,213.3,1.6,0.7,881.1,32.4,0.4,0.3,0,116.53502524925548,25.25,25.25,2025-06-21 08:58:08
159.2,1.3,204.8,155.5,0.8,136.9,329.1,59.99,213.1,1.5,0.7,881.1,32.6,0.4,0.3,0,116.53502524925548,25.187,24.125,2025-06-21 08:58:55
160.5,1.2,200.9,152.7,0.8,133.0,321.6,59.97,213.2,1.4,0.7,881.1,32.6,0.4,0.3,0,116.53502524925548,25.187,25.187,2025-06-21 08:59:10
160.5,1.2,190.5,152.8,0.8,123.1,301.6,59.98,213.2,1.4,0.7,881.1,32.7,0.4,0.3,0,77.69001683283699,25.25,24.187,2025-06-21 08:59:57
160.5,1.1,188.0,152.6,0.7,121.4,297.9,59.97,213.2,1.4,0.7,881.1,32.7,0.4,0.3,0,77.69001683283699,25.25,25.25,2025-06-21 09:00:13
160.5,1.1,189.1,152.7,0.7,119.3,297.5,59.97,212.9,1.4,0.7,881.1,32.6,0.4,0.3,0,116.53502524925548,25.187,24.062,2025-06-21 09:01:00
160.5,1.2,189.5,152.8,0.7,119.8,298.1,59.97,212.9,1.4,0.7,881.1,32.6,0.4,0.3,0,77.69001683283699,25.187,25.187,2025-06-21 09:01:15
160.5,1.2,201.5,155.6,0.8,127.2,316.0,59.94,212.9,1.4,0.7,881.1,32.7,0.4,0.3,0,116.53502524925548,25.187,24.0,2025-06-21 09:02:02
157.7,1.3,202.4,152.7,0.8,131.1,320.9,59.96,213.1,1.5,0.7,881.1,32.7,0.4,0.3,0,116.53502524925548,25.187,25.187,2025-06-21 09:02:18
160.3,1.3,219.8,155,0.9,141.6,345.8,59.97,213.2,1.5,0.8,881.2,32.7,0.4,0.3,0,116.53502524925548,25.125,24.062,2025-06-21 09:03:05
160.5,1.4,223.8,155.6,0.9,143.5,351.2,59.97,212.9,1.7,0.8,881.2,32.7,0.4,0.3,0,116.53502524925548,25.125,25.125,2025-06-21 09:03:20
160.5,1.4,235.3,152,1,153.9,369.1,59.98,213,1.7,0.8,881.2,32.6,0.5,0.3,0,116.53502524925548,25.187,24.062,2025-06-21 09:04:07
161.1,1.5,240.0,154.1,1,159.1,378.0,59.95,213,1.7,0.8,881.2,32.6,0.5,0.3,0,116.53502524925548,25.187,25.187,2025-06-21 09:04:22
163.6,1.5,246.8,153.6,1,162.3,388.6,59.93,213,1.7,0.8,881.2,32.7,0.5,0.3,0,116.53502524925548,25.187,24.187,2025-06-21 09:05:10
165.8,1.5,232.1,151.2,1,161.2,373.5,59.94,212.9,1.8,0.8,881.2,32.7,0.5,0.3,0,116.53502524925548,25.25,25.312,2025-06-21 09:05:25
163.5,1.5,246.3,153.9,1,161.4,387.1,59.96,213.1,1.7,0.8,881.2,32.8,0.5,0.3,0,116.53502524925548,25.25,24.187,2025-06-21 09:06:12
162.9,1.5,243.1,152.2,1,157.6,381.3,59.95,213,1.7,0.8,881.2,32.8,0.5,0.3,0,116.53502524925548,25.312,25.312,2025-06-21 09:06:27
163.4,1.4,226.3,154.3,1,154.3,363.8,59.97,212.9,1.7,0.8,881.2,32.8,0.5,0.3,0,116.53502524925548,25.187,24.187,2025-06-21 09:07:15
160.4,1.4,224.9,151.1,0.9,150.6,356.7,59.98,212.9,1.6,0.8,881.2,32.8,0.5,0.3,0,116.53502524925548,25.25,25.25,2025-06-21 09:07:30
160.4,1.3,208.3,157.2,0.8,140.3,334.5,60,212.9,1.5,0.8,881.2,32.9,0.5,0.3,0,116.53502524925548,25.312,24.187,2025-06-21 09:08:17
160.5,1.2,203.7,154.2,0.9,139.4,329.4,60.03,213,1.5,0.8,881.2,32.9,0.5,0.3,0,116.53502524925548,25.312,25.312,2025-06-21 09:08:32
157.9,1.2,194.7,154.2,0.8,131.4,313.6,59.98,213.2,1.4,0.8,881.2,32.9,0.5,0.3,0,116.53502524925548,25.312,24.187,2025-06-21 09:09:20
160.3,1.2,190.6,151.1,0.8,127.3,306.2,59.99,213.2,1.4,0.8,881.2,32.9,0.5,0.3,0,116.53502524925548,25.312,25.375,2025-06-21 09:09:35
161.5,1.1,177.6,151.1,0.8,120.6,288.1,60.01,213.4,1.3,0.8,881.2,32.9,0.5,0.3,0,116.53502524925548,25.312,24.187,2025-06-21 09:10:22
160.4,1.1,178.5,154.2,0.7,119.8,288.0,59.99,213.3,1.3,0.8,881.2,32.9,0.5,0.3,0,77.69001683283699,25.312,25.312,2025-06-21 09:10:37
162.5,1,172.3,154.3,0.7,116.9,272.4,60.03,213,1.2,0.8,881.2,32.9,0.5,0.3,0,77.69001683283699,25.312,24.125,2025-06-21 09:11:24
160.7,1,171.3,154.7,0.7,115.4,277.3,60.04,213.1,1.1,0.8,881.2,32.9,0.5,0.3,0,77.69001683283699,25.187,25.187,2025-06-21 09:11:40
160.6,1,168.9,154.1,0.7,113.7,274.5,60.04,213.3,1.2,0.8,881.2,32.8,0.5,0.3,0,77.69001683283699,25.0,23.937,2025-06-21 09:12:27
158,1,166.0,151.1,0.7,112.5,270.4,59.99,213.3,1.2,0.8,881.2,32.8,0.5,0.3,0,77.69001683283699,25.0,25.0,2025-06-21 09:12:42
157.7,1.1,171.9,154.2,0.7,115.5,278.0,60.04,213.3,1.3,0.8,881.2,32.8,0.5,0.3,0,77.69001683283699,25.062,24.0,2025-06-21 09:13:29
160.6,1,177.8,151.4,0.7,116.5,283.1,60.04,213.2,1.3,0.8,881.2,32.8,0.5,0.3,0,77.69001683283699,25.062,25.062,2025-06-21 09:13:45
160.6,1.1,188.9,154.1,0.8,123.7,301.0,60.04,213.6,1.4,0.8,881.2,32.8,0.5,0.3,0,77.69001683283699,25.062,23.937,2025-06-21 09:14:32
160.4,1.2,193.2,154.1,0.8,125.8,307.6,60.05,213.7,1.3,0.8,881.2,32.8,0.5,0.3,0,116.53502524925548,25.062,25.062,2025-06-21 09:14:47
160.5,1.2,201.7,157,0.8,129.6,318.9,59.99,213.6,1.4,0.8,881.2,32.8,0.5,0.3,0,116.53502524925548,25.062,23.937,2025-06-21 09:15:34
163.5,1.2,200.4,157.1,0.8,131.4,320.2,59.98,213.3,1.5,0.8,881.2,32.8,0.5,0.3,0,116.53502524925548,25.0,25.062,2025-06-21 09:15:50
157.6,1.2,200.0,153.9,0.8,132.5,319.8,60.01,213.4,1.5,0.8,881.2,32.8,0.5,0.3,0,116.53502524925548,25.0,23.812,2025-06-21 09:16:37
160.5,1.2,199.8,157,0.8,132.5,321.3,60.04,213.5,1.5,0.8,881.2,32.8,0.5,0.3,0,116.53502524925548,24.937,25.0,2025-06-21 09:16:52
158,1.2,192.0,151.6,0.8,132.4,312.3,60.01,213.3,1.4,0.8,881.2,32.8,0.5,0.3,0,116.53502524925548,25.0,23.687,2025-06-21 09:17:39
160.3,1.2,189.4,151.1,0.8,129.6,307.1,60.03,213.5,1.4,0.8,881.2,32.7,0.5,0.3,0,77.69001683283699,24.937,25.0,2025-06-21 09:17:55
157.6,1.2,190.5,155.1,0.8,128.4,307.3,59.99,213.3,1.4,0.8,881.2,32.8,0.5,0.3,0,116.53502524925548,24.937,23.812,2025-06-21 09:18:42
160.1,1.2,194.8,154.1,0.8,130.9,313.3,60,213.5,1.4,0.8,881.2,32.8,0.5,0.3,0,116.53502524925548,24.937,24.937,2025-06-21 09:18:57
162.8,1.2,209.2,156.3,0.8,134.5,329.9,60.03,213.6,1.4,0.8,881.2,32.8,0.5,0.3,0,116.53502524925548,25.0,24.0,2025-06-21 09:19:44
163.3,1.3,209.8,157.1,0.8,134.6,332.2,60.02,213.6,1.5,0.8,881.2,32.8,0.5,0.3,0,116.53502524925548,25.062,25.062,2025-06-21 09:20:00
157.7,1.3,209.5,151.2,0.9,138.4,333.0,60,213.5,1.5,0.8,881.2,32.9,0.5,0.3,0,116.53502524925548,25.187,24.187,2025-06-21 09:20:47
160.4,1.3,209.9,154,0.9,140.9,336.8,60,213.6,1.5,0.9,881.3,32.9,0.5,0.3,0,116.53502524925548,25.187,25.187,2025-06-21 09:21:02
160.5,1.2,200.7,154.1,0.9,140.6,327.9,60.04,213.6,1.5,0.9,881.3,32.9,0.5,0.3,0,116.53502524925548,25.187,24.125,2025-06-21 09:21:49
157.6,1.2,195.9,153.9,0.9,140.7,322.8,60.03,213.6,1.4,0.9,881.3,32.9,0.5,0.3,0,116.53502524925548,25.187,25.187,2025-06-21 09:22:04
160.4,1.2,195.1,154.2,0.8,137.3,319.5,60.02,213.6,1.4,0.9,881.3,32.9,0.5,0.3,0,77.69001683283699,25.187,24.125,2025-06-21 09:22:51
157.7,1.2,192.3,157.1,0.8,133.3,313.8,60.04,213.5,1.5,0.9,881.3,32.9,0.5,0.3,0,116.53502524925548,25.187,25.187,2025-06-21 09:23:07
160.5,1.2,196.7,151.2,0.8,131.8,315.8,60.04,213.4,1.4,0.9,881.3,32.9,0.5,0.3,0,116.53502524925548,25.187,24.187,2025-06-21 09:23:54
157.6,1.2,194.5,154.3,0.8,132.9,314.8,60.03,213.5,1.4,0.9,881.3,32.9,0.5,0.3,0,116.53502524925548,25.187,25.187,2025-06-21 09:24:09
157.6,1.2,191.3,154.4,0.8,131.2,312.1,60.01,213.4,1.4,0.9,881.3,32.9,0.5,0.3,0,116.53502524925548,25.187,24.125,2025-06-21 09:24:56
160.5,1.1,189.7,151.4,0.8,129.8,308.5,60.02,213.4,1.4,0.9,881.3,32.8,0.5,0.3,0,116.53502524925548,25.187,25.187,2025-06-21 09:25:12
163.1,1.1,187.8,156.7,0.8,130.9,305.4,60,213.3,1.4,0.9,881.3,32.8,0.5,0.3,0,77.69001683283699,25.125,24.062,2025-06-21 09:25:59
160.6,1.1,188.2,157.1,0.8,130.0,307.0,60.03,213.2,1.4,0.9,881.3,32.7,0.5,0.3,0,116.53502524925548,25.125,25.125,2025-06-21 09:26:14
160.5,1.2,191.0,151.3,0.8,130.2,308.8,60.06,213.5,1.4,0.9,881.3,32.6,0.5,0.3,0,116.53502524925548,25.125,23.937,2025-06-21 09:27:01
157.7,1.2,190.0,154.2,0.8,132.3,309.9,60.04,213.7,1.4,0.9,881.3,32.6,0.5,0.3,0,116.53502524925548,25.125,25.125,2025-06-21 09:27:17
163.5,1.2,198.3,154.6,0.9,137.4,323.6,60.03,213.4,1.5,0.9,881.3,32.6,0.5,0.3,0,116.53502524925548,25.125,23.937,2025-06-21 09:28:04
161,1.2,202.7,154.3,0.9,139.3,330.2,60.03,213.3,1.5,0.9,881.3,32.6,0.5,0.3,0,116.53502524925548,25.125,25.187,2025-06-21 09:28:19
160.6,1.3,219.3,157.2,0.9,149.1,352.6,60.06,213.4,1.6,0.9,881.3,32.6,0.5,0.3,0,116.53502524925548,25.187,24.062,2025-06-21 09:29:06
163.5,1.3,226.3,157,0.9,152.9,362.0,60.04,213.3,1.6,0.9,881.3,32.6,0.5,0.3,0,116.53502524925548,25.25,25.25,2025-06-21 09:29:22
163.5,1.5,244.5,157.2,1,167.6,392.5,60.02,213.1,1.7,0.9,881.3,32.6,0.5,0.4,0,116.53502524925548,25.312,24.125,2025-06-21 09:30:09
163.6,1.5,250.1,157.3,1,172.5,401.1,59.99,213.1,1.8,0.9,881.3,32.6,0.5,0.4,0,155.38003366567398,25.375,25.375,2025-06-21 09:30:24
160.8,1.6,253.6,156.9,1.1,185.5,416.8,59.98,213.2,1.9,0.9,881.3,32.6,0.5,0.4,0,155.38003366567398,25.375,24.187,2025-06-21 09:31:11
166.5,1.5,240.7,154.2,1.2,187.5,406.1,59.98,213.2,1.9,0.9,881.3,32.7,0.5,0.4,0,155.38003366567398,25.375,25.375,2025-06-21 09:31:27
160.5,1.4,240.3,157,1.1,182.1,400.9,59.99,213.5,1.8,0.9,881.3,32.7,0.5,0.4,0,155.38003366567398,25.437,24.125,2025-06-21 09:32:14
163.5,1.3,239.3,154.1,1.1,180.0,398.2,59.98,213.4,1.7,0.9,881.3,32.7,0.5,0.4,0,155.38003366567398,25.437,25.5,2025-06-21 09:32:29
163.5,1.3,237.8,157,1.1,176.2,391.5,60.01,213.4,1.7,0.9,881.3,32.8,0.6,0.4,0,116.53502524925548,25.562,24.25,2025-06-21 09:33:16
163.5,1.4,237.8,159.9,1.1,174.1,394.2,60.01,213.4,1.8,0.9,881.3,32.8,0.6,0.4,0,155.38003366567398,25.562,25.562,2025-06-21 09:33:31
163.4,1.5,242.4,154.3,1.1,181.4,402.9,60.01,213.6,1.8,0.9,881.3,32.8,0.6,0.4,0,155.38003366567398,25.625,24.437,2025-06-21 09:34:19
160.5,1.5,242.1,157.1,1.1,183.7,404.0,59.98,213.6,1.8,0.9,881.3,32.8,0.6,0.4,0,155.38003366567398,25.625,25.625,2025-06-21 09:34:34
160.6,1.5,242.8,154.2,1.2,187.7,407.6,60.03,213.7,1.8,0.9,881.3,32.8,0.6,0.4,0,155.38003366567398,25.625,24.625,2025-06-21 09:35:21
163.5,1.5,243.5,154.1,1.2,187.8,409.7,60.03,213.7,1.9,0.9,881.3,32.8,0.6,0.4,0,155.38003366567398,25.687,25.687,2025-06-21 09:35:36
163.4,1.4,239.4,156.3,1.1,183.7,402.2,60.06,213.8,1.8,0.9,881.3,32.8,0.6,0.4,0,155.38003366567398,25.687,24.75,2025-06-21 09:36:23
164.2,1.4,225.8,154.1,1.1,183.2,388.0,60.04,213.8,1.8,0.9,881.3,32.8,0.6,0.4,0,116.53502524925548,25.75,25.75,2025-06-21 09:36:39
162.5,1.4,231.8,157.1,1.1,178.4,390.3,60.05,213.5,1.8,0.9,881.3,32.8,0.6,0.4,0,155.38003366567398,25.75,24.687,2025-06-21 09:37:26
161.1,1.4,230.5,154.2,1.1,176.0,386.6,60.06,213.6,1.7,1.0,881.4,32.8,0.6,0.4,0,116.53502524925548,25.812,25.812,2025-06-21 09:37:41
159.6,1.4,231.1,154.3,1.1,171.9,383.3,60.03,213.8,1.7,1.0,881.4,32.8,0.6,0.4,0,116.53502524925548,25.75,24.812,2025-06-21 09:38:28
160.8,1.4,232.4,157.1,1.1,171.9,384.5,60.02,213.6,1.8,1.0,881.4,32.8,0.6,0.4,0,116.53502524925548,25.687,25.75,2025-06-21 09:38:44
163.5,1.4,235.9,154.2,1.1,176.0,391.5,59.99,213.6,1.8,1.0,881.4,32.8,0.6,0.4,0,155.38003366567398,25.562,24.812,2025-06-21 09:39:31
160.6,1.5,237.9,154.1,1.1,178.9,395.4,59.95,213.5,1.8,1.0,881.4,32.8,0.6,0.4,0,155.38003366567398,25.5,25.562,2025-06-21 09:39:46
160.8,1.4,241.6,154.2,1.1,186.4,404.3,60.04,213.4,1.8,1.0,881.4,32.8,0.6,0.4,0,116.53502524925548,25.375,24.875,2025-06-21 09:40:33
163.6,1.3,242.9,157.2,1.1,188.4,410.2,59.98,213.4,1.8,1.0,881.4,32.8,0.6,0.4,0,155.38003366567398,25.375,25.375,2025-06-21 09:40:49
163.5,1.5,244.0,154.3,1.2,193.4,413.6,60.03,213.4,1.9,1.0,881.4,32.9,0.6,0.4,0,155.38003366567398,25.375,24.812,2025-06-21 09:41:36
160.5,1.5,246.8,154.2,1.2,193.7,417.5,60.02,213.3,1.9,1.0,881.4,32.9,0.6,0.4,0,155.38003366567398,25.375,25.375,2025-06-21 09:41:51
163.6,1.5,251.9,151.8,1.2,195.7,424.2,59.95,213.3,1.9,1.0,881.4,32.9,0.6,0.4,0,155.38003366567398,25.437,24.812,2025-06-21 09:42:38
162,1.6,254.3,151.4,1.2,195.1,425.3,59.98,213.4,1.9,1.0,881.4,32.9,0.6,0.4,0,155.38003366567398,25.437,25.437,2025-06-21 09:42:54
161.6,1.5,250.0,155.3,1.2,196.2,423.8,60.01,213.6,1.9,1.0,881.4,32.9,0.6,0.4,0,155.38003366567398,25.687,24.937,2025-06-21 09:43:41
161.2,1.5,247.6,151.4,1.2,195.5,418.0,60.05,213.6,1.9,1.0,881.4,32.9,0.6,0.4,0,155.38003366567398,25.75,25.75,2025-06-21 09:43:56
160.6,1.4,234.4,152.2,1.2,186.4,397.8,60.03,213.5,1.8,1.0,881.4,33,0.6,0.4,0,116.53502524925548,25.875,25.0,2025-06-21 09:44:43
158.3,1.4,229.0,154.1,1.1,182.7,390.9,60.04,213.6,1.8,1.0,881.4,33,0.6,0.4,0,116.53502524925548,25.812,25.812,2025-06-21 09:44:59
161.8,1.3,213.9,153.1,1.1,167.0,363.3,59.97,213.4,1.7,1.0,881.4,33,0.6,0.4,0,116.53502524925548,25.375,24.625,2025-06-21 09:45:46
158.5,1.3,214.7,154.2,1,166.3,362.5,59.96,213.3,1.7,1.0,881.4,33,0.6,0.4,0,116.53502524925548,25.25,25.25,2025-06-21 09:46:01
161.7,1.2,209.0,152.6,1,154.6,341.4,59.97,213.4,1.6,1.0,881.4,33,0.6,0.4,0,116.53502524925548,25.125,24.312,2025-06-21 09:46:48
160.5,1.3,208.7,153.1,1,155.6,348.7,60,213.4,1.6,1.0,881.4,33,0.6,0.4,0,116.53502524925548,25.125,25.187,2025-06-21 09:47:03
157.6,1.3,213.7,154.2,1,152.8,350.4,60,213.3,1.6,1.0,881.4,33.1,0.6,0.4,0,116.53502524925548,25.125,24.312,2025-06-21 09:47:51
160.6,1.3,221.6,154.2,1,155.5,359.0,60.01,213.3,1.6,1.0,881.4,33.1,0.6,0.4,0,116.53502524925548,25.125,25.125,2025-06-21 09:48:06
160.5,1.5,237.6,154.2,1,168.5,386.5,59.97,213.4,1.8,1.0,881.4,33.1,0.6,0.4,0,116.53502524925548,25.187,24.375,2025-06-21 09:48:53
163.4,1.5,241.7,155.6,1.1,174.4,395.4,60.04,213.6,1.7,1.0,881.4,33.1,0.6,0.4,0,116.53502524925548,25.25,25.25,2025-06-21 09:49:08
162.1,1.5,252.5,154.3,1.2,186.0,415.8,60.01,213.7,1.9,1.0,881.4,33.1,0.6,0.4,0,155.38003366567398,25.312,24.562,2025-06-21 09:49:55
160.7,1.5,251.4,157.2,1.2,188.8,417.3,60.02,213.7,1.9,1.0,881.4,33.1,0.6,0.4,0,155.38003366567398,25.312,25.312,2025-06-21 09:50:11
160.6,1.6,255.1,157.3,1.2,195.2,428.2,60.04,213.3,1.9,1.0,881.4,33.1,0.6,0.4,0,155.38003366567398,25.312,24.75,2025-06-21 09:50:58
163.6,1.6,257.0,154.3,1.2,197.2,431.9,60,213.3,1.9,1.0,881.4,33.1,0.6,0.4,0,155.38003366567398,25.375,25.375,2025-06-21 09:51:13
163.6,1.6,261.2,154.2,1.2,200.1,436.5,59.99,213.3,2,1.0,881.4,33.1,0.6,0.4,0,155.38003366567398,25.375,24.812,2025-06-21 09:52:00
164.7,1.6,246.2,157.9,1.2,202.6,424.2,60.01,213.5,2,1.0,881.4,33.1,0.6,0.4,0,155.38003366567398,25.375,25.437,2025-06-21 09:52:16
165.5,1.6,242.8,156.3,1.2,203.2,423.0,59.99,213.5,2,1.1,881.5,33.1,0.6,0.4,0,155.38003366567398,25.437,24.937,2025-06-21 09:53:03
161.6,1.6,259.3,155.6,1.3,202.2,438.6,59.99,213.4,2,1.1,881.5,33.1,0.6,0.4,0,155.38003366567398,25.375,25.437,2025-06-21 09:53:18
162,1.6,257.4,155.7,1.3,203.6,436.7,59.99,213.4,2,1.1,881.5,33.1,0.6,0.4,0,155.38003366567398,25.437,24.937,2025-06-21 09:54:05
162.4,1.5,255.8,152.6,1.3,203.0,433.0,59.98,213.4,1.9,1.1,881.5,33.1,0.6,0.4,0,155.38003366567398,25.437,25.5,2025-06-21 09:54:21
161.5,1.5,252.4,152.7,1.3,201.5,427.8,59.99,213.6,2,1.1,881.5,33.1,0.6,0.4,0,155.38003366567398,25.625,24.937,2025-06-21 09:55:08
163.5,1.5,250.9,155.4,1.3,202.0,429.6,59.98,213.5,2,1.1,881.5,33.1,0.6,0.4,0,155.38003366567398,25.687,25.687,2025-06-21 09:55:23
163.5,1.5,249.4,155.6,1.3,203.8,428.8,59.98,213.5,1.9,1.1,881.5,33.1,0.6,0.4,0,155.38003366567398,25.687,25.0,2025-06-21 09:56:10
163.5,1.5,249.2,159.1,1.2,200.5,424.3,60.01,213.5,1.9,1.1,881.5,33.1,0.6,0.4,0,155.38003366567398,25.875,25.875,2025-06-21 09:56:26
160.6,1.5,250.5,155.9,1.3,203.8,429.8,59.97,213.5,2,1.1,881.5,33.1,0.6,0.4,0,155.38003366567398,25.875,24.875,2025-06-21 09:57:13
160.6,1.5,250.2,159.2,1.2,200.9,428.6,60.05,213.5,2,1.1,881.5,33.2,0.6,0.4,0,155.38003366567398,25.812,25.812,2025-06-21 09:57:28
163.6,1.5,251.8,152.7,1.3,203.0,431.2,59.99,213.6,1.9,1.1,881.5,33.2,0.7,0.4,0,155.38003366567398,25.687,24.875,2025-06-21 09:58:15
160.5,1.5,252.1,155.6,1.3,205.4,433.3,60.01,213.6,1.9,1.1,881.5,33.2,0.7,0.4,0,155.38003366567398,25.625,25.687,2025-06-21 09:58:31
163.5,1.5,252.0,155.6,1.2,204.1,431.6,60.02,213.8,1.9,1.1,881.5,33.2,0.7,0.4,0,155.38003366567398,25.562,24.937,2025-06-21 09:59:18
163.6,1.5,252.7,154.9,1.3,202.7,432.2,60.01,214,2,1.1,881.5,33.2,0.7,0.4,0,155.38003366567398,25.562,25.562,2025-06-21 09:59:33
163.4,1.5,255.9,155.9,1.3,202.4,433.4,60.03,214.3,2,1.1,881.5,33.2,0.7,0.4,0,155.38003366567398,25.687,25.0,2025-06-21 10:00:20
165.4,1.5,239.1,152.6,1.3,201.8,416.8,60.03,214.4,2,1.1,881.5,33.2,0.7,0.4,0,155.38003366567398,25.75,25.812,2025-06-21 10:00:36
161.6,1.5,253.9,152.6,1.3,200.1,428.9,60,214.5,2,1.1,881.5,33.2,0.7,0.4,0,155.38003366567398,25.937,25.0,2025-06-21 10:01:23
163.6,1.5,254.0,155.2,1.2,200.0,429.7,60.04,214.3,1.9,1.1,881.5,33.2,0.7,0.4,0,155.38003366567398,26.0,26.0,2025-06-21 10:01:38
161.3,1.5,251.1,155.5,1.2,196.8,425.0,59.97,214.4,1.9,1.1,881.5,33.2,0.7,0.5,0,155.38003366567398,26.187,25.0,2025-06-21 10:02:25
162.3,1.5,250.6,157.6,1.2,191.2,419.2,59.99,214.4,1.9,1.1,881.5,33.2,0.7,0.5,0,155.38003366567398,26.187,26.187,2025-06-21 10:02:41
163.5,1.5,248.0,158.1,1.2,188.3,414.8,60.05,214.5,1.9,1.1,881.5,33.2,0.7,0.5,0,155.38003366567398,26.187,25.0,2025-06-21 10:03:28
162.7,1.5,246.7,154.7,1.2,191.0,415.9,60.02,214.6,1.8,1.1,881.5,33.2,0.7,0.5,0,155.38003366567398,26.125,26.187,2025-06-21 10:03:43
163.4,1.4,236.5,155.6,1.1,184.7,400.8,59.99,214.7,1.8,1.1,881.5,33.2,0.7,0.5,0,155.38003366567398,26.062,25.0,2025-06-21 10:04:30
157.4,1.4,231.0,158.7,1.1,176.9,389.8,59.99,214.8,1.8,1.1,881.5,33.2,0.7,0.5,0,155.38003366567398,26.062,26.062,2025-06-21 10:04:45
160.6,1.4,224.4,155.7,1.1,172.3,377.9,60.04,214.6,1.7,1.1,881.5,33.1,0.7,0.5,0,116.53502524925548,25.937,24.937,2025-06-21 10:05:32
160.6,1.4,222.9,155.4,1.1,169.3,373.5,60,214.6,1.7,1.1,881.5,33.1,0.7,0.5,0,116.53502524925548,25.875,25.875,2025-06-21 10:05:48
163.4,1.3,216.9,155.7,1,161.0,361.8,59.97,214.6,1.6,1.1,881.5,33.1,0.7,0.5,0,116.53502524925548,25.812,24.75,2025-06-21 10:06:35
160.5,1.3,218.7,152.7,1,159.0,359.9,60,214.6,1.6,1.1,881.5,33.1,0.7,0.5,0,116.53502524925548,25.687,25.75,2025-06-21 10:06:50
157.5,1.3,215.6,152.6,1,152.9,351.6,60.04,214.7,1.6,1.2,881.6,33.1,0.7,0.5,0,116.53502524925548,25.312,24.75,2025-06-21 10:07:37
160.6,1.3,217.7,155.6,0.9,152.6,353.1,60.01,214.6,1.6,1.2,881.6,33.1,0.7,0.5,0,116.53502524925548,25.312,25.312,2025-06-21 10:07:53
161.2,1.3,211.9,155.8,0.9,150.6,351.9,60.04,214.6,1.6,1.2,881.6,33.1,0.7,0.5,0,116.53502524925548,25.25,24.75,2025-06-21 10:08:40
157.7,1.3,213.5,152.8,0.9,149.7,347.4,60.05,214.4,1.6,1.2,881.6,33.1,0.7,0.5,0,116.53502524925548,25.25,25.312,2025-06-21 10:08:55
157.9,1.3,212.6,152.6,0.9,149.8,346.3,60.01,214.4,1.6,1.2,881.6,33.1,0.7,0.5,0,116.53502524925548,25.25,24.562,2025-06-21 10:09:42
163.2,1.3,208.6,154.1,0.9,150.2,345.9,59.99,214.5,1.6,1.2,881.6,33.1,0.7,0.5,0,116.53502524925548,25.25,25.25,2025-06-21 10:09:58
160.4,1.3,217.3,155.8,0.9,146.5,349.4,59.99,214.5,1.6,1.2,881.6,33.1,0.7,0.5,0,116.53502524925548,25.25,24.625,2025-06-21 10:10:45
160.5,1.3,218.3,152.6,0.9,145.3,348.9,59.96,214.5,1.6,1.2,881.6,33.1,0.7,0.5,0,116.53502524925548,25.312,25.312,2025-06-21 10:11:00
157.6,1.4,220.7,152.6,0.9,145.9,351.2,60.01,214.7,1.6,1.2,881.6,33.1,0.7,0.5,0,116.53502524925548,25.312,24.687,2025-06-21 10:11:47
160.7,1.4,225.4,155.6,0.9,149.4,359.5,60.01,214.6,1.6,1.2,881.6,33.1,0.7,0.5,0,116.53502524925548,25.437,25.437,2025-06-21 10:12:03
160.6,1.4,233.6,155.6,1,154.7,368.7,59.96,214.6,1.6,1.2,881.6,33.1,0.7,0.5,0,116.53502524925548,25.437,24.75,2025-06-21 10:12:50
157.6,1.5,231.6,155.6,1,153.7,368.0,59.98,214.4,1.7,1.2,881.6,33.1,0.7,0.5,0,116.53502524925548,25.5,25.562,2025-06-21 10:13:05
163.5,1.4,237.7,156,1,158.4,377.7,59.99,214.4,1.7,1.2,881.6,33.1,0.7,0.5,0,116.53502524925548,25.562,24.687,2025-06-21 10:13:52
160.3,1.5,239.0,152.3,1,162.2,382.7,59.97,214.4,1.7,1.2,881.6,33.1,0.7,0.5,0,116.53502524925548,25.5,25.5,2025-06-21 10:14:08
161.7,1.5,247.9,153.3,1.1,168.1,395.7,60.03,214.5,1.8,1.2,881.6,33.1,0.7,0.5,0,116.53502524925548,25.375,24.75,2025-06-21 10:14:55
162.1,1.5,250.7,155.8,1.1,169.4,398.9,60.05,214.7,1.8,1.2,881.6,33.1,0.7,0.5,0,155.38003366567398,25.312,25.312,2025-06-21 10:15:10
164.5,1.5,241.6,155.6,1.1,176.5,396.7,60.01,214.8,1.8,1.2,881.6,33.1,0.7,0.5,0,155.38003366567398,25.312,24.75,2025-06-21 10:15:57
160.6,1.6,254.0,155.9,1.1,175.1,409.4,60.03,214.8,1.8,1.2,881.6,33.1,0.7,0.5,0,155.38003366567398,25.312,25.312,2025-06-21 10:16:13
160.6,1.5,251.9,156.3,1.1,180.8,413.1,60.02,214.7,1.9,1.2,881.6,33.1,0.7,0.5,0,155.38003366567398,25.312,24.812,2025-06-21 10:17:00
160.9,1.6,253.0,152.5,1.2,183.1,413.8,60,214.9,1.9,1.2,881.6,33.1,0.7,0.5,0,155.38003366567398,25.312,25.312,2025-06-21 10:17:15
162.4,1.7,272.7,155.8,1.2,193.9,443.2,60.01,214.6,2,1.2,881.6,33.1,0.7,0.5,0,155.38003366567398,25.437,24.812,2025-06-21 10:18:02
163.5,1.6,285.3,155.3,1.2,198.4,458.6,59.98,214.7,2,1.2,881.6,33.1,0.7,0.5,0,155.38003366567398,25.5,25.562,2025-06-21 10:18:18
163.5,1.9,331.7,155.5,1.3,215.9,515.3,59.94,214.6,2.3,1.2,881.6,33.2,0.7,0.5,0,194.22504208209244,25.75,24.937,2025-06-21 10:19:04
163.2,2.1,344.3,155.8,1.4,221.7,533.1,59.98,214.9,2.5,1.2,881.6,33.2,0.7,0.5,0,194.22504208209244,25.812,25.812,2025-06-21 10:19:20
167,2.2,357.7,152.8,1.5,239.2,561.2,60.02,214.9,2.6,1.2,881.6,33.3,0.7,0.5,0,233.07005049851097,25.875,25.062,2025-06-21 10:20:07
160.8,2.3,370.9,161.3,1.5,242.3,583.8,60.02,215.1,2.7,1.2,881.6,33.3,0.7,0.5,0,233.07005049851097,25.812,25.875,2025-06-21 10:20:23
163.4,2.5,405.7,155.8,1.7,270.3,634.7,60.03,214.9,2.9,1.2,881.6,33.4,0.7,0.5,0,233.07005049851097,25.687,25.062,2025-06-21 10:21:09
163.3,2.5,416.3,158.7,1.7,277.8,652.4,60.03,214.9,3,1.3,881.7,33.4,0.7,0.5,0,233.07005049851097,25.687,25.687,2025-06-21 10:21:25
163.5,2.8,456.2,158.7,1.9,301.8,712.0,60.03,215,3.3,1.3,881.7,33.5,0.8,0.5,0,271.91505891492943,25.687,25.187,2025-06-21 10:22:12
166.4,2.8,470.7,158.8,1.9,306.6,729.7,60.01,215.2,3.4,1.3,881.7,33.5,0.8,0.5,0,271.91505891492943,25.687,25.687,2025-06-21 10:22:27
162.9,3.1,497.1,158.6,2.1,333.8,781.7,60.03,215.3,3.6,1.3,881.7,33.6,0.8,0.5,0,310.76006733134795,25.75,25.375,2025-06-21 10:23:14
163.9,3.1,508.2,158.6,2.1,340.3,796.8,60.02,215.2,3.7,1.3,881.7,33.7,0.8,0.5,0,310.76006733134795,25.75,25.75,2025-06-21 10:23:30
163.4,3.2,529.3,158.5,2.2,353.4,829.3,60.01,215.2,3.9,1.3,881.7,33.8,0.8,0.5,0,310.76006733134795,25.937,25.562,2025-06-21 10:24:17
163.5,3.2,526.4,158.3,2.2,354.3,826.9,59.99,215.3,3.7,1.3,881.7,33.8,0.8,0.5,0,310.76006733134795,26.062,26.062,2025-06-21 10:24:32
165.1,3.1,519.9,156.6,2.2,352.8,818.7,59.98,215.2,3.8,1.3,881.7,33.9,0.8,0.5,0,310.76006733134795,26.437,25.687,2025-06-21 10:25:19
160.8,3.1,516.0,161.3,2.2,343.3,801.0,59.99,215.2,3.8,1.3,881.7,33.9,0.8,0.5,0,310.76006733134795,26.625,26.625,2025-06-21 10:25:35
165.1,3.2,517.3,158.6,2.2,349.3,814.0,59.97,215.1,3.8,1.3,881.7,33.9,0.8,0.5,0,310.76006733134795,26.812,25.625,2025-06-21 10:26:22
163.4,3.2,518.8,155.7,2.2,344.2,810.5,59.98,215.4,3.8,1.3,881.7,34,0.8,0.5,0,310.76006733134795,26.875,26.875,2025-06-21 10:26:37
163.7,3.2,520.2,155.3,2.2,345.9,813.3,60,215.5,3.7,1.3,881.7,34.1,0.8,0.5,0,310.76006733134795,27.062,25.687,2025-06-21 10:27:24
163.5,3.1,521.7,158.7,2.1,352.5,821.5,59.99,215.5,3.7,1.3,881.7,34.1,0.8,0.5,0,310.76006733134795,27.187,27.187,2025-06-21 10:27:40
160.6,3.2,520.0,158.2,2.2,356.4,823.3,60,215.4,3.8,1.3,881.7,34.1,0.8,0.5,0,310.76006733134795,27.062,25.625,2025-06-21 10:28:27
166.5,3.2,513.1,155.6,2.3,357.7,818.3,60.03,215.4,3.9,1.3,881.7,34.2,0.8,0.5,0,310.76006733134795,26.937,26.875,2025-06-21 10:28:42
163.5,3.3,537.9,155.7,2.3,364.0,846.3,60.03,215.4,3.9,1.4,881.8,34.2,0.8,0.6,0,349.6050757477664,26.875,25.687,2025-06-21 10:29:29
163.4,3.3,543.7,158.6,2.3,370.5,858.9,60.03,215.4,4,1.4,881.8,34.2,0.8,0.6,0,349.6050757477664,26.937,27.0,2025-06-21 10:29:45
163.5,3.3,557.9,158.6,2.4,376.3,877.7,60.03,215.3,4,1.4,881.8,34.3,0.8,0.6,0,349.6050757477664,27.0,25.625,2025-06-21 10:30:32
160.8,3.5,557.9,159.1,2.4,369.0,871.0,60.02,215.3,4.1,1.4,881.8,34.4,0.8,0.6,0,349.6050757477664,27.125,27.125,2025-06-21 10:30:47
164.7,3.6,569.2,159.5,2.4,375.7,886.3,59.99,215.3,4.2,1.4,881.8,34.4,0.8,0.6,0,349.6050757477664,27.187,25.687,2025-06-21 10:31:34
163.2,3.6,588.2,156.1,2.5,386.2,913.7,60,215.2,4.2,1.4,881.8,34.5,0.8,0.6,0,388.4500841641849,27.25,27.25,2025-06-21 10:31:50
163.5,3.9,637.3,156.5,2.6,409.8,982.9,60,215.3,4.5,1.4,881.8,34.6,0.8,0.6,0,388.4500841641849,27.25,25.75,2025-06-21 10:32:37
163.5,4,648.9,158.1,2.6,416.3,998.4,59.98,215.4,4.5,1.4,881.8,34.6,0.9,0.6,0,427.2950925806034,27.25,27.25,2025-06-21 10:32:52
165.6,5,771.5,160.2,3,485.1,1177.1,60.03,216,5.6,1.4,881.8,34.8,0.9,0.6,0,543.8301178298589,27.437,26.187,2025-06-21 10:33:39
162.8,5.1,826.0,160.1,3.2,510.5,1258.8,60.02,215.9,5.8,1.4,881.8,34.9,0.9,0.6,0,543.8301178298589,27.312,27.312,2025-06-21 10:33:55
161.6,4.4,723.1,157,2.9,457.8,1094.4,59.96,215.7,5,1.4,881.8,35.2,0.9,0.6,0,466.14010099702193,27.187,26.5,2025-06-21 10:34:41
163.6,4,647.7,154.1,2.7,427.8,1009.0,59.98,215.5,4.6,1.4,881.8,35.2,0.9,0.6,0,427.2950925806034,27.062,27.062,2025-06-21 10:34:57
160.5,3.9,630.6,154.2,2.7,417.3,976.6,59.99,215.4,4.5,1.5,881.9,35.3,0.9,0.6,0,427.2950925806034,27.062,26.437,2025-06-21 10:35:44
166.4,3.8,611.6,157.1,2.5,417.6,966.5,60.01,215.3,4.5,1.5,881.9,35.3,0.9,0.6,0,427.2950925806034,27.187,27.25,2025-06-21 10:35:59
163.5,3.8,625.9,157.1,2.6,410.8,972.0,60.02,215.5,4.4,1.5,881.9,35.3,0.9,0.6,0,388.4500841641849,27.312,26.5,2025-06-21 10:36:46
163.5,3.9,626.8,157.1,2.6,410.0,973.0,60.01,215.4,4.4,1.5,881.9,35.4,0.9,0.6,0,388.4500841641849,27.187,27.187,2025-06-21 10:37:02
163.6,3.5,576.7,157.1,2.5,388.6,905.9,60,215.4,4.2,1.5,881.9,35.4,0.9,0.6,0,388.4500841641849,27.312,26.312,2025-06-21 10:37:49
160.5,3.5,563.3,154.1,2.4,381.8,885.3,60.02,215.4,4.1,1.5,881.9,35.4,0.9,0.6,0,349.6050757477664,27.375,27.375,2025-06-21 10:38:04
160.5,3.1,509.4,154.2,2.2,357.4,811.5,60.03,215.2,3.8,1.5,881.9,35.5,0.9,0.6,0,310.76006733134795,27.312,26.25,2025-06-21 10:38:51
161.2,3.1,487.7,154.2,2.2,350.5,786.4,59.99,215.3,3.7,1.5,881.9,35.5,0.9,0.6,0,310.76006733134795,27.312,27.312,2025-06-21 10:39:07
160.5,2.9,463.7,154.2,2.1,329.7,743.3,60,215.3,3.4,1.5,881.9,35.5,0.9,0.6,0,310.76006733134795,27.375,26.125,2025-06-21 10:39:54
161.5,2.9,456.5,154.2,2.1,322.2,730.4,60.01,215.4,3.4,1.5,881.9,35.5,0.9,0.6,0,271.91505891492943,27.437,27.5,2025-06-21 10:40:09
160.5,2.7,428.5,152.6,1.9,290.4,674.3,60.04,215.5,3.1,1.5,881.9,35.5,0.9,0.6,0,271.91505891492943,27.5,26.187,2025-06-21 10:40:56
160.5,2.6,419.8,155.9,1.8,283.0,658.9,60.05,215.3,3,1.5,881.9,35.4,0.9,0.6,0,233.07005049851097,27.5,27.5,2025-06-21 10:41:12
161.8,2.5,408.9,151.3,1.8,270.8,636.6,60.03,215.4,2.9,1.5,881.9,35.4,0.9,0.6,0,271.91505891492943,27.062,25.937,2025-06-21 10:41:59
158.7,2.5,399.1,155.4,1.7,271.3,629.0,60.03,215.4,2.9,1.5,881.9,35.4,0.9,0.6,0,233.07005049851097,26.937,26.937,2025-06-21 10:42:14
160.5,2.1,342.9,154.3,1.6,254.2,560.1,60.01,215.4,2.6,1.6,882.0,35.4,0.9,0.6,0,194.22504208209244,26.75,25.875,2025-06-21 10:43:01
160.5,2,335.6,154.2,1.6,247.5,548.0,60.01,215.3,2.5,1.6,882.0,35.3,0.9,0.6,0,194.22504208209244,26.75,26.75,2025-06-21 10:43:17
157.2,2.2,350.7,154.2,1.5,241.0,556.4,60.01,215.2,2.5,1.6,882.0,35.2,1.0,0.6,0,233.07005049851097,26.937,25.687,2025-06-21 10:44:04
160.5,2.2,359.5,151.1,1.6,241.4,565.7,60,215.3,2.6,1.6,882.0,35.2,1.0,0.6,0,233.07005049851097,27.0,27.0,2025-06-21 10:44:19
157.5,2.1,335.1,151.2,1.5,236.3,537.3,60.04,215,2.5,1.6,882.0,35.2,1.0,0.6,0,194.22504208209244,27.062,25.687,2025-06-21 10:45:06
163.5,2.1,326.5,154.2,1.4,232.6,525.9,60.03,215.2,2.4,1.6,882.0,35.2,1.0,0.6,0,194.22504208209244,26.937,26.937,2025-06-21 10:45:22
160.5,1.9,306.6,154.3,1.4,215.6,491.8,60.02,215,2.3,1.6,882.0,35.2,1.0,0.7,0,194.22504208209244,26.937,25.687,2025-06-21 10:46:09
160.4,1.8,294.0,154.2,1.3,209.0,475.0,60,214.9,2.1,1.6,882.0,35.1,1.0,0.7,0,155.38003366567398,26.875,26.875,2025-06-21 10:46:24
160.5,1.5,249.8,154.3,1.2,185.5,412.4,60,214.8,1.9,1.6,882.0,35.1,1.0,0.7,0,155.38003366567398,26.812,25.625,2025-06-21 10:47:11
160.6,1.5,238.2,153.7,1.1,179.8,395.4,60.05,214.5,1.7,1.6,882.0,35.1,1.0,0.7,0,155.38003366567398,26.625,26.625,2025-06-21 10:47:27
160.5,1.2,198.3,151.2,1,160.9,342.3,60.03,214.4,1.5,1.6,882.0,35,1.0,0.7,0,116.53502524925548,26.375,25.312,2025-06-21 10:48:14
159.7,1.1,189.3,153.4,1,155.1,328.3,60.04,214.4,1.4,1.6,882.0,35,1.0,0.7,0,116.53502524925548,26.312,26.312,2025-06-21 10:48:29
159.7,1.1,183.7,149.6,0.9,143.2,313.9,60.05,214.4,1.4,1.6,882.0,34.9,1.0,0.7,0,116.53502524925548,26.25,25.25,2025-06-21 10:49:16
159.5,1.1,186.9,153.1,0.9,140.9,314.4,60.04,214.6,1.4,1.6,882.0,34.9,1.0,0.7,0,116.53502524925548,26.25,26.312,2025-06-21 10:49:31
161.8,1.1,191.2,151.3,0.9,136.8,315.4,60.03,214.5,1.3,1.6,882.0,34.8,1.0,0.7,0,116.53502524925548,26.0,25.187,2025-06-21 10:50:18
160.5,1.2,192.8,153.3,0.8,135.4,315.9,60.04,214.4,1.4,1.6,882.0,34.8,1.0,0.7,0,116.53502524925548,25.937,25.937,2025-06-21 10:50:34
160.6,1.1,186.2,150,0.8,125.3,299.2,60.02,214.5,1.4,1.6,882.0,34.7,1.0,0.7,0,116.53502524925548,25.937,25.0,2025-06-21 10:51:21
157.5,1.1,180.1,151.2,0.8,124.5,293.1,60.02,214.4,1.3,1.6,882.0,34.7,1.0,0.7,0,116.53502524925548,26.0,26.0,2025-06-21 10:51:36
158.9,1,164.6,151.1,0.8,119.5,274.2,60.02,214.7,1.2,1.6,882.0,34.7,1.0,0.7,0,77.69001683283699,25.937,24.937,2025-06-21 10:52:23
160.5,1,157.7,148,0.7,116.8,265.7,60.01,214.7,1.2,1.6,882.0,34.7,1.0,0.7,0,77.69001683283699,25.937,25.937,2025-06-21 10:52:39
157.6,0.9,140.4,154.3,0.6,105.3,240.9,60.02,214.6,1.1,1.6,882.0,34.6,1.0,0.7,0,77.69001683283699,25.937,24.937,2025-06-21 10:53:26
154.6,0.8,133.6,148.2,0.6,100.7,229.9,60.03,214.4,1,1.6,882.0,34.6,1.0,0.7,0,77.69001683283699,25.937,25.937,2025-06-21 10:53:41
154.7,0.8,131.5,148.3,0.6,90.7,218.1,60.03,214.4,1,1.6,882.0,34.6,1.0,0.7,0,77.69001683283699,25.812,24.875,2025-06-21 10:54:28
157.7,0.8,135.0,151.1,0.6,91.6,222.3,60.02,214.3,1,1.6,882.0,34.5,1.0,0.7,0,77.69001683283699,25.812,25.812,2025-06-21 10:54:44
160.6,0.9,148.6,151.2,0.6,97.8,241.7,60.03,214.6,1.1,1.6,882.0,34.5,1.0,0.7,0,77.69001683283699,25.687,24.812,2025-06-21 10:55:31
160.6,0.9,152.5,151.2,0.6,100.7,249.0,59.98,214.7,1.1,1.6,882.0,34.5,1.0,0.7,0,77.69001683283699,25.625,25.625,2025-06-21 10:55:46
157.3,0.9,146.0,152.7,0.6,100.3,241.5,60.02,214.5,1.1,1.6,882.0,34.4,1.0,0.7,0,77.69001683283699,25.5,24.75,2025-06-21 10:56:33
158.3,0.8,139.0,149.7,0.6,97.6,232.0,59.97,214.4,1,1.6,882.0,34.4,1.0,0.7,0,77.69001683283699,25.375,25.375,2025-06-21 10:56:49
159.1,0.8,122.4,151.8,0.5,92.8,211.0,59.98,214.3,1,1.6,882.0,34.3,1.0,0.7,0,77.69001683283699,25.312,24.625,2025-06-21 10:57:36
157.6,0.8,126.6,152.8,0.6,92.4,215.0,60,214.6,1,1.6,882.0,34.3,1.0,0.7,0,38.845008416418494,25.312,25.312,2025-06-21 10:57:51
159.7,0.9,146.6,154,0.6,99.3,241.0,60.01,214.5,1.1,1.6,882.0,34.2,1.0,0.7,0,77.69001683283699,25.25,24.562,2025-06-21 10:58:38
160,0.9,154.0,153.6,0.6,99.8,249.0,60.01,214.8,1.1,1.6,882.0,34.2,1.0,0.7,0,77.69001683283699,25.25,25.312,2025-06-21 10:58:54
160.3,1,173.7,149.5,0.7,113.0,278.1,60,214.7,1.3,1.6,882.0,34.1,1.0,0.7,0,77.69001683283699,25.312,24.562,2025-06-21 10:59:41
160,1.1,184.3,155.5,0.8,117.4,291.2,59.98,214.5,1.4,1.7,882.1,34.1,1.0,0.7,0,116.53502524925548,25.25,25.25,2025-06-21 10:59:56
162.8,1.2,198.7,154.2,0.8,132.5,322.0,59.99,214.8,1.4,1.7,882.1,34.1,1.0,0.7,0,116.53502524925548,25.312,24.562,2025-06-21 11:00:43
159.1,1.2,201.1,150.1,0.8,133.4,320.2,60.04,214.7,1.5,1.7,882.1,34.1,1.0,0.7,0,116.53502524925548,25.25,25.25,2025-06-21 11:00:58
163.5,1,171.2,151.2,0.8,122.2,285.4,60.03,214.6,1.3,1.7,882.1,34.1,1.0,0.7,0,77.69001683283699,25.062,24.687,2025-06-21 11:01:46
157.7,1,164.1,154.1,0.7,116.0,272.3,59.99,214.6,1.2,1.7,882.1,34.1,1.0,0.7,0,77.69001683283699,25.062,25.062,2025-06-21 11:02:01
160.6,0.8,142.0,151.2,0.6,100.7,238.1,60.02,214.5,1.1,1.7,882.1,34.1,1.0,0.7,0,77.69001683283699,25.125,24.625,2025-06-21 11:02:48
157.7,0.9,141.3,151.3,0.6,97.5,234.2,60.01,214.5,1.1,1.7,882.1,34.1,1.0,0.7,0,77.69001683283699,25.125,25.187,2025-06-21 11:03:03
159.1,0.9,153.3,154.3,0.6,94.8,243.3,60.01,214.6,1.1,1.7,882.1,34,1.0,0.7,0,77.69001683283699,25.25,24.625,2025-06-21 11:03:50
156.1,1,155.5,152.6,0.6,96.5,246.5,60,214.7,1.1,1.7,882.1,34,1.0,0.7,0,77.69001683283699,25.312,25.25,2025-06-21 11:04:06
162.1,1,164.4,152.6,0.6,102.2,260.9,60.01,214.5,1.2,1.7,882.1,34,1.0,0.7,0,77.69001683283699,25.375,24.562,2025-06-21 11:04:53
162,1,166.8,149.8,0.7,102.8,261.9,60.02,214.3,1.2,1.7,882.1,34,1.0,0.7,0,77.69001683283699,25.25,25.25,2025-06-21 11:05:08
157.7,1,168.2,155.6,0.7,108.2,268.5,59.99,214.4,1.2,1.7,882.1,33.9,1.0,0.7,0,77.69001683283699,25.062,24.562,2025-06-21 11:05:55
159,1.1,172.4,153.9,0.7,110.5,274.8,60.02,214.5,1.2,1.7,882.1,33.9,1.0,0.7,0,77.69001683283699,25.0,25.062,2025-06-21 11:06:11
157.9,1.2,186.8,156.7,0.7,119.9,297.1,60.03,214.8,1.3,1.7,882.1,33.9,1.0,0.7,0,116.53502524925548,25.062,24.5,2025-06-21 11:06:58
157.6,1.2,191.8,152.7,0.8,122.6,304.0,60.01,214.9,1.4,1.7,882.1,33.9,1.0,0.7,0,116.53502524925548,25.0,25.0,2025-06-21 11:07:13
163,1.3,206.1,154.5,0.8,135.9,330.2,59.98,214.5,1.5,1.7,882.1,33.8,1.0,0.7,0,116.53502524925548,25.0,24.375,2025-06-21 11:08:00
160.5,1.2,205.4,151.3,0.9,138.1,330.0,60,214.5,1.5,1.7,882.1,33.8,1.0,0.7,0,116.53502524925548,25.062,25.062,2025-06-21 11:08:16
163.1,1.1,170.9,155.1,0.8,130.9,291.7,60.01,214.5,1.3,1.7,882.1,33.7,1.0,0.7,0,77.69001683283699,25.187,24.5,2025-06-21 11:09:03
159.2,1,165.0,154.2,0.8,122.8,281.0,60.01,214.6,1.2,1.7,882.1,33.7,1.0,0.7,0,77.69001683283699,25.187,25.25,2025-06-21 11:09:18
157.7,0.9,156.0,153,0.6,106.3,257.4,59.97,214.7,1.2,1.7,882.1,33.7,1.0,0.7,0,77.69001683283699,25.25,24.562,2025-06-21 11:10:05
163.8,0.9,154.4,155.6,0.6,105.5,255.1,59.99,214.6,1.1,1.7,882.1,33.7,1.0,0.7,0,77.69001683283699,25.25,25.25,2025-06-21 11:10:21
163.6,1,168.1,154.4,0.7,108.0,269.1,59.97,214.7,1.3,1.7,882.1,33.7,1.0,0.7,0,77.69001683283699,25.187,24.562,2025-06-21 11:11:08
160.6,1.1,174.5,152.7,0.7,110.3,276.0,59.99,214.8,1.2,1.7,882.1,33.7,1.0,0.7,0,77.69001683283699,25.062,25.062,2025-06-21 11:11:23
160.4,1,172.4,155.6,0.7,114.2,278.1,59.99,214.8,1.2,1.7,882.1,33.6,1.0,0.7,0,77.69001683283699,24.875,24.375,2025-06-21 11:12:10
157.5,1.1,170.9,155.7,0.7,114.5,276.9,59.99,214.9,1.3,1.7,882.1,33.6,1.0,0.7,0,77.69001683283699,24.875,24.875,2025-06-21 11:12:26
157.7,1.2,188.5,152.6,0.8,122.6,300.2,60.02,214.7,1.4,1.7,882.1,33.5,1.0,0.7,0,116.53502524925548,24.875,24.437,2025-06-21 11:13:13
160.4,1.1,196.4,154.2,0.8,129.2,314.7,60.01,214.8,1.4,1.7,882.1,33.5,1.0,0.7,0,116.53502524925548,24.812,24.875,2025-06-21 11:13:28
160.7,1.3,211.3,153.1,0.9,144.1,341.1,59.99,214.5,1.5,1.7,882.1,33.5,1.0,0.7,0,116.53502524925548,24.937,24.5,2025-06-21 11:14:15
157.6,1.3,209.9,152.7,0.9,146.8,341.3,60,214.6,1.5,1.7,882.1,33.5,1.0,0.7,0,116.53502524925548,25.0,25.0,2025-06-21 11:14:31
159.9,1.3,216.1,158.1,1,149.6,350.9,60.04,214.2,1.5,1.7,882.1,33.6,1.0,0.7,0,116.53502524925548,25.062,24.562,2025-06-21 11:15:18
160.5,1.4,220.9,153.6,1,155.6,359.3,60.02,214.4,1.6,1.7,882.1,33.6,1.0,0.7,0,116.53502524925548,25.125,25.187,2025-06-21 11:15:33
163.2,1.5,250.1,154.9,1.1,171.8,401.0,60.03,214.6,1.8,1.7,882.1,33.6,1.1,0.7,0,155.38003366567398,25.125,24.625,2025-06-21 11:16:20
162.8,1.5,257.6,154.1,1.1,176.0,411.8,60.01,214.6,1.8,1.7,882.1,33.6,1.1,0.7,0,155.38003366567398,25.125,25.187,2025-06-21 11:16:36
161.4,1.5,253.0,156.7,1.1,179.8,411.2,60.02,214.6,1.8,1.7,882.1,33.6,1.1,0.7,0,155.38003366567398,25.312,24.75,2025-06-21 11:17:22
162.5,1.4,243.2,154.1,1.1,175.9,393.4,59.99,214.6,1.8,1.7,882.1,33.6,1.1,0.7,0,116.53502524925548,25.312,25.312,2025-06-21 11:17:38
162.2,1.1,208.0,154.3,0.9,148.2,335.6,60.04,214.6,1.5,1.7,882.1,33.6,1.1,0.7,0,116.53502524925548,25.437,24.812,2025-06-21 11:18:25
161.6,1.2,199.6,153.8,0.9,139.8,326.4,60.01,214.6,1.5,1.7,882.1,33.6,1.1,0.7,0,116.53502524925548,25.437,25.5,2025-06-21 11:18:40
158.9,1.1,182.9,151.2,0.8,124.0,295.2,60.03,214.6,1.3,1.7,882.1,33.6,1.1,0.7,0,77.69001683283699,25.437,24.75,2025-06-21 11:19:27
159,1.1,178.4,154.2,0.8,122.8,290.9,60.01,214.8,1.3,1.8,882.2,33.6,1.1,0.7,0,77.69001683283699,25.375,25.375,2025-06-21 11:19:43
159.2,1.1,173.6,154.1,0.7,116.6,280.8,60.02,214.4,1.2,1.8,882.2,33.6,1.1,0.7,0,77.69001683283699,25.375,24.625,2025-06-21 11:20:30
156.1,1.1,169.7,154.2,0.7,116.8,277.4,60.03,214.5,1.2,1.8,882.2,33.5,1.1,0.7,0,77.69001683283699,25.312,25.312,2025-06-21 11:20:45
161.6,1,172.6,154.3,0.7,116.4,279.5,60.03,214.6,1.2,1.8,882.2,33.5,1.1,0.7,0,77.69001683283699,25.312,24.625,2025-06-21 11:21:32
162,1.1,179.0,157.2,0.7,117.0,286.7,60.03,214.7,1.3,1.8,882.2,33.5,1.1,0.7,0,77.69001683283699,25.312,25.312,2025-06-21 11:21:48
154.4,1.4,213.0,151.7,0.8,132.7,330.1,59.95,214.6,1.5,1.8,882.2,33.5,1.1,0.7,0,116.53502524925548,25.125,24.562,2025-06-21 11:22:35
152.9,1.4,223.8,157.1,0.9,140.5,350.2,59.99,214.6,1.6,1.8,882.2,33.5,1.1,0.7,0,116.53502524925548,25.062,25.062,2025-06-21 11:22:50
152.3,1.6,244.6,157.1,1,161.1,385.6,59.97,214.5,1.8,1.8,882.2,33.5,1.1,0.7,0,155.38003366567398,25.0,24.625,2025-06-21 11:23:37
156.1,1.5,242.0,151.1,1,161.2,383.0,60.02,214.5,1.8,1.8,882.2,33.5,1.1,0.7,0,155.38003366567398,25.0,25.062,2025-06-21 11:23:53
153.1,1.4,214.9,154.4,0.9,158.2,355.4,60.02,214.4,1.6,1.8,882.2,33.6,1.1,0.7,0,116.53502524925548,25.187,24.625,2025-06-21 11:24:40
155.5,1.3,200.9,153.6,0.9,151.8,338.1,60.01,214.4,1.5,1.8,882.2,33.6,1.1,0.7,0,116.53502524925548,25.25,25.25,2025-06-21 11:24:55
153.2,1.1,178.1,156.8,0.8,130.3,298.3,60.04,214.5,1.3,1.8,882.2,33.5,1.1,0.7,0,77.69001683283699,25.25,24.625,2025-06-21 11:25:42
153.4,1.1,176.1,153.8,0.8,128.3,294.1,60.04,214.6,1.3,1.8,882.2,33.5,1.1,0.7,0,77.69001683283699,25.312,25.312,2025-06-21 11:25:58
156.3,1.1,180.2,154.2,0.7,122.5,292.3,60,214.7,1.3,1.8,882.2,33.5,1.1,0.7,0,77.69001683283699,25.375,24.687,2025-06-21 11:26:45
159.1,1.1,184.2,157.1,0.7,120.8,294.6,60.03,214.5,1.4,1.8,882.2,33.5,1.1,0.7,0,77.69001683283699,25.375,25.375,2025-06-21 11:27:00
161.9,1.2,204.5,151.2,0.8,129.4,321.7,60.03,214.6,1.5,1.8,882.2,33.4,1.1,0.7,0,116.53502524925548,25.125,24.562,2025-06-21 11:27:47
160.6,1.3,214.2,154.2,0.8,135.3,335.9,60.04,214.6,1.5,1.8,882.2,33.4,1.1,0.7,0,116.53502524925548,25.062,25.062,2025-06-21 11:28:03
160.5,1.4,225.5,154.5,0.9,145.4,355.4,60,214.5,1.6,1.8,882.2,33.4,1.1,0.7,0,116.53502524925548,25.0,24.625,2025-06-21 11:28:49
163.5,1.3,219.4,154.2,0.9,146.5,351.1,59.97,214.4,1.6,1.8,882.2,33.4,1.1,0.7,0,116.53502524925548,25.0,25.0,2025-06-21 11:29:05
157.5,1.2,201.1,154.1,0.9,138.5,327.0,59.98,214.7,1.5,1.8,882.2,33.4,1.1,0.7,0,116.53502524925548,24.937,24.562,2025-06-21 11:29:52
160.5,1.2,197.7,157,0.8,133.7,319.7,59.99,214.7,1.4,1.8,882.2,33.4,1.1,0.7,0,116.53502524925548,24.937,24.937,2025-06-21 11:30:07
161.2,1.1,182.5,151.5,0.8,125.3,297.0,60.03,214.6,1.3,1.8,882.2,33.3,1.1,0.7,0,77.69001683283699,25.125,24.562,2025-06-21 11:30:54
157.6,1.1,187.0,151.3,0.8,122.6,298.7,60.02,214.4,1.4,1.8,882.2,33.3,1.1,0.7,0,116.53502524925548,25.187,25.187,2025-06-21 11:31:10
157.6,1.2,198.7,157.1,0.8,127.7,315.7,59.97,213.9,1.4,1.8,882.2,33.3,1.1,0.7,0,116.53502524925548,25.25,24.562,2025-06-21 11:31:57
161,1.2,206.2,157.7,0.7,131.9,325.8,59.97,214,1.4,1.8,882.2,33.3,1.1,0.7,0,116.53502524925548,25.187,25.25,2025-06-21 11:32:12
160.6,1.4,220.1,154.4,0.9,146.9,350.9,59.98,214,1.6,1.8,882.2,33.3,1.1,0.8,0,116.53502524925548,25.0,24.5,2025-06-21 11:32:59
160.9,1.3,225.6,151.6,0.9,148.4,356.4,59.99,214.4,1.6,1.8,882.2,33.3,1.1,0.8,0,116.53502524925548,24.937,24.937,2025-06-21 11:33:15
166.7,1.4,220.8,154.2,0.9,158.5,362.1,60.04,214.6,1.6,1.8,882.2,33.3,1.1,0.8,0,116.53502524925548,24.812,24.375,2025-06-21 11:34:02
166.5,1.5,224.8,157,1,161.0,366.6,59.97,214.8,1.7,1.8,882.2,33.2,1.1,0.8,0,116.53502524925548,24.687,24.687,2025-06-21 11:34:17
163.5,1.5,242.2,154.2,1.1,171.0,393.6,59.98,214.7,1.8,1.8,882.2,33.2,1.1,0.8,0,155.38003366567398,24.812,24.312,2025-06-21 11:35:04
160.6,1.4,239.8,157,1.1,173.3,392.6,59.98,214.8,1.8,1.8,882.2,33.2,1.1,0.8,0,155.38003366567398,24.875,24.875,2025-06-21 11:35:20
160.5,1.4,239.1,157.1,1.1,177.0,396.2,59.97,214.9,1.8,1.8,882.2,33.1,1.1,0.8,0,155.38003366567398,24.875,24.437,2025-06-21 11:36:07
163.5,1.3,235.5,154.3,1.1,177.3,393.6,60.05,215.1,1.8,1.8,882.2,33.1,1.1,0.8,0,155.38003366567398,24.937,24.937,2025-06-21 11:36:22
160.5,1.4,234.2,157.1,1.1,171.8,386.7,60.02,215.1,1.7,1.8,882.2,33.2,1.1,0.8,0,155.38003366567398,24.937,24.5,2025-06-21 11:37:09
160.6,1.4,232.0,153.9,1.1,168.8,381.0,60.01,215,1.8,1.9,882.3,33.2,1.1,0.8,0,116.53502524925548,24.937,25.0,2025-06-21 11:37:25
162.4,1.3,219.0,154.2,1,162.3,362.4,60.03,215.1,1.6,1.9,882.3,33.2,1.1,0.8,0,116.53502524925548,25.0,24.562,2025-06-21 11:38:12
158,1.3,210.4,151.6,1,157.6,351.4,60,214.8,1.5,1.9,882.3,33.2,1.1,0.8,0,116.53502524925548,25.125,25.125,2025-06-21 11:38:27
161.6,1.1,182.3,154.6,0.9,142.4,312.9,60.02,214.5,1.4,1.9,882.3,33.2,1.1,0.8,0,116.53502524925548,25.25,24.687,2025-06-21 11:39:14
159.8,1.1,177.9,154,0.9,140.1,306.6,60.03,214.5,1.4,1.9,882.3,33.1,1.1,0.8,0,77.69001683283699,25.25,25.312,2025-06-21 11:39:30
160.5,1,164.2,152.2,0.8,132.4,286.3,60.03,214.7,1.3,1.9,882.3,33.2,1.1,0.8,0,77.69001683283699,25.25,24.687,2025-06-21 11:40:17
161.2,1,164.9,154.2,0.8,131.4,286.3,59.99,214.7,1.3,1.9,882.3,33.2,1.1,0.8,0,77.69001683283699,25.25,25.187,2025-06-21 11:40:32
162.1,1.1,185.3,151.2,0.8,131.6,305.4,59.99,214.4,1.4,1.9,882.3,33.2,1.1,0.8,0,116.53502524925548,25.312,24.562,2025-06-21 11:41:19
157.7,1.2,192.8,151.3,0.8,134.5,315.2,59.98,214.7,1.4,1.9,882.3,33.2,1.1,0.8,0,116.53502524925548,25.375,25.375,2025-06-21 11:41:35
157.6,1.3,208.4,157.1,0.9,142.3,337.1,60,214.7,1.6,1.9,882.3,33.2,1.1,0.8,0,116.53502524925548,25.437,24.687,2025-06-21 11:42:21
160.6,1.3,212.3,154.4,0.9,145.6,343.6,59.99,214.6,1.5,1.9,882.3,33.2,1.1,0.8,0,116.53502524925548,25.437,25.437,2025-06-21 11:42:37
163.9,1.2,200.2,154.4,0.9,146.4,335.0,59.99,214.4,1.5,1.9,882.3,33.3,1.1,0.8,0,116.53502524925548,25.375,24.5,2025-06-21 11:43:24
160.4,1.3,204.7,154.2,0.9,145.7,337.3,60,214.3,1.5,1.9,882.3,33.3,1.1,0.8,0,116.53502524925548,25.312,25.375,2025-06-21 11:43:39
157.6,1.2,199.1,154.3,0.9,140.4,327.2,59.97,214.4,1.5,1.9,882.3,33.3,1.1,0.8,0,116.53502524925548,25.375,24.562,2025-06-21 11:44:26
160.5,1.2,201.0,151.3,0.9,137.4,323.8,59.96,214.4,1.5,1.9,882.3,33.3,1.1,0.8,0,116.53502524925548,25.375,25.375,2025-06-21 11:44:42
160.5,1.2,201.2,157.2,0.8,138.5,327.5,60.03,214.4,1.4,1.9,882.3,33.3,1.2,0.8,0,116.53502524925548,25.437,24.625,2025-06-21 11:45:29
160,1.2,200.7,154.4,0.9,138.8,328.9,60.02,214.4,1.5,1.9,882.3,33.3,1.2,0.8,0,116.53502524925548,25.437,25.437,2025-06-21 11:45:44
160.5,1.3,211.9,153.1,0.9,141.9,338.7,60.01,214.7,1.5,1.9,882.3,33.3,1.2,0.8,0,116.53502524925548,25.437,24.625,2025-06-21 11:46:31
160.9,1.3,210.3,154.1,0.9,146.3,341.6,59.96,214.6,1.6,1.9,882.3,33.3,1.2,0.8,0,116.53502524925548,25.125,25.125,2025-06-21 11:46:47
161.9,1.4,227.1,154.2,1,156.0,365.2,59.98,214.3,1.7,1.9,882.3,33.3,1.2,0.8,0,116.53502524925548,25.062,24.687,2025-06-21 11:47:34
163.5,1.4,229.2,158.2,1,152.6,366.4,59.98,214.5,1.7,1.9,882.3,33.3,1.2,0.8,0,116.53502524925548,25.062,25.062,2025-06-21 11:47:49
157.6,1.5,235.9,157,1.1,169.5,386.0,59.95,214.9,1.7,1.9,882.3,33.3,1.2,0.8,0,116.53502524925548,25.062,24.75,2025-06-21 11:48:36
159.2,1.5,238.5,155.5,1.1,174.1,394.0,60.01,214.7,1.8,1.9,882.3,33.3,1.2,0.8,0,155.38003366567398,25.062,25.062,2025-06-21 11:48:52
160.6,1.5,246.3,152.4,1.1,179.6,404.8,60,215.1,1.8,1.9,882.3,33.4,1.2,0.8,0,155.38003366567398,25.25,24.687,2025-06-21 11:49:39
163.5,1.5,246.7,157.1,1.1,179.3,404.7,60.02,215.2,1.8,1.9,882.3,33.4,1.2,0.8,0,155.38003366567398,25.25,25.312,2025-06-21 11:49:54
163.6,1.5,247.8,157.1,1.1,180.8,406.5,59.99,215.1,1.9,1.9,882.3,33.3,1.2,0.8,0,155.38003366567398,25.437,24.75,2025-06-21 11:50:41
160.6,1.5,248.5,157.1,1.2,181.5,408.1,59.98,214.8,1.8,1.9,882.3,33.3,1.2,0.8,0,155.38003366567398,25.5,25.5,2025-06-21 11:50:57
163.7,1.5,248.9,154.3,1.2,182.9,410.5,59.99,215.2,1.8,1.9,882.3,33.4,1.2,0.8,0,155.38003366567398,25.5,24.812,2025-06-21 11:51:44
163.5,1.5,248.7,154.1,1.1,184.4,412.6,59.98,215.1,1.9,1.9,882.3,33.4,1.2,0.8,0,155.38003366567398,25.5,25.5,2025-06-21 11:51:59
160.5,1.5,245.6,150.8,1.1,183.2,406.4,60.04,215.3,1.9,1.9,882.3,33.4,1.2,0.8,0,155.38003366567398,25.375,24.875,2025-06-21 11:52:46
163.6,1.5,242.0,154.1,1.1,184.4,405.2,60.03,215.2,1.8,1.9,882.3,33.4,1.2,0.8,0,155.38003366567398,25.312,25.375,2025-06-21 11:53:02
160.6,1.4,239.0,150.9,1.1,179.8,395.8,60.01,215.2,1.8,1.9,882.3,33.4,1.2,0.8,0,155.38003366567398,25.375,24.812,2025-06-21 11:53:49
163.6,1.4,235.4,154.1,1.1,178.9,394.1,60.01,214.9,1.8,1.9,882.3,33.4,1.2,0.8,0,116.53502524925548,25.375,25.375,2025-06-21 11:54:04
157.6,1.4,230.6,154.1,1.1,170.8,382.6,60.01,214.8,1.7,2.0,882.4,33.4,1.2,0.8,0,155.38003366567398,25.375,24.875,2025-06-21 11:54:51
160.6,1.4,232.8,152.4,1.1,169.1,382.9,60,215,1.7,2.0,882.4,33.4,1.2,0.8,0,116.53502524925548,25.375,25.375,2025-06-21 11:55:06
160.6,1.4,229.0,157.2,1,162.2,372.9,60.02,215,1.7,2.0,882.4,33.4,1.2,0.8,0,116.53502524925548,25.312,24.875,2025-06-21 11:55:54
161.9,1.4,224.3,155.6,1,162.0,369.0,60.02,215.1,1.7,2.0,882.4,33.4,1.2,0.8,0,116.53502524925548,25.25,25.312,2025-06-21 11:56:09
158.4,1.4,220.4,152.2,1.1,164.2,365.6,60.03,215.2,1.7,2.0,882.4,33.4,1.2,0.8,0,116.53502524925548,25.312,24.812,2025-06-21 11:56:56
162.1,1.4,218.3,154.1,1.1,168.4,368.3,60,215.1,1.7,2.0,882.4,33.4,1.2,0.8,0,116.53502524925548,25.312,25.312,2025-06-21 11:57:11
159.8,1.4,219.6,153.3,1.1,173.5,371.7,60.03,214.9,1.6,2.0,882.4,33.3,1.2,0.8,0,116.53502524925548,25.312,24.812,2025-06-21 11:57:58
161.4,1.3,217.9,151.3,1.1,171.3,367.9,60.01,214.9,1.7,2.0,882.4,33.3,1.2,0.8,0,116.53502524925548,25.437,25.437,2025-06-21 11:58:14
160.6,1.3,210.1,154.3,1.1,170.5,364.1,60.02,215.1,1.6,2.0,882.4,33.3,1.2,0.8,0,116.53502524925548,25.625,24.875,2025-06-21 11:59:01
160.8,1.2,204.2,154.2,1.1,170.1,357.7,59.98,215.2,1.6,2.0,882.4,33.3,1.2,0.8,0,116.53502524925548,25.687,25.687,2025-06-21 11:59:16
160.6,1.2,199.5,154.3,1,163.3,346.8,60.02,215.2,1.6,2.0,882.4,33.3,1.2,0.8,0,116.53502524925548,25.687,24.875,2025-06-21 12:00:03
160.1,1.2,199.7,157.1,1,159.9,344.8,59.99,215.2,1.6,2.0,882.4,33.3,1.2,0.8,0,116.53502524925548,25.75,25.75,2025-06-21 12:00:19
160.7,1.3,216.6,151.2,1,157.8,356.6,60.03,215.4,1.7,2.0,882.4,33.3,1.2,0.8,0,116.53502524925548,25.75,24.75,2025-06-21 12:01:06
160.6,1.4,224.5,154.3,1,159.5,365.5,60.02,215.2,1.6,2.0,882.4,33.4,1.2,0.8,0,116.53502524925548,25.75,25.75,2025-06-21 12:01:21
163.7,1.4,236.3,154,1,164.7,381.6,60.01,215.1,1.7,2.0,882.4,33.4,1.2,0.8,0,116.53502524925548,25.562,24.812,2025-06-21 12:02:08
163.5,1.5,238.1,154.2,1.1,168.2,387.3,59.98,215.3,1.7,2.0,882.4,33.4,1.2,0.8,0,116.53502524925548,25.5,25.5,2025-06-21 12:02:24
163.4,1.4,238.3,154.2,1,175.1,392.5,59.98,215.6,1.7,2.0,882.4,33.4,1.2,0.8,0,116.53502524925548,25.5,25.0,2025-06-21 12:03:11
160.6,1.5,237.8,157.1,1.1,173.6,391.9,59.96,215.4,1.8,2.0,882.4,33.4,1.2,0.8,0,116.53502524925548,25.437,25.437,2025-06-21 12:03:26
160.6,1.4,231.7,151.7,1.1,176.6,388.2,59.96,215.5,1.7,2.0,882.4,33.5,1.2,0.8,0,116.53502524925548,25.5,25.0,2025-06-21 12:04:13
159,1.4,228.0,155.3,1.1,178.1,386.0,59.98,215.7,1.7,2.0,882.4,33.5,1.2,0.8,0,116.53502524925548,25.5,25.5,2025-06-21 12:04:29
160.7,1.4,232.1,154.3,1.1,174.9,387.0,60.03,215.7,1.8,2.0,882.4,33.5,1.2,0.8,0,116.53502524925548,25.562,25.062,2025-06-21 12:05:16
161.4,1.4,233.3,157,1.1,171.6,385.8,60.03,215.8,1.7,2.0,882.4,33.5,1.2,0.8,0,116.53502524925548,25.625,25.625,2025-06-21 12:05:31
160.7,1.5,237.0,151.1,1.1,172.9,389.7,60.01,215.5,1.8,2.0,882.4,33.5,1.2,0.8,0,116.53502524925548,25.625,25.062,2025-06-21 12:06:18
162.7,1.4,232.0,154.2,1.1,173.9,389.4,59.99,215.5,1.7,2.0,882.4,33.5,1.2,0.8,0,116.53502524925548,25.625,25.625,2025-06-21 12:06:34
157.6,1.4,222.1,151.3,1,162.9,368.8,60.01,215.6,1.7,2.0,882.4,33.5,1.2,0.8,0,116.53502524925548,25.625,25.0,2025-06-21 12:07:20
160.5,1.4,218.8,157.2,1,158.6,360.6,59.99,215.3,1.6,2.0,882.4,33.5,1.2,0.8,0,116.53502524925548,25.375,25.375,2025-06-21 12:07:36
160.5,1.3,210.1,157,0.9,150.6,346.2,60,215.3,1.6,2.0,882.4,33.5,1.2,0.8,0,116.53502524925548,25.375,25.0,2025-06-21 12:08:23
160.6,1.2,202.9,154.2,0.9,148.2,337.8,59.98,215.2,1.5,2.0,882.4,33.5,1.2,0.8,0,116.53502524925548,25.375,25.437,2025-06-21 12:08:39
162.9,1,172.8,154.2,0.8,134.6,295.7,59.98,215,1.3,2.0,882.4,33.5,1.2,0.8,0,77.69001683283699,25.437,25.0,2025-06-21 12:09:25
160.5,1,166.3,154.2,0.8,129.4,286.3,60.02,215,1.3,2.0,882.4,33.4,1.2,0.8,0,77.69001683283699,25.5,25.562,2025-06-21 12:09:41
160.5,1,158.7,151,0.8,121.7,272.7,59.98,215.2,1.2,2.0,882.4,33.4,1.2,0.9,0,77.69001683283699,25.562,24.875,2025-06-21 12:10:28
157.6,1,162.5,154.1,0.7,122.2,276.6,59.99,215.1,1.2,2.1,882.5,33.4,1.2,0.9,0,77.69001683283699,25.625,25.625,2025-06-21 12:10:43
157.7,1.2,185.6,151.3,0.8,126.0,301.2,60.03,215.2,1.3,2.1,882.5,33.4,1.2,0.9,0,77.69001683283699,25.625,24.812,2025-06-21 12:11:30
160.6,1.1,197.8,154.3,0.8,132.6,317.5,60.04,215.3,1.4,2.1,882.5,33.4,1.2,0.9,0,116.53502524925548,25.562,25.562,2025-06-21 12:11:46
162.5,1.3,216.0,157.2,0.9,143.7,345.6,60.03,215.4,1.5,2.1,882.5,33.4,1.3,0.9,0,116.53502524925548,25.562,24.75,2025-06-21 12:12:33
160.2,1.4,231.3,155.5,0.9,150.9,364.4,60.03,215.4,1.6,2.1,882.5,33.4,1.3,0.9,0,116.53502524925548,25.562,25.562,2025-06-21 12:12:48
160.7,1.6,256.1,157,1,161.7,397.1,60.02,215.6,1.8,2.1,882.5,33.5,1.3,0.9,0,155.38003366567398,25.5,24.687,2025-06-21 12:13:35
160.6,1.6,262.4,154.2,1,165.8,406.2,60.03,215.6,1.9,2.1,882.5,33.5,1.3,0.9,0,155.38003366567398,25.437,25.437,2025-06-21 12:13:51
163.5,1.7,277.1,157.1,1.1,176.2,430.5,60.02,215.8,2,2.1,882.5,33.5,1.3,0.9,0,155.38003366567398,25.437,24.625,2025-06-21 12:14:38
166.4,1.7,263.0,151.2,1.1,177.9,424.4,60.04,215.7,2,2.1,882.5,33.5,1.3,0.9,0,155.38003366567398,25.312,25.312,2025-06-21 12:14:53
166.5,1.7,264.6,154.2,1.2,187.2,428.8,60.01,215.8,2,2.1,882.5,33.6,1.3,0.9,0,155.38003366567398,25.312,24.625,2025-06-21 12:15:40
163.3,1.7,276.0,154.2,1.2,186.3,438.9,60.03,215.7,2,2.1,882.5,33.6,1.3,0.9,0,155.38003366567398,25.375,25.375,2025-06-21 12:15:56
163.5,1.6,261.4,156.9,1.1,185.1,424.0,60.02,215.8,1.9,2.1,882.5,33.7,1.3,0.9,0,155.38003366567398,25.375,24.625,2025-06-21 12:16:43
160.5,1.6,258.5,154.1,1.2,182.7,419.5,60.02,215.5,1.9,2.1,882.5,33.7,1.3,0.9,0,155.38003366567398,25.5,25.5,2025-06-21 12:16:58
163.5,1.6,262.8,154.1,1.1,176.4,416.3,59.97,215.2,1.9,2.1,882.5,33.7,1.3,0.9,0,116.53502524925548,25.562,24.687,2025-06-21 12:17:45
160.5,1.6,262.4,154.3,1.1,175.2,416.7,60.02,215.3,1.9,2.1,882.5,33.7,1.3,0.9,0,116.53502524925548,25.5,25.562,2025-06-21 12:18:01
159.8,1.6,259.8,157.1,1.1,176.6,415.0,59.98,215.3,1.9,2.1,882.5,33.7,1.3,0.9,0,116.53502524925548,25.437,24.75,2025-06-21 12:18:48
163.4,1.6,259.2,154.1,1.1,177.7,415.6,59.97,215.3,1.9,2.1,882.5,33.7,1.3,0.9,0,116.53502524925548,25.5,25.437,2025-06-21 12:19:03
163.5,1.5,252.8,151.2,1.1,174.7,406.1,59.98,215.5,1.9,2.1,882.5,33.7,1.3,0.9,0,116.53502524925548,25.562,24.875,2025-06-21 12:19:50
160.5,1.6,254.1,154.2,1.1,178.0,410.7,59.99,215.7,1.8,2.1,882.5,33.7,1.3,0.9,0,116.53502524925548,25.625,25.625,2025-06-21 12:20:06
163.5,1.6,259.5,155.2,1.1,180.4,417.9,60.03,215.7,1.9,2.1,882.5,33.7,1.3,0.9,0,155.38003366567398,25.812,24.937,2025-06-21 12:20:53
160.6,1.6,267.1,157.1,1.2,182.5,426.7,59.99,215.5,1.9,2.1,882.5,33.7,1.3,0.9,0,155.38003366567398,25.875,25.875,2025-06-21 12:21:08
163.5,1.8,289.6,155.7,1.2,194.5,459.5,59.98,215.4,2.1,2.1,882.5,33.7,1.3,0.9,0,155.38003366567398,25.75,25.0,2025-06-21 12:21:55
166.9,1.8,275.9,156.9,1.2,198.3,451.7,59.99,215.4,2.2,2.1,882.5,33.7,1.3,0.9,0,155.38003366567398,25.75,25.75,2025-06-21 12:22:11
166.7,1.8,295.4,157,1.3,211.9,479.7,59.97,215.5,2.2,2.1,882.5,33.7,1.3,0.9,0,155.38003366567398,25.687,24.937,2025-06-21 12:22:57
160.5,1.9,309.2,160.5,1.3,205.5,487.7,60,215.7,2.2,2.1,882.5,33.8,1.3,0.9,0,155.38003366567398,25.625,25.625,2025-06-21 12:23:13
163.5,1.8,313.7,157.1,1.4,221.4,504.5,59.99,215.7,2.2,2.1,882.5,33.8,1.3,0.9,0,155.38003366567398,25.5,24.937,2025-06-21 12:24:00
163.4,1.9,311.8,157.1,1.4,223.9,504.1,60.02,215.7,2.3,2.1,882.5,33.8,1.3,0.9,0,155.38003366567398,25.562,25.562,2025-06-21 12:24:16
163.6,1.9,308.6,157,1.4,223.7,504.8,60.03,215.7,2.3,2.2,882.6,33.8,1.3,0.9,0,155.38003366567398,25.75,25.125,2025-06-21 12:25:02
164.1,1.9,294.5,154.2,1.4,223.1,487.9,60.01,215.7,2.3,2.2,882.6,33.8,1.3,0.9,0,155.38003366567398,25.812,25.812,2025-06-21 12:25:18
164.7,1.9,299.1,155.3,1.5,229.9,496.6,60.01,215.6,2.3,2.2,882.6,33.8,1.3,0.9,0,194.22504208209244,25.937,25.125,2025-06-21 12:26:05
161.1,2,319.5,154.1,1.5,231.3,517.0,59.99,215.7,2.4,2.2,882.6,33.8,1.3,0.9,0,194.22504208209244,26.0,25.937,2025-06-21 12:26:20
165.1,1.9,328.8,154.4,1.5,233.2,528.3,59.98,215.7,2.3,2.2,882.6,33.9,1.3,0.9,0,194.22504208209244,26.125,25.25,2025-06-21 12:27:07
161.3,2,330.9,156.4,1.5,233.0,530.9,59.98,215.8,2.5,2.2,882.6,33.9,1.3,0.9,0,194.22504208209244,26.187,26.187,2025-06-21 12:27:23
165.1,2,315.4,155.4,1.5,235.0,517.9,59.98,215.9,2.4,2.2,882.6,33.9,1.3,0.9,0,194.22504208209244,26.187,25.25,2025-06-21 12:28:10
162.6,2,327.5,156.3,1.4,233.1,530.3,60,216,2.4,2.2,882.6,33.9,1.3,0.9,0,194.22504208209244,26.062,26.062,2025-06-21 12:28:25
164.6,1.8,322.8,154.7,1.5,235.9,510.2,59.98,215.9,2.3,2.2,882.6,33.9,1.3,0.9,0,194.22504208209244,25.937,25.312,2025-06-21 12:29:12
163.4,2,326.9,154.2,1.5,238.3,532.0,59.97,215.6,2.4,2.2,882.6,33.9,1.3,0.9,0,194.22504208209244,25.937,25.937,2025-06-21 12:29:28
160.5,2.1,334.8,157,1.6,249.3,550.3,60.02,215.6,2.5,2.2,882.6,33.9,1.3,0.9,0,194.22504208209244,26.125,25.312,2025-06-21 12:30:15
163.5,2,341.1,157.2,1.6,251.0,557.8,60.01,215.4,2.5,2.2,882.6,33.9,1.3,0.9,0,194.22504208209244,26.125,26.125,2025-06-21 12:30:30
166.6,1.9,328.5,157,1.6,256.9,551.8,60,214.7,2.6,2.2,882.6,34,1.3,0.9,0,194.22504208209244,26.187,25.312,2025-06-21 12:31:17
160.8,2.1,344.5,157.2,1.6,257.9,568.1,60.02,214.6,2.6,2.2,882.6,34,1.3,0.9,0,194.22504208209244,26.25,26.25,2025-06-21 12:31:33
166.4,2.1,338.9,157.1,1.5,261.8,562.3,60.01,214.6,2.6,2.2,882.6,34.1,1.3,0.9,0,194.22504208209244,26.25,25.5,2025-06-21 12:32:20
163.5,2.2,349.7,157.1,1.6,258.0,573.4,60.02,214.6,2.7,2.2,882.6,34.1,1.3,0.9,0,194.22504208209244,26.312,26.312,2025-06-21 12:32:35
163.5,2.1,338.6,154.2,1.5,246.2,550.1,59.96,214.5,2.5,2.2,882.6,34.1,1.4,0.9,0,194.22504208209244,26.312,25.5,2025-06-21 12:33:22
163.6,2.1,332.2,154.9,1.5,240.7,539.8,60,214.6,2.5,2.2,882.6,34.1,1.4,0.9,0,194.22504208209244,26.5,26.5,2025-06-21 12:33:38
160.5,1.9,307.0,155.7,1.4,228.3,504.3,60,214.2,2.3,2.2,882.6,34.1,1.4,0.9,0,155.38003366567398,26.562,25.562,2025-06-21 12:34:25
160.6,1.9,303.3,154.2,1.5,228.5,500.1,59.97,214.2,2.3,2.2,882.6,34.1,1.4,0.9,0,155.38003366567398,26.562,26.562,2025-06-21 12:34:40
162,1.9,301.7,154.3,1.4,228.0,498.7,59.99,214.2,2.3,2.2,882.6,34.1,1.4,0.9,0,194.22504208209244,26.562,25.625,2025-06-21 12:35:27
158.6,1.9,305.4,152.2,1.5,228.2,502.4,60,214.4,2.3,2.2,882.6,34.1,1.4,0.9,0,194.22504208209244,26.625,26.625,2025-06-21 12:35:43
161.4,1.8,302.7,153,1.4,222.1,495.3,59.97,214.4,2.2,2.3,882.7,34.2,1.4,0.9,0,194.22504208209244,26.562,25.625,2025-06-21 12:36:29
158.7,1.8,299.1,154.2,1.4,217.7,481.0,59.96,214.3,2.2,2.3,882.7,34.2,1.4,0.9,0,155.38003366567398,26.5,26.5,2025-06-21 12:36:45
163.3,1.7,277.3,154.6,1.2,202.6,455.5,59.96,214.2,2.1,2.3,882.7,34.2,1.4,0.9,0,155.38003366567398,26.437,25.562,2025-06-21 12:37:32
159.3,1.8,286.0,154,1.3,198.5,457.9,59.98,213.8,2.1,2.3,882.7,34.2,1.4,0.9,0,155.38003366567398,26.375,26.437,2025-06-21 12:37:48
160.7,1.8,286.6,154.2,1.2,193.4,456.0,59.98,214,2.1,2.3,882.7,34.2,1.4,0.9,0,155.38003366567398,26.437,25.25,2025-06-21 12:38:34
160.5,1.8,290.1,157.2,1.2,191.8,456.6,59.96,214,2.1,2.3,882.7,34.2,1.4,0.9,0,155.38003366567398,26.375,26.375,2025-06-21 12:38:50
160.4,2,314.9,151.2,1.3,205.8,490.6,60.04,214.2,2.3,2.3,882.7,34.2,1.4,1.0,0,194.22504208209244,26.187,25.375,2025-06-21 12:39:37
160.5,2,320.9,154.2,1.4,212.4,501.8,60.03,214.3,2.3,2.3,882.7,34.3,1.4,1.0,0,194.22504208209244,26.187,26.187,2025-06-21 12:39:52
160.5,1.9,315.5,154.2,1.3,211.6,496.2,59.99,214.3,2.3,2.3,882.7,34.3,1.4,1.0,0,194.22504208209244,26.062,25.375,2025-06-21 12:40:39
160.6,1.8,308.2,157.3,1.3,207.8,487.4,60.02,214.3,2.2,2.3,882.7,34.3,1.4,1.0,0,155.38003366567398,25.937,26.0,2025-06-21 12:40:55
157.6,1.7,275.7,151.2,1.3,201.3,451.3,59.98,214.4,2.1,2.3,882.7,34.3,1.4,1.0,0,155.38003366567398,25.875,25.375,2025-06-21 12:41:42
163.5,1.7,262.2,154.3,1.3,204.0,440.4,59.99,214.2,2.1,2.3,882.7,34.3,1.4,1.0,0,155.38003366567398,25.937,26.0,2025-06-21 12:41:57
160.4,1.7,271.9,154.8,1.3,207.3,452.6,60,214.2,2.1,2.3,882.7,34.2,1.4,1.0,0,155.38003366567398,26.062,25.375,2025-06-21 12:42:44
162.8,1.7,267.8,154,1.3,205.5,447.2,60.01,214.3,2.1,2.3,882.7,34.1,1.4,1.0,0,155.38003366567398,26.125,26.125,2025-06-21 12:43:00
160.3,1.7,271.0,154.3,1.2,188.9,434.6,60,214.4,2,2.3,882.7,34.1,1.4,1.0,0,155.38003366567398,26.312,25.437,2025-06-21 12:43:47
160.5,1.6,262.8,154.2,1.2,184.0,423.0,59.98,214.4,1.9,2.3,882.7,34.1,1.4,1.0,0,155.38003366567398,26.375,26.375,2025-06-21 12:44:02
157.9,1.7,272.4,154,1.2,184.8,432.9,60.01,214.4,2,2.3,882.7,34.1,1.4,1.0,0,155.38003366567398,26.312,25.625,2025-06-21 12:44:49
163.1,1.7,266.7,153.2,1.2,188.0,430.6,59.98,214.4,2,2.3,882.7,34.1,1.4,1.0,0,155.38003366567398,26.312,26.312,2025-06-21 12:45:05
160.6,1.8,284.2,156.9,1.3,197.1,456.2,59.99,214.4,2.1,2.3,882.7,34.1,1.4,1.0,0,155.38003366567398,26.312,25.687,2025-06-21 12:45:52
160.7,1.8,292.2,154.1,1.3,205.5,471.8,59.99,214.5,2.1,2.3,882.7,34.1,1.4,1.0,0,155.38003366567398,26.375,26.375,2025-06-21 12:46:07
160.5,2.1,337.1,151.6,1.4,222.4,526.5,59.98,214.5,2.5,2.3,882.7,34.1,1.4,1.0,0,194.22504208209244,26.312,25.625,2025-06-21 12:46:54
160.5,2.2,353.2,151.2,1.5,228.3,546.4,59.98,214.5,2.5,2.3,882.7,34.1,1.4,1.0,0,194.22504208209244,26.187,26.187,2025-06-21 12:47:10
160.5,2.3,366.7,154.2,1.5,241.7,571.4,59.97,214.3,2.6,2.3,882.7,34.1,1.4,1.0,0,233.07005049851097,26.0,25.812,2025-06-21 12:47:57
160.7,2.2,359.6,157,1.5,240.5,564.1,59.98,214.3,2.6,2.3,882.7,34.1,1.4,1.0,0,194.22504208209244,26.0,26.0,2025-06-21 12:48:12
163.1,2.1,352.6,157.1,1.5,245.7,562.8,60.03,214.2,2.5,2.4,882.8,34.2,1.4,1.0,0,194.22504208209244,26.0,25.75,2025-06-21 12:48:59
157.5,2.2,357.9,154.2,1.6,247.7,567.3,60.03,214.3,2.6,2.4,882.8,34.2,1.4,1.0,0,233.07005049851097,26.125,26.125,2025-06-21 12:49:15
161.3,2.2,351.5,154.2,1.5,242.6,560.0,60.01,214.4,2.5,2.4,882.8,34.2,1.4,1.0,0,194.22504208209244,26.375,25.812,2025-06-21 12:50:02
160.4,2.2,356.0,153.9,1.6,243.8,568.3,60.04,214.6,2.6,2.4,882.8,34.2,1.4,1.0,0,194.22504208209244,26.375,26.437,2025-06-21 12:50:17
160.6,2.4,383.2,156.6,1.6,257.6,603.0,60.04,214.5,2.7,2.4,882.8,34.3,1.4,1.0,0,233.07005049851097,26.437,26.062,2025-06-21 12:51:04
161.2,2.3,387.7,157.1,1.6,262.2,611.0,60.02,214.6,2.8,2.4,882.8,34.3,1.4,1.0,0,233.07005049851097,26.562,26.625,2025-06-21 12:51:20
157.7,2.4,378.7,157,1.7,267.4,608.4,60.05,214.5,2.8,2.4,882.8,34.4,1.5,1.0,0,233.07005049851097,26.625,26.25,2025-06-21 12:52:07
163,2.4,378.4,153.5,1.7,270.8,611.6,60.04,214.5,2.8,2.4,882.8,34.4,1.5,1.0,0,233.07005049851097,26.562,26.562,2025-06-21 12:52:22
160.6,2.4,386.0,154.4,1.7,268.3,613.7,59.99,214.5,2.9,2.4,882.8,34.4,1.5,1.0,0,233.07005049851097,26.75,26.312,2025-06-21 12:53:09
160.5,2.4,379.8,154.2,1.7,266.8,607.6,59.99,214.4,2.8,2.4,882.8,34.4,1.5,1.0,0,233.07005049851097,26.812,26.812,2025-06-21 12:53:25
160.5,2,352.0,151.3,1.6,247.5,563.8,60.03,214,2.5,2.4,882.8,34.5,1.5,1.0,0,194.22504208209244,26.812,26.375,2025-06-21 12:54:11
160.2,2.1,341.1,156.8,1.6,245.0,548.0,60,213.9,2.5,2.4,882.8,34.5,1.5,1.0,0,194.22504208209244,26.937,26.937,2025-06-21 12:54:27
163.5,1.9,301.2,154.2,1.5,232.0,502.2,60.03,214,2.4,2.4,882.8,34.5,1.5,1.0,0,194.22504208209244,26.937,26.375,2025-06-21 12:55:14
160.7,1.9,306.0,154.1,1.4,227.6,501.7,60.03,214,2.3,2.4,882.8,34.5,1.5,1.0,0,155.38003366567398,26.875,26.875,2025-06-21 12:55:29
160,1.9,306.9,151.7,1.4,217.3,494.4,59.97,214.1,2.3,2.4,882.8,34.4,1.5,1.0,0,194.22504208209244,26.687,26.312,2025-06-21 12:56:16
163.2,1.8,301.4,154.2,1.4,216.7,489.5,59.99,214,2.2,2.4,882.8,34.4,1.5,1.0,0,155.38003366567398,26.562,26.562,2025-06-21 12:56:32
162.5,1.8,310.6,153.5,1.4,214.4,494.8,59.97,213.5,2.2,2.4,882.8,34.4,1.5,1.0,0,194.22504208209244,26.375,26.062,2025-06-21 12:57:19
160.6,2,327.5,154.2,1.4,218.8,513.7,59.97,214.1,2.4,2.4,882.8,34.4,1.5,1.0,0,194.22504208209244,26.312,26.375,2025-06-21 12:57:34
160.6,2.1,342.2,153.3,1.4,217.4,527.0,60.01,214.1,2.4,2.4,882.8,34.4,1.5,1.0,0,194.22504208209244,26.187,26.187,2025-06-21 12:58:21
160.6,2.1,335.1,156.8,1.3,216.1,517.1,60.03,214.2,2.3,2.4,882.8,34.4,1.5,1.0,0,194.22504208209244,26.062,26.062,2025-06-21 12:58:37
159.4,1.8,292.0,152.1,1.2,194.5,459.8,59.99,214.1,2.1,2.4,882.8,34.4,1.5,1.0,0,155.38003366567398,26.0,26.187,2025-06-21 12:59:24
158.2,1.7,275.3,157,1.2,181.6,433.5,60.04,214.2,2,2.4,882.8,34.4,1.5,1.0,0,155.38003366567398,26.062,26.062,2025-06-21 12:59:39
158.7,1.5,238.0,152.4,1,163.4,386.0,59.98,214,1.8,2.5,882.9,34.4,1.5,1.0,0,116.53502524925548,26.062,26.187,2025-06-21 13:00:26
157.8,1.5,239.1,154.3,1,161.4,380.6,59.99,213.9,1.7,2.5,882.9,34.4,1.5,1.0,0,116.53502524925548,25.937,25.937,2025-06-21 13:00:42
160.5,1.5,243.7,154,1,161.5,385.3,60.04,213.9,1.8,2.5,882.9,34.3,1.5,1.0,0,116.53502524925548,25.625,25.937,2025-06-21 13:01:29
157.4,1.6,252.9,157,1,158.0,392.2,60,213.9,1.8,2.5,882.9,34.3,1.5,1.0,0,116.53502524925548,25.562,25.562,2025-06-21 13:01:44
154.7,1.6,255.1,157,1,160.9,396.1,60,214,1.8,2.5,882.9,34.2,1.5,1.0,0,155.38003366567398,25.437,25.812,2025-06-21 13:02:31
160.5,1.6,251.2,154,1,160.9,392.5,60.01,213.9,1.8,2.5,882.9,34.2,1.5,1.0,0,155.38003366567398,25.437,25.437,2025-06-21 13:02:47
157.7,1.5,237.0,154.2,1,152.6,370.8,60.03,213.8,1.7,2.5,882.9,34.1,1.5,1.0,0,116.53502524925548,25.5,25.562,2025-06-21 13:03:33
157.7,1.5,237.1,151.3,0.9,151.5,370.6,60.02,213.7,1.7,2.5,882.9,34.1,1.5,1.0,0,116.53502524925548,25.562,25.562,2025-06-21 13:03:49
160.6,1.5,242.0,151.2,0.9,147.9,371.7,59.96,213.7,1.7,2.5,882.9,34.1,1.5,1.0,0,116.53502524925548,25.5,25.625,2025-06-21 13:04:36
157.4,1.5,238.9,156.8,0.9,144.5,366.4,59.96,213.7,1.6,2.5,882.9,34.1,1.5,1.0,0,116.53502524925548,25.437,25.437,2025-06-21 13:04:52
157.2,1.3,208.6,154.3,0.8,136.6,332.3,60,213.5,1.5,2.5,882.9,34,1.5,1.0,0,116.53502524925548,25.437,25.625,2025-06-21 13:05:38
157.7,1.2,200.9,151.7,0.8,132.4,321.2,59.98,213.6,1.4,2.5,882.9,34,1.5,1.0,0,77.69001683283699,25.437,25.437,2025-06-21 13:05:54
157.7,1.2,190.7,149.2,0.8,125.2,305.4,59.98,214,1.3,2.5,882.9,34,1.5,1.0,0,116.53502524925548,25.437,25.687,2025-06-21 13:06:41
157.3,1.2,189.0,148.3,0.8,124.1,301.8,60.03,213.7,1.4,2.5,882.9,34,1.5,1.0,0,77.69001683283699,25.437,25.437,2025-06-21 13:06:56
159.3,1.1,194.6,154.2,0.8,122.9,307.0,60,213.9,1.4,2.5,882.9,34,1.5,1.0,0,116.53502524925548,25.437,25.562,2025-06-21 13:07:43
155,1.2,195.4,150.6,0.8,121.3,304.4,59.98,213.9,1.4,2.5,882.9,34,1.5,1.0,0,116.53502524925548,25.375,25.375,2025-06-21 13:07:59
157.7,1.2,196.2,149.4,0.8,123.5,309.0,60.01,214.1,1.4,2.5,882.9,33.9,1.5,1.0,0,116.53502524925548,25.25,25.375,2025-06-21 13:08:46
158.5,1.2,198.4,148.3,0.8,124.1,309.9,60.02,214.1,1.4,2.5,882.9,33.9,1.5,1.0,0,116.53502524925548,25.187,25.187,2025-06-21 13:09:01
157.5,1.2,193.6,154.3,0.8,122.1,305.2,59.98,214.1,1.3,2.5,882.9,33.9,1.5,1.0,0,116.53502524925548,25.25,25.375,2025-06-21 13:09:48
157.6,1.1,187.4,151.2,0.8,120.7,297.4,60,214,1.3,2.5,882.9,33.9,1.5,1.1,0,116.53502524925548,25.25,25.25,2025-06-21 13:10:04
154.6,1,166.6,151.1,0.7,113.7,271.5,60.04,214,1.1,2.5,882.9,33.9,1.5,1.1,0,77.69001683283699,25.25,25.562,2025-06-21 13:10:51
157.5,0.9,163.3,151.2,0.7,111.4,266.7,60.03,214.1,1.2,2.5,882.9,33.9,1.5,1.1,0,77.69001683283699,25.437,25.437,2025-06-21 13:11:06
157.6,0.9,153.0,151.3,0.6,103.7,250.9,60,213.9,1.1,2.5,882.9,33.8,1.5,1.1,0,77.69001683283699,25.625,25.625,2025-06-21 13:11:53
157.1,0.9,147.8,148.4,0.6,100.9,244.0,60,213.8,1.1,2.5,882.9,33.8,1.5,1.1,0,77.69001683283699,25.625,25.625,2025-06-21 13:12:09
158,0.9,148.4,150.9,0.6,98.4,242.4,60.01,213.8,1.1,2.5,882.9,33.8,1.5,1.1,0,77.69001683283699,25.437,25.562,2025-06-21 13:12:55
154.8,0.9,151.7,149.1,0.6,98.5,245.0,60.01,214.1,1,2.5,882.9,33.8,1.5,1.1,0,77.69001683283699,25.437,25.437,2025-06-21 13:13:11
154.4,1,158.7,151.3,0.6,100.4,252.1,59.98,214,1.1,2.5,882.9,33.8,1.5,1.1,0,77.69001683283699,25.312,25.375,2025-06-21 13:13:58
157.5,1,162.7,154.2,0.6,99.9,255.7,59.98,213.8,1.1,2.5,882.9,33.8,1.5,1.1,0,77.69001683283699,25.25,25.312,2025-06-21 13:14:14
157.7,1,169.4,148.3,0.7,102.6,263.8,59.97,213.6,1.2,2.5,882.9,33.8,1.5,1.1,0,77.69001683283699,25.25,25.437,2025-06-21 13:15:00
158.6,1.1,166.7,150.1,0.7,103.9,262.4,59.98,213.5,1.2,2.5,882.9,33.8,1.5,1.1,0,77.69001683283699,25.25,25.25,2025-06-21 13:15:16
159.5,1,162.0,153,0.7,103.6,259.2,60.03,213.7,1.2,2.5,882.9,33.8,1.5,1.1,0,77.69001683283699,25.25,25.5,2025-06-21 13:16:03
155.8,1,165.1,151.2,0.7,103.8,261.7,60.02,213.6,1.2,2.5,882.9,33.8,1.5,1.1,0,77.69001683283699,25.312,25.375,2025-06-21 13:16:19
156.2,1,161.1,151.1,0.6,102.5,257.3,60,213.4,1.2,2.5,882.9,33.7,1.6,1.1,0,77.69001683283699,25.25,25.437,2025-06-21 13:17:05
156.3,1,157.9,152.9,0.6,101.2,255.2,60.02,213.3,1.1,2.5,882.9,33.7,1.6,1.1,0,77.69001683283699,25.25,25.25,2025-06-21 13:17:21
156,1,153.6,149.7,0.6,100.3,248.6,60.02,213.4,1.1,2.5,882.9,33.7,1.6,1.1,0,77.69001683283699,25.125,25.375,2025-06-21 13:18:08
160.9,0.9,148.0,148.4,0.6,98.9,241.9,60.04,213.4,1.1,2.5,882.9,33.7,1.6,1.1,0,77.69001683283699,25.125,25.187,2025-06-21 13:18:23
158,0.9,149.4,154.2,0.6,97.8,237.0,60.03,213.7,1,2.5,882.9,33.7,1.6,1.1,0,77.69001683283699,25.187,25.375,2025-06-21 13:19:10
157.6,0.9,147.1,151.3,0.6,98.1,240.4,59.99,213.7,1.1,2.6,883.0,33.7,1.6,1.1,0,77.69001683283699,25.25,25.312,2025-06-21 13:19:26
157.6,0.9,143.5,151.3,0.6,99.1,237.7,60.03,214,1.1,2.6,883.0,33.7,1.6,1.1,0,77.69001683283699,25.25,25.312,2025-06-21 13:20:13
154.6,0.9,140.8,151.3,0.6,100.5,236.6,60.01,213.9,1,2.6,883.0,33.7,1.6,1.1,0,77.69001683283699,25.312,25.312,2025-06-21 13:20:28
154.6,0.9,142.0,151.3,0.7,104.3,241.4,60.03,214.1,1.1,2.6,883.0,33.7,1.6,1.1,0,77.69001683283699,25.312,25.437,2025-06-21 13:21:15
157.5,0.8,145.9,148.5,0.7,105.1,242.9,60,213.9,1.1,2.6,883.0,33.7,1.6,1.1,0,77.69001683283699,25.375,25.375,2025-06-21 13:21:31
157.5,0.9,151.9,154.5,0.7,109.3,255.2,60,213.9,1.1,2.6,883.0,33.7,1.6,1.1,0,77.69001683283699,25.375,25.437,2025-06-21 13:22:18
157.4,0.9,153.8,152.1,0.7,111.2,258.6,59.97,213.9,1.2,2.6,883.0,33.6,1.6,1.1,0,77.69001683283699,25.437,25.437,2025-06-21 13:22:33
157.3,1,157.4,148.3,0.7,116.6,268.3,60.04,213.9,1.2,2.6,883.0,33.6,1.6,1.1,0,77.69001683283699,25.312,25.437,2025-06-21 13:23:20
154.5,1,160.8,151.1,0.8,119.8,272.1,60.03,214,1.3,2.6,883.0,33.6,1.6,1.1,0,77.69001683283699,25.375,25.375,2025-06-21 13:23:36
156.5,1,167.9,152.3,0.7,119.8,278.2,60.01,213.8,1.2,2.6,883.0,33.6,1.6,1.1,0,77.69001683283699,25.375,25.562,2025-06-21 13:24:22
156.3,1,166.6,153.5,0.7,120.1,277.1,59.99,213.8,1.2,2.6,883.0,33.6,1.6,1.1,0,77.69001683283699,25.375,25.375,2025-06-21 13:24:38
159.9,1.1,181.7,151.2,0.8,123.8,293.7,60,214,1.4,2.6,883.0,33.5,1.6,1.1,0,77.69001683283699,25.312,25.562,2025-06-21 13:25:25
160.6,1.2,190.4,154.1,0.8,127.4,307.2,60.01,214,1.4,2.6,883.0,33.5,1.6,1.1,0,116.53502524925548,25.375,25.375,2025-06-21 13:25:41
156,1.4,214.5,154.1,0.9,137.0,337.0,60.04,214.1,1.5,2.6,883.0,33.5,1.6,1.1,0,116.53502524925548,25.562,25.562,2025-06-21 13:26:27
157.3,1.4,223.1,153.8,0.9,140.0,346.8,60.03,214.1,1.6,2.6,883.0,33.6,1.6,1.1,0,116.53502524925548,25.562,25.562,2025-06-21 13:26:43
156.6,1.4,222.1,154.2,0.9,146.2,353.9,60,213.9,1.6,2.6,883.0,33.6,1.6,1.1,0,116.53502524925548,25.437,25.625,2025-06-21 13:27:30
159.1,1.4,222.2,157.2,0.9,144.5,350.9,60,213.9,1.6,2.6,883.0,33.6,1.6,1.1,0,116.53502524925548,25.375,25.375,2025-06-21 13:27:46
159.1,1.3,216.0,154.3,0.9,151.5,351.4,59.98,213.9,1.6,2.6,883.0,33.6,1.6,1.1,0,116.53502524925548,25.25,25.687,2025-06-21 13:28:32
159.1,1.3,215.9,157.3,0.9,151.0,350.8,60.02,213.9,1.6,2.6,883.0,33.6,1.6,1.1,0,116.53502524925548,25.25,25.25,2025-06-21 13:28:48
162,1.3,219.1,157.1,0.9,156.1,358.6,60.01,214,1.7,2.6,883.0,33.6,1.6,1.1,0,116.53502524925548,25.187,25.687,2025-06-21 13:29:35
158.8,1.4,227.6,153.9,1,158.8,367.9,60.02,214.1,1.7,2.6,883.0,33.6,1.6,1.1,0,116.53502524925548,25.125,25.187,2025-06-21 13:29:51
159.1,1.6,251.0,154.3,1.1,170.5,399.2,60.04,214.1,1.8,2.6,883.0,33.6,1.6,1.1,0,155.38003366567398,25.125,25.625,2025-06-21 13:30:37
162,1.4,257.1,155.8,1.1,175.3,409.7,60.04,214,1.7,2.6,883.0,33.6,1.6,1.1,0,155.38003366567398,25.062,25.125,2025-06-21 13:30:53
162.1,1.5,267.4,151.1,1.2,180.1,424.4,60.01,213.9,1.8,2.6,883.0,33.6,1.6,1.1,0,155.38003366567398,25.062,25.625,2025-06-21 13:31:40
162,1.6,269.7,154.3,1.2,185.2,429.2,60.03,213.9,2,2.6,883.0,33.6,1.6,1.1,0,155.38003366567398,25.125,25.125,2025-06-21 13:31:56
161.9,1.7,271.8,151.9,1.2,187.4,434.5,60.04,214.3,2,2.6,883.0,33.6,1.6,1.1,0,155.38003366567398,25.125,25.625,2025-06-21 13:32:42
162,1.7,271.5,154.2,1.2,190.5,438.2,60.04,214,2,2.6,883.0,33.6,1.6,1.1,0,155.38003366567398,25.375,25.375,2025-06-21 13:32:58
162.3,1.5,265.4,154.2,1.2,192.5,433.5,59.99,213.8,1.9,2.6,883.0,33.6,1.6,1.1,0,155.38003366567398,25.562,25.812,2025-06-21 13:33:45
161.9,1.6,263.0,155.3,1.2,192.3,430.6,59.99,213.8,2,2.6,883.0,33.6,1.6,1.1,0,155.38003366567398,25.562,25.562,2025-06-21 13:34:00
162,1.6,260.9,154.1,1.2,189.9,426.8,60.03,214,2,2.6,883.0,33.7,1.6,1.1,0,155.38003366567398,25.562,25.812,2025-06-21 13:34:47
159.1,1.6,259.3,154.2,1.2,186.3,422.8,60.01,214,1.9,2.6,883.0,33.7,1.6,1.1,0,155.38003366567398,25.5,25.5,2025-06-21 13:35:03
159,1.6,258.4,154.2,1.1,177.6,413.7,60.04,214,1.9,2.6,883.0,33.7,1.6,1.1,0,155.38003366567398,25.5,25.812,2025-06-21 13:35:50
162,1.6,259.2,151.2,1.1,173.0,409.7,60.04,214,1.9,2.6,883.0,33.7,1.6,1.1,0,155.38003366567398,25.812,25.812,2025-06-21 13:36:05
162,1.5,249.3,154.3,1,166.0,394.0,60.02,214.1,1.8,2.7,883.1,33.7,1.6,1.1,0,155.38003366567398,25.75,25.937,2025-06-21 13:36:52
158.9,1.5,242.5,154.1,1,162.4,385.4,60.02,214.2,1.7,2.7,883.1,33.7,1.6,1.1,0,155.38003366567398,25.625,25.625,2025-06-21 13:37:08
159.1,1.3,218.1,151.2,1,156.6,356.4,59.96,213.8,1.7,2.7,883.1,33.7,1.6,1.1,0,116.53502524925548,25.625,26.0,2025-06-21 13:37:55
159,1.3,209.3,151.1,0.9,153.9,346.5,59.99,213.7,1.6,2.7,883.1,33.7,1.6,1.1,0,116.53502524925548,25.562,25.562,2025-06-21 13:38:10
161.8,1.1,182.0,154.1,0.9,141.6,311.8,60,213.7,1.4,2.7,883.1,33.7,1.6,1.1,0,116.53502524925548,25.562,25.875,2025-06-21 13:38:57
155.9,1.1,176.6,150.9,0.9,136.2,300.7,59.99,213.9,1.3,2.7,883.1,33.7,1.6,1.1,0,116.53502524925548,25.5,25.562,2025-06-21 13:39:13
159,1,162.5,154.1,0.8,121.1,275.8,60.02,213.7,1.2,2.7,883.1,33.7,1.6,1.1,0,77.69001683283699,25.437,25.812,2025-06-21 13:40:00
160.8,1,149.4,151.1,0.7,117.8,260.6,60.04,213.8,1.2,2.7,883.1,33.7,1.6,1.1,0,77.69001683283699,25.375,25.375,2025-06-21 13:40:15
161.5,0.9,139.3,154.2,0.7,106.6,241.5,60.01,213.8,1.2,2.7,883.1,33.6,1.6,1.1,0,77.69001683283699,25.312,25.75,2025-06-21 13:41:02
158.1,0.9,149.1,153.2,0.7,104.1,247.9,60.03,213.9,1.1,2.7,883.1,33.6,1.6,1.1,0,77.69001683283699,25.312,25.312,2025-06-21 13:41:18
158.6,0.9,151.6,148.7,0.6,99.4,245.5,59.96,213.9,1.1,2.7,883.1,33.6,1.6,1.1,0,77.69001683283699,25.437,25.687,2025-06-21 13:42:04
156.9,0.9,151.5,151.2,0.6,100.0,245.7,59.97,213.9,1.1,2.7,883.1,33.6,1.6,1.1,0,77.69001683283699,25.437,25.437,2025-06-21 13:42:20
156.2,1,160.0,151.2,0.6,100.2,252.7,59.97,213.8,1.1,2.7,883.1,33.5,1.6,1.1,0,77.69001683283699,25.437,25.687,2025-06-21 13:43:07
159.5,0.9,164.2,150.7,0.6,100.7,253.9,59.97,213.8,1.1,2.7,883.1,33.5,1.6,1.1,0,77.69001683283699,25.437,25.437,2025-06-21 13:43:23
159.1,0.9,165.6,151.2,0.6,101.0,259.6,59.97,213.9,1.1,2.7,883.1,33.5,1.6,1.1,0,77.69001683283699,25.562,25.625,2025-06-21 13:44:09
159.2,1,164.0,151.3,0.6,99.2,257.2,59.97,214,1.1,2.7,883.1,33.5,1.6,1.1,0,77.69001683283699,25.562,25.625,2025-06-21 13:44:25
159.3,0.9,150.5,148.4,0.6,96.1,240.8,60.04,214,1.1,2.7,883.1,33.5,1.6,1.1,0,77.69001683283699,25.437,25.562,2025-06-21 13:45:12
156.1,0.9,142.5,148.3,0.6,93.0,230.9,59.99,213.9,1.1,2.7,883.1,33.5,1.6,1.1,0,77.69001683283699,25.375,25.375,2025-06-21 13:45:28
158.8,0.7,120.6,150.9,0.5,82.9,199.8,60,214,1,2.7,883.1,33.5,1.6,1.1,0,77.69001683283699,25.375,25.562,2025-06-21 13:46:14
156.2,0.7,113.8,148.3,0.5,79.1,189.4,59.99,214,0.9,2.7,883.1,33.5,1.6,1.1,0,77.69001683283699,25.375,25.437,2025-06-21 13:46:30
156.6,0.6,98.1,147.9,0.4,68.0,163.4,59.97,214,0.8,2.7,883.1,33.5,1.6,1.1,0,38.845008416418494,25.437,25.5,2025-06-21 13:47:17
156.3,0.6,97.2,148.4,0.4,66.0,160.7,59.96,214,0.7,2.7,883.1,33.5,1.6,1.1,0,38.845008416418494,25.437,25.5,2025-06-21 13:47:32
156.2,0.6,95.1,148.3,0.3,59.6,151.8,59.99,214,0.8,2.7,883.1,33.4,1.6,1.1,0,38.845008416418494,25.5,25.5,2025-06-21 13:48:19
153.6,0.5,93.6,145.3,0.3,57.3,148.0,59.97,213.7,0.7,2.7,883.1,33.4,1.6,1.1,0,38.845008416418494,25.5,25.562,2025-06-21 13:48:35
153,0.6,95.7,150.1,0.3,55.3,148.3,59.98,213.8,0.7,2.7,883.1,33.4,1.6,1.1,0,38.845008416418494,25.375,25.437,2025-06-21 13:49:22
156.3,0.5,97.6,151,0.3,55.5,150.6,59.99,213.7,0.6,2.7,883.1,33.4,1.7,1.1,0,38.845008416418494,25.375,25.375,2025-06-21 13:49:37
153.1,0.6,97.9,145.3,0.3,56.7,151.8,60.02,213.7,0.7,2.7,883.1,33.4,1.7,1.1,0,38.845008416418494,25.25,25.25,2025-06-21 13:50:24
153.4,0.6,98.5,148.4,0.3,58.2,153.7,59.97,213.7,0.8,2.7,883.1,33.4,1.7,1.1,0,38.845008416418494,25.187,25.187,2025-06-21 13:50:40
159.1,0.6,95.4,148.4,0.4,59.5,152.0,60,213.9,0.7,2.7,883.1,33.3,1.7,1.1,0,38.845008416418494,25.062,25.187,2025-06-21 13:51:27
156.3,0.6,96.9,148.4,0.4,59.5,153.3,60.02,213.9,0.7,2.7,883.1,33.3,1.7,1.1,0,38.845008416418494,25.0,25.0,2025-06-21 13:51:42
156.2,0.5,90.8,145.5,0.4,58.1,146.0,59.97,213.8,0.7,2.7,883.1,33.3,1.7,1.1,0,38.845008416418494,24.937,25.062,2025-06-21 13:52:29
153.1,0.5,88.8,145.3,0.3,57.4,142.8,59.97,213.8,0.7,2.7,883.1,33.3,1.7,1.1,0,38.845008416418494,24.937,24.937,2025-06-21 13:52:45
153.1,0.5,81.0,145.4,0.3,55.0,132.9,59.99,213.8,0.6,2.7,883.1,33.3,1.7,1.1,0,38.845008416418494,24.937,25.062,2025-06-21 13:53:32
156.1,0.4,78.3,147.9,0.3,54.2,130.1,60.02,213.7,0.6,2.7,883.1,33.3,1.7,1.1,0,38.845008416418494,25.0,25.0,2025-06-21 13:53:47
153.2,0.4,71.2,146.7,0.3,52.0,121.0,60.03,213.7,0.5,2.7,883.1,33.3,1.7,1.1,0,38.845008416418494,25.0,25.187,2025-06-21 13:54:34
152.8,0.4,69.7,144.5,0.3,51.3,118.7,60.04,213.7,0.7,2.7,883.1,33.3,1.7,1.1,0,38.845008416418494,25.0,25.062,2025-06-21 13:54:50
154.6,0.4,68.9,148.4,0.3,49.8,116.5,59.99,213.4,0.6,2.7,883.1,33.3,1.7,1.1,0,38.845008416418494,25.125,25.125,2025-06-21 13:55:36
156.2,0.4,68.7,149.7,0.3,49.0,115.6,59.98,213.4,0.5,2.7,883.1,33.3,1.7,1.1,0,38.845008416418494,25.125,25.125,2025-06-21 13:55:52
151.9,0.4,73.2,148.2,0.3,50.3,121.2,60.02,213.6,0.5,2.7,883.1,33.2,1.7,1.1,0,38.845008416418494,25.187,25.125,2025-06-21 13:56:39
156.1,0.4,74.0,147.3,0.3,50.8,123.4,60,213.6,0.6,2.7,883.1,33.2,1.7,1.1,0,38.845008416418494,25.125,25.187,2025-06-21 13:56:55
154.6,0.5,81.9,148.2,0.3,52.7,132.1,60.03,213.7,0.7,2.7,883.1,33.2,1.7,1.1,0,38.845008416418494,25.0,25.062,2025-06-21 13:57:41
157.6,0.5,83.3,145.3,0.3,53.4,134.3,60.05,213.9,0.7,2.7,883.1,33.2,1.7,1.1,0,38.845008416418494,24.937,25.0,2025-06-21 13:57:57
153.7,0.6,94.2,143.8,0.4,58.4,149.9,60.01,213.8,0.7,2.7,883.1,33.2,1.7,1.1,0,38.845008416418494,24.812,25.062,2025-06-21 13:58:44
145.7,0.6,95.7,148.3,0.4,61.2,153.9,59.99,213.9,0.7,2.7,883.1,33.2,1.7,1.1,0,38.845008416418494,24.812,24.812,2025-06-21 13:59:00
156.1,0.7,109.2,148.2,0.4,66.6,172.4,59.97,214.1,0.7,2.7,883.1,33.1,1.7,1.1,0,38.845008416418494,24.812,25.062,2025-06-21 13:59:46
159.3,0.7,108.8,145.4,0.4,66.9,172.2,59.98,214.1,0.8,2.7,883.1,33.1,1.7,1.1,0,38.845008416418494,24.75,24.812,2025-06-21 14:00:02
156.1,0.7,109.5,151.2,0.4,69.7,175.7,59.96,214,0.8,2.7,883.1,33.1,1.7,1.1,0,38.845008416418494,24.812,25.125,2025-06-21 14:00:49
156,0.6,107.9,148.4,0.4,69.8,173.9,59.89,214,0.9,2.7,883.1,33.1,1.7,1.1,0,38.845008416418494,24.812,24.875,2025-06-21 14:01:04
156.3,0.6,100.0,150.9,0.4,67.6,164.3,59.93,214,0.8,2.7,883.1,33,1.7,1.1,0,38.845008416418494,24.937,25.125,2025-06-21 14:01:51
157.4,0.5,98.2,148.3,0.4,67.5,162.6,59.92,214.1,0.7,2.7,883.1,33,1.7,1.1,0,38.845008416418494,25.0,25.0,2025-06-21 14:02:07
153.2,0.5,91.9,145.3,0.4,63.6,151.0,59.93,213.9,0.6,2.7,883.1,32.9,1.7,1.1,0,38.845008416418494,25.0,25.187,2025-06-21 14:02:54
156.1,0.5,89.3,146.8,0.4,63.2,149.6,59.96,213.5,0.7,2.7,883.1,32.9,1.7,1.1,0,38.845008416418494,25.062,25.062,2025-06-21 14:03:09
156.2,0.5,82.4,150.8,0.4,61.3,141.0,59.96,213.3,0.7,2.7,883.1,32.9,1.7,1.1,0,38.845008416418494,25.0,25.125,2025-06-21 14:03:56
158.4,0.4,75.7,149.7,0.4,61.2,134.3,59.95,213.3,0.7,2.7,883.1,32.9,1.7,1.1,0,38.845008416418494,24.937,24.937,2025-06-21 14:04:12
156,0.4,72.9,145.2,0.3,57.2,128.0,59.94,213.3,0.6,2.7,883.1,32.9,1.7,1.1,0,38.845008416418494,24.875,25.125,2025-06-21 14:04:59
155.8,0.4,72.5,145.6,0.3,56.6,126.8,59.93,213.5,0.5,2.7,883.1,32.9,1.7,1.1,0,38.845008416418494,24.937,24.937,2025-06-21 14:05:14
153,0.4,74.0,151.2,0.3,54.3,125.9,59.94,213.6,0.5,2.7,883.1,32.9,1.7,1.1,0,38.845008416418494,25.0,25.125,2025-06-21 14:06:01
159,0.4,69.7,151.2,0.3,54.3,123.5,59.95,213.6,0.5,2.7,883.1,32.9,1.7,1.1,0,38.845008416418494,25.062,25.062,2025-06-21 14:06:17
154.5,0.5,80.7,148.4,0.3,55.4,133.8,59.94,213.5,0.7,2.7,883.1,33,1.7,1.1,0,38.845008416418494,25.125,25.187,2025-06-21 14:07:03
154.8,0.5,84.0,148,0.3,55.6,136.8,59.96,213.6,0.6,2.7,883.1,33,1.7,1.1,0,38.845008416418494,25.125,25.125,2025-06-21 14:07:19
157.6,0.5,92.9,148.3,0.4,60.4,150.9,60.05,213.5,0.7,2.7,883.1,33,1.7,1.1,0,38.845008416418494,25.0,25.25,2025-06-21 14:08:06
151.7,0.6,96.2,151.3,0.4,62.3,155.5,60.04,213.5,0.8,2.7,883.1,33,1.7,1.1,0,38.845008416418494,24.937,24.937,2025-06-21 14:08:22
151.7,0.7,107.5,153.3,0.4,67.6,171.7,60.05,213.7,0.8,2.7,883.1,33,1.7,1.1,0,38.845008416418494,24.812,25.25,2025-06-21 14:09:08
151.7,0.7,110.9,154.2,0.4,67.5,175.2,60.04,213.7,0.8,2.7,883.1,33,1.7,1.2,0,38.845008416418494,24.812,24.812,2025-06-21 14:09:24
150.7,0.8,119.7,148.3,0.5,74.0,190.0,60.02,213.6,0.8,2.8,883.2,32.9,1.7,1.2,0,38.845008416418494,24.812,25.312,2025-06-21 14:10:11
157.1,0.7,122.1,152.1,0.5,75.3,195.5,60.02,213.7,0.9,2.8,883.2,32.9,1.7,1.2,0,77.69001683283699,24.875,24.875,2025-06-21 14:10:26
156.6,0.7,122.6,152.7,0.5,78.5,197.1,59.97,213.8,0.9,2.8,883.2,33,1.7,1.2,0,38.845008416418494,24.937,25.375,2025-06-21 14:11:13
160.4,0.7,120.4,149.7,0.5,80.2,196.7,59.97,213.8,0.9,2.8,883.2,33,1.7,1.2,0,77.69001683283699,24.937,24.937,2025-06-21 14:11:29
159.1,0.7,118.7,149.6,0.5,81.5,196.3,59.98,213.7,0.9,2.8,883.2,32.9,1.7,1.2,0,38.845008416418494,24.937,25.375,2025-06-21 14:12:16
157.5,0.7,121.2,149.7,0.5,81.6,199.0,60.01,213.8,0.9,2.8,883.2,32.9,1.7,1.2,0,77.69001683283699,24.937,24.937,2025-06-21 14:12:31
157.7,0.7,112.1,149.7,0.5,80.5,189.0,59.98,213.7,0.8,2.8,883.2,32.9,1.7,1.2,0,38.845008416418494,25.0,25.437,2025-06-21 14:13:18
154.6,0.6,106.5,146.8,0.5,78.0,181.1,59.98,213.7,0.8,2.8,883.2,32.9,1.7,1.2,0,38.845008416418494,25.0,25.0,2025-06-21 14:13:34
157.8,0.6,93.1,149.6,0.4,75.1,165.1,60,213.8,0.8,2.8,883.2,32.9,1.7,1.2,0,38.845008416418494,25.0,25.437,2025-06-21 14:14:21
154.6,0.5,89.1,146.8,0.4,72.0,157.9,60.02,213.9,0.7,2.8,883.2,32.9,1.7,1.2,0,38.845008416418494,25.062,25.062,2025-06-21 14:14:36
154.7,0.5,77.8,149.7,0.4,66.0,141.0,59.98,213.7,0.7,2.8,883.2,32.9,1.7,1.2,0,38.845008416418494,25.125,25.5,2025-06-21 14:15:23
151.9,0.4,74.0,149.2,0.4,62.9,134.4,59.99,213.6,0.6,2.8,883.2,33,1.7,1.2,0,38.845008416418494,25.187,25.187,2025-06-21 14:15:39
151.6,0.4,70.0,148.6,0.3,55.6,123.2,59.98,213.8,0.6,2.8,883.2,32.9,1.7,1.2,0,0.0,25.125,25.375,2025-06-21 14:16:26
154.8,0.4,69.9,149.7,0.3,54.1,121.8,60.01,213.8,0.5,2.8,883.2,32.9,1.7,1.2,0,38.845008416418494,25.125,25.125,2025-06-21 14:16:41
154.6,0.4,69.7,149.6,0.3,48.9,116.4,60.04,213.8,0.6,2.8,883.2,32.8,1.7,1.2,0,38.845008416418494,25.062,25.312,2025-06-21 14:17:28
155.6,0.4,66.3,149.7,0.3,48.1,112.9,59.99,213.8,0.5,2.8,883.2,32.8,1.7,1.2,0,38.845008416418494,25.062,25.062,2025-06-21 14:17:44
156.2,0.4,67.2,147.8,0.2,44.6,109.8,59.98,213.8,0.6,2.8,883.2,32.8,1.7,1.2,0,38.845008416418494,25.062,25.312,2025-06-21 14:18:30
152.6,0.4,71.0,149.8,0.2,44.6,113.0,60.02,213.8,0.6,2.8,883.2,32.8,1.7,1.2,0,0.0,25.062,25.125,2025-06-21 14:18:46
149.8,0.4,74.5,152.7,0.2,43.4,115.7,59.97,213.9,0.6,2.8,883.2,32.8,1.7,1.2,0,38.845008416418494,25.062,25.375,2025-06-21 14:19:33
145.4,0.5,75.4,149.9,0.2,45.6,118.8,59.98,214,0.7,2.8,883.2,32.8,1.7,1.2,0,38.845008416418494,25.125,25.125,2025-06-21 14:19:49
150.4,0.5,82.1,149.7,0.3,48.6,128.7,60.02,214.1,0.7,2.8,883.2,32.7,1.7,1.2,0,38.845008416418494,25.125,25.375,2025-06-21 14:20:35
149.9,0.5,83.7,147.2,0.3,49.0,130.5,60.02,213.8,0.6,2.8,883.2,32.7,1.7,1.2,0,38.845008416418494,25.125,25.125,2025-06-21 14:20:51
151.7,0.5,86.0,152.9,0.3,51.0,135.4,60.02,213.7,0.6,2.8,883.2,32.7,1.7,1.2,0,38.845008416418494,25.0,25.312,2025-06-21 14:21:38
154.5,0.5,88.0,152.7,0.3,52.3,137.6,60.01,213.7,0.7,2.8,883.2,32.7,1.7,1.2,0,38.845008416418494,24.937,25.0,2025-06-21 14:21:54
154.5,0.5,88.2,146.7,0.3,54.6,140.1,59.99,213.7,0.6,2.8,883.2,32.7,1.7,1.2,0,38.845008416418494,25.0,25.312,2025-06-21 14:22:40
154.6,0.5,88.4,149.6,0.3,56.2,141.4,59.96,213.7,0.8,2.8,883.2,32.7,1.7,1.2,0,38.845008416418494,25.0,25.062,2025-06-21 14:22:56
154.7,0.5,88.2,149.6,0.3,56.3,141.7,59.97,213.6,0.6,2.8,883.2,32.7,1.7,1.2,0,38.845008416418494,25.062,25.437,2025-06-21 14:23:43
157.7,0.5,86.2,149.6,0.3,57.4,141.8,60,213.6,0.6,2.8,883.2,32.8,1.7,1.2,0,38.845008416418494,25.125,25.125,2025-06-21 14:23:58
151.7,0.5,89.0,149.9,0.3,58.2,143.8,60.04,213.4,0.7,2.8,883.2,32.8,1.7,1.2,0,38.845008416418494,25.062,25.5,2025-06-21 14:24:45
153.5,0.5,89.6,152.7,0.3,57.7,144.5,60.04,213.2,0.6,2.8,883.2,32.8,1.7,1.2,0,38.845008416418494,25.062,25.062,2025-06-21 14:25:01
157.6,0.5,90.6,146.8,0.3,58.3,146.1,60.03,213.4,0.7,2.8,883.2,32.8,1.7,1.2,0,38.845008416418494,25.0,25.5,2025-06-21 14:25:48
154.7,0.5,91.6,148.8,0.4,58.8,147.6,60.01,213.4,0.7,2.8,883.2,32.8,1.7,1.2,0,38.845008416418494,25.0,25.0,2025-06-21 14:26:03
154.9,0.5,94.1,151.2,0.4,60.6,151.8,60.03,213.5,0.8,2.8,883.2,32.8,1.7,1.2,0,38.845008416418494,24.937,25.5,2025-06-21 14:26:50
156.7,0.6,98.0,152.8,0.4,62.6,157.7,59.95,213.4,0.7,2.8,883.2,32.8,1.7,1.2,0,38.845008416418494,24.937,25.0,2025-06-21 14:27:06
153.2,0.6,105.4,152.8,0.4,66.4,168.5,60.01,213.5,0.8,2.8,883.2,32.7,1.7,1.2,0,38.845008416418494,24.937,25.437,2025-06-21 14:27:53
154.8,0.7,108.4,151.3,0.4,66.6,173.7,59.99,213.2,0.8,2.8,883.2,32.7,1.7,1.2,0,38.845008416418494,24.937,24.937,2025-06-21 14:28:08
156.8,0.7,119.1,148.9,0.4,69.9,185.4,60.03,213.2,0.9,2.8,883.2,32.7,1.7,1.2,0,38.845008416418494,24.875,25.437,2025-06-21 14:28:55
156.1,0.7,122.1,151.3,0.4,72.0,190.4,60,213.4,0.9,2.8,883.2,32.7,1.7,1.2,0,38.845008416418494,24.875,24.937,2025-06-21 14:29:11
161.8,0.8,124.0,151.2,0.4,74.7,194.7,59.98,213.2,0.9,2.8,883.2,32.7,1.7,1.2,0,38.845008416418494,24.937,25.437,2025-06-21 14:29:58
156.2,0.8,128.2,151.2,0.4,74.3,198.5,59.96,213.3,0.9,2.8,883.2,32.7,1.7,1.2,0,38.845008416418494,24.937,24.937,2025-06-21 14:30:13
155.7,0.8,124.9,148,0.4,72.8,193.9,59.99,213.1,0.9,2.8,883.2,32.6,1.7,1.2,0,38.845008416418494,24.937,25.5,2025-06-21 14:31:00
156,0.7,121.6,148.3,0.4,71.1,189.0,60.01,213.1,0.9,2.8,883.2,32.6,1.7,1.2,0,38.845008416418494,25.0,25.0,2025-06-21 14:31:16
156.1,0.6,109.0,151.1,0.4,69.4,175.1,60,213.1,0.8,2.8,883.2,32.6,1.7,1.2,0,38.845008416418494,24.937,25.5,2025-06-21 14:32:02
153,0.6,102.9,148.2,0.4,67.9,166.6,60.04,213.2,0.8,2.8,883.2,32.6,1.7,1.2,0,38.845008416418494,24.937,24.937,2025-06-21 14:32:18
153.3,0.5,88.0,150.9,0.4,63.2,148.5,60.03,212.9,0.6,2.8,883.2,32.6,1.7,1.2,0,38.845008416418494,25.062,25.5,2025-06-21 14:33:05
152.8,0.5,82.7,149.5,0.4,60.8,140.8,60.02,212.9,0.7,2.8,883.2,32.6,1.7,1.2,0,38.845008416418494,25.125,25.125,2025-06-21 14:33:21
150.6,0.4,69.8,148.2,0.3,54.3,121.3,60,213.1,0.6,2.8,883.2,32.6,1.7,1.2,0,0.0,25.187,25.437,2025-06-21 14:34:07
151.8,0.4,66.8,146.8,0.3,52.5,117.2,60,213.1,0.6,2.8,883.2,32.6,1.7,1.2,0,0.0,25.187,25.187,2025-06-21 14:34:23
153.2,0.3,58.3,147.7,0.2,45.4,101.8,60.03,212.9,0.5,2.8,883.2,32.5,1.7,1.2,0,0.0,25.187,25.312,2025-06-21 14:35:10
154,0.3,55.8,147.5,0.2,42.4,96.4,60,212.8,0.4,2.8,883.2,32.5,1.7,1.2,0,0.0,25.187,25.187,2025-06-21 14:35:26
150.7,0.2,49.8,148.7,0.2,36.4,84.6,60.02,212.8,0.4,2.8,883.2,32.5,1.7,1.2,0,0.0,25.125,25.25,2025-06-21 14:36:12
153.2,0.2,47.5,147.8,0.2,34.3,80.3,60.03,212.8,0.5,2.8,883.2,32.5,1.7,1.2,0,0.0,25.125,25.125,2025-06-21 14:36:28
150.3,0.2,46.1,145.3,0.1,29.9,74.6,60.03,212.8,0.4,2.8,883.2,32.4,1.7,1.2,0,0.0,25.062,25.125,2025-06-21 14:37:15
149.8,0.2,45.1,146.7,0.1,28.6,72.5,60.04,212.9,0.5,2.8,883.2,32.4,1.7,1.2,0,0.0,25.062,25.125,2025-06-21 14:37:30
147.4,0.2,45.6,145.3,0.1,26.1,70.5,59.96,213,0.3,2.8,883.2,32.4,1.7,1.2,0,0.0,25.0,25.125,2025-06-21 14:38:17
150.3,0.2,46.6,148.3,0.1,26.0,71.0,60.01,213,0.5,2.8,883.2,32.4,1.7,1.2,0,0.0,25.0,25.0,2025-06-21 14:38:33
150.1,0.2,47.2,143.9,0.1,24.9,70.6,60,213.1,0.5,2.8,883.2,32.4,1.7,1.2,0,0.0,25.0,25.062,2025-06-21 14:39:20
147.1,0.2,46.3,143.7,0.1,24.8,69.9,59.99,213,0.3,2.8,883.2,32.4,1.7,1.2,0,0.0,25.0,25.0,2025-06-21 14:39:35
153,0.2,47.1,146.7,0.1,24.3,70.1,59.94,213,0.5,2.8,883.2,32.3,1.7,1.2,0,0.0,24.812,25.062,2025-06-21 14:40:22
150.3,0.2,46.4,143.7,0.1,24.1,69.4,59.96,213,0.4,2.8,883.2,32.3,1.7,1.2,0,0.0,24.75,24.75,2025-06-21 14:40:38
153.2,0.2,44.1,145.1,0.1,23.6,67.0,59.95,213.2,0.4,2.8,883.2,32.3,1.7,1.2,0,0.0,24.75,25.0,2025-06-21 14:41:25
150.7,0.2,44.3,142.4,0.1,23.1,67.0,59.97,213.2,0.6,2.8,883.2,32.3,1.7,1.2,0,0.0,24.75,24.75,2025-06-21 14:41:40
147.2,0.2,43.1,146.7,0.1,23.3,65.3,59.96,213.3,0.5,2.8,883.2,32.4,1.7,1.2,0,0.0,24.812,25.0,2025-06-21 14:42:27
147.7,0.2,43.2,143.8,0.1,23.1,65.2,59.95,213.2,0.5,2.8,883.2,32.4,1.7,1.2,0,0.0,24.812,24.812,2025-06-21 14:42:43
150.2,0.2,45.4,145.2,0.1,23.3,67.5,59.96,212.9,0.6,2.8,883.2,32.4,1.7,1.2,0,0.0,24.812,24.937,2025-06-21 14:43:30
145.6,0.2,44.3,145.3,0.1,23.5,66.6,59.98,213,0.5,2.8,883.2,32.4,1.7,1.2,0,0.0,24.812,24.812,2025-06-21 14:43:45
150.3,0.2,46.7,142.5,0.1,24.2,69.3,59.94,213.3,0.5,2.8,883.2,32.4,1.7,1.2,0,0.0,24.812,25.0,2025-06-21 14:44:32
147.3,0.2,46.0,145.3,0.1,25.2,70.0,59.95,213.2,0.6,2.8,883.2,32.4,1.7,1.2,0,0.0,24.812,24.812,2025-06-21 14:44:48
150.2,0.2,47.1,143.7,0.1,26.4,72.3,59.97,213.1,0.6,2.8,883.2,32.4,1.7,1.2,0,0.0,24.875,25.0,2025-06-21 14:45:34
150.4,0.2,48.3,146.9,0.1,26.1,73.2,59.98,213,0.5,2.8,883.2,32.4,1.7,1.2,0,0.0,24.875,24.875,2025-06-21 14:45:50
156.2,0.2,46.4,146.9,0.1,27.1,71.8,59.97,213.2,0.5,2.8,883.2,32.3,1.7,1.2,0,0.0,24.812,24.875,2025-06-21 14:46:37
153.8,0.2,46.2,143.8,0.1,27.5,72.3,60.02,213.3,0.5,2.8,883.2,32.3,1.7,1.2,0,0.0,24.812,24.812,2025-06-21 14:46:53
156,0.3,47.5,148.4,0.1,28.5,75.0,60.03,213.2,0.6,2.8,883.2,32.2,1.7,1.2,0,0.0,24.812,24.875,2025-06-21 14:47:39
156.1,0.2,47.8,146.8,0.1,28.4,74.8,59.99,213.2,0.5,2.8,883.2,32.2,1.7,1.2,0,0.0,24.875,24.875,2025-06-21 14:47:55
156.1,0.2,47.4,145.3,0.1,27.9,73.9,60.01,213.2,0.3,2.8,883.2,32.2,1.7,1.2,0,0.0,24.875,24.937,2025-06-21 14:48:42
152,0.2,49.1,147.2,0.1,26.8,74.6,60.01,213,0.4,2.8,883.2,32.2,1.7,1.2,0,0.0,24.875,24.875,2025-06-21 14:48:58
153,0.2,47.7,142.3,0.1,24.5,70.9,60.03,212.8,0.5,2.8,883.2,32.2,1.7,1.2,0,0.0,24.875,24.937,2025-06-21 14:49:44
152.5,0.2,46.4,139.3,0.1,24.1,69.3,60,212.8,0.3,2.8,883.2,32.2,1.7,1.2,0,0.0,24.875,24.875,2025-06-21 14:50:00
150.3,0.2,45.2,146,0.1,22.9,66.9,59.98,212.9,0.4,2.8,883.2,32.2,1.7,1.2,0,0.0,24.812,24.875,2025-06-21 14:50:47
153.1,0.2,45.3,143.6,0.1,22.8,66.8,60,212.9,0.6,2.8,883.2,32.2,1.7,1.2,0,0.0,24.812,24.812,2025-06-21 14:51:03
151.2,0.2,45.8,145.3,0.1,23.3,67.6,60.01,213.1,0.4,2.8,883.2,32.2,1.7,1.2,0,0.0,24.687,24.812,2025-06-21 14:51:49
153,0.2,45.4,140.8,0.1,22.6,66.8,60.04,213.1,0.4,2.8,883.2,32.1,1.7,1.2,0,0.0,24.687,24.687,2025-06-21 14:52:05
150,0.2,45.6,140.9,0.1,24.5,68.8,60,213.1,0.4,2.8,883.2,32.1,1.7,1.2,0,0.0,24.625,24.812,2025-06-21 14:52:52
150.1,0.2,46.5,143.7,0.1,25.4,70.5,60.03,213,0.4,2.8,883.2,32.1,1.7,1.2,0,0.0,24.562,24.625,2025-06-21 14:53:07
150.2,0.2,47.6,138,0.1,26.1,72.4,59.99,213.1,0.4,2.8,883.2,32.1,1.7,1.2,0,0.0,24.625,24.812,2025-06-21 14:53:54
150.1,0.2,47.4,138.1,0.1,27.2,73.7,59.97,213.2,0.5,2.8,883.2,32.1,1.7,1.2,0,0.0,24.562,24.562,2025-06-21 14:54:10
153.3,0.3,49.1,143.7,0.1,30.0,77.6,59.98,213.1,0.5,2.8,883.2,32.1,1.7,1.2,0,0.0,24.625,24.812,2025-06-21 14:54:57
151.3,0.3,50.8,143,0.1,29.7,79.0,59.98,213.2,0.5,2.8,883.2,32.1,1.7,1.2,0,0.0,24.562,24.625,2025-06-21 14:55:12
153,0.2,53.6,149.8,0.1,30.3,82.6,59.98,213.2,0.5,2.8,883.2,32.1,1.7,1.2,0,0.0,24.625,24.875,2025-06-21 14:55:59
156,0.3,51.4,143.8,0.2,31.9,81.9,59.99,213.1,0.5,2.8,883.2,32.1,1.7,1.2,0,0.0,24.625,24.625,2025-06-21 14:56:15
150,0.3,55.9,148.3,0.2,33.0,87.4,59.98,213.2,0.4,2.8,883.2,32.1,1.7,1.2,0,0.0,24.625,24.875,2025-06-21 14:57:02
151.6,0.3,56.7,146.8,0.2,33.6,88.7,59.97,213.2,0.4,2.8,883.2,32.1,1.7,1.2,0,0.0,24.625,24.625,2025-06-21 14:57:17
155.6,0.3,57.5,148.3,0.2,35.4,91.3,60.02,213.1,0.6,2.8,883.2,32.1,1.7,1.2,0,0.0,24.625,24.875,2025-06-21 14:58:04
153.2,0.3,59.1,146.8,0.2,36.1,93.5,60.02,213.1,0.5,2.8,883.2,32.1,1.7,1.2,0,0.0,24.687,24.687,2025-06-21 14:58:20
153.1,0.3,59.6,145.8,0.2,37.9,95.8,59.99,213.3,0.4,2.8,883.2,32.1,1.7,1.2,0,0.0,24.687,24.937,2025-06-21 14:59:07
153.8,0.3,57.5,148.3,0.2,37.9,94.3,60.03,213.2,0.5,2.8,883.2,32.1,1.7,1.2,0,0.0,24.687,24.687,2025-06-21 14:59:22
152.8,0.3,59.0,142.3,0.2,38.3,94.9,60.03,213.4,0.5,2.8,883.2,32,1.7,1.2,0,0.0,24.687,24.937,2025-06-21 15:00:09
150.2,0.3,57.8,142.4,0.2,39.2,95.3,60.02,213.3,0.5,2.8,883.2,32,1.7,1.2,0,0.0,24.687,24.687,2025-06-21 15:00:25
156,0.3,56.5,147.1,0.2,40.3,95.0,60.02,213.3,0.4,2.8,883.2,32,1.7,1.2,0,0.0,24.812,24.937,2025-06-21 15:01:11
153.1,0.3,57.5,146.9,0.2,40.4,96.0,60.02,213.2,0.5,2.8,883.2,32,1.7,1.2,0,0.0,24.812,24.812,2025-06-21 15:01:27
153,0.3,56.2,146.8,0.2,40.0,94.5,59.96,213.2,0.5,2.9,883.3,32,1.7,1.2,0,0.0,24.937,25.0,2025-06-21 15:02:14
153.2,0.3,56.3,143.5,0.2,39.2,93.8,59.98,213.1,0.6,2.9,883.3,32,1.7,1.2,0,0.0,24.937,24.937,2025-06-21 15:02:30
150.4,0.3,56.3,149.5,0.2,38.6,93.4,60.03,213.1,0.4,2.9,883.3,32.1,1.7,1.2,0,0.0,25.0,25.0,2025-06-21 15:03:16
150.2,0.3,56.0,148.1,0.2,37.7,91.9,60.01,213.2,0.5,2.9,883.3,32.1,1.7,1.2,0,0.0,25.0,25.0,2025-06-21 15:03:32
156.1,0.3,58.2,149.6,0.2,38.0,94.5,59.97,213.1,0.5,2.9,883.3,32.1,1.7,1.2,0,0.0,24.937,25.0,2025-06-21 15:04:19
152.7,0.3,60.7,145.8,0.2,37.9,96.7,60.02,213.1,0.4,2.9,883.3,32.1,1.7,1.2,0,0.0,24.937,24.937,2025-06-21 15:04:35
152.6,0.3,62.3,145.4,0.2,37.6,98.2,59.98,213,0.5,2.9,883.3,32,1.7,1.2,0,0.0,24.937,25.062,2025-06-21 15:05:21
153.8,0.3,63.0,148.1,0.2,37.1,98.2,60.01,213,0.5,2.9,883.3,32,1.7,1.2,0,0.0,24.937,24.937,2025-06-21 15:05:37
152.6,0.3,63.2,146.7,0.2,37.1,98.5,60.01,213.2,0.5,2.9,883.3,32.1,1.7,1.2,0,0.0,24.812,25.0,2025-06-21 15:06:24
150.3,0.3,61.5,144.3,0.2,36.2,95.4,60.03,213.2,0.5,2.9,883.3,32.1,1.7,1.2,0,0.0,24.812,24.812,2025-06-21 15:06:39
155.9,0.3,59.3,149.3,0.2,35.4,93.2,60.01,213.3,0.6,2.9,883.3,32.1,1.7,1.2,0,0.0,24.75,25.0,2025-06-21 15:07:26
155.8,0.3,59.2,146.8,0.2,36.3,94.4,59.98,213.3,0.5,2.9,883.3,32.1,1.7,1.2,0,0.0,24.75,24.75,2025-06-21 15:07:42
150.4,0.3,59.1,146.8,0.2,36.5,93.8,60.01,213.4,0.5,2.9,883.3,32.1,1.7,1.2,0,0.0,24.812,25.062,2025-06-21 15:08:29
153.2,0.3,59.0,144,0.2,36.3,93.7,60.01,213.4,0.5,2.9,883.3,32.1,1.7,1.2,0,0.0,24.875,24.875,2025-06-21 15:08:44
153.4,0.3,56.9,147,0.2,36.7,93.0,60.02,213.3,0.4,2.9,883.3,32.1,1.7,1.2,0,0.0,24.875,25.0,2025-06-21 15:09:31
150.3,0.3,56.9,149.8,0.2,36.4,91.7,59.98,213.4,0.5,2.9,883.3,32.1,1.7,1.2,0,0.0,24.875,24.875,2025-06-21 15:09:47
155.8,0.3,55.9,143.8,0.2,37.2,91.6,59.99,213.5,0.4,2.9,883.3,32.2,1.8,1.2,0,0.0,24.875,25.062,2025-06-21 15:10:34
156.1,0.3,54.5,146.6,0.2,37.7,90.6,59.96,213.5,0.5,2.9,883.3,32.2,1.8,1.2,0,0.0,24.937,24.937,2025-06-21 15:10:49
150.2,0.3,56.7,147,0.2,37.3,92.2,60,213.7,0.6,2.9,883.3,32.2,1.8,1.2,0,0.0,24.937,25.062,2025-06-21 15:11:36
152.8,0.3,57.6,147,0.2,37.8,93.5,60.04,213.6,0.5,2.9,883.3,32.2,1.8,1.2,0,0.0,24.937,24.937,2025-06-21 15:11:52
153.8,0.3,57.6,146.7,0.2,37.5,93.3,59.99,213.6,0.5,2.9,883.3,32.2,1.8,1.2,0,0.0,24.875,25.125,2025-06-21 15:12:39
153.2,0.3,59.7,149.6,0.2,36.4,94.1,60.03,213.6,0.5,2.9,883.3,32.2,1.8,1.2,0,0.0,24.875,24.937,2025-06-21 15:12:54
153,0.3,60.7,146.8,0.2,36.2,94.9,60.02,213.5,0.5,2.9,883.3,32.2,1.8,1.2,0,0.0,24.937,25.062,2025-06-21 15:13:41
155.8,0.3,58.9,146.7,0.2,36.1,93.2,60.03,213.5,0.4,2.9,883.3,32.2,1.8,1.2,0,0.0,24.937,24.937,2025-06-21 15:13:57
150.1,0.3,59.0,147,0.2,34.7,92.1,60.01,213.1,0.5,2.9,883.3,32.2,1.8,1.2,0,0.0,24.937,25.125,2025-06-21 15:14:43
150.7,0.3,58.3,147.4,0.2,34.7,91.1,60.02,212.7,0.6,2.9,883.3,32.1,1.8,1.2,0,0.0,25.0,25.0,2025-06-21 15:14:59
156.1,0.3,52.0,149.7,0.2,31.8,82.5,59.99,213.1,0.5,2.9,883.3,32.1,1.8,1.2,0,0.0,25.0,25.125,2025-06-21 15:15:46
153.1,0.3,54.1,146.5,0.2,32.4,84.9,60,213.1,0.5,2.9,883.3,32.1,1.8,1.2,0,0.0,25.0,25.0,2025-06-21 15:16:02
150.3,0.2,49.9,140.8,0.1,30.6,79.0,59.97,213.3,0.5,2.9,883.3,32.1,1.8,1.2,0,0.0,25.0,25.125,2025-06-21 15:16:48
150.2,0.2,48.7,145.3,0.2,31.0,78.1,60,213,0.6,2.9,883.3,32.1,1.8,1.2,0,0.0,25.0,25.062,2025-06-21 15:17:04
150.2,0.2,47.9,146.9,0.1,31.2,77.3,60.04,213.2,0.4,2.9,883.3,32.1,1.8,1.2,0,0.0,25.0,25.062,2025-06-21 15:17:51
148.5,0.2,47.6,145.2,0.2,31.5,77.8,60,213.3,0.6,2.9,883.3,32.1,1.8,1.2,0,0.0,25.0,25.0,2025-06-21 15:18:06
151.8,0.3,50.4,143.8,0.2,33.2,82.2,59.99,213.3,0.4,2.9,883.3,32.1,1.8,1.2,0,0.0,25.0,25.062,2025-06-21 15:18:53
154.6,0.3,51.2,148.3,0.2,34.4,83.9,60.05,213.4,0.4,2.9,883.3,32.1,1.8,1.2,0,0.0,25.0,25.0,2025-06-21 15:19:09
148.7,0.3,56.3,143.8,0.2,36.8,91.4,60.03,213.4,0.6,2.9,883.3,32.1,1.8,1.2,0,0.0,24.875,25.062,2025-06-21 15:19:56
147.3,0.3,58.1,147.9,0.2,38.4,94.8,60,213.4,0.4,2.9,883.3,32.1,1.8,1.2,0,0.0,24.875,24.875,2025-06-21 15:20:11
154.5,0.4,64.8,148.1,0.2,41.8,104.6,60.01,213.6,0.6,2.9,883.3,32.1,1.8,1.2,0,38.845008416418494,24.812,25.062,2025-06-21 15:20:58
157.1,0.3,65.5,146.7,0.2,42.8,103.9,59.98,213.7,0.5,2.9,883.3,32.1,1.8,1.2,0,38.845008416418494,24.812,24.875,2025-06-21 15:21:14
153.1,0.4,72.5,146.9,0.3,46.1,116.4,59.98,213.7,0.6,2.9,883.3,32.1,1.8,1.2,0,38.845008416418494,24.875,25.125,2025-06-21 15:22:01
151.9,0.4,73.4,143.8,0.3,45.8,117.2,59.99,213.6,0.5,2.9,883.3,32.1,1.8,1.2,0,38.845008416418494,24.875,24.875,2025-06-21 15:22:16
157.6,0.4,76.8,148.2,0.3,49.8,124.3,60.04,213.5,0.6,2.9,883.3,32.2,1.8,1.2,0,38.845008416418494,24.875,25.187,2025-06-21 15:23:03
154.6,0.5,80.3,151.2,0.3,49.6,127.5,60.02,213.6,0.5,2.9,883.3,32.2,1.8,1.2,0,38.845008416418494,24.875,24.875,2025-06-21 15:23:19
154.5,0.5,82.6,146.8,0.3,51.1,131.2,59.99,213.4,0.7,2.9,883.3,32.2,1.8,1.2,0,38.845008416418494,24.937,25.25,2025-06-21 15:24:06
154.8,0.5,83.4,149.6,0.3,51.8,132.8,60.06,213.7,0.6,2.9,883.3,32.2,1.8,1.2,0,38.845008416418494,24.937,24.937,2025-06-21 15:24:21
154.4,0.5,84.7,146.7,0.3,51.8,134.1,60.01,213.7,0.7,2.9,883.3,32.2,1.8,1.2,0,38.845008416418494,24.937,25.312,2025-06-21 15:25:08
151.7,0.5,84.7,147.1,0.3,51.6,133.9,60.01,213.8,0.6,2.9,883.3,32.3,1.8,1.2,0,38.845008416418494,25.0,25.0,2025-06-21 15:25:24
157.6,0.5,85.3,143.7,0.3,51.0,133.8,60.01,213.5,0.7,2.9,883.3,32.3,1.8,1.2,0,38.845008416418494,25.0,25.312,2025-06-21 15:26:10
154.9,0.5,85.7,146.8,0.3,52.3,135.5,60.03,213.5,0.6,2.9,883.3,32.3,1.8,1.2,0,38.845008416418494,25.0,25.0,2025-06-21 15:26:26
151.6,0.5,83.1,143.9,0.3,51.3,131.8,60,213.5,0.6,2.9,883.3,32.2,1.8,1.2,0,38.845008416418494,24.937,25.375,2025-06-21 15:27:13
154.6,0.5,84.5,152.2,0.3,52.0,134.2,60.01,213.5,0.6,2.9,883.3,32.2,1.8,1.2,0,38.845008416418494,24.937,24.937,2025-06-21 15:27:29
154.7,0.5,83.1,148.7,0.3,52.2,133.3,59.96,213.5,0.6,2.9,883.3,32.3,1.8,1.2,0,38.845008416418494,24.937,25.375,2025-06-21 15:28:15
152.2,0.5,81.7,144.4,0.3,52.4,131.8,59.99,213.6,0.7,2.9,883.3,32.3,1.8,1.2,0,38.845008416418494,24.937,24.937,2025-06-21 15:28:31
156.1,0.4,80.1,146.7,0.3,52.1,129.8,60.01,213.5,0.7,2.9,883.3,32.3,1.8,1.2,0,38.845008416418494,24.937,25.375,2025-06-21 15:29:18
157.6,0.4,77.7,146.6,0.3,53.0,129.2,59.97,213.5,0.6,2.9,883.3,32.3,1.8,1.2,0,38.845008416418494,24.937,24.937,2025-06-21 15:29:34
151.6,0.5,80.2,149.5,0.3,52.0,129.6,60.01,213.5,0.5,2.9,883.3,32.3,1.8,1.2,0,38.845008416418494,25.0,25.437,2025-06-21 15:30:20
154.4,0.5,82.1,148.4,0.3,52.5,132.1,60.01,213.4,0.7,2.9,883.3,32.3,1.8,1.2,0,38.845008416418494,25.0,25.062,2025-06-21 15:30:36
156.3,0.5,82.8,148.4,0.3,52.9,134.3,60.03,213.7,0.6,2.9,883.3,32.3,1.8,1.2,0,38.845008416418494,25.125,25.437,2025-06-21 15:31:23
154.5,0.5,84.6,146.7,0.3,53.0,135.0,59.99,213.6,0.7,2.9,883.3,32.3,1.8,1.2,0,38.845008416418494,25.125,25.125,2025-06-21 15:31:38
154.6,0.5,87.6,152.8,0.3,53.5,138.5,59.99,213.5,0.7,2.9,883.3,32.3,1.8,1.2,0,38.845008416418494,25.125,25.437,2025-06-21 15:32:25
157.6,0.5,87.2,152.7,0.3,53.6,138.3,59.99,213.6,0.8,2.9,883.3,32.2,1.8,1.2,0,38.845008416418494,25.125,25.125,2025-06-21 15:32:41
151.5,0.5,87.3,152.6,0.3,54.1,138.9,60.03,213.7,0.7,2.9,883.3,32.2,1.8,1.2,0,38.845008416418494,25.125,25.5,2025-06-21 15:33:28
151.8,0.5,87.4,150,0.3,54.3,139.1,59.98,213.7,0.7,2.9,883.3,32.2,1.8,1.2,0,38.845008416418494,25.125,25.125,2025-06-21 15:33:43
157.6,0.5,88.0,152.6,0.3,53.2,138.5,60.04,213.5,0.7,2.9,883.3,32.2,1.8,1.2,0,38.845008416418494,25.125,25.5,2025-06-21 15:34:30
154.8,0.5,88.4,151.8,0.3,53.2,139.0,60.04,213.4,0.6,2.9,883.3,32.2,1.8,1.2,0,38.845008416418494,25.062,25.125,2025-06-21 15:34:46
154.6,0.5,86.7,148.3,0.3,53.9,138.4,59.98,213.6,0.7,2.9,883.3,32.1,1.8,1.2,0,38.845008416418494,25.125,25.437,2025-06-21 15:35:33
156.6,0.5,85.5,151.2,0.3,54.8,137.4,60.01,213.6,0.7,2.9,883.3,32.1,1.8,1.2,0,38.845008416418494,25.125,25.187,2025-06-21 15:35:48
154.7,0.5,84.2,151.1,0.3,53.3,134.8,60.02,213.5,0.6,2.9,883.3,32.1,1.8,1.2,0,38.845008416418494,25.125,25.437,2025-06-21 15:36:35
151.7,0.5,83.0,149,0.3,52.9,133.5,60.02,213.3,0.7,2.9,883.3,32.1,1.8,1.2,0,38.845008416418494,25.062,25.062,2025-06-21 15:36:51
157.7,0.5,86.8,152.3,0.3,54.0,138.1,60,213.7,0.6,2.9,883.3,32.1,1.8,1.2,0,38.845008416418494,25.062,25.437,2025-06-21 15:37:38
156,0.5,87.9,154.3,0.3,53.4,138.7,60,213.6,0.8,2.9,883.3,32.1,1.8,1.2,0,38.845008416418494,25.0,25.0,2025-06-21 15:37:53
153.2,0.5,90.0,148.4,0.3,56.1,143.4,60.03,213.7,0.7,2.9,883.3,32.1,1.8,1.2,0,38.845008416418494,25.0,25.5,2025-06-21 15:38:40
154.6,0.5,90.9,150.2,0.3,57.9,145.9,59.99,213.7,0.7,2.9,883.3,32.1,1.8,1.2,0,38.845008416418494,25.0,25.0,2025-06-21 15:38:56
154.6,0.5,88.6,153.2,0.3,58.2,144.1,59.96,213.8,0.6,2.9,883.3,32.1,1.8,1.2,0,38.845008416418494,24.937,25.562,2025-06-21 15:39:42
151.7,0.5,85.8,151.1,0.3,60.0,143.2,59.97,213.8,0.6,2.9,883.3,32.1,1.8,1.2,0,38.845008416418494,24.937,25.0,2025-06-21 15:39:58
155.4,0.5,82.1,151.2,0.3,60.8,140.2,60.03,213.8,0.7,2.9,883.3,32.1,1.8,1.2,0,38.845008416418494,25.0,25.562,2025-06-21 15:40:45
157.6,0.5,80.5,154.2,0.3,58.3,136.3,60.03,213.9,0.7,2.9,883.3,32.2,1.8,1.2,0,38.845008416418494,25.0,25.062,2025-06-21 15:41:01
151.8,0.5,79.0,148.3,0.3,59.2,135.6,59.99,213.7,0.7,2.9,883.3,32.2,1.8,1.2,0,38.845008416418494,25.125,25.625,2025-06-21 15:41:47
154.4,0.4,79.5,148.3,0.3,58.8,135.8,60,213.7,0.6,2.9,883.3,32.2,1.8,1.2,0,38.845008416418494,25.125,25.125,2025-06-21 15:42:03
151.6,0.5,78.5,154.2,0.3,57.4,133.3,60.01,213.6,0.6,2.9,883.3,32.2,1.8,1.2,0,38.845008416418494,25.187,25.562,2025-06-21 15:42:50
151.7,0.5,77.8,151.4,0.3,59.0,134.5,60.01,213.4,0.7,2.9,883.3,32.2,1.8,1.2,0,0.0,25.187,25.187,2025-06-21 15:43:06
157.6,0.4,78.8,151.4,0.3,59.7,135.9,60,213.3,0.7,2.9,883.3,32.1,1.8,1.2,0,38.845008416418494,25.25,25.5,2025-06-21 15:43:52
154.7,0.5,82.9,153,0.3,60.2,140.4,60,213.3,0.8,2.9,883.3,32.1,1.8,1.2,0,38.845008416418494,25.25,25.25,2025-06-21 15:44:08
154.7,0.5,86.6,150.6,0.4,63.1,147.5,60.02,213.6,0.7,2.9,883.3,32.1,1.8,1.2,0,38.845008416418494,25.25,25.5,2025-06-21 15:44:55
156.1,0.5,88.7,148.4,0.4,63.3,149.3,60,213.6,0.7,2.9,883.3,32.1,1.8,1.2,0,38.845008416418494,25.25,25.25,2025-06-21 15:45:10
157.5,0.5,94.9,154.2,0.4,67.3,159.1,59.97,213.5,0.7,2.9,883.3,32.1,1.8,1.2,0,38.845008416418494,25.312,25.5,2025-06-21 15:45:57
151.6,0.6,96.0,152.6,0.4,68.0,161.0,59.98,213.4,0.8,2.9,883.3,32.1,1.8,1.2,0,38.845008416418494,25.312,25.312,2025-06-21 15:46:13
150.1,0.7,103.4,148.4,0.4,70.6,170.7,59.99,213.7,0.8,2.9,883.3,32.1,1.8,1.2,0,38.845008416418494,25.312,25.562,2025-06-21 15:47:00
149.7,0.7,106.1,151.2,0.4,72.2,175.2,59.97,213.6,0.8,2.9,883.3,32.1,1.8,1.2,0,38.845008416418494,25.25,25.25,2025-06-21 15:47:15
151.7,0.7,113.2,151.2,0.4,73.0,183.0,59.98,213.7,0.8,2.9,883.3,32.1,1.8,1.2,0,38.845008416418494,25.187,25.562,2025-06-21 15:48:02
159.2,0.7,115.2,148.2,0.4,72.4,183.7,59.98,213.8,0.9,2.9,883.3,32.1,1.8,1.2,0,38.845008416418494,25.187,25.187,2025-06-21 15:48:18
153.2,0.7,114.3,151.3,0.4,72.0,182.3,60,213.7,0.8,2.9,883.3,32.1,1.8,1.2,0,38.845008416418494,25.125,25.625,2025-06-21 15:49:05
156.2,0.7,113.7,149.7,0.4,71.4,181.4,59.99,213.5,0.8,2.9,883.3,32.1,1.8,1.2,0,38.845008416418494,25.125,25.125,2025-06-21 15:49:20
156,0.7,108.0,149.8,0.4,71.2,175.8,60.03,213.5,0.8,2.9,883.3,32.1,1.8,1.2,0,38.845008416418494,25.25,25.687,2025-06-21 15:50:07
156.1,0.6,106.8,149.7,0.4,70.9,174.3,60.03,213.5,0.8,2.9,883.3,32.1,1.8,1.2,0,38.845008416418494,25.25,25.312,2025-06-21 15:50:23
156.1,0.6,104.2,149.6,0.4,69.0,170.0,60.04,213.4,0.8,3.0,883.4,32.1,1.8,1.2,0,38.845008416418494,25.312,25.687,2025-06-21 15:51:10
159.4,0.6,102.7,152.9,0.4,69.2,168.8,60.04,213.4,0.7,3.0,883.4,32.1,1.8,1.2,0,38.845008416418494,25.312,25.312,2025-06-21 15:51:25
153.4,0.6,104.0,147.2,0.4,66.4,167.5,60.05,213.8,0.8,3.0,883.4,32.1,1.8,1.2,0,38.845008416418494,25.312,25.625,2025-06-21 15:52:12
153.1,0.6,103.9,149.3,0.4,66.3,167.0,60.03,213.8,0.8,3.0,883.4,32.1,1.8,1.2,0,38.845008416418494,25.312,25.312,2025-06-21 15:52:28
156.8,0.6,106.4,154.2,0.4,67.9,172.2,60,213.6,0.8,3.0,883.4,32,1.8,1.2,0,38.845008416418494,25.375,25.625,2025-06-21 15:53:14
155.2,0.7,108.6,151.2,0.4,69.9,175.0,59.98,213.6,0.7,3.0,883.4,32,1.8,1.2,0,38.845008416418494,25.375,25.375,2025-06-21 15:53:30
156.4,0.7,111.8,151.1,0.4,72.5,180.8,60.02,213.4,0.9,3.0,883.4,32,1.8,1.2,0,38.845008416418494,25.375,25.687,2025-06-21 15:54:17
159.1,0.7,112.2,151.7,0.4,72.5,181.1,59.99,213.4,0.8,3.0,883.4,32,1.8,1.2,0,38.845008416418494,25.375,25.375,2025-06-21 15:54:33
153.1,0.7,115.3,154.1,0.4,71.4,183.1,60.01,213.8,0.9,3.0,883.4,32,1.8,1.2,0,38.845008416418494,25.375,25.687,2025-06-21 15:55:19
153.7,0.7,116.1,151.2,0.4,72.5,185.0,60.03,213.8,0.8,3.0,883.4,32,1.8,1.2,0,38.845008416418494,25.375,25.375,2025-06-21 15:55:35
159.1,0.7,116.9,151.2,0.4,73.1,186.3,60.04,213.6,0.9,3.0,883.4,32,1.8,1.2,0,38.845008416418494,25.375,25.687,2025-06-21 15:56:22
156.1,0.7,116.4,154.1,0.4,72.4,185.3,60.04,213.4,0.8,3.0,883.4,32,1.8,1.2,0,77.69001683283699,25.375,25.375,2025-06-21 15:56:38
156,0.7,111.5,151.1,0.4,72.0,180.0,59.98,213.7,0.8,3.0,883.4,32,1.8,1.2,0,38.845008416418494,25.312,25.687,2025-06-21 15:57:24
159.1,0.6,108.3,148.2,0.4,71.0,175.9,60.02,213.7,0.8,3.0,883.4,32,1.8,1.2,0,38.845008416418494,25.375,25.375,2025-06-21 15:57:40
156.2,0.6,105.3,154.2,0.4,69.4,171.4,60.02,213.6,0.8,3.0,883.4,32,1.8,1.2,0,38.845008416418494,25.437,25.687,2025-06-21 15:58:27
153,0.6,104.1,151.1,0.4,69.8,170.7,60.02,213.5,0.8,3.0,883.4,32,1.8,1.2,0,38.845008416418494,25.437,25.437,2025-06-21 15:58:42
159.1,0.6,107.1,150.7,0.4,71.0,175.1,60.03,213.6,0.8,3.0,883.4,32.1,1.8,1.2,0,38.845008416418494,25.437,25.75,2025-06-21 15:59:29
155.9,0.7,110.0,151.3,0.4,72.3,178.8,60.06,213.6,0.8,3.0,883.4,32.1,1.8,1.2,0,38.845008416418494,25.5,25.5,2025-06-21 15:59:45
155.6,0.7,114.5,151.3,0.5,75.1,185.8,60.03,213.5,0.9,3.0,883.4,32.1,1.8,1.2,0,38.845008416418494,25.5,25.812,2025-06-21 16:00:32
156.1,0.7,115.7,148.2,0.5,74.7,186.2,60,213.5,0.9,3.0,883.4,32.1,1.8,1.2,0,38.845008416418494,25.562,25.562,2025-06-21 16:00:47
156.1,0.7,117.7,153.5,0.4,77.7,191.2,59.99,213.5,0.8,3.0,883.4,32.1,1.8,1.2,0,38.845008416418494,25.5,25.875,2025-06-21 16:01:34
153.1,0.7,117.2,153.7,0.5,77.1,190.7,60,213.6,0.8,3.0,883.4,32.1,1.8,1.2,0,38.845008416418494,25.562,25.562,2025-06-21 16:01:50
158.2,0.7,119.3,148.8,0.5,78.5,193.9,60.03,213.8,0.9,3.0,883.4,32.2,1.8,1.2,0,38.845008416418494,25.437,25.937,2025-06-21 16:02:37
158.8,0.7,120.5,151.3,0.5,79.7,196.3,60.03,213.8,0.9,3.0,883.4,32.2,1.8,1.2,0,38.845008416418494,25.375,25.437,2025-06-21 16:02:52
153.3,0.7,121.4,151.3,0.5,82.4,200.0,59.98,213.4,0.9,3.0,883.4,32.2,1.8,1.2,0,38.845008416418494,25.437,25.937,2025-06-21 16:03:39
156.2,0.7,123.9,151,0.5,83.2,203.2,60.03,213.4,0.9,3.0,883.4,32.2,1.8,1.2,0,38.845008416418494,25.437,25.5,2025-06-21 16:03:55
155.9,0.8,126.8,151.1,0.5,85.5,208.2,60.03,213.7,0.9,3.0,883.4,32.2,1.8,1.2,0,38.845008416418494,25.5,26.062,2025-06-21 16:04:42
155.8,0.8,127.7,154.2,0.5,85.1,208.8,60.04,213.6,0.9,3.0,883.4,32.2,1.8,1.2,0,38.845008416418494,25.5,25.562,2025-06-21 16:04:57
157.7,0.8,132.1,148.2,0.5,83.5,211.5,60,213.7,0.9,3.0,883.4,32.2,1.8,1.2,0,77.69001683283699,25.562,26.062,2025-06-21 16:05:44
156.5,0.8,131.3,151.1,0.5,84.5,212.0,59.98,213.4,0.9,3.0,883.4,32.2,1.8,1.2,0,38.845008416418494,25.5,25.562,2025-06-21 16:06:00
156.1,0.8,133.4,151.5,0.5,84.8,214.1,60.02,213.6,1,3.0,883.4,32.3,1.8,1.2,0,77.69001683283699,25.375,26.062,2025-06-21 16:06:47
156.1,0.8,132.9,151.2,0.5,85.4,214.2,60.03,213.8,1,3.0,883.4,32.3,1.8,1.2,0,77.69001683283699,25.375,25.312,2025-06-21 16:07:02
159.1,0.8,132.1,151.3,0.5,86.0,214.0,60,213.7,0.9,3.0,883.4,32.2,1.8,1.3,0,77.69001683283699,25.25,26.0,2025-06-21 16:07:49
153.1,0.8,129.2,154.1,0.5,85.8,210.8,59.99,213.5,1,3.0,883.4,32.2,1.8,1.3,0,38.845008416418494,25.25,25.25,2025-06-21 16:08:05
156.2,0.8,130.2,148.8,0.5,86.5,212.5,59.97,213.3,1,3.0,883.4,32.2,1.8,1.3,0,77.69001683283699,25.25,26.062,2025-06-21 16:08:52
153.1,0.8,128.7,148.3,0.5,85.6,210.2,59.99,213.5,0.9,3.0,883.4,32.2,1.8,1.3,0,38.845008416418494,25.312,25.312,2025-06-21 16:09:07
156.9,0.8,132.1,154.2,0.5,86.2,214.2,60.02,213.6,1,3.0,883.4,32.3,1.8,1.3,0,77.69001683283699,25.375,26.125,2025-06-21 16:09:54
156.5,0.8,132.8,151.2,0.5,87.5,216.1,60.01,213.6,0.9,3.0,883.4,32.3,1.8,1.3,0,77.69001683283699,25.437,25.437,2025-06-21 16:10:10
158.1,0.8,134.0,149.2,0.5,86.5,216.4,60,213.4,1,3.0,883.4,32.3,1.8,1.3,0,77.69001683283699,25.375,26.187,2025-06-21 16:10:56
159.1,0.8,135.7,148.6,0.5,86.7,218.6,60.02,213.4,1,3.0,883.4,32.3,1.8,1.3,0,77.69001683283699,25.312,25.375,2025-06-21 16:11:12
159,0.8,137.2,154.2,0.5,88.4,221.4,60.01,213.7,1,3.0,883.4,32.3,1.8,1.3,0,77.69001683283699,25.25,26.187,2025-06-21 16:11:59
161.9,0.8,128.5,151.4,0.5,90.2,214.6,59.99,213.6,1,3.0,883.4,32.3,1.8,1.3,0,77.69001683283699,25.187,25.187,2025-06-21 16:12:14
159,0.8,138.5,148.5,0.5,88.4,222.5,59.98,213.6,1,3.0,883.4,32.3,1.8,1.3,0,77.69001683283699,25.187,26.125,2025-06-21 16:13:01
162,0.8,130.0,148.4,0.6,89.2,214.4,59.97,213.5,1,3.0,883.4,32.3,1.8,1.3,0,77.69001683283699,25.187,25.187,2025-06-21 16:13:17
162,0.9,132.1,151.1,0.5,90.9,218.7,60.04,213.6,1,3.0,883.4,32.4,1.9,1.3,0,77.69001683283699,25.125,26.125,2025-06-21 16:14:04
159,0.9,140.2,154.2,0.5,89.9,225.5,60.01,213.7,1,3.0,883.4,32.4,1.9,1.3,0,77.69001683283699,25.187,25.187,2025-06-21 16:14:19
159.1,0.9,140.6,148.3,0.6,90.0,224.8,60.01,213.6,1,3.0,883.4,32.4,1.9,1.3,0,77.69001683283699,25.187,26.125,2025-06-21 16:15:06
158.8,0.8,139.1,148.6,0.5,90.1,225.0,60.03,213.7,1,3.0,883.4,32.4,1.9,1.3,0,77.69001683283699,25.25,25.25,2025-06-21 16:15:22
156.1,0.8,138.8,153.6,0.5,89.9,224.4,60.02,213.8,1,3.0,883.4,32.4,1.9,1.3,0,77.69001683283699,25.375,26.125,2025-06-21 16:16:09
161.4,0.8,134.8,154.3,0.5,89.4,220.5,60.01,213.7,1,3.0,883.4,32.4,1.9,1.3,0,77.69001683283699,25.375,25.375,2025-06-21 16:16:24
160.9,0.8,138.8,151,0.5,88.7,221.3,60,213.5,1,3.0,883.4,32.4,1.9,1.3,0,77.69001683283699,25.437,26.125,2025-06-21 16:17:11
159.1,0.8,138.0,149,0.5,88.7,222.3,59.99,213.5,1.1,3.0,883.4,32.3,1.9,1.3,0,77.69001683283699,25.5,25.5,2025-06-21 16:17:27
160.6,0.7,136.9,153.1,0.5,87.7,220.2,60,213.7,1,3.0,883.4,32.3,1.9,1.3,0,77.69001683283699,25.5,26.0,2025-06-21 16:18:14
159.1,0.8,137.1,154,0.5,86.2,219.0,60,213.7,1,3.0,883.4,32.3,1.9,1.3,0,77.69001683283699,25.5,25.562,2025-06-21 16:18:29
157.8,0.8,134.7,148.3,0.5,85.5,216.4,60.02,213.4,1,3.0,883.4,32.3,1.9,1.3,0,77.69001683283699,25.562,26.0,2025-06-21 16:19:16
156.1,0.8,134.9,151,0.5,86.6,217.6,60.04,213.4,1,3.0,883.4,32.3,1.9,1.3,0,77.69001683283699,25.562,25.562,2025-06-21 16:19:32
159.1,0.8,135.1,151.1,0.5,85.9,216.1,60.01,213.4,1,3.0,883.4,32.3,1.9,1.3,0,77.69001683283699,25.562,26.0,2025-06-21 16:20:18
159,0.8,133.8,151.1,0.5,86.0,215.6,60,213.3,1,3.0,883.4,32.3,1.9,1.3,0,77.69001683283699,25.562,25.562,2025-06-21 16:20:34
153.1,0.8,131.1,151.2,0.5,85.9,212.8,59.99,213.5,1,3.1,883.5,32.3,1.9,1.3,0,77.69001683283699,25.562,26.062,2025-06-21 16:21:21
153,0.8,130.4,154.2,0.5,83.7,210.6,60.03,213.6,1.1,3.1,883.5,32.3,1.9,1.3,0,77.69001683283699,25.625,25.625,2025-06-21 16:21:37
158.9,0.8,129.9,148.4,0.5,82.9,208.6,60.05,213.6,0.9,3.1,883.5,32.3,1.9,1.3,0,77.69001683283699,25.625,26.125,2025-06-21 16:22:23
156.2,0.8,129.7,148.3,0.5,82.4,208.4,60.01,213.6,1,3.1,883.5,32.3,1.9,1.3,0,77.69001683283699,25.625,25.687,2025-06-21 16:22:39
156,0.8,127.9,154.2,0.5,80.2,204.1,59.99,213.7,0.9,3.1,883.5,32.4,1.9,1.3,0,38.845008416418494,25.625,26.125,2025-06-21 16:23:26
158.6,0.8,126.7,151.1,0.5,81.2,204.1,59.99,213.5,0.9,3.1,883.5,32.4,1.9,1.3,0,77.69001683283699,25.625,25.687,2025-06-21 16:23:42
156.1,0.8,125.2,151.2,0.5,78.6,199.7,60.02,213.5,0.9,3.1,883.5,32.4,1.9,1.3,0,38.845008416418494,25.625,26.125,2025-06-21 16:24:28
153.1,0.8,122.8,153.5,0.5,77.9,196.8,60.02,213.6,0.9,3.1,883.5,32.3,1.9,1.3,0,38.845008416418494,25.625,25.625,2025-06-21 16:24:44
159.1,0.7,122.8,149.8,0.5,76.6,195.6,60,213.6,0.9,3.1,883.5,32.3,1.9,1.3,0,38.845008416418494,25.5,26.062,2025-06-21 16:25:31
156.9,0.8,122.5,148.2,0.5,76.0,194.7,59.99,213.6,0.9,3.1,883.5,32.3,1.9,1.3,0,38.845008416418494,25.5,25.5,2025-06-21 16:25:47
154.4,0.7,120.8,151.4,0.5,75.6,192.7,60,213.5,0.9,3.1,883.5,32.3,1.9,1.3,0,38.845008416418494,25.562,26.062,2025-06-21 16:26:33
156.1,0.7,122.1,149.7,0.5,76.3,194.3,59.99,213.5,0.8,3.1,883.5,32.3,1.9,1.3,0,38.845008416418494,25.562,25.562,2025-06-21 16:26:49
156,0.7,120.6,149.6,0.5,75.8,192.6,59.97,213.5,0.9,3.1,883.5,32.3,1.9,1.3,0,38.845008416418494,25.5,26.062,2025-06-21 16:27:36
153.1,0.7,118.7,152.7,0.4,74.5,189.5,60.02,213.4,0.9,3.1,883.5,32.3,1.9,1.3,0,38.845008416418494,25.5,25.562,2025-06-21 16:27:51
156.8,0.7,117.9,149.1,0.4,73.5,186.8,59.99,213.5,0.8,3.1,883.5,32.2,1.9,1.3,0,38.845008416418494,25.562,26.0,2025-06-21 16:28:38
159.1,0.7,116.4,146.7,0.4,72.4,185.3,60,213.6,0.8,3.1,883.5,32.2,1.9,1.3,0,38.845008416418494,25.562,25.562,2025-06-21 16:28:54
153.2,0.7,115.0,152.6,0.4,71.8,182.7,60,213.7,0.9,3.1,883.5,32.3,1.9,1.3,0,38.845008416418494,25.562,26.0,2025-06-21 16:29:41
156,0.7,115.4,149.7,0.4,71.8,183.6,59.97,213.7,0.8,3.1,883.5,32.3,1.9,1.3,0,38.845008416418494,25.562,25.625,2025-06-21 16:29:56
155.7,0.7,111.4,149.6,0.4,69.8,177.6,60.01,213.8,0.8,3.1,883.5,32.2,1.9,1.3,0,38.845008416418494,25.562,26.0,2025-06-21 16:30:43
155.9,0.7,110.9,149.6,0.4,69.7,176.9,59.99,213.8,0.8,3.1,883.5,32.2,1.9,1.3,0,38.845008416418494,25.562,25.562,2025-06-21 16:30:59
156,0.6,107.2,149.6,0.4,67.7,171.6,60.03,213.7,0.9,3.1,883.5,32.2,1.9,1.3,0,38.845008416418494,25.5,25.937,2025-06-21 16:31:46
153.2,0.6,104.0,146.7,0.4,65.9,166.3,60.02,213.6,0.7,3.1,883.5,32.2,1.9,1.3,0,38.845008416418494,25.5,25.5,2025-06-21 16:32:01
153.1,0.6,98.7,152.6,0.4,63.7,159.7,59.98,213.6,0.7,3.1,883.5,32.2,1.9,1.3,0,38.845008416418494,25.5,25.937,2025-06-21 16:32:48
157.2,0.5,98.3,151.1,0.4,63.6,158.9,59.98,213.3,0.8,3.1,883.5,32.2,1.9,1.3,0,38.845008416418494,25.5,25.5,2025-06-21 16:33:04
156.5,0.5,93.8,147.8,0.4,62.0,152.8,59.97,213.3,0.7,3.1,883.5,32.2,1.9,1.3,0,38.845008416418494,25.5,26.0,2025-06-21 16:33:51
156,0.5,92.6,148.2,0.4,61.5,151.2,59.97,213.4,0.6,3.1,883.5,32.2,1.9,1.3,0,38.845008416418494,25.5,25.5,2025-06-21 16:34:06
156,0.5,90.6,147.7,0.4,60.9,148.6,60.02,213.6,0.6,3.1,883.5,32.2,1.9,1.3,0,38.845008416418494,25.5,26.0,2025-06-21 16:34:53
153.1,0.5,90.2,146.8,0.4,60.7,148.1,60.04,213.8,0.7,3.1,883.5,32.2,1.9,1.3,0,38.845008416418494,25.5,25.562,2025-06-21 16:35:09
153.1,0.5,91.7,152.7,0.3,58.5,147.3,60.02,213.7,0.7,3.1,883.5,32.2,1.9,1.3,0,38.845008416418494,25.562,25.937,2025-06-21 16:35:55
156.1,0.5,93.2,149.6,0.3,59.4,149.6,60.04,213.5,0.7,3.1,883.5,32.2,1.9,1.3,0,38.845008416418494,25.5,25.5,2025-06-21 16:36:11
156,0.5,93.8,147.3,0.3,57.0,148.8,60.01,213.5,0.6,3.1,883.5,32.2,1.9,1.3,0,38.845008416418494,25.312,25.875,2025-06-21 16:36:58
155.8,0.5,91.8,150,0.3,57.2,145.9,60.01,213.6,0.8,3.1,883.5,32.2,1.9,1.3,0,38.845008416418494,25.312,25.312,2025-06-21 16:37:14
156.3,0.5,86.1,149.8,0.3,55.1,139.0,59.96,213.5,0.6,3.1,883.5,32.2,1.9,1.3,0,38.845008416418494,25.312,25.875,2025-06-21 16:38:00
153.2,0.5,85.1,146.8,0.3,53.8,136.4,59.98,213.5,0.6,3.1,883.5,32.2,1.9,1.3,0,38.845008416418494,25.312,25.312,2025-06-21 16:38:16
153.2,0.4,76.4,148.4,0.3,51.9,126.0,59.95,213.4,0.7,3.1,883.5,32.2,1.9,1.3,0,38.845008416418494,25.375,25.875,2025-06-21 16:39:03
150.2,0.4,72.8,145.1,0.3,49.9,120.5,59.97,213.5,0.7,3.1,883.5,32.2,1.9,1.3,0,0.0,25.375,25.375,2025-06-21 16:39:19
156,0.4,69.7,148.3,0.3,47.2,114.0,60.01,213.5,0.6,3.1,883.5,32.2,1.9,1.3,0,0.0,25.437,25.875,2025-06-21 16:40:05
156.1,0.4,67.9,151.3,0.2,45.7,111.4,60.02,213.4,0.4,3.1,883.5,32.2,1.9,1.3,0,0.0,25.437,25.437,2025-06-21 16:40:21
150.2,0.4,66.1,148.4,0.2,45.0,110.5,59.99,213.5,0.5,3.1,883.5,32.2,1.9,1.3,0,0.0,25.375,25.812,2025-06-21 16:41:08
153,0.4,66.4,146.7,0.2,45.2,109.6,60.01,213.6,0.5,3.1,883.5,32.2,1.9,1.3,0,0.0,25.375,25.375,2025-06-21 16:41:24
154.2,0.3,63.5,148.2,0.2,43.4,104.9,60.02,213.4,0.5,3.1,883.5,32.2,1.9,1.3,0,0.0,25.375,25.75,2025-06-21 16:42:10
151.8,0.3,61.7,147,0.2,42.4,102.2,60.02,213.3,0.5,3.1,883.5,32.2,1.9,1.3,0,0.0,25.375,25.437,2025-06-21 16:42:26
153.1,0.3,57.3,147.1,0.2,40.0,95.6,60.01,213.7,0.4,3.1,883.5,32.2,1.9,1.3,0,0.0,25.437,25.75,2025-06-21 16:43:13
153.1,0.3,55.9,145.5,0.2,38.7,92.8,60.03,213.7,0.5,3.1,883.5,32.2,1.9,1.3,0,0.0,25.437,25.437,2025-06-21 16:43:28
150.2,0.3,53.2,146.7,0.2,36.7,88.3,59.99,213.7,0.5,3.1,883.5,32.2,1.9,1.3,0,0.0,25.437,25.687,2025-06-21 16:44:15
150.6,0.3,52.5,145.2,0.2,35.7,85.9,60.02,213.7,0.5,3.1,883.5,32.2,1.9,1.3,0,0.0,25.375,25.375,2025-06-21 16:44:31
150,0.3,52.6,146.8,0.2,34.8,85.6,59.98,213.5,0.4,3.1,883.5,32.2,1.9,1.3,0,0.0,25.375,25.625,2025-06-21 16:45:18
153.1,0.3,53.0,143.9,0.2,33.8,85.4,59.98,213.6,0.5,3.1,883.5,32.2,1.9,1.3,0,0.0,25.375,25.375,2025-06-21 16:45:33
150,0.3,55.2,148.1,0.2,33.0,86.6,59.98,213.3,0.4,3.1,883.5,32.2,1.9,1.3,0,0.0,25.375,25.625,2025-06-21 16:46:20
156.4,0.3,54.4,148.2,0.2,33.2,86.3,59.96,213.2,0.5,3.1,883.5,32.2,1.9,1.3,0,0.0,25.375,25.375,2025-06-21 16:46:36
153.1,0.3,59.4,146.9,0.2,34.6,92.3,60.02,213.6,0.5,3.1,883.5,32.2,1.9,1.3,0,0.0,25.187,25.562,2025-06-21 16:47:23
156.2,0.3,58.8,149.9,0.2,34.9,91.8,60.03,213.6,0.6,3.1,883.5,32.2,1.9,1.3,0,0.0,25.187,25.187,2025-06-21 16:47:38
150.7,0.3,60.7,151.1,0.2,36.0,95.0,60.02,213.7,0.6,3.1,883.5,32.2,1.9,1.3,0,0.0,25.125,25.562,2025-06-21 16:48:25
150.1,0.3,59.8,148,0.2,38.2,96.5,60.01,213.6,0.6,3.1,883.5,32.2,1.9,1.3,0,0.0,25.062,25.062,2025-06-21 16:48:41
156.2,0.3,61.1,142.5,0.2,39.0,98.3,60.02,213.7,0.5,3.1,883.5,32.2,1.9,1.3,0,0.0,25.0,25.5,2025-06-21 16:49:28
153.1,0.4,63.6,148.5,0.2,39.9,101.5,60.02,213.8,0.6,3.1,883.5,32.2,1.9,1.3,0,0.0,25.0,25.0,2025-06-21 16:49:43
150.8,0.4,66.0,146.1,0.2,41.5,104.0,59.98,213.7,0.6,3.1,883.5,32.1,1.9,1.3,0,0.0,25.0,25.5,2025-06-21 16:50:30
151.1,0.4,66.0,146.1,0.2,42.2,106.3,60.04,213.8,0.7,3.1,883.5,32.1,1.9,1.3,0,0.0,25.062,25.062,2025-06-21 16:50:46
156.1,0.4,67.8,143.6,0.2,43.4,109.3,60.02,213.8,0.6,3.1,883.5,32.1,1.9,1.3,0,38.845008416418494,25.062,25.5,2025-06-21 16:51:32
153.2,0.4,70.2,144.5,0.2,43.7,111.9,59.97,213.7,0.5,3.1,883.5,32.1,1.9,1.3,0,38.845008416418494,25.0,25.062,2025-06-21 16:51:48
153.4,0.4,73.1,149.7,0.2,44.8,115.8,60,213.6,0.6,3.1,883.5,32.1,1.9,1.3,0,38.845008416418494,25.062,25.5,2025-06-21 16:52:35
154.4,0.4,73.9,146.8,0.2,45.1,117.4,60.01,213.5,0.6,3.1,883.5,32.1,1.9,1.3,0,38.845008416418494,25.062,25.062,2025-06-21 16:52:51
156.1,0.4,76.4,143.8,0.3,46.1,120.2,59.98,213.5,0.6,3.1,883.5,32.1,1.9,1.3,0,38.845008416418494,25.062,25.437,2025-06-21 16:53:37
153.2,0.4,76.5,143.9,0.3,46.5,120.7,60,213.5,0.5,3.1,883.5,32.1,1.9,1.3,0,38.845008416418494,25.062,25.062,2025-06-21 16:53:53
153.4,0.4,77.7,146.8,0.3,48.6,124.1,60,213.5,0.6,3.1,883.5,32.1,1.9,1.3,0,38.845008416418494,25.062,25.437,2025-06-21 16:54:40
156.1,0.4,77.6,143.8,0.3,48.5,123.8,60.02,213.5,0.6,3.1,883.5,32.1,1.9,1.3,0,38.845008416418494,24.937,24.937,2025-06-21 16:54:56
153.1,0.4,76.3,147.5,0.3,49.8,123.8,60.02,213.4,0.6,3.1,883.5,32,1.9,1.3,0,38.845008416418494,24.937,25.375,2025-06-21 16:55:42
153.5,0.4,75.8,151.3,0.3,48.7,122.0,60.03,213.3,0.7,3.1,883.5,32,1.9,1.3,0,38.845008416418494,25.0,25.0,2025-06-21 16:55:58
153.2,0.4,74.1,151.2,0.2,47.4,119.1,60.03,213.6,0.6,3.1,883.5,32,1.9,1.3,0,38.845008416418494,25.0,25.375,2025-06-21 16:56:45
153.1,0.4,73.6,150.8,0.2,47.4,118.8,60.03,213.6,0.6,3.1,883.5,32,1.9,1.3,0,0.0,25.062,25.0,2025-06-21 16:57:00
153.1,0.4,70.8,146.3,0.3,46.4,115.2,59.96,213.8,0.7,3.1,883.5,31.9,1.9,1.3,0,38.845008416418494,25.062,25.375,2025-06-21 16:57:47
156.1,0.4,69.5,148.2,0.2,45.5,112.8,59.98,213.6,0.5,3.1,883.5,31.9,1.9,1.3,0,38.845008416418494,25.062,25.062,2025-06-21 16:58:03
150.2,0.4,65.9,148.3,0.2,43.6,107.6,59.97,213.5,0.6,3.1,883.5,31.9,1.9,1.3,0,0.0,25.062,25.375,2025-06-21 16:58:50
153.1,0.4,65.9,148.3,0.2,42.8,106.7,59.98,213.4,0.6,3.1,883.5,31.9,1.9,1.3,0,0.0,25.125,25.125,2025-06-21 16:59:05
154.4,0.3,62.2,146.6,0.2,39.7,99.9,59.99,213.6,0.5,3.1,883.5,31.9,1.9,1.3,0,0.0,25.125,25.375,2025-06-21 16:59:52
153.1,0.3,61.3,144,0.2,37.9,97.5,59.99,213.8,0.6,3.1,883.5,31.9,1.9,1.3,0,0.0,25.125,25.125,2025-06-21 17:00:08
153.2,0.3,59.4,146.8,0.2,35.2,92.8,60.03,213.7,0.5,3.1,883.5,31.9,1.9,1.3,0,0.0,25.125,25.375,2025-06-21 17:00:55
156,0.3,53.6,143.7,0.2,34.2,86.3,60.03,213.7,0.5,3.1,883.5,31.9,1.9,1.3,0,0.0,25.062,25.062,2025-06-21 17:01:10
156.2,0.3,51.6,145.6,0.2,34.9,85.0,60.01,213.6,0.5,3.1,883.5,31.9,1.9,1.3,0,0.0,25.0,25.375,2025-06-21 17:01:57
153.1,0.3,55.0,147.9,0.2,34.0,86.6,60.03,213.3,0.5,3.1,883.5,31.9,1.9,1.3,0,0.0,25.062,25.062,2025-06-21 17:02:13
150.2,0.3,56.8,148.3,0.2,34.3,89.4,60.01,213.5,0.6,3.1,883.5,32,1.9,1.3,0,0.0,25.062,25.375,2025-06-21 17:03:00
152.9,0.3,58.6,144.5,0.2,34.8,91.6,60.06,213.6,0.5,3.1,883.5,32,1.9,1.3,0,0.0,25.062,25.062,2025-06-21 17:03:15
153.2,0.3,62.4,146.7,0.2,36.9,98.1,60.03,213.5,0.5,3.1,883.5,32,1.9,1.3,0,0.0,25.0,25.375,2025-06-21 17:04:02
150.3,0.4,61.5,147.8,0.2,36.0,95.8,60.02,213.6,0.5,3.1,883.5,32,1.9,1.3,0,0.0,25.0,25.0,2025-06-21 17:04:18
156,0.3,60.5,145.7,0.2,37.9,96.5,60.01,213.5,0.5,3.1,883.5,31.9,1.9,1.3,0,38.845008416418494,24.937,25.312,2025-06-21 17:05:04
155.3,0.3,61.7,146.8,0.2,38.6,98.4,60.01,213.6,0.4,3.1,883.5,31.9,1.9,1.3,0,0.0,24.937,24.937,2025-06-21 17:05:20
151.4,0.3,60.9,145,0.2,38.1,97.6,59.99,213.6,0.5,3.2,883.6,31.9,1.9,1.3,0,0.0,25.0,25.312,2025-06-21 17:06:07
150.3,0.3,59.7,148.2,0.2,37.8,95.8,60.01,213.6,0.5,3.2,883.6,31.9,1.9,1.3,0,0.0,25.0,25.0,2025-06-21 17:06:22
156.1,0.3,53.9,140.9,0.2,34.8,87.0,59.98,213.6,0.5,3.2,883.6,31.9,1.9,1.3,0,0.0,25.0,25.312,2025-06-21 17:07:09
155,0.3,54.6,141.8,0.2,34.4,84.0,60.01,213.5,0.5,3.2,883.6,31.9,1.9,1.3,0,0.0,25.062,25.062,2025-06-21 17:07:25
151.7,0.3,51.1,143.8,0.2,32.3,81.9,59.98,213.5,0.4,3.2,883.6,31.9,1.9,1.3,0,0.0,25.062,25.312,2025-06-21 17:08:12
147.1,0.3,48.9,143.7,0.2,31.5,79.1,59.99,213.6,0.4,3.2,883.6,31.9,1.9,1.3,0,0.0,25.062,25.062,2025-06-21 17:08:27
150.2,0.2,47.0,146.6,0.1,29.2,74.7,60.04,213.5,0.5,3.2,883.6,31.8,1.9,1.3,0,0.0,25.062,25.312,2025-06-21 17:09:14
150.1,0.2,47.2,146.8,0.1,27.9,73.7,60.04,213.5,0.4,3.2,883.6,31.8,1.9,1.3,0,0.0,25.062,25.062,2025-06-21 17:09:30
150.5,0.2,44.8,140.9,0.1,25.9,69.5,59.99,213.6,0.4,3.2,883.6,31.8,1.9,1.3,0,0.0,25.062,25.312,2025-06-21 17:10:17
147.4,0.2,43.0,143.9,0.1,25.7,67.4,60.04,213.5,0.5,3.2,883.6,31.8,1.9,1.3,0,0.0,25.062,25.062,2025-06-21 17:10:32
153.2,0.2,40.4,143.8,0.1,23.9,63.2,59.98,213.6,0.5,3.2,883.6,31.8,1.9,1.3,0,0.0,25.062,25.25,2025-06-21 17:11:19
153,0.2,39.0,143.8,0.1,23.5,61.7,59.97,213.6,0.3,3.2,883.6,31.8,1.9,1.3,0,0.0,25.125,25.125,2025-06-21 17:11:35
147.3,0.2,37.7,147,0.1,21.5,58.3,60.01,213.6,0.3,3.2,883.6,31.8,1.9,1.3,0,0.0,25.062,25.25,2025-06-21 17:12:22
150.3,0.2,38.0,143.8,0.1,21.2,58.2,59.98,213.7,0.4,3.2,883.6,31.8,1.9,1.3,0,0.0,25.062,25.125,2025-06-21 17:12:37
150.1,0.2,38.4,140.4,0.1,19.5,56.9,59.96,213.7,0.3,3.2,883.6,31.8,1.9,1.3,0,0.0,25.062,25.187,2025-06-21 17:13:24
147.9,0.2,39.4,137.4,0.1,19.5,57.8,59.96,213.6,0.4,3.2,883.6,31.8,1.9,1.3,0,0.0,25.062,25.125,2025-06-21 17:13:40
147.2,0.2,39.2,140.3,0.1,20.2,58.5,59.98,213.4,0.4,3.2,883.6,31.9,1.9,1.3,0,0.0,25.062,25.187,2025-06-21 17:14:27
139.9,0.2,38.3,140.8,0.1,20.4,57.8,59.97,213.4,0.3,3.2,883.6,31.9,1.9,1.3,0,0.0,25.0,25.0,2025-06-21 17:14:42
150.1,0.2,39.7,143.8,0.1,20.2,58.9,59.97,213.5,0.5,3.2,883.6,31.8,1.9,1.3,0,0.0,24.937,25.187,2025-06-21 17:15:29
151.3,0.2,38.9,142.5,0.1,20.6,58.3,59.98,213.6,0.4,3.2,883.6,31.8,1.9,1.3,0,0.0,24.937,24.937,2025-06-21 17:15:45
147.6,0.2,37.1,144.8,0.1,19.1,55.2,60,213.6,0.5,3.2,883.6,31.8,1.9,1.3,0,0.0,24.875,25.125,2025-06-21 17:16:32
149.4,0.2,37.1,138.8,0.1,18.3,54.4,59.99,213.5,0.4,3.2,883.6,31.8,1.9,1.3,0,0.0,24.875,24.937,2025-06-21 17:16:47
143.4,0.2,35.0,141.6,0.1,17.2,51.5,60.01,213.3,0.3,3.2,883.6,31.8,1.9,1.3,0,0.0,24.937,25.062,2025-06-21 17:17:34
143.7,0.2,34.5,143.8,0.1,16.6,50.2,60,213.3,0.4,3.2,883.6,31.8,1.9,1.3,0,0.0,24.875,24.875,2025-06-21 17:17:50
146.7,0.1,32.3,144.8,0,15.9,47.5,60.02,213.6,0.4,3.2,883.6,31.8,1.9,1.3,0,0.0,24.875,25.062,2025-06-21 17:18:37
147.4,0.1,31.7,143.7,0.1,15.4,46.2,60.02,213.6,0.2,3.2,883.6,31.8,1.9,1.3,0,0.0,24.875,24.875,2025-06-21 17:18:52
144.5,0.1,27.9,139,0,14.3,41.5,60,213.2,0.2,3.2,883.6,31.8,1.9,1.3,0,0.0,24.875,25.062,2025-06-21 17:19:39
145.4,0.1,28.6,143.6,0,12.4,40.9,60.01,213.2,0.4,3.2,883.6,31.8,1.9,1.3,0,0.0,24.812,24.812,2025-06-21 17:19:54
151.2,0.1,24.7,148.3,0,11.0,36.0,60,213.4,0.3,3.2,883.6,31.8,1.9,1.3,0,0.0,24.875,25.0,2025-06-21 17:20:41
142.2,0.1,25.3,131.4,0,11.5,36.2,60.02,213.3,0.4,3.2,883.6,31.8,1.9,1.3,0,0.0,24.875,24.875,2025-06-21 17:20:57
142,0.1,24.8,137.1,0,11.3,35.6,60,213.3,0.4,3.2,883.6,31.8,1.9,1.3,0,0.0,24.875,25.062,2025-06-21 17:21:44
149.9,0.1,24.0,138.8,0,11.5,35.0,60.01,213.1,0.4,3.2,883.6,31.8,1.9,1.3,0,0.0,24.875,24.875,2025-06-21 17:21:59
147.5,0.1,25.7,140.1,0,11.7,36.9,59.99,213.5,0.3,3.2,883.6,31.8,1.9,1.3,0,0.0,24.875,25.062,2025-06-21 17:22:46
147.9,0.1,25.6,136.6,0,11.3,36.3,60.01,213.5,0.5,3.2,883.6,31.8,1.9,1.3,0,0.0,24.937,24.875,2025-06-21 17:23:02
144.7,0.1,24.6,139.4,0,10.9,34.9,60,213.5,0.3,3.2,883.6,31.8,1.9,1.3,0,0.0,24.875,25.0,2025-06-21 17:23:49
148,0.1,24.9,139.4,0,11.1,34.9,60.01,213.6,0.3,3.2,883.6,31.8,1.9,1.3,0,0.0,24.875,24.875,2025-06-21 17:24:04
142.2,0.1,25.0,139.1,0,10.8,35.0,60.03,213.8,0.4,3.2,883.6,31.7,1.9,1.3,0,0.0,24.75,25.0,2025-06-21 17:24:51
141.7,0.1,24.6,138.8,0,10.5,34.6,60.04,213.8,0.3,3.2,883.6,31.7,1.9,1.3,0,0.0,24.75,24.75,2025-06-21 17:25:07
147.5,0.1,26.2,141.6,0,9.8,35.4,60.04,213.9,0.4,3.2,883.6,31.7,1.9,1.3,0,0.0,24.812,24.937,2025-06-21 17:25:54
145.5,0.1,26.6,141.7,0,9.6,35.5,60.01,213.8,0.3,3.2,883.6,31.7,1.9,1.3,0,0.0,24.75,24.75,2025-06-21 17:26:09
150.7,0.1,23.8,132.7,0,9.6,33.2,59.99,213.9,0.4,3.2,883.6,31.7,1.9,1.3,0,0.0,24.75,24.937,2025-06-21 17:26:56
144.1,0.1,25.3,141.9,0,9.4,34.2,60.02,214,0.3,3.2,883.6,31.7,1.9,1.3,0,0.0,24.75,24.75,2025-06-21 17:27:12
141.7,0.1,23.2,127.1,0,8.4,31.1,60.01,214,0.4,3.2,883.6,31.7,1.9,1.3,0,0.0,24.75,24.937,2025-06-21 17:27:59
144.5,0.1,22.8,126.8,0,7.7,29.7,60.04,214.2,0.3,3.2,883.6,31.7,1.9,1.3,0,0.0,24.75,24.812,2025-06-21 17:28:14
144.7,0.1,22.1,141.9,0,7.0,28.9,59.99,214.7,0.4,3.2,883.6,31.7,1.9,1.3,0,0.0,24.75,24.875,2025-06-21 17:29:01
143.4,0.1,21.4,146.3,0,5.6,26.5,60.04,214.7,0.4,3.2,883.6,31.7,1.9,1.3,0,0.0,24.75,24.75,2025-06-21 17:29:17
149.1,0,19.5,134.5,0,5.8,24.9,60.04,214.8,0.2,3.2,883.6,31.7,1.9,1.3,0,0.0,24.687,24.875,2025-06-21 17:30:04
140.1,0.1,19.3,137.3,0,5.8,24.8,60.03,215,0.4,3.2,883.6,31.6,1.9,1.3,0,0.0,24.687,24.687,2025-06-21 17:30:19
146.2,0,18.5,134.5,0,5.1,23.5,60.01,215.2,0.3,3.2,883.6,31.6,1.9,1.3,0,-38.845008416418494,24.687,24.812,2025-06-21 17:31:06
142.5,0.1,18.1,128.6,0,4.9,22.9,60,215.1,0.3,3.2,883.6,31.6,1.9,1.3,0,-38.845008416418494,24.687,24.687,2025-06-21 17:31:22
142.4,0,17.0,126.4,0,4.4,21.1,60.01,215.2,0.3,3.2,883.6,31.6,1.9,1.3,0,0.0,24.625,24.75,2025-06-21 17:32:09
141.9,0,16.5,135.2,0,4.6,20.8,59.97,215.4,0.3,3.2,883.6,31.5,1.9,1.3,0,-38.845008416418494,24.687,24.687,2025-06-21 17:32:24
141.8,0,14.9,126,0,3.6,18.3,60,215.4,0.4,3.2,883.6,31.5,1.9,1.3,0,0.0,24.625,24.75,2025-06-21 17:33:11
146.6,0,10.2,139,0,2.5,14.9,60.01,215.3,0.4,3.2,883.6,31.5,1.9,1.3,0,-38.845008416418494,24.625,24.625,2025-06-21 17:33:27
143.6,0,13.1,130.8,0,2.9,15.7,59.97,215.2,0.4,3.2,883.6,31.5,1.9,1.3,0,0.0,24.625,24.75,2025-06-21 17:34:13
143.5,0,12.6,135,0,2.9,15.4,59.99,215.3,0.3,3.2,883.6,31.5,1.9,1.3,0,-38.845008416418494,24.687,24.687,2025-06-21 17:34:29
123.6,0,10.8,132.4,0,2.2,13.0,59.99,215.2,0.3,3.2,883.6,31.5,1.9,1.3,0,-38.845008416418494,24.687,24.75,2025-06-21 17:35:16
125.7,0,10.6,125.4,0,2.1,12.7,59.99,215.1,0.4,3.2,883.6,31.5,1.9,1.3,0,0.0,24.687,24.687,2025-06-21 17:35:32
137.9,0,8.8,127.9,0,2.0,10.8,59.97,215.1,0.4,3.2,883.6,31.5,1.9,1.3,0,0.0,24.687,24.687,2025-06-21 17:36:18
131.8,0,8.0,135.1,0,1.9,10.2,60.01,215.2,0.4,3.2,883.6,31.5,1.9,1.3,0,-38.845008416418494,24.687,24.687,2025-06-21 17:36:34
131.9,0,6.3,141.1,0,1.6,8.4,59.97,214.9,0.3,3.2,883.6,31.5,1.9,1.3,0,-38.845008416418494,24.687,24.687,2025-06-21 17:37:21
134.9,0,5.3,148,0,1.5,6.3,59.97,215.1,0.3,3.2,883.6,31.5,1.9,1.3,0,-38.845008416418494,24.687,24.75,2025-06-21 17:37:36
124,0,5.2,146.9,0,1.3,5.5,60.02,215.3,0.4,3.2,883.6,31.5,1.9,1.3,0,-38.845008416418494,24.75,24.687,2025-06-21 17:38:23
112.1,0,3.5,150.8,0,0.9,3.9,59.99,215.3,0.4,3.2,883.6,31.5,1.9,1.3,0,-38.845008416418494,24.687,24.687,2025-06-21 17:38:39
141.7,0,6.1,144.9,0,1.4,7.1,60.02,215.5,0.4,3.2,883.6,31.5,1.9,1.3,0,-38.845008416418494,24.687,24.687,2025-06-21 17:39:26
138.8,0,6.4,147.9,0,1.4,7.1,60.03,215.4,0.4,3.2,883.6,31.5,1.9,1.3,0,-38.845008416418494,24.687,24.687,2025-06-21 17:39:41
128.4,0,7.8,121.2,0,1.4,9.5,60.04,215.5,0.5,3.2,883.6,31.5,1.9,1.3,0,-38.845008416418494,24.687,24.625,2025-06-21 17:40:28
130,0,8.3,122.2,0,1.4,9.7,60.08,215.6,0.3,3.2,883.6,31.4,1.9,1.3,0,-38.845008416418494,24.687,24.687,2025-06-21 17:40:44
141.8,0,6.0,149.5,0,1.4,6.4,60.02,215.5,0.4,3.2,883.6,31.4,1.9,1.3,0,-38.845008416418494,24.625,24.625,2025-06-21 17:41:31
128.4,0,5.2,151,0,1.1,5.9,60.03,215.5,0.4,3.2,883.6,31.4,1.9,1.3,0,-38.845008416418494,24.625,24.625,2025-06-21 17:41:46
136.7,0,6.0,144.3,0,1.4,6.6,60,215.2,0.4,3.2,883.6,31.4,1.9,1.3,0,-38.845008416418494,24.625,24.625,2025-06-21 17:42:33
131.4,0,4.7,148.8,0,1.2,5.2,60.03,215.1,0.3,3.2,883.6,31.3,1.9,1.3,0,-38.845008416418494,24.562,24.625,2025-06-21 17:42:49
134.4,0,3.1,148.8,0,1.0,3.6,60.02,215.2,0.3,3.2,883.6,31.3,1.9,1.3,0,-38.845008416418494,24.562,24.562,2025-06-21 17:43:36
137.5,0,4.6,150.2,0,1.6,6.0,60.02,214.5,0.3,3.2,883.6,31.3,1.9,1.3,0,-38.845008416418494,24.562,24.562,2025-06-21 17:43:51
133.2,0,3.7,129.9,0,1.2,4.4,59.98,215.5,0.3,3.2,883.6,31.3,1.9,1.3,0,-38.845008416418494,24.562,24.562,2025-06-21 17:44:38
128,0,3.2,133.6,0,1.3,4.1,59.99,215.4,0.3,3.2,883.6,31.3,1.9,1.3,0,-38.845008416418494,24.562,24.562,2025-06-21 17:44:54
121.8,0,1.6,148.1,0,0.8,2.1,60.02,215.5,0.4,3.2,883.6,31.3,1.9,1.3,0,-38.845008416418494,24.562,24.562,2025-06-21 17:45:41
112.2,0,2.0,144.4,0,1.0,2.8,60.02,215.5,0.4,3.2,883.6,31.3,1.9,1.3,0,-38.845008416418494,24.562,24.562,2025-06-21 17:45:56
130.2,0,2.4,123.5,0,1.1,3.6,60.01,215.4,0.4,3.2,883.6,31.2,1.9,1.3,0,-38.845008416418494,24.5,24.562,2025-06-21 17:46:43
131.3,0,1.4,146.4,0,0.7,1.7,59.99,215.3,0.3,3.2,883.6,31.2,1.9,1.3,0,-38.845008416418494,24.562,24.562,2025-06-21 17:46:59
130.4,0,1.2,138.5,0,0.6,1.4,59.97,215.2,0.3,3.2,883.6,31.2,1.9,1.3,0,-38.845008416418494,24.5,24.5,2025-06-21 17:47:45
134.5,0,1.1,135.7,0,0.7,1.6,59.98,215.2,0.3,3.2,883.6,31.2,1.9,1.3,0,-38.845008416418494,24.5,24.562,2025-06-21 17:48:01
135.5,0,1.3,127.6,0,0.7,1.9,60.03,215.3,0.3,3.2,883.6,31.2,1.9,1.3,0,-38.845008416418494,24.5,24.5,2025-06-21 17:48:48
121.1,0,1.3,107.1,0,0.5,1.7,60,215.3,0.4,3.2,883.6,31.2,1.9,1.3,0,-38.845008416418494,24.5,24.5,2025-06-21 17:49:03
123.2,0,0.8,142.3,0,0.6,1.1,59.96,215.2,0.3,3.2,883.6,31.2,1.9,1.3,0,-38.845008416418494,24.5,24.5,2025-06-21 17:49:50
123.8,0,0.6,142,0,0.5,1.1,60,215.2,0.4,3.2,883.6,31.2,1.9,1.3,0,-38.845008416418494,24.5,24.5,2025-06-21 17:50:06
114.4,0,1.1,126.2,0,0.8,1.7,60.01,215.2,0.4,3.2,883.6,31.2,1.9,1.3,0,-38.845008416418494,24.5,24.5,2025-06-21 17:50:53
114.9,0,0.8,137.4,0,0.8,1.7,60,215,0.4,3.2,883.6,31.2,1.9,1.3,0,-38.845008416418494,24.5,24.5,2025-06-21 17:51:08
128.9,0,0.5,137.5,0,0.4,1.0,60.04,215,0.3,3.2,883.6,31.3,1.9,1.3,0,-38.845008416418494,24.5,24.5,2025-06-21 17:51:55
122.6,0,0.3,138.3,0,0.2,0.5,60.02,215,0.4,3.2,883.6,31.3,1.9,1.3,0,-38.845008416418494,24.562,24.562,2025-06-21 17:52:11
131.6,0,0.3,133.2,0,0.3,0.6,60,215.1,0.4,3.2,883.6,31.3,1.9,1.3,0,-38.845008416418494,24.562,24.5,2025-06-21 17:52:58
113.5,0,0.8,107.5,0,0.5,1.2,59.96,215.1,0.4,3.2,883.6,31.3,1.9,1.3,0,-38.845008416418494,24.562,24.562,2025-06-21 17:53:13
133.4,0,0.3,134.5,0,0.3,0.7,60.04,215.2,0.4,3.2,883.6,31.2,1.9,1.3,0,-38.845008416418494,24.562,24.5,2025-06-21 17:54:00
136.5,0,0.4,134.2,0,0.3,0.7,60.01,215.1,0.4,3.2,883.6,31.2,1.9,1.3,0,-38.845008416418494,24.562,24.625,2025-06-21 17:54:16
110.3,0,0.5,102.7,0,0.4,0.8,60,215.1,0.4,3.2,883.6,31.2,1.9,1.3,0,-38.845008416418494,24.562,24.5,2025-06-21 17:55:03
136.1,0,1.0,117.6,0,0.6,1.2,60.03,215,0.4,3.2,883.6,31.2,1.9,1.3,0,-38.845008416418494,24.625,24.625,2025-06-21 17:55:18
133.8,0,0.6,132.2,0,0.3,0.6,60.02,215.1,0.3,3.2,883.6,31.1,1.9,1.3,0,-38.845008416418494,24.562,24.5,2025-06-21 17:56:05
131.9,0,1.3,127.3,0,1.0,2.4,60.05,215.3,0.3,3.2,883.6,31.1,1.9,1.3,0,-38.845008416418494,24.625,24.625,2025-06-21 17:56:21
128.6,0,0.9,127.5,0,0.8,1.5,59.97,215.3,0.3,3.2,883.6,31.1,1.9,1.3,0,-38.845008416418494,24.625,24.5,2025-06-21 17:57:08
121.9,0,0.6,113.2,0,0.5,1.1,59.99,215.3,0.3,3.2,883.6,31.1,1.9,1.3,0,-38.845008416418494,24.625,24.625,2025-06-21 17:57:23
130.4,0,0.2,127.7,0,0.2,0.6,59.97,215.3,0.3,3.2,883.6,31.1,1.9,1.3,0,-38.845008416418494,24.562,24.5,2025-06-21 17:58:10
135,0,0.3,129.7,0,0.3,0.6,59.97,215.3,0.4,3.2,883.6,31.1,1.9,1.3,0,-38.845008416418494,24.562,24.562,2025-06-21 17:58:26
104.6,0,0.5,104.7,0,0.4,1.0,59.99,215.2,0.4,3.2,883.6,31.1,1.9,1.3,0,-38.845008416418494,24.562,24.437,2025-06-21 17:59:13
96.1,0,0.1,113,0,0.2,0.4,59.99,215.3,0.5,3.2,883.6,31,1.9,1.3,0,-38.845008416418494,24.562,24.562,2025-06-21 17:59:28
